series_code,year,event,circuit_name,session,session_id,car,class,driver_name,driver_id,lap,stint_number,stint_lap,lap_time,lap_time_s1,lap_time_s2,lap_time_s3,pit_time,flags,est_tire_age,air_temp_f,track_temp_f,humidity_percent,raining,race_duration_minutes
elms,2023,Portimao,Autodromo Internacional do Algarve,race,221,19,LMP2 Pro/Am,Alexander Mattschull,alexander mattschull,1,1.0,0,212.957,84.82,58.105,70.032,,SF,0,,,,,243
elms,2023,Portimao,Autodromo Internacional do Algarve,race,221,19,LMP2 Pro/Am,Alexander Mattschull,alexander mattschull,2,1.0,1,213.057,62.016,61.618,89.423,,RF,0,,,,,243
elms,2023,Portimao,Autodromo Internacional do Algarve,race,221,19,LMP2 Pro/Am,Alexander Mattschull,alexander mattschull,3,1.0,2,2768.225,2646.175,59.075,62.975,,SF,0,,,,,243
elms,2023,Portimao,Autodromo Internacional do Algarve,race,221,19,LMP2 Pro/Am,Alexander Mattschull,alexander mattschull,4,1.0,3,159.994,56.815,46.682,56.497,,SF,0,,,,,243
elms,2023,Portimao,Autodromo Internacional do Algarve,race,221,19,LMP2 Pro/Am,Alexander Mattschull,alexander mattschull,5,1.0,4,155.351,51.253,45.247,58.851,,SF,0,,,,,243
elms,2023,Portimao,Autodromo Internacional do Algarve,race,221,19,LMP2 Pro/Am,Alexander Mattschull,alexander mattschull,6,1.0,5,152.55,48.085,47.347,57.118,,GF,0,,,,,243
elms,2023,Portimao,Autodromo Internacional do Algarve,race,221,19,LMP2 Pro/Am,Alexander Mattschull,alexander mattschull,7,1.0,6,129.635,42.801,41.303,45.531,,GF,1,,,,,243
elms,2023,Portimao,Autodromo Internacional do Algarve,race,221,19,LMP2 Pro/Am,Alexander Mattschull,alexander mattschull,8,1.0,7,125.319,39.494,40.477,45.348,,GF,2,,,,,243
elms,2023,Portimao,Autodromo Internacional do Algarve,race,221,19,LMP2 Pro/Am,Alexander Mattschull,alexander mattschull,9,1.0,8,123.372,38.989,40.234,44.149,,GF,3,,,,,243
elms,2023,Portimao,Autodromo Internacional do Algarve,race,221,19,LMP2 Pro/Am,Alexander Mattschull,alexander mattschull,10,1.0,9,120.865,36.906,39.9,44.059,,GF,4,,,,,243
elms,2023,Portimao,Autodromo Internacional do Algarve,race,221,19,LMP2 Pro/Am,Alexander Mattschull,alexander mattschull,11,1.0,10,119.008,36.876,38.715,43.417,,GF,5,,,,,243
elms,2023,Portimao,Autodromo Internacional do Algarve,race,221,19,LMP2 Pro/Am,Alexander Mattschull,alexander mattschull,12,1.0,11,119.713,37.367,38.735,43.611,,GF,6,,,,,243
elms,2023,Portimao,Autodromo Internacional do Algarve,race,221,19,LMP2 Pro/Am,Alexander Mattschull,alexander mattschull,13,1.0,12,119.885,37.416,38.695,43.774,,GF,7,,,,,243
elms,2023,Portimao,Autodromo Internacional do Algarve,race,221,19,LMP2 Pro/Am,Alexander Mattschull,alexander mattschull,14,1.0,13,118.497,37.06,38.088,43.349,,GF,8,,,,,243
elms,2023,Portimao,Autodromo Internacional do Algarve,race,221,19,LMP2 Pro/Am,Alexander Mattschull,alexander mattschull,15,1.0,14,119.164,37.574,38.401,43.189,,GF,9,,,,,243
elms,2023,Portimao,Autodromo Internacional do Algarve,race,221,19,LMP2 Pro/Am,Alexander Mattschull,alexander mattschull,16,1.0,15,118.042,36.817,37.763,43.462,,GF,10,,,,,243
elms,2023,Portimao,Autodromo Internacional do Algarve,race,221,19,LMP2 Pro/Am,Alexander Mattschull,alexander mattschull,17,1.0,16,121.147,36.817,37.533,46.797,,GF,11,,,,,243
elms,2023,Portimao,Autodromo Internacional do Algarve,race,221,19,LMP2 Pro/Am,Alexander Mattschull,alexander mattschull,18,1.0,17,117.073,36.754,37.384,42.935,,GF,12,,,,,243
elms,2023,Portimao,Autodromo Internacional do Algarve,race,221,19,LMP2 Pro/Am,Alexander Mattschull,alexander mattschull,19,1.0,18,118.246,37.222,38.236,42.788,,GF,13,,,,,243
elms,2023,Portimao,Autodromo Internacional do Algarve,race,221,19,LMP2 Pro/Am,Alexander Mattschull,alexander mattschull,20,1.0,19,117.113,36.401,37.706,43.006,,GF,14,,,,,243
elms,2023,Portimao,Autodromo Internacional do Algarve,race,221,19,LMP2 Pro/Am,Alexander Mattschull,alexander mattschull,21,1.0,20,117.426,36.316,38.246,42.864,,GF,15,,,,,243
elms,2023,Portimao,Autodromo Internacional do Algarve,race,221,19,LMP2 Pro/Am,Alexander Mattschull,alexander mattschull,22,1.0,21,119.808,37.345,38.117,44.346,,GF,16,,,,,243
elms,2023,Portimao,Autodromo Internacional do Algarve,race,221,19,LMP2 Pro/Am,Alexander Mattschull,alexander mattschull,23,1.0,22,116.613,35.881,37.575,43.157,,GF,17,,,,,243
elms,2023,Portimao,Autodromo Internacional do Algarve,race,221,19,LMP2 Pro/Am,Alexander Mattschull,alexander mattschull,24,1.0,23,126.809,36.617,37.573,52.619,,GF,18,,,,,243
elms,2023,Portimao,Autodromo Internacional do Algarve,race,221,19,LMP2 Pro/Am,Tati Calderon,tati calderon,25,2.0,0,211.989,125.579,41.336,45.074,91.059,GF,0,,,,,243
elms,2023,Portimao,Autodromo Internacional do Algarve,race,221,19,LMP2 Pro/Am,Tati Calderon,tati calderon,26,2.0,1,120.752,38.812,38.478,43.462,,GF,0,,,,,243
elms,2023,Portimao,Autodromo Internacional do Algarve,race,221,19,LMP2 Pro/Am,Tati Calderon,tati calderon,27,2.0,2,118.604,37.62,37.794,43.19,,GF,1,,,,,243
elms,2023,Portimao,Autodromo Internacional do Algarve,race,221,19,LMP2 Pro/Am,Tati Calderon,tati calderon,28,2.0,3,118.528,37.695,37.362,43.471,,GF,2,,,,,243
elms,2023,Portimao,Autodromo Internacional do Algarve,race,221,19,LMP2 Pro/Am,Tati Calderon,tati calderon,29,2.0,4,115.058,35.94,36.76,42.358,,GF,3,,,,,243
elms,2023,Portimao,Autodromo Internacional do Algarve,race,221,19,LMP2 Pro/Am,Tati Calderon,tati calderon,30,2.0,5,153.484,54.757,55.867,42.86,,GF,4,,,,,243
elms,2023,Portimao,Autodromo Internacional do Algarve,race,221,19,LMP2 Pro/Am,Tati Calderon,tati calderon,31,2.0,6,115.463,36.18,36.762,42.521,,GF,5,,,,,243
elms,2023,Portimao,Autodromo Internacional do Algarve,race,221,19,LMP2 Pro/Am,Tati Calderon,tati calderon,32,2.0,7,114.619,35.859,36.864,41.896,,GF,6,,,,,243
elms,2023,Portimao,Autodromo Internacional do Algarve,race,221,19,LMP2 Pro/Am,Tati Calderon,tati calderon,33,2.0,8,114.898,36.136,36.75,42.012,,GF,7,,,,,243
elms,2023,Portimao,Autodromo Internacional do Algarve,race,221,19,LMP2 Pro/Am,Tati Calderon,tati calderon,34,2.0,9,117.297,36.042,36.768,44.487,,GF,8,,,,,243
elms,2023,Portimao,Autodromo Internacional do Algarve,race,221,19,LMP2 Pro/Am,Tati Calderon,tati calderon,35,2.0,10,114.929,35.889,37.08,41.96,,GF,9,,,,,243
elms,2023,Portimao,Autodromo Internacional do Algarve,race,221,19,LMP2 Pro/Am,Tati Calderon,tati calderon,36,2.0,11,115.491,35.628,36.819,43.044,,GF,10,,,,,243
elms,2023,Portimao,Autodromo Internacional do Algarve,race,221,19,LMP2 Pro/Am,Tati Calderon,tati calderon,37,2.0,12,114.69,35.765,36.648,42.277,,GF,11,,,,,243
elms,2023,Portimao,Autodromo Internacional do Algarve,race,221,19,LMP2 Pro/Am,Tati Calderon,tati calderon,38,2.0,13,113.253,35.702,36.326,41.225,,GF,12,,,,,243
elms,2023,Portimao,Autodromo Internacional do Algarve,race,221,19,LMP2 Pro/Am,Tati Calderon,tati calderon,39,2.0,14,115.125,35.462,36.451,43.212,,GF,13,,,,,243
elms,2023,Portimao,Autodromo Internacional do Algarve,race,221,19,LMP2 Pro/Am,Tati Calderon,tati calderon,40,2.0,15,113.397,35.627,36.13,41.64,,GF,14,,,,,243
elms,2023,Portimao,Autodromo Internacional do Algarve,race,221,19,LMP2 Pro/Am,Tati Calderon,tati calderon,41,2.0,16,112.626,35.375,36.148,41.103,,GF,15,,,,,243
elms,2023,Portimao,Autodromo Internacional do Algarve,race,221,19,LMP2 Pro/Am,Tati Calderon,tati calderon,42,2.0,17,111.907,34.846,35.912,41.149,,GF,16,,,,,243
elms,2023,Portimao,Autodromo Internacional do Algarve,race,221,19,LMP2 Pro/Am,Tati Calderon,tati calderon,43,2.0,18,113.768,35.59,36.491,41.687,,GF,17,,,,,243
elms,2023,Portimao,Autodromo Internacional do Algarve,race,221,19,LMP2 Pro/Am,Tati Calderon,tati calderon,44,2.0,19,125.297,35.192,39.831,50.274,,GF,18,,,,,243
elms,2023,Portimao,Autodromo Internacional do Algarve,race,221,19,LMP2 Pro/Am,Tati Calderon,tati calderon,45,2.0,20,1091.192,975.366,54.54,61.286,929.978,GF,0,,,,,243
elms,2023,Portimao,Autodromo Internacional do Algarve,race,221,19,LMP2 Pro/Am,Tati Calderon,tati calderon,46,2.0,21,1064.847,977.696,42.324,44.827,941.34,SF,0,,,,,243
elms,2023,Portimao,Autodromo Internacional do Algarve,race,221,19,LMP2 Pro/Am,Tati Calderon,tati calderon,47,2.0,22,119.22,37.961,38.946,42.313,,GF,0,,,,,243
elms,2023,Portimao,Autodromo Internacional do Algarve,race,221,19,LMP2 Pro/Am,Tati Calderon,tati calderon,48,2.0,23,113.91,35.531,37.836,40.543,,GF,1,,,,,243
elms,2023,Portimao,Autodromo Internacional do Algarve,race,221,19,LMP2 Pro/Am,Tati Calderon,tati calderon,49,2.0,24,112.359,36.673,37.008,38.678,,GF,2,,,,,243
elms,2023,Portimao,Autodromo Internacional do Algarve,race,221,19,LMP2 Pro/Am,Tati Calderon,tati calderon,50,2.0,25,113.781,34.103,34.832,44.846,,GF,3,,,,,243
elms,2023,Portimao,Autodromo Internacional do Algarve,race,221,19,LMP2 Pro/Am,Ian RODRIGUEZ,ian rodriguez,51,3.0,0,167.436,94.096,35.199,38.141,63.124,GF,0,,,,,243
elms,2023,Portimao,Autodromo Internacional do Algarve,race,221,19,LMP2 Pro/Am,Ian RODRIGUEZ,ian rodriguez,52,3.0,1,104.053,32.643,34.392,37.018,,GF,0,,,,,243
elms,2023,Portimao,Autodromo Internacional do Algarve,race,221,19,LMP2 Pro/Am,Ian RODRIGUEZ,ian rodriguez,53,3.0,2,100.291,31.609,32.694,35.988,,GF,1,,,,,243
elms,2023,Portimao,Autodromo Internacional do Algarve,race,221,19,LMP2 Pro/Am,Ian RODRIGUEZ,ian rodriguez,54,3.0,3,108.242,34.356,35.35,38.536,,GF,2,,,,,243
elms,2023,Portimao,Autodromo Internacional do Algarve,race,221,19,LMP2 Pro/Am,Ian RODRIGUEZ,ian rodriguez,55,3.0,4,100.224,31.228,32.982,36.014,,GF,3,,,,,243
elms,2023,Portimao,Autodromo Internacional do Algarve,race,221,19,LMP2 Pro/Am,Ian RODRIGUEZ,ian rodriguez,56,3.0,5,98.752,30.877,32.175,35.7,,GF,4,,,,,243
elms,2023,Portimao,Autodromo Internacional do Algarve,race,221,19,LMP2 Pro/Am,Ian RODRIGUEZ,ian rodriguez,57,3.0,6,102.811,31.817,33.075,37.919,,GF,5,,,,,243
elms,2023,Portimao,Autodromo Internacional do Algarve,race,221,19,LMP2 Pro/Am,Ian RODRIGUEZ,ian rodriguez,58,3.0,7,103.614,32.27,33.191,38.153,,GF,6,,,,,243
elms,2023,Portimao,Autodromo Internacional do Algarve,race,221,19,LMP2 Pro/Am,Ian RODRIGUEZ,ian rodriguez,59,3.0,8,99.662,31.172,32.543,35.947,,GF,7,,,,,243
elms,2023,Portimao,Autodromo Internacional do Algarve,race,221,19,LMP2 Pro/Am,Ian RODRIGUEZ,ian rodriguez,60,3.0,9,97.795,30.86,31.91,35.025,,GF,8,,,,,243
elms,2023,Portimao,Autodromo Internacional do Algarve,race,221,19,LMP2 Pro/Am,Ian RODRIGUEZ,ian rodriguez,61,3.0,10,96.521,30.26,31.417,34.844,,GF,9,,,,,243
elms,2023,Portimao,Autodromo Internacional do Algarve,race,221,19,LMP2 Pro/Am,Ian RODRIGUEZ,ian rodriguez,62,3.0,11,97.003,30.134,31.371,35.498,,GF,10,,,,,243
elms,2023,Portimao,Autodromo Internacional do Algarve,race,221,19,LMP2 Pro/Am,Ian RODRIGUEZ,ian rodriguez,63,3.0,12,98.282,31.839,31.276,35.167,,GF,11,,,,,243
elms,2023,Portimao,Autodromo Internacional do Algarve,race,221,19,LMP2 Pro/Am,Ian RODRIGUEZ,ian rodriguez,64,3.0,13,97.591,30.209,31.879,35.503,,GF,12,,,,,243
elms,2023,Portimao,Autodromo Internacional do Algarve,race,221,19,LMP2 Pro/Am,Ian RODRIGUEZ,ian rodriguez,65,3.0,14,97.507,30.171,32.126,35.21,,GF,13,,,,,243
elms,2023,Portimao,Autodromo Internacional do Algarve,race,221,19,LMP2 Pro/Am,Ian RODRIGUEZ,ian rodriguez,66,3.0,15,152.745,31.579,47.028,74.138,,FCY,14,,,,,243
elms,2023,Portimao,Autodromo Internacional do Algarve,race,221,19,LMP2 Pro/Am,Ian RODRIGUEZ,ian rodriguez,67,3.0,16,120.363,52.415,32.994,34.954,,GF,14,,,,,243
elms,2023,Portimao,Autodromo Internacional do Algarve,race,221,19,LMP2 Pro/Am,Ian RODRIGUEZ,ian rodriguez,68,3.0,17,97.474,30.269,31.771,35.434,,GF,15,,,,,243
elms,2023,Portimao,Autodromo Internacional do Algarve,race,221,19,LMP2 Pro/Am,Ian RODRIGUEZ,ian rodriguez,69,3.0,18,96.763,30.503,31.124,35.136,,GF,16,,,,,243
elms,2023,Portimao,Autodromo Internacional do Algarve,race,221,19,LMP2 Pro/Am,Ian RODRIGUEZ,ian rodriguez,70,3.0,19,96.75,30.16,31.486,35.104,,GF,17,,,,,243
elms,2023,Portimao,Autodromo Internacional do Algarve,race,221,19,LMP2 Pro/Am,Ian RODRIGUEZ,ian rodriguez,71,3.0,20,104.82,30.97,32.426,41.424,,GF,18,,,,,243
elms,2023,Portimao,Autodromo Internacional do Algarve,race,221,19,LMP2 Pro/Am,Ian RODRIGUEZ,ian rodriguez,72,3.0,21,238.359,103.403,60.835,74.121,54.32,FCY,0,,,,,243
elms,2023,Portimao,Autodromo Internacional do Algarve,race,221,19,LMP2 Pro/Am,Ian RODRIGUEZ,ian rodriguez,73,3.0,22,208.193,72.817,61.062,74.314,,FCY,0,,,,,243
elms,2023,Portimao,Autodromo Internacional do Algarve,race,221,19,LMP2 Pro/Am,Ian RODRIGUEZ,ian rodriguez,74,3.0,23,126.327,58.268,32.6,35.459,,GF,0,,,,,243
elms,2023,Portimao,Autodromo Internacional do Algarve,race,221,19,LMP2 Pro/Am,Ian RODRIGUEZ,ian rodriguez,75,3.0,24,97.49,30.217,31.379,35.894,,GF,1,,,,,243
elms,2023,Portimao,Autodromo Internacional do Algarve,race,221,19,LMP2 Pro/Am,Ian RODRIGUEZ,ian rodriguez,76,3.0,25,96.166,30.044,31.051,35.071,,GF,2,,,,,243
elms,2023,Portimao,Autodromo Internacional do Algarve,race,221,19,LMP2 Pro/Am,Ian RODRIGUEZ,ian rodriguez,77,3.0,26,95.854,29.935,31.032,34.887,,GF,3,,,,,243
elms,2023,Portimao,Autodromo Internacional do Algarve,race,221,19,LMP2 Pro/Am,Ian RODRIGUEZ,ian rodriguez,78,3.0,27,97.618,31.487,31.444,34.687,,GF,4,,,,,243
elms,2023,Portimao,Autodromo Internacional do Algarve,race,221,19,LMP2 Pro/Am,Ian RODRIGUEZ,ian rodriguez,79,3.0,28,125.692,32.236,32.098,61.358,,FCY,5,,,,,243
elms,2023,Portimao,Autodromo Internacional do Algarve,race,221,19,LMP2 Pro/Am,Ian RODRIGUEZ,ian rodriguez,80,3.0,29,147.98,72.305,39.942,35.733,,GF,5,,,,,243
elms,2023,Portimao,Autodromo Internacional do Algarve,race,221,19,LMP2 Pro/Am,Ian RODRIGUEZ,ian rodriguez,81,3.0,30,97.967,31.778,31.389,34.8,,GF,6,,,,,243
elms,2023,Portimao,Autodromo Internacional do Algarve,race,221,19,LMP2 Pro/Am,Ian RODRIGUEZ,ian rodriguez,82,3.0,31,97.304,30.199,31.982,35.123,,FF,7,,,,,243
elms,2023,Portimao,Autodromo Internacional do Algarve,race,221,20,LMP2 Pro/Am,Fred Poordad,fred poordad,1,1.0,0,214.91,87.05,57.796,70.064,,SF,0,,,,,243
elms,2023,Portimao,Autodromo Internacional do Algarve,race,221,20,LMP2 Pro/Am,Fred Poordad,fred poordad,2,1.0,1,214.479,62.053,61.695,90.731,,RF,0,,,,,243
elms,2023,Portimao,Autodromo Internacional do Algarve,race,221,20,LMP2 Pro/Am,Fred Poordad,fred poordad,3,1.0,2,2766.909,2644.755,58.78,63.374,,SF,0,,,,,243
elms,2023,Portimao,Autodromo Internacional do Algarve,race,221,20,LMP2 Pro/Am,Fred Poordad,fred poordad,4,1.0,3,159.652,57.232,48.384,54.036,,SF,0,,,,,243
elms,2023,Portimao,Autodromo Internacional do Algarve,race,221,20,LMP2 Pro/Am,Fred Poordad,fred poordad,5,1.0,4,154.659,50.833,46.274,57.552,,SF,0,,,,,243
elms,2023,Portimao,Autodromo Internacional do Algarve,race,221,20,LMP2 Pro/Am,Fred Poordad,fred poordad,6,1.0,5,152.754,48.725,47.784,56.245,,GF,0,,,,,243
elms,2023,Portimao,Autodromo Internacional do Algarve,race,221,20,LMP2 Pro/Am,Fred Poordad,fred poordad,7,1.0,6,136.324,44.169,44.86,47.295,,GF,1,,,,,243
elms,2023,Portimao,Autodromo Internacional do Algarve,race,221,20,LMP2 Pro/Am,Fred Poordad,fred poordad,8,1.0,7,144.954,40.381,43.54,61.033,,GF,2,,,,,243
elms,2023,Portimao,Autodromo Internacional do Algarve,race,221,20,LMP2 Pro/Am,Fred Poordad,fred poordad,9,1.0,8,125.629,39.76,40.465,45.404,,GF,3,,,,,243
elms,2023,Portimao,Autodromo Internacional do Algarve,race,221,20,LMP2 Pro/Am,Fred Poordad,fred poordad,10,1.0,9,125.541,40.084,40.42,45.037,,GF,4,,,,,243
elms,2023,Portimao,Autodromo Internacional do Algarve,race,221,20,LMP2 Pro/Am,Fred Poordad,fred poordad,11,1.0,10,125.238,39.692,40.517,45.029,,GF,5,,,,,243
elms,2023,Portimao,Autodromo Internacional do Algarve,race,221,20,LMP2 Pro/Am,Fred Poordad,fred poordad,12,1.0,11,123.837,39.644,39.654,44.539,,GF,6,,,,,243
elms,2023,Portimao,Autodromo Internacional do Algarve,race,221,20,LMP2 Pro/Am,Fred Poordad,fred poordad,13,1.0,12,124.088,39.172,40.197,44.719,,GF,7,,,,,243
elms,2023,Portimao,Autodromo Internacional do Algarve,race,221,20,LMP2 Pro/Am,Fred Poordad,fred poordad,14,1.0,13,124.55,38.153,40.842,45.555,,GF,8,,,,,243
elms,2023,Portimao,Autodromo Internacional do Algarve,race,221,20,LMP2 Pro/Am,Fred Poordad,fred poordad,15,1.0,14,122.247,38.496,39.091,44.66,,GF,9,,,,,243
elms,2023,Portimao,Autodromo Internacional do Algarve,race,221,20,LMP2 Pro/Am,Fred Poordad,fred poordad,16,1.0,15,121.0,38.182,38.696,44.122,,GF,10,,,,,243
elms,2023,Portimao,Autodromo Internacional do Algarve,race,221,20,LMP2 Pro/Am,Fred Poordad,fred poordad,17,1.0,16,121.133,38.123,39.137,43.873,,GF,11,,,,,243
elms,2023,Portimao,Autodromo Internacional do Algarve,race,221,20,LMP2 Pro/Am,Fred Poordad,fred poordad,18,1.0,17,121.225,37.897,38.957,44.371,,GF,12,,,,,243
elms,2023,Portimao,Autodromo Internacional do Algarve,race,221,20,LMP2 Pro/Am,Fred Poordad,fred poordad,19,1.0,18,122.388,38.039,39.318,45.031,,GF,13,,,,,243
elms,2023,Portimao,Autodromo Internacional do Algarve,race,221,20,LMP2 Pro/Am,Fred Poordad,fred poordad,20,1.0,19,122.147,38.859,39.116,44.172,,GF,14,,,,,243
elms,2023,Portimao,Autodromo Internacional do Algarve,race,221,20,LMP2 Pro/Am,Fred Poordad,fred poordad,21,1.0,20,122.03,37.959,38.591,45.48,,GF,15,,,,,243
elms,2023,Portimao,Autodromo Internacional do Algarve,race,221,20,LMP2 Pro/Am,Fred Poordad,fred poordad,22,1.0,21,119.884,37.735,37.515,44.634,,GF,16,,,,,243
elms,2023,Portimao,Autodromo Internacional do Algarve,race,221,20,LMP2 Pro/Am,Fred Poordad,fred poordad,23,1.0,22,127.048,37.612,38.052,51.384,,GF,17,,,,,243
elms,2023,Portimao,Autodromo Internacional do Algarve,race,221,20,LMP2 Pro/Am,Jack Hawksworth,jack hawksworth,24,2.0,0,200.398,119.342,38.49,42.566,87.221,GF,0,,,,,243
elms,2023,Portimao,Autodromo Internacional do Algarve,race,221,20,LMP2 Pro/Am,Jack Hawksworth,jack hawksworth,25,2.0,1,115.537,36.319,37.576,41.642,,GF,0,,,,,243
elms,2023,Portimao,Autodromo Internacional do Algarve,race,221,20,LMP2 Pro/Am,Jack Hawksworth,jack hawksworth,26,2.0,2,116.02,36.204,37.558,42.258,,GF,1,,,,,243
elms,2023,Portimao,Autodromo Internacional do Algarve,race,221,20,LMP2 Pro/Am,Jack Hawksworth,jack hawksworth,27,2.0,3,114.787,36.076,37.12,41.591,,GF,2,,,,,243
elms,2023,Portimao,Autodromo Internacional do Algarve,race,221,20,LMP2 Pro/Am,Jack Hawksworth,jack hawksworth,28,2.0,4,113.446,35.401,37.005,41.04,,GF,3,,,,,243
elms,2023,Portimao,Autodromo Internacional do Algarve,race,221,20,LMP2 Pro/Am,Jack Hawksworth,jack hawksworth,29,2.0,5,149.07,35.387,38.072,75.611,,FCY,4,,,,,243
elms,2023,Portimao,Autodromo Internacional do Algarve,race,221,20,LMP2 Pro/Am,Jack Hawksworth,jack hawksworth,30,2.0,6,128.227,49.543,37.323,41.361,,GF,4,,,,,243
elms,2023,Portimao,Autodromo Internacional do Algarve,race,221,20,LMP2 Pro/Am,Jack Hawksworth,jack hawksworth,31,2.0,7,113.203,35.782,36.545,40.876,,GF,5,,,,,243
elms,2023,Portimao,Autodromo Internacional do Algarve,race,221,20,LMP2 Pro/Am,Jack Hawksworth,jack hawksworth,32,2.0,8,113.369,35.238,36.353,41.778,,GF,6,,,,,243
elms,2023,Portimao,Autodromo Internacional do Algarve,race,221,20,LMP2 Pro/Am,Jack Hawksworth,jack hawksworth,33,2.0,9,112.314,35.349,35.989,40.976,,GF,7,,,,,243
elms,2023,Portimao,Autodromo Internacional do Algarve,race,221,20,LMP2 Pro/Am,Jack Hawksworth,jack hawksworth,34,2.0,10,112.15,35.388,35.944,40.818,,GF,8,,,,,243
elms,2023,Portimao,Autodromo Internacional do Algarve,race,221,20,LMP2 Pro/Am,Jack Hawksworth,jack hawksworth,35,2.0,11,112.083,35.17,35.75,41.163,,GF,9,,,,,243
elms,2023,Portimao,Autodromo Internacional do Algarve,race,221,20,LMP2 Pro/Am,Jack Hawksworth,jack hawksworth,36,2.0,12,116.249,39.384,36.201,40.664,,GF,10,,,,,243
elms,2023,Portimao,Autodromo Internacional do Algarve,race,221,20,LMP2 Pro/Am,Jack Hawksworth,jack hawksworth,37,2.0,13,111.361,34.901,35.908,40.552,,GF,11,,,,,243
elms,2023,Portimao,Autodromo Internacional do Algarve,race,221,20,LMP2 Pro/Am,Jack Hawksworth,jack hawksworth,38,2.0,14,111.528,34.921,36.013,40.594,,GF,12,,,,,243
elms,2023,Portimao,Autodromo Internacional do Algarve,race,221,20,LMP2 Pro/Am,Jack Hawksworth,jack hawksworth,39,2.0,15,111.427,34.74,35.721,40.966,,GF,13,,,,,243
elms,2023,Portimao,Autodromo Internacional do Algarve,race,221,20,LMP2 Pro/Am,Jack Hawksworth,jack hawksworth,40,2.0,16,110.79,34.825,35.572,40.393,,GF,14,,,,,243
elms,2023,Portimao,Autodromo Internacional do Algarve,race,221,20,LMP2 Pro/Am,Jack Hawksworth,jack hawksworth,41,2.0,17,110.176,34.657,35.334,40.185,,GF,15,,,,,243
elms,2023,Portimao,Autodromo Internacional do Algarve,race,221,20,LMP2 Pro/Am,Jack Hawksworth,jack hawksworth,42,2.0,18,111.211,34.634,35.823,40.754,,GF,16,,,,,243
elms,2023,Portimao,Autodromo Internacional do Algarve,race,221,20,LMP2 Pro/Am,Jack Hawksworth,jack hawksworth,43,2.0,19,110.599,34.684,35.392,40.523,,GF,17,,,,,243
elms,2023,Portimao,Autodromo Internacional do Algarve,race,221,20,LMP2 Pro/Am,Jack Hawksworth,jack hawksworth,44,2.0,20,109.37,34.136,35.166,40.068,,GF,18,,,,,243
elms,2023,Portimao,Autodromo Internacional do Algarve,race,221,20,LMP2 Pro/Am,Jack Hawksworth,jack hawksworth,45,2.0,21,110.059,34.739,35.201,40.119,,GF,19,,,,,243
elms,2023,Portimao,Autodromo Internacional do Algarve,race,221,20,LMP2 Pro/Am,Jack Hawksworth,jack hawksworth,46,2.0,22,110.041,34.869,35.558,39.614,,GF,20,,,,,243
elms,2023,Portimao,Autodromo Internacional do Algarve,race,221,20,LMP2 Pro/Am,Jack Hawksworth,jack hawksworth,47,2.0,23,109.575,35.213,34.778,39.584,,GF,21,,,,,243
elms,2023,Portimao,Autodromo Internacional do Algarve,race,221,20,LMP2 Pro/Am,Jack Hawksworth,jack hawksworth,48,2.0,24,109.086,34.939,34.672,39.475,,GF,22,,,,,243
elms,2023,Portimao,Autodromo Internacional do Algarve,race,221,20,LMP2 Pro/Am,Jack Hawksworth,jack hawksworth,49,2.0,25,114.268,34.247,34.585,45.436,,GF,23,,,,,243
elms,2023,Portimao,Autodromo Internacional do Algarve,race,221,20,LMP2 Pro/Am,Jack Hawksworth,jack hawksworth,50,2.0,26,179.652,104.946,35.32,39.386,76.914,GF,0,,,,,243
elms,2023,Portimao,Autodromo Internacional do Algarve,race,221,20,LMP2 Pro/Am,Jack Hawksworth,jack hawksworth,51,2.0,27,107.25,33.95,34.326,38.974,,GF,0,,,,,243
elms,2023,Portimao,Autodromo Internacional do Algarve,race,221,20,LMP2 Pro/Am,Jack Hawksworth,jack hawksworth,52,2.0,28,117.124,40.205,36.691,40.228,,GF,1,,,,,243
elms,2023,Portimao,Autodromo Internacional do Algarve,race,221,20,LMP2 Pro/Am,Jack Hawksworth,jack hawksworth,53,2.0,29,111.147,34.852,36.177,40.118,,GF,2,,,,,243
elms,2023,Portimao,Autodromo Internacional do Algarve,race,221,20,LMP2 Pro/Am,Jack Hawksworth,jack hawksworth,54,2.0,30,116.747,34.967,35.243,46.537,,GF,3,,,,,243
elms,2023,Portimao,Autodromo Internacional do Algarve,race,221,20,LMP2 Pro/Am,Tristan Vautier,tristan vautier,55,3.0,0,279.444,150.641,62.019,66.784,99.183,SF,0,,,,,243
elms,2023,Portimao,Autodromo Internacional do Algarve,race,221,20,LMP2 Pro/Am,Tristan Vautier,tristan vautier,56,3.0,1,196.943,65.169,53.579,78.195,,SF,0,,,,,243
elms,2023,Portimao,Autodromo Internacional do Algarve,race,221,20,LMP2 Pro/Am,Tristan Vautier,tristan vautier,57,3.0,2,124.963,44.793,38.819,41.351,,SF,0,,,,,243
elms,2023,Portimao,Autodromo Internacional do Algarve,race,221,20,LMP2 Pro/Am,Tristan Vautier,tristan vautier,58,3.0,3,113.388,35.922,37.239,40.227,,SF,0,,,,,243
elms,2023,Portimao,Autodromo Internacional do Algarve,race,221,20,LMP2 Pro/Am,Tristan Vautier,tristan vautier,59,3.0,4,150.416,44.024,46.608,59.784,,SF,0,,,,,243
elms,2023,Portimao,Autodromo Internacional do Algarve,race,221,20,LMP2 Pro/Am,Tristan Vautier,tristan vautier,60,3.0,5,133.98,45.96,41.577,46.443,,GF,0,,,,,243
elms,2023,Portimao,Autodromo Internacional do Algarve,race,221,20,LMP2 Pro/Am,Tristan Vautier,tristan vautier,61,3.0,6,113.684,38.157,36.389,39.138,,GF,1,,,,,243
elms,2023,Portimao,Autodromo Internacional do Algarve,race,221,20,LMP2 Pro/Am,Tristan Vautier,tristan vautier,62,3.0,7,111.86,37.586,35.353,38.921,,GF,2,,,,,243
elms,2023,Portimao,Autodromo Internacional do Algarve,race,221,20,LMP2 Pro/Am,Tristan Vautier,tristan vautier,63,3.0,8,107.543,35.296,34.762,37.485,,GF,3,,,,,243
elms,2023,Portimao,Autodromo Internacional do Algarve,race,221,20,LMP2 Pro/Am,Tristan Vautier,tristan vautier,64,3.0,9,108.784,35.474,34.387,38.923,,GF,4,,,,,243
elms,2023,Portimao,Autodromo Internacional do Algarve,race,221,20,LMP2 Pro/Am,Tristan Vautier,tristan vautier,65,3.0,10,106.12,33.412,35.188,37.52,,GF,5,,,,,243
elms,2023,Portimao,Autodromo Internacional do Algarve,race,221,20,LMP2 Pro/Am,Tristan Vautier,tristan vautier,66,3.0,11,105.033,33.795,34.457,36.781,,GF,6,,,,,243
elms,2023,Portimao,Autodromo Internacional do Algarve,race,221,20,LMP2 Pro/Am,Tristan Vautier,tristan vautier,67,3.0,12,102.747,33.071,32.978,36.698,,GF,7,,,,,243
elms,2023,Portimao,Autodromo Internacional do Algarve,race,221,20,LMP2 Pro/Am,Tristan Vautier,tristan vautier,68,3.0,13,102.229,31.128,34.191,36.91,,GF,8,,,,,243
elms,2023,Portimao,Autodromo Internacional do Algarve,race,221,20,LMP2 Pro/Am,Tristan Vautier,tristan vautier,69,3.0,14,100.075,31.482,32.58,36.013,,GF,9,,,,,243
elms,2023,Portimao,Autodromo Internacional do Algarve,race,221,20,LMP2 Pro/Am,Tristan Vautier,tristan vautier,70,3.0,15,98.707,31.147,32.314,35.246,,GF,10,,,,,243
elms,2023,Portimao,Autodromo Internacional do Algarve,race,221,20,LMP2 Pro/Am,Tristan Vautier,tristan vautier,71,3.0,16,100.376,32.606,32.464,35.306,,GF,11,,,,,243
elms,2023,Portimao,Autodromo Internacional do Algarve,race,221,20,LMP2 Pro/Am,Tristan Vautier,tristan vautier,72,3.0,17,98.43,30.862,32.141,35.427,,GF,12,,,,,243
elms,2023,Portimao,Autodromo Internacional do Algarve,race,221,20,LMP2 Pro/Am,Tristan Vautier,tristan vautier,73,3.0,18,98.37,30.701,32.293,35.376,,GF,13,,,,,243
elms,2023,Portimao,Autodromo Internacional do Algarve,race,221,20,LMP2 Pro/Am,Tristan Vautier,tristan vautier,74,3.0,19,97.162,30.45,31.502,35.21,,GF,14,,,,,243
elms,2023,Portimao,Autodromo Internacional do Algarve,race,221,20,LMP2 Pro/Am,Tristan Vautier,tristan vautier,75,3.0,20,97.195,30.318,32.008,34.869,,GF,15,,,,,243
elms,2023,Portimao,Autodromo Internacional do Algarve,race,221,20,LMP2 Pro/Am,Tristan Vautier,tristan vautier,76,3.0,21,97.47,30.428,31.978,35.064,,GF,16,,,,,243
elms,2023,Portimao,Autodromo Internacional do Algarve,race,221,20,LMP2 Pro/Am,Tristan Vautier,tristan vautier,77,3.0,22,98.333,30.785,32.044,35.504,,GF,17,,,,,243
elms,2023,Portimao,Autodromo Internacional do Algarve,race,221,20,LMP2 Pro/Am,Tristan Vautier,tristan vautier,78,3.0,23,98.41,30.333,32.097,35.98,,GF,18,,,,,243
elms,2023,Portimao,Autodromo Internacional do Algarve,race,221,20,LMP2 Pro/Am,Tristan Vautier,tristan vautier,79,3.0,24,98.278,30.372,31.969,35.937,,GF,19,,,,,243
elms,2023,Portimao,Autodromo Internacional do Algarve,race,221,20,LMP2 Pro/Am,Tristan Vautier,tristan vautier,80,3.0,25,124.425,32.424,33.697,58.304,,FCY,20,,,,,243
elms,2023,Portimao,Autodromo Internacional do Algarve,race,221,20,LMP2 Pro/Am,Tristan Vautier,tristan vautier,81,3.0,26,153.877,72.182,46.278,35.417,,GF,20,,,,,243
elms,2023,Portimao,Autodromo Internacional do Algarve,race,221,20,LMP2 Pro/Am,Tristan Vautier,tristan vautier,82,3.0,27,104.68,30.592,32.081,42.007,,GF,21,,,,,243
elms,2023,Portimao,Autodromo Internacional do Algarve,race,221,20,LMP2 Pro/Am,Tristan Vautier,tristan vautier,83,3.0,28,167.475,97.395,33.11,36.97,69.277,GF,0,,,,,243
elms,2023,Portimao,Autodromo Internacional do Algarve,race,221,20,LMP2 Pro/Am,Tristan Vautier,tristan vautier,84,3.0,29,97.472,30.626,31.506,35.34,,GF,0,,,,,243
elms,2023,Portimao,Autodromo Internacional do Algarve,race,221,20,LMP2 Pro/Am,Tristan Vautier,tristan vautier,85,3.0,30,98.813,30.794,32.462,35.557,,GF,1,,,,,243
elms,2023,Portimao,Autodromo Internacional do Algarve,race,221,20,LMP2 Pro/Am,Tristan Vautier,tristan vautier,86,3.0,31,177.224,43.151,60.462,73.611,,FCY,2,,,,,243
elms,2023,Portimao,Autodromo Internacional do Algarve,race,221,20,LMP2 Pro/Am,Tristan Vautier,tristan vautier,87,3.0,32,207.097,72.098,61.074,73.925,,FCY,2,,,,,243
elms,2023,Portimao,Autodromo Internacional do Algarve,race,221,20,LMP2 Pro/Am,Tristan Vautier,tristan vautier,88,3.0,33,143.085,71.682,34.54,36.863,,GF,2,,,,,243
elms,2023,Portimao,Autodromo Internacional do Algarve,race,221,20,LMP2 Pro/Am,Tristan Vautier,tristan vautier,89,3.0,34,98.225,30.974,31.911,35.34,,GF,3,,,,,243
elms,2023,Portimao,Autodromo Internacional do Algarve,race,221,20,LMP2 Pro/Am,Tristan Vautier,tristan vautier,90,3.0,35,98.203,30.502,31.816,35.885,,GF,4,,,,,243
elms,2023,Portimao,Autodromo Internacional do Algarve,race,221,20,LMP2 Pro/Am,Tristan Vautier,tristan vautier,91,3.0,36,97.387,30.56,31.78,35.047,,GF,5,,,,,243
elms,2023,Portimao,Autodromo Internacional do Algarve,race,221,20,LMP2 Pro/Am,Tristan Vautier,tristan vautier,92,3.0,37,98.084,30.898,32.229,34.957,,GF,6,,,,,243
elms,2023,Portimao,Autodromo Internacional do Algarve,race,221,20,LMP2 Pro/Am,Tristan Vautier,tristan vautier,93,3.0,38,124.229,33.347,32.28,58.602,,FCY,7,,,,,243
elms,2023,Portimao,Autodromo Internacional do Algarve,race,221,20,LMP2 Pro/Am,Tristan Vautier,tristan vautier,94,3.0,39,156.127,72.967,45.721,37.439,,GF,7,,,,,243
elms,2023,Portimao,Autodromo Internacional do Algarve,race,221,20,LMP2 Pro/Am,Tristan Vautier,tristan vautier,95,3.0,40,98.525,31.014,31.627,35.884,,GF,8,,,,,243
elms,2023,Portimao,Autodromo Internacional do Algarve,race,221,20,LMP2 Pro/Am,Tristan Vautier,tristan vautier,96,3.0,41,98.941,30.805,32.001,36.135,,FF,9,,,,,243
elms,2023,Portimao,Autodromo Internacional do Algarve,race,221,21,LMP2 Pro/Am,Daniel Schneider,daniel schneider,1,1.0,0,221.252,93.443,57.727,70.082,,SF,0,,,,,243
elms,2023,Portimao,Autodromo Internacional do Algarve,race,221,21,LMP2 Pro/Am,Daniel Schneider,daniel schneider,2,1.0,1,217.256,63.018,65.254,88.984,,RF,0,,,,,243
elms,2023,Portimao,Autodromo Internacional do Algarve,race,221,21,LMP2 Pro/Am,Daniel Schneider,daniel schneider,3,1.0,2,2762.489,2645.922,52.586,63.981,,SF,0,,,,,243
elms,2023,Portimao,Autodromo Internacional do Algarve,race,221,21,LMP2 Pro/Am,Daniel Schneider,daniel schneider,4,1.0,3,159.545,56.455,50.862,52.228,,SF,0,,,,,243
elms,2023,Portimao,Autodromo Internacional do Algarve,race,221,21,LMP2 Pro/Am,Daniel Schneider,daniel schneider,5,1.0,4,153.762,50.653,47.496,55.613,,SF,0,,,,,243
elms,2023,Portimao,Autodromo Internacional do Algarve,race,221,21,LMP2 Pro/Am,Daniel Schneider,daniel schneider,6,1.0,5,150.334,50.335,47.721,52.278,,GF,0,,,,,243
elms,2023,Portimao,Autodromo Internacional do Algarve,race,221,21,LMP2 Pro/Am,Daniel Schneider,daniel schneider,7,1.0,6,139.025,43.918,45.236,49.871,,GF,1,,,,,243
elms,2023,Portimao,Autodromo Internacional do Algarve,race,221,21,LMP2 Pro/Am,Daniel Schneider,daniel schneider,8,1.0,7,131.139,41.844,42.738,46.557,,GF,2,,,,,243
elms,2023,Portimao,Autodromo Internacional do Algarve,race,221,21,LMP2 Pro/Am,Daniel Schneider,daniel schneider,9,1.0,8,127.115,39.864,41.424,45.827,,GF,3,,,,,243
elms,2023,Portimao,Autodromo Internacional do Algarve,race,221,21,LMP2 Pro/Am,Daniel Schneider,daniel schneider,10,1.0,9,127.115,39.197,41.224,46.694,,GF,4,,,,,243
elms,2023,Portimao,Autodromo Internacional do Algarve,race,221,21,LMP2 Pro/Am,Daniel Schneider,daniel schneider,11,1.0,10,126.446,38.658,41.256,46.532,,GF,5,,,,,243
elms,2023,Portimao,Autodromo Internacional do Algarve,race,221,21,LMP2 Pro/Am,Daniel Schneider,daniel schneider,12,1.0,11,125.631,39.421,40.154,46.056,,GF,6,,,,,243
elms,2023,Portimao,Autodromo Internacional do Algarve,race,221,21,LMP2 Pro/Am,Daniel Schneider,daniel schneider,13,1.0,12,125.27,38.487,39.741,47.042,,GF,7,,,,,243
elms,2023,Portimao,Autodromo Internacional do Algarve,race,221,21,LMP2 Pro/Am,Daniel Schneider,daniel schneider,14,1.0,13,123.833,39.201,40.039,44.593,,GF,8,,,,,243
elms,2023,Portimao,Autodromo Internacional do Algarve,race,221,21,LMP2 Pro/Am,Daniel Schneider,daniel schneider,15,1.0,14,123.865,38.55,39.772,45.543,,GF,9,,,,,243
elms,2023,Portimao,Autodromo Internacional do Algarve,race,221,21,LMP2 Pro/Am,Daniel Schneider,daniel schneider,16,1.0,15,121.853,38.177,39.474,44.202,,GF,10,,,,,243
elms,2023,Portimao,Autodromo Internacional do Algarve,race,221,21,LMP2 Pro/Am,Daniel Schneider,daniel schneider,17,1.0,16,119.744,37.401,38.771,43.572,,GF,11,,,,,243
elms,2023,Portimao,Autodromo Internacional do Algarve,race,221,21,LMP2 Pro/Am,Daniel Schneider,daniel schneider,18,1.0,17,121.473,37.539,39.735,44.199,,GF,12,,,,,243
elms,2023,Portimao,Autodromo Internacional do Algarve,race,221,21,LMP2 Pro/Am,Daniel Schneider,daniel schneider,19,1.0,18,121.912,38.326,39.464,44.122,,GF,13,,,,,243
elms,2023,Portimao,Autodromo Internacional do Algarve,race,221,21,LMP2 Pro/Am,Daniel Schneider,daniel schneider,20,1.0,19,119.825,37.342,38.857,43.626,,GF,14,,,,,243
elms,2023,Portimao,Autodromo Internacional do Algarve,race,221,21,LMP2 Pro/Am,Daniel Schneider,daniel schneider,21,1.0,20,168.523,81.848,40.856,45.819,,GF,15,,,,,243
elms,2023,Portimao,Autodromo Internacional do Algarve,race,221,21,LMP2 Pro/Am,Daniel Schneider,daniel schneider,22,1.0,21,122.818,38.058,39.872,44.888,,GF,16,,,,,243
elms,2023,Portimao,Autodromo Internacional do Algarve,race,221,21,LMP2 Pro/Am,Daniel Schneider,daniel schneider,23,1.0,22,128.403,37.609,39.185,51.609,,GF,17,,,,,243
elms,2023,Portimao,Autodromo Internacional do Algarve,race,221,21,LMP2 Pro/Am,Andrew Meyrick,andrew meyrick,24,2.0,0,211.042,123.734,41.591,45.717,88.029,GF,0,,,,,243
elms,2023,Portimao,Autodromo Internacional do Algarve,race,221,21,LMP2 Pro/Am,Andrew Meyrick,andrew meyrick,25,2.0,1,121.894,38.337,39.526,44.031,,GF,0,,,,,243
elms,2023,Portimao,Autodromo Internacional do Algarve,race,221,21,LMP2 Pro/Am,Andrew Meyrick,andrew meyrick,26,2.0,2,118.966,37.296,38.152,43.518,,GF,1,,,,,243
elms,2023,Portimao,Autodromo Internacional do Algarve,race,221,21,LMP2 Pro/Am,Andrew Meyrick,andrew meyrick,27,2.0,3,121.156,39.027,39.176,42.953,,GF,2,,,,,243
elms,2023,Portimao,Autodromo Internacional do Algarve,race,221,21,LMP2 Pro/Am,Andrew Meyrick,andrew meyrick,28,2.0,4,123.179,37.449,37.8,47.93,,FCY,3,,,,,243
elms,2023,Portimao,Autodromo Internacional do Algarve,race,221,21,LMP2 Pro/Am,Andrew Meyrick,andrew meyrick,29,2.0,5,155.309,74.001,38.919,42.389,,GF,3,,,,,243
elms,2023,Portimao,Autodromo Internacional do Algarve,race,221,21,LMP2 Pro/Am,Andrew Meyrick,andrew meyrick,30,2.0,6,116.479,36.573,37.301,42.605,,GF,4,,,,,243
elms,2023,Portimao,Autodromo Internacional do Algarve,race,221,21,LMP2 Pro/Am,Andrew Meyrick,andrew meyrick,31,2.0,7,116.26,36.555,37.053,42.652,,GF,5,,,,,243
elms,2023,Portimao,Autodromo Internacional do Algarve,race,221,21,LMP2 Pro/Am,Andrew Meyrick,andrew meyrick,32,2.0,8,113.977,35.87,36.574,41.533,,GF,6,,,,,243
elms,2023,Portimao,Autodromo Internacional do Algarve,race,221,21,LMP2 Pro/Am,Andrew Meyrick,andrew meyrick,33,2.0,9,113.488,35.588,36.45,41.45,,GF,7,,,,,243
elms,2023,Portimao,Autodromo Internacional do Algarve,race,221,21,LMP2 Pro/Am,Andrew Meyrick,andrew meyrick,34,2.0,10,112.92,35.35,36.366,41.204,,GF,8,,,,,243
elms,2023,Portimao,Autodromo Internacional do Algarve,race,221,21,LMP2 Pro/Am,Andrew Meyrick,andrew meyrick,35,2.0,11,114.659,35.677,36.244,42.738,,GF,9,,,,,243
elms,2023,Portimao,Autodromo Internacional do Algarve,race,221,21,LMP2 Pro/Am,Andrew Meyrick,andrew meyrick,36,2.0,12,112.309,35.65,35.679,40.98,,GF,10,,,,,243
elms,2023,Portimao,Autodromo Internacional do Algarve,race,221,21,LMP2 Pro/Am,Andrew Meyrick,andrew meyrick,37,2.0,13,113.073,35.631,36.518,40.924,,GF,11,,,,,243
elms,2023,Portimao,Autodromo Internacional do Algarve,race,221,21,LMP2 Pro/Am,Andrew Meyrick,andrew meyrick,38,2.0,14,113.019,35.225,36.72,41.074,,GF,12,,,,,243
elms,2023,Portimao,Autodromo Internacional do Algarve,race,221,21,LMP2 Pro/Am,Andrew Meyrick,andrew meyrick,39,2.0,15,113.863,35.245,37.021,41.597,,GF,13,,,,,243
elms,2023,Portimao,Autodromo Internacional do Algarve,race,221,21,LMP2 Pro/Am,Andrew Meyrick,andrew meyrick,40,2.0,16,113.566,35.73,36.2,41.636,,GF,14,,,,,243
elms,2023,Portimao,Autodromo Internacional do Algarve,race,221,21,LMP2 Pro/Am,Andrew Meyrick,andrew meyrick,41,2.0,17,111.412,34.978,35.713,40.721,,GF,15,,,,,243
elms,2023,Portimao,Autodromo Internacional do Algarve,race,221,21,LMP2 Pro/Am,Andrew Meyrick,andrew meyrick,42,2.0,18,111.124,34.715,35.249,41.16,,GF,16,,,,,243
elms,2023,Portimao,Autodromo Internacional do Algarve,race,221,21,LMP2 Pro/Am,Andrew Meyrick,andrew meyrick,43,2.0,19,111.766,34.844,35.337,41.585,,GF,17,,,,,243
elms,2023,Portimao,Autodromo Internacional do Algarve,race,221,21,LMP2 Pro/Am,Andrew Meyrick,andrew meyrick,44,2.0,20,111.38,35.115,35.749,40.516,,GF,18,,,,,243
elms,2023,Portimao,Autodromo Internacional do Algarve,race,221,21,LMP2 Pro/Am,Andrew Meyrick,andrew meyrick,45,2.0,21,111.064,34.979,35.901,40.184,,GF,19,,,,,243
elms,2023,Portimao,Autodromo Internacional do Algarve,race,221,21,LMP2 Pro/Am,Andrew Meyrick,andrew meyrick,46,2.0,22,110.137,34.603,34.904,40.63,,GF,20,,,,,243
elms,2023,Portimao,Autodromo Internacional do Algarve,race,221,21,LMP2 Pro/Am,Andrew Meyrick,andrew meyrick,47,2.0,23,110.861,34.458,35.221,41.182,,GF,21,,,,,243
elms,2023,Portimao,Autodromo Internacional do Algarve,race,221,21,LMP2 Pro/Am,Andrew Meyrick,andrew meyrick,48,2.0,24,108.749,34.342,34.578,39.829,,GF,22,,,,,243
elms,2023,Portimao,Autodromo Internacional do Algarve,race,221,21,LMP2 Pro/Am,Andrew Meyrick,andrew meyrick,49,2.0,25,108.002,34.051,34.469,39.482,,GF,23,,,,,243
elms,2023,Portimao,Autodromo Internacional do Algarve,race,221,21,LMP2 Pro/Am,Andrew Meyrick,andrew meyrick,50,2.0,26,109.648,35.035,34.905,39.708,,GF,24,,,,,243
elms,2023,Portimao,Autodromo Internacional do Algarve,race,221,21,LMP2 Pro/Am,Andrew Meyrick,andrew meyrick,51,2.0,27,117.743,35.171,35.652,46.92,,GF,25,,,,,243
elms,2023,Portimao,Autodromo Internacional do Algarve,race,221,21,LMP2 Pro/Am,Nelson PIQUET Jr,nelson piquet jr,52,3.0,0,229.897,145.392,40.416,44.089,107.577,GF,0,,,,,243
elms,2023,Portimao,Autodromo Internacional do Algarve,race,221,21,LMP2 Pro/Am,Nelson PIQUET Jr,nelson piquet jr,53,3.0,1,480.456,37.487,381.906,61.063,,SF,0,,,,,243
elms,2023,Portimao,Autodromo Internacional do Algarve,race,221,21,LMP2 Pro/Am,Nelson PIQUET Jr,nelson piquet jr,54,3.0,2,115.217,37.375,36.626,41.216,,SF,0,,,,,243
elms,2023,Portimao,Autodromo Internacional do Algarve,race,221,21,LMP2 Pro/Am,Nelson PIQUET Jr,nelson piquet jr,55,3.0,3,181.411,66.058,51.5,63.853,,SF,0,,,,,243
elms,2023,Portimao,Autodromo Internacional do Algarve,race,221,21,LMP2 Pro/Am,Nelson PIQUET Jr,nelson piquet jr,56,3.0,4,170.117,63.577,46.833,59.707,,SF,0,,,,,243
elms,2023,Portimao,Autodromo Internacional do Algarve,race,221,21,LMP2 Pro/Am,Nelson PIQUET Jr,nelson piquet jr,57,3.0,5,135.809,46.357,41.482,47.97,,GF,0,,,,,243
elms,2023,Portimao,Autodromo Internacional do Algarve,race,221,21,LMP2 Pro/Am,Nelson PIQUET Jr,nelson piquet jr,58,3.0,6,111.344,35.531,36.321,39.492,,GF,1,,,,,243
elms,2023,Portimao,Autodromo Internacional do Algarve,race,221,21,LMP2 Pro/Am,Nelson PIQUET Jr,nelson piquet jr,59,3.0,7,108.161,34.507,35.434,38.22,,GF,2,,,,,243
elms,2023,Portimao,Autodromo Internacional do Algarve,race,221,21,LMP2 Pro/Am,Nelson PIQUET Jr,nelson piquet jr,60,3.0,8,108.855,34.109,36.015,38.731,,GF,3,,,,,243
elms,2023,Portimao,Autodromo Internacional do Algarve,race,221,21,LMP2 Pro/Am,Nelson PIQUET Jr,nelson piquet jr,61,3.0,9,105.563,33.076,34.26,38.227,,GF,4,,,,,243
elms,2023,Portimao,Autodromo Internacional do Algarve,race,221,21,LMP2 Pro/Am,Nelson PIQUET Jr,nelson piquet jr,62,3.0,10,106.107,33.508,34.901,37.698,,GF,5,,,,,243
elms,2023,Portimao,Autodromo Internacional do Algarve,race,221,21,LMP2 Pro/Am,Nelson PIQUET Jr,nelson piquet jr,63,3.0,11,105.378,33.656,34.323,37.399,,GF,6,,,,,243
elms,2023,Portimao,Autodromo Internacional do Algarve,race,221,21,LMP2 Pro/Am,Nelson PIQUET Jr,nelson piquet jr,64,3.0,12,104.909,32.838,33.767,38.304,,GF,7,,,,,243
elms,2023,Portimao,Autodromo Internacional do Algarve,race,221,21,LMP2 Pro/Am,Nelson PIQUET Jr,nelson piquet jr,65,3.0,13,102.029,31.95,32.966,37.113,,GF,8,,,,,243
elms,2023,Portimao,Autodromo Internacional do Algarve,race,221,21,LMP2 Pro/Am,Nelson PIQUET Jr,nelson piquet jr,66,3.0,14,100.97,31.672,32.766,36.532,,GF,9,,,,,243
elms,2023,Portimao,Autodromo Internacional do Algarve,race,221,21,LMP2 Pro/Am,Nelson PIQUET Jr,nelson piquet jr,67,3.0,15,98.975,31.322,31.836,35.817,,GF,10,,,,,243
elms,2023,Portimao,Autodromo Internacional do Algarve,race,221,21,LMP2 Pro/Am,Nelson PIQUET Jr,nelson piquet jr,68,3.0,16,99.597,31.784,31.867,35.946,,GF,11,,,,,243
elms,2023,Portimao,Autodromo Internacional do Algarve,race,221,21,LMP2 Pro/Am,Nelson PIQUET Jr,nelson piquet jr,69,3.0,17,98.04,30.944,31.63,35.466,,GF,12,,,,,243
elms,2023,Portimao,Autodromo Internacional do Algarve,race,221,21,LMP2 Pro/Am,Nelson PIQUET Jr,nelson piquet jr,70,3.0,18,99.471,31.134,31.79,36.547,,GF,13,,,,,243
elms,2023,Portimao,Autodromo Internacional do Algarve,race,221,21,LMP2 Pro/Am,Nelson PIQUET Jr,nelson piquet jr,71,3.0,19,97.243,30.72,31.148,35.375,,GF,14,,,,,243
elms,2023,Portimao,Autodromo Internacional do Algarve,race,221,21,LMP2 Pro/Am,Nelson PIQUET Jr,nelson piquet jr,72,3.0,20,98.592,30.618,32.423,35.551,,GF,15,,,,,243
elms,2023,Portimao,Autodromo Internacional do Algarve,race,221,21,LMP2 Pro/Am,Nelson PIQUET Jr,nelson piquet jr,73,3.0,21,105.116,30.416,31.864,42.836,,GF,16,,,,,243
elms,2023,Portimao,Autodromo Internacional do Algarve,race,221,21,LMP2 Pro/Am,Nelson PIQUET Jr,nelson piquet jr,74,3.0,22,165.238,96.207,32.025,37.006,68.588,GF,0,,,,,243
elms,2023,Portimao,Autodromo Internacional do Algarve,race,221,21,LMP2 Pro/Am,Nelson PIQUET Jr,nelson piquet jr,75,3.0,23,98.134,30.658,31.765,35.711,,GF,0,,,,,243
elms,2023,Portimao,Autodromo Internacional do Algarve,race,221,21,LMP2 Pro/Am,Nelson PIQUET Jr,nelson piquet jr,76,3.0,24,97.989,30.553,31.934,35.502,,GF,1,,,,,243
elms,2023,Portimao,Autodromo Internacional do Algarve,race,221,21,LMP2 Pro/Am,Nelson PIQUET Jr,nelson piquet jr,77,3.0,25,165.742,44.266,61.219,60.257,,GF,2,,,,,243
elms,2023,Portimao,Autodromo Internacional do Algarve,race,221,21,LMP2 Pro/Am,Nelson PIQUET Jr,nelson piquet jr,78,3.0,26,98.729,31.398,31.8,35.531,,GF,3,,,,,243
elms,2023,Portimao,Autodromo Internacional do Algarve,race,221,21,LMP2 Pro/Am,Nelson PIQUET Jr,nelson piquet jr,79,3.0,27,98.792,30.479,31.59,36.723,,GF,4,,,,,243
elms,2023,Portimao,Autodromo Internacional do Algarve,race,221,21,LMP2 Pro/Am,Nelson PIQUET Jr,nelson piquet jr,80,3.0,28,98.52,31.142,31.974,35.404,,GF,5,,,,,243
elms,2023,Portimao,Autodromo Internacional do Algarve,race,221,21,LMP2 Pro/Am,Nelson PIQUET Jr,nelson piquet jr,81,3.0,29,98.273,30.24,32.566,35.467,,GF,6,,,,,243
elms,2023,Portimao,Autodromo Internacional do Algarve,race,221,21,LMP2 Pro/Am,Nelson PIQUET Jr,nelson piquet jr,82,3.0,30,97.906,30.571,31.809,35.526,,GF,7,,,,,243
elms,2023,Portimao,Autodromo Internacional do Algarve,race,221,21,LMP2 Pro/Am,Nelson PIQUET Jr,nelson piquet jr,83,3.0,31,158.867,30.566,54.529,73.772,,FCY,8,,,,,243
elms,2023,Portimao,Autodromo Internacional do Algarve,race,221,21,LMP2 Pro/Am,Nelson PIQUET Jr,nelson piquet jr,84,3.0,32,207.177,72.3,60.876,74.001,,FCY,8,,,,,243
elms,2023,Portimao,Autodromo Internacional do Algarve,race,221,21,LMP2 Pro/Am,Nelson PIQUET Jr,nelson piquet jr,85,3.0,33,158.487,72.741,48.374,37.372,,GF,8,,,,,243
elms,2023,Portimao,Autodromo Internacional do Algarve,race,221,21,LMP2 Pro/Am,Nelson PIQUET Jr,nelson piquet jr,86,3.0,34,99.757,31.494,32.702,35.561,,GF,9,,,,,243
elms,2023,Portimao,Autodromo Internacional do Algarve,race,221,21,LMP2 Pro/Am,Nelson PIQUET Jr,nelson piquet jr,87,3.0,35,98.079,30.294,32.322,35.463,,GF,10,,,,,243
elms,2023,Portimao,Autodromo Internacional do Algarve,race,221,21,LMP2 Pro/Am,Nelson PIQUET Jr,nelson piquet jr,88,3.0,36,100.475,30.241,33.563,36.671,,GF,11,,,,,243
elms,2023,Portimao,Autodromo Internacional do Algarve,race,221,21,LMP2 Pro/Am,Nelson PIQUET Jr,nelson piquet jr,89,3.0,37,98.728,30.911,31.892,35.925,,GF,12,,,,,243
elms,2023,Portimao,Autodromo Internacional do Algarve,race,221,21,LMP2 Pro/Am,Nelson PIQUET Jr,nelson piquet jr,90,3.0,38,96.84,30.318,31.2,35.322,,GF,13,,,,,243
elms,2023,Portimao,Autodromo Internacional do Algarve,race,221,21,LMP2 Pro/Am,Nelson PIQUET Jr,nelson piquet jr,91,3.0,39,162.043,52.481,61.023,48.539,,GF,14,,,,,243
elms,2023,Portimao,Autodromo Internacional do Algarve,race,221,21,LMP2 Pro/Am,Nelson PIQUET Jr,nelson piquet jr,92,3.0,40,98.962,30.859,31.842,36.261,,GF,15,,,,,243
elms,2023,Portimao,Autodromo Internacional do Algarve,race,221,21,LMP2 Pro/Am,Nelson PIQUET Jr,nelson piquet jr,93,3.0,41,102.041,31.382,32.998,37.661,,FF,16,,,,,243
elms,2023,Portimao,Autodromo Internacional do Algarve,race,221,24,LMP2 Pro/Am,Rodrigo Sales,rodrigo sales,1,1.0,0,222.896,95.509,57.82,69.567,,SF,0,,,,,243
elms,2023,Portimao,Autodromo Internacional do Algarve,race,221,24,LMP2 Pro/Am,Rodrigo Sales,rodrigo sales,2,1.0,1,218.835,63.143,65.383,90.309,,RF,0,,,,,243
elms,2023,Portimao,Autodromo Internacional do Algarve,race,221,24,LMP2 Pro/Am,Rodrigo Sales,rodrigo sales,3,1.0,2,2760.959,2643.878,53.135,63.946,,SF,0,,,,,243
elms,2023,Portimao,Autodromo Internacional do Algarve,race,221,24,LMP2 Pro/Am,Rodrigo Sales,rodrigo sales,4,1.0,3,158.506,56.05,50.997,51.459,,SF,0,,,,,243
elms,2023,Portimao,Autodromo Internacional do Algarve,race,221,24,LMP2 Pro/Am,Rodrigo Sales,rodrigo sales,5,1.0,4,153.89,50.886,47.373,55.631,,SF,0,,,,,243
elms,2023,Portimao,Autodromo Internacional do Algarve,race,221,24,LMP2 Pro/Am,Rodrigo Sales,rodrigo sales,6,1.0,5,149.943,50.516,48.385,51.042,,GF,0,,,,,243
elms,2023,Portimao,Autodromo Internacional do Algarve,race,221,24,LMP2 Pro/Am,Rodrigo Sales,rodrigo sales,7,1.0,6,130.565,43.157,41.069,46.339,,GF,1,,,,,243
elms,2023,Portimao,Autodromo Internacional do Algarve,race,221,24,LMP2 Pro/Am,Rodrigo Sales,rodrigo sales,8,1.0,7,130.626,40.524,43.064,47.038,,GF,2,,,,,243
elms,2023,Portimao,Autodromo Internacional do Algarve,race,221,24,LMP2 Pro/Am,Rodrigo Sales,rodrigo sales,9,1.0,8,125.929,39.071,41.988,44.87,,GF,3,,,,,243
elms,2023,Portimao,Autodromo Internacional do Algarve,race,221,24,LMP2 Pro/Am,Rodrigo Sales,rodrigo sales,10,1.0,9,121.384,38.043,39.757,43.584,,GF,4,,,,,243
elms,2023,Portimao,Autodromo Internacional do Algarve,race,221,24,LMP2 Pro/Am,Rodrigo Sales,rodrigo sales,11,1.0,10,119.874,37.71,38.591,43.573,,GF,5,,,,,243
elms,2023,Portimao,Autodromo Internacional do Algarve,race,221,24,LMP2 Pro/Am,Rodrigo Sales,rodrigo sales,12,1.0,11,120.402,38.22,38.878,43.304,,GF,6,,,,,243
elms,2023,Portimao,Autodromo Internacional do Algarve,race,221,24,LMP2 Pro/Am,Rodrigo Sales,rodrigo sales,13,1.0,12,118.253,37.194,37.968,43.091,,GF,7,,,,,243
elms,2023,Portimao,Autodromo Internacional do Algarve,race,221,24,LMP2 Pro/Am,Rodrigo Sales,rodrigo sales,14,1.0,13,119.057,37.335,38.367,43.355,,GF,8,,,,,243
elms,2023,Portimao,Autodromo Internacional do Algarve,race,221,24,LMP2 Pro/Am,Rodrigo Sales,rodrigo sales,15,1.0,14,119.573,37.167,39.742,42.664,,GF,9,,,,,243
elms,2023,Portimao,Autodromo Internacional do Algarve,race,221,24,LMP2 Pro/Am,Rodrigo Sales,rodrigo sales,16,1.0,15,118.457,37.097,37.873,43.487,,GF,10,,,,,243
elms,2023,Portimao,Autodromo Internacional do Algarve,race,221,24,LMP2 Pro/Am,Rodrigo Sales,rodrigo sales,17,1.0,16,117.577,36.61,37.763,43.204,,GF,11,,,,,243
elms,2023,Portimao,Autodromo Internacional do Algarve,race,221,24,LMP2 Pro/Am,Rodrigo Sales,rodrigo sales,18,1.0,17,116.412,36.423,38.013,41.976,,GF,12,,,,,243
elms,2023,Portimao,Autodromo Internacional do Algarve,race,221,24,LMP2 Pro/Am,Rodrigo Sales,rodrigo sales,19,1.0,18,116.329,36.237,37.424,42.668,,GF,13,,,,,243
elms,2023,Portimao,Autodromo Internacional do Algarve,race,221,24,LMP2 Pro/Am,Rodrigo Sales,rodrigo sales,20,1.0,19,117.182,36.519,37.909,42.754,,GF,14,,,,,243
elms,2023,Portimao,Autodromo Internacional do Algarve,race,221,24,LMP2 Pro/Am,Rodrigo Sales,rodrigo sales,21,1.0,20,117.005,36.704,37.902,42.399,,GF,15,,,,,243
elms,2023,Portimao,Autodromo Internacional do Algarve,race,221,24,LMP2 Pro/Am,Rodrigo Sales,rodrigo sales,22,1.0,21,116.656,36.066,37.389,43.201,,GF,16,,,,,243
elms,2023,Portimao,Autodromo Internacional do Algarve,race,221,24,LMP2 Pro/Am,Rodrigo Sales,rodrigo sales,23,1.0,22,118.939,36.295,39.945,42.699,,GF,17,,,,,243
elms,2023,Portimao,Autodromo Internacional do Algarve,race,221,24,LMP2 Pro/Am,Rodrigo Sales,rodrigo sales,24,1.0,23,115.927,36.44,37.176,42.311,,GF,18,,,,,243
elms,2023,Portimao,Autodromo Internacional do Algarve,race,221,24,LMP2 Pro/Am,Rodrigo Sales,rodrigo sales,25,1.0,24,124.331,36.41,37.841,50.08,,GF,19,,,,,243
elms,2023,Portimao,Autodromo Internacional do Algarve,race,221,24,LMP2 Pro/Am,Mathias Beche,mathias beche,26,2.0,0,206.401,122.11,40.389,43.902,87.872,GF,0,,,,,243
elms,2023,Portimao,Autodromo Internacional do Algarve,race,221,24,LMP2 Pro/Am,Mathias Beche,mathias beche,27,2.0,1,116.879,36.695,37.967,42.217,,GF,0,,,,,243
elms,2023,Portimao,Autodromo Internacional do Algarve,race,221,24,LMP2 Pro/Am,Mathias Beche,mathias beche,28,2.0,2,114.608,35.983,36.888,41.737,,GF,1,,,,,243
elms,2023,Portimao,Autodromo Internacional do Algarve,race,221,24,LMP2 Pro/Am,Mathias Beche,mathias beche,29,2.0,3,113.817,35.382,36.478,41.957,,GF,2,,,,,243
elms,2023,Portimao,Autodromo Internacional do Algarve,race,221,24,LMP2 Pro/Am,Mathias Beche,mathias beche,30,2.0,4,153.705,48.108,63.121,42.476,,GF,3,,,,,243
elms,2023,Portimao,Autodromo Internacional do Algarve,race,221,24,LMP2 Pro/Am,Mathias Beche,mathias beche,31,2.0,5,113.841,35.404,36.432,42.005,,GF,4,,,,,243
elms,2023,Portimao,Autodromo Internacional do Algarve,race,221,24,LMP2 Pro/Am,Mathias Beche,mathias beche,32,2.0,6,114.408,35.228,36.898,42.282,,GF,5,,,,,243
elms,2023,Portimao,Autodromo Internacional do Algarve,race,221,24,LMP2 Pro/Am,Mathias Beche,mathias beche,33,2.0,7,112.999,34.991,36.43,41.578,,GF,6,,,,,243
elms,2023,Portimao,Autodromo Internacional do Algarve,race,221,24,LMP2 Pro/Am,Mathias Beche,mathias beche,34,2.0,8,112.678,35.308,35.736,41.634,,GF,7,,,,,243
elms,2023,Portimao,Autodromo Internacional do Algarve,race,221,24,LMP2 Pro/Am,Mathias Beche,mathias beche,35,2.0,9,112.072,35.055,36.205,40.812,,GF,8,,,,,243
elms,2023,Portimao,Autodromo Internacional do Algarve,race,221,24,LMP2 Pro/Am,Mathias Beche,mathias beche,36,2.0,10,112.191,35.526,35.825,40.84,,GF,9,,,,,243
elms,2023,Portimao,Autodromo Internacional do Algarve,race,221,24,LMP2 Pro/Am,Mathias Beche,mathias beche,37,2.0,11,112.096,35.276,35.897,40.923,,GF,10,,,,,243
elms,2023,Portimao,Autodromo Internacional do Algarve,race,221,24,LMP2 Pro/Am,Mathias Beche,mathias beche,38,2.0,12,114.586,36.679,36.039,41.868,,GF,11,,,,,243
elms,2023,Portimao,Autodromo Internacional do Algarve,race,221,24,LMP2 Pro/Am,Mathias Beche,mathias beche,39,2.0,13,112.028,35.606,35.46,40.962,,GF,12,,,,,243
elms,2023,Portimao,Autodromo Internacional do Algarve,race,221,24,LMP2 Pro/Am,Mathias Beche,mathias beche,40,2.0,14,111.927,34.837,35.761,41.329,,GF,13,,,,,243
elms,2023,Portimao,Autodromo Internacional do Algarve,race,221,24,LMP2 Pro/Am,Mathias Beche,mathias beche,41,2.0,15,112.419,35.77,35.334,41.315,,GF,14,,,,,243
elms,2023,Portimao,Autodromo Internacional do Algarve,race,221,24,LMP2 Pro/Am,Mathias Beche,mathias beche,42,2.0,16,111.286,34.844,35.356,41.086,,GF,15,,,,,243
elms,2023,Portimao,Autodromo Internacional do Algarve,race,221,24,LMP2 Pro/Am,Mathias Beche,mathias beche,43,2.0,17,112.379,34.863,35.85,41.666,,GF,16,,,,,243
elms,2023,Portimao,Autodromo Internacional do Algarve,race,221,24,LMP2 Pro/Am,Mathias Beche,mathias beche,44,2.0,18,110.844,34.958,35.189,40.697,,GF,17,,,,,243
elms,2023,Portimao,Autodromo Internacional do Algarve,race,221,24,LMP2 Pro/Am,Mathias Beche,mathias beche,45,2.0,19,111.263,34.973,35.329,40.961,,GF,18,,,,,243
elms,2023,Portimao,Autodromo Internacional do Algarve,race,221,24,LMP2 Pro/Am,Mathias Beche,mathias beche,46,2.0,20,110.899,34.862,35.375,40.662,,GF,19,,,,,243
elms,2023,Portimao,Autodromo Internacional do Algarve,race,221,24,LMP2 Pro/Am,Mathias Beche,mathias beche,47,2.0,21,112.352,36.594,35.082,40.676,,GF,20,,,,,243
elms,2023,Portimao,Autodromo Internacional do Algarve,race,221,24,LMP2 Pro/Am,Mathias Beche,mathias beche,48,2.0,22,110.815,35.275,34.755,40.785,,GF,21,,,,,243
elms,2023,Portimao,Autodromo Internacional do Algarve,race,221,24,LMP2 Pro/Am,Mathias Beche,mathias beche,49,2.0,23,110.062,34.583,35.159,40.32,,GF,22,,,,,243
elms,2023,Portimao,Autodromo Internacional do Algarve,race,221,24,LMP2 Pro/Am,Mathias Beche,mathias beche,50,2.0,24,111.184,34.478,35.807,40.899,,GF,23,,,,,243
elms,2023,Portimao,Autodromo Internacional do Algarve,race,221,24,LMP2 Pro/Am,Mathias Beche,mathias beche,51,2.0,25,109.481,34.36,35.045,40.076,,GF,24,,,,,243
elms,2023,Portimao,Autodromo Internacional do Algarve,race,221,24,LMP2 Pro/Am,Mathias Beche,mathias beche,52,2.0,26,118.013,34.898,36.124,46.991,,GF,25,,,,,243
elms,2023,Portimao,Autodromo Internacional do Algarve,race,221,24,LMP2 Pro/Am,Ben Hanley,benjamin hanley,53,3.0,0,231.818,145.985,41.429,44.404,108.532,GF,0,,,,,243
elms,2023,Portimao,Autodromo Internacional do Algarve,race,221,24,LMP2 Pro/Am,Ben Hanley,benjamin hanley,54,3.0,1,114.165,36.636,37.052,40.477,,GF,0,,,,,243
elms,2023,Portimao,Autodromo Internacional do Algarve,race,221,24,LMP2 Pro/Am,Ben Hanley,benjamin hanley,55,3.0,2,110.645,35.225,35.389,40.031,,SF,1,,,,,243
elms,2023,Portimao,Autodromo Internacional do Algarve,race,221,24,LMP2 Pro/Am,Ben Hanley,benjamin hanley,56,3.0,3,183.149,54.801,61.529,66.819,,SF,1,,,,,243
elms,2023,Portimao,Autodromo Internacional do Algarve,race,221,24,LMP2 Pro/Am,Ben Hanley,benjamin hanley,57,3.0,4,195.256,65.895,52.619,76.742,,SF,1,,,,,243
elms,2023,Portimao,Autodromo Internacional do Algarve,race,221,24,LMP2 Pro/Am,Ben Hanley,benjamin hanley,58,3.0,5,126.308,46.253,38.03,42.025,,SF,1,,,,,243
elms,2023,Portimao,Autodromo Internacional do Algarve,race,221,24,LMP2 Pro/Am,Ben Hanley,benjamin hanley,59,3.0,6,114.721,36.857,36.35,41.514,,SF,1,,,,,243
elms,2023,Portimao,Autodromo Internacional do Algarve,race,221,24,LMP2 Pro/Am,Ben Hanley,benjamin hanley,60,3.0,7,148.289,42.34,45.97,59.979,,SF,1,,,,,243
elms,2023,Portimao,Autodromo Internacional do Algarve,race,221,24,LMP2 Pro/Am,Ben Hanley,benjamin hanley,61,3.0,8,132.433,46.205,40.861,45.367,,GF,1,,,,,243
elms,2023,Portimao,Autodromo Internacional do Algarve,race,221,24,LMP2 Pro/Am,Ben Hanley,benjamin hanley,62,3.0,9,110.014,36.127,34.689,39.198,,GF,2,,,,,243
elms,2023,Portimao,Autodromo Internacional do Algarve,race,221,24,LMP2 Pro/Am,Ben Hanley,benjamin hanley,63,3.0,10,108.153,34.644,34.94,38.569,,GF,3,,,,,243
elms,2023,Portimao,Autodromo Internacional do Algarve,race,221,24,LMP2 Pro/Am,Ben Hanley,benjamin hanley,64,3.0,11,102.914,32.791,33.742,36.381,,GF,4,,,,,243
elms,2023,Portimao,Autodromo Internacional do Algarve,race,221,24,LMP2 Pro/Am,Ben Hanley,benjamin hanley,65,3.0,12,103.832,32.079,33.135,38.618,,GF,5,,,,,243
elms,2023,Portimao,Autodromo Internacional do Algarve,race,221,24,LMP2 Pro/Am,Ben Hanley,benjamin hanley,66,3.0,13,101.001,32.581,32.815,35.605,,GF,6,,,,,243
elms,2023,Portimao,Autodromo Internacional do Algarve,race,221,24,LMP2 Pro/Am,Ben Hanley,benjamin hanley,67,3.0,14,100.294,31.887,32.513,35.894,,GF,7,,,,,243
elms,2023,Portimao,Autodromo Internacional do Algarve,race,221,24,LMP2 Pro/Am,Ben Hanley,benjamin hanley,68,3.0,15,98.211,30.78,31.927,35.504,,GF,8,,,,,243
elms,2023,Portimao,Autodromo Internacional do Algarve,race,221,24,LMP2 Pro/Am,Ben Hanley,benjamin hanley,69,3.0,16,98.586,30.874,31.628,36.084,,GF,9,,,,,243
elms,2023,Portimao,Autodromo Internacional do Algarve,race,221,24,LMP2 Pro/Am,Ben Hanley,benjamin hanley,70,3.0,17,98.865,31.076,32.282,35.507,,GF,10,,,,,243
elms,2023,Portimao,Autodromo Internacional do Algarve,race,221,24,LMP2 Pro/Am,Ben Hanley,benjamin hanley,71,3.0,18,97.689,31.214,31.193,35.282,,GF,11,,,,,243
elms,2023,Portimao,Autodromo Internacional do Algarve,race,221,24,LMP2 Pro/Am,Ben Hanley,benjamin hanley,72,3.0,19,97.437,30.257,31.812,35.368,,GF,12,,,,,243
elms,2023,Portimao,Autodromo Internacional do Algarve,race,221,24,LMP2 Pro/Am,Ben Hanley,benjamin hanley,73,3.0,20,98.377,30.623,31.256,36.498,,GF,13,,,,,243
elms,2023,Portimao,Autodromo Internacional do Algarve,race,221,24,LMP2 Pro/Am,Ben Hanley,benjamin hanley,74,3.0,21,97.251,30.553,31.547,35.151,,GF,14,,,,,243
elms,2023,Portimao,Autodromo Internacional do Algarve,race,221,24,LMP2 Pro/Am,Ben Hanley,benjamin hanley,75,3.0,22,108.047,30.383,32.214,45.45,,GF,15,,,,,243
elms,2023,Portimao,Autodromo Internacional do Algarve,race,221,24,LMP2 Pro/Am,Ben Hanley,benjamin hanley,76,3.0,23,106.089,30.509,31.572,44.008,,GF,16,,,,,243
elms,2023,Portimao,Autodromo Internacional do Algarve,race,221,24,LMP2 Pro/Am,Ben Hanley,benjamin hanley,77,3.0,24,164.372,95.702,32.001,36.669,67.276,GF,0,,,,,243
elms,2023,Portimao,Autodromo Internacional do Algarve,race,221,24,LMP2 Pro/Am,Ben Hanley,benjamin hanley,78,3.0,25,98.004,30.942,31.472,35.59,,GF,0,,,,,243
elms,2023,Portimao,Autodromo Internacional do Algarve,race,221,24,LMP2 Pro/Am,Ben Hanley,benjamin hanley,79,3.0,26,97.558,30.266,31.632,35.66,,GF,1,,,,,243
elms,2023,Portimao,Autodromo Internacional do Algarve,race,221,24,LMP2 Pro/Am,Ben Hanley,benjamin hanley,80,3.0,27,97.201,30.279,31.496,35.426,,GF,2,,,,,243
elms,2023,Portimao,Autodromo Internacional do Algarve,race,221,24,LMP2 Pro/Am,Ben Hanley,benjamin hanley,81,3.0,28,153.062,30.988,47.977,74.097,,FCY,3,,,,,243
elms,2023,Portimao,Autodromo Internacional do Algarve,race,221,24,LMP2 Pro/Am,Ben Hanley,benjamin hanley,82,3.0,29,120.183,52.495,32.178,35.51,,GF,3,,,,,243
elms,2023,Portimao,Autodromo Internacional do Algarve,race,221,24,LMP2 Pro/Am,Ben Hanley,benjamin hanley,83,3.0,30,97.963,30.36,31.417,36.186,,GF,4,,,,,243
elms,2023,Portimao,Autodromo Internacional do Algarve,race,221,24,LMP2 Pro/Am,Ben Hanley,benjamin hanley,84,3.0,31,97.515,31.13,31.457,34.928,,GF,5,,,,,243
elms,2023,Portimao,Autodromo Internacional do Algarve,race,221,24,LMP2 Pro/Am,Ben Hanley,benjamin hanley,85,3.0,32,97.14,30.238,31.371,35.531,,GF,6,,,,,243
elms,2023,Portimao,Autodromo Internacional do Algarve,race,221,24,LMP2 Pro/Am,Ben Hanley,benjamin hanley,86,3.0,33,98.605,31.618,31.485,35.502,,GF,7,,,,,243
elms,2023,Portimao,Autodromo Internacional do Algarve,race,221,24,LMP2 Pro/Am,Ben Hanley,benjamin hanley,87,3.0,34,141.685,30.35,37.106,74.229,,FCY,8,,,,,243
elms,2023,Portimao,Autodromo Internacional do Algarve,race,221,24,LMP2 Pro/Am,Ben Hanley,benjamin hanley,88,3.0,35,207.793,72.581,61.141,74.071,,FCY,8,,,,,243
elms,2023,Portimao,Autodromo Internacional do Algarve,race,221,24,LMP2 Pro/Am,Ben Hanley,benjamin hanley,89,3.0,36,175.025,72.826,61.526,40.673,,GF,8,,,,,243
elms,2023,Portimao,Autodromo Internacional do Algarve,race,221,24,LMP2 Pro/Am,Ben Hanley,benjamin hanley,90,3.0,37,102.296,32.909,33.215,36.172,,GF,9,,,,,243
elms,2023,Portimao,Autodromo Internacional do Algarve,race,221,24,LMP2 Pro/Am,Ben Hanley,benjamin hanley,91,3.0,38,96.226,30.013,30.937,35.276,,GF,10,,,,,243
elms,2023,Portimao,Autodromo Internacional do Algarve,race,221,24,LMP2 Pro/Am,Ben Hanley,benjamin hanley,92,3.0,39,96.404,30.248,31.222,34.934,,GF,11,,,,,243
elms,2023,Portimao,Autodromo Internacional do Algarve,race,221,24,LMP2 Pro/Am,Ben Hanley,benjamin hanley,93,3.0,40,96.432,30.233,30.896,35.303,,GF,12,,,,,243
elms,2023,Portimao,Autodromo Internacional do Algarve,race,221,24,LMP2 Pro/Am,Ben Hanley,benjamin hanley,94,3.0,41,96.311,30.516,30.82,34.975,,GF,13,,,,,243
elms,2023,Portimao,Autodromo Internacional do Algarve,race,221,24,LMP2 Pro/Am,Ben Hanley,benjamin hanley,95,3.0,42,166.014,31.57,60.157,74.287,,FCY,14,,,,,243
elms,2023,Portimao,Autodromo Internacional do Algarve,race,221,24,LMP2 Pro/Am,Ben Hanley,benjamin hanley,96,3.0,43,104.473,36.266,32.315,35.892,,GF,14,,,,,243
elms,2023,Portimao,Autodromo Internacional do Algarve,race,221,24,LMP2 Pro/Am,Ben Hanley,benjamin hanley,97,3.0,44,97.117,30.405,31.472,35.24,,FF,15,,,,,243
elms,2023,Portimao,Autodromo Internacional do Algarve,race,221,3,LMP2 Pro/Am,Tom VAN ROMPUY,tom van rompuy,1,1.0,0,211.411,82.281,59.073,70.057,,SF,0,,,,,243
elms,2023,Portimao,Autodromo Internacional do Algarve,race,221,3,LMP2 Pro/Am,Tom VAN ROMPUY,tom van rompuy,2,1.0,1,211.065,61.683,62.121,87.261,,RF,0,,,,,243
elms,2023,Portimao,Autodromo Internacional do Algarve,race,221,3,LMP2 Pro/Am,Tom VAN ROMPUY,tom van rompuy,3,1.0,2,2770.767,2647.613,59.852,63.302,,SF,0,,,,,243
elms,2023,Portimao,Autodromo Internacional do Algarve,race,221,3,LMP2 Pro/Am,Tom VAN ROMPUY,tom van rompuy,4,1.0,3,159.879,56.479,47.078,56.322,,SF,0,,,,,243
elms,2023,Portimao,Autodromo Internacional do Algarve,race,221,3,LMP2 Pro/Am,Tom VAN ROMPUY,tom van rompuy,5,1.0,4,155.431,51.08,45.494,58.857,,SF,0,,,,,243
elms,2023,Portimao,Autodromo Internacional do Algarve,race,221,3,LMP2 Pro/Am,Tom VAN ROMPUY,tom van rompuy,6,1.0,5,153.314,47.98,47.499,57.835,,GF,0,,,,,243
elms,2023,Portimao,Autodromo Internacional do Algarve,race,221,3,LMP2 Pro/Am,Tom VAN ROMPUY,tom van rompuy,7,1.0,6,129.283,42.417,41.429,45.437,,GF,1,,,,,243
elms,2023,Portimao,Autodromo Internacional do Algarve,race,221,3,LMP2 Pro/Am,Tom VAN ROMPUY,tom van rompuy,8,1.0,7,125.517,39.624,40.497,45.396,,GF,2,,,,,243
elms,2023,Portimao,Autodromo Internacional do Algarve,race,221,3,LMP2 Pro/Am,Tom VAN ROMPUY,tom van rompuy,9,1.0,8,133.423,38.654,50.371,44.398,,GF,3,,,,,243
elms,2023,Portimao,Autodromo Internacional do Algarve,race,221,3,LMP2 Pro/Am,Tom VAN ROMPUY,tom van rompuy,10,1.0,9,122.141,38.044,39.377,44.72,,GF,4,,,,,243
elms,2023,Portimao,Autodromo Internacional do Algarve,race,221,3,LMP2 Pro/Am,Tom VAN ROMPUY,tom van rompuy,11,1.0,10,120.414,37.496,39.098,43.82,,GF,5,,,,,243
elms,2023,Portimao,Autodromo Internacional do Algarve,race,221,3,LMP2 Pro/Am,Tom VAN ROMPUY,tom van rompuy,12,1.0,11,119.235,37.505,38.94,42.79,,GF,6,,,,,243
elms,2023,Portimao,Autodromo Internacional do Algarve,race,221,3,LMP2 Pro/Am,Tom VAN ROMPUY,tom van rompuy,13,1.0,12,118.719,37.33,38.515,42.874,,GF,7,,,,,243
elms,2023,Portimao,Autodromo Internacional do Algarve,race,221,3,LMP2 Pro/Am,Tom VAN ROMPUY,tom van rompuy,14,1.0,13,119.375,37.699,38.823,42.853,,GF,8,,,,,243
elms,2023,Portimao,Autodromo Internacional do Algarve,race,221,3,LMP2 Pro/Am,Tom VAN ROMPUY,tom van rompuy,15,1.0,14,119.135,37.228,38.71,43.197,,GF,9,,,,,243
elms,2023,Portimao,Autodromo Internacional do Algarve,race,221,3,LMP2 Pro/Am,Tom VAN ROMPUY,tom van rompuy,16,1.0,15,120.949,37.166,38.929,44.854,,GF,10,,,,,243
elms,2023,Portimao,Autodromo Internacional do Algarve,race,221,3,LMP2 Pro/Am,Tom VAN ROMPUY,tom van rompuy,17,1.0,16,118.135,37.125,38.347,42.663,,GF,11,,,,,243
elms,2023,Portimao,Autodromo Internacional do Algarve,race,221,3,LMP2 Pro/Am,Tom VAN ROMPUY,tom van rompuy,18,1.0,17,120.245,37.878,38.607,43.76,,GF,12,,,,,243
elms,2023,Portimao,Autodromo Internacional do Algarve,race,221,3,LMP2 Pro/Am,Tom VAN ROMPUY,tom van rompuy,19,1.0,18,116.426,36.651,37.763,42.012,,GF,13,,,,,243
elms,2023,Portimao,Autodromo Internacional do Algarve,race,221,3,LMP2 Pro/Am,Tom VAN ROMPUY,tom van rompuy,20,1.0,19,117.791,36.91,38.177,42.704,,GF,14,,,,,243
elms,2023,Portimao,Autodromo Internacional do Algarve,race,221,3,LMP2 Pro/Am,Tom VAN ROMPUY,tom van rompuy,21,1.0,20,116.42,37.025,37.491,41.904,,GF,15,,,,,243
elms,2023,Portimao,Autodromo Internacional do Algarve,race,221,3,LMP2 Pro/Am,Tom VAN ROMPUY,tom van rompuy,22,1.0,21,117.08,36.422,38.184,42.474,,GF,16,,,,,243
elms,2023,Portimao,Autodromo Internacional do Algarve,race,221,3,LMP2 Pro/Am,Tom VAN ROMPUY,tom van rompuy,23,1.0,22,118.902,37.308,38.358,43.236,,GF,17,,,,,243
elms,2023,Portimao,Autodromo Internacional do Algarve,race,221,3,LMP2 Pro/Am,Tom VAN ROMPUY,tom van rompuy,24,1.0,23,115.559,36.07,36.972,42.517,,GF,18,,,,,243
elms,2023,Portimao,Autodromo Internacional do Algarve,race,221,3,LMP2 Pro/Am,Tom VAN ROMPUY,tom van rompuy,25,1.0,24,122.741,36.328,37.53,48.883,,GF,19,,,,,243
elms,2023,Portimao,Autodromo Internacional do Algarve,race,221,3,LMP2 Pro/Am,Sebastian Alvarez,sebastian alvarez,26,2.0,0,208.241,125.116,38.555,44.57,92.143,GF,0,,,,,243
elms,2023,Portimao,Autodromo Internacional do Algarve,race,221,3,LMP2 Pro/Am,Sebastian Alvarez,sebastian alvarez,27,2.0,1,116.723,37.083,37.321,42.319,,GF,0,,,,,243
elms,2023,Portimao,Autodromo Internacional do Algarve,race,221,3,LMP2 Pro/Am,Sebastian Alvarez,sebastian alvarez,28,2.0,2,114.746,36.34,36.505,41.901,,GF,1,,,,,243
elms,2023,Portimao,Autodromo Internacional do Algarve,race,221,3,LMP2 Pro/Am,Sebastian Alvarez,sebastian alvarez,29,2.0,3,114.387,35.656,36.409,42.322,,GF,2,,,,,243
elms,2023,Portimao,Autodromo Internacional do Algarve,race,221,3,LMP2 Pro/Am,Sebastian Alvarez,sebastian alvarez,30,2.0,4,152.376,48.704,61.928,41.744,,GF,3,,,,,243
elms,2023,Portimao,Autodromo Internacional do Algarve,race,221,3,LMP2 Pro/Am,Sebastian Alvarez,sebastian alvarez,31,2.0,5,113.746,35.469,36.243,42.034,,GF,4,,,,,243
elms,2023,Portimao,Autodromo Internacional do Algarve,race,221,3,LMP2 Pro/Am,Sebastian Alvarez,sebastian alvarez,32,2.0,6,114.152,35.64,36.625,41.887,,GF,5,,,,,243
elms,2023,Portimao,Autodromo Internacional do Algarve,race,221,3,LMP2 Pro/Am,Sebastian Alvarez,sebastian alvarez,33,2.0,7,114.691,35.561,37.193,41.937,,GF,6,,,,,243
elms,2023,Portimao,Autodromo Internacional do Algarve,race,221,3,LMP2 Pro/Am,Sebastian Alvarez,sebastian alvarez,34,2.0,8,114.097,35.116,37.776,41.205,,GF,7,,,,,243
elms,2023,Portimao,Autodromo Internacional do Algarve,race,221,3,LMP2 Pro/Am,Sebastian Alvarez,sebastian alvarez,35,2.0,9,114.577,35.454,36.785,42.338,,GF,8,,,,,243
elms,2023,Portimao,Autodromo Internacional do Algarve,race,221,3,LMP2 Pro/Am,Sebastian Alvarez,sebastian alvarez,36,2.0,10,113.21,35.125,36.179,41.906,,GF,9,,,,,243
elms,2023,Portimao,Autodromo Internacional do Algarve,race,221,3,LMP2 Pro/Am,Sebastian Alvarez,sebastian alvarez,37,2.0,11,113.093,35.291,36.723,41.079,,GF,10,,,,,243
elms,2023,Portimao,Autodromo Internacional do Algarve,race,221,3,LMP2 Pro/Am,Sebastian Alvarez,sebastian alvarez,38,2.0,12,115.644,37.774,36.227,41.643,,GF,11,,,,,243
elms,2023,Portimao,Autodromo Internacional do Algarve,race,221,3,LMP2 Pro/Am,Sebastian Alvarez,sebastian alvarez,39,2.0,13,112.22,34.933,36.163,41.124,,GF,12,,,,,243
elms,2023,Portimao,Autodromo Internacional do Algarve,race,221,3,LMP2 Pro/Am,Sebastian Alvarez,sebastian alvarez,40,2.0,14,113.797,35.164,36.566,42.067,,GF,13,,,,,243
elms,2023,Portimao,Autodromo Internacional do Algarve,race,221,3,LMP2 Pro/Am,Sebastian Alvarez,sebastian alvarez,41,2.0,15,112.31,35.019,35.811,41.48,,GF,14,,,,,243
elms,2023,Portimao,Autodromo Internacional do Algarve,race,221,3,LMP2 Pro/Am,Sebastian Alvarez,sebastian alvarez,42,2.0,16,112.419,35.107,36.231,41.081,,GF,15,,,,,243
elms,2023,Portimao,Autodromo Internacional do Algarve,race,221,3,LMP2 Pro/Am,Sebastian Alvarez,sebastian alvarez,43,2.0,17,113.072,35.189,36.239,41.644,,GF,16,,,,,243
elms,2023,Portimao,Autodromo Internacional do Algarve,race,221,3,LMP2 Pro/Am,Sebastian Alvarez,sebastian alvarez,44,2.0,18,112.057,35.168,36.117,40.772,,GF,17,,,,,243
elms,2023,Portimao,Autodromo Internacional do Algarve,race,221,3,LMP2 Pro/Am,Sebastian Alvarez,sebastian alvarez,45,2.0,19,112.478,34.85,36.281,41.347,,GF,18,,,,,243
elms,2023,Portimao,Autodromo Internacional do Algarve,race,221,3,LMP2 Pro/Am,Sebastian Alvarez,sebastian alvarez,46,2.0,20,111.259,35.358,35.647,40.254,,GF,19,,,,,243
elms,2023,Portimao,Autodromo Internacional do Algarve,race,221,3,LMP2 Pro/Am,Sebastian Alvarez,sebastian alvarez,47,2.0,21,111.51,35.202,35.873,40.435,,GF,20,,,,,243
elms,2023,Portimao,Autodromo Internacional do Algarve,race,221,3,LMP2 Pro/Am,Sebastian Alvarez,sebastian alvarez,48,2.0,22,111.27,34.734,35.992,40.544,,GF,21,,,,,243
elms,2023,Portimao,Autodromo Internacional do Algarve,race,221,3,LMP2 Pro/Am,Sebastian Alvarez,sebastian alvarez,49,2.0,23,110.928,34.953,35.854,40.121,,GF,22,,,,,243
elms,2023,Portimao,Autodromo Internacional do Algarve,race,221,3,LMP2 Pro/Am,Sebastian Alvarez,sebastian alvarez,50,2.0,24,111.811,35.055,35.878,40.878,,GF,23,,,,,243
elms,2023,Portimao,Autodromo Internacional do Algarve,race,221,3,LMP2 Pro/Am,Sebastian Alvarez,sebastian alvarez,51,2.0,25,120.236,34.875,36.005,49.356,,GF,24,,,,,243
elms,2023,Portimao,Autodromo Internacional do Algarve,race,221,3,LMP2 Pro/Am,Nathanael BERTHON,nathanael berthon,52,3.0,0,224.551,137.031,42.892,44.628,98.451,GF,0,,,,,243
elms,2023,Portimao,Autodromo Internacional do Algarve,race,221,3,LMP2 Pro/Am,Nathanael BERTHON,nathanael berthon,53,3.0,1,118.363,38.089,38.324,41.95,,GF,0,,,,,243
elms,2023,Portimao,Autodromo Internacional do Algarve,race,221,3,LMP2 Pro/Am,Nathanael BERTHON,nathanael berthon,54,3.0,2,111.06,35.441,36.069,39.55,,GF,1,,,,,243
elms,2023,Portimao,Autodromo Internacional do Algarve,race,221,3,LMP2 Pro/Am,Nathanael BERTHON,nathanael berthon,55,3.0,3,118.84,34.405,39.455,44.98,,SF,2,,,,,243
elms,2023,Portimao,Autodromo Internacional do Algarve,race,221,3,LMP2 Pro/Am,Nathanael BERTHON,nathanael berthon,56,3.0,4,158.411,39.234,51.6,67.577,,SF,2,,,,,243
elms,2023,Portimao,Autodromo Internacional do Algarve,race,221,3,LMP2 Pro/Am,Nathanael BERTHON,nathanael berthon,57,3.0,5,192.169,65.981,52.352,73.836,,SF,2,,,,,243
elms,2023,Portimao,Autodromo Internacional do Algarve,race,221,3,LMP2 Pro/Am,Nathanael BERTHON,nathanael berthon,58,3.0,6,126.206,47.594,37.108,41.504,,SF,2,,,,,243
elms,2023,Portimao,Autodromo Internacional do Algarve,race,221,3,LMP2 Pro/Am,Nathanael BERTHON,nathanael berthon,59,3.0,7,115.268,37.439,36.321,41.508,,SF,2,,,,,243
elms,2023,Portimao,Autodromo Internacional do Algarve,race,221,3,LMP2 Pro/Am,Nathanael BERTHON,nathanael berthon,60,3.0,8,147.403,42.3,44.99,60.113,,SF,2,,,,,243
elms,2023,Portimao,Autodromo Internacional do Algarve,race,221,3,LMP2 Pro/Am,Nathanael BERTHON,nathanael berthon,61,3.0,9,131.676,47.11,40.338,44.228,,GF,2,,,,,243
elms,2023,Portimao,Autodromo Internacional do Algarve,race,221,3,LMP2 Pro/Am,Nathanael BERTHON,nathanael berthon,62,3.0,10,109.654,35.905,34.771,38.978,,GF,3,,,,,243
elms,2023,Portimao,Autodromo Internacional do Algarve,race,221,3,LMP2 Pro/Am,Nathanael BERTHON,nathanael berthon,63,3.0,11,113.013,37.787,35.62,39.606,,GF,4,,,,,243
elms,2023,Portimao,Autodromo Internacional do Algarve,race,221,3,LMP2 Pro/Am,Nathanael BERTHON,nathanael berthon,64,3.0,12,106.243,34.232,33.637,38.374,,GF,5,,,,,243
elms,2023,Portimao,Autodromo Internacional do Algarve,race,221,3,LMP2 Pro/Am,Nathanael BERTHON,nathanael berthon,65,3.0,13,103.263,33.169,33.256,36.838,,GF,6,,,,,243
elms,2023,Portimao,Autodromo Internacional do Algarve,race,221,3,LMP2 Pro/Am,Nathanael BERTHON,nathanael berthon,66,3.0,14,104.589,32.141,34.592,37.856,,GF,7,,,,,243
elms,2023,Portimao,Autodromo Internacional do Algarve,race,221,3,LMP2 Pro/Am,Nathanael BERTHON,nathanael berthon,67,3.0,15,105.672,35.022,33.512,37.138,,GF,8,,,,,243
elms,2023,Portimao,Autodromo Internacional do Algarve,race,221,3,LMP2 Pro/Am,Nathanael BERTHON,nathanael berthon,68,3.0,16,103.683,33.132,33.082,37.469,,GF,9,,,,,243
elms,2023,Portimao,Autodromo Internacional do Algarve,race,221,3,LMP2 Pro/Am,Nathanael BERTHON,nathanael berthon,69,3.0,17,100.236,31.346,32.658,36.232,,GF,10,,,,,243
elms,2023,Portimao,Autodromo Internacional do Algarve,race,221,3,LMP2 Pro/Am,Nathanael BERTHON,nathanael berthon,70,3.0,18,100.718,32.062,32.085,36.571,,GF,11,,,,,243
elms,2023,Portimao,Autodromo Internacional do Algarve,race,221,3,LMP2 Pro/Am,Nathanael BERTHON,nathanael berthon,71,3.0,19,99.852,30.954,31.921,36.977,,GF,12,,,,,243
elms,2023,Portimao,Autodromo Internacional do Algarve,race,221,3,LMP2 Pro/Am,Nathanael BERTHON,nathanael berthon,72,3.0,20,97.995,30.744,31.741,35.51,,GF,13,,,,,243
elms,2023,Portimao,Autodromo Internacional do Algarve,race,221,3,LMP2 Pro/Am,Nathanael BERTHON,nathanael berthon,73,3.0,21,98.603,30.643,31.704,36.256,,GF,14,,,,,243
elms,2023,Portimao,Autodromo Internacional do Algarve,race,221,3,LMP2 Pro/Am,Nathanael BERTHON,nathanael berthon,74,3.0,22,99.817,30.65,32.391,36.776,,GF,15,,,,,243
elms,2023,Portimao,Autodromo Internacional do Algarve,race,221,3,LMP2 Pro/Am,Nathanael BERTHON,nathanael berthon,75,3.0,23,97.723,30.529,31.553,35.641,,GF,16,,,,,243
elms,2023,Portimao,Autodromo Internacional do Algarve,race,221,3,LMP2 Pro/Am,Nathanael BERTHON,nathanael berthon,76,3.0,24,97.52,30.694,31.599,35.227,,GF,17,,,,,243
elms,2023,Portimao,Autodromo Internacional do Algarve,race,221,3,LMP2 Pro/Am,Nathanael BERTHON,nathanael berthon,77,3.0,25,97.305,30.249,31.473,35.583,,GF,18,,,,,243
elms,2023,Portimao,Autodromo Internacional do Algarve,race,221,3,LMP2 Pro/Am,Nathanael BERTHON,nathanael berthon,78,3.0,26,104.911,30.299,31.764,42.848,,GF,19,,,,,243
elms,2023,Portimao,Autodromo Internacional do Algarve,race,221,3,LMP2 Pro/Am,Nathanael BERTHON,nathanael berthon,79,3.0,27,167.962,100.254,32.084,35.624,73.667,GF,0,,,,,243
elms,2023,Portimao,Autodromo Internacional do Algarve,race,221,3,LMP2 Pro/Am,Nathanael BERTHON,nathanael berthon,80,3.0,28,97.68,30.434,31.772,35.474,,GF,0,,,,,243
elms,2023,Portimao,Autodromo Internacional do Algarve,race,221,3,LMP2 Pro/Am,Nathanael BERTHON,nathanael berthon,81,3.0,29,165.674,39.443,61.164,65.067,,GF,1,,,,,243
elms,2023,Portimao,Autodromo Internacional do Algarve,race,221,3,LMP2 Pro/Am,Nathanael BERTHON,nathanael berthon,82,3.0,30,99.618,31.678,31.768,36.172,,GF,2,,,,,243
elms,2023,Portimao,Autodromo Internacional do Algarve,race,221,3,LMP2 Pro/Am,Nathanael BERTHON,nathanael berthon,83,3.0,31,99.339,30.361,31.805,37.173,,GF,3,,,,,243
elms,2023,Portimao,Autodromo Internacional do Algarve,race,221,3,LMP2 Pro/Am,Nathanael BERTHON,nathanael berthon,84,3.0,32,97.565,30.881,31.31,35.374,,GF,4,,,,,243
elms,2023,Portimao,Autodromo Internacional do Algarve,race,221,3,LMP2 Pro/Am,Nathanael BERTHON,nathanael berthon,85,3.0,33,97.697,30.27,32.161,35.266,,GF,5,,,,,243
elms,2023,Portimao,Autodromo Internacional do Algarve,race,221,3,LMP2 Pro/Am,Nathanael BERTHON,nathanael berthon,86,3.0,34,98.588,31.629,31.759,35.2,,GF,6,,,,,243
elms,2023,Portimao,Autodromo Internacional do Algarve,race,221,3,LMP2 Pro/Am,Nathanael BERTHON,nathanael berthon,87,3.0,35,157.554,30.364,52.96,74.23,,FCY,7,,,,,243
elms,2023,Portimao,Autodromo Internacional do Algarve,race,221,3,LMP2 Pro/Am,Nathanael BERTHON,nathanael berthon,88,3.0,36,208.188,72.514,61.26,74.414,,FCY,7,,,,,243
elms,2023,Portimao,Autodromo Internacional do Algarve,race,221,3,LMP2 Pro/Am,Nathanael BERTHON,nathanael berthon,89,3.0,37,157.236,72.657,47.272,37.307,,GF,7,,,,,243
elms,2023,Portimao,Autodromo Internacional do Algarve,race,221,3,LMP2 Pro/Am,Nathanael BERTHON,nathanael berthon,90,3.0,38,97.885,30.989,31.204,35.692,,GF,8,,,,,243
elms,2023,Portimao,Autodromo Internacional do Algarve,race,221,3,LMP2 Pro/Am,Nathanael BERTHON,nathanael berthon,91,3.0,39,97.818,30.402,31.921,35.495,,GF,9,,,,,243
elms,2023,Portimao,Autodromo Internacional do Algarve,race,221,3,LMP2 Pro/Am,Nathanael BERTHON,nathanael berthon,92,3.0,40,99.427,30.399,32.708,36.32,,GF,10,,,,,243
elms,2023,Portimao,Autodromo Internacional do Algarve,race,221,3,LMP2 Pro/Am,Nathanael BERTHON,nathanael berthon,93,3.0,41,97.82,31.132,31.628,35.06,,GF,11,,,,,243
elms,2023,Portimao,Autodromo Internacional do Algarve,race,221,3,LMP2 Pro/Am,Nathanael BERTHON,nathanael berthon,94,3.0,42,98.002,30.475,31.579,35.948,,GF,12,,,,,243
elms,2023,Portimao,Autodromo Internacional do Algarve,race,221,3,LMP2 Pro/Am,Nathanael BERTHON,nathanael berthon,95,3.0,43,161.858,46.4,61.063,54.395,,GF,13,,,,,243
elms,2023,Portimao,Autodromo Internacional do Algarve,race,221,3,LMP2 Pro/Am,Nathanael BERTHON,nathanael berthon,96,3.0,44,101.332,31.765,32.975,36.592,,GF,14,,,,,243
elms,2023,Portimao,Autodromo Internacional do Algarve,race,221,3,LMP2 Pro/Am,Nathanael BERTHON,nathanael berthon,97,3.0,45,99.459,32.079,31.69,35.69,,FF,15,,,,,243
elms,2023,Portimao,Autodromo Internacional do Algarve,race,221,34,LMP2 Pro/Am,Salih Yoluc,salih yoluc,1,1.0,0,210.417,81.06,58.921,70.436,,SF,0,,,,,243
elms,2023,Portimao,Autodromo Internacional do Algarve,race,221,34,LMP2 Pro/Am,Salih Yoluc,salih yoluc,2,1.0,1,210.214,61.239,61.714,87.261,,RF,0,,,,,243
elms,2023,Portimao,Autodromo Internacional do Algarve,race,221,34,LMP2 Pro/Am,Salih Yoluc,salih yoluc,3,1.0,2,2770.413,2646.475,61.684,62.254,,SF,0,,,,,243
elms,2023,Portimao,Autodromo Internacional do Algarve,race,221,34,LMP2 Pro/Am,Salih Yoluc,salih yoluc,4,1.0,3,160.371,57.072,46.721,56.578,,SF,0,,,,,243
elms,2023,Portimao,Autodromo Internacional do Algarve,race,221,34,LMP2 Pro/Am,Salih Yoluc,salih yoluc,5,1.0,4,155.75,51.857,44.921,58.972,,SF,0,,,,,243
elms,2023,Portimao,Autodromo Internacional do Algarve,race,221,34,LMP2 Pro/Am,Salih Yoluc,salih yoluc,6,1.0,5,154.085,48.344,47.526,58.215,,GF,0,,,,,243
elms,2023,Portimao,Autodromo Internacional do Algarve,race,221,34,LMP2 Pro/Am,Salih Yoluc,salih yoluc,7,1.0,6,128.732,41.579,41.14,46.013,,GF,1,,,,,243
elms,2023,Portimao,Autodromo Internacional do Algarve,race,221,34,LMP2 Pro/Am,Salih Yoluc,salih yoluc,8,1.0,7,124.851,39.038,40.677,45.136,,GF,2,,,,,243
elms,2023,Portimao,Autodromo Internacional do Algarve,race,221,34,LMP2 Pro/Am,Salih Yoluc,salih yoluc,9,1.0,8,122.787,37.62,40.085,45.082,,GF,3,,,,,243
elms,2023,Portimao,Autodromo Internacional do Algarve,race,221,34,LMP2 Pro/Am,Salih Yoluc,salih yoluc,10,1.0,9,126.121,36.986,44.815,44.32,,GF,4,,,,,243
elms,2023,Portimao,Autodromo Internacional do Algarve,race,221,34,LMP2 Pro/Am,Salih Yoluc,salih yoluc,11,1.0,10,120.951,37.911,39.616,43.424,,GF,5,,,,,243
elms,2023,Portimao,Autodromo Internacional do Algarve,race,221,34,LMP2 Pro/Am,Salih Yoluc,salih yoluc,12,1.0,11,119.837,37.502,39.362,42.973,,GF,6,,,,,243
elms,2023,Portimao,Autodromo Internacional do Algarve,race,221,34,LMP2 Pro/Am,Salih Yoluc,salih yoluc,13,1.0,12,118.997,37.215,38.551,43.231,,GF,7,,,,,243
elms,2023,Portimao,Autodromo Internacional do Algarve,race,221,34,LMP2 Pro/Am,Salih Yoluc,salih yoluc,14,1.0,13,119.205,37.12,39.046,43.039,,GF,8,,,,,243
elms,2023,Portimao,Autodromo Internacional do Algarve,race,221,34,LMP2 Pro/Am,Salih Yoluc,salih yoluc,15,1.0,14,118.148,36.801,38.17,43.177,,GF,9,,,,,243
elms,2023,Portimao,Autodromo Internacional do Algarve,race,221,34,LMP2 Pro/Am,Salih Yoluc,salih yoluc,16,1.0,15,118.705,36.612,38.689,43.404,,GF,10,,,,,243
elms,2023,Portimao,Autodromo Internacional do Algarve,race,221,34,LMP2 Pro/Am,Salih Yoluc,salih yoluc,17,1.0,16,117.759,36.491,38.516,42.752,,GF,11,,,,,243
elms,2023,Portimao,Autodromo Internacional do Algarve,race,221,34,LMP2 Pro/Am,Salih Yoluc,salih yoluc,18,1.0,17,117.336,37.234,37.758,42.344,,GF,12,,,,,243
elms,2023,Portimao,Autodromo Internacional do Algarve,race,221,34,LMP2 Pro/Am,Salih Yoluc,salih yoluc,19,1.0,18,119.24,37.036,38.445,43.759,,GF,13,,,,,243
elms,2023,Portimao,Autodromo Internacional do Algarve,race,221,34,LMP2 Pro/Am,Salih Yoluc,salih yoluc,20,1.0,19,116.108,36.026,37.526,42.556,,GF,14,,,,,243
elms,2023,Portimao,Autodromo Internacional do Algarve,race,221,34,LMP2 Pro/Am,Salih Yoluc,salih yoluc,21,1.0,20,117.473,36.451,38.22,42.802,,GF,15,,,,,243
elms,2023,Portimao,Autodromo Internacional do Algarve,race,221,34,LMP2 Pro/Am,Salih Yoluc,salih yoluc,22,1.0,21,119.323,37.273,38.058,43.992,,GF,16,,,,,243
elms,2023,Portimao,Autodromo Internacional do Algarve,race,221,34,LMP2 Pro/Am,Salih Yoluc,salih yoluc,23,1.0,22,123.779,36.443,37.774,49.562,,GF,17,,,,,243
elms,2023,Portimao,Autodromo Internacional do Algarve,race,221,34,LMP2 Pro/Am,Charles Eastwood,charles eastwood,24,2.0,0,235.415,148.636,41.386,45.393,113.127,GF,0,,,,,243
elms,2023,Portimao,Autodromo Internacional do Algarve,race,221,34,LMP2 Pro/Am,Charles Eastwood,charles eastwood,25,2.0,1,121.323,38.331,39.156,43.836,,GF,0,,,,,243
elms,2023,Portimao,Autodromo Internacional do Algarve,race,221,34,LMP2 Pro/Am,Charles Eastwood,charles eastwood,26,2.0,2,119.662,37.947,38.565,43.15,,GF,1,,,,,243
elms,2023,Portimao,Autodromo Internacional do Algarve,race,221,34,LMP2 Pro/Am,Charles Eastwood,charles eastwood,27,2.0,3,117.832,37.33,37.993,42.509,,GF,2,,,,,243
elms,2023,Portimao,Autodromo Internacional do Algarve,race,221,34,LMP2 Pro/Am,Charles Eastwood,charles eastwood,28,2.0,4,154.584,36.683,75.56,42.341,,GF,3,,,,,243
elms,2023,Portimao,Autodromo Internacional do Algarve,race,221,34,LMP2 Pro/Am,Charles Eastwood,charles eastwood,29,2.0,5,157.581,35.974,46.559,75.048,,GF,4,,,,,243
elms,2023,Portimao,Autodromo Internacional do Algarve,race,221,34,LMP2 Pro/Am,Charles Eastwood,charles eastwood,30,2.0,6,119.142,38.706,37.861,42.575,,GF,5,,,,,243
elms,2023,Portimao,Autodromo Internacional do Algarve,race,221,34,LMP2 Pro/Am,Charles Eastwood,charles eastwood,31,2.0,7,117.44,36.396,38.336,42.708,,GF,6,,,,,243
elms,2023,Portimao,Autodromo Internacional do Algarve,race,221,34,LMP2 Pro/Am,Charles Eastwood,charles eastwood,32,2.0,8,114.748,35.629,37.106,42.013,,GF,7,,,,,243
elms,2023,Portimao,Autodromo Internacional do Algarve,race,221,34,LMP2 Pro/Am,Charles Eastwood,charles eastwood,33,2.0,9,113.322,35.276,36.483,41.563,,GF,8,,,,,243
elms,2023,Portimao,Autodromo Internacional do Algarve,race,221,34,LMP2 Pro/Am,Charles Eastwood,charles eastwood,34,2.0,10,114.016,36.696,36.26,41.06,,GF,9,,,,,243
elms,2023,Portimao,Autodromo Internacional do Algarve,race,221,34,LMP2 Pro/Am,Charles Eastwood,charles eastwood,35,2.0,11,112.616,35.212,36.303,41.101,,GF,10,,,,,243
elms,2023,Portimao,Autodromo Internacional do Algarve,race,221,34,LMP2 Pro/Am,Charles Eastwood,charles eastwood,36,2.0,12,112.343,35.718,35.978,40.647,,GF,11,,,,,243
elms,2023,Portimao,Autodromo Internacional do Algarve,race,221,34,LMP2 Pro/Am,Charles Eastwood,charles eastwood,37,2.0,13,113.978,35.523,36.39,42.065,,GF,12,,,,,243
elms,2023,Portimao,Autodromo Internacional do Algarve,race,221,34,LMP2 Pro/Am,Charles Eastwood,charles eastwood,38,2.0,14,112.759,35.938,36.033,40.788,,GF,13,,,,,243
elms,2023,Portimao,Autodromo Internacional do Algarve,race,221,34,LMP2 Pro/Am,Charles Eastwood,charles eastwood,39,2.0,15,112.11,34.985,36.121,41.004,,GF,14,,,,,243
elms,2023,Portimao,Autodromo Internacional do Algarve,race,221,34,LMP2 Pro/Am,Charles Eastwood,charles eastwood,40,2.0,16,111.007,34.986,35.35,40.671,,GF,15,,,,,243
elms,2023,Portimao,Autodromo Internacional do Algarve,race,221,34,LMP2 Pro/Am,Charles Eastwood,charles eastwood,41,2.0,17,110.572,34.676,35.408,40.488,,GF,16,,,,,243
elms,2023,Portimao,Autodromo Internacional do Algarve,race,221,34,LMP2 Pro/Am,Charles Eastwood,charles eastwood,42,2.0,18,111.348,34.757,35.973,40.618,,GF,17,,,,,243
elms,2023,Portimao,Autodromo Internacional do Algarve,race,221,34,LMP2 Pro/Am,Charles Eastwood,charles eastwood,43,2.0,19,111.591,35.672,35.345,40.574,,GF,18,,,,,243
elms,2023,Portimao,Autodromo Internacional do Algarve,race,221,34,LMP2 Pro/Am,Charles Eastwood,charles eastwood,44,2.0,20,109.838,34.473,35.193,40.172,,GF,19,,,,,243
elms,2023,Portimao,Autodromo Internacional do Algarve,race,221,34,LMP2 Pro/Am,Charles Eastwood,charles eastwood,45,2.0,21,111.585,34.636,35.627,41.322,,GF,20,,,,,243
elms,2023,Portimao,Autodromo Internacional do Algarve,race,221,34,LMP2 Pro/Am,Charles Eastwood,charles eastwood,46,2.0,22,110.616,34.756,34.914,40.946,,GF,21,,,,,243
elms,2023,Portimao,Autodromo Internacional do Algarve,race,221,34,LMP2 Pro/Am,Charles Eastwood,charles eastwood,47,2.0,23,109.548,34.192,34.736,40.62,,GF,22,,,,,243
elms,2023,Portimao,Autodromo Internacional do Algarve,race,221,34,LMP2 Pro/Am,Charles Eastwood,charles eastwood,48,2.0,24,109.343,34.161,35.188,39.994,,GF,23,,,,,243
elms,2023,Portimao,Autodromo Internacional do Algarve,race,221,34,LMP2 Pro/Am,Charles Eastwood,charles eastwood,49,2.0,25,109.658,34.795,35.215,39.648,,GF,24,,,,,243
elms,2023,Portimao,Autodromo Internacional do Algarve,race,221,34,LMP2 Pro/Am,Charles Eastwood,charles eastwood,50,2.0,26,108.635,33.984,34.746,39.905,,GF,25,,,,,243
elms,2023,Portimao,Autodromo Internacional do Algarve,race,221,34,LMP2 Pro/Am,Charles Eastwood,charles eastwood,51,2.0,27,117.392,34.872,35.346,47.174,,GF,26,,,,,243
elms,2023,Portimao,Autodromo Internacional do Algarve,race,221,34,LMP2 Pro/Am,Louis Deletraz,louis deletraz,52,3.0,0,217.294,133.662,41.007,42.625,96.051,GF,0,,,,,243
elms,2023,Portimao,Autodromo Internacional do Algarve,race,221,34,LMP2 Pro/Am,Louis Deletraz,louis deletraz,53,3.0,1,112.016,36.096,36.334,39.586,,GF,0,,,,,243
elms,2023,Portimao,Autodromo Internacional do Algarve,race,221,34,LMP2 Pro/Am,Louis Deletraz,louis deletraz,54,3.0,2,108.809,34.876,35.756,38.177,,GF,1,,,,,243
elms,2023,Portimao,Autodromo Internacional do Algarve,race,221,34,LMP2 Pro/Am,Louis Deletraz,louis deletraz,55,3.0,3,130.542,41.449,43.296,45.797,,SF,2,,,,,243
elms,2023,Portimao,Autodromo Internacional do Algarve,race,221,34,LMP2 Pro/Am,Louis Deletraz,louis deletraz,56,3.0,4,123.194,38.325,38.249,46.62,,SF,2,,,,,243
elms,2023,Portimao,Autodromo Internacional do Algarve,race,221,34,LMP2 Pro/Am,Louis Deletraz,louis deletraz,57,3.0,5,184.55,66.42,50.177,67.953,,SF,2,,,,,243
elms,2023,Portimao,Autodromo Internacional do Algarve,race,221,34,LMP2 Pro/Am,Louis Deletraz,louis deletraz,58,3.0,6,127.983,49.184,37.972,40.827,,SF,2,,,,,243
elms,2023,Portimao,Autodromo Internacional do Algarve,race,221,34,LMP2 Pro/Am,Louis Deletraz,louis deletraz,59,3.0,7,113.928,36.83,36.597,40.501,,SF,2,,,,,243
elms,2023,Portimao,Autodromo Internacional do Algarve,race,221,34,LMP2 Pro/Am,Louis Deletraz,louis deletraz,60,3.0,8,146.523,42.259,45.166,59.098,,SF,2,,,,,243
elms,2023,Portimao,Autodromo Internacional do Algarve,race,221,34,LMP2 Pro/Am,Louis Deletraz,louis deletraz,61,3.0,9,156.062,84.244,34.729,37.089,54.628,GF,0,,,,,243
elms,2023,Portimao,Autodromo Internacional do Algarve,race,221,34,LMP2 Pro/Am,Louis Deletraz,louis deletraz,62,3.0,10,102.332,32.176,33.694,36.462,,GF,0,,,,,243
elms,2023,Portimao,Autodromo Internacional do Algarve,race,221,34,LMP2 Pro/Am,Louis Deletraz,louis deletraz,63,3.0,11,100.956,32.046,32.835,36.075,,GF,1,,,,,243
elms,2023,Portimao,Autodromo Internacional do Algarve,race,221,34,LMP2 Pro/Am,Louis Deletraz,louis deletraz,64,3.0,12,103.178,32.574,32.652,37.952,,GF,2,,,,,243
elms,2023,Portimao,Autodromo Internacional do Algarve,race,221,34,LMP2 Pro/Am,Louis Deletraz,louis deletraz,65,3.0,13,103.629,31.729,33.879,38.021,,GF,3,,,,,243
elms,2023,Portimao,Autodromo Internacional do Algarve,race,221,34,LMP2 Pro/Am,Louis Deletraz,louis deletraz,66,3.0,14,103.655,33.793,33.386,36.476,,GF,4,,,,,243
elms,2023,Portimao,Autodromo Internacional do Algarve,race,221,34,LMP2 Pro/Am,Louis Deletraz,louis deletraz,67,3.0,15,102.247,32.081,33.491,36.675,,GF,5,,,,,243
elms,2023,Portimao,Autodromo Internacional do Algarve,race,221,34,LMP2 Pro/Am,Louis Deletraz,louis deletraz,68,3.0,16,101.497,31.325,33.106,37.066,,GF,6,,,,,243
elms,2023,Portimao,Autodromo Internacional do Algarve,race,221,34,LMP2 Pro/Am,Louis Deletraz,louis deletraz,69,3.0,17,99.792,31.32,32.61,35.862,,GF,7,,,,,243
elms,2023,Portimao,Autodromo Internacional do Algarve,race,221,34,LMP2 Pro/Am,Louis Deletraz,louis deletraz,70,3.0,18,98.996,31.556,31.904,35.536,,GF,8,,,,,243
elms,2023,Portimao,Autodromo Internacional do Algarve,race,221,34,LMP2 Pro/Am,Louis Deletraz,louis deletraz,71,3.0,19,100.265,30.71,33.17,36.385,,GF,9,,,,,243
elms,2023,Portimao,Autodromo Internacional do Algarve,race,221,34,LMP2 Pro/Am,Louis Deletraz,louis deletraz,72,3.0,20,97.69,30.58,31.783,35.327,,GF,10,,,,,243
elms,2023,Portimao,Autodromo Internacional do Algarve,race,221,34,LMP2 Pro/Am,Louis Deletraz,louis deletraz,73,3.0,21,96.842,30.126,31.757,34.959,,GF,11,,,,,243
elms,2023,Portimao,Autodromo Internacional do Algarve,race,221,34,LMP2 Pro/Am,Louis Deletraz,louis deletraz,74,3.0,22,98.823,30.655,33.021,35.147,,GF,12,,,,,243
elms,2023,Portimao,Autodromo Internacional do Algarve,race,221,34,LMP2 Pro/Am,Louis Deletraz,louis deletraz,75,3.0,23,96.731,30.077,31.547,35.107,,GF,13,,,,,243
elms,2023,Portimao,Autodromo Internacional do Algarve,race,221,34,LMP2 Pro/Am,Louis Deletraz,louis deletraz,76,3.0,24,96.317,30.091,31.322,34.904,,GF,14,,,,,243
elms,2023,Portimao,Autodromo Internacional do Algarve,race,221,34,LMP2 Pro/Am,Louis Deletraz,louis deletraz,77,3.0,25,103.112,30.007,31.195,41.91,,GF,15,,,,,243
elms,2023,Portimao,Autodromo Internacional do Algarve,race,221,34,LMP2 Pro/Am,Louis Deletraz,louis deletraz,78,3.0,26,155.226,88.33,31.866,35.03,60.608,GF,0,,,,,243
elms,2023,Portimao,Autodromo Internacional do Algarve,race,221,34,LMP2 Pro/Am,Louis Deletraz,louis deletraz,79,3.0,27,97.284,30.252,31.051,35.981,,GF,0,,,,,243
elms,2023,Portimao,Autodromo Internacional do Algarve,race,221,34,LMP2 Pro/Am,Louis Deletraz,louis deletraz,80,3.0,28,97.593,30.426,32.15,35.017,,GF,1,,,,,243
elms,2023,Portimao,Autodromo Internacional do Algarve,race,221,34,LMP2 Pro/Am,Louis Deletraz,louis deletraz,81,3.0,29,154.873,30.546,50.292,74.035,,FCY,2,,,,,243
elms,2023,Portimao,Autodromo Internacional do Algarve,race,221,34,LMP2 Pro/Am,Louis Deletraz,louis deletraz,82,3.0,30,118.239,49.158,33.31,35.771,,GF,2,,,,,243
elms,2023,Portimao,Autodromo Internacional do Algarve,race,221,34,LMP2 Pro/Am,Louis Deletraz,louis deletraz,83,3.0,31,97.531,30.677,31.429,35.425,,GF,3,,,,,243
elms,2023,Portimao,Autodromo Internacional do Algarve,race,221,34,LMP2 Pro/Am,Louis Deletraz,louis deletraz,84,3.0,32,97.176,30.961,31.247,34.968,,GF,4,,,,,243
elms,2023,Portimao,Autodromo Internacional do Algarve,race,221,34,LMP2 Pro/Am,Louis Deletraz,louis deletraz,85,3.0,33,97.436,30.622,31.43,35.384,,GF,5,,,,,243
elms,2023,Portimao,Autodromo Internacional do Algarve,race,221,34,LMP2 Pro/Am,Louis Deletraz,louis deletraz,86,3.0,34,98.558,31.05,31.424,36.084,,GF,6,,,,,243
elms,2023,Portimao,Autodromo Internacional do Algarve,race,221,34,LMP2 Pro/Am,Louis Deletraz,louis deletraz,87,3.0,35,143.262,30.638,38.922,73.702,,FCY,7,,,,,243
elms,2023,Portimao,Autodromo Internacional do Algarve,race,221,34,LMP2 Pro/Am,Louis Deletraz,louis deletraz,88,3.0,36,207.365,72.506,61.036,73.823,,FCY,7,,,,,243
elms,2023,Portimao,Autodromo Internacional do Algarve,race,221,34,LMP2 Pro/Am,Louis Deletraz,louis deletraz,89,3.0,37,172.762,72.904,61.74,38.118,,GF,7,,,,,243
elms,2023,Portimao,Autodromo Internacional do Algarve,race,221,34,LMP2 Pro/Am,Louis Deletraz,louis deletraz,90,3.0,38,102.207,32.531,33.858,35.818,,GF,8,,,,,243
elms,2023,Portimao,Autodromo Internacional do Algarve,race,221,34,LMP2 Pro/Am,Louis Deletraz,louis deletraz,91,3.0,39,96.735,30.629,31.359,34.747,,GF,9,,,,,243
elms,2023,Portimao,Autodromo Internacional do Algarve,race,221,34,LMP2 Pro/Am,Louis Deletraz,louis deletraz,92,3.0,40,97.388,30.323,31.992,35.073,,GF,10,,,,,243
elms,2023,Portimao,Autodromo Internacional do Algarve,race,221,34,LMP2 Pro/Am,Louis Deletraz,louis deletraz,93,3.0,41,96.553,30.078,31.739,34.736,,GF,11,,,,,243
elms,2023,Portimao,Autodromo Internacional do Algarve,race,221,34,LMP2 Pro/Am,Louis Deletraz,louis deletraz,94,3.0,42,98.769,30.906,32.679,35.184,,GF,12,,,,,243
elms,2023,Portimao,Autodromo Internacional do Algarve,race,221,34,LMP2 Pro/Am,Louis Deletraz,louis deletraz,95,3.0,43,166.868,34.18,60.738,71.95,,GF,13,,,,,243
elms,2023,Portimao,Autodromo Internacional do Algarve,race,221,34,LMP2 Pro/Am,Louis Deletraz,louis deletraz,96,3.0,44,99.678,32.879,31.44,35.359,,GF,14,,,,,243
elms,2023,Portimao,Autodromo Internacional do Algarve,race,221,34,LMP2 Pro/Am,Louis Deletraz,louis deletraz,97,3.0,45,97.404,31.234,31.302,34.868,,FF,15,,,,,243
elms,2023,Portimao,Autodromo Internacional do Algarve,race,221,37,LMP2 Pro/Am,Alexandre Coigny,alexandre coigny,1,1.0,0,224.95,98.561,59.375,67.014,,SF,0,,,,,243
elms,2023,Portimao,Autodromo Internacional do Algarve,race,221,37,LMP2 Pro/Am,Alexandre Coigny,alexandre coigny,2,1.0,1,221.302,64.599,64.583,92.12,,RF,0,,,,,243
elms,2023,Portimao,Autodromo Internacional do Algarve,race,221,37,LMP2 Pro/Am,Alexandre Coigny,alexandre coigny,3,1.0,2,2757.539,2644.436,50.618,62.485,,SF,0,,,,,243
elms,2023,Portimao,Autodromo Internacional do Algarve,race,221,37,LMP2 Pro/Am,Alexandre Coigny,alexandre coigny,4,1.0,3,161.357,56.807,50.692,53.858,,SF,0,,,,,243
elms,2023,Portimao,Autodromo Internacional do Algarve,race,221,37,LMP2 Pro/Am,Alexandre Coigny,alexandre coigny,5,1.0,4,151.118,48.052,46.935,56.131,,SF,0,,,,,243
elms,2023,Portimao,Autodromo Internacional do Algarve,race,221,37,LMP2 Pro/Am,Alexandre Coigny,alexandre coigny,6,1.0,5,149.326,50.768,47.426,51.132,,GF,0,,,,,243
elms,2023,Portimao,Autodromo Internacional do Algarve,race,221,37,LMP2 Pro/Am,Alexandre Coigny,alexandre coigny,7,1.0,6,152.852,43.991,61.413,47.448,,GF,1,,,,,243
elms,2023,Portimao,Autodromo Internacional do Algarve,race,221,37,LMP2 Pro/Am,Alexandre Coigny,alexandre coigny,8,1.0,7,130.508,39.973,42.453,48.082,,GF,2,,,,,243
elms,2023,Portimao,Autodromo Internacional do Algarve,race,221,37,LMP2 Pro/Am,Alexandre Coigny,alexandre coigny,9,1.0,8,126.336,39.53,40.693,46.113,,GF,3,,,,,243
elms,2023,Portimao,Autodromo Internacional do Algarve,race,221,37,LMP2 Pro/Am,Alexandre Coigny,alexandre coigny,10,1.0,9,125.783,38.898,41.239,45.646,,GF,4,,,,,243
elms,2023,Portimao,Autodromo Internacional do Algarve,race,221,37,LMP2 Pro/Am,Alexandre Coigny,alexandre coigny,11,1.0,10,125.723,38.959,40.54,46.224,,GF,5,,,,,243
elms,2023,Portimao,Autodromo Internacional do Algarve,race,221,37,LMP2 Pro/Am,Alexandre Coigny,alexandre coigny,12,1.0,11,125.142,39.282,40.54,45.32,,GF,6,,,,,243
elms,2023,Portimao,Autodromo Internacional do Algarve,race,221,37,LMP2 Pro/Am,Alexandre Coigny,alexandre coigny,13,1.0,12,125.211,39.066,40.647,45.498,,GF,7,,,,,243
elms,2023,Portimao,Autodromo Internacional do Algarve,race,221,37,LMP2 Pro/Am,Alexandre Coigny,alexandre coigny,14,1.0,13,129.959,38.727,40.334,50.898,,GF,8,,,,,243
elms,2023,Portimao,Autodromo Internacional do Algarve,race,221,37,LMP2 Pro/Am,Alexandre Coigny,alexandre coigny,15,1.0,14,126.159,38.422,41.365,46.372,,GF,9,,,,,243
elms,2023,Portimao,Autodromo Internacional do Algarve,race,221,37,LMP2 Pro/Am,Alexandre Coigny,alexandre coigny,16,1.0,15,126.355,38.713,40.134,47.508,,GF,10,,,,,243
elms,2023,Portimao,Autodromo Internacional do Algarve,race,221,37,LMP2 Pro/Am,Alexandre Coigny,alexandre coigny,17,1.0,16,124.754,39.017,39.499,46.238,,GF,11,,,,,243
elms,2023,Portimao,Autodromo Internacional do Algarve,race,221,37,LMP2 Pro/Am,Alexandre Coigny,alexandre coigny,18,1.0,17,124.052,39.864,39.675,44.513,,GF,12,,,,,243
elms,2023,Portimao,Autodromo Internacional do Algarve,race,221,37,LMP2 Pro/Am,Alexandre Coigny,alexandre coigny,19,1.0,18,122.083,38.304,39.235,44.544,,GF,13,,,,,243
elms,2023,Portimao,Autodromo Internacional do Algarve,race,221,37,LMP2 Pro/Am,Alexandre Coigny,alexandre coigny,20,1.0,19,120.84,37.555,38.936,44.349,,GF,14,,,,,243
elms,2023,Portimao,Autodromo Internacional do Algarve,race,221,37,LMP2 Pro/Am,Alexandre Coigny,alexandre coigny,21,1.0,20,122.277,38.322,38.966,44.989,,GF,15,,,,,243
elms,2023,Portimao,Autodromo Internacional do Algarve,race,221,37,LMP2 Pro/Am,Alexandre Coigny,alexandre coigny,22,1.0,21,122.487,37.776,38.756,45.955,,GF,16,,,,,243
elms,2023,Portimao,Autodromo Internacional do Algarve,race,221,37,LMP2 Pro/Am,Alexandre Coigny,alexandre coigny,23,1.0,22,132.067,38.757,38.938,54.372,,GF,17,,,,,243
elms,2023,Portimao,Autodromo Internacional do Algarve,race,221,37,LMP2 Pro/Am,Nicolas Lapierre,nicolas lapierre,24,2.0,0,172.171,91.479,37.819,42.873,60.558,GF,0,,,,,243
elms,2023,Portimao,Autodromo Internacional do Algarve,race,221,37,LMP2 Pro/Am,Nicolas Lapierre,nicolas lapierre,25,2.0,1,115.425,36.212,37.274,41.939,,GF,0,,,,,243
elms,2023,Portimao,Autodromo Internacional do Algarve,race,221,37,LMP2 Pro/Am,Nicolas Lapierre,nicolas lapierre,26,2.0,2,114.534,36.762,36.746,41.026,,GF,1,,,,,243
elms,2023,Portimao,Autodromo Internacional do Algarve,race,221,37,LMP2 Pro/Am,Nicolas Lapierre,nicolas lapierre,27,2.0,3,115.063,35.811,36.988,42.264,,GF,2,,,,,243
elms,2023,Portimao,Autodromo Internacional do Algarve,race,221,37,LMP2 Pro/Am,Nicolas Lapierre,nicolas lapierre,28,2.0,4,114.538,35.687,37.606,41.245,,GF,3,,,,,243
elms,2023,Portimao,Autodromo Internacional do Algarve,race,221,37,LMP2 Pro/Am,Nicolas Lapierre,nicolas lapierre,29,2.0,5,155.399,35.757,44.029,75.613,,GF,4,,,,,243
elms,2023,Portimao,Autodromo Internacional do Algarve,race,221,37,LMP2 Pro/Am,Nicolas Lapierre,nicolas lapierre,30,2.0,6,118.371,39.274,37.037,42.06,,GF,5,,,,,243
elms,2023,Portimao,Autodromo Internacional do Algarve,race,221,37,LMP2 Pro/Am,Nicolas Lapierre,nicolas lapierre,31,2.0,7,113.886,35.88,36.569,41.437,,GF,6,,,,,243
elms,2023,Portimao,Autodromo Internacional do Algarve,race,221,37,LMP2 Pro/Am,Nicolas Lapierre,nicolas lapierre,32,2.0,8,113.382,35.595,36.444,41.343,,GF,7,,,,,243
elms,2023,Portimao,Autodromo Internacional do Algarve,race,221,37,LMP2 Pro/Am,Nicolas Lapierre,nicolas lapierre,33,2.0,9,113.184,36.208,36.459,40.517,,GF,8,,,,,243
elms,2023,Portimao,Autodromo Internacional do Algarve,race,221,37,LMP2 Pro/Am,Nicolas Lapierre,nicolas lapierre,34,2.0,10,112.485,35.824,35.965,40.696,,GF,9,,,,,243
elms,2023,Portimao,Autodromo Internacional do Algarve,race,221,37,LMP2 Pro/Am,Nicolas Lapierre,nicolas lapierre,35,2.0,11,112.072,35.159,35.765,41.148,,GF,10,,,,,243
elms,2023,Portimao,Autodromo Internacional do Algarve,race,221,37,LMP2 Pro/Am,Nicolas Lapierre,nicolas lapierre,36,2.0,12,113.275,36.365,35.906,41.004,,GF,11,,,,,243
elms,2023,Portimao,Autodromo Internacional do Algarve,race,221,37,LMP2 Pro/Am,Nicolas Lapierre,nicolas lapierre,37,2.0,13,111.307,35.064,35.625,40.618,,GF,12,,,,,243
elms,2023,Portimao,Autodromo Internacional do Algarve,race,221,37,LMP2 Pro/Am,Nicolas Lapierre,nicolas lapierre,38,2.0,14,111.837,35.269,36.15,40.418,,GF,13,,,,,243
elms,2023,Portimao,Autodromo Internacional do Algarve,race,221,37,LMP2 Pro/Am,Nicolas Lapierre,nicolas lapierre,39,2.0,15,111.232,34.895,35.269,41.068,,GF,14,,,,,243
elms,2023,Portimao,Autodromo Internacional do Algarve,race,221,37,LMP2 Pro/Am,Nicolas Lapierre,nicolas lapierre,40,2.0,16,111.621,35.476,35.564,40.581,,GF,15,,,,,243
elms,2023,Portimao,Autodromo Internacional do Algarve,race,221,37,LMP2 Pro/Am,Nicolas Lapierre,nicolas lapierre,41,2.0,17,109.964,34.479,35.282,40.203,,GF,16,,,,,243
elms,2023,Portimao,Autodromo Internacional do Algarve,race,221,37,LMP2 Pro/Am,Nicolas Lapierre,nicolas lapierre,42,2.0,18,110.747,34.651,35.377,40.719,,GF,17,,,,,243
elms,2023,Portimao,Autodromo Internacional do Algarve,race,221,37,LMP2 Pro/Am,Nicolas Lapierre,nicolas lapierre,43,2.0,19,111.199,35.832,35.199,40.168,,GF,18,,,,,243
elms,2023,Portimao,Autodromo Internacional do Algarve,race,221,37,LMP2 Pro/Am,Nicolas Lapierre,nicolas lapierre,44,2.0,20,109.844,34.706,35.194,39.944,,GF,19,,,,,243
elms,2023,Portimao,Autodromo Internacional do Algarve,race,221,37,LMP2 Pro/Am,Nicolas Lapierre,nicolas lapierre,45,2.0,21,110.739,34.763,34.819,41.157,,GF,20,,,,,243
elms,2023,Portimao,Autodromo Internacional do Algarve,race,221,37,LMP2 Pro/Am,Nicolas Lapierre,nicolas lapierre,46,2.0,22,109.524,34.642,34.981,39.901,,GF,21,,,,,243
elms,2023,Portimao,Autodromo Internacional do Algarve,race,221,37,LMP2 Pro/Am,Nicolas Lapierre,nicolas lapierre,47,2.0,23,110.397,35.258,35.397,39.742,,GF,22,,,,,243
elms,2023,Portimao,Autodromo Internacional do Algarve,race,221,37,LMP2 Pro/Am,Nicolas Lapierre,nicolas lapierre,48,2.0,24,109.181,34.222,34.571,40.388,,GF,23,,,,,243
elms,2023,Portimao,Autodromo Internacional do Algarve,race,221,37,LMP2 Pro/Am,Nicolas Lapierre,nicolas lapierre,49,2.0,25,108.867,34.444,34.811,39.612,,GF,24,,,,,243
elms,2023,Portimao,Autodromo Internacional do Algarve,race,221,37,LMP2 Pro/Am,Nicolas Lapierre,nicolas lapierre,50,2.0,26,114.176,33.691,34.499,45.986,,GF,25,,,,,243
elms,2023,Portimao,Autodromo Internacional do Algarve,race,221,37,LMP2 Pro/Am,Malthe Jakobsen,malthe jakobsen,51,3.0,0,212.771,131.733,39.481,41.557,95.405,GF,0,,,,,243
elms,2023,Portimao,Autodromo Internacional do Algarve,race,221,37,LMP2 Pro/Am,Malthe Jakobsen,malthe jakobsen,52,3.0,1,112.879,37.179,36.538,39.162,,GF,0,,,,,243
elms,2023,Portimao,Autodromo Internacional do Algarve,race,221,37,LMP2 Pro/Am,Malthe Jakobsen,malthe jakobsen,53,3.0,2,107.885,34.83,34.498,38.557,,GF,1,,,,,243
elms,2023,Portimao,Autodromo Internacional do Algarve,race,221,37,LMP2 Pro/Am,Malthe Jakobsen,malthe jakobsen,54,3.0,3,106.418,35.189,33.734,37.495,,GF,2,,,,,243
elms,2023,Portimao,Autodromo Internacional do Algarve,race,221,37,LMP2 Pro/Am,Malthe Jakobsen,malthe jakobsen,55,3.0,4,114.822,34.492,38.078,42.252,,SF,3,,,,,243
elms,2023,Portimao,Autodromo Internacional do Algarve,race,221,37,LMP2 Pro/Am,Malthe Jakobsen,malthe jakobsen,56,3.0,5,155.303,38.868,48.816,67.619,,SF,3,,,,,243
elms,2023,Portimao,Autodromo Internacional do Algarve,race,221,37,LMP2 Pro/Am,Malthe Jakobsen,malthe jakobsen,57,3.0,6,191.133,65.835,52.319,72.979,,SF,3,,,,,243
elms,2023,Portimao,Autodromo Internacional do Algarve,race,221,37,LMP2 Pro/Am,Malthe Jakobsen,malthe jakobsen,58,3.0,7,126.246,48.398,37.059,40.789,,SF,3,,,,,243
elms,2023,Portimao,Autodromo Internacional do Algarve,race,221,37,LMP2 Pro/Am,Malthe Jakobsen,malthe jakobsen,59,3.0,8,115.398,37.981,36.544,40.873,,SF,3,,,,,243
elms,2023,Portimao,Autodromo Internacional do Algarve,race,221,37,LMP2 Pro/Am,Malthe Jakobsen,malthe jakobsen,60,3.0,9,146.93,41.966,45.178,59.786,,SF,3,,,,,243
elms,2023,Portimao,Autodromo Internacional do Algarve,race,221,37,LMP2 Pro/Am,Malthe Jakobsen,malthe jakobsen,61,3.0,10,131.196,46.768,39.903,44.525,,GF,3,,,,,243
elms,2023,Portimao,Autodromo Internacional do Algarve,race,221,37,LMP2 Pro/Am,Malthe Jakobsen,malthe jakobsen,62,3.0,11,108.495,35.524,34.541,38.43,,GF,4,,,,,243
elms,2023,Portimao,Autodromo Internacional do Algarve,race,221,37,LMP2 Pro/Am,Malthe Jakobsen,malthe jakobsen,63,3.0,12,108.77,34.861,34.861,39.048,,GF,5,,,,,243
elms,2023,Portimao,Autodromo Internacional do Algarve,race,221,37,LMP2 Pro/Am,Malthe Jakobsen,malthe jakobsen,64,3.0,13,103.104,32.625,34.183,36.296,,GF,6,,,,,243
elms,2023,Portimao,Autodromo Internacional do Algarve,race,221,37,LMP2 Pro/Am,Malthe Jakobsen,malthe jakobsen,65,3.0,14,102.9,31.39,32.9,38.61,,GF,7,,,,,243
elms,2023,Portimao,Autodromo Internacional do Algarve,race,221,37,LMP2 Pro/Am,Malthe Jakobsen,malthe jakobsen,66,3.0,15,106.362,35.199,34.829,36.334,,GF,8,,,,,243
elms,2023,Portimao,Autodromo Internacional do Algarve,race,221,37,LMP2 Pro/Am,Malthe Jakobsen,malthe jakobsen,67,3.0,16,102.998,33.868,33.464,35.666,,GF,9,,,,,243
elms,2023,Portimao,Autodromo Internacional do Algarve,race,221,37,LMP2 Pro/Am,Malthe Jakobsen,malthe jakobsen,68,3.0,17,98.645,31.705,31.76,35.18,,GF,10,,,,,243
elms,2023,Portimao,Autodromo Internacional do Algarve,race,221,37,LMP2 Pro/Am,Malthe Jakobsen,malthe jakobsen,69,3.0,18,99.42,32.619,31.817,34.984,,GF,11,,,,,243
elms,2023,Portimao,Autodromo Internacional do Algarve,race,221,37,LMP2 Pro/Am,Malthe Jakobsen,malthe jakobsen,70,3.0,19,97.436,30.854,31.533,35.049,,GF,12,,,,,243
elms,2023,Portimao,Autodromo Internacional do Algarve,race,221,37,LMP2 Pro/Am,Malthe Jakobsen,malthe jakobsen,71,3.0,20,97.271,31.129,31.505,34.637,,GF,13,,,,,243
elms,2023,Portimao,Autodromo Internacional do Algarve,race,221,37,LMP2 Pro/Am,Malthe Jakobsen,malthe jakobsen,72,3.0,21,96.391,30.327,31.476,34.588,,GF,14,,,,,243
elms,2023,Portimao,Autodromo Internacional do Algarve,race,221,37,LMP2 Pro/Am,Malthe Jakobsen,malthe jakobsen,73,3.0,22,96.658,30.564,31.447,34.647,,GF,15,,,,,243
elms,2023,Portimao,Autodromo Internacional do Algarve,race,221,37,LMP2 Pro/Am,Malthe Jakobsen,malthe jakobsen,74,3.0,23,96.909,30.202,31.736,34.971,,GF,16,,,,,243
elms,2023,Portimao,Autodromo Internacional do Algarve,race,221,37,LMP2 Pro/Am,Malthe Jakobsen,malthe jakobsen,75,3.0,24,96.562,30.102,30.875,35.585,,GF,17,,,,,243
elms,2023,Portimao,Autodromo Internacional do Algarve,race,221,37,LMP2 Pro/Am,Malthe Jakobsen,malthe jakobsen,76,3.0,25,105.085,30.722,32.07,42.293,,GF,18,,,,,243
elms,2023,Portimao,Autodromo Internacional do Algarve,race,221,37,LMP2 Pro/Am,Malthe Jakobsen,malthe jakobsen,77,3.0,26,162.73,94.743,32.189,35.798,67.01,GF,0,,,,,243
elms,2023,Portimao,Autodromo Internacional do Algarve,race,221,37,LMP2 Pro/Am,Malthe Jakobsen,malthe jakobsen,78,3.0,27,97.933,30.73,31.523,35.68,,GF,0,,,,,243
elms,2023,Portimao,Autodromo Internacional do Algarve,race,221,37,LMP2 Pro/Am,Malthe Jakobsen,malthe jakobsen,79,3.0,28,96.704,30.411,31.412,34.881,,GF,1,,,,,243
elms,2023,Portimao,Autodromo Internacional do Algarve,race,221,37,LMP2 Pro/Am,Malthe Jakobsen,malthe jakobsen,80,3.0,29,99.225,31.967,32.174,35.084,,GF,2,,,,,243
elms,2023,Portimao,Autodromo Internacional do Algarve,race,221,37,LMP2 Pro/Am,Malthe Jakobsen,malthe jakobsen,81,3.0,30,147.356,29.958,43.571,73.827,,FCY,3,,,,,243
elms,2023,Portimao,Autodromo Internacional do Algarve,race,221,37,LMP2 Pro/Am,Malthe Jakobsen,malthe jakobsen,82,3.0,31,125.027,57.845,31.423,35.759,,GF,3,,,,,243
elms,2023,Portimao,Autodromo Internacional do Algarve,race,221,37,LMP2 Pro/Am,Malthe Jakobsen,malthe jakobsen,83,3.0,32,96.534,30.36,31.497,34.677,,GF,4,,,,,243
elms,2023,Portimao,Autodromo Internacional do Algarve,race,221,37,LMP2 Pro/Am,Malthe Jakobsen,malthe jakobsen,84,3.0,33,96.801,30.484,31.634,34.683,,GF,5,,,,,243
elms,2023,Portimao,Autodromo Internacional do Algarve,race,221,37,LMP2 Pro/Am,Malthe Jakobsen,malthe jakobsen,85,3.0,34,99.707,31.662,32.852,35.193,,GF,6,,,,,243
elms,2023,Portimao,Autodromo Internacional do Algarve,race,221,37,LMP2 Pro/Am,Malthe Jakobsen,malthe jakobsen,86,3.0,35,97.991,30.88,32.059,35.052,,GF,7,,,,,243
elms,2023,Portimao,Autodromo Internacional do Algarve,race,221,37,LMP2 Pro/Am,Malthe Jakobsen,malthe jakobsen,87,3.0,36,124.982,29.937,31.143,63.902,,FCY,8,,,,,243
elms,2023,Portimao,Autodromo Internacional do Algarve,race,221,37,LMP2 Pro/Am,Malthe Jakobsen,malthe jakobsen,88,3.0,37,207.213,72.26,60.933,74.02,,FCY,8,,,,,243
elms,2023,Portimao,Autodromo Internacional do Algarve,race,221,37,LMP2 Pro/Am,Malthe Jakobsen,malthe jakobsen,89,3.0,38,184.303,72.428,61.164,50.711,,GF,8,,,,,243
elms,2023,Portimao,Autodromo Internacional do Algarve,race,221,37,LMP2 Pro/Am,Malthe Jakobsen,malthe jakobsen,90,3.0,39,101.277,32.055,32.258,36.964,,GF,9,,,,,243
elms,2023,Portimao,Autodromo Internacional do Algarve,race,221,37,LMP2 Pro/Am,Malthe Jakobsen,malthe jakobsen,91,3.0,40,98.685,30.401,31.885,36.399,,GF,10,,,,,243
elms,2023,Portimao,Autodromo Internacional do Algarve,race,221,37,LMP2 Pro/Am,Malthe Jakobsen,malthe jakobsen,92,3.0,41,96.029,30.123,30.827,35.079,,GF,11,,,,,243
elms,2023,Portimao,Autodromo Internacional do Algarve,race,221,37,LMP2 Pro/Am,Malthe Jakobsen,malthe jakobsen,93,3.0,42,96.535,30.279,31.232,35.024,,GF,12,,,,,243
elms,2023,Portimao,Autodromo Internacional do Algarve,race,221,37,LMP2 Pro/Am,Malthe Jakobsen,malthe jakobsen,94,3.0,43,96.459,30.13,31.59,34.739,,GF,13,,,,,243
elms,2023,Portimao,Autodromo Internacional do Algarve,race,221,37,LMP2 Pro/Am,Malthe Jakobsen,malthe jakobsen,95,3.0,44,148.064,30.196,44.266,73.602,,FCY,14,,,,,243
elms,2023,Portimao,Autodromo Internacional do Algarve,race,221,37,LMP2 Pro/Am,Malthe Jakobsen,malthe jakobsen,96,3.0,45,122.95,55.884,31.705,35.361,,GF,14,,,,,243
elms,2023,Portimao,Autodromo Internacional do Algarve,race,221,37,LMP2 Pro/Am,Malthe Jakobsen,malthe jakobsen,97,3.0,46,95.864,30.247,30.887,34.73,,FF,15,,,,,243
elms,2023,Portimao,Autodromo Internacional do Algarve,race,221,81,LMP2 Pro/Am,Henrik Hedman,henrik hedman,1,1.0,0,215.943,88.805,57.783,69.355,,SF,0,,,,,243
elms,2023,Portimao,Autodromo Internacional do Algarve,race,221,81,LMP2 Pro/Am,Henrik Hedman,henrik hedman,2,1.0,1,216.13,62.503,61.805,91.822,,RF,0,,,,,243
elms,2023,Portimao,Autodromo Internacional do Algarve,race,221,81,LMP2 Pro/Am,Henrik Hedman,henrik hedman,3,1.0,2,2765.632,2643.823,57.974,63.835,,SF,0,,,,,243
elms,2023,Portimao,Autodromo Internacional do Algarve,race,221,81,LMP2 Pro/Am,Henrik Hedman,henrik hedman,4,1.0,3,159.413,56.88,48.829,53.704,,SF,0,,,,,243
elms,2023,Portimao,Autodromo Internacional do Algarve,race,221,81,LMP2 Pro/Am,Henrik Hedman,henrik hedman,5,1.0,4,155.013,50.703,46.497,57.813,,SF,0,,,,,243
elms,2023,Portimao,Autodromo Internacional do Algarve,race,221,81,LMP2 Pro/Am,Henrik Hedman,henrik hedman,6,1.0,5,151.427,48.768,46.963,55.696,,GF,0,,,,,243
elms,2023,Portimao,Autodromo Internacional do Algarve,race,221,81,LMP2 Pro/Am,Henrik Hedman,henrik hedman,7,1.0,6,131.517,42.359,42.456,46.702,,GF,1,,,,,243
elms,2023,Portimao,Autodromo Internacional do Algarve,race,221,81,LMP2 Pro/Am,Henrik Hedman,henrik hedman,8,1.0,7,130.043,40.224,42.515,47.304,,GF,2,,,,,243
elms,2023,Portimao,Autodromo Internacional do Algarve,race,221,81,LMP2 Pro/Am,Henrik Hedman,henrik hedman,9,1.0,8,129.508,38.918,43.823,46.767,,GF,3,,,,,243
elms,2023,Portimao,Autodromo Internacional do Algarve,race,221,81,LMP2 Pro/Am,Henrik Hedman,henrik hedman,10,1.0,9,125.819,39.15,41.547,45.122,,GF,4,,,,,243
elms,2023,Portimao,Autodromo Internacional do Algarve,race,221,81,LMP2 Pro/Am,Henrik Hedman,henrik hedman,11,1.0,10,129.411,38.629,41.025,49.757,,GF,5,,,,,243
elms,2023,Portimao,Autodromo Internacional do Algarve,race,221,81,LMP2 Pro/Am,Henrik Hedman,henrik hedman,12,1.0,11,124.468,38.944,40.357,45.167,,GF,6,,,,,243
elms,2023,Portimao,Autodromo Internacional do Algarve,race,221,81,LMP2 Pro/Am,Henrik Hedman,henrik hedman,13,1.0,12,123.745,38.711,40.235,44.799,,GF,7,,,,,243
elms,2023,Portimao,Autodromo Internacional do Algarve,race,221,81,LMP2 Pro/Am,Henrik Hedman,henrik hedman,14,1.0,13,123.529,39.214,39.342,44.973,,GF,8,,,,,243
elms,2023,Portimao,Autodromo Internacional do Algarve,race,221,81,LMP2 Pro/Am,Henrik Hedman,henrik hedman,15,1.0,14,122.804,38.428,39.262,45.114,,GF,9,,,,,243
elms,2023,Portimao,Autodromo Internacional do Algarve,race,221,81,LMP2 Pro/Am,Henrik Hedman,henrik hedman,16,1.0,15,122.891,37.524,40.347,45.02,,GF,10,,,,,243
elms,2023,Portimao,Autodromo Internacional do Algarve,race,221,81,LMP2 Pro/Am,Henrik Hedman,henrik hedman,17,1.0,16,123.968,39.155,39.611,45.202,,GF,11,,,,,243
elms,2023,Portimao,Autodromo Internacional do Algarve,race,221,81,LMP2 Pro/Am,Henrik Hedman,henrik hedman,18,1.0,17,123.53,38.708,40.083,44.739,,GF,12,,,,,243
elms,2023,Portimao,Autodromo Internacional do Algarve,race,221,81,LMP2 Pro/Am,Henrik Hedman,henrik hedman,19,1.0,18,121.647,38.398,38.95,44.299,,GF,13,,,,,243
elms,2023,Portimao,Autodromo Internacional do Algarve,race,221,81,LMP2 Pro/Am,Henrik Hedman,henrik hedman,20,1.0,19,133.286,37.421,50.827,45.038,,GF,14,,,,,243
elms,2023,Portimao,Autodromo Internacional do Algarve,race,221,81,LMP2 Pro/Am,Henrik Hedman,henrik hedman,21,1.0,20,122.726,37.665,39.418,45.643,,GF,15,,,,,243
elms,2023,Portimao,Autodromo Internacional do Algarve,race,221,81,LMP2 Pro/Am,Henrik Hedman,henrik hedman,22,1.0,21,122.508,37.847,39.668,44.993,,GF,16,,,,,243
elms,2023,Portimao,Autodromo Internacional do Algarve,race,221,81,LMP2 Pro/Am,Henrik Hedman,henrik hedman,23,1.0,22,132.214,39.181,40.426,52.607,,GF,17,,,,,243
elms,2023,Portimao,Autodromo Internacional do Algarve,race,221,81,LMP2 Pro/Am,Juan Pablo Montoya,juan pablo montoya,24,2.0,0,174.183,93.403,38.097,42.683,62.861,GF,0,,,,,243
elms,2023,Portimao,Autodromo Internacional do Algarve,race,221,81,LMP2 Pro/Am,Juan Pablo Montoya,juan pablo montoya,25,2.0,1,114.748,36.34,36.872,41.536,,GF,0,,,,,243
elms,2023,Portimao,Autodromo Internacional do Algarve,race,221,81,LMP2 Pro/Am,Juan Pablo Montoya,juan pablo montoya,26,2.0,2,113.641,35.601,36.596,41.444,,GF,1,,,,,243
elms,2023,Portimao,Autodromo Internacional do Algarve,race,221,81,LMP2 Pro/Am,Juan Pablo Montoya,juan pablo montoya,27,2.0,3,115.035,35.507,36.41,43.118,,GF,2,,,,,243
elms,2023,Portimao,Autodromo Internacional do Algarve,race,221,81,LMP2 Pro/Am,Juan Pablo Montoya,juan pablo montoya,28,2.0,4,114.22,35.65,36.387,42.183,,GF,3,,,,,243
elms,2023,Portimao,Autodromo Internacional do Algarve,race,221,81,LMP2 Pro/Am,Juan Pablo Montoya,juan pablo montoya,29,2.0,5,141.914,36.674,36.582,68.658,,FCY,4,,,,,243
elms,2023,Portimao,Autodromo Internacional do Algarve,race,221,81,LMP2 Pro/Am,Juan Pablo Montoya,juan pablo montoya,30,2.0,6,137.79,58.626,37.4,41.764,,GF,4,,,,,243
elms,2023,Portimao,Autodromo Internacional do Algarve,race,221,81,LMP2 Pro/Am,Juan Pablo Montoya,juan pablo montoya,31,2.0,7,114.868,35.818,37.581,41.469,,GF,5,,,,,243
elms,2023,Portimao,Autodromo Internacional do Algarve,race,221,81,LMP2 Pro/Am,Juan Pablo Montoya,juan pablo montoya,32,2.0,8,115.163,37.437,36.24,41.486,,GF,6,,,,,243
elms,2023,Portimao,Autodromo Internacional do Algarve,race,221,81,LMP2 Pro/Am,Juan Pablo Montoya,juan pablo montoya,33,2.0,9,112.816,35.543,36.084,41.189,,GF,7,,,,,243
elms,2023,Portimao,Autodromo Internacional do Algarve,race,221,81,LMP2 Pro/Am,Juan Pablo Montoya,juan pablo montoya,34,2.0,10,113.483,35.711,36.405,41.367,,GF,8,,,,,243
elms,2023,Portimao,Autodromo Internacional do Algarve,race,221,81,LMP2 Pro/Am,Juan Pablo Montoya,juan pablo montoya,35,2.0,11,113.062,35.485,36.016,41.561,,GF,9,,,,,243
elms,2023,Portimao,Autodromo Internacional do Algarve,race,221,81,LMP2 Pro/Am,Juan Pablo Montoya,juan pablo montoya,36,2.0,12,112.367,35.842,35.569,40.956,,GF,10,,,,,243
elms,2023,Portimao,Autodromo Internacional do Algarve,race,221,81,LMP2 Pro/Am,Juan Pablo Montoya,juan pablo montoya,37,2.0,13,111.344,34.952,35.584,40.808,,GF,11,,,,,243
elms,2023,Portimao,Autodromo Internacional do Algarve,race,221,81,LMP2 Pro/Am,Juan Pablo Montoya,juan pablo montoya,38,2.0,14,111.576,34.958,35.5,41.118,,GF,12,,,,,243
elms,2023,Portimao,Autodromo Internacional do Algarve,race,221,81,LMP2 Pro/Am,Juan Pablo Montoya,juan pablo montoya,39,2.0,15,112.038,35.079,35.971,40.988,,GF,13,,,,,243
elms,2023,Portimao,Autodromo Internacional do Algarve,race,221,81,LMP2 Pro/Am,Juan Pablo Montoya,juan pablo montoya,40,2.0,16,111.181,34.776,35.49,40.915,,GF,14,,,,,243
elms,2023,Portimao,Autodromo Internacional do Algarve,race,221,81,LMP2 Pro/Am,Juan Pablo Montoya,juan pablo montoya,41,2.0,17,112.71,34.85,35.919,41.941,,GF,15,,,,,243
elms,2023,Portimao,Autodromo Internacional do Algarve,race,221,81,LMP2 Pro/Am,Juan Pablo Montoya,juan pablo montoya,42,2.0,18,112.072,35.15,35.592,41.33,,GF,16,,,,,243
elms,2023,Portimao,Autodromo Internacional do Algarve,race,221,81,LMP2 Pro/Am,Juan Pablo Montoya,juan pablo montoya,43,2.0,19,111.667,35.616,35.3,40.751,,GF,17,,,,,243
elms,2023,Portimao,Autodromo Internacional do Algarve,race,221,81,LMP2 Pro/Am,Juan Pablo Montoya,juan pablo montoya,44,2.0,20,111.606,34.859,35.595,41.152,,GF,18,,,,,243
elms,2023,Portimao,Autodromo Internacional do Algarve,race,221,81,LMP2 Pro/Am,Juan Pablo Montoya,juan pablo montoya,45,2.0,21,110.928,34.921,35.303,40.704,,GF,19,,,,,243
elms,2023,Portimao,Autodromo Internacional do Algarve,race,221,81,LMP2 Pro/Am,Juan Pablo Montoya,juan pablo montoya,46,2.0,22,110.285,34.712,35.26,40.313,,GF,20,,,,,243
elms,2023,Portimao,Autodromo Internacional do Algarve,race,221,81,LMP2 Pro/Am,Juan Pablo Montoya,juan pablo montoya,47,2.0,23,111.93,35.892,35.465,40.573,,GF,21,,,,,243
elms,2023,Portimao,Autodromo Internacional do Algarve,race,221,81,LMP2 Pro/Am,Juan Pablo Montoya,juan pablo montoya,48,2.0,24,111.488,35.143,35.681,40.664,,GF,22,,,,,243
elms,2023,Portimao,Autodromo Internacional do Algarve,race,221,81,LMP2 Pro/Am,Juan Pablo Montoya,juan pablo montoya,49,2.0,25,110.839,34.763,35.419,40.657,,GF,23,,,,,243
elms,2023,Portimao,Autodromo Internacional do Algarve,race,221,81,LMP2 Pro/Am,Juan Pablo Montoya,juan pablo montoya,50,2.0,26,115.755,34.631,34.94,46.184,,GF,24,,,,,243
elms,2023,Portimao,Autodromo Internacional do Algarve,race,221,81,LMP2 Pro/Am,Sebastian Montoya,sebastian montoya,51,3.0,0,218.076,133.764,40.641,43.671,98.356,GF,0,,,,,243
elms,2023,Portimao,Autodromo Internacional do Algarve,race,221,81,LMP2 Pro/Am,Sebastian Montoya,sebastian montoya,52,3.0,1,117.879,38.046,38.875,40.958,,GF,0,,,,,243
elms,2023,Portimao,Autodromo Internacional do Algarve,race,221,81,LMP2 Pro/Am,Sebastian Montoya,sebastian montoya,53,3.0,2,112.138,35.648,36.509,39.981,,GF,1,,,,,243
elms,2023,Portimao,Autodromo Internacional do Algarve,race,221,81,LMP2 Pro/Am,Sebastian Montoya,sebastian montoya,54,3.0,3,109.826,34.67,36.371,38.785,,GF,2,,,,,243
elms,2023,Portimao,Autodromo Internacional do Algarve,race,221,81,LMP2 Pro/Am,Sebastian Montoya,sebastian montoya,55,3.0,4,120.518,36.732,39.138,44.648,,SF,3,,,,,243
elms,2023,Portimao,Autodromo Internacional do Algarve,race,221,81,LMP2 Pro/Am,Sebastian Montoya,sebastian montoya,56,3.0,5,134.506,39.892,39.172,55.442,,SF,3,,,,,243
elms,2023,Portimao,Autodromo Internacional do Algarve,race,221,81,LMP2 Pro/Am,Sebastian Montoya,sebastian montoya,57,3.0,6,187.425,67.209,51.062,69.154,,SF,3,,,,,243
elms,2023,Portimao,Autodromo Internacional do Algarve,race,221,81,LMP2 Pro/Am,Sebastian Montoya,sebastian montoya,58,3.0,7,127.794,48.221,38.134,41.439,,SF,3,,,,,243
elms,2023,Portimao,Autodromo Internacional do Algarve,race,221,81,LMP2 Pro/Am,Sebastian Montoya,sebastian montoya,59,3.0,8,113.863,36.687,36.5,40.676,,SF,3,,,,,243
elms,2023,Portimao,Autodromo Internacional do Algarve,race,221,81,LMP2 Pro/Am,Sebastian Montoya,sebastian montoya,60,3.0,9,147.005,41.96,45.422,59.623,,SF,3,,,,,243
elms,2023,Portimao,Autodromo Internacional do Algarve,race,221,81,LMP2 Pro/Am,Sebastian Montoya,sebastian montoya,61,3.0,10,130.098,46.862,39.407,43.829,,GF,3,,,,,243
elms,2023,Portimao,Autodromo Internacional do Algarve,race,221,81,LMP2 Pro/Am,Sebastian Montoya,sebastian montoya,62,3.0,11,110.001,35.007,36.268,38.726,,GF,4,,,,,243
elms,2023,Portimao,Autodromo Internacional do Algarve,race,221,81,LMP2 Pro/Am,Sebastian Montoya,sebastian montoya,63,3.0,12,111.004,35.617,36.277,39.11,,GF,5,,,,,243
elms,2023,Portimao,Autodromo Internacional do Algarve,race,221,81,LMP2 Pro/Am,Sebastian Montoya,sebastian montoya,64,3.0,13,106.016,34.842,34.212,36.962,,GF,6,,,,,243
elms,2023,Portimao,Autodromo Internacional do Algarve,race,221,81,LMP2 Pro/Am,Sebastian Montoya,sebastian montoya,65,3.0,14,103.118,33.181,33.582,36.355,,GF,7,,,,,243
elms,2023,Portimao,Autodromo Internacional do Algarve,race,221,81,LMP2 Pro/Am,Sebastian Montoya,sebastian montoya,66,3.0,15,103.904,32.17,34.913,36.821,,GF,8,,,,,243
elms,2023,Portimao,Autodromo Internacional do Algarve,race,221,81,LMP2 Pro/Am,Sebastian Montoya,sebastian montoya,67,3.0,16,104.964,34.457,33.429,37.078,,GF,9,,,,,243
elms,2023,Portimao,Autodromo Internacional do Algarve,race,221,81,LMP2 Pro/Am,Sebastian Montoya,sebastian montoya,68,3.0,17,102.234,32.266,32.993,36.975,,GF,10,,,,,243
elms,2023,Portimao,Autodromo Internacional do Algarve,race,221,81,LMP2 Pro/Am,Sebastian Montoya,sebastian montoya,69,3.0,18,101.252,32.351,32.381,36.52,,GF,11,,,,,243
elms,2023,Portimao,Autodromo Internacional do Algarve,race,221,81,LMP2 Pro/Am,Sebastian Montoya,sebastian montoya,70,3.0,19,99.394,31.428,32.383,35.583,,GF,12,,,,,243
elms,2023,Portimao,Autodromo Internacional do Algarve,race,221,81,LMP2 Pro/Am,Sebastian Montoya,sebastian montoya,71,3.0,20,100.628,31.159,33.476,35.993,,GF,13,,,,,243
elms,2023,Portimao,Autodromo Internacional do Algarve,race,221,81,LMP2 Pro/Am,Sebastian Montoya,sebastian montoya,72,3.0,21,98.75,30.789,31.76,36.201,,GF,14,,,,,243
elms,2023,Portimao,Autodromo Internacional do Algarve,race,221,81,LMP2 Pro/Am,Sebastian Montoya,sebastian montoya,73,3.0,22,98.596,30.812,32.179,35.605,,GF,15,,,,,243
elms,2023,Portimao,Autodromo Internacional do Algarve,race,221,81,LMP2 Pro/Am,Sebastian Montoya,sebastian montoya,74,3.0,23,99.936,30.845,32.882,36.209,,GF,16,,,,,243
elms,2023,Portimao,Autodromo Internacional do Algarve,race,221,81,LMP2 Pro/Am,Sebastian Montoya,sebastian montoya,75,3.0,24,99.101,30.761,31.884,36.456,,GF,17,,,,,243
elms,2023,Portimao,Autodromo Internacional do Algarve,race,221,81,LMP2 Pro/Am,Sebastian Montoya,sebastian montoya,76,3.0,25,98.569,31.184,32.266,35.119,,GF,18,,,,,243
elms,2023,Portimao,Autodromo Internacional do Algarve,race,221,81,LMP2 Pro/Am,Sebastian Montoya,sebastian montoya,77,3.0,26,98.555,30.77,32.152,35.633,,GF,19,,,,,243
elms,2023,Portimao,Autodromo Internacional do Algarve,race,221,81,LMP2 Pro/Am,Sebastian Montoya,sebastian montoya,78,3.0,27,104.379,30.659,31.919,41.801,,GF,20,,,,,243
elms,2023,Portimao,Autodromo Internacional do Algarve,race,221,81,LMP2 Pro/Am,Sebastian Montoya,sebastian montoya,79,3.0,28,163.922,95.948,32.431,35.543,68.743,GF,0,,,,,243
elms,2023,Portimao,Autodromo Internacional do Algarve,race,221,81,LMP2 Pro/Am,Sebastian Montoya,sebastian montoya,80,3.0,29,98.119,30.762,31.677,35.68,,GF,0,,,,,243
elms,2023,Portimao,Autodromo Internacional do Algarve,race,221,81,LMP2 Pro/Am,Sebastian Montoya,sebastian montoya,81,3.0,30,166.171,39.153,61.378,65.64,,GF,1,,,,,243
elms,2023,Portimao,Autodromo Internacional do Algarve,race,221,81,LMP2 Pro/Am,Sebastian Montoya,sebastian montoya,82,3.0,31,99.609,31.313,32.446,35.85,,GF,2,,,,,243
elms,2023,Portimao,Autodromo Internacional do Algarve,race,221,81,LMP2 Pro/Am,Sebastian Montoya,sebastian montoya,83,3.0,32,98.488,30.329,32.096,36.063,,GF,3,,,,,243
elms,2023,Portimao,Autodromo Internacional do Algarve,race,221,81,LMP2 Pro/Am,Sebastian Montoya,sebastian montoya,84,3.0,33,97.121,30.367,31.72,35.034,,GF,4,,,,,243
elms,2023,Portimao,Autodromo Internacional do Algarve,race,221,81,LMP2 Pro/Am,Sebastian Montoya,sebastian montoya,85,3.0,34,97.332,30.225,31.696,35.411,,GF,5,,,,,243
elms,2023,Portimao,Autodromo Internacional do Algarve,race,221,81,LMP2 Pro/Am,Sebastian Montoya,sebastian montoya,86,3.0,35,96.934,30.419,31.261,35.254,,GF,6,,,,,243
elms,2023,Portimao,Autodromo Internacional do Algarve,race,221,81,LMP2 Pro/Am,Sebastian Montoya,sebastian montoya,87,3.0,36,154.077,30.391,49.252,74.434,,FCY,7,,,,,243
elms,2023,Portimao,Autodromo Internacional do Algarve,race,221,81,LMP2 Pro/Am,Sebastian Montoya,sebastian montoya,88,3.0,37,209.755,73.521,61.675,74.559,,FCY,7,,,,,243
elms,2023,Portimao,Autodromo Internacional do Algarve,race,221,81,LMP2 Pro/Am,Sebastian Montoya,sebastian montoya,89,3.0,38,163.712,73.62,50.272,39.82,,GF,7,,,,,243
elms,2023,Portimao,Autodromo Internacional do Algarve,race,221,81,LMP2 Pro/Am,Sebastian Montoya,sebastian montoya,90,3.0,39,98.469,31.139,31.735,35.595,,GF,8,,,,,243
elms,2023,Portimao,Autodromo Internacional do Algarve,race,221,81,LMP2 Pro/Am,Sebastian Montoya,sebastian montoya,91,3.0,40,97.511,30.888,31.46,35.163,,GF,9,,,,,243
elms,2023,Portimao,Autodromo Internacional do Algarve,race,221,81,LMP2 Pro/Am,Sebastian Montoya,sebastian montoya,92,3.0,41,98.884,30.739,32.564,35.581,,GF,10,,,,,243
elms,2023,Portimao,Autodromo Internacional do Algarve,race,221,81,LMP2 Pro/Am,Sebastian Montoya,sebastian montoya,93,3.0,42,96.705,30.303,31.518,34.884,,GF,11,,,,,243
elms,2023,Portimao,Autodromo Internacional do Algarve,race,221,81,LMP2 Pro/Am,Sebastian Montoya,sebastian montoya,94,3.0,43,97.109,30.233,31.404,35.472,,GF,12,,,,,243
elms,2023,Portimao,Autodromo Internacional do Algarve,race,221,81,LMP2 Pro/Am,Sebastian Montoya,sebastian montoya,95,3.0,44,163.258,46.174,61.321,55.763,,GF,13,,,,,243
elms,2023,Portimao,Autodromo Internacional do Algarve,race,221,81,LMP2 Pro/Am,Sebastian Montoya,sebastian montoya,96,3.0,45,101.587,31.792,33.163,36.632,,GF,14,,,,,243
elms,2023,Portimao,Autodromo Internacional do Algarve,race,221,81,LMP2 Pro/Am,Sebastian Montoya,sebastian montoya,97,3.0,46,98.365,31.489,31.837,35.039,,FF,15,,,,,243
elms,2023,Portimao,Autodromo Internacional do Algarve,race,221,83,LMP2 Pro/Am,Francois Perrodo,francois perrodo,1,1.0,0,218.189,90.546,57.741,69.902,,SF,0,,,,,243
elms,2023,Portimao,Autodromo Internacional do Algarve,race,221,83,LMP2 Pro/Am,Francois Perrodo,francois perrodo,2,1.0,1,217.332,62.451,62.942,91.939,,RF,0,,,,,243
elms,2023,Portimao,Autodromo Internacional do Algarve,race,221,83,LMP2 Pro/Am,Francois Perrodo,francois perrodo,3,1.0,2,2763.651,2642.661,56.768,64.222,,SF,0,,,,,243
elms,2023,Portimao,Autodromo Internacional do Algarve,race,221,83,LMP2 Pro/Am,Francois Perrodo,francois perrodo,4,1.0,3,159.338,56.606,49.01,53.722,,SF,0,,,,,243
elms,2023,Portimao,Autodromo Internacional do Algarve,race,221,83,LMP2 Pro/Am,Francois Perrodo,francois perrodo,5,1.0,4,154.571,50.423,46.852,57.296,,SF,0,,,,,243
elms,2023,Portimao,Autodromo Internacional do Algarve,race,221,83,LMP2 Pro/Am,Francois Perrodo,francois perrodo,6,1.0,5,150.79,48.925,46.601,55.264,,GF,0,,,,,243
elms,2023,Portimao,Autodromo Internacional do Algarve,race,221,83,LMP2 Pro/Am,Francois Perrodo,francois perrodo,7,1.0,6,128.488,42.539,40.55,45.399,,GF,1,,,,,243
elms,2023,Portimao,Autodromo Internacional do Algarve,race,221,83,LMP2 Pro/Am,Francois Perrodo,francois perrodo,8,1.0,7,125.613,39.657,40.616,45.34,,GF,2,,,,,243
elms,2023,Portimao,Autodromo Internacional do Algarve,race,221,83,LMP2 Pro/Am,Francois Perrodo,francois perrodo,9,1.0,8,125.643,38.887,41.616,45.14,,GF,3,,,,,243
elms,2023,Portimao,Autodromo Internacional do Algarve,race,221,83,LMP2 Pro/Am,Francois Perrodo,francois perrodo,10,1.0,9,124.042,38.45,39.115,46.477,,GF,4,,,,,243
elms,2023,Portimao,Autodromo Internacional do Algarve,race,221,83,LMP2 Pro/Am,Francois Perrodo,francois perrodo,11,1.0,10,121.844,37.118,38.738,45.988,,GF,5,,,,,243
elms,2023,Portimao,Autodromo Internacional do Algarve,race,221,83,LMP2 Pro/Am,Francois Perrodo,francois perrodo,12,1.0,11,120.838,39.131,38.383,43.324,,GF,6,,,,,243
elms,2023,Portimao,Autodromo Internacional do Algarve,race,221,83,LMP2 Pro/Am,Francois Perrodo,francois perrodo,13,1.0,12,119.634,37.792,38.478,43.364,,GF,7,,,,,243
elms,2023,Portimao,Autodromo Internacional do Algarve,race,221,83,LMP2 Pro/Am,Francois Perrodo,francois perrodo,14,1.0,13,118.941,37.409,38.517,43.015,,GF,8,,,,,243
elms,2023,Portimao,Autodromo Internacional do Algarve,race,221,83,LMP2 Pro/Am,Francois Perrodo,francois perrodo,15,1.0,14,119.601,37.725,38.528,43.348,,GF,9,,,,,243
elms,2023,Portimao,Autodromo Internacional do Algarve,race,221,83,LMP2 Pro/Am,Francois Perrodo,francois perrodo,16,1.0,15,118.462,37.345,38.387,42.73,,GF,10,,,,,243
elms,2023,Portimao,Autodromo Internacional do Algarve,race,221,83,LMP2 Pro/Am,Francois Perrodo,francois perrodo,17,1.0,16,120.967,37.636,38.546,44.785,,GF,11,,,,,243
elms,2023,Portimao,Autodromo Internacional do Algarve,race,221,83,LMP2 Pro/Am,Francois Perrodo,francois perrodo,18,1.0,17,118.762,37.555,38.433,42.774,,GF,12,,,,,243
elms,2023,Portimao,Autodromo Internacional do Algarve,race,221,83,LMP2 Pro/Am,Francois Perrodo,francois perrodo,19,1.0,18,116.961,36.784,37.57,42.607,,GF,13,,,,,243
elms,2023,Portimao,Autodromo Internacional do Algarve,race,221,83,LMP2 Pro/Am,Francois Perrodo,francois perrodo,20,1.0,19,117.986,37.372,38.034,42.58,,GF,14,,,,,243
elms,2023,Portimao,Autodromo Internacional do Algarve,race,221,83,LMP2 Pro/Am,Francois Perrodo,francois perrodo,21,1.0,20,116.326,36.587,37.591,42.148,,GF,15,,,,,243
elms,2023,Portimao,Autodromo Internacional do Algarve,race,221,83,LMP2 Pro/Am,Francois Perrodo,francois perrodo,22,1.0,21,119.222,36.971,38.025,44.226,,GF,16,,,,,243
elms,2023,Portimao,Autodromo Internacional do Algarve,race,221,83,LMP2 Pro/Am,Francois Perrodo,francois perrodo,23,1.0,22,127.113,37.173,39.049,50.891,,GF,17,,,,,243
elms,2023,Portimao,Autodromo Internacional do Algarve,race,221,83,LMP2 Pro/Am,Matthieu Vaxiviere,matthieu vaxiviere,24,2.0,0,204.272,120.405,39.265,44.602,84.763,GF,0,,,,,243
elms,2023,Portimao,Autodromo Internacional do Algarve,race,221,83,LMP2 Pro/Am,Matthieu Vaxiviere,matthieu vaxiviere,25,2.0,1,117.994,36.883,38.116,42.995,,GF,0,,,,,243
elms,2023,Portimao,Autodromo Internacional do Algarve,race,221,83,LMP2 Pro/Am,Matthieu Vaxiviere,matthieu vaxiviere,26,2.0,2,116.34,36.083,37.381,42.876,,GF,1,,,,,243
elms,2023,Portimao,Autodromo Internacional do Algarve,race,221,83,LMP2 Pro/Am,Matthieu Vaxiviere,matthieu vaxiviere,27,2.0,3,116.388,37.503,36.7,42.185,,GF,2,,,,,243
elms,2023,Portimao,Autodromo Internacional do Algarve,race,221,83,LMP2 Pro/Am,Matthieu Vaxiviere,matthieu vaxiviere,28,2.0,4,114.34,36.408,36.018,41.914,,GF,3,,,,,243
elms,2023,Portimao,Autodromo Internacional do Algarve,race,221,83,LMP2 Pro/Am,Matthieu Vaxiviere,matthieu vaxiviere,29,2.0,5,114.436,36.067,35.868,42.501,,GF,4,,,,,243
elms,2023,Portimao,Autodromo Internacional do Algarve,race,221,83,LMP2 Pro/Am,Matthieu Vaxiviere,matthieu vaxiviere,30,2.0,6,152.315,49.105,61.535,41.675,,GF,5,,,,,243
elms,2023,Portimao,Autodromo Internacional do Algarve,race,221,83,LMP2 Pro/Am,Matthieu Vaxiviere,matthieu vaxiviere,31,2.0,7,112.58,35.452,35.822,41.306,,GF,6,,,,,243
elms,2023,Portimao,Autodromo Internacional do Algarve,race,221,83,LMP2 Pro/Am,Matthieu Vaxiviere,matthieu vaxiviere,32,2.0,8,112.575,35.092,35.747,41.736,,GF,7,,,,,243
elms,2023,Portimao,Autodromo Internacional do Algarve,race,221,83,LMP2 Pro/Am,Matthieu Vaxiviere,matthieu vaxiviere,33,2.0,9,112.679,35.641,35.146,41.892,,GF,8,,,,,243
elms,2023,Portimao,Autodromo Internacional do Algarve,race,221,83,LMP2 Pro/Am,Matthieu Vaxiviere,matthieu vaxiviere,34,2.0,10,113.475,36.062,35.87,41.543,,GF,9,,,,,243
elms,2023,Portimao,Autodromo Internacional do Algarve,race,221,83,LMP2 Pro/Am,Matthieu Vaxiviere,matthieu vaxiviere,35,2.0,11,111.818,35.76,35.455,40.603,,GF,10,,,,,243
elms,2023,Portimao,Autodromo Internacional do Algarve,race,221,83,LMP2 Pro/Am,Matthieu Vaxiviere,matthieu vaxiviere,36,2.0,12,111.465,34.946,35.337,41.182,,GF,11,,,,,243
elms,2023,Portimao,Autodromo Internacional do Algarve,race,221,83,LMP2 Pro/Am,Matthieu Vaxiviere,matthieu vaxiviere,37,2.0,13,110.615,34.638,35.185,40.792,,GF,12,,,,,243
elms,2023,Portimao,Autodromo Internacional do Algarve,race,221,83,LMP2 Pro/Am,Matthieu Vaxiviere,matthieu vaxiviere,38,2.0,14,113.566,35.873,36.642,41.051,,GF,13,,,,,243
elms,2023,Portimao,Autodromo Internacional do Algarve,race,221,83,LMP2 Pro/Am,Matthieu Vaxiviere,matthieu vaxiviere,39,2.0,15,110.675,34.967,34.862,40.846,,GF,14,,,,,243
elms,2023,Portimao,Autodromo Internacional do Algarve,race,221,83,LMP2 Pro/Am,Matthieu Vaxiviere,matthieu vaxiviere,40,2.0,16,111.367,34.935,35.112,41.32,,GF,15,,,,,243
elms,2023,Portimao,Autodromo Internacional do Algarve,race,221,83,LMP2 Pro/Am,Matthieu Vaxiviere,matthieu vaxiviere,41,2.0,17,111.03,34.836,35.377,40.817,,GF,16,,,,,243
elms,2023,Portimao,Autodromo Internacional do Algarve,race,221,83,LMP2 Pro/Am,Matthieu Vaxiviere,matthieu vaxiviere,42,2.0,18,110.919,35.113,35.019,40.787,,GF,17,,,,,243
elms,2023,Portimao,Autodromo Internacional do Algarve,race,221,83,LMP2 Pro/Am,Matthieu Vaxiviere,matthieu vaxiviere,43,2.0,19,111.342,34.94,35.183,41.219,,GF,18,,,,,243
elms,2023,Portimao,Autodromo Internacional do Algarve,race,221,83,LMP2 Pro/Am,Matthieu Vaxiviere,matthieu vaxiviere,44,2.0,20,111.127,34.675,35.223,41.229,,GF,19,,,,,243
elms,2023,Portimao,Autodromo Internacional do Algarve,race,221,83,LMP2 Pro/Am,Matthieu Vaxiviere,matthieu vaxiviere,45,2.0,21,110.055,34.052,35.802,40.201,,GF,20,,,,,243
elms,2023,Portimao,Autodromo Internacional do Algarve,race,221,83,LMP2 Pro/Am,Matthieu Vaxiviere,matthieu vaxiviere,46,2.0,22,110.48,35.543,35.047,39.89,,GF,21,,,,,243
elms,2023,Portimao,Autodromo Internacional do Algarve,race,221,83,LMP2 Pro/Am,Matthieu Vaxiviere,matthieu vaxiviere,47,2.0,23,111.046,34.893,34.638,41.515,,GF,22,,,,,243
elms,2023,Portimao,Autodromo Internacional do Algarve,race,221,83,LMP2 Pro/Am,Matthieu Vaxiviere,matthieu vaxiviere,48,2.0,24,108.968,34.234,34.422,40.312,,GF,23,,,,,243
elms,2023,Portimao,Autodromo Internacional do Algarve,race,221,83,LMP2 Pro/Am,Matthieu Vaxiviere,matthieu vaxiviere,49,2.0,25,115.418,34.384,34.742,46.292,,GF,24,,,,,243
elms,2023,Portimao,Autodromo Internacional do Algarve,race,221,83,LMP2 Pro/Am,Ben Barnicoat,ben barnicoat,50,3.0,0,215.323,130.846,40.379,44.098,93.126,GF,0,,,,,243
elms,2023,Portimao,Autodromo Internacional do Algarve,race,221,83,LMP2 Pro/Am,Ben Barnicoat,ben barnicoat,51,3.0,1,116.47,38.508,37.803,40.159,,GF,0,,,,,243
elms,2023,Portimao,Autodromo Internacional do Algarve,race,221,83,LMP2 Pro/Am,Ben Barnicoat,ben barnicoat,52,3.0,2,110.29,35.891,35.578,38.821,,GF,1,,,,,243
elms,2023,Portimao,Autodromo Internacional do Algarve,race,221,83,LMP2 Pro/Am,Ben Barnicoat,ben barnicoat,53,3.0,3,113.506,36.052,38.266,39.188,,GF,2,,,,,243
elms,2023,Portimao,Autodromo Internacional do Algarve,race,221,83,LMP2 Pro/Am,Ben Barnicoat,ben barnicoat,54,3.0,4,106.814,34.281,34.56,37.973,,GF,3,,,,,243
elms,2023,Portimao,Autodromo Internacional do Algarve,race,221,83,LMP2 Pro/Am,Ben Barnicoat,ben barnicoat,55,3.0,5,110.777,34.256,35.491,41.03,,SF,4,,,,,243
elms,2023,Portimao,Autodromo Internacional do Algarve,race,221,83,LMP2 Pro/Am,Ben Barnicoat,ben barnicoat,56,3.0,6,125.581,43.789,38.705,43.087,,SF,4,,,,,243
elms,2023,Portimao,Autodromo Internacional do Algarve,race,221,83,LMP2 Pro/Am,Ben Barnicoat,ben barnicoat,57,3.0,7,114.666,35.517,38.446,40.703,,SF,4,,,,,243
elms,2023,Portimao,Autodromo Internacional do Algarve,race,221,83,LMP2 Pro/Am,Ben Barnicoat,ben barnicoat,58,3.0,8,186.385,62.901,46.864,76.62,,SF,4,,,,,243
elms,2023,Portimao,Autodromo Internacional do Algarve,race,221,83,LMP2 Pro/Am,Ben Barnicoat,ben barnicoat,59,3.0,9,189.378,73.069,52.062,64.247,,SF,4,,,,,243
elms,2023,Portimao,Autodromo Internacional do Algarve,race,221,83,LMP2 Pro/Am,Ben Barnicoat,ben barnicoat,60,3.0,10,170.113,63.385,46.967,59.761,,SF,4,,,,,243
elms,2023,Portimao,Autodromo Internacional do Algarve,race,221,83,LMP2 Pro/Am,Ben Barnicoat,ben barnicoat,61,3.0,11,135.974,45.761,42.149,48.064,,GF,4,,,,,243
elms,2023,Portimao,Autodromo Internacional do Algarve,race,221,83,LMP2 Pro/Am,Ben Barnicoat,ben barnicoat,62,3.0,12,108.142,35.6,34.855,37.687,,GF,5,,,,,243
elms,2023,Portimao,Autodromo Internacional do Algarve,race,221,83,LMP2 Pro/Am,Ben Barnicoat,ben barnicoat,63,3.0,13,104.559,34.333,33.537,36.689,,GF,6,,,,,243
elms,2023,Portimao,Autodromo Internacional do Algarve,race,221,83,LMP2 Pro/Am,Ben Barnicoat,ben barnicoat,64,3.0,14,101.827,32.186,33.025,36.616,,GF,7,,,,,243
elms,2023,Portimao,Autodromo Internacional do Algarve,race,221,83,LMP2 Pro/Am,Ben Barnicoat,ben barnicoat,65,3.0,15,103.119,33.385,34.345,35.389,,GF,8,,,,,243
elms,2023,Portimao,Autodromo Internacional do Algarve,race,221,83,LMP2 Pro/Am,Ben Barnicoat,ben barnicoat,66,3.0,16,98.672,31.394,31.958,35.32,,GF,9,,,,,243
elms,2023,Portimao,Autodromo Internacional do Algarve,race,221,83,LMP2 Pro/Am,Ben Barnicoat,ben barnicoat,67,3.0,17,99.547,31.449,32.207,35.891,,GF,10,,,,,243
elms,2023,Portimao,Autodromo Internacional do Algarve,race,221,83,LMP2 Pro/Am,Ben Barnicoat,ben barnicoat,68,3.0,18,98.763,30.952,32.318,35.493,,GF,11,,,,,243
elms,2023,Portimao,Autodromo Internacional do Algarve,race,221,83,LMP2 Pro/Am,Ben Barnicoat,ben barnicoat,69,3.0,19,98.034,31.09,31.742,35.202,,GF,12,,,,,243
elms,2023,Portimao,Autodromo Internacional do Algarve,race,221,83,LMP2 Pro/Am,Ben Barnicoat,ben barnicoat,70,3.0,20,97.522,30.732,31.783,35.007,,GF,13,,,,,243
elms,2023,Portimao,Autodromo Internacional do Algarve,race,221,83,LMP2 Pro/Am,Ben Barnicoat,ben barnicoat,71,3.0,21,99.01,31.33,32.336,35.344,,GF,14,,,,,243
elms,2023,Portimao,Autodromo Internacional do Algarve,race,221,83,LMP2 Pro/Am,Ben Barnicoat,ben barnicoat,72,3.0,22,101.28,32.991,33.137,35.152,,GF,15,,,,,243
elms,2023,Portimao,Autodromo Internacional do Algarve,race,221,83,LMP2 Pro/Am,Ben Barnicoat,ben barnicoat,73,3.0,23,97.835,30.872,32.141,34.822,,GF,16,,,,,243
elms,2023,Portimao,Autodromo Internacional do Algarve,race,221,83,LMP2 Pro/Am,Ben Barnicoat,ben barnicoat,74,3.0,24,99.931,30.924,32.566,36.441,,GF,17,,,,,243
elms,2023,Portimao,Autodromo Internacional do Algarve,race,221,83,LMP2 Pro/Am,Ben Barnicoat,ben barnicoat,75,3.0,25,99.205,31.552,32.1,35.553,,GF,18,,,,,243
elms,2023,Portimao,Autodromo Internacional do Algarve,race,221,83,LMP2 Pro/Am,Ben Barnicoat,ben barnicoat,76,3.0,26,98.932,31.456,32.006,35.47,,GF,19,,,,,243
elms,2023,Portimao,Autodromo Internacional do Algarve,race,221,83,LMP2 Pro/Am,Ben Barnicoat,ben barnicoat,77,3.0,27,104.146,30.855,31.721,41.57,,GF,20,,,,,243
elms,2023,Portimao,Autodromo Internacional do Algarve,race,221,83,LMP2 Pro/Am,Ben Barnicoat,ben barnicoat,78,3.0,28,168.476,99.789,32.745,35.942,72.398,GF,0,,,,,243
elms,2023,Portimao,Autodromo Internacional do Algarve,race,221,83,LMP2 Pro/Am,Ben Barnicoat,ben barnicoat,79,3.0,29,99.324,30.617,32.005,36.702,,GF,0,,,,,243
elms,2023,Portimao,Autodromo Internacional do Algarve,race,221,83,LMP2 Pro/Am,Ben Barnicoat,ben barnicoat,80,3.0,30,97.169,30.482,31.744,34.943,,GF,1,,,,,243
elms,2023,Portimao,Autodromo Internacional do Algarve,race,221,83,LMP2 Pro/Am,Ben Barnicoat,ben barnicoat,81,3.0,31,142.24,30.746,38.251,73.243,,FCY,2,,,,,243
elms,2023,Portimao,Autodromo Internacional do Algarve,race,221,83,LMP2 Pro/Am,Ben Barnicoat,ben barnicoat,82,3.0,32,129.782,60.81,32.922,36.05,,GF,2,,,,,243
elms,2023,Portimao,Autodromo Internacional do Algarve,race,221,83,LMP2 Pro/Am,Ben Barnicoat,ben barnicoat,83,3.0,33,96.994,30.573,31.604,34.817,,GF,3,,,,,243
elms,2023,Portimao,Autodromo Internacional do Algarve,race,221,83,LMP2 Pro/Am,Ben Barnicoat,ben barnicoat,84,3.0,34,98.182,30.109,32.001,36.072,,GF,4,,,,,243
elms,2023,Portimao,Autodromo Internacional do Algarve,race,221,83,LMP2 Pro/Am,Ben Barnicoat,ben barnicoat,85,3.0,35,99.299,31.021,32.215,36.063,,GF,5,,,,,243
elms,2023,Portimao,Autodromo Internacional do Algarve,race,221,83,LMP2 Pro/Am,Ben Barnicoat,ben barnicoat,86,3.0,36,96.721,30.456,31.367,34.898,,GF,6,,,,,243
elms,2023,Portimao,Autodromo Internacional do Algarve,race,221,83,LMP2 Pro/Am,Ben Barnicoat,ben barnicoat,87,3.0,37,125.499,30.571,31.432,63.496,,FCY,7,,,,,243
elms,2023,Portimao,Autodromo Internacional do Algarve,race,221,83,LMP2 Pro/Am,Ben Barnicoat,ben barnicoat,88,3.0,38,205.68,71.809,60.607,73.264,,FCY,7,,,,,243
elms,2023,Portimao,Autodromo Internacional do Algarve,race,221,83,LMP2 Pro/Am,Ben Barnicoat,ben barnicoat,89,3.0,39,188.338,72.79,63.019,52.529,,GF,7,,,,,243
elms,2023,Portimao,Autodromo Internacional do Algarve,race,221,83,LMP2 Pro/Am,Ben Barnicoat,ben barnicoat,90,3.0,40,98.823,31.349,32.11,35.364,,GF,8,,,,,243
elms,2023,Portimao,Autodromo Internacional do Algarve,race,221,83,LMP2 Pro/Am,Ben Barnicoat,ben barnicoat,91,3.0,41,96.955,30.595,31.37,34.99,,GF,9,,,,,243
elms,2023,Portimao,Autodromo Internacional do Algarve,race,221,83,LMP2 Pro/Am,Ben Barnicoat,ben barnicoat,92,3.0,42,97.529,30.358,31.93,35.241,,GF,10,,,,,243
elms,2023,Portimao,Autodromo Internacional do Algarve,race,221,83,LMP2 Pro/Am,Ben Barnicoat,ben barnicoat,93,3.0,43,97.501,30.68,31.777,35.044,,GF,11,,,,,243
elms,2023,Portimao,Autodromo Internacional do Algarve,race,221,83,LMP2 Pro/Am,Ben Barnicoat,ben barnicoat,94,3.0,44,97.039,30.793,31.184,35.062,,GF,12,,,,,243
elms,2023,Portimao,Autodromo Internacional do Algarve,race,221,83,LMP2 Pro/Am,Ben Barnicoat,ben barnicoat,95,3.0,45,147.232,30.814,43.588,72.83,,FCY,13,,,,,243
elms,2023,Portimao,Autodromo Internacional do Algarve,race,221,83,LMP2 Pro/Am,Ben Barnicoat,ben barnicoat,96,3.0,46,125.181,57.244,32.461,35.476,,GF,13,,,,,243
elms,2023,Portimao,Autodromo Internacional do Algarve,race,221,83,LMP2 Pro/Am,Ben Barnicoat,ben barnicoat,97,3.0,47,96.961,30.687,31.315,34.959,,FF,14,,,,,243
elms,2023,Portimao,Autodromo Internacional do Algarve,race,221,99,LMP2 Pro/Am,Giorgio Roda,giorgio roda,1,1.0,0,206.259,77.607,59.71,68.942,,SF,0,,,,,243
elms,2023,Portimao,Autodromo Internacional do Algarve,race,221,99,LMP2 Pro/Am,Giorgio Roda,giorgio roda,2,1.0,1,211.294,62.448,62.181,86.665,,RF,0,,,,,243
elms,2023,Portimao,Autodromo Internacional do Algarve,race,221,99,LMP2 Pro/Am,Giorgio Roda,giorgio roda,3,1.0,2,2772.32,2648.259,61.844,62.217,,SF,0,,,,,243
elms,2023,Portimao,Autodromo Internacional do Algarve,race,221,99,LMP2 Pro/Am,Giorgio Roda,giorgio roda,4,1.0,3,160.75,56.375,47.271,57.104,,SF,0,,,,,243
elms,2023,Portimao,Autodromo Internacional do Algarve,race,221,99,LMP2 Pro/Am,Giorgio Roda,giorgio roda,5,1.0,4,155.406,51.327,45.205,58.874,,SF,0,,,,,243
elms,2023,Portimao,Autodromo Internacional do Algarve,race,221,99,LMP2 Pro/Am,Giorgio Roda,giorgio roda,6,1.0,5,154.936,48.56,47.768,58.608,,GF,0,,,,,243
elms,2023,Portimao,Autodromo Internacional do Algarve,race,221,99,LMP2 Pro/Am,Giorgio Roda,giorgio roda,7,1.0,6,129.504,41.352,42.201,45.951,,GF,1,,,,,243
elms,2023,Portimao,Autodromo Internacional do Algarve,race,221,99,LMP2 Pro/Am,Giorgio Roda,giorgio roda,8,1.0,7,125.114,39.255,40.541,45.318,,GF,2,,,,,243
elms,2023,Portimao,Autodromo Internacional do Algarve,race,221,99,LMP2 Pro/Am,Giorgio Roda,giorgio roda,9,1.0,8,122.695,37.628,40.319,44.748,,GF,3,,,,,243
elms,2023,Portimao,Autodromo Internacional do Algarve,race,221,99,LMP2 Pro/Am,Giorgio Roda,giorgio roda,10,1.0,9,121.181,37.407,39.858,43.916,,GF,4,,,,,243
elms,2023,Portimao,Autodromo Internacional do Algarve,race,221,99,LMP2 Pro/Am,Giorgio Roda,giorgio roda,11,1.0,10,120.036,36.99,38.973,44.073,,GF,5,,,,,243
elms,2023,Portimao,Autodromo Internacional do Algarve,race,221,99,LMP2 Pro/Am,Giorgio Roda,giorgio roda,12,1.0,11,119.961,37.414,38.692,43.855,,GF,6,,,,,243
elms,2023,Portimao,Autodromo Internacional do Algarve,race,221,99,LMP2 Pro/Am,Giorgio Roda,giorgio roda,13,1.0,12,119.755,37.237,38.696,43.822,,GF,7,,,,,243
elms,2023,Portimao,Autodromo Internacional do Algarve,race,221,99,LMP2 Pro/Am,Giorgio Roda,giorgio roda,14,1.0,13,118.829,36.802,38.318,43.709,,GF,8,,,,,243
elms,2023,Portimao,Autodromo Internacional do Algarve,race,221,99,LMP2 Pro/Am,Giorgio Roda,giorgio roda,15,1.0,14,118.362,37.136,37.934,43.292,,GF,9,,,,,243
elms,2023,Portimao,Autodromo Internacional do Algarve,race,221,99,LMP2 Pro/Am,Giorgio Roda,giorgio roda,16,1.0,15,118.37,36.972,38.14,43.258,,GF,10,,,,,243
elms,2023,Portimao,Autodromo Internacional do Algarve,race,221,99,LMP2 Pro/Am,Giorgio Roda,giorgio roda,17,1.0,16,117.18,36.46,37.687,43.033,,GF,11,,,,,243
elms,2023,Portimao,Autodromo Internacional do Algarve,race,221,99,LMP2 Pro/Am,Giorgio Roda,giorgio roda,18,1.0,17,117.769,36.48,37.838,43.451,,GF,12,,,,,243
elms,2023,Portimao,Autodromo Internacional do Algarve,race,221,99,LMP2 Pro/Am,Giorgio Roda,giorgio roda,19,1.0,18,118.414,36.927,38.556,42.931,,GF,13,,,,,243
elms,2023,Portimao,Autodromo Internacional do Algarve,race,221,99,LMP2 Pro/Am,Giorgio Roda,giorgio roda,20,1.0,19,118.682,37.386,38.083,43.213,,GF,14,,,,,243
elms,2023,Portimao,Autodromo Internacional do Algarve,race,221,99,LMP2 Pro/Am,Giorgio Roda,giorgio roda,21,1.0,20,117.887,36.725,37.713,43.449,,GF,15,,,,,243
elms,2023,Portimao,Autodromo Internacional do Algarve,race,221,99,LMP2 Pro/Am,Giorgio Roda,giorgio roda,22,1.0,21,118.141,37.024,38.338,42.779,,GF,16,,,,,243
elms,2023,Portimao,Autodromo Internacional do Algarve,race,221,99,LMP2 Pro/Am,Giorgio Roda,giorgio roda,23,1.0,22,116.29,36.201,37.204,42.885,,GF,17,,,,,243
elms,2023,Portimao,Autodromo Internacional do Algarve,race,221,99,LMP2 Pro/Am,Giorgio Roda,giorgio roda,24,1.0,23,126.968,36.777,38.201,51.99,,GF,18,,,,,243
elms,2023,Portimao,Autodromo Internacional do Algarve,race,221,99,LMP2 Pro/Am,Jonas Ried,jonas ried,25,2.0,0,210.618,122.709,42.178,45.731,85.436,GF,0,,,,,243
elms,2023,Portimao,Autodromo Internacional do Algarve,race,221,99,LMP2 Pro/Am,Jonas Ried,jonas ried,26,2.0,1,121.917,38.758,39.611,43.548,,GF,0,,,,,243
elms,2023,Portimao,Autodromo Internacional do Algarve,race,221,99,LMP2 Pro/Am,Jonas Ried,jonas ried,27,2.0,2,120.467,37.655,39.166,43.646,,GF,1,,,,,243
elms,2023,Portimao,Autodromo Internacional do Algarve,race,221,99,LMP2 Pro/Am,Jonas Ried,jonas ried,28,2.0,3,121.024,38.488,38.228,44.308,,GF,2,,,,,243
elms,2023,Portimao,Autodromo Internacional do Algarve,race,221,99,LMP2 Pro/Am,Jonas Ried,jonas ried,29,2.0,4,117.675,36.62,38.104,42.951,,GF,3,,,,,243
elms,2023,Portimao,Autodromo Internacional do Algarve,race,221,99,LMP2 Pro/Am,Jonas Ried,jonas ried,30,2.0,5,151.844,56.058,52.613,43.173,,GF,4,,,,,243
elms,2023,Portimao,Autodromo Internacional do Algarve,race,221,99,LMP2 Pro/Am,Jonas Ried,jonas ried,31,2.0,6,118.358,36.475,37.798,44.085,,GF,5,,,,,243
elms,2023,Portimao,Autodromo Internacional do Algarve,race,221,99,LMP2 Pro/Am,Jonas Ried,jonas ried,32,2.0,7,116.673,36.178,37.825,42.67,,GF,6,,,,,243
elms,2023,Portimao,Autodromo Internacional do Algarve,race,221,99,LMP2 Pro/Am,Jonas Ried,jonas ried,33,2.0,8,116.167,36.248,37.66,42.259,,GF,7,,,,,243
elms,2023,Portimao,Autodromo Internacional do Algarve,race,221,99,LMP2 Pro/Am,Jonas Ried,jonas ried,34,2.0,9,115.284,35.751,37.181,42.352,,GF,8,,,,,243
elms,2023,Portimao,Autodromo Internacional do Algarve,race,221,99,LMP2 Pro/Am,Jonas Ried,jonas ried,35,2.0,10,117.511,35.922,37.798,43.791,,GF,9,,,,,243
elms,2023,Portimao,Autodromo Internacional do Algarve,race,221,99,LMP2 Pro/Am,Jonas Ried,jonas ried,36,2.0,11,116.539,37.231,37.625,41.683,,GF,10,,,,,243
elms,2023,Portimao,Autodromo Internacional do Algarve,race,221,99,LMP2 Pro/Am,Jonas Ried,jonas ried,37,2.0,12,115.386,35.426,37.211,42.749,,GF,11,,,,,243
elms,2023,Portimao,Autodromo Internacional do Algarve,race,221,99,LMP2 Pro/Am,Jonas Ried,jonas ried,38,2.0,13,114.639,36.07,37.098,41.471,,GF,12,,,,,243
elms,2023,Portimao,Autodromo Internacional do Algarve,race,221,99,LMP2 Pro/Am,Jonas Ried,jonas ried,39,2.0,14,114.974,36.334,37.034,41.606,,GF,13,,,,,243
elms,2023,Portimao,Autodromo Internacional do Algarve,race,221,99,LMP2 Pro/Am,Jonas Ried,jonas ried,40,2.0,15,114.702,35.622,36.879,42.201,,GF,14,,,,,243
elms,2023,Portimao,Autodromo Internacional do Algarve,race,221,99,LMP2 Pro/Am,Jonas Ried,jonas ried,41,2.0,16,114.305,35.418,36.667,42.22,,GF,15,,,,,243
elms,2023,Portimao,Autodromo Internacional do Algarve,race,221,99,LMP2 Pro/Am,Jonas Ried,jonas ried,42,2.0,17,114.753,35.648,36.749,42.356,,GF,16,,,,,243
elms,2023,Portimao,Autodromo Internacional do Algarve,race,221,99,LMP2 Pro/Am,Jonas Ried,jonas ried,43,2.0,18,112.145,34.957,36.19,40.998,,GF,17,,,,,243
elms,2023,Portimao,Autodromo Internacional do Algarve,race,221,99,LMP2 Pro/Am,Jonas Ried,jonas ried,44,2.0,19,112.582,35.056,36.29,41.236,,GF,18,,,,,243
elms,2023,Portimao,Autodromo Internacional do Algarve,race,221,99,LMP2 Pro/Am,Jonas Ried,jonas ried,45,2.0,20,113.058,34.896,36.286,41.876,,GF,19,,,,,243
elms,2023,Portimao,Autodromo Internacional do Algarve,race,221,99,LMP2 Pro/Am,Jonas Ried,jonas ried,46,2.0,21,111.936,34.782,36.104,41.05,,GF,20,,,,,243
elms,2023,Portimao,Autodromo Internacional do Algarve,race,221,99,LMP2 Pro/Am,Jonas Ried,jonas ried,47,2.0,22,110.796,34.522,35.721,40.553,,GF,21,,,,,243
elms,2023,Portimao,Autodromo Internacional do Algarve,race,221,99,LMP2 Pro/Am,Jonas Ried,jonas ried,48,2.0,23,110.904,34.501,36.182,40.221,,GF,22,,,,,243
elms,2023,Portimao,Autodromo Internacional do Algarve,race,221,99,LMP2 Pro/Am,Jonas Ried,jonas ried,49,2.0,24,111.547,34.676,36.289,40.582,,GF,23,,,,,243
elms,2023,Portimao,Autodromo Internacional do Algarve,race,221,99,LMP2 Pro/Am,Jonas Ried,jonas ried,50,2.0,25,112.653,35.569,36.452,40.632,,GF,24,,,,,243
elms,2023,Portimao,Autodromo Internacional do Algarve,race,221,99,LMP2 Pro/Am,Jonas Ried,jonas ried,51,2.0,26,119.831,34.679,35.955,49.197,,GF,25,,,,,243
elms,2023,Portimao,Autodromo Internacional do Algarve,race,221,99,LMP2 Pro/Am,Bent Viscaal,bent viscaal,52,3.0,0,224.064,139.018,40.799,44.247,101.514,GF,0,,,,,243
elms,2023,Portimao,Autodromo Internacional do Algarve,race,221,99,LMP2 Pro/Am,Bent Viscaal,bent viscaal,53,3.0,1,114.399,36.705,36.939,40.755,,GF,0,,,,,243
elms,2023,Portimao,Autodromo Internacional do Algarve,race,221,99,LMP2 Pro/Am,Bent Viscaal,bent viscaal,54,3.0,2,110.539,35.134,36.157,39.248,,GF,1,,,,,243
elms,2023,Portimao,Autodromo Internacional do Algarve,race,221,99,LMP2 Pro/Am,Bent Viscaal,bent viscaal,55,3.0,3,119.945,36.414,38.986,44.545,,SF,2,,,,,243
elms,2023,Portimao,Autodromo Internacional do Algarve,race,221,99,LMP2 Pro/Am,Bent Viscaal,bent viscaal,56,3.0,4,134.83,39.897,38.76,56.173,,SF,2,,,,,243
elms,2023,Portimao,Autodromo Internacional do Algarve,race,221,99,LMP2 Pro/Am,Bent Viscaal,bent viscaal,57,3.0,5,187.453,66.976,51.275,69.202,,SF,2,,,,,243
elms,2023,Portimao,Autodromo Internacional do Algarve,race,221,99,LMP2 Pro/Am,Bent Viscaal,bent viscaal,58,3.0,6,126.662,48.37,37.693,40.599,,SF,2,,,,,243
elms,2023,Portimao,Autodromo Internacional do Algarve,race,221,99,LMP2 Pro/Am,Bent Viscaal,bent viscaal,59,3.0,7,115.139,37.583,36.436,41.12,,SF,2,,,,,243
elms,2023,Portimao,Autodromo Internacional do Algarve,race,221,99,LMP2 Pro/Am,Bent Viscaal,bent viscaal,60,3.0,8,146.44,41.754,45.52,59.166,,SF,2,,,,,243
elms,2023,Portimao,Autodromo Internacional do Algarve,race,221,99,LMP2 Pro/Am,Bent Viscaal,bent viscaal,61,3.0,9,131.05,47.014,39.791,44.245,,GF,2,,,,,243
elms,2023,Portimao,Autodromo Internacional do Algarve,race,221,99,LMP2 Pro/Am,Bent Viscaal,bent viscaal,62,3.0,10,108.28,34.697,34.879,38.704,,GF,3,,,,,243
elms,2023,Portimao,Autodromo Internacional do Algarve,race,221,99,LMP2 Pro/Am,Bent Viscaal,bent viscaal,63,3.0,11,109.167,36.036,34.341,38.79,,GF,4,,,,,243
elms,2023,Portimao,Autodromo Internacional do Algarve,race,221,99,LMP2 Pro/Am,Bent Viscaal,bent viscaal,64,3.0,12,106.205,34.174,34.729,37.302,,GF,5,,,,,243
elms,2023,Portimao,Autodromo Internacional do Algarve,race,221,99,LMP2 Pro/Am,Bent Viscaal,bent viscaal,65,3.0,13,103.133,32.526,33.317,37.29,,GF,6,,,,,243
elms,2023,Portimao,Autodromo Internacional do Algarve,race,221,99,LMP2 Pro/Am,Bent Viscaal,bent viscaal,66,3.0,14,105.098,33.307,34.079,37.712,,GF,7,,,,,243
elms,2023,Portimao,Autodromo Internacional do Algarve,race,221,99,LMP2 Pro/Am,Bent Viscaal,bent viscaal,67,3.0,15,106.364,33.542,34.868,37.954,,GF,8,,,,,243
elms,2023,Portimao,Autodromo Internacional do Algarve,race,221,99,LMP2 Pro/Am,Bent Viscaal,bent viscaal,68,3.0,16,102.461,32.134,33.321,37.006,,GF,9,,,,,243
elms,2023,Portimao,Autodromo Internacional do Algarve,race,221,99,LMP2 Pro/Am,Bent Viscaal,bent viscaal,69,3.0,17,100.583,31.817,32.022,36.744,,GF,10,,,,,243
elms,2023,Portimao,Autodromo Internacional do Algarve,race,221,99,LMP2 Pro/Am,Bent Viscaal,bent viscaal,70,3.0,18,99.479,31.015,32.517,35.947,,GF,11,,,,,243
elms,2023,Portimao,Autodromo Internacional do Algarve,race,221,99,LMP2 Pro/Am,Bent Viscaal,bent viscaal,71,3.0,19,99.636,31.796,32.11,35.73,,GF,12,,,,,243
elms,2023,Portimao,Autodromo Internacional do Algarve,race,221,99,LMP2 Pro/Am,Bent Viscaal,bent viscaal,72,3.0,20,97.849,30.681,31.77,35.398,,GF,13,,,,,243
elms,2023,Portimao,Autodromo Internacional do Algarve,race,221,99,LMP2 Pro/Am,Bent Viscaal,bent viscaal,73,3.0,21,98.612,30.875,32.105,35.632,,GF,14,,,,,243
elms,2023,Portimao,Autodromo Internacional do Algarve,race,221,99,LMP2 Pro/Am,Bent Viscaal,bent viscaal,74,3.0,22,100.831,31.471,33.7,35.66,,GF,15,,,,,243
elms,2023,Portimao,Autodromo Internacional do Algarve,race,221,99,LMP2 Pro/Am,Bent Viscaal,bent viscaal,75,3.0,23,98.983,30.941,31.743,36.299,,GF,16,,,,,243
elms,2023,Portimao,Autodromo Internacional do Algarve,race,221,99,LMP2 Pro/Am,Bent Viscaal,bent viscaal,76,3.0,24,97.465,31.097,31.214,35.154,,GF,17,,,,,243
elms,2023,Portimao,Autodromo Internacional do Algarve,race,221,99,LMP2 Pro/Am,Bent Viscaal,bent viscaal,77,3.0,25,104.52,30.645,31.69,42.185,,GF,18,,,,,243
elms,2023,Portimao,Autodromo Internacional do Algarve,race,221,99,LMP2 Pro/Am,Bent Viscaal,bent viscaal,78,3.0,26,186.441,116.295,33.554,36.592,87.755,GF,0,,,,,243
elms,2023,Portimao,Autodromo Internacional do Algarve,race,221,99,LMP2 Pro/Am,Bent Viscaal,bent viscaal,79,3.0,27,98.539,30.716,31.642,36.181,,GF,0,,,,,243
elms,2023,Portimao,Autodromo Internacional do Algarve,race,221,99,LMP2 Pro/Am,Bent Viscaal,bent viscaal,80,3.0,28,100.197,31.228,32.421,36.548,,GF,1,,,,,243
elms,2023,Portimao,Autodromo Internacional do Algarve,race,221,99,LMP2 Pro/Am,Bent Viscaal,bent viscaal,81,3.0,29,166.958,63.138,60.475,43.345,,GF,2,,,,,243
elms,2023,Portimao,Autodromo Internacional do Algarve,race,221,99,LMP2 Pro/Am,Bent Viscaal,bent viscaal,82,3.0,30,99.799,31.849,32.123,35.827,,GF,3,,,,,243
elms,2023,Portimao,Autodromo Internacional do Algarve,race,221,99,LMP2 Pro/Am,Bent Viscaal,bent viscaal,83,3.0,31,97.228,30.694,31.329,35.205,,GF,4,,,,,243
elms,2023,Portimao,Autodromo Internacional do Algarve,race,221,99,LMP2 Pro/Am,Bent Viscaal,bent viscaal,84,3.0,32,98.094,30.615,31.657,35.822,,GF,5,,,,,243
elms,2023,Portimao,Autodromo Internacional do Algarve,race,221,99,LMP2 Pro/Am,Bent Viscaal,bent viscaal,85,3.0,33,96.998,30.533,31.118,35.347,,GF,6,,,,,243
elms,2023,Portimao,Autodromo Internacional do Algarve,race,221,99,LMP2 Pro/Am,Bent Viscaal,bent viscaal,86,3.0,34,98.088,31.015,31.675,35.398,,GF,7,,,,,243
elms,2023,Portimao,Autodromo Internacional do Algarve,race,221,99,LMP2 Pro/Am,Bent Viscaal,bent viscaal,87,3.0,35,177.145,43.571,60.236,73.338,,FCY,8,,,,,243
elms,2023,Portimao,Autodromo Internacional do Algarve,race,221,99,LMP2 Pro/Am,Bent Viscaal,bent viscaal,88,3.0,36,205.936,71.957,60.505,73.474,,FCY,8,,,,,243
elms,2023,Portimao,Autodromo Internacional do Algarve,race,221,99,LMP2 Pro/Am,Bent Viscaal,bent viscaal,89,3.0,37,141.453,71.983,33.512,35.958,,GF,8,,,,,243
elms,2023,Portimao,Autodromo Internacional do Algarve,race,221,99,LMP2 Pro/Am,Bent Viscaal,bent viscaal,90,3.0,38,98.242,30.8,31.583,35.859,,GF,9,,,,,243
elms,2023,Portimao,Autodromo Internacional do Algarve,race,221,99,LMP2 Pro/Am,Bent Viscaal,bent viscaal,91,3.0,39,97.869,30.936,31.559,35.374,,GF,10,,,,,243
elms,2023,Portimao,Autodromo Internacional do Algarve,race,221,99,LMP2 Pro/Am,Bent Viscaal,bent viscaal,92,3.0,40,97.213,30.24,31.363,35.61,,GF,11,,,,,243
elms,2023,Portimao,Autodromo Internacional do Algarve,race,221,99,LMP2 Pro/Am,Bent Viscaal,bent viscaal,93,3.0,41,98.398,30.709,31.817,35.872,,GF,12,,,,,243
elms,2023,Portimao,Autodromo Internacional do Algarve,race,221,99,LMP2 Pro/Am,Bent Viscaal,bent viscaal,94,3.0,42,106.384,30.871,31.422,44.091,,FCY,13,,,,,243
elms,2023,Portimao,Autodromo Internacional do Algarve,race,221,99,LMP2 Pro/Am,Bent Viscaal,bent viscaal,95,3.0,43,164.011,71.522,56.136,36.353,,GF,13,,,,,243
elms,2023,Portimao,Autodromo Internacional do Algarve,race,221,99,LMP2 Pro/Am,Bent Viscaal,bent viscaal,96,3.0,44,98.34,30.675,31.956,35.709,,GF,14,,,,,243
elms,2023,Portimao,Autodromo Internacional do Algarve,race,221,99,LMP2 Pro/Am,Bent Viscaal,bent viscaal,97,3.0,45,101.244,32.082,32.571,36.591,,FF,15,,,,,243
