series_code,year,event,circuit_name,session,session_id,car,class,driver_name,driver_id,lap,stint_number,stint_lap,lap_time,lap_time_s1,lap_time_s2,lap_time_s3,pit_time,flags,est_tire_age,air_temp_f,track_temp_f,humidity_percent,raining,race_duration_minutes
imsa,2025,Long Beach,Acura Grand Prix of Long Beach,race,647,021,GTD,Sheena Monk,sheena monk,1,1.0,0,96.302,39.369,32.01,24.923,,GF,0,65.61,106.52,76.0,False,102
imsa,2025,Long Beach,Acura Grand Prix of Long Beach,race,647,021,GTD,Sheena Monk,sheena monk,2,1.0,1,82.327,27.171,30.973,24.183,,GF,0,66.13,106.52,74.0,False,102
imsa,2025,Long Beach,Acura Grand Prix of Long Beach,race,647,021,GTD,Sheena Monk,sheena monk,3,1.0,2,81.842,26.689,30.691,24.462,,GF,1,66.13,106.7,74.0,False,102
imsa,2025,Long Beach,Acura Grand Prix of Long Beach,race,647,021,GTD,Sheena Monk,sheena monk,4,1.0,3,81.067,26.371,30.718,23.978,,GF,2,66.13,106.7,74.0,False,102
imsa,2025,Long Beach,Acura Grand Prix of Long Beach,race,647,021,GTD,Sheena Monk,sheena monk,5,1.0,4,81.768,26.56,31.124,24.084,,GF,3,66.13,106.88,74.0,False,102
imsa,2025,Long Beach,Acura Grand Prix of Long Beach,race,647,021,GTD,Sheena Monk,sheena monk,6,1.0,5,81.8,26.457,31.293,24.05,,GF,4,66.13,106.88,74.0,False,102
imsa,2025,Long Beach,Acura Grand Prix of Long Beach,race,647,021,GTD,Sheena Monk,sheena monk,7,1.0,6,82.739,27.089,30.964,24.686,,GF,5,66.18,107.24,74.0,False,102
imsa,2025,Long Beach,Acura Grand Prix of Long Beach,race,647,021,GTD,Sheena Monk,sheena monk,8,1.0,7,81.955,26.633,31.201,24.121,,GF,6,66.18,107.42,74.0,False,102
imsa,2025,Long Beach,Acura Grand Prix of Long Beach,race,647,021,GTD,Sheena Monk,sheena monk,9,1.0,8,82.202,26.858,31.158,24.186,,GF,7,66.18,107.42,74.0,False,102
imsa,2025,Long Beach,Acura Grand Prix of Long Beach,race,647,021,GTD,Sheena Monk,sheena monk,10,1.0,9,81.58,26.565,31.014,24.001,,GF,8,66.18,107.6,74.0,False,102
imsa,2025,Long Beach,Acura Grand Prix of Long Beach,race,647,021,GTD,Sheena Monk,sheena monk,11,1.0,10,81.466,26.806,30.589,24.071,,GF,9,66.18,107.78,74.0,False,102
imsa,2025,Long Beach,Acura Grand Prix of Long Beach,race,647,021,GTD,Sheena Monk,sheena monk,12,1.0,11,81.605,26.546,30.867,24.192,,GF,10,66.18,107.78,74.0,False,102
imsa,2025,Long Beach,Acura Grand Prix of Long Beach,race,647,021,GTD,Sheena Monk,sheena monk,13,1.0,12,81.263,26.616,30.533,24.114,,GF,11,66.18,108.32,74.0,False,102
imsa,2025,Long Beach,Acura Grand Prix of Long Beach,race,647,021,GTD,Sheena Monk,sheena monk,14,1.0,13,81.274,26.584,30.526,24.164,,GF,12,66.18,108.5,74.0,False,102
imsa,2025,Long Beach,Acura Grand Prix of Long Beach,race,647,021,GTD,Sheena Monk,sheena monk,15,1.0,14,84.364,26.998,31.967,25.399,,FCY,13,66.54,108.68,74.0,False,102
imsa,2025,Long Beach,Acura Grand Prix of Long Beach,race,647,021,GTD,Sheena Monk,sheena monk,16,1.0,15,91.938,31.99,33.966,25.982,,FCY,13,66.54,109.04,74.0,False,102
imsa,2025,Long Beach,Acura Grand Prix of Long Beach,race,647,021,GTD,Sheena Monk,sheena monk,17,1.0,16,87.68,28.709,33.094,25.877,,FCY,13,66.54,109.22,74.0,False,102
imsa,2025,Long Beach,Acura Grand Prix of Long Beach,race,647,021,GTD,Sheena Monk,sheena monk,18,1.0,17,99.905,33.442,33.966,32.497,,FCY,13,66.54,109.22,74.0,False,102
imsa,2025,Long Beach,Acura Grand Prix of Long Beach,race,647,021,GTD,Sheena Monk,sheena monk,19,1.0,18,115.1,40.077,36.521,38.502,,FCY,13,66.54,109.4,74.0,False,102
imsa,2025,Long Beach,Acura Grand Prix of Long Beach,race,647,021,GTD,Sheena Monk,sheena monk,20,1.0,19,131.657,40.643,42.932,48.082,,FCY,13,66.54,109.4,74.0,False,102
imsa,2025,Long Beach,Acura Grand Prix of Long Beach,race,647,021,GTD,Sheena Monk,sheena monk,21,1.0,20,112.542,40.562,45.975,26.005,,GF,13,66.36,109.58,74.0,False,102
imsa,2025,Long Beach,Acura Grand Prix of Long Beach,race,647,021,GTD,Sheena Monk,sheena monk,22,1.0,21,82.07,26.889,30.719,24.462,,GF,14,66.36,109.58,74.0,False,102
imsa,2025,Long Beach,Acura Grand Prix of Long Beach,race,647,021,GTD,Sheena Monk,sheena monk,23,1.0,22,82.21,26.752,30.915,24.543,,GF,15,66.36,109.76,74.0,False,102
imsa,2025,Long Beach,Acura Grand Prix of Long Beach,race,647,021,GTD,Sheena Monk,sheena monk,24,1.0,23,95.92,27.153,31.587,37.18,,GF,16,66.36,109.76,74.0,False,102
imsa,2025,Long Beach,Acura Grand Prix of Long Beach,race,647,021,GTD,Stevan McAleer,stevan mcaleer,25,2.0,0,146.892,90.23,32.519,24.143,79.958,GF,0,66.36,109.76,74.0,False,102
imsa,2025,Long Beach,Acura Grand Prix of Long Beach,race,647,021,GTD,Stevan McAleer,stevan mcaleer,26,2.0,1,81.962,26.72,31.272,23.97,,GF,0,66.56,109.94,74.0,False,102
imsa,2025,Long Beach,Acura Grand Prix of Long Beach,race,647,021,GTD,Stevan McAleer,stevan mcaleer,27,2.0,2,81.288,26.542,30.721,24.025,,GF,1,66.56,109.94,74.0,False,102
imsa,2025,Long Beach,Acura Grand Prix of Long Beach,race,647,021,GTD,Stevan McAleer,stevan mcaleer,28,2.0,3,80.775,26.301,30.647,23.827,,GF,2,66.56,109.58,74.0,False,102
imsa,2025,Long Beach,Acura Grand Prix of Long Beach,race,647,021,GTD,Stevan McAleer,stevan mcaleer,29,2.0,4,80.991,26.235,30.825,23.931,,GF,3,66.56,109.76,74.0,False,102
imsa,2025,Long Beach,Acura Grand Prix of Long Beach,race,647,021,GTD,Stevan McAleer,stevan mcaleer,30,2.0,5,81.067,26.635,30.65,23.782,,GF,4,66.56,109.76,74.0,False,102
imsa,2025,Long Beach,Acura Grand Prix of Long Beach,race,647,021,GTD,Stevan McAleer,stevan mcaleer,31,2.0,6,80.839,25.987,31.056,23.796,,GF,5,66.56,110.12,74.0,False,102
imsa,2025,Long Beach,Acura Grand Prix of Long Beach,race,647,021,GTD,Stevan McAleer,stevan mcaleer,32,2.0,7,81.028,26.483,30.557,23.988,,GF,6,66.56,110.12,74.0,False,102
imsa,2025,Long Beach,Acura Grand Prix of Long Beach,race,647,021,GTD,Stevan McAleer,stevan mcaleer,33,2.0,8,80.43,26.039,30.613,23.778,,GF,7,66.56,109.94,74.0,False,102
imsa,2025,Long Beach,Acura Grand Prix of Long Beach,race,647,021,GTD,Stevan McAleer,stevan mcaleer,34,2.0,9,80.246,26.127,30.343,23.776,,GF,8,67.12,109.58,73.0,False,102
imsa,2025,Long Beach,Acura Grand Prix of Long Beach,race,647,021,GTD,Stevan McAleer,stevan mcaleer,35,2.0,10,80.607,26.322,30.396,23.889,,GF,9,67.12,109.58,73.0,False,102
imsa,2025,Long Beach,Acura Grand Prix of Long Beach,race,647,021,GTD,Stevan McAleer,stevan mcaleer,36,2.0,11,80.312,26.2,30.302,23.81,,GF,10,67.12,109.4,73.0,False,102
imsa,2025,Long Beach,Acura Grand Prix of Long Beach,race,647,021,GTD,Stevan McAleer,stevan mcaleer,37,2.0,12,86.182,26.447,34.618,25.117,,FCY,11,67.12,109.4,73.0,False,102
imsa,2025,Long Beach,Acura Grand Prix of Long Beach,race,647,021,GTD,Stevan McAleer,stevan mcaleer,38,2.0,13,89.93,27.855,33.504,28.571,,FCY,11,67.12,109.22,73.0,False,102
imsa,2025,Long Beach,Acura Grand Prix of Long Beach,race,647,021,GTD,Stevan McAleer,stevan mcaleer,39,2.0,14,91.144,33.979,32.797,24.368,,FCY,11,67.12,109.22,73.0,False,102
imsa,2025,Long Beach,Acura Grand Prix of Long Beach,race,647,021,GTD,Stevan McAleer,stevan mcaleer,40,2.0,15,82.074,26.887,30.949,24.238,,FCY,11,67.12,109.22,73.0,False,102
imsa,2025,Long Beach,Acura Grand Prix of Long Beach,race,647,021,GTD,Stevan McAleer,stevan mcaleer,41,2.0,16,85.96,27.152,31.154,27.654,,FCY,11,66.94,109.4,73.0,False,102
imsa,2025,Long Beach,Acura Grand Prix of Long Beach,race,647,021,GTD,Stevan McAleer,stevan mcaleer,42,2.0,17,117.216,35.733,48.874,32.609,,FCY,11,66.94,109.04,73.0,False,102
imsa,2025,Long Beach,Acura Grand Prix of Long Beach,race,647,021,GTD,Stevan McAleer,stevan mcaleer,43,2.0,18,108.708,43.978,39.54,25.19,,GF,11,66.94,109.04,73.0,False,102
imsa,2025,Long Beach,Acura Grand Prix of Long Beach,race,647,021,GTD,Stevan McAleer,stevan mcaleer,44,2.0,19,81.252,26.599,30.516,24.137,,GF,12,66.94,108.86,73.0,False,102
imsa,2025,Long Beach,Acura Grand Prix of Long Beach,race,647,021,GTD,Stevan McAleer,stevan mcaleer,45,2.0,20,80.895,26.839,30.407,23.649,,GF,13,66.94,108.86,73.0,False,102
imsa,2025,Long Beach,Acura Grand Prix of Long Beach,race,647,021,GTD,Stevan McAleer,stevan mcaleer,46,2.0,21,79.945,26.088,30.23,23.627,,GF,14,66.94,108.86,73.0,False,102
imsa,2025,Long Beach,Acura Grand Prix of Long Beach,race,647,021,GTD,Stevan McAleer,stevan mcaleer,47,2.0,22,79.799,26.063,30.177,23.559,,GF,15,66.94,108.68,73.0,False,102
imsa,2025,Long Beach,Acura Grand Prix of Long Beach,race,647,021,GTD,Stevan McAleer,stevan mcaleer,48,2.0,23,79.717,26.134,30.024,23.559,,GF,16,67.01,108.68,73.0,False,102
imsa,2025,Long Beach,Acura Grand Prix of Long Beach,race,647,021,GTD,Stevan McAleer,stevan mcaleer,49,2.0,24,80.187,25.999,30.32,23.868,,GF,17,67.01,108.86,73.0,False,102
imsa,2025,Long Beach,Acura Grand Prix of Long Beach,race,647,021,GTD,Stevan McAleer,stevan mcaleer,50,2.0,25,80.047,26.045,30.088,23.914,,GF,18,67.01,108.86,73.0,False,102
imsa,2025,Long Beach,Acura Grand Prix of Long Beach,race,647,021,GTD,Stevan McAleer,stevan mcaleer,51,2.0,26,80.23,26.1,30.212,23.918,,GF,19,67.01,108.86,73.0,False,102
imsa,2025,Long Beach,Acura Grand Prix of Long Beach,race,647,021,GTD,Stevan McAleer,stevan mcaleer,52,2.0,27,81.322,26.13,30.368,24.824,,GF,20,67.01,108.68,73.0,False,102
imsa,2025,Long Beach,Acura Grand Prix of Long Beach,race,647,021,GTD,Stevan McAleer,stevan mcaleer,53,2.0,28,81.738,27.126,30.634,23.978,,GF,21,67.01,108.68,73.0,False,102
imsa,2025,Long Beach,Acura Grand Prix of Long Beach,race,647,021,GTD,Stevan McAleer,stevan mcaleer,54,2.0,29,79.863,25.915,30.241,23.707,,GF,22,67.01,108.86,73.0,False,102
imsa,2025,Long Beach,Acura Grand Prix of Long Beach,race,647,021,GTD,Stevan McAleer,stevan mcaleer,55,2.0,30,81.386,26.408,30.755,24.223,,GF,23,67.73,108.86,72.0,False,102
imsa,2025,Long Beach,Acura Grand Prix of Long Beach,race,647,021,GTD,Stevan McAleer,stevan mcaleer,56,2.0,31,82.153,26.259,30.556,25.338,,GF,24,67.73,109.22,72.0,False,102
imsa,2025,Long Beach,Acura Grand Prix of Long Beach,race,647,021,GTD,Stevan McAleer,stevan mcaleer,57,2.0,32,81.055,26.537,30.639,23.879,,GF,25,67.73,109.22,72.0,False,102
imsa,2025,Long Beach,Acura Grand Prix of Long Beach,race,647,021,GTD,Stevan McAleer,stevan mcaleer,58,2.0,33,80.313,26.242,30.381,23.69,,GF,26,67.73,109.22,72.0,False,102
imsa,2025,Long Beach,Acura Grand Prix of Long Beach,race,647,021,GTD,Stevan McAleer,stevan mcaleer,59,2.0,34,79.959,26.055,30.209,23.695,,GF,27,67.73,108.86,72.0,False,102
imsa,2025,Long Beach,Acura Grand Prix of Long Beach,race,647,021,GTD,Stevan McAleer,stevan mcaleer,60,2.0,35,80.189,26.168,30.213,23.808,,GF,28,67.73,108.86,72.0,False,102
imsa,2025,Long Beach,Acura Grand Prix of Long Beach,race,647,021,GTD,Stevan McAleer,stevan mcaleer,61,2.0,36,80.47,26.101,30.316,24.053,,GF,29,67.73,109.04,72.0,False,102
imsa,2025,Long Beach,Acura Grand Prix of Long Beach,race,647,021,GTD,Stevan McAleer,stevan mcaleer,62,2.0,37,80.329,26.132,30.384,23.813,,GF,30,67.53,109.22,72.0,False,102
imsa,2025,Long Beach,Acura Grand Prix of Long Beach,race,647,021,GTD,Stevan McAleer,stevan mcaleer,63,2.0,38,81.058,26.476,30.684,23.898,,GF,31,67.53,109.22,72.0,False,102
imsa,2025,Long Beach,Acura Grand Prix of Long Beach,race,647,021,GTD,Stevan McAleer,stevan mcaleer,64,2.0,39,80.649,26.081,30.374,24.194,,GF,32,67.53,109.4,72.0,False,102
imsa,2025,Long Beach,Acura Grand Prix of Long Beach,race,647,021,GTD,Stevan McAleer,stevan mcaleer,65,2.0,40,80.161,26.192,30.357,23.612,,GF,33,67.53,109.4,72.0,False,102
imsa,2025,Long Beach,Acura Grand Prix of Long Beach,race,647,021,GTD,Stevan McAleer,stevan mcaleer,66,2.0,41,80.036,26.081,30.22,23.735,,GF,34,67.53,109.4,72.0,False,102
imsa,2025,Long Beach,Acura Grand Prix of Long Beach,race,647,021,GTD,Stevan McAleer,stevan mcaleer,67,2.0,42,80.59,26.037,30.447,24.106,,GF,35,67.53,109.4,72.0,False,102
imsa,2025,Long Beach,Acura Grand Prix of Long Beach,race,647,021,GTD,Stevan McAleer,stevan mcaleer,68,2.0,43,80.509,26.388,30.312,23.809,,GF,36,67.53,109.4,72.0,False,102
imsa,2025,Long Beach,Acura Grand Prix of Long Beach,race,647,021,GTD,Stevan McAleer,stevan mcaleer,69,2.0,44,79.921,26.138,30.096,23.687,,GF,37,67.53,109.58,72.0,False,102
imsa,2025,Long Beach,Acura Grand Prix of Long Beach,race,647,021,GTD,Stevan McAleer,stevan mcaleer,70,2.0,45,80.423,26.083,30.296,24.044,,GF,38,67.15,109.58,73.0,False,102
imsa,2025,Long Beach,Acura Grand Prix of Long Beach,race,647,021,GTD,Stevan McAleer,stevan mcaleer,71,2.0,46,81.91,27.466,30.394,24.05,,FF,39,67.15,109.58,73.0,False,102
imsa,2025,Long Beach,Acura Grand Prix of Long Beach,race,647,12,GTD,Parker Thompson,parker thompson,1,1.0,0,86.624,31.921,30.515,24.188,,GF,0,65.61,106.52,76.0,False,102
imsa,2025,Long Beach,Acura Grand Prix of Long Beach,race,647,12,GTD,Parker Thompson,parker thompson,2,1.0,1,80.527,26.371,30.403,23.753,,GF,0,66.13,106.52,74.0,False,102
imsa,2025,Long Beach,Acura Grand Prix of Long Beach,race,647,12,GTD,Parker Thompson,parker thompson,3,1.0,2,79.907,26.191,30.015,23.701,,GF,1,66.13,106.7,74.0,False,102
imsa,2025,Long Beach,Acura Grand Prix of Long Beach,race,647,12,GTD,Parker Thompson,parker thompson,4,1.0,3,79.416,26.144,29.829,23.443,,GF,2,66.13,106.7,74.0,False,102
imsa,2025,Long Beach,Acura Grand Prix of Long Beach,race,647,12,GTD,Parker Thompson,parker thompson,5,1.0,4,79.076,25.945,29.716,23.415,,GF,3,66.13,106.88,74.0,False,102
imsa,2025,Long Beach,Acura Grand Prix of Long Beach,race,647,12,GTD,Parker Thompson,parker thompson,6,1.0,5,78.859,25.813,29.704,23.342,,GF,4,66.13,106.88,74.0,False,102
imsa,2025,Long Beach,Acura Grand Prix of Long Beach,race,647,12,GTD,Parker Thompson,parker thompson,7,1.0,6,79.168,25.939,29.826,23.403,,GF,5,66.18,107.24,74.0,False,102
imsa,2025,Long Beach,Acura Grand Prix of Long Beach,race,647,12,GTD,Parker Thompson,parker thompson,8,1.0,7,79.091,25.913,29.732,23.446,,GF,6,66.18,107.24,74.0,False,102
imsa,2025,Long Beach,Acura Grand Prix of Long Beach,race,647,12,GTD,Parker Thompson,parker thompson,9,1.0,8,79.127,25.925,29.803,23.399,,GF,7,66.18,107.42,74.0,False,102
imsa,2025,Long Beach,Acura Grand Prix of Long Beach,race,647,12,GTD,Parker Thompson,parker thompson,10,1.0,9,79.329,25.913,30.01,23.406,,GF,8,66.18,107.6,74.0,False,102
imsa,2025,Long Beach,Acura Grand Prix of Long Beach,race,647,12,GTD,Parker Thompson,parker thompson,11,1.0,10,79.164,25.957,29.848,23.359,,GF,9,66.18,107.6,74.0,False,102
imsa,2025,Long Beach,Acura Grand Prix of Long Beach,race,647,12,GTD,Parker Thompson,parker thompson,12,1.0,11,79.298,25.978,29.867,23.453,,GF,10,66.18,107.78,74.0,False,102
imsa,2025,Long Beach,Acura Grand Prix of Long Beach,race,647,12,GTD,Parker Thompson,parker thompson,13,1.0,12,79.296,25.952,29.893,23.451,,GF,11,66.18,108.32,74.0,False,102
imsa,2025,Long Beach,Acura Grand Prix of Long Beach,race,647,12,GTD,Parker Thompson,parker thompson,14,1.0,13,79.622,26.04,30.127,23.455,,GF,12,66.18,108.5,74.0,False,102
imsa,2025,Long Beach,Acura Grand Prix of Long Beach,race,647,12,GTD,Parker Thompson,parker thompson,15,1.0,14,79.526,25.763,30.089,23.674,,GF,13,66.18,108.5,74.0,False,102
imsa,2025,Long Beach,Acura Grand Prix of Long Beach,race,647,12,GTD,Parker Thompson,parker thompson,16,1.0,15,91.378,26.07,36.16,29.148,,FCY,14,66.54,108.68,74.0,False,102
imsa,2025,Long Beach,Acura Grand Prix of Long Beach,race,647,12,GTD,Parker Thompson,parker thompson,17,1.0,16,107.308,33.735,40.018,33.555,,FCY,14,66.54,109.22,74.0,False,102
imsa,2025,Long Beach,Acura Grand Prix of Long Beach,race,647,12,GTD,Parker Thompson,parker thompson,18,1.0,17,111.917,32.904,44.205,34.808,,FCY,14,66.54,109.22,74.0,False,102
imsa,2025,Long Beach,Acura Grand Prix of Long Beach,race,647,12,GTD,Parker Thompson,parker thompson,19,1.0,18,115.167,37.671,41.877,35.619,,FCY,14,66.54,109.4,74.0,False,102
imsa,2025,Long Beach,Acura Grand Prix of Long Beach,race,647,12,GTD,Parker Thompson,parker thompson,20,1.0,19,124.721,39.987,47.096,37.638,,FCY,14,66.54,109.4,74.0,False,102
imsa,2025,Long Beach,Acura Grand Prix of Long Beach,race,647,12,GTD,Parker Thompson,parker thompson,21,1.0,20,126.023,47.081,53.324,25.618,,GF,14,66.36,109.58,74.0,False,102
imsa,2025,Long Beach,Acura Grand Prix of Long Beach,race,647,12,GTD,Parker Thompson,parker thompson,22,1.0,21,79.995,26.145,30.337,23.513,,GF,15,66.36,109.58,74.0,False,102
imsa,2025,Long Beach,Acura Grand Prix of Long Beach,race,647,12,GTD,Parker Thompson,parker thompson,23,1.0,22,79.27,26.036,29.855,23.379,,GF,16,66.36,109.58,74.0,False,102
imsa,2025,Long Beach,Acura Grand Prix of Long Beach,race,647,12,GTD,Parker Thompson,parker thompson,24,1.0,23,79.228,25.859,29.828,23.541,,GF,17,66.36,109.76,74.0,False,102
imsa,2025,Long Beach,Acura Grand Prix of Long Beach,race,647,12,GTD,Parker Thompson,parker thompson,25,1.0,24,89.965,25.838,29.793,34.334,,GF,18,66.36,109.76,74.0,False,102
imsa,2025,Long Beach,Acura Grand Prix of Long Beach,race,647,12,GTD,Jack Hawksworth,jack hawksworth,26,2.0,0,131.117,75.37,31.808,23.939,65.173,GF,0,66.36,109.76,74.0,False,102
imsa,2025,Long Beach,Acura Grand Prix of Long Beach,race,647,12,GTD,Jack Hawksworth,jack hawksworth,27,2.0,1,80.651,26.825,30.309,23.517,,GF,0,66.56,109.94,74.0,False,102
imsa,2025,Long Beach,Acura Grand Prix of Long Beach,race,647,12,GTD,Jack Hawksworth,jack hawksworth,28,2.0,2,79.262,25.948,29.789,23.525,,GF,1,66.56,109.94,74.0,False,102
imsa,2025,Long Beach,Acura Grand Prix of Long Beach,race,647,12,GTD,Jack Hawksworth,jack hawksworth,29,2.0,3,79.166,25.915,29.757,23.494,,GF,2,66.56,109.58,74.0,False,102
imsa,2025,Long Beach,Acura Grand Prix of Long Beach,race,647,12,GTD,Jack Hawksworth,jack hawksworth,30,2.0,4,79.116,25.858,29.738,23.52,,GF,3,66.56,109.76,74.0,False,102
imsa,2025,Long Beach,Acura Grand Prix of Long Beach,race,647,12,GTD,Jack Hawksworth,jack hawksworth,31,2.0,5,79.162,25.97,29.764,23.428,,GF,4,66.56,109.94,74.0,False,102
imsa,2025,Long Beach,Acura Grand Prix of Long Beach,race,647,12,GTD,Jack Hawksworth,jack hawksworth,32,2.0,6,78.706,25.806,29.676,23.224,,GF,5,66.56,110.12,74.0,False,102
imsa,2025,Long Beach,Acura Grand Prix of Long Beach,race,647,12,GTD,Jack Hawksworth,jack hawksworth,33,2.0,7,79.022,25.917,29.774,23.331,,GF,6,66.56,109.94,74.0,False,102
imsa,2025,Long Beach,Acura Grand Prix of Long Beach,race,647,12,GTD,Jack Hawksworth,jack hawksworth,34,2.0,8,78.983,25.803,29.838,23.342,,GF,7,66.56,109.94,74.0,False,102
imsa,2025,Long Beach,Acura Grand Prix of Long Beach,race,647,12,GTD,Jack Hawksworth,jack hawksworth,35,2.0,9,78.993,25.862,29.731,23.4,,GF,8,67.12,109.58,73.0,False,102
imsa,2025,Long Beach,Acura Grand Prix of Long Beach,race,647,12,GTD,Jack Hawksworth,jack hawksworth,36,2.0,10,79.093,25.937,29.783,23.373,,GF,9,67.12,109.4,73.0,False,102
imsa,2025,Long Beach,Acura Grand Prix of Long Beach,race,647,12,GTD,Jack Hawksworth,jack hawksworth,37,2.0,11,79.079,25.71,29.796,23.573,,FCY,10,67.12,109.4,73.0,False,102
imsa,2025,Long Beach,Acura Grand Prix of Long Beach,race,647,12,GTD,Jack Hawksworth,jack hawksworth,38,2.0,12,109.685,39.043,41.945,28.697,,FCY,10,67.12,109.22,73.0,False,102
imsa,2025,Long Beach,Acura Grand Prix of Long Beach,race,647,12,GTD,Jack Hawksworth,jack hawksworth,39,2.0,13,91.787,30.843,35.074,25.87,,FCY,10,67.12,109.22,73.0,False,102
imsa,2025,Long Beach,Acura Grand Prix of Long Beach,race,647,12,GTD,Jack Hawksworth,jack hawksworth,40,2.0,14,88.7,31.307,32.876,24.517,,FCY,10,67.12,109.22,73.0,False,102
imsa,2025,Long Beach,Acura Grand Prix of Long Beach,race,647,12,GTD,Jack Hawksworth,jack hawksworth,41,2.0,15,102.078,28.469,40.546,33.063,,FCY,10,67.12,109.4,73.0,False,102
imsa,2025,Long Beach,Acura Grand Prix of Long Beach,race,647,12,GTD,Jack Hawksworth,jack hawksworth,42,2.0,16,122.107,34.202,53.986,33.919,,FCY,10,66.94,109.4,73.0,False,102
imsa,2025,Long Beach,Acura Grand Prix of Long Beach,race,647,12,GTD,Jack Hawksworth,jack hawksworth,43,2.0,17,114.927,43.619,45.775,25.533,,GF,10,66.94,109.04,73.0,False,102
imsa,2025,Long Beach,Acura Grand Prix of Long Beach,race,647,12,GTD,Jack Hawksworth,jack hawksworth,44,2.0,18,80.064,26.338,30.167,23.559,,GF,11,66.94,108.86,73.0,False,102
imsa,2025,Long Beach,Acura Grand Prix of Long Beach,race,647,12,GTD,Jack Hawksworth,jack hawksworth,45,2.0,19,79.189,25.94,29.832,23.417,,GF,12,66.94,108.86,73.0,False,102
imsa,2025,Long Beach,Acura Grand Prix of Long Beach,race,647,12,GTD,Jack Hawksworth,jack hawksworth,46,2.0,20,78.936,25.84,29.698,23.398,,GF,13,66.94,108.86,73.0,False,102
imsa,2025,Long Beach,Acura Grand Prix of Long Beach,race,647,12,GTD,Jack Hawksworth,jack hawksworth,47,2.0,21,78.876,25.847,29.745,23.284,,GF,14,66.94,108.68,73.0,False,102
imsa,2025,Long Beach,Acura Grand Prix of Long Beach,race,647,12,GTD,Jack Hawksworth,jack hawksworth,48,2.0,22,78.93,25.814,29.807,23.309,,GF,15,67.01,108.68,73.0,False,102
imsa,2025,Long Beach,Acura Grand Prix of Long Beach,race,647,12,GTD,Jack Hawksworth,jack hawksworth,49,2.0,23,78.778,25.719,29.651,23.408,,GF,16,67.01,108.68,73.0,False,102
imsa,2025,Long Beach,Acura Grand Prix of Long Beach,race,647,12,GTD,Jack Hawksworth,jack hawksworth,50,2.0,24,79.042,25.87,29.806,23.366,,GF,17,67.01,108.86,73.0,False,102
imsa,2025,Long Beach,Acura Grand Prix of Long Beach,race,647,12,GTD,Jack Hawksworth,jack hawksworth,51,2.0,25,79.06,25.841,29.774,23.445,,GF,18,67.01,108.86,73.0,False,102
imsa,2025,Long Beach,Acura Grand Prix of Long Beach,race,647,12,GTD,Jack Hawksworth,jack hawksworth,52,2.0,26,78.909,25.701,29.89,23.318,,GF,19,67.01,108.86,73.0,False,102
imsa,2025,Long Beach,Acura Grand Prix of Long Beach,race,647,12,GTD,Jack Hawksworth,jack hawksworth,53,2.0,27,78.926,25.767,29.764,23.395,,GF,20,67.01,108.68,73.0,False,102
imsa,2025,Long Beach,Acura Grand Prix of Long Beach,race,647,12,GTD,Jack Hawksworth,jack hawksworth,54,2.0,28,78.951,25.737,29.728,23.486,,GF,21,67.01,108.86,73.0,False,102
imsa,2025,Long Beach,Acura Grand Prix of Long Beach,race,647,12,GTD,Jack Hawksworth,jack hawksworth,55,2.0,29,78.915,25.788,29.769,23.358,,GF,22,67.73,108.86,72.0,False,102
imsa,2025,Long Beach,Acura Grand Prix of Long Beach,race,647,12,GTD,Jack Hawksworth,jack hawksworth,56,2.0,30,79.571,25.995,30.088,23.488,,GF,23,67.73,109.22,72.0,False,102
imsa,2025,Long Beach,Acura Grand Prix of Long Beach,race,647,12,GTD,Jack Hawksworth,jack hawksworth,57,2.0,31,79.518,25.791,29.955,23.772,,GF,24,67.73,109.22,72.0,False,102
imsa,2025,Long Beach,Acura Grand Prix of Long Beach,race,647,12,GTD,Jack Hawksworth,jack hawksworth,58,2.0,32,79.442,26.025,29.933,23.484,,GF,25,67.73,109.22,72.0,False,102
imsa,2025,Long Beach,Acura Grand Prix of Long Beach,race,647,12,GTD,Jack Hawksworth,jack hawksworth,59,2.0,33,79.058,25.826,29.852,23.38,,GF,26,67.73,108.86,72.0,False,102
imsa,2025,Long Beach,Acura Grand Prix of Long Beach,race,647,12,GTD,Jack Hawksworth,jack hawksworth,60,2.0,34,79.375,25.773,30.241,23.361,,GF,27,67.73,108.86,72.0,False,102
imsa,2025,Long Beach,Acura Grand Prix of Long Beach,race,647,12,GTD,Jack Hawksworth,jack hawksworth,61,2.0,35,79.08,25.855,29.778,23.447,,GF,28,67.73,109.04,72.0,False,102
imsa,2025,Long Beach,Acura Grand Prix of Long Beach,race,647,12,GTD,Jack Hawksworth,jack hawksworth,62,2.0,36,78.968,25.751,29.88,23.337,,GF,29,67.73,109.04,72.0,False,102
imsa,2025,Long Beach,Acura Grand Prix of Long Beach,race,647,12,GTD,Jack Hawksworth,jack hawksworth,63,2.0,37,80.25,26.442,30.411,23.397,,GF,30,67.53,109.22,72.0,False,102
imsa,2025,Long Beach,Acura Grand Prix of Long Beach,race,647,12,GTD,Jack Hawksworth,jack hawksworth,64,2.0,38,79.132,25.832,29.866,23.434,,GF,31,67.53,109.22,72.0,False,102
imsa,2025,Long Beach,Acura Grand Prix of Long Beach,race,647,12,GTD,Jack Hawksworth,jack hawksworth,65,2.0,39,79.686,26.409,29.892,23.385,,GF,32,67.53,109.4,72.0,False,102
imsa,2025,Long Beach,Acura Grand Prix of Long Beach,race,647,12,GTD,Jack Hawksworth,jack hawksworth,66,2.0,40,79.164,25.929,29.902,23.333,,GF,33,67.53,109.4,72.0,False,102
imsa,2025,Long Beach,Acura Grand Prix of Long Beach,race,647,12,GTD,Jack Hawksworth,jack hawksworth,67,2.0,41,79.404,25.993,29.943,23.468,,GF,34,67.53,109.4,72.0,False,102
imsa,2025,Long Beach,Acura Grand Prix of Long Beach,race,647,12,GTD,Jack Hawksworth,jack hawksworth,68,2.0,42,78.996,25.787,29.772,23.437,,GF,35,67.53,109.4,72.0,False,102
imsa,2025,Long Beach,Acura Grand Prix of Long Beach,race,647,12,GTD,Jack Hawksworth,jack hawksworth,69,2.0,43,79.29,25.96,29.921,23.409,,GF,36,67.53,109.58,72.0,False,102
imsa,2025,Long Beach,Acura Grand Prix of Long Beach,race,647,12,GTD,Jack Hawksworth,jack hawksworth,70,2.0,44,79.23,25.844,29.961,23.425,,GF,37,67.15,109.58,73.0,False,102
imsa,2025,Long Beach,Acura Grand Prix of Long Beach,race,647,12,GTD,Jack Hawksworth,jack hawksworth,71,2.0,45,79.711,26.048,30.054,23.609,,FF,38,67.15,109.58,73.0,False,102
imsa,2025,Long Beach,Acura Grand Prix of Long Beach,race,647,120,GTD,Adam Adelson,adam adelson,1,1.0,0,91.07,35.577,31.255,24.238,,GF,0,65.61,106.52,76.0,False,102
imsa,2025,Long Beach,Acura Grand Prix of Long Beach,race,647,120,GTD,Adam Adelson,adam adelson,2,1.0,1,81.089,26.533,30.637,23.919,,GF,0,66.13,106.52,74.0,False,102
imsa,2025,Long Beach,Acura Grand Prix of Long Beach,race,647,120,GTD,Adam Adelson,adam adelson,3,1.0,2,80.842,26.272,30.612,23.958,,GF,1,66.13,106.7,74.0,False,102
imsa,2025,Long Beach,Acura Grand Prix of Long Beach,race,647,120,GTD,Adam Adelson,adam adelson,4,1.0,3,80.398,26.241,30.408,23.749,,GF,2,66.13,106.7,74.0,False,102
imsa,2025,Long Beach,Acura Grand Prix of Long Beach,race,647,120,GTD,Adam Adelson,adam adelson,5,1.0,4,79.994,26.048,30.377,23.569,,GF,3,66.13,106.88,74.0,False,102
imsa,2025,Long Beach,Acura Grand Prix of Long Beach,race,647,120,GTD,Adam Adelson,adam adelson,6,1.0,5,79.963,26.107,30.292,23.564,,GF,4,66.13,106.88,74.0,False,102
imsa,2025,Long Beach,Acura Grand Prix of Long Beach,race,647,120,GTD,Adam Adelson,adam adelson,7,1.0,6,80.052,26.079,30.322,23.651,,GF,5,66.18,107.24,74.0,False,102
imsa,2025,Long Beach,Acura Grand Prix of Long Beach,race,647,120,GTD,Adam Adelson,adam adelson,8,1.0,7,79.715,26.076,30.194,23.445,,GF,6,66.18,107.24,74.0,False,102
imsa,2025,Long Beach,Acura Grand Prix of Long Beach,race,647,120,GTD,Adam Adelson,adam adelson,9,1.0,8,79.931,26.095,30.232,23.604,,GF,7,66.18,107.42,74.0,False,102
imsa,2025,Long Beach,Acura Grand Prix of Long Beach,race,647,120,GTD,Adam Adelson,adam adelson,10,1.0,9,80.849,26.09,30.345,24.414,,GF,8,66.18,107.6,74.0,False,102
imsa,2025,Long Beach,Acura Grand Prix of Long Beach,race,647,120,GTD,Adam Adelson,adam adelson,11,1.0,10,81.125,26.854,30.593,23.678,,GF,9,66.18,107.6,74.0,False,102
imsa,2025,Long Beach,Acura Grand Prix of Long Beach,race,647,120,GTD,Adam Adelson,adam adelson,12,1.0,11,81.415,26.625,30.527,24.263,,GF,10,66.18,107.78,74.0,False,102
imsa,2025,Long Beach,Acura Grand Prix of Long Beach,race,647,120,GTD,Adam Adelson,adam adelson,13,1.0,12,80.307,26.347,30.338,23.622,,GF,11,66.18,108.32,74.0,False,102
imsa,2025,Long Beach,Acura Grand Prix of Long Beach,race,647,120,GTD,Adam Adelson,adam adelson,14,1.0,13,79.733,25.958,30.298,23.477,,GF,12,66.18,108.5,74.0,False,102
imsa,2025,Long Beach,Acura Grand Prix of Long Beach,race,647,120,GTD,Adam Adelson,adam adelson,15,1.0,14,80.348,26.024,30.615,23.709,,GF,13,66.54,108.68,74.0,False,102
imsa,2025,Long Beach,Acura Grand Prix of Long Beach,race,647,120,GTD,Adam Adelson,adam adelson,16,1.0,15,89.416,26.614,35.096,27.706,,FCY,14,66.54,108.68,74.0,False,102
imsa,2025,Long Beach,Acura Grand Prix of Long Beach,race,647,120,GTD,Adam Adelson,adam adelson,17,1.0,16,101.331,36.452,38.526,26.353,,FCY,14,66.54,109.22,74.0,False,102
imsa,2025,Long Beach,Acura Grand Prix of Long Beach,race,647,120,GTD,Adam Adelson,adam adelson,18,1.0,17,108.492,33.95,38.957,35.585,,FCY,14,66.54,109.22,74.0,False,102
imsa,2025,Long Beach,Acura Grand Prix of Long Beach,race,647,120,GTD,Adam Adelson,adam adelson,19,1.0,18,116.119,38.768,39.194,38.157,,FCY,14,66.54,109.4,74.0,False,102
imsa,2025,Long Beach,Acura Grand Prix of Long Beach,race,647,120,GTD,Adam Adelson,adam adelson,20,1.0,19,126.17,39.762,45.042,41.366,,FCY,14,66.54,109.4,74.0,False,102
imsa,2025,Long Beach,Acura Grand Prix of Long Beach,race,647,120,GTD,Adam Adelson,adam adelson,21,1.0,20,120.298,45.842,49.269,25.187,,GF,14,66.36,109.58,74.0,False,102
imsa,2025,Long Beach,Acura Grand Prix of Long Beach,race,647,120,GTD,Adam Adelson,adam adelson,22,1.0,21,81.318,26.62,30.755,23.943,,GF,15,66.36,109.58,74.0,False,102
imsa,2025,Long Beach,Acura Grand Prix of Long Beach,race,647,120,GTD,Adam Adelson,adam adelson,23,1.0,22,80.723,26.24,30.664,23.819,,GF,16,66.36,109.76,74.0,False,102
imsa,2025,Long Beach,Acura Grand Prix of Long Beach,race,647,120,GTD,Adam Adelson,adam adelson,24,1.0,23,91.194,26.054,30.407,34.733,,GF,17,66.36,109.76,74.0,False,102
imsa,2025,Long Beach,Acura Grand Prix of Long Beach,race,647,120,GTD,Elliott Skeer,elliott skeer,25,2.0,0,133.201,77.664,31.399,24.138,67.903,GF,0,66.36,109.76,74.0,False,102
imsa,2025,Long Beach,Acura Grand Prix of Long Beach,race,647,120,GTD,Elliott Skeer,elliott skeer,26,2.0,1,81.996,26.661,31.431,23.904,,GF,0,66.56,109.94,74.0,False,102
imsa,2025,Long Beach,Acura Grand Prix of Long Beach,race,647,120,GTD,Elliott Skeer,elliott skeer,27,2.0,2,80.82,26.068,30.572,24.18,,GF,1,66.56,109.94,74.0,False,102
imsa,2025,Long Beach,Acura Grand Prix of Long Beach,race,647,120,GTD,Elliott Skeer,elliott skeer,28,2.0,3,81.751,26.786,31.624,23.341,,GF,2,66.56,109.94,74.0,False,102
imsa,2025,Long Beach,Acura Grand Prix of Long Beach,race,647,120,GTD,Elliott Skeer,elliott skeer,29,2.0,4,79.39,25.955,30.101,23.334,,GF,3,66.56,109.76,74.0,False,102
imsa,2025,Long Beach,Acura Grand Prix of Long Beach,race,647,120,GTD,Elliott Skeer,elliott skeer,30,2.0,5,78.763,25.79,29.797,23.176,,GF,4,66.56,109.76,74.0,False,102
imsa,2025,Long Beach,Acura Grand Prix of Long Beach,race,647,120,GTD,Elliott Skeer,elliott skeer,31,2.0,6,78.935,25.698,30.048,23.189,,GF,5,66.56,109.94,74.0,False,102
imsa,2025,Long Beach,Acura Grand Prix of Long Beach,race,647,120,GTD,Elliott Skeer,elliott skeer,32,2.0,7,78.834,25.688,29.897,23.249,,GF,6,66.56,110.12,74.0,False,102
imsa,2025,Long Beach,Acura Grand Prix of Long Beach,race,647,120,GTD,Elliott Skeer,elliott skeer,33,2.0,8,78.952,25.771,29.891,23.29,,GF,7,66.56,109.94,74.0,False,102
imsa,2025,Long Beach,Acura Grand Prix of Long Beach,race,647,120,GTD,Elliott Skeer,elliott skeer,34,2.0,9,79.088,25.74,29.818,23.53,,GF,8,66.56,109.94,74.0,False,102
imsa,2025,Long Beach,Acura Grand Prix of Long Beach,race,647,120,GTD,Elliott Skeer,elliott skeer,35,2.0,10,81.349,25.923,30.235,25.191,,GF,9,67.12,109.58,73.0,False,102
imsa,2025,Long Beach,Acura Grand Prix of Long Beach,race,647,120,GTD,Elliott Skeer,elliott skeer,36,2.0,11,81.268,27.169,30.785,23.314,,GF,10,67.12,109.4,73.0,False,102
imsa,2025,Long Beach,Acura Grand Prix of Long Beach,race,647,120,GTD,Elliott Skeer,elliott skeer,37,2.0,12,81.253,25.63,29.998,25.625,,FCY,11,67.12,109.4,73.0,False,102
imsa,2025,Long Beach,Acura Grand Prix of Long Beach,race,647,120,GTD,Elliott Skeer,elliott skeer,38,2.0,13,114.722,32.513,51.4,30.809,,FCY,11,67.12,109.22,73.0,False,102
imsa,2025,Long Beach,Acura Grand Prix of Long Beach,race,647,120,GTD,Elliott Skeer,elliott skeer,39,2.0,14,82.389,27.08,31.108,24.201,,FCY,11,67.12,109.22,73.0,False,102
imsa,2025,Long Beach,Acura Grand Prix of Long Beach,race,647,120,GTD,Elliott Skeer,elliott skeer,40,2.0,15,85.083,27.526,32.192,25.365,,FCY,11,67.12,109.22,73.0,False,102
imsa,2025,Long Beach,Acura Grand Prix of Long Beach,race,647,120,GTD,Elliott Skeer,elliott skeer,41,2.0,16,99.089,27.849,35.05,36.19,,FCY,11,66.94,109.4,73.0,False,102
imsa,2025,Long Beach,Acura Grand Prix of Long Beach,race,647,120,GTD,Elliott Skeer,elliott skeer,42,2.0,17,117.705,32.506,51.208,33.991,,FCY,11,66.94,109.04,73.0,False,102
imsa,2025,Long Beach,Acura Grand Prix of Long Beach,race,647,120,GTD,Elliott Skeer,elliott skeer,43,2.0,18,110.864,43.524,42.384,24.956,,GF,11,66.94,109.04,73.0,False,102
imsa,2025,Long Beach,Acura Grand Prix of Long Beach,race,647,120,GTD,Elliott Skeer,elliott skeer,44,2.0,19,80.811,26.528,30.187,24.096,,GF,12,66.94,108.86,73.0,False,102
imsa,2025,Long Beach,Acura Grand Prix of Long Beach,race,647,120,GTD,Elliott Skeer,elliott skeer,45,2.0,20,79.826,26.133,30.129,23.564,,GF,13,66.94,108.86,73.0,False,102
imsa,2025,Long Beach,Acura Grand Prix of Long Beach,race,647,120,GTD,Elliott Skeer,elliott skeer,46,2.0,21,79.617,25.895,30.007,23.715,,GF,14,66.94,108.86,73.0,False,102
imsa,2025,Long Beach,Acura Grand Prix of Long Beach,race,647,120,GTD,Elliott Skeer,elliott skeer,47,2.0,22,79.812,26.013,29.919,23.88,,GF,15,66.94,108.68,73.0,False,102
imsa,2025,Long Beach,Acura Grand Prix of Long Beach,race,647,120,GTD,Elliott Skeer,elliott skeer,48,2.0,23,79.205,25.704,29.958,23.543,,GF,16,67.01,108.68,73.0,False,102
imsa,2025,Long Beach,Acura Grand Prix of Long Beach,race,647,120,GTD,Elliott Skeer,elliott skeer,49,2.0,24,80.291,26.157,30.131,24.003,,GF,17,67.01,108.68,73.0,False,102
imsa,2025,Long Beach,Acura Grand Prix of Long Beach,race,647,120,GTD,Elliott Skeer,elliott skeer,50,2.0,25,79.588,25.835,30.056,23.697,,GF,18,67.01,108.86,73.0,False,102
imsa,2025,Long Beach,Acura Grand Prix of Long Beach,race,647,120,GTD,Elliott Skeer,elliott skeer,51,2.0,26,79.492,25.791,30.088,23.613,,GF,19,67.01,108.86,73.0,False,102
imsa,2025,Long Beach,Acura Grand Prix of Long Beach,race,647,120,GTD,Elliott Skeer,elliott skeer,52,2.0,27,79.806,25.917,30.288,23.601,,GF,20,67.01,108.86,73.0,False,102
imsa,2025,Long Beach,Acura Grand Prix of Long Beach,race,647,120,GTD,Elliott Skeer,elliott skeer,53,2.0,28,79.596,25.857,30.181,23.558,,GF,21,67.01,108.68,73.0,False,102
imsa,2025,Long Beach,Acura Grand Prix of Long Beach,race,647,120,GTD,Elliott Skeer,elliott skeer,54,2.0,29,80.532,26.252,30.777,23.503,,GF,22,67.01,108.86,73.0,False,102
imsa,2025,Long Beach,Acura Grand Prix of Long Beach,race,647,120,GTD,Elliott Skeer,elliott skeer,55,2.0,30,80.685,26.496,30.605,23.584,,GF,23,67.73,108.86,72.0,False,102
imsa,2025,Long Beach,Acura Grand Prix of Long Beach,race,647,120,GTD,Elliott Skeer,elliott skeer,56,2.0,31,80.005,26.048,30.189,23.768,,GF,24,67.73,109.22,72.0,False,102
imsa,2025,Long Beach,Acura Grand Prix of Long Beach,race,647,120,GTD,Elliott Skeer,elliott skeer,57,2.0,32,81.35,27.103,30.22,24.027,,GF,25,67.73,109.22,72.0,False,102
imsa,2025,Long Beach,Acura Grand Prix of Long Beach,race,647,120,GTD,Elliott Skeer,elliott skeer,58,2.0,33,79.25,25.874,29.986,23.39,,GF,26,67.73,109.22,72.0,False,102
imsa,2025,Long Beach,Acura Grand Prix of Long Beach,race,647,120,GTD,Elliott Skeer,elliott skeer,59,2.0,34,80.93,25.951,30.766,24.213,,GF,27,67.73,108.86,72.0,False,102
imsa,2025,Long Beach,Acura Grand Prix of Long Beach,race,647,120,GTD,Elliott Skeer,elliott skeer,60,2.0,35,79.049,25.692,29.92,23.437,,GF,28,67.73,108.86,72.0,False,102
imsa,2025,Long Beach,Acura Grand Prix of Long Beach,race,647,120,GTD,Elliott Skeer,elliott skeer,61,2.0,36,79.632,25.976,30.164,23.492,,GF,29,67.73,109.04,72.0,False,102
imsa,2025,Long Beach,Acura Grand Prix of Long Beach,race,647,120,GTD,Elliott Skeer,elliott skeer,62,2.0,37,79.838,26.0,30.322,23.516,,GF,30,67.53,109.22,72.0,False,102
imsa,2025,Long Beach,Acura Grand Prix of Long Beach,race,647,120,GTD,Elliott Skeer,elliott skeer,63,2.0,38,79.868,26.007,30.176,23.685,,GF,31,67.53,109.22,72.0,False,102
imsa,2025,Long Beach,Acura Grand Prix of Long Beach,race,647,120,GTD,Elliott Skeer,elliott skeer,64,2.0,39,79.851,25.931,30.107,23.813,,GF,32,67.53,109.22,72.0,False,102
imsa,2025,Long Beach,Acura Grand Prix of Long Beach,race,647,120,GTD,Elliott Skeer,elliott skeer,65,2.0,40,80.409,25.946,30.085,24.378,,GF,33,67.53,109.4,72.0,False,102
imsa,2025,Long Beach,Acura Grand Prix of Long Beach,race,647,120,GTD,Elliott Skeer,elliott skeer,66,2.0,41,79.523,25.907,30.022,23.594,,GF,34,67.53,109.4,72.0,False,102
imsa,2025,Long Beach,Acura Grand Prix of Long Beach,race,647,120,GTD,Elliott Skeer,elliott skeer,67,2.0,42,80.798,26.218,30.879,23.701,,GF,35,67.53,109.4,72.0,False,102
imsa,2025,Long Beach,Acura Grand Prix of Long Beach,race,647,120,GTD,Elliott Skeer,elliott skeer,68,2.0,43,79.549,25.735,30.103,23.711,,GF,36,67.53,109.4,72.0,False,102
imsa,2025,Long Beach,Acura Grand Prix of Long Beach,race,647,120,GTD,Elliott Skeer,elliott skeer,69,2.0,44,79.734,25.871,30.364,23.499,,GF,37,67.53,109.58,72.0,False,102
imsa,2025,Long Beach,Acura Grand Prix of Long Beach,race,647,120,GTD,Elliott Skeer,elliott skeer,70,2.0,45,79.563,25.862,30.058,23.643,,GF,38,67.15,109.58,73.0,False,102
imsa,2025,Long Beach,Acura Grand Prix of Long Beach,race,647,120,GTD,Elliott Skeer,elliott skeer,71,2.0,46,80.004,25.962,30.499,23.543,,FF,39,67.15,109.58,73.0,False,102
imsa,2025,Long Beach,Acura Grand Prix of Long Beach,race,647,13,GTD,Orey Fidani,orey fidani,1,1.0,0,92.973,37.172,31.12,24.681,,GF,0,65.61,106.52,76.0,False,102
imsa,2025,Long Beach,Acura Grand Prix of Long Beach,race,647,13,GTD,Orey Fidani,orey fidani,2,1.0,1,81.182,26.693,30.606,23.883,,GF,0,66.13,106.52,74.0,False,102
imsa,2025,Long Beach,Acura Grand Prix of Long Beach,race,647,13,GTD,Orey Fidani,orey fidani,3,1.0,2,80.529,26.466,30.329,23.734,,GF,1,66.13,106.7,74.0,False,102
imsa,2025,Long Beach,Acura Grand Prix of Long Beach,race,647,13,GTD,Orey Fidani,orey fidani,4,1.0,3,80.601,26.355,30.448,23.798,,GF,2,66.13,106.7,74.0,False,102
imsa,2025,Long Beach,Acura Grand Prix of Long Beach,race,647,13,GTD,Orey Fidani,orey fidani,5,1.0,4,80.486,26.163,30.429,23.894,,GF,3,66.13,106.88,74.0,False,102
imsa,2025,Long Beach,Acura Grand Prix of Long Beach,race,647,13,GTD,Orey Fidani,orey fidani,6,1.0,5,80.171,26.136,30.26,23.775,,GF,4,66.13,106.88,74.0,False,102
imsa,2025,Long Beach,Acura Grand Prix of Long Beach,race,647,13,GTD,Orey Fidani,orey fidani,7,1.0,6,80.131,26.196,30.3,23.635,,GF,5,66.18,107.24,74.0,False,102
imsa,2025,Long Beach,Acura Grand Prix of Long Beach,race,647,13,GTD,Orey Fidani,orey fidani,8,1.0,7,80.272,26.184,30.399,23.689,,GF,6,66.18,107.24,74.0,False,102
imsa,2025,Long Beach,Acura Grand Prix of Long Beach,race,647,13,GTD,Orey Fidani,orey fidani,9,1.0,8,80.177,26.155,30.218,23.804,,GF,7,66.18,107.42,74.0,False,102
imsa,2025,Long Beach,Acura Grand Prix of Long Beach,race,647,13,GTD,Orey Fidani,orey fidani,10,1.0,9,80.463,26.191,30.3,23.972,,GF,8,66.18,107.6,74.0,False,102
imsa,2025,Long Beach,Acura Grand Prix of Long Beach,race,647,13,GTD,Orey Fidani,orey fidani,11,1.0,10,81.163,26.609,30.384,24.17,,GF,9,66.18,107.6,74.0,False,102
imsa,2025,Long Beach,Acura Grand Prix of Long Beach,race,647,13,GTD,Orey Fidani,orey fidani,12,1.0,11,80.989,26.649,30.185,24.155,,GF,10,66.18,107.78,74.0,False,102
imsa,2025,Long Beach,Acura Grand Prix of Long Beach,race,647,13,GTD,Orey Fidani,orey fidani,13,1.0,12,80.563,26.184,30.458,23.921,,GF,11,66.18,108.32,74.0,False,102
imsa,2025,Long Beach,Acura Grand Prix of Long Beach,race,647,13,GTD,Orey Fidani,orey fidani,14,1.0,13,82.234,26.232,31.995,24.007,,GF,12,66.18,108.5,74.0,False,102
imsa,2025,Long Beach,Acura Grand Prix of Long Beach,race,647,13,GTD,Orey Fidani,orey fidani,15,1.0,14,184.147,26.236,133.115,24.796,,FCY,13,66.54,109.04,74.0,False,102
imsa,2025,Long Beach,Acura Grand Prix of Long Beach,race,647,13,GTD,Orey Fidani,orey fidani,16,1.0,15,93.769,28.253,33.778,31.738,,FCY,13,66.54,109.22,74.0,False,102
imsa,2025,Long Beach,Acura Grand Prix of Long Beach,race,647,13,GTD,Orey Fidani,orey fidani,17,1.0,16,112.15,33.897,34.725,43.528,,FCY,13,66.54,109.22,74.0,False,102
imsa,2025,Long Beach,Acura Grand Prix of Long Beach,race,647,13,GTD,Orey Fidani,orey fidani,18,1.0,17,140.409,78.791,34.95,26.668,65.16,FCY,0,66.54,109.4,74.0,False,102
imsa,2025,Long Beach,Acura Grand Prix of Long Beach,race,647,13,GTD,Orey Fidani,orey fidani,19,1.0,18,98.549,28.2,31.735,38.614,,FCY,0,66.54,109.4,74.0,False,102
imsa,2025,Long Beach,Acura Grand Prix of Long Beach,race,647,13,GTD,Orey Fidani,orey fidani,20,1.0,19,111.808,40.506,45.359,25.943,,GF,0,66.36,109.58,74.0,False,102
imsa,2025,Long Beach,Acura Grand Prix of Long Beach,race,647,13,GTD,Orey Fidani,orey fidani,21,1.0,20,82.037,27.015,30.763,24.259,,GF,1,66.36,109.58,74.0,False,102
imsa,2025,Long Beach,Acura Grand Prix of Long Beach,race,647,13,GTD,Orey Fidani,orey fidani,22,1.0,21,82.208,26.805,30.772,24.631,,GF,2,66.36,109.76,74.0,False,102
imsa,2025,Long Beach,Acura Grand Prix of Long Beach,race,647,13,GTD,Orey Fidani,orey fidani,23,1.0,22,82.977,27.173,31.296,24.508,,GF,3,66.36,109.76,74.0,False,102
imsa,2025,Long Beach,Acura Grand Prix of Long Beach,race,647,13,GTD,Orey Fidani,orey fidani,24,1.0,23,81.674,26.699,30.918,24.057,,GF,4,66.36,109.76,74.0,False,102
imsa,2025,Long Beach,Acura Grand Prix of Long Beach,race,647,13,GTD,Orey Fidani,orey fidani,25,1.0,24,81.749,26.682,30.827,24.24,,GF,5,66.36,109.76,74.0,False,102
imsa,2025,Long Beach,Acura Grand Prix of Long Beach,race,647,13,GTD,Orey Fidani,orey fidani,26,1.0,25,81.542,26.525,31.017,24.0,,GF,6,66.56,109.94,74.0,False,102
imsa,2025,Long Beach,Acura Grand Prix of Long Beach,race,647,13,GTD,Orey Fidani,orey fidani,27,1.0,26,81.655,26.554,30.886,24.215,,GF,7,66.56,109.94,74.0,False,102
imsa,2025,Long Beach,Acura Grand Prix of Long Beach,race,647,13,GTD,Orey Fidani,orey fidani,28,1.0,27,83.144,26.722,31.114,25.308,,GF,8,66.56,109.58,74.0,False,102
imsa,2025,Long Beach,Acura Grand Prix of Long Beach,race,647,13,GTD,Orey Fidani,orey fidani,29,1.0,28,82.738,27.295,31.074,24.369,,GF,9,66.56,109.76,74.0,False,102
imsa,2025,Long Beach,Acura Grand Prix of Long Beach,race,647,13,GTD,Orey Fidani,orey fidani,30,1.0,29,82.122,27.34,30.537,24.245,,GF,10,66.56,109.94,74.0,False,102
imsa,2025,Long Beach,Acura Grand Prix of Long Beach,race,647,13,GTD,Orey Fidani,orey fidani,31,1.0,30,83.568,26.952,32.243,24.373,,GF,11,66.56,110.12,74.0,False,102
imsa,2025,Long Beach,Acura Grand Prix of Long Beach,race,647,13,GTD,Orey Fidani,orey fidani,32,1.0,31,82.281,26.823,31.212,24.246,,GF,12,66.56,110.12,74.0,False,102
imsa,2025,Long Beach,Acura Grand Prix of Long Beach,race,647,13,GTD,Orey Fidani,orey fidani,33,1.0,32,81.036,26.488,30.567,23.981,,GF,13,66.56,109.94,74.0,False,102
imsa,2025,Long Beach,Acura Grand Prix of Long Beach,race,647,13,GTD,Orey Fidani,orey fidani,34,1.0,33,81.274,26.513,30.921,23.84,,GF,14,67.12,109.58,73.0,False,102
imsa,2025,Long Beach,Acura Grand Prix of Long Beach,race,647,13,GTD,Orey Fidani,orey fidani,35,1.0,34,81.352,26.684,30.743,23.925,,GF,15,67.12,109.58,73.0,False,102
imsa,2025,Long Beach,Acura Grand Prix of Long Beach,race,647,13,GTD,Orey Fidani,orey fidani,36,1.0,35,81.208,26.666,30.627,23.915,,GF,16,67.12,109.4,73.0,False,102
imsa,2025,Long Beach,Acura Grand Prix of Long Beach,race,647,13,GTD,Orey Fidani,orey fidani,37,1.0,36,83.626,27.067,32.437,24.122,,FCY,17,67.12,109.4,73.0,False,102
imsa,2025,Long Beach,Acura Grand Prix of Long Beach,race,647,13,GTD,Orey Fidani,orey fidani,38,1.0,37,82.139,26.848,31.034,24.257,,FCY,17,67.12,109.22,73.0,False,102
imsa,2025,Long Beach,Acura Grand Prix of Long Beach,race,647,13,GTD,Orey Fidani,orey fidani,39,1.0,38,88.334,32.357,31.687,24.29,,FCY,17,67.12,109.22,73.0,False,102
imsa,2025,Long Beach,Acura Grand Prix of Long Beach,race,647,13,GTD,Orey Fidani,orey fidani,40,1.0,39,81.924,26.964,30.873,24.087,,FCY,17,67.12,109.22,73.0,False,102
imsa,2025,Long Beach,Acura Grand Prix of Long Beach,race,647,13,GTD,Orey Fidani,orey fidani,41,1.0,40,93.268,26.736,30.534,35.998,,FCY,17,66.94,109.4,73.0,False,102
imsa,2025,Long Beach,Acura Grand Prix of Long Beach,race,647,13,GTD,Matt Bell,matthew bell,42,2.0,0,138.099,79.628,32.833,25.638,68.914,FCY,0,66.94,109.04,73.0,False,102
imsa,2025,Long Beach,Acura Grand Prix of Long Beach,race,647,13,GTD,Matt Bell,matthew bell,43,2.0,1,81.944,27.592,30.749,23.603,,GF,0,66.94,109.04,73.0,False,102
imsa,2025,Long Beach,Acura Grand Prix of Long Beach,race,647,13,GTD,Matt Bell,matthew bell,44,2.0,2,79.653,25.928,29.89,23.835,,GF,1,66.94,108.86,73.0,False,102
imsa,2025,Long Beach,Acura Grand Prix of Long Beach,race,647,13,GTD,Matt Bell,matthew bell,45,2.0,3,79.578,26.077,29.972,23.529,,GF,2,66.94,108.86,73.0,False,102
imsa,2025,Long Beach,Acura Grand Prix of Long Beach,race,647,13,GTD,Matt Bell,matthew bell,46,2.0,4,79.063,26.088,29.783,23.192,,GF,3,66.94,108.86,73.0,False,102
imsa,2025,Long Beach,Acura Grand Prix of Long Beach,race,647,13,GTD,Matt Bell,matthew bell,47,2.0,5,79.413,25.948,29.909,23.556,,GF,4,66.94,108.68,73.0,False,102
imsa,2025,Long Beach,Acura Grand Prix of Long Beach,race,647,13,GTD,Matt Bell,matthew bell,48,2.0,6,79.71,26.336,29.818,23.556,,GF,5,67.01,108.68,73.0,False,102
imsa,2025,Long Beach,Acura Grand Prix of Long Beach,race,647,13,GTD,Matt Bell,matthew bell,49,2.0,7,80.268,26.321,30.031,23.916,,GF,6,67.01,108.86,73.0,False,102
imsa,2025,Long Beach,Acura Grand Prix of Long Beach,race,647,13,GTD,Matt Bell,matthew bell,50,2.0,8,80.014,26.092,29.999,23.923,,GF,7,67.01,108.86,73.0,False,102
imsa,2025,Long Beach,Acura Grand Prix of Long Beach,race,647,13,GTD,Matt Bell,matthew bell,51,2.0,9,80.302,26.149,30.146,24.007,,GF,8,67.01,108.86,73.0,False,102
imsa,2025,Long Beach,Acura Grand Prix of Long Beach,race,647,13,GTD,Matt Bell,matthew bell,52,2.0,10,81.167,26.14,30.26,24.767,,GF,9,67.01,108.68,73.0,False,102
imsa,2025,Long Beach,Acura Grand Prix of Long Beach,race,647,13,GTD,Matt Bell,matthew bell,53,2.0,11,80.759,26.521,29.877,24.361,,GF,10,67.01,108.68,73.0,False,102
imsa,2025,Long Beach,Acura Grand Prix of Long Beach,race,647,13,GTD,Matt Bell,matthew bell,54,2.0,12,79.767,25.969,29.855,23.943,,GF,11,67.01,108.86,73.0,False,102
imsa,2025,Long Beach,Acura Grand Prix of Long Beach,race,647,13,GTD,Matt Bell,matthew bell,55,2.0,13,81.703,26.842,30.386,24.475,,GF,12,67.73,108.86,72.0,False,102
imsa,2025,Long Beach,Acura Grand Prix of Long Beach,race,647,13,GTD,Matt Bell,matthew bell,56,2.0,14,80.332,26.123,30.154,24.055,,GF,13,67.73,109.22,72.0,False,102
imsa,2025,Long Beach,Acura Grand Prix of Long Beach,race,647,13,GTD,Matt Bell,matthew bell,57,2.0,15,82.315,28.224,30.17,23.921,,GF,14,67.73,109.22,72.0,False,102
imsa,2025,Long Beach,Acura Grand Prix of Long Beach,race,647,13,GTD,Matt Bell,matthew bell,58,2.0,16,80.527,26.803,30.069,23.655,,GF,15,67.73,109.22,72.0,False,102
imsa,2025,Long Beach,Acura Grand Prix of Long Beach,race,647,13,GTD,Matt Bell,matthew bell,59,2.0,17,80.187,26.124,30.149,23.914,,GF,16,67.73,108.86,72.0,False,102
imsa,2025,Long Beach,Acura Grand Prix of Long Beach,race,647,13,GTD,Matt Bell,matthew bell,60,2.0,18,80.057,26.133,30.13,23.794,,GF,17,67.73,108.86,72.0,False,102
imsa,2025,Long Beach,Acura Grand Prix of Long Beach,race,647,13,GTD,Matt Bell,matthew bell,61,2.0,19,80.579,26.221,30.578,23.78,,GF,18,67.73,109.04,72.0,False,102
imsa,2025,Long Beach,Acura Grand Prix of Long Beach,race,647,13,GTD,Matt Bell,matthew bell,62,2.0,20,80.243,26.128,30.144,23.971,,GF,19,67.53,109.22,72.0,False,102
imsa,2025,Long Beach,Acura Grand Prix of Long Beach,race,647,13,GTD,Matt Bell,matthew bell,63,2.0,21,80.846,26.788,30.255,23.803,,GF,20,67.53,109.22,72.0,False,102
imsa,2025,Long Beach,Acura Grand Prix of Long Beach,race,647,13,GTD,Matt Bell,matthew bell,64,2.0,22,80.539,25.945,30.685,23.909,,GF,21,67.53,109.4,72.0,False,102
imsa,2025,Long Beach,Acura Grand Prix of Long Beach,race,647,13,GTD,Matt Bell,matthew bell,65,2.0,23,80.442,26.505,30.251,23.686,,GF,22,67.53,109.4,72.0,False,102
imsa,2025,Long Beach,Acura Grand Prix of Long Beach,race,647,13,GTD,Matt Bell,matthew bell,66,2.0,24,80.008,26.147,30.205,23.656,,GF,23,67.53,109.4,72.0,False,102
imsa,2025,Long Beach,Acura Grand Prix of Long Beach,race,647,13,GTD,Matt Bell,matthew bell,67,2.0,25,80.918,26.109,30.775,24.034,,GF,24,67.53,109.4,72.0,False,102
imsa,2025,Long Beach,Acura Grand Prix of Long Beach,race,647,13,GTD,Matt Bell,matthew bell,68,2.0,26,80.091,26.527,30.041,23.523,,GF,25,67.53,109.4,72.0,False,102
imsa,2025,Long Beach,Acura Grand Prix of Long Beach,race,647,13,GTD,Matt Bell,matthew bell,69,2.0,27,80.024,26.059,30.171,23.794,,GF,26,67.53,109.58,72.0,False,102
imsa,2025,Long Beach,Acura Grand Prix of Long Beach,race,647,13,GTD,Matt Bell,matthew bell,70,2.0,28,80.593,26.255,30.296,24.042,,GF,27,67.15,109.58,73.0,False,102
imsa,2025,Long Beach,Acura Grand Prix of Long Beach,race,647,13,GTD,Matt Bell,matthew bell,71,2.0,29,81.47,27.31,30.296,23.864,,FF,28,67.15,109.58,73.0,False,102
imsa,2025,Long Beach,Acura Grand Prix of Long Beach,race,647,177,GTD,Jonny Edgar,jonny edgar,1,1.0,0,88.118,32.969,31.019,24.13,,GF,0,65.61,106.52,76.0,False,102
imsa,2025,Long Beach,Acura Grand Prix of Long Beach,race,647,177,GTD,Jonny Edgar,jonny edgar,2,1.0,1,80.794,26.488,30.527,23.779,,GF,0,66.13,106.52,74.0,False,102
imsa,2025,Long Beach,Acura Grand Prix of Long Beach,race,647,177,GTD,Jonny Edgar,jonny edgar,3,1.0,2,79.969,26.196,30.225,23.548,,GF,1,66.13,106.7,74.0,False,102
imsa,2025,Long Beach,Acura Grand Prix of Long Beach,race,647,177,GTD,Jonny Edgar,jonny edgar,4,1.0,3,79.827,26.226,30.085,23.516,,GF,2,66.13,106.7,74.0,False,102
imsa,2025,Long Beach,Acura Grand Prix of Long Beach,race,647,177,GTD,Jonny Edgar,jonny edgar,5,1.0,4,79.644,26.039,30.181,23.424,,GF,3,66.13,106.88,74.0,False,102
imsa,2025,Long Beach,Acura Grand Prix of Long Beach,race,647,177,GTD,Jonny Edgar,jonny edgar,6,1.0,5,79.573,26.048,30.022,23.503,,GF,4,66.13,106.88,74.0,False,102
imsa,2025,Long Beach,Acura Grand Prix of Long Beach,race,647,177,GTD,Jonny Edgar,jonny edgar,7,1.0,6,79.57,26.084,30.049,23.437,,GF,5,66.18,107.24,74.0,False,102
imsa,2025,Long Beach,Acura Grand Prix of Long Beach,race,647,177,GTD,Jonny Edgar,jonny edgar,8,1.0,7,79.372,26.04,29.909,23.423,,GF,6,66.18,107.24,74.0,False,102
imsa,2025,Long Beach,Acura Grand Prix of Long Beach,race,647,177,GTD,Jonny Edgar,jonny edgar,9,1.0,8,79.428,26.002,30.005,23.421,,GF,7,66.18,107.42,74.0,False,102
imsa,2025,Long Beach,Acura Grand Prix of Long Beach,race,647,177,GTD,Jonny Edgar,jonny edgar,10,1.0,9,79.75,26.076,30.123,23.551,,GF,8,66.18,107.6,74.0,False,102
imsa,2025,Long Beach,Acura Grand Prix of Long Beach,race,647,177,GTD,Jonny Edgar,jonny edgar,11,1.0,10,79.785,26.158,30.098,23.529,,GF,9,66.18,107.6,74.0,False,102
imsa,2025,Long Beach,Acura Grand Prix of Long Beach,race,647,177,GTD,Jonny Edgar,jonny edgar,12,1.0,11,79.725,26.048,30.146,23.531,,GF,10,66.18,107.78,74.0,False,102
imsa,2025,Long Beach,Acura Grand Prix of Long Beach,race,647,177,GTD,Jonny Edgar,jonny edgar,13,1.0,12,80.048,26.442,30.189,23.417,,GF,11,66.18,108.32,74.0,False,102
imsa,2025,Long Beach,Acura Grand Prix of Long Beach,race,647,177,GTD,Jonny Edgar,jonny edgar,14,1.0,13,80.151,26.167,30.086,23.898,,GF,12,66.18,108.5,74.0,False,102
imsa,2025,Long Beach,Acura Grand Prix of Long Beach,race,647,177,GTD,Jonny Edgar,jonny edgar,15,1.0,14,79.507,25.927,29.961,23.619,,GF,13,66.54,108.68,74.0,False,102
imsa,2025,Long Beach,Acura Grand Prix of Long Beach,race,647,177,GTD,Jonny Edgar,jonny edgar,16,1.0,15,95.177,25.907,38.854,30.416,,FCY,14,66.54,108.68,74.0,False,102
imsa,2025,Long Beach,Acura Grand Prix of Long Beach,race,647,177,GTD,Jonny Edgar,jonny edgar,17,1.0,16,101.804,35.253,37.939,28.612,,FCY,14,66.54,109.22,74.0,False,102
imsa,2025,Long Beach,Acura Grand Prix of Long Beach,race,647,177,GTD,Jonny Edgar,jonny edgar,18,1.0,17,109.142,34.04,39.563,35.539,,FCY,14,66.54,109.22,74.0,False,102
imsa,2025,Long Beach,Acura Grand Prix of Long Beach,race,647,177,GTD,Jonny Edgar,jonny edgar,19,1.0,18,115.506,38.564,39.793,37.149,,FCY,14,66.54,109.4,74.0,False,102
imsa,2025,Long Beach,Acura Grand Prix of Long Beach,race,647,177,GTD,Jonny Edgar,jonny edgar,20,1.0,19,123.38,39.258,46.341,37.781,,FCY,14,66.54,109.4,74.0,False,102
imsa,2025,Long Beach,Acura Grand Prix of Long Beach,race,647,177,GTD,Jonny Edgar,jonny edgar,21,1.0,20,125.311,48.111,51.635,25.565,,GF,14,66.36,109.58,74.0,False,102
imsa,2025,Long Beach,Acura Grand Prix of Long Beach,race,647,177,GTD,Jonny Edgar,jonny edgar,22,1.0,21,80.789,26.499,30.558,23.732,,GF,15,66.36,109.58,74.0,False,102
imsa,2025,Long Beach,Acura Grand Prix of Long Beach,race,647,177,GTD,Jonny Edgar,jonny edgar,23,1.0,22,79.752,26.075,30.069,23.608,,GF,16,66.36,109.58,74.0,False,102
imsa,2025,Long Beach,Acura Grand Prix of Long Beach,race,647,177,GTD,Jonny Edgar,jonny edgar,24,1.0,23,79.564,26.08,30.038,23.446,,GF,17,66.36,109.76,74.0,False,102
imsa,2025,Long Beach,Acura Grand Prix of Long Beach,race,647,177,GTD,Jonny Edgar,jonny edgar,25,1.0,24,79.239,25.929,29.911,23.399,,GF,18,66.36,109.76,74.0,False,102
imsa,2025,Long Beach,Acura Grand Prix of Long Beach,race,647,177,GTD,Jonny Edgar,jonny edgar,26,1.0,25,90.304,25.987,29.957,34.36,,GF,19,66.36,109.76,74.0,False,102
imsa,2025,Long Beach,Acura Grand Prix of Long Beach,race,647,177,GTD,Laurens Vanthoor,laurens vanthoor,27,2.0,0,124.746,70.229,30.815,23.702,62.149,GF,0,66.56,109.94,74.0,False,102
imsa,2025,Long Beach,Acura Grand Prix of Long Beach,race,647,177,GTD,Laurens Vanthoor,laurens vanthoor,28,2.0,1,79.911,26.325,30.184,23.402,,GF,0,66.56,109.94,74.0,False,102
imsa,2025,Long Beach,Acura Grand Prix of Long Beach,race,647,177,GTD,Laurens Vanthoor,laurens vanthoor,29,2.0,2,79.564,26.166,30.02,23.378,,GF,1,66.56,109.58,74.0,False,102
imsa,2025,Long Beach,Acura Grand Prix of Long Beach,race,647,177,GTD,Laurens Vanthoor,laurens vanthoor,30,2.0,3,79.114,25.945,29.829,23.34,,GF,2,66.56,109.76,74.0,False,102
imsa,2025,Long Beach,Acura Grand Prix of Long Beach,race,647,177,GTD,Laurens Vanthoor,laurens vanthoor,31,2.0,4,79.296,25.967,29.99,23.339,,GF,3,66.56,109.94,74.0,False,102
imsa,2025,Long Beach,Acura Grand Prix of Long Beach,race,647,177,GTD,Laurens Vanthoor,laurens vanthoor,32,2.0,5,79.653,26.107,30.067,23.479,,GF,4,66.56,110.12,74.0,False,102
imsa,2025,Long Beach,Acura Grand Prix of Long Beach,race,647,177,GTD,Laurens Vanthoor,laurens vanthoor,33,2.0,6,79.772,26.019,29.896,23.857,,GF,5,66.56,109.94,74.0,False,102
imsa,2025,Long Beach,Acura Grand Prix of Long Beach,race,647,177,GTD,Laurens Vanthoor,laurens vanthoor,34,2.0,7,79.373,26.195,29.877,23.301,,GF,6,66.56,109.94,74.0,False,102
imsa,2025,Long Beach,Acura Grand Prix of Long Beach,race,647,177,GTD,Laurens Vanthoor,laurens vanthoor,35,2.0,8,79.059,25.917,29.829,23.313,,GF,7,67.12,109.58,73.0,False,102
imsa,2025,Long Beach,Acura Grand Prix of Long Beach,race,647,177,GTD,Laurens Vanthoor,laurens vanthoor,36,2.0,9,78.846,25.953,29.635,23.258,,GF,8,67.12,109.4,73.0,False,102
imsa,2025,Long Beach,Acura Grand Prix of Long Beach,race,647,177,GTD,Laurens Vanthoor,laurens vanthoor,37,2.0,10,79.589,26.001,29.848,23.74,,FCY,9,67.12,109.4,73.0,False,102
imsa,2025,Long Beach,Acura Grand Prix of Long Beach,race,647,177,GTD,Laurens Vanthoor,laurens vanthoor,38,2.0,11,108.507,39.255,40.485,28.767,,FCY,9,67.12,109.22,73.0,False,102
imsa,2025,Long Beach,Acura Grand Prix of Long Beach,race,647,177,GTD,Laurens Vanthoor,laurens vanthoor,39,2.0,12,93.4,32.003,35.079,26.318,,FCY,9,67.12,109.22,73.0,False,102
imsa,2025,Long Beach,Acura Grand Prix of Long Beach,race,647,177,GTD,Laurens Vanthoor,laurens vanthoor,40,2.0,13,88.126,30.826,32.693,24.607,,FCY,9,67.12,109.22,73.0,False,102
imsa,2025,Long Beach,Acura Grand Prix of Long Beach,race,647,177,GTD,Laurens Vanthoor,laurens vanthoor,41,2.0,14,102.139,29.077,39.672,33.39,,FCY,9,67.12,109.4,73.0,False,102
imsa,2025,Long Beach,Acura Grand Prix of Long Beach,race,647,177,GTD,Laurens Vanthoor,laurens vanthoor,42,2.0,15,122.265,34.374,54.09,33.801,,FCY,9,66.94,109.4,73.0,False,102
imsa,2025,Long Beach,Acura Grand Prix of Long Beach,race,647,177,GTD,Laurens Vanthoor,laurens vanthoor,43,2.0,16,115.553,43.751,46.522,25.28,,GF,9,66.94,109.04,73.0,False,102
imsa,2025,Long Beach,Acura Grand Prix of Long Beach,race,647,177,GTD,Laurens Vanthoor,laurens vanthoor,44,2.0,17,79.547,26.262,29.9,23.385,,GF,10,66.94,108.86,73.0,False,102
imsa,2025,Long Beach,Acura Grand Prix of Long Beach,race,647,177,GTD,Laurens Vanthoor,laurens vanthoor,45,2.0,18,79.077,25.987,29.769,23.321,,GF,11,66.94,108.86,73.0,False,102
imsa,2025,Long Beach,Acura Grand Prix of Long Beach,race,647,177,GTD,Laurens Vanthoor,laurens vanthoor,46,2.0,19,78.944,26.025,29.604,23.315,,GF,12,66.94,108.86,73.0,False,102
imsa,2025,Long Beach,Acura Grand Prix of Long Beach,race,647,177,GTD,Laurens Vanthoor,laurens vanthoor,47,2.0,20,78.992,25.956,29.714,23.322,,GF,13,66.94,108.68,73.0,False,102
imsa,2025,Long Beach,Acura Grand Prix of Long Beach,race,647,177,GTD,Laurens Vanthoor,laurens vanthoor,48,2.0,21,78.68,25.904,29.589,23.187,,GF,14,67.01,108.68,73.0,False,102
imsa,2025,Long Beach,Acura Grand Prix of Long Beach,race,647,177,GTD,Laurens Vanthoor,laurens vanthoor,49,2.0,22,79.005,26.021,29.703,23.281,,GF,15,67.01,108.68,73.0,False,102
imsa,2025,Long Beach,Acura Grand Prix of Long Beach,race,647,177,GTD,Laurens Vanthoor,laurens vanthoor,50,2.0,23,79.102,25.886,29.754,23.462,,GF,16,67.01,108.86,73.0,False,102
imsa,2025,Long Beach,Acura Grand Prix of Long Beach,race,647,177,GTD,Laurens Vanthoor,laurens vanthoor,51,2.0,24,78.852,25.901,29.691,23.26,,GF,17,67.01,108.86,73.0,False,102
imsa,2025,Long Beach,Acura Grand Prix of Long Beach,race,647,177,GTD,Laurens Vanthoor,laurens vanthoor,52,2.0,25,78.922,25.91,29.679,23.333,,GF,18,67.01,108.86,73.0,False,102
imsa,2025,Long Beach,Acura Grand Prix of Long Beach,race,647,177,GTD,Laurens Vanthoor,laurens vanthoor,53,2.0,26,78.747,25.872,29.592,23.283,,GF,19,67.01,108.68,73.0,False,102
imsa,2025,Long Beach,Acura Grand Prix of Long Beach,race,647,177,GTD,Laurens Vanthoor,laurens vanthoor,54,2.0,27,78.922,25.92,29.674,23.328,,GF,20,67.01,108.86,73.0,False,102
imsa,2025,Long Beach,Acura Grand Prix of Long Beach,race,647,177,GTD,Laurens Vanthoor,laurens vanthoor,55,2.0,28,79.021,25.934,29.693,23.394,,GF,21,67.73,108.86,72.0,False,102
imsa,2025,Long Beach,Acura Grand Prix of Long Beach,race,647,177,GTD,Laurens Vanthoor,laurens vanthoor,56,2.0,29,79.334,25.921,29.706,23.707,,GF,22,67.73,109.22,72.0,False,102
imsa,2025,Long Beach,Acura Grand Prix of Long Beach,race,647,177,GTD,Laurens Vanthoor,laurens vanthoor,57,2.0,30,79.452,26.224,29.874,23.354,,GF,23,67.73,109.22,72.0,False,102
imsa,2025,Long Beach,Acura Grand Prix of Long Beach,race,647,177,GTD,Laurens Vanthoor,laurens vanthoor,58,2.0,31,79.917,26.471,30.237,23.209,,GF,24,67.73,109.22,72.0,False,102
imsa,2025,Long Beach,Acura Grand Prix of Long Beach,race,647,177,GTD,Laurens Vanthoor,laurens vanthoor,59,2.0,32,78.741,25.837,29.615,23.289,,GF,25,67.73,109.22,72.0,False,102
imsa,2025,Long Beach,Acura Grand Prix of Long Beach,race,647,177,GTD,Laurens Vanthoor,laurens vanthoor,60,2.0,33,78.963,25.862,29.667,23.434,,GF,26,67.73,108.86,72.0,False,102
imsa,2025,Long Beach,Acura Grand Prix of Long Beach,race,647,177,GTD,Laurens Vanthoor,laurens vanthoor,61,2.0,34,79.236,25.832,29.914,23.49,,GF,27,67.73,109.04,72.0,False,102
imsa,2025,Long Beach,Acura Grand Prix of Long Beach,race,647,177,GTD,Laurens Vanthoor,laurens vanthoor,62,2.0,35,78.795,25.803,29.64,23.352,,GF,28,67.73,109.04,72.0,False,102
imsa,2025,Long Beach,Acura Grand Prix of Long Beach,race,647,177,GTD,Laurens Vanthoor,laurens vanthoor,63,2.0,36,79.808,26.007,30.217,23.584,,GF,29,67.53,109.22,72.0,False,102
imsa,2025,Long Beach,Acura Grand Prix of Long Beach,race,647,177,GTD,Laurens Vanthoor,laurens vanthoor,64,2.0,37,78.967,25.844,29.784,23.339,,GF,30,67.53,109.22,72.0,False,102
imsa,2025,Long Beach,Acura Grand Prix of Long Beach,race,647,177,GTD,Laurens Vanthoor,laurens vanthoor,65,2.0,38,78.973,25.899,29.707,23.367,,GF,31,67.53,109.4,72.0,False,102
imsa,2025,Long Beach,Acura Grand Prix of Long Beach,race,647,177,GTD,Laurens Vanthoor,laurens vanthoor,66,2.0,39,79.124,25.992,29.814,23.318,,GF,32,67.53,109.4,72.0,False,102
imsa,2025,Long Beach,Acura Grand Prix of Long Beach,race,647,177,GTD,Laurens Vanthoor,laurens vanthoor,67,2.0,40,78.87,25.816,29.71,23.344,,GF,33,67.53,109.4,72.0,False,102
imsa,2025,Long Beach,Acura Grand Prix of Long Beach,race,647,177,GTD,Laurens Vanthoor,laurens vanthoor,68,2.0,41,78.944,25.827,29.753,23.364,,GF,34,67.53,109.4,72.0,False,102
imsa,2025,Long Beach,Acura Grand Prix of Long Beach,race,647,177,GTD,Laurens Vanthoor,laurens vanthoor,69,2.0,42,79.531,25.914,29.639,23.978,,GF,35,67.53,109.58,72.0,False,102
imsa,2025,Long Beach,Acura Grand Prix of Long Beach,race,647,177,GTD,Laurens Vanthoor,laurens vanthoor,70,2.0,43,79.815,26.55,29.942,23.323,,GF,36,67.15,109.58,73.0,False,102
imsa,2025,Long Beach,Acura Grand Prix of Long Beach,race,647,177,GTD,Laurens Vanthoor,laurens vanthoor,71,2.0,44,80.286,26.128,29.963,24.195,,FF,37,67.15,109.58,73.0,False,102
imsa,2025,Long Beach,Acura Grand Prix of Long Beach,race,647,27,GTD,Tom Gamble,tom gamble,1,1.0,0,87.292,32.459,30.898,23.935,,GF,0,65.61,106.52,76.0,False,102
imsa,2025,Long Beach,Acura Grand Prix of Long Beach,race,647,27,GTD,Tom Gamble,tom gamble,2,1.0,1,80.71,26.412,30.472,23.826,,GF,0,66.13,106.52,74.0,False,102
imsa,2025,Long Beach,Acura Grand Prix of Long Beach,race,647,27,GTD,Tom Gamble,tom gamble,3,1.0,2,80.025,26.221,30.297,23.507,,GF,1,66.13,106.7,74.0,False,102
imsa,2025,Long Beach,Acura Grand Prix of Long Beach,race,647,27,GTD,Tom Gamble,tom gamble,4,1.0,3,79.492,25.902,30.052,23.538,,GF,2,66.13,106.7,74.0,False,102
imsa,2025,Long Beach,Acura Grand Prix of Long Beach,race,647,27,GTD,Tom Gamble,tom gamble,5,1.0,4,79.454,25.888,30.033,23.533,,GF,3,66.13,106.88,74.0,False,102
imsa,2025,Long Beach,Acura Grand Prix of Long Beach,race,647,27,GTD,Tom Gamble,tom gamble,6,1.0,5,79.983,25.99,30.108,23.885,,GF,4,66.13,106.88,74.0,False,102
imsa,2025,Long Beach,Acura Grand Prix of Long Beach,race,647,27,GTD,Tom Gamble,tom gamble,7,1.0,6,79.437,25.927,30.113,23.397,,GF,5,66.18,107.24,74.0,False,102
imsa,2025,Long Beach,Acura Grand Prix of Long Beach,race,647,27,GTD,Tom Gamble,tom gamble,8,1.0,7,79.375,25.877,30.162,23.336,,GF,6,66.18,107.24,74.0,False,102
imsa,2025,Long Beach,Acura Grand Prix of Long Beach,race,647,27,GTD,Tom Gamble,tom gamble,9,1.0,8,79.629,25.972,30.141,23.516,,GF,7,66.18,107.42,74.0,False,102
imsa,2025,Long Beach,Acura Grand Prix of Long Beach,race,647,27,GTD,Tom Gamble,tom gamble,10,1.0,9,79.524,25.927,30.109,23.488,,GF,8,66.18,107.6,74.0,False,102
imsa,2025,Long Beach,Acura Grand Prix of Long Beach,race,647,27,GTD,Tom Gamble,tom gamble,11,1.0,10,79.673,26.006,30.237,23.43,,GF,9,66.18,107.6,74.0,False,102
imsa,2025,Long Beach,Acura Grand Prix of Long Beach,race,647,27,GTD,Tom Gamble,tom gamble,12,1.0,11,79.673,26.061,30.113,23.499,,GF,10,66.18,107.78,74.0,False,102
imsa,2025,Long Beach,Acura Grand Prix of Long Beach,race,647,27,GTD,Tom Gamble,tom gamble,13,1.0,12,80.179,26.44,30.259,23.48,,GF,11,66.18,108.32,74.0,False,102
imsa,2025,Long Beach,Acura Grand Prix of Long Beach,race,647,27,GTD,Tom Gamble,tom gamble,14,1.0,13,79.959,26.056,30.373,23.53,,GF,12,66.18,108.5,74.0,False,102
imsa,2025,Long Beach,Acura Grand Prix of Long Beach,race,647,27,GTD,Tom Gamble,tom gamble,15,1.0,14,79.889,26.254,30.087,23.548,,GF,13,66.54,108.68,74.0,False,102
imsa,2025,Long Beach,Acura Grand Prix of Long Beach,race,647,27,GTD,Tom Gamble,tom gamble,16,1.0,15,94.56,26.288,37.383,30.889,,FCY,14,66.54,108.68,74.0,False,102
imsa,2025,Long Beach,Acura Grand Prix of Long Beach,race,647,27,GTD,Tom Gamble,tom gamble,17,1.0,16,100.549,34.578,38.445,27.526,,FCY,14,66.54,109.22,74.0,False,102
imsa,2025,Long Beach,Acura Grand Prix of Long Beach,race,647,27,GTD,Tom Gamble,tom gamble,18,1.0,17,110.719,34.879,40.355,35.485,,FCY,14,66.54,109.22,74.0,False,102
imsa,2025,Long Beach,Acura Grand Prix of Long Beach,race,647,27,GTD,Tom Gamble,tom gamble,19,1.0,18,115.22,38.3,40.693,36.227,,FCY,14,66.54,109.4,74.0,False,102
imsa,2025,Long Beach,Acura Grand Prix of Long Beach,race,647,27,GTD,Tom Gamble,tom gamble,20,1.0,19,124.356,39.545,46.954,37.857,,FCY,14,66.54,109.4,74.0,False,102
imsa,2025,Long Beach,Acura Grand Prix of Long Beach,race,647,27,GTD,Tom Gamble,tom gamble,21,1.0,20,125.417,47.975,51.743,25.699,,GF,14,66.36,109.58,74.0,False,102
imsa,2025,Long Beach,Acura Grand Prix of Long Beach,race,647,27,GTD,Tom Gamble,tom gamble,22,1.0,21,80.704,26.625,30.503,23.576,,GF,15,66.36,109.58,74.0,False,102
imsa,2025,Long Beach,Acura Grand Prix of Long Beach,race,647,27,GTD,Tom Gamble,tom gamble,23,1.0,22,79.762,26.103,30.116,23.543,,GF,16,66.36,109.58,74.0,False,102
imsa,2025,Long Beach,Acura Grand Prix of Long Beach,race,647,27,GTD,Tom Gamble,tom gamble,24,1.0,23,79.273,25.919,29.903,23.451,,GF,17,66.36,109.76,74.0,False,102
imsa,2025,Long Beach,Acura Grand Prix of Long Beach,race,647,27,GTD,Tom Gamble,tom gamble,25,1.0,24,79.322,25.897,30.071,23.354,,GF,18,66.36,109.76,74.0,False,102
imsa,2025,Long Beach,Acura Grand Prix of Long Beach,race,647,27,GTD,Tom Gamble,tom gamble,26,1.0,25,90.646,26.067,30.095,34.484,,GF,19,66.36,109.76,74.0,False,102
imsa,2025,Long Beach,Acura Grand Prix of Long Beach,race,647,27,GTD,Casper Stevenson,casper stevenson,27,2.0,0,134.006,77.28,32.297,24.429,65.948,GF,0,66.56,109.94,74.0,False,102
imsa,2025,Long Beach,Acura Grand Prix of Long Beach,race,647,27,GTD,Casper Stevenson,casper stevenson,28,2.0,1,81.218,26.834,30.602,23.782,,GF,0,66.56,109.94,74.0,False,102
imsa,2025,Long Beach,Acura Grand Prix of Long Beach,race,647,27,GTD,Casper Stevenson,casper stevenson,29,2.0,2,80.491,26.258,30.745,23.488,,GF,1,66.56,109.76,74.0,False,102
imsa,2025,Long Beach,Acura Grand Prix of Long Beach,race,647,27,GTD,Casper Stevenson,casper stevenson,30,2.0,3,80.12,26.418,30.187,23.515,,GF,2,66.56,109.76,74.0,False,102
imsa,2025,Long Beach,Acura Grand Prix of Long Beach,race,647,27,GTD,Casper Stevenson,casper stevenson,31,2.0,4,80.224,26.362,30.194,23.668,,GF,3,66.56,109.94,74.0,False,102
imsa,2025,Long Beach,Acura Grand Prix of Long Beach,race,647,27,GTD,Casper Stevenson,casper stevenson,32,2.0,5,79.998,26.268,30.221,23.509,,GF,4,66.56,110.12,74.0,False,102
imsa,2025,Long Beach,Acura Grand Prix of Long Beach,race,647,27,GTD,Casper Stevenson,casper stevenson,33,2.0,6,79.955,26.262,30.088,23.605,,GF,5,66.56,109.94,74.0,False,102
imsa,2025,Long Beach,Acura Grand Prix of Long Beach,race,647,27,GTD,Casper Stevenson,casper stevenson,34,2.0,7,79.77,26.218,30.013,23.539,,GF,6,66.56,109.94,74.0,False,102
imsa,2025,Long Beach,Acura Grand Prix of Long Beach,race,647,27,GTD,Casper Stevenson,casper stevenson,35,2.0,8,83.845,26.439,31.933,25.473,,GF,7,67.12,109.58,73.0,False,102
imsa,2025,Long Beach,Acura Grand Prix of Long Beach,race,647,27,GTD,Casper Stevenson,casper stevenson,36,2.0,9,82.735,27.232,31.601,23.902,,GF,8,67.12,109.4,73.0,False,102
imsa,2025,Long Beach,Acura Grand Prix of Long Beach,race,647,27,GTD,Casper Stevenson,casper stevenson,37,2.0,10,83.403,26.408,31.737,25.258,,FCY,9,67.12,109.4,73.0,False,102
imsa,2025,Long Beach,Acura Grand Prix of Long Beach,race,647,27,GTD,Casper Stevenson,casper stevenson,38,2.0,11,114.906,30.7,51.327,32.879,,FCY,9,67.12,109.22,73.0,False,102
imsa,2025,Long Beach,Acura Grand Prix of Long Beach,race,647,27,GTD,Casper Stevenson,casper stevenson,39,2.0,12,83.899,28.561,31.281,24.057,,FCY,9,67.12,109.22,73.0,False,102
imsa,2025,Long Beach,Acura Grand Prix of Long Beach,race,647,27,GTD,Casper Stevenson,casper stevenson,40,2.0,13,81.909,26.829,30.922,24.158,,FCY,9,67.12,109.22,73.0,False,102
imsa,2025,Long Beach,Acura Grand Prix of Long Beach,race,647,27,GTD,Casper Stevenson,casper stevenson,41,2.0,14,98.678,27.303,34.978,36.397,,FCY,9,66.94,109.4,73.0,False,102
imsa,2025,Long Beach,Acura Grand Prix of Long Beach,race,647,27,GTD,Casper Stevenson,casper stevenson,42,2.0,15,117.613,32.762,51.127,33.724,,FCY,9,66.94,109.04,73.0,False,102
imsa,2025,Long Beach,Acura Grand Prix of Long Beach,race,647,27,GTD,Casper Stevenson,casper stevenson,43,2.0,16,110.525,44.486,41.08,24.959,,GF,9,66.94,109.04,73.0,False,102
imsa,2025,Long Beach,Acura Grand Prix of Long Beach,race,647,27,GTD,Casper Stevenson,casper stevenson,44,2.0,17,80.849,26.503,30.286,24.06,,GF,10,66.94,108.86,73.0,False,102
imsa,2025,Long Beach,Acura Grand Prix of Long Beach,race,647,27,GTD,Casper Stevenson,casper stevenson,45,2.0,18,80.039,26.238,30.197,23.604,,GF,11,66.94,108.86,73.0,False,102
imsa,2025,Long Beach,Acura Grand Prix of Long Beach,race,647,27,GTD,Casper Stevenson,casper stevenson,46,2.0,19,79.964,26.108,30.267,23.589,,GF,12,66.94,108.86,73.0,False,102
imsa,2025,Long Beach,Acura Grand Prix of Long Beach,race,647,27,GTD,Casper Stevenson,casper stevenson,47,2.0,20,79.847,26.156,30.214,23.477,,GF,13,66.94,108.68,73.0,False,102
imsa,2025,Long Beach,Acura Grand Prix of Long Beach,race,647,27,GTD,Casper Stevenson,casper stevenson,48,2.0,21,79.854,26.056,30.145,23.653,,GF,14,67.01,108.68,73.0,False,102
imsa,2025,Long Beach,Acura Grand Prix of Long Beach,race,647,27,GTD,Casper Stevenson,casper stevenson,49,2.0,22,79.761,26.254,29.955,23.552,,GF,15,67.01,108.68,73.0,False,102
imsa,2025,Long Beach,Acura Grand Prix of Long Beach,race,647,27,GTD,Casper Stevenson,casper stevenson,50,2.0,23,79.527,26.075,29.913,23.539,,GF,16,67.01,108.86,73.0,False,102
imsa,2025,Long Beach,Acura Grand Prix of Long Beach,race,647,27,GTD,Casper Stevenson,casper stevenson,51,2.0,24,79.622,26.045,30.102,23.475,,GF,17,67.01,108.86,73.0,False,102
imsa,2025,Long Beach,Acura Grand Prix of Long Beach,race,647,27,GTD,Casper Stevenson,casper stevenson,52,2.0,25,79.613,26.099,29.977,23.537,,GF,18,67.01,108.86,73.0,False,102
imsa,2025,Long Beach,Acura Grand Prix of Long Beach,race,647,27,GTD,Casper Stevenson,casper stevenson,53,2.0,26,80.261,26.292,30.325,23.644,,GF,19,67.01,108.68,73.0,False,102
imsa,2025,Long Beach,Acura Grand Prix of Long Beach,race,647,27,GTD,Casper Stevenson,casper stevenson,54,2.0,27,82.008,26.299,31.732,23.977,,GF,20,67.01,108.86,73.0,False,102
imsa,2025,Long Beach,Acura Grand Prix of Long Beach,race,647,27,GTD,Casper Stevenson,casper stevenson,55,2.0,28,80.469,26.276,30.409,23.784,,GF,21,67.73,108.86,72.0,False,102
imsa,2025,Long Beach,Acura Grand Prix of Long Beach,race,647,27,GTD,Casper Stevenson,casper stevenson,56,2.0,29,80.564,26.453,30.485,23.626,,GF,22,67.73,109.22,72.0,False,102
imsa,2025,Long Beach,Acura Grand Prix of Long Beach,race,647,27,GTD,Casper Stevenson,casper stevenson,57,2.0,30,81.34,26.373,31.173,23.794,,GF,23,67.73,109.22,72.0,False,102
imsa,2025,Long Beach,Acura Grand Prix of Long Beach,race,647,27,GTD,Casper Stevenson,casper stevenson,58,2.0,31,80.841,26.431,30.875,23.535,,GF,24,67.73,109.22,72.0,False,102
imsa,2025,Long Beach,Acura Grand Prix of Long Beach,race,647,27,GTD,Casper Stevenson,casper stevenson,59,2.0,32,80.094,26.194,30.235,23.665,,GF,25,67.73,108.86,72.0,False,102
imsa,2025,Long Beach,Acura Grand Prix of Long Beach,race,647,27,GTD,Casper Stevenson,casper stevenson,60,2.0,33,79.906,26.155,30.254,23.497,,GF,26,67.73,108.86,72.0,False,102
imsa,2025,Long Beach,Acura Grand Prix of Long Beach,race,647,27,GTD,Casper Stevenson,casper stevenson,61,2.0,34,80.112,26.24,30.427,23.445,,GF,27,67.73,109.04,72.0,False,102
imsa,2025,Long Beach,Acura Grand Prix of Long Beach,race,647,27,GTD,Casper Stevenson,casper stevenson,62,2.0,35,79.838,26.162,30.071,23.605,,GF,28,67.53,109.22,72.0,False,102
imsa,2025,Long Beach,Acura Grand Prix of Long Beach,race,647,27,GTD,Casper Stevenson,casper stevenson,63,2.0,36,79.712,26.279,29.96,23.473,,GF,29,67.53,109.22,72.0,False,102
imsa,2025,Long Beach,Acura Grand Prix of Long Beach,race,647,27,GTD,Casper Stevenson,casper stevenson,64,2.0,37,79.829,26.194,30.144,23.491,,GF,30,67.53,109.4,72.0,False,102
imsa,2025,Long Beach,Acura Grand Prix of Long Beach,race,647,27,GTD,Casper Stevenson,casper stevenson,65,2.0,38,79.699,26.098,30.131,23.47,,GF,31,67.53,109.4,72.0,False,102
imsa,2025,Long Beach,Acura Grand Prix of Long Beach,race,647,27,GTD,Casper Stevenson,casper stevenson,66,2.0,39,80.596,26.506,30.383,23.707,,GF,32,67.53,109.4,72.0,False,102
imsa,2025,Long Beach,Acura Grand Prix of Long Beach,race,647,27,GTD,Casper Stevenson,casper stevenson,67,2.0,40,79.823,26.128,30.091,23.604,,GF,33,67.53,109.4,72.0,False,102
imsa,2025,Long Beach,Acura Grand Prix of Long Beach,race,647,27,GTD,Casper Stevenson,casper stevenson,68,2.0,41,79.704,26.127,30.084,23.493,,GF,34,67.53,109.4,72.0,False,102
imsa,2025,Long Beach,Acura Grand Prix of Long Beach,race,647,27,GTD,Casper Stevenson,casper stevenson,69,2.0,42,80.204,26.296,30.255,23.653,,GF,35,67.53,109.58,72.0,False,102
imsa,2025,Long Beach,Acura Grand Prix of Long Beach,race,647,27,GTD,Casper Stevenson,casper stevenson,70,2.0,43,80.338,26.415,30.357,23.566,,GF,36,67.15,109.58,73.0,False,102
imsa,2025,Long Beach,Acura Grand Prix of Long Beach,race,647,27,GTD,Casper Stevenson,casper stevenson,71,2.0,44,79.889,26.168,30.175,23.546,,FF,37,67.15,109.58,73.0,False,102
imsa,2025,Long Beach,Acura Grand Prix of Long Beach,race,647,32,GTD,Seth Lucas,seth lucas,1,1.0,0,92.321,36.569,31.31,24.442,,GF,0,65.61,106.52,76.0,False,102
imsa,2025,Long Beach,Acura Grand Prix of Long Beach,race,647,32,GTD,Seth Lucas,seth lucas,2,1.0,1,80.903,26.562,30.469,23.872,,GF,0,66.13,106.52,74.0,False,102
imsa,2025,Long Beach,Acura Grand Prix of Long Beach,race,647,32,GTD,Seth Lucas,seth lucas,3,1.0,2,80.391,26.216,30.308,23.867,,GF,1,66.13,106.7,74.0,False,102
imsa,2025,Long Beach,Acura Grand Prix of Long Beach,race,647,32,GTD,Seth Lucas,seth lucas,4,1.0,3,80.405,26.296,30.191,23.918,,GF,2,66.13,106.7,74.0,False,102
imsa,2025,Long Beach,Acura Grand Prix of Long Beach,race,647,32,GTD,Seth Lucas,seth lucas,5,1.0,4,80.363,26.358,30.258,23.747,,GF,3,66.13,106.88,74.0,False,102
imsa,2025,Long Beach,Acura Grand Prix of Long Beach,race,647,32,GTD,Seth Lucas,seth lucas,6,1.0,5,80.224,26.146,30.26,23.818,,GF,4,66.13,106.88,74.0,False,102
imsa,2025,Long Beach,Acura Grand Prix of Long Beach,race,647,32,GTD,Seth Lucas,seth lucas,7,1.0,6,80.087,26.328,30.153,23.606,,GF,5,66.18,107.24,74.0,False,102
imsa,2025,Long Beach,Acura Grand Prix of Long Beach,race,647,32,GTD,Seth Lucas,seth lucas,8,1.0,7,80.361,26.264,30.482,23.615,,GF,6,66.18,107.24,74.0,False,102
imsa,2025,Long Beach,Acura Grand Prix of Long Beach,race,647,32,GTD,Seth Lucas,seth lucas,9,1.0,8,80.099,26.096,30.267,23.736,,GF,7,66.18,107.42,74.0,False,102
imsa,2025,Long Beach,Acura Grand Prix of Long Beach,race,647,32,GTD,Seth Lucas,seth lucas,10,1.0,9,80.453,26.352,30.113,23.988,,GF,8,66.18,107.6,74.0,False,102
imsa,2025,Long Beach,Acura Grand Prix of Long Beach,race,647,32,GTD,Seth Lucas,seth lucas,11,1.0,10,80.706,26.537,30.45,23.719,,GF,9,66.18,107.6,74.0,False,102
imsa,2025,Long Beach,Acura Grand Prix of Long Beach,race,647,32,GTD,Seth Lucas,seth lucas,12,1.0,11,81.13,26.46,30.845,23.825,,GF,10,66.18,107.78,74.0,False,102
imsa,2025,Long Beach,Acura Grand Prix of Long Beach,race,647,32,GTD,Seth Lucas,seth lucas,13,1.0,12,80.856,26.405,30.658,23.793,,GF,11,66.18,108.32,74.0,False,102
imsa,2025,Long Beach,Acura Grand Prix of Long Beach,race,647,32,GTD,Seth Lucas,seth lucas,14,1.0,13,80.252,26.075,30.388,23.789,,GF,12,66.18,108.5,74.0,False,102
imsa,2025,Long Beach,Acura Grand Prix of Long Beach,race,647,32,GTD,Seth Lucas,seth lucas,15,1.0,14,80.845,26.289,30.686,23.87,,GF,13,66.54,108.68,74.0,False,102
imsa,2025,Long Beach,Acura Grand Prix of Long Beach,race,647,32,GTD,Seth Lucas,seth lucas,16,1.0,15,88.13,27.643,34.644,25.843,,FCY,14,66.54,108.68,74.0,False,102
imsa,2025,Long Beach,Acura Grand Prix of Long Beach,race,647,32,GTD,Seth Lucas,seth lucas,17,1.0,16,102.575,36.531,38.371,27.673,,FCY,14,66.54,109.22,74.0,False,102
imsa,2025,Long Beach,Acura Grand Prix of Long Beach,race,647,32,GTD,Seth Lucas,seth lucas,18,1.0,17,107.291,33.262,38.142,35.887,,FCY,14,66.54,109.22,74.0,False,102
imsa,2025,Long Beach,Acura Grand Prix of Long Beach,race,647,32,GTD,Seth Lucas,seth lucas,19,1.0,18,115.857,38.977,38.966,37.914,,FCY,14,66.54,109.4,74.0,False,102
imsa,2025,Long Beach,Acura Grand Prix of Long Beach,race,647,32,GTD,Seth Lucas,seth lucas,20,1.0,19,126.906,40.189,44.348,42.369,,FCY,14,66.54,109.4,74.0,False,102
imsa,2025,Long Beach,Acura Grand Prix of Long Beach,race,647,32,GTD,Seth Lucas,seth lucas,21,1.0,20,119.308,45.298,48.455,25.555,,GF,14,66.36,109.58,74.0,False,102
imsa,2025,Long Beach,Acura Grand Prix of Long Beach,race,647,32,GTD,Seth Lucas,seth lucas,22,1.0,21,81.293,26.742,30.437,24.114,,GF,15,66.36,109.58,74.0,False,102
imsa,2025,Long Beach,Acura Grand Prix of Long Beach,race,647,32,GTD,Seth Lucas,seth lucas,23,1.0,22,80.731,26.263,30.465,24.003,,GF,16,66.36,109.76,74.0,False,102
imsa,2025,Long Beach,Acura Grand Prix of Long Beach,race,647,32,GTD,Seth Lucas,seth lucas,24,1.0,23,80.356,26.213,30.19,23.953,,GF,17,66.36,109.76,74.0,False,102
imsa,2025,Long Beach,Acura Grand Prix of Long Beach,race,647,32,GTD,Seth Lucas,seth lucas,25,1.0,24,92.559,26.014,30.436,36.109,,GF,18,66.36,109.76,74.0,False,102
imsa,2025,Long Beach,Acura Grand Prix of Long Beach,race,647,32,GTD,Kenton Koch,kenton koch,26,2.0,0,128.229,73.954,30.703,23.572,65.717,GF,0,66.56,109.94,74.0,False,102
imsa,2025,Long Beach,Acura Grand Prix of Long Beach,race,647,32,GTD,Kenton Koch,kenton koch,27,2.0,1,80.136,26.185,30.322,23.629,,GF,0,66.56,109.94,74.0,False,102
imsa,2025,Long Beach,Acura Grand Prix of Long Beach,race,647,32,GTD,Kenton Koch,kenton koch,28,2.0,2,79.803,26.178,30.08,23.545,,GF,1,66.56,109.94,74.0,False,102
imsa,2025,Long Beach,Acura Grand Prix of Long Beach,race,647,32,GTD,Kenton Koch,kenton koch,29,2.0,3,79.993,26.185,30.424,23.384,,GF,2,66.56,109.76,74.0,False,102
imsa,2025,Long Beach,Acura Grand Prix of Long Beach,race,647,32,GTD,Kenton Koch,kenton koch,30,2.0,4,79.524,25.919,30.188,23.417,,GF,3,66.56,109.76,74.0,False,102
imsa,2025,Long Beach,Acura Grand Prix of Long Beach,race,647,32,GTD,Kenton Koch,kenton koch,31,2.0,5,79.49,25.854,30.083,23.553,,GF,4,66.56,109.94,74.0,False,102
imsa,2025,Long Beach,Acura Grand Prix of Long Beach,race,647,32,GTD,Kenton Koch,kenton koch,32,2.0,6,79.865,25.948,30.394,23.523,,GF,5,66.56,110.12,74.0,False,102
imsa,2025,Long Beach,Acura Grand Prix of Long Beach,race,647,32,GTD,Kenton Koch,kenton koch,33,2.0,7,80.166,26.002,30.302,23.862,,GF,6,66.56,109.94,74.0,False,102
imsa,2025,Long Beach,Acura Grand Prix of Long Beach,race,647,32,GTD,Kenton Koch,kenton koch,34,2.0,8,79.505,25.87,30.216,23.419,,GF,7,66.56,109.94,74.0,False,102
imsa,2025,Long Beach,Acura Grand Prix of Long Beach,race,647,32,GTD,Kenton Koch,kenton koch,35,2.0,9,82.154,26.22,31.529,24.405,,GF,8,67.12,109.58,73.0,False,102
imsa,2025,Long Beach,Acura Grand Prix of Long Beach,race,647,32,GTD,Kenton Koch,kenton koch,36,2.0,10,81.205,27.273,30.405,23.527,,GF,9,67.12,109.4,73.0,False,102
imsa,2025,Long Beach,Acura Grand Prix of Long Beach,race,647,32,GTD,Kenton Koch,kenton koch,37,2.0,11,80.937,25.995,29.969,24.973,,FCY,10,67.12,109.4,73.0,False,102
imsa,2025,Long Beach,Acura Grand Prix of Long Beach,race,647,32,GTD,Kenton Koch,kenton koch,38,2.0,12,116.372,33.604,51.614,31.154,,FCY,10,67.12,109.22,73.0,False,102
imsa,2025,Long Beach,Acura Grand Prix of Long Beach,race,647,32,GTD,Kenton Koch,kenton koch,39,2.0,13,82.298,26.954,30.843,24.501,,FCY,10,67.12,109.22,73.0,False,102
imsa,2025,Long Beach,Acura Grand Prix of Long Beach,race,647,32,GTD,Kenton Koch,kenton koch,40,2.0,14,85.191,27.601,32.192,25.398,,FCY,10,67.12,109.22,73.0,False,102
imsa,2025,Long Beach,Acura Grand Prix of Long Beach,race,647,32,GTD,Kenton Koch,kenton koch,41,2.0,15,98.529,27.84,35.183,35.506,,FCY,10,66.94,109.4,73.0,False,102
imsa,2025,Long Beach,Acura Grand Prix of Long Beach,race,647,32,GTD,Kenton Koch,kenton koch,42,2.0,16,118.083,33.108,51.024,33.951,,FCY,10,66.94,109.04,73.0,False,102
imsa,2025,Long Beach,Acura Grand Prix of Long Beach,race,647,32,GTD,Kenton Koch,kenton koch,43,2.0,17,111.292,43.539,42.648,25.105,,GF,10,66.94,109.04,73.0,False,102
imsa,2025,Long Beach,Acura Grand Prix of Long Beach,race,647,32,GTD,Kenton Koch,kenton koch,44,2.0,18,80.705,26.401,30.188,24.116,,GF,11,66.94,108.86,73.0,False,102
imsa,2025,Long Beach,Acura Grand Prix of Long Beach,race,647,32,GTD,Kenton Koch,kenton koch,45,2.0,19,79.788,26.132,30.062,23.594,,GF,12,66.94,108.86,73.0,False,102
imsa,2025,Long Beach,Acura Grand Prix of Long Beach,race,647,32,GTD,Kenton Koch,kenton koch,46,2.0,20,79.649,25.872,30.087,23.69,,GF,13,66.94,108.86,73.0,False,102
imsa,2025,Long Beach,Acura Grand Prix of Long Beach,race,647,32,GTD,Kenton Koch,kenton koch,47,2.0,21,79.585,26.003,29.983,23.599,,GF,14,66.94,108.68,73.0,False,102
imsa,2025,Long Beach,Acura Grand Prix of Long Beach,race,647,32,GTD,Kenton Koch,kenton koch,48,2.0,22,79.411,25.866,29.963,23.582,,GF,15,67.01,108.68,73.0,False,102
imsa,2025,Long Beach,Acura Grand Prix of Long Beach,race,647,32,GTD,Kenton Koch,kenton koch,49,2.0,23,80.161,26.167,30.187,23.807,,GF,16,67.01,108.68,73.0,False,102
imsa,2025,Long Beach,Acura Grand Prix of Long Beach,race,647,32,GTD,Kenton Koch,kenton koch,50,2.0,24,79.57,25.951,30.114,23.505,,GF,17,67.01,108.86,73.0,False,102
imsa,2025,Long Beach,Acura Grand Prix of Long Beach,race,647,32,GTD,Kenton Koch,kenton koch,51,2.0,25,79.615,25.921,30.137,23.557,,GF,18,67.01,108.86,73.0,False,102
imsa,2025,Long Beach,Acura Grand Prix of Long Beach,race,647,32,GTD,Kenton Koch,kenton koch,52,2.0,26,79.792,26.005,30.243,23.544,,GF,19,67.01,108.86,73.0,False,102
imsa,2025,Long Beach,Acura Grand Prix of Long Beach,race,647,32,GTD,Kenton Koch,kenton koch,53,2.0,27,79.445,25.87,30.073,23.502,,GF,20,67.01,108.68,73.0,False,102
imsa,2025,Long Beach,Acura Grand Prix of Long Beach,race,647,32,GTD,Kenton Koch,kenton koch,54,2.0,28,80.549,26.49,30.393,23.666,,GF,21,67.01,108.86,73.0,False,102
imsa,2025,Long Beach,Acura Grand Prix of Long Beach,race,647,32,GTD,Kenton Koch,kenton koch,55,2.0,29,80.668,26.632,30.429,23.607,,GF,22,67.73,108.86,72.0,False,102
imsa,2025,Long Beach,Acura Grand Prix of Long Beach,race,647,32,GTD,Kenton Koch,kenton koch,56,2.0,30,80.174,26.179,30.296,23.699,,GF,23,67.73,109.22,72.0,False,102
imsa,2025,Long Beach,Acura Grand Prix of Long Beach,race,647,32,GTD,Kenton Koch,kenton koch,57,2.0,31,81.351,27.185,30.117,24.049,,GF,24,67.73,109.22,72.0,False,102
imsa,2025,Long Beach,Acura Grand Prix of Long Beach,race,647,32,GTD,Kenton Koch,kenton koch,58,2.0,32,78.953,25.76,29.89,23.303,,GF,25,67.73,109.22,72.0,False,102
imsa,2025,Long Beach,Acura Grand Prix of Long Beach,race,647,32,GTD,Kenton Koch,kenton koch,59,2.0,33,80.737,26.285,30.441,24.011,,GF,26,67.73,108.86,72.0,False,102
imsa,2025,Long Beach,Acura Grand Prix of Long Beach,race,647,32,GTD,Kenton Koch,kenton koch,60,2.0,34,79.254,25.752,29.997,23.505,,GF,27,67.73,108.86,72.0,False,102
imsa,2025,Long Beach,Acura Grand Prix of Long Beach,race,647,32,GTD,Kenton Koch,kenton koch,61,2.0,35,79.941,26.21,30.216,23.515,,GF,28,67.73,109.04,72.0,False,102
imsa,2025,Long Beach,Acura Grand Prix of Long Beach,race,647,32,GTD,Kenton Koch,kenton koch,62,2.0,36,79.784,26.069,30.228,23.487,,GF,29,67.53,109.22,72.0,False,102
imsa,2025,Long Beach,Acura Grand Prix of Long Beach,race,647,32,GTD,Kenton Koch,kenton koch,63,2.0,37,79.826,26.054,30.261,23.511,,GF,30,67.53,109.22,72.0,False,102
imsa,2025,Long Beach,Acura Grand Prix of Long Beach,race,647,32,GTD,Kenton Koch,kenton koch,64,2.0,38,79.857,26.045,30.151,23.661,,GF,31,67.53,109.22,72.0,False,102
imsa,2025,Long Beach,Acura Grand Prix of Long Beach,race,647,32,GTD,Kenton Koch,kenton koch,65,2.0,39,80.416,26.018,29.98,24.418,,GF,32,67.53,109.4,72.0,False,102
imsa,2025,Long Beach,Acura Grand Prix of Long Beach,race,647,32,GTD,Kenton Koch,kenton koch,66,2.0,40,79.555,25.988,30.111,23.456,,GF,33,67.53,109.4,72.0,False,102
imsa,2025,Long Beach,Acura Grand Prix of Long Beach,race,647,32,GTD,Kenton Koch,kenton koch,67,2.0,41,80.518,26.309,30.711,23.498,,GF,34,67.53,109.4,72.0,False,102
imsa,2025,Long Beach,Acura Grand Prix of Long Beach,race,647,32,GTD,Kenton Koch,kenton koch,68,2.0,42,79.508,25.889,30.202,23.417,,GF,35,67.53,109.4,72.0,False,102
imsa,2025,Long Beach,Acura Grand Prix of Long Beach,race,647,32,GTD,Kenton Koch,kenton koch,69,2.0,43,79.995,26.308,30.157,23.53,,GF,36,67.53,109.58,72.0,False,102
imsa,2025,Long Beach,Acura Grand Prix of Long Beach,race,647,32,GTD,Kenton Koch,kenton koch,70,2.0,44,79.511,25.99,30.066,23.455,,GF,37,67.15,109.58,73.0,False,102
imsa,2025,Long Beach,Acura Grand Prix of Long Beach,race,647,32,GTD,Kenton Koch,kenton koch,71,2.0,45,80.191,25.942,30.383,23.866,,FF,38,67.15,109.58,73.0,False,102
imsa,2025,Long Beach,Acura Grand Prix of Long Beach,race,647,34,GTD,Manny Franco,manny franco,1,1.0,0,109.027,53.217,31.865,23.945,,GF,0,65.61,106.52,76.0,False,102
imsa,2025,Long Beach,Acura Grand Prix of Long Beach,race,647,34,GTD,Manny Franco,manny franco,2,1.0,1,80.437,26.289,30.505,23.643,,GF,0,66.13,106.52,74.0,False,102
imsa,2025,Long Beach,Acura Grand Prix of Long Beach,race,647,34,GTD,Manny Franco,manny franco,3,1.0,2,79.577,26.065,29.981,23.531,,GF,1,66.13,106.7,74.0,False,102
imsa,2025,Long Beach,Acura Grand Prix of Long Beach,race,647,34,GTD,Manny Franco,manny franco,4,1.0,3,79.232,25.956,29.934,23.342,,GF,2,66.13,106.7,74.0,False,102
imsa,2025,Long Beach,Acura Grand Prix of Long Beach,race,647,34,GTD,Manny Franco,manny franco,5,1.0,4,79.121,25.909,29.896,23.316,,GF,3,66.13,106.88,74.0,False,102
imsa,2025,Long Beach,Acura Grand Prix of Long Beach,race,647,34,GTD,Manny Franco,manny franco,6,1.0,5,79.558,25.846,30.215,23.497,,GF,4,66.13,106.88,74.0,False,102
imsa,2025,Long Beach,Acura Grand Prix of Long Beach,race,647,34,GTD,Manny Franco,manny franco,7,1.0,6,79.845,26.109,30.209,23.527,,GF,5,66.18,107.24,74.0,False,102
imsa,2025,Long Beach,Acura Grand Prix of Long Beach,race,647,34,GTD,Manny Franco,manny franco,8,1.0,7,79.479,26.017,30.014,23.448,,GF,6,66.18,107.42,74.0,False,102
imsa,2025,Long Beach,Acura Grand Prix of Long Beach,race,647,34,GTD,Manny Franco,manny franco,9,1.0,8,80.674,26.553,30.231,23.89,,GF,7,66.18,107.42,74.0,False,102
imsa,2025,Long Beach,Acura Grand Prix of Long Beach,race,647,34,GTD,Manny Franco,manny franco,10,1.0,9,80.619,26.389,30.298,23.932,,GF,8,66.18,107.6,74.0,False,102
imsa,2025,Long Beach,Acura Grand Prix of Long Beach,race,647,34,GTD,Manny Franco,manny franco,11,1.0,10,80.467,25.892,30.793,23.782,,GF,9,66.18,107.78,74.0,False,102
imsa,2025,Long Beach,Acura Grand Prix of Long Beach,race,647,34,GTD,Manny Franco,manny franco,12,1.0,11,82.534,27.254,30.69,24.59,,GF,10,66.18,107.78,74.0,False,102
imsa,2025,Long Beach,Acura Grand Prix of Long Beach,race,647,34,GTD,Manny Franco,manny franco,13,1.0,12,79.856,25.945,30.203,23.708,,GF,11,66.18,108.32,74.0,False,102
imsa,2025,Long Beach,Acura Grand Prix of Long Beach,race,647,34,GTD,Manny Franco,manny franco,14,1.0,13,81.515,26.739,30.803,23.973,,GF,12,66.18,108.5,74.0,False,102
imsa,2025,Long Beach,Acura Grand Prix of Long Beach,race,647,34,GTD,Manny Franco,manny franco,15,1.0,14,101.48,25.857,35.023,40.6,,FCY,13,66.54,108.68,74.0,False,102
imsa,2025,Long Beach,Acura Grand Prix of Long Beach,race,647,36,GTD,Robert Wickens,robert wickens,1,1.0,0,90.466,35.021,31.129,24.316,,GF,0,65.61,106.52,76.0,False,102
imsa,2025,Long Beach,Acura Grand Prix of Long Beach,race,647,36,GTD,Robert Wickens,robert wickens,2,1.0,1,80.836,26.535,30.581,23.72,,GF,0,66.13,106.52,74.0,False,102
imsa,2025,Long Beach,Acura Grand Prix of Long Beach,race,647,36,GTD,Robert Wickens,robert wickens,3,1.0,2,80.137,26.267,30.227,23.643,,GF,1,66.13,106.7,74.0,False,102
imsa,2025,Long Beach,Acura Grand Prix of Long Beach,race,647,36,GTD,Robert Wickens,robert wickens,4,1.0,3,79.948,26.114,30.173,23.661,,GF,2,66.13,106.7,74.0,False,102
imsa,2025,Long Beach,Acura Grand Prix of Long Beach,race,647,36,GTD,Robert Wickens,robert wickens,5,1.0,4,79.734,26.081,30.156,23.497,,GF,3,66.13,106.88,74.0,False,102
imsa,2025,Long Beach,Acura Grand Prix of Long Beach,race,647,36,GTD,Robert Wickens,robert wickens,6,1.0,5,79.709,26.042,30.218,23.449,,GF,4,66.13,106.88,74.0,False,102
imsa,2025,Long Beach,Acura Grand Prix of Long Beach,race,647,36,GTD,Robert Wickens,robert wickens,7,1.0,6,79.479,26.107,29.88,23.492,,GF,5,66.18,107.24,74.0,False,102
imsa,2025,Long Beach,Acura Grand Prix of Long Beach,race,647,36,GTD,Robert Wickens,robert wickens,8,1.0,7,79.382,26.055,29.94,23.387,,GF,6,66.18,107.24,74.0,False,102
imsa,2025,Long Beach,Acura Grand Prix of Long Beach,race,647,36,GTD,Robert Wickens,robert wickens,9,1.0,8,79.789,26.178,29.982,23.629,,GF,7,66.18,107.42,74.0,False,102
imsa,2025,Long Beach,Acura Grand Prix of Long Beach,race,647,36,GTD,Robert Wickens,robert wickens,10,1.0,9,79.683,26.164,30.026,23.493,,GF,8,66.18,107.6,74.0,False,102
imsa,2025,Long Beach,Acura Grand Prix of Long Beach,race,647,36,GTD,Robert Wickens,robert wickens,11,1.0,10,79.729,26.048,30.04,23.641,,GF,9,66.18,107.6,74.0,False,102
imsa,2025,Long Beach,Acura Grand Prix of Long Beach,race,647,36,GTD,Robert Wickens,robert wickens,12,1.0,11,81.348,26.816,30.668,23.864,,GF,10,66.18,107.78,74.0,False,102
imsa,2025,Long Beach,Acura Grand Prix of Long Beach,race,647,36,GTD,Robert Wickens,robert wickens,13,1.0,12,81.551,26.461,31.131,23.959,,GF,11,66.18,108.32,74.0,False,102
imsa,2025,Long Beach,Acura Grand Prix of Long Beach,race,647,36,GTD,Robert Wickens,robert wickens,14,1.0,13,80.06,26.188,30.13,23.742,,GF,12,66.18,108.5,74.0,False,102
imsa,2025,Long Beach,Acura Grand Prix of Long Beach,race,647,36,GTD,Robert Wickens,robert wickens,15,1.0,14,79.772,26.079,30.096,23.597,,GF,13,66.54,108.68,74.0,False,102
imsa,2025,Long Beach,Acura Grand Prix of Long Beach,race,647,36,GTD,Robert Wickens,robert wickens,16,1.0,15,91.991,26.503,36.789,28.699,,FCY,14,66.54,108.68,74.0,False,102
imsa,2025,Long Beach,Acura Grand Prix of Long Beach,race,647,36,GTD,Robert Wickens,robert wickens,17,1.0,16,102.373,36.506,37.885,27.982,,FCY,14,66.54,109.22,74.0,False,102
imsa,2025,Long Beach,Acura Grand Prix of Long Beach,race,647,36,GTD,Robert Wickens,robert wickens,18,1.0,17,109.083,34.847,38.84,35.396,,FCY,14,66.54,109.22,74.0,False,102
imsa,2025,Long Beach,Acura Grand Prix of Long Beach,race,647,36,GTD,Robert Wickens,robert wickens,19,1.0,18,116.324,38.633,39.383,38.308,,FCY,14,66.54,109.4,74.0,False,102
imsa,2025,Long Beach,Acura Grand Prix of Long Beach,race,647,36,GTD,Robert Wickens,robert wickens,20,1.0,19,124.523,39.842,45.009,39.672,,FCY,14,66.54,109.4,74.0,False,102
imsa,2025,Long Beach,Acura Grand Prix of Long Beach,race,647,36,GTD,Robert Wickens,robert wickens,21,1.0,20,122.301,47.374,49.5,25.427,,GF,14,66.36,109.58,74.0,False,102
imsa,2025,Long Beach,Acura Grand Prix of Long Beach,race,647,36,GTD,Robert Wickens,robert wickens,22,1.0,21,81.137,26.584,30.512,24.041,,GF,15,66.36,109.58,74.0,False,102
imsa,2025,Long Beach,Acura Grand Prix of Long Beach,race,647,36,GTD,Robert Wickens,robert wickens,23,1.0,22,79.903,26.198,30.09,23.615,,GF,16,66.36,109.76,74.0,False,102
imsa,2025,Long Beach,Acura Grand Prix of Long Beach,race,647,36,GTD,Robert Wickens,robert wickens,24,1.0,23,91.362,26.346,30.038,34.978,,GF,17,66.36,109.76,74.0,False,102
imsa,2025,Long Beach,Acura Grand Prix of Long Beach,race,647,36,GTD,Tommy Milner,tommy milner,25,2.0,0,133.887,77.839,31.451,24.597,68.283,GF,0,66.36,109.76,74.0,False,102
imsa,2025,Long Beach,Acura Grand Prix of Long Beach,race,647,36,GTD,Tommy Milner,tommy milner,26,2.0,1,82.801,26.847,31.836,24.118,,GF,0,66.56,109.94,74.0,False,102
imsa,2025,Long Beach,Acura Grand Prix of Long Beach,race,647,36,GTD,Tommy Milner,tommy milner,27,2.0,2,80.159,26.185,30.212,23.762,,GF,1,66.56,109.94,74.0,False,102
imsa,2025,Long Beach,Acura Grand Prix of Long Beach,race,647,36,GTD,Tommy Milner,tommy milner,28,2.0,3,81.855,27.272,31.122,23.461,,GF,2,66.56,109.94,74.0,False,102
imsa,2025,Long Beach,Acura Grand Prix of Long Beach,race,647,36,GTD,Tommy Milner,tommy milner,29,2.0,4,78.897,25.901,29.821,23.175,,GF,3,66.56,109.76,74.0,False,102
imsa,2025,Long Beach,Acura Grand Prix of Long Beach,race,647,36,GTD,Tommy Milner,tommy milner,30,2.0,5,78.846,25.864,29.741,23.241,,GF,4,66.56,109.76,74.0,False,102
imsa,2025,Long Beach,Acura Grand Prix of Long Beach,race,647,36,GTD,Tommy Milner,tommy milner,31,2.0,6,78.854,25.915,29.692,23.247,,GF,5,66.56,109.94,74.0,False,102
imsa,2025,Long Beach,Acura Grand Prix of Long Beach,race,647,36,GTD,Tommy Milner,tommy milner,32,2.0,7,78.956,25.942,29.733,23.281,,GF,6,66.56,110.12,74.0,False,102
imsa,2025,Long Beach,Acura Grand Prix of Long Beach,race,647,36,GTD,Tommy Milner,tommy milner,33,2.0,8,78.839,25.847,29.714,23.278,,GF,7,66.56,109.94,74.0,False,102
imsa,2025,Long Beach,Acura Grand Prix of Long Beach,race,647,36,GTD,Tommy Milner,tommy milner,34,2.0,9,78.684,25.785,29.714,23.185,,GF,8,66.56,109.94,74.0,False,102
imsa,2025,Long Beach,Acura Grand Prix of Long Beach,race,647,36,GTD,Tommy Milner,tommy milner,35,2.0,10,80.849,25.887,30.658,24.304,,GF,9,67.12,109.58,73.0,False,102
imsa,2025,Long Beach,Acura Grand Prix of Long Beach,race,647,36,GTD,Tommy Milner,tommy milner,36,2.0,11,79.879,26.691,29.758,23.43,,GF,10,67.12,109.4,73.0,False,102
imsa,2025,Long Beach,Acura Grand Prix of Long Beach,race,647,36,GTD,Tommy Milner,tommy milner,37,2.0,12,80.763,25.896,29.791,25.076,,FCY,11,67.12,109.4,73.0,False,102
imsa,2025,Long Beach,Acura Grand Prix of Long Beach,race,647,36,GTD,Tommy Milner,tommy milner,38,2.0,13,117.039,34.354,51.802,30.883,,FCY,11,67.12,109.22,73.0,False,102
imsa,2025,Long Beach,Acura Grand Prix of Long Beach,race,647,36,GTD,Tommy Milner,tommy milner,39,2.0,14,82.498,26.772,31.196,24.53,,FCY,11,67.12,109.22,73.0,False,102
imsa,2025,Long Beach,Acura Grand Prix of Long Beach,race,647,36,GTD,Tommy Milner,tommy milner,40,2.0,15,85.073,27.823,31.982,25.268,,FCY,11,67.12,109.22,73.0,False,102
imsa,2025,Long Beach,Acura Grand Prix of Long Beach,race,647,36,GTD,Tommy Milner,tommy milner,41,2.0,16,98.566,28.063,34.729,35.774,,FCY,11,66.94,109.4,73.0,False,102
imsa,2025,Long Beach,Acura Grand Prix of Long Beach,race,647,36,GTD,Tommy Milner,tommy milner,42,2.0,17,118.052,33.198,50.976,33.878,,FCY,11,66.94,109.04,73.0,False,102
imsa,2025,Long Beach,Acura Grand Prix of Long Beach,race,647,36,GTD,Tommy Milner,tommy milner,43,2.0,18,111.797,43.883,42.683,25.231,,GF,11,66.94,109.04,73.0,False,102
imsa,2025,Long Beach,Acura Grand Prix of Long Beach,race,647,36,GTD,Tommy Milner,tommy milner,44,2.0,19,80.497,26.126,30.121,24.25,,GF,12,66.94,108.86,73.0,False,102
imsa,2025,Long Beach,Acura Grand Prix of Long Beach,race,647,36,GTD,Tommy Milner,tommy milner,45,2.0,20,79.514,26.114,29.89,23.51,,GF,13,66.94,108.86,73.0,False,102
imsa,2025,Long Beach,Acura Grand Prix of Long Beach,race,647,36,GTD,Tommy Milner,tommy milner,46,2.0,21,79.57,26.066,29.888,23.616,,GF,14,66.94,108.86,73.0,False,102
imsa,2025,Long Beach,Acura Grand Prix of Long Beach,race,647,36,GTD,Tommy Milner,tommy milner,47,2.0,22,79.806,26.077,30.38,23.349,,GF,15,66.94,108.68,73.0,False,102
imsa,2025,Long Beach,Acura Grand Prix of Long Beach,race,647,36,GTD,Tommy Milner,tommy milner,48,2.0,23,79.491,25.877,29.764,23.85,,GF,16,67.01,108.68,73.0,False,102
imsa,2025,Long Beach,Acura Grand Prix of Long Beach,race,647,36,GTD,Tommy Milner,tommy milner,49,2.0,24,80.186,26.408,29.848,23.93,,GF,17,67.01,108.68,73.0,False,102
imsa,2025,Long Beach,Acura Grand Prix of Long Beach,race,647,36,GTD,Tommy Milner,tommy milner,50,2.0,25,79.556,25.996,29.917,23.643,,GF,18,67.01,108.86,73.0,False,102
imsa,2025,Long Beach,Acura Grand Prix of Long Beach,race,647,36,GTD,Tommy Milner,tommy milner,51,2.0,26,79.48,26.053,29.923,23.504,,GF,19,67.01,108.86,73.0,False,102
imsa,2025,Long Beach,Acura Grand Prix of Long Beach,race,647,36,GTD,Tommy Milner,tommy milner,52,2.0,27,79.48,26.05,29.895,23.535,,GF,20,67.01,108.86,73.0,False,102
imsa,2025,Long Beach,Acura Grand Prix of Long Beach,race,647,36,GTD,Tommy Milner,tommy milner,53,2.0,28,79.649,26.063,29.999,23.587,,GF,21,67.01,108.68,73.0,False,102
imsa,2025,Long Beach,Acura Grand Prix of Long Beach,race,647,36,GTD,Tommy Milner,tommy milner,54,2.0,29,80.332,26.875,30.027,23.43,,GF,22,67.01,108.86,73.0,False,102
imsa,2025,Long Beach,Acura Grand Prix of Long Beach,race,647,36,GTD,Tommy Milner,tommy milner,55,2.0,30,80.795,25.92,30.568,24.307,,GF,23,67.73,108.86,72.0,False,102
imsa,2025,Long Beach,Acura Grand Prix of Long Beach,race,647,36,GTD,Tommy Milner,tommy milner,56,2.0,31,79.231,26.006,29.906,23.319,,GF,24,67.73,109.22,72.0,False,102
imsa,2025,Long Beach,Acura Grand Prix of Long Beach,race,647,36,GTD,Tommy Milner,tommy milner,57,2.0,32,90.143,25.945,29.691,34.507,,GF,25,67.73,109.22,72.0,False,102
imsa,2025,Long Beach,Acura Grand Prix of Long Beach,race,647,36,GTD,Tommy Milner,tommy milner,58,2.0,33,131.495,77.767,30.348,23.38,66.207,GF,0,67.73,109.22,72.0,False,102
imsa,2025,Long Beach,Acura Grand Prix of Long Beach,race,647,36,GTD,Tommy Milner,tommy milner,59,2.0,34,79.619,26.221,30.134,23.264,,GF,0,67.73,108.86,72.0,False,102
imsa,2025,Long Beach,Acura Grand Prix of Long Beach,race,647,36,GTD,Tommy Milner,tommy milner,60,2.0,35,80.31,26.323,30.656,23.331,,GF,1,67.73,109.04,72.0,False,102
imsa,2025,Long Beach,Acura Grand Prix of Long Beach,race,647,36,GTD,Tommy Milner,tommy milner,61,2.0,36,79.209,26.138,29.767,23.304,,GF,2,67.73,109.04,72.0,False,102
imsa,2025,Long Beach,Acura Grand Prix of Long Beach,race,647,36,GTD,Tommy Milner,tommy milner,62,2.0,37,79.642,26.235,29.914,23.493,,GF,3,67.53,109.22,72.0,False,102
imsa,2025,Long Beach,Acura Grand Prix of Long Beach,race,647,36,GTD,Tommy Milner,tommy milner,63,2.0,38,79.353,26.294,29.903,23.156,,GF,4,67.53,109.22,72.0,False,102
imsa,2025,Long Beach,Acura Grand Prix of Long Beach,race,647,36,GTD,Tommy Milner,tommy milner,64,2.0,39,79.2,26.033,29.89,23.277,,GF,5,67.53,109.4,72.0,False,102
imsa,2025,Long Beach,Acura Grand Prix of Long Beach,race,647,36,GTD,Tommy Milner,tommy milner,65,2.0,40,80.415,26.225,30.886,23.304,,GF,6,67.53,109.4,72.0,False,102
imsa,2025,Long Beach,Acura Grand Prix of Long Beach,race,647,36,GTD,Tommy Milner,tommy milner,66,2.0,41,79.523,26.045,30.037,23.441,,GF,7,67.53,109.4,72.0,False,102
imsa,2025,Long Beach,Acura Grand Prix of Long Beach,race,647,36,GTD,Tommy Milner,tommy milner,67,2.0,42,79.304,26.05,29.943,23.311,,GF,8,67.53,109.4,72.0,False,102
imsa,2025,Long Beach,Acura Grand Prix of Long Beach,race,647,36,GTD,Tommy Milner,tommy milner,68,2.0,43,79.699,26.116,30.104,23.479,,GF,9,67.53,109.58,72.0,False,102
imsa,2025,Long Beach,Acura Grand Prix of Long Beach,race,647,36,GTD,Tommy Milner,tommy milner,69,2.0,44,79.267,26.14,29.798,23.329,,GF,10,67.15,109.58,73.0,False,102
imsa,2025,Long Beach,Acura Grand Prix of Long Beach,race,647,36,GTD,Tommy Milner,tommy milner,70,2.0,45,80.111,26.373,30.317,23.421,,FF,11,67.15,109.58,73.0,False,102
imsa,2025,Long Beach,Acura Grand Prix of Long Beach,race,647,45,GTD,Danny Formal,danny formal,1,1.0,0,95.027,39.659,31.032,24.336,,GF,0,65.61,106.52,76.0,False,102
imsa,2025,Long Beach,Acura Grand Prix of Long Beach,race,647,45,GTD,Danny Formal,danny formal,2,1.0,1,82.413,28.002,30.387,24.024,,GF,0,66.13,106.52,74.0,False,102
imsa,2025,Long Beach,Acura Grand Prix of Long Beach,race,647,45,GTD,Danny Formal,danny formal,3,1.0,2,81.901,27.347,30.39,24.164,,GF,1,66.13,106.7,74.0,False,102
imsa,2025,Long Beach,Acura Grand Prix of Long Beach,race,647,45,GTD,Danny Formal,danny formal,4,1.0,3,80.481,26.477,30.138,23.866,,GF,2,66.13,106.7,74.0,False,102
imsa,2025,Long Beach,Acura Grand Prix of Long Beach,race,647,45,GTD,Danny Formal,danny formal,5,1.0,4,79.885,26.274,30.133,23.478,,GF,3,66.13,106.88,74.0,False,102
imsa,2025,Long Beach,Acura Grand Prix of Long Beach,race,647,45,GTD,Danny Formal,danny formal,6,1.0,5,79.421,26.041,29.923,23.457,,GF,4,66.13,106.88,74.0,False,102
imsa,2025,Long Beach,Acura Grand Prix of Long Beach,race,647,45,GTD,Danny Formal,danny formal,7,1.0,6,80.345,26.166,30.22,23.959,,GF,5,66.18,107.24,74.0,False,102
imsa,2025,Long Beach,Acura Grand Prix of Long Beach,race,647,45,GTD,Danny Formal,danny formal,8,1.0,7,80.87,26.249,30.175,24.446,,GF,6,66.18,107.42,74.0,False,102
imsa,2025,Long Beach,Acura Grand Prix of Long Beach,race,647,45,GTD,Danny Formal,danny formal,9,1.0,8,79.464,26.072,29.988,23.404,,GF,7,66.18,107.42,74.0,False,102
imsa,2025,Long Beach,Acura Grand Prix of Long Beach,race,647,45,GTD,Danny Formal,danny formal,10,1.0,9,80.074,26.029,30.504,23.541,,GF,8,66.18,107.6,74.0,False,102
imsa,2025,Long Beach,Acura Grand Prix of Long Beach,race,647,45,GTD,Danny Formal,danny formal,11,1.0,10,81.027,26.27,30.629,24.128,,GF,9,66.18,107.78,74.0,False,102
imsa,2025,Long Beach,Acura Grand Prix of Long Beach,race,647,45,GTD,Danny Formal,danny formal,12,1.0,11,80.604,26.046,30.306,24.252,,GF,10,66.18,107.78,74.0,False,102
imsa,2025,Long Beach,Acura Grand Prix of Long Beach,race,647,45,GTD,Danny Formal,danny formal,13,1.0,12,79.702,26.128,30.082,23.492,,GF,11,66.18,108.32,74.0,False,102
imsa,2025,Long Beach,Acura Grand Prix of Long Beach,race,647,45,GTD,Danny Formal,danny formal,14,1.0,13,81.7,26.411,30.963,24.326,,GF,12,66.18,108.5,74.0,False,102
imsa,2025,Long Beach,Acura Grand Prix of Long Beach,race,647,45,GTD,Danny Formal,danny formal,15,1.0,14,80.58,26.172,30.798,23.61,,GF,13,66.54,108.68,74.0,False,102
imsa,2025,Long Beach,Acura Grand Prix of Long Beach,race,647,45,GTD,Danny Formal,danny formal,16,1.0,15,90.399,28.02,35.879,26.5,,FCY,14,66.54,108.68,74.0,False,102
imsa,2025,Long Beach,Acura Grand Prix of Long Beach,race,647,45,GTD,Danny Formal,danny formal,17,1.0,16,99.939,32.139,38.832,28.968,,FCY,14,66.54,109.22,74.0,False,102
imsa,2025,Long Beach,Acura Grand Prix of Long Beach,race,647,45,GTD,Danny Formal,danny formal,18,1.0,17,104.6,32.801,37.372,34.427,,FCY,14,66.54,109.22,74.0,False,102
imsa,2025,Long Beach,Acura Grand Prix of Long Beach,race,647,45,GTD,Danny Formal,danny formal,19,1.0,18,115.592,39.418,39.002,37.172,,FCY,14,66.54,109.4,74.0,False,102
imsa,2025,Long Beach,Acura Grand Prix of Long Beach,race,647,45,GTD,Danny Formal,danny formal,20,1.0,19,127.029,40.751,44.759,41.519,,FCY,14,66.54,109.4,74.0,False,102
imsa,2025,Long Beach,Acura Grand Prix of Long Beach,race,647,45,GTD,Danny Formal,danny formal,21,1.0,20,118.952,45.547,47.938,25.467,,GF,14,66.36,109.58,74.0,False,102
imsa,2025,Long Beach,Acura Grand Prix of Long Beach,race,647,45,GTD,Danny Formal,danny formal,22,1.0,21,81.203,26.629,30.366,24.208,,GF,15,66.36,109.58,74.0,False,102
imsa,2025,Long Beach,Acura Grand Prix of Long Beach,race,647,45,GTD,Danny Formal,danny formal,23,1.0,22,80.734,26.303,30.279,24.152,,GF,16,66.36,109.76,74.0,False,102
imsa,2025,Long Beach,Acura Grand Prix of Long Beach,race,647,45,GTD,Danny Formal,danny formal,24,1.0,23,91.622,26.188,30.14,35.294,,GF,17,66.36,109.76,74.0,False,102
imsa,2025,Long Beach,Acura Grand Prix of Long Beach,race,647,45,GTD,Trent Hindman,trent hindman,25,2.0,0,130.671,73.944,32.151,24.576,64.395,GF,0,66.36,109.76,74.0,False,102
imsa,2025,Long Beach,Acura Grand Prix of Long Beach,race,647,45,GTD,Trent Hindman,trent hindman,26,2.0,1,83.852,26.862,31.876,25.114,,GF,0,66.56,109.94,74.0,False,102
imsa,2025,Long Beach,Acura Grand Prix of Long Beach,race,647,45,GTD,Trent Hindman,trent hindman,27,2.0,2,80.863,26.443,30.494,23.926,,GF,1,66.56,109.94,74.0,False,102
imsa,2025,Long Beach,Acura Grand Prix of Long Beach,race,647,45,GTD,Trent Hindman,trent hindman,28,2.0,3,82.323,26.449,31.247,24.627,,GF,2,66.56,109.94,74.0,False,102
imsa,2025,Long Beach,Acura Grand Prix of Long Beach,race,647,45,GTD,Trent Hindman,trent hindman,29,2.0,4,81.415,27.087,30.439,23.889,,GF,3,66.56,109.76,74.0,False,102
imsa,2025,Long Beach,Acura Grand Prix of Long Beach,race,647,45,GTD,Trent Hindman,trent hindman,30,2.0,5,79.901,26.208,30.172,23.521,,GF,4,66.56,109.76,74.0,False,102
imsa,2025,Long Beach,Acura Grand Prix of Long Beach,race,647,45,GTD,Trent Hindman,trent hindman,31,2.0,6,79.795,26.072,30.223,23.5,,GF,5,66.56,109.94,74.0,False,102
imsa,2025,Long Beach,Acura Grand Prix of Long Beach,race,647,45,GTD,Trent Hindman,trent hindman,32,2.0,7,79.562,26.016,30.084,23.462,,GF,6,66.56,110.12,74.0,False,102
imsa,2025,Long Beach,Acura Grand Prix of Long Beach,race,647,45,GTD,Trent Hindman,trent hindman,33,2.0,8,80.461,26.138,30.804,23.519,,GF,7,66.56,109.94,74.0,False,102
imsa,2025,Long Beach,Acura Grand Prix of Long Beach,race,647,45,GTD,Trent Hindman,trent hindman,34,2.0,9,80.603,26.17,30.862,23.571,,GF,8,66.56,109.94,74.0,False,102
imsa,2025,Long Beach,Acura Grand Prix of Long Beach,race,647,45,GTD,Trent Hindman,trent hindman,35,2.0,10,79.789,26.027,30.233,23.529,,GF,9,67.12,109.58,73.0,False,102
imsa,2025,Long Beach,Acura Grand Prix of Long Beach,race,647,45,GTD,Trent Hindman,trent hindman,36,2.0,11,82.018,26.673,31.346,23.999,,GF,10,67.12,109.4,73.0,False,102
imsa,2025,Long Beach,Acura Grand Prix of Long Beach,race,647,45,GTD,Trent Hindman,trent hindman,37,2.0,12,88.286,26.409,32.738,29.139,,FCY,11,67.12,109.4,73.0,False,102
imsa,2025,Long Beach,Acura Grand Prix of Long Beach,race,647,45,GTD,Trent Hindman,trent hindman,38,2.0,13,105.827,32.009,46.109,27.709,,FCY,11,67.12,109.22,73.0,False,102
imsa,2025,Long Beach,Acura Grand Prix of Long Beach,race,647,45,GTD,Trent Hindman,trent hindman,39,2.0,14,83.862,28.865,30.959,24.038,,FCY,11,67.12,109.22,73.0,False,102
imsa,2025,Long Beach,Acura Grand Prix of Long Beach,race,647,45,GTD,Trent Hindman,trent hindman,40,2.0,15,81.552,26.661,30.709,24.182,,FCY,11,67.12,109.22,73.0,False,102
imsa,2025,Long Beach,Acura Grand Prix of Long Beach,race,647,45,GTD,Trent Hindman,trent hindman,41,2.0,16,98.053,26.789,34.967,36.297,,FCY,11,66.94,109.4,73.0,False,102
imsa,2025,Long Beach,Acura Grand Prix of Long Beach,race,647,45,GTD,Trent Hindman,trent hindman,42,2.0,17,117.602,34.546,49.299,33.757,,FCY,11,66.94,109.04,73.0,False,102
imsa,2025,Long Beach,Acura Grand Prix of Long Beach,race,647,45,GTD,Trent Hindman,trent hindman,43,2.0,18,109.749,44.469,40.164,25.116,,GF,11,66.94,109.04,73.0,False,102
imsa,2025,Long Beach,Acura Grand Prix of Long Beach,race,647,45,GTD,Trent Hindman,trent hindman,44,2.0,19,80.499,26.364,30.285,23.85,,GF,12,66.94,108.86,73.0,False,102
imsa,2025,Long Beach,Acura Grand Prix of Long Beach,race,647,45,GTD,Trent Hindman,trent hindman,45,2.0,20,80.287,26.242,30.422,23.623,,GF,13,66.94,108.86,73.0,False,102
imsa,2025,Long Beach,Acura Grand Prix of Long Beach,race,647,45,GTD,Trent Hindman,trent hindman,46,2.0,21,80.085,26.232,30.264,23.589,,GF,14,66.94,108.86,73.0,False,102
imsa,2025,Long Beach,Acura Grand Prix of Long Beach,race,647,45,GTD,Trent Hindman,trent hindman,47,2.0,22,80.12,26.163,30.241,23.716,,GF,15,66.94,108.68,73.0,False,102
imsa,2025,Long Beach,Acura Grand Prix of Long Beach,race,647,45,GTD,Trent Hindman,trent hindman,48,2.0,23,80.103,26.171,30.185,23.747,,GF,16,67.01,108.68,73.0,False,102
imsa,2025,Long Beach,Acura Grand Prix of Long Beach,race,647,45,GTD,Trent Hindman,trent hindman,49,2.0,24,80.032,26.217,30.207,23.608,,GF,17,67.01,108.86,73.0,False,102
imsa,2025,Long Beach,Acura Grand Prix of Long Beach,race,647,45,GTD,Trent Hindman,trent hindman,50,2.0,25,80.181,26.301,30.195,23.685,,GF,18,67.01,108.86,73.0,False,102
imsa,2025,Long Beach,Acura Grand Prix of Long Beach,race,647,45,GTD,Trent Hindman,trent hindman,51,2.0,26,80.324,26.371,30.209,23.744,,GF,19,67.01,108.86,73.0,False,102
imsa,2025,Long Beach,Acura Grand Prix of Long Beach,race,647,45,GTD,Trent Hindman,trent hindman,52,2.0,27,80.203,26.202,30.225,23.776,,GF,20,67.01,108.68,73.0,False,102
imsa,2025,Long Beach,Acura Grand Prix of Long Beach,race,647,45,GTD,Trent Hindman,trent hindman,53,2.0,28,81.477,26.848,30.543,24.086,,GF,21,67.01,108.68,73.0,False,102
imsa,2025,Long Beach,Acura Grand Prix of Long Beach,race,647,45,GTD,Trent Hindman,trent hindman,54,2.0,29,80.612,26.338,30.222,24.052,,GF,22,67.01,108.86,73.0,False,102
imsa,2025,Long Beach,Acura Grand Prix of Long Beach,race,647,45,GTD,Trent Hindman,trent hindman,55,2.0,30,81.063,26.43,30.756,23.877,,GF,23,67.73,108.86,72.0,False,102
imsa,2025,Long Beach,Acura Grand Prix of Long Beach,race,647,45,GTD,Trent Hindman,trent hindman,56,2.0,31,80.897,26.643,30.399,23.855,,GF,24,67.73,109.22,72.0,False,102
imsa,2025,Long Beach,Acura Grand Prix of Long Beach,race,647,45,GTD,Trent Hindman,trent hindman,57,2.0,32,81.831,27.356,30.591,23.884,,GF,25,67.73,109.22,72.0,False,102
imsa,2025,Long Beach,Acura Grand Prix of Long Beach,race,647,45,GTD,Trent Hindman,trent hindman,58,2.0,33,80.659,26.445,30.342,23.872,,GF,26,67.73,109.22,72.0,False,102
imsa,2025,Long Beach,Acura Grand Prix of Long Beach,race,647,45,GTD,Trent Hindman,trent hindman,59,2.0,34,80.418,26.352,30.407,23.659,,GF,27,67.73,108.86,72.0,False,102
imsa,2025,Long Beach,Acura Grand Prix of Long Beach,race,647,45,GTD,Trent Hindman,trent hindman,60,2.0,35,80.194,26.248,30.274,23.672,,GF,28,67.73,108.86,72.0,False,102
imsa,2025,Long Beach,Acura Grand Prix of Long Beach,race,647,45,GTD,Trent Hindman,trent hindman,61,2.0,36,80.42,26.299,30.372,23.749,,GF,29,67.73,109.04,72.0,False,102
imsa,2025,Long Beach,Acura Grand Prix of Long Beach,race,647,45,GTD,Trent Hindman,trent hindman,62,2.0,37,80.252,26.369,30.193,23.69,,GF,30,67.53,109.22,72.0,False,102
imsa,2025,Long Beach,Acura Grand Prix of Long Beach,race,647,45,GTD,Trent Hindman,trent hindman,63,2.0,38,80.418,26.321,30.457,23.64,,GF,31,67.53,109.22,72.0,False,102
imsa,2025,Long Beach,Acura Grand Prix of Long Beach,race,647,45,GTD,Trent Hindman,trent hindman,64,2.0,39,80.337,26.294,30.416,23.627,,GF,32,67.53,109.4,72.0,False,102
imsa,2025,Long Beach,Acura Grand Prix of Long Beach,race,647,45,GTD,Trent Hindman,trent hindman,65,2.0,40,80.976,26.796,30.562,23.618,,GF,33,67.53,109.4,72.0,False,102
imsa,2025,Long Beach,Acura Grand Prix of Long Beach,race,647,45,GTD,Trent Hindman,trent hindman,66,2.0,41,80.144,26.232,30.277,23.635,,GF,34,67.53,109.4,72.0,False,102
imsa,2025,Long Beach,Acura Grand Prix of Long Beach,race,647,45,GTD,Trent Hindman,trent hindman,67,2.0,42,80.163,26.308,30.248,23.607,,GF,35,67.53,109.4,72.0,False,102
imsa,2025,Long Beach,Acura Grand Prix of Long Beach,race,647,45,GTD,Trent Hindman,trent hindman,68,2.0,43,80.548,26.357,30.239,23.952,,GF,36,67.53,109.4,72.0,False,102
imsa,2025,Long Beach,Acura Grand Prix of Long Beach,race,647,45,GTD,Trent Hindman,trent hindman,69,2.0,44,80.415,26.518,30.283,23.614,,GF,37,67.53,109.58,72.0,False,102
imsa,2025,Long Beach,Acura Grand Prix of Long Beach,race,647,45,GTD,Trent Hindman,trent hindman,70,2.0,45,80.604,26.367,30.385,23.852,,GF,38,67.15,109.58,73.0,False,102
imsa,2025,Long Beach,Acura Grand Prix of Long Beach,race,647,45,GTD,Trent Hindman,trent hindman,71,2.0,46,81.422,26.824,30.631,23.967,,FF,39,67.15,109.58,73.0,False,102
imsa,2025,Long Beach,Acura Grand Prix of Long Beach,race,647,57,GTD,Russell Ward,russell ward,1,1.0,0,89.487,34.217,30.858,24.412,,GF,0,65.61,106.52,76.0,False,102
imsa,2025,Long Beach,Acura Grand Prix of Long Beach,race,647,57,GTD,Russell Ward,russell ward,2,1.0,1,80.578,26.435,30.192,23.951,,GF,0,66.13,106.52,74.0,False,102
imsa,2025,Long Beach,Acura Grand Prix of Long Beach,race,647,57,GTD,Russell Ward,russell ward,3,1.0,2,80.439,26.303,30.127,24.009,,GF,1,66.13,106.7,74.0,False,102
imsa,2025,Long Beach,Acura Grand Prix of Long Beach,race,647,57,GTD,Russell Ward,russell ward,4,1.0,3,79.512,26.001,30.044,23.467,,GF,2,66.13,106.7,74.0,False,102
imsa,2025,Long Beach,Acura Grand Prix of Long Beach,race,647,57,GTD,Russell Ward,russell ward,5,1.0,4,79.597,26.06,29.913,23.624,,GF,3,66.13,106.88,74.0,False,102
imsa,2025,Long Beach,Acura Grand Prix of Long Beach,race,647,57,GTD,Russell Ward,russell ward,6,1.0,5,79.897,26.217,30.076,23.604,,GF,4,66.13,106.88,74.0,False,102
imsa,2025,Long Beach,Acura Grand Prix of Long Beach,race,647,57,GTD,Russell Ward,russell ward,7,1.0,6,79.457,25.978,29.902,23.577,,GF,5,66.18,107.24,74.0,False,102
imsa,2025,Long Beach,Acura Grand Prix of Long Beach,race,647,57,GTD,Russell Ward,russell ward,8,1.0,7,79.572,26.094,29.988,23.49,,GF,6,66.18,107.24,74.0,False,102
imsa,2025,Long Beach,Acura Grand Prix of Long Beach,race,647,57,GTD,Russell Ward,russell ward,9,1.0,8,79.805,26.122,30.189,23.494,,GF,7,66.18,107.42,74.0,False,102
imsa,2025,Long Beach,Acura Grand Prix of Long Beach,race,647,57,GTD,Russell Ward,russell ward,10,1.0,9,79.75,26.069,29.952,23.729,,GF,8,66.18,107.6,74.0,False,102
imsa,2025,Long Beach,Acura Grand Prix of Long Beach,race,647,57,GTD,Russell Ward,russell ward,11,1.0,10,79.869,26.076,29.958,23.835,,GF,9,66.18,107.6,74.0,False,102
imsa,2025,Long Beach,Acura Grand Prix of Long Beach,race,647,57,GTD,Russell Ward,russell ward,12,1.0,11,81.267,26.812,30.171,24.284,,GF,10,66.18,107.78,74.0,False,102
imsa,2025,Long Beach,Acura Grand Prix of Long Beach,race,647,57,GTD,Russell Ward,russell ward,13,1.0,12,80.031,26.084,30.366,23.581,,GF,11,66.18,108.32,74.0,False,102
imsa,2025,Long Beach,Acura Grand Prix of Long Beach,race,647,57,GTD,Russell Ward,russell ward,14,1.0,13,80.737,26.703,30.02,24.014,,GF,12,66.18,108.5,74.0,False,102
imsa,2025,Long Beach,Acura Grand Prix of Long Beach,race,647,57,GTD,Russell Ward,russell ward,15,1.0,14,79.669,25.925,30.141,23.603,,GF,13,66.54,108.68,74.0,False,102
imsa,2025,Long Beach,Acura Grand Prix of Long Beach,race,647,57,GTD,Russell Ward,russell ward,16,1.0,15,92.168,26.584,36.291,29.293,,FCY,14,66.54,108.68,74.0,False,102
imsa,2025,Long Beach,Acura Grand Prix of Long Beach,race,647,57,GTD,Russell Ward,russell ward,17,1.0,16,101.986,35.674,37.856,28.456,,FCY,14,66.54,109.22,74.0,False,102
imsa,2025,Long Beach,Acura Grand Prix of Long Beach,race,647,57,GTD,Russell Ward,russell ward,18,1.0,17,109.085,34.041,39.833,35.211,,FCY,14,66.54,109.22,74.0,False,102
imsa,2025,Long Beach,Acura Grand Prix of Long Beach,race,647,57,GTD,Russell Ward,russell ward,19,1.0,18,116.44,38.761,39.579,38.1,,FCY,14,66.54,109.4,74.0,False,102
imsa,2025,Long Beach,Acura Grand Prix of Long Beach,race,647,57,GTD,Russell Ward,russell ward,20,1.0,19,124.224,39.391,45.819,39.014,,FCY,14,66.54,109.4,74.0,False,102
imsa,2025,Long Beach,Acura Grand Prix of Long Beach,race,647,57,GTD,Russell Ward,russell ward,21,1.0,20,123.419,46.725,51.263,25.431,,GF,14,66.36,109.58,74.0,False,102
imsa,2025,Long Beach,Acura Grand Prix of Long Beach,race,647,57,GTD,Russell Ward,russell ward,22,1.0,21,81.27,26.744,30.597,23.929,,GF,15,66.36,109.58,74.0,False,102
imsa,2025,Long Beach,Acura Grand Prix of Long Beach,race,647,57,GTD,Russell Ward,russell ward,23,1.0,22,79.988,26.207,30.247,23.534,,GF,16,66.36,109.58,74.0,False,102
imsa,2025,Long Beach,Acura Grand Prix of Long Beach,race,647,57,GTD,Russell Ward,russell ward,24,1.0,23,91.042,26.308,29.976,34.758,,GF,17,66.36,109.76,74.0,False,102
imsa,2025,Long Beach,Acura Grand Prix of Long Beach,race,647,57,GTD,Philip Ellis,philip ellis,25,2.0,0,127.09,72.804,30.665,23.621,64.229,GF,0,66.36,109.76,74.0,False,102
imsa,2025,Long Beach,Acura Grand Prix of Long Beach,race,647,57,GTD,Philip Ellis,philip ellis,26,2.0,1,79.461,26.093,29.95,23.418,,GF,0,66.36,109.76,74.0,False,102
imsa,2025,Long Beach,Acura Grand Prix of Long Beach,race,647,57,GTD,Philip Ellis,philip ellis,27,2.0,2,79.96,26.176,30.206,23.578,,GF,1,66.56,109.94,74.0,False,102
imsa,2025,Long Beach,Acura Grand Prix of Long Beach,race,647,57,GTD,Philip Ellis,philip ellis,28,2.0,3,79.771,26.184,30.041,23.546,,GF,2,66.56,109.94,74.0,False,102
imsa,2025,Long Beach,Acura Grand Prix of Long Beach,race,647,57,GTD,Philip Ellis,philip ellis,29,2.0,4,79.482,25.916,29.984,23.582,,GF,3,66.56,109.58,74.0,False,102
imsa,2025,Long Beach,Acura Grand Prix of Long Beach,race,647,57,GTD,Philip Ellis,philip ellis,30,2.0,5,79.309,25.964,29.944,23.401,,GF,4,66.56,109.76,74.0,False,102
imsa,2025,Long Beach,Acura Grand Prix of Long Beach,race,647,57,GTD,Philip Ellis,philip ellis,31,2.0,6,79.652,26.092,29.913,23.647,,GF,5,66.56,109.94,74.0,False,102
imsa,2025,Long Beach,Acura Grand Prix of Long Beach,race,647,57,GTD,Philip Ellis,philip ellis,32,2.0,7,79.798,26.08,30.074,23.644,,GF,6,66.56,110.12,74.0,False,102
imsa,2025,Long Beach,Acura Grand Prix of Long Beach,race,647,57,GTD,Philip Ellis,philip ellis,33,2.0,8,79.565,26.032,29.91,23.623,,GF,7,66.56,109.94,74.0,False,102
imsa,2025,Long Beach,Acura Grand Prix of Long Beach,race,647,57,GTD,Philip Ellis,philip ellis,34,2.0,9,79.852,26.193,30.02,23.639,,GF,8,66.56,109.94,74.0,False,102
imsa,2025,Long Beach,Acura Grand Prix of Long Beach,race,647,57,GTD,Philip Ellis,philip ellis,35,2.0,10,79.396,25.962,29.924,23.51,,GF,9,67.12,109.58,73.0,False,102
imsa,2025,Long Beach,Acura Grand Prix of Long Beach,race,647,57,GTD,Philip Ellis,philip ellis,36,2.0,11,79.753,26.045,30.049,23.659,,GF,10,67.12,109.4,73.0,False,102
imsa,2025,Long Beach,Acura Grand Prix of Long Beach,race,647,57,GTD,Philip Ellis,philip ellis,37,2.0,12,81.028,26.095,29.955,24.978,,FCY,11,67.12,109.4,73.0,False,102
imsa,2025,Long Beach,Acura Grand Prix of Long Beach,race,647,57,GTD,Philip Ellis,philip ellis,38,2.0,13,123.757,40.084,52.94,30.733,,FCY,11,67.12,109.22,73.0,False,102
imsa,2025,Long Beach,Acura Grand Prix of Long Beach,race,647,57,GTD,Philip Ellis,philip ellis,39,2.0,14,85.374,27.997,32.39,24.987,,FCY,11,67.12,109.22,73.0,False,102
imsa,2025,Long Beach,Acura Grand Prix of Long Beach,race,647,57,GTD,Philip Ellis,philip ellis,40,2.0,15,84.99,28.136,31.894,24.96,,FCY,11,67.12,109.22,73.0,False,102
imsa,2025,Long Beach,Acura Grand Prix of Long Beach,race,647,57,GTD,Philip Ellis,philip ellis,41,2.0,16,96.224,28.439,34.474,33.311,,FCY,11,66.94,109.4,73.0,False,102
imsa,2025,Long Beach,Acura Grand Prix of Long Beach,race,647,57,GTD,Philip Ellis,philip ellis,42,2.0,17,119.991,35.913,50.309,33.769,,FCY,11,66.94,109.04,73.0,False,102
imsa,2025,Long Beach,Acura Grand Prix of Long Beach,race,647,57,GTD,Philip Ellis,philip ellis,43,2.0,18,112.504,44.34,43.311,24.853,,GF,11,66.94,109.04,73.0,False,102
imsa,2025,Long Beach,Acura Grand Prix of Long Beach,race,647,57,GTD,Philip Ellis,philip ellis,44,2.0,19,80.384,26.277,30.211,23.896,,GF,12,66.94,108.86,73.0,False,102
imsa,2025,Long Beach,Acura Grand Prix of Long Beach,race,647,57,GTD,Philip Ellis,philip ellis,45,2.0,20,79.805,26.168,30.081,23.556,,GF,13,66.94,108.86,73.0,False,102
imsa,2025,Long Beach,Acura Grand Prix of Long Beach,race,647,57,GTD,Philip Ellis,philip ellis,46,2.0,21,79.648,26.264,29.9,23.484,,GF,14,66.94,108.86,73.0,False,102
imsa,2025,Long Beach,Acura Grand Prix of Long Beach,race,647,57,GTD,Philip Ellis,philip ellis,47,2.0,22,79.706,26.129,30.211,23.366,,GF,15,66.94,108.68,73.0,False,102
imsa,2025,Long Beach,Acura Grand Prix of Long Beach,race,647,57,GTD,Philip Ellis,philip ellis,48,2.0,23,79.344,25.985,29.852,23.507,,GF,16,67.01,108.68,73.0,False,102
imsa,2025,Long Beach,Acura Grand Prix of Long Beach,race,647,57,GTD,Philip Ellis,philip ellis,49,2.0,24,79.503,26.308,29.808,23.387,,GF,17,67.01,108.68,73.0,False,102
imsa,2025,Long Beach,Acura Grand Prix of Long Beach,race,647,57,GTD,Philip Ellis,philip ellis,50,2.0,25,79.097,25.926,29.889,23.282,,GF,18,67.01,108.86,73.0,False,102
imsa,2025,Long Beach,Acura Grand Prix of Long Beach,race,647,57,GTD,Philip Ellis,philip ellis,51,2.0,26,79.332,26.092,29.883,23.357,,GF,19,67.01,108.86,73.0,False,102
imsa,2025,Long Beach,Acura Grand Prix of Long Beach,race,647,57,GTD,Philip Ellis,philip ellis,52,2.0,27,79.201,25.905,29.995,23.301,,GF,20,67.01,108.86,73.0,False,102
imsa,2025,Long Beach,Acura Grand Prix of Long Beach,race,647,57,GTD,Philip Ellis,philip ellis,53,2.0,28,79.101,25.896,29.728,23.477,,GF,21,67.01,108.68,73.0,False,102
imsa,2025,Long Beach,Acura Grand Prix of Long Beach,race,647,57,GTD,Philip Ellis,philip ellis,54,2.0,29,79.219,25.929,29.758,23.532,,GF,22,67.01,108.86,73.0,False,102
imsa,2025,Long Beach,Acura Grand Prix of Long Beach,race,647,57,GTD,Philip Ellis,philip ellis,55,2.0,30,79.572,26.086,29.999,23.487,,GF,23,67.73,108.86,72.0,False,102
imsa,2025,Long Beach,Acura Grand Prix of Long Beach,race,647,57,GTD,Philip Ellis,philip ellis,56,2.0,31,80.267,26.683,30.136,23.448,,GF,24,67.73,109.22,72.0,False,102
imsa,2025,Long Beach,Acura Grand Prix of Long Beach,race,647,57,GTD,Philip Ellis,philip ellis,57,2.0,32,79.203,25.905,29.943,23.355,,GF,25,67.73,109.22,72.0,False,102
imsa,2025,Long Beach,Acura Grand Prix of Long Beach,race,647,57,GTD,Philip Ellis,philip ellis,58,2.0,33,79.66,26.139,29.851,23.67,,GF,26,67.73,109.22,72.0,False,102
imsa,2025,Long Beach,Acura Grand Prix of Long Beach,race,647,57,GTD,Philip Ellis,philip ellis,59,2.0,34,79.513,25.972,30.15,23.391,,GF,27,67.73,108.86,72.0,False,102
imsa,2025,Long Beach,Acura Grand Prix of Long Beach,race,647,57,GTD,Philip Ellis,philip ellis,60,2.0,35,79.09,25.854,29.925,23.311,,GF,28,67.73,108.86,72.0,False,102
imsa,2025,Long Beach,Acura Grand Prix of Long Beach,race,647,57,GTD,Philip Ellis,philip ellis,61,2.0,36,79.541,25.954,30.198,23.389,,GF,29,67.73,109.04,72.0,False,102
imsa,2025,Long Beach,Acura Grand Prix of Long Beach,race,647,57,GTD,Philip Ellis,philip ellis,62,2.0,37,79.192,25.959,29.852,23.381,,GF,30,67.53,109.22,72.0,False,102
imsa,2025,Long Beach,Acura Grand Prix of Long Beach,race,647,57,GTD,Philip Ellis,philip ellis,63,2.0,38,78.963,25.957,29.74,23.266,,GF,31,67.53,109.22,72.0,False,102
imsa,2025,Long Beach,Acura Grand Prix of Long Beach,race,647,57,GTD,Philip Ellis,philip ellis,64,2.0,39,78.762,25.859,29.715,23.188,,GF,32,67.53,109.22,72.0,False,102
imsa,2025,Long Beach,Acura Grand Prix of Long Beach,race,647,57,GTD,Philip Ellis,philip ellis,65,2.0,40,79.192,25.911,29.812,23.469,,GF,33,67.53,109.4,72.0,False,102
imsa,2025,Long Beach,Acura Grand Prix of Long Beach,race,647,57,GTD,Philip Ellis,philip ellis,66,2.0,41,78.693,25.775,29.596,23.322,,GF,34,67.53,109.4,72.0,False,102
imsa,2025,Long Beach,Acura Grand Prix of Long Beach,race,647,57,GTD,Philip Ellis,philip ellis,67,2.0,42,78.829,25.807,29.699,23.323,,GF,35,67.53,109.4,72.0,False,102
imsa,2025,Long Beach,Acura Grand Prix of Long Beach,race,647,57,GTD,Philip Ellis,philip ellis,68,2.0,43,79.421,25.975,29.753,23.693,,GF,36,67.53,109.4,72.0,False,102
imsa,2025,Long Beach,Acura Grand Prix of Long Beach,race,647,57,GTD,Philip Ellis,philip ellis,69,2.0,44,80.322,26.212,29.979,24.131,,GF,37,67.53,109.58,72.0,False,102
imsa,2025,Long Beach,Acura Grand Prix of Long Beach,race,647,57,GTD,Philip Ellis,philip ellis,70,2.0,45,79.402,25.704,30.191,23.507,,GF,38,67.15,109.58,73.0,False,102
imsa,2025,Long Beach,Acura Grand Prix of Long Beach,race,647,57,GTD,Philip Ellis,philip ellis,71,2.0,46,79.042,25.728,29.763,23.551,,FF,39,67.15,109.58,73.0,False,102
imsa,2025,Long Beach,Acura Grand Prix of Long Beach,race,647,66,GTD,Jenson Altzman,jenson altzman,1,1.0,0,94.836,38.386,31.125,25.325,,GF,0,65.61,106.52,76.0,False,102
imsa,2025,Long Beach,Acura Grand Prix of Long Beach,race,647,66,GTD,Jenson Altzman,jenson altzman,2,1.0,1,82.207,27.635,30.557,24.015,,GF,0,66.13,106.52,74.0,False,102
imsa,2025,Long Beach,Acura Grand Prix of Long Beach,race,647,66,GTD,Jenson Altzman,jenson altzman,3,1.0,2,80.674,26.512,30.402,23.76,,GF,1,66.13,106.7,74.0,False,102
imsa,2025,Long Beach,Acura Grand Prix of Long Beach,race,647,66,GTD,Jenson Altzman,jenson altzman,4,1.0,3,80.506,26.535,30.152,23.819,,GF,2,66.13,106.7,74.0,False,102
imsa,2025,Long Beach,Acura Grand Prix of Long Beach,race,647,66,GTD,Jenson Altzman,jenson altzman,5,1.0,4,80.144,26.145,30.23,23.769,,GF,3,66.13,106.88,74.0,False,102
imsa,2025,Long Beach,Acura Grand Prix of Long Beach,race,647,66,GTD,Jenson Altzman,jenson altzman,6,1.0,5,80.207,26.444,30.094,23.669,,GF,4,66.13,106.88,74.0,False,102
imsa,2025,Long Beach,Acura Grand Prix of Long Beach,race,647,66,GTD,Jenson Altzman,jenson altzman,7,1.0,6,80.448,26.182,30.337,23.929,,GF,5,66.18,107.24,74.0,False,102
imsa,2025,Long Beach,Acura Grand Prix of Long Beach,race,647,66,GTD,Jenson Altzman,jenson altzman,8,1.0,7,82.007,26.295,30.327,25.385,,GF,6,66.18,107.42,74.0,False,102
imsa,2025,Long Beach,Acura Grand Prix of Long Beach,race,647,66,GTD,Jenson Altzman,jenson altzman,9,1.0,8,82.291,26.468,30.277,25.546,,GF,7,66.18,107.42,74.0,False,102
imsa,2025,Long Beach,Acura Grand Prix of Long Beach,race,647,66,GTD,Jenson Altzman,jenson altzman,10,1.0,9,82.597,26.613,31.75,24.234,,GF,8,66.18,107.6,74.0,False,102
imsa,2025,Long Beach,Acura Grand Prix of Long Beach,race,647,66,GTD,Jenson Altzman,jenson altzman,11,1.0,10,81.009,26.413,30.46,24.136,,GF,9,66.18,107.78,74.0,False,102
imsa,2025,Long Beach,Acura Grand Prix of Long Beach,race,647,66,GTD,Jenson Altzman,jenson altzman,12,1.0,11,81.51,26.578,30.755,24.177,,GF,10,66.18,107.78,74.0,False,102
imsa,2025,Long Beach,Acura Grand Prix of Long Beach,race,647,66,GTD,Jenson Altzman,jenson altzman,13,1.0,12,80.788,26.294,30.348,24.146,,GF,11,66.18,108.32,74.0,False,102
imsa,2025,Long Beach,Acura Grand Prix of Long Beach,race,647,66,GTD,Jenson Altzman,jenson altzman,14,1.0,13,81.04,26.503,30.445,24.092,,GF,12,66.18,108.5,74.0,False,102
imsa,2025,Long Beach,Acura Grand Prix of Long Beach,race,647,66,GTD,Jenson Altzman,jenson altzman,15,1.0,14,81.108,26.325,30.653,24.13,,GF,13,66.54,108.68,74.0,False,102
imsa,2025,Long Beach,Acura Grand Prix of Long Beach,race,647,66,GTD,Jenson Altzman,jenson altzman,16,1.0,15,89.671,29.02,33.254,27.397,,FCY,14,66.54,109.04,74.0,False,102
imsa,2025,Long Beach,Acura Grand Prix of Long Beach,race,647,66,GTD,Jenson Altzman,jenson altzman,17,1.0,16,96.801,30.412,34.856,31.533,,FCY,14,66.54,109.22,74.0,False,102
imsa,2025,Long Beach,Acura Grand Prix of Long Beach,race,647,66,GTD,Jenson Altzman,jenson altzman,18,1.0,17,102.272,31.652,36.886,33.734,,FCY,14,66.54,109.22,74.0,False,102
imsa,2025,Long Beach,Acura Grand Prix of Long Beach,race,647,66,GTD,Jenson Altzman,jenson altzman,19,1.0,18,115.479,39.807,38.333,37.339,,FCY,14,66.54,109.4,74.0,False,102
imsa,2025,Long Beach,Acura Grand Prix of Long Beach,race,647,66,GTD,Jenson Altzman,jenson altzman,20,1.0,19,128.339,40.577,44.605,43.157,,FCY,14,66.54,109.4,74.0,False,102
imsa,2025,Long Beach,Acura Grand Prix of Long Beach,race,647,66,GTD,Jenson Altzman,jenson altzman,21,1.0,20,117.038,44.135,47.242,25.661,,GF,14,66.36,109.58,74.0,False,102
imsa,2025,Long Beach,Acura Grand Prix of Long Beach,race,647,66,GTD,Jenson Altzman,jenson altzman,22,1.0,21,81.233,26.879,30.447,23.907,,GF,15,66.36,109.58,74.0,False,102
imsa,2025,Long Beach,Acura Grand Prix of Long Beach,race,647,66,GTD,Jenson Altzman,jenson altzman,23,1.0,22,80.321,26.21,30.285,23.826,,GF,16,66.36,109.76,74.0,False,102
imsa,2025,Long Beach,Acura Grand Prix of Long Beach,race,647,66,GTD,Jenson Altzman,jenson altzman,24,1.0,23,80.765,26.353,30.597,23.815,,GF,17,66.36,109.76,74.0,False,102
imsa,2025,Long Beach,Acura Grand Prix of Long Beach,race,647,66,GTD,Jenson Altzman,jenson altzman,25,1.0,24,80.066,26.095,30.244,23.727,,GF,18,66.36,109.76,74.0,False,102
imsa,2025,Long Beach,Acura Grand Prix of Long Beach,race,647,66,GTD,Jenson Altzman,jenson altzman,26,1.0,25,80.975,26.54,30.42,24.015,,GF,19,66.36,109.76,74.0,False,102
imsa,2025,Long Beach,Acura Grand Prix of Long Beach,race,647,66,GTD,Jenson Altzman,jenson altzman,27,1.0,26,92.315,26.397,30.237,35.681,,GF,20,66.56,109.94,74.0,False,102
imsa,2025,Long Beach,Acura Grand Prix of Long Beach,race,647,66,GTD,Robert Megennis,robert megennis,28,2.0,0,134.01,77.842,32.153,24.015,68.053,GF,0,66.56,109.94,74.0,False,102
imsa,2025,Long Beach,Acura Grand Prix of Long Beach,race,647,66,GTD,Robert Megennis,robert megennis,29,2.0,1,81.313,27.36,30.305,23.648,,GF,0,66.56,109.76,74.0,False,102
imsa,2025,Long Beach,Acura Grand Prix of Long Beach,race,647,66,GTD,Robert Megennis,robert megennis,30,2.0,2,79.791,26.275,30.029,23.487,,GF,1,66.56,109.76,74.0,False,102
imsa,2025,Long Beach,Acura Grand Prix of Long Beach,race,647,66,GTD,Robert Megennis,robert megennis,31,2.0,3,79.864,26.126,30.2,23.538,,GF,2,66.56,109.94,74.0,False,102
imsa,2025,Long Beach,Acura Grand Prix of Long Beach,race,647,66,GTD,Robert Megennis,robert megennis,32,2.0,4,79.843,26.065,30.142,23.636,,GF,3,66.56,110.12,74.0,False,102
imsa,2025,Long Beach,Acura Grand Prix of Long Beach,race,647,66,GTD,Robert Megennis,robert megennis,33,2.0,5,79.932,26.102,30.115,23.715,,GF,4,66.56,109.94,74.0,False,102
imsa,2025,Long Beach,Acura Grand Prix of Long Beach,race,647,66,GTD,Robert Megennis,robert megennis,34,2.0,6,79.933,26.122,30.209,23.602,,GF,5,66.56,109.94,74.0,False,102
imsa,2025,Long Beach,Acura Grand Prix of Long Beach,race,647,66,GTD,Robert Megennis,robert megennis,35,2.0,7,79.907,26.081,30.228,23.598,,GF,6,67.12,109.58,73.0,False,102
imsa,2025,Long Beach,Acura Grand Prix of Long Beach,race,647,66,GTD,Robert Megennis,robert megennis,36,2.0,8,81.331,26.422,30.979,23.93,,GF,7,67.12,109.4,73.0,False,102
imsa,2025,Long Beach,Acura Grand Prix of Long Beach,race,647,66,GTD,Robert Megennis,robert megennis,37,2.0,9,87.97,26.528,31.301,30.141,,FCY,8,67.12,109.4,73.0,False,102
imsa,2025,Long Beach,Acura Grand Prix of Long Beach,race,647,66,GTD,Robert Megennis,robert megennis,38,2.0,10,106.606,31.034,48.642,26.93,,FCY,8,67.12,109.22,73.0,False,102
imsa,2025,Long Beach,Acura Grand Prix of Long Beach,race,647,66,GTD,Robert Megennis,robert megennis,39,2.0,11,84.309,28.849,30.99,24.47,,FCY,8,67.12,109.22,73.0,False,102
imsa,2025,Long Beach,Acura Grand Prix of Long Beach,race,647,66,GTD,Robert Megennis,robert megennis,40,2.0,12,82.216,27.092,30.879,24.245,,FCY,8,67.12,109.22,73.0,False,102
imsa,2025,Long Beach,Acura Grand Prix of Long Beach,race,647,66,GTD,Robert Megennis,robert megennis,41,2.0,13,98.185,27.103,34.965,36.117,,FCY,8,66.94,109.4,73.0,False,102
imsa,2025,Long Beach,Acura Grand Prix of Long Beach,race,647,66,GTD,Robert Megennis,robert megennis,42,2.0,14,117.391,34.558,49.408,33.425,,FCY,8,66.94,109.04,73.0,False,102
imsa,2025,Long Beach,Acura Grand Prix of Long Beach,race,647,66,GTD,Robert Megennis,robert megennis,43,2.0,15,109.886,44.559,40.426,24.901,,GF,8,66.94,109.04,73.0,False,102
imsa,2025,Long Beach,Acura Grand Prix of Long Beach,race,647,66,GTD,Robert Megennis,robert megennis,44,2.0,16,80.598,26.392,30.364,23.842,,GF,9,66.94,108.86,73.0,False,102
imsa,2025,Long Beach,Acura Grand Prix of Long Beach,race,647,66,GTD,Robert Megennis,robert megennis,45,2.0,17,80.238,26.28,30.228,23.73,,GF,10,66.94,108.86,73.0,False,102
imsa,2025,Long Beach,Acura Grand Prix of Long Beach,race,647,66,GTD,Robert Megennis,robert megennis,46,2.0,18,80.044,26.183,30.158,23.703,,GF,11,66.94,108.86,73.0,False,102
imsa,2025,Long Beach,Acura Grand Prix of Long Beach,race,647,66,GTD,Robert Megennis,robert megennis,47,2.0,19,80.277,26.266,30.353,23.658,,GF,12,66.94,108.68,73.0,False,102
imsa,2025,Long Beach,Acura Grand Prix of Long Beach,race,647,66,GTD,Robert Megennis,robert megennis,48,2.0,20,80.1,26.193,30.245,23.662,,GF,13,67.01,108.68,73.0,False,102
imsa,2025,Long Beach,Acura Grand Prix of Long Beach,race,647,66,GTD,Robert Megennis,robert megennis,49,2.0,21,80.159,26.266,30.205,23.688,,GF,14,67.01,108.86,73.0,False,102
imsa,2025,Long Beach,Acura Grand Prix of Long Beach,race,647,66,GTD,Robert Megennis,robert megennis,50,2.0,22,80.175,26.235,30.273,23.667,,GF,15,67.01,108.86,73.0,False,102
imsa,2025,Long Beach,Acura Grand Prix of Long Beach,race,647,66,GTD,Robert Megennis,robert megennis,51,2.0,23,80.25,26.26,30.346,23.644,,GF,16,67.01,108.86,73.0,False,102
imsa,2025,Long Beach,Acura Grand Prix of Long Beach,race,647,66,GTD,Robert Megennis,robert megennis,52,2.0,24,80.253,26.225,30.297,23.731,,GF,17,67.01,108.68,73.0,False,102
imsa,2025,Long Beach,Acura Grand Prix of Long Beach,race,647,66,GTD,Robert Megennis,robert megennis,53,2.0,25,81.511,26.856,30.555,24.1,,GF,18,67.01,108.68,73.0,False,102
imsa,2025,Long Beach,Acura Grand Prix of Long Beach,race,647,66,GTD,Robert Megennis,robert megennis,54,2.0,26,80.665,26.289,30.394,23.982,,GF,19,67.01,108.86,73.0,False,102
imsa,2025,Long Beach,Acura Grand Prix of Long Beach,race,647,66,GTD,Robert Megennis,robert megennis,55,2.0,27,80.965,26.426,30.708,23.831,,GF,20,67.73,108.86,72.0,False,102
imsa,2025,Long Beach,Acura Grand Prix of Long Beach,race,647,66,GTD,Robert Megennis,robert megennis,56,2.0,28,80.892,26.73,30.304,23.858,,GF,21,67.73,109.22,72.0,False,102
imsa,2025,Long Beach,Acura Grand Prix of Long Beach,race,647,66,GTD,Robert Megennis,robert megennis,57,2.0,29,81.875,27.409,30.661,23.805,,GF,22,67.73,109.22,72.0,False,102
imsa,2025,Long Beach,Acura Grand Prix of Long Beach,race,647,66,GTD,Robert Megennis,robert megennis,58,2.0,30,80.631,26.283,30.349,23.999,,GF,23,67.73,109.22,72.0,False,102
imsa,2025,Long Beach,Acura Grand Prix of Long Beach,race,647,66,GTD,Robert Megennis,robert megennis,59,2.0,31,80.389,26.448,30.277,23.664,,GF,24,67.73,108.86,72.0,False,102
imsa,2025,Long Beach,Acura Grand Prix of Long Beach,race,647,66,GTD,Robert Megennis,robert megennis,60,2.0,32,80.263,26.291,30.288,23.684,,GF,25,67.73,108.86,72.0,False,102
imsa,2025,Long Beach,Acura Grand Prix of Long Beach,race,647,66,GTD,Robert Megennis,robert megennis,61,2.0,33,80.356,26.241,30.382,23.733,,GF,26,67.73,109.04,72.0,False,102
imsa,2025,Long Beach,Acura Grand Prix of Long Beach,race,647,66,GTD,Robert Megennis,robert megennis,62,2.0,34,80.265,26.266,30.344,23.655,,GF,27,67.53,109.22,72.0,False,102
imsa,2025,Long Beach,Acura Grand Prix of Long Beach,race,647,66,GTD,Robert Megennis,robert megennis,63,2.0,35,80.311,26.279,30.321,23.711,,GF,28,67.53,109.22,72.0,False,102
imsa,2025,Long Beach,Acura Grand Prix of Long Beach,race,647,66,GTD,Robert Megennis,robert megennis,64,2.0,36,80.415,26.267,30.384,23.764,,GF,29,67.53,109.4,72.0,False,102
imsa,2025,Long Beach,Acura Grand Prix of Long Beach,race,647,66,GTD,Robert Megennis,robert megennis,65,2.0,37,80.505,26.309,30.469,23.727,,GF,30,67.53,109.4,72.0,False,102
imsa,2025,Long Beach,Acura Grand Prix of Long Beach,race,647,66,GTD,Robert Megennis,robert megennis,66,2.0,38,80.464,26.332,30.406,23.726,,GF,31,67.53,109.4,72.0,False,102
imsa,2025,Long Beach,Acura Grand Prix of Long Beach,race,647,66,GTD,Robert Megennis,robert megennis,67,2.0,39,80.16,26.205,30.24,23.715,,GF,32,67.53,109.4,72.0,False,102
imsa,2025,Long Beach,Acura Grand Prix of Long Beach,race,647,66,GTD,Robert Megennis,robert megennis,68,2.0,40,80.744,26.424,30.27,24.05,,GF,33,67.53,109.4,72.0,False,102
imsa,2025,Long Beach,Acura Grand Prix of Long Beach,race,647,66,GTD,Robert Megennis,robert megennis,69,2.0,41,80.238,26.231,30.143,23.864,,GF,34,67.53,109.58,72.0,False,102
imsa,2025,Long Beach,Acura Grand Prix of Long Beach,race,647,66,GTD,Robert Megennis,robert megennis,70,2.0,42,80.581,26.446,30.442,23.693,,GF,35,67.15,109.58,73.0,False,102
imsa,2025,Long Beach,Acura Grand Prix of Long Beach,race,647,66,GTD,Robert Megennis,robert megennis,71,2.0,43,81.023,26.441,30.538,24.044,,FF,36,67.15,109.58,73.0,False,102
imsa,2025,Long Beach,Acura Grand Prix of Long Beach,race,647,70,GTD,Brendan Iribe,brendan iribe,1,1.0,0,94.871,37.88,31.538,25.453,,GF,0,65.61,106.52,76.0,False,102
imsa,2025,Long Beach,Acura Grand Prix of Long Beach,race,647,70,GTD,Brendan Iribe,brendan iribe,2,1.0,1,82.167,27.149,30.555,24.463,,GF,0,66.13,106.52,74.0,False,102
imsa,2025,Long Beach,Acura Grand Prix of Long Beach,race,647,70,GTD,Brendan Iribe,brendan iribe,3,1.0,2,82.166,27.452,30.495,24.219,,GF,1,66.13,106.7,74.0,False,102
imsa,2025,Long Beach,Acura Grand Prix of Long Beach,race,647,70,GTD,Brendan Iribe,brendan iribe,4,1.0,3,80.462,26.204,30.32,23.938,,GF,2,66.13,106.7,74.0,False,102
imsa,2025,Long Beach,Acura Grand Prix of Long Beach,race,647,70,GTD,Brendan Iribe,brendan iribe,5,1.0,4,81.391,27.208,30.511,23.672,,GF,3,66.13,106.88,74.0,False,102
imsa,2025,Long Beach,Acura Grand Prix of Long Beach,race,647,70,GTD,Brendan Iribe,brendan iribe,6,1.0,5,80.239,26.054,30.202,23.983,,GF,4,66.13,106.88,74.0,False,102
imsa,2025,Long Beach,Acura Grand Prix of Long Beach,race,647,70,GTD,Brendan Iribe,brendan iribe,7,1.0,6,80.238,26.09,30.17,23.978,,GF,5,66.18,107.24,74.0,False,102
imsa,2025,Long Beach,Acura Grand Prix of Long Beach,race,647,70,GTD,Brendan Iribe,brendan iribe,8,1.0,7,80.011,26.051,30.117,23.843,,GF,6,66.18,107.42,74.0,False,102
imsa,2025,Long Beach,Acura Grand Prix of Long Beach,race,647,70,GTD,Brendan Iribe,brendan iribe,9,1.0,8,82.248,26.29,30.496,25.462,,GF,7,66.18,107.42,74.0,False,102
imsa,2025,Long Beach,Acura Grand Prix of Long Beach,race,647,70,GTD,Brendan Iribe,brendan iribe,10,1.0,9,82.725,26.882,31.657,24.186,,GF,8,66.18,107.6,74.0,False,102
imsa,2025,Long Beach,Acura Grand Prix of Long Beach,race,647,70,GTD,Brendan Iribe,brendan iribe,11,1.0,10,81.132,26.221,30.765,24.146,,GF,9,66.18,107.78,74.0,False,102
imsa,2025,Long Beach,Acura Grand Prix of Long Beach,race,647,70,GTD,Brendan Iribe,brendan iribe,12,1.0,11,82.057,26.229,31.426,24.402,,GF,10,66.18,107.78,74.0,False,102
imsa,2025,Long Beach,Acura Grand Prix of Long Beach,race,647,70,GTD,Brendan Iribe,brendan iribe,13,1.0,12,80.472,26.124,30.325,24.023,,GF,11,66.18,108.32,74.0,False,102
imsa,2025,Long Beach,Acura Grand Prix of Long Beach,race,647,70,GTD,Brendan Iribe,brendan iribe,14,1.0,13,82.368,26.759,31.178,24.431,,GF,12,66.18,108.5,74.0,False,102
imsa,2025,Long Beach,Acura Grand Prix of Long Beach,race,647,70,GTD,Brendan Iribe,brendan iribe,15,1.0,14,81.262,26.307,31.04,23.915,,GF,13,66.54,108.68,74.0,False,102
imsa,2025,Long Beach,Acura Grand Prix of Long Beach,race,647,70,GTD,Brendan Iribe,brendan iribe,16,1.0,15,88.153,27.688,32.905,27.56,,FCY,14,66.54,109.04,74.0,False,102
imsa,2025,Long Beach,Acura Grand Prix of Long Beach,race,647,70,GTD,Brendan Iribe,brendan iribe,17,1.0,16,97.329,31.718,33.869,31.742,,FCY,14,66.54,109.22,74.0,False,102
imsa,2025,Long Beach,Acura Grand Prix of Long Beach,race,647,70,GTD,Brendan Iribe,brendan iribe,18,1.0,17,101.916,33.632,35.055,33.229,,FCY,14,66.54,109.22,74.0,False,102
imsa,2025,Long Beach,Acura Grand Prix of Long Beach,race,647,70,GTD,Brendan Iribe,brendan iribe,19,1.0,18,115.511,39.798,37.848,37.865,,FCY,14,66.54,109.4,74.0,False,102
imsa,2025,Long Beach,Acura Grand Prix of Long Beach,race,647,70,GTD,Brendan Iribe,brendan iribe,20,1.0,19,130.444,40.581,43.988,45.875,,FCY,14,66.54,109.4,74.0,False,102
imsa,2025,Long Beach,Acura Grand Prix of Long Beach,race,647,70,GTD,Brendan Iribe,brendan iribe,21,1.0,20,114.337,42.452,46.263,25.622,,GF,14,66.36,109.58,74.0,False,102
imsa,2025,Long Beach,Acura Grand Prix of Long Beach,race,647,70,GTD,Brendan Iribe,brendan iribe,22,1.0,21,81.911,26.827,30.546,24.538,,GF,15,66.36,109.58,74.0,False,102
imsa,2025,Long Beach,Acura Grand Prix of Long Beach,race,647,70,GTD,Brendan Iribe,brendan iribe,23,1.0,22,80.76,26.261,30.38,24.119,,GF,16,66.36,109.76,74.0,False,102
imsa,2025,Long Beach,Acura Grand Prix of Long Beach,race,647,70,GTD,Brendan Iribe,brendan iribe,24,1.0,23,91.743,26.162,30.343,35.238,,GF,17,66.36,109.76,74.0,False,102
imsa,2025,Long Beach,Acura Grand Prix of Long Beach,race,647,70,GTD,Frederik Schandorff,frederik schandorff,25,2.0,0,134.515,78.767,31.546,24.202,69.41,GF,0,66.36,109.76,74.0,False,102
imsa,2025,Long Beach,Acura Grand Prix of Long Beach,race,647,70,GTD,Frederik Schandorff,frederik schandorff,26,2.0,1,79.974,26.314,30.098,23.562,,GF,0,66.56,109.94,74.0,False,102
imsa,2025,Long Beach,Acura Grand Prix of Long Beach,race,647,70,GTD,Frederik Schandorff,frederik schandorff,27,2.0,2,79.405,25.931,30.018,23.456,,GF,1,66.56,109.94,74.0,False,102
imsa,2025,Long Beach,Acura Grand Prix of Long Beach,race,647,70,GTD,Frederik Schandorff,frederik schandorff,28,2.0,3,81.124,26.083,30.874,24.167,,GF,2,66.56,109.94,74.0,False,102
imsa,2025,Long Beach,Acura Grand Prix of Long Beach,race,647,70,GTD,Frederik Schandorff,frederik schandorff,29,2.0,4,79.793,26.398,29.973,23.422,,GF,3,66.56,109.76,74.0,False,102
imsa,2025,Long Beach,Acura Grand Prix of Long Beach,race,647,70,GTD,Frederik Schandorff,frederik schandorff,30,2.0,5,79.136,25.973,29.802,23.361,,GF,4,66.56,109.76,74.0,False,102
imsa,2025,Long Beach,Acura Grand Prix of Long Beach,race,647,70,GTD,Frederik Schandorff,frederik schandorff,31,2.0,6,79.083,25.988,29.714,23.381,,GF,5,66.56,109.94,74.0,False,102
imsa,2025,Long Beach,Acura Grand Prix of Long Beach,race,647,70,GTD,Frederik Schandorff,frederik schandorff,32,2.0,7,78.93,25.836,29.761,23.333,,GF,6,66.56,110.12,74.0,False,102
imsa,2025,Long Beach,Acura Grand Prix of Long Beach,race,647,70,GTD,Frederik Schandorff,frederik schandorff,33,2.0,8,79.198,25.956,29.829,23.413,,GF,7,66.56,109.94,74.0,False,102
imsa,2025,Long Beach,Acura Grand Prix of Long Beach,race,647,70,GTD,Frederik Schandorff,frederik schandorff,34,2.0,9,79.516,25.921,30.107,23.488,,GF,8,66.56,109.94,74.0,False,102
imsa,2025,Long Beach,Acura Grand Prix of Long Beach,race,647,70,GTD,Frederik Schandorff,frederik schandorff,35,2.0,10,79.669,25.957,29.931,23.781,,GF,9,67.12,109.58,73.0,False,102
imsa,2025,Long Beach,Acura Grand Prix of Long Beach,race,647,70,GTD,Frederik Schandorff,frederik schandorff,36,2.0,11,81.203,26.338,30.939,23.926,,GF,10,67.12,109.4,73.0,False,102
imsa,2025,Long Beach,Acura Grand Prix of Long Beach,race,647,70,GTD,Frederik Schandorff,frederik schandorff,37,2.0,12,88.579,26.315,32.939,29.325,,FCY,11,67.12,109.4,73.0,False,102
imsa,2025,Long Beach,Acura Grand Prix of Long Beach,race,647,70,GTD,Frederik Schandorff,frederik schandorff,38,2.0,13,109.95,30.698,50.678,28.574,,FCY,11,67.12,109.22,73.0,False,102
imsa,2025,Long Beach,Acura Grand Prix of Long Beach,race,647,70,GTD,Frederik Schandorff,frederik schandorff,39,2.0,14,84.199,28.734,31.133,24.332,,FCY,11,67.12,109.22,73.0,False,102
imsa,2025,Long Beach,Acura Grand Prix of Long Beach,race,647,70,GTD,Frederik Schandorff,frederik schandorff,40,2.0,15,81.729,26.932,30.944,23.853,,FCY,11,67.12,109.22,73.0,False,102
imsa,2025,Long Beach,Acura Grand Prix of Long Beach,race,647,70,GTD,Frederik Schandorff,frederik schandorff,41,2.0,16,98.749,27.064,35.214,36.471,,FCY,11,66.94,109.4,73.0,False,102
imsa,2025,Long Beach,Acura Grand Prix of Long Beach,race,647,70,GTD,Frederik Schandorff,frederik schandorff,42,2.0,17,117.811,32.763,51.568,33.48,,FCY,11,66.94,109.04,73.0,False,102
imsa,2025,Long Beach,Acura Grand Prix of Long Beach,race,647,70,GTD,Frederik Schandorff,frederik schandorff,43,2.0,18,110.138,44.281,41.204,24.653,,GF,11,66.94,109.04,73.0,False,102
imsa,2025,Long Beach,Acura Grand Prix of Long Beach,race,647,70,GTD,Frederik Schandorff,frederik schandorff,44,2.0,19,80.696,26.236,30.343,24.117,,GF,12,66.94,108.86,73.0,False,102
imsa,2025,Long Beach,Acura Grand Prix of Long Beach,race,647,70,GTD,Frederik Schandorff,frederik schandorff,45,2.0,20,80.256,26.126,30.421,23.709,,GF,13,66.94,108.86,73.0,False,102
imsa,2025,Long Beach,Acura Grand Prix of Long Beach,race,647,70,GTD,Frederik Schandorff,frederik schandorff,46,2.0,21,79.967,25.889,30.289,23.789,,GF,14,66.94,108.86,73.0,False,102
imsa,2025,Long Beach,Acura Grand Prix of Long Beach,race,647,70,GTD,Frederik Schandorff,frederik schandorff,47,2.0,22,79.865,25.935,30.264,23.666,,GF,15,66.94,108.68,73.0,False,102
imsa,2025,Long Beach,Acura Grand Prix of Long Beach,race,647,70,GTD,Frederik Schandorff,frederik schandorff,48,2.0,23,79.639,25.987,30.013,23.639,,GF,16,67.01,108.68,73.0,False,102
imsa,2025,Long Beach,Acura Grand Prix of Long Beach,race,647,70,GTD,Frederik Schandorff,frederik schandorff,49,2.0,24,79.889,26.105,30.203,23.581,,GF,17,67.01,108.68,73.0,False,102
imsa,2025,Long Beach,Acura Grand Prix of Long Beach,race,647,70,GTD,Frederik Schandorff,frederik schandorff,50,2.0,25,79.769,25.925,30.228,23.616,,GF,18,67.01,108.86,73.0,False,102
imsa,2025,Long Beach,Acura Grand Prix of Long Beach,race,647,70,GTD,Frederik Schandorff,frederik schandorff,51,2.0,26,79.401,25.935,30.005,23.461,,GF,19,67.01,108.86,73.0,False,102
imsa,2025,Long Beach,Acura Grand Prix of Long Beach,race,647,70,GTD,Frederik Schandorff,frederik schandorff,52,2.0,27,79.658,25.966,30.071,23.621,,GF,20,67.01,108.86,73.0,False,102
imsa,2025,Long Beach,Acura Grand Prix of Long Beach,race,647,70,GTD,Frederik Schandorff,frederik schandorff,53,2.0,28,80.061,25.965,30.387,23.709,,GF,21,67.01,108.68,73.0,False,102
imsa,2025,Long Beach,Acura Grand Prix of Long Beach,race,647,70,GTD,Frederik Schandorff,frederik schandorff,54,2.0,29,82.496,26.195,31.759,24.542,,GF,22,67.01,108.86,73.0,False,102
imsa,2025,Long Beach,Acura Grand Prix of Long Beach,race,647,70,GTD,Frederik Schandorff,frederik schandorff,55,2.0,30,79.979,26.073,30.19,23.716,,GF,23,67.73,108.86,72.0,False,102
imsa,2025,Long Beach,Acura Grand Prix of Long Beach,race,647,70,GTD,Frederik Schandorff,frederik schandorff,56,2.0,31,80.629,26.781,30.223,23.625,,GF,24,67.73,109.22,72.0,False,102
imsa,2025,Long Beach,Acura Grand Prix of Long Beach,race,647,70,GTD,Frederik Schandorff,frederik schandorff,57,2.0,32,80.271,26.205,30.488,23.578,,GF,25,67.73,109.22,72.0,False,102
imsa,2025,Long Beach,Acura Grand Prix of Long Beach,race,647,70,GTD,Frederik Schandorff,frederik schandorff,58,2.0,33,79.443,26.012,29.849,23.582,,GF,26,67.73,109.22,72.0,False,102
imsa,2025,Long Beach,Acura Grand Prix of Long Beach,race,647,70,GTD,Frederik Schandorff,frederik schandorff,59,2.0,34,79.599,25.829,30.335,23.435,,GF,27,67.73,108.86,72.0,False,102
imsa,2025,Long Beach,Acura Grand Prix of Long Beach,race,647,70,GTD,Frederik Schandorff,frederik schandorff,60,2.0,35,79.717,26.215,30.044,23.458,,GF,28,67.73,108.86,72.0,False,102
imsa,2025,Long Beach,Acura Grand Prix of Long Beach,race,647,70,GTD,Frederik Schandorff,frederik schandorff,61,2.0,36,79.178,25.873,29.931,23.374,,GF,29,67.73,109.04,72.0,False,102
imsa,2025,Long Beach,Acura Grand Prix of Long Beach,race,647,70,GTD,Frederik Schandorff,frederik schandorff,62,2.0,37,79.103,25.858,29.877,23.368,,GF,30,67.53,109.22,72.0,False,102
imsa,2025,Long Beach,Acura Grand Prix of Long Beach,race,647,70,GTD,Frederik Schandorff,frederik schandorff,63,2.0,38,79.253,25.843,29.923,23.487,,GF,31,67.53,109.22,72.0,False,102
imsa,2025,Long Beach,Acura Grand Prix of Long Beach,race,647,70,GTD,Frederik Schandorff,frederik schandorff,64,2.0,39,79.53,25.927,30.026,23.577,,GF,32,67.53,109.22,72.0,False,102
imsa,2025,Long Beach,Acura Grand Prix of Long Beach,race,647,70,GTD,Frederik Schandorff,frederik schandorff,65,2.0,40,80.127,26.057,30.149,23.921,,GF,33,67.53,109.4,72.0,False,102
imsa,2025,Long Beach,Acura Grand Prix of Long Beach,race,647,70,GTD,Frederik Schandorff,frederik schandorff,66,2.0,41,79.829,26.015,30.144,23.67,,GF,34,67.53,109.4,72.0,False,102
imsa,2025,Long Beach,Acura Grand Prix of Long Beach,race,647,70,GTD,Frederik Schandorff,frederik schandorff,67,2.0,42,81.023,26.066,30.53,24.427,,GF,35,67.53,109.4,72.0,False,102
imsa,2025,Long Beach,Acura Grand Prix of Long Beach,race,647,70,GTD,Frederik Schandorff,frederik schandorff,68,2.0,43,79.404,25.852,29.92,23.632,,GF,36,67.53,109.4,72.0,False,102
imsa,2025,Long Beach,Acura Grand Prix of Long Beach,race,647,70,GTD,Frederik Schandorff,frederik schandorff,69,2.0,44,79.669,25.981,30.168,23.52,,GF,37,67.53,109.58,72.0,False,102
imsa,2025,Long Beach,Acura Grand Prix of Long Beach,race,647,70,GTD,Frederik Schandorff,frederik schandorff,70,2.0,45,79.588,25.917,30.078,23.593,,GF,38,67.15,109.58,73.0,False,102
imsa,2025,Long Beach,Acura Grand Prix of Long Beach,race,647,70,GTD,Frederik Schandorff,frederik schandorff,71,2.0,46,79.969,26.316,30.087,23.566,,FF,39,67.15,109.58,73.0,False,102
imsa,2025,Long Beach,Acura Grand Prix of Long Beach,race,647,78,GTD,Misha Goikhberg,misha goikhberg,1,1.0,0,93.508,37.411,31.501,24.596,,GF,0,65.61,106.52,76.0,False,102
imsa,2025,Long Beach,Acura Grand Prix of Long Beach,race,647,78,GTD,Misha Goikhberg,misha goikhberg,2,1.0,1,81.158,26.603,30.505,24.05,,GF,0,66.13,106.52,74.0,False,102
imsa,2025,Long Beach,Acura Grand Prix of Long Beach,race,647,78,GTD,Misha Goikhberg,misha goikhberg,3,1.0,2,80.63,26.258,30.482,23.89,,GF,1,66.13,106.7,74.0,False,102
imsa,2025,Long Beach,Acura Grand Prix of Long Beach,race,647,78,GTD,Misha Goikhberg,misha goikhberg,4,1.0,3,81.142,26.233,30.361,24.548,,GF,2,66.13,106.7,74.0,False,102
imsa,2025,Long Beach,Acura Grand Prix of Long Beach,race,647,78,GTD,Misha Goikhberg,misha goikhberg,5,1.0,4,80.213,26.29,30.223,23.7,,GF,3,66.13,106.88,74.0,False,102
imsa,2025,Long Beach,Acura Grand Prix of Long Beach,race,647,78,GTD,Misha Goikhberg,misha goikhberg,6,1.0,5,79.997,26.093,30.141,23.763,,GF,4,66.13,106.88,74.0,False,102
imsa,2025,Long Beach,Acura Grand Prix of Long Beach,race,647,78,GTD,Misha Goikhberg,misha goikhberg,7,1.0,6,80.443,26.338,30.35,23.755,,GF,5,66.18,107.24,74.0,False,102
imsa,2025,Long Beach,Acura Grand Prix of Long Beach,race,647,78,GTD,Misha Goikhberg,misha goikhberg,8,1.0,7,80.217,26.184,30.261,23.772,,GF,6,66.18,107.24,74.0,False,102
imsa,2025,Long Beach,Acura Grand Prix of Long Beach,race,647,78,GTD,Misha Goikhberg,misha goikhberg,9,1.0,8,79.611,26.03,30.086,23.495,,GF,7,66.18,107.42,74.0,False,102
imsa,2025,Long Beach,Acura Grand Prix of Long Beach,race,647,78,GTD,Misha Goikhberg,misha goikhberg,10,1.0,9,81.342,26.213,30.928,24.201,,GF,8,66.18,107.6,74.0,False,102
imsa,2025,Long Beach,Acura Grand Prix of Long Beach,race,647,78,GTD,Misha Goikhberg,misha goikhberg,11,1.0,10,80.717,26.202,30.609,23.906,,GF,9,66.18,107.6,74.0,False,102
imsa,2025,Long Beach,Acura Grand Prix of Long Beach,race,647,78,GTD,Misha Goikhberg,misha goikhberg,12,1.0,11,80.747,26.141,30.743,23.863,,GF,10,66.18,107.78,74.0,False,102
imsa,2025,Long Beach,Acura Grand Prix of Long Beach,race,647,78,GTD,Misha Goikhberg,misha goikhberg,13,1.0,12,80.344,26.155,30.347,23.842,,GF,11,66.18,108.32,74.0,False,102
imsa,2025,Long Beach,Acura Grand Prix of Long Beach,race,647,78,GTD,Misha Goikhberg,misha goikhberg,14,1.0,13,82.355,26.085,32.216,24.054,,GF,12,66.18,108.5,74.0,False,102
imsa,2025,Long Beach,Acura Grand Prix of Long Beach,race,647,78,GTD,Misha Goikhberg,misha goikhberg,15,1.0,14,83.148,26.15,33.108,23.89,,GF,13,66.54,108.68,74.0,False,102
imsa,2025,Long Beach,Acura Grand Prix of Long Beach,race,647,78,GTD,Misha Goikhberg,misha goikhberg,16,1.0,15,94.402,30.476,35.644,28.282,,FCY,14,66.54,109.04,74.0,False,102
imsa,2025,Long Beach,Acura Grand Prix of Long Beach,race,647,78,GTD,Misha Goikhberg,misha goikhberg,17,1.0,16,96.323,28.819,37.039,30.465,,FCY,14,66.54,109.22,74.0,False,102
imsa,2025,Long Beach,Acura Grand Prix of Long Beach,race,647,78,GTD,Misha Goikhberg,misha goikhberg,18,1.0,17,103.183,31.541,37.743,33.899,,FCY,14,66.54,109.22,74.0,False,102
imsa,2025,Long Beach,Acura Grand Prix of Long Beach,race,647,78,GTD,Misha Goikhberg,misha goikhberg,19,1.0,18,115.497,39.022,39.002,37.473,,FCY,14,66.54,109.4,74.0,False,102
imsa,2025,Long Beach,Acura Grand Prix of Long Beach,race,647,78,GTD,Misha Goikhberg,misha goikhberg,20,1.0,19,127.615,40.418,44.594,42.603,,FCY,14,66.54,109.4,74.0,False,102
imsa,2025,Long Beach,Acura Grand Prix of Long Beach,race,647,78,GTD,Misha Goikhberg,misha goikhberg,21,1.0,20,117.942,44.746,47.626,25.57,,GF,14,66.36,109.58,74.0,False,102
imsa,2025,Long Beach,Acura Grand Prix of Long Beach,race,647,78,GTD,Misha Goikhberg,misha goikhberg,22,1.0,21,93.081,26.452,30.366,36.263,,GF,15,66.36,109.58,74.0,False,102
imsa,2025,Long Beach,Acura Grand Prix of Long Beach,race,647,78,GTD,Misha Goikhberg,misha goikhberg,23,1.0,22,105.073,50.781,30.375,23.917,42.696,GF,0,66.36,109.76,74.0,False,102
imsa,2025,Long Beach,Acura Grand Prix of Long Beach,race,647,78,GTD,Misha Goikhberg,misha goikhberg,24,1.0,23,80.485,26.425,30.203,23.857,,GF,0,66.36,109.76,74.0,False,102
imsa,2025,Long Beach,Acura Grand Prix of Long Beach,race,647,78,GTD,Misha Goikhberg,misha goikhberg,25,1.0,24,93.125,26.528,30.537,36.06,,GF,1,66.36,109.76,74.0,False,102
imsa,2025,Long Beach,Acura Grand Prix of Long Beach,race,647,78,GTD,Mario Farnbacher,mario farnbacher,26,2.0,0,129.737,74.824,31.04,23.873,66.971,GF,0,66.56,109.94,74.0,False,102
imsa,2025,Long Beach,Acura Grand Prix of Long Beach,race,647,78,GTD,Mario Farnbacher,mario farnbacher,27,2.0,1,80.913,26.268,30.323,24.322,,GF,0,66.56,109.94,74.0,False,102
imsa,2025,Long Beach,Acura Grand Prix of Long Beach,race,647,78,GTD,Mario Farnbacher,mario farnbacher,28,2.0,2,80.395,26.044,30.319,24.032,,GF,1,66.56,109.58,74.0,False,102
imsa,2025,Long Beach,Acura Grand Prix of Long Beach,race,647,78,GTD,Mario Farnbacher,mario farnbacher,29,2.0,3,80.432,26.035,30.098,24.299,,GF,2,66.56,109.76,74.0,False,102
imsa,2025,Long Beach,Acura Grand Prix of Long Beach,race,647,78,GTD,Mario Farnbacher,mario farnbacher,30,2.0,4,81.282,26.43,30.444,24.408,,GF,3,66.56,109.94,74.0,False,102
imsa,2025,Long Beach,Acura Grand Prix of Long Beach,race,647,78,GTD,Mario Farnbacher,mario farnbacher,31,2.0,5,81.615,26.644,31.426,23.545,,GF,4,66.56,110.12,74.0,False,102
imsa,2025,Long Beach,Acura Grand Prix of Long Beach,race,647,78,GTD,Mario Farnbacher,mario farnbacher,32,2.0,6,80.464,26.155,30.545,23.764,,GF,5,66.56,110.12,74.0,False,102
imsa,2025,Long Beach,Acura Grand Prix of Long Beach,race,647,78,GTD,Mario Farnbacher,mario farnbacher,33,2.0,7,80.012,26.079,30.415,23.518,,GF,6,66.56,109.94,74.0,False,102
imsa,2025,Long Beach,Acura Grand Prix of Long Beach,race,647,78,GTD,Mario Farnbacher,mario farnbacher,34,2.0,8,79.762,25.982,30.272,23.508,,GF,7,67.12,109.58,73.0,False,102
imsa,2025,Long Beach,Acura Grand Prix of Long Beach,race,647,78,GTD,Mario Farnbacher,mario farnbacher,35,2.0,9,80.096,26.134,30.195,23.767,,GF,8,67.12,109.58,73.0,False,102
imsa,2025,Long Beach,Acura Grand Prix of Long Beach,race,647,78,GTD,Mario Farnbacher,mario farnbacher,36,2.0,10,80.281,26.214,30.296,23.771,,GF,9,67.12,109.4,73.0,False,102
imsa,2025,Long Beach,Acura Grand Prix of Long Beach,race,647,78,GTD,Mario Farnbacher,mario farnbacher,37,2.0,11,87.192,27.172,36.106,23.914,,FCY,10,67.12,109.4,73.0,False,102
imsa,2025,Long Beach,Acura Grand Prix of Long Beach,race,647,78,GTD,Mario Farnbacher,mario farnbacher,38,2.0,12,81.578,26.42,30.605,24.553,,FCY,10,67.12,109.22,73.0,False,102
imsa,2025,Long Beach,Acura Grand Prix of Long Beach,race,647,78,GTD,Mario Farnbacher,mario farnbacher,39,2.0,13,90.642,34.062,31.958,24.622,,FCY,10,67.12,109.22,73.0,False,102
imsa,2025,Long Beach,Acura Grand Prix of Long Beach,race,647,78,GTD,Mario Farnbacher,mario farnbacher,40,2.0,14,82.118,26.907,30.794,24.417,,FCY,10,67.12,109.22,73.0,False,102
imsa,2025,Long Beach,Acura Grand Prix of Long Beach,race,647,78,GTD,Mario Farnbacher,mario farnbacher,41,2.0,15,86.135,27.078,31.066,27.991,,FCY,10,66.94,109.4,73.0,False,102
imsa,2025,Long Beach,Acura Grand Prix of Long Beach,race,647,78,GTD,Mario Farnbacher,mario farnbacher,42,2.0,16,117.054,35.582,49.299,32.173,,FCY,10,66.94,109.04,73.0,False,102
imsa,2025,Long Beach,Acura Grand Prix of Long Beach,race,647,78,GTD,Mario Farnbacher,mario farnbacher,43,2.0,17,108.379,44.173,39.297,24.909,,GF,10,66.94,109.04,73.0,False,102
imsa,2025,Long Beach,Acura Grand Prix of Long Beach,race,647,78,GTD,Mario Farnbacher,mario farnbacher,44,2.0,18,81.254,26.79,30.23,24.234,,GF,11,66.94,108.86,73.0,False,102
imsa,2025,Long Beach,Acura Grand Prix of Long Beach,race,647,78,GTD,Mario Farnbacher,mario farnbacher,45,2.0,19,80.198,26.291,30.115,23.792,,GF,12,66.94,108.86,73.0,False,102
imsa,2025,Long Beach,Acura Grand Prix of Long Beach,race,647,78,GTD,Mario Farnbacher,mario farnbacher,46,2.0,20,79.756,26.025,30.153,23.578,,GF,13,66.94,108.86,73.0,False,102
imsa,2025,Long Beach,Acura Grand Prix of Long Beach,race,647,78,GTD,Mario Farnbacher,mario farnbacher,47,2.0,21,79.598,25.965,30.081,23.552,,GF,14,66.94,108.68,73.0,False,102
imsa,2025,Long Beach,Acura Grand Prix of Long Beach,race,647,78,GTD,Mario Farnbacher,mario farnbacher,48,2.0,22,80.064,26.122,30.138,23.804,,GF,15,67.01,108.68,73.0,False,102
imsa,2025,Long Beach,Acura Grand Prix of Long Beach,race,647,78,GTD,Mario Farnbacher,mario farnbacher,49,2.0,23,80.197,26.227,30.322,23.648,,GF,16,67.01,108.86,73.0,False,102
imsa,2025,Long Beach,Acura Grand Prix of Long Beach,race,647,78,GTD,Mario Farnbacher,mario farnbacher,50,2.0,24,80.104,26.129,30.176,23.799,,GF,17,67.01,108.86,73.0,False,102
imsa,2025,Long Beach,Acura Grand Prix of Long Beach,race,647,78,GTD,Mario Farnbacher,mario farnbacher,51,2.0,25,80.277,26.216,30.239,23.822,,GF,18,67.01,108.86,73.0,False,102
imsa,2025,Long Beach,Acura Grand Prix of Long Beach,race,647,78,GTD,Mario Farnbacher,mario farnbacher,52,2.0,26,80.794,26.129,30.287,24.378,,GF,19,67.01,108.68,73.0,False,102
imsa,2025,Long Beach,Acura Grand Prix of Long Beach,race,647,78,GTD,Mario Farnbacher,mario farnbacher,53,2.0,27,81.061,26.867,30.509,23.685,,GF,20,67.01,108.68,73.0,False,102
imsa,2025,Long Beach,Acura Grand Prix of Long Beach,race,647,78,GTD,Mario Farnbacher,mario farnbacher,54,2.0,28,80.472,26.074,30.414,23.984,,GF,21,67.01,108.86,73.0,False,102
imsa,2025,Long Beach,Acura Grand Prix of Long Beach,race,647,78,GTD,Mario Farnbacher,mario farnbacher,55,2.0,29,81.593,26.778,30.365,24.45,,GF,22,67.73,108.86,72.0,False,102
imsa,2025,Long Beach,Acura Grand Prix of Long Beach,race,647,78,GTD,Mario Farnbacher,mario farnbacher,56,2.0,30,80.309,26.052,30.351,23.906,,GF,23,67.73,109.22,72.0,False,102
imsa,2025,Long Beach,Acura Grand Prix of Long Beach,race,647,78,GTD,Mario Farnbacher,mario farnbacher,57,2.0,31,82.283,27.726,30.719,23.838,,GF,24,67.73,109.22,72.0,False,102
imsa,2025,Long Beach,Acura Grand Prix of Long Beach,race,647,78,GTD,Mario Farnbacher,mario farnbacher,58,2.0,32,80.461,26.238,30.581,23.642,,GF,25,67.73,109.22,72.0,False,102
imsa,2025,Long Beach,Acura Grand Prix of Long Beach,race,647,78,GTD,Mario Farnbacher,mario farnbacher,59,2.0,33,80.417,26.069,30.437,23.911,,GF,26,67.73,108.86,72.0,False,102
imsa,2025,Long Beach,Acura Grand Prix of Long Beach,race,647,78,GTD,Mario Farnbacher,mario farnbacher,60,2.0,34,79.983,25.986,30.299,23.698,,GF,27,67.73,108.86,72.0,False,102
imsa,2025,Long Beach,Acura Grand Prix of Long Beach,race,647,78,GTD,Mario Farnbacher,mario farnbacher,61,2.0,35,80.333,26.221,30.55,23.562,,GF,28,67.73,109.04,72.0,False,102
imsa,2025,Long Beach,Acura Grand Prix of Long Beach,race,647,78,GTD,Mario Farnbacher,mario farnbacher,62,2.0,36,80.313,26.358,30.286,23.669,,GF,29,67.53,109.22,72.0,False,102
imsa,2025,Long Beach,Acura Grand Prix of Long Beach,race,647,78,GTD,Mario Farnbacher,mario farnbacher,63,2.0,37,80.863,26.847,30.228,23.788,,GF,30,67.53,109.22,72.0,False,102
imsa,2025,Long Beach,Acura Grand Prix of Long Beach,race,647,78,GTD,Mario Farnbacher,mario farnbacher,64,2.0,38,80.695,26.094,30.749,23.852,,GF,31,67.53,109.4,72.0,False,102
imsa,2025,Long Beach,Acura Grand Prix of Long Beach,race,647,78,GTD,Mario Farnbacher,mario farnbacher,65,2.0,39,80.483,26.509,30.324,23.65,,GF,32,67.53,109.4,72.0,False,102
imsa,2025,Long Beach,Acura Grand Prix of Long Beach,race,647,78,GTD,Mario Farnbacher,mario farnbacher,66,2.0,40,79.994,26.042,30.242,23.71,,GF,33,67.53,109.4,72.0,False,102
imsa,2025,Long Beach,Acura Grand Prix of Long Beach,race,647,78,GTD,Mario Farnbacher,mario farnbacher,67,2.0,41,80.761,26.081,30.444,24.236,,GF,34,67.53,109.4,72.0,False,102
imsa,2025,Long Beach,Acura Grand Prix of Long Beach,race,647,78,GTD,Mario Farnbacher,mario farnbacher,68,2.0,42,80.209,26.58,30.087,23.542,,GF,35,67.53,109.4,72.0,False,102
imsa,2025,Long Beach,Acura Grand Prix of Long Beach,race,647,78,GTD,Mario Farnbacher,mario farnbacher,69,2.0,43,80.081,26.03,30.305,23.746,,GF,36,67.53,109.58,72.0,False,102
imsa,2025,Long Beach,Acura Grand Prix of Long Beach,race,647,78,GTD,Mario Farnbacher,mario farnbacher,70,2.0,44,80.49,26.258,30.33,23.902,,GF,37,67.15,109.58,73.0,False,102
imsa,2025,Long Beach,Acura Grand Prix of Long Beach,race,647,78,GTD,Mario Farnbacher,mario farnbacher,71,2.0,45,81.498,26.858,30.816,23.824,,FF,38,67.15,109.58,73.0,False,102
imsa,2025,Long Beach,Acura Grand Prix of Long Beach,race,647,89,GTD,Frankie Montecalvo,frankie montecalvo,1,1.0,0,90.037,34.726,30.893,24.418,,GF,0,65.61,106.52,76.0,False,102
imsa,2025,Long Beach,Acura Grand Prix of Long Beach,race,647,89,GTD,Frankie Montecalvo,frankie montecalvo,2,1.0,1,80.676,26.379,30.404,23.893,,GF,0,66.13,106.52,74.0,False,102
imsa,2025,Long Beach,Acura Grand Prix of Long Beach,race,647,89,GTD,Frankie Montecalvo,frankie montecalvo,3,1.0,2,80.208,26.286,30.079,23.843,,GF,1,66.13,106.7,74.0,False,102
imsa,2025,Long Beach,Acura Grand Prix of Long Beach,race,647,89,GTD,Frankie Montecalvo,frankie montecalvo,4,1.0,3,79.762,26.102,30.088,23.572,,GF,2,66.13,106.7,74.0,False,102
imsa,2025,Long Beach,Acura Grand Prix of Long Beach,race,647,89,GTD,Frankie Montecalvo,frankie montecalvo,5,1.0,4,79.508,26.039,29.898,23.571,,GF,3,66.13,106.88,74.0,False,102
imsa,2025,Long Beach,Acura Grand Prix of Long Beach,race,647,89,GTD,Frankie Montecalvo,frankie montecalvo,6,1.0,5,79.725,25.997,30.081,23.647,,GF,4,66.13,106.88,74.0,False,102
imsa,2025,Long Beach,Acura Grand Prix of Long Beach,race,647,89,GTD,Frankie Montecalvo,frankie montecalvo,7,1.0,6,79.63,25.997,30.107,23.526,,GF,5,66.18,107.24,74.0,False,102
imsa,2025,Long Beach,Acura Grand Prix of Long Beach,race,647,89,GTD,Frankie Montecalvo,frankie montecalvo,8,1.0,7,79.541,26.044,30.016,23.481,,GF,6,66.18,107.24,74.0,False,102
imsa,2025,Long Beach,Acura Grand Prix of Long Beach,race,647,89,GTD,Frankie Montecalvo,frankie montecalvo,9,1.0,8,79.72,25.974,30.193,23.553,,GF,7,66.18,107.42,74.0,False,102
imsa,2025,Long Beach,Acura Grand Prix of Long Beach,race,647,89,GTD,Frankie Montecalvo,frankie montecalvo,10,1.0,9,79.623,26.12,29.905,23.598,,GF,8,66.18,107.6,74.0,False,102
imsa,2025,Long Beach,Acura Grand Prix of Long Beach,race,647,89,GTD,Frankie Montecalvo,frankie montecalvo,11,1.0,10,80.078,26.115,30.261,23.702,,GF,9,66.18,107.6,74.0,False,102
imsa,2025,Long Beach,Acura Grand Prix of Long Beach,race,647,89,GTD,Frankie Montecalvo,frankie montecalvo,12,1.0,11,81.18,26.667,30.47,24.043,,GF,10,66.18,107.78,74.0,False,102
imsa,2025,Long Beach,Acura Grand Prix of Long Beach,race,647,89,GTD,Frankie Montecalvo,frankie montecalvo,13,1.0,12,81.183,26.536,30.314,24.333,,GF,11,66.18,108.32,74.0,False,102
imsa,2025,Long Beach,Acura Grand Prix of Long Beach,race,647,89,GTD,Frankie Montecalvo,frankie montecalvo,14,1.0,13,80.663,26.037,30.544,24.082,,GF,12,66.18,108.5,74.0,False,102
imsa,2025,Long Beach,Acura Grand Prix of Long Beach,race,647,89,GTD,Frankie Montecalvo,frankie montecalvo,15,1.0,14,79.445,26.025,30.038,23.382,,GF,13,66.54,108.68,74.0,False,102
imsa,2025,Long Beach,Acura Grand Prix of Long Beach,race,647,89,GTD,Frankie Montecalvo,frankie montecalvo,16,1.0,15,91.972,26.507,36.472,28.993,,FCY,14,66.54,108.68,74.0,False,102
imsa,2025,Long Beach,Acura Grand Prix of Long Beach,race,647,89,GTD,Frankie Montecalvo,frankie montecalvo,17,1.0,16,102.065,36.121,37.638,28.306,,FCY,14,66.54,109.22,74.0,False,102
imsa,2025,Long Beach,Acura Grand Prix of Long Beach,race,647,89,GTD,Frankie Montecalvo,frankie montecalvo,18,1.0,17,109.083,34.96,38.734,35.389,,FCY,14,66.54,109.22,74.0,False,102
imsa,2025,Long Beach,Acura Grand Prix of Long Beach,race,647,89,GTD,Frankie Montecalvo,frankie montecalvo,19,1.0,18,116.215,38.819,39.314,38.082,,FCY,14,66.54,109.4,74.0,False,102
imsa,2025,Long Beach,Acura Grand Prix of Long Beach,race,647,89,GTD,Frankie Montecalvo,frankie montecalvo,20,1.0,19,124.494,40.126,45.103,39.265,,FCY,14,66.54,109.4,74.0,False,102
imsa,2025,Long Beach,Acura Grand Prix of Long Beach,race,647,89,GTD,Frankie Montecalvo,frankie montecalvo,21,1.0,20,122.986,47.435,50.188,25.363,,GF,14,66.36,109.58,74.0,False,102
imsa,2025,Long Beach,Acura Grand Prix of Long Beach,race,647,89,GTD,Frankie Montecalvo,frankie montecalvo,22,1.0,21,81.127,26.548,30.622,23.957,,GF,15,66.36,109.58,74.0,False,102
imsa,2025,Long Beach,Acura Grand Prix of Long Beach,race,647,89,GTD,Frankie Montecalvo,frankie montecalvo,23,1.0,22,79.856,26.134,30.1,23.622,,GF,16,66.36,109.58,74.0,False,102
imsa,2025,Long Beach,Acura Grand Prix of Long Beach,race,647,89,GTD,Frankie Montecalvo,frankie montecalvo,24,1.0,23,79.976,26.174,30.157,23.645,,GF,17,66.36,109.76,74.0,False,102
imsa,2025,Long Beach,Acura Grand Prix of Long Beach,race,647,89,GTD,Frankie Montecalvo,frankie montecalvo,25,1.0,24,79.451,26.06,29.815,23.576,,GF,18,66.36,109.76,74.0,False,102
imsa,2025,Long Beach,Acura Grand Prix of Long Beach,race,647,89,GTD,Frankie Montecalvo,frankie montecalvo,26,1.0,25,90.57,25.966,29.88,34.724,,GF,19,66.36,109.76,74.0,False,102
imsa,2025,Long Beach,Acura Grand Prix of Long Beach,race,647,89,GTD,Aaron Telitz,aaron telitz,27,2.0,0,123.236,68.855,30.568,23.813,60.599,GF,0,66.56,109.94,74.0,False,102
imsa,2025,Long Beach,Acura Grand Prix of Long Beach,race,647,89,GTD,Aaron Telitz,aaron telitz,28,2.0,1,80.147,26.267,30.066,23.814,,GF,0,66.56,109.94,74.0,False,102
imsa,2025,Long Beach,Acura Grand Prix of Long Beach,race,647,89,GTD,Aaron Telitz,aaron telitz,29,2.0,2,79.966,26.203,30.108,23.655,,GF,1,66.56,109.58,74.0,False,102
imsa,2025,Long Beach,Acura Grand Prix of Long Beach,race,647,89,GTD,Aaron Telitz,aaron telitz,30,2.0,3,79.776,25.957,30.105,23.714,,GF,2,66.56,109.76,74.0,False,102
imsa,2025,Long Beach,Acura Grand Prix of Long Beach,race,647,89,GTD,Aaron Telitz,aaron telitz,31,2.0,4,80.772,27.147,29.974,23.651,,GF,3,66.56,109.94,74.0,False,102
imsa,2025,Long Beach,Acura Grand Prix of Long Beach,race,647,89,GTD,Aaron Telitz,aaron telitz,32,2.0,5,79.56,26.018,29.959,23.583,,GF,4,66.56,110.12,74.0,False,102
imsa,2025,Long Beach,Acura Grand Prix of Long Beach,race,647,89,GTD,Aaron Telitz,aaron telitz,33,2.0,6,79.652,26.081,29.948,23.623,,GF,5,66.56,109.94,74.0,False,102
imsa,2025,Long Beach,Acura Grand Prix of Long Beach,race,647,89,GTD,Aaron Telitz,aaron telitz,34,2.0,7,79.452,26.089,29.835,23.528,,GF,6,66.56,109.94,74.0,False,102
imsa,2025,Long Beach,Acura Grand Prix of Long Beach,race,647,89,GTD,Aaron Telitz,aaron telitz,35,2.0,8,79.559,26.147,29.803,23.609,,GF,7,67.12,109.58,73.0,False,102
imsa,2025,Long Beach,Acura Grand Prix of Long Beach,race,647,89,GTD,Aaron Telitz,aaron telitz,36,2.0,9,79.587,26.227,29.826,23.534,,GF,8,67.12,109.4,73.0,False,102
imsa,2025,Long Beach,Acura Grand Prix of Long Beach,race,647,89,GTD,Aaron Telitz,aaron telitz,37,2.0,10,79.981,25.994,29.95,24.037,,FCY,9,67.12,109.4,73.0,False,102
imsa,2025,Long Beach,Acura Grand Prix of Long Beach,race,647,89,GTD,Aaron Telitz,aaron telitz,38,2.0,11,108.062,35.189,43.482,29.391,,FCY,9,67.12,109.22,73.0,False,102
imsa,2025,Long Beach,Acura Grand Prix of Long Beach,race,647,89,GTD,Aaron Telitz,aaron telitz,39,2.0,12,90.805,29.908,34.687,26.21,,FCY,9,67.12,109.22,73.0,False,102
imsa,2025,Long Beach,Acura Grand Prix of Long Beach,race,647,89,GTD,Aaron Telitz,aaron telitz,40,2.0,13,88.19,30.241,32.891,25.058,,FCY,9,67.12,109.22,73.0,False,102
imsa,2025,Long Beach,Acura Grand Prix of Long Beach,race,647,89,GTD,Aaron Telitz,aaron telitz,41,2.0,14,100.986,28.174,39.926,32.886,,FCY,9,67.12,109.4,73.0,False,102
imsa,2025,Long Beach,Acura Grand Prix of Long Beach,race,647,89,GTD,Aaron Telitz,aaron telitz,42,2.0,15,121.977,34.67,53.548,33.759,,FCY,9,66.94,109.04,73.0,False,102
imsa,2025,Long Beach,Acura Grand Prix of Long Beach,race,647,89,GTD,Aaron Telitz,aaron telitz,43,2.0,16,114.616,44.795,44.374,25.447,,GF,9,66.94,109.04,73.0,False,102
imsa,2025,Long Beach,Acura Grand Prix of Long Beach,race,647,89,GTD,Aaron Telitz,aaron telitz,44,2.0,17,80.654,26.471,30.282,23.901,,GF,10,66.94,108.86,73.0,False,102
imsa,2025,Long Beach,Acura Grand Prix of Long Beach,race,647,89,GTD,Aaron Telitz,aaron telitz,45,2.0,18,79.598,26.144,29.973,23.481,,GF,11,66.94,108.86,73.0,False,102
imsa,2025,Long Beach,Acura Grand Prix of Long Beach,race,647,89,GTD,Aaron Telitz,aaron telitz,46,2.0,19,79.594,26.074,29.898,23.622,,GF,12,66.94,108.86,73.0,False,102
imsa,2025,Long Beach,Acura Grand Prix of Long Beach,race,647,89,GTD,Aaron Telitz,aaron telitz,47,2.0,20,79.122,25.957,29.791,23.374,,GF,13,66.94,108.68,73.0,False,102
imsa,2025,Long Beach,Acura Grand Prix of Long Beach,race,647,89,GTD,Aaron Telitz,aaron telitz,48,2.0,21,78.88,25.884,29.634,23.362,,GF,14,67.01,108.68,73.0,False,102
imsa,2025,Long Beach,Acura Grand Prix of Long Beach,race,647,89,GTD,Aaron Telitz,aaron telitz,49,2.0,22,79.047,25.867,29.691,23.489,,GF,15,67.01,108.68,73.0,False,102
imsa,2025,Long Beach,Acura Grand Prix of Long Beach,race,647,89,GTD,Aaron Telitz,aaron telitz,50,2.0,23,79.152,25.978,29.668,23.506,,GF,16,67.01,108.86,73.0,False,102
imsa,2025,Long Beach,Acura Grand Prix of Long Beach,race,647,89,GTD,Aaron Telitz,aaron telitz,51,2.0,24,78.865,25.803,29.696,23.366,,GF,17,67.01,108.86,73.0,False,102
imsa,2025,Long Beach,Acura Grand Prix of Long Beach,race,647,89,GTD,Aaron Telitz,aaron telitz,52,2.0,25,79.192,25.834,29.866,23.492,,GF,18,67.01,108.86,73.0,False,102
imsa,2025,Long Beach,Acura Grand Prix of Long Beach,race,647,89,GTD,Aaron Telitz,aaron telitz,53,2.0,26,78.981,25.803,29.728,23.45,,GF,19,67.01,108.68,73.0,False,102
imsa,2025,Long Beach,Acura Grand Prix of Long Beach,race,647,89,GTD,Aaron Telitz,aaron telitz,54,2.0,27,78.83,25.763,29.677,23.39,,GF,20,67.01,108.86,73.0,False,102
imsa,2025,Long Beach,Acura Grand Prix of Long Beach,race,647,89,GTD,Aaron Telitz,aaron telitz,55,2.0,28,79.469,25.866,29.843,23.76,,GF,21,67.73,108.86,72.0,False,102
imsa,2025,Long Beach,Acura Grand Prix of Long Beach,race,647,89,GTD,Aaron Telitz,aaron telitz,56,2.0,29,80.308,26.662,29.947,23.699,,GF,22,67.73,109.22,72.0,False,102
imsa,2025,Long Beach,Acura Grand Prix of Long Beach,race,647,89,GTD,Aaron Telitz,aaron telitz,57,2.0,30,79.965,26.215,30.203,23.547,,GF,23,67.73,109.22,72.0,False,102
imsa,2025,Long Beach,Acura Grand Prix of Long Beach,race,647,89,GTD,Aaron Telitz,aaron telitz,58,2.0,31,79.198,25.919,29.794,23.485,,GF,24,67.73,109.22,72.0,False,102
imsa,2025,Long Beach,Acura Grand Prix of Long Beach,race,647,89,GTD,Aaron Telitz,aaron telitz,59,2.0,32,79.834,25.817,30.557,23.46,,GF,25,67.73,108.86,72.0,False,102
imsa,2025,Long Beach,Acura Grand Prix of Long Beach,race,647,89,GTD,Aaron Telitz,aaron telitz,60,2.0,33,79.53,26.236,29.87,23.424,,GF,26,67.73,108.86,72.0,False,102
imsa,2025,Long Beach,Acura Grand Prix of Long Beach,race,647,89,GTD,Aaron Telitz,aaron telitz,61,2.0,34,79.559,26.074,29.85,23.635,,GF,27,67.73,109.04,72.0,False,102
imsa,2025,Long Beach,Acura Grand Prix of Long Beach,race,647,89,GTD,Aaron Telitz,aaron telitz,62,2.0,35,79.342,26.218,29.659,23.465,,GF,28,67.53,109.22,72.0,False,102
imsa,2025,Long Beach,Acura Grand Prix of Long Beach,race,647,89,GTD,Aaron Telitz,aaron telitz,63,2.0,36,79.617,26.012,29.891,23.714,,GF,29,67.53,109.22,72.0,False,102
imsa,2025,Long Beach,Acura Grand Prix of Long Beach,race,647,89,GTD,Aaron Telitz,aaron telitz,64,2.0,37,79.539,26.112,29.925,23.502,,GF,30,67.53,109.22,72.0,False,102
imsa,2025,Long Beach,Acura Grand Prix of Long Beach,race,647,89,GTD,Aaron Telitz,aaron telitz,65,2.0,38,79.15,25.88,29.695,23.575,,GF,31,67.53,109.4,72.0,False,102
imsa,2025,Long Beach,Acura Grand Prix of Long Beach,race,647,89,GTD,Aaron Telitz,aaron telitz,66,2.0,39,79.023,25.929,29.64,23.454,,GF,32,67.53,109.4,72.0,False,102
imsa,2025,Long Beach,Acura Grand Prix of Long Beach,race,647,89,GTD,Aaron Telitz,aaron telitz,67,2.0,40,79.004,25.836,29.721,23.447,,GF,33,67.53,109.4,72.0,False,102
imsa,2025,Long Beach,Acura Grand Prix of Long Beach,race,647,89,GTD,Aaron Telitz,aaron telitz,68,2.0,41,79.568,25.995,29.773,23.8,,GF,34,67.53,109.4,72.0,False,102
imsa,2025,Long Beach,Acura Grand Prix of Long Beach,race,647,89,GTD,Aaron Telitz,aaron telitz,69,2.0,42,79.727,26.18,29.954,23.593,,GF,35,67.53,109.58,72.0,False,102
imsa,2025,Long Beach,Acura Grand Prix of Long Beach,race,647,89,GTD,Aaron Telitz,aaron telitz,70,2.0,43,79.387,25.945,29.705,23.737,,GF,36,67.15,109.58,73.0,False,102
imsa,2025,Long Beach,Acura Grand Prix of Long Beach,race,647,89,GTD,Aaron Telitz,aaron telitz,71,2.0,44,79.532,26.183,29.76,23.589,,FF,37,67.15,109.58,73.0,False,102
imsa,2025,Long Beach,Acura Grand Prix of Long Beach,race,647,96,GTD,Patrick Gallagher,patrick gallagher,1,1.0,0,88.69,33.282,31.23,24.178,,GF,0,65.61,106.52,76.0,False,102
imsa,2025,Long Beach,Acura Grand Prix of Long Beach,race,647,96,GTD,Patrick Gallagher,patrick gallagher,2,1.0,1,80.729,26.558,30.416,23.755,,GF,0,66.13,106.52,74.0,False,102
imsa,2025,Long Beach,Acura Grand Prix of Long Beach,race,647,96,GTD,Patrick Gallagher,patrick gallagher,3,1.0,2,80.223,26.303,30.239,23.681,,GF,1,66.13,106.7,74.0,False,102
imsa,2025,Long Beach,Acura Grand Prix of Long Beach,race,647,96,GTD,Patrick Gallagher,patrick gallagher,4,1.0,3,79.693,26.09,30.14,23.463,,GF,2,66.13,106.7,74.0,False,102
imsa,2025,Long Beach,Acura Grand Prix of Long Beach,race,647,96,GTD,Patrick Gallagher,patrick gallagher,5,1.0,4,79.68,26.039,30.151,23.49,,GF,3,66.13,106.88,74.0,False,102
imsa,2025,Long Beach,Acura Grand Prix of Long Beach,race,647,96,GTD,Patrick Gallagher,patrick gallagher,6,1.0,5,79.686,26.028,30.141,23.517,,GF,4,66.13,106.88,74.0,False,102
imsa,2025,Long Beach,Acura Grand Prix of Long Beach,race,647,96,GTD,Patrick Gallagher,patrick gallagher,7,1.0,6,79.552,26.003,30.115,23.434,,GF,5,66.18,107.24,74.0,False,102
imsa,2025,Long Beach,Acura Grand Prix of Long Beach,race,647,96,GTD,Patrick Gallagher,patrick gallagher,8,1.0,7,79.642,26.067,30.072,23.503,,GF,6,66.18,107.24,74.0,False,102
imsa,2025,Long Beach,Acura Grand Prix of Long Beach,race,647,96,GTD,Patrick Gallagher,patrick gallagher,9,1.0,8,79.55,25.965,30.077,23.508,,GF,7,66.18,107.42,74.0,False,102
imsa,2025,Long Beach,Acura Grand Prix of Long Beach,race,647,96,GTD,Patrick Gallagher,patrick gallagher,10,1.0,9,79.846,26.149,30.145,23.552,,GF,8,66.18,107.6,74.0,False,102
imsa,2025,Long Beach,Acura Grand Prix of Long Beach,race,647,96,GTD,Patrick Gallagher,patrick gallagher,11,1.0,10,79.551,26.017,30.072,23.462,,GF,9,66.18,107.6,74.0,False,102
imsa,2025,Long Beach,Acura Grand Prix of Long Beach,race,647,96,GTD,Patrick Gallagher,patrick gallagher,12,1.0,11,81.147,26.155,30.653,24.339,,GF,10,66.18,107.78,74.0,False,102
imsa,2025,Long Beach,Acura Grand Prix of Long Beach,race,647,96,GTD,Patrick Gallagher,patrick gallagher,13,1.0,12,79.877,26.088,30.152,23.637,,GF,11,66.18,108.32,74.0,False,102
imsa,2025,Long Beach,Acura Grand Prix of Long Beach,race,647,96,GTD,Patrick Gallagher,patrick gallagher,14,1.0,13,81.049,26.757,30.593,23.699,,GF,12,66.18,108.5,74.0,False,102
imsa,2025,Long Beach,Acura Grand Prix of Long Beach,race,647,96,GTD,Patrick Gallagher,patrick gallagher,15,1.0,14,80.111,26.414,30.125,23.572,,GF,13,66.54,108.68,74.0,False,102
imsa,2025,Long Beach,Acura Grand Prix of Long Beach,race,647,96,GTD,Patrick Gallagher,patrick gallagher,16,1.0,15,92.152,26.116,36.229,29.807,,FCY,14,66.54,108.68,74.0,False,102
imsa,2025,Long Beach,Acura Grand Prix of Long Beach,race,647,96,GTD,Patrick Gallagher,patrick gallagher,17,1.0,16,101.861,35.177,37.908,28.776,,FCY,14,66.54,109.22,74.0,False,102
imsa,2025,Long Beach,Acura Grand Prix of Long Beach,race,647,96,GTD,Patrick Gallagher,patrick gallagher,18,1.0,17,109.171,34.035,39.724,35.412,,FCY,14,66.54,109.22,74.0,False,102
imsa,2025,Long Beach,Acura Grand Prix of Long Beach,race,647,96,GTD,Patrick Gallagher,patrick gallagher,19,1.0,18,116.401,38.511,39.887,38.003,,FCY,14,66.54,109.4,74.0,False,102
imsa,2025,Long Beach,Acura Grand Prix of Long Beach,race,647,96,GTD,Patrick Gallagher,patrick gallagher,20,1.0,19,124.404,38.71,46.169,39.525,,FCY,14,66.54,109.4,74.0,False,102
imsa,2025,Long Beach,Acura Grand Prix of Long Beach,race,647,96,GTD,Patrick Gallagher,patrick gallagher,21,1.0,20,123.368,46.243,51.226,25.899,,GF,14,66.36,109.58,74.0,False,102
imsa,2025,Long Beach,Acura Grand Prix of Long Beach,race,647,96,GTD,Patrick Gallagher,patrick gallagher,22,1.0,21,81.068,26.78,30.656,23.632,,GF,15,66.36,109.58,74.0,False,102
imsa,2025,Long Beach,Acura Grand Prix of Long Beach,race,647,96,GTD,Patrick Gallagher,patrick gallagher,23,1.0,22,80.049,26.16,30.244,23.645,,GF,16,66.36,109.58,74.0,False,102
imsa,2025,Long Beach,Acura Grand Prix of Long Beach,race,647,96,GTD,Patrick Gallagher,patrick gallagher,24,1.0,23,91.023,26.202,30.065,34.756,,GF,17,66.36,109.76,74.0,False,102
imsa,2025,Long Beach,Acura Grand Prix of Long Beach,race,647,96,GTD,Robby Foley,robby foley,25,2.0,0,126.023,70.777,31.336,23.91,62.141,GF,0,66.36,109.76,74.0,False,102
imsa,2025,Long Beach,Acura Grand Prix of Long Beach,race,647,96,GTD,Robby Foley,robby foley,26,2.0,1,80.107,26.213,30.341,23.553,,GF,0,66.36,109.76,74.0,False,102
imsa,2025,Long Beach,Acura Grand Prix of Long Beach,race,647,96,GTD,Robby Foley,robby foley,27,2.0,2,80.655,26.583,30.534,23.538,,GF,1,66.56,109.94,74.0,False,102
imsa,2025,Long Beach,Acura Grand Prix of Long Beach,race,647,96,GTD,Robby Foley,robby foley,28,2.0,3,79.718,26.177,30.105,23.436,,GF,2,66.56,109.94,74.0,False,102
imsa,2025,Long Beach,Acura Grand Prix of Long Beach,race,647,96,GTD,Robby Foley,robby foley,29,2.0,4,79.491,26.028,30.082,23.381,,GF,3,66.56,109.58,74.0,False,102
imsa,2025,Long Beach,Acura Grand Prix of Long Beach,race,647,96,GTD,Robby Foley,robby foley,30,2.0,5,79.415,26.017,29.925,23.473,,GF,4,66.56,109.76,74.0,False,102
imsa,2025,Long Beach,Acura Grand Prix of Long Beach,race,647,96,GTD,Robby Foley,robby foley,31,2.0,6,79.722,26.103,30.01,23.609,,GF,5,66.56,109.94,74.0,False,102
imsa,2025,Long Beach,Acura Grand Prix of Long Beach,race,647,96,GTD,Robby Foley,robby foley,32,2.0,7,79.711,26.081,30.129,23.501,,GF,6,66.56,110.12,74.0,False,102
imsa,2025,Long Beach,Acura Grand Prix of Long Beach,race,647,96,GTD,Robby Foley,robby foley,33,2.0,8,79.414,25.968,30.007,23.439,,GF,7,66.56,109.94,74.0,False,102
imsa,2025,Long Beach,Acura Grand Prix of Long Beach,race,647,96,GTD,Robby Foley,robby foley,34,2.0,9,79.684,26.104,30.031,23.549,,GF,8,66.56,109.94,74.0,False,102
imsa,2025,Long Beach,Acura Grand Prix of Long Beach,race,647,96,GTD,Robby Foley,robby foley,35,2.0,10,79.65,26.079,30.083,23.488,,GF,9,67.12,109.58,73.0,False,102
imsa,2025,Long Beach,Acura Grand Prix of Long Beach,race,647,96,GTD,Robby Foley,robby foley,36,2.0,11,79.621,26.06,30.062,23.499,,GF,10,67.12,109.4,73.0,False,102
imsa,2025,Long Beach,Acura Grand Prix of Long Beach,race,647,96,GTD,Robby Foley,robby foley,37,2.0,12,80.711,26.105,30.127,24.479,,FCY,11,67.12,109.4,73.0,False,102
imsa,2025,Long Beach,Acura Grand Prix of Long Beach,race,647,96,GTD,Robby Foley,robby foley,38,2.0,13,121.781,39.532,53.137,29.112,,FCY,11,67.12,109.22,73.0,False,102
imsa,2025,Long Beach,Acura Grand Prix of Long Beach,race,647,96,GTD,Robby Foley,robby foley,39,2.0,14,84.104,27.959,31.405,24.74,,FCY,11,67.12,109.22,73.0,False,102
imsa,2025,Long Beach,Acura Grand Prix of Long Beach,race,647,96,GTD,Robby Foley,robby foley,40,2.0,15,84.932,29.592,31.165,24.175,,FCY,11,67.12,109.22,73.0,False,102
imsa,2025,Long Beach,Acura Grand Prix of Long Beach,race,647,96,GTD,Robby Foley,robby foley,41,2.0,16,98.324,26.738,38.008,33.578,,FCY,11,66.94,109.4,73.0,False,102
imsa,2025,Long Beach,Acura Grand Prix of Long Beach,race,647,96,GTD,Robby Foley,robby foley,42,2.0,17,120.258,33.441,52.935,33.882,,FCY,11,66.94,109.04,73.0,False,102
imsa,2025,Long Beach,Acura Grand Prix of Long Beach,race,647,96,GTD,Robby Foley,robby foley,43,2.0,18,113.737,44.261,44.456,25.02,,GF,11,66.94,109.04,73.0,False,102
imsa,2025,Long Beach,Acura Grand Prix of Long Beach,race,647,96,GTD,Robby Foley,robby foley,44,2.0,19,80.561,26.503,30.263,23.795,,GF,12,66.94,108.86,73.0,False,102
imsa,2025,Long Beach,Acura Grand Prix of Long Beach,race,647,96,GTD,Robby Foley,robby foley,45,2.0,20,79.934,26.277,30.138,23.519,,GF,13,66.94,108.86,73.0,False,102
imsa,2025,Long Beach,Acura Grand Prix of Long Beach,race,647,96,GTD,Robby Foley,robby foley,46,2.0,21,79.59,26.133,29.998,23.459,,GF,14,66.94,108.86,73.0,False,102
imsa,2025,Long Beach,Acura Grand Prix of Long Beach,race,647,96,GTD,Robby Foley,robby foley,47,2.0,22,79.614,26.127,30.039,23.448,,GF,15,66.94,108.68,73.0,False,102
imsa,2025,Long Beach,Acura Grand Prix of Long Beach,race,647,96,GTD,Robby Foley,robby foley,48,2.0,23,79.538,26.058,29.97,23.51,,GF,16,67.01,108.68,73.0,False,102
imsa,2025,Long Beach,Acura Grand Prix of Long Beach,race,647,96,GTD,Robby Foley,robby foley,49,2.0,24,80.749,27.07,30.066,23.613,,GF,17,67.01,108.68,73.0,False,102
imsa,2025,Long Beach,Acura Grand Prix of Long Beach,race,647,96,GTD,Robby Foley,robby foley,50,2.0,25,79.555,26.063,30.038,23.454,,GF,18,67.01,108.86,73.0,False,102
imsa,2025,Long Beach,Acura Grand Prix of Long Beach,race,647,96,GTD,Robby Foley,robby foley,51,2.0,26,79.472,26.103,29.962,23.407,,GF,19,67.01,108.86,73.0,False,102
imsa,2025,Long Beach,Acura Grand Prix of Long Beach,race,647,96,GTD,Robby Foley,robby foley,52,2.0,27,79.522,26.039,30.017,23.466,,GF,20,67.01,108.86,73.0,False,102
imsa,2025,Long Beach,Acura Grand Prix of Long Beach,race,647,96,GTD,Robby Foley,robby foley,53,2.0,28,79.658,26.111,30.051,23.496,,GF,21,67.01,108.68,73.0,False,102
imsa,2025,Long Beach,Acura Grand Prix of Long Beach,race,647,96,GTD,Robby Foley,robby foley,54,2.0,29,80.123,26.363,30.242,23.518,,GF,22,67.01,108.86,73.0,False,102
imsa,2025,Long Beach,Acura Grand Prix of Long Beach,race,647,96,GTD,Robby Foley,robby foley,55,2.0,30,81.722,26.085,30.86,24.777,,GF,23,67.73,108.86,72.0,False,102
imsa,2025,Long Beach,Acura Grand Prix of Long Beach,race,647,96,GTD,Robby Foley,robby foley,56,2.0,31,80.156,26.328,30.225,23.603,,GF,24,67.73,109.22,72.0,False,102
imsa,2025,Long Beach,Acura Grand Prix of Long Beach,race,647,96,GTD,Robby Foley,robby foley,57,2.0,32,80.194,26.234,30.393,23.567,,GF,25,67.73,109.22,72.0,False,102
imsa,2025,Long Beach,Acura Grand Prix of Long Beach,race,647,96,GTD,Robby Foley,robby foley,58,2.0,33,79.551,26.169,29.966,23.416,,GF,26,67.73,109.22,72.0,False,102
imsa,2025,Long Beach,Acura Grand Prix of Long Beach,race,647,96,GTD,Robby Foley,robby foley,59,2.0,34,80.738,26.954,30.199,23.585,,GF,27,67.73,108.86,72.0,False,102
imsa,2025,Long Beach,Acura Grand Prix of Long Beach,race,647,96,GTD,Robby Foley,robby foley,60,2.0,35,79.753,26.146,30.045,23.562,,GF,28,67.73,108.86,72.0,False,102
imsa,2025,Long Beach,Acura Grand Prix of Long Beach,race,647,96,GTD,Robby Foley,robby foley,61,2.0,36,80.014,26.405,30.067,23.542,,GF,29,67.73,109.04,72.0,False,102
imsa,2025,Long Beach,Acura Grand Prix of Long Beach,race,647,96,GTD,Robby Foley,robby foley,62,2.0,37,79.76,26.214,30.111,23.435,,GF,30,67.53,109.22,72.0,False,102
imsa,2025,Long Beach,Acura Grand Prix of Long Beach,race,647,96,GTD,Robby Foley,robby foley,63,2.0,38,79.821,26.226,30.103,23.492,,GF,31,67.53,109.22,72.0,False,102
imsa,2025,Long Beach,Acura Grand Prix of Long Beach,race,647,96,GTD,Robby Foley,robby foley,64,2.0,39,79.674,26.163,30.092,23.419,,GF,32,67.53,109.22,72.0,False,102
imsa,2025,Long Beach,Acura Grand Prix of Long Beach,race,647,96,GTD,Robby Foley,robby foley,65,2.0,40,79.523,26.051,30.011,23.461,,GF,33,67.53,109.4,72.0,False,102
imsa,2025,Long Beach,Acura Grand Prix of Long Beach,race,647,96,GTD,Robby Foley,robby foley,66,2.0,41,80.18,26.413,30.281,23.486,,GF,34,67.53,109.4,72.0,False,102
imsa,2025,Long Beach,Acura Grand Prix of Long Beach,race,647,96,GTD,Robby Foley,robby foley,67,2.0,42,80.091,26.284,30.368,23.439,,GF,35,67.53,109.4,72.0,False,102
imsa,2025,Long Beach,Acura Grand Prix of Long Beach,race,647,96,GTD,Robby Foley,robby foley,68,2.0,43,80.169,26.358,30.343,23.468,,GF,36,67.53,109.4,72.0,False,102
imsa,2025,Long Beach,Acura Grand Prix of Long Beach,race,647,96,GTD,Robby Foley,robby foley,69,2.0,44,79.728,26.155,30.067,23.506,,GF,37,67.53,109.58,72.0,False,102
imsa,2025,Long Beach,Acura Grand Prix of Long Beach,race,647,96,GTD,Robby Foley,robby foley,70,2.0,45,79.667,26.186,30.043,23.438,,GF,38,67.15,109.58,73.0,False,102
imsa,2025,Long Beach,Acura Grand Prix of Long Beach,race,647,96,GTD,Robby Foley,robby foley,71,2.0,46,79.925,26.139,30.163,23.623,,FF,39,67.15,109.58,73.0,False,102
