series_code,year,event,circuit_name,session,session_id,car,class,driver_name,driver_id,lap,stint_number,stint_lap,lap_time,lap_time_s1,lap_time_s2,lap_time_s3,pit_time,flags,est_tire_age,air_temp_f,track_temp_f,humidity_percent,raining,race_duration_minutes
imsa,2024,Sebring,Sebring International Raceway,race,609,1,GTDPRO,Madison Snow,madison snow,1,1.0,0,148.127,36.115,77.68,34.332,,GF,0,71.6,74.0,85.0,False,722
imsa,2024,Sebring,Sebring International Raceway,race,609,1,GTDPRO,Madison Snow,madison snow,2,1.0,1,122.397,11.684,76.504,34.209,,GF,0,71.9,75.0,85.0,False,722
imsa,2024,Sebring,Sebring International Raceway,race,609,1,GTDPRO,Madison Snow,madison snow,3,1.0,2,122.138,11.538,76.363,34.237,,GF,1,72.3,75.0,85.0,False,722
imsa,2024,Sebring,Sebring International Raceway,race,609,1,GTDPRO,Madison Snow,madison snow,4,1.0,3,122.119,11.531,76.354,34.234,,GF,2,72.5,75.0,84.0,False,722
imsa,2024,Sebring,Sebring International Raceway,race,609,1,GTDPRO,Madison Snow,madison snow,5,1.0,4,122.097,11.48,76.339,34.278,,GF,3,72.8,75.0,84.0,False,722
imsa,2024,Sebring,Sebring International Raceway,race,609,1,GTDPRO,Madison Snow,madison snow,6,1.0,5,121.931,11.509,76.349,34.073,,GF,4,73.1,75.0,83.0,False,722
imsa,2024,Sebring,Sebring International Raceway,race,609,1,GTDPRO,Madison Snow,madison snow,7,1.0,6,122.107,11.58,76.31,34.217,,GF,5,73.4,75.0,83.0,False,722
imsa,2024,Sebring,Sebring International Raceway,race,609,1,GTDPRO,Madison Snow,madison snow,8,1.0,7,122.293,11.599,76.561,34.133,,GF,6,73.4,75.0,83.0,False,722
imsa,2024,Sebring,Sebring International Raceway,race,609,1,GTDPRO,Madison Snow,madison snow,9,1.0,8,122.106,11.627,76.374,34.105,,GF,7,73.5,75.0,82.0,False,722
imsa,2024,Sebring,Sebring International Raceway,race,609,1,GTDPRO,Madison Snow,madison snow,10,1.0,9,123.405,11.565,77.655,34.185,,GF,8,73.7,75.0,82.0,False,722
imsa,2024,Sebring,Sebring International Raceway,race,609,1,GTDPRO,Madison Snow,madison snow,11,1.0,10,122.681,11.773,76.572,34.336,,GF,9,73.9,75.0,81.0,False,722
imsa,2024,Sebring,Sebring International Raceway,race,609,1,GTDPRO,Madison Snow,madison snow,12,1.0,11,122.054,11.559,76.264,34.231,,GF,10,74.0,75.0,81.0,False,722
imsa,2024,Sebring,Sebring International Raceway,race,609,1,GTDPRO,Madison Snow,madison snow,13,1.0,12,122.854,11.565,76.971,34.318,,GF,11,74.2,75.0,81.0,False,722
imsa,2024,Sebring,Sebring International Raceway,race,609,1,GTDPRO,Madison Snow,madison snow,14,1.0,13,122.452,11.603,76.395,34.454,,GF,12,74.4,75.0,80.0,False,722
imsa,2024,Sebring,Sebring International Raceway,race,609,1,GTDPRO,Madison Snow,madison snow,15,1.0,14,122.196,11.599,76.537,34.06,,GF,13,74.7,75.0,80.0,False,722
imsa,2024,Sebring,Sebring International Raceway,race,609,1,GTDPRO,Madison Snow,madison snow,16,1.0,15,122.012,11.547,76.36,34.105,,GF,14,74.7,75.0,80.0,False,722
imsa,2024,Sebring,Sebring International Raceway,race,609,1,GTDPRO,Madison Snow,madison snow,17,1.0,16,123.733,11.532,77.965,34.236,,GF,15,74.9,74.0,80.0,False,722
imsa,2024,Sebring,Sebring International Raceway,race,609,1,GTDPRO,Madison Snow,madison snow,18,1.0,17,124.214,11.6,78.022,34.592,,FCY,16,74.9,74.0,80.0,False,722
imsa,2024,Sebring,Sebring International Raceway,race,609,1,GTDPRO,Madison Snow,madison snow,19,1.0,18,157.74,14.235,98.482,45.023,,FCY,16,75.3,74.0,79.0,False,722
imsa,2024,Sebring,Sebring International Raceway,race,609,1,GTDPRO,Madison Snow,madison snow,20,1.0,19,151.051,14.773,93.607,42.671,,FCY,16,75.3,74.0,79.0,False,722
imsa,2024,Sebring,Sebring International Raceway,race,609,1,GTDPRO,Madison Snow,madison snow,21,1.0,20,215.017,18.541,133.523,62.953,,FCY,16,75.6,74.0,78.0,False,722
imsa,2024,Sebring,Sebring International Raceway,race,609,1,GTDPRO,Madison Snow,madison snow,22,1.0,21,187.751,14.169,109.003,64.579,,FCY,16,76.0,74.0,78.0,False,722
imsa,2024,Sebring,Sebring International Raceway,race,609,1,GTDPRO,Madison Snow,madison snow,23,1.0,22,217.113,71.983,86.839,58.291,71.341,FCY,0,76.3,74.0,78.0,False,722
imsa,2024,Sebring,Sebring International Raceway,race,609,1,GTDPRO,Madison Snow,madison snow,24,1.0,23,205.052,25.141,138.94,40.971,,GF,0,76.6,74.0,77.0,False,722
imsa,2024,Sebring,Sebring International Raceway,race,609,1,GTDPRO,Madison Snow,madison snow,25,1.0,24,123.544,11.78,77.315,34.449,,GF,1,76.6,74.0,77.0,False,722
imsa,2024,Sebring,Sebring International Raceway,race,609,1,GTDPRO,Madison Snow,madison snow,26,1.0,25,122.475,11.537,76.687,34.251,,GF,2,76.9,74.0,77.0,False,722
imsa,2024,Sebring,Sebring International Raceway,race,609,1,GTDPRO,Madison Snow,madison snow,27,1.0,26,122.485,11.522,76.597,34.366,,GF,3,76.9,74.0,76.0,False,722
imsa,2024,Sebring,Sebring International Raceway,race,609,1,GTDPRO,Madison Snow,madison snow,28,1.0,27,122.33,11.563,76.521,34.246,,GF,4,77.1,74.0,76.0,False,722
imsa,2024,Sebring,Sebring International Raceway,race,609,1,GTDPRO,Madison Snow,madison snow,29,1.0,28,122.706,11.64,76.773,34.293,,GF,5,77.3,74.0,76.0,False,722
imsa,2024,Sebring,Sebring International Raceway,race,609,1,GTDPRO,Madison Snow,madison snow,30,1.0,29,123.89,11.812,77.687,34.391,,GF,6,77.6,74.0,75.0,False,722
imsa,2024,Sebring,Sebring International Raceway,race,609,1,GTDPRO,Madison Snow,madison snow,31,1.0,30,122.771,11.568,76.998,34.205,,GF,7,77.9,75.0,75.0,False,722
imsa,2024,Sebring,Sebring International Raceway,race,609,1,GTDPRO,Madison Snow,madison snow,32,1.0,31,122.03,11.516,76.434,34.08,,GF,8,78.0,75.0,75.0,False,722
imsa,2024,Sebring,Sebring International Raceway,race,609,1,GTDPRO,Madison Snow,madison snow,33,1.0,32,122.25,11.539,76.53,34.181,,GF,9,78.2,75.0,75.0,False,722
imsa,2024,Sebring,Sebring International Raceway,race,609,1,GTDPRO,Madison Snow,madison snow,34,1.0,33,122.743,11.756,76.634,34.353,,GF,10,78.3,75.0,75.0,False,722
imsa,2024,Sebring,Sebring International Raceway,race,609,1,GTDPRO,Madison Snow,madison snow,35,1.0,34,122.645,11.605,76.722,34.318,,GF,11,78.4,75.0,74.0,False,722
imsa,2024,Sebring,Sebring International Raceway,race,609,1,GTDPRO,Madison Snow,madison snow,36,1.0,35,122.546,11.558,76.76,34.228,,GF,12,78.2,75.0,74.0,False,722
imsa,2024,Sebring,Sebring International Raceway,race,609,1,GTDPRO,Madison Snow,madison snow,37,1.0,36,122.224,11.573,76.453,34.198,,GF,13,78.1,74.0,74.0,False,722
imsa,2024,Sebring,Sebring International Raceway,race,609,1,GTDPRO,Madison Snow,madison snow,38,1.0,37,122.29,11.601,76.518,34.171,,GF,14,78.0,74.0,74.0,False,722
imsa,2024,Sebring,Sebring International Raceway,race,609,1,GTDPRO,Madison Snow,madison snow,39,1.0,38,122.072,11.523,76.395,34.154,,GF,15,78.0,74.0,74.0,False,722
imsa,2024,Sebring,Sebring International Raceway,race,609,1,GTDPRO,Madison Snow,madison snow,40,1.0,39,122.208,11.525,76.486,34.197,,GF,16,78.0,74.0,74.0,False,722
imsa,2024,Sebring,Sebring International Raceway,race,609,1,GTDPRO,Madison Snow,madison snow,41,1.0,40,122.146,11.577,76.417,34.152,,GF,17,78.0,74.0,74.0,False,722
imsa,2024,Sebring,Sebring International Raceway,race,609,1,GTDPRO,Madison Snow,madison snow,42,1.0,41,123.092,11.638,77.417,34.037,,GF,18,77.9,74.0,74.0,False,722
imsa,2024,Sebring,Sebring International Raceway,race,609,1,GTDPRO,Madison Snow,madison snow,43,1.0,42,122.115,11.519,76.42,34.176,,GF,19,77.8,74.0,75.0,False,722
imsa,2024,Sebring,Sebring International Raceway,race,609,1,GTDPRO,Madison Snow,madison snow,44,1.0,43,122.566,11.635,76.608,34.323,,GF,20,78.1,74.0,75.0,False,722
imsa,2024,Sebring,Sebring International Raceway,race,609,1,GTDPRO,Madison Snow,madison snow,45,1.0,44,123.494,11.703,77.602,34.189,,GF,21,78.6,75.0,74.0,False,722
imsa,2024,Sebring,Sebring International Raceway,race,609,1,GTDPRO,Madison Snow,madison snow,46,1.0,45,122.075,11.61,76.21,34.255,,GF,22,78.9,75.0,73.0,False,722
imsa,2024,Sebring,Sebring International Raceway,race,609,1,GTDPRO,Madison Snow,madison snow,47,1.0,46,122.829,11.556,76.768,34.505,,GF,23,78.8,75.0,73.0,False,722
imsa,2024,Sebring,Sebring International Raceway,race,609,1,GTDPRO,Madison Snow,madison snow,48,1.0,47,123.168,11.83,77.027,34.311,,GF,24,78.9,75.0,73.0,False,722
imsa,2024,Sebring,Sebring International Raceway,race,609,1,GTDPRO,Madison Snow,madison snow,49,1.0,48,122.532,11.694,76.601,34.237,,GF,25,79.0,75.0,73.0,False,722
imsa,2024,Sebring,Sebring International Raceway,race,609,1,GTDPRO,Madison Snow,madison snow,50,1.0,49,122.376,11.694,76.561,34.121,,GF,26,79.1,75.0,72.0,False,722
imsa,2024,Sebring,Sebring International Raceway,race,609,1,GTDPRO,Madison Snow,madison snow,51,1.0,50,122.287,11.582,76.501,34.204,,GF,27,79.1,75.0,72.0,False,722
imsa,2024,Sebring,Sebring International Raceway,race,609,1,GTDPRO,Madison Snow,madison snow,52,1.0,51,138.156,11.638,85.813,40.705,,FCY,28,79.0,75.0,72.0,False,722
imsa,2024,Sebring,Sebring International Raceway,race,609,1,GTDPRO,Madison Snow,madison snow,53,1.0,52,234.195,15.432,152.935,65.828,,FCY,28,79.1,75.0,72.0,False,722
imsa,2024,Sebring,Sebring International Raceway,race,609,1,GTDPRO,Madison Snow,madison snow,54,1.0,53,206.525,17.558,129.469,59.498,,FCY,28,79.2,75.0,72.0,False,722
imsa,2024,Sebring,Sebring International Raceway,race,609,1,GTDPRO,Neil Verhagen,neil verhagen,55,2.0,0,226.437,76.963,93.973,55.501,75.275,FCY,0,79.4,75.0,71.0,False,722
imsa,2024,Sebring,Sebring International Raceway,race,609,1,GTDPRO,Neil Verhagen,neil verhagen,56,2.0,1,202.792,27.473,133.477,41.842,,GF,0,79.6,75.0,71.0,False,722
imsa,2024,Sebring,Sebring International Raceway,race,609,1,GTDPRO,Neil Verhagen,neil verhagen,57,2.0,2,123.454,11.76,77.172,34.522,,GF,1,79.5,75.0,71.0,False,722
imsa,2024,Sebring,Sebring International Raceway,race,609,1,GTDPRO,Neil Verhagen,neil verhagen,58,2.0,3,122.746,11.714,76.857,34.175,,GF,2,79.5,75.0,71.0,False,722
imsa,2024,Sebring,Sebring International Raceway,race,609,1,GTDPRO,Neil Verhagen,neil verhagen,59,2.0,4,122.567,11.658,76.776,34.133,,GF,3,79.5,75.0,71.0,False,722
imsa,2024,Sebring,Sebring International Raceway,race,609,1,GTDPRO,Neil Verhagen,neil verhagen,60,2.0,5,122.73,11.727,76.8,34.203,,GF,4,79.6,75.0,71.0,False,722
imsa,2024,Sebring,Sebring International Raceway,race,609,1,GTDPRO,Neil Verhagen,neil verhagen,61,2.0,6,122.047,11.573,76.353,34.121,,GF,5,79.7,75.0,71.0,False,722
imsa,2024,Sebring,Sebring International Raceway,race,609,1,GTDPRO,Neil Verhagen,neil verhagen,62,2.0,7,122.143,11.545,76.497,34.101,,GF,6,79.9,75.0,71.0,False,722
imsa,2024,Sebring,Sebring International Raceway,race,609,1,GTDPRO,Neil Verhagen,neil verhagen,63,2.0,8,122.308,11.602,76.571,34.135,,GF,7,80.0,75.0,70.0,False,722
imsa,2024,Sebring,Sebring International Raceway,race,609,1,GTDPRO,Neil Verhagen,neil verhagen,64,2.0,9,123.059,11.665,77.052,34.342,,GF,8,80.0,75.0,70.0,False,722
imsa,2024,Sebring,Sebring International Raceway,race,609,1,GTDPRO,Neil Verhagen,neil verhagen,65,2.0,10,123.527,12.02,77.199,34.308,,GF,9,80.1,75.0,70.0,False,722
imsa,2024,Sebring,Sebring International Raceway,race,609,1,GTDPRO,Neil Verhagen,neil verhagen,66,2.0,11,122.973,11.707,77.156,34.11,,GF,10,80.1,75.0,70.0,False,722
imsa,2024,Sebring,Sebring International Raceway,race,609,1,GTDPRO,Neil Verhagen,neil verhagen,67,2.0,12,123.484,11.531,77.791,34.162,,GF,11,80.2,75.0,70.0,False,722
imsa,2024,Sebring,Sebring International Raceway,race,609,1,GTDPRO,Neil Verhagen,neil verhagen,68,2.0,13,123.35,11.711,77.211,34.428,,GF,12,80.2,75.0,70.0,False,722
imsa,2024,Sebring,Sebring International Raceway,race,609,1,GTDPRO,Neil Verhagen,neil verhagen,69,2.0,14,122.078,11.658,76.362,34.058,,GF,13,80.1,75.0,70.0,False,722
imsa,2024,Sebring,Sebring International Raceway,race,609,1,GTDPRO,Neil Verhagen,neil verhagen,70,2.0,15,122.804,11.588,76.99,34.226,,GF,14,80.1,75.0,70.0,False,722
imsa,2024,Sebring,Sebring International Raceway,race,609,1,GTDPRO,Neil Verhagen,neil verhagen,71,2.0,16,123.875,11.953,77.472,34.45,,GF,15,80.0,75.0,69.0,False,722
imsa,2024,Sebring,Sebring International Raceway,race,609,1,GTDPRO,Neil Verhagen,neil verhagen,72,2.0,17,122.315,11.619,76.669,34.027,,GF,16,79.8,75.0,70.0,False,722
imsa,2024,Sebring,Sebring International Raceway,race,609,1,GTDPRO,Neil Verhagen,neil verhagen,73,2.0,18,122.236,11.586,76.546,34.104,,GF,17,79.8,75.0,71.0,False,722
imsa,2024,Sebring,Sebring International Raceway,race,609,1,GTDPRO,Neil Verhagen,neil verhagen,74,2.0,19,122.188,11.543,76.513,34.132,,GF,18,79.8,75.0,70.0,False,722
imsa,2024,Sebring,Sebring International Raceway,race,609,1,GTDPRO,Neil Verhagen,neil verhagen,75,2.0,20,124.293,11.718,76.544,36.031,,FCY,19,79.9,76.0,71.0,False,722
imsa,2024,Sebring,Sebring International Raceway,race,609,1,GTDPRO,Neil Verhagen,neil verhagen,76,2.0,21,204.157,15.356,150.79,38.011,,FCY,19,80.2,76.0,70.0,False,722
imsa,2024,Sebring,Sebring International Raceway,race,609,1,GTDPRO,Neil Verhagen,neil verhagen,77,2.0,22,130.835,12.976,82.256,35.603,,FCY,19,80.3,76.0,69.0,False,722
imsa,2024,Sebring,Sebring International Raceway,race,609,1,GTDPRO,Neil Verhagen,neil verhagen,78,2.0,23,142.975,12.174,82.077,48.724,,FCY,19,80.3,76.0,70.0,False,722
imsa,2024,Sebring,Sebring International Raceway,race,609,1,GTDPRO,Neil Verhagen,neil verhagen,79,2.0,24,181.924,12.399,107.644,61.881,,FCY,19,80.6,76.0,69.0,False,722
imsa,2024,Sebring,Sebring International Raceway,race,609,1,GTDPRO,Neil Verhagen,neil verhagen,80,2.0,25,207.959,68.401,90.647,48.911,67.445,FCY,0,80.7,76.0,69.0,False,722
imsa,2024,Sebring,Sebring International Raceway,race,609,1,GTDPRO,Neil Verhagen,neil verhagen,81,2.0,26,209.064,20.275,121.535,67.254,,FCY,0,81.0,76.0,68.0,False,722
imsa,2024,Sebring,Sebring International Raceway,race,609,1,GTDPRO,Neil Verhagen,neil verhagen,82,2.0,27,191.133,31.505,116.345,43.283,,GF,0,81.2,77.0,67.0,False,722
imsa,2024,Sebring,Sebring International Raceway,race,609,1,GTDPRO,Neil Verhagen,neil verhagen,83,2.0,28,123.865,11.712,77.69,34.463,,GF,1,81.4,78.0,67.0,False,722
imsa,2024,Sebring,Sebring International Raceway,race,609,1,GTDPRO,Neil Verhagen,neil verhagen,84,2.0,29,123.072,11.643,77.085,34.344,,GF,2,81.6,79.0,67.0,False,722
imsa,2024,Sebring,Sebring International Raceway,race,609,1,GTDPRO,Neil Verhagen,neil verhagen,85,2.0,30,122.751,11.611,76.884,34.256,,GF,3,81.8,80.0,67.0,False,722
imsa,2024,Sebring,Sebring International Raceway,race,609,1,GTDPRO,Neil Verhagen,neil verhagen,86,2.0,31,122.684,11.62,76.811,34.253,,GF,4,82.0,81.0,66.0,False,722
imsa,2024,Sebring,Sebring International Raceway,race,609,1,GTDPRO,Neil Verhagen,neil verhagen,87,2.0,32,122.384,11.57,76.647,34.167,,GF,5,82.2,82.0,65.0,False,722
imsa,2024,Sebring,Sebring International Raceway,race,609,1,GTDPRO,Neil Verhagen,neil verhagen,88,2.0,33,122.702,11.548,76.911,34.243,,GF,6,82.3,82.0,65.0,False,722
imsa,2024,Sebring,Sebring International Raceway,race,609,1,GTDPRO,Neil Verhagen,neil verhagen,89,2.0,34,122.423,11.491,76.69,34.242,,GF,7,82.4,82.0,65.0,False,722
imsa,2024,Sebring,Sebring International Raceway,race,609,1,GTDPRO,Neil Verhagen,neil verhagen,90,2.0,35,122.544,11.566,76.632,34.346,,GF,8,82.3,83.0,65.0,False,722
imsa,2024,Sebring,Sebring International Raceway,race,609,1,GTDPRO,Neil Verhagen,neil verhagen,91,2.0,36,122.798,11.473,76.73,34.595,,GF,9,82.3,84.0,65.0,False,722
imsa,2024,Sebring,Sebring International Raceway,race,609,1,GTDPRO,Neil Verhagen,neil verhagen,92,2.0,37,123.304,11.653,77.242,34.409,,GF,10,82.2,84.0,65.0,False,722
imsa,2024,Sebring,Sebring International Raceway,race,609,1,GTDPRO,Neil Verhagen,neil verhagen,93,2.0,38,123.282,11.564,77.417,34.301,,GF,11,82.2,84.0,66.0,False,722
imsa,2024,Sebring,Sebring International Raceway,race,609,1,GTDPRO,Neil Verhagen,neil verhagen,94,2.0,39,123.086,11.569,77.125,34.392,,GF,12,82.1,82.0,66.0,False,722
imsa,2024,Sebring,Sebring International Raceway,race,609,1,GTDPRO,Neil Verhagen,neil verhagen,95,2.0,40,123.283,11.602,77.279,34.402,,GF,13,81.9,81.0,66.0,False,722
imsa,2024,Sebring,Sebring International Raceway,race,609,1,GTDPRO,Neil Verhagen,neil verhagen,96,2.0,41,122.747,11.73,76.712,34.305,,GF,14,81.9,80.0,66.0,False,722
imsa,2024,Sebring,Sebring International Raceway,race,609,1,GTDPRO,Neil Verhagen,neil verhagen,97,2.0,42,123.034,11.607,77.067,34.36,,GF,15,82.2,80.0,66.0,False,722
imsa,2024,Sebring,Sebring International Raceway,race,609,1,GTDPRO,Neil Verhagen,neil verhagen,98,2.0,43,122.375,11.557,76.647,34.171,,GF,16,82.3,79.0,65.0,False,722
imsa,2024,Sebring,Sebring International Raceway,race,609,1,GTDPRO,Neil Verhagen,neil verhagen,99,2.0,44,122.647,11.563,76.89,34.194,,GF,17,82.1,79.0,65.0,False,722
imsa,2024,Sebring,Sebring International Raceway,race,609,1,GTDPRO,Neil Verhagen,neil verhagen,100,2.0,45,122.337,11.504,76.508,34.325,,GF,18,82.1,79.0,65.0,False,722
imsa,2024,Sebring,Sebring International Raceway,race,609,1,GTDPRO,Neil Verhagen,neil verhagen,101,2.0,46,122.572,11.456,76.944,34.172,,GF,19,82.0,78.0,65.0,False,722
imsa,2024,Sebring,Sebring International Raceway,race,609,1,GTDPRO,Neil Verhagen,neil verhagen,102,2.0,47,123.431,11.463,77.364,34.604,,GF,20,82.1,78.0,65.0,False,722
imsa,2024,Sebring,Sebring International Raceway,race,609,1,GTDPRO,Neil Verhagen,neil verhagen,103,2.0,48,122.803,11.499,76.924,34.38,,GF,21,82.2,78.0,65.0,False,722
imsa,2024,Sebring,Sebring International Raceway,race,609,1,GTDPRO,Neil Verhagen,neil verhagen,104,2.0,49,122.422,11.544,76.608,34.27,,GF,22,82.6,78.0,64.0,False,722
imsa,2024,Sebring,Sebring International Raceway,race,609,1,GTDPRO,Neil Verhagen,neil verhagen,105,2.0,50,124.728,11.588,78.095,35.045,,GF,23,83.0,78.0,64.0,False,722
imsa,2024,Sebring,Sebring International Raceway,race,609,1,GTDPRO,Neil Verhagen,neil verhagen,106,2.0,51,122.833,11.515,76.894,34.424,,GF,24,83.2,78.0,64.0,False,722
imsa,2024,Sebring,Sebring International Raceway,race,609,1,GTDPRO,Neil Verhagen,neil verhagen,107,2.0,52,138.124,11.533,82.802,43.789,,FCY,25,83.3,78.0,63.0,False,722
imsa,2024,Sebring,Sebring International Raceway,race,609,1,GTDPRO,Neil Verhagen,neil verhagen,108,2.0,53,190.508,12.928,107.749,69.831,,FCY,25,83.4,78.0,63.0,False,722
imsa,2024,Sebring,Sebring International Raceway,race,609,1,GTDPRO,Neil Verhagen,neil verhagen,109,2.0,54,222.868,24.576,143.488,54.804,,FCY,25,83.2,77.0,62.0,False,722
imsa,2024,Sebring,Sebring International Raceway,race,609,1,GTDPRO,Neil Verhagen,neil verhagen,110,2.0,55,198.603,15.422,120.669,62.512,,FCY,25,83.0,77.0,62.0,False,722
imsa,2024,Sebring,Sebring International Raceway,race,609,1,GTDPRO,Bryan Sellers,bryan sellers,111,3.0,0,212.027,73.831,82.848,55.348,73.937,FCY,0,83.1,77.0,63.0,False,722
imsa,2024,Sebring,Sebring International Raceway,race,609,1,GTDPRO,Bryan Sellers,bryan sellers,112,3.0,1,191.593,21.297,122.509,47.787,,GF,0,83.0,77.0,63.0,False,722
imsa,2024,Sebring,Sebring International Raceway,race,609,1,GTDPRO,Bryan Sellers,bryan sellers,113,3.0,2,123.523,11.748,77.321,34.454,,GF,1,83.0,77.0,63.0,False,722
imsa,2024,Sebring,Sebring International Raceway,race,609,1,GTDPRO,Bryan Sellers,bryan sellers,114,3.0,3,122.497,11.53,76.605,34.362,,GF,2,83.0,69.0,63.0,False,722
imsa,2024,Sebring,Sebring International Raceway,race,609,1,GTDPRO,Bryan Sellers,bryan sellers,115,3.0,4,137.59,11.776,84.928,40.886,,FCY,3,83.2,69.0,63.0,False,722
imsa,2024,Sebring,Sebring International Raceway,race,609,1,GTDPRO,Bryan Sellers,bryan sellers,116,3.0,5,168.002,13.298,107.837,46.867,,GF,3,83.3,71.0,63.0,False,722
imsa,2024,Sebring,Sebring International Raceway,race,609,1,GTDPRO,Bryan Sellers,bryan sellers,117,3.0,6,123.556,12.005,76.996,34.555,,GF,4,83.3,72.0,63.0,False,722
imsa,2024,Sebring,Sebring International Raceway,race,609,1,GTDPRO,Bryan Sellers,bryan sellers,118,3.0,7,123.038,11.536,76.941,34.561,,GF,5,83.2,73.0,63.0,False,722
imsa,2024,Sebring,Sebring International Raceway,race,609,1,GTDPRO,Bryan Sellers,bryan sellers,119,3.0,8,122.466,11.678,76.448,34.34,,GF,6,83.3,74.0,63.0,False,722
imsa,2024,Sebring,Sebring International Raceway,race,609,1,GTDPRO,Bryan Sellers,bryan sellers,120,3.0,9,122.127,11.555,76.23,34.342,,GF,7,83.8,74.0,62.0,False,722
imsa,2024,Sebring,Sebring International Raceway,race,609,1,GTDPRO,Bryan Sellers,bryan sellers,121,3.0,10,122.519,11.648,76.452,34.419,,GF,8,83.9,74.0,61.0,False,722
imsa,2024,Sebring,Sebring International Raceway,race,609,1,GTDPRO,Bryan Sellers,bryan sellers,122,3.0,11,122.387,11.595,76.555,34.237,,GF,9,84.3,74.0,61.0,False,722
imsa,2024,Sebring,Sebring International Raceway,race,609,1,GTDPRO,Bryan Sellers,bryan sellers,123,3.0,12,122.331,11.603,76.465,34.263,,GF,10,84.3,74.0,61.0,False,722
imsa,2024,Sebring,Sebring International Raceway,race,609,1,GTDPRO,Bryan Sellers,bryan sellers,124,3.0,13,122.253,11.585,76.293,34.375,,GF,11,84.6,74.0,61.0,False,722
imsa,2024,Sebring,Sebring International Raceway,race,609,1,GTDPRO,Bryan Sellers,bryan sellers,125,3.0,14,122.393,11.552,76.49,34.351,,GF,12,84.9,75.0,59.0,False,722
imsa,2024,Sebring,Sebring International Raceway,race,609,1,GTDPRO,Bryan Sellers,bryan sellers,126,3.0,15,124.12,11.582,77.909,34.629,,GF,13,85.2,75.0,60.0,False,722
imsa,2024,Sebring,Sebring International Raceway,race,609,1,GTDPRO,Bryan Sellers,bryan sellers,127,3.0,16,123.847,11.641,77.405,34.801,,GF,14,85.2,75.0,59.0,False,722
imsa,2024,Sebring,Sebring International Raceway,race,609,1,GTDPRO,Bryan Sellers,bryan sellers,128,3.0,17,122.347,11.625,76.636,34.086,,GF,15,85.2,75.0,59.0,False,722
imsa,2024,Sebring,Sebring International Raceway,race,609,1,GTDPRO,Bryan Sellers,bryan sellers,129,3.0,18,122.742,11.636,76.782,34.324,,GF,16,85.4,75.0,58.0,False,722
imsa,2024,Sebring,Sebring International Raceway,race,609,1,GTDPRO,Bryan Sellers,bryan sellers,130,3.0,19,122.055,11.568,76.373,34.114,,GF,17,85.5,75.0,59.0,False,722
imsa,2024,Sebring,Sebring International Raceway,race,609,1,GTDPRO,Bryan Sellers,bryan sellers,131,3.0,20,122.555,11.537,76.703,34.315,,GF,18,85.9,75.0,58.0,False,722
imsa,2024,Sebring,Sebring International Raceway,race,609,1,GTDPRO,Bryan Sellers,bryan sellers,132,3.0,21,122.48,11.622,76.645,34.213,,GF,19,86.0,75.0,58.0,False,722
imsa,2024,Sebring,Sebring International Raceway,race,609,1,GTDPRO,Bryan Sellers,bryan sellers,133,3.0,22,122.1,11.577,76.393,34.13,,GF,20,86.2,75.0,58.0,False,722
imsa,2024,Sebring,Sebring International Raceway,race,609,1,GTDPRO,Bryan Sellers,bryan sellers,134,3.0,23,122.279,11.503,76.582,34.194,,GF,21,86.1,75.0,59.0,False,722
imsa,2024,Sebring,Sebring International Raceway,race,609,1,GTDPRO,Bryan Sellers,bryan sellers,135,3.0,24,122.207,11.574,76.413,34.22,,GF,22,86.2,75.0,59.0,False,722
imsa,2024,Sebring,Sebring International Raceway,race,609,1,GTDPRO,Bryan Sellers,bryan sellers,136,3.0,25,122.648,11.559,76.661,34.428,,GF,23,86.1,75.0,58.0,False,722
imsa,2024,Sebring,Sebring International Raceway,race,609,1,GTDPRO,Bryan Sellers,bryan sellers,137,3.0,26,123.165,11.507,76.74,34.918,,GF,24,85.9,76.0,59.0,False,722
imsa,2024,Sebring,Sebring International Raceway,race,609,1,GTDPRO,Bryan Sellers,bryan sellers,138,3.0,27,123.078,11.993,76.736,34.349,,GF,25,85.6,76.0,59.0,False,722
imsa,2024,Sebring,Sebring International Raceway,race,609,1,GTDPRO,Bryan Sellers,bryan sellers,139,3.0,28,122.379,11.591,76.585,34.203,,GF,26,85.5,76.0,58.0,False,722
imsa,2024,Sebring,Sebring International Raceway,race,609,1,GTDPRO,Bryan Sellers,bryan sellers,140,3.0,29,122.109,11.557,76.333,34.219,,GF,27,85.6,76.0,58.0,False,722
imsa,2024,Sebring,Sebring International Raceway,race,609,1,GTDPRO,Bryan Sellers,bryan sellers,141,3.0,30,132.247,11.574,77.124,43.549,,GF,28,85.8,76.0,58.0,False,722
imsa,2024,Sebring,Sebring International Raceway,race,609,1,GTDPRO,Bryan Sellers,bryan sellers,142,3.0,31,188.034,76.273,77.674,34.087,76.776,GF,0,86.0,76.0,57.0,False,722
imsa,2024,Sebring,Sebring International Raceway,race,609,1,GTDPRO,Bryan Sellers,bryan sellers,143,3.0,32,121.238,11.508,75.741,33.989,,GF,0,85.9,76.0,57.0,False,722
imsa,2024,Sebring,Sebring International Raceway,race,609,1,GTDPRO,Bryan Sellers,bryan sellers,144,3.0,33,121.487,11.617,75.821,34.049,,GF,1,85.9,76.0,58.0,False,722
imsa,2024,Sebring,Sebring International Raceway,race,609,1,GTDPRO,Bryan Sellers,bryan sellers,145,3.0,34,121.802,11.477,76.042,34.283,,GF,2,85.8,75.0,59.0,False,722
imsa,2024,Sebring,Sebring International Raceway,race,609,1,GTDPRO,Bryan Sellers,bryan sellers,146,3.0,35,121.952,11.504,76.277,34.171,,GF,3,85.6,75.0,59.0,False,722
imsa,2024,Sebring,Sebring International Raceway,race,609,1,GTDPRO,Bryan Sellers,bryan sellers,147,3.0,36,122.167,11.494,76.247,34.426,,GF,4,85.3,75.0,59.0,False,722
imsa,2024,Sebring,Sebring International Raceway,race,609,1,GTDPRO,Bryan Sellers,bryan sellers,148,3.0,37,122.899,11.686,76.938,34.275,,GF,5,84.9,75.0,60.0,False,722
imsa,2024,Sebring,Sebring International Raceway,race,609,1,GTDPRO,Bryan Sellers,bryan sellers,149,3.0,38,124.362,11.623,78.095,34.644,,GF,6,84.8,75.0,59.0,False,722
imsa,2024,Sebring,Sebring International Raceway,race,609,1,GTDPRO,Bryan Sellers,bryan sellers,150,3.0,39,122.438,11.716,76.545,34.177,,GF,7,84.8,75.0,60.0,False,722
imsa,2024,Sebring,Sebring International Raceway,race,609,1,GTDPRO,Bryan Sellers,bryan sellers,151,3.0,40,122.512,11.531,76.691,34.29,,GF,8,84.8,75.0,60.0,False,722
imsa,2024,Sebring,Sebring International Raceway,race,609,1,GTDPRO,Bryan Sellers,bryan sellers,152,3.0,41,122.277,11.78,76.434,34.063,,GF,9,84.9,75.0,59.0,False,722
imsa,2024,Sebring,Sebring International Raceway,race,609,1,GTDPRO,Bryan Sellers,bryan sellers,153,3.0,42,122.038,11.573,76.421,34.044,,GF,10,84.9,75.0,60.0,False,722
imsa,2024,Sebring,Sebring International Raceway,race,609,1,GTDPRO,Bryan Sellers,bryan sellers,154,3.0,43,122.658,11.535,76.789,34.334,,GF,11,85.1,75.0,59.0,False,722
imsa,2024,Sebring,Sebring International Raceway,race,609,1,GTDPRO,Bryan Sellers,bryan sellers,155,3.0,44,126.27,11.472,77.85,36.948,,FCY,12,85.2,75.0,60.0,False,722
imsa,2024,Sebring,Sebring International Raceway,race,609,1,GTDPRO,Bryan Sellers,bryan sellers,156,3.0,45,155.071,12.278,95.667,47.126,,FCY,12,85.1,75.0,59.0,False,722
imsa,2024,Sebring,Sebring International Raceway,race,609,1,GTDPRO,Bryan Sellers,bryan sellers,157,3.0,46,182.189,13.889,104.813,63.487,,FCY,12,84.9,75.0,59.0,False,722
imsa,2024,Sebring,Sebring International Raceway,race,609,1,GTDPRO,Bryan Sellers,bryan sellers,158,3.0,47,215.363,28.596,129.8,56.967,,FCY,12,84.9,75.0,59.0,False,722
imsa,2024,Sebring,Sebring International Raceway,race,609,1,GTDPRO,Bryan Sellers,bryan sellers,159,3.0,48,211.63,16.248,126.498,68.884,,FCY,12,84.9,75.0,59.0,False,722
imsa,2024,Sebring,Sebring International Raceway,race,609,1,GTDPRO,Madison Snow,madison snow,160,4.0,0,227.942,64.913,102.828,60.201,63.916,FCY,0,84.9,75.0,59.0,False,722
imsa,2024,Sebring,Sebring International Raceway,race,609,1,GTDPRO,Madison Snow,madison snow,161,4.0,1,240.113,29.47,139.332,71.311,,FCY,0,85.4,75.0,58.0,False,722
imsa,2024,Sebring,Sebring International Raceway,race,609,1,GTDPRO,Madison Snow,madison snow,162,4.0,2,204.023,23.89,141.121,39.012,,GF,0,85.8,75.0,57.0,False,722
imsa,2024,Sebring,Sebring International Raceway,race,609,1,GTDPRO,Madison Snow,madison snow,163,4.0,3,123.095,11.696,76.875,34.524,,GF,1,85.8,75.0,57.0,False,722
imsa,2024,Sebring,Sebring International Raceway,race,609,1,GTDPRO,Madison Snow,madison snow,164,4.0,4,123.455,11.771,77.379,34.305,,GF,2,85.8,75.0,58.0,False,722
imsa,2024,Sebring,Sebring International Raceway,race,609,1,GTDPRO,Madison Snow,madison snow,165,4.0,5,122.403,11.614,76.477,34.312,,GF,3,85.9,75.0,57.0,False,722
imsa,2024,Sebring,Sebring International Raceway,race,609,1,GTDPRO,Madison Snow,madison snow,166,4.0,6,122.445,11.609,76.515,34.321,,GF,4,86.0,75.0,56.0,False,722
imsa,2024,Sebring,Sebring International Raceway,race,609,1,GTDPRO,Madison Snow,madison snow,167,4.0,7,122.612,11.634,76.656,34.322,,GF,5,86.1,75.0,56.0,False,722
imsa,2024,Sebring,Sebring International Raceway,race,609,1,GTDPRO,Madison Snow,madison snow,168,4.0,8,122.492,11.576,76.566,34.35,,GF,6,86.3,75.0,56.0,False,722
imsa,2024,Sebring,Sebring International Raceway,race,609,1,GTDPRO,Madison Snow,madison snow,169,4.0,9,122.926,11.658,76.811,34.457,,GF,7,86.4,75.0,56.0,False,722
imsa,2024,Sebring,Sebring International Raceway,race,609,1,GTDPRO,Madison Snow,madison snow,170,4.0,10,122.642,11.653,76.609,34.38,,GF,8,86.5,75.0,56.0,False,722
imsa,2024,Sebring,Sebring International Raceway,race,609,1,GTDPRO,Madison Snow,madison snow,171,4.0,11,122.957,11.736,76.799,34.422,,GF,9,86.5,75.0,55.0,False,722
imsa,2024,Sebring,Sebring International Raceway,race,609,1,GTDPRO,Madison Snow,madison snow,172,4.0,12,123.872,11.789,77.747,34.336,,GF,10,86.4,75.0,54.0,False,722
imsa,2024,Sebring,Sebring International Raceway,race,609,1,GTDPRO,Madison Snow,madison snow,173,4.0,13,123.21,11.936,76.945,34.329,,GF,11,86.3,75.0,55.0,False,722
imsa,2024,Sebring,Sebring International Raceway,race,609,1,GTDPRO,Madison Snow,madison snow,174,4.0,14,123.056,11.745,76.922,34.389,,GF,12,86.5,75.0,55.0,False,722
imsa,2024,Sebring,Sebring International Raceway,race,609,1,GTDPRO,Madison Snow,madison snow,175,4.0,15,124.017,11.723,77.761,34.533,,GF,13,86.5,75.0,55.0,False,722
imsa,2024,Sebring,Sebring International Raceway,race,609,1,GTDPRO,Madison Snow,madison snow,176,4.0,16,123.319,11.818,77.268,34.233,,GF,14,86.6,75.0,55.0,False,722
imsa,2024,Sebring,Sebring International Raceway,race,609,1,GTDPRO,Madison Snow,madison snow,177,4.0,17,122.757,11.594,76.832,34.331,,GF,15,86.8,75.0,55.0,False,722
imsa,2024,Sebring,Sebring International Raceway,race,609,1,GTDPRO,Madison Snow,madison snow,178,4.0,18,122.998,11.577,76.86,34.561,,GF,16,86.9,75.0,55.0,False,722
imsa,2024,Sebring,Sebring International Raceway,race,609,1,GTDPRO,Madison Snow,madison snow,179,4.0,19,123.579,11.622,77.451,34.506,,GF,17,87.1,75.0,55.0,False,722
imsa,2024,Sebring,Sebring International Raceway,race,609,1,GTDPRO,Madison Snow,madison snow,180,4.0,20,124.098,11.716,77.582,34.8,,GF,18,87.0,75.0,55.0,False,722
imsa,2024,Sebring,Sebring International Raceway,race,609,1,GTDPRO,Madison Snow,madison snow,181,4.0,21,126.854,12.291,79.885,34.678,,GF,19,86.7,75.0,55.0,False,722
imsa,2024,Sebring,Sebring International Raceway,race,609,1,GTDPRO,Madison Snow,madison snow,182,4.0,22,124.137,11.781,77.898,34.458,,GF,20,86.5,75.0,55.0,False,722
imsa,2024,Sebring,Sebring International Raceway,race,609,1,GTDPRO,Madison Snow,madison snow,183,4.0,23,123.94,11.621,77.277,35.042,,GF,21,86.4,75.0,55.0,False,722
imsa,2024,Sebring,Sebring International Raceway,race,609,1,GTDPRO,Madison Snow,madison snow,184,4.0,24,124.634,11.647,78.573,34.414,,GF,22,86.5,75.0,55.0,False,722
imsa,2024,Sebring,Sebring International Raceway,race,609,1,GTDPRO,Madison Snow,madison snow,185,4.0,25,123.735,11.651,77.595,34.489,,GF,23,86.4,75.0,55.0,False,722
imsa,2024,Sebring,Sebring International Raceway,race,609,1,GTDPRO,Madison Snow,madison snow,186,4.0,26,122.803,11.671,76.89,34.242,,GF,24,86.1,75.0,56.0,False,722
imsa,2024,Sebring,Sebring International Raceway,race,609,1,GTDPRO,Madison Snow,madison snow,187,4.0,27,124.229,11.692,77.99,34.547,,GF,25,86.1,75.0,56.0,False,722
imsa,2024,Sebring,Sebring International Raceway,race,609,1,GTDPRO,Madison Snow,madison snow,188,4.0,28,122.969,11.642,77.009,34.318,,GF,26,86.3,75.0,55.0,False,722
imsa,2024,Sebring,Sebring International Raceway,race,609,1,GTDPRO,Madison Snow,madison snow,189,4.0,29,123.018,11.662,76.75,34.606,,GF,27,86.5,75.0,54.0,False,722
imsa,2024,Sebring,Sebring International Raceway,race,609,1,GTDPRO,Madison Snow,madison snow,190,4.0,30,131.229,11.697,76.699,42.833,,GF,28,86.7,75.0,54.0,False,722
imsa,2024,Sebring,Sebring International Raceway,race,609,1,GTDPRO,Madison Snow,madison snow,191,4.0,31,189.905,76.2,79.056,34.649,76.406,GF,0,87.0,75.0,54.0,False,722
imsa,2024,Sebring,Sebring International Raceway,race,609,1,GTDPRO,Madison Snow,madison snow,192,4.0,32,121.884,11.67,76.076,34.138,,GF,0,87.2,75.0,54.0,False,722
imsa,2024,Sebring,Sebring International Raceway,race,609,1,GTDPRO,Madison Snow,madison snow,193,4.0,33,121.721,11.512,76.25,33.959,,GF,1,87.2,75.0,54.0,False,722
imsa,2024,Sebring,Sebring International Raceway,race,609,1,GTDPRO,Madison Snow,madison snow,194,4.0,34,122.034,11.501,76.297,34.236,,GF,2,87.1,75.0,54.0,False,722
imsa,2024,Sebring,Sebring International Raceway,race,609,1,GTDPRO,Madison Snow,madison snow,195,4.0,35,122.48,11.585,76.74,34.155,,GF,3,86.9,75.0,54.0,False,722
imsa,2024,Sebring,Sebring International Raceway,race,609,1,GTDPRO,Madison Snow,madison snow,196,4.0,36,122.068,11.572,76.339,34.157,,GF,4,86.8,75.0,54.0,False,722
imsa,2024,Sebring,Sebring International Raceway,race,609,1,GTDPRO,Madison Snow,madison snow,197,4.0,37,122.241,11.641,76.462,34.138,,GF,5,86.8,75.0,54.0,False,722
imsa,2024,Sebring,Sebring International Raceway,race,609,1,GTDPRO,Madison Snow,madison snow,198,4.0,38,125.356,11.545,77.221,36.59,,FCY,6,87.0,75.0,54.0,False,722
imsa,2024,Sebring,Sebring International Raceway,race,609,1,GTDPRO,Madison Snow,madison snow,199,4.0,39,138.034,13.875,86.838,37.321,,FCY,6,87.2,75.0,54.0,False,722
imsa,2024,Sebring,Sebring International Raceway,race,609,1,GTDPRO,Madison Snow,madison snow,200,4.0,40,183.207,12.584,99.794,70.829,,FCY,6,87.4,75.0,53.0,False,722
imsa,2024,Sebring,Sebring International Raceway,race,609,1,GTDPRO,Madison Snow,madison snow,201,4.0,41,223.001,15.437,146.864,60.7,,FCY,6,87.2,75.0,53.0,False,722
imsa,2024,Sebring,Sebring International Raceway,race,609,1,GTDPRO,Madison Snow,madison snow,202,4.0,42,196.195,15.165,118.83,62.2,,FCY,6,87.1,75.0,54.0,False,722
imsa,2024,Sebring,Sebring International Raceway,race,609,1,GTDPRO,Madison Snow,madison snow,203,4.0,43,215.274,15.798,127.804,71.672,,FCY,6,87.0,75.0,54.0,False,722
imsa,2024,Sebring,Sebring International Raceway,race,609,1,GTDPRO,Madison Snow,madison snow,204,4.0,44,239.346,25.418,142.818,71.11,,FCY,6,86.9,75.0,54.0,False,722
imsa,2024,Sebring,Sebring International Raceway,race,609,1,GTDPRO,Madison Snow,madison snow,205,4.0,45,202.807,22.844,131.53,48.433,,GF,6,86.7,75.0,55.0,False,722
imsa,2024,Sebring,Sebring International Raceway,race,609,1,GTDPRO,Madison Snow,madison snow,206,4.0,46,123.537,11.913,77.363,34.261,,GF,7,86.6,75.0,55.0,False,722
imsa,2024,Sebring,Sebring International Raceway,race,609,1,GTDPRO,Madison Snow,madison snow,207,4.0,47,122.492,11.594,76.603,34.295,,GF,8,86.5,75.0,55.0,False,722
imsa,2024,Sebring,Sebring International Raceway,race,609,1,GTDPRO,Madison Snow,madison snow,208,4.0,48,124.552,11.543,76.723,36.286,,FCY,9,86.5,75.0,54.0,False,722
imsa,2024,Sebring,Sebring International Raceway,race,609,1,GTDPRO,Madison Snow,madison snow,209,4.0,49,141.464,13.947,86.598,40.919,,FCY,9,86.5,75.0,55.0,False,722
imsa,2024,Sebring,Sebring International Raceway,race,609,1,GTDPRO,Madison Snow,madison snow,210,4.0,50,176.717,16.554,95.64,64.523,,FCY,9,86.5,75.0,55.0,False,722
imsa,2024,Sebring,Sebring International Raceway,race,609,1,GTDPRO,Madison Snow,madison snow,211,4.0,51,203.404,24.836,131.384,47.184,,GF,9,86.6,75.0,56.0,False,722
imsa,2024,Sebring,Sebring International Raceway,race,609,1,GTDPRO,Madison Snow,madison snow,212,4.0,52,122.96,12.002,76.721,34.237,,GF,10,86.6,75.0,55.0,False,722
imsa,2024,Sebring,Sebring International Raceway,race,609,1,GTDPRO,Madison Snow,madison snow,213,4.0,53,122.072,11.726,76.329,34.017,,GF,11,86.6,75.0,55.0,False,722
imsa,2024,Sebring,Sebring International Raceway,race,609,1,GTDPRO,Madison Snow,madison snow,214,4.0,54,122.034,11.539,76.464,34.031,,GF,12,86.6,75.0,55.0,False,722
imsa,2024,Sebring,Sebring International Raceway,race,609,1,GTDPRO,Madison Snow,madison snow,215,4.0,55,121.931,11.531,76.373,34.027,,GF,13,86.7,75.0,56.0,False,722
imsa,2024,Sebring,Sebring International Raceway,race,609,1,GTDPRO,Madison Snow,madison snow,216,4.0,56,121.764,11.535,76.17,34.059,,GF,14,86.7,75.0,56.0,False,722
imsa,2024,Sebring,Sebring International Raceway,race,609,1,GTDPRO,Madison Snow,madison snow,217,4.0,57,121.704,11.532,76.266,33.906,,GF,15,86.8,75.0,55.0,False,722
imsa,2024,Sebring,Sebring International Raceway,race,609,1,GTDPRO,Madison Snow,madison snow,218,4.0,58,121.556,11.501,76.148,33.907,,GF,16,86.7,75.0,55.0,False,722
imsa,2024,Sebring,Sebring International Raceway,race,609,1,GTDPRO,Madison Snow,madison snow,219,4.0,59,121.682,11.486,76.189,34.007,,GF,17,86.6,75.0,55.0,False,722
imsa,2024,Sebring,Sebring International Raceway,race,609,1,GTDPRO,Madison Snow,madison snow,220,4.0,60,122.115,11.571,76.46,34.084,,GF,18,86.6,75.0,55.0,False,722
imsa,2024,Sebring,Sebring International Raceway,race,609,1,GTDPRO,Madison Snow,madison snow,221,4.0,61,123.238,11.576,76.741,34.921,,GF,19,86.5,76.0,54.0,False,722
imsa,2024,Sebring,Sebring International Raceway,race,609,1,GTDPRO,Madison Snow,madison snow,222,4.0,62,122.424,11.543,76.48,34.401,,GF,20,86.5,76.0,55.0,False,722
imsa,2024,Sebring,Sebring International Raceway,race,609,1,GTDPRO,Madison Snow,madison snow,223,4.0,63,122.396,11.563,76.677,34.156,,GF,21,86.4,76.0,54.0,False,722
imsa,2024,Sebring,Sebring International Raceway,race,609,1,GTDPRO,Madison Snow,madison snow,224,4.0,64,122.643,11.593,76.892,34.158,,GF,22,86.4,76.0,55.0,False,722
imsa,2024,Sebring,Sebring International Raceway,race,609,1,GTDPRO,Madison Snow,madison snow,225,4.0,65,131.045,11.588,76.351,43.106,,GF,23,86.4,76.0,55.0,False,722
imsa,2024,Sebring,Sebring International Raceway,race,609,1,GTDPRO,Neil Verhagen,neil verhagen,226,5.0,0,190.154,76.905,78.943,34.306,76.829,GF,0,86.5,76.0,55.0,False,722
imsa,2024,Sebring,Sebring International Raceway,race,609,1,GTDPRO,Neil Verhagen,neil verhagen,227,5.0,1,122.863,11.475,76.601,34.787,,GF,0,86.5,76.0,55.0,False,722
imsa,2024,Sebring,Sebring International Raceway,race,609,1,GTDPRO,Neil Verhagen,neil verhagen,228,5.0,2,121.448,11.433,75.902,34.113,,GF,1,86.5,76.0,55.0,False,722
imsa,2024,Sebring,Sebring International Raceway,race,609,1,GTDPRO,Neil Verhagen,neil verhagen,229,5.0,3,121.75,11.451,76.168,34.131,,GF,2,86.5,75.0,55.0,False,722
imsa,2024,Sebring,Sebring International Raceway,race,609,1,GTDPRO,Neil Verhagen,neil verhagen,230,5.0,4,121.747,11.639,75.997,34.111,,GF,3,86.6,75.0,54.0,False,722
imsa,2024,Sebring,Sebring International Raceway,race,609,1,GTDPRO,Neil Verhagen,neil verhagen,231,5.0,5,121.845,11.428,76.415,34.002,,GF,4,86.5,75.0,55.0,False,722
imsa,2024,Sebring,Sebring International Raceway,race,609,1,GTDPRO,Neil Verhagen,neil verhagen,232,5.0,6,122.821,11.491,76.717,34.613,,GF,5,86.3,75.0,55.0,False,722
imsa,2024,Sebring,Sebring International Raceway,race,609,1,GTDPRO,Neil Verhagen,neil verhagen,233,5.0,7,122.451,11.443,76.825,34.183,,GF,6,86.2,76.0,56.0,False,722
imsa,2024,Sebring,Sebring International Raceway,race,609,1,GTDPRO,Neil Verhagen,neil verhagen,234,5.0,8,123.553,11.945,76.7,34.908,,FCY,7,86.0,76.0,56.0,False,722
imsa,2024,Sebring,Sebring International Raceway,race,609,1,GTDPRO,Neil Verhagen,neil verhagen,235,5.0,9,138.567,12.009,82.238,44.32,,FCY,7,85.8,76.0,56.0,False,722
imsa,2024,Sebring,Sebring International Raceway,race,609,1,GTDPRO,Neil Verhagen,neil verhagen,236,5.0,10,226.92,21.386,137.824,67.71,,FCY,7,85.6,76.0,57.0,False,722
imsa,2024,Sebring,Sebring International Raceway,race,609,1,GTDPRO,Neil Verhagen,neil verhagen,237,5.0,11,224.156,25.936,132.486,65.734,,FCY,7,85.3,76.0,57.0,False,722
imsa,2024,Sebring,Sebring International Raceway,race,609,1,GTDPRO,Neil Verhagen,neil verhagen,238,5.0,12,195.197,15.729,120.159,59.309,,FCY,7,85.1,76.0,58.0,False,722
imsa,2024,Sebring,Sebring International Raceway,race,609,1,GTDPRO,Neil Verhagen,neil verhagen,239,5.0,13,164.18,14.622,113.768,35.79,,FCY,7,84.9,76.0,58.0,False,722
imsa,2024,Sebring,Sebring International Raceway,race,609,1,GTDPRO,Neil Verhagen,neil verhagen,240,5.0,14,132.621,11.872,77.425,43.324,,FCY,7,84.8,76.0,58.0,False,722
imsa,2024,Sebring,Sebring International Raceway,race,609,1,GTDPRO,Neil Verhagen,neil verhagen,241,5.0,15,177.205,64.116,78.933,34.156,64.189,GF,0,84.6,76.0,59.0,False,722
imsa,2024,Sebring,Sebring International Raceway,race,609,1,GTDPRO,Neil Verhagen,neil verhagen,242,5.0,16,122.291,11.494,76.271,34.526,,GF,0,84.6,76.0,59.0,False,722
imsa,2024,Sebring,Sebring International Raceway,race,609,1,GTDPRO,Neil Verhagen,neil verhagen,243,5.0,17,122.115,11.534,76.434,34.147,,GF,1,84.5,76.0,60.0,False,722
imsa,2024,Sebring,Sebring International Raceway,race,609,1,GTDPRO,Neil Verhagen,neil verhagen,244,5.0,18,122.308,11.535,76.368,34.405,,GF,2,84.4,76.0,60.0,False,722
imsa,2024,Sebring,Sebring International Raceway,race,609,1,GTDPRO,Neil Verhagen,neil verhagen,245,5.0,19,121.992,11.495,76.241,34.256,,GF,3,84.3,76.0,60.0,False,722
imsa,2024,Sebring,Sebring International Raceway,race,609,1,GTDPRO,Neil Verhagen,neil verhagen,246,5.0,20,122.981,11.506,76.907,34.568,,GF,4,84.2,76.0,60.0,False,722
imsa,2024,Sebring,Sebring International Raceway,race,609,1,GTDPRO,Neil Verhagen,neil verhagen,247,5.0,21,123.208,11.846,76.847,34.515,,GF,5,84.1,76.0,60.0,False,722
imsa,2024,Sebring,Sebring International Raceway,race,609,1,GTDPRO,Neil Verhagen,neil verhagen,248,5.0,22,122.435,11.517,76.629,34.289,,GF,6,84.1,76.0,61.0,False,722
imsa,2024,Sebring,Sebring International Raceway,race,609,1,GTDPRO,Neil Verhagen,neil verhagen,249,5.0,23,123.433,11.636,77.302,34.495,,GF,7,84.0,76.0,61.0,False,722
imsa,2024,Sebring,Sebring International Raceway,race,609,1,GTDPRO,Neil Verhagen,neil verhagen,250,5.0,24,123.597,11.543,77.712,34.342,,GF,8,83.9,76.0,61.0,False,722
imsa,2024,Sebring,Sebring International Raceway,race,609,1,GTDPRO,Neil Verhagen,neil verhagen,251,5.0,25,123.12,11.576,77.035,34.509,,GF,9,83.9,76.0,61.0,False,722
imsa,2024,Sebring,Sebring International Raceway,race,609,1,GTDPRO,Neil Verhagen,neil verhagen,252,5.0,26,122.352,11.533,76.57,34.249,,GF,10,83.9,76.0,61.0,False,722
imsa,2024,Sebring,Sebring International Raceway,race,609,1,GTDPRO,Neil Verhagen,neil verhagen,253,5.0,27,122.259,11.56,76.383,34.316,,GF,11,83.8,76.0,61.0,False,722
imsa,2024,Sebring,Sebring International Raceway,race,609,1,GTDPRO,Neil Verhagen,neil verhagen,254,5.0,28,122.002,11.57,76.401,34.031,,GF,12,83.7,76.0,61.0,False,722
imsa,2024,Sebring,Sebring International Raceway,race,609,1,GTDPRO,Neil Verhagen,neil verhagen,255,5.0,29,122.237,11.513,76.506,34.218,,GF,13,83.8,76.0,61.0,False,722
imsa,2024,Sebring,Sebring International Raceway,race,609,1,GTDPRO,Neil Verhagen,neil verhagen,256,5.0,30,121.988,11.486,76.252,34.25,,GF,14,83.7,76.0,62.0,False,722
imsa,2024,Sebring,Sebring International Raceway,race,609,1,GTDPRO,Neil Verhagen,neil verhagen,257,5.0,31,122.042,11.491,76.398,34.153,,GF,15,83.6,76.0,62.0,False,722
imsa,2024,Sebring,Sebring International Raceway,race,609,1,GTDPRO,Neil Verhagen,neil verhagen,258,5.0,32,123.073,11.679,76.89,34.504,,GF,16,83.4,76.0,63.0,False,722
imsa,2024,Sebring,Sebring International Raceway,race,609,1,GTDPRO,Neil Verhagen,neil verhagen,259,5.0,33,122.423,11.502,76.485,34.436,,GF,17,83.2,76.0,63.0,False,722
imsa,2024,Sebring,Sebring International Raceway,race,609,1,GTDPRO,Neil Verhagen,neil verhagen,260,5.0,34,122.503,11.515,76.72,34.268,,GF,18,83.1,76.0,63.0,False,722
imsa,2024,Sebring,Sebring International Raceway,race,609,1,GTDPRO,Neil Verhagen,neil verhagen,261,5.0,35,122.353,11.496,76.586,34.271,,GF,19,82.9,76.0,63.0,False,722
imsa,2024,Sebring,Sebring International Raceway,race,609,1,GTDPRO,Neil Verhagen,neil verhagen,262,5.0,36,123.013,11.6,77.216,34.197,,GF,20,82.9,76.0,63.0,False,722
imsa,2024,Sebring,Sebring International Raceway,race,609,1,GTDPRO,Neil Verhagen,neil verhagen,263,5.0,37,122.973,11.511,76.808,34.654,,GF,21,82.8,76.0,64.0,False,722
imsa,2024,Sebring,Sebring International Raceway,race,609,1,GTDPRO,Neil Verhagen,neil verhagen,264,5.0,38,122.442,11.454,76.644,34.344,,GF,22,82.7,76.0,64.0,False,722
imsa,2024,Sebring,Sebring International Raceway,race,609,1,GTDPRO,Neil Verhagen,neil verhagen,265,5.0,39,131.339,11.478,76.67,43.191,,GF,23,82.6,76.0,64.0,False,722
imsa,2024,Sebring,Sebring International Raceway,race,609,1,GTDPRO,Bryan Sellers,bryan sellers,266,6.0,0,182.634,69.054,79.28,34.3,69.416,GF,0,82.5,76.0,64.0,False,722
imsa,2024,Sebring,Sebring International Raceway,race,609,1,GTDPRO,Bryan Sellers,bryan sellers,267,6.0,1,122.077,11.522,76.093,34.462,,GF,0,82.4,76.0,64.0,False,722
imsa,2024,Sebring,Sebring International Raceway,race,609,1,GTDPRO,Bryan Sellers,bryan sellers,268,6.0,2,122.649,11.942,76.623,34.084,,GF,1,82.3,76.0,64.0,False,722
imsa,2024,Sebring,Sebring International Raceway,race,609,1,GTDPRO,Bryan Sellers,bryan sellers,269,6.0,3,122.781,11.651,76.549,34.581,,GF,2,82.2,76.0,65.0,False,722
imsa,2024,Sebring,Sebring International Raceway,race,609,1,GTDPRO,Bryan Sellers,bryan sellers,270,6.0,4,122.994,11.627,77.17,34.197,,GF,3,82.1,76.0,65.0,False,722
imsa,2024,Sebring,Sebring International Raceway,race,609,1,GTDPRO,Bryan Sellers,bryan sellers,271,6.0,5,122.621,11.606,76.591,34.424,,GF,4,82.0,76.0,65.0,False,722
imsa,2024,Sebring,Sebring International Raceway,race,609,1,GTDPRO,Bryan Sellers,bryan sellers,272,6.0,6,123.184,11.666,76.939,34.579,,GF,5,82.0,76.0,65.0,False,722
imsa,2024,Sebring,Sebring International Raceway,race,609,1,GTDPRO,Bryan Sellers,bryan sellers,273,6.0,7,122.826,11.732,76.65,34.444,,GF,6,81.9,76.0,65.0,False,722
imsa,2024,Sebring,Sebring International Raceway,race,609,1,GTDPRO,Bryan Sellers,bryan sellers,274,6.0,8,123.268,11.637,77.064,34.567,,GF,7,81.8,76.0,65.0,False,722
imsa,2024,Sebring,Sebring International Raceway,race,609,1,GTDPRO,Bryan Sellers,bryan sellers,275,6.0,9,124.299,11.835,77.185,35.279,,GF,8,81.8,76.0,65.0,False,722
imsa,2024,Sebring,Sebring International Raceway,race,609,1,GTDPRO,Bryan Sellers,bryan sellers,276,6.0,10,122.906,11.617,76.96,34.329,,GF,9,81.7,76.0,66.0,False,722
imsa,2024,Sebring,Sebring International Raceway,race,609,1,GTDPRO,Bryan Sellers,bryan sellers,277,6.0,11,123.238,11.605,77.298,34.335,,GF,10,81.6,76.0,66.0,False,722
imsa,2024,Sebring,Sebring International Raceway,race,609,1,GTDPRO,Bryan Sellers,bryan sellers,278,6.0,12,123.388,11.672,77.229,34.487,,GF,11,81.5,76.0,66.0,False,722
imsa,2024,Sebring,Sebring International Raceway,race,609,1,GTDPRO,Bryan Sellers,bryan sellers,279,6.0,13,123.6,11.643,77.455,34.502,,GF,12,81.4,76.0,66.0,False,722
imsa,2024,Sebring,Sebring International Raceway,race,609,1,GTDPRO,Bryan Sellers,bryan sellers,280,6.0,14,124.126,11.634,77.827,34.665,,GF,13,81.3,76.0,66.0,False,722
imsa,2024,Sebring,Sebring International Raceway,race,609,1,GTDPRO,Bryan Sellers,bryan sellers,281,6.0,15,124.582,11.917,77.754,34.911,,GF,14,81.2,76.0,66.0,False,722
imsa,2024,Sebring,Sebring International Raceway,race,609,1,GTDPRO,Bryan Sellers,bryan sellers,282,6.0,16,123.578,11.683,77.171,34.724,,GF,15,81.1,76.0,67.0,False,722
imsa,2024,Sebring,Sebring International Raceway,race,609,1,GTDPRO,Bryan Sellers,bryan sellers,283,6.0,17,125.415,11.683,77.811,35.921,,FCY,16,81.0,76.0,67.0,False,722
imsa,2024,Sebring,Sebring International Raceway,race,609,1,GTDPRO,Bryan Sellers,bryan sellers,284,6.0,18,179.972,12.72,125.406,41.846,,FCY,16,80.8,76.0,67.0,False,722
imsa,2024,Sebring,Sebring International Raceway,race,609,1,GTDPRO,Bryan Sellers,bryan sellers,285,6.0,19,143.273,14.219,87.075,41.979,,FCY,16,80.7,76.0,67.0,False,722
imsa,2024,Sebring,Sebring International Raceway,race,609,1,GTDPRO,Bryan Sellers,bryan sellers,286,6.0,20,148.086,13.563,83.511,51.012,,FCY,16,80.6,75.0,68.0,False,722
imsa,2024,Sebring,Sebring International Raceway,race,609,1,GTDPRO,Bryan Sellers,bryan sellers,287,6.0,21,185.393,13.134,104.409,67.85,,FCY,16,80.4,75.0,68.0,False,722
imsa,2024,Sebring,Sebring International Raceway,race,609,1,GTDPRO,Bryan Sellers,bryan sellers,288,6.0,22,211.227,65.673,89.379,56.175,65.713,FCY,0,80.2,75.0,69.0,False,722
imsa,2024,Sebring,Sebring International Raceway,race,609,1,GTDPRO,Bryan Sellers,bryan sellers,289,6.0,23,233.17,26.079,132.249,74.842,,FCY,0,80.0,75.0,69.0,False,722
imsa,2024,Sebring,Sebring International Raceway,race,609,1,GTDPRO,Bryan Sellers,bryan sellers,290,6.0,24,179.235,21.334,116.726,41.175,,GF,0,79.8,75.0,69.0,False,722
imsa,2024,Sebring,Sebring International Raceway,race,609,1,GTDPRO,Bryan Sellers,bryan sellers,291,6.0,25,127.055,12.131,79.853,35.071,,GF,1,79.7,75.0,69.0,False,722
imsa,2024,Sebring,Sebring International Raceway,race,609,1,GTDPRO,Bryan Sellers,bryan sellers,292,6.0,26,124.587,11.737,77.694,35.156,,GF,2,79.6,75.0,69.0,False,722
imsa,2024,Sebring,Sebring International Raceway,race,609,1,GTDPRO,Bryan Sellers,bryan sellers,293,6.0,27,125.126,11.797,78.759,34.57,,GF,3,79.5,75.0,69.0,False,722
imsa,2024,Sebring,Sebring International Raceway,race,609,1,GTDPRO,Bryan Sellers,bryan sellers,294,6.0,28,123.579,11.648,77.474,34.457,,GF,4,79.4,75.0,69.0,False,722
imsa,2024,Sebring,Sebring International Raceway,race,609,1,GTDPRO,Bryan Sellers,bryan sellers,295,6.0,29,123.776,11.968,77.419,34.389,,GF,5,79.3,75.0,70.0,False,722
imsa,2024,Sebring,Sebring International Raceway,race,609,1,GTDPRO,Bryan Sellers,bryan sellers,296,6.0,30,155.406,11.788,95.859,47.759,,FCY,6,79.1,75.0,70.0,False,722
imsa,2024,Sebring,Sebring International Raceway,race,609,1,GTDPRO,Bryan Sellers,bryan sellers,297,6.0,31,170.319,13.867,89.635,66.817,,FCY,6,79.1,75.0,70.0,False,722
imsa,2024,Sebring,Sebring International Raceway,race,609,1,GTDPRO,Bryan Sellers,bryan sellers,298,6.0,32,179.409,22.293,110.152,46.964,,GF,6,78.9,75.0,70.0,False,722
imsa,2024,Sebring,Sebring International Raceway,race,609,1,GTDPRO,Bryan Sellers,bryan sellers,299,6.0,33,123.654,11.736,77.538,34.38,,GF,7,78.8,75.0,70.0,False,722
imsa,2024,Sebring,Sebring International Raceway,race,609,1,GTDPRO,Bryan Sellers,bryan sellers,300,6.0,34,124.729,11.887,78.25,34.592,,GF,8,78.7,75.0,71.0,False,722
imsa,2024,Sebring,Sebring International Raceway,race,609,1,GTDPRO,Bryan Sellers,bryan sellers,301,6.0,35,158.398,11.706,93.102,53.59,,FCY,9,78.7,75.0,71.0,False,722
imsa,2024,Sebring,Sebring International Raceway,race,609,1,GTDPRO,Bryan Sellers,bryan sellers,302,6.0,36,201.307,12.743,121.691,66.873,,FCY,9,78.5,75.0,71.0,False,722
imsa,2024,Sebring,Sebring International Raceway,race,609,1,GTDPRO,Bryan Sellers,bryan sellers,303,6.0,37,183.822,19.753,106.361,57.708,,FCY,9,78.4,75.0,71.0,False,722
imsa,2024,Sebring,Sebring International Raceway,race,609,1,GTDPRO,Bryan Sellers,bryan sellers,304,6.0,38,204.806,17.798,134.521,52.487,,GF,9,78.2,75.0,71.0,False,722
imsa,2024,Sebring,Sebring International Raceway,race,609,1,GTDPRO,Bryan Sellers,bryan sellers,305,6.0,39,124.359,11.913,77.796,34.65,,GF,10,78.1,75.0,71.0,False,722
imsa,2024,Sebring,Sebring International Raceway,race,609,1,GTDPRO,Bryan Sellers,bryan sellers,306,6.0,40,122.961,11.68,76.874,34.407,,GF,11,77.9,75.0,71.0,False,722
imsa,2024,Sebring,Sebring International Raceway,race,609,1,GTDPRO,Bryan Sellers,bryan sellers,307,6.0,41,122.564,11.673,76.578,34.313,,GF,12,77.9,75.0,72.0,False,722
imsa,2024,Sebring,Sebring International Raceway,race,609,1,GTDPRO,Bryan Sellers,bryan sellers,308,6.0,42,122.18,11.606,76.24,34.334,,GF,13,77.9,75.0,72.0,False,722
imsa,2024,Sebring,Sebring International Raceway,race,609,1,GTDPRO,Bryan Sellers,bryan sellers,309,6.0,43,122.182,11.581,76.454,34.147,,GF,14,77.7,75.0,72.0,False,722
imsa,2024,Sebring,Sebring International Raceway,race,609,1,GTDPRO,Bryan Sellers,bryan sellers,310,6.0,44,122.283,11.502,76.579,34.202,,GF,15,77.6,75.0,72.0,False,722
imsa,2024,Sebring,Sebring International Raceway,race,609,1,GTDPRO,Bryan Sellers,bryan sellers,311,6.0,45,122.429,11.569,76.498,34.362,,GF,16,77.5,75.0,72.0,False,722
imsa,2024,Sebring,Sebring International Raceway,race,609,1,GTDPRO,Bryan Sellers,bryan sellers,312,6.0,46,122.896,11.641,76.743,34.512,,GF,17,77.5,75.0,72.0,False,722
imsa,2024,Sebring,Sebring International Raceway,race,609,1,GTDPRO,Bryan Sellers,bryan sellers,313,6.0,47,123.809,11.675,77.515,34.619,,GF,18,77.5,75.0,72.0,False,722
imsa,2024,Sebring,Sebring International Raceway,race,609,1,GTDPRO,Bryan Sellers,bryan sellers,314,6.0,48,123.995,11.767,77.832,34.396,,GF,19,77.4,75.0,72.0,False,722
imsa,2024,Sebring,Sebring International Raceway,race,609,1,GTDPRO,Bryan Sellers,bryan sellers,315,6.0,49,123.437,11.661,77.429,34.347,,GF,20,77.5,75.0,72.0,False,722
imsa,2024,Sebring,Sebring International Raceway,race,609,1,GTDPRO,Bryan Sellers,bryan sellers,316,6.0,50,123.509,11.684,77.489,34.336,,FF,21,77.4,75.0,72.0,False,722
imsa,2024,Sebring,Sebring International Raceway,race,609,14,GTDPRO,Jack Hawksworth,jack hawksworth,1,1.0,0,145.759,34.9,76.551,34.308,,GF,0,71.6,74.0,85.0,False,722
imsa,2024,Sebring,Sebring International Raceway,race,609,14,GTDPRO,Jack Hawksworth,jack hawksworth,2,1.0,1,121.854,11.526,76.12,34.208,,GF,0,71.9,75.0,85.0,False,722
imsa,2024,Sebring,Sebring International Raceway,race,609,14,GTDPRO,Jack Hawksworth,jack hawksworth,3,1.0,2,121.626,11.428,75.968,34.23,,GF,1,72.3,75.0,85.0,False,722
imsa,2024,Sebring,Sebring International Raceway,race,609,14,GTDPRO,Jack Hawksworth,jack hawksworth,4,1.0,3,121.467,11.466,75.75,34.251,,GF,2,72.5,75.0,84.0,False,722
imsa,2024,Sebring,Sebring International Raceway,race,609,14,GTDPRO,Jack Hawksworth,jack hawksworth,5,1.0,4,121.543,11.43,75.896,34.217,,GF,3,72.8,75.0,84.0,False,722
imsa,2024,Sebring,Sebring International Raceway,race,609,14,GTDPRO,Jack Hawksworth,jack hawksworth,6,1.0,5,122.353,11.514,76.399,34.44,,GF,4,73.0,75.0,83.0,False,722
imsa,2024,Sebring,Sebring International Raceway,race,609,14,GTDPRO,Jack Hawksworth,jack hawksworth,7,1.0,6,122.501,11.603,76.526,34.372,,GF,5,73.2,75.0,83.0,False,722
imsa,2024,Sebring,Sebring International Raceway,race,609,14,GTDPRO,Jack Hawksworth,jack hawksworth,8,1.0,7,121.955,11.556,76.104,34.295,,GF,6,73.4,75.0,83.0,False,722
imsa,2024,Sebring,Sebring International Raceway,race,609,14,GTDPRO,Jack Hawksworth,jack hawksworth,9,1.0,8,121.617,11.523,75.861,34.233,,GF,7,73.5,75.0,82.0,False,722
imsa,2024,Sebring,Sebring International Raceway,race,609,14,GTDPRO,Jack Hawksworth,jack hawksworth,10,1.0,9,122.149,11.55,76.227,34.372,,GF,8,73.7,75.0,82.0,False,722
imsa,2024,Sebring,Sebring International Raceway,race,609,14,GTDPRO,Jack Hawksworth,jack hawksworth,11,1.0,10,122.065,11.585,76.238,34.242,,GF,9,73.9,75.0,81.0,False,722
imsa,2024,Sebring,Sebring International Raceway,race,609,14,GTDPRO,Jack Hawksworth,jack hawksworth,12,1.0,11,121.631,11.404,76.032,34.195,,GF,10,74.0,75.0,81.0,False,722
imsa,2024,Sebring,Sebring International Raceway,race,609,14,GTDPRO,Jack Hawksworth,jack hawksworth,13,1.0,12,122.205,11.548,76.306,34.351,,GF,11,74.2,75.0,81.0,False,722
imsa,2024,Sebring,Sebring International Raceway,race,609,14,GTDPRO,Jack Hawksworth,jack hawksworth,14,1.0,13,122.53,11.546,76.551,34.433,,GF,12,74.4,75.0,80.0,False,722
imsa,2024,Sebring,Sebring International Raceway,race,609,14,GTDPRO,Jack Hawksworth,jack hawksworth,15,1.0,14,122.812,11.512,76.813,34.487,,GF,13,74.7,75.0,80.0,False,722
imsa,2024,Sebring,Sebring International Raceway,race,609,14,GTDPRO,Jack Hawksworth,jack hawksworth,16,1.0,15,122.855,11.579,76.952,34.324,,GF,14,74.7,75.0,80.0,False,722
imsa,2024,Sebring,Sebring International Raceway,race,609,14,GTDPRO,Jack Hawksworth,jack hawksworth,17,1.0,16,125.001,11.669,78.446,34.886,,GF,15,74.9,74.0,80.0,False,722
imsa,2024,Sebring,Sebring International Raceway,race,609,14,GTDPRO,Jack Hawksworth,jack hawksworth,18,1.0,17,123.093,11.507,76.889,34.697,,GF,16,74.9,74.0,80.0,False,722
imsa,2024,Sebring,Sebring International Raceway,race,609,14,GTDPRO,Jack Hawksworth,jack hawksworth,19,1.0,18,155.231,12.529,98.589,44.113,,FCY,17,75.3,74.0,79.0,False,722
imsa,2024,Sebring,Sebring International Raceway,race,609,14,GTDPRO,Jack Hawksworth,jack hawksworth,20,1.0,19,153.108,17.115,93.674,42.319,,FCY,17,75.3,74.0,79.0,False,722
imsa,2024,Sebring,Sebring International Raceway,race,609,14,GTDPRO,Jack Hawksworth,jack hawksworth,21,1.0,20,211.014,19.855,133.958,57.201,,FCY,17,75.6,74.0,78.0,False,722
imsa,2024,Sebring,Sebring International Raceway,race,609,14,GTDPRO,Jack Hawksworth,jack hawksworth,22,1.0,21,194.08,12.842,116.785,64.453,,FCY,17,76.0,74.0,78.0,False,722
imsa,2024,Sebring,Sebring International Raceway,race,609,14,GTDPRO,Jack Hawksworth,jack hawksworth,23,1.0,22,219.307,74.639,86.322,58.346,72.958,FCY,0,76.3,74.0,78.0,False,722
imsa,2024,Sebring,Sebring International Raceway,race,609,14,GTDPRO,Jack Hawksworth,jack hawksworth,24,1.0,23,206.415,25.152,139.171,42.092,,GF,0,76.6,74.0,77.0,False,722
imsa,2024,Sebring,Sebring International Raceway,race,609,14,GTDPRO,Jack Hawksworth,jack hawksworth,25,1.0,24,123.051,11.606,77.053,34.392,,GF,1,76.6,74.0,77.0,False,722
imsa,2024,Sebring,Sebring International Raceway,race,609,14,GTDPRO,Jack Hawksworth,jack hawksworth,26,1.0,25,122.213,11.561,76.164,34.488,,GF,2,76.9,74.0,77.0,False,722
imsa,2024,Sebring,Sebring International Raceway,race,609,14,GTDPRO,Jack Hawksworth,jack hawksworth,27,1.0,26,122.375,11.582,76.298,34.495,,GF,3,76.9,74.0,76.0,False,722
imsa,2024,Sebring,Sebring International Raceway,race,609,14,GTDPRO,Jack Hawksworth,jack hawksworth,28,1.0,27,122.246,11.565,76.375,34.306,,GF,4,77.1,74.0,76.0,False,722
imsa,2024,Sebring,Sebring International Raceway,race,609,14,GTDPRO,Jack Hawksworth,jack hawksworth,29,1.0,28,122.276,11.457,76.344,34.475,,GF,5,77.3,74.0,76.0,False,722
imsa,2024,Sebring,Sebring International Raceway,race,609,14,GTDPRO,Jack Hawksworth,jack hawksworth,30,1.0,29,131.887,11.621,76.94,43.326,,GF,6,77.6,74.0,75.0,False,722
imsa,2024,Sebring,Sebring International Raceway,race,609,14,GTDPRO,Jack Hawksworth,jack hawksworth,31,1.0,30,144.965,32.047,77.904,35.014,32.739,GF,0,77.9,75.0,75.0,False,722
imsa,2024,Sebring,Sebring International Raceway,race,609,14,GTDPRO,Jack Hawksworth,jack hawksworth,32,1.0,31,125.237,11.743,78.696,34.798,,GF,0,78.0,75.0,75.0,False,722
imsa,2024,Sebring,Sebring International Raceway,race,609,14,GTDPRO,Jack Hawksworth,jack hawksworth,33,1.0,32,122.657,11.913,76.349,34.395,,GF,1,78.2,75.0,75.0,False,722
imsa,2024,Sebring,Sebring International Raceway,race,609,14,GTDPRO,Jack Hawksworth,jack hawksworth,34,1.0,33,122.135,11.572,76.226,34.337,,GF,2,78.3,75.0,75.0,False,722
imsa,2024,Sebring,Sebring International Raceway,race,609,14,GTDPRO,Jack Hawksworth,jack hawksworth,35,1.0,34,122.468,11.608,76.506,34.354,,GF,3,78.4,75.0,74.0,False,722
imsa,2024,Sebring,Sebring International Raceway,race,609,14,GTDPRO,Jack Hawksworth,jack hawksworth,36,1.0,35,132.339,11.688,77.807,42.844,,GF,4,78.2,75.0,74.0,False,722
imsa,2024,Sebring,Sebring International Raceway,race,609,14,GTDPRO,Kyle Kirkwood,kyle kirkwood,37,2.0,0,167.472,53.608,78.995,34.869,54.26,GF,0,78.0,74.0,74.0,False,722
imsa,2024,Sebring,Sebring International Raceway,race,609,14,GTDPRO,Kyle Kirkwood,kyle kirkwood,38,2.0,1,125.903,11.842,78.875,35.186,,GF,0,78.0,74.0,74.0,False,722
imsa,2024,Sebring,Sebring International Raceway,race,609,14,GTDPRO,Kyle Kirkwood,kyle kirkwood,39,2.0,2,123.209,11.736,77.148,34.325,,GF,1,78.0,74.0,74.0,False,722
imsa,2024,Sebring,Sebring International Raceway,race,609,14,GTDPRO,Kyle Kirkwood,kyle kirkwood,40,2.0,3,122.555,11.544,76.753,34.258,,GF,2,78.0,74.0,74.0,False,722
imsa,2024,Sebring,Sebring International Raceway,race,609,14,GTDPRO,Kyle Kirkwood,kyle kirkwood,41,2.0,4,122.743,11.592,76.887,34.264,,GF,3,77.9,74.0,74.0,False,722
imsa,2024,Sebring,Sebring International Raceway,race,609,14,GTDPRO,Kyle Kirkwood,kyle kirkwood,42,2.0,5,123.359,11.834,77.076,34.449,,GF,4,77.8,74.0,75.0,False,722
imsa,2024,Sebring,Sebring International Raceway,race,609,14,GTDPRO,Kyle Kirkwood,kyle kirkwood,43,2.0,6,124.177,11.633,77.791,34.753,,GF,5,78.1,74.0,75.0,False,722
imsa,2024,Sebring,Sebring International Raceway,race,609,14,GTDPRO,Kyle Kirkwood,kyle kirkwood,44,2.0,7,122.703,11.594,76.751,34.358,,GF,6,78.6,75.0,74.0,False,722
imsa,2024,Sebring,Sebring International Raceway,race,609,14,GTDPRO,Kyle Kirkwood,kyle kirkwood,45,2.0,8,122.745,11.64,76.909,34.196,,GF,7,78.9,75.0,73.0,False,722
imsa,2024,Sebring,Sebring International Raceway,race,609,14,GTDPRO,Kyle Kirkwood,kyle kirkwood,46,2.0,9,124.468,11.873,77.891,34.704,,GF,8,78.8,75.0,73.0,False,722
imsa,2024,Sebring,Sebring International Raceway,race,609,14,GTDPRO,Kyle Kirkwood,kyle kirkwood,47,2.0,10,124.568,11.902,78.358,34.308,,GF,9,78.9,75.0,73.0,False,722
imsa,2024,Sebring,Sebring International Raceway,race,609,14,GTDPRO,Kyle Kirkwood,kyle kirkwood,48,2.0,11,123.221,11.63,77.17,34.421,,GF,10,79.0,75.0,73.0,False,722
imsa,2024,Sebring,Sebring International Raceway,race,609,14,GTDPRO,Kyle Kirkwood,kyle kirkwood,49,2.0,12,122.8,11.601,76.99,34.209,,GF,11,79.1,75.0,72.0,False,722
imsa,2024,Sebring,Sebring International Raceway,race,609,14,GTDPRO,Kyle Kirkwood,kyle kirkwood,50,2.0,13,122.782,11.584,76.854,34.344,,GF,12,79.1,75.0,72.0,False,722
imsa,2024,Sebring,Sebring International Raceway,race,609,14,GTDPRO,Kyle Kirkwood,kyle kirkwood,51,2.0,14,129.674,11.684,80.699,37.291,,FCY,13,79.0,75.0,72.0,False,722
imsa,2024,Sebring,Sebring International Raceway,race,609,14,GTDPRO,Kyle Kirkwood,kyle kirkwood,52,2.0,15,151.981,12.94,94.888,44.153,,FCY,13,79.0,75.0,72.0,False,722
imsa,2024,Sebring,Sebring International Raceway,race,609,14,GTDPRO,Kyle Kirkwood,kyle kirkwood,53,2.0,16,169.614,15.406,90.61,63.598,,FCY,13,79.1,75.0,72.0,False,722
imsa,2024,Sebring,Sebring International Raceway,race,609,14,GTDPRO,Kyle Kirkwood,kyle kirkwood,54,2.0,17,192.442,17.669,116.384,58.389,,FCY,13,79.2,75.0,72.0,False,722
imsa,2024,Sebring,Sebring International Raceway,race,609,14,GTDPRO,Kyle Kirkwood,kyle kirkwood,55,2.0,18,192.952,64.499,84.235,44.218,64.096,FCY,0,79.4,75.0,71.0,False,722
imsa,2024,Sebring,Sebring International Raceway,race,609,14,GTDPRO,Kyle Kirkwood,kyle kirkwood,56,2.0,19,197.193,28.606,131.637,36.95,,GF,0,79.6,75.0,71.0,False,722
imsa,2024,Sebring,Sebring International Raceway,race,609,14,GTDPRO,Kyle Kirkwood,kyle kirkwood,57,2.0,20,125.073,11.776,78.786,34.511,,GF,1,79.5,75.0,71.0,False,722
imsa,2024,Sebring,Sebring International Raceway,race,609,14,GTDPRO,Kyle Kirkwood,kyle kirkwood,58,2.0,21,123.942,11.78,77.815,34.347,,GF,2,79.5,75.0,71.0,False,722
imsa,2024,Sebring,Sebring International Raceway,race,609,14,GTDPRO,Kyle Kirkwood,kyle kirkwood,59,2.0,22,122.657,11.716,76.711,34.23,,GF,3,79.5,75.0,71.0,False,722
imsa,2024,Sebring,Sebring International Raceway,race,609,14,GTDPRO,Kyle Kirkwood,kyle kirkwood,60,2.0,23,122.643,11.581,76.857,34.205,,GF,4,79.6,75.0,71.0,False,722
imsa,2024,Sebring,Sebring International Raceway,race,609,14,GTDPRO,Kyle Kirkwood,kyle kirkwood,61,2.0,24,122.705,11.574,76.883,34.248,,GF,5,79.7,75.0,71.0,False,722
imsa,2024,Sebring,Sebring International Raceway,race,609,14,GTDPRO,Kyle Kirkwood,kyle kirkwood,62,2.0,25,123.718,11.801,77.13,34.787,,GF,6,79.9,75.0,71.0,False,722
imsa,2024,Sebring,Sebring International Raceway,race,609,14,GTDPRO,Kyle Kirkwood,kyle kirkwood,63,2.0,26,122.929,11.562,77.144,34.223,,GF,7,80.0,75.0,70.0,False,722
imsa,2024,Sebring,Sebring International Raceway,race,609,14,GTDPRO,Kyle Kirkwood,kyle kirkwood,64,2.0,27,122.801,11.686,76.922,34.193,,GF,8,80.0,75.0,70.0,False,722
imsa,2024,Sebring,Sebring International Raceway,race,609,14,GTDPRO,Kyle Kirkwood,kyle kirkwood,65,2.0,28,124.117,11.578,77.399,35.14,,GF,9,80.1,75.0,70.0,False,722
imsa,2024,Sebring,Sebring International Raceway,race,609,14,GTDPRO,Kyle Kirkwood,kyle kirkwood,66,2.0,29,124.34,11.544,78.211,34.585,,GF,10,80.1,75.0,70.0,False,722
imsa,2024,Sebring,Sebring International Raceway,race,609,14,GTDPRO,Kyle Kirkwood,kyle kirkwood,67,2.0,30,122.361,11.655,76.524,34.182,,GF,11,80.2,75.0,70.0,False,722
imsa,2024,Sebring,Sebring International Raceway,race,609,14,GTDPRO,Kyle Kirkwood,kyle kirkwood,68,2.0,31,123.102,11.476,77.009,34.617,,GF,12,80.2,75.0,70.0,False,722
imsa,2024,Sebring,Sebring International Raceway,race,609,14,GTDPRO,Kyle Kirkwood,kyle kirkwood,69,2.0,32,123.435,11.724,76.845,34.866,,GF,13,80.1,75.0,70.0,False,722
imsa,2024,Sebring,Sebring International Raceway,race,609,14,GTDPRO,Kyle Kirkwood,kyle kirkwood,70,2.0,33,122.435,11.585,76.724,34.126,,GF,14,80.1,75.0,70.0,False,722
imsa,2024,Sebring,Sebring International Raceway,race,609,14,GTDPRO,Kyle Kirkwood,kyle kirkwood,71,2.0,34,122.099,11.486,76.387,34.226,,GF,15,80.0,75.0,69.0,False,722
imsa,2024,Sebring,Sebring International Raceway,race,609,14,GTDPRO,Kyle Kirkwood,kyle kirkwood,72,2.0,35,123.035,11.537,77.149,34.349,,GF,16,79.7,75.0,70.0,False,722
imsa,2024,Sebring,Sebring International Raceway,race,609,14,GTDPRO,Kyle Kirkwood,kyle kirkwood,73,2.0,36,122.815,11.579,77.021,34.215,,GF,17,79.8,75.0,71.0,False,722
imsa,2024,Sebring,Sebring International Raceway,race,609,14,GTDPRO,Kyle Kirkwood,kyle kirkwood,74,2.0,37,122.853,11.588,76.749,34.516,,GF,18,79.9,75.0,70.0,False,722
imsa,2024,Sebring,Sebring International Raceway,race,609,14,GTDPRO,Kyle Kirkwood,kyle kirkwood,75,2.0,38,125.93,11.63,76.803,37.497,,FCY,19,79.9,76.0,71.0,False,722
imsa,2024,Sebring,Sebring International Raceway,race,609,14,GTDPRO,Kyle Kirkwood,kyle kirkwood,76,2.0,39,200.235,18.648,141.774,39.813,,FCY,19,80.2,76.0,70.0,False,722
imsa,2024,Sebring,Sebring International Raceway,race,609,14,GTDPRO,Kyle Kirkwood,kyle kirkwood,77,2.0,40,134.781,12.775,85.364,36.642,,FCY,19,80.3,76.0,69.0,False,722
imsa,2024,Sebring,Sebring International Raceway,race,609,14,GTDPRO,Kyle Kirkwood,kyle kirkwood,78,2.0,41,142.823,12.347,85.399,45.077,,FCY,19,80.3,76.0,70.0,False,722
imsa,2024,Sebring,Sebring International Raceway,race,609,14,GTDPRO,Kyle Kirkwood,kyle kirkwood,79,2.0,42,176.462,12.694,102.542,61.226,,FCY,19,80.6,76.0,69.0,False,722
imsa,2024,Sebring,Sebring International Raceway,race,609,14,GTDPRO,Ben Barnicoat,ben barnicoat,80,3.0,0,207.145,67.73,90.546,48.869,66.678,FCY,0,80.7,76.0,69.0,False,722
imsa,2024,Sebring,Sebring International Raceway,race,609,14,GTDPRO,Ben Barnicoat,ben barnicoat,81,3.0,1,208.999,19.571,122.688,66.74,,FCY,0,81.1,76.0,67.0,False,722
imsa,2024,Sebring,Sebring International Raceway,race,609,14,GTDPRO,Ben Barnicoat,ben barnicoat,82,3.0,2,188.267,31.619,115.032,41.616,,GF,0,81.2,77.0,67.0,False,722
imsa,2024,Sebring,Sebring International Raceway,race,609,14,GTDPRO,Ben Barnicoat,ben barnicoat,83,3.0,3,123.601,11.893,77.01,34.698,,GF,1,81.4,78.0,67.0,False,722
imsa,2024,Sebring,Sebring International Raceway,race,609,14,GTDPRO,Ben Barnicoat,ben barnicoat,84,3.0,4,123.199,11.713,77.036,34.45,,GF,2,81.6,79.0,67.0,False,722
imsa,2024,Sebring,Sebring International Raceway,race,609,14,GTDPRO,Ben Barnicoat,ben barnicoat,85,3.0,5,122.876,11.752,76.777,34.347,,GF,3,82.0,81.0,67.0,False,722
imsa,2024,Sebring,Sebring International Raceway,race,609,14,GTDPRO,Ben Barnicoat,ben barnicoat,86,3.0,6,122.781,11.719,76.722,34.34,,GF,4,82.0,81.0,66.0,False,722
imsa,2024,Sebring,Sebring International Raceway,race,609,14,GTDPRO,Ben Barnicoat,ben barnicoat,87,3.0,7,122.397,11.551,76.667,34.179,,GF,5,82.2,82.0,65.0,False,722
imsa,2024,Sebring,Sebring International Raceway,race,609,14,GTDPRO,Ben Barnicoat,ben barnicoat,88,3.0,8,122.642,11.653,76.589,34.4,,GF,6,82.3,82.0,65.0,False,722
imsa,2024,Sebring,Sebring International Raceway,race,609,14,GTDPRO,Ben Barnicoat,ben barnicoat,89,3.0,9,122.727,11.566,76.849,34.312,,GF,7,82.4,82.0,65.0,False,722
imsa,2024,Sebring,Sebring International Raceway,race,609,14,GTDPRO,Ben Barnicoat,ben barnicoat,90,3.0,10,122.551,11.661,76.527,34.363,,GF,8,82.3,83.0,65.0,False,722
imsa,2024,Sebring,Sebring International Raceway,race,609,14,GTDPRO,Ben Barnicoat,ben barnicoat,91,3.0,11,122.87,11.562,76.504,34.804,,GF,9,82.3,84.0,65.0,False,722
imsa,2024,Sebring,Sebring International Raceway,race,609,14,GTDPRO,Ben Barnicoat,ben barnicoat,92,3.0,12,123.32,11.705,77.053,34.562,,GF,10,82.2,84.0,65.0,False,722
imsa,2024,Sebring,Sebring International Raceway,race,609,14,GTDPRO,Ben Barnicoat,ben barnicoat,93,3.0,13,123.345,11.756,77.118,34.471,,GF,11,82.2,84.0,66.0,False,722
imsa,2024,Sebring,Sebring International Raceway,race,609,14,GTDPRO,Ben Barnicoat,ben barnicoat,94,3.0,14,123.293,11.648,76.973,34.672,,GF,12,82.1,82.0,66.0,False,722
imsa,2024,Sebring,Sebring International Raceway,race,609,14,GTDPRO,Ben Barnicoat,ben barnicoat,95,3.0,15,124.106,11.633,77.829,34.644,,GF,13,81.9,81.0,66.0,False,722
imsa,2024,Sebring,Sebring International Raceway,race,609,14,GTDPRO,Ben Barnicoat,ben barnicoat,96,3.0,16,122.399,11.537,76.466,34.396,,GF,14,81.9,80.0,66.0,False,722
imsa,2024,Sebring,Sebring International Raceway,race,609,14,GTDPRO,Ben Barnicoat,ben barnicoat,97,3.0,17,122.966,11.671,76.588,34.707,,GF,15,82.2,80.0,66.0,False,722
imsa,2024,Sebring,Sebring International Raceway,race,609,14,GTDPRO,Ben Barnicoat,ben barnicoat,98,3.0,18,122.755,11.451,77.093,34.211,,GF,16,82.3,79.0,65.0,False,722
imsa,2024,Sebring,Sebring International Raceway,race,609,14,GTDPRO,Ben Barnicoat,ben barnicoat,99,3.0,19,122.39,11.563,76.603,34.224,,GF,17,82.1,79.0,65.0,False,722
imsa,2024,Sebring,Sebring International Raceway,race,609,14,GTDPRO,Ben Barnicoat,ben barnicoat,100,3.0,20,122.192,11.544,76.469,34.179,,GF,18,82.1,79.0,65.0,False,722
imsa,2024,Sebring,Sebring International Raceway,race,609,14,GTDPRO,Ben Barnicoat,ben barnicoat,101,3.0,21,122.092,11.489,76.373,34.23,,GF,19,82.0,78.0,65.0,False,722
imsa,2024,Sebring,Sebring International Raceway,race,609,14,GTDPRO,Ben Barnicoat,ben barnicoat,102,3.0,22,123.116,11.515,77.226,34.375,,GF,20,82.1,78.0,65.0,False,722
imsa,2024,Sebring,Sebring International Raceway,race,609,14,GTDPRO,Ben Barnicoat,ben barnicoat,103,3.0,23,122.802,11.51,77.005,34.287,,GF,21,82.4,78.0,65.0,False,722
imsa,2024,Sebring,Sebring International Raceway,race,609,14,GTDPRO,Ben Barnicoat,ben barnicoat,104,3.0,24,122.901,11.561,77.009,34.331,,GF,22,82.6,78.0,64.0,False,722
imsa,2024,Sebring,Sebring International Raceway,race,609,14,GTDPRO,Ben Barnicoat,ben barnicoat,105,3.0,25,123.719,11.619,77.375,34.725,,GF,23,83.0,78.0,64.0,False,722
imsa,2024,Sebring,Sebring International Raceway,race,609,14,GTDPRO,Ben Barnicoat,ben barnicoat,106,3.0,26,132.162,11.663,77.143,43.356,,GF,24,83.2,78.0,64.0,False,722
imsa,2024,Sebring,Sebring International Raceway,race,609,14,GTDPRO,Ben Barnicoat,ben barnicoat,107,3.0,27,207.868,73.696,95.403,38.769,72.192,FCY,0,83.4,78.0,63.0,False,722
imsa,2024,Sebring,Sebring International Raceway,race,609,14,GTDPRO,Ben Barnicoat,ben barnicoat,108,3.0,28,149.386,12.97,87.829,48.587,,FCY,0,83.4,78.0,63.0,False,722
imsa,2024,Sebring,Sebring International Raceway,race,609,14,GTDPRO,Ben Barnicoat,ben barnicoat,109,3.0,29,218.922,16.669,139.728,62.525,,FCY,0,83.2,77.0,63.0,False,722
imsa,2024,Sebring,Sebring International Raceway,race,609,14,GTDPRO,Ben Barnicoat,ben barnicoat,110,3.0,30,174.687,15.434,104.644,54.609,,FCY,0,83.0,77.0,62.0,False,722
imsa,2024,Sebring,Sebring International Raceway,race,609,14,GTDPRO,Ben Barnicoat,ben barnicoat,111,3.0,31,186.627,12.949,110.297,63.381,,FCY,0,83.1,77.0,63.0,False,722
imsa,2024,Sebring,Sebring International Raceway,race,609,14,GTDPRO,Ben Barnicoat,ben barnicoat,112,3.0,32,202.967,22.005,128.879,52.083,,GF,0,83.0,77.0,63.0,False,722
imsa,2024,Sebring,Sebring International Raceway,race,609,14,GTDPRO,Ben Barnicoat,ben barnicoat,113,3.0,33,122.595,11.722,76.631,34.242,,GF,1,83.0,77.0,63.0,False,722
imsa,2024,Sebring,Sebring International Raceway,race,609,14,GTDPRO,Ben Barnicoat,ben barnicoat,114,3.0,34,122.787,11.783,76.821,34.183,,GF,2,83.0,69.0,63.0,False,722
imsa,2024,Sebring,Sebring International Raceway,race,609,14,GTDPRO,Ben Barnicoat,ben barnicoat,115,3.0,35,133.986,11.484,83.717,38.785,,FCY,3,83.2,69.0,63.0,False,722
imsa,2024,Sebring,Sebring International Raceway,race,609,14,GTDPRO,Ben Barnicoat,ben barnicoat,116,3.0,36,173.788,13.84,111.424,48.524,,GF,3,83.3,71.0,63.0,False,722
imsa,2024,Sebring,Sebring International Raceway,race,609,14,GTDPRO,Ben Barnicoat,ben barnicoat,117,3.0,37,122.516,11.635,76.795,34.086,,GF,4,83.3,72.0,63.0,False,722
imsa,2024,Sebring,Sebring International Raceway,race,609,14,GTDPRO,Ben Barnicoat,ben barnicoat,118,3.0,38,122.561,11.483,76.702,34.376,,GF,5,83.2,73.0,63.0,False,722
imsa,2024,Sebring,Sebring International Raceway,race,609,14,GTDPRO,Ben Barnicoat,ben barnicoat,119,3.0,39,122.227,11.607,76.426,34.194,,GF,6,83.3,74.0,63.0,False,722
imsa,2024,Sebring,Sebring International Raceway,race,609,14,GTDPRO,Ben Barnicoat,ben barnicoat,120,3.0,40,122.033,11.503,76.424,34.106,,GF,7,83.8,74.0,62.0,False,722
imsa,2024,Sebring,Sebring International Raceway,race,609,14,GTDPRO,Ben Barnicoat,ben barnicoat,121,3.0,41,122.256,11.491,76.522,34.243,,GF,8,83.9,74.0,61.0,False,722
imsa,2024,Sebring,Sebring International Raceway,race,609,14,GTDPRO,Ben Barnicoat,ben barnicoat,122,3.0,42,122.534,11.54,76.851,34.143,,GF,9,84.2,73.0,61.0,False,722
imsa,2024,Sebring,Sebring International Raceway,race,609,14,GTDPRO,Ben Barnicoat,ben barnicoat,123,3.0,43,121.946,11.596,76.318,34.032,,GF,10,84.3,74.0,61.0,False,722
imsa,2024,Sebring,Sebring International Raceway,race,609,14,GTDPRO,Ben Barnicoat,ben barnicoat,124,3.0,44,122.279,11.548,76.595,34.136,,GF,11,84.6,74.0,61.0,False,722
imsa,2024,Sebring,Sebring International Raceway,race,609,14,GTDPRO,Ben Barnicoat,ben barnicoat,125,3.0,45,122.485,11.537,76.763,34.185,,GF,12,84.9,75.0,59.0,False,722
imsa,2024,Sebring,Sebring International Raceway,race,609,14,GTDPRO,Ben Barnicoat,ben barnicoat,126,3.0,46,122.468,11.558,76.669,34.241,,GF,13,85.2,75.0,60.0,False,722
imsa,2024,Sebring,Sebring International Raceway,race,609,14,GTDPRO,Ben Barnicoat,ben barnicoat,127,3.0,47,123.283,11.568,77.324,34.391,,GF,14,85.2,75.0,59.0,False,722
imsa,2024,Sebring,Sebring International Raceway,race,609,14,GTDPRO,Ben Barnicoat,ben barnicoat,128,3.0,48,122.933,11.572,77.28,34.081,,GF,15,85.2,75.0,59.0,False,722
imsa,2024,Sebring,Sebring International Raceway,race,609,14,GTDPRO,Ben Barnicoat,ben barnicoat,129,3.0,49,122.199,11.545,76.49,34.164,,GF,16,85.4,75.0,58.0,False,722
imsa,2024,Sebring,Sebring International Raceway,race,609,14,GTDPRO,Ben Barnicoat,ben barnicoat,130,3.0,50,122.241,11.545,76.692,34.004,,GF,17,85.5,75.0,59.0,False,722
imsa,2024,Sebring,Sebring International Raceway,race,609,14,GTDPRO,Ben Barnicoat,ben barnicoat,131,3.0,51,122.213,11.469,76.656,34.088,,GF,18,85.9,75.0,58.0,False,722
imsa,2024,Sebring,Sebring International Raceway,race,609,14,GTDPRO,Ben Barnicoat,ben barnicoat,132,3.0,52,122.728,11.559,76.654,34.515,,GF,19,86.0,75.0,58.0,False,722
imsa,2024,Sebring,Sebring International Raceway,race,609,14,GTDPRO,Ben Barnicoat,ben barnicoat,133,3.0,53,122.32,11.526,76.71,34.084,,GF,20,86.2,75.0,58.0,False,722
imsa,2024,Sebring,Sebring International Raceway,race,609,14,GTDPRO,Ben Barnicoat,ben barnicoat,134,3.0,54,122.472,11.554,76.742,34.176,,GF,21,86.1,75.0,59.0,False,722
imsa,2024,Sebring,Sebring International Raceway,race,609,14,GTDPRO,Ben Barnicoat,ben barnicoat,135,3.0,55,122.366,11.555,76.614,34.197,,GF,22,86.2,75.0,59.0,False,722
imsa,2024,Sebring,Sebring International Raceway,race,609,14,GTDPRO,Ben Barnicoat,ben barnicoat,136,3.0,56,122.669,11.506,76.797,34.366,,GF,23,86.1,75.0,58.0,False,722
imsa,2024,Sebring,Sebring International Raceway,race,609,14,GTDPRO,Ben Barnicoat,ben barnicoat,137,3.0,57,123.097,11.513,77.327,34.257,,GF,24,85.9,76.0,59.0,False,722
imsa,2024,Sebring,Sebring International Raceway,race,609,14,GTDPRO,Ben Barnicoat,ben barnicoat,138,3.0,58,122.965,11.61,77.294,34.061,,GF,25,85.6,76.0,59.0,False,722
imsa,2024,Sebring,Sebring International Raceway,race,609,14,GTDPRO,Ben Barnicoat,ben barnicoat,139,3.0,59,122.243,11.444,76.534,34.265,,GF,26,85.5,76.0,58.0,False,722
imsa,2024,Sebring,Sebring International Raceway,race,609,14,GTDPRO,Ben Barnicoat,ben barnicoat,140,3.0,60,131.23,11.549,76.913,42.768,,GF,27,85.6,76.0,58.0,False,722
imsa,2024,Sebring,Sebring International Raceway,race,609,14,GTDPRO,Kyle Kirkwood,kyle kirkwood,141,4.0,0,189.446,75.013,79.741,34.692,75.651,GF,0,85.9,76.0,57.0,False,722
imsa,2024,Sebring,Sebring International Raceway,race,609,14,GTDPRO,Kyle Kirkwood,kyle kirkwood,142,4.0,1,123.105,11.732,76.977,34.396,,GF,0,86.0,76.0,57.0,False,722
imsa,2024,Sebring,Sebring International Raceway,race,609,14,GTDPRO,Kyle Kirkwood,kyle kirkwood,143,4.0,2,122.56,11.689,76.59,34.281,,GF,1,85.9,76.0,57.0,False,722
imsa,2024,Sebring,Sebring International Raceway,race,609,14,GTDPRO,Kyle Kirkwood,kyle kirkwood,144,4.0,3,122.379,11.491,76.769,34.119,,GF,2,85.9,76.0,58.0,False,722
imsa,2024,Sebring,Sebring International Raceway,race,609,14,GTDPRO,Kyle Kirkwood,kyle kirkwood,145,4.0,4,122.058,11.546,76.478,34.034,,GF,3,85.8,75.0,59.0,False,722
imsa,2024,Sebring,Sebring International Raceway,race,609,14,GTDPRO,Kyle Kirkwood,kyle kirkwood,146,4.0,5,122.068,11.533,76.251,34.284,,GF,4,85.6,75.0,59.0,False,722
imsa,2024,Sebring,Sebring International Raceway,race,609,14,GTDPRO,Kyle Kirkwood,kyle kirkwood,147,4.0,6,122.132,11.518,76.352,34.262,,GF,5,85.3,75.0,59.0,False,722
imsa,2024,Sebring,Sebring International Raceway,race,609,14,GTDPRO,Kyle Kirkwood,kyle kirkwood,148,4.0,7,123.184,11.524,77.333,34.327,,GF,6,84.9,75.0,60.0,False,722
imsa,2024,Sebring,Sebring International Raceway,race,609,14,GTDPRO,Kyle Kirkwood,kyle kirkwood,149,4.0,8,124.028,11.536,77.449,35.043,,GF,7,84.8,75.0,59.0,False,722
imsa,2024,Sebring,Sebring International Raceway,race,609,14,GTDPRO,Kyle Kirkwood,kyle kirkwood,150,4.0,9,122.735,11.588,76.927,34.22,,GF,8,84.8,75.0,60.0,False,722
imsa,2024,Sebring,Sebring International Raceway,race,609,14,GTDPRO,Kyle Kirkwood,kyle kirkwood,151,4.0,10,122.88,11.61,76.808,34.462,,GF,9,84.8,75.0,60.0,False,722
imsa,2024,Sebring,Sebring International Raceway,race,609,14,GTDPRO,Kyle Kirkwood,kyle kirkwood,152,4.0,11,122.129,11.588,76.378,34.163,,GF,10,84.9,75.0,59.0,False,722
imsa,2024,Sebring,Sebring International Raceway,race,609,14,GTDPRO,Kyle Kirkwood,kyle kirkwood,153,4.0,12,121.882,11.596,76.199,34.087,,GF,11,84.9,75.0,60.0,False,722
imsa,2024,Sebring,Sebring International Raceway,race,609,14,GTDPRO,Kyle Kirkwood,kyle kirkwood,154,4.0,13,122.617,11.501,76.441,34.675,,GF,12,85.1,75.0,59.0,False,722
imsa,2024,Sebring,Sebring International Raceway,race,609,14,GTDPRO,Kyle Kirkwood,kyle kirkwood,155,4.0,14,126.024,11.607,77.575,36.842,,FCY,13,85.2,75.0,60.0,False,722
imsa,2024,Sebring,Sebring International Raceway,race,609,14,GTDPRO,Kyle Kirkwood,kyle kirkwood,156,4.0,15,153.783,12.245,95.384,46.154,,FCY,13,85.1,75.0,59.0,False,722
imsa,2024,Sebring,Sebring International Raceway,race,609,14,GTDPRO,Kyle Kirkwood,kyle kirkwood,157,4.0,16,182.94,12.893,106.228,63.819,,FCY,13,84.9,75.0,59.0,False,722
imsa,2024,Sebring,Sebring International Raceway,race,609,14,GTDPRO,Kyle Kirkwood,kyle kirkwood,158,4.0,17,216.441,27.953,130.754,57.734,,FCY,13,84.9,75.0,59.0,False,722
imsa,2024,Sebring,Sebring International Raceway,race,609,14,GTDPRO,Kyle Kirkwood,kyle kirkwood,159,4.0,18,207.352,16.518,126.417,64.417,,FCY,13,84.9,75.0,59.0,False,722
imsa,2024,Sebring,Sebring International Raceway,race,609,14,GTDPRO,Kyle Kirkwood,kyle kirkwood,160,4.0,19,217.413,19.269,128.321,69.823,,FCY,13,84.9,75.0,59.0,False,722
imsa,2024,Sebring,Sebring International Raceway,race,609,14,GTDPRO,Kyle Kirkwood,kyle kirkwood,161,4.0,20,247.867,29.168,148.934,69.765,,FCY,13,85.4,75.0,58.0,False,722
imsa,2024,Sebring,Sebring International Raceway,race,609,14,GTDPRO,Kyle Kirkwood,kyle kirkwood,162,4.0,21,208.712,24.479,144.161,40.072,,GF,13,85.8,75.0,57.0,False,722
imsa,2024,Sebring,Sebring International Raceway,race,609,14,GTDPRO,Kyle Kirkwood,kyle kirkwood,163,4.0,22,123.723,11.744,77.435,34.544,,GF,14,85.8,75.0,57.0,False,722
imsa,2024,Sebring,Sebring International Raceway,race,609,14,GTDPRO,Kyle Kirkwood,kyle kirkwood,164,4.0,23,124.355,11.645,77.23,35.48,,GF,15,85.8,75.0,58.0,False,722
imsa,2024,Sebring,Sebring International Raceway,race,609,14,GTDPRO,Kyle Kirkwood,kyle kirkwood,165,4.0,24,122.801,11.658,76.936,34.207,,GF,16,85.9,75.0,57.0,False,722
imsa,2024,Sebring,Sebring International Raceway,race,609,14,GTDPRO,Kyle Kirkwood,kyle kirkwood,166,4.0,25,122.521,11.533,76.765,34.223,,GF,17,86.0,75.0,56.0,False,722
imsa,2024,Sebring,Sebring International Raceway,race,609,14,GTDPRO,Kyle Kirkwood,kyle kirkwood,167,4.0,26,122.542,11.475,76.841,34.226,,GF,18,86.1,75.0,56.0,False,722
imsa,2024,Sebring,Sebring International Raceway,race,609,14,GTDPRO,Kyle Kirkwood,kyle kirkwood,168,4.0,27,122.393,11.52,76.585,34.288,,GF,19,86.3,75.0,56.0,False,722
imsa,2024,Sebring,Sebring International Raceway,race,609,14,GTDPRO,Kyle Kirkwood,kyle kirkwood,169,4.0,28,122.596,11.567,76.798,34.231,,GF,20,86.4,75.0,56.0,False,722
imsa,2024,Sebring,Sebring International Raceway,race,609,14,GTDPRO,Kyle Kirkwood,kyle kirkwood,170,4.0,29,122.762,11.516,76.978,34.268,,GF,21,86.5,75.0,56.0,False,722
imsa,2024,Sebring,Sebring International Raceway,race,609,14,GTDPRO,Kyle Kirkwood,kyle kirkwood,171,4.0,30,122.836,11.621,77.006,34.209,,GF,22,86.5,75.0,55.0,False,722
imsa,2024,Sebring,Sebring International Raceway,race,609,14,GTDPRO,Kyle Kirkwood,kyle kirkwood,172,4.0,31,123.404,11.529,77.608,34.267,,GF,23,86.4,75.0,54.0,False,722
imsa,2024,Sebring,Sebring International Raceway,race,609,14,GTDPRO,Kyle Kirkwood,kyle kirkwood,173,4.0,32,122.639,11.536,76.986,34.117,,GF,24,86.3,75.0,55.0,False,722
imsa,2024,Sebring,Sebring International Raceway,race,609,14,GTDPRO,Kyle Kirkwood,kyle kirkwood,174,4.0,33,131.729,11.498,76.921,43.31,,GF,25,86.5,75.0,55.0,False,722
imsa,2024,Sebring,Sebring International Raceway,race,609,14,GTDPRO,Jack Hawksworth,jack hawksworth,175,5.0,0,190.623,76.376,79.631,34.616,76.272,GF,0,86.6,75.0,54.0,False,722
imsa,2024,Sebring,Sebring International Raceway,race,609,14,GTDPRO,Jack Hawksworth,jack hawksworth,176,5.0,1,124.05,11.936,77.414,34.7,,GF,0,86.6,75.0,55.0,False,722
imsa,2024,Sebring,Sebring International Raceway,race,609,14,GTDPRO,Jack Hawksworth,jack hawksworth,177,5.0,2,121.466,11.603,75.682,34.181,,GF,1,86.8,75.0,55.0,False,722
imsa,2024,Sebring,Sebring International Raceway,race,609,14,GTDPRO,Jack Hawksworth,jack hawksworth,178,5.0,3,121.427,11.459,75.772,34.196,,GF,2,87.1,75.0,55.0,False,722
imsa,2024,Sebring,Sebring International Raceway,race,609,14,GTDPRO,Jack Hawksworth,jack hawksworth,179,5.0,4,121.488,11.464,75.831,34.193,,GF,3,87.1,75.0,55.0,False,722
imsa,2024,Sebring,Sebring International Raceway,race,609,14,GTDPRO,Jack Hawksworth,jack hawksworth,180,5.0,5,122.2,11.476,75.849,34.875,,GF,4,86.8,75.0,55.0,False,722
imsa,2024,Sebring,Sebring International Raceway,race,609,14,GTDPRO,Jack Hawksworth,jack hawksworth,181,5.0,6,122.08,11.524,76.336,34.22,,GF,5,86.6,75.0,55.0,False,722
imsa,2024,Sebring,Sebring International Raceway,race,609,14,GTDPRO,Jack Hawksworth,jack hawksworth,182,5.0,7,121.847,11.546,76.149,34.152,,GF,6,86.4,75.0,55.0,False,722
imsa,2024,Sebring,Sebring International Raceway,race,609,14,GTDPRO,Jack Hawksworth,jack hawksworth,183,5.0,8,122.235,11.519,76.284,34.432,,GF,7,86.5,75.0,56.0,False,722
imsa,2024,Sebring,Sebring International Raceway,race,609,14,GTDPRO,Jack Hawksworth,jack hawksworth,184,5.0,9,123.921,12.442,77.165,34.314,,GF,8,86.4,75.0,55.0,False,722
imsa,2024,Sebring,Sebring International Raceway,race,609,14,GTDPRO,Jack Hawksworth,jack hawksworth,185,5.0,10,122.403,11.52,76.264,34.619,,GF,9,86.3,75.0,55.0,False,722
imsa,2024,Sebring,Sebring International Raceway,race,609,14,GTDPRO,Jack Hawksworth,jack hawksworth,186,5.0,11,122.504,11.519,76.543,34.442,,GF,10,86.1,75.0,56.0,False,722
imsa,2024,Sebring,Sebring International Raceway,race,609,14,GTDPRO,Jack Hawksworth,jack hawksworth,187,5.0,12,121.999,11.525,76.389,34.085,,GF,11,86.2,75.0,56.0,False,722
imsa,2024,Sebring,Sebring International Raceway,race,609,14,GTDPRO,Jack Hawksworth,jack hawksworth,188,5.0,13,121.586,11.458,76.017,34.111,,GF,12,86.4,75.0,55.0,False,722
imsa,2024,Sebring,Sebring International Raceway,race,609,14,GTDPRO,Jack Hawksworth,jack hawksworth,189,5.0,14,122.515,11.413,76.606,34.496,,GF,13,86.6,75.0,54.0,False,722
imsa,2024,Sebring,Sebring International Raceway,race,609,14,GTDPRO,Jack Hawksworth,jack hawksworth,190,5.0,15,122.931,11.585,76.867,34.479,,GF,14,86.8,75.0,54.0,False,722
imsa,2024,Sebring,Sebring International Raceway,race,609,14,GTDPRO,Jack Hawksworth,jack hawksworth,191,5.0,16,122.884,11.588,76.619,34.677,,GF,15,87.0,75.0,54.0,False,722
imsa,2024,Sebring,Sebring International Raceway,race,609,14,GTDPRO,Jack Hawksworth,jack hawksworth,192,5.0,17,122.813,11.485,76.912,34.416,,GF,16,87.2,75.0,54.0,False,722
imsa,2024,Sebring,Sebring International Raceway,race,609,14,GTDPRO,Jack Hawksworth,jack hawksworth,193,5.0,18,123.315,11.794,77.048,34.473,,GF,17,87.2,75.0,54.0,False,722
imsa,2024,Sebring,Sebring International Raceway,race,609,14,GTDPRO,Jack Hawksworth,jack hawksworth,194,5.0,19,122.435,11.616,76.612,34.207,,GF,18,87.1,75.0,54.0,False,722
imsa,2024,Sebring,Sebring International Raceway,race,609,14,GTDPRO,Jack Hawksworth,jack hawksworth,195,5.0,20,122.365,11.5,76.594,34.271,,GF,19,86.9,75.0,54.0,False,722
imsa,2024,Sebring,Sebring International Raceway,race,609,14,GTDPRO,Jack Hawksworth,jack hawksworth,196,5.0,21,122.229,11.502,76.442,34.285,,GF,20,86.8,75.0,54.0,False,722
imsa,2024,Sebring,Sebring International Raceway,race,609,14,GTDPRO,Jack Hawksworth,jack hawksworth,197,5.0,22,122.195,11.5,76.198,34.497,,GF,21,86.8,75.0,54.0,False,722
imsa,2024,Sebring,Sebring International Raceway,race,609,14,GTDPRO,Jack Hawksworth,jack hawksworth,198,5.0,23,124.742,11.484,77.425,35.833,,FCY,22,87.0,75.0,54.0,False,722
imsa,2024,Sebring,Sebring International Raceway,race,609,14,GTDPRO,Jack Hawksworth,jack hawksworth,199,5.0,24,140.724,13.734,86.497,40.493,,FCY,22,87.2,75.0,54.0,False,722
imsa,2024,Sebring,Sebring International Raceway,race,609,14,GTDPRO,Jack Hawksworth,jack hawksworth,200,5.0,25,193.418,14.768,110.878,67.772,,FCY,22,87.4,75.0,53.0,False,722
imsa,2024,Sebring,Sebring International Raceway,race,609,14,GTDPRO,Jack Hawksworth,jack hawksworth,201,5.0,26,226.661,17.925,149.368,59.368,,FCY,22,87.2,75.0,53.0,False,722
imsa,2024,Sebring,Sebring International Raceway,race,609,14,GTDPRO,Jack Hawksworth,jack hawksworth,202,5.0,27,205.894,13.778,123.061,69.055,,FCY,22,87.1,75.0,54.0,False,722
imsa,2024,Sebring,Sebring International Raceway,race,609,14,GTDPRO,Ben Barnicoat,ben barnicoat,203,6.0,0,236.943,72.111,99.375,65.457,71.751,FCY,0,86.9,75.0,55.0,False,722
imsa,2024,Sebring,Sebring International Raceway,race,609,14,GTDPRO,Ben Barnicoat,ben barnicoat,204,6.0,1,230.965,21.462,134.769,74.734,,FCY,0,86.9,75.0,54.0,False,722
imsa,2024,Sebring,Sebring International Raceway,race,609,14,GTDPRO,Ben Barnicoat,ben barnicoat,205,6.0,2,191.822,21.628,126.946,43.248,,GF,0,86.7,75.0,55.0,False,722
imsa,2024,Sebring,Sebring International Raceway,race,609,14,GTDPRO,Ben Barnicoat,ben barnicoat,206,6.0,3,124.692,11.823,78.219,34.65,,GF,1,86.6,75.0,55.0,False,722
imsa,2024,Sebring,Sebring International Raceway,race,609,14,GTDPRO,Ben Barnicoat,ben barnicoat,207,6.0,4,124.148,11.782,77.745,34.621,,GF,2,86.5,75.0,55.0,False,722
imsa,2024,Sebring,Sebring International Raceway,race,609,14,GTDPRO,Ben Barnicoat,ben barnicoat,208,6.0,5,130.37,11.736,77.133,41.501,,FCY,3,86.5,75.0,54.0,False,722
imsa,2024,Sebring,Sebring International Raceway,race,609,14,GTDPRO,Ben Barnicoat,ben barnicoat,209,6.0,6,145.229,14.016,91.304,39.909,,FCY,3,86.5,75.0,55.0,False,722
imsa,2024,Sebring,Sebring International Raceway,race,609,14,GTDPRO,Ben Barnicoat,ben barnicoat,210,6.0,7,175.538,13.294,92.93,69.314,,FCY,3,86.5,75.0,55.0,False,722
imsa,2024,Sebring,Sebring International Raceway,race,609,14,GTDPRO,Ben Barnicoat,ben barnicoat,211,6.0,8,192.241,19.435,129.365,43.441,,GF,3,86.6,75.0,56.0,False,722
imsa,2024,Sebring,Sebring International Raceway,race,609,14,GTDPRO,Ben Barnicoat,ben barnicoat,212,6.0,9,122.868,11.811,76.872,34.185,,GF,4,86.6,75.0,55.0,False,722
imsa,2024,Sebring,Sebring International Raceway,race,609,14,GTDPRO,Ben Barnicoat,ben barnicoat,213,6.0,10,124.278,11.783,78.259,34.236,,GF,5,86.6,75.0,55.0,False,722
imsa,2024,Sebring,Sebring International Raceway,race,609,14,GTDPRO,Ben Barnicoat,ben barnicoat,214,6.0,11,122.116,11.64,76.409,34.067,,GF,6,86.6,75.0,55.0,False,722
imsa,2024,Sebring,Sebring International Raceway,race,609,14,GTDPRO,Ben Barnicoat,ben barnicoat,215,6.0,12,122.062,11.624,76.044,34.394,,GF,7,86.7,75.0,56.0,False,722
imsa,2024,Sebring,Sebring International Raceway,race,609,14,GTDPRO,Ben Barnicoat,ben barnicoat,216,6.0,13,122.273,11.557,76.468,34.248,,GF,8,86.7,75.0,56.0,False,722
imsa,2024,Sebring,Sebring International Raceway,race,609,14,GTDPRO,Ben Barnicoat,ben barnicoat,217,6.0,14,122.294,11.629,76.515,34.15,,GF,9,86.8,75.0,55.0,False,722
imsa,2024,Sebring,Sebring International Raceway,race,609,14,GTDPRO,Ben Barnicoat,ben barnicoat,218,6.0,15,121.98,11.501,76.327,34.152,,GF,10,86.6,75.0,55.0,False,722
imsa,2024,Sebring,Sebring International Raceway,race,609,14,GTDPRO,Ben Barnicoat,ben barnicoat,219,6.0,16,122.753,11.88,76.517,34.356,,GF,11,86.7,75.0,55.0,False,722
imsa,2024,Sebring,Sebring International Raceway,race,609,14,GTDPRO,Ben Barnicoat,ben barnicoat,220,6.0,17,124.203,11.71,77.92,34.573,,GF,12,86.6,75.0,55.0,False,722
imsa,2024,Sebring,Sebring International Raceway,race,609,14,GTDPRO,Ben Barnicoat,ben barnicoat,221,6.0,18,123.115,11.839,77.368,33.908,,GF,13,86.5,76.0,54.0,False,722
imsa,2024,Sebring,Sebring International Raceway,race,609,14,GTDPRO,Ben Barnicoat,ben barnicoat,222,6.0,19,121.966,11.458,76.347,34.161,,GF,14,86.5,76.0,55.0,False,722
imsa,2024,Sebring,Sebring International Raceway,race,609,14,GTDPRO,Ben Barnicoat,ben barnicoat,223,6.0,20,121.697,11.447,76.039,34.211,,GF,15,86.4,76.0,54.0,False,722
imsa,2024,Sebring,Sebring International Raceway,race,609,14,GTDPRO,Ben Barnicoat,ben barnicoat,224,6.0,21,121.94,11.78,76.196,33.964,,GF,16,86.4,76.0,55.0,False,722
imsa,2024,Sebring,Sebring International Raceway,race,609,14,GTDPRO,Ben Barnicoat,ben barnicoat,225,6.0,22,121.836,11.494,76.033,34.309,,GF,17,86.4,76.0,55.0,False,722
imsa,2024,Sebring,Sebring International Raceway,race,609,14,GTDPRO,Ben Barnicoat,ben barnicoat,226,6.0,23,121.777,11.597,76.217,33.963,,GF,18,86.5,76.0,55.0,False,722
imsa,2024,Sebring,Sebring International Raceway,race,609,14,GTDPRO,Ben Barnicoat,ben barnicoat,227,6.0,24,121.268,11.406,75.88,33.982,,GF,19,86.5,76.0,55.0,False,722
imsa,2024,Sebring,Sebring International Raceway,race,609,14,GTDPRO,Ben Barnicoat,ben barnicoat,228,6.0,25,121.584,11.457,76.161,33.966,,GF,20,86.5,76.0,55.0,False,722
imsa,2024,Sebring,Sebring International Raceway,race,609,14,GTDPRO,Ben Barnicoat,ben barnicoat,229,6.0,26,121.58,11.451,76.161,33.968,,GF,21,86.5,76.0,55.0,False,722
imsa,2024,Sebring,Sebring International Raceway,race,609,14,GTDPRO,Ben Barnicoat,ben barnicoat,230,6.0,27,121.943,11.441,76.086,34.416,,GF,22,86.5,75.0,55.0,False,722
imsa,2024,Sebring,Sebring International Raceway,race,609,14,GTDPRO,Ben Barnicoat,ben barnicoat,231,6.0,28,122.499,11.48,76.654,34.365,,GF,23,86.5,75.0,55.0,False,722
imsa,2024,Sebring,Sebring International Raceway,race,609,14,GTDPRO,Ben Barnicoat,ben barnicoat,232,6.0,29,122.081,11.444,76.323,34.314,,GF,24,86.4,75.0,55.0,False,722
imsa,2024,Sebring,Sebring International Raceway,race,609,14,GTDPRO,Ben Barnicoat,ben barnicoat,233,6.0,30,123.363,11.484,76.742,35.137,,GF,25,86.3,75.0,56.0,False,722
imsa,2024,Sebring,Sebring International Raceway,race,609,14,GTDPRO,Ben Barnicoat,ben barnicoat,234,6.0,31,131.47,11.534,76.806,43.13,,GF,26,86.1,76.0,55.0,False,722
imsa,2024,Sebring,Sebring International Raceway,race,609,14,GTDPRO,Ben Barnicoat,ben barnicoat,235,6.0,32,208.199,75.619,91.352,41.228,75.948,FCY,0,85.8,76.0,56.0,False,722
imsa,2024,Sebring,Sebring International Raceway,race,609,14,GTDPRO,Ben Barnicoat,ben barnicoat,236,6.0,33,185.487,15.857,126.647,42.983,,FCY,0,85.6,76.0,57.0,False,722
imsa,2024,Sebring,Sebring International Raceway,race,609,14,GTDPRO,Ben Barnicoat,ben barnicoat,237,6.0,34,146.253,13.342,87.551,45.36,,FCY,0,85.5,76.0,57.0,False,722
imsa,2024,Sebring,Sebring International Raceway,race,609,14,GTDPRO,Ben Barnicoat,ben barnicoat,238,6.0,35,157.631,14.404,96.706,46.521,,FCY,0,85.2,76.0,57.0,False,722
imsa,2024,Sebring,Sebring International Raceway,race,609,14,GTDPRO,Ben Barnicoat,ben barnicoat,239,6.0,36,175.418,17.544,104.933,52.941,,FCY,0,85.1,76.0,58.0,False,722
imsa,2024,Sebring,Sebring International Raceway,race,609,14,GTDPRO,Ben Barnicoat,ben barnicoat,240,6.0,37,194.383,14.228,117.837,62.318,,FCY,0,84.8,76.0,58.0,False,722
imsa,2024,Sebring,Sebring International Raceway,race,609,14,GTDPRO,Ben Barnicoat,ben barnicoat,241,6.0,38,206.127,18.885,135.075,52.167,,GF,0,84.6,76.0,59.0,False,722
imsa,2024,Sebring,Sebring International Raceway,race,609,14,GTDPRO,Ben Barnicoat,ben barnicoat,242,6.0,39,124.257,11.945,77.992,34.32,,GF,1,84.6,76.0,59.0,False,722
imsa,2024,Sebring,Sebring International Raceway,race,609,14,GTDPRO,Ben Barnicoat,ben barnicoat,243,6.0,40,123.38,11.832,77.315,34.233,,GF,2,84.5,76.0,60.0,False,722
imsa,2024,Sebring,Sebring International Raceway,race,609,14,GTDPRO,Ben Barnicoat,ben barnicoat,244,6.0,41,123.432,11.588,77.374,34.47,,GF,3,84.4,76.0,60.0,False,722
imsa,2024,Sebring,Sebring International Raceway,race,609,14,GTDPRO,Ben Barnicoat,ben barnicoat,245,6.0,42,123.219,11.681,77.097,34.441,,GF,4,84.3,76.0,60.0,False,722
imsa,2024,Sebring,Sebring International Raceway,race,609,14,GTDPRO,Ben Barnicoat,ben barnicoat,246,6.0,43,124.03,11.83,77.928,34.272,,GF,5,84.2,76.0,60.0,False,722
imsa,2024,Sebring,Sebring International Raceway,race,609,14,GTDPRO,Ben Barnicoat,ben barnicoat,247,6.0,44,122.872,11.614,76.964,34.294,,GF,6,84.2,76.0,60.0,False,722
imsa,2024,Sebring,Sebring International Raceway,race,609,14,GTDPRO,Ben Barnicoat,ben barnicoat,248,6.0,45,122.49,11.636,76.619,34.235,,GF,7,84.0,76.0,61.0,False,722
imsa,2024,Sebring,Sebring International Raceway,race,609,14,GTDPRO,Ben Barnicoat,ben barnicoat,249,6.0,46,123.551,11.503,77.386,34.662,,GF,8,84.0,76.0,61.0,False,722
imsa,2024,Sebring,Sebring International Raceway,race,609,14,GTDPRO,Ben Barnicoat,ben barnicoat,250,6.0,47,122.72,11.54,76.739,34.441,,GF,9,84.0,76.0,61.0,False,722
imsa,2024,Sebring,Sebring International Raceway,race,609,14,GTDPRO,Ben Barnicoat,ben barnicoat,251,6.0,48,123.287,11.798,77.309,34.18,,GF,10,84.0,76.0,61.0,False,722
imsa,2024,Sebring,Sebring International Raceway,race,609,14,GTDPRO,Ben Barnicoat,ben barnicoat,252,6.0,49,122.118,11.506,76.545,34.067,,GF,11,83.9,76.0,61.0,False,722
imsa,2024,Sebring,Sebring International Raceway,race,609,14,GTDPRO,Ben Barnicoat,ben barnicoat,253,6.0,50,121.598,11.455,76.081,34.062,,GF,12,83.9,76.0,61.0,False,722
imsa,2024,Sebring,Sebring International Raceway,race,609,14,GTDPRO,Ben Barnicoat,ben barnicoat,254,6.0,51,121.913,11.486,76.135,34.292,,GF,13,83.8,76.0,61.0,False,722
imsa,2024,Sebring,Sebring International Raceway,race,609,14,GTDPRO,Ben Barnicoat,ben barnicoat,255,6.0,52,122.935,11.519,77.173,34.243,,GF,14,83.8,76.0,61.0,False,722
imsa,2024,Sebring,Sebring International Raceway,race,609,14,GTDPRO,Ben Barnicoat,ben barnicoat,256,6.0,53,123.52,11.526,76.582,35.412,,GF,15,83.7,76.0,61.0,False,722
imsa,2024,Sebring,Sebring International Raceway,race,609,14,GTDPRO,Ben Barnicoat,ben barnicoat,257,6.0,54,122.034,11.472,76.301,34.261,,GF,16,83.6,76.0,62.0,False,722
imsa,2024,Sebring,Sebring International Raceway,race,609,14,GTDPRO,Ben Barnicoat,ben barnicoat,258,6.0,55,121.629,11.46,76.2,33.969,,GF,17,83.5,76.0,63.0,False,722
imsa,2024,Sebring,Sebring International Raceway,race,609,14,GTDPRO,Ben Barnicoat,ben barnicoat,259,6.0,56,121.432,11.482,75.985,33.965,,GF,18,83.3,76.0,63.0,False,722
imsa,2024,Sebring,Sebring International Raceway,race,609,14,GTDPRO,Ben Barnicoat,ben barnicoat,260,6.0,57,121.679,11.459,76.127,34.093,,GF,19,83.1,76.0,63.0,False,722
imsa,2024,Sebring,Sebring International Raceway,race,609,14,GTDPRO,Ben Barnicoat,ben barnicoat,261,6.0,58,122.206,11.462,76.149,34.595,,GF,20,83.0,76.0,63.0,False,722
imsa,2024,Sebring,Sebring International Raceway,race,609,14,GTDPRO,Ben Barnicoat,ben barnicoat,262,6.0,59,122.846,11.512,77.25,34.084,,GF,21,82.9,76.0,63.0,False,722
imsa,2024,Sebring,Sebring International Raceway,race,609,14,GTDPRO,Ben Barnicoat,ben barnicoat,263,6.0,60,122.908,11.474,76.747,34.687,,GF,22,82.8,76.0,64.0,False,722
imsa,2024,Sebring,Sebring International Raceway,race,609,14,GTDPRO,Ben Barnicoat,ben barnicoat,264,6.0,61,122.281,11.547,76.507,34.227,,GF,23,82.7,76.0,64.0,False,722
imsa,2024,Sebring,Sebring International Raceway,race,609,14,GTDPRO,Ben Barnicoat,ben barnicoat,265,6.0,62,123.029,11.53,76.888,34.611,,GF,24,82.6,76.0,64.0,False,722
imsa,2024,Sebring,Sebring International Raceway,race,609,14,GTDPRO,Ben Barnicoat,ben barnicoat,266,6.0,63,121.89,11.45,76.338,34.102,,GF,25,82.5,76.0,64.0,False,722
imsa,2024,Sebring,Sebring International Raceway,race,609,14,GTDPRO,Ben Barnicoat,ben barnicoat,267,6.0,64,132.025,11.544,76.86,43.621,,GF,26,82.5,76.0,64.0,False,722
imsa,2024,Sebring,Sebring International Raceway,race,609,14,GTDPRO,Jack Hawksworth,jack hawksworth,268,7.0,0,190.363,77.198,78.309,34.856,77.307,GF,0,82.3,76.0,64.0,False,722
imsa,2024,Sebring,Sebring International Raceway,race,609,14,GTDPRO,Jack Hawksworth,jack hawksworth,269,7.0,1,122.561,11.936,76.44,34.185,,GF,0,82.2,76.0,65.0,False,722
imsa,2024,Sebring,Sebring International Raceway,race,609,14,GTDPRO,Jack Hawksworth,jack hawksworth,270,7.0,2,121.774,11.481,76.049,34.244,,GF,1,82.1,76.0,65.0,False,722
imsa,2024,Sebring,Sebring International Raceway,race,609,14,GTDPRO,Jack Hawksworth,jack hawksworth,271,7.0,3,122.819,11.699,76.93,34.19,,GF,2,82.0,76.0,65.0,False,722
imsa,2024,Sebring,Sebring International Raceway,race,609,14,GTDPRO,Jack Hawksworth,jack hawksworth,272,7.0,4,122.901,11.659,77.01,34.232,,GF,3,82.0,76.0,65.0,False,722
imsa,2024,Sebring,Sebring International Raceway,race,609,14,GTDPRO,Jack Hawksworth,jack hawksworth,273,7.0,5,122.407,11.573,76.409,34.425,,GF,4,82.0,76.0,65.0,False,722
imsa,2024,Sebring,Sebring International Raceway,race,609,14,GTDPRO,Jack Hawksworth,jack hawksworth,274,7.0,6,121.777,11.56,75.955,34.262,,GF,5,81.9,76.0,65.0,False,722
imsa,2024,Sebring,Sebring International Raceway,race,609,14,GTDPRO,Jack Hawksworth,jack hawksworth,275,7.0,7,122.089,11.664,76.313,34.112,,GF,6,81.8,76.0,65.0,False,722
imsa,2024,Sebring,Sebring International Raceway,race,609,14,GTDPRO,Jack Hawksworth,jack hawksworth,276,7.0,8,121.717,11.511,75.949,34.257,,GF,7,81.8,76.0,66.0,False,722
imsa,2024,Sebring,Sebring International Raceway,race,609,14,GTDPRO,Jack Hawksworth,jack hawksworth,277,7.0,9,121.654,11.504,76.097,34.053,,GF,8,81.6,76.0,66.0,False,722
imsa,2024,Sebring,Sebring International Raceway,race,609,14,GTDPRO,Jack Hawksworth,jack hawksworth,278,7.0,10,122.204,11.514,76.358,34.332,,GF,9,81.5,76.0,66.0,False,722
imsa,2024,Sebring,Sebring International Raceway,race,609,14,GTDPRO,Jack Hawksworth,jack hawksworth,279,7.0,11,121.896,11.586,76.122,34.188,,GF,10,81.4,76.0,66.0,False,722
imsa,2024,Sebring,Sebring International Raceway,race,609,14,GTDPRO,Jack Hawksworth,jack hawksworth,280,7.0,12,121.36,11.441,75.842,34.077,,GF,11,81.4,76.0,66.0,False,722
imsa,2024,Sebring,Sebring International Raceway,race,609,14,GTDPRO,Jack Hawksworth,jack hawksworth,281,7.0,13,122.224,11.58,76.249,34.395,,GF,12,81.2,76.0,66.0,False,722
imsa,2024,Sebring,Sebring International Raceway,race,609,14,GTDPRO,Jack Hawksworth,jack hawksworth,282,7.0,14,122.396,11.569,76.5,34.327,,GF,13,81.1,76.0,67.0,False,722
imsa,2024,Sebring,Sebring International Raceway,race,609,14,GTDPRO,Jack Hawksworth,jack hawksworth,283,7.0,15,122.825,11.514,76.756,34.555,,FCY,14,81.0,76.0,67.0,False,722
imsa,2024,Sebring,Sebring International Raceway,race,609,14,GTDPRO,Jack Hawksworth,jack hawksworth,284,7.0,16,140.394,13.182,89.287,37.925,,FCY,14,80.9,76.0,67.0,False,722
imsa,2024,Sebring,Sebring International Raceway,race,609,14,GTDPRO,Jack Hawksworth,jack hawksworth,285,7.0,17,146.106,12.506,84.109,49.491,,FCY,14,80.8,76.0,67.0,False,722
imsa,2024,Sebring,Sebring International Raceway,race,609,14,GTDPRO,Jack Hawksworth,jack hawksworth,286,7.0,18,225.64,26.404,132.114,67.122,,FCY,14,80.6,75.0,68.0,False,722
imsa,2024,Sebring,Sebring International Raceway,race,609,14,GTDPRO,Jack Hawksworth,jack hawksworth,287,7.0,19,189.572,17.286,105.531,66.755,,FCY,14,80.4,75.0,68.0,False,722
imsa,2024,Sebring,Sebring International Raceway,race,609,14,GTDPRO,Jack Hawksworth,jack hawksworth,288,7.0,20,214.162,64.486,91.557,58.119,63.965,FCY,0,80.3,75.0,69.0,False,722
imsa,2024,Sebring,Sebring International Raceway,race,609,14,GTDPRO,Jack Hawksworth,jack hawksworth,289,7.0,21,232.083,25.576,132.587,73.92,,FCY,0,80.0,75.0,69.0,False,722
imsa,2024,Sebring,Sebring International Raceway,race,609,14,GTDPRO,Jack Hawksworth,jack hawksworth,290,7.0,22,183.29,21.661,117.728,43.901,,GF,0,79.8,75.0,69.0,False,722
imsa,2024,Sebring,Sebring International Raceway,race,609,14,GTDPRO,Jack Hawksworth,jack hawksworth,291,7.0,23,125.174,11.931,78.519,34.724,,GF,1,79.7,75.0,69.0,False,722
imsa,2024,Sebring,Sebring International Raceway,race,609,14,GTDPRO,Jack Hawksworth,jack hawksworth,292,7.0,24,123.893,11.799,77.602,34.492,,GF,2,79.6,75.0,69.0,False,722
imsa,2024,Sebring,Sebring International Raceway,race,609,14,GTDPRO,Jack Hawksworth,jack hawksworth,293,7.0,25,123.328,11.639,77.323,34.366,,GF,3,79.5,75.0,69.0,False,722
imsa,2024,Sebring,Sebring International Raceway,race,609,14,GTDPRO,Jack Hawksworth,jack hawksworth,294,7.0,26,122.786,11.535,76.92,34.331,,GF,4,79.4,75.0,69.0,False,722
imsa,2024,Sebring,Sebring International Raceway,race,609,14,GTDPRO,Jack Hawksworth,jack hawksworth,295,7.0,27,122.816,11.589,76.906,34.321,,GF,5,79.3,75.0,70.0,False,722
imsa,2024,Sebring,Sebring International Raceway,race,609,14,GTDPRO,Jack Hawksworth,jack hawksworth,296,7.0,28,148.864,11.562,92.606,44.696,,FCY,6,79.2,75.0,70.0,False,722
imsa,2024,Sebring,Sebring International Raceway,race,609,14,GTDPRO,Jack Hawksworth,jack hawksworth,297,7.0,29,174.398,13.636,85.564,75.198,,FCY,6,79.1,75.0,70.0,False,722
imsa,2024,Sebring,Sebring International Raceway,race,609,14,GTDPRO,Jack Hawksworth,jack hawksworth,298,7.0,30,184.525,21.23,114.358,48.937,,GF,6,78.9,75.0,70.0,False,722
imsa,2024,Sebring,Sebring International Raceway,race,609,14,GTDPRO,Jack Hawksworth,jack hawksworth,299,7.0,31,123.458,11.842,77.303,34.313,,GF,7,78.8,75.0,70.0,False,722
imsa,2024,Sebring,Sebring International Raceway,race,609,14,GTDPRO,Jack Hawksworth,jack hawksworth,300,7.0,32,122.447,11.636,76.541,34.27,,GF,8,78.7,75.0,71.0,False,722
imsa,2024,Sebring,Sebring International Raceway,race,609,14,GTDPRO,Jack Hawksworth,jack hawksworth,301,7.0,33,152.086,11.668,94.525,45.893,,FCY,9,78.7,75.0,71.0,False,722
imsa,2024,Sebring,Sebring International Raceway,race,609,14,GTDPRO,Jack Hawksworth,jack hawksworth,302,7.0,34,206.93,12.651,128.399,65.88,,FCY,9,78.5,75.0,71.0,False,722
imsa,2024,Sebring,Sebring International Raceway,race,609,14,GTDPRO,Jack Hawksworth,jack hawksworth,303,7.0,35,185.33,20.059,108.761,56.51,,FCY,9,78.4,75.0,71.0,False,722
imsa,2024,Sebring,Sebring International Raceway,race,609,14,GTDPRO,Jack Hawksworth,jack hawksworth,304,7.0,36,207.289,16.699,133.961,56.629,,GF,9,78.2,75.0,71.0,False,722
imsa,2024,Sebring,Sebring International Raceway,race,609,14,GTDPRO,Jack Hawksworth,jack hawksworth,305,7.0,37,123.663,11.823,77.414,34.426,,GF,10,78.1,75.0,71.0,False,722
imsa,2024,Sebring,Sebring International Raceway,race,609,14,GTDPRO,Jack Hawksworth,jack hawksworth,306,7.0,38,123.024,11.627,76.971,34.426,,GF,11,77.9,75.0,71.0,False,722
imsa,2024,Sebring,Sebring International Raceway,race,609,14,GTDPRO,Jack Hawksworth,jack hawksworth,307,7.0,39,122.362,11.657,76.471,34.234,,GF,12,77.9,75.0,72.0,False,722
imsa,2024,Sebring,Sebring International Raceway,race,609,14,GTDPRO,Jack Hawksworth,jack hawksworth,308,7.0,40,122.116,11.525,76.347,34.244,,GF,13,77.9,75.0,72.0,False,722
imsa,2024,Sebring,Sebring International Raceway,race,609,14,GTDPRO,Jack Hawksworth,jack hawksworth,309,7.0,41,122.478,11.631,76.587,34.26,,GF,14,77.7,75.0,72.0,False,722
imsa,2024,Sebring,Sebring International Raceway,race,609,14,GTDPRO,Jack Hawksworth,jack hawksworth,310,7.0,42,122.55,11.684,76.592,34.274,,GF,15,77.6,75.0,72.0,False,722
imsa,2024,Sebring,Sebring International Raceway,race,609,14,GTDPRO,Jack Hawksworth,jack hawksworth,311,7.0,43,122.137,11.554,76.403,34.18,,GF,16,77.5,75.0,72.0,False,722
imsa,2024,Sebring,Sebring International Raceway,race,609,14,GTDPRO,Jack Hawksworth,jack hawksworth,312,7.0,44,122.801,11.551,76.682,34.568,,GF,17,77.5,75.0,72.0,False,722
imsa,2024,Sebring,Sebring International Raceway,race,609,14,GTDPRO,Jack Hawksworth,jack hawksworth,313,7.0,45,123.236,11.599,76.892,34.745,,GF,18,77.5,75.0,72.0,False,722
imsa,2024,Sebring,Sebring International Raceway,race,609,14,GTDPRO,Jack Hawksworth,jack hawksworth,314,7.0,46,123.67,11.629,77.317,34.724,,GF,19,77.4,75.0,72.0,False,722
imsa,2024,Sebring,Sebring International Raceway,race,609,14,GTDPRO,Jack Hawksworth,jack hawksworth,315,7.0,47,123.108,11.622,76.74,34.746,,GF,20,77.5,75.0,72.0,False,722
imsa,2024,Sebring,Sebring International Raceway,race,609,14,GTDPRO,Jack Hawksworth,jack hawksworth,316,7.0,48,123.049,11.696,76.87,34.483,,FF,21,77.4,75.0,72.0,False,722
imsa,2024,Sebring,Sebring International Raceway,race,609,19,GTDPRO,Franck Perera,franck perera,1,1.0,0,149.089,35.9,78.683,34.506,,GF,0,71.6,74.0,85.0,False,722
imsa,2024,Sebring,Sebring International Raceway,race,609,19,GTDPRO,Franck Perera,franck perera,2,1.0,1,122.206,11.483,76.412,34.311,,GF,0,71.9,75.0,85.0,False,722
imsa,2024,Sebring,Sebring International Raceway,race,609,19,GTDPRO,Franck Perera,franck perera,3,1.0,2,122.123,11.623,76.128,34.372,,GF,1,72.3,75.0,85.0,False,722
imsa,2024,Sebring,Sebring International Raceway,race,609,19,GTDPRO,Franck Perera,franck perera,4,1.0,3,122.205,11.565,76.243,34.397,,GF,2,72.5,75.0,84.0,False,722
imsa,2024,Sebring,Sebring International Raceway,race,609,19,GTDPRO,Franck Perera,franck perera,5,1.0,4,121.934,11.491,76.093,34.35,,GF,3,72.8,75.0,84.0,False,722
imsa,2024,Sebring,Sebring International Raceway,race,609,19,GTDPRO,Franck Perera,franck perera,6,1.0,5,122.019,11.476,76.318,34.225,,GF,4,73.1,75.0,83.0,False,722
imsa,2024,Sebring,Sebring International Raceway,race,609,19,GTDPRO,Franck Perera,franck perera,7,1.0,6,122.173,11.506,76.339,34.328,,GF,5,73.4,75.0,83.0,False,722
imsa,2024,Sebring,Sebring International Raceway,race,609,19,GTDPRO,Franck Perera,franck perera,8,1.0,7,122.339,11.545,76.317,34.477,,GF,6,73.4,75.0,83.0,False,722
imsa,2024,Sebring,Sebring International Raceway,race,609,19,GTDPRO,Franck Perera,franck perera,9,1.0,8,122.257,11.562,76.232,34.463,,GF,7,73.5,75.0,82.0,False,722
imsa,2024,Sebring,Sebring International Raceway,race,609,19,GTDPRO,Franck Perera,franck perera,10,1.0,9,123.739,11.63,77.435,34.674,,GF,8,73.7,75.0,82.0,False,722
imsa,2024,Sebring,Sebring International Raceway,race,609,19,GTDPRO,Franck Perera,franck perera,11,1.0,10,122.105,11.547,76.174,34.384,,GF,9,73.9,75.0,81.0,False,722
imsa,2024,Sebring,Sebring International Raceway,race,609,19,GTDPRO,Franck Perera,franck perera,12,1.0,11,122.28,11.519,76.45,34.311,,GF,10,74.0,75.0,81.0,False,722
imsa,2024,Sebring,Sebring International Raceway,race,609,19,GTDPRO,Franck Perera,franck perera,13,1.0,12,122.542,11.519,76.623,34.4,,GF,11,74.2,75.0,81.0,False,722
imsa,2024,Sebring,Sebring International Raceway,race,609,19,GTDPRO,Franck Perera,franck perera,14,1.0,13,122.421,11.498,76.553,34.37,,GF,12,74.4,75.0,80.0,False,722
imsa,2024,Sebring,Sebring International Raceway,race,609,19,GTDPRO,Franck Perera,franck perera,15,1.0,14,122.45,11.521,76.647,34.282,,GF,13,74.7,75.0,80.0,False,722
imsa,2024,Sebring,Sebring International Raceway,race,609,19,GTDPRO,Franck Perera,franck perera,16,1.0,15,122.861,11.626,76.836,34.399,,GF,14,74.7,75.0,80.0,False,722
imsa,2024,Sebring,Sebring International Raceway,race,609,19,GTDPRO,Franck Perera,franck perera,17,1.0,16,122.824,11.673,76.758,34.393,,GF,15,74.9,74.0,80.0,False,722
imsa,2024,Sebring,Sebring International Raceway,race,609,19,GTDPRO,Franck Perera,franck perera,18,1.0,17,123.803,11.489,77.935,34.379,,FCY,16,74.9,74.0,80.0,False,722
imsa,2024,Sebring,Sebring International Raceway,race,609,19,GTDPRO,Franck Perera,franck perera,19,1.0,18,158.294,14.248,99.462,44.584,,FCY,16,75.3,74.0,79.0,False,722
imsa,2024,Sebring,Sebring International Raceway,race,609,19,GTDPRO,Franck Perera,franck perera,20,1.0,19,153.647,14.732,95.31,43.605,,FCY,16,75.3,74.0,79.0,False,722
imsa,2024,Sebring,Sebring International Raceway,race,609,19,GTDPRO,Franck Perera,franck perera,21,1.0,20,213.561,18.461,132.586,62.514,,FCY,16,75.6,74.0,78.0,False,722
imsa,2024,Sebring,Sebring International Raceway,race,609,19,GTDPRO,Franck Perera,franck perera,22,1.0,21,186.686,14.404,107.523,64.759,,FCY,16,76.0,74.0,78.0,False,722
imsa,2024,Sebring,Sebring International Raceway,race,609,19,GTDPRO,Jordan Pepper,jordan pepper,23,2.0,0,219.084,74.636,89.66,54.788,73.934,FCY,0,76.3,74.0,78.0,False,722
imsa,2024,Sebring,Sebring International Raceway,race,609,19,GTDPRO,Jordan Pepper,jordan pepper,24,2.0,1,202.814,25.401,138.211,39.202,,GF,0,76.6,74.0,77.0,False,722
imsa,2024,Sebring,Sebring International Raceway,race,609,19,GTDPRO,Jordan Pepper,jordan pepper,25,2.0,2,123.535,11.74,77.079,34.716,,GF,1,76.6,74.0,77.0,False,722
imsa,2024,Sebring,Sebring International Raceway,race,609,19,GTDPRO,Jordan Pepper,jordan pepper,26,2.0,3,122.67,11.662,76.559,34.449,,GF,2,76.9,74.0,77.0,False,722
imsa,2024,Sebring,Sebring International Raceway,race,609,19,GTDPRO,Jordan Pepper,jordan pepper,27,2.0,4,122.26,11.51,76.242,34.508,,GF,3,76.9,74.0,76.0,False,722
imsa,2024,Sebring,Sebring International Raceway,race,609,19,GTDPRO,Jordan Pepper,jordan pepper,28,2.0,5,122.732,11.547,76.395,34.79,,GF,4,77.1,74.0,76.0,False,722
imsa,2024,Sebring,Sebring International Raceway,race,609,19,GTDPRO,Jordan Pepper,jordan pepper,29,2.0,6,122.742,11.653,76.705,34.384,,GF,5,77.3,74.0,76.0,False,722
imsa,2024,Sebring,Sebring International Raceway,race,609,19,GTDPRO,Jordan Pepper,jordan pepper,30,2.0,7,123.305,11.593,77.063,34.649,,GF,6,77.6,74.0,75.0,False,722
imsa,2024,Sebring,Sebring International Raceway,race,609,19,GTDPRO,Jordan Pepper,jordan pepper,31,2.0,8,123.393,11.732,76.934,34.727,,GF,7,77.9,75.0,75.0,False,722
imsa,2024,Sebring,Sebring International Raceway,race,609,19,GTDPRO,Jordan Pepper,jordan pepper,32,2.0,9,122.774,11.603,76.533,34.638,,GF,8,78.0,75.0,75.0,False,722
imsa,2024,Sebring,Sebring International Raceway,race,609,19,GTDPRO,Jordan Pepper,jordan pepper,33,2.0,10,122.548,11.532,76.379,34.637,,GF,9,78.2,75.0,75.0,False,722
imsa,2024,Sebring,Sebring International Raceway,race,609,19,GTDPRO,Jordan Pepper,jordan pepper,34,2.0,11,122.797,11.503,76.787,34.507,,GF,10,78.3,75.0,75.0,False,722
imsa,2024,Sebring,Sebring International Raceway,race,609,19,GTDPRO,Jordan Pepper,jordan pepper,35,2.0,12,124.001,11.61,77.789,34.602,,GF,11,78.4,75.0,74.0,False,722
imsa,2024,Sebring,Sebring International Raceway,race,609,19,GTDPRO,Jordan Pepper,jordan pepper,36,2.0,13,122.207,11.457,76.215,34.535,,GF,12,78.2,75.0,74.0,False,722
imsa,2024,Sebring,Sebring International Raceway,race,609,19,GTDPRO,Jordan Pepper,jordan pepper,37,2.0,14,122.498,11.752,76.381,34.365,,GF,13,78.1,74.0,74.0,False,722
imsa,2024,Sebring,Sebring International Raceway,race,609,19,GTDPRO,Jordan Pepper,jordan pepper,38,2.0,15,121.756,11.48,76.03,34.246,,GF,14,78.0,74.0,74.0,False,722
imsa,2024,Sebring,Sebring International Raceway,race,609,19,GTDPRO,Jordan Pepper,jordan pepper,39,2.0,16,122.016,11.457,76.301,34.258,,GF,15,78.0,74.0,74.0,False,722
imsa,2024,Sebring,Sebring International Raceway,race,609,19,GTDPRO,Jordan Pepper,jordan pepper,40,2.0,17,122.263,11.487,76.322,34.454,,GF,16,78.0,74.0,74.0,False,722
imsa,2024,Sebring,Sebring International Raceway,race,609,19,GTDPRO,Jordan Pepper,jordan pepper,41,2.0,18,122.713,11.446,76.759,34.508,,GF,17,78.0,74.0,74.0,False,722
imsa,2024,Sebring,Sebring International Raceway,race,609,19,GTDPRO,Jordan Pepper,jordan pepper,42,2.0,19,122.507,11.445,76.4,34.662,,GF,18,77.9,74.0,74.0,False,722
imsa,2024,Sebring,Sebring International Raceway,race,609,19,GTDPRO,Jordan Pepper,jordan pepper,43,2.0,20,122.89,11.57,76.714,34.606,,GF,19,77.8,74.0,75.0,False,722
imsa,2024,Sebring,Sebring International Raceway,race,609,19,GTDPRO,Jordan Pepper,jordan pepper,44,2.0,21,123.145,11.52,76.88,34.745,,GF,20,78.1,74.0,75.0,False,722
imsa,2024,Sebring,Sebring International Raceway,race,609,19,GTDPRO,Jordan Pepper,jordan pepper,45,2.0,22,122.917,11.564,76.76,34.593,,GF,21,78.6,75.0,74.0,False,722
imsa,2024,Sebring,Sebring International Raceway,race,609,19,GTDPRO,Jordan Pepper,jordan pepper,46,2.0,23,123.248,12.152,76.484,34.612,,GF,22,78.9,75.0,73.0,False,722
imsa,2024,Sebring,Sebring International Raceway,race,609,19,GTDPRO,Jordan Pepper,jordan pepper,47,2.0,24,122.051,11.504,76.191,34.356,,GF,23,78.8,75.0,73.0,False,722
imsa,2024,Sebring,Sebring International Raceway,race,609,19,GTDPRO,Jordan Pepper,jordan pepper,48,2.0,25,122.05,11.5,76.229,34.321,,GF,24,78.9,75.0,73.0,False,722
imsa,2024,Sebring,Sebring International Raceway,race,609,19,GTDPRO,Jordan Pepper,jordan pepper,49,2.0,26,122.315,11.543,76.377,34.395,,GF,25,79.0,75.0,73.0,False,722
imsa,2024,Sebring,Sebring International Raceway,race,609,19,GTDPRO,Jordan Pepper,jordan pepper,50,2.0,27,122.212,11.6,76.243,34.369,,GF,26,79.1,75.0,72.0,False,722
imsa,2024,Sebring,Sebring International Raceway,race,609,19,GTDPRO,Jordan Pepper,jordan pepper,51,2.0,28,122.645,11.52,76.612,34.513,,GF,27,79.1,75.0,72.0,False,722
imsa,2024,Sebring,Sebring International Raceway,race,609,19,GTDPRO,Jordan Pepper,jordan pepper,52,2.0,29,143.477,11.619,89.43,42.428,,FCY,28,79.0,75.0,72.0,False,722
imsa,2024,Sebring,Sebring International Raceway,race,609,19,GTDPRO,Jordan Pepper,jordan pepper,53,2.0,30,231.204,17.19,146.088,67.926,,FCY,28,79.1,75.0,72.0,False,722
imsa,2024,Sebring,Sebring International Raceway,race,609,19,GTDPRO,Jordan Pepper,jordan pepper,54,2.0,31,203.894,18.625,126.021,59.248,,FCY,28,79.2,75.0,72.0,False,722
imsa,2024,Sebring,Sebring International Raceway,race,609,19,GTDPRO,Mirko Bortolotti,mirko bortolotti,55,3.0,0,225.535,78.843,92.602,54.09,78.994,FCY,0,79.4,75.0,71.0,False,722
imsa,2024,Sebring,Sebring International Raceway,race,609,19,GTDPRO,Mirko Bortolotti,mirko bortolotti,56,3.0,1,201.99,28.223,133.035,40.732,,GF,0,79.6,75.0,71.0,False,722
imsa,2024,Sebring,Sebring International Raceway,race,609,19,GTDPRO,Mirko Bortolotti,mirko bortolotti,57,3.0,2,125.603,12.36,78.178,35.065,,GF,1,79.5,75.0,71.0,False,722
imsa,2024,Sebring,Sebring International Raceway,race,609,19,GTDPRO,Mirko Bortolotti,mirko bortolotti,58,3.0,3,124.129,12.017,77.344,34.768,,GF,2,79.5,75.0,71.0,False,722
imsa,2024,Sebring,Sebring International Raceway,race,609,19,GTDPRO,Mirko Bortolotti,mirko bortolotti,59,3.0,4,124.218,11.81,77.637,34.771,,GF,3,79.5,75.0,71.0,False,722
imsa,2024,Sebring,Sebring International Raceway,race,609,19,GTDPRO,Mirko Bortolotti,mirko bortolotti,60,3.0,5,123.552,11.823,76.793,34.936,,GF,4,79.6,75.0,71.0,False,722
imsa,2024,Sebring,Sebring International Raceway,race,609,19,GTDPRO,Mirko Bortolotti,mirko bortolotti,61,3.0,6,124.395,11.928,77.652,34.815,,GF,5,79.7,75.0,71.0,False,722
imsa,2024,Sebring,Sebring International Raceway,race,609,19,GTDPRO,Mirko Bortolotti,mirko bortolotti,62,3.0,7,123.146,11.79,76.815,34.541,,GF,6,79.9,75.0,71.0,False,722
imsa,2024,Sebring,Sebring International Raceway,race,609,19,GTDPRO,Mirko Bortolotti,mirko bortolotti,63,3.0,8,123.241,11.801,76.953,34.487,,GF,7,80.0,75.0,70.0,False,722
imsa,2024,Sebring,Sebring International Raceway,race,609,19,GTDPRO,Mirko Bortolotti,mirko bortolotti,64,3.0,9,123.506,11.751,77.082,34.673,,GF,8,80.0,75.0,70.0,False,722
imsa,2024,Sebring,Sebring International Raceway,race,609,19,GTDPRO,Mirko Bortolotti,mirko bortolotti,65,3.0,10,124.259,11.73,77.533,34.996,,GF,9,80.1,75.0,70.0,False,722
imsa,2024,Sebring,Sebring International Raceway,race,609,19,GTDPRO,Mirko Bortolotti,mirko bortolotti,66,3.0,11,123.431,11.725,76.996,34.71,,GF,10,80.1,75.0,70.0,False,722
imsa,2024,Sebring,Sebring International Raceway,race,609,19,GTDPRO,Mirko Bortolotti,mirko bortolotti,67,3.0,12,124.372,11.788,77.589,34.995,,GF,11,80.2,75.0,70.0,False,722
imsa,2024,Sebring,Sebring International Raceway,race,609,19,GTDPRO,Mirko Bortolotti,mirko bortolotti,68,3.0,13,123.118,11.775,76.741,34.602,,GF,12,80.2,75.0,70.0,False,722
imsa,2024,Sebring,Sebring International Raceway,race,609,19,GTDPRO,Mirko Bortolotti,mirko bortolotti,69,3.0,14,123.235,11.814,76.912,34.509,,GF,13,80.1,75.0,70.0,False,722
imsa,2024,Sebring,Sebring International Raceway,race,609,19,GTDPRO,Mirko Bortolotti,mirko bortolotti,70,3.0,15,123.198,11.727,76.789,34.682,,GF,14,80.1,75.0,70.0,False,722
imsa,2024,Sebring,Sebring International Raceway,race,609,19,GTDPRO,Mirko Bortolotti,mirko bortolotti,71,3.0,16,123.001,11.69,76.938,34.373,,GF,15,80.0,75.0,69.0,False,722
imsa,2024,Sebring,Sebring International Raceway,race,609,19,GTDPRO,Mirko Bortolotti,mirko bortolotti,72,3.0,17,122.861,11.641,76.722,34.498,,GF,16,79.7,75.0,70.0,False,722
imsa,2024,Sebring,Sebring International Raceway,race,609,19,GTDPRO,Mirko Bortolotti,mirko bortolotti,73,3.0,18,122.922,11.645,76.755,34.522,,GF,17,79.8,75.0,70.0,False,722
imsa,2024,Sebring,Sebring International Raceway,race,609,19,GTDPRO,Mirko Bortolotti,mirko bortolotti,74,3.0,19,123.3,11.734,77.018,34.548,,GF,18,79.9,75.0,70.0,False,722
imsa,2024,Sebring,Sebring International Raceway,race,609,19,GTDPRO,Mirko Bortolotti,mirko bortolotti,75,3.0,20,128.141,11.683,76.932,39.526,,FCY,19,80.0,76.0,71.0,False,722
imsa,2024,Sebring,Sebring International Raceway,race,609,19,GTDPRO,Mirko Bortolotti,mirko bortolotti,76,3.0,21,194.157,14.821,138.3,41.036,,FCY,19,80.2,76.0,70.0,False,722
imsa,2024,Sebring,Sebring International Raceway,race,609,19,GTDPRO,Mirko Bortolotti,mirko bortolotti,77,3.0,22,137.298,13.122,86.048,38.128,,FCY,19,80.3,76.0,69.0,False,722
imsa,2024,Sebring,Sebring International Raceway,race,609,19,GTDPRO,Mirko Bortolotti,mirko bortolotti,78,3.0,23,140.747,12.329,84.08,44.338,,FCY,19,80.3,76.0,70.0,False,722
imsa,2024,Sebring,Sebring International Raceway,race,609,19,GTDPRO,Mirko Bortolotti,mirko bortolotti,79,3.0,24,175.073,12.938,102.193,59.942,,FCY,19,80.6,76.0,69.0,False,722
imsa,2024,Sebring,Sebring International Raceway,race,609,19,GTDPRO,Franck Perera,franck perera,80,4.0,0,210.223,70.383,92.092,47.748,70.169,FCY,0,80.7,76.0,69.0,False,722
imsa,2024,Sebring,Sebring International Raceway,race,609,19,GTDPRO,Franck Perera,franck perera,81,4.0,1,208.939,17.912,122.471,68.556,,FCY,0,81.1,76.0,67.0,False,722
imsa,2024,Sebring,Sebring International Raceway,race,609,19,GTDPRO,Franck Perera,franck perera,82,4.0,2,186.18,30.846,114.825,40.509,,GF,0,81.2,77.0,67.0,False,722
imsa,2024,Sebring,Sebring International Raceway,race,609,19,GTDPRO,Franck Perera,franck perera,83,4.0,3,122.538,11.604,76.536,34.398,,GF,1,81.4,78.0,67.0,False,722
imsa,2024,Sebring,Sebring International Raceway,race,609,19,GTDPRO,Franck Perera,franck perera,84,4.0,4,123.023,11.765,76.66,34.598,,GF,2,81.6,79.0,67.0,False,722
imsa,2024,Sebring,Sebring International Raceway,race,609,19,GTDPRO,Franck Perera,franck perera,85,4.0,5,122.688,11.634,76.505,34.549,,GF,3,82.0,81.0,67.0,False,722
imsa,2024,Sebring,Sebring International Raceway,race,609,19,GTDPRO,Franck Perera,franck perera,86,4.0,6,123.09,11.716,76.782,34.592,,GF,4,82.1,82.0,66.0,False,722
imsa,2024,Sebring,Sebring International Raceway,race,609,19,GTDPRO,Franck Perera,franck perera,87,4.0,7,122.433,11.56,76.422,34.451,,GF,5,82.2,82.0,65.0,False,722
imsa,2024,Sebring,Sebring International Raceway,race,609,19,GTDPRO,Franck Perera,franck perera,88,4.0,8,122.8,11.601,76.586,34.613,,GF,6,82.3,82.0,65.0,False,722
imsa,2024,Sebring,Sebring International Raceway,race,609,19,GTDPRO,Franck Perera,franck perera,89,4.0,9,122.853,11.619,76.564,34.67,,GF,7,82.4,82.0,65.0,False,722
imsa,2024,Sebring,Sebring International Raceway,race,609,19,GTDPRO,Franck Perera,franck perera,90,4.0,10,122.681,11.647,76.662,34.372,,GF,8,82.3,83.0,65.0,False,722
imsa,2024,Sebring,Sebring International Raceway,race,609,19,GTDPRO,Franck Perera,franck perera,91,4.0,11,122.787,11.526,76.519,34.742,,GF,9,82.3,84.0,65.0,False,722
imsa,2024,Sebring,Sebring International Raceway,race,609,19,GTDPRO,Franck Perera,franck perera,92,4.0,12,123.822,11.68,77.184,34.958,,GF,10,82.2,84.0,65.0,False,722
imsa,2024,Sebring,Sebring International Raceway,race,609,19,GTDPRO,Franck Perera,franck perera,93,4.0,13,122.894,11.59,76.713,34.591,,GF,11,82.2,84.0,66.0,False,722
imsa,2024,Sebring,Sebring International Raceway,race,609,19,GTDPRO,Franck Perera,franck perera,94,4.0,14,124.163,11.632,77.68,34.851,,GF,12,82.1,82.0,66.0,False,722
imsa,2024,Sebring,Sebring International Raceway,race,609,19,GTDPRO,Franck Perera,franck perera,95,4.0,15,123.027,11.584,76.635,34.808,,GF,13,81.9,81.0,66.0,False,722
imsa,2024,Sebring,Sebring International Raceway,race,609,19,GTDPRO,Franck Perera,franck perera,96,4.0,16,123.438,11.609,77.146,34.683,,GF,14,81.9,80.0,66.0,False,722
imsa,2024,Sebring,Sebring International Raceway,race,609,19,GTDPRO,Franck Perera,franck perera,97,4.0,17,123.183,11.458,77.041,34.684,,GF,15,82.2,80.0,66.0,False,722
imsa,2024,Sebring,Sebring International Raceway,race,609,19,GTDPRO,Franck Perera,franck perera,98,4.0,18,122.266,11.513,76.134,34.619,,GF,16,82.3,79.0,65.0,False,722
imsa,2024,Sebring,Sebring International Raceway,race,609,19,GTDPRO,Franck Perera,franck perera,99,4.0,19,122.596,11.54,76.529,34.527,,GF,17,82.1,79.0,65.0,False,722
imsa,2024,Sebring,Sebring International Raceway,race,609,19,GTDPRO,Franck Perera,franck perera,100,4.0,20,122.419,11.496,76.331,34.592,,GF,18,82.1,79.0,65.0,False,722
imsa,2024,Sebring,Sebring International Raceway,race,609,19,GTDPRO,Franck Perera,franck perera,101,4.0,21,122.702,11.561,76.493,34.648,,GF,19,82.0,78.0,65.0,False,722
imsa,2024,Sebring,Sebring International Raceway,race,609,19,GTDPRO,Franck Perera,franck perera,102,4.0,22,123.026,11.73,76.748,34.548,,GF,20,82.1,78.0,65.0,False,722
imsa,2024,Sebring,Sebring International Raceway,race,609,19,GTDPRO,Franck Perera,franck perera,103,4.0,23,122.807,11.527,76.702,34.578,,GF,21,82.4,78.0,65.0,False,722
imsa,2024,Sebring,Sebring International Raceway,race,609,19,GTDPRO,Franck Perera,franck perera,104,4.0,24,123.481,11.497,77.06,34.924,,GF,22,82.7,78.0,64.0,False,722
imsa,2024,Sebring,Sebring International Raceway,race,609,19,GTDPRO,Franck Perera,franck perera,105,4.0,25,123.375,11.473,77.141,34.761,,GF,23,83.0,78.0,64.0,False,722
imsa,2024,Sebring,Sebring International Raceway,race,609,19,GTDPRO,Franck Perera,franck perera,106,4.0,26,134.156,11.583,77.667,44.906,,GF,24,83.2,78.0,64.0,False,722
imsa,2024,Sebring,Sebring International Raceway,race,609,19,GTDPRO,Jordan Pepper,jordan pepper,107,5.0,0,214.497,73.582,101.335,39.58,74.699,FCY,0,83.4,78.0,63.0,False,722
imsa,2024,Sebring,Sebring International Raceway,race,609,19,GTDPRO,Jordan Pepper,jordan pepper,108,5.0,1,143.689,12.701,85.428,45.56,,FCY,0,83.4,78.0,62.0,False,722
imsa,2024,Sebring,Sebring International Raceway,race,609,19,GTDPRO,Jordan Pepper,jordan pepper,109,5.0,2,220.464,14.912,139.186,66.366,,FCY,0,83.2,77.0,63.0,False,722
imsa,2024,Sebring,Sebring International Raceway,race,609,19,GTDPRO,Jordan Pepper,jordan pepper,110,5.0,3,170.442,14.215,100.617,55.61,,FCY,0,83.0,77.0,62.0,False,722
imsa,2024,Sebring,Sebring International Raceway,race,609,19,GTDPRO,Jordan Pepper,jordan pepper,111,5.0,4,185.961,14.297,107.672,63.992,,FCY,0,83.1,77.0,63.0,False,722
imsa,2024,Sebring,Sebring International Raceway,race,609,19,GTDPRO,Jordan Pepper,jordan pepper,112,5.0,5,200.307,21.453,129.264,49.59,,GF,0,83.0,77.0,63.0,False,722
imsa,2024,Sebring,Sebring International Raceway,race,609,19,GTDPRO,Jordan Pepper,jordan pepper,113,5.0,6,123.7,11.796,77.348,34.556,,GF,1,83.0,77.0,63.0,False,722
imsa,2024,Sebring,Sebring International Raceway,race,609,19,GTDPRO,Jordan Pepper,jordan pepper,114,5.0,7,122.929,11.502,76.987,34.44,,GF,2,83.0,69.0,63.0,False,722
imsa,2024,Sebring,Sebring International Raceway,race,609,19,GTDPRO,Jordan Pepper,jordan pepper,115,5.0,8,135.145,11.577,84.047,39.521,,FCY,3,83.2,69.0,63.0,False,722
imsa,2024,Sebring,Sebring International Raceway,race,609,19,GTDPRO,Jordan Pepper,jordan pepper,116,5.0,9,170.57,13.546,109.537,47.487,,GF,3,83.3,71.0,63.0,False,722
imsa,2024,Sebring,Sebring International Raceway,race,609,19,GTDPRO,Jordan Pepper,jordan pepper,117,5.0,10,124.0,12.103,76.954,34.943,,GF,4,83.3,72.0,63.0,False,722
imsa,2024,Sebring,Sebring International Raceway,race,609,19,GTDPRO,Jordan Pepper,jordan pepper,118,5.0,11,123.676,11.709,77.321,34.646,,GF,5,83.2,73.0,63.0,False,722
imsa,2024,Sebring,Sebring International Raceway,race,609,19,GTDPRO,Jordan Pepper,jordan pepper,119,5.0,12,122.848,11.538,76.861,34.449,,GF,6,83.3,74.0,63.0,False,722
imsa,2024,Sebring,Sebring International Raceway,race,609,19,GTDPRO,Jordan Pepper,jordan pepper,120,5.0,13,122.847,11.835,76.569,34.443,,GF,7,83.8,74.0,62.0,False,722
imsa,2024,Sebring,Sebring International Raceway,race,609,19,GTDPRO,Jordan Pepper,jordan pepper,121,5.0,14,122.369,11.508,76.411,34.45,,GF,8,84.1,73.0,61.0,False,722
imsa,2024,Sebring,Sebring International Raceway,race,609,19,GTDPRO,Jordan Pepper,jordan pepper,122,5.0,15,122.781,11.518,76.776,34.487,,GF,9,84.3,74.0,61.0,False,722
imsa,2024,Sebring,Sebring International Raceway,race,609,19,GTDPRO,Jordan Pepper,jordan pepper,123,5.0,16,122.97,11.53,76.551,34.889,,GF,10,84.3,74.0,61.0,False,722
imsa,2024,Sebring,Sebring International Raceway,race,609,19,GTDPRO,Jordan Pepper,jordan pepper,124,5.0,17,122.36,11.498,76.523,34.339,,GF,11,84.6,74.0,61.0,False,722
imsa,2024,Sebring,Sebring International Raceway,race,609,19,GTDPRO,Jordan Pepper,jordan pepper,125,5.0,18,122.681,11.514,76.492,34.675,,GF,12,84.9,75.0,59.0,False,722
imsa,2024,Sebring,Sebring International Raceway,race,609,19,GTDPRO,Jordan Pepper,jordan pepper,126,5.0,19,123.909,11.479,77.555,34.875,,GF,13,85.2,75.0,60.0,False,722
imsa,2024,Sebring,Sebring International Raceway,race,609,19,GTDPRO,Jordan Pepper,jordan pepper,127,5.0,20,123.499,11.791,77.202,34.506,,GF,14,85.2,75.0,59.0,False,722
imsa,2024,Sebring,Sebring International Raceway,race,609,19,GTDPRO,Jordan Pepper,jordan pepper,128,5.0,21,122.573,11.571,76.552,34.45,,GF,15,85.2,75.0,59.0,False,722
imsa,2024,Sebring,Sebring International Raceway,race,609,19,GTDPRO,Jordan Pepper,jordan pepper,129,5.0,22,122.412,11.533,76.556,34.323,,GF,16,85.4,75.0,58.0,False,722
imsa,2024,Sebring,Sebring International Raceway,race,609,19,GTDPRO,Jordan Pepper,jordan pepper,130,5.0,23,123.127,11.508,76.547,35.072,,GF,17,85.5,75.0,59.0,False,722
imsa,2024,Sebring,Sebring International Raceway,race,609,19,GTDPRO,Jordan Pepper,jordan pepper,131,5.0,24,123.589,11.473,77.624,34.492,,GF,18,85.9,75.0,58.0,False,722
imsa,2024,Sebring,Sebring International Raceway,race,609,19,GTDPRO,Jordan Pepper,jordan pepper,132,5.0,25,122.579,11.551,76.629,34.399,,GF,19,86.0,75.0,58.0,False,722
imsa,2024,Sebring,Sebring International Raceway,race,609,19,GTDPRO,Jordan Pepper,jordan pepper,133,5.0,26,122.351,11.495,76.483,34.373,,GF,20,86.2,75.0,58.0,False,722
imsa,2024,Sebring,Sebring International Raceway,race,609,19,GTDPRO,Jordan Pepper,jordan pepper,134,5.0,27,122.395,11.526,76.472,34.397,,GF,21,86.1,75.0,59.0,False,722
imsa,2024,Sebring,Sebring International Raceway,race,609,19,GTDPRO,Jordan Pepper,jordan pepper,135,5.0,28,122.472,11.515,76.5,34.457,,GF,22,86.2,75.0,59.0,False,722
imsa,2024,Sebring,Sebring International Raceway,race,609,19,GTDPRO,Jordan Pepper,jordan pepper,136,5.0,29,123.958,11.564,77.453,34.941,,GF,23,86.1,75.0,58.0,False,722
imsa,2024,Sebring,Sebring International Raceway,race,609,19,GTDPRO,Jordan Pepper,jordan pepper,137,5.0,30,123.147,11.583,76.844,34.72,,GF,24,85.9,76.0,59.0,False,722
imsa,2024,Sebring,Sebring International Raceway,race,609,19,GTDPRO,Jordan Pepper,jordan pepper,138,5.0,31,123.361,11.521,76.973,34.867,,GF,25,85.6,76.0,59.0,False,722
imsa,2024,Sebring,Sebring International Raceway,race,609,19,GTDPRO,Jordan Pepper,jordan pepper,139,5.0,32,131.09,11.456,76.606,43.028,,GF,26,85.5,76.0,58.0,False,722
imsa,2024,Sebring,Sebring International Raceway,race,609,19,GTDPRO,Mirko Bortolotti,mirko bortolotti,140,6.0,0,193.105,78.494,79.692,34.919,78.773,GF,0,85.7,76.0,58.0,False,722
imsa,2024,Sebring,Sebring International Raceway,race,609,19,GTDPRO,Mirko Bortolotti,mirko bortolotti,141,6.0,1,126.008,11.73,79.212,35.066,,GF,0,85.9,76.0,57.0,False,722
imsa,2024,Sebring,Sebring International Raceway,race,609,19,GTDPRO,Mirko Bortolotti,mirko bortolotti,142,6.0,2,124.406,11.616,78.035,34.755,,GF,1,86.0,76.0,57.0,False,722
imsa,2024,Sebring,Sebring International Raceway,race,609,19,GTDPRO,Mirko Bortolotti,mirko bortolotti,143,6.0,3,122.803,11.69,76.614,34.499,,GF,2,85.9,76.0,57.0,False,722
imsa,2024,Sebring,Sebring International Raceway,race,609,19,GTDPRO,Mirko Bortolotti,mirko bortolotti,144,6.0,4,122.786,11.558,76.832,34.396,,GF,3,85.9,76.0,58.0,False,722
imsa,2024,Sebring,Sebring International Raceway,race,609,19,GTDPRO,Mirko Bortolotti,mirko bortolotti,145,6.0,5,123.126,11.595,76.588,34.943,,GF,4,85.8,75.0,59.0,False,722
imsa,2024,Sebring,Sebring International Raceway,race,609,19,GTDPRO,Mirko Bortolotti,mirko bortolotti,146,6.0,6,122.926,11.61,76.82,34.496,,GF,5,85.6,75.0,59.0,False,722
imsa,2024,Sebring,Sebring International Raceway,race,609,19,GTDPRO,Mirko Bortolotti,mirko bortolotti,147,6.0,7,124.532,11.956,77.299,35.277,,GF,6,85.3,75.0,59.0,False,722
imsa,2024,Sebring,Sebring International Raceway,race,609,19,GTDPRO,Mirko Bortolotti,mirko bortolotti,148,6.0,8,122.868,11.597,76.728,34.543,,GF,7,84.9,75.0,60.0,False,722
imsa,2024,Sebring,Sebring International Raceway,race,609,19,GTDPRO,Mirko Bortolotti,mirko bortolotti,149,6.0,9,122.896,11.586,76.81,34.5,,GF,8,84.8,75.0,59.0,False,722
imsa,2024,Sebring,Sebring International Raceway,race,609,19,GTDPRO,Mirko Bortolotti,mirko bortolotti,150,6.0,10,122.495,11.511,76.576,34.408,,GF,9,84.8,75.0,60.0,False,722
imsa,2024,Sebring,Sebring International Raceway,race,609,19,GTDPRO,Mirko Bortolotti,mirko bortolotti,151,6.0,11,122.694,11.55,76.458,34.686,,GF,10,84.8,75.0,60.0,False,722
imsa,2024,Sebring,Sebring International Raceway,race,609,19,GTDPRO,Mirko Bortolotti,mirko bortolotti,152,6.0,12,122.555,11.564,76.578,34.413,,GF,11,84.8,75.0,60.0,False,722
imsa,2024,Sebring,Sebring International Raceway,race,609,19,GTDPRO,Mirko Bortolotti,mirko bortolotti,153,6.0,13,131.708,11.648,76.804,43.256,,GF,12,85.0,75.0,60.0,False,722
imsa,2024,Sebring,Sebring International Raceway,race,609,19,GTDPRO,Mirko Bortolotti,mirko bortolotti,154,6.0,14,170.145,56.947,78.555,34.643,57.377,FCY,0,85.2,75.0,60.0,False,722
imsa,2024,Sebring,Sebring International Raceway,race,609,19,GTDPRO,Mirko Bortolotti,mirko bortolotti,155,6.0,15,127.374,11.718,80.154,35.502,,FCY,0,85.2,75.0,60.0,False,722
imsa,2024,Sebring,Sebring International Raceway,race,609,19,GTDPRO,Mirko Bortolotti,mirko bortolotti,156,6.0,16,215.145,20.01,152.457,42.678,,FCY,0,85.0,75.0,59.0,False,722
imsa,2024,Sebring,Sebring International Raceway,race,609,19,GTDPRO,Mirko Bortolotti,mirko bortolotti,157,6.0,17,135.778,12.572,84.29,38.916,,FCY,0,84.9,75.0,59.0,False,722
imsa,2024,Sebring,Sebring International Raceway,race,609,19,GTDPRO,Mirko Bortolotti,mirko bortolotti,158,6.0,18,157.373,12.016,84.061,61.296,,FCY,0,84.9,75.0,59.0,False,722
imsa,2024,Sebring,Sebring International Raceway,race,609,19,GTDPRO,Mirko Bortolotti,mirko bortolotti,159,6.0,19,187.087,13.12,117.476,56.491,,FCY,0,84.9,75.0,59.0,False,722
imsa,2024,Sebring,Sebring International Raceway,race,609,19,GTDPRO,Mirko Bortolotti,mirko bortolotti,160,6.0,20,203.54,14.47,120.238,68.832,,FCY,0,84.9,75.0,59.0,False,722
imsa,2024,Sebring,Sebring International Raceway,race,609,19,GTDPRO,Mirko Bortolotti,mirko bortolotti,161,6.0,21,247.41,31.17,144.726,71.514,,FCY,0,85.4,75.0,58.0,False,722
imsa,2024,Sebring,Sebring International Raceway,race,609,19,GTDPRO,Mirko Bortolotti,mirko bortolotti,162,6.0,22,206.809,23.808,142.826,40.175,,GF,0,85.8,75.0,57.0,False,722
imsa,2024,Sebring,Sebring International Raceway,race,609,19,GTDPRO,Mirko Bortolotti,mirko bortolotti,163,6.0,23,123.565,11.751,77.213,34.601,,GF,1,85.8,75.0,57.0,False,722
imsa,2024,Sebring,Sebring International Raceway,race,609,19,GTDPRO,Mirko Bortolotti,mirko bortolotti,164,6.0,24,123.508,11.648,76.593,35.267,,GF,2,85.8,75.0,58.0,False,722
imsa,2024,Sebring,Sebring International Raceway,race,609,19,GTDPRO,Mirko Bortolotti,mirko bortolotti,165,6.0,25,123.101,11.72,76.95,34.431,,GF,3,85.9,75.0,57.0,False,722
imsa,2024,Sebring,Sebring International Raceway,race,609,19,GTDPRO,Mirko Bortolotti,mirko bortolotti,166,6.0,26,122.621,11.554,76.652,34.415,,GF,4,86.0,75.0,56.0,False,722
imsa,2024,Sebring,Sebring International Raceway,race,609,19,GTDPRO,Mirko Bortolotti,mirko bortolotti,167,6.0,27,122.53,11.557,76.602,34.371,,GF,5,86.1,75.0,56.0,False,722
imsa,2024,Sebring,Sebring International Raceway,race,609,19,GTDPRO,Mirko Bortolotti,mirko bortolotti,168,6.0,28,122.524,11.549,76.47,34.505,,GF,6,86.3,75.0,56.0,False,722
imsa,2024,Sebring,Sebring International Raceway,race,609,19,GTDPRO,Mirko Bortolotti,mirko bortolotti,169,6.0,29,122.952,11.645,76.884,34.423,,GF,7,86.4,75.0,56.0,False,722
imsa,2024,Sebring,Sebring International Raceway,race,609,19,GTDPRO,Mirko Bortolotti,mirko bortolotti,170,6.0,30,122.762,11.563,76.607,34.592,,GF,8,86.5,75.0,56.0,False,722
imsa,2024,Sebring,Sebring International Raceway,race,609,19,GTDPRO,Mirko Bortolotti,mirko bortolotti,171,6.0,31,122.85,11.673,76.684,34.493,,GF,9,86.5,75.0,55.0,False,722
imsa,2024,Sebring,Sebring International Raceway,race,609,19,GTDPRO,Mirko Bortolotti,mirko bortolotti,172,6.0,32,123.998,11.766,77.488,34.744,,GF,10,86.4,75.0,54.0,False,722
imsa,2024,Sebring,Sebring International Raceway,race,609,19,GTDPRO,Mirko Bortolotti,mirko bortolotti,173,6.0,33,123.131,11.926,76.727,34.478,,GF,11,86.3,75.0,55.0,False,722
imsa,2024,Sebring,Sebring International Raceway,race,609,19,GTDPRO,Mirko Bortolotti,mirko bortolotti,174,6.0,34,122.985,11.636,76.79,34.559,,GF,12,86.5,75.0,55.0,False,722
imsa,2024,Sebring,Sebring International Raceway,race,609,19,GTDPRO,Mirko Bortolotti,mirko bortolotti,175,6.0,35,123.668,11.723,77.189,34.756,,GF,13,86.5,75.0,55.0,False,722
imsa,2024,Sebring,Sebring International Raceway,race,609,19,GTDPRO,Mirko Bortolotti,mirko bortolotti,176,6.0,36,123.281,11.582,77.019,34.68,,GF,14,86.6,75.0,55.0,False,722
imsa,2024,Sebring,Sebring International Raceway,race,609,19,GTDPRO,Mirko Bortolotti,mirko bortolotti,177,6.0,37,123.176,11.561,76.988,34.627,,GF,15,86.8,75.0,55.0,False,722
imsa,2024,Sebring,Sebring International Raceway,race,609,19,GTDPRO,Mirko Bortolotti,mirko bortolotti,178,6.0,38,123.017,11.495,76.978,34.544,,GF,16,86.9,75.0,55.0,False,722
imsa,2024,Sebring,Sebring International Raceway,race,609,19,GTDPRO,Mirko Bortolotti,mirko bortolotti,179,6.0,39,123.542,11.603,77.164,34.775,,GF,17,87.1,75.0,55.0,False,722
imsa,2024,Sebring,Sebring International Raceway,race,609,19,GTDPRO,Mirko Bortolotti,mirko bortolotti,180,6.0,40,124.198,11.547,76.86,35.791,,GF,18,87.0,75.0,55.0,False,722
imsa,2024,Sebring,Sebring International Raceway,race,609,19,GTDPRO,Mirko Bortolotti,mirko bortolotti,181,6.0,41,126.464,12.377,78.522,35.565,,GF,19,86.7,75.0,55.0,False,722
imsa,2024,Sebring,Sebring International Raceway,race,609,19,GTDPRO,Mirko Bortolotti,mirko bortolotti,182,6.0,42,123.229,11.645,77.0,34.584,,GF,20,86.5,75.0,55.0,False,722
imsa,2024,Sebring,Sebring International Raceway,race,609,19,GTDPRO,Mirko Bortolotti,mirko bortolotti,183,6.0,43,124.569,11.86,77.835,34.874,,GF,21,86.4,75.0,55.0,False,722
imsa,2024,Sebring,Sebring International Raceway,race,609,19,GTDPRO,Mirko Bortolotti,mirko bortolotti,184,6.0,44,133.242,11.661,77.855,43.726,,GF,22,86.5,75.0,55.0,False,722
imsa,2024,Sebring,Sebring International Raceway,race,609,19,GTDPRO,Franck Perera,franck perera,185,7.0,0,195.359,82.126,78.591,34.642,82.461,GF,0,86.3,75.0,55.0,False,722
imsa,2024,Sebring,Sebring International Raceway,race,609,19,GTDPRO,Franck Perera,franck perera,186,7.0,1,121.922,11.446,75.983,34.493,,GF,0,86.1,75.0,56.0,False,722
imsa,2024,Sebring,Sebring International Raceway,race,609,19,GTDPRO,Franck Perera,franck perera,187,7.0,2,123.424,11.746,76.788,34.89,,GF,1,86.2,75.0,56.0,False,722
imsa,2024,Sebring,Sebring International Raceway,race,609,19,GTDPRO,Franck Perera,franck perera,188,7.0,3,122.131,11.576,75.969,34.586,,GF,2,86.4,75.0,55.0,False,722
imsa,2024,Sebring,Sebring International Raceway,race,609,19,GTDPRO,Franck Perera,franck perera,189,7.0,4,123.023,11.483,76.695,34.845,,GF,3,86.6,75.0,54.0,False,722
imsa,2024,Sebring,Sebring International Raceway,race,609,19,GTDPRO,Franck Perera,franck perera,190,7.0,5,124.177,11.852,77.214,35.111,,GF,4,86.8,75.0,54.0,False,722
imsa,2024,Sebring,Sebring International Raceway,race,609,19,GTDPRO,Franck Perera,franck perera,191,7.0,6,123.802,11.655,77.163,34.984,,GF,5,87.0,75.0,54.0,False,722
imsa,2024,Sebring,Sebring International Raceway,race,609,19,GTDPRO,Franck Perera,franck perera,192,7.0,7,124.21,11.669,77.187,35.354,,GF,6,87.2,75.0,54.0,False,722
imsa,2024,Sebring,Sebring International Raceway,race,609,19,GTDPRO,Franck Perera,franck perera,193,7.0,8,122.516,11.503,76.229,34.784,,GF,7,87.2,75.0,54.0,False,722
imsa,2024,Sebring,Sebring International Raceway,race,609,19,GTDPRO,Franck Perera,franck perera,194,7.0,9,122.848,11.519,76.963,34.366,,GF,8,87.1,75.0,54.0,False,722
imsa,2024,Sebring,Sebring International Raceway,race,609,19,GTDPRO,Franck Perera,franck perera,195,7.0,10,122.635,11.542,76.843,34.25,,GF,9,86.9,75.0,54.0,False,722
imsa,2024,Sebring,Sebring International Raceway,race,609,19,GTDPRO,Franck Perera,franck perera,196,7.0,11,122.7,11.608,76.8,34.292,,GF,10,86.8,75.0,54.0,False,722
imsa,2024,Sebring,Sebring International Raceway,race,609,19,GTDPRO,Franck Perera,franck perera,197,7.0,12,122.949,11.56,77.061,34.328,,GF,11,86.8,75.0,54.0,False,722
imsa,2024,Sebring,Sebring International Raceway,race,609,19,GTDPRO,Franck Perera,franck perera,198,7.0,13,132.014,11.49,77.28,43.244,,FCY,12,87.0,75.0,54.0,False,722
imsa,2024,Sebring,Sebring International Raceway,race,609,19,GTDPRO,Franck Perera,franck perera,199,7.0,14,137.26,13.013,86.259,37.988,,FCY,12,87.2,75.0,54.0,False,722
imsa,2024,Sebring,Sebring International Raceway,race,609,19,GTDPRO,Franck Perera,franck perera,200,7.0,15,177.84,13.398,92.901,71.541,,FCY,12,87.4,75.0,53.0,False,722
imsa,2024,Sebring,Sebring International Raceway,race,609,19,GTDPRO,Franck Perera,franck perera,201,7.0,16,222.257,15.627,142.836,63.794,,FCY,12,87.2,75.0,53.0,False,722
imsa,2024,Sebring,Sebring International Raceway,race,609,19,GTDPRO,Franck Perera,franck perera,202,7.0,17,197.22,15.009,114.419,67.792,,FCY,12,87.1,75.0,54.0,False,722
imsa,2024,Sebring,Sebring International Raceway,race,609,19,GTDPRO,Jordan Pepper,jordan pepper,203,8.0,0,227.36,63.363,99.55,64.447,62.713,FCY,0,86.9,75.0,55.0,False,722
imsa,2024,Sebring,Sebring International Raceway,race,609,19,GTDPRO,Jordan Pepper,jordan pepper,204,8.0,1,230.704,23.024,133.101,74.579,,FCY,0,86.9,75.0,54.0,False,722
imsa,2024,Sebring,Sebring International Raceway,race,609,19,GTDPRO,Jordan Pepper,jordan pepper,205,8.0,2,195.659,22.15,128.968,44.541,,GF,0,86.7,75.0,55.0,False,722
imsa,2024,Sebring,Sebring International Raceway,race,609,19,GTDPRO,Jordan Pepper,jordan pepper,206,8.0,3,124.379,11.768,77.547,35.064,,GF,1,86.6,75.0,55.0,False,722
imsa,2024,Sebring,Sebring International Raceway,race,609,19,GTDPRO,Jordan Pepper,jordan pepper,207,8.0,4,123.869,11.551,77.362,34.956,,GF,2,86.5,75.0,55.0,False,722
imsa,2024,Sebring,Sebring International Raceway,race,609,19,GTDPRO,Jordan Pepper,jordan pepper,208,8.0,5,127.211,11.564,76.72,38.927,,FCY,3,86.5,75.0,54.0,False,722
imsa,2024,Sebring,Sebring International Raceway,race,609,19,GTDPRO,Jordan Pepper,jordan pepper,209,8.0,6,145.394,15.753,90.893,38.748,,FCY,3,86.5,75.0,55.0,False,722
imsa,2024,Sebring,Sebring International Raceway,race,609,19,GTDPRO,Jordan Pepper,jordan pepper,210,8.0,7,175.097,13.526,93.929,67.642,,FCY,3,86.5,75.0,55.0,False,722
imsa,2024,Sebring,Sebring International Raceway,race,609,19,GTDPRO,Jordan Pepper,jordan pepper,211,8.0,8,196.004,20.617,130.831,44.556,,GF,3,86.6,75.0,56.0,False,722
imsa,2024,Sebring,Sebring International Raceway,race,609,19,GTDPRO,Jordan Pepper,jordan pepper,212,8.0,9,123.035,11.668,76.94,34.427,,GF,4,86.6,75.0,55.0,False,722
imsa,2024,Sebring,Sebring International Raceway,race,609,19,GTDPRO,Jordan Pepper,jordan pepper,213,8.0,10,122.994,11.743,76.949,34.302,,GF,5,86.6,75.0,55.0,False,722
imsa,2024,Sebring,Sebring International Raceway,race,609,19,GTDPRO,Jordan Pepper,jordan pepper,214,8.0,11,122.272,11.532,76.091,34.649,,GF,6,86.6,75.0,55.0,False,722
imsa,2024,Sebring,Sebring International Raceway,race,609,19,GTDPRO,Jordan Pepper,jordan pepper,215,8.0,12,122.599,11.574,76.461,34.564,,GF,7,86.7,75.0,56.0,False,722
imsa,2024,Sebring,Sebring International Raceway,race,609,19,GTDPRO,Jordan Pepper,jordan pepper,216,8.0,13,122.704,11.535,76.537,34.632,,GF,8,86.7,75.0,56.0,False,722
imsa,2024,Sebring,Sebring International Raceway,race,609,19,GTDPRO,Jordan Pepper,jordan pepper,217,8.0,14,122.676,11.504,76.665,34.507,,GF,9,86.8,75.0,55.0,False,722
imsa,2024,Sebring,Sebring International Raceway,race,609,19,GTDPRO,Jordan Pepper,jordan pepper,218,8.0,15,122.377,11.464,76.527,34.386,,GF,10,86.6,75.0,55.0,False,722
imsa,2024,Sebring,Sebring International Raceway,race,609,19,GTDPRO,Jordan Pepper,jordan pepper,219,8.0,16,122.795,11.861,76.39,34.544,,GF,11,86.7,75.0,55.0,False,722
imsa,2024,Sebring,Sebring International Raceway,race,609,19,GTDPRO,Jordan Pepper,jordan pepper,220,8.0,17,124.293,11.634,77.572,35.087,,GF,12,86.6,75.0,55.0,False,722
imsa,2024,Sebring,Sebring International Raceway,race,609,19,GTDPRO,Jordan Pepper,jordan pepper,221,8.0,18,124.061,12.113,77.617,34.331,,GF,13,86.5,76.0,54.0,False,722
imsa,2024,Sebring,Sebring International Raceway,race,609,19,GTDPRO,Jordan Pepper,jordan pepper,222,8.0,19,122.22,11.411,76.315,34.494,,GF,14,86.5,76.0,55.0,False,722
imsa,2024,Sebring,Sebring International Raceway,race,609,19,GTDPRO,Jordan Pepper,jordan pepper,223,8.0,20,121.497,11.361,75.823,34.313,,GF,15,86.4,76.0,54.0,False,722
imsa,2024,Sebring,Sebring International Raceway,race,609,19,GTDPRO,Jordan Pepper,jordan pepper,224,8.0,21,121.959,11.649,75.945,34.365,,GF,16,86.4,76.0,55.0,False,722
imsa,2024,Sebring,Sebring International Raceway,race,609,19,GTDPRO,Jordan Pepper,jordan pepper,225,8.0,22,122.337,11.576,75.99,34.771,,GF,17,86.4,76.0,55.0,False,722
imsa,2024,Sebring,Sebring International Raceway,race,609,19,GTDPRO,Jordan Pepper,jordan pepper,226,8.0,23,121.564,11.448,75.85,34.266,,GF,18,86.5,76.0,55.0,False,722
imsa,2024,Sebring,Sebring International Raceway,race,609,19,GTDPRO,Jordan Pepper,jordan pepper,227,8.0,24,121.567,11.531,75.598,34.438,,GF,19,86.5,76.0,55.0,False,722
imsa,2024,Sebring,Sebring International Raceway,race,609,19,GTDPRO,Jordan Pepper,jordan pepper,228,8.0,25,121.886,11.465,75.861,34.56,,GF,20,86.5,76.0,55.0,False,722
imsa,2024,Sebring,Sebring International Raceway,race,609,19,GTDPRO,Jordan Pepper,jordan pepper,229,8.0,26,122.011,11.626,76.094,34.291,,GF,21,86.5,76.0,55.0,False,722
imsa,2024,Sebring,Sebring International Raceway,race,609,19,GTDPRO,Jordan Pepper,jordan pepper,230,8.0,27,122.226,11.565,76.144,34.517,,GF,22,86.5,75.0,55.0,False,722
imsa,2024,Sebring,Sebring International Raceway,race,609,19,GTDPRO,Jordan Pepper,jordan pepper,231,8.0,28,122.338,11.575,76.236,34.527,,GF,23,86.5,75.0,55.0,False,722
imsa,2024,Sebring,Sebring International Raceway,race,609,19,GTDPRO,Jordan Pepper,jordan pepper,232,8.0,29,122.751,11.555,76.649,34.547,,GF,24,86.4,75.0,55.0,False,722
imsa,2024,Sebring,Sebring International Raceway,race,609,19,GTDPRO,Jordan Pepper,jordan pepper,233,8.0,30,122.65,11.528,76.46,34.662,,GF,25,86.3,75.0,56.0,False,722
imsa,2024,Sebring,Sebring International Raceway,race,609,19,GTDPRO,Jordan Pepper,jordan pepper,234,8.0,31,132.024,11.526,76.181,44.317,,GF,26,86.1,76.0,55.0,False,722
imsa,2024,Sebring,Sebring International Raceway,race,609,19,GTDPRO,Franck Perera,franck perera,235,9.0,0,210.028,84.698,84.336,40.994,85.092,FCY,0,85.8,76.0,56.0,False,722
imsa,2024,Sebring,Sebring International Raceway,race,609,19,GTDPRO,Franck Perera,franck perera,236,9.0,1,182.046,14.915,125.047,42.084,,FCY,0,85.6,76.0,57.0,False,722
imsa,2024,Sebring,Sebring International Raceway,race,609,19,GTDPRO,Franck Perera,franck perera,237,9.0,2,146.119,13.668,88.705,43.746,,FCY,0,85.5,76.0,57.0,False,722
imsa,2024,Sebring,Sebring International Raceway,race,609,19,GTDPRO,Franck Perera,franck perera,238,9.0,3,157.628,14.914,96.321,46.393,,FCY,0,85.2,76.0,57.0,False,722
imsa,2024,Sebring,Sebring International Raceway,race,609,19,GTDPRO,Franck Perera,franck perera,239,9.0,4,174.361,16.671,105.089,52.601,,FCY,0,85.1,76.0,58.0,False,722
imsa,2024,Sebring,Sebring International Raceway,race,609,19,GTDPRO,Franck Perera,franck perera,240,9.0,5,195.564,14.511,118.283,62.77,,FCY,0,84.8,76.0,58.0,False,722
imsa,2024,Sebring,Sebring International Raceway,race,609,19,GTDPRO,Franck Perera,franck perera,241,9.0,6,205.779,18.224,135.349,52.206,,GF,0,84.6,76.0,59.0,False,722
imsa,2024,Sebring,Sebring International Raceway,race,609,19,GTDPRO,Franck Perera,franck perera,242,9.0,7,124.263,12.054,77.763,34.446,,GF,1,84.6,76.0,59.0,False,722
imsa,2024,Sebring,Sebring International Raceway,race,609,19,GTDPRO,Franck Perera,franck perera,243,9.0,8,123.389,11.577,77.42,34.392,,GF,2,84.5,76.0,60.0,False,722
imsa,2024,Sebring,Sebring International Raceway,race,609,19,GTDPRO,Franck Perera,franck perera,244,9.0,9,123.39,11.538,77.137,34.715,,GF,3,84.4,76.0,60.0,False,722
imsa,2024,Sebring,Sebring International Raceway,race,609,19,GTDPRO,Franck Perera,franck perera,245,9.0,10,123.333,11.659,76.985,34.689,,GF,4,84.3,76.0,60.0,False,722
imsa,2024,Sebring,Sebring International Raceway,race,609,19,GTDPRO,Franck Perera,franck perera,246,9.0,11,125.481,11.594,79.188,34.699,,GF,5,84.2,76.0,60.0,False,722
imsa,2024,Sebring,Sebring International Raceway,race,609,19,GTDPRO,Franck Perera,franck perera,247,9.0,12,123.211,11.67,76.898,34.643,,GF,6,84.2,76.0,60.0,False,722
imsa,2024,Sebring,Sebring International Raceway,race,609,19,GTDPRO,Franck Perera,franck perera,248,9.0,13,124.203,11.874,77.952,34.377,,GF,7,84.0,76.0,61.0,False,722
imsa,2024,Sebring,Sebring International Raceway,race,609,19,GTDPRO,Franck Perera,franck perera,249,9.0,14,122.126,11.46,76.392,34.274,,GF,8,84.0,76.0,61.0,False,722
imsa,2024,Sebring,Sebring International Raceway,race,609,19,GTDPRO,Franck Perera,franck perera,250,9.0,15,125.25,11.758,78.746,34.746,,GF,9,84.0,76.0,61.0,False,722
imsa,2024,Sebring,Sebring International Raceway,race,609,19,GTDPRO,Franck Perera,franck perera,251,9.0,16,122.701,11.565,76.349,34.787,,GF,10,84.0,76.0,61.0,False,722
imsa,2024,Sebring,Sebring International Raceway,race,609,19,GTDPRO,Franck Perera,franck perera,252,9.0,17,122.859,11.54,76.665,34.654,,GF,11,83.9,76.0,61.0,False,722
imsa,2024,Sebring,Sebring International Raceway,race,609,19,GTDPRO,Franck Perera,franck perera,253,9.0,18,123.841,11.615,76.938,35.288,,GF,12,83.9,76.0,61.0,False,722
imsa,2024,Sebring,Sebring International Raceway,race,609,19,GTDPRO,Franck Perera,franck perera,254,9.0,19,122.979,11.75,76.91,34.319,,GF,13,83.8,76.0,61.0,False,722
imsa,2024,Sebring,Sebring International Raceway,race,609,19,GTDPRO,Franck Perera,franck perera,255,9.0,20,122.913,11.699,76.904,34.31,,GF,14,83.8,76.0,61.0,False,722
imsa,2024,Sebring,Sebring International Raceway,race,609,19,GTDPRO,Franck Perera,franck perera,256,9.0,21,122.524,11.658,76.451,34.415,,GF,15,83.7,76.0,61.0,False,722
imsa,2024,Sebring,Sebring International Raceway,race,609,19,GTDPRO,Franck Perera,franck perera,257,9.0,22,122.555,11.498,76.5,34.557,,GF,16,83.6,76.0,62.0,False,722
imsa,2024,Sebring,Sebring International Raceway,race,609,19,GTDPRO,Franck Perera,franck perera,258,9.0,23,122.821,11.547,76.673,34.601,,GF,17,83.5,76.0,63.0,False,722
imsa,2024,Sebring,Sebring International Raceway,race,609,19,GTDPRO,Franck Perera,franck perera,259,9.0,24,121.126,11.395,75.578,34.153,,GF,18,83.3,76.0,63.0,False,722
imsa,2024,Sebring,Sebring International Raceway,race,609,19,GTDPRO,Franck Perera,franck perera,260,9.0,25,121.96,11.459,75.999,34.502,,GF,19,83.1,76.0,63.0,False,722
imsa,2024,Sebring,Sebring International Raceway,race,609,19,GTDPRO,Franck Perera,franck perera,261,9.0,26,122.934,11.606,76.664,34.664,,GF,20,83.0,76.0,63.0,False,722
imsa,2024,Sebring,Sebring International Raceway,race,609,19,GTDPRO,Franck Perera,franck perera,262,9.0,27,123.025,11.655,76.709,34.661,,GF,21,82.9,76.0,63.0,False,722
imsa,2024,Sebring,Sebring International Raceway,race,609,19,GTDPRO,Franck Perera,franck perera,263,9.0,28,121.858,11.54,76.072,34.246,,GF,22,82.8,76.0,64.0,False,722
imsa,2024,Sebring,Sebring International Raceway,race,609,19,GTDPRO,Franck Perera,franck perera,264,9.0,29,122.534,11.664,76.363,34.507,,GF,23,82.7,76.0,64.0,False,722
imsa,2024,Sebring,Sebring International Raceway,race,609,19,GTDPRO,Franck Perera,franck perera,265,9.0,30,122.462,11.688,76.19,34.584,,GF,24,82.6,76.0,64.0,False,722
imsa,2024,Sebring,Sebring International Raceway,race,609,19,GTDPRO,Franck Perera,franck perera,266,9.0,31,132.655,11.763,76.551,44.341,,GF,25,82.5,76.0,64.0,False,722
imsa,2024,Sebring,Sebring International Raceway,race,609,19,GTDPRO,Jordan Pepper,jordan pepper,267,10.0,0,189.788,76.083,79.055,34.65,77.132,GF,0,82.4,76.0,64.0,False,722
imsa,2024,Sebring,Sebring International Raceway,race,609,19,GTDPRO,Jordan Pepper,jordan pepper,268,10.0,1,121.559,11.519,75.721,34.319,,GF,0,82.3,76.0,64.0,False,722
imsa,2024,Sebring,Sebring International Raceway,race,609,19,GTDPRO,Jordan Pepper,jordan pepper,269,10.0,2,122.627,11.716,76.531,34.38,,GF,1,82.2,76.0,65.0,False,722
imsa,2024,Sebring,Sebring International Raceway,race,609,19,GTDPRO,Jordan Pepper,jordan pepper,270,10.0,3,122.561,11.61,76.461,34.49,,GF,2,82.1,76.0,65.0,False,722
imsa,2024,Sebring,Sebring International Raceway,race,609,19,GTDPRO,Jordan Pepper,jordan pepper,271,10.0,4,122.691,11.793,76.572,34.326,,GF,3,82.0,76.0,65.0,False,722
imsa,2024,Sebring,Sebring International Raceway,race,609,19,GTDPRO,Jordan Pepper,jordan pepper,272,10.0,5,122.638,11.552,76.898,34.188,,GF,4,82.0,76.0,65.0,False,722
imsa,2024,Sebring,Sebring International Raceway,race,609,19,GTDPRO,Jordan Pepper,jordan pepper,273,10.0,6,122.117,11.497,76.258,34.362,,GF,5,82.0,76.0,65.0,False,722
imsa,2024,Sebring,Sebring International Raceway,race,609,19,GTDPRO,Jordan Pepper,jordan pepper,274,10.0,7,121.858,11.537,76.115,34.206,,GF,6,81.8,76.0,65.0,False,722
imsa,2024,Sebring,Sebring International Raceway,race,609,19,GTDPRO,Jordan Pepper,jordan pepper,275,10.0,8,121.483,11.454,75.886,34.143,,GF,7,81.8,76.0,65.0,False,722
imsa,2024,Sebring,Sebring International Raceway,race,609,19,GTDPRO,Jordan Pepper,jordan pepper,276,10.0,9,121.73,11.49,75.99,34.25,,GF,8,81.8,76.0,66.0,False,722
imsa,2024,Sebring,Sebring International Raceway,race,609,19,GTDPRO,Jordan Pepper,jordan pepper,277,10.0,10,122.223,11.589,76.156,34.478,,GF,9,81.6,76.0,66.0,False,722
imsa,2024,Sebring,Sebring International Raceway,race,609,19,GTDPRO,Jordan Pepper,jordan pepper,278,10.0,11,122.491,11.719,76.304,34.468,,GF,10,81.5,76.0,66.0,False,722
imsa,2024,Sebring,Sebring International Raceway,race,609,19,GTDPRO,Jordan Pepper,jordan pepper,279,10.0,12,121.783,11.565,75.896,34.322,,GF,11,81.4,76.0,66.0,False,722
imsa,2024,Sebring,Sebring International Raceway,race,609,19,GTDPRO,Jordan Pepper,jordan pepper,280,10.0,13,122.267,11.693,76.277,34.297,,GF,12,81.4,76.0,66.0,False,722
imsa,2024,Sebring,Sebring International Raceway,race,609,19,GTDPRO,Jordan Pepper,jordan pepper,281,10.0,14,122.134,11.574,76.298,34.262,,GF,13,81.2,76.0,66.0,False,722
imsa,2024,Sebring,Sebring International Raceway,race,609,19,GTDPRO,Jordan Pepper,jordan pepper,282,10.0,15,121.991,11.527,76.091,34.373,,GF,14,81.1,76.0,67.0,False,722
imsa,2024,Sebring,Sebring International Raceway,race,609,19,GTDPRO,Jordan Pepper,jordan pepper,283,10.0,16,126.727,11.573,76.249,38.905,,FCY,15,81.0,76.0,67.0,False,722
imsa,2024,Sebring,Sebring International Raceway,race,609,19,GTDPRO,Jordan Pepper,jordan pepper,284,10.0,17,208.8,18.789,147.046,42.965,,FCY,15,80.9,76.0,67.0,False,722
imsa,2024,Sebring,Sebring International Raceway,race,609,19,GTDPRO,Jordan Pepper,jordan pepper,285,10.0,18,131.325,12.439,83.325,35.561,,FCY,15,80.7,76.0,67.0,False,722
imsa,2024,Sebring,Sebring International Raceway,race,609,19,GTDPRO,Jordan Pepper,jordan pepper,286,10.0,19,159.717,12.284,85.424,62.009,,FCY,15,80.6,75.0,68.0,False,722
imsa,2024,Sebring,Sebring International Raceway,race,609,19,GTDPRO,Jordan Pepper,jordan pepper,287,10.0,20,189.522,17.596,104.875,67.051,,FCY,15,80.4,75.0,68.0,False,722
imsa,2024,Sebring,Sebring International Raceway,race,609,19,GTDPRO,Mirko Bortolotti,mirko bortolotti,288,11.0,0,214.381,64.602,94.035,55.744,64.215,FCY,0,80.3,75.0,69.0,False,722
imsa,2024,Sebring,Sebring International Raceway,race,609,19,GTDPRO,Mirko Bortolotti,mirko bortolotti,289,11.0,1,233.358,26.233,132.631,74.494,,FCY,0,80.0,75.0,69.0,False,722
imsa,2024,Sebring,Sebring International Raceway,race,609,19,GTDPRO,Mirko Bortolotti,mirko bortolotti,290,11.0,2,181.293,21.089,117.222,42.982,,GF,0,79.8,75.0,69.0,False,722
imsa,2024,Sebring,Sebring International Raceway,race,609,19,GTDPRO,Mirko Bortolotti,mirko bortolotti,291,11.0,3,126.743,12.124,79.794,34.825,,GF,1,79.7,75.0,69.0,False,722
imsa,2024,Sebring,Sebring International Raceway,race,609,19,GTDPRO,Mirko Bortolotti,mirko bortolotti,292,11.0,4,124.465,11.638,77.907,34.92,,GF,2,79.6,75.0,69.0,False,722
imsa,2024,Sebring,Sebring International Raceway,race,609,19,GTDPRO,Mirko Bortolotti,mirko bortolotti,293,11.0,5,125.372,11.766,78.828,34.778,,GF,3,79.5,75.0,69.0,False,722
imsa,2024,Sebring,Sebring International Raceway,race,609,19,GTDPRO,Mirko Bortolotti,mirko bortolotti,294,11.0,6,124.038,11.844,77.417,34.777,,GF,4,79.4,75.0,69.0,False,722
imsa,2024,Sebring,Sebring International Raceway,race,609,19,GTDPRO,Mirko Bortolotti,mirko bortolotti,295,11.0,7,123.603,11.825,77.252,34.526,,GF,5,79.3,75.0,70.0,False,722
imsa,2024,Sebring,Sebring International Raceway,race,609,19,GTDPRO,Mirko Bortolotti,mirko bortolotti,296,11.0,8,154.666,11.738,95.684,47.244,,FCY,6,79.1,75.0,70.0,False,722
imsa,2024,Sebring,Sebring International Raceway,race,609,19,GTDPRO,Mirko Bortolotti,mirko bortolotti,297,11.0,9,170.696,13.776,89.819,67.101,,FCY,6,79.1,75.0,70.0,False,722
imsa,2024,Sebring,Sebring International Raceway,race,609,19,GTDPRO,Mirko Bortolotti,mirko bortolotti,298,11.0,10,179.775,22.129,110.162,47.484,,GF,6,78.9,75.0,70.0,False,722
imsa,2024,Sebring,Sebring International Raceway,race,609,19,GTDPRO,Mirko Bortolotti,mirko bortolotti,299,11.0,11,123.694,11.742,77.357,34.595,,GF,7,78.8,75.0,70.0,False,722
imsa,2024,Sebring,Sebring International Raceway,race,609,19,GTDPRO,Mirko Bortolotti,mirko bortolotti,300,11.0,12,123.619,11.813,77.271,34.535,,GF,8,78.7,75.0,71.0,False,722
imsa,2024,Sebring,Sebring International Raceway,race,609,19,GTDPRO,Mirko Bortolotti,mirko bortolotti,301,11.0,13,157.338,11.542,93.767,52.029,,FCY,9,78.7,75.0,71.0,False,722
imsa,2024,Sebring,Sebring International Raceway,race,609,19,GTDPRO,Mirko Bortolotti,mirko bortolotti,302,11.0,14,202.858,13.189,122.818,66.851,,FCY,9,78.5,75.0,71.0,False,722
imsa,2024,Sebring,Sebring International Raceway,race,609,19,GTDPRO,Mirko Bortolotti,mirko bortolotti,303,11.0,15,183.965,20.105,106.066,57.794,,FCY,9,78.4,75.0,71.0,False,722
imsa,2024,Sebring,Sebring International Raceway,race,609,19,GTDPRO,Mirko Bortolotti,mirko bortolotti,304,11.0,16,205.172,16.793,135.646,52.733,,GF,9,78.2,75.0,71.0,False,722
imsa,2024,Sebring,Sebring International Raceway,race,609,19,GTDPRO,Mirko Bortolotti,mirko bortolotti,305,11.0,17,124.096,11.731,77.865,34.5,,GF,10,78.1,75.0,71.0,False,722
imsa,2024,Sebring,Sebring International Raceway,race,609,19,GTDPRO,Mirko Bortolotti,mirko bortolotti,306,11.0,18,122.741,11.482,76.713,34.546,,GF,11,77.9,75.0,71.0,False,722
imsa,2024,Sebring,Sebring International Raceway,race,609,19,GTDPRO,Mirko Bortolotti,mirko bortolotti,307,11.0,19,122.237,11.582,76.309,34.346,,GF,12,77.9,75.0,72.0,False,722
imsa,2024,Sebring,Sebring International Raceway,race,609,19,GTDPRO,Mirko Bortolotti,mirko bortolotti,308,11.0,20,122.134,11.624,76.188,34.322,,GF,13,77.9,75.0,72.0,False,722
imsa,2024,Sebring,Sebring International Raceway,race,609,19,GTDPRO,Mirko Bortolotti,mirko bortolotti,309,11.0,21,122.11,11.578,76.188,34.344,,GF,14,77.7,75.0,72.0,False,722
imsa,2024,Sebring,Sebring International Raceway,race,609,19,GTDPRO,Mirko Bortolotti,mirko bortolotti,310,11.0,22,121.673,11.504,75.873,34.296,,GF,15,77.6,75.0,72.0,False,722
imsa,2024,Sebring,Sebring International Raceway,race,609,19,GTDPRO,Mirko Bortolotti,mirko bortolotti,311,11.0,23,122.916,11.634,76.799,34.483,,GF,16,77.5,75.0,72.0,False,722
imsa,2024,Sebring,Sebring International Raceway,race,609,19,GTDPRO,Mirko Bortolotti,mirko bortolotti,312,11.0,24,122.906,11.657,76.836,34.413,,GF,17,77.5,75.0,72.0,False,722
imsa,2024,Sebring,Sebring International Raceway,race,609,19,GTDPRO,Mirko Bortolotti,mirko bortolotti,313,11.0,25,122.586,11.592,76.498,34.496,,GF,18,77.5,75.0,72.0,False,722
imsa,2024,Sebring,Sebring International Raceway,race,609,19,GTDPRO,Mirko Bortolotti,mirko bortolotti,314,11.0,26,124.013,11.831,77.666,34.516,,GF,19,77.4,75.0,72.0,False,722
imsa,2024,Sebring,Sebring International Raceway,race,609,19,GTDPRO,Mirko Bortolotti,mirko bortolotti,315,11.0,27,123.22,11.669,76.787,34.764,,GF,20,77.5,75.0,72.0,False,722
imsa,2024,Sebring,Sebring International Raceway,race,609,19,GTDPRO,Mirko Bortolotti,mirko bortolotti,316,11.0,28,122.899,11.642,76.552,34.705,,FF,21,77.4,75.0,72.0,False,722
imsa,2024,Sebring,Sebring International Raceway,race,609,23,GTDPRO,Mario Farnbacher,mario farnbacher,1,1.0,0,147.937,35.886,77.606,34.445,,GF,0,71.6,74.0,85.0,False,722
imsa,2024,Sebring,Sebring International Raceway,race,609,23,GTDPRO,Mario Farnbacher,mario farnbacher,2,1.0,1,122.281,11.626,76.367,34.288,,GF,0,71.9,75.0,85.0,False,722
imsa,2024,Sebring,Sebring International Raceway,race,609,23,GTDPRO,Mario Farnbacher,mario farnbacher,3,1.0,2,122.081,11.453,76.29,34.338,,GF,1,72.3,75.0,85.0,False,722
imsa,2024,Sebring,Sebring International Raceway,race,609,23,GTDPRO,Mario Farnbacher,mario farnbacher,4,1.0,3,122.032,11.463,76.318,34.251,,GF,2,72.5,75.0,84.0,False,722
imsa,2024,Sebring,Sebring International Raceway,race,609,23,GTDPRO,Mario Farnbacher,mario farnbacher,5,1.0,4,121.925,11.432,76.11,34.383,,GF,3,72.8,75.0,84.0,False,722
imsa,2024,Sebring,Sebring International Raceway,race,609,23,GTDPRO,Mario Farnbacher,mario farnbacher,6,1.0,5,122.136,11.374,76.507,34.255,,GF,4,73.1,75.0,83.0,False,722
imsa,2024,Sebring,Sebring International Raceway,race,609,23,GTDPRO,Mario Farnbacher,mario farnbacher,7,1.0,6,121.854,11.518,76.063,34.273,,GF,5,73.4,75.0,83.0,False,722
imsa,2024,Sebring,Sebring International Raceway,race,609,23,GTDPRO,Mario Farnbacher,mario farnbacher,8,1.0,7,122.047,11.464,76.252,34.331,,GF,6,73.4,75.0,83.0,False,722
imsa,2024,Sebring,Sebring International Raceway,race,609,23,GTDPRO,Mario Farnbacher,mario farnbacher,9,1.0,8,122.106,11.457,76.23,34.419,,GF,7,73.5,75.0,82.0,False,722
imsa,2024,Sebring,Sebring International Raceway,race,609,23,GTDPRO,Mario Farnbacher,mario farnbacher,10,1.0,9,123.614,11.522,77.357,34.735,,GF,8,73.7,75.0,82.0,False,722
imsa,2024,Sebring,Sebring International Raceway,race,609,23,GTDPRO,Mario Farnbacher,mario farnbacher,11,1.0,10,122.726,11.686,76.679,34.361,,GF,9,73.9,75.0,81.0,False,722
imsa,2024,Sebring,Sebring International Raceway,race,609,23,GTDPRO,Mario Farnbacher,mario farnbacher,12,1.0,11,122.128,11.509,76.386,34.233,,GF,10,74.0,75.0,81.0,False,722
imsa,2024,Sebring,Sebring International Raceway,race,609,23,GTDPRO,Mario Farnbacher,mario farnbacher,13,1.0,12,122.39,11.436,76.604,34.35,,GF,11,74.2,75.0,81.0,False,722
imsa,2024,Sebring,Sebring International Raceway,race,609,23,GTDPRO,Mario Farnbacher,mario farnbacher,14,1.0,13,122.153,11.405,76.343,34.405,,GF,12,74.4,75.0,80.0,False,722
imsa,2024,Sebring,Sebring International Raceway,race,609,23,GTDPRO,Mario Farnbacher,mario farnbacher,15,1.0,14,122.142,11.503,76.387,34.252,,GF,13,74.7,75.0,80.0,False,722
imsa,2024,Sebring,Sebring International Raceway,race,609,23,GTDPRO,Mario Farnbacher,mario farnbacher,16,1.0,15,122.315,11.453,76.348,34.514,,GF,14,74.7,75.0,80.0,False,722
imsa,2024,Sebring,Sebring International Raceway,race,609,23,GTDPRO,Mario Farnbacher,mario farnbacher,17,1.0,16,124.223,11.471,77.44,35.312,,GF,15,74.9,74.0,80.0,False,722
imsa,2024,Sebring,Sebring International Raceway,race,609,23,GTDPRO,Mario Farnbacher,mario farnbacher,18,1.0,17,123.296,11.504,77.115,34.677,,FCY,16,74.9,74.0,80.0,False,722
imsa,2024,Sebring,Sebring International Raceway,race,609,23,GTDPRO,Mario Farnbacher,mario farnbacher,19,1.0,18,155.514,12.789,99.256,43.469,,FCY,16,75.3,74.0,79.0,False,722
imsa,2024,Sebring,Sebring International Raceway,race,609,23,GTDPRO,Mario Farnbacher,mario farnbacher,20,1.0,19,152.38,16.687,93.652,42.041,,FCY,16,75.3,74.0,79.0,False,722
imsa,2024,Sebring,Sebring International Raceway,race,609,23,GTDPRO,Mario Farnbacher,mario farnbacher,21,1.0,20,215.2,18.815,133.666,62.719,,FCY,16,75.6,74.0,78.0,False,722
imsa,2024,Sebring,Sebring International Raceway,race,609,23,GTDPRO,Mario Farnbacher,mario farnbacher,22,1.0,21,188.603,12.924,111.033,64.646,,FCY,16,76.0,74.0,78.0,False,722
imsa,2024,Sebring,Sebring International Raceway,race,609,23,GTDPRO,Mario Farnbacher,mario farnbacher,23,1.0,22,217.676,72.631,86.701,58.344,71.474,FCY,0,76.3,74.0,78.0,False,722
imsa,2024,Sebring,Sebring International Raceway,race,609,23,GTDPRO,Mario Farnbacher,mario farnbacher,24,1.0,23,205.807,24.994,139.253,41.56,,GF,0,76.6,74.0,77.0,False,722
imsa,2024,Sebring,Sebring International Raceway,race,609,23,GTDPRO,Mario Farnbacher,mario farnbacher,25,1.0,24,123.365,11.705,77.168,34.492,,GF,1,76.6,74.0,77.0,False,722
imsa,2024,Sebring,Sebring International Raceway,race,609,23,GTDPRO,Mario Farnbacher,mario farnbacher,26,1.0,25,122.471,11.479,76.611,34.381,,GF,2,76.9,74.0,77.0,False,722
imsa,2024,Sebring,Sebring International Raceway,race,609,23,GTDPRO,Mario Farnbacher,mario farnbacher,27,1.0,26,122.391,11.423,76.592,34.376,,GF,3,76.9,74.0,76.0,False,722
imsa,2024,Sebring,Sebring International Raceway,race,609,23,GTDPRO,Mario Farnbacher,mario farnbacher,28,1.0,27,122.316,11.49,76.494,34.332,,GF,4,77.1,74.0,76.0,False,722
imsa,2024,Sebring,Sebring International Raceway,race,609,23,GTDPRO,Mario Farnbacher,mario farnbacher,29,1.0,28,122.963,11.751,76.65,34.562,,GF,5,77.3,74.0,76.0,False,722
imsa,2024,Sebring,Sebring International Raceway,race,609,23,GTDPRO,Mario Farnbacher,mario farnbacher,30,1.0,29,123.67,11.69,77.25,34.73,,GF,6,77.6,74.0,75.0,False,722
imsa,2024,Sebring,Sebring International Raceway,race,609,23,GTDPRO,Mario Farnbacher,mario farnbacher,31,1.0,30,123.879,11.669,77.582,34.628,,GF,7,77.9,75.0,75.0,False,722
imsa,2024,Sebring,Sebring International Raceway,race,609,23,GTDPRO,Mario Farnbacher,mario farnbacher,32,1.0,31,122.485,11.43,76.654,34.401,,GF,8,78.0,75.0,75.0,False,722
imsa,2024,Sebring,Sebring International Raceway,race,609,23,GTDPRO,Mario Farnbacher,mario farnbacher,33,1.0,32,122.386,11.541,76.436,34.409,,GF,9,78.2,75.0,75.0,False,722
imsa,2024,Sebring,Sebring International Raceway,race,609,23,GTDPRO,Mario Farnbacher,mario farnbacher,34,1.0,33,122.831,11.454,76.665,34.712,,GF,10,78.3,75.0,75.0,False,722
imsa,2024,Sebring,Sebring International Raceway,race,609,23,GTDPRO,Mario Farnbacher,mario farnbacher,35,1.0,34,123.033,11.457,77.123,34.453,,GF,11,78.4,75.0,74.0,False,722
imsa,2024,Sebring,Sebring International Raceway,race,609,23,GTDPRO,Mario Farnbacher,mario farnbacher,36,1.0,35,123.407,11.438,76.95,35.019,,GF,12,78.2,75.0,74.0,False,722
imsa,2024,Sebring,Sebring International Raceway,race,609,23,GTDPRO,Mario Farnbacher,mario farnbacher,37,1.0,36,122.341,11.587,76.426,34.328,,GF,13,78.1,74.0,74.0,False,722
imsa,2024,Sebring,Sebring International Raceway,race,609,23,GTDPRO,Mario Farnbacher,mario farnbacher,38,1.0,37,121.806,11.406,76.102,34.298,,GF,14,78.0,74.0,74.0,False,722
imsa,2024,Sebring,Sebring International Raceway,race,609,23,GTDPRO,Mario Farnbacher,mario farnbacher,39,1.0,38,121.891,11.363,76.189,34.339,,GF,15,78.0,74.0,74.0,False,722
imsa,2024,Sebring,Sebring International Raceway,race,609,23,GTDPRO,Mario Farnbacher,mario farnbacher,40,1.0,39,122.141,11.385,76.448,34.308,,GF,16,78.0,74.0,74.0,False,722
imsa,2024,Sebring,Sebring International Raceway,race,609,23,GTDPRO,Mario Farnbacher,mario farnbacher,41,1.0,40,122.46,11.354,76.536,34.57,,GF,17,78.0,74.0,74.0,False,722
imsa,2024,Sebring,Sebring International Raceway,race,609,23,GTDPRO,Mario Farnbacher,mario farnbacher,42,1.0,41,122.714,11.499,76.858,34.357,,GF,18,77.9,74.0,74.0,False,722
imsa,2024,Sebring,Sebring International Raceway,race,609,23,GTDPRO,Mario Farnbacher,mario farnbacher,43,1.0,42,123.084,11.472,77.162,34.45,,GF,19,77.8,74.0,75.0,False,722
imsa,2024,Sebring,Sebring International Raceway,race,609,23,GTDPRO,Mario Farnbacher,mario farnbacher,44,1.0,43,123.033,11.43,77.252,34.351,,GF,20,78.1,74.0,75.0,False,722
imsa,2024,Sebring,Sebring International Raceway,race,609,23,GTDPRO,Mario Farnbacher,mario farnbacher,45,1.0,44,123.518,11.717,76.904,34.897,,GF,21,78.6,75.0,74.0,False,722
imsa,2024,Sebring,Sebring International Raceway,race,609,23,GTDPRO,Mario Farnbacher,mario farnbacher,46,1.0,45,122.155,11.519,76.282,34.354,,GF,22,78.9,75.0,73.0,False,722
imsa,2024,Sebring,Sebring International Raceway,race,609,23,GTDPRO,Mario Farnbacher,mario farnbacher,47,1.0,46,122.584,11.383,76.755,34.446,,GF,23,78.8,75.0,73.0,False,722
imsa,2024,Sebring,Sebring International Raceway,race,609,23,GTDPRO,Mario Farnbacher,mario farnbacher,48,1.0,47,122.107,11.418,76.332,34.357,,GF,24,78.9,75.0,73.0,False,722
imsa,2024,Sebring,Sebring International Raceway,race,609,23,GTDPRO,Mario Farnbacher,mario farnbacher,49,1.0,48,122.459,11.474,76.662,34.323,,GF,25,79.0,75.0,73.0,False,722
imsa,2024,Sebring,Sebring International Raceway,race,609,23,GTDPRO,Mario Farnbacher,mario farnbacher,50,1.0,49,122.079,11.415,76.371,34.293,,GF,26,79.1,75.0,72.0,False,722
imsa,2024,Sebring,Sebring International Raceway,race,609,23,GTDPRO,Mario Farnbacher,mario farnbacher,51,1.0,50,131.391,11.424,76.594,43.373,,GF,27,79.1,75.0,72.0,False,722
imsa,2024,Sebring,Sebring International Raceway,race,609,23,GTDPRO,Alex Riberas,alex riberas,52,2.0,0,220.49,78.433,100.659,41.398,77.847,FCY,0,79.0,75.0,72.0,False,722
imsa,2024,Sebring,Sebring International Raceway,race,609,23,GTDPRO,Alex Riberas,alex riberas,53,2.0,1,181.698,14.985,102.987,63.726,,FCY,0,79.1,75.0,72.0,False,722
imsa,2024,Sebring,Sebring International Raceway,race,609,23,GTDPRO,Alex Riberas,alex riberas,54,2.0,2,194.225,17.03,120.269,56.926,,FCY,0,79.2,75.0,72.0,False,722
imsa,2024,Sebring,Sebring International Raceway,race,609,23,GTDPRO,Alex Riberas,alex riberas,55,2.0,3,195.949,41.311,98.516,56.122,40.54,FCY,0,79.4,75.0,71.0,False,722
imsa,2024,Sebring,Sebring International Raceway,race,609,23,GTDPRO,Alex Riberas,alex riberas,56,2.0,4,204.621,28.017,133.654,42.95,,GF,0,79.6,75.0,71.0,False,722
imsa,2024,Sebring,Sebring International Raceway,race,609,23,GTDPRO,Alex Riberas,alex riberas,57,2.0,5,124.755,11.758,78.122,34.875,,GF,1,79.5,75.0,71.0,False,722
imsa,2024,Sebring,Sebring International Raceway,race,609,23,GTDPRO,Alex Riberas,alex riberas,58,2.0,6,123.844,11.995,77.288,34.561,,GF,2,79.5,75.0,71.0,False,722
imsa,2024,Sebring,Sebring International Raceway,race,609,23,GTDPRO,Alex Riberas,alex riberas,59,2.0,7,123.364,11.583,76.989,34.792,,GF,3,79.5,75.0,71.0,False,722
imsa,2024,Sebring,Sebring International Raceway,race,609,23,GTDPRO,Alex Riberas,alex riberas,60,2.0,8,122.85,11.545,76.699,34.606,,GF,4,79.6,75.0,71.0,False,722
imsa,2024,Sebring,Sebring International Raceway,race,609,23,GTDPRO,Alex Riberas,alex riberas,61,2.0,9,123.472,11.553,77.026,34.893,,GF,5,79.7,75.0,71.0,False,722
imsa,2024,Sebring,Sebring International Raceway,race,609,23,GTDPRO,Alex Riberas,alex riberas,62,2.0,10,123.751,12.127,77.031,34.593,,GF,6,79.9,75.0,71.0,False,722
imsa,2024,Sebring,Sebring International Raceway,race,609,23,GTDPRO,Alex Riberas,alex riberas,63,2.0,11,123.183,11.664,76.78,34.739,,GF,7,80.0,75.0,70.0,False,722
imsa,2024,Sebring,Sebring International Raceway,race,609,23,GTDPRO,Alex Riberas,alex riberas,64,2.0,12,122.858,11.555,76.656,34.647,,GF,8,80.0,75.0,70.0,False,722
imsa,2024,Sebring,Sebring International Raceway,race,609,23,GTDPRO,Alex Riberas,alex riberas,65,2.0,13,124.344,11.61,77.652,35.082,,GF,9,80.1,75.0,70.0,False,722
imsa,2024,Sebring,Sebring International Raceway,race,609,23,GTDPRO,Alex Riberas,alex riberas,66,2.0,14,124.5,11.484,77.554,35.462,,GF,10,80.1,75.0,70.0,False,722
imsa,2024,Sebring,Sebring International Raceway,race,609,23,GTDPRO,Alex Riberas,alex riberas,67,2.0,15,123.589,11.944,77.092,34.553,,GF,11,80.2,75.0,70.0,False,722
imsa,2024,Sebring,Sebring International Raceway,race,609,23,GTDPRO,Alex Riberas,alex riberas,68,2.0,16,123.267,11.514,77.009,34.744,,GF,12,80.2,75.0,70.0,False,722
imsa,2024,Sebring,Sebring International Raceway,race,609,23,GTDPRO,Alex Riberas,alex riberas,69,2.0,17,123.644,11.593,77.31,34.741,,GF,13,80.1,75.0,70.0,False,722
imsa,2024,Sebring,Sebring International Raceway,race,609,23,GTDPRO,Alex Riberas,alex riberas,70,2.0,18,122.515,11.548,76.447,34.52,,GF,14,80.1,75.0,70.0,False,722
imsa,2024,Sebring,Sebring International Raceway,race,609,23,GTDPRO,Alex Riberas,alex riberas,71,2.0,19,122.549,11.489,76.444,34.616,,GF,15,80.0,75.0,69.0,False,722
imsa,2024,Sebring,Sebring International Raceway,race,609,23,GTDPRO,Alex Riberas,alex riberas,72,2.0,20,122.888,11.528,76.835,34.525,,GF,16,79.7,75.0,70.0,False,722
imsa,2024,Sebring,Sebring International Raceway,race,609,23,GTDPRO,Alex Riberas,alex riberas,73,2.0,21,122.475,11.495,76.432,34.548,,GF,17,79.8,75.0,70.0,False,722
imsa,2024,Sebring,Sebring International Raceway,race,609,23,GTDPRO,Alex Riberas,alex riberas,74,2.0,22,122.588,11.527,76.537,34.524,,GF,18,79.9,75.0,70.0,False,722
imsa,2024,Sebring,Sebring International Raceway,race,609,23,GTDPRO,Alex Riberas,alex riberas,75,2.0,23,127.453,11.664,76.925,38.864,,FCY,19,80.0,76.0,71.0,False,722
imsa,2024,Sebring,Sebring International Raceway,race,609,23,GTDPRO,Alex Riberas,alex riberas,76,2.0,24,198.231,16.765,141.585,39.881,,FCY,19,80.2,76.0,70.0,False,722
imsa,2024,Sebring,Sebring International Raceway,race,609,23,GTDPRO,Alex Riberas,alex riberas,77,2.0,25,135.203,13.149,85.006,37.048,,FCY,19,80.3,76.0,69.0,False,722
imsa,2024,Sebring,Sebring International Raceway,race,609,23,GTDPRO,Alex Riberas,alex riberas,78,2.0,26,142.115,12.64,84.765,44.71,,FCY,19,80.3,76.0,70.0,False,722
imsa,2024,Sebring,Sebring International Raceway,race,609,23,GTDPRO,Alex Riberas,alex riberas,79,2.0,27,176.775,13.12,102.726,60.929,,FCY,19,80.6,76.0,69.0,False,722
imsa,2024,Sebring,Sebring International Raceway,race,609,23,GTDPRO,Alex Riberas,alex riberas,80,2.0,28,222.177,86.985,87.047,48.145,85.517,FCY,0,80.7,76.0,69.0,False,722
imsa,2024,Sebring,Sebring International Raceway,race,609,23,GTDPRO,Alex Riberas,alex riberas,81,2.0,29,207.721,17.223,121.777,68.721,,FCY,0,81.1,76.0,67.0,False,722
imsa,2024,Sebring,Sebring International Raceway,race,609,23,GTDPRO,Alex Riberas,alex riberas,82,2.0,30,180.377,30.713,111.961,37.703,,GF,0,81.2,77.0,67.0,False,722
imsa,2024,Sebring,Sebring International Raceway,race,609,23,GTDPRO,Alex Riberas,alex riberas,83,2.0,31,125.165,11.534,78.87,34.761,,GF,1,81.4,78.0,67.0,False,722
imsa,2024,Sebring,Sebring International Raceway,race,609,23,GTDPRO,Alex Riberas,alex riberas,84,2.0,32,122.497,11.732,76.516,34.249,,GF,2,81.6,79.0,67.0,False,722
imsa,2024,Sebring,Sebring International Raceway,race,609,23,GTDPRO,Alex Riberas,alex riberas,85,2.0,33,121.767,11.5,75.993,34.274,,GF,3,82.0,81.0,67.0,False,722
imsa,2024,Sebring,Sebring International Raceway,race,609,23,GTDPRO,Alex Riberas,alex riberas,86,2.0,34,122.314,11.552,76.377,34.385,,GF,4,82.1,82.0,66.0,False,722
imsa,2024,Sebring,Sebring International Raceway,race,609,23,GTDPRO,Alex Riberas,alex riberas,87,2.0,35,122.989,11.523,77.121,34.345,,GF,5,82.3,82.0,65.0,False,722
imsa,2024,Sebring,Sebring International Raceway,race,609,23,GTDPRO,Alex Riberas,alex riberas,88,2.0,36,122.589,11.571,76.539,34.479,,GF,6,82.3,82.0,65.0,False,722
imsa,2024,Sebring,Sebring International Raceway,race,609,23,GTDPRO,Alex Riberas,alex riberas,89,2.0,37,122.473,11.47,76.445,34.558,,GF,7,82.4,82.0,65.0,False,722
imsa,2024,Sebring,Sebring International Raceway,race,609,23,GTDPRO,Alex Riberas,alex riberas,90,2.0,38,122.866,11.479,76.598,34.789,,GF,8,82.3,83.0,65.0,False,722
imsa,2024,Sebring,Sebring International Raceway,race,609,23,GTDPRO,Alex Riberas,alex riberas,91,2.0,39,124.345,11.513,77.002,35.83,,GF,9,82.3,84.0,65.0,False,722
imsa,2024,Sebring,Sebring International Raceway,race,609,23,GTDPRO,Alex Riberas,alex riberas,92,2.0,40,123.894,11.725,77.469,34.7,,GF,10,82.2,84.0,65.0,False,722
imsa,2024,Sebring,Sebring International Raceway,race,609,23,GTDPRO,Alex Riberas,alex riberas,93,2.0,41,124.363,11.541,77.909,34.913,,GF,11,82.2,84.0,66.0,False,722
imsa,2024,Sebring,Sebring International Raceway,race,609,23,GTDPRO,Alex Riberas,alex riberas,94,2.0,42,123.449,11.64,77.093,34.716,,GF,12,82.1,82.0,66.0,False,722
imsa,2024,Sebring,Sebring International Raceway,race,609,23,GTDPRO,Alex Riberas,alex riberas,95,2.0,43,123.266,11.784,77.047,34.435,,GF,13,81.9,81.0,66.0,False,722
imsa,2024,Sebring,Sebring International Raceway,race,609,23,GTDPRO,Alex Riberas,alex riberas,96,2.0,44,123.382,11.726,76.929,34.727,,GF,14,81.9,80.0,66.0,False,722
imsa,2024,Sebring,Sebring International Raceway,race,609,23,GTDPRO,Alex Riberas,alex riberas,97,2.0,45,122.376,11.524,76.271,34.581,,GF,15,82.2,80.0,66.0,False,722
imsa,2024,Sebring,Sebring International Raceway,race,609,23,GTDPRO,Alex Riberas,alex riberas,98,2.0,46,123.12,11.534,76.957,34.629,,GF,16,82.3,79.0,65.0,False,722
imsa,2024,Sebring,Sebring International Raceway,race,609,23,GTDPRO,Alex Riberas,alex riberas,99,2.0,47,122.709,11.574,76.651,34.484,,GF,17,82.1,79.0,65.0,False,722
imsa,2024,Sebring,Sebring International Raceway,race,609,23,GTDPRO,Alex Riberas,alex riberas,100,2.0,48,122.803,11.548,76.618,34.637,,GF,18,82.1,79.0,65.0,False,722
imsa,2024,Sebring,Sebring International Raceway,race,609,23,GTDPRO,Alex Riberas,alex riberas,101,2.0,49,123.32,11.567,76.944,34.809,,GF,19,82.0,78.0,65.0,False,722
imsa,2024,Sebring,Sebring International Raceway,race,609,23,GTDPRO,Alex Riberas,alex riberas,102,2.0,50,123.505,11.789,77.348,34.368,,GF,20,82.1,78.0,65.0,False,722
imsa,2024,Sebring,Sebring International Raceway,race,609,23,GTDPRO,Alex Riberas,alex riberas,103,2.0,51,123.32,11.568,76.811,34.941,,GF,21,82.4,78.0,65.0,False,722
imsa,2024,Sebring,Sebring International Raceway,race,609,23,GTDPRO,Alex Riberas,alex riberas,104,2.0,52,123.272,11.501,76.886,34.885,,GF,22,82.7,78.0,64.0,False,722
imsa,2024,Sebring,Sebring International Raceway,race,609,23,GTDPRO,Alex Riberas,alex riberas,105,2.0,53,124.278,11.602,77.978,34.698,,GF,23,83.0,78.0,64.0,False,722
imsa,2024,Sebring,Sebring International Raceway,race,609,23,GTDPRO,Alex Riberas,alex riberas,106,2.0,54,133.658,11.762,77.772,44.124,,GF,24,83.2,78.0,64.0,False,722
imsa,2024,Sebring,Sebring International Raceway,race,609,23,GTDPRO,Ross Gunn,ross gunn,107,3.0,0,293.081,74.034,145.124,73.923,72.791,FCY,0,83.4,78.0,63.0,False,722
imsa,2024,Sebring,Sebring International Raceway,race,609,23,GTDPRO,Ross Gunn,ross gunn,108,3.0,1,135.749,16.577,81.667,37.505,,FCY,0,83.3,77.0,62.0,False,722
imsa,2024,Sebring,Sebring International Raceway,race,609,23,GTDPRO,Ross Gunn,ross gunn,109,3.0,2,143.563,12.057,81.361,50.145,,FCY,0,83.2,77.0,63.0,False,722
imsa,2024,Sebring,Sebring International Raceway,race,609,23,GTDPRO,Ross Gunn,ross gunn,110,3.0,3,168.707,14.248,99.481,54.978,,FCY,0,83.0,77.0,62.0,False,722
imsa,2024,Sebring,Sebring International Raceway,race,609,23,GTDPRO,Ross Gunn,ross gunn,111,3.0,4,186.677,14.489,107.652,64.536,,FCY,0,83.1,77.0,63.0,False,722
imsa,2024,Sebring,Sebring International Raceway,race,609,23,GTDPRO,Ross Gunn,ross gunn,112,3.0,5,199.321,21.165,129.229,48.927,,GF,0,83.0,77.0,63.0,False,722
imsa,2024,Sebring,Sebring International Raceway,race,609,23,GTDPRO,Ross Gunn,ross gunn,113,3.0,6,123.811,11.805,77.454,34.552,,GF,1,83.0,77.0,63.0,False,722
imsa,2024,Sebring,Sebring International Raceway,race,609,23,GTDPRO,Ross Gunn,ross gunn,114,3.0,7,122.88,11.666,76.802,34.412,,GF,2,83.0,69.0,63.0,False,722
imsa,2024,Sebring,Sebring International Raceway,race,609,23,GTDPRO,Ross Gunn,ross gunn,115,3.0,8,136.908,11.7,84.609,40.599,,FCY,3,83.2,69.0,63.0,False,722
imsa,2024,Sebring,Sebring International Raceway,race,609,23,GTDPRO,Ross Gunn,ross gunn,116,3.0,9,168.732,13.634,107.991,47.107,,GF,3,83.3,71.0,63.0,False,722
imsa,2024,Sebring,Sebring International Raceway,race,609,23,GTDPRO,Ross Gunn,ross gunn,117,3.0,10,122.833,11.825,76.588,34.42,,GF,4,83.3,72.0,63.0,False,722
imsa,2024,Sebring,Sebring International Raceway,race,609,23,GTDPRO,Ross Gunn,ross gunn,118,3.0,11,122.507,11.48,76.424,34.603,,GF,5,83.2,73.0,63.0,False,722
imsa,2024,Sebring,Sebring International Raceway,race,609,23,GTDPRO,Ross Gunn,ross gunn,119,3.0,12,122.637,11.656,76.479,34.502,,GF,6,83.3,74.0,63.0,False,722
imsa,2024,Sebring,Sebring International Raceway,race,609,23,GTDPRO,Ross Gunn,ross gunn,120,3.0,13,121.993,11.538,76.112,34.343,,GF,7,83.8,74.0,62.0,False,722
imsa,2024,Sebring,Sebring International Raceway,race,609,23,GTDPRO,Ross Gunn,ross gunn,121,3.0,14,122.777,11.527,76.748,34.502,,GF,8,83.9,74.0,61.0,False,722
imsa,2024,Sebring,Sebring International Raceway,race,609,23,GTDPRO,Ross Gunn,ross gunn,122,3.0,15,122.437,11.512,76.345,34.58,,GF,9,84.3,74.0,61.0,False,722
imsa,2024,Sebring,Sebring International Raceway,race,609,23,GTDPRO,Ross Gunn,ross gunn,123,3.0,16,122.184,11.507,76.321,34.356,,GF,10,84.3,74.0,61.0,False,722
imsa,2024,Sebring,Sebring International Raceway,race,609,23,GTDPRO,Ross Gunn,ross gunn,124,3.0,17,122.137,11.534,76.265,34.338,,GF,11,84.6,74.0,61.0,False,722
imsa,2024,Sebring,Sebring International Raceway,race,609,23,GTDPRO,Ross Gunn,ross gunn,125,3.0,18,122.227,11.511,76.262,34.454,,GF,12,84.9,75.0,59.0,False,722
imsa,2024,Sebring,Sebring International Raceway,race,609,23,GTDPRO,Ross Gunn,ross gunn,126,3.0,19,122.702,11.54,76.723,34.439,,GF,13,85.2,75.0,60.0,False,722
imsa,2024,Sebring,Sebring International Raceway,race,609,23,GTDPRO,Ross Gunn,ross gunn,127,3.0,20,123.524,11.648,77.354,34.522,,GF,14,85.2,75.0,59.0,False,722
imsa,2024,Sebring,Sebring International Raceway,race,609,23,GTDPRO,Ross Gunn,ross gunn,128,3.0,21,122.797,11.61,76.825,34.362,,GF,15,85.2,75.0,59.0,False,722
imsa,2024,Sebring,Sebring International Raceway,race,609,23,GTDPRO,Ross Gunn,ross gunn,129,3.0,22,122.206,11.483,76.453,34.27,,GF,16,85.4,75.0,58.0,False,722
imsa,2024,Sebring,Sebring International Raceway,race,609,23,GTDPRO,Ross Gunn,ross gunn,130,3.0,23,121.794,11.454,76.088,34.252,,GF,17,85.5,75.0,59.0,False,722
imsa,2024,Sebring,Sebring International Raceway,race,609,23,GTDPRO,Ross Gunn,ross gunn,131,3.0,24,122.418,11.472,76.525,34.421,,GF,18,85.9,75.0,58.0,False,722
imsa,2024,Sebring,Sebring International Raceway,race,609,23,GTDPRO,Ross Gunn,ross gunn,132,3.0,25,122.801,11.466,76.73,34.605,,GF,19,86.0,75.0,58.0,False,722
imsa,2024,Sebring,Sebring International Raceway,race,609,23,GTDPRO,Ross Gunn,ross gunn,133,3.0,26,121.855,11.46,76.247,34.148,,GF,20,86.2,75.0,58.0,False,722
imsa,2024,Sebring,Sebring International Raceway,race,609,23,GTDPRO,Ross Gunn,ross gunn,134,3.0,27,122.285,11.485,76.407,34.393,,GF,21,86.1,75.0,59.0,False,722
imsa,2024,Sebring,Sebring International Raceway,race,609,23,GTDPRO,Ross Gunn,ross gunn,135,3.0,28,122.243,11.493,76.369,34.381,,GF,22,86.2,75.0,59.0,False,722
imsa,2024,Sebring,Sebring International Raceway,race,609,23,GTDPRO,Ross Gunn,ross gunn,136,3.0,29,122.326,11.443,76.335,34.548,,GF,23,86.1,75.0,58.0,False,722
imsa,2024,Sebring,Sebring International Raceway,race,609,23,GTDPRO,Ross Gunn,ross gunn,137,3.0,30,122.986,11.493,76.926,34.567,,GF,24,85.9,76.0,59.0,False,722
imsa,2024,Sebring,Sebring International Raceway,race,609,23,GTDPRO,Ross Gunn,ross gunn,138,3.0,31,122.943,11.711,76.817,34.415,,GF,25,85.6,76.0,59.0,False,722
imsa,2024,Sebring,Sebring International Raceway,race,609,23,GTDPRO,Ross Gunn,ross gunn,139,3.0,32,131.081,11.475,76.485,43.121,,GF,26,85.5,76.0,58.0,False,722
imsa,2024,Sebring,Sebring International Raceway,race,609,23,GTDPRO,Ross Gunn,ross gunn,140,3.0,33,190.391,77.779,78.191,34.421,78.229,GF,0,85.7,76.0,58.0,False,722
imsa,2024,Sebring,Sebring International Raceway,race,609,23,GTDPRO,Ross Gunn,ross gunn,141,3.0,34,122.53,11.466,76.852,34.212,,GF,0,85.9,76.0,57.0,False,722
imsa,2024,Sebring,Sebring International Raceway,race,609,23,GTDPRO,Ross Gunn,ross gunn,142,3.0,35,122.484,11.442,76.494,34.548,,GF,1,86.0,76.0,57.0,False,722
imsa,2024,Sebring,Sebring International Raceway,race,609,23,GTDPRO,Ross Gunn,ross gunn,143,3.0,36,122.334,11.556,76.475,34.303,,GF,2,85.9,76.0,57.0,False,722
imsa,2024,Sebring,Sebring International Raceway,race,609,23,GTDPRO,Ross Gunn,ross gunn,144,3.0,37,122.305,11.468,76.554,34.283,,GF,3,85.9,76.0,58.0,False,722
imsa,2024,Sebring,Sebring International Raceway,race,609,23,GTDPRO,Ross Gunn,ross gunn,145,3.0,38,121.908,11.445,76.217,34.246,,GF,4,85.8,75.0,59.0,False,722
imsa,2024,Sebring,Sebring International Raceway,race,609,23,GTDPRO,Ross Gunn,ross gunn,146,3.0,39,122.047,11.476,76.309,34.262,,GF,5,85.6,75.0,59.0,False,722
imsa,2024,Sebring,Sebring International Raceway,race,609,23,GTDPRO,Ross Gunn,ross gunn,147,3.0,40,122.357,11.462,76.268,34.627,,GF,6,85.3,75.0,59.0,False,722
imsa,2024,Sebring,Sebring International Raceway,race,609,23,GTDPRO,Ross Gunn,ross gunn,148,3.0,41,122.86,11.528,76.952,34.38,,GF,7,84.9,75.0,60.0,False,722
imsa,2024,Sebring,Sebring International Raceway,race,609,23,GTDPRO,Ross Gunn,ross gunn,149,3.0,42,124.839,11.546,77.925,35.368,,GF,8,84.8,75.0,59.0,False,722
imsa,2024,Sebring,Sebring International Raceway,race,609,23,GTDPRO,Ross Gunn,ross gunn,150,3.0,43,123.761,11.712,77.571,34.478,,GF,9,84.8,75.0,60.0,False,722
imsa,2024,Sebring,Sebring International Raceway,race,609,23,GTDPRO,Ross Gunn,ross gunn,151,3.0,44,122.129,11.474,76.387,34.268,,GF,10,84.8,75.0,60.0,False,722
imsa,2024,Sebring,Sebring International Raceway,race,609,23,GTDPRO,Ross Gunn,ross gunn,152,3.0,45,122.583,11.526,76.767,34.29,,GF,11,84.9,75.0,59.0,False,722
imsa,2024,Sebring,Sebring International Raceway,race,609,23,GTDPRO,Ross Gunn,ross gunn,153,3.0,46,121.994,11.484,76.21,34.3,,GF,12,84.9,75.0,60.0,False,722
imsa,2024,Sebring,Sebring International Raceway,race,609,23,GTDPRO,Ross Gunn,ross gunn,154,3.0,47,122.262,11.412,76.324,34.526,,GF,13,85.1,75.0,59.0,False,722
imsa,2024,Sebring,Sebring International Raceway,race,609,23,GTDPRO,Ross Gunn,ross gunn,155,3.0,48,126.18,11.529,78.101,36.55,,FCY,14,85.2,75.0,60.0,False,722
imsa,2024,Sebring,Sebring International Raceway,race,609,23,GTDPRO,Ross Gunn,ross gunn,156,3.0,49,156.647,12.613,97.011,47.023,,FCY,14,85.1,75.0,59.0,False,722
imsa,2024,Sebring,Sebring International Raceway,race,609,23,GTDPRO,Ross Gunn,ross gunn,157,3.0,50,181.118,13.676,104.451,62.991,,FCY,14,84.9,75.0,59.0,False,722
imsa,2024,Sebring,Sebring International Raceway,race,609,23,GTDPRO,Ross Gunn,ross gunn,158,3.0,51,215.824,28.703,129.587,57.534,,FCY,14,84.9,75.0,59.0,False,722
imsa,2024,Sebring,Sebring International Raceway,race,609,23,GTDPRO,Ross Gunn,ross gunn,159,3.0,52,210.842,15.98,126.835,68.027,,FCY,14,84.9,75.0,59.0,False,722
imsa,2024,Sebring,Sebring International Raceway,race,609,23,GTDPRO,Mario Farnbacher,mario farnbacher,160,4.0,0,227.918,65.405,102.574,59.939,65.502,FCY,0,84.9,75.0,59.0,False,722
imsa,2024,Sebring,Sebring International Raceway,race,609,23,GTDPRO,Mario Farnbacher,mario farnbacher,161,4.0,1,241.056,29.928,139.355,71.773,,FCY,0,85.4,75.0,58.0,False,722
imsa,2024,Sebring,Sebring International Raceway,race,609,23,GTDPRO,Mario Farnbacher,mario farnbacher,162,4.0,2,203.414,23.879,140.613,38.922,,GF,0,85.8,75.0,57.0,False,722
imsa,2024,Sebring,Sebring International Raceway,race,609,23,GTDPRO,Mario Farnbacher,mario farnbacher,163,4.0,3,123.843,11.703,77.338,34.802,,GF,1,85.8,75.0,57.0,False,722
imsa,2024,Sebring,Sebring International Raceway,race,609,23,GTDPRO,Mario Farnbacher,mario farnbacher,164,4.0,4,123.483,11.602,77.133,34.748,,GF,2,85.8,75.0,58.0,False,722
imsa,2024,Sebring,Sebring International Raceway,race,609,23,GTDPRO,Mario Farnbacher,mario farnbacher,165,4.0,5,123.733,11.568,77.542,34.623,,GF,3,85.9,75.0,57.0,False,722
imsa,2024,Sebring,Sebring International Raceway,race,609,23,GTDPRO,Mario Farnbacher,mario farnbacher,166,4.0,6,122.979,11.603,76.977,34.399,,GF,4,86.0,75.0,56.0,False,722
imsa,2024,Sebring,Sebring International Raceway,race,609,23,GTDPRO,Mario Farnbacher,mario farnbacher,167,4.0,7,122.292,11.431,76.576,34.285,,GF,5,86.1,75.0,56.0,False,722
imsa,2024,Sebring,Sebring International Raceway,race,609,23,GTDPRO,Mario Farnbacher,mario farnbacher,168,4.0,8,122.71,11.536,76.715,34.459,,GF,6,86.3,75.0,56.0,False,722
imsa,2024,Sebring,Sebring International Raceway,race,609,23,GTDPRO,Mario Farnbacher,mario farnbacher,169,4.0,9,122.548,11.46,76.752,34.336,,GF,7,86.4,75.0,56.0,False,722
imsa,2024,Sebring,Sebring International Raceway,race,609,23,GTDPRO,Mario Farnbacher,mario farnbacher,170,4.0,10,122.617,11.488,76.626,34.503,,GF,8,86.5,75.0,56.0,False,722
imsa,2024,Sebring,Sebring International Raceway,race,609,23,GTDPRO,Mario Farnbacher,mario farnbacher,171,4.0,11,122.984,11.48,76.818,34.686,,GF,9,86.5,75.0,55.0,False,722
imsa,2024,Sebring,Sebring International Raceway,race,609,23,GTDPRO,Mario Farnbacher,mario farnbacher,172,4.0,12,123.832,11.502,77.646,34.684,,GF,10,86.4,75.0,54.0,False,722
imsa,2024,Sebring,Sebring International Raceway,race,609,23,GTDPRO,Mario Farnbacher,mario farnbacher,173,4.0,13,122.938,11.466,77.027,34.445,,GF,11,86.3,75.0,55.0,False,722
imsa,2024,Sebring,Sebring International Raceway,race,609,23,GTDPRO,Mario Farnbacher,mario farnbacher,174,4.0,14,122.797,11.563,76.855,34.379,,GF,12,86.5,75.0,55.0,False,722
imsa,2024,Sebring,Sebring International Raceway,race,609,23,GTDPRO,Mario Farnbacher,mario farnbacher,175,4.0,15,124.99,11.574,78.572,34.844,,GF,13,86.5,75.0,55.0,False,722
imsa,2024,Sebring,Sebring International Raceway,race,609,23,GTDPRO,Mario Farnbacher,mario farnbacher,176,4.0,16,122.629,11.393,76.733,34.503,,GF,14,86.6,75.0,55.0,False,722
imsa,2024,Sebring,Sebring International Raceway,race,609,23,GTDPRO,Mario Farnbacher,mario farnbacher,177,4.0,17,123.337,11.455,77.04,34.842,,GF,15,86.8,75.0,55.0,False,722
imsa,2024,Sebring,Sebring International Raceway,race,609,23,GTDPRO,Mario Farnbacher,mario farnbacher,178,4.0,18,122.794,11.472,76.808,34.514,,GF,16,86.9,75.0,55.0,False,722
imsa,2024,Sebring,Sebring International Raceway,race,609,23,GTDPRO,Mario Farnbacher,mario farnbacher,179,4.0,19,122.728,11.506,76.751,34.471,,GF,17,87.1,75.0,55.0,False,722
imsa,2024,Sebring,Sebring International Raceway,race,609,23,GTDPRO,Mario Farnbacher,mario farnbacher,180,4.0,20,123.797,11.455,77.433,34.909,,GF,18,87.0,75.0,55.0,False,722
imsa,2024,Sebring,Sebring International Raceway,race,609,23,GTDPRO,Mario Farnbacher,mario farnbacher,181,4.0,21,125.122,11.804,78.547,34.771,,GF,19,86.7,75.0,55.0,False,722
imsa,2024,Sebring,Sebring International Raceway,race,609,23,GTDPRO,Mario Farnbacher,mario farnbacher,182,4.0,22,124.239,11.617,77.989,34.633,,GF,20,86.5,75.0,55.0,False,722
imsa,2024,Sebring,Sebring International Raceway,race,609,23,GTDPRO,Mario Farnbacher,mario farnbacher,183,4.0,23,124.171,11.595,77.522,35.054,,GF,21,86.4,75.0,55.0,False,722
imsa,2024,Sebring,Sebring International Raceway,race,609,23,GTDPRO,Mario Farnbacher,mario farnbacher,184,4.0,24,124.661,11.635,78.17,34.856,,GF,22,86.5,75.0,55.0,False,722
imsa,2024,Sebring,Sebring International Raceway,race,609,23,GTDPRO,Mario Farnbacher,mario farnbacher,185,4.0,25,124.53,11.655,78.275,34.6,,GF,23,86.4,75.0,55.0,False,722
imsa,2024,Sebring,Sebring International Raceway,race,609,23,GTDPRO,Mario Farnbacher,mario farnbacher,186,4.0,26,123.067,11.557,77.001,34.509,,GF,24,86.1,75.0,56.0,False,722
imsa,2024,Sebring,Sebring International Raceway,race,609,23,GTDPRO,Mario Farnbacher,mario farnbacher,187,4.0,27,123.15,11.455,77.283,34.412,,GF,25,86.1,75.0,56.0,False,722
imsa,2024,Sebring,Sebring International Raceway,race,609,23,GTDPRO,Mario Farnbacher,mario farnbacher,188,4.0,28,123.032,11.526,77.086,34.42,,GF,26,86.3,75.0,55.0,False,722
imsa,2024,Sebring,Sebring International Raceway,race,609,23,GTDPRO,Mario Farnbacher,mario farnbacher,189,4.0,29,131.898,11.468,77.018,43.412,,GF,27,86.5,75.0,54.0,False,722
imsa,2024,Sebring,Sebring International Raceway,race,609,23,GTDPRO,Mario Farnbacher,mario farnbacher,190,4.0,30,189.307,76.254,78.638,34.415,76.46,GF,0,86.8,75.0,54.0,False,722
imsa,2024,Sebring,Sebring International Raceway,race,609,23,GTDPRO,Mario Farnbacher,mario farnbacher,191,4.0,31,122.865,11.464,77.119,34.282,,GF,0,87.0,75.0,54.0,False,722
imsa,2024,Sebring,Sebring International Raceway,race,609,23,GTDPRO,Mario Farnbacher,mario farnbacher,192,4.0,32,122.309,11.446,76.616,34.247,,GF,1,87.2,75.0,54.0,False,722
imsa,2024,Sebring,Sebring International Raceway,race,609,23,GTDPRO,Mario Farnbacher,mario farnbacher,193,4.0,33,122.663,11.66,76.732,34.271,,GF,2,87.2,75.0,54.0,False,722
imsa,2024,Sebring,Sebring International Raceway,race,609,23,GTDPRO,Mario Farnbacher,mario farnbacher,194,4.0,34,122.568,11.437,76.519,34.612,,GF,3,87.1,75.0,54.0,False,722
imsa,2024,Sebring,Sebring International Raceway,race,609,23,GTDPRO,Mario Farnbacher,mario farnbacher,195,4.0,35,122.739,11.449,76.842,34.448,,GF,4,86.9,75.0,54.0,False,722
imsa,2024,Sebring,Sebring International Raceway,race,609,23,GTDPRO,Mario Farnbacher,mario farnbacher,196,4.0,36,122.371,11.471,76.506,34.394,,GF,5,86.8,75.0,54.0,False,722
imsa,2024,Sebring,Sebring International Raceway,race,609,23,GTDPRO,Mario Farnbacher,mario farnbacher,197,4.0,37,122.47,11.479,76.612,34.379,,GF,6,86.8,75.0,54.0,False,722
imsa,2024,Sebring,Sebring International Raceway,race,609,23,GTDPRO,Mario Farnbacher,mario farnbacher,198,4.0,38,129.114,11.517,77.759,39.838,,FCY,7,87.0,75.0,54.0,False,722
imsa,2024,Sebring,Sebring International Raceway,race,609,23,GTDPRO,Mario Farnbacher,mario farnbacher,199,4.0,39,133.042,12.715,83.838,36.489,,FCY,7,87.2,75.0,54.0,False,722
imsa,2024,Sebring,Sebring International Raceway,race,609,23,GTDPRO,Mario Farnbacher,mario farnbacher,200,4.0,40,181.908,12.847,98.469,70.592,,FCY,7,87.4,75.0,53.0,False,722
imsa,2024,Sebring,Sebring International Raceway,race,609,23,GTDPRO,Mario Farnbacher,mario farnbacher,201,4.0,41,223.737,15.116,146.469,62.152,,FCY,7,87.2,75.0,53.0,False,722
imsa,2024,Sebring,Sebring International Raceway,race,609,23,GTDPRO,Mario Farnbacher,mario farnbacher,202,4.0,42,201.115,14.584,117.935,68.596,,FCY,7,87.1,75.0,54.0,False,722
imsa,2024,Sebring,Sebring International Raceway,race,609,23,GTDPRO,Mario Farnbacher,mario farnbacher,203,4.0,43,223.412,60.323,99.564,63.525,60.415,FCY,0,86.9,75.0,55.0,False,722
imsa,2024,Sebring,Sebring International Raceway,race,609,23,GTDPRO,Mario Farnbacher,mario farnbacher,204,4.0,44,233.213,23.917,134.534,74.762,,FCY,0,86.9,75.0,54.0,False,722
imsa,2024,Sebring,Sebring International Raceway,race,609,23,GTDPRO,Mario Farnbacher,mario farnbacher,205,4.0,45,197.635,22.612,129.714,45.309,,GF,0,86.7,75.0,55.0,False,722
imsa,2024,Sebring,Sebring International Raceway,race,609,23,GTDPRO,Mario Farnbacher,mario farnbacher,206,4.0,46,125.107,11.841,78.63,34.636,,GF,1,86.6,75.0,55.0,False,722
imsa,2024,Sebring,Sebring International Raceway,race,609,23,GTDPRO,Mario Farnbacher,mario farnbacher,207,4.0,47,123.587,11.693,77.349,34.545,,GF,2,86.5,75.0,55.0,False,722
imsa,2024,Sebring,Sebring International Raceway,race,609,23,GTDPRO,Mario Farnbacher,mario farnbacher,208,4.0,48,126.14,11.538,76.919,37.683,,FCY,3,86.5,75.0,54.0,False,722
imsa,2024,Sebring,Sebring International Raceway,race,609,23,GTDPRO,Mario Farnbacher,mario farnbacher,209,4.0,49,138.878,16.265,83.669,38.944,,FCY,3,86.5,75.0,55.0,False,722
imsa,2024,Sebring,Sebring International Raceway,race,609,23,GTDPRO,Mario Farnbacher,mario farnbacher,210,4.0,50,179.589,15.633,97.01,66.946,,FCY,3,86.5,75.0,55.0,False,722
imsa,2024,Sebring,Sebring International Raceway,race,609,23,GTDPRO,Mario Farnbacher,mario farnbacher,211,4.0,51,199.764,22.018,132.378,45.368,,GF,3,86.6,75.0,56.0,False,722
imsa,2024,Sebring,Sebring International Raceway,race,609,23,GTDPRO,Mario Farnbacher,mario farnbacher,212,4.0,52,123.09,11.587,77.091,34.412,,GF,4,86.6,75.0,55.0,False,722
imsa,2024,Sebring,Sebring International Raceway,race,609,23,GTDPRO,Mario Farnbacher,mario farnbacher,213,4.0,53,123.186,11.738,77.07,34.378,,GF,5,86.6,75.0,55.0,False,722
imsa,2024,Sebring,Sebring International Raceway,race,609,23,GTDPRO,Mario Farnbacher,mario farnbacher,214,4.0,54,122.683,11.522,76.692,34.469,,GF,6,86.6,75.0,55.0,False,722
imsa,2024,Sebring,Sebring International Raceway,race,609,23,GTDPRO,Mario Farnbacher,mario farnbacher,215,4.0,55,122.74,11.579,76.724,34.437,,GF,7,86.7,75.0,56.0,False,722
imsa,2024,Sebring,Sebring International Raceway,race,609,23,GTDPRO,Mario Farnbacher,mario farnbacher,216,4.0,56,122.696,11.477,76.776,34.443,,GF,8,86.7,75.0,56.0,False,722
imsa,2024,Sebring,Sebring International Raceway,race,609,23,GTDPRO,Mario Farnbacher,mario farnbacher,217,4.0,57,122.722,11.53,76.831,34.361,,GF,9,86.8,75.0,55.0,False,722
imsa,2024,Sebring,Sebring International Raceway,race,609,23,GTDPRO,Mario Farnbacher,mario farnbacher,218,4.0,58,122.424,11.51,76.664,34.25,,GF,10,86.6,75.0,55.0,False,722
imsa,2024,Sebring,Sebring International Raceway,race,609,23,GTDPRO,Mario Farnbacher,mario farnbacher,219,4.0,59,122.898,11.505,76.921,34.472,,GF,11,86.7,75.0,55.0,False,722
imsa,2024,Sebring,Sebring International Raceway,race,609,23,GTDPRO,Mario Farnbacher,mario farnbacher,220,4.0,60,124.592,11.545,77.452,35.595,,GF,12,86.6,75.0,55.0,False,722
imsa,2024,Sebring,Sebring International Raceway,race,609,23,GTDPRO,Mario Farnbacher,mario farnbacher,221,4.0,61,133.494,12.523,77.756,43.215,,GF,13,86.5,76.0,54.0,False,722
imsa,2024,Sebring,Sebring International Raceway,race,609,23,GTDPRO,Alex Riberas,alex riberas,222,5.0,0,180.199,65.996,79.383,34.82,65.945,GF,0,86.5,76.0,54.0,False,722
imsa,2024,Sebring,Sebring International Raceway,race,609,23,GTDPRO,Alex Riberas,alex riberas,223,5.0,1,123.345,11.555,77.129,34.661,,GF,0,86.4,76.0,55.0,False,722
imsa,2024,Sebring,Sebring International Raceway,race,609,23,GTDPRO,Alex Riberas,alex riberas,224,5.0,2,122.743,11.816,76.512,34.415,,GF,1,86.4,76.0,55.0,False,722
imsa,2024,Sebring,Sebring International Raceway,race,609,23,GTDPRO,Alex Riberas,alex riberas,225,5.0,3,122.435,11.462,76.507,34.466,,GF,2,86.5,76.0,55.0,False,722
imsa,2024,Sebring,Sebring International Raceway,race,609,23,GTDPRO,Alex Riberas,alex riberas,226,5.0,4,122.704,11.631,76.843,34.23,,GF,3,86.5,76.0,55.0,False,722
imsa,2024,Sebring,Sebring International Raceway,race,609,23,GTDPRO,Alex Riberas,alex riberas,227,5.0,5,122.391,11.617,76.246,34.528,,GF,4,86.5,76.0,55.0,False,722
imsa,2024,Sebring,Sebring International Raceway,race,609,23,GTDPRO,Alex Riberas,alex riberas,228,5.0,6,122.792,11.612,76.639,34.541,,GF,5,86.5,76.0,55.0,False,722
imsa,2024,Sebring,Sebring International Raceway,race,609,23,GTDPRO,Alex Riberas,alex riberas,229,5.0,7,122.541,11.531,76.544,34.466,,GF,6,86.5,75.0,55.0,False,722
imsa,2024,Sebring,Sebring International Raceway,race,609,23,GTDPRO,Alex Riberas,alex riberas,230,5.0,8,123.078,11.607,77.061,34.41,,GF,7,86.6,75.0,54.0,False,722
imsa,2024,Sebring,Sebring International Raceway,race,609,23,GTDPRO,Alex Riberas,alex riberas,231,5.0,9,122.539,11.495,76.51,34.534,,GF,8,86.5,75.0,55.0,False,722
imsa,2024,Sebring,Sebring International Raceway,race,609,23,GTDPRO,Alex Riberas,alex riberas,232,5.0,10,123.321,11.532,77.091,34.698,,GF,9,86.3,75.0,55.0,False,722
imsa,2024,Sebring,Sebring International Raceway,race,609,23,GTDPRO,Alex Riberas,alex riberas,233,5.0,11,123.817,11.68,77.455,34.682,,GF,10,86.2,76.0,56.0,False,722
imsa,2024,Sebring,Sebring International Raceway,race,609,23,GTDPRO,Alex Riberas,alex riberas,234,5.0,12,126.401,11.617,76.848,37.936,,FCY,11,86.0,76.0,56.0,False,722
imsa,2024,Sebring,Sebring International Raceway,race,609,23,GTDPRO,Alex Riberas,alex riberas,235,5.0,13,140.205,14.356,85.401,40.448,,FCY,11,85.8,76.0,56.0,False,722
imsa,2024,Sebring,Sebring International Raceway,race,609,23,GTDPRO,Alex Riberas,alex riberas,236,5.0,14,181.918,15.715,124.206,41.997,,FCY,11,85.6,76.0,57.0,False,722
imsa,2024,Sebring,Sebring International Raceway,race,609,23,GTDPRO,Alex Riberas,alex riberas,237,5.0,15,145.858,13.43,88.675,43.753,,FCY,11,85.5,76.0,57.0,False,722
imsa,2024,Sebring,Sebring International Raceway,race,609,23,GTDPRO,Alex Riberas,alex riberas,238,5.0,16,157.67,15.302,96.188,46.18,,FCY,11,85.2,76.0,57.0,False,722
imsa,2024,Sebring,Sebring International Raceway,race,609,23,GTDPRO,Alex Riberas,alex riberas,239,5.0,17,182.867,16.654,105.137,61.076,,FCY,11,85.1,76.0,58.0,False,722
imsa,2024,Sebring,Sebring International Raceway,race,609,23,GTDPRO,Alex Riberas,alex riberas,240,5.0,18,214.295,72.439,83.789,58.067,72.137,FCY,0,84.8,76.0,58.0,False,722
imsa,2024,Sebring,Sebring International Raceway,race,609,23,GTDPRO,Alex Riberas,alex riberas,241,5.0,19,182.281,15.729,119.838,46.714,,GF,0,84.6,76.0,59.0,False,722
imsa,2024,Sebring,Sebring International Raceway,race,609,23,GTDPRO,Alex Riberas,alex riberas,242,5.0,20,126.121,12.216,79.627,34.278,,GF,1,84.6,76.0,59.0,False,722
imsa,2024,Sebring,Sebring International Raceway,race,609,23,GTDPRO,Alex Riberas,alex riberas,243,5.0,21,122.846,11.589,76.86,34.397,,GF,2,84.5,76.0,60.0,False,722
imsa,2024,Sebring,Sebring International Raceway,race,609,23,GTDPRO,Alex Riberas,alex riberas,244,5.0,22,123.197,11.497,76.822,34.878,,GF,3,84.4,76.0,60.0,False,722
imsa,2024,Sebring,Sebring International Raceway,race,609,23,GTDPRO,Alex Riberas,alex riberas,245,5.0,23,124.563,12.148,77.821,34.594,,GF,4,84.3,76.0,60.0,False,722
imsa,2024,Sebring,Sebring International Raceway,race,609,23,GTDPRO,Alex Riberas,alex riberas,246,5.0,24,134.157,11.652,78.303,44.202,,GF,5,84.2,76.0,60.0,False,722
imsa,2024,Sebring,Sebring International Raceway,race,609,23,GTDPRO,Alex Riberas,alex riberas,247,5.0,25,145.858,32.719,78.349,34.79,33.266,GF,0,84.1,76.0,60.0,False,722
imsa,2024,Sebring,Sebring International Raceway,race,609,23,GTDPRO,Alex Riberas,alex riberas,248,5.0,26,124.472,11.737,77.402,35.333,,GF,0,84.1,76.0,61.0,False,722
imsa,2024,Sebring,Sebring International Raceway,race,609,23,GTDPRO,Alex Riberas,alex riberas,249,5.0,27,127.019,11.802,80.273,34.944,,GF,1,84.0,76.0,61.0,False,722
imsa,2024,Sebring,Sebring International Raceway,race,609,23,GTDPRO,Alex Riberas,alex riberas,250,5.0,28,123.585,11.693,77.263,34.629,,GF,2,83.9,76.0,61.0,False,722
imsa,2024,Sebring,Sebring International Raceway,race,609,23,GTDPRO,Alex Riberas,alex riberas,251,5.0,29,123.593,11.55,77.282,34.761,,GF,3,83.9,76.0,61.0,False,722
imsa,2024,Sebring,Sebring International Raceway,race,609,23,GTDPRO,Alex Riberas,alex riberas,252,5.0,30,122.828,11.595,76.69,34.543,,GF,4,83.9,76.0,61.0,False,722
imsa,2024,Sebring,Sebring International Raceway,race,609,23,GTDPRO,Alex Riberas,alex riberas,253,5.0,31,123.0,11.584,76.896,34.52,,GF,5,83.8,76.0,61.0,False,722
imsa,2024,Sebring,Sebring International Raceway,race,609,23,GTDPRO,Alex Riberas,alex riberas,254,5.0,32,122.731,11.527,76.733,34.471,,GF,6,83.7,76.0,61.0,False,722
imsa,2024,Sebring,Sebring International Raceway,race,609,23,GTDPRO,Alex Riberas,alex riberas,255,5.0,33,122.62,11.577,76.567,34.476,,GF,7,83.8,76.0,61.0,False,722
imsa,2024,Sebring,Sebring International Raceway,race,609,23,GTDPRO,Alex Riberas,alex riberas,256,5.0,34,123.244,11.496,76.933,34.815,,GF,8,83.7,76.0,62.0,False,722
imsa,2024,Sebring,Sebring International Raceway,race,609,23,GTDPRO,Alex Riberas,alex riberas,257,5.0,35,123.282,11.508,77.117,34.657,,GF,9,83.6,76.0,62.0,False,722
imsa,2024,Sebring,Sebring International Raceway,race,609,23,GTDPRO,Alex Riberas,alex riberas,258,5.0,36,124.181,11.625,77.54,35.016,,GF,10,83.4,76.0,63.0,False,722
imsa,2024,Sebring,Sebring International Raceway,race,609,23,GTDPRO,Alex Riberas,alex riberas,259,5.0,37,123.57,11.886,77.031,34.653,,GF,11,83.2,76.0,63.0,False,722
imsa,2024,Sebring,Sebring International Raceway,race,609,23,GTDPRO,Alex Riberas,alex riberas,260,5.0,38,122.505,11.541,76.503,34.461,,GF,12,83.1,76.0,63.0,False,722
imsa,2024,Sebring,Sebring International Raceway,race,609,23,GTDPRO,Alex Riberas,alex riberas,261,5.0,39,122.828,11.482,76.56,34.786,,GF,13,82.9,76.0,63.0,False,722
imsa,2024,Sebring,Sebring International Raceway,race,609,23,GTDPRO,Alex Riberas,alex riberas,262,5.0,40,123.274,11.538,77.168,34.568,,GF,14,82.8,76.0,64.0,False,722
imsa,2024,Sebring,Sebring International Raceway,race,609,23,GTDPRO,Alex Riberas,alex riberas,263,5.0,41,122.722,11.626,76.67,34.426,,GF,15,82.7,76.0,64.0,False,722
imsa,2024,Sebring,Sebring International Raceway,race,609,23,GTDPRO,Alex Riberas,alex riberas,264,5.0,42,123.2,11.54,76.747,34.913,,GF,16,82.7,76.0,64.0,False,722
imsa,2024,Sebring,Sebring International Raceway,race,609,23,GTDPRO,Alex Riberas,alex riberas,265,5.0,43,123.684,11.511,77.477,34.696,,GF,17,82.5,76.0,64.0,False,722
imsa,2024,Sebring,Sebring International Raceway,race,609,23,GTDPRO,Alex Riberas,alex riberas,266,5.0,44,123.477,11.654,77.084,34.739,,GF,18,82.5,76.0,64.0,False,722
imsa,2024,Sebring,Sebring International Raceway,race,609,23,GTDPRO,Alex Riberas,alex riberas,267,5.0,45,133.228,11.771,77.665,43.792,,GF,19,82.4,76.0,64.0,False,722
imsa,2024,Sebring,Sebring International Raceway,race,609,23,GTDPRO,Ross Gunn,ross gunn,268,6.0,0,186.55,72.757,79.264,34.529,72.98,GF,0,82.2,76.0,65.0,False,722
imsa,2024,Sebring,Sebring International Raceway,race,609,23,GTDPRO,Ross Gunn,ross gunn,269,6.0,1,121.91,11.418,76.038,34.454,,GF,0,82.1,76.0,65.0,False,722
imsa,2024,Sebring,Sebring International Raceway,race,609,23,GTDPRO,Ross Gunn,ross gunn,270,6.0,2,122.185,11.476,76.155,34.554,,GF,1,82.1,76.0,65.0,False,722
imsa,2024,Sebring,Sebring International Raceway,race,609,23,GTDPRO,Ross Gunn,ross gunn,271,6.0,3,122.612,11.449,76.535,34.628,,GF,2,82.0,76.0,65.0,False,722
imsa,2024,Sebring,Sebring International Raceway,race,609,23,GTDPRO,Ross Gunn,ross gunn,272,6.0,4,123.141,11.617,77.08,34.444,,GF,3,82.0,76.0,65.0,False,722
imsa,2024,Sebring,Sebring International Raceway,race,609,23,GTDPRO,Ross Gunn,ross gunn,273,6.0,5,122.58,11.584,76.563,34.433,,GF,4,81.9,76.0,65.0,False,722
imsa,2024,Sebring,Sebring International Raceway,race,609,23,GTDPRO,Ross Gunn,ross gunn,274,6.0,6,122.209,11.542,76.294,34.373,,GF,5,81.8,76.0,65.0,False,722
imsa,2024,Sebring,Sebring International Raceway,race,609,23,GTDPRO,Ross Gunn,ross gunn,275,6.0,7,123.222,11.522,76.974,34.726,,GF,6,81.8,76.0,65.0,False,722
imsa,2024,Sebring,Sebring International Raceway,race,609,23,GTDPRO,Ross Gunn,ross gunn,276,6.0,8,122.963,11.532,76.929,34.502,,GF,7,81.7,76.0,66.0,False,722
imsa,2024,Sebring,Sebring International Raceway,race,609,23,GTDPRO,Ross Gunn,ross gunn,277,6.0,9,122.48,11.482,76.483,34.515,,GF,8,81.6,76.0,66.0,False,722
imsa,2024,Sebring,Sebring International Raceway,race,609,23,GTDPRO,Ross Gunn,ross gunn,278,6.0,10,123.447,11.548,76.746,35.153,,GF,9,81.5,76.0,66.0,False,722
imsa,2024,Sebring,Sebring International Raceway,race,609,23,GTDPRO,Ross Gunn,ross gunn,279,6.0,11,123.579,11.882,76.876,34.821,,GF,10,81.4,76.0,66.0,False,722
imsa,2024,Sebring,Sebring International Raceway,race,609,23,GTDPRO,Ross Gunn,ross gunn,280,6.0,12,123.277,11.927,76.821,34.529,,GF,11,81.3,76.0,66.0,False,722
imsa,2024,Sebring,Sebring International Raceway,race,609,23,GTDPRO,Ross Gunn,ross gunn,281,6.0,13,122.267,11.566,76.363,34.338,,GF,12,81.2,76.0,66.0,False,722
imsa,2024,Sebring,Sebring International Raceway,race,609,23,GTDPRO,Ross Gunn,ross gunn,282,6.0,14,124.131,11.615,77.873,34.643,,GF,13,81.1,76.0,67.0,False,722
imsa,2024,Sebring,Sebring International Raceway,race,609,23,GTDPRO,Ross Gunn,ross gunn,283,6.0,15,134.361,11.56,80.989,41.812,,FCY,14,81.0,76.0,67.0,False,722
imsa,2024,Sebring,Sebring International Raceway,race,609,23,GTDPRO,Ross Gunn,ross gunn,284,6.0,16,155.815,14.332,102.953,38.53,,FCY,14,80.8,76.0,67.0,False,722
imsa,2024,Sebring,Sebring International Raceway,race,609,23,GTDPRO,Ross Gunn,ross gunn,285,6.0,17,142.593,13.495,87.378,41.72,,FCY,14,80.7,76.0,67.0,False,722
imsa,2024,Sebring,Sebring International Raceway,race,609,23,GTDPRO,Ross Gunn,ross gunn,286,6.0,18,148.323,13.488,84.797,50.038,,FCY,14,80.6,75.0,68.0,False,722
imsa,2024,Sebring,Sebring International Raceway,race,609,23,GTDPRO,Ross Gunn,ross gunn,287,6.0,19,185.375,12.481,104.786,68.108,,FCY,14,80.4,75.0,68.0,False,722
imsa,2024,Sebring,Sebring International Raceway,race,609,23,GTDPRO,Ross Gunn,ross gunn,288,6.0,20,208.84,72.138,82.909,53.793,72.15,FCY,0,80.2,75.0,69.0,False,722
imsa,2024,Sebring,Sebring International Raceway,race,609,23,GTDPRO,Ross Gunn,ross gunn,289,6.0,21,239.07,26.078,132.193,80.799,,FCY,0,80.0,75.0,69.0,False,722
imsa,2024,Sebring,Sebring International Raceway,race,609,23,GTDPRO,Ross Gunn,ross gunn,290,6.0,22,176.946,40.402,96.477,40.067,40.864,GF,0,79.8,75.0,69.0,False,722
imsa,2024,Sebring,Sebring International Raceway,race,609,23,GTDPRO,Ross Gunn,ross gunn,291,6.0,23,125.329,11.835,78.434,35.06,,GF,0,79.7,75.0,69.0,False,722
imsa,2024,Sebring,Sebring International Raceway,race,609,23,GTDPRO,Ross Gunn,ross gunn,292,6.0,24,124.68,12.131,77.814,34.735,,GF,1,79.6,75.0,69.0,False,722
imsa,2024,Sebring,Sebring International Raceway,race,609,23,GTDPRO,Ross Gunn,ross gunn,293,6.0,25,125.016,11.7,78.185,35.131,,GF,2,79.5,75.0,69.0,False,722
imsa,2024,Sebring,Sebring International Raceway,race,609,23,GTDPRO,Ross Gunn,ross gunn,294,6.0,26,123.566,11.748,77.234,34.584,,GF,3,79.4,75.0,69.0,False,722
imsa,2024,Sebring,Sebring International Raceway,race,609,23,GTDPRO,Ross Gunn,ross gunn,295,6.0,27,124.103,11.746,77.703,34.654,,GF,4,79.3,75.0,70.0,False,722
imsa,2024,Sebring,Sebring International Raceway,race,609,23,GTDPRO,Ross Gunn,ross gunn,296,6.0,28,155.926,11.725,97.033,47.168,,FCY,5,79.1,75.0,70.0,False,722
imsa,2024,Sebring,Sebring International Raceway,race,609,23,GTDPRO,Ross Gunn,ross gunn,297,6.0,29,170.893,14.779,90.696,65.418,,FCY,5,79.1,75.0,70.0,False,722
imsa,2024,Sebring,Sebring International Raceway,race,609,23,GTDPRO,Ross Gunn,ross gunn,298,6.0,30,178.171,21.65,109.689,46.832,,GF,5,78.9,75.0,70.0,False,722
imsa,2024,Sebring,Sebring International Raceway,race,609,23,GTDPRO,Ross Gunn,ross gunn,299,6.0,31,122.919,11.542,76.816,34.561,,GF,6,78.8,75.0,70.0,False,722
imsa,2024,Sebring,Sebring International Raceway,race,609,23,GTDPRO,Ross Gunn,ross gunn,300,6.0,32,124.211,11.773,77.337,35.101,,GF,7,78.7,75.0,71.0,False,722
imsa,2024,Sebring,Sebring International Raceway,race,609,23,GTDPRO,Ross Gunn,ross gunn,301,6.0,33,159.258,11.52,94.058,53.68,,FCY,8,78.7,75.0,71.0,False,722
imsa,2024,Sebring,Sebring International Raceway,race,609,23,GTDPRO,Ross Gunn,ross gunn,302,6.0,34,201.89,14.424,119.627,67.839,,FCY,8,78.5,75.0,71.0,False,722
imsa,2024,Sebring,Sebring International Raceway,race,609,23,GTDPRO,Ross Gunn,ross gunn,303,6.0,35,182.735,20.318,105.222,57.195,,FCY,8,78.4,75.0,71.0,False,722
imsa,2024,Sebring,Sebring International Raceway,race,609,23,GTDPRO,Ross Gunn,ross gunn,304,6.0,36,203.972,17.402,134.979,51.591,,GF,8,78.2,75.0,71.0,False,722
imsa,2024,Sebring,Sebring International Raceway,race,609,23,GTDPRO,Ross Gunn,ross gunn,305,6.0,37,124.444,11.683,78.176,34.585,,GF,9,78.1,75.0,71.0,False,722
imsa,2024,Sebring,Sebring International Raceway,race,609,23,GTDPRO,Ross Gunn,ross gunn,306,6.0,38,122.778,11.694,76.643,34.441,,GF,10,77.9,75.0,71.0,False,722
imsa,2024,Sebring,Sebring International Raceway,race,609,23,GTDPRO,Ross Gunn,ross gunn,307,6.0,39,122.389,11.574,76.437,34.378,,GF,11,77.9,75.0,72.0,False,722
imsa,2024,Sebring,Sebring International Raceway,race,609,23,GTDPRO,Ross Gunn,ross gunn,308,6.0,40,122.221,11.502,76.323,34.396,,GF,12,77.9,75.0,72.0,False,722
imsa,2024,Sebring,Sebring International Raceway,race,609,23,GTDPRO,Ross Gunn,ross gunn,309,6.0,41,122.393,11.483,76.323,34.587,,GF,13,77.7,75.0,72.0,False,722
imsa,2024,Sebring,Sebring International Raceway,race,609,23,GTDPRO,Ross Gunn,ross gunn,310,6.0,42,122.301,11.585,76.338,34.378,,GF,14,77.6,75.0,72.0,False,722
imsa,2024,Sebring,Sebring International Raceway,race,609,23,GTDPRO,Ross Gunn,ross gunn,311,6.0,43,122.096,11.466,76.298,34.332,,GF,15,77.5,75.0,72.0,False,722
imsa,2024,Sebring,Sebring International Raceway,race,609,23,GTDPRO,Ross Gunn,ross gunn,312,6.0,44,122.945,11.711,76.71,34.524,,GF,16,77.5,75.0,72.0,False,722
imsa,2024,Sebring,Sebring International Raceway,race,609,23,GTDPRO,Ross Gunn,ross gunn,313,6.0,45,123.833,11.521,77.544,34.768,,GF,17,77.5,75.0,72.0,False,722
imsa,2024,Sebring,Sebring International Raceway,race,609,23,GTDPRO,Ross Gunn,ross gunn,314,6.0,46,124.243,11.591,77.861,34.791,,GF,18,77.4,75.0,72.0,False,722
imsa,2024,Sebring,Sebring International Raceway,race,609,23,GTDPRO,Ross Gunn,ross gunn,315,6.0,47,123.57,11.829,77.148,34.593,,GF,19,77.5,75.0,72.0,False,722
imsa,2024,Sebring,Sebring International Raceway,race,609,23,GTDPRO,Ross Gunn,ross gunn,316,6.0,48,123.293,11.641,77.075,34.577,,FF,20,77.4,75.0,72.0,False,722
imsa,2024,Sebring,Sebring International Raceway,race,609,3,GTDPRO,Alexander Sims,alexander sims,1,1.0,0,161.235,40.537,85.215,35.483,,GF,0,71.6,74.0,85.0,False,722
imsa,2024,Sebring,Sebring International Raceway,race,609,3,GTDPRO,Alexander Sims,alexander sims,2,1.0,1,122.475,11.5,76.811,34.164,,GF,0,71.9,75.0,85.0,False,722
imsa,2024,Sebring,Sebring International Raceway,race,609,3,GTDPRO,Alexander Sims,alexander sims,3,1.0,2,124.569,12.098,77.676,34.795,,GF,1,72.3,75.0,85.0,False,722
imsa,2024,Sebring,Sebring International Raceway,race,609,3,GTDPRO,Alexander Sims,alexander sims,4,1.0,3,123.799,12.091,77.138,34.57,,GF,2,72.5,75.0,84.0,False,722
imsa,2024,Sebring,Sebring International Raceway,race,609,3,GTDPRO,Alexander Sims,alexander sims,5,1.0,4,122.628,11.661,76.646,34.321,,GF,3,72.8,75.0,84.0,False,722
imsa,2024,Sebring,Sebring International Raceway,race,609,3,GTDPRO,Alexander Sims,alexander sims,6,1.0,5,122.554,11.8,76.506,34.248,,GF,4,73.1,75.0,83.0,False,722
imsa,2024,Sebring,Sebring International Raceway,race,609,3,GTDPRO,Alexander Sims,alexander sims,7,1.0,6,121.705,11.472,76.156,34.077,,GF,5,73.4,75.0,83.0,False,722
imsa,2024,Sebring,Sebring International Raceway,race,609,3,GTDPRO,Alexander Sims,alexander sims,8,1.0,7,124.385,12.058,77.984,34.343,,GF,6,73.5,75.0,82.0,False,722
imsa,2024,Sebring,Sebring International Raceway,race,609,3,GTDPRO,Alexander Sims,alexander sims,9,1.0,8,122.297,11.689,76.601,34.007,,GF,7,73.6,75.0,82.0,False,722
imsa,2024,Sebring,Sebring International Raceway,race,609,3,GTDPRO,Alexander Sims,alexander sims,10,1.0,9,122.254,11.625,76.29,34.339,,GF,8,73.8,75.0,82.0,False,722
imsa,2024,Sebring,Sebring International Raceway,race,609,3,GTDPRO,Alexander Sims,alexander sims,11,1.0,10,122.771,11.602,77.02,34.149,,GF,9,73.9,75.0,81.0,False,722
imsa,2024,Sebring,Sebring International Raceway,race,609,3,GTDPRO,Alexander Sims,alexander sims,12,1.0,11,123.465,11.553,77.51,34.402,,GF,10,74.1,75.0,81.0,False,722
imsa,2024,Sebring,Sebring International Raceway,race,609,3,GTDPRO,Alexander Sims,alexander sims,13,1.0,12,123.37,11.592,77.38,34.398,,GF,11,74.3,75.0,81.0,False,722
imsa,2024,Sebring,Sebring International Raceway,race,609,3,GTDPRO,Alexander Sims,alexander sims,14,1.0,13,123.24,11.516,77.411,34.313,,GF,12,74.6,75.0,80.0,False,722
imsa,2024,Sebring,Sebring International Raceway,race,609,3,GTDPRO,Alexander Sims,alexander sims,15,1.0,14,123.245,11.551,77.49,34.204,,GF,13,74.7,75.0,80.0,False,722
imsa,2024,Sebring,Sebring International Raceway,race,609,3,GTDPRO,Alexander Sims,alexander sims,16,1.0,15,122.185,11.733,76.253,34.199,,GF,14,74.8,75.0,80.0,False,722
imsa,2024,Sebring,Sebring International Raceway,race,609,3,GTDPRO,Alexander Sims,alexander sims,17,1.0,16,121.597,11.53,75.773,34.294,,GF,15,74.9,74.0,80.0,False,722
imsa,2024,Sebring,Sebring International Raceway,race,609,3,GTDPRO,Alexander Sims,alexander sims,18,1.0,17,129.172,11.543,76.589,41.04,,FCY,16,75.0,74.0,79.0,False,722
imsa,2024,Sebring,Sebring International Raceway,race,609,3,GTDPRO,Alexander Sims,alexander sims,19,1.0,18,203.195,21.999,144.908,36.288,,FCY,16,75.3,74.0,79.0,False,722
imsa,2024,Sebring,Sebring International Raceway,race,609,3,GTDPRO,Alexander Sims,alexander sims,20,1.0,19,128.567,12.262,79.564,36.741,,FCY,16,75.3,74.0,79.0,False,722
imsa,2024,Sebring,Sebring International Raceway,race,609,3,GTDPRO,Alexander Sims,alexander sims,21,1.0,20,190.477,12.323,110.148,68.006,,FCY,16,75.6,74.0,78.0,False,722
imsa,2024,Sebring,Sebring International Raceway,race,609,3,GTDPRO,Alexander Sims,alexander sims,22,1.0,21,172.603,12.483,96.497,63.623,,FCY,16,76.0,74.0,78.0,False,722
imsa,2024,Sebring,Sebring International Raceway,race,609,3,GTDPRO,Alexander Sims,alexander sims,23,1.0,22,216.873,70.341,94.883,51.649,70.195,FCY,0,76.3,74.0,78.0,False,722
imsa,2024,Sebring,Sebring International Raceway,race,609,3,GTDPRO,Alexander Sims,alexander sims,24,1.0,23,197.855,24.677,135.606,37.572,,GF,0,76.6,74.0,77.0,False,722
imsa,2024,Sebring,Sebring International Raceway,race,609,3,GTDPRO,Alexander Sims,alexander sims,25,1.0,24,124.432,12.235,77.88,34.317,,GF,1,76.6,74.0,77.0,False,722
imsa,2024,Sebring,Sebring International Raceway,race,609,3,GTDPRO,Alexander Sims,alexander sims,26,1.0,25,122.191,11.395,76.284,34.512,,GF,2,76.9,74.0,77.0,False,722
imsa,2024,Sebring,Sebring International Raceway,race,609,3,GTDPRO,Alexander Sims,alexander sims,27,1.0,26,121.519,11.45,76.04,34.029,,GF,3,76.9,74.0,76.0,False,722
imsa,2024,Sebring,Sebring International Raceway,race,609,3,GTDPRO,Alexander Sims,alexander sims,28,1.0,27,121.771,11.487,76.03,34.254,,GF,4,77.1,74.0,76.0,False,722
imsa,2024,Sebring,Sebring International Raceway,race,609,3,GTDPRO,Alexander Sims,alexander sims,29,1.0,28,122.001,11.586,76.334,34.081,,GF,5,77.3,74.0,76.0,False,722
imsa,2024,Sebring,Sebring International Raceway,race,609,3,GTDPRO,Alexander Sims,alexander sims,30,1.0,29,123.223,11.592,77.313,34.318,,GF,6,77.6,74.0,75.0,False,722
imsa,2024,Sebring,Sebring International Raceway,race,609,3,GTDPRO,Alexander Sims,alexander sims,31,1.0,30,122.003,11.368,76.394,34.241,,GF,7,77.9,75.0,75.0,False,722
imsa,2024,Sebring,Sebring International Raceway,race,609,3,GTDPRO,Alexander Sims,alexander sims,32,1.0,31,122.13,11.455,76.388,34.287,,GF,8,78.0,75.0,75.0,False,722
imsa,2024,Sebring,Sebring International Raceway,race,609,3,GTDPRO,Alexander Sims,alexander sims,33,1.0,32,121.929,11.541,76.196,34.192,,GF,9,78.2,75.0,75.0,False,722
imsa,2024,Sebring,Sebring International Raceway,race,609,3,GTDPRO,Alexander Sims,alexander sims,34,1.0,33,122.371,11.526,76.429,34.416,,GF,10,78.3,75.0,75.0,False,722
imsa,2024,Sebring,Sebring International Raceway,race,609,3,GTDPRO,Alexander Sims,alexander sims,35,1.0,34,122.472,11.449,76.699,34.324,,GF,11,78.4,75.0,74.0,False,722
imsa,2024,Sebring,Sebring International Raceway,race,609,3,GTDPRO,Alexander Sims,alexander sims,36,1.0,35,122.747,12.0,76.678,34.069,,GF,12,78.2,75.0,74.0,False,722
imsa,2024,Sebring,Sebring International Raceway,race,609,3,GTDPRO,Alexander Sims,alexander sims,37,1.0,36,121.91,11.426,76.273,34.211,,GF,13,78.1,74.0,74.0,False,722
imsa,2024,Sebring,Sebring International Raceway,race,609,3,GTDPRO,Alexander Sims,alexander sims,38,1.0,37,122.095,11.491,76.066,34.538,,GF,14,78.0,74.0,74.0,False,722
imsa,2024,Sebring,Sebring International Raceway,race,609,3,GTDPRO,Alexander Sims,alexander sims,39,1.0,38,122.276,11.435,76.429,34.412,,GF,15,78.0,74.0,74.0,False,722
imsa,2024,Sebring,Sebring International Raceway,race,609,3,GTDPRO,Alexander Sims,alexander sims,40,1.0,39,122.179,11.557,76.258,34.364,,GF,16,78.0,74.0,74.0,False,722
imsa,2024,Sebring,Sebring International Raceway,race,609,3,GTDPRO,Alexander Sims,alexander sims,41,1.0,40,122.601,11.51,76.637,34.454,,GF,17,78.0,74.0,74.0,False,722
imsa,2024,Sebring,Sebring International Raceway,race,609,3,GTDPRO,Alexander Sims,alexander sims,42,1.0,41,123.672,11.67,77.042,34.96,,GF,18,77.9,74.0,74.0,False,722
imsa,2024,Sebring,Sebring International Raceway,race,609,3,GTDPRO,Alexander Sims,alexander sims,43,1.0,42,122.326,11.438,76.269,34.619,,GF,19,77.8,74.0,75.0,False,722
imsa,2024,Sebring,Sebring International Raceway,race,609,3,GTDPRO,Alexander Sims,alexander sims,44,1.0,43,122.831,11.59,76.835,34.406,,GF,20,78.1,74.0,75.0,False,722
imsa,2024,Sebring,Sebring International Raceway,race,609,3,GTDPRO,Alexander Sims,alexander sims,45,1.0,44,122.583,11.659,76.583,34.341,,GF,21,78.6,75.0,74.0,False,722
imsa,2024,Sebring,Sebring International Raceway,race,609,3,GTDPRO,Alexander Sims,alexander sims,46,1.0,45,122.967,12.062,76.4,34.505,,GF,22,78.9,75.0,73.0,False,722
imsa,2024,Sebring,Sebring International Raceway,race,609,3,GTDPRO,Alexander Sims,alexander sims,47,1.0,46,123.305,11.472,76.646,35.187,,GF,23,78.8,75.0,73.0,False,722
imsa,2024,Sebring,Sebring International Raceway,race,609,3,GTDPRO,Alexander Sims,alexander sims,48,1.0,47,123.85,12.205,77.34,34.305,,GF,24,78.9,75.0,73.0,False,722
imsa,2024,Sebring,Sebring International Raceway,race,609,3,GTDPRO,Alexander Sims,alexander sims,49,1.0,48,122.548,11.551,76.632,34.365,,GF,25,79.0,75.0,73.0,False,722
imsa,2024,Sebring,Sebring International Raceway,race,609,3,GTDPRO,Alexander Sims,alexander sims,50,1.0,49,122.577,11.484,76.731,34.362,,GF,26,79.1,75.0,72.0,False,722
imsa,2024,Sebring,Sebring International Raceway,race,609,3,GTDPRO,Alexander Sims,alexander sims,51,1.0,50,122.206,11.487,76.558,34.161,,GF,27,79.1,75.0,72.0,False,722
imsa,2024,Sebring,Sebring International Raceway,race,609,3,GTDPRO,Alexander Sims,alexander sims,52,1.0,51,144.047,11.586,89.72,42.741,,FCY,28,79.0,75.0,72.0,False,722
imsa,2024,Sebring,Sebring International Raceway,race,609,3,GTDPRO,Alexander Sims,alexander sims,53,1.0,52,232.193,15.071,149.225,67.897,,FCY,28,79.1,75.0,72.0,False,722
imsa,2024,Sebring,Sebring International Raceway,race,609,3,GTDPRO,Alexander Sims,alexander sims,54,1.0,53,204.167,19.143,125.965,59.059,,FCY,28,79.2,75.0,72.0,False,722
imsa,2024,Sebring,Sebring International Raceway,race,609,3,GTDPRO,Antonio Garcia,antonio garcia,55,2.0,0,225.232,77.344,92.64,55.248,76.335,FCY,0,79.4,75.0,71.0,False,722
imsa,2024,Sebring,Sebring International Raceway,race,609,3,GTDPRO,Antonio Garcia,antonio garcia,56,2.0,1,202.186,27.632,133.128,41.426,,GF,0,79.6,75.0,71.0,False,722
imsa,2024,Sebring,Sebring International Raceway,race,609,3,GTDPRO,Antonio Garcia,antonio garcia,57,2.0,2,124.245,11.876,77.753,34.616,,GF,1,79.5,75.0,71.0,False,722
imsa,2024,Sebring,Sebring International Raceway,race,609,3,GTDPRO,Antonio Garcia,antonio garcia,58,2.0,3,122.921,11.745,76.947,34.229,,GF,2,79.5,75.0,71.0,False,722
imsa,2024,Sebring,Sebring International Raceway,race,609,3,GTDPRO,Antonio Garcia,antonio garcia,59,2.0,4,122.413,11.495,76.566,34.352,,GF,3,79.5,75.0,71.0,False,722
imsa,2024,Sebring,Sebring International Raceway,race,609,3,GTDPRO,Antonio Garcia,antonio garcia,60,2.0,5,123.456,11.601,77.322,34.533,,GF,4,79.6,75.0,71.0,False,722
imsa,2024,Sebring,Sebring International Raceway,race,609,3,GTDPRO,Antonio Garcia,antonio garcia,61,2.0,6,122.533,11.846,76.53,34.157,,GF,5,79.7,75.0,71.0,False,722
imsa,2024,Sebring,Sebring International Raceway,race,609,3,GTDPRO,Antonio Garcia,antonio garcia,62,2.0,7,121.905,11.441,76.379,34.085,,GF,6,79.9,75.0,71.0,False,722
imsa,2024,Sebring,Sebring International Raceway,race,609,3,GTDPRO,Antonio Garcia,antonio garcia,63,2.0,8,122.341,11.527,76.552,34.262,,GF,7,80.0,75.0,70.0,False,722
imsa,2024,Sebring,Sebring International Raceway,race,609,3,GTDPRO,Antonio Garcia,antonio garcia,64,2.0,9,122.809,11.667,76.777,34.365,,GF,8,80.0,75.0,70.0,False,722
imsa,2024,Sebring,Sebring International Raceway,race,609,3,GTDPRO,Antonio Garcia,antonio garcia,65,2.0,10,122.659,11.444,76.746,34.469,,GF,9,80.1,75.0,70.0,False,722
imsa,2024,Sebring,Sebring International Raceway,race,609,3,GTDPRO,Antonio Garcia,antonio garcia,66,2.0,11,123.134,11.817,76.938,34.379,,GF,10,80.1,75.0,70.0,False,722
imsa,2024,Sebring,Sebring International Raceway,race,609,3,GTDPRO,Antonio Garcia,antonio garcia,67,2.0,12,123.193,11.488,77.228,34.477,,GF,11,80.2,75.0,70.0,False,722
imsa,2024,Sebring,Sebring International Raceway,race,609,3,GTDPRO,Antonio Garcia,antonio garcia,68,2.0,13,122.859,11.442,76.84,34.577,,GF,12,80.2,75.0,70.0,False,722
imsa,2024,Sebring,Sebring International Raceway,race,609,3,GTDPRO,Antonio Garcia,antonio garcia,69,2.0,14,122.482,11.508,76.514,34.46,,GF,13,80.1,75.0,70.0,False,722
imsa,2024,Sebring,Sebring International Raceway,race,609,3,GTDPRO,Antonio Garcia,antonio garcia,70,2.0,15,122.613,11.636,76.582,34.395,,GF,14,80.1,75.0,70.0,False,722
imsa,2024,Sebring,Sebring International Raceway,race,609,3,GTDPRO,Antonio Garcia,antonio garcia,71,2.0,16,123.642,11.536,77.741,34.365,,GF,15,80.0,75.0,69.0,False,722
imsa,2024,Sebring,Sebring International Raceway,race,609,3,GTDPRO,Antonio Garcia,antonio garcia,72,2.0,17,122.534,11.625,76.625,34.284,,GF,16,79.8,75.0,70.0,False,722
imsa,2024,Sebring,Sebring International Raceway,race,609,3,GTDPRO,Antonio Garcia,antonio garcia,73,2.0,18,122.051,11.428,76.447,34.176,,GF,17,79.8,75.0,71.0,False,722
imsa,2024,Sebring,Sebring International Raceway,race,609,3,GTDPRO,Antonio Garcia,antonio garcia,74,2.0,19,122.425,11.378,76.694,34.353,,GF,18,79.8,75.0,70.0,False,722
imsa,2024,Sebring,Sebring International Raceway,race,609,3,GTDPRO,Antonio Garcia,antonio garcia,75,2.0,20,124.587,11.422,76.544,36.621,,FCY,19,79.9,76.0,71.0,False,722
imsa,2024,Sebring,Sebring International Raceway,race,609,3,GTDPRO,Antonio Garcia,antonio garcia,76,2.0,21,204.186,16.763,149.103,38.32,,FCY,19,80.2,76.0,70.0,False,722
imsa,2024,Sebring,Sebring International Raceway,race,609,3,GTDPRO,Antonio Garcia,antonio garcia,77,2.0,22,134.557,12.937,85.333,36.287,,FCY,19,80.3,76.0,69.0,False,722
imsa,2024,Sebring,Sebring International Raceway,race,609,3,GTDPRO,Antonio Garcia,antonio garcia,78,2.0,23,141.554,12.372,82.821,46.361,,FCY,19,80.3,76.0,70.0,False,722
imsa,2024,Sebring,Sebring International Raceway,race,609,3,GTDPRO,Antonio Garcia,antonio garcia,79,2.0,24,179.095,12.898,104.503,61.694,,FCY,19,80.6,76.0,69.0,False,722
imsa,2024,Sebring,Sebring International Raceway,race,609,3,GTDPRO,Antonio Garcia,antonio garcia,80,2.0,25,208.04,68.599,90.719,48.722,67.894,FCY,0,80.7,76.0,69.0,False,722
imsa,2024,Sebring,Sebring International Raceway,race,609,3,GTDPRO,Antonio Garcia,antonio garcia,81,2.0,26,209.716,20.367,121.761,67.588,,FCY,0,81.1,76.0,67.0,False,722
imsa,2024,Sebring,Sebring International Raceway,race,609,3,GTDPRO,Antonio Garcia,antonio garcia,82,2.0,27,190.556,31.078,116.341,43.137,,GF,0,81.2,77.0,67.0,False,722
imsa,2024,Sebring,Sebring International Raceway,race,609,3,GTDPRO,Antonio Garcia,antonio garcia,83,2.0,28,123.493,11.533,77.38,34.58,,GF,1,81.4,78.0,67.0,False,722
imsa,2024,Sebring,Sebring International Raceway,race,609,3,GTDPRO,Antonio Garcia,antonio garcia,84,2.0,29,122.926,11.642,77.007,34.277,,GF,2,81.6,79.0,67.0,False,722
imsa,2024,Sebring,Sebring International Raceway,race,609,3,GTDPRO,Antonio Garcia,antonio garcia,85,2.0,30,122.957,11.712,76.937,34.308,,GF,3,81.8,80.0,67.0,False,722
imsa,2024,Sebring,Sebring International Raceway,race,609,3,GTDPRO,Antonio Garcia,antonio garcia,86,2.0,31,122.567,11.532,76.865,34.17,,GF,4,82.0,81.0,66.0,False,722
imsa,2024,Sebring,Sebring International Raceway,race,609,3,GTDPRO,Antonio Garcia,antonio garcia,87,2.0,32,122.517,11.535,76.819,34.163,,GF,5,82.2,82.0,65.0,False,722
imsa,2024,Sebring,Sebring International Raceway,race,609,3,GTDPRO,Antonio Garcia,antonio garcia,88,2.0,33,122.822,11.503,76.785,34.534,,GF,6,82.3,82.0,65.0,False,722
imsa,2024,Sebring,Sebring International Raceway,race,609,3,GTDPRO,Antonio Garcia,antonio garcia,89,2.0,34,122.308,11.497,76.608,34.203,,GF,7,82.4,82.0,65.0,False,722
imsa,2024,Sebring,Sebring International Raceway,race,609,3,GTDPRO,Antonio Garcia,antonio garcia,90,2.0,35,122.417,11.504,76.77,34.143,,GF,8,82.3,83.0,65.0,False,722
imsa,2024,Sebring,Sebring International Raceway,race,609,3,GTDPRO,Antonio Garcia,antonio garcia,91,2.0,36,123.195,11.5,76.868,34.827,,GF,9,82.3,84.0,65.0,False,722
imsa,2024,Sebring,Sebring International Raceway,race,609,3,GTDPRO,Antonio Garcia,antonio garcia,92,2.0,37,123.318,11.471,77.294,34.553,,GF,10,82.2,84.0,65.0,False,722
imsa,2024,Sebring,Sebring International Raceway,race,609,3,GTDPRO,Antonio Garcia,antonio garcia,93,2.0,38,122.846,11.409,77.185,34.252,,GF,11,82.2,84.0,66.0,False,722
imsa,2024,Sebring,Sebring International Raceway,race,609,3,GTDPRO,Antonio Garcia,antonio garcia,94,2.0,39,123.114,11.49,77.351,34.273,,GF,12,82.1,82.0,66.0,False,722
imsa,2024,Sebring,Sebring International Raceway,race,609,3,GTDPRO,Antonio Garcia,antonio garcia,95,2.0,40,123.611,11.766,77.149,34.696,,GF,13,81.9,81.0,66.0,False,722
imsa,2024,Sebring,Sebring International Raceway,race,609,3,GTDPRO,Antonio Garcia,antonio garcia,96,2.0,41,122.523,11.463,76.811,34.249,,GF,14,81.9,80.0,66.0,False,722
imsa,2024,Sebring,Sebring International Raceway,race,609,3,GTDPRO,Antonio Garcia,antonio garcia,97,2.0,42,123.153,11.435,77.495,34.223,,GF,15,82.2,80.0,66.0,False,722
imsa,2024,Sebring,Sebring International Raceway,race,609,3,GTDPRO,Antonio Garcia,antonio garcia,98,2.0,43,122.428,11.408,76.85,34.17,,GF,16,82.3,79.0,65.0,False,722
imsa,2024,Sebring,Sebring International Raceway,race,609,3,GTDPRO,Antonio Garcia,antonio garcia,99,2.0,44,122.597,11.679,76.598,34.32,,GF,17,82.1,79.0,65.0,False,722
imsa,2024,Sebring,Sebring International Raceway,race,609,3,GTDPRO,Antonio Garcia,antonio garcia,100,2.0,45,122.117,11.438,76.493,34.186,,GF,18,82.1,79.0,65.0,False,722
imsa,2024,Sebring,Sebring International Raceway,race,609,3,GTDPRO,Antonio Garcia,antonio garcia,101,2.0,46,122.772,11.639,76.884,34.249,,GF,19,82.0,78.0,65.0,False,722
imsa,2024,Sebring,Sebring International Raceway,race,609,3,GTDPRO,Antonio Garcia,antonio garcia,102,2.0,47,123.196,11.535,77.093,34.568,,GF,20,82.1,78.0,65.0,False,722
imsa,2024,Sebring,Sebring International Raceway,race,609,3,GTDPRO,Antonio Garcia,antonio garcia,103,2.0,48,122.914,11.568,77.156,34.19,,GF,21,82.4,78.0,65.0,False,722
imsa,2024,Sebring,Sebring International Raceway,race,609,3,GTDPRO,Antonio Garcia,antonio garcia,104,2.0,49,122.587,11.562,76.807,34.218,,GF,22,82.6,78.0,64.0,False,722
imsa,2024,Sebring,Sebring International Raceway,race,609,3,GTDPRO,Antonio Garcia,antonio garcia,105,2.0,50,124.56,11.531,77.809,35.22,,GF,23,83.0,78.0,64.0,False,722
imsa,2024,Sebring,Sebring International Raceway,race,609,3,GTDPRO,Antonio Garcia,antonio garcia,106,2.0,51,122.816,11.533,76.842,34.441,,GF,24,83.2,78.0,64.0,False,722
imsa,2024,Sebring,Sebring International Raceway,race,609,3,GTDPRO,Antonio Garcia,antonio garcia,107,2.0,52,140.328,11.484,85.572,43.272,,FCY,25,83.3,78.0,63.0,False,722
imsa,2024,Sebring,Sebring International Raceway,race,609,3,GTDPRO,Antonio Garcia,antonio garcia,108,2.0,53,190.583,14.214,105.275,71.094,,FCY,25,83.4,78.0,63.0,False,722
imsa,2024,Sebring,Sebring International Raceway,race,609,3,GTDPRO,Antonio Garcia,antonio garcia,109,2.0,54,224.477,23.545,143.534,57.398,,FCY,25,83.2,77.0,62.0,False,722
imsa,2024,Sebring,Sebring International Raceway,race,609,3,GTDPRO,Antonio Garcia,antonio garcia,110,2.0,55,194.835,15.909,116.976,61.95,,FCY,25,83.0,77.0,62.0,False,722
imsa,2024,Sebring,Sebring International Raceway,race,609,3,GTDPRO,Daniel Juncadella,daniel juncadella,111,3.0,0,215.706,75.044,90.432,50.23,73.956,FCY,0,83.1,77.0,63.0,False,722
imsa,2024,Sebring,Sebring International Raceway,race,609,3,GTDPRO,Daniel Juncadella,daniel juncadella,112,3.0,1,188.722,20.598,121.194,46.93,,GF,0,83.0,77.0,63.0,False,722
imsa,2024,Sebring,Sebring International Raceway,race,609,3,GTDPRO,Daniel Juncadella,daniel juncadella,113,3.0,2,124.724,12.259,77.68,34.785,,GF,1,83.0,77.0,63.0,False,722
imsa,2024,Sebring,Sebring International Raceway,race,609,3,GTDPRO,Daniel Juncadella,daniel juncadella,114,3.0,3,125.072,11.986,78.787,34.299,,GF,2,83.0,69.0,63.0,False,722
imsa,2024,Sebring,Sebring International Raceway,race,609,3,GTDPRO,Daniel Juncadella,daniel juncadella,115,3.0,4,143.614,11.629,89.034,42.951,,FCY,3,83.2,69.0,63.0,False,722
imsa,2024,Sebring,Sebring International Raceway,race,609,3,GTDPRO,Daniel Juncadella,daniel juncadella,116,3.0,5,160.763,14.378,100.186,46.199,,GF,3,83.3,71.0,63.0,False,722
imsa,2024,Sebring,Sebring International Raceway,race,609,3,GTDPRO,Daniel Juncadella,daniel juncadella,117,3.0,6,122.913,11.751,76.815,34.347,,GF,4,83.3,72.0,63.0,False,722
imsa,2024,Sebring,Sebring International Raceway,race,609,3,GTDPRO,Daniel Juncadella,daniel juncadella,118,3.0,7,123.13,11.778,76.652,34.7,,GF,5,83.2,73.0,63.0,False,722
imsa,2024,Sebring,Sebring International Raceway,race,609,3,GTDPRO,Daniel Juncadella,daniel juncadella,119,3.0,8,123.991,11.627,77.258,35.106,,GF,6,83.3,74.0,63.0,False,722
imsa,2024,Sebring,Sebring International Raceway,race,609,3,GTDPRO,Daniel Juncadella,daniel juncadella,120,3.0,9,122.61,11.646,76.648,34.316,,GF,7,83.8,74.0,62.0,False,722
imsa,2024,Sebring,Sebring International Raceway,race,609,3,GTDPRO,Daniel Juncadella,daniel juncadella,121,3.0,10,122.567,11.661,76.329,34.577,,GF,8,84.1,73.0,61.0,False,722
imsa,2024,Sebring,Sebring International Raceway,race,609,3,GTDPRO,Daniel Juncadella,daniel juncadella,122,3.0,11,122.267,11.551,76.294,34.422,,GF,9,84.3,74.0,61.0,False,722
imsa,2024,Sebring,Sebring International Raceway,race,609,3,GTDPRO,Daniel Juncadella,daniel juncadella,123,3.0,12,122.487,11.462,76.717,34.308,,GF,10,84.3,74.0,61.0,False,722
imsa,2024,Sebring,Sebring International Raceway,race,609,3,GTDPRO,Daniel Juncadella,daniel juncadella,124,3.0,13,122.573,11.617,76.642,34.314,,GF,11,84.6,74.0,61.0,False,722
imsa,2024,Sebring,Sebring International Raceway,race,609,3,GTDPRO,Daniel Juncadella,daniel juncadella,125,3.0,14,123.141,11.59,76.901,34.65,,GF,12,84.9,75.0,59.0,False,722
imsa,2024,Sebring,Sebring International Raceway,race,609,3,GTDPRO,Daniel Juncadella,daniel juncadella,126,3.0,15,124.238,11.493,77.715,35.03,,GF,13,85.2,75.0,60.0,False,722
imsa,2024,Sebring,Sebring International Raceway,race,609,3,GTDPRO,Daniel Juncadella,daniel juncadella,127,3.0,16,123.444,11.765,77.315,34.364,,GF,14,85.2,75.0,59.0,False,722
imsa,2024,Sebring,Sebring International Raceway,race,609,3,GTDPRO,Daniel Juncadella,daniel juncadella,128,3.0,17,123.17,11.572,77.257,34.341,,GF,15,85.2,75.0,59.0,False,722
imsa,2024,Sebring,Sebring International Raceway,race,609,3,GTDPRO,Daniel Juncadella,daniel juncadella,129,3.0,18,122.879,11.517,76.971,34.391,,GF,16,85.4,75.0,58.0,False,722
imsa,2024,Sebring,Sebring International Raceway,race,609,3,GTDPRO,Daniel Juncadella,daniel juncadella,130,3.0,19,122.85,11.786,76.777,34.287,,GF,17,85.5,75.0,59.0,False,722
imsa,2024,Sebring,Sebring International Raceway,race,609,3,GTDPRO,Daniel Juncadella,daniel juncadella,131,3.0,20,122.199,11.462,76.469,34.268,,GF,18,85.9,75.0,58.0,False,722
imsa,2024,Sebring,Sebring International Raceway,race,609,3,GTDPRO,Daniel Juncadella,daniel juncadella,132,3.0,21,122.178,11.424,76.617,34.137,,GF,19,86.0,75.0,58.0,False,722
imsa,2024,Sebring,Sebring International Raceway,race,609,3,GTDPRO,Daniel Juncadella,daniel juncadella,133,3.0,22,122.327,11.421,76.632,34.274,,GF,20,86.2,75.0,58.0,False,722
imsa,2024,Sebring,Sebring International Raceway,race,609,3,GTDPRO,Daniel Juncadella,daniel juncadella,134,3.0,23,122.869,11.553,76.832,34.484,,GF,21,86.1,75.0,59.0,False,722
imsa,2024,Sebring,Sebring International Raceway,race,609,3,GTDPRO,Daniel Juncadella,daniel juncadella,135,3.0,24,122.78,11.558,76.708,34.514,,GF,22,86.2,75.0,59.0,False,722
imsa,2024,Sebring,Sebring International Raceway,race,609,3,GTDPRO,Daniel Juncadella,daniel juncadella,136,3.0,25,123.143,11.526,77.209,34.408,,GF,23,86.1,75.0,58.0,False,722
imsa,2024,Sebring,Sebring International Raceway,race,609,3,GTDPRO,Daniel Juncadella,daniel juncadella,137,3.0,26,122.756,11.482,77.026,34.248,,GF,24,85.9,76.0,59.0,False,722
imsa,2024,Sebring,Sebring International Raceway,race,609,3,GTDPRO,Daniel Juncadella,daniel juncadella,138,3.0,27,123.797,11.666,77.248,34.883,,GF,25,85.6,76.0,59.0,False,722
imsa,2024,Sebring,Sebring International Raceway,race,609,3,GTDPRO,Daniel Juncadella,daniel juncadella,139,3.0,28,122.19,11.487,76.502,34.201,,GF,26,85.5,76.0,58.0,False,722
imsa,2024,Sebring,Sebring International Raceway,race,609,3,GTDPRO,Daniel Juncadella,daniel juncadella,140,3.0,29,123.519,11.561,77.147,34.811,,GF,27,85.6,76.0,58.0,False,722
imsa,2024,Sebring,Sebring International Raceway,race,609,3,GTDPRO,Daniel Juncadella,daniel juncadella,141,3.0,30,122.675,11.445,77.048,34.182,,GF,28,85.8,76.0,58.0,False,722
imsa,2024,Sebring,Sebring International Raceway,race,609,3,GTDPRO,Daniel Juncadella,daniel juncadella,142,3.0,31,132.651,11.448,77.515,43.688,,GF,29,86.0,76.0,57.0,False,722
imsa,2024,Sebring,Sebring International Raceway,race,609,3,GTDPRO,Daniel Juncadella,daniel juncadella,143,3.0,32,187.96,75.471,78.389,34.1,75.947,GF,0,85.9,76.0,57.0,False,722
imsa,2024,Sebring,Sebring International Raceway,race,609,3,GTDPRO,Daniel Juncadella,daniel juncadella,144,3.0,33,122.031,11.493,76.17,34.368,,GF,0,85.9,76.0,58.0,False,722
imsa,2024,Sebring,Sebring International Raceway,race,609,3,GTDPRO,Daniel Juncadella,daniel juncadella,145,3.0,34,121.665,11.37,76.01,34.285,,GF,1,85.8,75.0,59.0,False,722
imsa,2024,Sebring,Sebring International Raceway,race,609,3,GTDPRO,Daniel Juncadella,daniel juncadella,146,3.0,35,121.984,11.498,76.236,34.25,,GF,2,85.6,75.0,59.0,False,722
imsa,2024,Sebring,Sebring International Raceway,race,609,3,GTDPRO,Daniel Juncadella,daniel juncadella,147,3.0,36,122.424,11.636,76.792,33.996,,GF,3,85.3,75.0,59.0,False,722
imsa,2024,Sebring,Sebring International Raceway,race,609,3,GTDPRO,Daniel Juncadella,daniel juncadella,148,3.0,37,122.227,11.815,76.22,34.192,,GF,4,84.9,75.0,60.0,False,722
imsa,2024,Sebring,Sebring International Raceway,race,609,3,GTDPRO,Daniel Juncadella,daniel juncadella,149,3.0,38,121.863,11.357,76.241,34.265,,GF,5,84.8,75.0,59.0,False,722
imsa,2024,Sebring,Sebring International Raceway,race,609,3,GTDPRO,Daniel Juncadella,daniel juncadella,150,3.0,39,121.669,11.377,76.047,34.245,,GF,6,84.8,75.0,60.0,False,722
imsa,2024,Sebring,Sebring International Raceway,race,609,3,GTDPRO,Daniel Juncadella,daniel juncadella,151,3.0,40,121.309,11.369,75.923,34.017,,GF,7,84.8,75.0,60.0,False,722
imsa,2024,Sebring,Sebring International Raceway,race,609,3,GTDPRO,Daniel Juncadella,daniel juncadella,152,3.0,41,121.351,11.331,75.893,34.127,,GF,8,84.9,75.0,59.0,False,722
imsa,2024,Sebring,Sebring International Raceway,race,609,3,GTDPRO,Daniel Juncadella,daniel juncadella,153,3.0,42,122.658,11.608,76.491,34.559,,GF,9,84.9,75.0,60.0,False,722
imsa,2024,Sebring,Sebring International Raceway,race,609,3,GTDPRO,Daniel Juncadella,daniel juncadella,154,3.0,43,122.003,11.427,76.312,34.264,,GF,10,85.1,75.0,59.0,False,722
imsa,2024,Sebring,Sebring International Raceway,race,609,3,GTDPRO,Daniel Juncadella,daniel juncadella,155,3.0,44,133.007,11.465,80.799,40.743,,FCY,11,85.2,75.0,59.0,False,722
imsa,2024,Sebring,Sebring International Raceway,race,609,3,GTDPRO,Daniel Juncadella,daniel juncadella,156,3.0,45,149.152,13.65,91.436,44.066,,FCY,11,85.1,75.0,59.0,False,722
imsa,2024,Sebring,Sebring International Raceway,race,609,3,GTDPRO,Daniel Juncadella,daniel juncadella,157,3.0,46,179.085,15.214,100.732,63.139,,FCY,11,84.9,75.0,59.0,False,722
imsa,2024,Sebring,Sebring International Raceway,race,609,3,GTDPRO,Daniel Juncadella,daniel juncadella,158,3.0,47,215.163,28.717,129.128,57.318,,FCY,11,84.9,75.0,59.0,False,722
imsa,2024,Sebring,Sebring International Raceway,race,609,3,GTDPRO,Daniel Juncadella,daniel juncadella,159,3.0,48,208.857,15.497,126.382,66.978,,FCY,11,84.9,75.0,59.0,False,722
imsa,2024,Sebring,Sebring International Raceway,race,609,3,GTDPRO,Daniel Juncadella,daniel juncadella,160,3.0,49,224.732,62.605,102.323,59.804,60.864,FCY,0,84.9,75.0,59.0,False,722
imsa,2024,Sebring,Sebring International Raceway,race,609,3,GTDPRO,Daniel Juncadella,daniel juncadella,161,3.0,50,240.476,30.187,137.714,72.575,,FCY,0,85.4,75.0,58.0,False,722
imsa,2024,Sebring,Sebring International Raceway,race,609,3,GTDPRO,Daniel Juncadella,daniel juncadella,162,3.0,51,204.679,24.278,141.479,38.922,,GF,0,85.8,75.0,57.0,False,722
imsa,2024,Sebring,Sebring International Raceway,race,609,3,GTDPRO,Daniel Juncadella,daniel juncadella,163,3.0,52,123.771,11.677,76.917,35.177,,GF,1,85.8,75.0,57.0,False,722
imsa,2024,Sebring,Sebring International Raceway,race,609,3,GTDPRO,Daniel Juncadella,daniel juncadella,164,3.0,53,123.594,11.765,77.387,34.442,,GF,2,85.8,75.0,58.0,False,722
imsa,2024,Sebring,Sebring International Raceway,race,609,3,GTDPRO,Daniel Juncadella,daniel juncadella,165,3.0,54,122.36,11.603,76.568,34.189,,GF,3,85.9,75.0,57.0,False,722
imsa,2024,Sebring,Sebring International Raceway,race,609,3,GTDPRO,Daniel Juncadella,daniel juncadella,166,3.0,55,122.527,11.595,76.768,34.164,,GF,4,86.0,75.0,56.0,False,722
imsa,2024,Sebring,Sebring International Raceway,race,609,3,GTDPRO,Daniel Juncadella,daniel juncadella,167,3.0,56,122.724,11.564,77.021,34.139,,GF,5,86.1,75.0,56.0,False,722
imsa,2024,Sebring,Sebring International Raceway,race,609,3,GTDPRO,Daniel Juncadella,daniel juncadella,168,3.0,57,122.322,11.485,76.597,34.24,,GF,6,86.3,75.0,56.0,False,722
imsa,2024,Sebring,Sebring International Raceway,race,609,3,GTDPRO,Daniel Juncadella,daniel juncadella,169,3.0,58,122.93,11.563,76.96,34.407,,GF,7,86.4,75.0,56.0,False,722
imsa,2024,Sebring,Sebring International Raceway,race,609,3,GTDPRO,Daniel Juncadella,daniel juncadella,170,3.0,59,122.643,11.529,76.838,34.276,,GF,8,86.5,75.0,56.0,False,722
imsa,2024,Sebring,Sebring International Raceway,race,609,3,GTDPRO,Daniel Juncadella,daniel juncadella,171,3.0,60,123.006,11.565,76.962,34.479,,GF,9,86.5,75.0,55.0,False,722
imsa,2024,Sebring,Sebring International Raceway,race,609,3,GTDPRO,Daniel Juncadella,daniel juncadella,172,3.0,61,124.609,11.706,77.611,35.292,,GF,10,86.4,75.0,54.0,False,722
imsa,2024,Sebring,Sebring International Raceway,race,609,3,GTDPRO,Daniel Juncadella,daniel juncadella,173,3.0,62,122.622,11.815,76.681,34.126,,GF,11,86.3,75.0,55.0,False,722
imsa,2024,Sebring,Sebring International Raceway,race,609,3,GTDPRO,Daniel Juncadella,daniel juncadella,174,3.0,63,122.858,11.512,77.015,34.331,,GF,12,86.5,75.0,55.0,False,722
imsa,2024,Sebring,Sebring International Raceway,race,609,3,GTDPRO,Daniel Juncadella,daniel juncadella,175,3.0,64,124.043,11.535,78.096,34.412,,GF,13,86.5,75.0,55.0,False,722
imsa,2024,Sebring,Sebring International Raceway,race,609,3,GTDPRO,Daniel Juncadella,daniel juncadella,176,3.0,65,123.878,11.562,77.504,34.812,,GF,14,86.6,75.0,55.0,False,722
imsa,2024,Sebring,Sebring International Raceway,race,609,3,GTDPRO,Daniel Juncadella,daniel juncadella,177,3.0,66,123.815,11.576,77.935,34.304,,GF,15,86.8,75.0,55.0,False,722
imsa,2024,Sebring,Sebring International Raceway,race,609,3,GTDPRO,Daniel Juncadella,daniel juncadella,178,3.0,67,121.707,11.423,76.145,34.139,,GF,16,86.9,75.0,55.0,False,722
imsa,2024,Sebring,Sebring International Raceway,race,609,3,GTDPRO,Daniel Juncadella,daniel juncadella,179,3.0,68,123.148,11.425,77.24,34.483,,GF,17,87.1,75.0,55.0,False,722
imsa,2024,Sebring,Sebring International Raceway,race,609,3,GTDPRO,Daniel Juncadella,daniel juncadella,180,3.0,69,123.714,11.547,76.816,35.351,,GF,18,87.0,75.0,55.0,False,722
imsa,2024,Sebring,Sebring International Raceway,race,609,3,GTDPRO,Daniel Juncadella,daniel juncadella,181,3.0,70,123.743,11.979,77.213,34.551,,GF,19,86.7,75.0,55.0,False,722
imsa,2024,Sebring,Sebring International Raceway,race,609,3,GTDPRO,Daniel Juncadella,daniel juncadella,182,3.0,71,122.142,11.464,76.512,34.166,,GF,20,86.5,75.0,55.0,False,722
imsa,2024,Sebring,Sebring International Raceway,race,609,3,GTDPRO,Daniel Juncadella,daniel juncadella,183,3.0,72,122.717,11.493,77.008,34.216,,GF,21,86.4,75.0,55.0,False,722
imsa,2024,Sebring,Sebring International Raceway,race,609,3,GTDPRO,Daniel Juncadella,daniel juncadella,184,3.0,73,122.525,11.413,76.545,34.567,,GF,22,86.5,75.0,55.0,False,722
imsa,2024,Sebring,Sebring International Raceway,race,609,3,GTDPRO,Daniel Juncadella,daniel juncadella,185,3.0,74,122.579,11.457,76.82,34.302,,GF,23,86.4,75.0,55.0,False,722
imsa,2024,Sebring,Sebring International Raceway,race,609,3,GTDPRO,Daniel Juncadella,daniel juncadella,186,3.0,75,122.533,11.443,76.886,34.204,,GF,24,86.1,75.0,56.0,False,722
imsa,2024,Sebring,Sebring International Raceway,race,609,3,GTDPRO,Daniel Juncadella,daniel juncadella,187,3.0,76,122.02,11.495,76.343,34.182,,GF,25,86.1,75.0,56.0,False,722
imsa,2024,Sebring,Sebring International Raceway,race,609,3,GTDPRO,Daniel Juncadella,daniel juncadella,188,3.0,77,122.859,11.428,76.771,34.66,,GF,26,86.3,75.0,55.0,False,722
imsa,2024,Sebring,Sebring International Raceway,race,609,3,GTDPRO,Daniel Juncadella,daniel juncadella,189,3.0,78,122.312,11.516,76.572,34.224,,GF,27,86.5,75.0,54.0,False,722
imsa,2024,Sebring,Sebring International Raceway,race,609,3,GTDPRO,Daniel Juncadella,daniel juncadella,190,3.0,79,122.078,11.386,76.436,34.256,,GF,28,86.7,75.0,54.0,False,722
imsa,2024,Sebring,Sebring International Raceway,race,609,3,GTDPRO,Daniel Juncadella,daniel juncadella,191,3.0,80,132.344,11.46,77.32,43.564,,GF,29,86.8,75.0,54.0,False,722
imsa,2024,Sebring,Sebring International Raceway,race,609,3,GTDPRO,Alexander Sims,alexander sims,192,4.0,0,187.128,75.243,77.537,34.348,75.723,GF,0,87.2,75.0,54.0,False,722
imsa,2024,Sebring,Sebring International Raceway,race,609,3,GTDPRO,Alexander Sims,alexander sims,193,4.0,1,121.942,11.255,76.478,34.209,,GF,0,87.2,75.0,54.0,False,722
imsa,2024,Sebring,Sebring International Raceway,race,609,3,GTDPRO,Alexander Sims,alexander sims,194,4.0,2,121.823,11.346,76.253,34.224,,GF,1,87.1,75.0,54.0,False,722
imsa,2024,Sebring,Sebring International Raceway,race,609,3,GTDPRO,Alexander Sims,alexander sims,195,4.0,3,121.288,11.31,75.711,34.267,,GF,2,86.9,75.0,54.0,False,722
imsa,2024,Sebring,Sebring International Raceway,race,609,3,GTDPRO,Alexander Sims,alexander sims,196,4.0,4,121.487,11.321,75.892,34.274,,GF,3,86.8,75.0,54.0,False,722
imsa,2024,Sebring,Sebring International Raceway,race,609,3,GTDPRO,Alexander Sims,alexander sims,197,4.0,5,121.703,11.369,76.004,34.33,,GF,4,86.8,75.0,54.0,False,722
imsa,2024,Sebring,Sebring International Raceway,race,609,3,GTDPRO,Alexander Sims,alexander sims,198,4.0,6,126.45,11.427,75.922,39.101,,FCY,5,87.0,75.0,54.0,False,722
imsa,2024,Sebring,Sebring International Raceway,race,609,3,GTDPRO,Alexander Sims,alexander sims,199,4.0,7,139.497,13.442,86.89,39.165,,FCY,5,87.2,75.0,54.0,False,722
imsa,2024,Sebring,Sebring International Raceway,race,609,3,GTDPRO,Alexander Sims,alexander sims,200,4.0,8,191.124,14.093,107.94,69.091,,FCY,5,87.4,75.0,53.0,False,722
imsa,2024,Sebring,Sebring International Raceway,race,609,3,GTDPRO,Alexander Sims,alexander sims,201,4.0,9,227.203,16.975,149.191,61.037,,FCY,5,87.2,75.0,53.0,False,722
imsa,2024,Sebring,Sebring International Raceway,race,609,3,GTDPRO,Alexander Sims,alexander sims,202,4.0,10,203.29,14.958,119.736,68.596,,FCY,5,87.1,75.0,54.0,False,722
imsa,2024,Sebring,Sebring International Raceway,race,609,3,GTDPRO,Alexander Sims,alexander sims,203,4.0,11,224.47,60.8,100.325,63.345,59.993,FCY,0,86.9,75.0,55.0,False,722
imsa,2024,Sebring,Sebring International Raceway,race,609,3,GTDPRO,Alexander Sims,alexander sims,204,4.0,12,233.34,24.135,134.681,74.524,,FCY,0,86.9,75.0,54.0,False,722
imsa,2024,Sebring,Sebring International Raceway,race,609,3,GTDPRO,Alexander Sims,alexander sims,205,4.0,13,197.661,22.796,129.806,45.059,,GF,0,86.7,75.0,55.0,False,722
imsa,2024,Sebring,Sebring International Raceway,race,609,3,GTDPRO,Alexander Sims,alexander sims,206,4.0,14,123.433,12.015,77.061,34.357,,GF,1,86.6,75.0,55.0,False,722
imsa,2024,Sebring,Sebring International Raceway,race,609,3,GTDPRO,Alexander Sims,alexander sims,207,4.0,15,122.832,11.595,77.056,34.181,,GF,2,86.5,75.0,55.0,False,722
imsa,2024,Sebring,Sebring International Raceway,race,609,3,GTDPRO,Alexander Sims,alexander sims,208,4.0,16,126.225,11.582,76.873,37.77,,FCY,3,86.5,75.0,54.0,False,722
imsa,2024,Sebring,Sebring International Raceway,race,609,3,GTDPRO,Alexander Sims,alexander sims,209,4.0,17,139.377,13.833,85.199,40.345,,FCY,3,86.5,75.0,55.0,False,722
imsa,2024,Sebring,Sebring International Raceway,race,609,3,GTDPRO,Alexander Sims,alexander sims,210,4.0,18,178.486,15.846,97.076,65.564,,FCY,3,86.5,75.0,55.0,False,722
imsa,2024,Sebring,Sebring International Raceway,race,609,3,GTDPRO,Alexander Sims,alexander sims,211,4.0,19,200.961,22.796,131.99,46.175,,GF,3,86.6,75.0,56.0,False,722
imsa,2024,Sebring,Sebring International Raceway,race,609,3,GTDPRO,Alexander Sims,alexander sims,212,4.0,20,123.119,11.526,77.113,34.48,,GF,4,86.6,75.0,55.0,False,722
imsa,2024,Sebring,Sebring International Raceway,race,609,3,GTDPRO,Alexander Sims,alexander sims,213,4.0,21,121.457,11.384,75.847,34.226,,GF,5,86.6,75.0,55.0,False,722
imsa,2024,Sebring,Sebring International Raceway,race,609,3,GTDPRO,Alexander Sims,alexander sims,214,4.0,22,121.946,11.466,76.26,34.22,,GF,6,86.6,75.0,55.0,False,722
imsa,2024,Sebring,Sebring International Raceway,race,609,3,GTDPRO,Alexander Sims,alexander sims,215,4.0,23,122.062,11.466,76.262,34.334,,GF,7,86.7,75.0,56.0,False,722
imsa,2024,Sebring,Sebring International Raceway,race,609,3,GTDPRO,Alexander Sims,alexander sims,216,4.0,24,121.824,11.399,76.262,34.163,,GF,8,86.7,75.0,56.0,False,722
imsa,2024,Sebring,Sebring International Raceway,race,609,3,GTDPRO,Alexander Sims,alexander sims,217,4.0,25,121.675,11.68,75.909,34.086,,GF,9,86.8,75.0,55.0,False,722
imsa,2024,Sebring,Sebring International Raceway,race,609,3,GTDPRO,Alexander Sims,alexander sims,218,4.0,26,121.417,11.411,75.793,34.213,,GF,10,86.7,75.0,55.0,False,722
imsa,2024,Sebring,Sebring International Raceway,race,609,3,GTDPRO,Alexander Sims,alexander sims,219,4.0,27,121.583,11.475,75.941,34.167,,GF,11,86.6,75.0,55.0,False,722
imsa,2024,Sebring,Sebring International Raceway,race,609,3,GTDPRO,Alexander Sims,alexander sims,220,4.0,28,122.484,11.491,76.914,34.079,,GF,12,86.6,75.0,55.0,False,722
imsa,2024,Sebring,Sebring International Raceway,race,609,3,GTDPRO,Alexander Sims,alexander sims,221,4.0,29,122.235,11.37,76.594,34.271,,GF,13,86.5,76.0,54.0,False,722
imsa,2024,Sebring,Sebring International Raceway,race,609,3,GTDPRO,Alexander Sims,alexander sims,222,4.0,30,121.787,11.309,76.242,34.236,,GF,14,86.5,76.0,55.0,False,722
imsa,2024,Sebring,Sebring International Raceway,race,609,3,GTDPRO,Alexander Sims,alexander sims,223,4.0,31,122.365,11.502,76.736,34.127,,GF,15,86.4,76.0,54.0,False,722
imsa,2024,Sebring,Sebring International Raceway,race,609,3,GTDPRO,Alexander Sims,alexander sims,224,4.0,32,122.816,11.456,77.149,34.211,,GF,16,86.4,76.0,55.0,False,722
imsa,2024,Sebring,Sebring International Raceway,race,609,3,GTDPRO,Alexander Sims,alexander sims,225,4.0,33,122.101,11.47,76.411,34.22,,GF,17,86.4,76.0,55.0,False,722
imsa,2024,Sebring,Sebring International Raceway,race,609,3,GTDPRO,Alexander Sims,alexander sims,226,4.0,34,122.383,11.482,76.641,34.26,,GF,18,86.5,76.0,55.0,False,722
imsa,2024,Sebring,Sebring International Raceway,race,609,3,GTDPRO,Alexander Sims,alexander sims,227,4.0,35,121.726,11.465,76.06,34.201,,GF,19,86.5,76.0,55.0,False,722
imsa,2024,Sebring,Sebring International Raceway,race,609,3,GTDPRO,Alexander Sims,alexander sims,228,4.0,36,121.467,11.42,76.003,34.044,,GF,20,86.5,76.0,55.0,False,722
imsa,2024,Sebring,Sebring International Raceway,race,609,3,GTDPRO,Alexander Sims,alexander sims,229,4.0,37,121.648,11.367,76.101,34.18,,GF,21,86.5,76.0,55.0,False,722
imsa,2024,Sebring,Sebring International Raceway,race,609,3,GTDPRO,Alexander Sims,alexander sims,230,4.0,38,121.863,11.413,76.29,34.16,,GF,22,86.5,75.0,55.0,False,722
imsa,2024,Sebring,Sebring International Raceway,race,609,3,GTDPRO,Alexander Sims,alexander sims,231,4.0,39,122.205,11.442,76.303,34.46,,GF,23,86.5,75.0,55.0,False,722
imsa,2024,Sebring,Sebring International Raceway,race,609,3,GTDPRO,Alexander Sims,alexander sims,232,4.0,40,121.744,11.555,76.036,34.153,,GF,24,86.4,75.0,55.0,False,722
imsa,2024,Sebring,Sebring International Raceway,race,609,3,GTDPRO,Alexander Sims,alexander sims,233,4.0,41,122.5,11.442,76.667,34.391,,GF,25,86.3,75.0,56.0,False,722
imsa,2024,Sebring,Sebring International Raceway,race,609,3,GTDPRO,Alexander Sims,alexander sims,234,4.0,42,122.346,11.488,76.553,34.305,,GF,26,86.1,76.0,55.0,False,722
imsa,2024,Sebring,Sebring International Raceway,race,609,3,GTDPRO,Alexander Sims,alexander sims,235,4.0,43,149.854,11.493,82.084,56.277,,FCY,27,85.9,76.0,56.0,False,722
imsa,2024,Sebring,Sebring International Raceway,race,609,3,GTDPRO,Alexander Sims,alexander sims,236,4.0,44,162.529,41.725,81.138,39.666,42.031,FCY,0,85.8,76.0,57.0,False,722
imsa,2024,Sebring,Sebring International Raceway,race,609,3,GTDPRO,Alexander Sims,alexander sims,237,4.0,45,165.429,12.671,82.425,70.333,,FCY,0,85.5,76.0,57.0,False,722
imsa,2024,Sebring,Sebring International Raceway,race,609,3,GTDPRO,Alexander Sims,alexander sims,238,4.0,46,218.645,25.917,125.815,66.913,,FCY,0,85.3,76.0,57.0,False,722
imsa,2024,Sebring,Sebring International Raceway,race,609,3,GTDPRO,Alexander Sims,alexander sims,239,4.0,47,192.571,17.944,107.056,67.571,,FCY,0,85.1,76.0,58.0,False,722
imsa,2024,Sebring,Sebring International Raceway,race,609,3,GTDPRO,Antonio Garcia,antonio garcia,240,5.0,0,229.614,74.272,84.044,71.298,74.132,FCY,0,84.8,76.0,58.0,False,722
imsa,2024,Sebring,Sebring International Raceway,race,609,3,GTDPRO,Antonio Garcia,antonio garcia,241,5.0,1,182.693,41.904,95.903,44.886,41.441,GF,0,84.6,76.0,59.0,False,722
imsa,2024,Sebring,Sebring International Raceway,race,609,3,GTDPRO,Antonio Garcia,antonio garcia,242,5.0,2,126.613,12.092,79.941,34.58,,GF,0,84.6,76.0,59.0,False,722
imsa,2024,Sebring,Sebring International Raceway,race,609,3,GTDPRO,Antonio Garcia,antonio garcia,243,5.0,3,124.918,11.91,78.258,34.75,,GF,1,84.5,76.0,60.0,False,722
imsa,2024,Sebring,Sebring International Raceway,race,609,3,GTDPRO,Antonio Garcia,antonio garcia,244,5.0,4,122.48,11.461,76.25,34.769,,GF,2,84.4,76.0,60.0,False,722
imsa,2024,Sebring,Sebring International Raceway,race,609,3,GTDPRO,Antonio Garcia,antonio garcia,245,5.0,5,123.441,11.586,76.844,35.011,,GF,3,84.3,76.0,60.0,False,722
imsa,2024,Sebring,Sebring International Raceway,race,609,3,GTDPRO,Antonio Garcia,antonio garcia,246,5.0,6,123.526,11.768,76.726,35.032,,GF,4,84.2,76.0,60.0,False,722
imsa,2024,Sebring,Sebring International Raceway,race,609,3,GTDPRO,Antonio Garcia,antonio garcia,247,5.0,7,122.386,11.463,76.487,34.436,,GF,5,84.1,76.0,60.0,False,722
imsa,2024,Sebring,Sebring International Raceway,race,609,3,GTDPRO,Antonio Garcia,antonio garcia,248,5.0,8,123.432,11.47,77.336,34.626,,GF,6,84.1,76.0,61.0,False,722
imsa,2024,Sebring,Sebring International Raceway,race,609,3,GTDPRO,Antonio Garcia,antonio garcia,249,5.0,9,124.045,11.541,77.838,34.666,,GF,7,84.0,76.0,61.0,False,722
imsa,2024,Sebring,Sebring International Raceway,race,609,3,GTDPRO,Antonio Garcia,antonio garcia,250,5.0,10,123.819,11.455,77.491,34.873,,GF,8,84.0,76.0,61.0,False,722
imsa,2024,Sebring,Sebring International Raceway,race,609,3,GTDPRO,Antonio Garcia,antonio garcia,251,5.0,11,122.289,11.615,76.251,34.423,,GF,9,84.0,76.0,61.0,False,722
imsa,2024,Sebring,Sebring International Raceway,race,609,3,GTDPRO,Antonio Garcia,antonio garcia,252,5.0,12,123.714,11.492,76.75,35.472,,GF,10,83.9,76.0,61.0,False,722
imsa,2024,Sebring,Sebring International Raceway,race,609,3,GTDPRO,Antonio Garcia,antonio garcia,253,5.0,13,123.306,11.742,77.085,34.479,,GF,11,83.9,76.0,61.0,False,722
imsa,2024,Sebring,Sebring International Raceway,race,609,3,GTDPRO,Antonio Garcia,antonio garcia,254,5.0,14,123.569,11.507,77.111,34.951,,GF,12,83.8,76.0,61.0,False,722
imsa,2024,Sebring,Sebring International Raceway,race,609,3,GTDPRO,Antonio Garcia,antonio garcia,255,5.0,15,123.218,11.767,76.863,34.588,,GF,13,83.8,76.0,61.0,False,722
imsa,2024,Sebring,Sebring International Raceway,race,609,3,GTDPRO,Antonio Garcia,antonio garcia,256,5.0,16,122.974,11.829,76.857,34.288,,GF,14,83.7,76.0,61.0,False,722
imsa,2024,Sebring,Sebring International Raceway,race,609,3,GTDPRO,Antonio Garcia,antonio garcia,257,5.0,17,122.674,11.514,76.817,34.343,,GF,15,83.6,76.0,62.0,False,722
imsa,2024,Sebring,Sebring International Raceway,race,609,3,GTDPRO,Antonio Garcia,antonio garcia,258,5.0,18,122.948,11.508,76.605,34.835,,GF,16,83.5,76.0,63.0,False,722
imsa,2024,Sebring,Sebring International Raceway,race,609,3,GTDPRO,Antonio Garcia,antonio garcia,259,5.0,19,122.196,11.482,76.27,34.444,,GF,17,83.3,76.0,63.0,False,722
imsa,2024,Sebring,Sebring International Raceway,race,609,3,GTDPRO,Antonio Garcia,antonio garcia,260,5.0,20,122.743,11.666,76.627,34.45,,GF,18,83.1,76.0,63.0,False,722
imsa,2024,Sebring,Sebring International Raceway,race,609,3,GTDPRO,Antonio Garcia,antonio garcia,261,5.0,21,123.989,11.564,77.565,34.86,,GF,19,83.0,76.0,63.0,False,722
imsa,2024,Sebring,Sebring International Raceway,race,609,3,GTDPRO,Antonio Garcia,antonio garcia,262,5.0,22,123.442,11.474,77.467,34.501,,GF,20,82.9,76.0,63.0,False,722
imsa,2024,Sebring,Sebring International Raceway,race,609,3,GTDPRO,Antonio Garcia,antonio garcia,263,5.0,23,124.315,11.636,77.884,34.795,,GF,21,82.8,76.0,64.0,False,722
imsa,2024,Sebring,Sebring International Raceway,race,609,3,GTDPRO,Antonio Garcia,antonio garcia,264,5.0,24,123.113,11.672,76.929,34.512,,GF,22,82.7,76.0,64.0,False,722
imsa,2024,Sebring,Sebring International Raceway,race,609,3,GTDPRO,Antonio Garcia,antonio garcia,265,5.0,25,123.316,11.648,76.879,34.789,,GF,23,82.6,76.0,64.0,False,722
imsa,2024,Sebring,Sebring International Raceway,race,609,3,GTDPRO,Antonio Garcia,antonio garcia,266,5.0,26,123.279,11.678,76.843,34.758,,GF,24,82.5,76.0,64.0,False,722
imsa,2024,Sebring,Sebring International Raceway,race,609,3,GTDPRO,Antonio Garcia,antonio garcia,267,5.0,27,122.921,11.571,76.763,34.587,,GF,25,82.5,76.0,64.0,False,722
imsa,2024,Sebring,Sebring International Raceway,race,609,3,GTDPRO,Antonio Garcia,antonio garcia,268,5.0,28,122.125,11.448,76.384,34.293,,GF,26,82.4,76.0,64.0,False,722
imsa,2024,Sebring,Sebring International Raceway,race,609,3,GTDPRO,Antonio Garcia,antonio garcia,269,5.0,29,122.795,11.457,76.81,34.528,,GF,27,82.2,76.0,65.0,False,722
imsa,2024,Sebring,Sebring International Raceway,race,609,3,GTDPRO,Antonio Garcia,antonio garcia,270,5.0,30,132.071,11.515,77.193,43.363,,GF,28,82.1,76.0,65.0,False,722
imsa,2024,Sebring,Sebring International Raceway,race,609,3,GTDPRO,Daniel Juncadella,daniel juncadella,271,6.0,0,190.334,75.874,79.406,35.054,76.256,GF,0,82.0,76.0,65.0,False,722
imsa,2024,Sebring,Sebring International Raceway,race,609,3,GTDPRO,Daniel Juncadella,daniel juncadella,272,6.0,1,123.163,11.637,77.027,34.499,,GF,0,82.0,76.0,65.0,False,722
imsa,2024,Sebring,Sebring International Raceway,race,609,3,GTDPRO,Daniel Juncadella,daniel juncadella,273,6.0,2,122.153,11.454,76.524,34.175,,GF,1,81.9,76.0,65.0,False,722
imsa,2024,Sebring,Sebring International Raceway,race,609,3,GTDPRO,Daniel Juncadella,daniel juncadella,274,6.0,3,123.439,11.604,77.276,34.559,,GF,2,81.8,76.0,65.0,False,722
imsa,2024,Sebring,Sebring International Raceway,race,609,3,GTDPRO,Daniel Juncadella,daniel juncadella,275,6.0,4,123.412,11.823,77.366,34.223,,GF,3,81.8,76.0,65.0,False,722
imsa,2024,Sebring,Sebring International Raceway,race,609,3,GTDPRO,Daniel Juncadella,daniel juncadella,276,6.0,5,122.458,11.388,76.814,34.256,,GF,4,81.7,76.0,66.0,False,722
imsa,2024,Sebring,Sebring International Raceway,race,609,3,GTDPRO,Daniel Juncadella,daniel juncadella,277,6.0,6,121.802,11.421,76.186,34.195,,GF,5,81.6,76.0,66.0,False,722
imsa,2024,Sebring,Sebring International Raceway,race,609,3,GTDPRO,Daniel Juncadella,daniel juncadella,278,6.0,7,121.615,11.394,75.949,34.272,,GF,6,81.5,76.0,66.0,False,722
imsa,2024,Sebring,Sebring International Raceway,race,609,3,GTDPRO,Daniel Juncadella,daniel juncadella,279,6.0,8,122.389,11.487,76.387,34.515,,GF,7,81.4,76.0,66.0,False,722
imsa,2024,Sebring,Sebring International Raceway,race,609,3,GTDPRO,Daniel Juncadella,daniel juncadella,280,6.0,9,122.607,11.49,76.665,34.452,,GF,8,81.4,76.0,66.0,False,722
imsa,2024,Sebring,Sebring International Raceway,race,609,3,GTDPRO,Daniel Juncadella,daniel juncadella,281,6.0,10,122.579,11.456,76.716,34.407,,GF,9,81.2,76.0,66.0,False,722
imsa,2024,Sebring,Sebring International Raceway,race,609,3,GTDPRO,Daniel Juncadella,daniel juncadella,282,6.0,11,122.306,11.777,76.288,34.241,,GF,10,81.1,76.0,67.0,False,722
imsa,2024,Sebring,Sebring International Raceway,race,609,3,GTDPRO,Daniel Juncadella,daniel juncadella,283,6.0,12,130.977,11.57,78.057,41.35,,FCY,11,81.0,76.0,67.0,False,722
imsa,2024,Sebring,Sebring International Raceway,race,609,3,GTDPRO,Daniel Juncadella,daniel juncadella,284,6.0,13,190.37,12.755,133.07,44.545,,FCY,11,80.9,76.0,67.0,False,722
imsa,2024,Sebring,Sebring International Raceway,race,609,3,GTDPRO,Daniel Juncadella,daniel juncadella,285,6.0,14,142.399,14.206,86.816,41.377,,FCY,11,80.7,76.0,67.0,False,722
imsa,2024,Sebring,Sebring International Raceway,race,609,3,GTDPRO,Daniel Juncadella,daniel juncadella,286,6.0,15,146.684,13.696,81.16,51.828,,FCY,11,80.6,75.0,68.0,False,722
imsa,2024,Sebring,Sebring International Raceway,race,609,3,GTDPRO,Daniel Juncadella,daniel juncadella,287,6.0,16,185.823,15.089,104.055,66.679,,FCY,11,80.4,75.0,68.0,False,722
imsa,2024,Sebring,Sebring International Raceway,race,609,3,GTDPRO,Daniel Juncadella,daniel juncadella,288,6.0,17,210.29,59.504,92.474,58.312,58.49,FCY,0,80.3,75.0,69.0,False,722
imsa,2024,Sebring,Sebring International Raceway,race,609,3,GTDPRO,Daniel Juncadella,daniel juncadella,289,6.0,18,232.179,25.682,132.235,74.262,,FCY,0,80.0,75.0,69.0,False,722
imsa,2024,Sebring,Sebring International Raceway,race,609,3,GTDPRO,Daniel Juncadella,daniel juncadella,290,6.0,19,184.127,21.476,118.148,44.503,,GF,0,79.8,75.0,69.0,False,722
imsa,2024,Sebring,Sebring International Raceway,race,609,3,GTDPRO,Daniel Juncadella,daniel juncadella,291,6.0,20,126.06,12.178,79.023,34.859,,GF,1,79.7,75.0,69.0,False,722
imsa,2024,Sebring,Sebring International Raceway,race,609,3,GTDPRO,Daniel Juncadella,daniel juncadella,292,6.0,21,124.433,11.719,77.7,35.014,,GF,2,79.6,75.0,69.0,False,722
imsa,2024,Sebring,Sebring International Raceway,race,609,3,GTDPRO,Daniel Juncadella,daniel juncadella,293,6.0,22,124.409,11.938,77.758,34.713,,GF,3,79.5,75.0,69.0,False,722
imsa,2024,Sebring,Sebring International Raceway,race,609,3,GTDPRO,Daniel Juncadella,daniel juncadella,294,6.0,23,123.792,11.611,77.672,34.509,,GF,4,79.4,75.0,69.0,False,722
imsa,2024,Sebring,Sebring International Raceway,race,609,3,GTDPRO,Daniel Juncadella,daniel juncadella,295,6.0,24,122.975,11.683,77.037,34.255,,GF,5,79.3,75.0,70.0,False,722
imsa,2024,Sebring,Sebring International Raceway,race,609,3,GTDPRO,Daniel Juncadella,daniel juncadella,296,6.0,25,150.984,11.484,92.706,46.794,,FCY,6,79.1,75.0,70.0,False,722
imsa,2024,Sebring,Sebring International Raceway,race,609,3,GTDPRO,Daniel Juncadella,daniel juncadella,297,6.0,26,170.77,13.505,85.852,71.413,,FCY,6,79.1,75.0,70.0,False,722
imsa,2024,Sebring,Sebring International Raceway,race,609,3,GTDPRO,Daniel Juncadella,daniel juncadella,298,6.0,27,182.873,21.298,113.415,48.16,,GF,6,78.9,75.0,70.0,False,722
imsa,2024,Sebring,Sebring International Raceway,race,609,3,GTDPRO,Daniel Juncadella,daniel juncadella,299,6.0,28,123.293,11.776,77.242,34.275,,GF,7,78.8,75.0,70.0,False,722
imsa,2024,Sebring,Sebring International Raceway,race,609,3,GTDPRO,Daniel Juncadella,daniel juncadella,300,6.0,29,122.377,11.586,76.388,34.403,,GF,8,78.7,75.0,71.0,False,722
imsa,2024,Sebring,Sebring International Raceway,race,609,3,GTDPRO,Daniel Juncadella,daniel juncadella,301,6.0,30,152.766,11.632,94.934,46.2,,FCY,9,78.7,75.0,71.0,False,722
imsa,2024,Sebring,Sebring International Raceway,race,609,3,GTDPRO,Daniel Juncadella,daniel juncadella,302,6.0,31,206.624,12.915,128.094,65.615,,FCY,9,78.5,75.0,71.0,False,722
imsa,2024,Sebring,Sebring International Raceway,race,609,3,GTDPRO,Daniel Juncadella,daniel juncadella,303,6.0,32,185.633,19.981,109.051,56.601,,FCY,9,78.4,75.0,71.0,False,722
imsa,2024,Sebring,Sebring International Raceway,race,609,3,GTDPRO,Daniel Juncadella,daniel juncadella,304,6.0,33,205.828,16.203,134.785,54.84,,GF,9,78.2,75.0,71.0,False,722
imsa,2024,Sebring,Sebring International Raceway,race,609,3,GTDPRO,Daniel Juncadella,daniel juncadella,305,6.0,34,124.457,11.78,78.21,34.467,,GF,10,78.1,75.0,71.0,False,722
imsa,2024,Sebring,Sebring International Raceway,race,609,3,GTDPRO,Daniel Juncadella,daniel juncadella,306,6.0,35,122.889,11.64,76.798,34.451,,GF,11,77.9,75.0,71.0,False,722
imsa,2024,Sebring,Sebring International Raceway,race,609,3,GTDPRO,Daniel Juncadella,daniel juncadella,307,6.0,36,122.552,11.617,76.636,34.299,,GF,12,77.9,75.0,72.0,False,722
imsa,2024,Sebring,Sebring International Raceway,race,609,3,GTDPRO,Daniel Juncadella,daniel juncadella,308,6.0,37,121.994,11.512,76.224,34.258,,GF,13,77.9,75.0,72.0,False,722
imsa,2024,Sebring,Sebring International Raceway,race,609,3,GTDPRO,Daniel Juncadella,daniel juncadella,309,6.0,38,122.648,11.622,76.658,34.368,,GF,14,77.7,75.0,72.0,False,722
imsa,2024,Sebring,Sebring International Raceway,race,609,3,GTDPRO,Daniel Juncadella,daniel juncadella,310,6.0,39,122.963,11.657,77.072,34.234,,GF,15,77.6,75.0,72.0,False,722
imsa,2024,Sebring,Sebring International Raceway,race,609,3,GTDPRO,Daniel Juncadella,daniel juncadella,311,6.0,40,122.8,11.62,77.006,34.174,,GF,16,77.5,75.0,72.0,False,722
imsa,2024,Sebring,Sebring International Raceway,race,609,3,GTDPRO,Daniel Juncadella,daniel juncadella,312,6.0,41,122.712,11.776,76.737,34.199,,GF,17,77.5,75.0,72.0,False,722
imsa,2024,Sebring,Sebring International Raceway,race,609,3,GTDPRO,Daniel Juncadella,daniel juncadella,313,6.0,42,123.639,11.535,76.711,35.393,,GF,18,77.5,75.0,72.0,False,722
imsa,2024,Sebring,Sebring International Raceway,race,609,4,GTDPRO,Tommy Milner,tommy milner,1,1.0,0,160.412,39.546,85.921,34.945,,GF,0,71.6,74.0,85.0,False,722
imsa,2024,Sebring,Sebring International Raceway,race,609,4,GTDPRO,Tommy Milner,tommy milner,2,1.0,1,123.155,11.521,76.867,34.767,,GF,0,71.9,75.0,85.0,False,722
imsa,2024,Sebring,Sebring International Raceway,race,609,4,GTDPRO,Tommy Milner,tommy milner,3,1.0,2,124.682,12.062,77.636,34.984,,GF,1,72.3,75.0,85.0,False,722
imsa,2024,Sebring,Sebring International Raceway,race,609,4,GTDPRO,Tommy Milner,tommy milner,4,1.0,3,123.599,11.909,77.064,34.626,,GF,2,72.5,75.0,84.0,False,722
imsa,2024,Sebring,Sebring International Raceway,race,609,4,GTDPRO,Tommy Milner,tommy milner,5,1.0,4,122.631,11.657,76.541,34.433,,GF,3,72.8,75.0,84.0,False,722
imsa,2024,Sebring,Sebring International Raceway,race,609,4,GTDPRO,Tommy Milner,tommy milner,6,1.0,5,122.425,11.867,76.306,34.252,,GF,4,73.1,75.0,83.0,False,722
imsa,2024,Sebring,Sebring International Raceway,race,609,4,GTDPRO,Tommy Milner,tommy milner,7,1.0,6,121.908,11.541,76.063,34.304,,GF,5,73.4,75.0,83.0,False,722
imsa,2024,Sebring,Sebring International Raceway,race,609,4,GTDPRO,Tommy Milner,tommy milner,8,1.0,7,124.364,11.943,77.845,34.576,,GF,6,73.5,75.0,82.0,False,722
imsa,2024,Sebring,Sebring International Raceway,race,609,4,GTDPRO,Tommy Milner,tommy milner,9,1.0,8,122.136,11.547,76.429,34.16,,GF,7,73.6,75.0,82.0,False,722
imsa,2024,Sebring,Sebring International Raceway,race,609,4,GTDPRO,Tommy Milner,tommy milner,10,1.0,9,122.154,11.56,76.343,34.251,,GF,8,73.8,75.0,82.0,False,722
imsa,2024,Sebring,Sebring International Raceway,race,609,4,GTDPRO,Tommy Milner,tommy milner,11,1.0,10,122.943,11.544,77.093,34.306,,GF,9,73.9,75.0,81.0,False,722
imsa,2024,Sebring,Sebring International Raceway,race,609,4,GTDPRO,Tommy Milner,tommy milner,12,1.0,11,123.46,11.594,76.72,35.146,,GF,10,74.1,75.0,81.0,False,722
imsa,2024,Sebring,Sebring International Raceway,race,609,4,GTDPRO,Tommy Milner,tommy milner,13,1.0,12,122.94,11.475,77.075,34.39,,GF,11,74.3,75.0,81.0,False,722
imsa,2024,Sebring,Sebring International Raceway,race,609,4,GTDPRO,Tommy Milner,tommy milner,14,1.0,13,123.393,11.87,76.642,34.881,,GF,12,74.6,75.0,80.0,False,722
imsa,2024,Sebring,Sebring International Raceway,race,609,4,GTDPRO,Tommy Milner,tommy milner,15,1.0,14,122.806,11.651,76.803,34.352,,GF,13,74.7,75.0,80.0,False,722
imsa,2024,Sebring,Sebring International Raceway,race,609,4,GTDPRO,Tommy Milner,tommy milner,16,1.0,15,122.286,11.527,76.491,34.268,,GF,14,74.8,75.0,80.0,False,722
imsa,2024,Sebring,Sebring International Raceway,race,609,4,GTDPRO,Tommy Milner,tommy milner,17,1.0,16,121.69,11.455,76.128,34.107,,GF,15,74.9,74.0,80.0,False,722
imsa,2024,Sebring,Sebring International Raceway,race,609,4,GTDPRO,Tommy Milner,tommy milner,18,1.0,17,123.144,11.384,76.329,35.431,,FCY,16,74.9,74.0,80.0,False,722
imsa,2024,Sebring,Sebring International Raceway,race,609,4,GTDPRO,Tommy Milner,tommy milner,19,1.0,18,164.374,14.259,106.612,43.503,,FCY,16,75.3,74.0,79.0,False,722
imsa,2024,Sebring,Sebring International Raceway,race,609,4,GTDPRO,Tommy Milner,tommy milner,20,1.0,19,152.548,14.948,95.697,41.903,,FCY,16,75.3,74.0,79.0,False,722
imsa,2024,Sebring,Sebring International Raceway,race,609,4,GTDPRO,Tommy Milner,tommy milner,21,1.0,20,208.17,14.768,127.83,65.572,,FCY,16,75.6,74.0,78.0,False,722
imsa,2024,Sebring,Sebring International Raceway,race,609,4,GTDPRO,Tommy Milner,tommy milner,22,1.0,21,176.169,12.603,99.486,64.08,,FCY,16,76.0,74.0,78.0,False,722
imsa,2024,Sebring,Sebring International Raceway,race,609,4,GTDPRO,Tommy Milner,tommy milner,23,1.0,22,222.368,93.554,89.563,39.251,93.925,FCY,0,76.3,74.0,78.0,False,722
imsa,2024,Sebring,Sebring International Raceway,race,609,4,GTDPRO,Tommy Milner,tommy milner,24,1.0,23,196.099,24.45,135.734,35.915,,GF,0,76.6,74.0,77.0,False,722
imsa,2024,Sebring,Sebring International Raceway,race,609,4,GTDPRO,Tommy Milner,tommy milner,25,1.0,24,123.362,11.852,77.227,34.283,,GF,1,76.6,74.0,77.0,False,722
imsa,2024,Sebring,Sebring International Raceway,race,609,4,GTDPRO,Tommy Milner,tommy milner,26,1.0,25,122.231,11.671,76.263,34.297,,GF,2,76.9,74.0,77.0,False,722
imsa,2024,Sebring,Sebring International Raceway,race,609,4,GTDPRO,Tommy Milner,tommy milner,27,1.0,26,122.926,11.626,76.855,34.445,,GF,3,76.9,74.0,76.0,False,722
imsa,2024,Sebring,Sebring International Raceway,race,609,4,GTDPRO,Tommy Milner,tommy milner,28,1.0,27,122.253,11.537,76.349,34.367,,GF,4,77.1,74.0,76.0,False,722
imsa,2024,Sebring,Sebring International Raceway,race,609,4,GTDPRO,Tommy Milner,tommy milner,29,1.0,28,122.437,11.644,76.508,34.285,,GF,5,77.3,74.0,76.0,False,722
imsa,2024,Sebring,Sebring International Raceway,race,609,4,GTDPRO,Tommy Milner,tommy milner,30,1.0,29,122.862,11.495,77.103,34.264,,GF,6,77.6,74.0,75.0,False,722
imsa,2024,Sebring,Sebring International Raceway,race,609,4,GTDPRO,Tommy Milner,tommy milner,31,1.0,30,122.553,11.496,76.67,34.387,,GF,7,77.9,75.0,75.0,False,722
imsa,2024,Sebring,Sebring International Raceway,race,609,4,GTDPRO,Tommy Milner,tommy milner,32,1.0,31,122.641,11.585,76.532,34.524,,GF,8,78.0,75.0,75.0,False,722
imsa,2024,Sebring,Sebring International Raceway,race,609,4,GTDPRO,Tommy Milner,tommy milner,33,1.0,32,122.826,11.596,76.689,34.541,,GF,9,78.2,75.0,75.0,False,722
imsa,2024,Sebring,Sebring International Raceway,race,609,4,GTDPRO,Tommy Milner,tommy milner,34,1.0,33,122.872,11.605,76.951,34.316,,GF,10,78.3,75.0,75.0,False,722
imsa,2024,Sebring,Sebring International Raceway,race,609,4,GTDPRO,Tommy Milner,tommy milner,35,1.0,34,124.069,11.593,77.149,35.327,,GF,11,78.4,75.0,74.0,False,722
imsa,2024,Sebring,Sebring International Raceway,race,609,4,GTDPRO,Tommy Milner,tommy milner,36,1.0,35,122.133,11.482,76.246,34.405,,GF,12,78.2,75.0,74.0,False,722
imsa,2024,Sebring,Sebring International Raceway,race,609,4,GTDPRO,Tommy Milner,tommy milner,37,1.0,36,123.929,11.619,77.531,34.779,,GF,13,78.1,74.0,74.0,False,722
imsa,2024,Sebring,Sebring International Raceway,race,609,4,GTDPRO,Tommy Milner,tommy milner,38,1.0,37,122.378,11.664,76.473,34.241,,GF,14,78.0,74.0,74.0,False,722
imsa,2024,Sebring,Sebring International Raceway,race,609,4,GTDPRO,Tommy Milner,tommy milner,39,1.0,38,122.688,11.479,76.775,34.434,,GF,15,78.0,74.0,74.0,False,722
imsa,2024,Sebring,Sebring International Raceway,race,609,4,GTDPRO,Tommy Milner,tommy milner,40,1.0,39,121.794,11.556,76.036,34.202,,GF,16,78.0,74.0,74.0,False,722
imsa,2024,Sebring,Sebring International Raceway,race,609,4,GTDPRO,Tommy Milner,tommy milner,41,1.0,40,121.65,11.382,76.048,34.22,,GF,17,78.0,74.0,74.0,False,722
imsa,2024,Sebring,Sebring International Raceway,race,609,4,GTDPRO,Tommy Milner,tommy milner,42,1.0,41,122.317,11.452,76.642,34.223,,GF,18,77.9,74.0,74.0,False,722
imsa,2024,Sebring,Sebring International Raceway,race,609,4,GTDPRO,Tommy Milner,tommy milner,43,1.0,42,124.488,11.458,78.435,34.595,,GF,19,77.8,74.0,75.0,False,722
imsa,2024,Sebring,Sebring International Raceway,race,609,4,GTDPRO,Tommy Milner,tommy milner,44,1.0,43,122.989,11.567,76.919,34.503,,GF,20,78.1,74.0,75.0,False,722
imsa,2024,Sebring,Sebring International Raceway,race,609,4,GTDPRO,Tommy Milner,tommy milner,45,1.0,44,122.546,11.584,76.585,34.377,,GF,21,78.6,75.0,74.0,False,722
imsa,2024,Sebring,Sebring International Raceway,race,609,4,GTDPRO,Tommy Milner,tommy milner,46,1.0,45,122.868,11.569,76.784,34.515,,GF,22,78.9,75.0,73.0,False,722
imsa,2024,Sebring,Sebring International Raceway,race,609,4,GTDPRO,Tommy Milner,tommy milner,47,1.0,46,122.808,11.703,76.856,34.249,,GF,23,78.8,75.0,73.0,False,722
imsa,2024,Sebring,Sebring International Raceway,race,609,4,GTDPRO,Tommy Milner,tommy milner,48,1.0,47,122.309,11.492,76.511,34.306,,GF,24,78.9,75.0,73.0,False,722
imsa,2024,Sebring,Sebring International Raceway,race,609,4,GTDPRO,Tommy Milner,tommy milner,49,1.0,48,122.369,11.44,76.849,34.08,,GF,25,79.0,75.0,73.0,False,722
imsa,2024,Sebring,Sebring International Raceway,race,609,4,GTDPRO,Tommy Milner,tommy milner,50,1.0,49,122.516,11.533,76.646,34.337,,GF,26,79.1,75.0,72.0,False,722
imsa,2024,Sebring,Sebring International Raceway,race,609,4,GTDPRO,Tommy Milner,tommy milner,51,1.0,50,123.53,11.486,77.722,34.322,,GF,27,79.1,75.0,72.0,False,722
imsa,2024,Sebring,Sebring International Raceway,race,609,4,GTDPRO,Tommy Milner,tommy milner,52,1.0,51,163.615,11.494,104.535,47.586,,FCY,28,79.0,75.0,72.0,False,722
imsa,2024,Sebring,Sebring International Raceway,race,609,4,GTDPRO,Tommy Milner,tommy milner,53,1.0,52,212.925,18.038,124.562,70.325,,FCY,28,79.1,75.0,72.0,False,722
imsa,2024,Sebring,Sebring International Raceway,race,609,4,GTDPRO,Tommy Milner,tommy milner,54,1.0,53,199.046,24.334,116.377,58.335,,FCY,28,79.2,75.0,72.0,False,722
imsa,2024,Sebring,Sebring International Raceway,race,609,4,GTDPRO,Nicky Catsburg,nicky catsburg,55,2.0,0,223.312,80.815,89.555,52.942,80.747,FCY,0,79.4,75.0,71.0,False,722
imsa,2024,Sebring,Sebring International Raceway,race,609,4,GTDPRO,Nicky Catsburg,nicky catsburg,56,2.0,1,200.609,27.685,132.83,40.094,,GF,0,79.6,75.0,71.0,False,722
imsa,2024,Sebring,Sebring International Raceway,race,609,4,GTDPRO,Nicky Catsburg,nicky catsburg,57,2.0,2,123.788,11.818,77.508,34.462,,GF,1,79.5,75.0,71.0,False,722
imsa,2024,Sebring,Sebring International Raceway,race,609,4,GTDPRO,Nicky Catsburg,nicky catsburg,58,2.0,3,123.796,12.096,77.178,34.522,,GF,2,79.5,75.0,71.0,False,722
imsa,2024,Sebring,Sebring International Raceway,race,609,4,GTDPRO,Nicky Catsburg,nicky catsburg,59,2.0,4,124.183,11.549,78.184,34.45,,GF,3,79.5,75.0,71.0,False,722
imsa,2024,Sebring,Sebring International Raceway,race,609,4,GTDPRO,Nicky Catsburg,nicky catsburg,60,2.0,5,122.393,11.424,76.573,34.396,,GF,4,79.6,75.0,71.0,False,722
imsa,2024,Sebring,Sebring International Raceway,race,609,4,GTDPRO,Nicky Catsburg,nicky catsburg,61,2.0,6,123.13,11.561,76.986,34.583,,GF,5,79.7,75.0,71.0,False,722
imsa,2024,Sebring,Sebring International Raceway,race,609,4,GTDPRO,Nicky Catsburg,nicky catsburg,62,2.0,7,122.365,11.635,76.419,34.311,,GF,6,79.9,75.0,71.0,False,722
imsa,2024,Sebring,Sebring International Raceway,race,609,4,GTDPRO,Nicky Catsburg,nicky catsburg,63,2.0,8,122.814,11.534,76.922,34.358,,GF,7,80.0,75.0,70.0,False,722
imsa,2024,Sebring,Sebring International Raceway,race,609,4,GTDPRO,Nicky Catsburg,nicky catsburg,64,2.0,9,122.703,11.72,76.532,34.451,,GF,8,80.0,75.0,70.0,False,722
imsa,2024,Sebring,Sebring International Raceway,race,609,4,GTDPRO,Nicky Catsburg,nicky catsburg,65,2.0,10,122.604,11.588,76.69,34.326,,GF,9,80.1,75.0,70.0,False,722
imsa,2024,Sebring,Sebring International Raceway,race,609,4,GTDPRO,Nicky Catsburg,nicky catsburg,66,2.0,11,124.615,11.929,77.584,35.102,,GF,10,80.1,75.0,70.0,False,722
imsa,2024,Sebring,Sebring International Raceway,race,609,4,GTDPRO,Nicky Catsburg,nicky catsburg,67,2.0,12,122.36,11.724,76.24,34.396,,GF,11,80.2,75.0,70.0,False,722
imsa,2024,Sebring,Sebring International Raceway,race,609,4,GTDPRO,Nicky Catsburg,nicky catsburg,68,2.0,13,121.938,11.646,76.01,34.282,,GF,12,80.2,75.0,70.0,False,722
imsa,2024,Sebring,Sebring International Raceway,race,609,4,GTDPRO,Nicky Catsburg,nicky catsburg,69,2.0,14,123.335,11.433,77.396,34.506,,GF,13,80.1,75.0,70.0,False,722
imsa,2024,Sebring,Sebring International Raceway,race,609,4,GTDPRO,Nicky Catsburg,nicky catsburg,70,2.0,15,122.8,11.518,76.806,34.476,,GF,14,80.1,75.0,70.0,False,722
imsa,2024,Sebring,Sebring International Raceway,race,609,4,GTDPRO,Nicky Catsburg,nicky catsburg,71,2.0,16,122.938,11.381,76.827,34.73,,GF,15,80.0,75.0,69.0,False,722
imsa,2024,Sebring,Sebring International Raceway,race,609,4,GTDPRO,Nicky Catsburg,nicky catsburg,72,2.0,17,123.19,11.545,76.938,34.707,,GF,16,79.7,75.0,70.0,False,722
imsa,2024,Sebring,Sebring International Raceway,race,609,4,GTDPRO,Nicky Catsburg,nicky catsburg,73,2.0,18,121.609,11.421,75.998,34.19,,GF,17,79.8,75.0,71.0,False,722
imsa,2024,Sebring,Sebring International Raceway,race,609,4,GTDPRO,Nicky Catsburg,nicky catsburg,74,2.0,19,122.501,11.387,76.957,34.157,,GF,18,79.8,75.0,70.0,False,722
imsa,2024,Sebring,Sebring International Raceway,race,609,4,GTDPRO,Nicky Catsburg,nicky catsburg,75,2.0,20,125.651,11.611,76.499,37.541,,FCY,19,79.9,76.0,71.0,False,722
imsa,2024,Sebring,Sebring International Raceway,race,609,4,GTDPRO,Nicky Catsburg,nicky catsburg,76,2.0,21,200.938,16.588,146.673,37.677,,FCY,19,80.2,76.0,70.0,False,722
imsa,2024,Sebring,Sebring International Raceway,race,609,4,GTDPRO,Nicky Catsburg,nicky catsburg,77,2.0,22,133.812,13.128,84.458,36.226,,FCY,19,80.3,76.0,69.0,False,722
imsa,2024,Sebring,Sebring International Raceway,race,609,4,GTDPRO,Nicky Catsburg,nicky catsburg,78,2.0,23,141.526,12.169,82.806,46.551,,FCY,19,80.3,76.0,70.0,False,722
imsa,2024,Sebring,Sebring International Raceway,race,609,4,GTDPRO,Nicky Catsburg,nicky catsburg,79,2.0,24,179.587,13.118,104.316,62.153,,FCY,19,80.6,76.0,69.0,False,722
imsa,2024,Sebring,Sebring International Raceway,race,609,4,GTDPRO,Nicky Catsburg,nicky catsburg,80,2.0,25,224.307,86.002,89.865,48.44,85.709,FCY,0,80.7,76.0,69.0,False,722
imsa,2024,Sebring,Sebring International Raceway,race,609,4,GTDPRO,Nicky Catsburg,nicky catsburg,81,2.0,26,208.284,16.985,122.292,69.007,,FCY,0,81.1,76.0,67.0,False,722
imsa,2024,Sebring,Sebring International Raceway,race,609,4,GTDPRO,Nicky Catsburg,nicky catsburg,82,2.0,27,200.104,30.96,134.951,34.193,,GF,0,81.2,77.0,67.0,False,722
imsa,2024,Sebring,Sebring International Raceway,race,609,4,GTDPRO,Nicky Catsburg,nicky catsburg,83,2.0,28,122.343,11.401,76.346,34.596,,GF,1,81.4,78.0,67.0,False,722
imsa,2024,Sebring,Sebring International Raceway,race,609,4,GTDPRO,Nicky Catsburg,nicky catsburg,84,2.0,29,122.246,11.468,76.649,34.129,,GF,2,81.6,79.0,67.0,False,722
imsa,2024,Sebring,Sebring International Raceway,race,609,4,GTDPRO,Nicky Catsburg,nicky catsburg,85,2.0,30,121.865,11.452,76.21,34.203,,GF,3,82.0,81.0,67.0,False,722
imsa,2024,Sebring,Sebring International Raceway,race,609,4,GTDPRO,Nicky Catsburg,nicky catsburg,86,2.0,31,121.551,11.472,76.104,33.975,,GF,4,82.1,82.0,66.0,False,722
imsa,2024,Sebring,Sebring International Raceway,race,609,4,GTDPRO,Nicky Catsburg,nicky catsburg,87,2.0,32,124.274,11.719,77.974,34.581,,GF,5,82.3,82.0,65.0,False,722
imsa,2024,Sebring,Sebring International Raceway,race,609,4,GTDPRO,Nicky Catsburg,nicky catsburg,88,2.0,33,124.286,11.661,77.936,34.689,,GF,6,82.3,82.0,65.0,False,722
imsa,2024,Sebring,Sebring International Raceway,race,609,4,GTDPRO,Nicky Catsburg,nicky catsburg,89,2.0,34,124.443,11.66,77.782,35.001,,GF,7,82.3,83.0,65.0,False,722
imsa,2024,Sebring,Sebring International Raceway,race,609,4,GTDPRO,Nicky Catsburg,nicky catsburg,90,2.0,35,126.14,12.163,78.728,35.249,,GF,8,82.3,83.0,66.0,False,722
imsa,2024,Sebring,Sebring International Raceway,race,609,4,GTDPRO,Nicky Catsburg,nicky catsburg,91,2.0,36,123.814,11.947,77.366,34.501,,GF,9,82.3,83.0,65.0,False,722
imsa,2024,Sebring,Sebring International Raceway,race,609,4,GTDPRO,Nicky Catsburg,nicky catsburg,92,2.0,37,122.531,11.48,76.677,34.374,,GF,10,82.1,84.0,65.0,False,722
imsa,2024,Sebring,Sebring International Raceway,race,609,4,GTDPRO,Nicky Catsburg,nicky catsburg,93,2.0,38,121.896,11.418,76.221,34.257,,GF,11,82.1,83.0,65.0,False,722
imsa,2024,Sebring,Sebring International Raceway,race,609,4,GTDPRO,Nicky Catsburg,nicky catsburg,94,2.0,39,122.799,11.572,76.919,34.308,,GF,12,82.1,82.0,66.0,False,722
imsa,2024,Sebring,Sebring International Raceway,race,609,4,GTDPRO,Nicky Catsburg,nicky catsburg,95,2.0,40,121.769,11.356,76.136,34.277,,GF,13,81.9,81.0,66.0,False,722
imsa,2024,Sebring,Sebring International Raceway,race,609,4,GTDPRO,Nicky Catsburg,nicky catsburg,96,2.0,41,121.713,11.447,76.085,34.181,,GF,14,81.9,80.0,66.0,False,722
imsa,2024,Sebring,Sebring International Raceway,race,609,4,GTDPRO,Nicky Catsburg,nicky catsburg,97,2.0,42,121.922,11.427,75.929,34.566,,GF,15,82.2,80.0,66.0,False,722
imsa,2024,Sebring,Sebring International Raceway,race,609,4,GTDPRO,Nicky Catsburg,nicky catsburg,98,2.0,43,122.449,11.39,76.552,34.507,,GF,16,82.3,79.0,65.0,False,722
imsa,2024,Sebring,Sebring International Raceway,race,609,4,GTDPRO,Nicky Catsburg,nicky catsburg,99,2.0,44,123.84,11.599,77.876,34.365,,GF,17,82.1,79.0,65.0,False,722
imsa,2024,Sebring,Sebring International Raceway,race,609,4,GTDPRO,Nicky Catsburg,nicky catsburg,100,2.0,45,122.054,11.328,76.493,34.233,,GF,18,82.1,79.0,65.0,False,722
imsa,2024,Sebring,Sebring International Raceway,race,609,4,GTDPRO,Nicky Catsburg,nicky catsburg,101,2.0,46,122.424,11.348,76.816,34.26,,GF,19,82.0,78.0,65.0,False,722
imsa,2024,Sebring,Sebring International Raceway,race,609,4,GTDPRO,Nicky Catsburg,nicky catsburg,102,2.0,47,122.506,11.333,76.672,34.501,,GF,20,82.1,78.0,65.0,False,722
imsa,2024,Sebring,Sebring International Raceway,race,609,4,GTDPRO,Nicky Catsburg,nicky catsburg,103,2.0,48,122.058,11.374,76.345,34.339,,GF,21,82.4,78.0,65.0,False,722
imsa,2024,Sebring,Sebring International Raceway,race,609,4,GTDPRO,Nicky Catsburg,nicky catsburg,104,2.0,49,122.758,11.406,76.765,34.587,,GF,22,82.7,78.0,64.0,False,722
imsa,2024,Sebring,Sebring International Raceway,race,609,4,GTDPRO,Nicky Catsburg,nicky catsburg,105,2.0,50,122.901,11.562,76.79,34.549,,GF,23,83.0,78.0,64.0,False,722
imsa,2024,Sebring,Sebring International Raceway,race,609,4,GTDPRO,Nicky Catsburg,nicky catsburg,106,2.0,51,123.756,11.56,77.506,34.69,,GF,24,83.2,78.0,64.0,False,722
imsa,2024,Sebring,Sebring International Raceway,race,609,4,GTDPRO,Nicky Catsburg,nicky catsburg,107,2.0,52,143.264,11.5,81.867,49.897,,FCY,25,83.3,78.0,63.0,False,722
imsa,2024,Sebring,Sebring International Raceway,race,609,4,GTDPRO,Nicky Catsburg,nicky catsburg,108,2.0,53,180.833,16.987,97.566,66.28,,FCY,25,83.4,78.0,63.0,False,722
imsa,2024,Sebring,Sebring International Raceway,race,609,4,GTDPRO,Nicky Catsburg,nicky catsburg,109,2.0,54,220.638,18.077,143.025,59.536,,FCY,25,83.2,77.0,63.0,False,722
imsa,2024,Sebring,Sebring International Raceway,race,609,4,GTDPRO,Nicky Catsburg,nicky catsburg,110,2.0,55,189.926,17.704,110.324,61.898,,FCY,25,83.0,77.0,62.0,False,722
imsa,2024,Sebring,Sebring International Raceway,race,609,4,GTDPRO,Earl Bamber,earl bamber,111,3.0,0,226.466,100.623,87.188,38.655,99.727,FCY,0,83.1,77.0,63.0,False,722
imsa,2024,Sebring,Sebring International Raceway,race,609,4,GTDPRO,Earl Bamber,earl bamber,112,3.0,1,174.35,18.046,115.751,40.553,,GF,0,83.0,77.0,63.0,False,722
imsa,2024,Sebring,Sebring International Raceway,race,609,4,GTDPRO,Earl Bamber,earl bamber,113,3.0,2,128.081,12.034,80.958,35.089,,GF,1,83.0,77.0,63.0,False,722
imsa,2024,Sebring,Sebring International Raceway,race,609,4,GTDPRO,Earl Bamber,earl bamber,114,3.0,3,124.951,11.794,78.374,34.783,,GF,2,83.0,69.0,63.0,False,722
imsa,2024,Sebring,Sebring International Raceway,race,609,4,GTDPRO,Earl Bamber,earl bamber,115,3.0,4,144.223,11.577,88.767,43.879,,FCY,3,83.2,69.0,63.0,False,722
imsa,2024,Sebring,Sebring International Raceway,race,609,4,GTDPRO,Earl Bamber,earl bamber,116,3.0,5,156.516,14.896,96.94,44.68,,GF,3,83.3,71.0,63.0,False,722
imsa,2024,Sebring,Sebring International Raceway,race,609,4,GTDPRO,Earl Bamber,earl bamber,117,3.0,6,124.711,11.713,78.523,34.475,,GF,4,83.3,72.0,63.0,False,722
imsa,2024,Sebring,Sebring International Raceway,race,609,4,GTDPRO,Earl Bamber,earl bamber,118,3.0,7,124.244,11.633,77.929,34.682,,GF,5,83.2,73.0,63.0,False,722
imsa,2024,Sebring,Sebring International Raceway,race,609,4,GTDPRO,Earl Bamber,earl bamber,119,3.0,8,123.449,11.826,77.097,34.526,,GF,6,83.3,74.0,63.0,False,722
imsa,2024,Sebring,Sebring International Raceway,race,609,4,GTDPRO,Earl Bamber,earl bamber,120,3.0,9,122.929,11.546,76.895,34.488,,GF,7,83.8,74.0,62.0,False,722
imsa,2024,Sebring,Sebring International Raceway,race,609,4,GTDPRO,Earl Bamber,earl bamber,121,3.0,10,122.058,11.442,76.245,34.371,,GF,8,84.1,73.0,61.0,False,722
imsa,2024,Sebring,Sebring International Raceway,race,609,4,GTDPRO,Earl Bamber,earl bamber,122,3.0,11,121.976,11.405,76.208,34.363,,GF,9,84.3,74.0,61.0,False,722
imsa,2024,Sebring,Sebring International Raceway,race,609,4,GTDPRO,Earl Bamber,earl bamber,123,3.0,12,122.135,11.47,76.139,34.526,,GF,10,84.4,74.0,61.0,False,722
imsa,2024,Sebring,Sebring International Raceway,race,609,4,GTDPRO,Earl Bamber,earl bamber,124,3.0,13,122.875,11.584,77.072,34.219,,GF,11,84.8,74.0,60.0,False,722
imsa,2024,Sebring,Sebring International Raceway,race,609,4,GTDPRO,Earl Bamber,earl bamber,125,3.0,14,123.842,11.457,77.326,35.059,,GF,12,85.0,75.0,60.0,False,722
imsa,2024,Sebring,Sebring International Raceway,race,609,4,GTDPRO,Earl Bamber,earl bamber,126,3.0,15,124.051,11.95,77.8,34.301,,GF,13,85.2,75.0,59.0,False,722
imsa,2024,Sebring,Sebring International Raceway,race,609,4,GTDPRO,Earl Bamber,earl bamber,127,3.0,16,122.018,11.492,76.318,34.208,,GF,14,85.2,75.0,59.0,False,722
imsa,2024,Sebring,Sebring International Raceway,race,609,4,GTDPRO,Earl Bamber,earl bamber,128,3.0,17,122.518,11.54,76.561,34.417,,GF,15,85.3,75.0,58.0,False,722
imsa,2024,Sebring,Sebring International Raceway,race,609,4,GTDPRO,Earl Bamber,earl bamber,129,3.0,18,124.064,11.603,77.795,34.666,,GF,16,85.4,75.0,58.0,False,722
imsa,2024,Sebring,Sebring International Raceway,race,609,4,GTDPRO,Earl Bamber,earl bamber,130,3.0,19,122.22,11.621,76.335,34.264,,GF,17,85.5,75.0,59.0,False,722
imsa,2024,Sebring,Sebring International Raceway,race,609,4,GTDPRO,Earl Bamber,earl bamber,131,3.0,20,123.157,11.517,77.143,34.497,,GF,18,85.9,75.0,58.0,False,722
imsa,2024,Sebring,Sebring International Raceway,race,609,4,GTDPRO,Earl Bamber,earl bamber,132,3.0,21,122.429,11.562,76.601,34.266,,GF,19,86.0,75.0,58.0,False,722
imsa,2024,Sebring,Sebring International Raceway,race,609,4,GTDPRO,Earl Bamber,earl bamber,133,3.0,22,123.837,11.597,77.498,34.742,,GF,20,86.2,75.0,58.0,False,722
imsa,2024,Sebring,Sebring International Raceway,race,609,4,GTDPRO,Earl Bamber,earl bamber,134,3.0,23,121.829,11.535,76.07,34.224,,GF,21,86.1,75.0,59.0,False,722
imsa,2024,Sebring,Sebring International Raceway,race,609,4,GTDPRO,Earl Bamber,earl bamber,135,3.0,24,124.193,11.596,77.538,35.059,,GF,22,86.2,75.0,59.0,False,722
imsa,2024,Sebring,Sebring International Raceway,race,609,4,GTDPRO,Earl Bamber,earl bamber,136,3.0,25,122.712,11.567,76.72,34.425,,GF,23,86.1,75.0,58.0,False,722
imsa,2024,Sebring,Sebring International Raceway,race,609,4,GTDPRO,Earl Bamber,earl bamber,137,3.0,26,122.442,11.54,76.638,34.264,,GF,24,85.9,76.0,59.0,False,722
imsa,2024,Sebring,Sebring International Raceway,race,609,4,GTDPRO,Earl Bamber,earl bamber,138,3.0,27,122.762,11.684,76.789,34.289,,GF,25,85.6,76.0,59.0,False,722
imsa,2024,Sebring,Sebring International Raceway,race,609,4,GTDPRO,Earl Bamber,earl bamber,139,3.0,28,122.306,11.515,76.484,34.307,,GF,26,85.5,76.0,58.0,False,722
imsa,2024,Sebring,Sebring International Raceway,race,609,4,GTDPRO,Earl Bamber,earl bamber,140,3.0,29,123.274,11.418,77.094,34.762,,GF,27,85.6,76.0,58.0,False,722
imsa,2024,Sebring,Sebring International Raceway,race,609,4,GTDPRO,Earl Bamber,earl bamber,141,3.0,30,131.719,11.433,76.924,43.362,,GF,28,85.8,76.0,58.0,False,722
imsa,2024,Sebring,Sebring International Raceway,race,609,4,GTDPRO,Earl Bamber,earl bamber,142,3.0,31,210.566,98.175,77.943,34.448,98.943,GF,0,86.0,76.0,57.0,False,722
imsa,2024,Sebring,Sebring International Raceway,race,609,4,GTDPRO,Earl Bamber,earl bamber,143,3.0,32,121.86,11.485,76.044,34.331,,GF,0,85.9,76.0,57.0,False,722
imsa,2024,Sebring,Sebring International Raceway,race,609,4,GTDPRO,Earl Bamber,earl bamber,144,3.0,33,121.467,11.394,75.882,34.191,,GF,1,85.9,76.0,58.0,False,722
imsa,2024,Sebring,Sebring International Raceway,race,609,4,GTDPRO,Earl Bamber,earl bamber,145,3.0,34,121.691,11.466,76.157,34.068,,GF,2,85.8,75.0,59.0,False,722
imsa,2024,Sebring,Sebring International Raceway,race,609,4,GTDPRO,Earl Bamber,earl bamber,146,3.0,35,122.327,11.539,76.593,34.195,,GF,3,85.6,75.0,59.0,False,722
imsa,2024,Sebring,Sebring International Raceway,race,609,4,GTDPRO,Earl Bamber,earl bamber,147,3.0,36,122.641,11.762,76.437,34.442,,GF,4,85.3,75.0,59.0,False,722
imsa,2024,Sebring,Sebring International Raceway,race,609,4,GTDPRO,Earl Bamber,earl bamber,148,3.0,37,121.812,11.45,75.969,34.393,,GF,5,84.9,75.0,60.0,False,722
imsa,2024,Sebring,Sebring International Raceway,race,609,4,GTDPRO,Earl Bamber,earl bamber,149,3.0,38,122.178,11.482,76.135,34.561,,GF,6,84.8,75.0,59.0,False,722
imsa,2024,Sebring,Sebring International Raceway,race,609,4,GTDPRO,Earl Bamber,earl bamber,150,3.0,39,123.253,11.75,76.791,34.712,,GF,7,84.8,75.0,60.0,False,722
imsa,2024,Sebring,Sebring International Raceway,race,609,4,GTDPRO,Earl Bamber,earl bamber,151,3.0,40,123.352,11.671,77.545,34.136,,GF,8,84.8,75.0,60.0,False,722
imsa,2024,Sebring,Sebring International Raceway,race,609,4,GTDPRO,Earl Bamber,earl bamber,152,3.0,41,121.689,11.54,75.957,34.192,,GF,9,84.8,75.0,60.0,False,722
imsa,2024,Sebring,Sebring International Raceway,race,609,4,GTDPRO,Earl Bamber,earl bamber,153,3.0,42,122.356,11.473,76.421,34.462,,GF,10,85.0,75.0,60.0,False,722
imsa,2024,Sebring,Sebring International Raceway,race,609,4,GTDPRO,Earl Bamber,earl bamber,154,3.0,43,132.183,11.707,77.167,43.309,,GF,11,85.2,75.0,59.0,False,722
imsa,2024,Sebring,Sebring International Raceway,race,609,4,GTDPRO,Earl Bamber,earl bamber,155,3.0,44,237.675,102.996,89.029,45.65,103.08,FCY,0,85.1,75.0,59.0,False,722
imsa,2024,Sebring,Sebring International Raceway,race,609,4,GTDPRO,Earl Bamber,earl bamber,156,3.0,45,181.103,15.127,102.81,63.166,,FCY,0,84.9,75.0,59.0,False,722
imsa,2024,Sebring,Sebring International Raceway,race,609,4,GTDPRO,Earl Bamber,earl bamber,157,3.0,46,214.967,28.67,129.343,56.954,,FCY,0,84.9,75.0,59.0,False,722
imsa,2024,Sebring,Sebring International Raceway,race,609,4,GTDPRO,Earl Bamber,earl bamber,158,3.0,47,206.343,15.954,126.579,63.81,,FCY,0,84.9,75.0,59.0,False,722
imsa,2024,Sebring,Sebring International Raceway,race,609,4,GTDPRO,Earl Bamber,earl bamber,159,3.0,48,216.298,18.307,127.909,70.082,,FCY,0,84.9,75.0,59.0,False,722
imsa,2024,Sebring,Sebring International Raceway,race,609,4,GTDPRO,Earl Bamber,earl bamber,160,3.0,49,247.403,29.493,147.405,70.505,,FCY,0,85.4,75.0,58.0,False,722
imsa,2024,Sebring,Sebring International Raceway,race,609,4,GTDPRO,Earl Bamber,earl bamber,161,3.0,50,207.962,24.521,143.31,40.131,,GF,0,85.8,75.0,57.0,False,722
imsa,2024,Sebring,Sebring International Raceway,race,609,4,GTDPRO,Earl Bamber,earl bamber,162,3.0,51,125.611,11.864,86399.0,86399.0,,GF,1,85.8,75.0,57.0,False,722
imsa,2024,Sebring,Sebring International Raceway,race,609,4,GTDPRO,Earl Bamber,earl bamber,163,3.0,52,124.742,11.784,86399.0,86399.0,,GF,2,85.8,75.0,58.0,False,722
imsa,2024,Sebring,Sebring International Raceway,race,609,4,GTDPRO,Earl Bamber,earl bamber,164,3.0,53,147.959,11.896,90.853,45.21,,GF,3,85.9,75.0,56.0,False,722
imsa,2024,Sebring,Sebring International Raceway,race,609,4,GTDPRO,Tommy Milner,tommy milner,165,4.0,0,939.289,824.829,79.979,34.481,825.144,GF,0,86.3,75.0,55.0,False,722
imsa,2024,Sebring,Sebring International Raceway,race,609,4,GTDPRO,Tommy Milner,tommy milner,166,4.0,1,123.159,11.588,77.21,34.361,,GF,0,86.5,75.0,55.0,False,722
imsa,2024,Sebring,Sebring International Raceway,race,609,4,GTDPRO,Tommy Milner,tommy milner,167,4.0,2,122.329,11.413,76.338,34.578,,GF,1,86.5,75.0,55.0,False,722
imsa,2024,Sebring,Sebring International Raceway,race,609,4,GTDPRO,Tommy Milner,tommy milner,168,4.0,3,122.025,11.456,76.276,34.293,,GF,2,86.6,75.0,55.0,False,722
imsa,2024,Sebring,Sebring International Raceway,race,609,4,GTDPRO,Tommy Milner,tommy milner,169,4.0,4,121.909,11.461,76.237,34.211,,GF,3,86.8,75.0,55.0,False,722
imsa,2024,Sebring,Sebring International Raceway,race,609,4,GTDPRO,Tommy Milner,tommy milner,170,4.0,5,122.641,11.436,76.904,34.301,,GF,4,86.9,75.0,55.0,False,722
imsa,2024,Sebring,Sebring International Raceway,race,609,4,GTDPRO,Tommy Milner,tommy milner,171,4.0,6,122.072,11.478,76.175,34.419,,GF,5,87.1,75.0,55.0,False,722
imsa,2024,Sebring,Sebring International Raceway,race,609,4,GTDPRO,Tommy Milner,tommy milner,172,4.0,7,123.482,11.565,76.532,35.385,,GF,6,87.0,75.0,55.0,False,722
imsa,2024,Sebring,Sebring International Raceway,race,609,4,GTDPRO,Tommy Milner,tommy milner,173,4.0,8,124.362,11.895,77.844,34.623,,GF,7,86.7,75.0,55.0,False,722
imsa,2024,Sebring,Sebring International Raceway,race,609,4,GTDPRO,Tommy Milner,tommy milner,174,4.0,9,122.577,11.71,76.547,34.32,,GF,8,86.5,75.0,55.0,False,722
imsa,2024,Sebring,Sebring International Raceway,race,609,4,GTDPRO,Tommy Milner,tommy milner,175,4.0,10,123.31,11.629,77.123,34.558,,GF,9,86.4,75.0,55.0,False,722
imsa,2024,Sebring,Sebring International Raceway,race,609,4,GTDPRO,Tommy Milner,tommy milner,176,4.0,11,122.132,11.456,76.354,34.322,,GF,10,86.5,75.0,55.0,False,722
imsa,2024,Sebring,Sebring International Raceway,race,609,4,GTDPRO,Tommy Milner,tommy milner,177,4.0,12,123.272,11.538,76.634,35.1,,GF,11,86.4,75.0,55.0,False,722
imsa,2024,Sebring,Sebring International Raceway,race,609,4,GTDPRO,Tommy Milner,tommy milner,178,4.0,13,122.81,11.601,76.682,34.527,,GF,12,86.3,75.0,55.0,False,722
imsa,2024,Sebring,Sebring International Raceway,race,609,4,GTDPRO,Tommy Milner,tommy milner,179,4.0,14,123.769,11.671,77.637,34.461,,GF,13,86.1,75.0,56.0,False,722
imsa,2024,Sebring,Sebring International Raceway,race,609,4,GTDPRO,Tommy Milner,tommy milner,180,4.0,15,122.623,11.553,76.529,34.541,,GF,14,86.2,75.0,56.0,False,722
imsa,2024,Sebring,Sebring International Raceway,race,609,4,GTDPRO,Tommy Milner,tommy milner,181,4.0,16,123.869,11.48,77.768,34.621,,GF,15,86.4,75.0,55.0,False,722
imsa,2024,Sebring,Sebring International Raceway,race,609,4,GTDPRO,Tommy Milner,tommy milner,182,4.0,17,123.577,11.548,77.568,34.461,,GF,16,86.6,75.0,54.0,False,722
imsa,2024,Sebring,Sebring International Raceway,race,609,4,GTDPRO,Tommy Milner,tommy milner,183,4.0,18,122.497,11.624,76.586,34.287,,GF,17,86.8,75.0,54.0,False,722
imsa,2024,Sebring,Sebring International Raceway,race,609,4,GTDPRO,Tommy Milner,tommy milner,184,4.0,19,122.766,11.556,76.844,34.366,,GF,18,87.0,75.0,54.0,False,722
imsa,2024,Sebring,Sebring International Raceway,race,609,4,GTDPRO,Tommy Milner,tommy milner,185,4.0,20,122.69,11.624,76.692,34.374,,GF,19,87.2,75.0,54.0,False,722
imsa,2024,Sebring,Sebring International Raceway,race,609,4,GTDPRO,Tommy Milner,tommy milner,186,4.0,21,122.4,11.597,76.469,34.334,,GF,20,87.2,75.0,54.0,False,722
imsa,2024,Sebring,Sebring International Raceway,race,609,4,GTDPRO,Tommy Milner,tommy milner,187,4.0,22,122.108,11.615,76.233,34.26,,GF,21,87.1,75.0,54.0,False,722
imsa,2024,Sebring,Sebring International Raceway,race,609,4,GTDPRO,Tommy Milner,tommy milner,188,4.0,23,122.335,11.566,76.572,34.197,,GF,22,86.9,75.0,54.0,False,722
imsa,2024,Sebring,Sebring International Raceway,race,609,4,GTDPRO,Tommy Milner,tommy milner,189,4.0,24,122.311,11.498,76.558,34.255,,GF,23,86.8,75.0,54.0,False,722
imsa,2024,Sebring,Sebring International Raceway,race,609,4,GTDPRO,Tommy Milner,tommy milner,190,4.0,25,123.381,11.597,76.516,35.268,,GF,24,86.8,75.0,54.0,False,722
imsa,2024,Sebring,Sebring International Raceway,race,609,4,GTDPRO,Tommy Milner,tommy milner,191,4.0,26,130.117,11.592,80.025,38.5,,FCY,25,87.0,75.0,54.0,False,722
imsa,2024,Sebring,Sebring International Raceway,race,609,4,GTDPRO,Tommy Milner,tommy milner,192,4.0,27,142.996,14.805,90.793,37.398,,FCY,25,87.2,75.0,54.0,False,722
imsa,2024,Sebring,Sebring International Raceway,race,609,4,GTDPRO,Tommy Milner,tommy milner,193,4.0,28,170.648,12.701,87.047,70.9,,FCY,25,87.4,75.0,53.0,False,722
imsa,2024,Sebring,Sebring International Raceway,race,609,4,GTDPRO,Tommy Milner,tommy milner,194,4.0,29,222.624,17.623,139.399,65.602,,FCY,25,87.2,75.0,53.0,False,722
imsa,2024,Sebring,Sebring International Raceway,race,609,4,GTDPRO,Tommy Milner,tommy milner,195,4.0,30,187.273,18.917,108.799,59.557,,FCY,25,87.1,75.0,54.0,False,722
imsa,2024,Sebring,Sebring International Raceway,race,609,4,GTDPRO,Tommy Milner,tommy milner,196,4.0,31,214.309,15.392,123.059,75.858,,FCY,25,87.0,75.0,54.0,False,722
imsa,2024,Sebring,Sebring International Raceway,race,609,4,GTDPRO,Tommy Milner,tommy milner,197,4.0,32,265.565,96.32,94.609,74.636,96.568,FCY,0,86.8,75.0,55.0,False,722
imsa,2024,Sebring,Sebring International Raceway,race,609,4,GTDPRO,Tommy Milner,tommy milner,198,4.0,33,182.544,20.674,120.997,40.873,,GF,0,86.7,75.0,55.0,False,722
imsa,2024,Sebring,Sebring International Raceway,race,609,4,GTDPRO,Tommy Milner,tommy milner,199,4.0,34,124.078,12.293,76.856,34.929,,GF,1,86.5,75.0,55.0,False,722
imsa,2024,Sebring,Sebring International Raceway,race,609,4,GTDPRO,Tommy Milner,tommy milner,200,4.0,35,124.359,11.676,77.936,34.747,,GF,2,86.5,75.0,55.0,False,722
imsa,2024,Sebring,Sebring International Raceway,race,609,4,GTDPRO,Tommy Milner,tommy milner,201,4.0,36,134.604,11.558,86399.0,86399.0,,FCY,3,86.5,75.0,55.0,False,722
imsa,2024,Sebring,Sebring International Raceway,race,609,4,GTDPRO,Tommy Milner,tommy milner,202,4.0,37,148.738,15.686,90.033,43.019,,FCY,3,86.5,75.0,55.0,False,722
imsa,2024,Sebring,Sebring International Raceway,race,609,4,GTDPRO,Tommy Milner,tommy milner,203,4.0,38,172.083,14.107,88.358,69.618,,FCY,3,86.5,75.0,55.0,False,722
imsa,2024,Sebring,Sebring International Raceway,race,609,4,GTDPRO,Tommy Milner,tommy milner,204,4.0,39,187.954,20.308,125.253,42.393,,GF,3,86.6,75.0,56.0,False,722
imsa,2024,Sebring,Sebring International Raceway,race,609,4,GTDPRO,Tommy Milner,tommy milner,205,4.0,40,123.204,11.72,76.87,34.614,,GF,4,86.6,75.0,55.0,False,722
imsa,2024,Sebring,Sebring International Raceway,race,609,4,GTDPRO,Tommy Milner,tommy milner,206,4.0,41,123.571,11.756,77.309,34.506,,GF,5,86.6,75.0,55.0,False,722
imsa,2024,Sebring,Sebring International Raceway,race,609,4,GTDPRO,Tommy Milner,tommy milner,207,4.0,42,125.352,11.632,78.669,35.051,,GF,6,86.6,75.0,55.0,False,722
imsa,2024,Sebring,Sebring International Raceway,race,609,4,GTDPRO,Tommy Milner,tommy milner,208,4.0,43,123.017,11.705,76.953,34.359,,GF,7,86.7,75.0,56.0,False,722
imsa,2024,Sebring,Sebring International Raceway,race,609,4,GTDPRO,Tommy Milner,tommy milner,209,4.0,44,123.273,11.622,77.445,34.206,,GF,8,86.7,75.0,56.0,False,722
imsa,2024,Sebring,Sebring International Raceway,race,609,4,GTDPRO,Tommy Milner,tommy milner,210,4.0,45,130.704,11.5,76.313,42.891,,GF,9,86.8,75.0,55.0,False,722
imsa,2024,Sebring,Sebring International Raceway,race,609,4,GTDPRO,Tommy Milner,tommy milner,211,4.0,46,317.027,205.225,77.394,34.408,206.03,GF,0,86.6,75.0,55.0,False,722
imsa,2024,Sebring,Sebring International Raceway,race,609,4,GTDPRO,Tommy Milner,tommy milner,212,4.0,47,122.787,11.648,76.863,34.276,,GF,0,86.5,76.0,54.0,False,722
imsa,2024,Sebring,Sebring International Raceway,race,609,4,GTDPRO,Tommy Milner,tommy milner,213,4.0,48,122.667,11.636,76.662,34.369,,GF,1,86.5,76.0,55.0,False,722
imsa,2024,Sebring,Sebring International Raceway,race,609,4,GTDPRO,Tommy Milner,tommy milner,214,4.0,49,123.549,11.617,77.518,34.414,,GF,2,86.4,76.0,54.0,False,722
imsa,2024,Sebring,Sebring International Raceway,race,609,4,GTDPRO,Tommy Milner,tommy milner,215,4.0,50,122.883,11.781,76.777,34.325,,GF,3,86.4,76.0,55.0,False,722
imsa,2024,Sebring,Sebring International Raceway,race,609,4,GTDPRO,Tommy Milner,tommy milner,216,4.0,51,122.254,11.515,76.385,34.354,,GF,4,86.4,76.0,55.0,False,722
imsa,2024,Sebring,Sebring International Raceway,race,609,4,GTDPRO,Tommy Milner,tommy milner,217,4.0,52,123.325,11.627,77.299,34.399,,GF,5,86.5,76.0,55.0,False,722
imsa,2024,Sebring,Sebring International Raceway,race,609,4,GTDPRO,Tommy Milner,tommy milner,218,4.0,53,122.15,11.558,76.381,34.211,,GF,6,86.5,76.0,55.0,False,722
imsa,2024,Sebring,Sebring International Raceway,race,609,4,GTDPRO,Tommy Milner,tommy milner,219,4.0,54,122.213,11.529,76.401,34.283,,GF,7,86.5,76.0,55.0,False,722
imsa,2024,Sebring,Sebring International Raceway,race,609,4,GTDPRO,Tommy Milner,tommy milner,220,4.0,55,122.097,11.567,76.221,34.309,,GF,8,86.5,76.0,55.0,False,722
imsa,2024,Sebring,Sebring International Raceway,race,609,4,GTDPRO,Tommy Milner,tommy milner,221,4.0,56,125.086,11.56,78.821,34.705,,GF,9,86.5,75.0,55.0,False,722
imsa,2024,Sebring,Sebring International Raceway,race,609,4,GTDPRO,Tommy Milner,tommy milner,222,4.0,57,122.387,11.545,76.455,34.387,,GF,10,86.6,75.0,54.0,False,722
imsa,2024,Sebring,Sebring International Raceway,race,609,4,GTDPRO,Tommy Milner,tommy milner,223,4.0,58,122.475,11.625,76.566,34.284,,GF,11,86.5,75.0,55.0,False,722
imsa,2024,Sebring,Sebring International Raceway,race,609,4,GTDPRO,Tommy Milner,tommy milner,224,4.0,59,123.576,11.827,77.22,34.529,,GF,12,86.3,75.0,55.0,False,722
imsa,2024,Sebring,Sebring International Raceway,race,609,4,GTDPRO,Tommy Milner,tommy milner,225,4.0,60,124.355,11.658,78.236,34.461,,GF,13,86.2,76.0,56.0,False,722
imsa,2024,Sebring,Sebring International Raceway,race,609,4,GTDPRO,Tommy Milner,tommy milner,226,4.0,61,129.727,11.595,77.165,40.967,,FCY,14,85.9,76.0,56.0,False,722
imsa,2024,Sebring,Sebring International Raceway,race,609,4,GTDPRO,Tommy Milner,tommy milner,227,4.0,62,138.092,12.44,83.912,41.74,,FCY,14,85.8,76.0,57.0,False,722
imsa,2024,Sebring,Sebring International Raceway,race,609,4,GTDPRO,Tommy Milner,tommy milner,228,4.0,63,166.627,12.912,110.179,43.536,,FCY,14,85.6,76.0,57.0,False,722
imsa,2024,Sebring,Sebring International Raceway,race,609,4,GTDPRO,Tommy Milner,tommy milner,229,4.0,64,141.751,12.869,84.589,44.293,,FCY,14,85.5,76.0,57.0,False,722
imsa,2024,Sebring,Sebring International Raceway,race,609,4,GTDPRO,Tommy Milner,tommy milner,230,4.0,65,156.533,13.913,95.481,47.139,,FCY,14,85.2,76.0,57.0,False,722
imsa,2024,Sebring,Sebring International Raceway,race,609,4,GTDPRO,Tommy Milner,tommy milner,231,4.0,66,181.165,15.047,105.685,60.433,,FCY,14,85.1,76.0,58.0,False,722
imsa,2024,Sebring,Sebring International Raceway,race,609,4,GTDPRO,Nicky Catsburg,nicky catsburg,232,5.0,0,209.503,68.512,83.764,57.227,68.653,FCY,0,84.8,76.0,58.0,False,722
imsa,2024,Sebring,Sebring International Raceway,race,609,4,GTDPRO,Nicky Catsburg,nicky catsburg,233,5.0,1,184.868,15.112,121.301,48.455,,GF,0,84.6,76.0,59.0,False,722
imsa,2024,Sebring,Sebring International Raceway,race,609,4,GTDPRO,Nicky Catsburg,nicky catsburg,234,5.0,2,126.948,12.421,80.179,34.348,,GF,1,84.6,76.0,59.0,False,722
imsa,2024,Sebring,Sebring International Raceway,race,609,4,GTDPRO,Nicky Catsburg,nicky catsburg,235,5.0,3,122.692,11.668,76.686,34.338,,GF,2,84.5,76.0,60.0,False,722
imsa,2024,Sebring,Sebring International Raceway,race,609,4,GTDPRO,Nicky Catsburg,nicky catsburg,236,5.0,4,122.973,11.618,76.767,34.588,,GF,3,84.4,76.0,60.0,False,722
imsa,2024,Sebring,Sebring International Raceway,race,609,4,GTDPRO,Nicky Catsburg,nicky catsburg,237,5.0,5,123.866,11.893,77.496,34.477,,GF,4,84.3,76.0,60.0,False,722
imsa,2024,Sebring,Sebring International Raceway,race,609,4,GTDPRO,Nicky Catsburg,nicky catsburg,238,5.0,6,125.023,11.715,78.297,35.011,,GF,5,84.2,76.0,60.0,False,722
imsa,2024,Sebring,Sebring International Raceway,race,609,4,GTDPRO,Nicky Catsburg,nicky catsburg,239,5.0,7,124.736,11.946,78.403,34.387,,GF,6,84.1,76.0,60.0,False,722
imsa,2024,Sebring,Sebring International Raceway,race,609,4,GTDPRO,Nicky Catsburg,nicky catsburg,240,5.0,8,123.182,11.577,77.084,34.521,,GF,7,84.1,76.0,61.0,False,722
imsa,2024,Sebring,Sebring International Raceway,race,609,4,GTDPRO,Nicky Catsburg,nicky catsburg,241,5.0,9,124.8,11.856,78.512,34.432,,GF,8,84.0,76.0,61.0,False,722
imsa,2024,Sebring,Sebring International Raceway,race,609,4,GTDPRO,Nicky Catsburg,nicky catsburg,242,5.0,10,123.726,11.685,77.218,34.823,,GF,9,84.0,76.0,61.0,False,722
imsa,2024,Sebring,Sebring International Raceway,race,609,4,GTDPRO,Nicky Catsburg,nicky catsburg,243,5.0,11,122.559,11.735,76.382,34.442,,GF,10,84.0,76.0,61.0,False,722
imsa,2024,Sebring,Sebring International Raceway,race,609,4,GTDPRO,Nicky Catsburg,nicky catsburg,244,5.0,12,125.264,11.765,78.026,35.473,,GF,11,83.9,76.0,61.0,False,722
imsa,2024,Sebring,Sebring International Raceway,race,609,4,GTDPRO,Nicky Catsburg,nicky catsburg,245,5.0,13,123.402,11.684,77.139,34.579,,GF,12,83.9,76.0,61.0,False,722
imsa,2024,Sebring,Sebring International Raceway,race,609,4,GTDPRO,Nicky Catsburg,nicky catsburg,246,5.0,14,122.395,11.754,76.315,34.326,,GF,13,83.8,76.0,61.0,False,722
imsa,2024,Sebring,Sebring International Raceway,race,609,4,GTDPRO,Nicky Catsburg,nicky catsburg,247,5.0,15,122.336,11.563,76.365,34.408,,GF,14,83.8,76.0,61.0,False,722
imsa,2024,Sebring,Sebring International Raceway,race,609,4,GTDPRO,Nicky Catsburg,nicky catsburg,248,5.0,16,123.493,11.93,76.905,34.658,,GF,15,83.7,76.0,61.0,False,722
imsa,2024,Sebring,Sebring International Raceway,race,609,4,GTDPRO,Nicky Catsburg,nicky catsburg,249,5.0,17,121.908,11.531,76.006,34.371,,GF,16,83.6,76.0,62.0,False,722
imsa,2024,Sebring,Sebring International Raceway,race,609,4,GTDPRO,Nicky Catsburg,nicky catsburg,250,5.0,18,122.487,11.552,76.327,34.608,,GF,17,83.5,76.0,63.0,False,722
imsa,2024,Sebring,Sebring International Raceway,race,609,4,GTDPRO,Nicky Catsburg,nicky catsburg,251,5.0,19,122.458,11.762,76.154,34.542,,GF,18,83.3,76.0,63.0,False,722
imsa,2024,Sebring,Sebring International Raceway,race,609,4,GTDPRO,Nicky Catsburg,nicky catsburg,252,5.0,20,123.587,11.762,77.377,34.448,,GF,19,83.1,76.0,63.0,False,722
imsa,2024,Sebring,Sebring International Raceway,race,609,4,GTDPRO,Nicky Catsburg,nicky catsburg,253,5.0,21,124.453,11.605,77.467,35.381,,GF,20,83.0,76.0,63.0,False,722
imsa,2024,Sebring,Sebring International Raceway,race,609,4,GTDPRO,Nicky Catsburg,nicky catsburg,254,5.0,22,122.586,11.586,76.465,34.535,,GF,21,82.9,76.0,63.0,False,722
imsa,2024,Sebring,Sebring International Raceway,race,609,4,GTDPRO,Nicky Catsburg,nicky catsburg,255,5.0,23,123.925,11.621,77.386,34.918,,GF,22,82.8,76.0,64.0,False,722
imsa,2024,Sebring,Sebring International Raceway,race,609,4,GTDPRO,Nicky Catsburg,nicky catsburg,256,5.0,24,124.642,11.697,77.997,34.948,,GF,23,82.7,76.0,64.0,False,722
imsa,2024,Sebring,Sebring International Raceway,race,609,4,GTDPRO,Nicky Catsburg,nicky catsburg,257,5.0,25,123.46,11.684,77.259,34.517,,GF,24,82.6,76.0,64.0,False,722
imsa,2024,Sebring,Sebring International Raceway,race,609,4,GTDPRO,Nicky Catsburg,nicky catsburg,258,5.0,26,122.142,11.49,76.332,34.32,,GF,25,82.5,76.0,64.0,False,722
imsa,2024,Sebring,Sebring International Raceway,race,609,4,GTDPRO,Nicky Catsburg,nicky catsburg,259,5.0,27,122.205,11.836,76.132,34.237,,GF,26,82.5,76.0,64.0,False,722
imsa,2024,Sebring,Sebring International Raceway,race,609,4,GTDPRO,Nicky Catsburg,nicky catsburg,260,5.0,28,131.967,11.469,76.785,43.713,,GF,27,82.4,76.0,64.0,False,722
imsa,2024,Sebring,Sebring International Raceway,race,609,4,GTDPRO,Earl Bamber,earl bamber,261,6.0,0,191.176,77.415,79.197,34.564,77.844,GF,0,82.2,76.0,65.0,False,722
imsa,2024,Sebring,Sebring International Raceway,race,609,4,GTDPRO,Earl Bamber,earl bamber,262,6.0,1,122.334,11.634,76.014,34.686,,GF,0,82.1,76.0,65.0,False,722
imsa,2024,Sebring,Sebring International Raceway,race,609,4,GTDPRO,Earl Bamber,earl bamber,263,6.0,2,122.628,11.508,76.632,34.488,,GF,1,82.0,76.0,65.0,False,722
imsa,2024,Sebring,Sebring International Raceway,race,609,4,GTDPRO,Earl Bamber,earl bamber,264,6.0,3,123.862,11.976,77.474,34.412,,GF,2,82.0,76.0,65.0,False,722
imsa,2024,Sebring,Sebring International Raceway,race,609,4,GTDPRO,Earl Bamber,earl bamber,265,6.0,4,122.33,11.725,76.37,34.235,,GF,3,81.9,76.0,65.0,False,722
imsa,2024,Sebring,Sebring International Raceway,race,609,4,GTDPRO,Earl Bamber,earl bamber,266,6.0,5,121.976,11.579,76.062,34.335,,GF,4,81.8,76.0,65.0,False,722
imsa,2024,Sebring,Sebring International Raceway,race,609,4,GTDPRO,Earl Bamber,earl bamber,267,6.0,6,123.406,11.632,77.376,34.398,,GF,5,81.8,76.0,65.0,False,722
imsa,2024,Sebring,Sebring International Raceway,race,609,4,GTDPRO,Earl Bamber,earl bamber,268,6.0,7,122.864,11.454,77.154,34.256,,GF,6,81.7,76.0,66.0,False,722
imsa,2024,Sebring,Sebring International Raceway,race,609,4,GTDPRO,Earl Bamber,earl bamber,269,6.0,8,121.673,11.491,75.975,34.207,,GF,7,81.6,76.0,66.0,False,722
imsa,2024,Sebring,Sebring International Raceway,race,609,4,GTDPRO,Earl Bamber,earl bamber,270,6.0,9,121.593,11.432,75.877,34.284,,GF,8,81.5,76.0,66.0,False,722
imsa,2024,Sebring,Sebring International Raceway,race,609,4,GTDPRO,Earl Bamber,earl bamber,271,6.0,10,122.387,11.475,75.963,34.949,,GF,9,81.4,76.0,66.0,False,722
imsa,2024,Sebring,Sebring International Raceway,race,609,4,GTDPRO,Earl Bamber,earl bamber,272,6.0,11,123.271,11.582,77.059,34.63,,GF,10,81.3,76.0,66.0,False,722
imsa,2024,Sebring,Sebring International Raceway,race,609,4,GTDPRO,Earl Bamber,earl bamber,273,6.0,12,122.252,11.549,76.487,34.216,,GF,11,81.2,76.0,66.0,False,722
imsa,2024,Sebring,Sebring International Raceway,race,609,4,GTDPRO,Earl Bamber,earl bamber,274,6.0,13,122.615,11.506,76.618,34.491,,GF,12,81.1,76.0,67.0,False,722
imsa,2024,Sebring,Sebring International Raceway,race,609,4,GTDPRO,Earl Bamber,earl bamber,275,6.0,14,131.842,11.502,78.664,41.676,,FCY,13,81.0,76.0,67.0,False,722
imsa,2024,Sebring,Sebring International Raceway,race,609,4,GTDPRO,Earl Bamber,earl bamber,276,6.0,15,188.629,13.018,131.99,43.621,,FCY,13,80.8,76.0,67.0,False,722
imsa,2024,Sebring,Sebring International Raceway,race,609,4,GTDPRO,Earl Bamber,earl bamber,277,6.0,16,143.091,14.568,86.902,41.621,,FCY,13,80.7,76.0,67.0,False,722
imsa,2024,Sebring,Sebring International Raceway,race,609,4,GTDPRO,Earl Bamber,earl bamber,278,6.0,17,147.505,14.041,82.336,51.128,,FCY,13,80.6,75.0,68.0,False,722
imsa,2024,Sebring,Sebring International Raceway,race,609,4,GTDPRO,Earl Bamber,earl bamber,279,6.0,18,185.314,14.314,104.244,66.756,,FCY,13,80.4,75.0,68.0,False,722
imsa,2024,Sebring,Sebring International Raceway,race,609,4,GTDPRO,Earl Bamber,earl bamber,280,6.0,19,209.797,60.234,91.657,57.906,60.061,FCY,0,80.3,75.0,69.0,False,722
imsa,2024,Sebring,Sebring International Raceway,race,609,4,GTDPRO,Earl Bamber,earl bamber,281,6.0,20,232.352,25.732,132.604,74.016,,FCY,0,80.0,75.0,69.0,False,722
imsa,2024,Sebring,Sebring International Raceway,race,609,4,GTDPRO,Earl Bamber,earl bamber,282,6.0,21,182.911,21.451,117.547,43.913,,GF,0,79.8,75.0,69.0,False,722
imsa,2024,Sebring,Sebring International Raceway,race,609,4,GTDPRO,Earl Bamber,earl bamber,283,6.0,22,126.68,12.391,79.731,34.558,,GF,1,79.7,75.0,69.0,False,722
imsa,2024,Sebring,Sebring International Raceway,race,609,4,GTDPRO,Earl Bamber,earl bamber,284,6.0,23,124.349,11.682,78.024,34.643,,GF,2,79.6,75.0,69.0,False,722
imsa,2024,Sebring,Sebring International Raceway,race,609,4,GTDPRO,Earl Bamber,earl bamber,285,6.0,24,124.136,11.79,77.895,34.451,,GF,3,79.5,75.0,69.0,False,722
imsa,2024,Sebring,Sebring International Raceway,race,609,4,GTDPRO,Earl Bamber,earl bamber,286,6.0,25,124.317,11.66,77.911,34.746,,GF,4,79.4,75.0,69.0,False,722
imsa,2024,Sebring,Sebring International Raceway,race,609,4,GTDPRO,Earl Bamber,earl bamber,287,6.0,26,122.692,11.765,76.665,34.262,,GF,5,79.3,75.0,70.0,False,722
imsa,2024,Sebring,Sebring International Raceway,race,609,4,GTDPRO,Earl Bamber,earl bamber,288,6.0,27,151.156,11.489,92.829,46.838,,FCY,6,79.1,75.0,70.0,False,722
imsa,2024,Sebring,Sebring International Raceway,race,609,4,GTDPRO,Earl Bamber,earl bamber,289,6.0,28,171.166,13.808,86.17,71.188,,FCY,6,79.1,75.0,70.0,False,722
imsa,2024,Sebring,Sebring International Raceway,race,609,4,GTDPRO,Earl Bamber,earl bamber,290,6.0,29,182.915,20.949,114.407,47.559,,GF,6,78.9,75.0,70.0,False,722
imsa,2024,Sebring,Sebring International Raceway,race,609,4,GTDPRO,Earl Bamber,earl bamber,291,6.0,30,122.57,11.629,76.729,34.212,,GF,7,78.8,75.0,70.0,False,722
imsa,2024,Sebring,Sebring International Raceway,race,609,4,GTDPRO,Earl Bamber,earl bamber,292,6.0,31,122.5,11.716,76.475,34.309,,GF,8,78.7,75.0,71.0,False,722
imsa,2024,Sebring,Sebring International Raceway,race,609,4,GTDPRO,Earl Bamber,earl bamber,293,6.0,32,153.785,11.71,95.714,46.361,,FCY,9,78.7,75.0,71.0,False,722
imsa,2024,Sebring,Sebring International Raceway,race,609,4,GTDPRO,Earl Bamber,earl bamber,294,6.0,33,206.524,12.844,128.384,65.296,,FCY,9,78.5,75.0,71.0,False,722
imsa,2024,Sebring,Sebring International Raceway,race,609,4,GTDPRO,Earl Bamber,earl bamber,295,6.0,34,185.662,21.394,107.289,56.979,,FCY,9,78.4,75.0,71.0,False,722
imsa,2024,Sebring,Sebring International Raceway,race,609,4,GTDPRO,Earl Bamber,earl bamber,296,6.0,35,206.509,17.01,135.14,54.359,,GF,9,78.2,75.0,71.0,False,722
imsa,2024,Sebring,Sebring International Raceway,race,609,4,GTDPRO,Earl Bamber,earl bamber,297,6.0,36,150.516,12.265,81.957,56.294,,GF,10,78.1,75.0,71.0,False,722
imsa,2024,Sebring,Sebring International Raceway,race,609,4,GTDPRO,Earl Bamber,earl bamber,298,6.0,37,184.71,69.077,80.224,35.409,69.716,GF,0,77.9,75.0,71.0,False,722
imsa,2024,Sebring,Sebring International Raceway,race,609,4,GTDPRO,Earl Bamber,earl bamber,299,6.0,38,124.624,11.976,77.98,34.668,,GF,0,77.9,75.0,72.0,False,722
imsa,2024,Sebring,Sebring International Raceway,race,609,4,GTDPRO,Earl Bamber,earl bamber,300,6.0,39,123.76,11.859,77.335,34.566,,GF,1,77.8,75.0,72.0,False,722
imsa,2024,Sebring,Sebring International Raceway,race,609,4,GTDPRO,Earl Bamber,earl bamber,301,6.0,40,122.044,11.569,76.136,34.339,,GF,2,77.7,75.0,72.0,False,722
imsa,2024,Sebring,Sebring International Raceway,race,609,4,GTDPRO,Earl Bamber,earl bamber,302,6.0,41,123.057,11.934,76.566,34.557,,GF,3,77.6,75.0,72.0,False,722
imsa,2024,Sebring,Sebring International Raceway,race,609,4,GTDPRO,Earl Bamber,earl bamber,303,6.0,42,121.801,11.597,75.966,34.238,,GF,4,77.5,75.0,72.0,False,722
imsa,2024,Sebring,Sebring International Raceway,race,609,4,GTDPRO,Earl Bamber,earl bamber,304,6.0,43,122.578,11.502,76.535,34.541,,GF,5,77.5,75.0,72.0,False,722
imsa,2024,Sebring,Sebring International Raceway,race,609,4,GTDPRO,Earl Bamber,earl bamber,305,6.0,44,123.184,11.562,76.787,34.835,,GF,6,77.4,75.0,72.0,False,722
imsa,2024,Sebring,Sebring International Raceway,race,609,4,GTDPRO,Earl Bamber,earl bamber,306,6.0,45,125.234,11.882,78.505,34.847,,GF,7,77.5,75.0,72.0,False,722
imsa,2024,Sebring,Sebring International Raceway,race,609,4,GTDPRO,Earl Bamber,earl bamber,307,6.0,46,125.931,11.812,79.359,34.76,,FF,8,77.4,75.0,72.0,False,722
imsa,2024,Sebring,Sebring International Raceway,race,609,60,GTDPRO,Claudio Schiavoni,claudio schiavoni,1,1.0,0,168.36,40.866,90.687,36.807,,GF,0,71.6,74.0,85.0,False,722
imsa,2024,Sebring,Sebring International Raceway,race,609,60,GTDPRO,Claudio Schiavoni,claudio schiavoni,2,1.0,1,135.372,12.702,84.671,37.999,,GF,0,71.9,75.0,85.0,False,722
imsa,2024,Sebring,Sebring International Raceway,race,609,60,GTDPRO,Claudio Schiavoni,claudio schiavoni,3,1.0,2,132.502,12.859,82.839,36.804,,GF,1,72.3,75.0,84.0,False,722
imsa,2024,Sebring,Sebring International Raceway,race,609,60,GTDPRO,Claudio Schiavoni,claudio schiavoni,4,1.0,3,128.523,12.373,79.19,36.96,,GF,2,72.7,75.0,84.0,False,722
imsa,2024,Sebring,Sebring International Raceway,race,609,60,GTDPRO,Claudio Schiavoni,claudio schiavoni,5,1.0,4,130.243,12.9,80.611,36.732,,GF,3,73.0,75.0,83.0,False,722
imsa,2024,Sebring,Sebring International Raceway,race,609,60,GTDPRO,Claudio Schiavoni,claudio schiavoni,6,1.0,5,130.082,12.41,80.741,36.931,,GF,4,73.2,75.0,83.0,False,722
imsa,2024,Sebring,Sebring International Raceway,race,609,60,GTDPRO,Claudio Schiavoni,claudio schiavoni,7,1.0,6,128.82,12.425,80.431,35.964,,GF,5,73.4,75.0,83.0,False,722
imsa,2024,Sebring,Sebring International Raceway,race,609,60,GTDPRO,Claudio Schiavoni,claudio schiavoni,8,1.0,7,128.671,12.783,79.978,35.91,,GF,6,73.5,75.0,82.0,False,722
imsa,2024,Sebring,Sebring International Raceway,race,609,60,GTDPRO,Claudio Schiavoni,claudio schiavoni,9,1.0,8,126.91,12.252,78.808,35.85,,GF,7,73.7,75.0,82.0,False,722
imsa,2024,Sebring,Sebring International Raceway,race,609,60,GTDPRO,Claudio Schiavoni,claudio schiavoni,10,1.0,9,126.904,12.511,78.633,35.76,,GF,8,73.9,75.0,81.0,False,722
imsa,2024,Sebring,Sebring International Raceway,race,609,60,GTDPRO,Claudio Schiavoni,claudio schiavoni,11,1.0,10,126.753,12.162,78.939,35.652,,GF,9,74.0,75.0,81.0,False,722
imsa,2024,Sebring,Sebring International Raceway,race,609,60,GTDPRO,Claudio Schiavoni,claudio schiavoni,12,1.0,11,130.211,12.725,81.128,36.358,,GF,10,74.2,75.0,81.0,False,722
imsa,2024,Sebring,Sebring International Raceway,race,609,60,GTDPRO,Claudio Schiavoni,claudio schiavoni,13,1.0,12,127.385,12.428,79.096,35.861,,GF,11,74.4,75.0,80.0,False,722
imsa,2024,Sebring,Sebring International Raceway,race,609,60,GTDPRO,Claudio Schiavoni,claudio schiavoni,14,1.0,13,126.992,12.266,79.042,35.684,,GF,12,74.7,75.0,80.0,False,722
imsa,2024,Sebring,Sebring International Raceway,race,609,60,GTDPRO,Claudio Schiavoni,claudio schiavoni,15,1.0,14,126.479,12.312,78.279,35.888,,GF,13,74.7,75.0,80.0,False,722
imsa,2024,Sebring,Sebring International Raceway,race,609,60,GTDPRO,Claudio Schiavoni,claudio schiavoni,16,1.0,15,126.086,12.186,78.173,35.727,,GF,14,74.9,74.0,80.0,False,722
imsa,2024,Sebring,Sebring International Raceway,race,609,60,GTDPRO,Claudio Schiavoni,claudio schiavoni,17,1.0,16,130.217,12.285,81.521,36.411,,FCY,15,74.9,74.0,80.0,False,722
imsa,2024,Sebring,Sebring International Raceway,race,609,60,GTDPRO,Claudio Schiavoni,claudio schiavoni,18,1.0,17,156.485,14.164,98.494,43.827,,FCY,15,75.3,74.0,79.0,False,722
imsa,2024,Sebring,Sebring International Raceway,race,609,60,GTDPRO,Claudio Schiavoni,claudio schiavoni,19,1.0,18,151.452,15.744,93.625,42.083,,FCY,15,75.3,74.0,79.0,False,722
imsa,2024,Sebring,Sebring International Raceway,race,609,60,GTDPRO,Claudio Schiavoni,claudio schiavoni,20,1.0,19,215.357,18.756,133.798,62.803,,FCY,15,75.6,74.0,78.0,False,722
imsa,2024,Sebring,Sebring International Raceway,race,609,60,GTDPRO,Claudio Schiavoni,claudio schiavoni,21,1.0,20,180.241,14.168,109.572,56.501,,FCY,15,76.0,74.0,78.0,False,722
imsa,2024,Sebring,Sebring International Raceway,race,609,60,GTDPRO,Claudio Schiavoni,claudio schiavoni,22,1.0,21,169.426,13.142,119.195,37.089,,FCY,15,76.2,74.0,78.0,False,722
imsa,2024,Sebring,Sebring International Raceway,race,609,60,GTDPRO,Claudio Schiavoni,claudio schiavoni,23,1.0,22,140.808,12.469,80.576,47.763,,FCY,15,76.4,74.0,78.0,False,722
imsa,2024,Sebring,Sebring International Raceway,race,609,60,GTDPRO,Matteo Cressoni,matteo cressoni,24,2.0,0,203.732,86.244,82.361,35.127,86.908,GF,0,76.6,74.0,77.0,False,722
imsa,2024,Sebring,Sebring International Raceway,race,609,60,GTDPRO,Matteo Cressoni,matteo cressoni,25,2.0,1,122.654,11.764,76.464,34.426,,GF,0,76.9,74.0,77.0,False,722
imsa,2024,Sebring,Sebring International Raceway,race,609,60,GTDPRO,Matteo Cressoni,matteo cressoni,26,2.0,2,123.29,11.525,76.324,35.441,,GF,1,76.9,74.0,76.0,False,722
imsa,2024,Sebring,Sebring International Raceway,race,609,60,GTDPRO,Matteo Cressoni,matteo cressoni,27,2.0,3,123.325,12.037,76.992,34.296,,GF,2,77.1,74.0,76.0,False,722
imsa,2024,Sebring,Sebring International Raceway,race,609,60,GTDPRO,Matteo Cressoni,matteo cressoni,28,2.0,4,123.702,11.55,77.219,34.933,,GF,3,77.3,74.0,76.0,False,722
imsa,2024,Sebring,Sebring International Raceway,race,609,60,GTDPRO,Matteo Cressoni,matteo cressoni,29,2.0,5,126.523,11.932,79.542,35.049,,GF,4,77.6,74.0,76.0,False,722
imsa,2024,Sebring,Sebring International Raceway,race,609,60,GTDPRO,Matteo Cressoni,matteo cressoni,30,2.0,6,123.938,11.582,77.404,34.952,,GF,5,77.8,75.0,75.0,False,722
imsa,2024,Sebring,Sebring International Raceway,race,609,60,GTDPRO,Matteo Cressoni,matteo cressoni,31,2.0,7,124.808,11.583,78.323,34.902,,GF,6,78.0,75.0,75.0,False,722
imsa,2024,Sebring,Sebring International Raceway,race,609,60,GTDPRO,Matteo Cressoni,matteo cressoni,32,2.0,8,123.775,11.558,77.383,34.834,,GF,7,78.2,75.0,75.0,False,722
imsa,2024,Sebring,Sebring International Raceway,race,609,60,GTDPRO,Matteo Cressoni,matteo cressoni,33,2.0,9,124.076,11.543,77.592,34.941,,GF,8,78.2,75.0,75.0,False,722
imsa,2024,Sebring,Sebring International Raceway,race,609,60,GTDPRO,Matteo Cressoni,matteo cressoni,34,2.0,10,122.988,11.747,76.751,34.49,,GF,9,78.5,75.0,74.0,False,722
imsa,2024,Sebring,Sebring International Raceway,race,609,60,GTDPRO,Matteo Cressoni,matteo cressoni,35,2.0,11,122.591,11.609,76.4,34.582,,GF,10,78.4,75.0,74.0,False,722
imsa,2024,Sebring,Sebring International Raceway,race,609,60,GTDPRO,Matteo Cressoni,matteo cressoni,36,2.0,12,123.292,11.572,76.511,35.209,,GF,11,78.2,75.0,74.0,False,722
imsa,2024,Sebring,Sebring International Raceway,race,609,60,GTDPRO,Matteo Cressoni,matteo cressoni,37,2.0,13,122.91,11.53,76.855,34.525,,GF,12,78.0,74.0,74.0,False,722
imsa,2024,Sebring,Sebring International Raceway,race,609,60,GTDPRO,Matteo Cressoni,matteo cressoni,38,2.0,14,123.255,11.548,77.134,34.573,,GF,13,78.0,74.0,74.0,False,722
imsa,2024,Sebring,Sebring International Raceway,race,609,60,GTDPRO,Matteo Cressoni,matteo cressoni,39,2.0,15,121.326,11.475,75.447,34.404,,GF,14,78.0,74.0,74.0,False,722
imsa,2024,Sebring,Sebring International Raceway,race,609,60,GTDPRO,Matteo Cressoni,matteo cressoni,40,2.0,16,121.889,11.576,75.871,34.442,,GF,15,78.0,74.0,74.0,False,722
imsa,2024,Sebring,Sebring International Raceway,race,609,60,GTDPRO,Matteo Cressoni,matteo cressoni,41,2.0,17,121.465,11.585,75.525,34.355,,GF,16,77.9,74.0,74.0,False,722
imsa,2024,Sebring,Sebring International Raceway,race,609,60,GTDPRO,Matteo Cressoni,matteo cressoni,42,2.0,18,122.522,11.481,76.06,34.981,,GF,17,77.8,74.0,75.0,False,722
imsa,2024,Sebring,Sebring International Raceway,race,609,60,GTDPRO,Matteo Cressoni,matteo cressoni,43,2.0,19,122.497,11.589,76.177,34.731,,GF,18,78.1,74.0,75.0,False,722
imsa,2024,Sebring,Sebring International Raceway,race,609,60,GTDPRO,Matteo Cressoni,matteo cressoni,44,2.0,20,122.356,11.565,76.357,34.434,,GF,19,78.6,75.0,74.0,False,722
imsa,2024,Sebring,Sebring International Raceway,race,609,60,GTDPRO,Matteo Cressoni,matteo cressoni,45,2.0,21,123.419,11.608,76.884,34.927,,GF,20,78.9,75.0,73.0,False,722
imsa,2024,Sebring,Sebring International Raceway,race,609,60,GTDPRO,Matteo Cressoni,matteo cressoni,46,2.0,22,124.261,11.84,77.597,34.824,,GF,21,78.8,75.0,73.0,False,722
imsa,2024,Sebring,Sebring International Raceway,race,609,60,GTDPRO,Matteo Cressoni,matteo cressoni,47,2.0,23,124.061,11.627,77.743,34.691,,GF,22,78.9,75.0,73.0,False,722
imsa,2024,Sebring,Sebring International Raceway,race,609,60,GTDPRO,Matteo Cressoni,matteo cressoni,48,2.0,24,123.261,11.632,76.898,34.731,,GF,23,79.0,75.0,73.0,False,722
imsa,2024,Sebring,Sebring International Raceway,race,609,60,GTDPRO,Matteo Cressoni,matteo cressoni,49,2.0,25,122.933,11.669,76.586,34.678,,GF,24,79.1,75.0,72.0,False,722
imsa,2024,Sebring,Sebring International Raceway,race,609,60,GTDPRO,Matteo Cressoni,matteo cressoni,50,2.0,26,122.9,11.693,76.706,34.501,,GF,25,79.1,75.0,72.0,False,722
imsa,2024,Sebring,Sebring International Raceway,race,609,60,GTDPRO,Matteo Cressoni,matteo cressoni,51,2.0,27,129.106,11.476,80.038,37.592,,FCY,26,79.0,75.0,72.0,False,722
imsa,2024,Sebring,Sebring International Raceway,race,609,60,GTDPRO,Matteo Cressoni,matteo cressoni,52,2.0,28,151.959,12.765,94.938,44.256,,FCY,26,79.0,75.0,72.0,False,722
imsa,2024,Sebring,Sebring International Raceway,race,609,60,GTDPRO,Matteo Cressoni,matteo cressoni,53,2.0,29,169.971,15.407,91.252,63.312,,FCY,26,79.1,75.0,72.0,False,722
imsa,2024,Sebring,Sebring International Raceway,race,609,60,GTDPRO,Matteo Cressoni,matteo cressoni,54,2.0,30,192.446,17.625,116.267,58.554,,FCY,26,79.2,75.0,72.0,False,722
imsa,2024,Sebring,Sebring International Raceway,race,609,60,GTDPRO,Leonardo Pulcini,leonardo pulcini,55,3.0,0,218.998,102.078,81.776,35.144,102.251,FCY,0,79.4,75.0,71.0,False,722
imsa,2024,Sebring,Sebring International Raceway,race,609,60,GTDPRO,Leonardo Pulcini,leonardo pulcini,56,3.0,1,174.967,11.784,124.269,38.914,,GF,0,79.6,75.0,71.0,False,722
imsa,2024,Sebring,Sebring International Raceway,race,609,60,GTDPRO,Leonardo Pulcini,leonardo pulcini,57,3.0,2,123.481,11.843,76.887,34.751,,GF,1,79.5,75.0,71.0,False,722
imsa,2024,Sebring,Sebring International Raceway,race,609,60,GTDPRO,Leonardo Pulcini,leonardo pulcini,58,3.0,3,123.267,11.702,76.774,34.791,,GF,2,79.5,75.0,71.0,False,722
imsa,2024,Sebring,Sebring International Raceway,race,609,60,GTDPRO,Leonardo Pulcini,leonardo pulcini,59,3.0,4,123.456,11.656,76.85,34.95,,GF,3,79.5,75.0,71.0,False,722
imsa,2024,Sebring,Sebring International Raceway,race,609,60,GTDPRO,Leonardo Pulcini,leonardo pulcini,60,3.0,5,123.597,11.591,77.262,34.744,,GF,4,79.6,75.0,71.0,False,722
imsa,2024,Sebring,Sebring International Raceway,race,609,60,GTDPRO,Leonardo Pulcini,leonardo pulcini,61,3.0,6,124.121,11.871,77.543,34.707,,GF,5,79.7,75.0,71.0,False,722
imsa,2024,Sebring,Sebring International Raceway,race,609,60,GTDPRO,Leonardo Pulcini,leonardo pulcini,62,3.0,7,122.901,11.695,76.544,34.662,,GF,6,79.9,75.0,71.0,False,722
imsa,2024,Sebring,Sebring International Raceway,race,609,60,GTDPRO,Leonardo Pulcini,leonardo pulcini,63,3.0,8,123.224,11.604,76.9,34.72,,GF,7,80.0,75.0,70.0,False,722
imsa,2024,Sebring,Sebring International Raceway,race,609,60,GTDPRO,Leonardo Pulcini,leonardo pulcini,64,3.0,9,123.781,11.673,77.39,34.718,,GF,8,80.0,75.0,70.0,False,722
imsa,2024,Sebring,Sebring International Raceway,race,609,60,GTDPRO,Leonardo Pulcini,leonardo pulcini,65,3.0,10,124.512,11.873,77.869,34.77,,GF,9,80.1,75.0,70.0,False,722
imsa,2024,Sebring,Sebring International Raceway,race,609,60,GTDPRO,Leonardo Pulcini,leonardo pulcini,66,3.0,11,123.494,11.652,77.327,34.515,,GF,10,80.1,75.0,70.0,False,722
imsa,2024,Sebring,Sebring International Raceway,race,609,60,GTDPRO,Leonardo Pulcini,leonardo pulcini,67,3.0,12,123.671,11.493,77.262,34.916,,GF,11,80.2,75.0,70.0,False,722
imsa,2024,Sebring,Sebring International Raceway,race,609,60,GTDPRO,Leonardo Pulcini,leonardo pulcini,68,3.0,13,123.773,11.595,77.135,35.043,,GF,12,80.2,75.0,70.0,False,722
imsa,2024,Sebring,Sebring International Raceway,race,609,60,GTDPRO,Leonardo Pulcini,leonardo pulcini,69,3.0,14,122.61,11.491,76.682,34.437,,GF,13,80.1,75.0,70.0,False,722
imsa,2024,Sebring,Sebring International Raceway,race,609,60,GTDPRO,Leonardo Pulcini,leonardo pulcini,70,3.0,15,122.718,11.653,76.387,34.678,,GF,14,80.1,75.0,70.0,False,722
imsa,2024,Sebring,Sebring International Raceway,race,609,60,GTDPRO,Leonardo Pulcini,leonardo pulcini,71,3.0,16,123.629,11.86,77.201,34.568,,GF,15,80.0,75.0,69.0,False,722
imsa,2024,Sebring,Sebring International Raceway,race,609,60,GTDPRO,Leonardo Pulcini,leonardo pulcini,72,3.0,17,122.843,11.469,76.565,34.809,,GF,16,79.7,75.0,70.0,False,722
imsa,2024,Sebring,Sebring International Raceway,race,609,60,GTDPRO,Leonardo Pulcini,leonardo pulcini,73,3.0,18,122.127,11.5,76.122,34.505,,GF,17,79.8,75.0,70.0,False,722
imsa,2024,Sebring,Sebring International Raceway,race,609,60,GTDPRO,Leonardo Pulcini,leonardo pulcini,74,3.0,19,123.556,11.474,77.038,35.044,,GF,18,79.9,75.0,70.0,False,722
imsa,2024,Sebring,Sebring International Raceway,race,609,60,GTDPRO,Leonardo Pulcini,leonardo pulcini,75,3.0,20,127.511,11.573,76.78,39.158,,FCY,19,80.0,76.0,71.0,False,722
imsa,2024,Sebring,Sebring International Raceway,race,609,60,GTDPRO,Leonardo Pulcini,leonardo pulcini,76,3.0,21,194.061,14.894,138.217,40.95,,FCY,19,80.2,76.0,70.0,False,722
imsa,2024,Sebring,Sebring International Raceway,race,609,60,GTDPRO,Leonardo Pulcini,leonardo pulcini,77,3.0,22,137.466,13.21,86.124,38.132,,FCY,19,80.3,76.0,69.0,False,722
imsa,2024,Sebring,Sebring International Raceway,race,609,60,GTDPRO,Leonardo Pulcini,leonardo pulcini,78,3.0,23,140.714,12.451,84.026,44.237,,FCY,19,80.3,76.0,70.0,False,722
imsa,2024,Sebring,Sebring International Raceway,race,609,60,GTDPRO,Leonardo Pulcini,leonardo pulcini,79,3.0,24,175.537,13.173,102.136,60.228,,FCY,19,80.6,76.0,69.0,False,722
imsa,2024,Sebring,Sebring International Raceway,race,609,60,GTDPRO,Matteo Cressoni,matteo cressoni,80,4.0,0,211.084,73.533,89.198,48.353,73.64,FCY,0,80.7,76.0,69.0,False,722
imsa,2024,Sebring,Sebring International Raceway,race,609,60,GTDPRO,Matteo Cressoni,matteo cressoni,81,4.0,1,209.228,18.123,122.709,68.396,,FCY,0,81.1,76.0,67.0,False,722
imsa,2024,Sebring,Sebring International Raceway,race,609,60,GTDPRO,Matteo Cressoni,matteo cressoni,82,4.0,2,184.926,30.709,113.797,40.42,,GF,0,81.2,77.0,67.0,False,722
imsa,2024,Sebring,Sebring International Raceway,race,609,60,GTDPRO,Matteo Cressoni,matteo cressoni,83,4.0,3,123.3,11.738,76.995,34.567,,GF,1,81.4,78.0,67.0,False,722
imsa,2024,Sebring,Sebring International Raceway,race,609,60,GTDPRO,Matteo Cressoni,matteo cressoni,84,4.0,4,122.703,11.579,76.501,34.623,,GF,2,81.6,79.0,67.0,False,722
imsa,2024,Sebring,Sebring International Raceway,race,609,60,GTDPRO,Matteo Cressoni,matteo cressoni,85,4.0,5,123.087,11.547,76.731,34.809,,GF,3,82.0,81.0,67.0,False,722
imsa,2024,Sebring,Sebring International Raceway,race,609,60,GTDPRO,Matteo Cressoni,matteo cressoni,86,4.0,6,122.68,11.573,76.593,34.514,,GF,4,82.1,82.0,66.0,False,722
imsa,2024,Sebring,Sebring International Raceway,race,609,60,GTDPRO,Matteo Cressoni,matteo cressoni,87,4.0,7,122.592,11.629,76.495,34.468,,GF,5,82.3,82.0,65.0,False,722
imsa,2024,Sebring,Sebring International Raceway,race,609,60,GTDPRO,Matteo Cressoni,matteo cressoni,88,4.0,8,122.825,11.547,76.496,34.782,,GF,6,82.3,82.0,65.0,False,722
imsa,2024,Sebring,Sebring International Raceway,race,609,60,GTDPRO,Matteo Cressoni,matteo cressoni,89,4.0,9,123.035,11.724,76.558,34.753,,GF,7,82.4,82.0,65.0,False,722
imsa,2024,Sebring,Sebring International Raceway,race,609,60,GTDPRO,Matteo Cressoni,matteo cressoni,90,4.0,10,122.843,11.57,76.556,34.717,,GF,8,82.3,83.0,65.0,False,722
imsa,2024,Sebring,Sebring International Raceway,race,609,60,GTDPRO,Matteo Cressoni,matteo cressoni,91,4.0,11,123.407,11.582,76.831,34.994,,GF,9,82.3,84.0,65.0,False,722
imsa,2024,Sebring,Sebring International Raceway,race,609,60,GTDPRO,Matteo Cressoni,matteo cressoni,92,4.0,12,124.192,11.603,78.003,34.586,,GF,10,82.2,84.0,65.0,False,722
imsa,2024,Sebring,Sebring International Raceway,race,609,60,GTDPRO,Matteo Cressoni,matteo cressoni,93,4.0,13,122.919,11.594,76.675,34.65,,GF,11,82.2,84.0,66.0,False,722
imsa,2024,Sebring,Sebring International Raceway,race,609,60,GTDPRO,Matteo Cressoni,matteo cressoni,94,4.0,14,124.253,11.833,77.62,34.8,,GF,12,82.1,82.0,66.0,False,722
imsa,2024,Sebring,Sebring International Raceway,race,609,60,GTDPRO,Matteo Cressoni,matteo cressoni,95,4.0,15,122.891,11.674,76.72,34.497,,GF,13,81.9,81.0,66.0,False,722
imsa,2024,Sebring,Sebring International Raceway,race,609,60,GTDPRO,Matteo Cressoni,matteo cressoni,96,4.0,16,123.229,11.535,76.719,34.975,,GF,14,81.9,80.0,66.0,False,722
imsa,2024,Sebring,Sebring International Raceway,race,609,60,GTDPRO,Matteo Cressoni,matteo cressoni,97,4.0,17,123.082,11.604,76.776,34.702,,GF,15,82.2,80.0,66.0,False,722
imsa,2024,Sebring,Sebring International Raceway,race,609,60,GTDPRO,Matteo Cressoni,matteo cressoni,98,4.0,18,122.682,11.523,76.676,34.483,,GF,16,82.3,79.0,65.0,False,722
imsa,2024,Sebring,Sebring International Raceway,race,609,60,GTDPRO,Matteo Cressoni,matteo cressoni,99,4.0,19,122.524,11.658,76.254,34.612,,GF,17,82.1,79.0,65.0,False,722
imsa,2024,Sebring,Sebring International Raceway,race,609,60,GTDPRO,Matteo Cressoni,matteo cressoni,100,4.0,20,122.511,11.585,76.357,34.569,,GF,18,82.1,79.0,65.0,False,722
imsa,2024,Sebring,Sebring International Raceway,race,609,60,GTDPRO,Matteo Cressoni,matteo cressoni,101,4.0,21,122.983,11.463,76.844,34.676,,GF,19,82.0,78.0,65.0,False,722
imsa,2024,Sebring,Sebring International Raceway,race,609,60,GTDPRO,Matteo Cressoni,matteo cressoni,102,4.0,22,122.771,11.531,76.781,34.459,,GF,20,82.1,78.0,65.0,False,722
imsa,2024,Sebring,Sebring International Raceway,race,609,60,GTDPRO,Matteo Cressoni,matteo cressoni,103,4.0,23,122.469,11.565,76.384,34.52,,GF,21,82.4,78.0,65.0,False,722
imsa,2024,Sebring,Sebring International Raceway,race,609,60,GTDPRO,Matteo Cressoni,matteo cressoni,104,4.0,24,124.28,11.469,77.296,35.515,,GF,22,82.7,78.0,64.0,False,722
imsa,2024,Sebring,Sebring International Raceway,race,609,60,GTDPRO,Matteo Cressoni,matteo cressoni,105,4.0,25,123.596,11.601,77.383,34.612,,GF,23,83.0,78.0,64.0,False,722
imsa,2024,Sebring,Sebring International Raceway,race,609,60,GTDPRO,Matteo Cressoni,matteo cressoni,106,4.0,26,123.744,11.622,77.161,34.961,,GF,24,83.2,78.0,64.0,False,722
imsa,2024,Sebring,Sebring International Raceway,race,609,60,GTDPRO,Matteo Cressoni,matteo cressoni,107,4.0,27,147.702,11.562,85.102,51.038,,FCY,25,83.3,78.0,63.0,False,722
imsa,2024,Sebring,Sebring International Raceway,race,609,60,GTDPRO,Matteo Cressoni,matteo cressoni,108,4.0,28,181.765,16.44,96.027,69.298,,FCY,25,83.4,78.0,63.0,False,722
imsa,2024,Sebring,Sebring International Raceway,race,609,60,GTDPRO,Matteo Cressoni,matteo cressoni,109,4.0,29,224.803,20.564,146.213,58.026,,FCY,25,83.2,77.0,63.0,False,722
imsa,2024,Sebring,Sebring International Raceway,race,609,60,GTDPRO,Matteo Cressoni,matteo cressoni,110,4.0,30,191.171,17.492,112.801,60.878,,FCY,25,83.0,77.0,62.0,False,722
imsa,2024,Sebring,Sebring International Raceway,race,609,60,GTDPRO,Leonardo Pulcini,leonardo pulcini,111,5.0,0,217.925,77.164,92.287,48.474,77.399,FCY,0,83.1,77.0,63.0,False,722
imsa,2024,Sebring,Sebring International Raceway,race,609,60,GTDPRO,Leonardo Pulcini,leonardo pulcini,112,5.0,1,182.109,20.638,118.035,43.436,,GF,0,83.0,77.0,63.0,False,722
imsa,2024,Sebring,Sebring International Raceway,race,609,60,GTDPRO,Leonardo Pulcini,leonardo pulcini,113,5.0,2,126.484,11.714,80.35,34.42,,GF,1,83.0,77.0,63.0,False,722
imsa,2024,Sebring,Sebring International Raceway,race,609,60,GTDPRO,Leonardo Pulcini,leonardo pulcini,114,5.0,3,124.426,11.687,77.91,34.829,,GF,2,83.0,69.0,63.0,False,722
imsa,2024,Sebring,Sebring International Raceway,race,609,60,GTDPRO,Leonardo Pulcini,leonardo pulcini,115,5.0,4,143.027,11.548,88.641,42.838,,FCY,3,83.2,69.0,63.0,False,722
imsa,2024,Sebring,Sebring International Raceway,race,609,60,GTDPRO,Leonardo Pulcini,leonardo pulcini,116,5.0,5,160.211,14.267,99.942,46.002,,GF,3,83.3,71.0,63.0,False,722
imsa,2024,Sebring,Sebring International Raceway,race,609,60,GTDPRO,Leonardo Pulcini,leonardo pulcini,117,5.0,6,124.408,12.254,77.844,34.31,,GF,4,83.3,72.0,63.0,False,722
imsa,2024,Sebring,Sebring International Raceway,race,609,60,GTDPRO,Leonardo Pulcini,leonardo pulcini,118,5.0,7,124.057,11.498,77.895,34.664,,GF,5,83.2,73.0,63.0,False,722
imsa,2024,Sebring,Sebring International Raceway,race,609,60,GTDPRO,Leonardo Pulcini,leonardo pulcini,119,5.0,8,123.151,11.596,76.779,34.776,,GF,6,83.3,74.0,63.0,False,722
imsa,2024,Sebring,Sebring International Raceway,race,609,60,GTDPRO,Leonardo Pulcini,leonardo pulcini,120,5.0,9,125.118,11.623,78.466,35.029,,GF,7,83.8,74.0,62.0,False,722
imsa,2024,Sebring,Sebring International Raceway,race,609,60,GTDPRO,Leonardo Pulcini,leonardo pulcini,121,5.0,10,123.312,11.663,76.967,34.682,,GF,8,84.1,73.0,61.0,False,722
imsa,2024,Sebring,Sebring International Raceway,race,609,60,GTDPRO,Leonardo Pulcini,leonardo pulcini,122,5.0,11,122.941,11.541,76.704,34.696,,GF,9,84.3,74.0,61.0,False,722
imsa,2024,Sebring,Sebring International Raceway,race,609,60,GTDPRO,Leonardo Pulcini,leonardo pulcini,123,5.0,12,123.674,11.91,76.813,34.951,,GF,10,84.4,74.0,61.0,False,722
imsa,2024,Sebring,Sebring International Raceway,race,609,60,GTDPRO,Leonardo Pulcini,leonardo pulcini,124,5.0,13,124.163,11.645,77.519,34.999,,GF,11,84.8,74.0,60.0,False,722
imsa,2024,Sebring,Sebring International Raceway,race,609,60,GTDPRO,Leonardo Pulcini,leonardo pulcini,125,5.0,14,125.963,11.558,79.066,35.339,,GF,12,85.0,75.0,60.0,False,722
imsa,2024,Sebring,Sebring International Raceway,race,609,60,GTDPRO,Leonardo Pulcini,leonardo pulcini,126,5.0,15,123.678,11.446,76.768,35.464,,GF,13,85.2,75.0,59.0,False,722
imsa,2024,Sebring,Sebring International Raceway,race,609,60,GTDPRO,Leonardo Pulcini,leonardo pulcini,127,5.0,16,122.866,11.59,76.671,34.605,,GF,14,85.2,75.0,59.0,False,722
imsa,2024,Sebring,Sebring International Raceway,race,609,60,GTDPRO,Leonardo Pulcini,leonardo pulcini,128,5.0,17,123.206,11.63,76.916,34.66,,GF,15,85.3,75.0,58.0,False,722
imsa,2024,Sebring,Sebring International Raceway,race,609,60,GTDPRO,Leonardo Pulcini,leonardo pulcini,129,5.0,18,122.728,11.487,76.635,34.606,,GF,16,85.4,75.0,59.0,False,722
imsa,2024,Sebring,Sebring International Raceway,race,609,60,GTDPRO,Leonardo Pulcini,leonardo pulcini,130,5.0,19,122.471,11.536,76.459,34.476,,GF,17,85.7,75.0,58.0,False,722
imsa,2024,Sebring,Sebring International Raceway,race,609,60,GTDPRO,Leonardo Pulcini,leonardo pulcini,131,5.0,20,123.104,11.743,76.805,34.556,,GF,18,85.9,75.0,58.0,False,722
imsa,2024,Sebring,Sebring International Raceway,race,609,60,GTDPRO,Leonardo Pulcini,leonardo pulcini,132,5.0,21,122.832,11.498,76.669,34.665,,GF,19,86.0,75.0,58.0,False,722
imsa,2024,Sebring,Sebring International Raceway,race,609,60,GTDPRO,Leonardo Pulcini,leonardo pulcini,133,5.0,22,122.933,11.489,76.824,34.62,,GF,20,86.2,75.0,58.0,False,722
imsa,2024,Sebring,Sebring International Raceway,race,609,60,GTDPRO,Leonardo Pulcini,leonardo pulcini,134,5.0,23,123.424,11.451,77.168,34.805,,GF,21,86.1,75.0,59.0,False,722
imsa,2024,Sebring,Sebring International Raceway,race,609,60,GTDPRO,Leonardo Pulcini,leonardo pulcini,135,5.0,24,123.889,11.546,77.095,35.248,,GF,22,86.2,75.0,59.0,False,722
imsa,2024,Sebring,Sebring International Raceway,race,609,60,GTDPRO,Leonardo Pulcini,leonardo pulcini,136,5.0,25,123.044,11.468,76.837,34.739,,GF,23,86.1,75.0,58.0,False,722
imsa,2024,Sebring,Sebring International Raceway,race,609,60,GTDPRO,Leonardo Pulcini,leonardo pulcini,137,5.0,26,123.181,11.457,77.066,34.658,,GF,24,85.9,76.0,59.0,False,722
imsa,2024,Sebring,Sebring International Raceway,race,609,60,GTDPRO,Leonardo Pulcini,leonardo pulcini,138,5.0,27,123.058,11.595,77.004,34.459,,GF,25,85.6,76.0,59.0,False,722
imsa,2024,Sebring,Sebring International Raceway,race,609,60,GTDPRO,Leonardo Pulcini,leonardo pulcini,139,5.0,28,122.94,11.465,76.722,34.753,,GF,26,85.5,76.0,58.0,False,722
imsa,2024,Sebring,Sebring International Raceway,race,609,60,GTDPRO,Leonardo Pulcini,leonardo pulcini,140,5.0,29,132.836,11.427,77.719,43.69,,GF,27,85.6,76.0,58.0,False,722
imsa,2024,Sebring,Sebring International Raceway,race,609,60,GTDPRO,Matteo Cressoni,matteo cressoni,141,6.0,0,197.136,81.628,80.59,34.918,80.748,GF,0,86.0,76.0,57.0,False,722
imsa,2024,Sebring,Sebring International Raceway,race,609,60,GTDPRO,Matteo Cressoni,matteo cressoni,142,6.0,1,121.923,11.666,75.767,34.49,,GF,0,86.0,76.0,57.0,False,722
imsa,2024,Sebring,Sebring International Raceway,race,609,60,GTDPRO,Matteo Cressoni,matteo cressoni,143,6.0,2,122.478,11.616,76.399,34.463,,GF,1,85.9,76.0,57.0,False,722
imsa,2024,Sebring,Sebring International Raceway,race,609,60,GTDPRO,Matteo Cressoni,matteo cressoni,144,6.0,3,121.932,11.508,76.089,34.335,,GF,2,85.9,76.0,58.0,False,722
imsa,2024,Sebring,Sebring International Raceway,race,609,60,GTDPRO,Matteo Cressoni,matteo cressoni,145,6.0,4,122.696,11.544,76.916,34.236,,GF,3,85.8,75.0,59.0,False,722
imsa,2024,Sebring,Sebring International Raceway,race,609,60,GTDPRO,Matteo Cressoni,matteo cressoni,146,6.0,5,122.674,11.558,76.175,34.941,,GF,4,85.6,75.0,59.0,False,722
imsa,2024,Sebring,Sebring International Raceway,race,609,60,GTDPRO,Matteo Cressoni,matteo cressoni,147,6.0,6,123.854,11.677,77.368,34.809,,GF,5,85.3,75.0,59.0,False,722
imsa,2024,Sebring,Sebring International Raceway,race,609,60,GTDPRO,Matteo Cressoni,matteo cressoni,148,6.0,7,122.938,11.623,76.546,34.769,,GF,6,84.9,75.0,60.0,False,722
imsa,2024,Sebring,Sebring International Raceway,race,609,60,GTDPRO,Matteo Cressoni,matteo cressoni,149,6.0,8,123.058,11.648,76.68,34.73,,GF,7,84.8,75.0,59.0,False,722
imsa,2024,Sebring,Sebring International Raceway,race,609,60,GTDPRO,Matteo Cressoni,matteo cressoni,150,6.0,9,123.244,11.651,76.838,34.755,,GF,8,84.8,75.0,60.0,False,722
imsa,2024,Sebring,Sebring International Raceway,race,609,60,GTDPRO,Matteo Cressoni,matteo cressoni,151,6.0,10,125.102,11.659,78.807,34.636,,GF,9,84.8,75.0,60.0,False,722
imsa,2024,Sebring,Sebring International Raceway,race,609,60,GTDPRO,Matteo Cressoni,matteo cressoni,152,6.0,11,123.376,11.634,76.538,35.204,,GF,10,84.8,75.0,60.0,False,722
imsa,2024,Sebring,Sebring International Raceway,race,609,60,GTDPRO,Matteo Cressoni,matteo cressoni,153,6.0,12,123.527,11.995,76.972,34.56,,GF,11,85.0,75.0,60.0,False,722
imsa,2024,Sebring,Sebring International Raceway,race,609,60,GTDPRO,Matteo Cressoni,matteo cressoni,154,6.0,13,123.191,11.575,76.928,34.688,,GF,12,85.2,75.0,59.0,False,722
imsa,2024,Sebring,Sebring International Raceway,race,609,60,GTDPRO,Matteo Cressoni,matteo cressoni,155,6.0,14,135.823,11.605,83.472,40.746,,FCY,13,85.2,75.0,59.0,False,722
imsa,2024,Sebring,Sebring International Raceway,race,609,60,GTDPRO,Matteo Cressoni,matteo cressoni,156,6.0,15,135.758,14.251,84.582,36.925,,FCY,13,85.1,75.0,59.0,False,722
imsa,2024,Sebring,Sebring International Raceway,race,609,60,GTDPRO,Matteo Cressoni,matteo cressoni,157,6.0,16,176.229,13.457,95.941,66.831,,FCY,13,84.9,75.0,59.0,False,722
imsa,2024,Sebring,Sebring International Raceway,race,609,60,GTDPRO,Matteo Cressoni,matteo cressoni,158,6.0,17,214.707,25.642,128.551,60.514,,FCY,13,84.9,75.0,59.0,False,722
imsa,2024,Sebring,Sebring International Raceway,race,609,60,GTDPRO,Matteo Cressoni,matteo cressoni,159,6.0,18,200.12,15.374,118.633,66.113,,FCY,13,84.9,75.0,59.0,False,722
imsa,2024,Sebring,Sebring International Raceway,race,609,60,GTDPRO,Claudio Schiavoni,claudio schiavoni,160,7.0,0,231.661,90.43,88.323,52.908,88.707,FCY,0,85.0,75.0,59.0,False,722
imsa,2024,Sebring,Sebring International Raceway,race,609,60,GTDPRO,Claudio Schiavoni,claudio schiavoni,161,7.0,1,238.869,25.868,140.276,72.725,,FCY,0,85.4,75.0,58.0,False,722
imsa,2024,Sebring,Sebring International Raceway,race,609,60,GTDPRO,Claudio Schiavoni,claudio schiavoni,162,7.0,2,196.158,23.789,134.892,37.477,,GF,0,85.8,75.0,57.0,False,722
imsa,2024,Sebring,Sebring International Raceway,race,609,60,GTDPRO,Claudio Schiavoni,claudio schiavoni,163,7.0,3,133.671,12.925,83.393,37.353,,GF,1,85.8,75.0,58.0,False,722
imsa,2024,Sebring,Sebring International Raceway,race,609,60,GTDPRO,Claudio Schiavoni,claudio schiavoni,164,7.0,4,129.562,12.505,80.365,36.692,,GF,2,85.8,75.0,58.0,False,722
imsa,2024,Sebring,Sebring International Raceway,race,609,60,GTDPRO,Claudio Schiavoni,claudio schiavoni,165,7.0,5,130.308,12.313,81.103,36.892,,GF,3,85.9,75.0,56.0,False,722
imsa,2024,Sebring,Sebring International Raceway,race,609,60,GTDPRO,Claudio Schiavoni,claudio schiavoni,166,7.0,6,129.567,12.648,80.419,36.5,,GF,4,86.1,75.0,56.0,False,722
imsa,2024,Sebring,Sebring International Raceway,race,609,60,GTDPRO,Claudio Schiavoni,claudio schiavoni,167,7.0,7,132.032,12.329,81.379,38.324,,GF,5,86.3,75.0,56.0,False,722
imsa,2024,Sebring,Sebring International Raceway,race,609,60,GTDPRO,Claudio Schiavoni,claudio schiavoni,168,7.0,8,134.474,12.778,84.138,37.558,,GF,6,86.3,75.0,55.0,False,722
imsa,2024,Sebring,Sebring International Raceway,race,609,60,GTDPRO,Claudio Schiavoni,claudio schiavoni,169,7.0,9,130.007,12.546,81.018,36.443,,GF,7,86.4,75.0,56.0,False,722
imsa,2024,Sebring,Sebring International Raceway,race,609,60,GTDPRO,Claudio Schiavoni,claudio schiavoni,170,7.0,10,128.167,12.366,79.625,36.176,,GF,8,86.5,75.0,55.0,False,722
imsa,2024,Sebring,Sebring International Raceway,race,609,60,GTDPRO,Claudio Schiavoni,claudio schiavoni,171,7.0,11,128.48,12.297,79.915,36.268,,GF,9,86.4,75.0,54.0,False,722
imsa,2024,Sebring,Sebring International Raceway,race,609,60,GTDPRO,Claudio Schiavoni,claudio schiavoni,172,7.0,12,133.692,12.216,84.598,36.878,,GF,10,86.3,75.0,55.0,False,722
imsa,2024,Sebring,Sebring International Raceway,race,609,60,GTDPRO,Claudio Schiavoni,claudio schiavoni,173,7.0,13,132.089,12.354,82.168,37.567,,GF,11,86.5,75.0,55.0,False,722
imsa,2024,Sebring,Sebring International Raceway,race,609,60,GTDPRO,Claudio Schiavoni,claudio schiavoni,174,7.0,14,130.745,12.451,80.903,37.391,,GF,12,86.5,75.0,55.0,False,722
imsa,2024,Sebring,Sebring International Raceway,race,609,60,GTDPRO,Claudio Schiavoni,claudio schiavoni,175,7.0,15,133.191,12.709,81.081,39.401,,GF,13,86.6,75.0,55.0,False,722
imsa,2024,Sebring,Sebring International Raceway,race,609,60,GTDPRO,Claudio Schiavoni,claudio schiavoni,176,7.0,16,137.091,13.445,84.301,39.345,,GF,14,86.8,75.0,55.0,False,722
imsa,2024,Sebring,Sebring International Raceway,race,609,60,GTDPRO,Claudio Schiavoni,claudio schiavoni,177,7.0,17,146.565,13.526,84.156,48.883,,GF,15,87.1,75.0,55.0,False,722
imsa,2024,Sebring,Sebring International Raceway,race,609,60,GTDPRO,Leonardo Pulcini,leonardo pulcini,178,8.0,0,183.134,69.863,77.924,35.347,70.808,GF,0,87.0,75.0,55.0,False,722
imsa,2024,Sebring,Sebring International Raceway,race,609,60,GTDPRO,Leonardo Pulcini,leonardo pulcini,179,8.0,1,122.002,11.448,76.006,34.548,,GF,0,86.8,75.0,55.0,False,722
imsa,2024,Sebring,Sebring International Raceway,race,609,60,GTDPRO,Leonardo Pulcini,leonardo pulcini,180,8.0,2,122.429,11.544,76.551,34.334,,GF,1,86.5,75.0,55.0,False,722
imsa,2024,Sebring,Sebring International Raceway,race,609,60,GTDPRO,Leonardo Pulcini,leonardo pulcini,181,8.0,3,122.603,11.564,76.578,34.461,,GF,2,86.4,75.0,55.0,False,722
imsa,2024,Sebring,Sebring International Raceway,race,609,60,GTDPRO,Leonardo Pulcini,leonardo pulcini,182,8.0,4,124.142,11.861,77.355,34.926,,GF,3,86.5,75.0,56.0,False,722
imsa,2024,Sebring,Sebring International Raceway,race,609,60,GTDPRO,Leonardo Pulcini,leonardo pulcini,183,8.0,5,123.227,11.611,77.063,34.553,,GF,4,86.4,75.0,55.0,False,722
imsa,2024,Sebring,Sebring International Raceway,race,609,60,GTDPRO,Leonardo Pulcini,leonardo pulcini,184,8.0,6,122.715,11.59,76.402,34.723,,GF,5,86.3,75.0,55.0,False,722
imsa,2024,Sebring,Sebring International Raceway,race,609,60,GTDPRO,Leonardo Pulcini,leonardo pulcini,185,8.0,7,122.506,11.598,76.48,34.428,,GF,6,86.1,75.0,56.0,False,722
imsa,2024,Sebring,Sebring International Raceway,race,609,60,GTDPRO,Leonardo Pulcini,leonardo pulcini,186,8.0,8,124.106,11.621,78.004,34.481,,GF,7,86.2,75.0,56.0,False,722
imsa,2024,Sebring,Sebring International Raceway,race,609,60,GTDPRO,Leonardo Pulcini,leonardo pulcini,187,8.0,9,122.869,11.527,76.59,34.752,,GF,8,86.4,75.0,55.0,False,722
imsa,2024,Sebring,Sebring International Raceway,race,609,60,GTDPRO,Leonardo Pulcini,leonardo pulcini,188,8.0,10,123.765,11.797,77.267,34.701,,GF,9,86.6,75.0,54.0,False,722
imsa,2024,Sebring,Sebring International Raceway,race,609,60,GTDPRO,Leonardo Pulcini,leonardo pulcini,189,8.0,11,126.02,11.57,79.575,34.875,,GF,10,86.8,75.0,54.0,False,722
imsa,2024,Sebring,Sebring International Raceway,race,609,60,GTDPRO,Leonardo Pulcini,leonardo pulcini,190,8.0,12,125.169,11.789,78.609,34.771,,GF,11,87.0,75.0,54.0,False,722
imsa,2024,Sebring,Sebring International Raceway,race,609,60,GTDPRO,Leonardo Pulcini,leonardo pulcini,191,8.0,13,123.374,11.795,77.124,34.455,,GF,12,87.2,75.0,54.0,False,722
imsa,2024,Sebring,Sebring International Raceway,race,609,60,GTDPRO,Leonardo Pulcini,leonardo pulcini,192,8.0,14,123.098,11.507,77.098,34.493,,GF,13,87.2,75.0,54.0,False,722
imsa,2024,Sebring,Sebring International Raceway,race,609,60,GTDPRO,Leonardo Pulcini,leonardo pulcini,193,8.0,15,122.285,11.464,76.309,34.512,,GF,14,87.1,75.0,54.0,False,722
imsa,2024,Sebring,Sebring International Raceway,race,609,60,GTDPRO,Leonardo Pulcini,leonardo pulcini,194,8.0,16,122.335,11.533,76.474,34.328,,GF,15,86.9,75.0,54.0,False,722
imsa,2024,Sebring,Sebring International Raceway,race,609,60,GTDPRO,Leonardo Pulcini,leonardo pulcini,195,8.0,17,124.044,11.509,77.369,35.166,,GF,16,86.8,75.0,54.0,False,722
imsa,2024,Sebring,Sebring International Raceway,race,609,60,GTDPRO,Leonardo Pulcini,leonardo pulcini,196,8.0,18,123.262,11.747,76.995,34.52,,GF,17,86.8,75.0,54.0,False,722
imsa,2024,Sebring,Sebring International Raceway,race,609,60,GTDPRO,Leonardo Pulcini,leonardo pulcini,197,8.0,19,128.135,11.457,76.783,39.895,,FCY,18,87.0,75.0,54.0,False,722
imsa,2024,Sebring,Sebring International Raceway,race,609,60,GTDPRO,Leonardo Pulcini,leonardo pulcini,198,8.0,20,138.973,14.031,87.262,37.68,,FCY,18,87.2,75.0,54.0,False,722
imsa,2024,Sebring,Sebring International Raceway,race,609,60,GTDPRO,Leonardo Pulcini,leonardo pulcini,199,8.0,21,175.936,14.629,89.155,72.152,,FCY,18,87.4,75.0,53.0,False,722
imsa,2024,Sebring,Sebring International Raceway,race,609,60,GTDPRO,Leonardo Pulcini,leonardo pulcini,200,8.0,22,223.413,17.15,140.177,66.086,,FCY,18,87.2,75.0,53.0,False,722
imsa,2024,Sebring,Sebring International Raceway,race,609,60,GTDPRO,Leonardo Pulcini,leonardo pulcini,201,8.0,23,193.977,16.07,110.956,66.951,,FCY,18,87.1,75.0,54.0,False,722
imsa,2024,Sebring,Sebring International Raceway,race,609,60,GTDPRO,Matteo Cressoni,matteo cressoni,202,9.0,0,234.872,72.583,95.257,67.032,72.593,FCY,0,86.9,75.0,55.0,False,722
imsa,2024,Sebring,Sebring International Raceway,race,609,60,GTDPRO,Matteo Cressoni,matteo cressoni,203,9.0,1,234.895,19.935,134.483,80.477,,FCY,0,86.8,75.0,55.0,False,722
imsa,2024,Sebring,Sebring International Raceway,race,609,60,GTDPRO,Matteo Cressoni,matteo cressoni,204,9.0,2,259.37,145.701,78.846,34.823,145.95,GF,0,86.6,75.0,55.0,False,722
imsa,2024,Sebring,Sebring International Raceway,race,609,60,GTDPRO,Matteo Cressoni,matteo cressoni,205,9.0,3,122.541,11.668,76.388,34.485,,GF,0,86.5,75.0,55.0,False,722
imsa,2024,Sebring,Sebring International Raceway,race,609,60,GTDPRO,Matteo Cressoni,matteo cressoni,206,9.0,4,124.151,11.732,77.138,35.281,,GF,1,86.5,75.0,54.0,False,722
imsa,2024,Sebring,Sebring International Raceway,race,609,60,GTDPRO,Matteo Cressoni,matteo cressoni,207,9.0,5,128.701,11.735,77.342,39.624,,FCY,2,86.5,75.0,55.0,False,722
imsa,2024,Sebring,Sebring International Raceway,race,609,60,GTDPRO,Matteo Cressoni,matteo cressoni,208,9.0,6,174.453,15.803,123.573,35.077,,FCY,2,86.5,75.0,55.0,False,722
imsa,2024,Sebring,Sebring International Raceway,race,609,60,GTDPRO,Matteo Cressoni,matteo cressoni,209,9.0,7,123.944,11.881,77.068,34.995,,FCY,2,86.5,75.0,55.0,False,722
imsa,2024,Sebring,Sebring International Raceway,race,609,60,GTDPRO,Matteo Cressoni,matteo cressoni,210,9.0,8,149.257,11.859,95.991,41.407,,GF,2,86.6,75.0,56.0,False,722
imsa,2024,Sebring,Sebring International Raceway,race,609,60,GTDPRO,Matteo Cressoni,matteo cressoni,211,9.0,9,123.947,11.887,77.377,34.683,,GF,3,86.6,75.0,55.0,False,722
imsa,2024,Sebring,Sebring International Raceway,race,609,60,GTDPRO,Matteo Cressoni,matteo cressoni,212,9.0,10,122.896,11.572,76.774,34.55,,GF,4,86.6,75.0,55.0,False,722
imsa,2024,Sebring,Sebring International Raceway,race,609,60,GTDPRO,Matteo Cressoni,matteo cressoni,213,9.0,11,124.8,11.595,77.673,35.532,,GF,5,86.6,75.0,55.0,False,722
imsa,2024,Sebring,Sebring International Raceway,race,609,60,GTDPRO,Matteo Cressoni,matteo cressoni,214,9.0,12,123.404,11.734,77.064,34.606,,GF,6,86.7,75.0,56.0,False,722
imsa,2024,Sebring,Sebring International Raceway,race,609,60,GTDPRO,Matteo Cressoni,matteo cressoni,215,9.0,13,123.489,11.6,77.117,34.772,,GF,7,86.7,75.0,56.0,False,722
imsa,2024,Sebring,Sebring International Raceway,race,609,60,GTDPRO,Matteo Cressoni,matteo cressoni,216,9.0,14,123.446,11.572,77.216,34.658,,GF,8,86.8,75.0,55.0,False,722
imsa,2024,Sebring,Sebring International Raceway,race,609,60,GTDPRO,Matteo Cressoni,matteo cressoni,217,9.0,15,135.448,11.688,86399.0,86399.0,,GF,9,86.6,75.0,55.0,False,722
imsa,2024,Sebring,Sebring International Raceway,race,609,60,GTDPRO,Matteo Cressoni,matteo cressoni,218,9.0,16,123.702,11.871,77.333,34.498,,GF,10,86.7,75.0,55.0,False,722
imsa,2024,Sebring,Sebring International Raceway,race,609,60,GTDPRO,Matteo Cressoni,matteo cressoni,219,9.0,17,123.289,11.696,76.941,34.652,,GF,11,86.5,76.0,55.0,False,722
imsa,2024,Sebring,Sebring International Raceway,race,609,60,GTDPRO,Matteo Cressoni,matteo cressoni,220,9.0,18,123.007,11.628,76.824,34.555,,GF,12,86.5,76.0,55.0,False,722
imsa,2024,Sebring,Sebring International Raceway,race,609,60,GTDPRO,Matteo Cressoni,matteo cressoni,221,9.0,19,123.09,11.644,77.053,34.393,,GF,13,86.5,76.0,54.0,False,722
imsa,2024,Sebring,Sebring International Raceway,race,609,60,GTDPRO,Matteo Cressoni,matteo cressoni,222,9.0,20,122.483,11.494,76.564,34.425,,GF,14,86.4,76.0,55.0,False,722
imsa,2024,Sebring,Sebring International Raceway,race,609,60,GTDPRO,Matteo Cressoni,matteo cressoni,223,9.0,21,122.488,11.57,76.439,34.479,,GF,15,86.4,76.0,55.0,False,722
imsa,2024,Sebring,Sebring International Raceway,race,609,60,GTDPRO,Matteo Cressoni,matteo cressoni,224,9.0,22,122.443,11.541,76.366,34.536,,GF,16,86.5,76.0,55.0,False,722
imsa,2024,Sebring,Sebring International Raceway,race,609,60,GTDPRO,Matteo Cressoni,matteo cressoni,225,9.0,23,123.446,11.605,76.681,35.16,,GF,17,86.5,76.0,55.0,False,722
imsa,2024,Sebring,Sebring International Raceway,race,609,60,GTDPRO,Matteo Cressoni,matteo cressoni,226,9.0,24,125.519,11.702,78.518,35.299,,GF,18,86.5,76.0,55.0,False,722
imsa,2024,Sebring,Sebring International Raceway,race,609,60,GTDPRO,Matteo Cressoni,matteo cressoni,227,9.0,25,125.186,11.67,78.516,35.0,,GF,19,86.5,76.0,55.0,False,722
imsa,2024,Sebring,Sebring International Raceway,race,609,60,GTDPRO,Matteo Cressoni,matteo cressoni,228,9.0,26,123.668,11.655,77.258,34.755,,GF,20,86.5,75.0,55.0,False,722
imsa,2024,Sebring,Sebring International Raceway,race,609,60,GTDPRO,Matteo Cressoni,matteo cressoni,229,9.0,27,124.62,11.667,77.743,35.21,,GF,21,86.6,75.0,54.0,False,722
imsa,2024,Sebring,Sebring International Raceway,race,609,60,GTDPRO,Matteo Cressoni,matteo cressoni,230,9.0,28,123.398,11.694,76.892,34.812,,GF,22,86.5,75.0,55.0,False,722
imsa,2024,Sebring,Sebring International Raceway,race,609,60,GTDPRO,Matteo Cressoni,matteo cressoni,231,9.0,29,122.556,11.478,76.421,34.657,,GF,23,86.3,75.0,55.0,False,722
imsa,2024,Sebring,Sebring International Raceway,race,609,60,GTDPRO,Matteo Cressoni,matteo cressoni,232,9.0,30,131.987,11.587,76.79,43.61,,GF,24,86.2,76.0,56.0,False,722
imsa,2024,Sebring,Sebring International Raceway,race,609,60,GTDPRO,Matteo Cressoni,matteo cressoni,233,9.0,31,206.628,78.688,80.197,47.743,79.11,FCY,0,85.9,76.0,56.0,False,722
imsa,2024,Sebring,Sebring International Raceway,race,609,60,GTDPRO,Matteo Cressoni,matteo cressoni,234,9.0,32,143.644,16.668,87.502,39.474,,FCY,0,85.8,76.0,57.0,False,722
imsa,2024,Sebring,Sebring International Raceway,race,609,60,GTDPRO,Matteo Cressoni,matteo cressoni,235,9.0,33,139.312,12.961,83.969,42.382,,FCY,0,85.6,76.0,57.0,False,722
imsa,2024,Sebring,Sebring International Raceway,race,609,60,GTDPRO,Matteo Cressoni,matteo cressoni,236,9.0,34,134.334,12.493,78.992,42.849,,FCY,0,85.5,76.0,57.0,False,722
imsa,2024,Sebring,Sebring International Raceway,race,609,60,GTDPRO,Matteo Cressoni,matteo cressoni,237,9.0,35,156.767,13.975,95.58,47.212,,FCY,0,85.2,76.0,57.0,False,722
imsa,2024,Sebring,Sebring International Raceway,race,609,60,GTDPRO,Matteo Cressoni,matteo cressoni,238,9.0,36,173.02,14.844,106.231,51.945,,FCY,0,85.1,76.0,58.0,False,722
imsa,2024,Sebring,Sebring International Raceway,race,609,60,GTDPRO,Matteo Cressoni,matteo cressoni,239,9.0,37,202.289,13.82,118.685,69.784,,FCY,0,84.8,76.0,58.0,False,722
imsa,2024,Sebring,Sebring International Raceway,race,609,60,GTDPRO,Matteo Cressoni,matteo cressoni,240,9.0,38,201.205,48.354,107.179,45.672,48.821,GF,0,84.6,76.0,59.0,False,722
imsa,2024,Sebring,Sebring International Raceway,race,609,60,GTDPRO,Matteo Cressoni,matteo cressoni,241,9.0,39,127.597,12.308,79.9,35.389,,GF,0,84.6,76.0,59.0,False,722
imsa,2024,Sebring,Sebring International Raceway,race,609,60,GTDPRO,Matteo Cressoni,matteo cressoni,242,9.0,40,126.943,11.785,79.597,35.561,,GF,1,84.5,76.0,60.0,False,722
imsa,2024,Sebring,Sebring International Raceway,race,609,60,GTDPRO,Matteo Cressoni,matteo cressoni,243,9.0,41,123.864,11.759,76.933,35.172,,GF,2,84.4,76.0,60.0,False,722
imsa,2024,Sebring,Sebring International Raceway,race,609,60,GTDPRO,Matteo Cressoni,matteo cressoni,244,9.0,42,123.568,11.878,77.069,34.621,,GF,3,84.3,76.0,60.0,False,722
imsa,2024,Sebring,Sebring International Raceway,race,609,60,GTDPRO,Matteo Cressoni,matteo cressoni,245,9.0,43,123.983,11.836,77.199,34.948,,GF,4,84.2,76.0,60.0,False,722
imsa,2024,Sebring,Sebring International Raceway,race,609,60,GTDPRO,Matteo Cressoni,matteo cressoni,246,9.0,44,124.203,11.722,77.556,34.925,,GF,5,84.1,76.0,60.0,False,722
imsa,2024,Sebring,Sebring International Raceway,race,609,60,GTDPRO,Matteo Cressoni,matteo cressoni,247,9.0,45,125.177,11.885,77.602,35.69,,GF,6,84.1,76.0,61.0,False,722
imsa,2024,Sebring,Sebring International Raceway,race,609,60,GTDPRO,Matteo Cressoni,matteo cressoni,248,9.0,46,123.408,11.759,77.019,34.63,,GF,7,84.0,76.0,61.0,False,722
imsa,2024,Sebring,Sebring International Raceway,race,609,60,GTDPRO,Matteo Cressoni,matteo cressoni,249,9.0,47,123.482,11.656,77.062,34.764,,GF,8,83.9,76.0,61.0,False,722
imsa,2024,Sebring,Sebring International Raceway,race,609,60,GTDPRO,Matteo Cressoni,matteo cressoni,250,9.0,48,125.075,11.722,78.023,35.33,,GF,9,83.9,76.0,61.0,False,722
imsa,2024,Sebring,Sebring International Raceway,race,609,60,GTDPRO,Matteo Cressoni,matteo cressoni,251,9.0,49,124.184,11.646,77.384,35.154,,GF,10,83.9,76.0,61.0,False,722
imsa,2024,Sebring,Sebring International Raceway,race,609,60,GTDPRO,Matteo Cressoni,matteo cressoni,252,9.0,50,123.392,11.588,76.922,34.882,,GF,11,83.8,76.0,61.0,False,722
imsa,2024,Sebring,Sebring International Raceway,race,609,60,GTDPRO,Matteo Cressoni,matteo cressoni,253,9.0,51,123.307,11.623,77.003,34.681,,GF,12,83.7,76.0,61.0,False,722
imsa,2024,Sebring,Sebring International Raceway,race,609,60,GTDPRO,Matteo Cressoni,matteo cressoni,254,9.0,52,122.988,11.593,76.62,34.775,,GF,13,83.8,76.0,61.0,False,722
imsa,2024,Sebring,Sebring International Raceway,race,609,60,GTDPRO,Matteo Cressoni,matteo cressoni,255,9.0,53,123.05,11.513,76.778,34.759,,GF,14,83.7,76.0,62.0,False,722
imsa,2024,Sebring,Sebring International Raceway,race,609,60,GTDPRO,Matteo Cressoni,matteo cressoni,256,9.0,54,123.234,11.65,76.842,34.742,,GF,15,83.6,76.0,62.0,False,722
imsa,2024,Sebring,Sebring International Raceway,race,609,60,GTDPRO,Matteo Cressoni,matteo cressoni,257,9.0,55,122.634,11.509,76.545,34.58,,GF,16,83.5,76.0,63.0,False,722
imsa,2024,Sebring,Sebring International Raceway,race,609,60,GTDPRO,Matteo Cressoni,matteo cressoni,258,9.0,56,124.605,11.57,78.026,35.009,,GF,17,83.3,76.0,63.0,False,722
imsa,2024,Sebring,Sebring International Raceway,race,609,60,GTDPRO,Matteo Cressoni,matteo cressoni,259,9.0,57,123.586,11.553,77.052,34.981,,GF,18,83.1,76.0,63.0,False,722
imsa,2024,Sebring,Sebring International Raceway,race,609,60,GTDPRO,Matteo Cressoni,matteo cressoni,260,9.0,58,124.198,11.59,77.593,35.015,,GF,19,83.0,76.0,63.0,False,722
imsa,2024,Sebring,Sebring International Raceway,race,609,60,GTDPRO,Matteo Cressoni,matteo cressoni,261,9.0,59,123.277,11.767,76.887,34.623,,GF,20,82.9,76.0,63.0,False,722
imsa,2024,Sebring,Sebring International Raceway,race,609,60,GTDPRO,Matteo Cressoni,matteo cressoni,262,9.0,60,123.416,11.786,76.829,34.801,,GF,21,82.8,76.0,64.0,False,722
imsa,2024,Sebring,Sebring International Raceway,race,609,60,GTDPRO,Matteo Cressoni,matteo cressoni,263,9.0,61,123.864,11.674,77.468,34.722,,GF,22,82.7,76.0,64.0,False,722
imsa,2024,Sebring,Sebring International Raceway,race,609,60,GTDPRO,Matteo Cressoni,matteo cressoni,264,9.0,62,123.416,11.632,77.066,34.718,,GF,23,82.6,76.0,64.0,False,722
imsa,2024,Sebring,Sebring International Raceway,race,609,60,GTDPRO,Matteo Cressoni,matteo cressoni,265,9.0,63,123.774,11.632,77.021,35.121,,GF,24,82.5,76.0,64.0,False,722
imsa,2024,Sebring,Sebring International Raceway,race,609,60,GTDPRO,Matteo Cressoni,matteo cressoni,266,9.0,64,123.677,11.574,77.364,34.739,,GF,25,82.5,76.0,64.0,False,722
imsa,2024,Sebring,Sebring International Raceway,race,609,60,GTDPRO,Matteo Cressoni,matteo cressoni,267,9.0,65,124.04,11.674,77.544,34.822,,GF,26,82.4,76.0,64.0,False,722
imsa,2024,Sebring,Sebring International Raceway,race,609,60,GTDPRO,Matteo Cressoni,matteo cressoni,268,9.0,66,126.005,12.051,77.996,35.958,,GF,27,82.2,76.0,65.0,False,722
imsa,2024,Sebring,Sebring International Raceway,race,609,60,GTDPRO,Matteo Cressoni,matteo cressoni,269,9.0,67,135.859,12.008,77.736,46.115,,GF,28,82.1,76.0,65.0,False,722
imsa,2024,Sebring,Sebring International Raceway,race,609,60,GTDPRO,Leonardo Pulcini,leonardo pulcini,270,10.0,0,194.007,79.977,79.233,34.797,80.097,GF,0,82.0,76.0,65.0,False,722
imsa,2024,Sebring,Sebring International Raceway,race,609,60,GTDPRO,Leonardo Pulcini,leonardo pulcini,271,10.0,1,123.86,11.608,77.199,35.053,,GF,0,82.0,76.0,65.0,False,722
imsa,2024,Sebring,Sebring International Raceway,race,609,60,GTDPRO,Leonardo Pulcini,leonardo pulcini,272,10.0,2,122.854,11.547,76.926,34.381,,GF,1,81.9,76.0,65.0,False,722
imsa,2024,Sebring,Sebring International Raceway,race,609,60,GTDPRO,Leonardo Pulcini,leonardo pulcini,273,10.0,3,122.198,11.574,76.32,34.304,,GF,2,81.8,76.0,65.0,False,722
imsa,2024,Sebring,Sebring International Raceway,race,609,60,GTDPRO,Leonardo Pulcini,leonardo pulcini,274,10.0,4,123.499,11.599,76.694,35.206,,GF,3,81.8,76.0,65.0,False,722
imsa,2024,Sebring,Sebring International Raceway,race,609,60,GTDPRO,Leonardo Pulcini,leonardo pulcini,275,10.0,5,123.19,11.736,76.961,34.493,,GF,4,81.7,76.0,66.0,False,722
imsa,2024,Sebring,Sebring International Raceway,race,609,60,GTDPRO,Leonardo Pulcini,leonardo pulcini,276,10.0,6,123.876,11.567,77.51,34.799,,GF,5,81.6,76.0,66.0,False,722
imsa,2024,Sebring,Sebring International Raceway,race,609,60,GTDPRO,Leonardo Pulcini,leonardo pulcini,277,10.0,7,122.727,11.682,76.574,34.471,,GF,6,81.5,76.0,66.0,False,722
imsa,2024,Sebring,Sebring International Raceway,race,609,60,GTDPRO,Leonardo Pulcini,leonardo pulcini,278,10.0,8,123.896,11.589,76.736,35.571,,GF,7,81.4,76.0,66.0,False,722
imsa,2024,Sebring,Sebring International Raceway,race,609,60,GTDPRO,Leonardo Pulcini,leonardo pulcini,279,10.0,9,122.846,11.771,76.666,34.409,,GF,8,81.3,76.0,66.0,False,722
imsa,2024,Sebring,Sebring International Raceway,race,609,60,GTDPRO,Leonardo Pulcini,leonardo pulcini,280,10.0,10,122.846,11.638,76.609,34.599,,GF,9,81.2,76.0,66.0,False,722
imsa,2024,Sebring,Sebring International Raceway,race,609,60,GTDPRO,Leonardo Pulcini,leonardo pulcini,281,10.0,11,123.855,11.685,77.126,35.044,,GF,10,81.1,76.0,67.0,False,722
imsa,2024,Sebring,Sebring International Raceway,race,609,60,GTDPRO,Leonardo Pulcini,leonardo pulcini,282,10.0,12,133.786,11.578,81.234,40.974,,FCY,11,81.0,76.0,67.0,False,722
imsa,2024,Sebring,Sebring International Raceway,race,609,60,GTDPRO,Leonardo Pulcini,leonardo pulcini,283,10.0,13,156.632,14.228,104.763,37.641,,FCY,11,80.8,76.0,67.0,False,722
imsa,2024,Sebring,Sebring International Raceway,race,609,60,GTDPRO,Leonardo Pulcini,leonardo pulcini,284,10.0,14,142.807,13.945,87.217,41.645,,FCY,11,80.7,76.0,67.0,False,722
imsa,2024,Sebring,Sebring International Raceway,race,609,60,GTDPRO,Leonardo Pulcini,leonardo pulcini,285,10.0,15,148.324,13.801,84.521,50.002,,FCY,11,80.6,75.0,68.0,False,722
imsa,2024,Sebring,Sebring International Raceway,race,609,60,GTDPRO,Leonardo Pulcini,leonardo pulcini,286,10.0,16,176.015,12.565,105.526,57.924,,FCY,11,80.4,75.0,68.0,False,722
imsa,2024,Sebring,Sebring International Raceway,race,609,60,GTDPRO,Leonardo Pulcini,leonardo pulcini,287,10.0,17,154.029,12.393,105.807,35.829,,FCY,11,80.3,75.0,69.0,False,722
imsa,2024,Sebring,Sebring International Raceway,race,609,60,GTDPRO,Leonardo Pulcini,leonardo pulcini,288,10.0,18,134.244,12.304,77.858,44.082,,FCY,11,80.1,75.0,69.0,False,722
imsa,2024,Sebring,Sebring International Raceway,race,609,60,GTDPRO,Leonardo Pulcini,leonardo pulcini,289,10.0,19,187.871,72.98,80.16,34.731,73.078,FCY,0,80.0,75.0,69.0,False,722
imsa,2024,Sebring,Sebring International Raceway,race,609,60,GTDPRO,Leonardo Pulcini,leonardo pulcini,290,10.0,20,158.474,11.738,106.769,39.967,,GF,0,79.8,75.0,69.0,False,722
imsa,2024,Sebring,Sebring International Raceway,race,609,60,GTDPRO,Leonardo Pulcini,leonardo pulcini,291,10.0,21,135.431,11.764,78.384,45.283,,GF,1,79.7,75.0,69.0,False,722
imsa,2024,Sebring,Sebring International Raceway,race,609,60,GTDPRO,Leonardo Pulcini,leonardo pulcini,292,10.0,22,147.133,32.365,79.97,34.798,32.996,GF,0,79.6,75.0,69.0,False,722
imsa,2024,Sebring,Sebring International Raceway,race,609,60,GTDPRO,Leonardo Pulcini,leonardo pulcini,293,10.0,23,123.657,11.897,77.307,34.453,,GF,0,79.4,75.0,69.0,False,722
imsa,2024,Sebring,Sebring International Raceway,race,609,60,GTDPRO,Leonardo Pulcini,leonardo pulcini,294,10.0,24,122.957,11.784,76.763,34.41,,GF,1,79.3,75.0,70.0,False,722
imsa,2024,Sebring,Sebring International Raceway,race,609,60,GTDPRO,Leonardo Pulcini,leonardo pulcini,295,10.0,25,122.635,11.682,76.571,34.382,,FCY,2,79.2,75.0,70.0,False,722
imsa,2024,Sebring,Sebring International Raceway,race,609,60,GTDPRO,Leonardo Pulcini,leonardo pulcini,296,10.0,26,135.076,12.543,78.125,44.408,,FCY,2,79.1,75.0,70.0,False,722
imsa,2024,Sebring,Sebring International Raceway,race,609,60,GTDPRO,Leonardo Pulcini,leonardo pulcini,297,10.0,27,169.664,16.082,91.786,61.796,,FCY,2,79.0,75.0,70.0,False,722
imsa,2024,Sebring,Sebring International Raceway,race,609,60,GTDPRO,Leonardo Pulcini,leonardo pulcini,298,10.0,28,174.253,21.4,107.775,45.078,,GF,2,78.9,75.0,70.0,False,722
imsa,2024,Sebring,Sebring International Raceway,race,609,60,GTDPRO,Leonardo Pulcini,leonardo pulcini,299,10.0,29,122.783,11.819,76.627,34.337,,GF,3,78.8,75.0,70.0,False,722
imsa,2024,Sebring,Sebring International Raceway,race,609,60,GTDPRO,Leonardo Pulcini,leonardo pulcini,300,10.0,30,123.587,11.745,76.59,35.252,,GF,4,78.7,75.0,71.0,False,722
imsa,2024,Sebring,Sebring International Raceway,race,609,60,GTDPRO,Leonardo Pulcini,leonardo pulcini,301,10.0,31,160.283,11.747,96.105,52.431,,FCY,5,78.7,75.0,71.0,False,722
imsa,2024,Sebring,Sebring International Raceway,race,609,60,GTDPRO,Leonardo Pulcini,leonardo pulcini,302,10.0,32,201.902,14.517,120.26,67.125,,FCY,5,78.5,75.0,71.0,False,722
imsa,2024,Sebring,Sebring International Raceway,race,609,60,GTDPRO,Leonardo Pulcini,leonardo pulcini,303,10.0,33,184.103,21.122,103.64,59.341,,FCY,5,78.4,75.0,71.0,False,722
imsa,2024,Sebring,Sebring International Raceway,race,609,60,GTDPRO,Leonardo Pulcini,leonardo pulcini,304,10.0,34,201.008,16.495,135.771,48.742,,GF,5,78.2,75.0,71.0,False,722
imsa,2024,Sebring,Sebring International Raceway,race,609,60,GTDPRO,Leonardo Pulcini,leonardo pulcini,305,10.0,35,125.014,11.632,78.186,35.196,,GF,6,78.1,75.0,71.0,False,722
imsa,2024,Sebring,Sebring International Raceway,race,609,60,GTDPRO,Leonardo Pulcini,leonardo pulcini,306,10.0,36,123.542,11.695,77.27,34.577,,GF,7,77.9,75.0,71.0,False,722
imsa,2024,Sebring,Sebring International Raceway,race,609,60,GTDPRO,Leonardo Pulcini,leonardo pulcini,307,10.0,37,123.137,11.896,76.501,34.74,,GF,8,77.9,75.0,72.0,False,722
imsa,2024,Sebring,Sebring International Raceway,race,609,60,GTDPRO,Leonardo Pulcini,leonardo pulcini,308,10.0,38,123.104,11.61,76.903,34.591,,GF,9,77.9,75.0,72.0,False,722
imsa,2024,Sebring,Sebring International Raceway,race,609,60,GTDPRO,Leonardo Pulcini,leonardo pulcini,309,10.0,39,123.538,11.707,77.266,34.565,,GF,10,77.7,75.0,72.0,False,722
imsa,2024,Sebring,Sebring International Raceway,race,609,60,GTDPRO,Leonardo Pulcini,leonardo pulcini,310,10.0,40,122.753,11.634,76.643,34.476,,GF,11,77.6,75.0,72.0,False,722
imsa,2024,Sebring,Sebring International Raceway,race,609,60,GTDPRO,Leonardo Pulcini,leonardo pulcini,311,10.0,41,121.941,11.526,76.019,34.396,,GF,12,77.5,75.0,72.0,False,722
imsa,2024,Sebring,Sebring International Raceway,race,609,60,GTDPRO,Leonardo Pulcini,leonardo pulcini,312,10.0,42,122.083,11.622,76.087,34.374,,GF,13,77.5,75.0,72.0,False,722
imsa,2024,Sebring,Sebring International Raceway,race,609,60,GTDPRO,Leonardo Pulcini,leonardo pulcini,313,10.0,43,122.22,11.57,76.142,34.508,,GF,14,77.5,75.0,72.0,False,722
imsa,2024,Sebring,Sebring International Raceway,race,609,60,GTDPRO,Leonardo Pulcini,leonardo pulcini,314,10.0,44,124.973,11.618,78.933,34.422,,GF,15,77.4,75.0,72.0,False,722
imsa,2024,Sebring,Sebring International Raceway,race,609,60,GTDPRO,Leonardo Pulcini,leonardo pulcini,315,10.0,45,122.365,11.568,76.335,34.462,,GF,16,77.5,75.0,72.0,False,722
imsa,2024,Sebring,Sebring International Raceway,race,609,60,GTDPRO,Leonardo Pulcini,leonardo pulcini,316,10.0,46,122.42,11.613,76.276,34.531,,FF,17,77.4,75.0,72.0,False,722
imsa,2024,Sebring,Sebring International Raceway,race,609,62,GTDPRO,Davide Rigon,davide rigon,1,1.0,0,165.345,36.431,94.427,34.487,,GF,0,71.6,74.0,85.0,False,722
imsa,2024,Sebring,Sebring International Raceway,race,609,62,GTDPRO,Davide Rigon,davide rigon,2,1.0,1,122.423,12.067,76.253,34.103,,GF,0,71.9,75.0,85.0,False,722
imsa,2024,Sebring,Sebring International Raceway,race,609,62,GTDPRO,Davide Rigon,davide rigon,3,1.0,2,122.018,11.582,76.285,34.151,,GF,1,72.3,75.0,85.0,False,722
imsa,2024,Sebring,Sebring International Raceway,race,609,62,GTDPRO,Davide Rigon,davide rigon,4,1.0,3,122.863,11.579,76.866,34.418,,GF,2,72.5,75.0,84.0,False,722
imsa,2024,Sebring,Sebring International Raceway,race,609,62,GTDPRO,Davide Rigon,davide rigon,5,1.0,4,123.659,11.707,77.3,34.652,,GF,3,72.8,75.0,84.0,False,722
imsa,2024,Sebring,Sebring International Raceway,race,609,62,GTDPRO,Davide Rigon,davide rigon,6,1.0,5,122.582,11.595,76.768,34.219,,GF,4,73.1,75.0,83.0,False,722
imsa,2024,Sebring,Sebring International Raceway,race,609,62,GTDPRO,Davide Rigon,davide rigon,7,1.0,6,121.997,11.521,75.948,34.528,,GF,5,73.4,75.0,83.0,False,722
imsa,2024,Sebring,Sebring International Raceway,race,609,62,GTDPRO,Davide Rigon,davide rigon,8,1.0,7,122.864,11.553,77.183,34.128,,GF,6,73.5,75.0,82.0,False,722
imsa,2024,Sebring,Sebring International Raceway,race,609,62,GTDPRO,Davide Rigon,davide rigon,9,1.0,8,122.642,11.673,76.734,34.235,,GF,7,73.6,75.0,82.0,False,722
imsa,2024,Sebring,Sebring International Raceway,race,609,62,GTDPRO,Davide Rigon,davide rigon,10,1.0,9,122.13,11.609,76.314,34.207,,GF,8,73.8,75.0,82.0,False,722
imsa,2024,Sebring,Sebring International Raceway,race,609,62,GTDPRO,Davide Rigon,davide rigon,11,1.0,10,122.663,11.49,76.861,34.312,,GF,9,73.9,75.0,81.0,False,722
imsa,2024,Sebring,Sebring International Raceway,race,609,62,GTDPRO,Davide Rigon,davide rigon,12,1.0,11,123.469,11.57,77.542,34.357,,GF,10,74.1,75.0,81.0,False,722
imsa,2024,Sebring,Sebring International Raceway,race,609,62,GTDPRO,Davide Rigon,davide rigon,13,1.0,12,123.236,11.558,77.17,34.508,,GF,11,74.3,75.0,81.0,False,722
imsa,2024,Sebring,Sebring International Raceway,race,609,62,GTDPRO,Davide Rigon,davide rigon,14,1.0,13,123.531,11.587,77.526,34.418,,GF,12,74.6,75.0,80.0,False,722
imsa,2024,Sebring,Sebring International Raceway,race,609,62,GTDPRO,Davide Rigon,davide rigon,15,1.0,14,123.201,11.815,76.972,34.414,,GF,13,74.7,75.0,80.0,False,722
imsa,2024,Sebring,Sebring International Raceway,race,609,62,GTDPRO,Davide Rigon,davide rigon,16,1.0,15,123.432,11.898,77.121,34.413,,GF,14,74.8,75.0,80.0,False,722
imsa,2024,Sebring,Sebring International Raceway,race,609,62,GTDPRO,Davide Rigon,davide rigon,17,1.0,16,121.946,11.478,76.023,34.445,,GF,15,74.9,74.0,80.0,False,722
imsa,2024,Sebring,Sebring International Raceway,race,609,62,GTDPRO,Davide Rigon,davide rigon,18,1.0,17,128.141,11.493,76.777,39.871,,FCY,16,75.0,74.0,79.0,False,722
imsa,2024,Sebring,Sebring International Raceway,race,609,62,GTDPRO,Davide Rigon,davide rigon,19,1.0,18,204.19,22.706,144.639,36.845,,FCY,16,75.3,74.0,79.0,False,722
imsa,2024,Sebring,Sebring International Raceway,race,609,62,GTDPRO,Davide Rigon,davide rigon,20,1.0,19,128.812,12.385,80.464,35.963,,FCY,16,75.3,74.0,79.0,False,722
imsa,2024,Sebring,Sebring International Raceway,race,609,62,GTDPRO,Davide Rigon,davide rigon,21,1.0,20,188.692,12.109,109.285,67.298,,FCY,16,75.6,74.0,78.0,False,722
imsa,2024,Sebring,Sebring International Raceway,race,609,62,GTDPRO,Davide Rigon,davide rigon,22,1.0,21,172.554,12.756,96.245,63.553,,FCY,16,76.0,74.0,78.0,False,722
imsa,2024,Sebring,Sebring International Raceway,race,609,62,GTDPRO,Davide Rigon,davide rigon,23,1.0,22,227.478,100.104,87.639,39.735,99.691,FCY,0,76.4,74.0,78.0,False,722
imsa,2024,Sebring,Sebring International Raceway,race,609,62,GTDPRO,Davide Rigon,davide rigon,24,1.0,23,193.484,24.996,133.106,35.382,,GF,0,76.6,74.0,77.0,False,722
imsa,2024,Sebring,Sebring International Raceway,race,609,62,GTDPRO,Davide Rigon,davide rigon,25,1.0,24,123.919,11.47,78.311,34.138,,GF,1,76.8,74.0,77.0,False,722
imsa,2024,Sebring,Sebring International Raceway,race,609,62,GTDPRO,Davide Rigon,davide rigon,26,1.0,25,122.248,11.732,76.094,34.422,,GF,2,76.9,74.0,77.0,False,722
imsa,2024,Sebring,Sebring International Raceway,race,609,62,GTDPRO,Davide Rigon,davide rigon,27,1.0,26,122.559,11.409,76.573,34.577,,GF,3,76.9,74.0,76.0,False,722
imsa,2024,Sebring,Sebring International Raceway,race,609,62,GTDPRO,Davide Rigon,davide rigon,28,1.0,27,122.848,11.907,76.388,34.553,,GF,4,77.1,74.0,76.0,False,722
imsa,2024,Sebring,Sebring International Raceway,race,609,62,GTDPRO,Davide Rigon,davide rigon,29,1.0,28,123.697,11.874,77.359,34.464,,GF,5,77.3,74.0,76.0,False,722
imsa,2024,Sebring,Sebring International Raceway,race,609,62,GTDPRO,Davide Rigon,davide rigon,30,1.0,29,123.396,11.754,77.019,34.623,,GF,6,77.6,74.0,75.0,False,722
imsa,2024,Sebring,Sebring International Raceway,race,609,62,GTDPRO,Davide Rigon,davide rigon,31,1.0,30,122.635,11.674,76.641,34.32,,GF,7,77.9,75.0,75.0,False,722
imsa,2024,Sebring,Sebring International Raceway,race,609,62,GTDPRO,Davide Rigon,davide rigon,32,1.0,31,124.619,11.551,77.325,35.743,,GF,8,78.0,75.0,75.0,False,722
imsa,2024,Sebring,Sebring International Raceway,race,609,62,GTDPRO,Davide Rigon,davide rigon,33,1.0,32,123.927,11.844,77.515,34.568,,GF,9,78.2,75.0,75.0,False,722
imsa,2024,Sebring,Sebring International Raceway,race,609,62,GTDPRO,Davide Rigon,davide rigon,34,1.0,33,123.459,11.88,77.313,34.266,,GF,10,78.3,75.0,75.0,False,722
imsa,2024,Sebring,Sebring International Raceway,race,609,62,GTDPRO,Davide Rigon,davide rigon,35,1.0,34,121.898,11.642,75.941,34.315,,GF,11,78.4,75.0,74.0,False,722
imsa,2024,Sebring,Sebring International Raceway,race,609,62,GTDPRO,Davide Rigon,davide rigon,36,1.0,35,121.935,11.505,76.261,34.169,,GF,12,78.2,75.0,74.0,False,722
imsa,2024,Sebring,Sebring International Raceway,race,609,62,GTDPRO,Davide Rigon,davide rigon,37,1.0,36,121.747,11.495,75.784,34.468,,GF,13,78.1,74.0,74.0,False,722
imsa,2024,Sebring,Sebring International Raceway,race,609,62,GTDPRO,Davide Rigon,davide rigon,38,1.0,37,122.351,11.59,76.843,33.918,,GF,14,78.0,74.0,74.0,False,722
imsa,2024,Sebring,Sebring International Raceway,race,609,62,GTDPRO,Davide Rigon,davide rigon,39,1.0,38,121.663,11.571,75.955,34.137,,GF,15,78.0,74.0,74.0,False,722
imsa,2024,Sebring,Sebring International Raceway,race,609,62,GTDPRO,Davide Rigon,davide rigon,40,1.0,39,121.876,11.429,76.282,34.165,,GF,16,78.0,74.0,74.0,False,722
imsa,2024,Sebring,Sebring International Raceway,race,609,62,GTDPRO,Davide Rigon,davide rigon,41,1.0,40,122.265,11.777,76.313,34.175,,GF,17,77.9,74.0,74.0,False,722
imsa,2024,Sebring,Sebring International Raceway,race,609,62,GTDPRO,Davide Rigon,davide rigon,42,1.0,41,122.218,11.623,76.328,34.267,,GF,18,77.9,74.0,74.0,False,722
imsa,2024,Sebring,Sebring International Raceway,race,609,62,GTDPRO,Davide Rigon,davide rigon,43,1.0,42,123.826,11.727,77.456,34.643,,GF,19,77.8,74.0,75.0,False,722
imsa,2024,Sebring,Sebring International Raceway,race,609,62,GTDPRO,Davide Rigon,davide rigon,44,1.0,43,122.739,11.628,76.656,34.455,,GF,20,78.1,74.0,75.0,False,722
imsa,2024,Sebring,Sebring International Raceway,race,609,62,GTDPRO,Davide Rigon,davide rigon,45,1.0,44,122.429,11.52,76.501,34.408,,GF,21,78.6,75.0,74.0,False,722
imsa,2024,Sebring,Sebring International Raceway,race,609,62,GTDPRO,Davide Rigon,davide rigon,46,1.0,45,123.052,11.476,76.714,34.862,,GF,22,78.9,75.0,73.0,False,722
imsa,2024,Sebring,Sebring International Raceway,race,609,62,GTDPRO,Davide Rigon,davide rigon,47,1.0,46,123.094,11.513,76.98,34.601,,GF,23,78.8,75.0,73.0,False,722
imsa,2024,Sebring,Sebring International Raceway,race,609,62,GTDPRO,Davide Rigon,davide rigon,48,1.0,47,123.006,11.664,77.077,34.265,,GF,24,78.9,75.0,73.0,False,722
imsa,2024,Sebring,Sebring International Raceway,race,609,62,GTDPRO,Davide Rigon,davide rigon,49,1.0,48,121.817,11.48,76.208,34.129,,GF,25,79.0,75.0,73.0,False,722
imsa,2024,Sebring,Sebring International Raceway,race,609,62,GTDPRO,Davide Rigon,davide rigon,50,1.0,49,123.48,11.544,76.94,34.996,,GF,26,79.1,75.0,72.0,False,722
imsa,2024,Sebring,Sebring International Raceway,race,609,62,GTDPRO,Davide Rigon,davide rigon,51,1.0,50,122.593,11.489,76.61,34.494,,GF,27,79.1,75.0,72.0,False,722
imsa,2024,Sebring,Sebring International Raceway,race,609,62,GTDPRO,Davide Rigon,davide rigon,52,1.0,51,166.898,11.488,104.881,50.529,,FCY,28,79.0,75.0,72.0,False,722
imsa,2024,Sebring,Sebring International Raceway,race,609,62,GTDPRO,Davide Rigon,davide rigon,53,1.0,52,210.842,18.542,126.471,65.829,,FCY,28,79.1,75.0,72.0,False,722
imsa,2024,Sebring,Sebring International Raceway,race,609,62,GTDPRO,Davide Rigon,davide rigon,54,1.0,53,198.815,23.934,120.989,53.892,,FCY,28,79.2,75.0,72.0,False,722
imsa,2024,Sebring,Sebring International Raceway,race,609,62,GTDPRO,Daniel Serra,daniel serra,55,2.0,0,219.853,79.91,88.746,51.197,78.4,FCY,0,79.4,75.0,71.0,False,722
imsa,2024,Sebring,Sebring International Raceway,race,609,62,GTDPRO,Daniel Serra,daniel serra,56,2.0,1,199.211,28.997,132.489,37.725,,GF,0,79.6,75.0,71.0,False,722
imsa,2024,Sebring,Sebring International Raceway,race,609,62,GTDPRO,Daniel Serra,daniel serra,57,2.0,2,125.063,11.904,78.431,34.728,,GF,1,79.5,75.0,71.0,False,722
imsa,2024,Sebring,Sebring International Raceway,race,609,62,GTDPRO,Daniel Serra,daniel serra,58,2.0,3,122.208,11.593,76.252,34.363,,GF,2,79.5,75.0,71.0,False,722
imsa,2024,Sebring,Sebring International Raceway,race,609,62,GTDPRO,Daniel Serra,daniel serra,59,2.0,4,123.507,11.774,77.409,34.324,,GF,3,79.5,75.0,71.0,False,722
imsa,2024,Sebring,Sebring International Raceway,race,609,62,GTDPRO,Daniel Serra,daniel serra,60,2.0,5,122.464,11.597,76.544,34.323,,GF,4,79.6,75.0,71.0,False,722
imsa,2024,Sebring,Sebring International Raceway,race,609,62,GTDPRO,Daniel Serra,daniel serra,61,2.0,6,123.173,11.635,77.036,34.502,,GF,5,79.7,75.0,71.0,False,722
imsa,2024,Sebring,Sebring International Raceway,race,609,62,GTDPRO,Daniel Serra,daniel serra,62,2.0,7,122.256,11.629,76.362,34.265,,GF,6,79.9,75.0,71.0,False,722
imsa,2024,Sebring,Sebring International Raceway,race,609,62,GTDPRO,Daniel Serra,daniel serra,63,2.0,8,122.722,11.612,76.965,34.145,,GF,7,80.0,75.0,70.0,False,722
imsa,2024,Sebring,Sebring International Raceway,race,609,62,GTDPRO,Daniel Serra,daniel serra,64,2.0,9,122.815,11.741,76.76,34.314,,GF,8,80.0,75.0,70.0,False,722
imsa,2024,Sebring,Sebring International Raceway,race,609,62,GTDPRO,Daniel Serra,daniel serra,65,2.0,10,122.523,11.713,76.086,34.724,,GF,9,80.1,75.0,70.0,False,722
imsa,2024,Sebring,Sebring International Raceway,race,609,62,GTDPRO,Daniel Serra,daniel serra,66,2.0,11,122.799,11.62,76.467,34.712,,GF,10,80.1,75.0,70.0,False,722
imsa,2024,Sebring,Sebring International Raceway,race,609,62,GTDPRO,Daniel Serra,daniel serra,67,2.0,12,122.958,11.679,76.998,34.281,,GF,11,80.2,75.0,70.0,False,722
imsa,2024,Sebring,Sebring International Raceway,race,609,62,GTDPRO,Daniel Serra,daniel serra,68,2.0,13,121.566,11.468,76.012,34.086,,GF,12,80.2,75.0,70.0,False,722
imsa,2024,Sebring,Sebring International Raceway,race,609,62,GTDPRO,Daniel Serra,daniel serra,69,2.0,14,123.389,11.552,76.789,35.048,,GF,13,80.1,75.0,70.0,False,722
imsa,2024,Sebring,Sebring International Raceway,race,609,62,GTDPRO,Daniel Serra,daniel serra,70,2.0,15,123.153,11.658,77.002,34.493,,GF,14,80.1,75.0,70.0,False,722
imsa,2024,Sebring,Sebring International Raceway,race,609,62,GTDPRO,Daniel Serra,daniel serra,71,2.0,16,123.479,11.744,77.435,34.3,,GF,15,80.0,75.0,69.0,False,722
imsa,2024,Sebring,Sebring International Raceway,race,609,62,GTDPRO,Daniel Serra,daniel serra,72,2.0,17,122.197,11.534,76.325,34.338,,GF,16,79.7,75.0,70.0,False,722
imsa,2024,Sebring,Sebring International Raceway,race,609,62,GTDPRO,Daniel Serra,daniel serra,73,2.0,18,122.623,11.684,76.535,34.404,,GF,17,79.8,75.0,71.0,False,722
imsa,2024,Sebring,Sebring International Raceway,race,609,62,GTDPRO,Daniel Serra,daniel serra,74,2.0,19,122.998,11.616,77.208,34.174,,GF,18,79.8,75.0,70.0,False,722
imsa,2024,Sebring,Sebring International Raceway,race,609,62,GTDPRO,Daniel Serra,daniel serra,75,2.0,20,124.971,11.487,75.816,37.668,,FCY,19,79.9,76.0,71.0,False,722
imsa,2024,Sebring,Sebring International Raceway,race,609,62,GTDPRO,Daniel Serra,daniel serra,76,2.0,21,203.821,17.013,147.286,39.522,,FCY,19,80.2,76.0,70.0,False,722
imsa,2024,Sebring,Sebring International Raceway,race,609,62,GTDPRO,Daniel Serra,daniel serra,77,2.0,22,134.635,12.856,84.871,36.908,,FCY,19,80.3,76.0,69.0,False,722
imsa,2024,Sebring,Sebring International Raceway,race,609,62,GTDPRO,Daniel Serra,daniel serra,78,2.0,23,141.715,12.538,82.407,46.77,,FCY,19,80.3,76.0,70.0,False,722
imsa,2024,Sebring,Sebring International Raceway,race,609,62,GTDPRO,Daniel Serra,daniel serra,79,2.0,24,178.053,13.067,103.762,61.224,,FCY,19,80.6,76.0,69.0,False,722
imsa,2024,Sebring,Sebring International Raceway,race,609,62,GTDPRO,Daniel Serra,daniel serra,80,2.0,25,207.391,68.159,90.632,48.6,67.631,FCY,0,80.7,76.0,69.0,False,722
imsa,2024,Sebring,Sebring International Raceway,race,609,62,GTDPRO,Daniel Serra,daniel serra,81,2.0,26,210.647,20.766,121.718,68.163,,FCY,0,81.1,76.0,67.0,False,722
imsa,2024,Sebring,Sebring International Raceway,race,609,62,GTDPRO,Daniel Serra,daniel serra,82,2.0,27,188.784,30.378,116.069,42.337,,GF,0,81.2,77.0,67.0,False,722
imsa,2024,Sebring,Sebring International Raceway,race,609,62,GTDPRO,Daniel Serra,daniel serra,83,2.0,28,123.855,12.263,77.047,34.545,,GF,1,81.4,78.0,67.0,False,722
imsa,2024,Sebring,Sebring International Raceway,race,609,62,GTDPRO,Daniel Serra,daniel serra,84,2.0,29,123.208,11.713,77.16,34.335,,GF,2,81.6,79.0,67.0,False,722
imsa,2024,Sebring,Sebring International Raceway,race,609,62,GTDPRO,Daniel Serra,daniel serra,85,2.0,30,123.437,11.815,76.974,34.648,,GF,3,82.0,81.0,67.0,False,722
imsa,2024,Sebring,Sebring International Raceway,race,609,62,GTDPRO,Daniel Serra,daniel serra,86,2.0,31,122.373,11.546,76.566,34.261,,GF,4,82.0,81.0,66.0,False,722
imsa,2024,Sebring,Sebring International Raceway,race,609,62,GTDPRO,Daniel Serra,daniel serra,87,2.0,32,122.475,11.687,76.677,34.111,,GF,5,82.2,82.0,65.0,False,722
imsa,2024,Sebring,Sebring International Raceway,race,609,62,GTDPRO,Daniel Serra,daniel serra,88,2.0,33,122.574,11.675,76.508,34.391,,GF,6,82.3,82.0,65.0,False,722
imsa,2024,Sebring,Sebring International Raceway,race,609,62,GTDPRO,Daniel Serra,daniel serra,89,2.0,34,123.174,11.692,76.735,34.747,,GF,7,82.4,82.0,65.0,False,722
imsa,2024,Sebring,Sebring International Raceway,race,609,62,GTDPRO,Daniel Serra,daniel serra,90,2.0,35,122.189,11.529,76.289,34.371,,GF,8,82.3,83.0,65.0,False,722
imsa,2024,Sebring,Sebring International Raceway,race,609,62,GTDPRO,Daniel Serra,daniel serra,91,2.0,36,123.204,11.679,76.437,35.088,,GF,9,82.3,84.0,65.0,False,722
imsa,2024,Sebring,Sebring International Raceway,race,609,62,GTDPRO,Daniel Serra,daniel serra,92,2.0,37,123.11,11.666,76.902,34.542,,GF,10,82.2,84.0,65.0,False,722
imsa,2024,Sebring,Sebring International Raceway,race,609,62,GTDPRO,Daniel Serra,daniel serra,93,2.0,38,123.223,11.753,76.94,34.53,,GF,11,82.2,84.0,66.0,False,722
imsa,2024,Sebring,Sebring International Raceway,race,609,62,GTDPRO,Daniel Serra,daniel serra,94,2.0,39,123.295,11.679,76.907,34.709,,GF,12,82.1,82.0,66.0,False,722
imsa,2024,Sebring,Sebring International Raceway,race,609,62,GTDPRO,Daniel Serra,daniel serra,95,2.0,40,123.865,11.794,77.502,34.569,,GF,13,81.9,81.0,66.0,False,722
imsa,2024,Sebring,Sebring International Raceway,race,609,62,GTDPRO,Daniel Serra,daniel serra,96,2.0,41,123.181,11.568,76.712,34.901,,GF,14,81.9,80.0,66.0,False,722
imsa,2024,Sebring,Sebring International Raceway,race,609,62,GTDPRO,Daniel Serra,daniel serra,97,2.0,42,122.233,11.52,76.23,34.483,,GF,15,82.2,80.0,66.0,False,722
imsa,2024,Sebring,Sebring International Raceway,race,609,62,GTDPRO,Daniel Serra,daniel serra,98,2.0,43,123.136,11.738,77.106,34.292,,GF,16,82.3,79.0,65.0,False,722
imsa,2024,Sebring,Sebring International Raceway,race,609,62,GTDPRO,Daniel Serra,daniel serra,99,2.0,44,122.805,11.576,76.396,34.833,,GF,17,82.1,79.0,65.0,False,722
imsa,2024,Sebring,Sebring International Raceway,race,609,62,GTDPRO,Daniel Serra,daniel serra,100,2.0,45,121.935,11.536,76.209,34.19,,GF,18,82.1,79.0,65.0,False,722
imsa,2024,Sebring,Sebring International Raceway,race,609,62,GTDPRO,Daniel Serra,daniel serra,101,2.0,46,121.897,11.499,76.275,34.123,,GF,19,82.0,78.0,65.0,False,722
imsa,2024,Sebring,Sebring International Raceway,race,609,62,GTDPRO,Daniel Serra,daniel serra,102,2.0,47,122.999,11.544,76.968,34.487,,GF,20,82.1,78.0,65.0,False,722
imsa,2024,Sebring,Sebring International Raceway,race,609,62,GTDPRO,Daniel Serra,daniel serra,103,2.0,48,122.98,11.896,76.761,34.323,,GF,21,82.4,78.0,65.0,False,722
imsa,2024,Sebring,Sebring International Raceway,race,609,62,GTDPRO,Daniel Serra,daniel serra,104,2.0,49,122.981,11.612,76.867,34.502,,GF,22,82.7,78.0,64.0,False,722
imsa,2024,Sebring,Sebring International Raceway,race,609,62,GTDPRO,Daniel Serra,daniel serra,105,2.0,50,123.782,11.649,77.468,34.665,,GF,23,83.0,78.0,64.0,False,722
imsa,2024,Sebring,Sebring International Raceway,race,609,62,GTDPRO,Daniel Serra,daniel serra,106,2.0,51,123.036,11.599,76.897,34.54,,GF,24,83.2,78.0,64.0,False,722
imsa,2024,Sebring,Sebring International Raceway,race,609,62,GTDPRO,Daniel Serra,daniel serra,107,2.0,52,142.03,11.565,85.868,44.597,,FCY,25,83.3,78.0,63.0,False,722
imsa,2024,Sebring,Sebring International Raceway,race,609,62,GTDPRO,Daniel Serra,daniel serra,108,2.0,53,189.761,14.688,103.641,71.432,,FCY,25,83.4,78.0,63.0,False,722
imsa,2024,Sebring,Sebring International Raceway,race,609,62,GTDPRO,Daniel Serra,daniel serra,109,2.0,54,224.447,22.883,144.412,57.152,,FCY,25,83.2,77.0,62.0,False,722
imsa,2024,Sebring,Sebring International Raceway,race,609,62,GTDPRO,Daniel Serra,daniel serra,110,2.0,55,193.321,17.067,115.183,61.071,,FCY,25,83.0,77.0,62.0,False,722
imsa,2024,Sebring,Sebring International Raceway,race,609,62,GTDPRO,James Calado,james calado,111,3.0,0,236.193,108.583,87.492,40.118,107.971,FCY,0,83.1,77.0,63.0,False,722
imsa,2024,Sebring,Sebring International Raceway,race,609,62,GTDPRO,James Calado,james calado,112,3.0,1,172.345,17.515,114.418,40.412,,GF,0,83.0,77.0,63.0,False,722
imsa,2024,Sebring,Sebring International Raceway,race,609,62,GTDPRO,James Calado,james calado,113,3.0,2,126.301,11.718,79.581,35.002,,GF,1,83.0,77.0,63.0,False,722
imsa,2024,Sebring,Sebring International Raceway,race,609,62,GTDPRO,James Calado,james calado,114,3.0,3,124.82,11.638,78.548,34.634,,GF,2,83.0,69.0,63.0,False,722
imsa,2024,Sebring,Sebring International Raceway,race,609,62,GTDPRO,James Calado,james calado,115,3.0,4,143.994,11.599,88.357,44.038,,FCY,3,83.2,69.0,63.0,False,722
imsa,2024,Sebring,Sebring International Raceway,race,609,62,GTDPRO,James Calado,james calado,116,3.0,5,157.073,14.496,97.004,45.573,,GF,3,83.3,71.0,63.0,False,722
imsa,2024,Sebring,Sebring International Raceway,race,609,62,GTDPRO,James Calado,james calado,117,3.0,6,123.838,11.575,77.912,34.351,,GF,4,83.3,72.0,63.0,False,722
imsa,2024,Sebring,Sebring International Raceway,race,609,62,GTDPRO,James Calado,james calado,118,3.0,7,122.942,11.486,76.899,34.557,,GF,5,83.2,73.0,63.0,False,722
imsa,2024,Sebring,Sebring International Raceway,race,609,62,GTDPRO,James Calado,james calado,119,3.0,8,122.66,11.691,76.556,34.413,,GF,6,83.3,74.0,63.0,False,722
imsa,2024,Sebring,Sebring International Raceway,race,609,62,GTDPRO,James Calado,james calado,120,3.0,9,124.096,11.723,77.811,34.562,,GF,7,83.8,74.0,62.0,False,722
imsa,2024,Sebring,Sebring International Raceway,race,609,62,GTDPRO,James Calado,james calado,121,3.0,10,122.936,11.584,76.953,34.399,,GF,8,84.1,73.0,61.0,False,722
imsa,2024,Sebring,Sebring International Raceway,race,609,62,GTDPRO,James Calado,james calado,122,3.0,11,122.573,11.526,76.639,34.408,,GF,9,84.3,74.0,61.0,False,722
imsa,2024,Sebring,Sebring International Raceway,race,609,62,GTDPRO,James Calado,james calado,123,3.0,12,122.365,11.592,76.192,34.581,,GF,10,84.4,74.0,61.0,False,722
imsa,2024,Sebring,Sebring International Raceway,race,609,62,GTDPRO,James Calado,james calado,124,3.0,13,123.091,11.578,76.984,34.529,,GF,11,84.8,74.0,60.0,False,722
imsa,2024,Sebring,Sebring International Raceway,race,609,62,GTDPRO,James Calado,james calado,125,3.0,14,124.669,11.592,77.666,35.411,,GF,12,85.0,75.0,60.0,False,722
imsa,2024,Sebring,Sebring International Raceway,race,609,62,GTDPRO,James Calado,james calado,126,3.0,15,123.484,11.623,77.248,34.613,,GF,13,85.2,75.0,59.0,False,722
imsa,2024,Sebring,Sebring International Raceway,race,609,62,GTDPRO,James Calado,james calado,127,3.0,16,122.404,11.584,76.566,34.254,,GF,14,85.2,75.0,59.0,False,722
imsa,2024,Sebring,Sebring International Raceway,race,609,62,GTDPRO,James Calado,james calado,128,3.0,17,122.698,11.559,76.624,34.515,,GF,15,85.3,75.0,58.0,False,722
imsa,2024,Sebring,Sebring International Raceway,race,609,62,GTDPRO,James Calado,james calado,129,3.0,18,124.007,11.534,77.738,34.735,,GF,16,85.4,75.0,58.0,False,722
imsa,2024,Sebring,Sebring International Raceway,race,609,62,GTDPRO,James Calado,james calado,130,3.0,19,122.239,11.602,76.242,34.395,,GF,17,85.5,75.0,59.0,False,722
imsa,2024,Sebring,Sebring International Raceway,race,609,62,GTDPRO,James Calado,james calado,131,3.0,20,123.013,11.613,76.974,34.426,,GF,18,85.9,75.0,58.0,False,722
imsa,2024,Sebring,Sebring International Raceway,race,609,62,GTDPRO,James Calado,james calado,132,3.0,21,122.385,11.571,76.506,34.308,,GF,19,86.0,75.0,58.0,False,722
imsa,2024,Sebring,Sebring International Raceway,race,609,62,GTDPRO,James Calado,james calado,133,3.0,22,123.096,11.673,77.124,34.299,,GF,20,86.2,75.0,58.0,False,722
imsa,2024,Sebring,Sebring International Raceway,race,609,62,GTDPRO,James Calado,james calado,134,3.0,23,122.487,11.623,76.504,34.36,,GF,21,86.1,75.0,59.0,False,722
imsa,2024,Sebring,Sebring International Raceway,race,609,62,GTDPRO,James Calado,james calado,135,3.0,24,123.315,11.631,77.229,34.455,,GF,22,86.2,75.0,59.0,False,722
imsa,2024,Sebring,Sebring International Raceway,race,609,62,GTDPRO,James Calado,james calado,136,3.0,25,123.42,11.725,77.08,34.615,,GF,23,86.1,75.0,58.0,False,722
imsa,2024,Sebring,Sebring International Raceway,race,609,62,GTDPRO,James Calado,james calado,137,3.0,26,122.925,11.561,76.96,34.404,,GF,24,85.9,76.0,59.0,False,722
imsa,2024,Sebring,Sebring International Raceway,race,609,62,GTDPRO,James Calado,james calado,138,3.0,27,122.498,11.588,76.568,34.342,,GF,25,85.6,76.0,59.0,False,722
imsa,2024,Sebring,Sebring International Raceway,race,609,62,GTDPRO,James Calado,james calado,139,3.0,28,122.458,11.46,76.614,34.384,,GF,26,85.5,76.0,58.0,False,722
imsa,2024,Sebring,Sebring International Raceway,race,609,62,GTDPRO,James Calado,james calado,140,3.0,29,123.103,11.451,77.04,34.612,,GF,27,85.6,76.0,58.0,False,722
imsa,2024,Sebring,Sebring International Raceway,race,609,62,GTDPRO,James Calado,james calado,141,3.0,30,131.61,11.498,76.622,43.49,,GF,28,85.8,76.0,58.0,False,722
imsa,2024,Sebring,Sebring International Raceway,race,609,62,GTDPRO,James Calado,james calado,142,3.0,31,188.016,75.086,78.36,34.57,75.377,GF,0,86.0,76.0,57.0,False,722
imsa,2024,Sebring,Sebring International Raceway,race,609,62,GTDPRO,James Calado,james calado,143,3.0,32,121.82,11.521,75.975,34.324,,GF,0,85.9,76.0,57.0,False,722
imsa,2024,Sebring,Sebring International Raceway,race,609,62,GTDPRO,James Calado,james calado,144,3.0,33,122.161,11.7,76.125,34.336,,GF,1,85.9,76.0,58.0,False,722
imsa,2024,Sebring,Sebring International Raceway,race,609,62,GTDPRO,James Calado,james calado,145,3.0,34,121.928,11.446,76.385,34.097,,GF,2,85.8,75.0,59.0,False,722
imsa,2024,Sebring,Sebring International Raceway,race,609,62,GTDPRO,James Calado,james calado,146,3.0,35,123.575,11.577,77.628,34.37,,GF,3,85.6,75.0,59.0,False,722
imsa,2024,Sebring,Sebring International Raceway,race,609,62,GTDPRO,James Calado,james calado,147,3.0,36,123.615,11.557,77.14,34.918,,GF,4,85.3,75.0,59.0,False,722
imsa,2024,Sebring,Sebring International Raceway,race,609,62,GTDPRO,James Calado,james calado,148,3.0,37,122.212,11.439,76.367,34.406,,GF,5,84.9,75.0,60.0,False,722
imsa,2024,Sebring,Sebring International Raceway,race,609,62,GTDPRO,James Calado,james calado,149,3.0,38,121.753,11.466,76.076,34.211,,GF,6,84.8,75.0,59.0,False,722
imsa,2024,Sebring,Sebring International Raceway,race,609,62,GTDPRO,James Calado,james calado,150,3.0,39,122.603,11.598,76.383,34.622,,GF,7,84.8,75.0,60.0,False,722
imsa,2024,Sebring,Sebring International Raceway,race,609,62,GTDPRO,James Calado,james calado,151,3.0,40,123.023,11.539,76.734,34.75,,GF,8,84.8,75.0,60.0,False,722
imsa,2024,Sebring,Sebring International Raceway,race,609,62,GTDPRO,James Calado,james calado,152,3.0,41,123.012,11.543,76.653,34.816,,GF,9,84.8,75.0,60.0,False,722
imsa,2024,Sebring,Sebring International Raceway,race,609,62,GTDPRO,James Calado,james calado,153,3.0,42,122.614,11.65,76.447,34.517,,GF,10,85.0,75.0,60.0,False,722
imsa,2024,Sebring,Sebring International Raceway,race,609,62,GTDPRO,James Calado,james calado,154,3.0,43,122.195,11.53,76.35,34.315,,GF,11,85.2,75.0,59.0,False,722
imsa,2024,Sebring,Sebring International Raceway,race,609,62,GTDPRO,James Calado,james calado,155,3.0,44,129.198,11.47,78.876,38.852,,FCY,12,85.2,75.0,59.0,False,722
imsa,2024,Sebring,Sebring International Raceway,race,609,62,GTDPRO,James Calado,james calado,156,3.0,45,145.565,12.401,92.887,40.277,,FCY,12,85.1,75.0,59.0,False,722
imsa,2024,Sebring,Sebring International Raceway,race,609,62,GTDPRO,James Calado,james calado,157,3.0,46,177.498,14.959,98.578,63.961,,FCY,12,84.9,75.0,59.0,False,722
imsa,2024,Sebring,Sebring International Raceway,race,609,62,GTDPRO,James Calado,james calado,158,3.0,47,213.31,27.892,129.254,56.164,,FCY,12,84.9,75.0,59.0,False,722
imsa,2024,Sebring,Sebring International Raceway,race,609,62,GTDPRO,James Calado,james calado,159,3.0,48,208.865,15.299,126.5,67.066,,FCY,12,84.9,75.0,59.0,False,722
imsa,2024,Sebring,Sebring International Raceway,race,609,62,GTDPRO,James Calado,james calado,160,3.0,49,225.626,63.158,102.516,59.952,62.719,FCY,0,84.9,75.0,59.0,False,722
imsa,2024,Sebring,Sebring International Raceway,race,609,62,GTDPRO,James Calado,james calado,161,3.0,50,240.713,29.759,139.517,71.437,,FCY,0,85.4,75.0,58.0,False,722
imsa,2024,Sebring,Sebring International Raceway,race,609,62,GTDPRO,James Calado,james calado,162,3.0,51,204.134,23.745,141.122,39.267,,GF,0,85.8,75.0,57.0,False,722
imsa,2024,Sebring,Sebring International Raceway,race,609,62,GTDPRO,James Calado,james calado,163,3.0,52,123.66,11.877,77.26,34.523,,GF,1,85.8,75.0,57.0,False,722
imsa,2024,Sebring,Sebring International Raceway,race,609,62,GTDPRO,James Calado,james calado,164,3.0,53,123.509,11.789,77.188,34.532,,GF,2,85.8,75.0,58.0,False,722
imsa,2024,Sebring,Sebring International Raceway,race,609,62,GTDPRO,James Calado,james calado,165,3.0,54,123.874,11.703,77.692,34.479,,GF,3,85.9,75.0,57.0,False,722
imsa,2024,Sebring,Sebring International Raceway,race,609,62,GTDPRO,James Calado,james calado,166,3.0,55,122.308,11.525,76.37,34.413,,GF,4,86.0,75.0,56.0,False,722
imsa,2024,Sebring,Sebring International Raceway,race,609,62,GTDPRO,James Calado,james calado,167,3.0,56,122.478,11.571,76.606,34.301,,GF,5,86.1,75.0,56.0,False,722
imsa,2024,Sebring,Sebring International Raceway,race,609,62,GTDPRO,James Calado,james calado,168,3.0,57,122.205,11.46,76.4,34.345,,GF,6,86.3,75.0,56.0,False,722
imsa,2024,Sebring,Sebring International Raceway,race,609,62,GTDPRO,James Calado,james calado,169,3.0,58,122.529,11.495,76.608,34.426,,GF,7,86.4,75.0,56.0,False,722
imsa,2024,Sebring,Sebring International Raceway,race,609,62,GTDPRO,James Calado,james calado,170,3.0,59,122.943,11.591,76.843,34.509,,GF,8,86.5,75.0,56.0,False,722
imsa,2024,Sebring,Sebring International Raceway,race,609,62,GTDPRO,James Calado,james calado,171,3.0,60,123.686,11.491,76.604,35.591,,GF,9,86.5,75.0,55.0,False,722
imsa,2024,Sebring,Sebring International Raceway,race,609,62,GTDPRO,James Calado,james calado,172,3.0,61,124.983,11.644,78.432,34.907,,GF,10,86.4,75.0,54.0,False,722
imsa,2024,Sebring,Sebring International Raceway,race,609,62,GTDPRO,James Calado,james calado,173,3.0,62,122.803,11.531,76.871,34.401,,GF,11,86.3,75.0,55.0,False,722
imsa,2024,Sebring,Sebring International Raceway,race,609,62,GTDPRO,James Calado,james calado,174,3.0,63,123.041,11.562,77.084,34.395,,GF,12,86.5,75.0,55.0,False,722
imsa,2024,Sebring,Sebring International Raceway,race,609,62,GTDPRO,James Calado,james calado,175,3.0,64,124.774,11.492,78.374,34.908,,GF,13,86.5,75.0,55.0,False,722
imsa,2024,Sebring,Sebring International Raceway,race,609,62,GTDPRO,James Calado,james calado,176,3.0,65,122.734,11.511,76.854,34.369,,GF,14,86.6,75.0,55.0,False,722
imsa,2024,Sebring,Sebring International Raceway,race,609,62,GTDPRO,James Calado,james calado,177,3.0,66,123.382,11.582,76.811,34.989,,GF,15,86.8,75.0,55.0,False,722
imsa,2024,Sebring,Sebring International Raceway,race,609,62,GTDPRO,James Calado,james calado,178,3.0,67,122.725,11.547,76.709,34.469,,GF,16,86.9,75.0,55.0,False,722
imsa,2024,Sebring,Sebring International Raceway,race,609,62,GTDPRO,James Calado,james calado,179,3.0,68,122.78,11.477,76.714,34.589,,GF,17,87.1,75.0,55.0,False,722
imsa,2024,Sebring,Sebring International Raceway,race,609,62,GTDPRO,James Calado,james calado,180,3.0,69,123.685,11.61,77.087,34.988,,GF,18,87.0,75.0,55.0,False,722
imsa,2024,Sebring,Sebring International Raceway,race,609,62,GTDPRO,James Calado,james calado,181,3.0,70,125.322,11.927,78.89,34.505,,GF,19,86.7,75.0,55.0,False,722
imsa,2024,Sebring,Sebring International Raceway,race,609,62,GTDPRO,James Calado,james calado,182,3.0,71,124.933,11.631,78.325,34.977,,GF,20,86.5,75.0,55.0,False,722
imsa,2024,Sebring,Sebring International Raceway,race,609,62,GTDPRO,James Calado,james calado,183,3.0,72,124.187,11.648,77.662,34.877,,GF,21,86.4,75.0,55.0,False,722
imsa,2024,Sebring,Sebring International Raceway,race,609,62,GTDPRO,James Calado,james calado,184,3.0,73,123.674,11.516,77.375,34.783,,GF,22,86.5,75.0,55.0,False,722
imsa,2024,Sebring,Sebring International Raceway,race,609,62,GTDPRO,James Calado,james calado,185,3.0,74,124.811,11.931,78.014,34.866,,GF,23,86.4,75.0,55.0,False,722
imsa,2024,Sebring,Sebring International Raceway,race,609,62,GTDPRO,James Calado,james calado,186,3.0,75,133.908,11.634,77.425,44.849,,GF,24,86.1,75.0,56.0,False,722
imsa,2024,Sebring,Sebring International Raceway,race,609,62,GTDPRO,Davide Rigon,davide rigon,187,4.0,0,193.545,71.011,78.629,43.905,72.578,GF,0,86.2,75.0,56.0,False,722
imsa,2024,Sebring,Sebring International Raceway,race,609,62,GTDPRO,Davide Rigon,davide rigon,188,4.0,1,143.655,31.681,77.38,34.594,32.544,GF,0,86.5,75.0,54.0,False,722
imsa,2024,Sebring,Sebring International Raceway,race,609,62,GTDPRO,Davide Rigon,davide rigon,189,4.0,2,121.951,11.387,76.209,34.355,,GF,0,86.7,75.0,54.0,False,722
imsa,2024,Sebring,Sebring International Raceway,race,609,62,GTDPRO,Davide Rigon,davide rigon,190,4.0,3,122.079,11.599,76.314,34.166,,GF,1,86.8,75.0,54.0,False,722
imsa,2024,Sebring,Sebring International Raceway,race,609,62,GTDPRO,Davide Rigon,davide rigon,191,4.0,4,122.601,11.499,76.663,34.439,,GF,2,87.1,75.0,54.0,False,722
imsa,2024,Sebring,Sebring International Raceway,race,609,62,GTDPRO,Davide Rigon,davide rigon,192,4.0,5,122.086,11.663,76.118,34.305,,GF,3,87.2,75.0,54.0,False,722
imsa,2024,Sebring,Sebring International Raceway,race,609,62,GTDPRO,Davide Rigon,davide rigon,193,4.0,6,121.641,11.553,75.914,34.174,,GF,4,87.1,75.0,54.0,False,722
imsa,2024,Sebring,Sebring International Raceway,race,609,62,GTDPRO,Davide Rigon,davide rigon,194,4.0,7,122.166,11.485,76.342,34.339,,GF,5,87.1,75.0,54.0,False,722
imsa,2024,Sebring,Sebring International Raceway,race,609,62,GTDPRO,Davide Rigon,davide rigon,195,4.0,8,122.063,11.513,76.105,34.445,,GF,6,86.9,75.0,54.0,False,722
imsa,2024,Sebring,Sebring International Raceway,race,609,62,GTDPRO,Davide Rigon,davide rigon,196,4.0,9,122.459,11.561,76.525,34.373,,GF,7,86.8,75.0,54.0,False,722
imsa,2024,Sebring,Sebring International Raceway,race,609,62,GTDPRO,Davide Rigon,davide rigon,197,4.0,10,122.619,11.493,76.753,34.373,,GF,8,86.8,75.0,54.0,False,722
imsa,2024,Sebring,Sebring International Raceway,race,609,62,GTDPRO,Davide Rigon,davide rigon,198,4.0,11,133.264,11.52,82.191,39.553,,FCY,9,87.0,75.0,54.0,False,722
imsa,2024,Sebring,Sebring International Raceway,race,609,62,GTDPRO,Davide Rigon,davide rigon,199,4.0,12,151.482,14.47,98.272,38.74,,FCY,9,87.2,75.0,54.0,False,722
imsa,2024,Sebring,Sebring International Raceway,race,609,62,GTDPRO,Davide Rigon,davide rigon,200,4.0,13,159.528,12.67,88.168,58.69,,FCY,9,87.3,75.0,53.0,False,722
imsa,2024,Sebring,Sebring International Raceway,race,609,62,GTDPRO,Davide Rigon,davide rigon,201,4.0,14,220.442,15.04,138.518,66.884,,FCY,9,87.2,75.0,53.0,False,722
imsa,2024,Sebring,Sebring International Raceway,race,609,62,GTDPRO,Davide Rigon,davide rigon,202,4.0,15,190.746,16.705,108.055,65.986,,FCY,9,87.1,75.0,54.0,False,722
imsa,2024,Sebring,Sebring International Raceway,race,609,62,GTDPRO,Davide Rigon,davide rigon,203,4.0,16,232.914,83.049,90.217,59.648,82.996,FCY,0,86.9,75.0,55.0,False,722
imsa,2024,Sebring,Sebring International Raceway,race,609,62,GTDPRO,Davide Rigon,davide rigon,204,4.0,17,231.307,21.317,133.38,76.61,,FCY,0,86.8,75.0,55.0,False,722
imsa,2024,Sebring,Sebring International Raceway,race,609,62,GTDPRO,Davide Rigon,davide rigon,205,4.0,18,186.919,21.001,124.5,41.418,,GF,0,86.7,75.0,55.0,False,722
imsa,2024,Sebring,Sebring International Raceway,race,609,62,GTDPRO,Davide Rigon,davide rigon,206,4.0,19,124.652,12.668,77.438,34.546,,GF,1,86.5,75.0,55.0,False,722
imsa,2024,Sebring,Sebring International Raceway,race,609,62,GTDPRO,Davide Rigon,davide rigon,207,4.0,20,124.543,11.672,78.253,34.618,,GF,2,86.5,75.0,55.0,False,722
imsa,2024,Sebring,Sebring International Raceway,race,609,62,GTDPRO,Davide Rigon,davide rigon,208,4.0,21,134.214,11.771,77.303,45.14,,FCY,3,86.5,75.0,55.0,False,722
imsa,2024,Sebring,Sebring International Raceway,race,609,62,GTDPRO,Davide Rigon,davide rigon,209,4.0,22,146.71,16.026,89.189,41.495,,FCY,3,86.5,75.0,55.0,False,722
imsa,2024,Sebring,Sebring International Raceway,race,609,62,GTDPRO,Davide Rigon,davide rigon,210,4.0,23,172.498,13.724,90.112,68.662,,FCY,3,86.5,75.0,55.0,False,722
imsa,2024,Sebring,Sebring International Raceway,race,609,62,GTDPRO,Davide Rigon,davide rigon,211,4.0,24,189.866,19.906,127.458,42.502,,GF,3,86.6,75.0,56.0,False,722
imsa,2024,Sebring,Sebring International Raceway,race,609,62,GTDPRO,Davide Rigon,davide rigon,212,4.0,25,124.125,11.889,77.767,34.469,,GF,4,86.6,75.0,55.0,False,722
imsa,2024,Sebring,Sebring International Raceway,race,609,62,GTDPRO,Davide Rigon,davide rigon,213,4.0,26,123.659,11.572,77.626,34.461,,GF,5,86.6,75.0,55.0,False,722
imsa,2024,Sebring,Sebring International Raceway,race,609,62,GTDPRO,Davide Rigon,davide rigon,214,4.0,27,125.422,11.78,78.559,35.083,,GF,6,86.6,75.0,55.0,False,722
imsa,2024,Sebring,Sebring International Raceway,race,609,62,GTDPRO,Davide Rigon,davide rigon,215,4.0,28,123.652,11.813,77.36,34.479,,GF,7,86.7,75.0,56.0,False,722
imsa,2024,Sebring,Sebring International Raceway,race,609,62,GTDPRO,Davide Rigon,davide rigon,216,4.0,29,123.42,11.596,77.478,34.346,,GF,8,86.7,75.0,56.0,False,722
imsa,2024,Sebring,Sebring International Raceway,race,609,62,GTDPRO,Davide Rigon,davide rigon,217,4.0,30,123.495,11.65,77.284,34.561,,GF,9,86.8,75.0,55.0,False,722
imsa,2024,Sebring,Sebring International Raceway,race,609,62,GTDPRO,Davide Rigon,davide rigon,218,4.0,31,122.079,11.503,76.373,34.203,,GF,10,86.6,75.0,55.0,False,722
imsa,2024,Sebring,Sebring International Raceway,race,609,62,GTDPRO,Davide Rigon,davide rigon,219,4.0,32,123.442,11.554,76.889,34.999,,GF,11,86.7,75.0,55.0,False,722
imsa,2024,Sebring,Sebring International Raceway,race,609,62,GTDPRO,Davide Rigon,davide rigon,220,4.0,33,122.868,11.563,76.726,34.579,,GF,12,86.5,76.0,55.0,False,722
imsa,2024,Sebring,Sebring International Raceway,race,609,62,GTDPRO,Davide Rigon,davide rigon,221,4.0,34,122.905,11.654,76.822,34.429,,GF,13,86.5,76.0,55.0,False,722
imsa,2024,Sebring,Sebring International Raceway,race,609,62,GTDPRO,Davide Rigon,davide rigon,222,4.0,35,122.504,11.485,76.645,34.374,,GF,14,86.5,76.0,55.0,False,722
imsa,2024,Sebring,Sebring International Raceway,race,609,62,GTDPRO,Davide Rigon,davide rigon,223,4.0,36,124.465,11.699,77.479,35.287,,GF,15,86.4,76.0,54.0,False,722
imsa,2024,Sebring,Sebring International Raceway,race,609,62,GTDPRO,Davide Rigon,davide rigon,224,4.0,37,122.309,11.453,76.573,34.283,,GF,16,86.4,76.0,55.0,False,722
imsa,2024,Sebring,Sebring International Raceway,race,609,62,GTDPRO,Davide Rigon,davide rigon,225,4.0,38,122.3,11.463,76.314,34.523,,GF,17,86.4,76.0,55.0,False,722
imsa,2024,Sebring,Sebring International Raceway,race,609,62,GTDPRO,Davide Rigon,davide rigon,226,4.0,39,122.519,11.744,76.526,34.249,,GF,18,86.5,76.0,55.0,False,722
imsa,2024,Sebring,Sebring International Raceway,race,609,62,GTDPRO,Davide Rigon,davide rigon,227,4.0,40,122.135,11.482,76.488,34.165,,GF,19,86.5,76.0,55.0,False,722
imsa,2024,Sebring,Sebring International Raceway,race,609,62,GTDPRO,Davide Rigon,davide rigon,228,4.0,41,121.973,11.455,76.234,34.284,,GF,20,86.5,76.0,55.0,False,722
imsa,2024,Sebring,Sebring International Raceway,race,609,62,GTDPRO,Davide Rigon,davide rigon,229,4.0,42,123.51,11.499,76.57,35.441,,GF,21,86.5,76.0,55.0,False,722
imsa,2024,Sebring,Sebring International Raceway,race,609,62,GTDPRO,Davide Rigon,davide rigon,230,4.0,43,123.413,11.507,77.149,34.757,,GF,22,86.5,75.0,55.0,False,722
imsa,2024,Sebring,Sebring International Raceway,race,609,62,GTDPRO,Davide Rigon,davide rigon,231,4.0,44,122.593,11.546,76.554,34.493,,GF,23,86.5,75.0,55.0,False,722
imsa,2024,Sebring,Sebring International Raceway,race,609,62,GTDPRO,Davide Rigon,davide rigon,232,4.0,45,122.686,11.491,76.787,34.408,,GF,24,86.4,75.0,55.0,False,722
imsa,2024,Sebring,Sebring International Raceway,race,609,62,GTDPRO,Davide Rigon,davide rigon,233,4.0,46,132.986,11.547,77.222,44.217,,GF,25,86.3,75.0,56.0,False,722
imsa,2024,Sebring,Sebring International Raceway,race,609,62,GTDPRO,Davide Rigon,davide rigon,234,4.0,47,193.155,75.795,77.587,39.773,76.305,FCY,0,86.0,76.0,56.0,False,722
imsa,2024,Sebring,Sebring International Raceway,race,609,62,GTDPRO,Davide Rigon,davide rigon,235,4.0,48,134.989,12.755,83.025,39.209,,FCY,0,85.8,76.0,57.0,False,722
imsa,2024,Sebring,Sebring International Raceway,race,609,62,GTDPRO,Davide Rigon,davide rigon,236,4.0,49,176.701,13.557,118.375,44.769,,FCY,0,85.6,76.0,57.0,False,722
imsa,2024,Sebring,Sebring International Raceway,race,609,62,GTDPRO,Davide Rigon,davide rigon,237,4.0,50,141.085,12.781,84.449,43.855,,FCY,0,85.5,76.0,57.0,False,722
imsa,2024,Sebring,Sebring International Raceway,race,609,62,GTDPRO,Davide Rigon,davide rigon,238,4.0,51,156.635,14.003,95.538,47.094,,FCY,0,85.2,76.0,57.0,False,722
imsa,2024,Sebring,Sebring International Raceway,race,609,62,GTDPRO,Davide Rigon,davide rigon,239,4.0,52,174.083,15.427,104.969,53.687,,FCY,0,85.1,76.0,58.0,False,722
imsa,2024,Sebring,Sebring International Raceway,race,609,62,GTDPRO,Davide Rigon,davide rigon,240,4.0,53,194.713,13.806,118.352,62.555,,FCY,0,84.8,76.0,58.0,False,722
imsa,2024,Sebring,Sebring International Raceway,race,609,62,GTDPRO,Davide Rigon,davide rigon,241,4.0,54,204.389,18.325,134.523,51.541,,GF,0,84.6,76.0,59.0,False,722
imsa,2024,Sebring,Sebring International Raceway,race,609,62,GTDPRO,Davide Rigon,davide rigon,242,4.0,55,124.317,12.011,77.704,34.602,,GF,1,84.6,76.0,59.0,False,722
imsa,2024,Sebring,Sebring International Raceway,race,609,62,GTDPRO,Davide Rigon,davide rigon,243,4.0,56,123.346,11.696,77.255,34.395,,GF,2,84.5,76.0,60.0,False,722
imsa,2024,Sebring,Sebring International Raceway,race,609,62,GTDPRO,Davide Rigon,davide rigon,244,4.0,57,123.134,11.61,77.222,34.302,,GF,3,84.4,76.0,60.0,False,722
imsa,2024,Sebring,Sebring International Raceway,race,609,62,GTDPRO,Davide Rigon,davide rigon,245,4.0,58,123.691,11.792,77.028,34.871,,GF,4,84.3,76.0,60.0,False,722
imsa,2024,Sebring,Sebring International Raceway,race,609,62,GTDPRO,Davide Rigon,davide rigon,246,4.0,59,125.116,11.613,78.792,34.711,,GF,5,84.2,76.0,60.0,False,722
imsa,2024,Sebring,Sebring International Raceway,race,609,62,GTDPRO,Davide Rigon,davide rigon,247,4.0,60,123.431,11.768,77.107,34.556,,GF,6,84.2,76.0,60.0,False,722
imsa,2024,Sebring,Sebring International Raceway,race,609,62,GTDPRO,Davide Rigon,davide rigon,248,4.0,61,124.675,11.874,78.433,34.368,,GF,7,84.0,76.0,61.0,False,722
imsa,2024,Sebring,Sebring International Raceway,race,609,62,GTDPRO,Davide Rigon,davide rigon,249,4.0,62,122.188,11.769,76.194,34.225,,GF,8,84.0,76.0,61.0,False,722
imsa,2024,Sebring,Sebring International Raceway,race,609,62,GTDPRO,Davide Rigon,davide rigon,250,4.0,63,124.81,11.564,78.799,34.447,,GF,9,84.0,76.0,61.0,False,722
imsa,2024,Sebring,Sebring International Raceway,race,609,62,GTDPRO,Davide Rigon,davide rigon,251,4.0,64,123.159,11.964,76.934,34.261,,GF,10,84.0,76.0,61.0,False,722
imsa,2024,Sebring,Sebring International Raceway,race,609,62,GTDPRO,Davide Rigon,davide rigon,252,4.0,65,122.533,11.589,76.685,34.259,,GF,11,83.9,76.0,61.0,False,722
imsa,2024,Sebring,Sebring International Raceway,race,609,62,GTDPRO,Davide Rigon,davide rigon,253,4.0,66,124.292,11.782,77.603,34.907,,GF,12,83.9,76.0,61.0,False,722
imsa,2024,Sebring,Sebring International Raceway,race,609,62,GTDPRO,Davide Rigon,davide rigon,254,4.0,67,123.235,11.464,77.127,34.644,,GF,13,83.8,76.0,61.0,False,722
imsa,2024,Sebring,Sebring International Raceway,race,609,62,GTDPRO,Davide Rigon,davide rigon,255,4.0,68,123.586,11.929,77.282,34.375,,GF,14,83.8,76.0,61.0,False,722
imsa,2024,Sebring,Sebring International Raceway,race,609,62,GTDPRO,Davide Rigon,davide rigon,256,4.0,69,122.764,11.739,76.731,34.294,,GF,15,83.7,76.0,61.0,False,722
imsa,2024,Sebring,Sebring International Raceway,race,609,62,GTDPRO,Davide Rigon,davide rigon,257,4.0,70,123.047,11.61,76.97,34.467,,GF,16,83.6,76.0,62.0,False,722
imsa,2024,Sebring,Sebring International Raceway,race,609,62,GTDPRO,Davide Rigon,davide rigon,258,4.0,71,122.739,11.638,76.817,34.284,,GF,17,83.5,76.0,63.0,False,722
imsa,2024,Sebring,Sebring International Raceway,race,609,62,GTDPRO,Davide Rigon,davide rigon,259,4.0,72,122.277,11.606,76.401,34.27,,GF,18,83.3,76.0,63.0,False,722
imsa,2024,Sebring,Sebring International Raceway,race,609,62,GTDPRO,Davide Rigon,davide rigon,260,4.0,73,123.762,11.626,77.712,34.424,,GF,19,83.1,76.0,63.0,False,722
imsa,2024,Sebring,Sebring International Raceway,race,609,62,GTDPRO,Davide Rigon,davide rigon,261,4.0,74,122.348,11.596,76.547,34.205,,GF,20,83.0,76.0,63.0,False,722
imsa,2024,Sebring,Sebring International Raceway,race,609,62,GTDPRO,Davide Rigon,davide rigon,262,4.0,75,122.427,11.503,76.496,34.428,,GF,21,82.9,76.0,63.0,False,722
imsa,2024,Sebring,Sebring International Raceway,race,609,62,GTDPRO,Davide Rigon,davide rigon,263,4.0,76,122.116,11.418,76.439,34.259,,GF,22,82.8,76.0,64.0,False,722
imsa,2024,Sebring,Sebring International Raceway,race,609,62,GTDPRO,Davide Rigon,davide rigon,264,4.0,77,122.411,11.55,76.552,34.309,,GF,23,82.7,76.0,64.0,False,722
imsa,2024,Sebring,Sebring International Raceway,race,609,62,GTDPRO,Davide Rigon,davide rigon,265,4.0,78,131.186,11.452,76.514,43.22,,GF,24,82.6,76.0,64.0,False,722
imsa,2024,Sebring,Sebring International Raceway,race,609,62,GTDPRO,Daniel Serra,daniel serra,266,5.0,0,191.274,78.027,78.598,34.649,77.982,GF,0,82.5,76.0,64.0,False,722
imsa,2024,Sebring,Sebring International Raceway,race,609,62,GTDPRO,Daniel Serra,daniel serra,267,5.0,1,120.966,11.416,75.393,34.157,,GF,0,82.4,76.0,64.0,False,722
imsa,2024,Sebring,Sebring International Raceway,race,609,62,GTDPRO,Daniel Serra,daniel serra,268,5.0,2,122.071,11.553,76.031,34.487,,GF,1,82.3,76.0,64.0,False,722
imsa,2024,Sebring,Sebring International Raceway,race,609,62,GTDPRO,Daniel Serra,daniel serra,269,5.0,3,122.206,11.592,75.955,34.659,,GF,2,82.2,76.0,65.0,False,722
imsa,2024,Sebring,Sebring International Raceway,race,609,62,GTDPRO,Daniel Serra,daniel serra,270,5.0,4,121.959,11.572,76.018,34.369,,GF,3,82.1,76.0,65.0,False,722
imsa,2024,Sebring,Sebring International Raceway,race,609,62,GTDPRO,Daniel Serra,daniel serra,271,5.0,5,122.225,11.555,76.004,34.666,,GF,4,82.0,76.0,65.0,False,722
imsa,2024,Sebring,Sebring International Raceway,race,609,62,GTDPRO,Daniel Serra,daniel serra,272,5.0,6,122.623,11.628,76.639,34.356,,GF,5,82.0,76.0,65.0,False,722
imsa,2024,Sebring,Sebring International Raceway,race,609,62,GTDPRO,Daniel Serra,daniel serra,273,5.0,7,122.83,11.56,76.658,34.612,,GF,6,81.9,76.0,65.0,False,722
imsa,2024,Sebring,Sebring International Raceway,race,609,62,GTDPRO,Daniel Serra,daniel serra,274,5.0,8,122.897,11.622,76.828,34.447,,GF,7,81.8,76.0,65.0,False,722
imsa,2024,Sebring,Sebring International Raceway,race,609,62,GTDPRO,Daniel Serra,daniel serra,275,5.0,9,122.507,11.634,76.565,34.308,,GF,8,81.8,76.0,65.0,False,722
imsa,2024,Sebring,Sebring International Raceway,race,609,62,GTDPRO,Daniel Serra,daniel serra,276,5.0,10,121.628,11.515,75.84,34.273,,GF,9,81.7,76.0,66.0,False,722
imsa,2024,Sebring,Sebring International Raceway,race,609,62,GTDPRO,Daniel Serra,daniel serra,277,5.0,11,121.738,11.521,75.959,34.258,,GF,10,81.6,76.0,66.0,False,722
imsa,2024,Sebring,Sebring International Raceway,race,609,62,GTDPRO,Daniel Serra,daniel serra,278,5.0,12,121.305,11.506,75.545,34.254,,GF,11,81.5,76.0,66.0,False,722
imsa,2024,Sebring,Sebring International Raceway,race,609,62,GTDPRO,Daniel Serra,daniel serra,279,5.0,13,122.704,11.508,76.813,34.383,,GF,12,81.4,76.0,66.0,False,722
imsa,2024,Sebring,Sebring International Raceway,race,609,62,GTDPRO,Daniel Serra,daniel serra,280,5.0,14,122.508,11.615,76.663,34.23,,GF,13,81.4,76.0,66.0,False,722
imsa,2024,Sebring,Sebring International Raceway,race,609,62,GTDPRO,Daniel Serra,daniel serra,281,5.0,15,122.443,11.531,76.452,34.46,,GF,14,81.2,76.0,66.0,False,722
imsa,2024,Sebring,Sebring International Raceway,race,609,62,GTDPRO,Daniel Serra,daniel serra,282,5.0,16,122.697,11.703,76.379,34.615,,GF,15,81.1,76.0,67.0,False,722
imsa,2024,Sebring,Sebring International Raceway,race,609,62,GTDPRO,Daniel Serra,daniel serra,283,5.0,17,126.637,11.528,76.167,38.942,,FCY,16,81.0,76.0,67.0,False,722
imsa,2024,Sebring,Sebring International Raceway,race,609,62,GTDPRO,Daniel Serra,daniel serra,284,5.0,18,206.428,19.631,143.066,43.731,,FCY,16,80.9,76.0,67.0,False,722
imsa,2024,Sebring,Sebring International Raceway,race,609,62,GTDPRO,Daniel Serra,daniel serra,285,5.0,19,137.656,13.218,86.378,38.06,,FCY,16,80.7,76.0,67.0,False,722
imsa,2024,Sebring,Sebring International Raceway,race,609,62,GTDPRO,Daniel Serra,daniel serra,286,5.0,20,154.355,13.397,88.848,52.11,,FCY,16,80.6,75.0,68.0,False,722
imsa,2024,Sebring,Sebring International Raceway,race,609,62,GTDPRO,Daniel Serra,daniel serra,287,5.0,21,186.817,14.799,104.807,67.211,,FCY,16,80.4,75.0,68.0,False,722
imsa,2024,Sebring,Sebring International Raceway,race,609,62,GTDPRO,Daniel Serra,daniel serra,288,5.0,22,214.544,68.936,89.861,55.747,68.576,FCY,0,80.3,75.0,69.0,False,722
imsa,2024,Sebring,Sebring International Raceway,race,609,62,GTDPRO,Daniel Serra,daniel serra,289,5.0,23,233.306,26.63,132.372,74.304,,FCY,0,80.0,75.0,69.0,False,722
imsa,2024,Sebring,Sebring International Raceway,race,609,62,GTDPRO,Daniel Serra,daniel serra,290,5.0,24,180.028,21.334,116.943,41.751,,GF,0,79.8,75.0,69.0,False,722
imsa,2024,Sebring,Sebring International Raceway,race,609,62,GTDPRO,Daniel Serra,daniel serra,291,5.0,25,125.477,11.963,78.736,34.778,,GF,1,79.7,75.0,69.0,False,722
imsa,2024,Sebring,Sebring International Raceway,race,609,62,GTDPRO,Daniel Serra,daniel serra,292,5.0,26,124.56,11.963,78.091,34.506,,GF,2,79.6,75.0,69.0,False,722
imsa,2024,Sebring,Sebring International Raceway,race,609,62,GTDPRO,Daniel Serra,daniel serra,293,5.0,27,122.679,11.699,76.585,34.395,,GF,3,79.5,75.0,69.0,False,722
imsa,2024,Sebring,Sebring International Raceway,race,609,62,GTDPRO,Daniel Serra,daniel serra,294,5.0,28,122.199,11.533,76.262,34.404,,GF,4,79.4,75.0,69.0,False,722
imsa,2024,Sebring,Sebring International Raceway,race,609,62,GTDPRO,Daniel Serra,daniel serra,295,5.0,29,122.568,11.583,76.578,34.407,,GF,5,79.3,75.0,70.0,False,722
imsa,2024,Sebring,Sebring International Raceway,race,609,62,GTDPRO,Daniel Serra,daniel serra,296,5.0,30,150.876,11.578,93.95,45.348,,FCY,6,79.1,75.0,70.0,False,722
imsa,2024,Sebring,Sebring International Raceway,race,609,62,GTDPRO,Daniel Serra,daniel serra,297,5.0,31,173.158,13.737,85.487,73.934,,FCY,6,79.1,75.0,70.0,False,722
imsa,2024,Sebring,Sebring International Raceway,race,609,62,GTDPRO,Daniel Serra,daniel serra,298,5.0,32,183.441,20.972,114.308,48.161,,GF,6,78.9,75.0,70.0,False,722
imsa,2024,Sebring,Sebring International Raceway,race,609,62,GTDPRO,Daniel Serra,daniel serra,299,5.0,33,123.037,11.807,76.796,34.434,,GF,7,78.8,75.0,70.0,False,722
imsa,2024,Sebring,Sebring International Raceway,race,609,62,GTDPRO,Daniel Serra,daniel serra,300,5.0,34,122.55,11.592,76.597,34.361,,GF,8,78.7,75.0,71.0,False,722
imsa,2024,Sebring,Sebring International Raceway,race,609,62,GTDPRO,Daniel Serra,daniel serra,301,5.0,35,151.491,11.59,94.191,45.71,,FCY,9,78.7,75.0,71.0,False,722
imsa,2024,Sebring,Sebring International Raceway,race,609,62,GTDPRO,Daniel Serra,daniel serra,302,5.0,36,206.828,12.601,128.415,65.812,,FCY,9,78.5,75.0,71.0,False,722
imsa,2024,Sebring,Sebring International Raceway,race,609,62,GTDPRO,Daniel Serra,daniel serra,303,5.0,37,185.366,19.682,109.034,56.65,,FCY,9,78.4,75.0,71.0,False,722
imsa,2024,Sebring,Sebring International Raceway,race,609,62,GTDPRO,Daniel Serra,daniel serra,304,5.0,38,207.703,16.174,135.011,56.518,,GF,9,78.2,75.0,71.0,False,722
imsa,2024,Sebring,Sebring International Raceway,race,609,62,GTDPRO,Daniel Serra,daniel serra,305,5.0,39,123.941,11.506,77.777,34.658,,GF,10,78.1,75.0,71.0,False,722
imsa,2024,Sebring,Sebring International Raceway,race,609,62,GTDPRO,Daniel Serra,daniel serra,306,5.0,40,124.937,86399.0,86399.0,34.26,,GF,11,77.9,75.0,71.0,False,722
imsa,2024,Sebring,Sebring International Raceway,race,609,62,GTDPRO,Daniel Serra,daniel serra,307,5.0,41,121.627,11.54,75.954,34.133,,GF,12,77.9,75.0,72.0,False,722
imsa,2024,Sebring,Sebring International Raceway,race,609,62,GTDPRO,Daniel Serra,daniel serra,308,5.0,42,123.247,11.503,76.996,34.748,,GF,13,77.9,75.0,72.0,False,722
imsa,2024,Sebring,Sebring International Raceway,race,609,62,GTDPRO,Daniel Serra,daniel serra,309,5.0,43,121.833,11.53,76.114,34.189,,GF,14,77.7,75.0,72.0,False,722
imsa,2024,Sebring,Sebring International Raceway,race,609,62,GTDPRO,Daniel Serra,daniel serra,310,5.0,44,122.759,11.596,76.866,34.297,,GF,15,77.6,75.0,72.0,False,722
imsa,2024,Sebring,Sebring International Raceway,race,609,62,GTDPRO,Daniel Serra,daniel serra,311,5.0,45,122.31,11.747,76.498,34.065,,GF,16,77.5,75.0,72.0,False,722
imsa,2024,Sebring,Sebring International Raceway,race,609,62,GTDPRO,Daniel Serra,daniel serra,312,5.0,46,123.083,11.693,77.337,34.053,,GF,17,77.5,75.0,72.0,False,722
imsa,2024,Sebring,Sebring International Raceway,race,609,62,GTDPRO,Daniel Serra,daniel serra,313,5.0,47,122.554,11.525,76.42,34.609,,GF,18,77.5,75.0,72.0,False,722
imsa,2024,Sebring,Sebring International Raceway,race,609,62,GTDPRO,Daniel Serra,daniel serra,314,5.0,48,122.833,11.611,76.764,34.458,,GF,19,77.4,75.0,72.0,False,722
imsa,2024,Sebring,Sebring International Raceway,race,609,62,GTDPRO,Daniel Serra,daniel serra,315,5.0,49,123.115,11.744,76.824,34.547,,GF,20,77.5,75.0,72.0,False,722
imsa,2024,Sebring,Sebring International Raceway,race,609,62,GTDPRO,Daniel Serra,daniel serra,316,5.0,50,122.509,11.573,76.785,34.151,,FF,21,77.4,75.0,72.0,False,722
imsa,2024,Sebring,Sebring International Raceway,race,609,64,GTDPRO,Mike Rockenfeller,mike rockenfeller,1,1.0,0,150.882,36.465,79.65,34.767,,GF,0,71.6,74.0,85.0,False,722
imsa,2024,Sebring,Sebring International Raceway,race,609,64,GTDPRO,Mike Rockenfeller,mike rockenfeller,2,1.0,1,123.069,11.822,76.928,34.319,,GF,0,71.9,75.0,85.0,False,722
imsa,2024,Sebring,Sebring International Raceway,race,609,64,GTDPRO,Mike Rockenfeller,mike rockenfeller,3,1.0,2,122.246,11.563,76.415,34.268,,GF,1,72.3,75.0,85.0,False,722
imsa,2024,Sebring,Sebring International Raceway,race,609,64,GTDPRO,Mike Rockenfeller,mike rockenfeller,4,1.0,3,121.956,11.537,76.06,34.359,,GF,2,72.5,75.0,84.0,False,722
imsa,2024,Sebring,Sebring International Raceway,race,609,64,GTDPRO,Mike Rockenfeller,mike rockenfeller,5,1.0,4,122.07,11.637,76.062,34.371,,GF,3,72.8,75.0,84.0,False,722
imsa,2024,Sebring,Sebring International Raceway,race,609,64,GTDPRO,Mike Rockenfeller,mike rockenfeller,6,1.0,5,122.135,11.576,76.353,34.206,,GF,4,73.1,75.0,83.0,False,722
imsa,2024,Sebring,Sebring International Raceway,race,609,64,GTDPRO,Mike Rockenfeller,mike rockenfeller,7,1.0,6,122.003,11.59,76.076,34.337,,GF,5,73.4,75.0,83.0,False,722
imsa,2024,Sebring,Sebring International Raceway,race,609,64,GTDPRO,Mike Rockenfeller,mike rockenfeller,8,1.0,7,122.002,11.602,76.072,34.328,,GF,6,73.5,75.0,82.0,False,722
imsa,2024,Sebring,Sebring International Raceway,race,609,64,GTDPRO,Mike Rockenfeller,mike rockenfeller,9,1.0,8,123.086,11.59,76.475,35.021,,GF,7,73.5,75.0,82.0,False,722
imsa,2024,Sebring,Sebring International Raceway,race,609,64,GTDPRO,Mike Rockenfeller,mike rockenfeller,10,1.0,9,123.186,11.77,76.802,34.614,,GF,8,73.7,75.0,82.0,False,722
imsa,2024,Sebring,Sebring International Raceway,race,609,64,GTDPRO,Mike Rockenfeller,mike rockenfeller,11,1.0,10,122.404,11.606,76.33,34.468,,GF,9,73.9,75.0,81.0,False,722
imsa,2024,Sebring,Sebring International Raceway,race,609,64,GTDPRO,Mike Rockenfeller,mike rockenfeller,12,1.0,11,122.135,11.55,76.133,34.452,,GF,10,74.0,75.0,81.0,False,722
imsa,2024,Sebring,Sebring International Raceway,race,609,64,GTDPRO,Mike Rockenfeller,mike rockenfeller,13,1.0,12,122.287,11.527,76.355,34.405,,GF,11,74.2,75.0,81.0,False,722
imsa,2024,Sebring,Sebring International Raceway,race,609,64,GTDPRO,Mike Rockenfeller,mike rockenfeller,14,1.0,13,122.342,11.579,76.286,34.477,,GF,12,74.4,75.0,80.0,False,722
imsa,2024,Sebring,Sebring International Raceway,race,609,64,GTDPRO,Mike Rockenfeller,mike rockenfeller,15,1.0,14,122.599,11.523,76.504,34.572,,GF,13,74.7,75.0,80.0,False,722
imsa,2024,Sebring,Sebring International Raceway,race,609,64,GTDPRO,Mike Rockenfeller,mike rockenfeller,16,1.0,15,123.434,11.597,77.24,34.597,,GF,14,74.7,75.0,80.0,False,722
imsa,2024,Sebring,Sebring International Raceway,race,609,64,GTDPRO,Mike Rockenfeller,mike rockenfeller,17,1.0,16,122.638,11.526,76.393,34.719,,GF,15,74.9,74.0,80.0,False,722
imsa,2024,Sebring,Sebring International Raceway,race,609,64,GTDPRO,Mike Rockenfeller,mike rockenfeller,18,1.0,17,123.579,11.584,76.588,35.407,,FCY,16,74.9,74.0,80.0,False,722
imsa,2024,Sebring,Sebring International Raceway,race,609,64,GTDPRO,Mike Rockenfeller,mike rockenfeller,19,1.0,18,162.995,15.342,100.164,47.489,,FCY,16,75.3,74.0,79.0,False,722
imsa,2024,Sebring,Sebring International Raceway,race,609,64,GTDPRO,Mike Rockenfeller,mike rockenfeller,20,1.0,19,154.901,14.617,96.443,43.841,,FCY,16,75.3,74.0,79.0,False,722
imsa,2024,Sebring,Sebring International Raceway,race,609,64,GTDPRO,Mike Rockenfeller,mike rockenfeller,21,1.0,20,210.073,15.422,131.819,62.832,,FCY,16,75.6,74.0,78.0,False,722
imsa,2024,Sebring,Sebring International Raceway,race,609,64,GTDPRO,Mike Rockenfeller,mike rockenfeller,22,1.0,21,184.206,14.544,105.06,64.602,,FCY,16,76.0,74.0,78.0,False,722
imsa,2024,Sebring,Sebring International Raceway,race,609,64,GTDPRO,Mike Rockenfeller,mike rockenfeller,23,1.0,22,220.146,74.433,93.357,52.356,73.919,FCY,0,76.3,74.0,78.0,False,722
imsa,2024,Sebring,Sebring International Raceway,race,609,64,GTDPRO,Mike Rockenfeller,mike rockenfeller,24,1.0,23,199.891,24.832,136.833,38.226,,GF,0,76.6,74.0,77.0,False,722
imsa,2024,Sebring,Sebring International Raceway,race,609,64,GTDPRO,Mike Rockenfeller,mike rockenfeller,25,1.0,24,125.837,12.473,78.281,35.083,,GF,1,76.6,74.0,77.0,False,722
imsa,2024,Sebring,Sebring International Raceway,race,609,64,GTDPRO,Mike Rockenfeller,mike rockenfeller,26,1.0,25,123.146,11.718,76.799,34.629,,GF,2,76.9,74.0,77.0,False,722
imsa,2024,Sebring,Sebring International Raceway,race,609,64,GTDPRO,Mike Rockenfeller,mike rockenfeller,27,1.0,26,122.619,11.711,76.658,34.25,,GF,3,76.9,74.0,76.0,False,722
imsa,2024,Sebring,Sebring International Raceway,race,609,64,GTDPRO,Mike Rockenfeller,mike rockenfeller,28,1.0,27,122.366,11.699,76.275,34.392,,GF,4,77.1,74.0,76.0,False,722
imsa,2024,Sebring,Sebring International Raceway,race,609,64,GTDPRO,Mike Rockenfeller,mike rockenfeller,29,1.0,28,122.293,11.54,76.337,34.416,,GF,5,77.3,74.0,76.0,False,722
imsa,2024,Sebring,Sebring International Raceway,race,609,64,GTDPRO,Mike Rockenfeller,mike rockenfeller,30,1.0,29,123.057,11.551,77.174,34.332,,GF,6,77.6,74.0,75.0,False,722
imsa,2024,Sebring,Sebring International Raceway,race,609,64,GTDPRO,Mike Rockenfeller,mike rockenfeller,31,1.0,30,122.382,11.564,76.464,34.354,,GF,7,77.9,75.0,75.0,False,722
imsa,2024,Sebring,Sebring International Raceway,race,609,64,GTDPRO,Mike Rockenfeller,mike rockenfeller,32,1.0,31,122.685,11.68,76.496,34.509,,GF,8,78.0,75.0,75.0,False,722
imsa,2024,Sebring,Sebring International Raceway,race,609,64,GTDPRO,Mike Rockenfeller,mike rockenfeller,33,1.0,32,122.957,11.703,76.754,34.5,,GF,9,78.2,75.0,75.0,False,722
imsa,2024,Sebring,Sebring International Raceway,race,609,64,GTDPRO,Mike Rockenfeller,mike rockenfeller,34,1.0,33,122.888,11.656,76.784,34.448,,GF,10,78.3,75.0,75.0,False,722
imsa,2024,Sebring,Sebring International Raceway,race,609,64,GTDPRO,Mike Rockenfeller,mike rockenfeller,35,1.0,34,123.282,11.707,76.913,34.662,,GF,11,78.4,75.0,74.0,False,722
imsa,2024,Sebring,Sebring International Raceway,race,609,64,GTDPRO,Mike Rockenfeller,mike rockenfeller,36,1.0,35,123.08,11.639,76.847,34.594,,GF,12,78.2,75.0,74.0,False,722
imsa,2024,Sebring,Sebring International Raceway,race,609,64,GTDPRO,Mike Rockenfeller,mike rockenfeller,37,1.0,36,124.09,11.607,77.56,34.923,,GF,13,78.1,74.0,74.0,False,722
imsa,2024,Sebring,Sebring International Raceway,race,609,64,GTDPRO,Mike Rockenfeller,mike rockenfeller,38,1.0,37,123.028,11.87,76.692,34.466,,GF,14,78.0,74.0,74.0,False,722
imsa,2024,Sebring,Sebring International Raceway,race,609,64,GTDPRO,Mike Rockenfeller,mike rockenfeller,39,1.0,38,123.018,11.708,76.805,34.505,,GF,15,78.0,74.0,74.0,False,722
imsa,2024,Sebring,Sebring International Raceway,race,609,64,GTDPRO,Mike Rockenfeller,mike rockenfeller,40,1.0,39,122.483,11.487,76.555,34.441,,GF,16,78.0,74.0,74.0,False,722
imsa,2024,Sebring,Sebring International Raceway,race,609,64,GTDPRO,Mike Rockenfeller,mike rockenfeller,41,1.0,40,123.132,11.547,76.925,34.66,,GF,17,78.0,74.0,74.0,False,722
imsa,2024,Sebring,Sebring International Raceway,race,609,64,GTDPRO,Mike Rockenfeller,mike rockenfeller,42,1.0,41,122.835,11.543,76.292,35.0,,GF,18,77.9,74.0,74.0,False,722
imsa,2024,Sebring,Sebring International Raceway,race,609,64,GTDPRO,Mike Rockenfeller,mike rockenfeller,43,1.0,42,124.164,11.763,77.113,35.288,,GF,19,77.8,74.0,75.0,False,722
imsa,2024,Sebring,Sebring International Raceway,race,609,64,GTDPRO,Mike Rockenfeller,mike rockenfeller,44,1.0,43,122.744,11.633,76.575,34.536,,GF,20,78.1,74.0,75.0,False,722
imsa,2024,Sebring,Sebring International Raceway,race,609,64,GTDPRO,Mike Rockenfeller,mike rockenfeller,45,1.0,44,122.228,11.614,76.161,34.453,,GF,21,78.6,75.0,74.0,False,722
imsa,2024,Sebring,Sebring International Raceway,race,609,64,GTDPRO,Mike Rockenfeller,mike rockenfeller,46,1.0,45,123.229,11.547,76.71,34.972,,GF,22,78.9,75.0,73.0,False,722
imsa,2024,Sebring,Sebring International Raceway,race,609,64,GTDPRO,Mike Rockenfeller,mike rockenfeller,47,1.0,46,123.659,11.673,77.192,34.794,,GF,23,78.8,75.0,73.0,False,722
imsa,2024,Sebring,Sebring International Raceway,race,609,64,GTDPRO,Mike Rockenfeller,mike rockenfeller,48,1.0,47,122.692,11.575,76.565,34.552,,GF,24,78.9,75.0,73.0,False,722
imsa,2024,Sebring,Sebring International Raceway,race,609,64,GTDPRO,Mike Rockenfeller,mike rockenfeller,49,1.0,48,122.077,11.52,76.146,34.411,,GF,25,79.0,75.0,73.0,False,722
imsa,2024,Sebring,Sebring International Raceway,race,609,64,GTDPRO,Mike Rockenfeller,mike rockenfeller,50,1.0,49,132.813,11.568,77.041,44.204,,GF,26,79.1,75.0,72.0,False,722
imsa,2024,Sebring,Sebring International Raceway,race,609,64,GTDPRO,Christopher Mies,christopher mies,51,2.0,0,193.996,76.23,80.014,37.752,76.049,FCY,0,79.0,75.0,72.0,False,722
imsa,2024,Sebring,Sebring International Raceway,race,609,64,GTDPRO,Christopher Mies,christopher mies,52,2.0,1,158.78,16.002,99.047,43.731,,FCY,0,79.0,75.0,72.0,False,722
imsa,2024,Sebring,Sebring International Raceway,race,609,64,GTDPRO,Christopher Mies,christopher mies,53,2.0,2,170.858,14.247,91.572,65.039,,FCY,0,79.1,75.0,72.0,False,722
imsa,2024,Sebring,Sebring International Raceway,race,609,64,GTDPRO,Christopher Mies,christopher mies,54,2.0,3,184.851,15.71,118.992,50.149,,FCY,0,79.2,75.0,72.0,False,722
imsa,2024,Sebring,Sebring International Raceway,race,609,64,GTDPRO,Christopher Mies,christopher mies,55,2.0,4,183.383,14.419,103.042,65.922,,FCY,0,79.4,75.0,71.0,False,722
imsa,2024,Sebring,Sebring International Raceway,race,609,64,GTDPRO,Christopher Mies,christopher mies,56,2.0,5,213.731,29.271,141.582,42.878,,GF,0,79.6,75.0,71.0,False,722
imsa,2024,Sebring,Sebring International Raceway,race,609,64,GTDPRO,Christopher Mies,christopher mies,57,2.0,6,125.199,12.269,78.329,34.601,,GF,1,79.5,75.0,71.0,False,722
imsa,2024,Sebring,Sebring International Raceway,race,609,64,GTDPRO,Christopher Mies,christopher mies,58,2.0,7,122.692,11.663,76.655,34.374,,GF,2,79.5,75.0,71.0,False,722
imsa,2024,Sebring,Sebring International Raceway,race,609,64,GTDPRO,Christopher Mies,christopher mies,59,2.0,8,122.656,11.69,76.731,34.235,,GF,3,79.5,75.0,71.0,False,722
imsa,2024,Sebring,Sebring International Raceway,race,609,64,GTDPRO,Christopher Mies,christopher mies,60,2.0,9,122.431,11.663,76.393,34.375,,GF,4,79.6,75.0,71.0,False,722
imsa,2024,Sebring,Sebring International Raceway,race,609,64,GTDPRO,Christopher Mies,christopher mies,61,2.0,10,122.1,11.616,76.122,34.362,,GF,5,79.7,75.0,71.0,False,722
imsa,2024,Sebring,Sebring International Raceway,race,609,64,GTDPRO,Christopher Mies,christopher mies,62,2.0,11,121.941,11.597,76.1,34.244,,GF,6,79.9,75.0,71.0,False,722
imsa,2024,Sebring,Sebring International Raceway,race,609,64,GTDPRO,Christopher Mies,christopher mies,63,2.0,12,122.341,11.608,76.447,34.286,,GF,7,80.0,75.0,70.0,False,722
imsa,2024,Sebring,Sebring International Raceway,race,609,64,GTDPRO,Christopher Mies,christopher mies,64,2.0,13,123.422,11.637,76.712,35.073,,GF,8,80.0,75.0,70.0,False,722
imsa,2024,Sebring,Sebring International Raceway,race,609,64,GTDPRO,Christopher Mies,christopher mies,65,2.0,14,123.287,11.788,77.083,34.416,,GF,9,80.1,75.0,70.0,False,722
imsa,2024,Sebring,Sebring International Raceway,race,609,64,GTDPRO,Christopher Mies,christopher mies,66,2.0,15,122.772,11.646,76.753,34.373,,GF,10,80.1,75.0,70.0,False,722
imsa,2024,Sebring,Sebring International Raceway,race,609,64,GTDPRO,Christopher Mies,christopher mies,67,2.0,16,123.298,11.578,77.278,34.442,,GF,11,80.2,75.0,70.0,False,722
imsa,2024,Sebring,Sebring International Raceway,race,609,64,GTDPRO,Christopher Mies,christopher mies,68,2.0,17,122.62,11.707,76.607,34.306,,GF,12,80.2,75.0,70.0,False,722
imsa,2024,Sebring,Sebring International Raceway,race,609,64,GTDPRO,Christopher Mies,christopher mies,69,2.0,18,122.06,11.616,76.216,34.228,,GF,13,80.1,75.0,70.0,False,722
imsa,2024,Sebring,Sebring International Raceway,race,609,64,GTDPRO,Christopher Mies,christopher mies,70,2.0,19,124.352,11.71,77.829,34.813,,GF,14,80.1,75.0,70.0,False,722
imsa,2024,Sebring,Sebring International Raceway,race,609,64,GTDPRO,Christopher Mies,christopher mies,71,2.0,20,123.56,11.859,77.19,34.511,,GF,15,80.0,75.0,69.0,False,722
imsa,2024,Sebring,Sebring International Raceway,race,609,64,GTDPRO,Christopher Mies,christopher mies,72,2.0,21,122.019,11.562,76.185,34.272,,GF,16,79.8,75.0,70.0,False,722
imsa,2024,Sebring,Sebring International Raceway,race,609,64,GTDPRO,Christopher Mies,christopher mies,73,2.0,22,122.04,11.619,76.124,34.297,,GF,17,79.8,75.0,71.0,False,722
imsa,2024,Sebring,Sebring International Raceway,race,609,64,GTDPRO,Christopher Mies,christopher mies,74,2.0,23,121.999,11.575,76.206,34.218,,GF,18,79.8,75.0,70.0,False,722
imsa,2024,Sebring,Sebring International Raceway,race,609,64,GTDPRO,Christopher Mies,christopher mies,75,2.0,24,123.474,11.551,76.6,35.323,,FCY,19,79.9,76.0,71.0,False,722
imsa,2024,Sebring,Sebring International Raceway,race,609,64,GTDPRO,Christopher Mies,christopher mies,76,2.0,25,140.194,14.013,87.748,38.433,,FCY,19,80.1,76.0,70.0,False,722
imsa,2024,Sebring,Sebring International Raceway,race,609,64,GTDPRO,Christopher Mies,christopher mies,77,2.0,26,133.341,12.721,85.259,35.361,,FCY,19,80.3,76.0,70.0,False,722
imsa,2024,Sebring,Sebring International Raceway,race,609,64,GTDPRO,Christopher Mies,christopher mies,78,2.0,27,201.681,12.635,132.943,56.103,,FCY,19,80.3,76.0,70.0,False,722
imsa,2024,Sebring,Sebring International Raceway,race,609,64,GTDPRO,Christopher Mies,christopher mies,79,2.0,28,186.036,13.149,110.683,62.204,,FCY,19,80.6,76.0,69.0,False,722
imsa,2024,Sebring,Sebring International Raceway,race,609,64,GTDPRO,Christopher Mies,christopher mies,80,2.0,29,213.293,74.65,89.818,48.825,74.626,FCY,0,80.7,76.0,69.0,False,722
imsa,2024,Sebring,Sebring International Raceway,race,609,64,GTDPRO,Christopher Mies,christopher mies,81,2.0,30,210.244,19.827,122.53,67.887,,FCY,0,81.1,76.0,67.0,False,722
imsa,2024,Sebring,Sebring International Raceway,race,609,64,GTDPRO,Christopher Mies,christopher mies,82,2.0,31,187.335,30.443,115.295,41.597,,GF,0,81.2,77.0,67.0,False,722
imsa,2024,Sebring,Sebring International Raceway,race,609,64,GTDPRO,Christopher Mies,christopher mies,83,2.0,32,123.335,11.639,77.162,34.534,,GF,1,81.4,78.0,67.0,False,722
imsa,2024,Sebring,Sebring International Raceway,race,609,64,GTDPRO,Christopher Mies,christopher mies,84,2.0,33,123.451,11.672,77.211,34.568,,GF,2,81.6,79.0,67.0,False,722
imsa,2024,Sebring,Sebring International Raceway,race,609,64,GTDPRO,Christopher Mies,christopher mies,85,2.0,34,123.21,11.601,77.151,34.458,,GF,3,82.0,81.0,67.0,False,722
imsa,2024,Sebring,Sebring International Raceway,race,609,64,GTDPRO,Christopher Mies,christopher mies,86,2.0,35,123.265,11.958,76.972,34.335,,GF,4,82.1,82.0,66.0,False,722
imsa,2024,Sebring,Sebring International Raceway,race,609,64,GTDPRO,Christopher Mies,christopher mies,87,2.0,36,122.594,11.56,76.77,34.264,,GF,5,82.2,82.0,65.0,False,722
imsa,2024,Sebring,Sebring International Raceway,race,609,64,GTDPRO,Christopher Mies,christopher mies,88,2.0,37,122.727,11.617,76.737,34.373,,GF,6,82.3,82.0,65.0,False,722
imsa,2024,Sebring,Sebring International Raceway,race,609,64,GTDPRO,Christopher Mies,christopher mies,89,2.0,38,123.001,11.606,76.484,34.911,,GF,7,82.4,82.0,65.0,False,722
imsa,2024,Sebring,Sebring International Raceway,race,609,64,GTDPRO,Christopher Mies,christopher mies,90,2.0,39,122.625,11.884,76.571,34.17,,GF,8,82.3,83.0,65.0,False,722
imsa,2024,Sebring,Sebring International Raceway,race,609,64,GTDPRO,Christopher Mies,christopher mies,91,2.0,40,123.288,11.607,76.856,34.825,,GF,9,82.3,84.0,65.0,False,722
imsa,2024,Sebring,Sebring International Raceway,race,609,64,GTDPRO,Christopher Mies,christopher mies,92,2.0,41,123.148,11.698,76.89,34.56,,GF,10,82.2,84.0,65.0,False,722
imsa,2024,Sebring,Sebring International Raceway,race,609,64,GTDPRO,Christopher Mies,christopher mies,93,2.0,42,123.617,11.633,77.272,34.712,,GF,11,82.2,84.0,66.0,False,722
imsa,2024,Sebring,Sebring International Raceway,race,609,64,GTDPRO,Christopher Mies,christopher mies,94,2.0,43,123.516,11.599,77.385,34.532,,GF,12,82.1,82.0,66.0,False,722
imsa,2024,Sebring,Sebring International Raceway,race,609,64,GTDPRO,Christopher Mies,christopher mies,95,2.0,44,123.175,11.666,77.161,34.348,,GF,13,81.9,81.0,66.0,False,722
imsa,2024,Sebring,Sebring International Raceway,race,609,64,GTDPRO,Christopher Mies,christopher mies,96,2.0,45,123.132,11.632,77.073,34.427,,GF,14,81.9,80.0,66.0,False,722
imsa,2024,Sebring,Sebring International Raceway,race,609,64,GTDPRO,Christopher Mies,christopher mies,97,2.0,46,122.721,11.656,76.779,34.286,,GF,15,82.2,80.0,66.0,False,722
imsa,2024,Sebring,Sebring International Raceway,race,609,64,GTDPRO,Christopher Mies,christopher mies,98,2.0,47,122.707,11.728,76.686,34.293,,GF,16,82.3,79.0,65.0,False,722
imsa,2024,Sebring,Sebring International Raceway,race,609,64,GTDPRO,Christopher Mies,christopher mies,99,2.0,48,122.503,11.629,76.618,34.256,,GF,17,82.1,79.0,65.0,False,722
imsa,2024,Sebring,Sebring International Raceway,race,609,64,GTDPRO,Christopher Mies,christopher mies,100,2.0,49,122.641,11.641,76.631,34.369,,GF,18,82.1,79.0,65.0,False,722
imsa,2024,Sebring,Sebring International Raceway,race,609,64,GTDPRO,Christopher Mies,christopher mies,101,2.0,50,122.904,11.603,76.749,34.552,,GF,19,82.0,78.0,65.0,False,722
imsa,2024,Sebring,Sebring International Raceway,race,609,64,GTDPRO,Christopher Mies,christopher mies,102,2.0,51,122.962,11.618,76.745,34.599,,GF,20,82.1,78.0,65.0,False,722
imsa,2024,Sebring,Sebring International Raceway,race,609,64,GTDPRO,Christopher Mies,christopher mies,103,2.0,52,122.596,11.639,76.626,34.331,,GF,21,82.4,78.0,65.0,False,722
imsa,2024,Sebring,Sebring International Raceway,race,609,64,GTDPRO,Christopher Mies,christopher mies,104,2.0,53,123.201,11.705,76.827,34.669,,GF,22,82.7,78.0,64.0,False,722
imsa,2024,Sebring,Sebring International Raceway,race,609,64,GTDPRO,Christopher Mies,christopher mies,105,2.0,54,124.031,11.733,77.802,34.496,,GF,23,83.0,78.0,64.0,False,722
imsa,2024,Sebring,Sebring International Raceway,race,609,64,GTDPRO,Christopher Mies,christopher mies,106,2.0,55,123.661,11.696,77.267,34.698,,GF,24,83.2,78.0,64.0,False,722
imsa,2024,Sebring,Sebring International Raceway,race,609,64,GTDPRO,Christopher Mies,christopher mies,107,2.0,56,149.764,11.539,87.245,50.98,,FCY,25,83.3,78.0,63.0,False,722
imsa,2024,Sebring,Sebring International Raceway,race,609,64,GTDPRO,Christopher Mies,christopher mies,108,2.0,57,180.085,15.89,95.414,68.781,,FCY,25,83.4,78.0,63.0,False,722
imsa,2024,Sebring,Sebring International Raceway,race,609,64,GTDPRO,Christopher Mies,christopher mies,109,2.0,58,223.604,21.635,145.429,56.54,,FCY,25,83.2,77.0,62.0,False,722
imsa,2024,Sebring,Sebring International Raceway,race,609,64,GTDPRO,Christopher Mies,christopher mies,110,2.0,59,193.074,16.925,115.474,60.675,,FCY,25,83.0,77.0,62.0,False,722
imsa,2024,Sebring,Sebring International Raceway,race,609,64,GTDPRO,Harry Tincknell,harry tincknell,111,3.0,0,219.247,77.735,93.479,48.033,76.731,FCY,0,83.1,77.0,63.0,False,722
imsa,2024,Sebring,Sebring International Raceway,race,609,64,GTDPRO,Harry Tincknell,harry tincknell,112,3.0,1,183.188,20.609,118.46,44.119,,GF,0,83.0,77.0,63.0,False,722
imsa,2024,Sebring,Sebring International Raceway,race,609,64,GTDPRO,Harry Tincknell,harry tincknell,113,3.0,2,123.536,11.952,76.829,34.755,,GF,1,83.0,77.0,63.0,False,722
imsa,2024,Sebring,Sebring International Raceway,race,609,64,GTDPRO,Harry Tincknell,harry tincknell,114,3.0,3,123.248,11.692,76.878,34.678,,GF,2,83.0,69.0,63.0,False,722
imsa,2024,Sebring,Sebring International Raceway,race,609,64,GTDPRO,Harry Tincknell,harry tincknell,115,3.0,4,143.793,11.652,89.864,42.277,,FCY,3,83.2,69.0,63.0,False,722
imsa,2024,Sebring,Sebring International Raceway,race,609,64,GTDPRO,Harry Tincknell,harry tincknell,116,3.0,5,161.887,14.314,100.763,46.81,,GF,3,83.3,71.0,63.0,False,722
imsa,2024,Sebring,Sebring International Raceway,race,609,64,GTDPRO,Harry Tincknell,harry tincknell,117,3.0,6,123.225,11.709,76.966,34.55,,GF,4,83.3,72.0,63.0,False,722
imsa,2024,Sebring,Sebring International Raceway,race,609,64,GTDPRO,Harry Tincknell,harry tincknell,118,3.0,7,123.312,11.605,76.936,34.771,,GF,5,83.2,73.0,63.0,False,722
imsa,2024,Sebring,Sebring International Raceway,race,609,64,GTDPRO,Harry Tincknell,harry tincknell,119,3.0,8,124.106,11.72,77.696,34.69,,GF,6,83.3,74.0,63.0,False,722
imsa,2024,Sebring,Sebring International Raceway,race,609,64,GTDPRO,Harry Tincknell,harry tincknell,120,3.0,9,122.724,11.68,76.662,34.382,,GF,7,83.8,74.0,62.0,False,722
imsa,2024,Sebring,Sebring International Raceway,race,609,64,GTDPRO,Harry Tincknell,harry tincknell,121,3.0,10,122.143,11.615,76.133,34.395,,GF,8,84.1,73.0,61.0,False,722
imsa,2024,Sebring,Sebring International Raceway,race,609,64,GTDPRO,Harry Tincknell,harry tincknell,122,3.0,11,122.427,11.625,76.324,34.478,,GF,9,84.3,74.0,61.0,False,722
imsa,2024,Sebring,Sebring International Raceway,race,609,64,GTDPRO,Harry Tincknell,harry tincknell,123,3.0,12,122.806,11.665,76.4,34.741,,GF,10,84.3,74.0,61.0,False,722
imsa,2024,Sebring,Sebring International Raceway,race,609,64,GTDPRO,Harry Tincknell,harry tincknell,124,3.0,13,122.94,11.693,76.735,34.512,,GF,11,84.6,74.0,61.0,False,722
imsa,2024,Sebring,Sebring International Raceway,race,609,64,GTDPRO,Harry Tincknell,harry tincknell,125,3.0,14,122.939,11.589,76.553,34.797,,GF,12,84.9,75.0,59.0,False,722
imsa,2024,Sebring,Sebring International Raceway,race,609,64,GTDPRO,Harry Tincknell,harry tincknell,126,3.0,15,124.595,11.673,77.973,34.949,,GF,13,85.2,75.0,60.0,False,722
imsa,2024,Sebring,Sebring International Raceway,race,609,64,GTDPRO,Harry Tincknell,harry tincknell,127,3.0,16,123.538,11.893,77.174,34.471,,GF,14,85.2,75.0,59.0,False,722
imsa,2024,Sebring,Sebring International Raceway,race,609,64,GTDPRO,Harry Tincknell,harry tincknell,128,3.0,17,123.066,11.632,77.083,34.351,,GF,15,85.2,75.0,59.0,False,722
imsa,2024,Sebring,Sebring International Raceway,race,609,64,GTDPRO,Harry Tincknell,harry tincknell,129,3.0,18,122.19,11.627,76.284,34.279,,GF,16,85.4,75.0,58.0,False,722
imsa,2024,Sebring,Sebring International Raceway,race,609,64,GTDPRO,Harry Tincknell,harry tincknell,130,3.0,19,122.74,11.61,76.53,34.6,,GF,17,85.5,75.0,59.0,False,722
imsa,2024,Sebring,Sebring International Raceway,race,609,64,GTDPRO,Harry Tincknell,harry tincknell,131,3.0,20,122.375,11.592,76.494,34.289,,GF,18,85.9,75.0,58.0,False,722
imsa,2024,Sebring,Sebring International Raceway,race,609,64,GTDPRO,Harry Tincknell,harry tincknell,132,3.0,21,122.5,11.62,76.61,34.27,,GF,19,86.0,75.0,58.0,False,722
imsa,2024,Sebring,Sebring International Raceway,race,609,64,GTDPRO,Harry Tincknell,harry tincknell,133,3.0,22,122.691,11.596,76.518,34.577,,GF,20,86.2,75.0,58.0,False,722
imsa,2024,Sebring,Sebring International Raceway,race,609,64,GTDPRO,Harry Tincknell,harry tincknell,134,3.0,23,122.58,11.55,76.446,34.584,,GF,21,86.1,75.0,59.0,False,722
imsa,2024,Sebring,Sebring International Raceway,race,609,64,GTDPRO,Harry Tincknell,harry tincknell,135,3.0,24,122.672,11.655,76.637,34.38,,GF,22,86.2,75.0,59.0,False,722
imsa,2024,Sebring,Sebring International Raceway,race,609,64,GTDPRO,Harry Tincknell,harry tincknell,136,3.0,25,123.248,11.6,77.03,34.618,,GF,23,86.1,75.0,58.0,False,722
imsa,2024,Sebring,Sebring International Raceway,race,609,64,GTDPRO,Harry Tincknell,harry tincknell,137,3.0,26,122.884,11.793,76.699,34.392,,GF,24,85.9,76.0,59.0,False,722
imsa,2024,Sebring,Sebring International Raceway,race,609,64,GTDPRO,Harry Tincknell,harry tincknell,138,3.0,27,123.701,11.594,77.515,34.592,,GF,25,85.6,76.0,59.0,False,722
imsa,2024,Sebring,Sebring International Raceway,race,609,64,GTDPRO,Harry Tincknell,harry tincknell,139,3.0,28,122.364,11.618,76.343,34.403,,GF,26,85.5,76.0,58.0,False,722
imsa,2024,Sebring,Sebring International Raceway,race,609,64,GTDPRO,Harry Tincknell,harry tincknell,140,3.0,29,132.216,11.682,76.75,43.784,,GF,27,85.6,76.0,58.0,False,722
imsa,2024,Sebring,Sebring International Raceway,race,609,64,GTDPRO,Harry Tincknell,harry tincknell,141,3.0,30,192.433,78.708,79.168,34.557,79.182,GF,0,85.9,76.0,57.0,False,722
imsa,2024,Sebring,Sebring International Raceway,race,609,64,GTDPRO,Harry Tincknell,harry tincknell,142,3.0,31,123.821,11.655,77.41,34.756,,GF,0,86.0,76.0,57.0,False,722
imsa,2024,Sebring,Sebring International Raceway,race,609,64,GTDPRO,Harry Tincknell,harry tincknell,143,3.0,32,122.94,11.739,76.297,34.904,,GF,1,85.9,76.0,57.0,False,722
imsa,2024,Sebring,Sebring International Raceway,race,609,64,GTDPRO,Harry Tincknell,harry tincknell,144,3.0,33,123.436,12.046,76.793,34.597,,GF,2,85.9,76.0,58.0,False,722
imsa,2024,Sebring,Sebring International Raceway,race,609,64,GTDPRO,Harry Tincknell,harry tincknell,145,3.0,34,122.045,11.64,76.066,34.339,,GF,3,85.8,75.0,59.0,False,722
imsa,2024,Sebring,Sebring International Raceway,race,609,64,GTDPRO,Harry Tincknell,harry tincknell,146,3.0,35,123.634,11.71,77.338,34.586,,GF,4,85.6,75.0,59.0,False,722
imsa,2024,Sebring,Sebring International Raceway,race,609,64,GTDPRO,Harry Tincknell,harry tincknell,147,3.0,36,124.171,11.705,77.899,34.567,,GF,5,85.3,75.0,59.0,False,722
imsa,2024,Sebring,Sebring International Raceway,race,609,64,GTDPRO,Harry Tincknell,harry tincknell,148,3.0,37,122.128,11.657,76.123,34.348,,GF,6,84.9,75.0,60.0,False,722
imsa,2024,Sebring,Sebring International Raceway,race,609,64,GTDPRO,Harry Tincknell,harry tincknell,149,3.0,38,122.794,11.555,76.756,34.483,,GF,7,84.8,75.0,59.0,False,722
imsa,2024,Sebring,Sebring International Raceway,race,609,64,GTDPRO,Harry Tincknell,harry tincknell,150,3.0,39,122.039,11.585,76.155,34.299,,GF,8,84.8,75.0,60.0,False,722
imsa,2024,Sebring,Sebring International Raceway,race,609,64,GTDPRO,Harry Tincknell,harry tincknell,151,3.0,40,122.606,11.601,76.524,34.481,,GF,9,84.8,75.0,60.0,False,722
imsa,2024,Sebring,Sebring International Raceway,race,609,64,GTDPRO,Harry Tincknell,harry tincknell,152,3.0,41,122.898,11.61,76.793,34.495,,GF,10,84.8,75.0,60.0,False,722
imsa,2024,Sebring,Sebring International Raceway,race,609,64,GTDPRO,Harry Tincknell,harry tincknell,153,3.0,42,123.351,11.613,77.152,34.586,,GF,11,85.0,75.0,60.0,False,722
imsa,2024,Sebring,Sebring International Raceway,race,609,64,GTDPRO,Harry Tincknell,harry tincknell,154,3.0,43,122.299,11.586,76.355,34.358,,GF,12,85.2,75.0,59.0,False,722
imsa,2024,Sebring,Sebring International Raceway,race,609,64,GTDPRO,Harry Tincknell,harry tincknell,155,3.0,44,132.698,11.646,81.416,39.636,,FCY,13,85.2,75.0,59.0,False,722
imsa,2024,Sebring,Sebring International Raceway,race,609,64,GTDPRO,Harry Tincknell,harry tincknell,156,3.0,45,146.821,14.499,90.886,41.436,,FCY,13,85.1,75.0,59.0,False,722
imsa,2024,Sebring,Sebring International Raceway,race,609,64,GTDPRO,Harry Tincknell,harry tincknell,157,3.0,46,175.578,15.261,96.254,64.063,,FCY,13,84.9,75.0,59.0,False,722
imsa,2024,Sebring,Sebring International Raceway,race,609,64,GTDPRO,Harry Tincknell,harry tincknell,158,3.0,47,215.054,27.556,128.433,59.065,,FCY,13,84.9,75.0,59.0,False,722
imsa,2024,Sebring,Sebring International Raceway,race,609,64,GTDPRO,Harry Tincknell,harry tincknell,159,3.0,48,204.798,14.16,124.462,66.176,,FCY,13,84.9,75.0,59.0,False,722
imsa,2024,Sebring,Sebring International Raceway,race,609,64,GTDPRO,Mike Rockenfeller,mike rockenfeller,160,4.0,0,228.811,68.613,99.389,60.809,68.014,FCY,0,84.9,75.0,59.0,False,722
imsa,2024,Sebring,Sebring International Raceway,race,609,64,GTDPRO,Mike Rockenfeller,mike rockenfeller,161,4.0,1,241.855,29.727,141.41,70.718,,FCY,0,85.4,75.0,58.0,False,722
imsa,2024,Sebring,Sebring International Raceway,race,609,64,GTDPRO,Mike Rockenfeller,mike rockenfeller,162,4.0,2,199.049,23.707,138.456,36.886,,GF,0,85.8,75.0,57.0,False,722
imsa,2024,Sebring,Sebring International Raceway,race,609,64,GTDPRO,Mike Rockenfeller,mike rockenfeller,163,4.0,3,124.202,11.752,77.95,34.5,,GF,1,85.8,75.0,57.0,False,722
imsa,2024,Sebring,Sebring International Raceway,race,609,64,GTDPRO,Mike Rockenfeller,mike rockenfeller,164,4.0,4,123.214,11.633,77.061,34.52,,GF,2,85.8,75.0,58.0,False,722
imsa,2024,Sebring,Sebring International Raceway,race,609,64,GTDPRO,Mike Rockenfeller,mike rockenfeller,165,4.0,5,123.169,11.584,77.022,34.563,,GF,3,85.9,75.0,57.0,False,722
imsa,2024,Sebring,Sebring International Raceway,race,609,64,GTDPRO,Mike Rockenfeller,mike rockenfeller,166,4.0,6,123.661,11.775,77.382,34.504,,GF,4,86.0,75.0,56.0,False,722
imsa,2024,Sebring,Sebring International Raceway,race,609,64,GTDPRO,Mike Rockenfeller,mike rockenfeller,167,4.0,7,122.656,11.677,76.487,34.492,,GF,5,86.1,75.0,56.0,False,722
imsa,2024,Sebring,Sebring International Raceway,race,609,64,GTDPRO,Mike Rockenfeller,mike rockenfeller,168,4.0,8,122.695,11.625,76.639,34.431,,GF,6,86.3,75.0,56.0,False,722
imsa,2024,Sebring,Sebring International Raceway,race,609,64,GTDPRO,Mike Rockenfeller,mike rockenfeller,169,4.0,9,122.916,11.626,76.819,34.471,,GF,7,86.4,75.0,56.0,False,722
imsa,2024,Sebring,Sebring International Raceway,race,609,64,GTDPRO,Mike Rockenfeller,mike rockenfeller,170,4.0,10,122.693,11.604,76.616,34.473,,GF,8,86.5,75.0,56.0,False,722
imsa,2024,Sebring,Sebring International Raceway,race,609,64,GTDPRO,Mike Rockenfeller,mike rockenfeller,171,4.0,11,123.53,11.621,77.268,34.641,,GF,9,86.5,75.0,55.0,False,722
imsa,2024,Sebring,Sebring International Raceway,race,609,64,GTDPRO,Mike Rockenfeller,mike rockenfeller,172,4.0,12,123.255,11.67,77.168,34.417,,GF,10,86.4,75.0,54.0,False,722
imsa,2024,Sebring,Sebring International Raceway,race,609,64,GTDPRO,Mike Rockenfeller,mike rockenfeller,173,4.0,13,122.948,11.614,76.837,34.497,,GF,11,86.3,75.0,55.0,False,722
imsa,2024,Sebring,Sebring International Raceway,race,609,64,GTDPRO,Mike Rockenfeller,mike rockenfeller,174,4.0,14,123.548,11.627,77.29,34.631,,GF,12,86.5,75.0,55.0,False,722
imsa,2024,Sebring,Sebring International Raceway,race,609,64,GTDPRO,Mike Rockenfeller,mike rockenfeller,175,4.0,15,124.113,11.965,77.198,34.95,,GF,13,86.5,75.0,55.0,False,722
imsa,2024,Sebring,Sebring International Raceway,race,609,64,GTDPRO,Mike Rockenfeller,mike rockenfeller,176,4.0,16,123.11,11.761,76.878,34.471,,GF,14,86.6,75.0,55.0,False,722
imsa,2024,Sebring,Sebring International Raceway,race,609,64,GTDPRO,Mike Rockenfeller,mike rockenfeller,177,4.0,17,124.897,11.72,77.687,35.49,,GF,15,86.8,75.0,55.0,False,722
imsa,2024,Sebring,Sebring International Raceway,race,609,64,GTDPRO,Mike Rockenfeller,mike rockenfeller,178,4.0,18,123.327,11.865,76.889,34.573,,GF,16,86.9,75.0,55.0,False,722
imsa,2024,Sebring,Sebring International Raceway,race,609,64,GTDPRO,Mike Rockenfeller,mike rockenfeller,179,4.0,19,123.011,11.712,76.701,34.598,,GF,17,87.1,75.0,55.0,False,722
imsa,2024,Sebring,Sebring International Raceway,race,609,64,GTDPRO,Mike Rockenfeller,mike rockenfeller,180,4.0,20,123.495,11.675,76.895,34.925,,GF,18,87.0,75.0,55.0,False,722
imsa,2024,Sebring,Sebring International Raceway,race,609,64,GTDPRO,Mike Rockenfeller,mike rockenfeller,181,4.0,21,123.921,11.758,77.369,34.794,,GF,19,86.7,75.0,55.0,False,722
imsa,2024,Sebring,Sebring International Raceway,race,609,64,GTDPRO,Mike Rockenfeller,mike rockenfeller,182,4.0,22,124.123,11.74,77.601,34.782,,GF,20,86.5,75.0,55.0,False,722
imsa,2024,Sebring,Sebring International Raceway,race,609,64,GTDPRO,Mike Rockenfeller,mike rockenfeller,183,4.0,23,124.784,11.765,78.474,34.545,,GF,21,86.4,75.0,55.0,False,722
imsa,2024,Sebring,Sebring International Raceway,race,609,64,GTDPRO,Mike Rockenfeller,mike rockenfeller,184,4.0,24,124.219,11.703,77.78,34.736,,GF,22,86.5,75.0,55.0,False,722
imsa,2024,Sebring,Sebring International Raceway,race,609,64,GTDPRO,Mike Rockenfeller,mike rockenfeller,185,4.0,25,123.64,11.738,77.332,34.57,,GF,23,86.4,75.0,55.0,False,722
imsa,2024,Sebring,Sebring International Raceway,race,609,64,GTDPRO,Mike Rockenfeller,mike rockenfeller,186,4.0,26,123.481,11.708,77.116,34.657,,GF,24,86.1,75.0,56.0,False,722
imsa,2024,Sebring,Sebring International Raceway,race,609,64,GTDPRO,Mike Rockenfeller,mike rockenfeller,187,4.0,27,124.084,11.85,77.764,34.47,,GF,25,86.1,75.0,56.0,False,722
imsa,2024,Sebring,Sebring International Raceway,race,609,64,GTDPRO,Mike Rockenfeller,mike rockenfeller,188,4.0,28,123.519,11.697,77.254,34.568,,GF,26,86.3,75.0,55.0,False,722
imsa,2024,Sebring,Sebring International Raceway,race,609,64,GTDPRO,Mike Rockenfeller,mike rockenfeller,189,4.0,29,123.554,11.724,77.131,34.699,,GF,27,86.5,75.0,54.0,False,722
imsa,2024,Sebring,Sebring International Raceway,race,609,64,GTDPRO,Mike Rockenfeller,mike rockenfeller,190,4.0,30,131.874,11.629,76.515,43.73,,GF,28,86.7,75.0,54.0,False,722
imsa,2024,Sebring,Sebring International Raceway,race,609,64,GTDPRO,Mike Rockenfeller,mike rockenfeller,191,4.0,31,194.163,78.791,80.806,34.566,79.289,GF,0,87.0,75.0,54.0,False,722
imsa,2024,Sebring,Sebring International Raceway,race,609,64,GTDPRO,Mike Rockenfeller,mike rockenfeller,192,4.0,32,123.0,11.668,77.001,34.331,,GF,0,87.2,75.0,54.0,False,722
imsa,2024,Sebring,Sebring International Raceway,race,609,64,GTDPRO,Mike Rockenfeller,mike rockenfeller,193,4.0,33,123.217,11.531,76.969,34.717,,GF,1,87.2,75.0,54.0,False,722
imsa,2024,Sebring,Sebring International Raceway,race,609,64,GTDPRO,Mike Rockenfeller,mike rockenfeller,194,4.0,34,122.133,11.572,76.273,34.288,,GF,2,87.1,75.0,54.0,False,722
imsa,2024,Sebring,Sebring International Raceway,race,609,64,GTDPRO,Mike Rockenfeller,mike rockenfeller,195,4.0,35,122.373,11.63,76.409,34.334,,GF,3,86.9,75.0,54.0,False,722
imsa,2024,Sebring,Sebring International Raceway,race,609,64,GTDPRO,Mike Rockenfeller,mike rockenfeller,196,4.0,36,123.363,11.604,77.139,34.62,,GF,4,86.8,75.0,54.0,False,722
imsa,2024,Sebring,Sebring International Raceway,race,609,64,GTDPRO,Mike Rockenfeller,mike rockenfeller,197,4.0,37,121.79,11.675,75.877,34.238,,GF,5,86.8,75.0,54.0,False,722
imsa,2024,Sebring,Sebring International Raceway,race,609,64,GTDPRO,Mike Rockenfeller,mike rockenfeller,198,4.0,38,129.3,11.479,77.043,40.778,,FCY,6,87.0,75.0,54.0,False,722
imsa,2024,Sebring,Sebring International Raceway,race,609,64,GTDPRO,Mike Rockenfeller,mike rockenfeller,199,4.0,39,138.366,13.647,87.424,37.295,,FCY,6,87.2,75.0,54.0,False,722
imsa,2024,Sebring,Sebring International Raceway,race,609,64,GTDPRO,Mike Rockenfeller,mike rockenfeller,200,4.0,40,175.869,13.576,90.766,71.527,,FCY,6,87.4,75.0,53.0,False,722
imsa,2024,Sebring,Sebring International Raceway,race,609,64,GTDPRO,Mike Rockenfeller,mike rockenfeller,201,4.0,41,223.309,17.049,140.81,65.45,,FCY,6,87.2,75.0,53.0,False,722
imsa,2024,Sebring,Sebring International Raceway,race,609,64,GTDPRO,Mike Rockenfeller,mike rockenfeller,202,4.0,42,196.377,15.393,112.411,68.573,,FCY,6,87.1,75.0,54.0,False,722
imsa,2024,Sebring,Sebring International Raceway,race,609,64,GTDPRO,Mike Rockenfeller,mike rockenfeller,203,4.0,43,229.877,64.432,99.418,66.027,64.637,FCY,0,86.9,75.0,55.0,False,722
imsa,2024,Sebring,Sebring International Raceway,race,609,64,GTDPRO,Mike Rockenfeller,mike rockenfeller,204,4.0,44,231.046,20.929,134.768,75.349,,FCY,0,86.9,75.0,54.0,False,722
imsa,2024,Sebring,Sebring International Raceway,race,609,64,GTDPRO,Mike Rockenfeller,mike rockenfeller,205,4.0,45,191.121,20.683,127.96,42.478,,GF,0,86.7,75.0,55.0,False,722
imsa,2024,Sebring,Sebring International Raceway,race,609,64,GTDPRO,Mike Rockenfeller,mike rockenfeller,206,4.0,46,125.09,11.848,78.273,34.969,,GF,1,86.6,75.0,55.0,False,722
imsa,2024,Sebring,Sebring International Raceway,race,609,64,GTDPRO,Mike Rockenfeller,mike rockenfeller,207,4.0,47,123.786,11.835,77.177,34.774,,GF,2,86.5,75.0,55.0,False,722
imsa,2024,Sebring,Sebring International Raceway,race,609,64,GTDPRO,Mike Rockenfeller,mike rockenfeller,208,4.0,48,131.11,11.673,77.099,42.338,,FCY,3,86.5,75.0,54.0,False,722
imsa,2024,Sebring,Sebring International Raceway,race,609,64,GTDPRO,Mike Rockenfeller,mike rockenfeller,209,4.0,49,145.008,14.317,90.581,40.11,,FCY,3,86.5,75.0,55.0,False,722
imsa,2024,Sebring,Sebring International Raceway,race,609,64,GTDPRO,Mike Rockenfeller,mike rockenfeller,210,4.0,50,175.55,13.587,92.613,69.35,,FCY,3,86.5,75.0,55.0,False,722
imsa,2024,Sebring,Sebring International Raceway,race,609,64,GTDPRO,Mike Rockenfeller,mike rockenfeller,211,4.0,51,191.997,19.222,129.208,43.567,,GF,3,86.6,75.0,56.0,False,722
imsa,2024,Sebring,Sebring International Raceway,race,609,64,GTDPRO,Mike Rockenfeller,mike rockenfeller,212,4.0,52,123.904,11.824,77.579,34.501,,GF,4,86.6,75.0,55.0,False,722
imsa,2024,Sebring,Sebring International Raceway,race,609,64,GTDPRO,Mike Rockenfeller,mike rockenfeller,213,4.0,53,123.27,11.682,77.074,34.514,,GF,5,86.6,75.0,55.0,False,722
imsa,2024,Sebring,Sebring International Raceway,race,609,64,GTDPRO,Mike Rockenfeller,mike rockenfeller,214,4.0,54,122.856,11.771,76.731,34.354,,GF,6,86.6,75.0,55.0,False,722
imsa,2024,Sebring,Sebring International Raceway,race,609,64,GTDPRO,Mike Rockenfeller,mike rockenfeller,215,4.0,55,122.922,11.656,76.645,34.621,,GF,7,86.7,75.0,56.0,False,722
imsa,2024,Sebring,Sebring International Raceway,race,609,64,GTDPRO,Mike Rockenfeller,mike rockenfeller,216,4.0,56,122.854,11.669,76.683,34.502,,GF,8,86.7,75.0,56.0,False,722
imsa,2024,Sebring,Sebring International Raceway,race,609,64,GTDPRO,Mike Rockenfeller,mike rockenfeller,217,4.0,57,122.48,11.701,76.315,34.464,,GF,9,86.8,75.0,55.0,False,722
imsa,2024,Sebring,Sebring International Raceway,race,609,64,GTDPRO,Mike Rockenfeller,mike rockenfeller,218,4.0,58,122.62,11.63,76.552,34.438,,GF,10,86.6,75.0,55.0,False,722
imsa,2024,Sebring,Sebring International Raceway,race,609,64,GTDPRO,Mike Rockenfeller,mike rockenfeller,219,4.0,59,122.503,11.596,76.42,34.487,,GF,11,86.7,75.0,55.0,False,722
imsa,2024,Sebring,Sebring International Raceway,race,609,64,GTDPRO,Mike Rockenfeller,mike rockenfeller,220,4.0,60,124.633,11.705,78.232,34.696,,GF,12,86.5,76.0,55.0,False,722
imsa,2024,Sebring,Sebring International Raceway,race,609,64,GTDPRO,Mike Rockenfeller,mike rockenfeller,221,4.0,61,123.094,11.623,76.893,34.578,,GF,13,86.5,76.0,54.0,False,722
imsa,2024,Sebring,Sebring International Raceway,race,609,64,GTDPRO,Mike Rockenfeller,mike rockenfeller,222,4.0,62,123.476,11.582,77.463,34.431,,GF,14,86.5,76.0,55.0,False,722
imsa,2024,Sebring,Sebring International Raceway,race,609,64,GTDPRO,Mike Rockenfeller,mike rockenfeller,223,4.0,63,122.404,11.596,76.329,34.479,,GF,15,86.4,76.0,54.0,False,722
imsa,2024,Sebring,Sebring International Raceway,race,609,64,GTDPRO,Mike Rockenfeller,mike rockenfeller,224,4.0,64,122.722,11.584,76.578,34.56,,GF,16,86.4,76.0,55.0,False,722
imsa,2024,Sebring,Sebring International Raceway,race,609,64,GTDPRO,Mike Rockenfeller,mike rockenfeller,225,4.0,65,122.621,11.644,76.294,34.683,,GF,17,86.4,76.0,55.0,False,722
imsa,2024,Sebring,Sebring International Raceway,race,609,64,GTDPRO,Mike Rockenfeller,mike rockenfeller,226,4.0,66,122.461,11.633,76.31,34.518,,GF,18,86.5,76.0,55.0,False,722
imsa,2024,Sebring,Sebring International Raceway,race,609,64,GTDPRO,Mike Rockenfeller,mike rockenfeller,227,4.0,67,122.664,11.588,76.538,34.538,,GF,19,86.5,76.0,55.0,False,722
imsa,2024,Sebring,Sebring International Raceway,race,609,64,GTDPRO,Mike Rockenfeller,mike rockenfeller,228,4.0,68,122.333,11.58,76.334,34.419,,GF,20,86.5,76.0,55.0,False,722
imsa,2024,Sebring,Sebring International Raceway,race,609,64,GTDPRO,Mike Rockenfeller,mike rockenfeller,229,4.0,69,131.466,11.589,76.772,43.105,,GF,21,86.5,76.0,55.0,False,722
imsa,2024,Sebring,Sebring International Raceway,race,609,64,GTDPRO,Christopher Mies,christopher mies,230,5.0,0,185.314,72.103,78.672,34.539,72.45,GF,0,86.6,75.0,54.0,False,722
imsa,2024,Sebring,Sebring International Raceway,race,609,64,GTDPRO,Christopher Mies,christopher mies,231,5.0,1,121.542,11.602,75.739,34.201,,GF,0,86.5,75.0,55.0,False,722
imsa,2024,Sebring,Sebring International Raceway,race,609,64,GTDPRO,Christopher Mies,christopher mies,232,5.0,2,121.681,11.513,75.909,34.259,,GF,1,86.3,75.0,55.0,False,722
imsa,2024,Sebring,Sebring International Raceway,race,609,64,GTDPRO,Christopher Mies,christopher mies,233,5.0,3,122.524,11.496,76.644,34.384,,GF,2,86.2,76.0,56.0,False,722
imsa,2024,Sebring,Sebring International Raceway,race,609,64,GTDPRO,Christopher Mies,christopher mies,234,5.0,4,125.289,11.623,76.298,37.368,,FCY,3,86.0,76.0,56.0,False,722
imsa,2024,Sebring,Sebring International Raceway,race,609,64,GTDPRO,Christopher Mies,christopher mies,235,5.0,5,140.627,13.993,85.904,40.73,,FCY,3,85.8,76.0,56.0,False,722
imsa,2024,Sebring,Sebring International Raceway,race,609,64,GTDPRO,Christopher Mies,christopher mies,236,5.0,6,180.864,15.287,122.809,42.768,,FCY,3,85.6,76.0,57.0,False,722
imsa,2024,Sebring,Sebring International Raceway,race,609,64,GTDPRO,Christopher Mies,christopher mies,237,5.0,7,146.116,13.372,88.059,44.685,,FCY,3,85.5,76.0,57.0,False,722
imsa,2024,Sebring,Sebring International Raceway,race,609,64,GTDPRO,Christopher Mies,christopher mies,238,5.0,8,157.682,14.645,96.206,46.831,,FCY,3,85.2,76.0,57.0,False,722
imsa,2024,Sebring,Sebring International Raceway,race,609,64,GTDPRO,Christopher Mies,christopher mies,239,5.0,9,174.162,15.664,105.186,53.312,,FCY,3,85.1,76.0,58.0,False,722
imsa,2024,Sebring,Sebring International Raceway,race,609,64,GTDPRO,Christopher Mies,christopher mies,240,5.0,10,194.79,13.223,118.788,62.779,,FCY,3,84.8,76.0,58.0,False,722
imsa,2024,Sebring,Sebring International Raceway,race,609,64,GTDPRO,Christopher Mies,christopher mies,241,5.0,11,204.452,17.896,135.088,51.468,,GF,3,84.6,76.0,59.0,False,722
imsa,2024,Sebring,Sebring International Raceway,race,609,64,GTDPRO,Christopher Mies,christopher mies,242,5.0,12,124.18,11.928,77.622,34.63,,GF,4,84.6,76.0,59.0,False,722
imsa,2024,Sebring,Sebring International Raceway,race,609,64,GTDPRO,Christopher Mies,christopher mies,243,5.0,13,123.261,11.736,77.22,34.305,,GF,5,84.5,76.0,60.0,False,722
imsa,2024,Sebring,Sebring International Raceway,race,609,64,GTDPRO,Christopher Mies,christopher mies,244,5.0,14,123.38,11.676,77.155,34.549,,GF,6,84.4,76.0,60.0,False,722
imsa,2024,Sebring,Sebring International Raceway,race,609,64,GTDPRO,Christopher Mies,christopher mies,245,5.0,15,123.27,11.753,76.945,34.572,,GF,7,84.3,76.0,60.0,False,722
imsa,2024,Sebring,Sebring International Raceway,race,609,64,GTDPRO,Christopher Mies,christopher mies,246,5.0,16,124.98,11.763,78.793,34.424,,GF,8,84.2,76.0,60.0,False,722
imsa,2024,Sebring,Sebring International Raceway,race,609,64,GTDPRO,Christopher Mies,christopher mies,247,5.0,17,123.519,11.694,76.689,35.136,,GF,9,84.2,76.0,60.0,False,722
imsa,2024,Sebring,Sebring International Raceway,race,609,64,GTDPRO,Christopher Mies,christopher mies,248,5.0,18,122.293,11.698,76.314,34.281,,GF,10,84.0,76.0,61.0,False,722
imsa,2024,Sebring,Sebring International Raceway,race,609,64,GTDPRO,Christopher Mies,christopher mies,249,5.0,19,123.54,11.847,77.067,34.626,,GF,11,84.0,76.0,61.0,False,722
imsa,2024,Sebring,Sebring International Raceway,race,609,64,GTDPRO,Christopher Mies,christopher mies,250,5.0,20,125.86,11.76,79.12,34.98,,GF,12,84.0,76.0,61.0,False,722
imsa,2024,Sebring,Sebring International Raceway,race,609,64,GTDPRO,Christopher Mies,christopher mies,251,5.0,21,122.653,11.602,76.429,34.622,,GF,13,84.0,76.0,61.0,False,722
imsa,2024,Sebring,Sebring International Raceway,race,609,64,GTDPRO,Christopher Mies,christopher mies,252,5.0,22,123.039,11.668,76.917,34.454,,GF,14,83.9,76.0,61.0,False,722
imsa,2024,Sebring,Sebring International Raceway,race,609,64,GTDPRO,Christopher Mies,christopher mies,253,5.0,23,124.28,11.675,76.768,35.837,,GF,15,83.9,76.0,61.0,False,722
imsa,2024,Sebring,Sebring International Raceway,race,609,64,GTDPRO,Christopher Mies,christopher mies,254,5.0,24,123.841,11.857,77.287,34.697,,GF,16,83.8,76.0,61.0,False,722
imsa,2024,Sebring,Sebring International Raceway,race,609,64,GTDPRO,Christopher Mies,christopher mies,255,5.0,25,123.323,11.682,77.31,34.331,,GF,17,83.8,76.0,61.0,False,722
imsa,2024,Sebring,Sebring International Raceway,race,609,64,GTDPRO,Christopher Mies,christopher mies,256,5.0,26,123.007,11.659,76.985,34.363,,GF,18,83.7,76.0,61.0,False,722
imsa,2024,Sebring,Sebring International Raceway,race,609,64,GTDPRO,Christopher Mies,christopher mies,257,5.0,27,123.287,11.745,77.018,34.524,,GF,19,83.6,76.0,62.0,False,722
imsa,2024,Sebring,Sebring International Raceway,race,609,64,GTDPRO,Christopher Mies,christopher mies,258,5.0,28,122.634,11.625,76.718,34.291,,GF,20,83.5,76.0,63.0,False,722
imsa,2024,Sebring,Sebring International Raceway,race,609,64,GTDPRO,Christopher Mies,christopher mies,259,5.0,29,122.302,11.633,76.367,34.302,,GF,21,83.3,76.0,63.0,False,722
imsa,2024,Sebring,Sebring International Raceway,race,609,64,GTDPRO,Christopher Mies,christopher mies,260,5.0,30,132.739,11.599,76.924,44.216,,GF,22,83.1,76.0,63.0,False,722
imsa,2024,Sebring,Sebring International Raceway,race,609,64,GTDPRO,Christopher Mies,christopher mies,261,5.0,31,191.927,77.388,80.026,34.513,77.541,GF,0,82.9,76.0,63.0,False,722
imsa,2024,Sebring,Sebring International Raceway,race,609,64,GTDPRO,Christopher Mies,christopher mies,262,5.0,32,123.805,11.568,77.918,34.319,,GF,0,82.8,76.0,64.0,False,722
imsa,2024,Sebring,Sebring International Raceway,race,609,64,GTDPRO,Christopher Mies,christopher mies,263,5.0,33,123.171,11.745,76.77,34.656,,GF,1,82.7,76.0,64.0,False,722
imsa,2024,Sebring,Sebring International Raceway,race,609,64,GTDPRO,Christopher Mies,christopher mies,264,5.0,34,122.949,11.737,76.914,34.298,,GF,2,82.7,76.0,64.0,False,722
imsa,2024,Sebring,Sebring International Raceway,race,609,64,GTDPRO,Christopher Mies,christopher mies,265,5.0,35,123.093,11.861,76.797,34.435,,GF,3,82.5,76.0,64.0,False,722
imsa,2024,Sebring,Sebring International Raceway,race,609,64,GTDPRO,Christopher Mies,christopher mies,266,5.0,36,123.387,12.018,76.915,34.454,,GF,4,82.5,76.0,64.0,False,722
imsa,2024,Sebring,Sebring International Raceway,race,609,64,GTDPRO,Christopher Mies,christopher mies,267,5.0,37,123.119,11.76,76.676,34.683,,GF,5,82.4,76.0,64.0,False,722
imsa,2024,Sebring,Sebring International Raceway,race,609,64,GTDPRO,Christopher Mies,christopher mies,268,5.0,38,123.072,11.668,76.985,34.419,,GF,6,82.3,76.0,64.0,False,722
imsa,2024,Sebring,Sebring International Raceway,race,609,64,GTDPRO,Christopher Mies,christopher mies,269,5.0,39,123.285,11.695,77.156,34.434,,GF,7,82.2,76.0,65.0,False,722
imsa,2024,Sebring,Sebring International Raceway,race,609,64,GTDPRO,Christopher Mies,christopher mies,270,5.0,40,123.905,11.722,77.649,34.534,,GF,8,82.1,76.0,65.0,False,722
imsa,2024,Sebring,Sebring International Raceway,race,609,64,GTDPRO,Christopher Mies,christopher mies,271,5.0,41,125.651,11.715,78.495,35.441,,GF,9,82.0,76.0,65.0,False,722
imsa,2024,Sebring,Sebring International Raceway,race,609,64,GTDPRO,Christopher Mies,christopher mies,272,5.0,42,123.764,11.963,77.252,34.549,,GF,10,82.0,76.0,65.0,False,722
imsa,2024,Sebring,Sebring International Raceway,race,609,64,GTDPRO,Christopher Mies,christopher mies,273,5.0,43,123.889,11.798,77.56,34.531,,GF,11,81.9,76.0,65.0,False,722
imsa,2024,Sebring,Sebring International Raceway,race,609,64,GTDPRO,Christopher Mies,christopher mies,274,5.0,44,122.916,11.707,76.786,34.423,,GF,12,81.8,76.0,65.0,False,722
imsa,2024,Sebring,Sebring International Raceway,race,609,64,GTDPRO,Christopher Mies,christopher mies,275,5.0,45,123.426,11.715,77.09,34.621,,GF,13,81.8,76.0,65.0,False,722
imsa,2024,Sebring,Sebring International Raceway,race,609,64,GTDPRO,Christopher Mies,christopher mies,276,5.0,46,123.512,11.861,77.188,34.463,,GF,14,81.7,76.0,66.0,False,722
imsa,2024,Sebring,Sebring International Raceway,race,609,64,GTDPRO,Christopher Mies,christopher mies,277,5.0,47,123.228,11.667,77.162,34.399,,GF,15,81.6,76.0,66.0,False,722
imsa,2024,Sebring,Sebring International Raceway,race,609,64,GTDPRO,Christopher Mies,christopher mies,278,5.0,48,124.054,11.663,77.177,35.214,,GF,16,81.5,76.0,66.0,False,722
imsa,2024,Sebring,Sebring International Raceway,race,609,64,GTDPRO,Christopher Mies,christopher mies,279,5.0,49,126.885,12.098,78.761,36.026,,GF,17,81.4,76.0,66.0,False,722
imsa,2024,Sebring,Sebring International Raceway,race,609,64,GTDPRO,Christopher Mies,christopher mies,280,5.0,50,125.138,12.027,78.501,34.61,,GF,18,81.3,76.0,66.0,False,722
imsa,2024,Sebring,Sebring International Raceway,race,609,64,GTDPRO,Christopher Mies,christopher mies,281,5.0,51,125.371,12.244,78.443,34.684,,GF,19,81.2,76.0,66.0,False,722
imsa,2024,Sebring,Sebring International Raceway,race,609,64,GTDPRO,Christopher Mies,christopher mies,282,5.0,52,123.736,11.804,77.237,34.695,,GF,20,81.1,76.0,67.0,False,722
imsa,2024,Sebring,Sebring International Raceway,race,609,64,GTDPRO,Christopher Mies,christopher mies,283,5.0,53,125.432,11.767,78.017,35.648,,FCY,21,81.0,76.0,67.0,False,722
imsa,2024,Sebring,Sebring International Raceway,race,609,64,GTDPRO,Christopher Mies,christopher mies,284,5.0,54,180.046,12.92,125.257,41.869,,FCY,21,80.8,76.0,67.0,False,722
imsa,2024,Sebring,Sebring International Raceway,race,609,64,GTDPRO,Christopher Mies,christopher mies,285,5.0,55,143.517,14.138,87.154,42.225,,FCY,21,80.7,76.0,67.0,False,722
imsa,2024,Sebring,Sebring International Raceway,race,609,64,GTDPRO,Christopher Mies,christopher mies,286,5.0,56,147.839,13.67,83.618,50.551,,FCY,21,80.6,75.0,68.0,False,722
imsa,2024,Sebring,Sebring International Raceway,race,609,64,GTDPRO,Christopher Mies,christopher mies,287,5.0,57,185.799,13.025,104.643,68.131,,FCY,21,80.4,75.0,68.0,False,722
imsa,2024,Sebring,Sebring International Raceway,race,609,64,GTDPRO,Harry Tincknell,harry tincknell,288,6.0,0,232.33,100.442,94.68,37.208,97.896,FCY,0,80.2,75.0,69.0,False,722
imsa,2024,Sebring,Sebring International Raceway,race,609,64,GTDPRO,Harry Tincknell,harry tincknell,289,6.0,1,213.664,14.435,125.116,74.113,,FCY,0,80.0,75.0,69.0,False,722
imsa,2024,Sebring,Sebring International Raceway,race,609,64,GTDPRO,Harry Tincknell,harry tincknell,290,6.0,2,177.55,21.139,115.598,40.813,,GF,0,79.8,75.0,69.0,False,722
imsa,2024,Sebring,Sebring International Raceway,race,609,64,GTDPRO,Harry Tincknell,harry tincknell,291,6.0,3,127.594,12.18,80.13,35.284,,GF,1,79.7,75.0,69.0,False,722
imsa,2024,Sebring,Sebring International Raceway,race,609,64,GTDPRO,Harry Tincknell,harry tincknell,292,6.0,4,124.651,11.978,77.884,34.789,,GF,2,79.6,75.0,69.0,False,722
imsa,2024,Sebring,Sebring International Raceway,race,609,64,GTDPRO,Harry Tincknell,harry tincknell,293,6.0,5,125.366,11.815,78.651,34.9,,GF,3,79.5,75.0,69.0,False,722
imsa,2024,Sebring,Sebring International Raceway,race,609,64,GTDPRO,Harry Tincknell,harry tincknell,294,6.0,6,123.994,11.897,77.136,34.961,,GF,4,79.4,75.0,69.0,False,722
imsa,2024,Sebring,Sebring International Raceway,race,609,64,GTDPRO,Harry Tincknell,harry tincknell,295,6.0,7,123.878,11.751,77.449,34.678,,GF,5,79.3,75.0,70.0,False,722
imsa,2024,Sebring,Sebring International Raceway,race,609,64,GTDPRO,Harry Tincknell,harry tincknell,296,6.0,8,155.518,11.737,96.853,46.928,,FCY,6,79.1,75.0,70.0,False,722
imsa,2024,Sebring,Sebring International Raceway,race,609,64,GTDPRO,Harry Tincknell,harry tincknell,297,6.0,9,171.185,14.864,90.533,65.788,,FCY,6,79.1,75.0,70.0,False,722
imsa,2024,Sebring,Sebring International Raceway,race,609,64,GTDPRO,Harry Tincknell,harry tincknell,298,6.0,10,178.207,21.61,109.969,46.628,,GF,6,78.9,75.0,70.0,False,722
imsa,2024,Sebring,Sebring International Raceway,race,609,64,GTDPRO,Harry Tincknell,harry tincknell,299,6.0,11,123.212,11.848,76.796,34.568,,GF,7,78.8,75.0,70.0,False,722
imsa,2024,Sebring,Sebring International Raceway,race,609,64,GTDPRO,Harry Tincknell,harry tincknell,300,6.0,12,123.747,11.881,77.184,34.682,,GF,8,78.7,75.0,71.0,False,722
imsa,2024,Sebring,Sebring International Raceway,race,609,64,GTDPRO,Harry Tincknell,harry tincknell,301,6.0,13,159.502,11.726,94.09,53.686,,FCY,9,78.7,75.0,71.0,False,722
imsa,2024,Sebring,Sebring International Raceway,race,609,64,GTDPRO,Harry Tincknell,harry tincknell,302,6.0,14,201.628,14.313,119.68,67.635,,FCY,9,78.5,75.0,71.0,False,722
imsa,2024,Sebring,Sebring International Raceway,race,609,64,GTDPRO,Harry Tincknell,harry tincknell,303,6.0,15,190.973,19.981,105.667,65.325,,FCY,9,78.4,75.0,71.0,False,722
imsa,2024,Sebring,Sebring International Raceway,race,609,64,GTDPRO,Harry Tincknell,harry tincknell,304,6.0,16,200.66,74.816,82.102,43.742,74.644,GF,0,78.2,75.0,71.0,False,722
imsa,2024,Sebring,Sebring International Raceway,race,609,64,GTDPRO,Harry Tincknell,harry tincknell,305,6.0,17,124.601,11.865,77.509,35.227,,GF,0,78.1,75.0,71.0,False,722
imsa,2024,Sebring,Sebring International Raceway,race,609,64,GTDPRO,Harry Tincknell,harry tincknell,306,6.0,18,124.755,12.157,77.998,34.6,,GF,1,77.9,75.0,71.0,False,722
imsa,2024,Sebring,Sebring International Raceway,race,609,64,GTDPRO,Harry Tincknell,harry tincknell,307,6.0,19,123.466,11.771,76.736,34.959,,GF,2,77.9,75.0,72.0,False,722
imsa,2024,Sebring,Sebring International Raceway,race,609,64,GTDPRO,Harry Tincknell,harry tincknell,308,6.0,20,123.171,11.737,76.909,34.525,,GF,3,77.9,75.0,72.0,False,722
imsa,2024,Sebring,Sebring International Raceway,race,609,64,GTDPRO,Harry Tincknell,harry tincknell,309,6.0,21,122.648,11.644,76.556,34.448,,GF,4,77.7,75.0,72.0,False,722
imsa,2024,Sebring,Sebring International Raceway,race,609,64,GTDPRO,Harry Tincknell,harry tincknell,310,6.0,22,123.273,11.691,76.79,34.792,,GF,5,77.6,75.0,72.0,False,722
imsa,2024,Sebring,Sebring International Raceway,race,609,64,GTDPRO,Harry Tincknell,harry tincknell,311,6.0,23,126.177,12.233,77.973,35.971,,GF,6,77.5,75.0,72.0,False,722
imsa,2024,Sebring,Sebring International Raceway,race,609,64,GTDPRO,Harry Tincknell,harry tincknell,312,6.0,24,125.125,11.67,78.376,35.079,,GF,7,77.5,75.0,72.0,False,722
imsa,2024,Sebring,Sebring International Raceway,race,609,64,GTDPRO,Harry Tincknell,harry tincknell,313,6.0,25,124.7,11.987,77.988,34.725,,GF,8,77.5,75.0,72.0,False,722
imsa,2024,Sebring,Sebring International Raceway,race,609,64,GTDPRO,Harry Tincknell,harry tincknell,314,6.0,26,126.756,11.839,79.807,35.11,,GF,9,77.4,75.0,72.0,False,722
imsa,2024,Sebring,Sebring International Raceway,race,609,64,GTDPRO,Harry Tincknell,harry tincknell,315,6.0,27,125.913,12.3,78.616,34.997,,GF,10,77.5,75.0,72.0,False,722
imsa,2024,Sebring,Sebring International Raceway,race,609,64,GTDPRO,Harry Tincknell,harry tincknell,316,6.0,28,125.474,12.082,78.35,35.042,,FF,11,77.4,75.0,72.0,False,722
imsa,2024,Sebring,Sebring International Raceway,race,609,65,GTDPRO,Joey Hand,joey hand,1,1.0,0,153.306,37.665,80.863,34.778,,GF,0,71.6,74.0,85.0,False,722
imsa,2024,Sebring,Sebring International Raceway,race,609,65,GTDPRO,Joey Hand,joey hand,2,1.0,1,123.194,11.64,76.911,34.643,,GF,0,71.9,75.0,85.0,False,722
imsa,2024,Sebring,Sebring International Raceway,race,609,65,GTDPRO,Joey Hand,joey hand,3,1.0,2,122.487,11.673,76.405,34.409,,GF,1,72.3,75.0,85.0,False,722
imsa,2024,Sebring,Sebring International Raceway,race,609,65,GTDPRO,Joey Hand,joey hand,4,1.0,3,122.534,11.541,76.616,34.377,,GF,2,72.5,75.0,84.0,False,722
imsa,2024,Sebring,Sebring International Raceway,race,609,65,GTDPRO,Joey Hand,joey hand,5,1.0,4,122.192,11.525,76.208,34.459,,GF,3,72.8,75.0,84.0,False,722
imsa,2024,Sebring,Sebring International Raceway,race,609,65,GTDPRO,Joey Hand,joey hand,6,1.0,5,122.26,11.59,76.389,34.281,,GF,4,73.1,75.0,83.0,False,722
imsa,2024,Sebring,Sebring International Raceway,race,609,65,GTDPRO,Joey Hand,joey hand,7,1.0,6,122.266,11.57,76.397,34.299,,GF,5,73.4,75.0,83.0,False,722
imsa,2024,Sebring,Sebring International Raceway,race,609,65,GTDPRO,Joey Hand,joey hand,8,1.0,7,122.492,11.623,76.354,34.515,,GF,6,73.5,75.0,82.0,False,722
imsa,2024,Sebring,Sebring International Raceway,race,609,65,GTDPRO,Joey Hand,joey hand,9,1.0,8,124.064,11.617,77.654,34.793,,GF,7,73.5,75.0,82.0,False,722
imsa,2024,Sebring,Sebring International Raceway,race,609,65,GTDPRO,Joey Hand,joey hand,10,1.0,9,122.435,11.627,76.462,34.346,,GF,8,73.7,75.0,82.0,False,722
imsa,2024,Sebring,Sebring International Raceway,race,609,65,GTDPRO,Joey Hand,joey hand,11,1.0,10,122.706,11.491,76.581,34.634,,GF,9,73.9,75.0,81.0,False,722
imsa,2024,Sebring,Sebring International Raceway,race,609,65,GTDPRO,Joey Hand,joey hand,12,1.0,11,122.885,11.548,76.816,34.521,,GF,10,74.0,75.0,81.0,False,722
imsa,2024,Sebring,Sebring International Raceway,race,609,65,GTDPRO,Joey Hand,joey hand,13,1.0,12,122.17,11.602,76.197,34.371,,GF,11,74.2,75.0,81.0,False,722
imsa,2024,Sebring,Sebring International Raceway,race,609,65,GTDPRO,Joey Hand,joey hand,14,1.0,13,122.355,11.688,76.237,34.43,,GF,12,74.4,75.0,80.0,False,722
imsa,2024,Sebring,Sebring International Raceway,race,609,65,GTDPRO,Joey Hand,joey hand,15,1.0,14,123.568,11.618,77.507,34.443,,GF,13,74.7,75.0,80.0,False,722
imsa,2024,Sebring,Sebring International Raceway,race,609,65,GTDPRO,Joey Hand,joey hand,16,1.0,15,122.116,11.524,76.284,34.308,,GF,14,74.7,75.0,80.0,False,722
imsa,2024,Sebring,Sebring International Raceway,race,609,65,GTDPRO,Joey Hand,joey hand,17,1.0,16,122.401,11.622,76.372,34.407,,GF,15,74.9,74.0,80.0,False,722
imsa,2024,Sebring,Sebring International Raceway,race,609,65,GTDPRO,Joey Hand,joey hand,18,1.0,17,123.075,11.56,76.6,34.915,,FCY,16,74.9,74.0,80.0,False,722
imsa,2024,Sebring,Sebring International Raceway,race,609,65,GTDPRO,Joey Hand,joey hand,19,1.0,18,166.436,16.024,108.257,42.155,,FCY,16,75.3,74.0,79.0,False,722
imsa,2024,Sebring,Sebring International Raceway,race,609,65,GTDPRO,Joey Hand,joey hand,20,1.0,19,153.858,14.472,94.912,44.474,,FCY,16,75.3,74.0,79.0,False,722
imsa,2024,Sebring,Sebring International Raceway,race,609,65,GTDPRO,Joey Hand,joey hand,21,1.0,20,207.461,15.391,129.985,62.085,,FCY,16,75.6,74.0,78.0,False,722
imsa,2024,Sebring,Sebring International Raceway,race,609,65,GTDPRO,Joey Hand,joey hand,22,1.0,21,182.422,15.003,103.202,64.217,,FCY,16,76.0,74.0,78.0,False,722
imsa,2024,Sebring,Sebring International Raceway,race,609,65,GTDPRO,Joey Hand,joey hand,23,1.0,22,219.186,72.57,94.057,52.559,72.768,FCY,0,76.3,74.0,78.0,False,722
imsa,2024,Sebring,Sebring International Raceway,race,609,65,GTDPRO,Joey Hand,joey hand,24,1.0,23,198.474,24.711,135.748,38.015,,GF,0,76.6,74.0,77.0,False,722
imsa,2024,Sebring,Sebring International Raceway,race,609,65,GTDPRO,Joey Hand,joey hand,25,1.0,24,123.305,11.772,76.923,34.61,,GF,1,76.6,74.0,77.0,False,722
imsa,2024,Sebring,Sebring International Raceway,race,609,65,GTDPRO,Joey Hand,joey hand,26,1.0,25,123.215,11.607,77.048,34.56,,GF,2,76.9,74.0,77.0,False,722
imsa,2024,Sebring,Sebring International Raceway,race,609,65,GTDPRO,Joey Hand,joey hand,27,1.0,26,123.34,11.623,77.213,34.504,,GF,3,76.9,74.0,76.0,False,722
imsa,2024,Sebring,Sebring International Raceway,race,609,65,GTDPRO,Joey Hand,joey hand,28,1.0,27,122.819,11.601,76.666,34.552,,GF,4,77.1,74.0,76.0,False,722
imsa,2024,Sebring,Sebring International Raceway,race,609,65,GTDPRO,Joey Hand,joey hand,29,1.0,28,122.749,11.577,76.767,34.405,,GF,5,77.3,74.0,76.0,False,722
imsa,2024,Sebring,Sebring International Raceway,race,609,65,GTDPRO,Joey Hand,joey hand,30,1.0,29,123.083,11.533,77.045,34.505,,GF,6,77.6,74.0,75.0,False,722
imsa,2024,Sebring,Sebring International Raceway,race,609,65,GTDPRO,Joey Hand,joey hand,31,1.0,30,122.69,11.535,76.516,34.639,,GF,7,77.9,75.0,75.0,False,722
imsa,2024,Sebring,Sebring International Raceway,race,609,65,GTDPRO,Joey Hand,joey hand,32,1.0,31,122.683,11.599,76.518,34.566,,GF,8,78.0,75.0,75.0,False,722
imsa,2024,Sebring,Sebring International Raceway,race,609,65,GTDPRO,Joey Hand,joey hand,33,1.0,32,122.49,11.623,76.402,34.465,,GF,9,78.2,75.0,75.0,False,722
imsa,2024,Sebring,Sebring International Raceway,race,609,65,GTDPRO,Joey Hand,joey hand,34,1.0,33,123.113,11.827,76.769,34.517,,GF,10,78.3,75.0,75.0,False,722
imsa,2024,Sebring,Sebring International Raceway,race,609,65,GTDPRO,Joey Hand,joey hand,35,1.0,34,123.437,11.823,77.178,34.436,,GF,11,78.4,75.0,74.0,False,722
imsa,2024,Sebring,Sebring International Raceway,race,609,65,GTDPRO,Joey Hand,joey hand,36,1.0,35,122.939,11.635,76.841,34.463,,GF,12,78.2,75.0,74.0,False,722
imsa,2024,Sebring,Sebring International Raceway,race,609,65,GTDPRO,Joey Hand,joey hand,37,1.0,36,123.625,11.598,77.65,34.377,,GF,13,78.1,74.0,74.0,False,722
imsa,2024,Sebring,Sebring International Raceway,race,609,65,GTDPRO,Joey Hand,joey hand,38,1.0,37,122.274,11.517,76.538,34.219,,GF,14,78.0,74.0,74.0,False,722
imsa,2024,Sebring,Sebring International Raceway,race,609,65,GTDPRO,Joey Hand,joey hand,39,1.0,38,122.166,11.53,76.259,34.377,,GF,15,78.0,74.0,74.0,False,722
imsa,2024,Sebring,Sebring International Raceway,race,609,65,GTDPRO,Joey Hand,joey hand,40,1.0,39,122.647,11.54,76.77,34.337,,GF,16,78.0,74.0,74.0,False,722
imsa,2024,Sebring,Sebring International Raceway,race,609,65,GTDPRO,Joey Hand,joey hand,41,1.0,40,122.068,11.506,76.237,34.325,,GF,17,78.0,74.0,74.0,False,722
imsa,2024,Sebring,Sebring International Raceway,race,609,65,GTDPRO,Joey Hand,joey hand,42,1.0,41,122.367,11.552,76.526,34.289,,GF,18,77.9,74.0,74.0,False,722
imsa,2024,Sebring,Sebring International Raceway,race,609,65,GTDPRO,Joey Hand,joey hand,43,1.0,42,124.264,11.535,78.149,34.58,,GF,19,77.8,74.0,75.0,False,722
imsa,2024,Sebring,Sebring International Raceway,race,609,65,GTDPRO,Joey Hand,joey hand,44,1.0,43,123.301,11.574,77.246,34.481,,GF,20,78.1,74.0,75.0,False,722
imsa,2024,Sebring,Sebring International Raceway,race,609,65,GTDPRO,Joey Hand,joey hand,45,1.0,44,122.683,11.681,76.521,34.481,,GF,21,78.6,75.0,74.0,False,722
imsa,2024,Sebring,Sebring International Raceway,race,609,65,GTDPRO,Joey Hand,joey hand,46,1.0,45,122.823,11.534,76.765,34.524,,GF,22,78.9,75.0,73.0,False,722
imsa,2024,Sebring,Sebring International Raceway,race,609,65,GTDPRO,Joey Hand,joey hand,47,1.0,46,122.714,11.561,76.752,34.401,,GF,23,78.8,75.0,73.0,False,722
imsa,2024,Sebring,Sebring International Raceway,race,609,65,GTDPRO,Joey Hand,joey hand,48,1.0,47,122.34,11.545,76.455,34.34,,GF,24,78.9,75.0,73.0,False,722
imsa,2024,Sebring,Sebring International Raceway,race,609,65,GTDPRO,Joey Hand,joey hand,49,1.0,48,122.413,11.489,76.582,34.342,,GF,25,79.0,75.0,73.0,False,722
imsa,2024,Sebring,Sebring International Raceway,race,609,65,GTDPRO,Joey Hand,joey hand,50,1.0,49,122.352,11.549,76.253,34.55,,GF,26,79.1,75.0,72.0,False,722
imsa,2024,Sebring,Sebring International Raceway,race,609,65,GTDPRO,Joey Hand,joey hand,51,1.0,50,123.769,11.604,77.627,34.538,,GF,27,79.1,75.0,72.0,False,722
imsa,2024,Sebring,Sebring International Raceway,race,609,65,GTDPRO,Joey Hand,joey hand,52,1.0,51,159.032,11.552,97.505,49.975,,FCY,28,79.0,75.0,72.0,False,722
imsa,2024,Sebring,Sebring International Raceway,race,609,65,GTDPRO,Joey Hand,joey hand,53,1.0,52,229.174,42.352,124.886,61.936,42.682,FCY,0,79.1,75.0,72.0,False,722
imsa,2024,Sebring,Sebring International Raceway,race,609,65,GTDPRO,Joey Hand,joey hand,54,1.0,53,202.35,24.26,120.484,57.606,,FCY,0,79.2,75.0,72.0,False,722
imsa,2024,Sebring,Sebring International Raceway,race,609,65,GTDPRO,Frederic Vervisch,frederic vervisch,55,2.0,0,216.46,74.88,85.097,56.483,75.09,FCY,0,79.4,75.0,71.0,False,722
imsa,2024,Sebring,Sebring International Raceway,race,609,65,GTDPRO,Frederic Vervisch,frederic vervisch,56,2.0,1,199.223,38.043,122.595,38.585,37.609,GF,0,79.6,75.0,71.0,False,722
imsa,2024,Sebring,Sebring International Raceway,race,609,65,GTDPRO,Frederic Vervisch,frederic vervisch,57,2.0,2,123.549,12.189,76.833,34.527,,GF,0,79.5,75.0,71.0,False,722
imsa,2024,Sebring,Sebring International Raceway,race,609,65,GTDPRO,Frederic Vervisch,frederic vervisch,58,2.0,3,122.912,11.874,76.616,34.422,,GF,1,79.5,75.0,71.0,False,722
imsa,2024,Sebring,Sebring International Raceway,race,609,65,GTDPRO,Frederic Vervisch,frederic vervisch,59,2.0,4,123.298,11.626,77.135,34.537,,GF,2,79.5,75.0,71.0,False,722
imsa,2024,Sebring,Sebring International Raceway,race,609,65,GTDPRO,Frederic Vervisch,frederic vervisch,60,2.0,5,123.621,11.677,77.387,34.557,,GF,3,79.6,75.0,71.0,False,722
imsa,2024,Sebring,Sebring International Raceway,race,609,65,GTDPRO,Frederic Vervisch,frederic vervisch,61,2.0,6,124.257,11.813,77.712,34.732,,GF,4,79.7,75.0,71.0,False,722
imsa,2024,Sebring,Sebring International Raceway,race,609,65,GTDPRO,Frederic Vervisch,frederic vervisch,62,2.0,7,123.94,11.841,77.537,34.562,,GF,5,79.9,75.0,71.0,False,722
imsa,2024,Sebring,Sebring International Raceway,race,609,65,GTDPRO,Frederic Vervisch,frederic vervisch,63,2.0,8,122.966,11.675,76.783,34.508,,GF,6,80.0,75.0,70.0,False,722
imsa,2024,Sebring,Sebring International Raceway,race,609,65,GTDPRO,Frederic Vervisch,frederic vervisch,64,2.0,9,123.653,11.621,77.235,34.797,,GF,7,80.0,75.0,70.0,False,722
imsa,2024,Sebring,Sebring International Raceway,race,609,65,GTDPRO,Frederic Vervisch,frederic vervisch,65,2.0,10,124.527,11.751,78.183,34.593,,GF,8,80.1,75.0,70.0,False,722
imsa,2024,Sebring,Sebring International Raceway,race,609,65,GTDPRO,Frederic Vervisch,frederic vervisch,66,2.0,11,123.314,11.688,76.914,34.712,,GF,9,80.1,75.0,70.0,False,722
imsa,2024,Sebring,Sebring International Raceway,race,609,65,GTDPRO,Frederic Vervisch,frederic vervisch,67,2.0,12,123.056,11.653,76.945,34.458,,GF,10,80.2,75.0,70.0,False,722
imsa,2024,Sebring,Sebring International Raceway,race,609,65,GTDPRO,Frederic Vervisch,frederic vervisch,68,2.0,13,124.331,11.626,77.958,34.747,,GF,11,80.2,75.0,70.0,False,722
imsa,2024,Sebring,Sebring International Raceway,race,609,65,GTDPRO,Frederic Vervisch,frederic vervisch,69,2.0,14,122.145,11.617,76.168,34.36,,GF,12,80.1,75.0,70.0,False,722
imsa,2024,Sebring,Sebring International Raceway,race,609,65,GTDPRO,Frederic Vervisch,frederic vervisch,70,2.0,15,123.034,11.595,76.364,35.075,,GF,13,80.1,75.0,70.0,False,722
imsa,2024,Sebring,Sebring International Raceway,race,609,65,GTDPRO,Frederic Vervisch,frederic vervisch,71,2.0,16,123.257,11.594,76.978,34.685,,GF,14,80.0,75.0,69.0,False,722
imsa,2024,Sebring,Sebring International Raceway,race,609,65,GTDPRO,Frederic Vervisch,frederic vervisch,72,2.0,17,122.9,11.594,76.491,34.815,,GF,15,79.7,75.0,70.0,False,722
imsa,2024,Sebring,Sebring International Raceway,race,609,65,GTDPRO,Frederic Vervisch,frederic vervisch,73,2.0,18,123.836,11.9,77.246,34.69,,GF,16,79.8,75.0,70.0,False,722
imsa,2024,Sebring,Sebring International Raceway,race,609,65,GTDPRO,Frederic Vervisch,frederic vervisch,74,2.0,19,122.542,11.591,76.611,34.34,,GF,17,79.9,75.0,70.0,False,722
imsa,2024,Sebring,Sebring International Raceway,race,609,65,GTDPRO,Frederic Vervisch,frederic vervisch,75,2.0,20,129.208,11.573,76.863,40.772,,FCY,18,80.0,76.0,71.0,False,722
imsa,2024,Sebring,Sebring International Raceway,race,609,65,GTDPRO,Frederic Vervisch,frederic vervisch,76,2.0,21,192.095,14.659,136.59,40.846,,FCY,18,80.2,76.0,70.0,False,722
imsa,2024,Sebring,Sebring International Raceway,race,609,65,GTDPRO,Frederic Vervisch,frederic vervisch,77,2.0,22,138.948,13.221,86.57,39.157,,FCY,18,80.3,76.0,69.0,False,722
imsa,2024,Sebring,Sebring International Raceway,race,609,65,GTDPRO,Frederic Vervisch,frederic vervisch,78,2.0,23,140.314,11.882,84.184,44.248,,FCY,18,80.3,76.0,70.0,False,722
imsa,2024,Sebring,Sebring International Raceway,race,609,65,GTDPRO,Frederic Vervisch,frederic vervisch,79,2.0,24,174.885,12.919,101.582,60.384,,FCY,18,80.6,76.0,69.0,False,722
imsa,2024,Sebring,Sebring International Raceway,race,609,65,GTDPRO,Frederic Vervisch,frederic vervisch,80,2.0,25,208.915,69.565,91.251,48.099,70.144,FCY,0,80.7,76.0,69.0,False,722
imsa,2024,Sebring,Sebring International Raceway,race,609,65,GTDPRO,Frederic Vervisch,frederic vervisch,81,2.0,26,209.199,18.18,122.04,68.979,,FCY,0,81.1,76.0,67.0,False,722
imsa,2024,Sebring,Sebring International Raceway,race,609,65,GTDPRO,Frederic Vervisch,frederic vervisch,82,2.0,27,185.297,30.484,114.439,40.374,,GF,0,81.2,77.0,67.0,False,722
imsa,2024,Sebring,Sebring International Raceway,race,609,65,GTDPRO,Frederic Vervisch,frederic vervisch,83,2.0,28,122.615,11.712,76.636,34.267,,GF,1,81.4,78.0,67.0,False,722
imsa,2024,Sebring,Sebring International Raceway,race,609,65,GTDPRO,Frederic Vervisch,frederic vervisch,84,2.0,29,123.09,11.638,76.863,34.589,,GF,2,81.6,79.0,67.0,False,722
imsa,2024,Sebring,Sebring International Raceway,race,609,65,GTDPRO,Frederic Vervisch,frederic vervisch,85,2.0,30,122.539,11.696,76.468,34.375,,GF,3,82.0,81.0,67.0,False,722
imsa,2024,Sebring,Sebring International Raceway,race,609,65,GTDPRO,Frederic Vervisch,frederic vervisch,86,2.0,31,123.137,11.817,76.869,34.451,,GF,4,82.1,82.0,66.0,False,722
imsa,2024,Sebring,Sebring International Raceway,race,609,65,GTDPRO,Frederic Vervisch,frederic vervisch,87,2.0,32,122.665,11.695,76.423,34.547,,GF,5,82.2,82.0,65.0,False,722
imsa,2024,Sebring,Sebring International Raceway,race,609,65,GTDPRO,Frederic Vervisch,frederic vervisch,88,2.0,33,122.673,11.639,76.434,34.6,,GF,6,82.3,82.0,65.0,False,722
imsa,2024,Sebring,Sebring International Raceway,race,609,65,GTDPRO,Frederic Vervisch,frederic vervisch,89,2.0,34,122.861,11.694,76.55,34.617,,GF,7,82.4,82.0,65.0,False,722
imsa,2024,Sebring,Sebring International Raceway,race,609,65,GTDPRO,Frederic Vervisch,frederic vervisch,90,2.0,35,122.899,11.799,76.658,34.442,,GF,8,82.3,83.0,65.0,False,722
imsa,2024,Sebring,Sebring International Raceway,race,609,65,GTDPRO,Frederic Vervisch,frederic vervisch,91,2.0,36,123.019,11.64,76.628,34.751,,GF,9,82.3,84.0,65.0,False,722
imsa,2024,Sebring,Sebring International Raceway,race,609,65,GTDPRO,Frederic Vervisch,frederic vervisch,92,2.0,37,123.599,11.701,77.026,34.872,,GF,10,82.2,84.0,65.0,False,722
imsa,2024,Sebring,Sebring International Raceway,race,609,65,GTDPRO,Frederic Vervisch,frederic vervisch,93,2.0,38,124.054,11.613,76.775,35.666,,GF,11,82.2,84.0,66.0,False,722
imsa,2024,Sebring,Sebring International Raceway,race,609,65,GTDPRO,Frederic Vervisch,frederic vervisch,94,2.0,39,124.02,11.712,77.822,34.486,,GF,12,82.1,82.0,66.0,False,722
imsa,2024,Sebring,Sebring International Raceway,race,609,65,GTDPRO,Frederic Vervisch,frederic vervisch,95,2.0,40,122.211,11.64,76.245,34.326,,GF,13,81.9,81.0,66.0,False,722
imsa,2024,Sebring,Sebring International Raceway,race,609,65,GTDPRO,Frederic Vervisch,frederic vervisch,96,2.0,41,123.173,11.794,76.796,34.583,,GF,14,81.9,80.0,66.0,False,722
imsa,2024,Sebring,Sebring International Raceway,race,609,65,GTDPRO,Frederic Vervisch,frederic vervisch,97,2.0,42,123.13,11.711,76.796,34.623,,GF,15,82.2,80.0,66.0,False,722
imsa,2024,Sebring,Sebring International Raceway,race,609,65,GTDPRO,Frederic Vervisch,frederic vervisch,98,2.0,43,122.285,11.567,76.367,34.351,,GF,16,82.3,79.0,65.0,False,722
imsa,2024,Sebring,Sebring International Raceway,race,609,65,GTDPRO,Frederic Vervisch,frederic vervisch,99,2.0,44,122.569,11.723,76.335,34.511,,GF,17,82.1,79.0,65.0,False,722
imsa,2024,Sebring,Sebring International Raceway,race,609,65,GTDPRO,Frederic Vervisch,frederic vervisch,100,2.0,45,122.507,11.696,76.381,34.43,,GF,18,82.1,79.0,65.0,False,722
imsa,2024,Sebring,Sebring International Raceway,race,609,65,GTDPRO,Frederic Vervisch,frederic vervisch,101,2.0,46,122.686,11.629,76.474,34.583,,GF,19,82.0,78.0,65.0,False,722
imsa,2024,Sebring,Sebring International Raceway,race,609,65,GTDPRO,Frederic Vervisch,frederic vervisch,102,2.0,47,122.963,11.717,76.448,34.798,,GF,20,82.1,78.0,65.0,False,722
imsa,2024,Sebring,Sebring International Raceway,race,609,65,GTDPRO,Frederic Vervisch,frederic vervisch,103,2.0,48,122.712,11.666,76.426,34.62,,GF,21,82.4,78.0,65.0,False,722
imsa,2024,Sebring,Sebring International Raceway,race,609,65,GTDPRO,Frederic Vervisch,frederic vervisch,104,2.0,49,123.399,11.703,77.026,34.67,,GF,22,82.7,78.0,64.0,False,722
imsa,2024,Sebring,Sebring International Raceway,race,609,65,GTDPRO,Frederic Vervisch,frederic vervisch,105,2.0,50,123.877,11.674,77.665,34.538,,GF,23,83.0,78.0,64.0,False,722
imsa,2024,Sebring,Sebring International Raceway,race,609,65,GTDPRO,Frederic Vervisch,frederic vervisch,106,2.0,51,123.732,11.754,76.842,35.136,,GF,24,83.2,78.0,64.0,False,722
imsa,2024,Sebring,Sebring International Raceway,race,609,65,GTDPRO,Frederic Vervisch,frederic vervisch,107,2.0,52,148.696,11.703,85.929,51.064,,FCY,25,83.3,78.0,63.0,False,722
imsa,2024,Sebring,Sebring International Raceway,race,609,65,GTDPRO,Frederic Vervisch,frederic vervisch,108,2.0,53,180.53,15.996,95.873,68.661,,FCY,25,83.4,78.0,63.0,False,722
imsa,2024,Sebring,Sebring International Raceway,race,609,65,GTDPRO,Frederic Vervisch,frederic vervisch,109,2.0,54,224.101,21.935,145.789,56.377,,FCY,25,83.2,77.0,63.0,False,722
imsa,2024,Sebring,Sebring International Raceway,race,609,65,GTDPRO,Frederic Vervisch,frederic vervisch,110,2.0,55,192.176,16.77,115.269,60.137,,FCY,25,83.0,77.0,62.0,False,722
imsa,2024,Sebring,Sebring International Raceway,race,609,65,GTDPRO,Dirk Mueller,dirk mueller,111,3.0,0,219.59,78.998,92.575,48.017,78.849,FCY,0,83.1,77.0,63.0,False,722
imsa,2024,Sebring,Sebring International Raceway,race,609,65,GTDPRO,Dirk Mueller,dirk mueller,112,3.0,1,182.552,20.976,117.837,43.739,,GF,0,83.0,77.0,63.0,False,722
imsa,2024,Sebring,Sebring International Raceway,race,609,65,GTDPRO,Dirk Mueller,dirk mueller,113,3.0,2,124.682,12.103,77.913,34.666,,GF,1,83.0,77.0,63.0,False,722
imsa,2024,Sebring,Sebring International Raceway,race,609,65,GTDPRO,Dirk Mueller,dirk mueller,114,3.0,3,123.91,11.927,77.625,34.358,,GF,2,83.0,69.0,63.0,False,722
imsa,2024,Sebring,Sebring International Raceway,race,609,65,GTDPRO,Dirk Mueller,dirk mueller,115,3.0,4,142.861,11.693,88.838,42.33,,FCY,3,83.2,69.0,63.0,False,722
imsa,2024,Sebring,Sebring International Raceway,race,609,65,GTDPRO,Dirk Mueller,dirk mueller,116,3.0,5,160.961,15.125,99.636,46.2,,GF,3,83.3,71.0,63.0,False,722
imsa,2024,Sebring,Sebring International Raceway,race,609,65,GTDPRO,Dirk Mueller,dirk mueller,117,3.0,6,123.563,11.816,77.127,34.62,,GF,4,83.3,72.0,63.0,False,722
imsa,2024,Sebring,Sebring International Raceway,race,609,65,GTDPRO,Dirk Mueller,dirk mueller,118,3.0,7,123.362,11.63,76.883,34.849,,GF,5,83.2,73.0,63.0,False,722
imsa,2024,Sebring,Sebring International Raceway,race,609,65,GTDPRO,Dirk Mueller,dirk mueller,119,3.0,8,124.25,11.968,77.266,35.016,,GF,6,83.3,74.0,63.0,False,722
imsa,2024,Sebring,Sebring International Raceway,race,609,65,GTDPRO,Dirk Mueller,dirk mueller,120,3.0,9,122.57,11.654,76.585,34.331,,GF,7,83.8,74.0,62.0,False,722
imsa,2024,Sebring,Sebring International Raceway,race,609,65,GTDPRO,Dirk Mueller,dirk mueller,121,3.0,10,122.327,11.62,76.188,34.519,,GF,8,84.1,73.0,61.0,False,722
imsa,2024,Sebring,Sebring International Raceway,race,609,65,GTDPRO,Dirk Mueller,dirk mueller,122,3.0,11,122.414,11.627,76.428,34.359,,GF,9,84.3,74.0,61.0,False,722
imsa,2024,Sebring,Sebring International Raceway,race,609,65,GTDPRO,Dirk Mueller,dirk mueller,123,3.0,12,123.898,11.741,77.568,34.589,,GF,10,84.4,74.0,61.0,False,722
imsa,2024,Sebring,Sebring International Raceway,race,609,65,GTDPRO,Dirk Mueller,dirk mueller,124,3.0,13,123.549,11.677,77.308,34.564,,GF,11,84.6,74.0,61.0,False,722
imsa,2024,Sebring,Sebring International Raceway,race,609,65,GTDPRO,Dirk Mueller,dirk mueller,125,3.0,14,124.502,11.658,78.112,34.732,,GF,12,84.9,75.0,59.0,False,722
imsa,2024,Sebring,Sebring International Raceway,race,609,65,GTDPRO,Dirk Mueller,dirk mueller,126,3.0,15,124.796,11.743,77.898,35.155,,GF,13,85.2,75.0,60.0,False,722
imsa,2024,Sebring,Sebring International Raceway,race,609,65,GTDPRO,Dirk Mueller,dirk mueller,127,3.0,16,123.079,11.813,76.757,34.509,,GF,14,85.2,75.0,59.0,False,722
imsa,2024,Sebring,Sebring International Raceway,race,609,65,GTDPRO,Dirk Mueller,dirk mueller,128,3.0,17,123.205,11.639,76.789,34.777,,GF,15,85.2,75.0,59.0,False,722
imsa,2024,Sebring,Sebring International Raceway,race,609,65,GTDPRO,Dirk Mueller,dirk mueller,129,3.0,18,123.367,11.817,76.907,34.643,,GF,16,85.4,75.0,58.0,False,722
imsa,2024,Sebring,Sebring International Raceway,race,609,65,GTDPRO,Dirk Mueller,dirk mueller,130,3.0,19,122.789,11.673,76.701,34.415,,GF,17,85.5,75.0,59.0,False,722
imsa,2024,Sebring,Sebring International Raceway,race,609,65,GTDPRO,Dirk Mueller,dirk mueller,131,3.0,20,122.445,11.595,76.379,34.471,,GF,18,85.9,75.0,58.0,False,722
imsa,2024,Sebring,Sebring International Raceway,race,609,65,GTDPRO,Dirk Mueller,dirk mueller,132,3.0,21,123.221,11.648,77.163,34.41,,GF,19,86.0,75.0,58.0,False,722
imsa,2024,Sebring,Sebring International Raceway,race,609,65,GTDPRO,Dirk Mueller,dirk mueller,133,3.0,22,125.534,11.564,78.501,35.469,,GF,20,86.2,75.0,58.0,False,722
imsa,2024,Sebring,Sebring International Raceway,race,609,65,GTDPRO,Dirk Mueller,dirk mueller,134,3.0,23,123.007,11.715,76.763,34.529,,GF,21,86.1,75.0,59.0,False,722
imsa,2024,Sebring,Sebring International Raceway,race,609,65,GTDPRO,Dirk Mueller,dirk mueller,135,3.0,24,123.78,11.674,77.354,34.752,,GF,22,86.2,75.0,59.0,False,722
imsa,2024,Sebring,Sebring International Raceway,race,609,65,GTDPRO,Dirk Mueller,dirk mueller,136,3.0,25,123.719,11.862,77.222,34.635,,GF,23,86.1,75.0,58.0,False,722
imsa,2024,Sebring,Sebring International Raceway,race,609,65,GTDPRO,Dirk Mueller,dirk mueller,137,3.0,26,123.276,11.616,77.032,34.628,,GF,24,85.9,76.0,59.0,False,722
imsa,2024,Sebring,Sebring International Raceway,race,609,65,GTDPRO,Dirk Mueller,dirk mueller,138,3.0,27,122.802,11.704,76.542,34.556,,GF,25,85.6,76.0,59.0,False,722
imsa,2024,Sebring,Sebring International Raceway,race,609,65,GTDPRO,Dirk Mueller,dirk mueller,139,3.0,28,123.173,11.615,77.034,34.524,,GF,26,85.5,76.0,58.0,False,722
imsa,2024,Sebring,Sebring International Raceway,race,609,65,GTDPRO,Dirk Mueller,dirk mueller,140,3.0,29,123.739,11.686,77.189,34.864,,GF,27,85.6,76.0,58.0,False,722
imsa,2024,Sebring,Sebring International Raceway,race,609,65,GTDPRO,Dirk Mueller,dirk mueller,141,3.0,30,132.165,11.637,77.089,43.439,,GF,28,85.8,76.0,58.0,False,722
imsa,2024,Sebring,Sebring International Raceway,race,609,65,GTDPRO,Dirk Mueller,dirk mueller,142,3.0,31,188.858,76.626,77.867,34.365,77.275,GF,0,86.0,76.0,57.0,False,722
imsa,2024,Sebring,Sebring International Raceway,race,609,65,GTDPRO,Dirk Mueller,dirk mueller,143,3.0,32,122.153,11.591,76.145,34.417,,GF,0,85.9,76.0,57.0,False,722
imsa,2024,Sebring,Sebring International Raceway,race,609,65,GTDPRO,Dirk Mueller,dirk mueller,144,3.0,33,122.093,11.576,76.16,34.357,,GF,1,85.9,76.0,58.0,False,722
imsa,2024,Sebring,Sebring International Raceway,race,609,65,GTDPRO,Dirk Mueller,dirk mueller,145,3.0,34,123.577,11.727,77.39,34.46,,GF,2,85.8,75.0,59.0,False,722
imsa,2024,Sebring,Sebring International Raceway,race,609,65,GTDPRO,Dirk Mueller,dirk mueller,146,3.0,35,123.937,11.599,77.629,34.709,,GF,3,85.6,75.0,59.0,False,722
imsa,2024,Sebring,Sebring International Raceway,race,609,65,GTDPRO,Dirk Mueller,dirk mueller,147,3.0,36,123.831,11.897,77.3,34.634,,GF,4,85.3,75.0,59.0,False,722
imsa,2024,Sebring,Sebring International Raceway,race,609,65,GTDPRO,Dirk Mueller,dirk mueller,148,3.0,37,124.363,12.344,77.393,34.626,,GF,5,84.9,75.0,60.0,False,722
imsa,2024,Sebring,Sebring International Raceway,race,609,65,GTDPRO,Dirk Mueller,dirk mueller,149,3.0,38,123.386,11.752,77.097,34.537,,GF,6,84.8,75.0,59.0,False,722
imsa,2024,Sebring,Sebring International Raceway,race,609,65,GTDPRO,Dirk Mueller,dirk mueller,150,3.0,39,122.644,11.626,76.556,34.462,,GF,7,84.8,75.0,60.0,False,722
imsa,2024,Sebring,Sebring International Raceway,race,609,65,GTDPRO,Dirk Mueller,dirk mueller,151,3.0,40,122.976,11.596,76.974,34.406,,GF,8,84.8,75.0,60.0,False,722
imsa,2024,Sebring,Sebring International Raceway,race,609,65,GTDPRO,Dirk Mueller,dirk mueller,152,3.0,41,123.152,11.624,76.976,34.552,,GF,9,84.8,75.0,60.0,False,722
imsa,2024,Sebring,Sebring International Raceway,race,609,65,GTDPRO,Dirk Mueller,dirk mueller,153,3.0,42,123.189,11.696,76.914,34.579,,GF,10,85.0,75.0,60.0,False,722
imsa,2024,Sebring,Sebring International Raceway,race,609,65,GTDPRO,Dirk Mueller,dirk mueller,154,3.0,43,123.05,11.642,77.02,34.388,,GF,11,85.2,75.0,59.0,False,722
imsa,2024,Sebring,Sebring International Raceway,race,609,65,GTDPRO,Dirk Mueller,dirk mueller,155,3.0,44,129.438,11.704,81.076,36.658,,FCY,12,85.2,75.0,59.0,False,722
imsa,2024,Sebring,Sebring International Raceway,race,609,65,GTDPRO,Dirk Mueller,dirk mueller,156,3.0,45,144.158,12.094,90.149,41.915,,FCY,12,85.1,75.0,59.0,False,722
imsa,2024,Sebring,Sebring International Raceway,race,609,65,GTDPRO,Dirk Mueller,dirk mueller,157,3.0,46,176.833,14.86,96.587,65.386,,FCY,12,84.9,75.0,59.0,False,722
imsa,2024,Sebring,Sebring International Raceway,race,609,65,GTDPRO,Dirk Mueller,dirk mueller,158,3.0,47,214.393,26.684,127.915,59.794,,FCY,12,84.9,75.0,59.0,False,722
imsa,2024,Sebring,Sebring International Raceway,race,609,65,GTDPRO,Dirk Mueller,dirk mueller,159,3.0,48,202.384,14.213,122.531,65.64,,FCY,12,84.9,75.0,59.0,False,722
imsa,2024,Sebring,Sebring International Raceway,race,609,65,GTDPRO,Joey Hand,joey hand,160,4.0,0,229.318,67.478,99.326,62.514,66.521,FCY,0,84.9,75.0,59.0,False,722
imsa,2024,Sebring,Sebring International Raceway,race,609,65,GTDPRO,Joey Hand,joey hand,161,4.0,1,241.158,28.157,141.057,71.944,,FCY,0,85.4,75.0,58.0,False,722
imsa,2024,Sebring,Sebring International Raceway,race,609,65,GTDPRO,Joey Hand,joey hand,162,4.0,2,197.412,23.608,136.735,37.069,,GF,0,85.8,75.0,57.0,False,722
imsa,2024,Sebring,Sebring International Raceway,race,609,65,GTDPRO,Joey Hand,joey hand,163,4.0,3,124.278,11.809,77.521,34.948,,GF,1,85.8,75.0,57.0,False,722
imsa,2024,Sebring,Sebring International Raceway,race,609,65,GTDPRO,Joey Hand,joey hand,164,4.0,4,123.164,11.648,76.838,34.678,,GF,2,85.8,75.0,58.0,False,722
imsa,2024,Sebring,Sebring International Raceway,race,609,65,GTDPRO,Joey Hand,joey hand,165,4.0,5,122.894,11.589,76.608,34.697,,GF,3,85.9,75.0,57.0,False,722
imsa,2024,Sebring,Sebring International Raceway,race,609,65,GTDPRO,Joey Hand,joey hand,166,4.0,6,122.967,11.637,76.763,34.567,,GF,4,86.0,75.0,56.0,False,722
imsa,2024,Sebring,Sebring International Raceway,race,609,65,GTDPRO,Joey Hand,joey hand,167,4.0,7,123.066,11.613,76.815,34.638,,GF,5,86.1,75.0,56.0,False,722
imsa,2024,Sebring,Sebring International Raceway,race,609,65,GTDPRO,Joey Hand,joey hand,168,4.0,8,122.823,11.605,76.738,34.48,,GF,6,86.3,75.0,56.0,False,722
imsa,2024,Sebring,Sebring International Raceway,race,609,65,GTDPRO,Joey Hand,joey hand,169,4.0,9,122.986,11.588,76.576,34.822,,GF,7,86.4,75.0,56.0,False,722
imsa,2024,Sebring,Sebring International Raceway,race,609,65,GTDPRO,Joey Hand,joey hand,170,4.0,10,122.917,11.609,76.612,34.696,,GF,8,86.5,75.0,56.0,False,722
imsa,2024,Sebring,Sebring International Raceway,race,609,65,GTDPRO,Joey Hand,joey hand,171,4.0,11,124.131,11.612,77.878,34.641,,GF,9,86.5,75.0,55.0,False,722
imsa,2024,Sebring,Sebring International Raceway,race,609,65,GTDPRO,Joey Hand,joey hand,172,4.0,12,123.001,11.59,76.74,34.671,,GF,10,86.4,75.0,54.0,False,722
imsa,2024,Sebring,Sebring International Raceway,race,609,65,GTDPRO,Joey Hand,joey hand,173,4.0,13,123.214,11.589,76.972,34.653,,GF,11,86.3,75.0,55.0,False,722
imsa,2024,Sebring,Sebring International Raceway,race,609,65,GTDPRO,Joey Hand,joey hand,174,4.0,14,123.182,11.594,76.825,34.763,,GF,12,86.5,75.0,55.0,False,722
imsa,2024,Sebring,Sebring International Raceway,race,609,65,GTDPRO,Joey Hand,joey hand,175,4.0,15,123.441,11.645,76.99,34.806,,GF,13,86.5,75.0,55.0,False,722
imsa,2024,Sebring,Sebring International Raceway,race,609,65,GTDPRO,Joey Hand,joey hand,176,4.0,16,123.354,11.662,77.014,34.678,,GF,14,86.6,75.0,55.0,False,722
imsa,2024,Sebring,Sebring International Raceway,race,609,65,GTDPRO,Joey Hand,joey hand,177,4.0,17,123.753,11.707,77.093,34.953,,GF,15,86.8,75.0,55.0,False,722
imsa,2024,Sebring,Sebring International Raceway,race,609,65,GTDPRO,Joey Hand,joey hand,178,4.0,18,123.873,11.985,77.171,34.717,,GF,16,86.9,75.0,55.0,False,722
imsa,2024,Sebring,Sebring International Raceway,race,609,65,GTDPRO,Joey Hand,joey hand,179,4.0,19,123.142,11.62,76.828,34.694,,GF,17,87.1,75.0,55.0,False,722
imsa,2024,Sebring,Sebring International Raceway,race,609,65,GTDPRO,Joey Hand,joey hand,180,4.0,20,124.026,11.562,77.384,35.08,,GF,18,87.0,75.0,55.0,False,722
imsa,2024,Sebring,Sebring International Raceway,race,609,65,GTDPRO,Joey Hand,joey hand,181,4.0,21,124.346,11.768,77.729,34.849,,GF,19,86.7,75.0,55.0,False,722
imsa,2024,Sebring,Sebring International Raceway,race,609,65,GTDPRO,Joey Hand,joey hand,182,4.0,22,124.353,11.782,77.667,34.904,,GF,20,86.5,75.0,55.0,False,722
imsa,2024,Sebring,Sebring International Raceway,race,609,65,GTDPRO,Joey Hand,joey hand,183,4.0,23,124.087,11.753,77.398,34.936,,GF,21,86.4,75.0,55.0,False,722
imsa,2024,Sebring,Sebring International Raceway,race,609,65,GTDPRO,Joey Hand,joey hand,184,4.0,24,124.387,11.744,77.865,34.778,,GF,22,86.5,75.0,55.0,False,722
imsa,2024,Sebring,Sebring International Raceway,race,609,65,GTDPRO,Joey Hand,joey hand,185,4.0,25,131.797,11.643,76.994,43.16,,GF,23,86.4,75.0,55.0,False,722
imsa,2024,Sebring,Sebring International Raceway,race,609,65,GTDPRO,Joey Hand,joey hand,186,4.0,26,185.121,70.854,79.479,34.788,71.313,GF,0,86.1,75.0,56.0,False,722
imsa,2024,Sebring,Sebring International Raceway,race,609,65,GTDPRO,Joey Hand,joey hand,187,4.0,27,122.644,11.845,76.456,34.343,,GF,0,86.2,75.0,56.0,False,722
imsa,2024,Sebring,Sebring International Raceway,race,609,65,GTDPRO,Joey Hand,joey hand,188,4.0,28,122.201,11.622,76.208,34.371,,GF,1,86.4,75.0,55.0,False,722
imsa,2024,Sebring,Sebring International Raceway,race,609,65,GTDPRO,Joey Hand,joey hand,189,4.0,29,122.98,11.639,76.669,34.672,,GF,2,86.6,75.0,54.0,False,722
imsa,2024,Sebring,Sebring International Raceway,race,609,65,GTDPRO,Joey Hand,joey hand,190,4.0,30,125.076,11.584,78.469,35.023,,GF,3,86.8,75.0,54.0,False,722
imsa,2024,Sebring,Sebring International Raceway,race,609,65,GTDPRO,Joey Hand,joey hand,191,4.0,31,124.048,11.754,77.294,35.0,,GF,4,87.0,75.0,54.0,False,722
imsa,2024,Sebring,Sebring International Raceway,race,609,65,GTDPRO,Joey Hand,joey hand,192,4.0,32,122.812,11.566,76.717,34.529,,GF,5,87.2,75.0,54.0,False,722
imsa,2024,Sebring,Sebring International Raceway,race,609,65,GTDPRO,Joey Hand,joey hand,193,4.0,33,123.669,11.588,77.443,34.638,,GF,6,87.2,75.0,54.0,False,722
imsa,2024,Sebring,Sebring International Raceway,race,609,65,GTDPRO,Joey Hand,joey hand,194,4.0,34,123.05,11.583,77.038,34.429,,GF,7,87.1,75.0,54.0,False,722
imsa,2024,Sebring,Sebring International Raceway,race,609,65,GTDPRO,Joey Hand,joey hand,195,4.0,35,122.764,11.603,76.662,34.499,,GF,8,86.9,75.0,54.0,False,722
imsa,2024,Sebring,Sebring International Raceway,race,609,65,GTDPRO,Joey Hand,joey hand,196,4.0,36,122.629,11.643,76.56,34.426,,GF,9,86.8,75.0,54.0,False,722
imsa,2024,Sebring,Sebring International Raceway,race,609,65,GTDPRO,Joey Hand,joey hand,197,4.0,37,122.667,11.598,76.666,34.403,,GF,10,86.8,75.0,54.0,False,722
imsa,2024,Sebring,Sebring International Raceway,race,609,65,GTDPRO,Joey Hand,joey hand,198,4.0,38,131.44,11.574,77.09,42.776,,FCY,11,87.0,75.0,54.0,False,722
imsa,2024,Sebring,Sebring International Raceway,race,609,65,GTDPRO,Joey Hand,joey hand,199,4.0,39,137.683,12.534,85.436,39.713,,FCY,11,87.2,75.0,54.0,False,722
imsa,2024,Sebring,Sebring International Raceway,race,609,65,GTDPRO,Joey Hand,joey hand,200,4.0,40,175.09,13.188,92.118,69.784,,FCY,11,87.4,75.0,53.0,False,722
imsa,2024,Sebring,Sebring International Raceway,race,609,65,GTDPRO,Joey Hand,joey hand,201,4.0,41,224.304,16.004,144.14,64.16,,FCY,11,87.2,75.0,53.0,False,722
imsa,2024,Sebring,Sebring International Raceway,race,609,65,GTDPRO,Joey Hand,joey hand,202,4.0,42,197.961,14.944,114.636,68.381,,FCY,11,87.1,75.0,54.0,False,722
imsa,2024,Sebring,Sebring International Raceway,race,609,65,GTDPRO,Frederic Vervisch,frederic vervisch,203,5.0,0,241.764,103.3,81.695,56.769,103.624,FCY,0,86.9,75.0,55.0,False,722
imsa,2024,Sebring,Sebring International Raceway,race,609,65,GTDPRO,Frederic Vervisch,frederic vervisch,204,5.0,1,231.439,21.391,133.791,76.257,,FCY,0,86.8,75.0,55.0,False,722
imsa,2024,Sebring,Sebring International Raceway,race,609,65,GTDPRO,Frederic Vervisch,frederic vervisch,205,5.0,2,185.714,20.454,124.047,41.213,,GF,0,86.7,75.0,55.0,False,722
imsa,2024,Sebring,Sebring International Raceway,race,609,65,GTDPRO,Frederic Vervisch,frederic vervisch,206,5.0,3,123.764,11.993,76.94,34.831,,GF,1,86.5,75.0,55.0,False,722
imsa,2024,Sebring,Sebring International Raceway,race,609,65,GTDPRO,Frederic Vervisch,frederic vervisch,207,5.0,4,124.851,11.91,78.32,34.621,,GF,2,86.5,75.0,55.0,False,722
imsa,2024,Sebring,Sebring International Raceway,race,609,65,GTDPRO,Frederic Vervisch,frederic vervisch,208,5.0,5,133.418,11.706,77.249,44.463,,FCY,3,86.5,75.0,55.0,False,722
imsa,2024,Sebring,Sebring International Raceway,race,609,65,GTDPRO,Frederic Vervisch,frederic vervisch,209,5.0,6,146.597,14.721,90.456,41.42,,FCY,3,86.5,75.0,55.0,False,722
imsa,2024,Sebring,Sebring International Raceway,race,609,65,GTDPRO,Frederic Vervisch,frederic vervisch,210,5.0,7,173.179,14.265,90.013,68.901,,FCY,3,86.5,75.0,55.0,False,722
imsa,2024,Sebring,Sebring International Raceway,race,609,65,GTDPRO,Frederic Vervisch,frederic vervisch,211,5.0,8,189.637,19.864,127.521,42.252,,GF,3,86.6,75.0,56.0,False,722
imsa,2024,Sebring,Sebring International Raceway,race,609,65,GTDPRO,Frederic Vervisch,frederic vervisch,212,5.0,9,124.025,11.768,77.517,34.74,,GF,4,86.6,75.0,55.0,False,722
imsa,2024,Sebring,Sebring International Raceway,race,609,65,GTDPRO,Frederic Vervisch,frederic vervisch,213,5.0,10,124.164,11.773,77.554,34.837,,GF,5,86.6,75.0,55.0,False,722
imsa,2024,Sebring,Sebring International Raceway,race,609,65,GTDPRO,Frederic Vervisch,frederic vervisch,214,5.0,11,124.243,11.847,77.893,34.503,,GF,6,86.6,75.0,55.0,False,722
imsa,2024,Sebring,Sebring International Raceway,race,609,65,GTDPRO,Frederic Vervisch,frederic vervisch,215,5.0,12,122.786,11.649,76.511,34.626,,GF,7,86.7,75.0,56.0,False,722
imsa,2024,Sebring,Sebring International Raceway,race,609,65,GTDPRO,Frederic Vervisch,frederic vervisch,216,5.0,13,122.6,11.716,76.416,34.468,,GF,8,86.7,75.0,56.0,False,722
imsa,2024,Sebring,Sebring International Raceway,race,609,65,GTDPRO,Frederic Vervisch,frederic vervisch,217,5.0,14,121.926,11.672,76.021,34.233,,GF,9,86.8,75.0,55.0,False,722
imsa,2024,Sebring,Sebring International Raceway,race,609,65,GTDPRO,Frederic Vervisch,frederic vervisch,218,5.0,15,122.381,11.6,76.422,34.359,,GF,10,86.6,75.0,55.0,False,722
imsa,2024,Sebring,Sebring International Raceway,race,609,65,GTDPRO,Frederic Vervisch,frederic vervisch,219,5.0,16,123.258,11.651,76.414,35.193,,GF,11,86.7,75.0,55.0,False,722
imsa,2024,Sebring,Sebring International Raceway,race,609,65,GTDPRO,Frederic Vervisch,frederic vervisch,220,5.0,17,122.513,11.667,76.421,34.425,,GF,12,86.5,76.0,55.0,False,722
imsa,2024,Sebring,Sebring International Raceway,race,609,65,GTDPRO,Frederic Vervisch,frederic vervisch,221,5.0,18,122.85,11.69,76.724,34.436,,GF,13,86.5,76.0,54.0,False,722
imsa,2024,Sebring,Sebring International Raceway,race,609,65,GTDPRO,Frederic Vervisch,frederic vervisch,222,5.0,19,122.92,11.655,76.582,34.683,,GF,14,86.5,76.0,55.0,False,722
imsa,2024,Sebring,Sebring International Raceway,race,609,65,GTDPRO,Frederic Vervisch,frederic vervisch,223,5.0,20,123.754,11.684,77.25,34.82,,GF,15,86.4,76.0,54.0,False,722
imsa,2024,Sebring,Sebring International Raceway,race,609,65,GTDPRO,Frederic Vervisch,frederic vervisch,224,5.0,21,123.862,11.658,77.505,34.699,,GF,16,86.4,76.0,55.0,False,722
imsa,2024,Sebring,Sebring International Raceway,race,609,65,GTDPRO,Frederic Vervisch,frederic vervisch,225,5.0,22,123.269,11.815,77.033,34.421,,GF,17,86.4,76.0,55.0,False,722
imsa,2024,Sebring,Sebring International Raceway,race,609,65,GTDPRO,Frederic Vervisch,frederic vervisch,226,5.0,23,122.801,11.732,76.695,34.374,,GF,18,86.5,76.0,55.0,False,722
imsa,2024,Sebring,Sebring International Raceway,race,609,65,GTDPRO,Frederic Vervisch,frederic vervisch,227,5.0,24,121.966,11.7,76.058,34.208,,GF,19,86.5,76.0,55.0,False,722
imsa,2024,Sebring,Sebring International Raceway,race,609,65,GTDPRO,Frederic Vervisch,frederic vervisch,228,5.0,25,122.313,11.643,76.458,34.212,,GF,20,86.5,76.0,55.0,False,722
imsa,2024,Sebring,Sebring International Raceway,race,609,65,GTDPRO,Frederic Vervisch,frederic vervisch,229,5.0,26,123.068,11.771,76.596,34.701,,GF,21,86.5,76.0,55.0,False,722
imsa,2024,Sebring,Sebring International Raceway,race,609,65,GTDPRO,Frederic Vervisch,frederic vervisch,230,5.0,27,123.068,11.726,76.735,34.607,,GF,22,86.5,75.0,55.0,False,722
imsa,2024,Sebring,Sebring International Raceway,race,609,65,GTDPRO,Frederic Vervisch,frederic vervisch,231,5.0,28,132.11,11.784,76.784,43.542,,GF,23,86.5,75.0,55.0,False,722
imsa,2024,Sebring,Sebring International Raceway,race,609,65,GTDPRO,Frederic Vervisch,frederic vervisch,232,5.0,29,195.529,82.613,78.416,34.5,83.184,GF,0,86.3,75.0,55.0,False,722
imsa,2024,Sebring,Sebring International Raceway,race,609,65,GTDPRO,Frederic Vervisch,frederic vervisch,233,5.0,30,122.242,11.682,76.177,34.383,,GF,0,86.2,76.0,56.0,False,722
imsa,2024,Sebring,Sebring International Raceway,race,609,65,GTDPRO,Frederic Vervisch,frederic vervisch,234,5.0,31,126.758,11.541,76.132,39.085,,FCY,1,86.0,76.0,56.0,False,722
imsa,2024,Sebring,Sebring International Raceway,race,609,65,GTDPRO,Frederic Vervisch,frederic vervisch,235,5.0,32,137.018,12.819,85.401,38.798,,FCY,1,85.8,76.0,57.0,False,722
imsa,2024,Sebring,Sebring International Raceway,race,609,65,GTDPRO,Frederic Vervisch,frederic vervisch,236,5.0,33,195.334,13.399,121.604,60.331,,FCY,1,85.6,76.0,57.0,False,722
imsa,2024,Sebring,Sebring International Raceway,race,609,65,GTDPRO,Frederic Vervisch,frederic vervisch,237,5.0,34,139.473,17.901,82.749,38.823,,FCY,1,85.3,76.0,57.0,False,722
imsa,2024,Sebring,Sebring International Raceway,race,609,65,GTDPRO,Frederic Vervisch,frederic vervisch,238,5.0,35,138.876,12.091,79.162,47.623,,FCY,1,85.2,76.0,57.0,False,722
imsa,2024,Sebring,Sebring International Raceway,race,609,65,GTDPRO,Frederic Vervisch,frederic vervisch,239,5.0,36,173.983,14.494,105.62,53.869,,FCY,1,85.1,76.0,58.0,False,722
imsa,2024,Sebring,Sebring International Raceway,race,609,65,GTDPRO,Frederic Vervisch,frederic vervisch,240,5.0,37,194.53,13.159,118.087,63.284,,FCY,1,84.8,76.0,58.0,False,722
imsa,2024,Sebring,Sebring International Raceway,race,609,65,GTDPRO,Frederic Vervisch,frederic vervisch,241,5.0,38,201.935,16.947,133.692,51.296,,GF,1,84.6,76.0,59.0,False,722
imsa,2024,Sebring,Sebring International Raceway,race,609,65,GTDPRO,Frederic Vervisch,frederic vervisch,242,5.0,39,124.27,11.796,77.756,34.718,,GF,2,84.6,76.0,59.0,False,722
imsa,2024,Sebring,Sebring International Raceway,race,609,65,GTDPRO,Frederic Vervisch,frederic vervisch,243,5.0,40,123.326,11.836,77.04,34.45,,GF,3,84.5,76.0,60.0,False,722
imsa,2024,Sebring,Sebring International Raceway,race,609,65,GTDPRO,Frederic Vervisch,frederic vervisch,244,5.0,41,123.376,11.801,76.925,34.65,,GF,4,84.4,76.0,60.0,False,722
imsa,2024,Sebring,Sebring International Raceway,race,609,65,GTDPRO,Frederic Vervisch,frederic vervisch,245,5.0,42,123.355,11.767,76.841,34.747,,GF,5,84.3,76.0,60.0,False,722
imsa,2024,Sebring,Sebring International Raceway,race,609,65,GTDPRO,Frederic Vervisch,frederic vervisch,246,5.0,43,125.269,11.776,78.565,34.928,,GF,6,84.2,76.0,60.0,False,722
imsa,2024,Sebring,Sebring International Raceway,race,609,65,GTDPRO,Frederic Vervisch,frederic vervisch,247,5.0,44,123.541,11.729,77.176,34.636,,GF,7,84.2,76.0,60.0,False,722
imsa,2024,Sebring,Sebring International Raceway,race,609,65,GTDPRO,Frederic Vervisch,frederic vervisch,248,5.0,45,124.731,11.902,78.194,34.635,,GF,8,84.0,76.0,61.0,False,722
imsa,2024,Sebring,Sebring International Raceway,race,609,65,GTDPRO,Frederic Vervisch,frederic vervisch,249,5.0,46,125.122,11.732,78.252,35.138,,GF,9,84.0,76.0,61.0,False,722
imsa,2024,Sebring,Sebring International Raceway,race,609,65,GTDPRO,Frederic Vervisch,frederic vervisch,250,5.0,47,124.259,11.924,77.814,34.521,,GF,10,84.0,76.0,61.0,False,722
imsa,2024,Sebring,Sebring International Raceway,race,609,65,GTDPRO,Frederic Vervisch,frederic vervisch,251,5.0,48,122.826,11.805,76.6,34.421,,GF,11,84.0,76.0,61.0,False,722
imsa,2024,Sebring,Sebring International Raceway,race,609,65,GTDPRO,Frederic Vervisch,frederic vervisch,252,5.0,49,122.403,11.662,76.23,34.511,,GF,12,83.9,76.0,61.0,False,722
imsa,2024,Sebring,Sebring International Raceway,race,609,65,GTDPRO,Frederic Vervisch,frederic vervisch,253,5.0,50,123.765,11.661,77.615,34.489,,GF,13,83.9,76.0,61.0,False,722
imsa,2024,Sebring,Sebring International Raceway,race,609,65,GTDPRO,Frederic Vervisch,frederic vervisch,254,5.0,51,124.65,11.782,77.983,34.885,,GF,14,83.8,76.0,61.0,False,722
imsa,2024,Sebring,Sebring International Raceway,race,609,65,GTDPRO,Frederic Vervisch,frederic vervisch,255,5.0,52,122.884,11.66,76.733,34.491,,GF,15,83.8,76.0,61.0,False,722
imsa,2024,Sebring,Sebring International Raceway,race,609,65,GTDPRO,Frederic Vervisch,frederic vervisch,256,5.0,53,122.883,11.731,76.537,34.615,,GF,16,83.7,76.0,61.0,False,722
imsa,2024,Sebring,Sebring International Raceway,race,609,65,GTDPRO,Frederic Vervisch,frederic vervisch,257,5.0,54,122.921,11.652,76.546,34.723,,GF,17,83.6,76.0,62.0,False,722
imsa,2024,Sebring,Sebring International Raceway,race,609,65,GTDPRO,Frederic Vervisch,frederic vervisch,258,5.0,55,123.225,11.753,76.967,34.505,,GF,18,83.5,76.0,63.0,False,722
imsa,2024,Sebring,Sebring International Raceway,race,609,65,GTDPRO,Frederic Vervisch,frederic vervisch,259,5.0,56,131.594,11.655,76.516,43.423,,GF,19,83.3,76.0,63.0,False,722
imsa,2024,Sebring,Sebring International Raceway,race,609,65,GTDPRO,Dirk Mueller,dirk mueller,260,6.0,0,199.349,85.411,79.064,34.874,85.888,GF,0,83.0,76.0,63.0,False,722
imsa,2024,Sebring,Sebring International Raceway,race,609,65,GTDPRO,Dirk Mueller,dirk mueller,261,6.0,1,122.318,11.588,76.34,34.39,,GF,0,82.9,76.0,63.0,False,722
imsa,2024,Sebring,Sebring International Raceway,race,609,65,GTDPRO,Dirk Mueller,dirk mueller,262,6.0,2,122.373,11.534,76.55,34.289,,GF,1,82.8,76.0,64.0,False,722
imsa,2024,Sebring,Sebring International Raceway,race,609,65,GTDPRO,Dirk Mueller,dirk mueller,263,6.0,3,123.384,11.623,77.077,34.684,,GF,2,82.7,76.0,64.0,False,722
imsa,2024,Sebring,Sebring International Raceway,race,609,65,GTDPRO,Dirk Mueller,dirk mueller,264,6.0,4,123.438,11.683,76.906,34.849,,GF,3,82.7,76.0,64.0,False,722
imsa,2024,Sebring,Sebring International Raceway,race,609,65,GTDPRO,Dirk Mueller,dirk mueller,265,6.0,5,122.821,11.619,76.744,34.458,,GF,4,82.5,76.0,64.0,False,722
imsa,2024,Sebring,Sebring International Raceway,race,609,65,GTDPRO,Dirk Mueller,dirk mueller,266,6.0,6,123.625,11.649,77.313,34.663,,GF,5,82.5,76.0,64.0,False,722
imsa,2024,Sebring,Sebring International Raceway,race,609,65,GTDPRO,Dirk Mueller,dirk mueller,267,6.0,7,123.095,11.66,76.816,34.619,,GF,6,82.4,76.0,64.0,False,722
imsa,2024,Sebring,Sebring International Raceway,race,609,65,GTDPRO,Dirk Mueller,dirk mueller,268,6.0,8,123.949,11.612,77.342,34.995,,GF,7,82.3,76.0,64.0,False,722
imsa,2024,Sebring,Sebring International Raceway,race,609,65,GTDPRO,Dirk Mueller,dirk mueller,269,6.0,9,123.239,11.737,76.955,34.547,,GF,8,82.2,76.0,65.0,False,722
imsa,2024,Sebring,Sebring International Raceway,race,609,65,GTDPRO,Dirk Mueller,dirk mueller,270,6.0,10,124.693,11.752,78.183,34.758,,GF,9,82.1,76.0,65.0,False,722
imsa,2024,Sebring,Sebring International Raceway,race,609,65,GTDPRO,Dirk Mueller,dirk mueller,271,6.0,11,125.712,11.8,79.03,34.882,,GF,10,82.0,76.0,65.0,False,722
imsa,2024,Sebring,Sebring International Raceway,race,609,65,GTDPRO,Dirk Mueller,dirk mueller,272,6.0,12,123.47,11.75,77.091,34.629,,GF,11,82.0,76.0,65.0,False,722
imsa,2024,Sebring,Sebring International Raceway,race,609,65,GTDPRO,Dirk Mueller,dirk mueller,273,6.0,13,124.015,11.782,77.513,34.72,,GF,12,81.9,76.0,65.0,False,722
imsa,2024,Sebring,Sebring International Raceway,race,609,65,GTDPRO,Dirk Mueller,dirk mueller,274,6.0,14,124.159,11.832,77.59,34.737,,GF,13,81.8,76.0,65.0,False,722
imsa,2024,Sebring,Sebring International Raceway,race,609,65,GTDPRO,Dirk Mueller,dirk mueller,275,6.0,15,123.977,11.718,77.131,35.128,,GF,14,81.8,76.0,65.0,False,722
imsa,2024,Sebring,Sebring International Raceway,race,609,65,GTDPRO,Dirk Mueller,dirk mueller,276,6.0,16,123.372,11.731,77.13,34.511,,GF,15,81.7,76.0,66.0,False,722
imsa,2024,Sebring,Sebring International Raceway,race,609,65,GTDPRO,Dirk Mueller,dirk mueller,277,6.0,17,133.813,11.818,77.896,44.099,,GF,16,81.6,76.0,66.0,False,722
imsa,2024,Sebring,Sebring International Raceway,race,609,65,GTDPRO,Dirk Mueller,dirk mueller,278,6.0,18,189.061,64.843,80.172,44.046,65.064,GF,0,81.4,76.0,66.0,False,722
imsa,2024,Sebring,Sebring International Raceway,race,609,65,GTDPRO,Dirk Mueller,dirk mueller,279,6.0,19,145.386,31.875,77.408,36.103,32.831,GF,0,81.4,76.0,66.0,False,722
imsa,2024,Sebring,Sebring International Raceway,race,609,65,GTDPRO,Dirk Mueller,dirk mueller,280,6.0,20,124.593,11.789,78.08,34.724,,GF,0,81.2,76.0,66.0,False,722
imsa,2024,Sebring,Sebring International Raceway,race,609,65,GTDPRO,Dirk Mueller,dirk mueller,281,6.0,21,123.956,11.718,77.475,34.763,,GF,1,81.1,76.0,67.0,False,722
imsa,2024,Sebring,Sebring International Raceway,race,609,65,GTDPRO,Dirk Mueller,dirk mueller,282,6.0,22,133.673,11.722,80.002,41.949,,FCY,2,81.0,76.0,67.0,False,722
imsa,2024,Sebring,Sebring International Raceway,race,609,65,GTDPRO,Dirk Mueller,dirk mueller,283,6.0,23,188.707,12.871,131.827,44.009,,FCY,2,80.8,76.0,67.0,False,722
imsa,2024,Sebring,Sebring International Raceway,race,609,65,GTDPRO,Dirk Mueller,dirk mueller,284,6.0,24,142.727,14.272,86.994,41.461,,FCY,2,80.7,76.0,67.0,False,722
imsa,2024,Sebring,Sebring International Raceway,race,609,65,GTDPRO,Dirk Mueller,dirk mueller,285,6.0,25,146.942,13.78,81.222,51.94,,FCY,2,80.6,75.0,68.0,False,722
imsa,2024,Sebring,Sebring International Raceway,race,609,65,GTDPRO,Dirk Mueller,dirk mueller,286,6.0,26,177.353,14.598,104.188,58.567,,FCY,2,80.4,75.0,68.0,False,722
imsa,2024,Sebring,Sebring International Raceway,race,609,65,GTDPRO,Dirk Mueller,dirk mueller,287,6.0,27,157.674,12.704,109.032,35.938,,FCY,2,80.3,75.0,69.0,False,722
imsa,2024,Sebring,Sebring International Raceway,race,609,65,GTDPRO,Dirk Mueller,dirk mueller,288,6.0,28,133.752,12.177,77.637,43.938,,FCY,2,80.1,75.0,69.0,False,722
imsa,2024,Sebring,Sebring International Raceway,race,609,65,GTDPRO,Dirk Mueller,dirk mueller,289,6.0,29,222.912,107.974,80.057,34.881,108.413,FCY,0,80.0,75.0,69.0,False,722
imsa,2024,Sebring,Sebring International Raceway,race,609,65,GTDPRO,Dirk Mueller,dirk mueller,290,6.0,30,125.212,12.138,78.067,35.007,,GF,0,79.8,75.0,69.0,False,722
imsa,2024,Sebring,Sebring International Raceway,race,609,65,GTDPRO,Dirk Mueller,dirk mueller,291,6.0,31,125.599,12.085,78.386,35.128,,GF,1,79.7,75.0,69.0,False,722
imsa,2024,Sebring,Sebring International Raceway,race,609,65,GTDPRO,Dirk Mueller,dirk mueller,292,6.0,32,125.432,11.972,78.714,34.746,,GF,2,79.6,75.0,69.0,False,722
imsa,2024,Sebring,Sebring International Raceway,race,609,65,GTDPRO,Dirk Mueller,dirk mueller,293,6.0,33,124.84,11.832,78.0,35.008,,GF,3,79.5,75.0,69.0,False,722
imsa,2024,Sebring,Sebring International Raceway,race,609,65,GTDPRO,Dirk Mueller,dirk mueller,294,6.0,34,124.113,11.796,77.492,34.825,,GF,4,79.4,75.0,69.0,False,722
imsa,2024,Sebring,Sebring International Raceway,race,609,65,GTDPRO,Dirk Mueller,dirk mueller,295,6.0,35,124.299,11.746,77.872,34.681,,GF,5,79.3,75.0,70.0,False,722
imsa,2024,Sebring,Sebring International Raceway,race,609,65,GTDPRO,Dirk Mueller,dirk mueller,296,6.0,36,155.429,11.802,96.409,47.218,,FCY,6,79.1,75.0,70.0,False,722
imsa,2024,Sebring,Sebring International Raceway,race,609,65,GTDPRO,Dirk Mueller,dirk mueller,297,6.0,37,171.601,14.694,91.188,65.719,,FCY,6,79.1,75.0,70.0,False,722
imsa,2024,Sebring,Sebring International Raceway,race,609,65,GTDPRO,Dirk Mueller,dirk mueller,298,6.0,38,177.407,22.012,108.649,46.746,,GF,6,78.9,75.0,70.0,False,722
imsa,2024,Sebring,Sebring International Raceway,race,609,65,GTDPRO,Dirk Mueller,dirk mueller,299,6.0,39,123.246,11.868,76.731,34.647,,GF,7,78.8,75.0,70.0,False,722
imsa,2024,Sebring,Sebring International Raceway,race,609,65,GTDPRO,Dirk Mueller,dirk mueller,300,6.0,40,123.809,11.792,76.918,35.099,,GF,8,78.7,75.0,71.0,False,722
imsa,2024,Sebring,Sebring International Raceway,race,609,65,GTDPRO,Dirk Mueller,dirk mueller,301,6.0,41,160.229,11.71,95.736,52.783,,FCY,9,78.7,75.0,71.0,False,722
imsa,2024,Sebring,Sebring International Raceway,race,609,65,GTDPRO,Dirk Mueller,dirk mueller,302,6.0,42,201.911,14.215,120.405,67.291,,FCY,9,78.5,75.0,71.0,False,722
imsa,2024,Sebring,Sebring International Raceway,race,609,65,GTDPRO,Dirk Mueller,dirk mueller,303,6.0,43,183.837,20.984,103.894,58.959,,FCY,9,78.4,75.0,71.0,False,722
imsa,2024,Sebring,Sebring International Raceway,race,609,65,GTDPRO,Dirk Mueller,dirk mueller,304,6.0,44,202.252,16.619,135.289,50.344,,GF,9,78.2,75.0,71.0,False,722
imsa,2024,Sebring,Sebring International Raceway,race,609,65,GTDPRO,Dirk Mueller,dirk mueller,305,6.0,45,126.115,12.233,78.695,35.187,,GF,10,78.1,75.0,71.0,False,722
imsa,2024,Sebring,Sebring International Raceway,race,609,65,GTDPRO,Dirk Mueller,dirk mueller,306,6.0,46,123.641,11.833,77.027,34.781,,GF,11,77.9,75.0,71.0,False,722
imsa,2024,Sebring,Sebring International Raceway,race,609,65,GTDPRO,Dirk Mueller,dirk mueller,307,6.0,47,123.592,11.768,77.062,34.762,,GF,12,77.9,75.0,72.0,False,722
imsa,2024,Sebring,Sebring International Raceway,race,609,65,GTDPRO,Dirk Mueller,dirk mueller,308,6.0,48,123.718,11.814,77.361,34.543,,GF,13,77.9,75.0,72.0,False,722
imsa,2024,Sebring,Sebring International Raceway,race,609,65,GTDPRO,Dirk Mueller,dirk mueller,309,6.0,49,123.418,11.846,76.952,34.62,,GF,14,77.7,75.0,72.0,False,722
imsa,2024,Sebring,Sebring International Raceway,race,609,65,GTDPRO,Dirk Mueller,dirk mueller,310,6.0,50,123.481,11.716,77.076,34.689,,GF,15,77.6,75.0,72.0,False,722
imsa,2024,Sebring,Sebring International Raceway,race,609,65,GTDPRO,Dirk Mueller,dirk mueller,311,6.0,51,127.498,12.176,79.265,36.057,,GF,16,77.5,75.0,72.0,False,722
imsa,2024,Sebring,Sebring International Raceway,race,609,65,GTDPRO,Dirk Mueller,dirk mueller,312,6.0,52,126.189,12.105,79.063,35.021,,GF,17,77.5,75.0,72.0,False,722
imsa,2024,Sebring,Sebring International Raceway,race,609,65,GTDPRO,Dirk Mueller,dirk mueller,313,6.0,53,125.038,11.836,78.27,34.932,,GF,18,77.5,75.0,72.0,False,722
imsa,2024,Sebring,Sebring International Raceway,race,609,65,GTDPRO,Dirk Mueller,dirk mueller,314,6.0,54,125.361,12.205,78.008,35.148,,GF,19,77.4,75.0,72.0,False,722
imsa,2024,Sebring,Sebring International Raceway,race,609,65,GTDPRO,Dirk Mueller,dirk mueller,315,6.0,55,126.717,12.369,79.405,34.943,,GF,20,77.5,75.0,72.0,False,722
imsa,2024,Sebring,Sebring International Raceway,race,609,65,GTDPRO,Dirk Mueller,dirk mueller,316,6.0,56,124.629,11.979,77.674,34.976,,FF,21,77.4,75.0,72.0,False,722
imsa,2024,Sebring,Sebring International Raceway,race,609,77,GTDPRO,Seb Priaulx,seb priaulx,1,1.0,0,149.414,36.225,78.648,34.541,,GF,0,71.6,74.0,85.0,False,722
imsa,2024,Sebring,Sebring International Raceway,race,609,77,GTDPRO,Seb Priaulx,seb priaulx,2,1.0,1,122.247,11.638,76.275,34.334,,GF,0,71.9,75.0,85.0,False,722
imsa,2024,Sebring,Sebring International Raceway,race,609,77,GTDPRO,Seb Priaulx,seb priaulx,3,1.0,2,122.083,11.464,76.261,34.358,,GF,1,72.3,75.0,85.0,False,722
imsa,2024,Sebring,Sebring International Raceway,race,609,77,GTDPRO,Seb Priaulx,seb priaulx,4,1.0,3,122.24,11.599,76.242,34.399,,GF,2,72.5,75.0,84.0,False,722
imsa,2024,Sebring,Sebring International Raceway,race,609,77,GTDPRO,Seb Priaulx,seb priaulx,5,1.0,4,121.934,11.54,76.016,34.378,,GF,3,72.8,75.0,84.0,False,722
imsa,2024,Sebring,Sebring International Raceway,race,609,77,GTDPRO,Seb Priaulx,seb priaulx,6,1.0,5,122.041,11.575,76.195,34.271,,GF,4,73.1,75.0,83.0,False,722
imsa,2024,Sebring,Sebring International Raceway,race,609,77,GTDPRO,Seb Priaulx,seb priaulx,7,1.0,6,122.228,11.622,76.314,34.292,,GF,5,73.4,75.0,83.0,False,722
imsa,2024,Sebring,Sebring International Raceway,race,609,77,GTDPRO,Seb Priaulx,seb priaulx,8,1.0,7,122.211,11.637,76.263,34.311,,GF,6,73.4,75.0,83.0,False,722
imsa,2024,Sebring,Sebring International Raceway,race,609,77,GTDPRO,Seb Priaulx,seb priaulx,9,1.0,8,122.164,11.671,76.065,34.428,,GF,7,73.5,75.0,82.0,False,722
imsa,2024,Sebring,Sebring International Raceway,race,609,77,GTDPRO,Seb Priaulx,seb priaulx,10,1.0,9,123.799,11.754,77.522,34.523,,GF,8,73.7,75.0,82.0,False,722
imsa,2024,Sebring,Sebring International Raceway,race,609,77,GTDPRO,Seb Priaulx,seb priaulx,11,1.0,10,122.171,11.561,76.198,34.412,,GF,9,73.9,75.0,81.0,False,722
imsa,2024,Sebring,Sebring International Raceway,race,609,77,GTDPRO,Seb Priaulx,seb priaulx,12,1.0,11,122.157,11.561,76.32,34.276,,GF,10,74.0,75.0,81.0,False,722
imsa,2024,Sebring,Sebring International Raceway,race,609,77,GTDPRO,Seb Priaulx,seb priaulx,13,1.0,12,122.767,11.635,76.637,34.495,,GF,11,74.2,75.0,81.0,False,722
imsa,2024,Sebring,Sebring International Raceway,race,609,77,GTDPRO,Seb Priaulx,seb priaulx,14,1.0,13,122.203,11.541,76.325,34.337,,GF,12,74.4,75.0,80.0,False,722
imsa,2024,Sebring,Sebring International Raceway,race,609,77,GTDPRO,Seb Priaulx,seb priaulx,15,1.0,14,122.536,11.543,76.643,34.35,,GF,13,74.7,75.0,80.0,False,722
imsa,2024,Sebring,Sebring International Raceway,race,609,77,GTDPRO,Seb Priaulx,seb priaulx,16,1.0,15,123.153,11.618,76.786,34.749,,GF,14,74.7,75.0,80.0,False,722
imsa,2024,Sebring,Sebring International Raceway,race,609,77,GTDPRO,Seb Priaulx,seb priaulx,17,1.0,16,122.509,11.731,76.496,34.282,,GF,15,74.9,74.0,80.0,False,722
imsa,2024,Sebring,Sebring International Raceway,race,609,77,GTDPRO,Seb Priaulx,seb priaulx,18,1.0,17,124.114,11.592,77.886,34.636,,FCY,16,74.9,74.0,80.0,False,722
imsa,2024,Sebring,Sebring International Raceway,race,609,77,GTDPRO,Seb Priaulx,seb priaulx,19,1.0,18,160.285,14.416,99.48,46.389,,FCY,16,75.3,74.0,79.0,False,722
imsa,2024,Sebring,Sebring International Raceway,race,609,77,GTDPRO,Seb Priaulx,seb priaulx,20,1.0,19,154.981,15.241,95.454,44.286,,FCY,16,75.3,74.0,79.0,False,722
imsa,2024,Sebring,Sebring International Raceway,race,609,77,GTDPRO,Seb Priaulx,seb priaulx,21,1.0,20,210.663,17.318,130.456,62.889,,FCY,16,75.6,74.0,78.0,False,722
imsa,2024,Sebring,Sebring International Raceway,race,609,77,GTDPRO,Seb Priaulx,seb priaulx,22,1.0,21,186.129,13.99,107.403,64.736,,FCY,16,76.0,74.0,78.0,False,722
imsa,2024,Sebring,Sebring International Raceway,race,609,77,GTDPRO,Seb Priaulx,seb priaulx,23,1.0,22,216.327,71.148,87.374,57.805,70.875,FCY,0,76.3,74.0,78.0,False,722
imsa,2024,Sebring,Sebring International Raceway,race,609,77,GTDPRO,Seb Priaulx,seb priaulx,24,1.0,23,214.397,25.312,138.964,50.121,,GF,0,76.6,74.0,77.0,False,722
imsa,2024,Sebring,Sebring International Raceway,race,609,77,GTDPRO,Seb Priaulx,seb priaulx,25,1.0,24,159.525,44.709,79.747,35.069,44.865,GF,0,76.8,74.0,77.0,False,722
imsa,2024,Sebring,Sebring International Raceway,race,609,77,GTDPRO,Seb Priaulx,seb priaulx,26,1.0,25,124.905,11.864,77.91,35.131,,GF,0,76.9,74.0,77.0,False,722
imsa,2024,Sebring,Sebring International Raceway,race,609,77,GTDPRO,Seb Priaulx,seb priaulx,27,1.0,26,125.019,12.24,77.905,34.874,,GF,1,77.0,74.0,76.0,False,722
imsa,2024,Sebring,Sebring International Raceway,race,609,77,GTDPRO,Seb Priaulx,seb priaulx,28,1.0,27,123.968,11.763,77.278,34.927,,GF,2,77.2,74.0,76.0,False,722
imsa,2024,Sebring,Sebring International Raceway,race,609,77,GTDPRO,Seb Priaulx,seb priaulx,29,1.0,28,124.778,11.765,77.648,35.365,,GF,3,77.6,74.0,76.0,False,722
imsa,2024,Sebring,Sebring International Raceway,race,609,77,GTDPRO,Seb Priaulx,seb priaulx,30,1.0,29,124.392,11.823,77.906,34.663,,GF,4,77.8,75.0,75.0,False,722
imsa,2024,Sebring,Sebring International Raceway,race,609,77,GTDPRO,Seb Priaulx,seb priaulx,31,1.0,30,123.123,11.794,76.867,34.462,,GF,5,78.0,75.0,75.0,False,722
imsa,2024,Sebring,Sebring International Raceway,race,609,77,GTDPRO,Seb Priaulx,seb priaulx,32,1.0,31,122.984,11.673,76.795,34.516,,GF,6,78.1,75.0,75.0,False,722
imsa,2024,Sebring,Sebring International Raceway,race,609,77,GTDPRO,Seb Priaulx,seb priaulx,33,1.0,32,123.707,11.605,76.882,35.22,,GF,7,78.2,75.0,75.0,False,722
imsa,2024,Sebring,Sebring International Raceway,race,609,77,GTDPRO,Seb Priaulx,seb priaulx,34,1.0,33,124.685,11.918,77.572,35.195,,GF,8,78.5,75.0,74.0,False,722
imsa,2024,Sebring,Sebring International Raceway,race,609,77,GTDPRO,Seb Priaulx,seb priaulx,35,1.0,34,124.088,12.091,77.17,34.827,,GF,9,78.4,75.0,74.0,False,722
imsa,2024,Sebring,Sebring International Raceway,race,609,77,GTDPRO,Seb Priaulx,seb priaulx,36,1.0,35,124.564,11.923,77.944,34.697,,GF,10,78.2,75.0,74.0,False,722
imsa,2024,Sebring,Sebring International Raceway,race,609,77,GTDPRO,Seb Priaulx,seb priaulx,37,1.0,36,124.134,11.7,77.524,34.91,,GF,11,78.0,74.0,74.0,False,722
imsa,2024,Sebring,Sebring International Raceway,race,609,77,GTDPRO,Seb Priaulx,seb priaulx,38,1.0,37,124.521,11.909,77.633,34.979,,GF,12,78.0,74.0,74.0,False,722
imsa,2024,Sebring,Sebring International Raceway,race,609,77,GTDPRO,Seb Priaulx,seb priaulx,39,1.0,38,123.038,11.601,76.762,34.675,,GF,13,78.0,74.0,74.0,False,722
imsa,2024,Sebring,Sebring International Raceway,race,609,77,GTDPRO,Seb Priaulx,seb priaulx,40,1.0,39,124.715,12.121,77.824,34.77,,GF,14,78.0,74.0,74.0,False,722
imsa,2024,Sebring,Sebring International Raceway,race,609,77,GTDPRO,Seb Priaulx,seb priaulx,41,1.0,40,123.284,11.704,76.793,34.787,,GF,15,77.9,74.0,74.0,False,722
imsa,2024,Sebring,Sebring International Raceway,race,609,77,GTDPRO,Seb Priaulx,seb priaulx,42,1.0,41,123.402,11.665,76.864,34.873,,GF,16,77.8,74.0,74.0,False,722
imsa,2024,Sebring,Sebring International Raceway,race,609,77,GTDPRO,Seb Priaulx,seb priaulx,43,1.0,42,125.09,12.383,78.008,34.699,,GF,17,77.9,74.0,74.0,False,722
imsa,2024,Sebring,Sebring International Raceway,race,609,77,GTDPRO,Seb Priaulx,seb priaulx,44,1.0,43,123.962,11.727,77.327,34.908,,GF,18,78.4,74.0,74.0,False,722
imsa,2024,Sebring,Sebring International Raceway,race,609,77,GTDPRO,Seb Priaulx,seb priaulx,45,1.0,44,124.646,11.835,77.985,34.826,,GF,19,78.8,75.0,73.0,False,722
imsa,2024,Sebring,Sebring International Raceway,race,609,77,GTDPRO,Seb Priaulx,seb priaulx,46,1.0,45,124.562,11.72,77.9,34.942,,GF,20,78.8,75.0,73.0,False,722
imsa,2024,Sebring,Sebring International Raceway,race,609,77,GTDPRO,Seb Priaulx,seb priaulx,47,1.0,46,122.846,11.675,76.5,34.671,,GF,21,78.9,75.0,73.0,False,722
imsa,2024,Sebring,Sebring International Raceway,race,609,77,GTDPRO,Seb Priaulx,seb priaulx,48,1.0,47,123.426,12.04,76.633,34.753,,GF,22,79.0,75.0,73.0,False,722
imsa,2024,Sebring,Sebring International Raceway,race,609,77,GTDPRO,Seb Priaulx,seb priaulx,49,1.0,48,125.288,11.724,77.602,35.962,,GF,23,79.0,75.0,72.0,False,722
imsa,2024,Sebring,Sebring International Raceway,race,609,77,GTDPRO,Seb Priaulx,seb priaulx,50,1.0,49,122.729,11.603,76.497,34.629,,GF,24,79.1,75.0,72.0,False,722
imsa,2024,Sebring,Sebring International Raceway,race,609,77,GTDPRO,Seb Priaulx,seb priaulx,51,1.0,50,130.389,11.629,77.381,41.379,,FCY,25,79.0,75.0,72.0,False,722
imsa,2024,Sebring,Sebring International Raceway,race,609,77,GTDPRO,Seb Priaulx,seb priaulx,52,1.0,51,158.228,16.166,98.978,43.084,,FCY,25,79.0,75.0,72.0,False,722
imsa,2024,Sebring,Sebring International Raceway,race,609,77,GTDPRO,Seb Priaulx,seb priaulx,53,1.0,52,171.304,14.753,91.341,65.21,,FCY,25,79.1,75.0,72.0,False,722
imsa,2024,Sebring,Sebring International Raceway,race,609,77,GTDPRO,Seb Priaulx,seb priaulx,54,1.0,53,193.997,16.31,118.907,58.78,,FCY,25,79.2,75.0,72.0,False,722
imsa,2024,Sebring,Sebring International Raceway,race,609,77,GTDPRO,Michael Christensen,michael christensen,55,2.0,0,200.518,76.143,85.249,39.126,76.236,FCY,0,79.4,75.0,71.0,False,722
imsa,2024,Sebring,Sebring International Raceway,race,609,77,GTDPRO,Michael Christensen,michael christensen,56,2.0,1,194.544,26.397,131.207,36.94,,GF,0,79.6,75.0,71.0,False,722
imsa,2024,Sebring,Sebring International Raceway,race,609,77,GTDPRO,Michael Christensen,michael christensen,57,2.0,2,125.014,11.733,78.575,34.706,,GF,1,79.5,75.0,71.0,False,722
imsa,2024,Sebring,Sebring International Raceway,race,609,77,GTDPRO,Michael Christensen,michael christensen,58,2.0,3,124.003,11.882,77.7,34.421,,GF,2,79.5,75.0,71.0,False,722
imsa,2024,Sebring,Sebring International Raceway,race,609,77,GTDPRO,Michael Christensen,michael christensen,59,2.0,4,123.658,11.763,77.207,34.688,,GF,3,79.5,75.0,71.0,False,722
imsa,2024,Sebring,Sebring International Raceway,race,609,77,GTDPRO,Michael Christensen,michael christensen,60,2.0,5,124.097,12.063,77.388,34.646,,GF,4,79.6,75.0,71.0,False,722
imsa,2024,Sebring,Sebring International Raceway,race,609,77,GTDPRO,Michael Christensen,michael christensen,61,2.0,6,123.933,11.744,77.533,34.656,,GF,5,79.7,75.0,71.0,False,722
imsa,2024,Sebring,Sebring International Raceway,race,609,77,GTDPRO,Michael Christensen,michael christensen,62,2.0,7,123.215,11.8,76.94,34.475,,GF,6,79.9,75.0,71.0,False,722
imsa,2024,Sebring,Sebring International Raceway,race,609,77,GTDPRO,Michael Christensen,michael christensen,63,2.0,8,123.291,11.816,76.991,34.484,,GF,7,80.0,75.0,70.0,False,722
imsa,2024,Sebring,Sebring International Raceway,race,609,77,GTDPRO,Michael Christensen,michael christensen,64,2.0,9,123.39,11.633,77.127,34.63,,GF,8,80.0,75.0,70.0,False,722
imsa,2024,Sebring,Sebring International Raceway,race,609,77,GTDPRO,Michael Christensen,michael christensen,65,2.0,10,124.274,11.815,77.538,34.921,,GF,9,80.1,75.0,70.0,False,722
imsa,2024,Sebring,Sebring International Raceway,race,609,77,GTDPRO,Michael Christensen,michael christensen,66,2.0,11,123.434,11.842,76.975,34.617,,GF,10,80.1,75.0,70.0,False,722
imsa,2024,Sebring,Sebring International Raceway,race,609,77,GTDPRO,Michael Christensen,michael christensen,67,2.0,12,133.097,11.874,77.584,43.639,,GF,11,80.2,75.0,70.0,False,722
imsa,2024,Sebring,Sebring International Raceway,race,609,77,GTDPRO,Michael Christensen,michael christensen,68,2.0,13,167.676,55.58,77.697,34.399,56.463,GF,0,80.1,75.0,70.0,False,722
imsa,2024,Sebring,Sebring International Raceway,race,609,77,GTDPRO,Michael Christensen,michael christensen,69,2.0,14,122.69,11.618,76.586,34.486,,GF,0,80.1,75.0,70.0,False,722
imsa,2024,Sebring,Sebring International Raceway,race,609,77,GTDPRO,Michael Christensen,michael christensen,70,2.0,15,123.542,11.58,77.555,34.407,,GF,1,80.1,75.0,70.0,False,722
imsa,2024,Sebring,Sebring International Raceway,race,609,77,GTDPRO,Michael Christensen,michael christensen,71,2.0,16,123.025,11.604,76.945,34.476,,GF,2,79.8,75.0,70.0,False,722
imsa,2024,Sebring,Sebring International Raceway,race,609,77,GTDPRO,Michael Christensen,michael christensen,72,2.0,17,122.266,11.436,76.301,34.529,,GF,3,79.8,75.0,71.0,False,722
imsa,2024,Sebring,Sebring International Raceway,race,609,77,GTDPRO,Michael Christensen,michael christensen,73,2.0,18,122.402,11.562,76.369,34.471,,GF,4,79.8,75.0,70.0,False,722
imsa,2024,Sebring,Sebring International Raceway,race,609,77,GTDPRO,Michael Christensen,michael christensen,74,2.0,19,122.514,11.529,76.567,34.418,,GF,5,79.9,75.0,70.0,False,722
imsa,2024,Sebring,Sebring International Raceway,race,609,77,GTDPRO,Michael Christensen,michael christensen,75,2.0,20,143.623,11.629,90.927,41.067,,FCY,6,80.1,76.0,70.0,False,722
imsa,2024,Sebring,Sebring International Raceway,race,609,77,GTDPRO,Michael Christensen,michael christensen,76,2.0,21,152.943,14.735,85.037,53.171,,FCY,6,80.2,76.0,70.0,False,722
imsa,2024,Sebring,Sebring International Raceway,race,609,77,GTDPRO,Michael Christensen,michael christensen,77,2.0,22,138.817,12.178,84.032,42.607,,FCY,6,80.3,76.0,69.0,False,722
imsa,2024,Sebring,Sebring International Raceway,race,609,77,GTDPRO,Michael Christensen,michael christensen,78,2.0,23,132.21,14.025,81.991,36.194,,FCY,6,80.3,76.0,70.0,False,722
imsa,2024,Sebring,Sebring International Raceway,race,609,77,GTDPRO,Michael Christensen,michael christensen,79,2.0,24,157.248,12.14,95.092,50.016,,FCY,6,80.6,76.0,69.0,False,722
imsa,2024,Sebring,Sebring International Raceway,race,609,77,GTDPRO,Michael Christensen,michael christensen,80,2.0,25,181.126,13.134,112.846,55.146,,FCY,6,80.7,76.0,69.0,False,722
imsa,2024,Sebring,Sebring International Raceway,race,609,77,GTDPRO,Michael Christensen,michael christensen,81,2.0,26,225.869,23.766,132.042,70.061,,FCY,6,81.0,76.0,68.0,False,722
imsa,2024,Sebring,Sebring International Raceway,race,609,77,GTDPRO,Michael Christensen,michael christensen,82,2.0,27,191.748,28.041,120.141,43.566,,GF,6,81.2,77.0,67.0,False,722
imsa,2024,Sebring,Sebring International Raceway,race,609,77,GTDPRO,Michael Christensen,michael christensen,83,2.0,28,123.946,11.665,77.527,34.754,,GF,7,81.4,78.0,67.0,False,722
imsa,2024,Sebring,Sebring International Raceway,race,609,77,GTDPRO,Michael Christensen,michael christensen,84,2.0,29,122.868,11.724,76.646,34.498,,GF,8,81.6,79.0,67.0,False,722
imsa,2024,Sebring,Sebring International Raceway,race,609,77,GTDPRO,Michael Christensen,michael christensen,85,2.0,30,122.688,11.647,76.583,34.458,,GF,9,81.8,80.0,67.0,False,722
imsa,2024,Sebring,Sebring International Raceway,race,609,77,GTDPRO,Michael Christensen,michael christensen,86,2.0,31,122.528,11.642,76.476,34.41,,GF,10,82.0,81.0,66.0,False,722
imsa,2024,Sebring,Sebring International Raceway,race,609,77,GTDPRO,Michael Christensen,michael christensen,87,2.0,32,122.116,11.608,76.235,34.273,,GF,11,82.2,82.0,65.0,False,722
imsa,2024,Sebring,Sebring International Raceway,race,609,77,GTDPRO,Michael Christensen,michael christensen,88,2.0,33,122.537,11.551,76.445,34.541,,GF,12,82.3,82.0,65.0,False,722
imsa,2024,Sebring,Sebring International Raceway,race,609,77,GTDPRO,Michael Christensen,michael christensen,89,2.0,34,122.456,11.572,76.35,34.534,,GF,13,82.4,82.0,65.0,False,722
imsa,2024,Sebring,Sebring International Raceway,race,609,77,GTDPRO,Michael Christensen,michael christensen,90,2.0,35,122.361,11.576,76.349,34.436,,GF,14,82.3,83.0,65.0,False,722
imsa,2024,Sebring,Sebring International Raceway,race,609,77,GTDPRO,Michael Christensen,michael christensen,91,2.0,36,122.957,11.558,76.35,35.049,,GF,15,82.3,84.0,65.0,False,722
imsa,2024,Sebring,Sebring International Raceway,race,609,77,GTDPRO,Michael Christensen,michael christensen,92,2.0,37,122.917,11.629,76.681,34.607,,GF,16,82.2,84.0,65.0,False,722
imsa,2024,Sebring,Sebring International Raceway,race,609,77,GTDPRO,Michael Christensen,michael christensen,93,2.0,38,122.609,11.544,76.669,34.396,,GF,17,82.2,84.0,66.0,False,722
imsa,2024,Sebring,Sebring International Raceway,race,609,77,GTDPRO,Michael Christensen,michael christensen,94,2.0,39,123.144,11.467,77.17,34.507,,GF,18,82.1,82.0,66.0,False,722
imsa,2024,Sebring,Sebring International Raceway,race,609,77,GTDPRO,Michael Christensen,michael christensen,95,2.0,40,123.337,11.588,77.148,34.601,,GF,19,81.9,81.0,66.0,False,722
imsa,2024,Sebring,Sebring International Raceway,race,609,77,GTDPRO,Michael Christensen,michael christensen,96,2.0,41,122.619,11.493,76.51,34.616,,GF,20,81.9,80.0,66.0,False,722
imsa,2024,Sebring,Sebring International Raceway,race,609,77,GTDPRO,Michael Christensen,michael christensen,97,2.0,42,122.556,11.522,76.182,34.852,,GF,21,82.2,80.0,66.0,False,722
imsa,2024,Sebring,Sebring International Raceway,race,609,77,GTDPRO,Michael Christensen,michael christensen,98,2.0,43,122.664,11.576,76.49,34.598,,GF,22,82.3,79.0,65.0,False,722
imsa,2024,Sebring,Sebring International Raceway,race,609,77,GTDPRO,Michael Christensen,michael christensen,99,2.0,44,122.561,11.619,76.445,34.497,,GF,23,82.1,79.0,65.0,False,722
imsa,2024,Sebring,Sebring International Raceway,race,609,77,GTDPRO,Michael Christensen,michael christensen,100,2.0,45,131.676,11.574,76.386,43.716,,GF,24,82.1,79.0,65.0,False,722
imsa,2024,Sebring,Sebring International Raceway,race,609,77,GTDPRO,Laurin Heinrich,laurin heinrich,101,3.0,0,190.622,78.417,77.858,34.347,79.018,GF,0,82.1,78.0,65.0,False,722
imsa,2024,Sebring,Sebring International Raceway,race,609,77,GTDPRO,Laurin Heinrich,laurin heinrich,102,3.0,1,126.197,11.571,80.099,34.527,,GF,0,82.2,78.0,65.0,False,722
imsa,2024,Sebring,Sebring International Raceway,race,609,77,GTDPRO,Laurin Heinrich,laurin heinrich,103,3.0,2,121.604,11.505,75.699,34.4,,GF,1,82.6,78.0,64.0,False,722
imsa,2024,Sebring,Sebring International Raceway,race,609,77,GTDPRO,Laurin Heinrich,laurin heinrich,104,3.0,3,121.894,11.692,75.759,34.443,,GF,2,82.8,78.0,64.0,False,722
imsa,2024,Sebring,Sebring International Raceway,race,609,77,GTDPRO,Laurin Heinrich,laurin heinrich,105,3.0,4,123.079,11.808,76.924,34.347,,GF,3,83.2,78.0,64.0,False,722
imsa,2024,Sebring,Sebring International Raceway,race,609,77,GTDPRO,Laurin Heinrich,laurin heinrich,106,3.0,5,121.992,11.568,76.062,34.362,,FCY,4,83.3,78.0,63.0,False,722
imsa,2024,Sebring,Sebring International Raceway,race,609,77,GTDPRO,Laurin Heinrich,laurin heinrich,107,3.0,6,145.928,11.882,95.96,38.086,,FCY,4,83.4,78.0,63.0,False,722
imsa,2024,Sebring,Sebring International Raceway,race,609,77,GTDPRO,Laurin Heinrich,laurin heinrich,108,3.0,7,149.63,13.236,87.771,48.623,,FCY,4,83.4,78.0,63.0,False,722
imsa,2024,Sebring,Sebring International Raceway,race,609,77,GTDPRO,Laurin Heinrich,laurin heinrich,109,3.0,8,218.733,16.572,139.817,62.344,,FCY,4,83.2,77.0,63.0,False,722
imsa,2024,Sebring,Sebring International Raceway,race,609,77,GTDPRO,Laurin Heinrich,laurin heinrich,110,3.0,9,174.762,15.284,104.704,54.774,,FCY,4,83.0,77.0,62.0,False,722
imsa,2024,Sebring,Sebring International Raceway,race,609,77,GTDPRO,Laurin Heinrich,laurin heinrich,111,3.0,10,186.496,13.237,109.977,63.282,,FCY,4,83.1,77.0,63.0,False,722
imsa,2024,Sebring,Sebring International Raceway,race,609,77,GTDPRO,Laurin Heinrich,laurin heinrich,112,3.0,11,202.669,22.165,128.722,51.782,,GF,4,83.0,77.0,63.0,False,722
imsa,2024,Sebring,Sebring International Raceway,race,609,77,GTDPRO,Laurin Heinrich,laurin heinrich,113,3.0,12,122.726,11.771,76.566,34.389,,GF,5,83.0,77.0,63.0,False,722
imsa,2024,Sebring,Sebring International Raceway,race,609,77,GTDPRO,Laurin Heinrich,laurin heinrich,114,3.0,13,122.834,11.705,76.796,34.333,,GF,6,83.0,69.0,63.0,False,722
imsa,2024,Sebring,Sebring International Raceway,race,609,77,GTDPRO,Laurin Heinrich,laurin heinrich,115,3.0,14,133.92,11.512,83.886,38.522,,FCY,7,83.2,69.0,63.0,False,722
imsa,2024,Sebring,Sebring International Raceway,race,609,77,GTDPRO,Laurin Heinrich,laurin heinrich,116,3.0,15,173.433,13.983,111.078,48.372,,GF,7,83.3,71.0,63.0,False,722
imsa,2024,Sebring,Sebring International Raceway,race,609,77,GTDPRO,Laurin Heinrich,laurin heinrich,117,3.0,16,122.845,11.646,77.003,34.196,,GF,8,83.3,72.0,63.0,False,722
imsa,2024,Sebring,Sebring International Raceway,race,609,77,GTDPRO,Laurin Heinrich,laurin heinrich,118,3.0,17,122.659,11.474,76.645,34.54,,GF,9,83.2,73.0,63.0,False,722
imsa,2024,Sebring,Sebring International Raceway,race,609,77,GTDPRO,Laurin Heinrich,laurin heinrich,119,3.0,18,122.231,11.6,76.261,34.37,,GF,10,83.3,74.0,63.0,False,722
imsa,2024,Sebring,Sebring International Raceway,race,609,77,GTDPRO,Laurin Heinrich,laurin heinrich,120,3.0,19,122.037,11.548,76.137,34.352,,GF,11,83.8,74.0,62.0,False,722
imsa,2024,Sebring,Sebring International Raceway,race,609,77,GTDPRO,Laurin Heinrich,laurin heinrich,121,3.0,20,122.456,11.485,76.289,34.682,,GF,12,83.9,74.0,61.0,False,722
imsa,2024,Sebring,Sebring International Raceway,race,609,77,GTDPRO,Laurin Heinrich,laurin heinrich,122,3.0,21,122.332,11.572,76.504,34.256,,GF,13,84.2,73.0,61.0,False,722
imsa,2024,Sebring,Sebring International Raceway,race,609,77,GTDPRO,Laurin Heinrich,laurin heinrich,123,3.0,22,122.158,11.466,76.464,34.228,,GF,14,84.3,74.0,61.0,False,722
imsa,2024,Sebring,Sebring International Raceway,race,609,77,GTDPRO,Laurin Heinrich,laurin heinrich,124,3.0,23,122.106,11.548,76.24,34.318,,GF,15,84.6,74.0,61.0,False,722
imsa,2024,Sebring,Sebring International Raceway,race,609,77,GTDPRO,Laurin Heinrich,laurin heinrich,125,3.0,24,122.54,11.508,76.597,34.435,,GF,16,84.9,75.0,59.0,False,722
imsa,2024,Sebring,Sebring International Raceway,race,609,77,GTDPRO,Laurin Heinrich,laurin heinrich,126,3.0,25,122.657,11.527,76.666,34.464,,GF,17,85.2,75.0,60.0,False,722
imsa,2024,Sebring,Sebring International Raceway,race,609,77,GTDPRO,Laurin Heinrich,laurin heinrich,127,3.0,26,123.768,11.586,77.47,34.712,,GF,18,85.2,75.0,59.0,False,722
imsa,2024,Sebring,Sebring International Raceway,race,609,77,GTDPRO,Laurin Heinrich,laurin heinrich,128,3.0,27,122.742,11.968,76.615,34.159,,GF,19,85.2,75.0,59.0,False,722
imsa,2024,Sebring,Sebring International Raceway,race,609,77,GTDPRO,Laurin Heinrich,laurin heinrich,129,3.0,28,122.136,11.476,76.268,34.392,,GF,20,85.4,75.0,58.0,False,722
imsa,2024,Sebring,Sebring International Raceway,race,609,77,GTDPRO,Laurin Heinrich,laurin heinrich,130,3.0,29,121.971,11.473,76.268,34.23,,GF,21,85.5,75.0,59.0,False,722
imsa,2024,Sebring,Sebring International Raceway,race,609,77,GTDPRO,Laurin Heinrich,laurin heinrich,131,3.0,30,122.134,11.48,76.363,34.291,,GF,22,85.9,75.0,58.0,False,722
imsa,2024,Sebring,Sebring International Raceway,race,609,77,GTDPRO,Laurin Heinrich,laurin heinrich,132,3.0,31,122.537,11.518,76.73,34.289,,GF,23,86.0,75.0,58.0,False,722
imsa,2024,Sebring,Sebring International Raceway,race,609,77,GTDPRO,Laurin Heinrich,laurin heinrich,133,3.0,32,122.365,11.521,76.493,34.351,,GF,24,86.2,75.0,58.0,False,722
imsa,2024,Sebring,Sebring International Raceway,race,609,77,GTDPRO,Laurin Heinrich,laurin heinrich,134,3.0,33,131.496,11.523,76.597,43.376,,GF,25,86.1,75.0,59.0,False,722
imsa,2024,Sebring,Sebring International Raceway,race,609,77,GTDPRO,Laurin Heinrich,laurin heinrich,135,3.0,34,189.902,77.383,78.027,34.492,77.972,GF,0,86.2,75.0,59.0,False,722
imsa,2024,Sebring,Sebring International Raceway,race,609,77,GTDPRO,Laurin Heinrich,laurin heinrich,136,3.0,35,121.162,11.519,75.556,34.087,,GF,0,86.0,76.0,59.0,False,722
imsa,2024,Sebring,Sebring International Raceway,race,609,77,GTDPRO,Laurin Heinrich,laurin heinrich,137,3.0,36,121.4,11.41,75.89,34.1,,GF,1,85.7,76.0,59.0,False,722
imsa,2024,Sebring,Sebring International Raceway,race,609,77,GTDPRO,Laurin Heinrich,laurin heinrich,138,3.0,37,122.371,11.42,76.254,34.697,,GF,2,85.5,76.0,59.0,False,722
imsa,2024,Sebring,Sebring International Raceway,race,609,77,GTDPRO,Laurin Heinrich,laurin heinrich,139,3.0,38,122.357,11.679,76.349,34.329,,GF,3,85.5,76.0,58.0,False,722
imsa,2024,Sebring,Sebring International Raceway,race,609,77,GTDPRO,Laurin Heinrich,laurin heinrich,140,3.0,39,122.011,11.533,76.204,34.274,,GF,4,85.7,76.0,58.0,False,722
imsa,2024,Sebring,Sebring International Raceway,race,609,77,GTDPRO,Laurin Heinrich,laurin heinrich,141,3.0,40,124.206,11.514,78.414,34.278,,GF,5,85.9,76.0,57.0,False,722
imsa,2024,Sebring,Sebring International Raceway,race,609,77,GTDPRO,Laurin Heinrich,laurin heinrich,142,3.0,41,122.646,11.574,76.611,34.461,,GF,6,86.0,76.0,57.0,False,722
imsa,2024,Sebring,Sebring International Raceway,race,609,77,GTDPRO,Laurin Heinrich,laurin heinrich,143,3.0,42,122.718,11.501,76.881,34.336,,GF,7,85.9,76.0,57.0,False,722
imsa,2024,Sebring,Sebring International Raceway,race,609,77,GTDPRO,Laurin Heinrich,laurin heinrich,144,3.0,43,122.025,11.439,76.194,34.392,,GF,8,85.9,76.0,58.0,False,722
imsa,2024,Sebring,Sebring International Raceway,race,609,77,GTDPRO,Laurin Heinrich,laurin heinrich,145,3.0,44,121.739,11.483,76.126,34.13,,GF,9,85.8,75.0,59.0,False,722
imsa,2024,Sebring,Sebring International Raceway,race,609,77,GTDPRO,Laurin Heinrich,laurin heinrich,146,3.0,45,122.108,11.462,76.217,34.429,,GF,10,85.6,75.0,59.0,False,722
imsa,2024,Sebring,Sebring International Raceway,race,609,77,GTDPRO,Laurin Heinrich,laurin heinrich,147,3.0,46,122.45,11.443,76.638,34.369,,GF,11,85.3,75.0,59.0,False,722
imsa,2024,Sebring,Sebring International Raceway,race,609,77,GTDPRO,Laurin Heinrich,laurin heinrich,148,3.0,47,122.083,11.435,76.313,34.335,,GF,12,84.9,75.0,60.0,False,722
imsa,2024,Sebring,Sebring International Raceway,race,609,77,GTDPRO,Laurin Heinrich,laurin heinrich,149,3.0,48,122.065,11.442,76.362,34.261,,GF,13,84.9,75.0,60.0,False,722
imsa,2024,Sebring,Sebring International Raceway,race,609,77,GTDPRO,Laurin Heinrich,laurin heinrich,150,3.0,49,123.296,11.456,77.243,34.597,,GF,14,84.8,75.0,60.0,False,722
imsa,2024,Sebring,Sebring International Raceway,race,609,77,GTDPRO,Laurin Heinrich,laurin heinrich,151,3.0,50,121.852,11.509,76.148,34.195,,GF,15,84.8,75.0,60.0,False,722
imsa,2024,Sebring,Sebring International Raceway,race,609,77,GTDPRO,Laurin Heinrich,laurin heinrich,152,3.0,51,122.283,11.494,76.414,34.375,,GF,16,84.9,75.0,59.0,False,722
imsa,2024,Sebring,Sebring International Raceway,race,609,77,GTDPRO,Laurin Heinrich,laurin heinrich,153,3.0,52,121.775,11.456,76.137,34.182,,GF,17,84.9,75.0,60.0,False,722
imsa,2024,Sebring,Sebring International Raceway,race,609,77,GTDPRO,Laurin Heinrich,laurin heinrich,154,3.0,53,130.745,11.475,76.028,43.242,,GF,18,85.1,75.0,59.0,False,722
imsa,2024,Sebring,Sebring International Raceway,race,609,77,GTDPRO,Laurin Heinrich,laurin heinrich,155,3.0,54,203.691,64.898,91.147,47.646,65.442,FCY,0,85.2,75.0,60.0,False,722
imsa,2024,Sebring,Sebring International Raceway,race,609,77,GTDPRO,Laurin Heinrich,laurin heinrich,156,3.0,55,215.026,19.708,152.819,42.499,,FCY,0,85.0,75.0,59.0,False,722
imsa,2024,Sebring,Sebring International Raceway,race,609,77,GTDPRO,Laurin Heinrich,laurin heinrich,157,3.0,56,134.826,12.756,83.696,38.374,,FCY,0,84.9,75.0,59.0,False,722
imsa,2024,Sebring,Sebring International Raceway,race,609,77,GTDPRO,Laurin Heinrich,laurin heinrich,158,3.0,57,156.503,12.43,84.106,59.967,,FCY,0,84.9,75.0,59.0,False,722
imsa,2024,Sebring,Sebring International Raceway,race,609,77,GTDPRO,Laurin Heinrich,laurin heinrich,159,3.0,58,188.109,13.377,117.153,57.579,,FCY,0,84.9,75.0,59.0,False,722
imsa,2024,Sebring,Sebring International Raceway,race,609,77,GTDPRO,Laurin Heinrich,laurin heinrich,160,3.0,59,205.699,14.934,120.77,69.995,,FCY,0,84.9,75.0,59.0,False,722
imsa,2024,Sebring,Sebring International Raceway,race,609,77,GTDPRO,Laurin Heinrich,laurin heinrich,161,3.0,60,247.321,31.008,144.937,71.376,,FCY,0,85.4,75.0,58.0,False,722
imsa,2024,Sebring,Sebring International Raceway,race,609,77,GTDPRO,Laurin Heinrich,laurin heinrich,162,3.0,61,206.846,23.946,142.933,39.967,,GF,0,85.8,75.0,57.0,False,722
imsa,2024,Sebring,Sebring International Raceway,race,609,77,GTDPRO,Laurin Heinrich,laurin heinrich,163,3.0,62,123.379,11.759,77.446,34.174,,GF,1,85.8,75.0,57.0,False,722
imsa,2024,Sebring,Sebring International Raceway,race,609,77,GTDPRO,Laurin Heinrich,laurin heinrich,164,3.0,63,123.487,11.735,77.018,34.734,,GF,2,85.8,75.0,58.0,False,722
imsa,2024,Sebring,Sebring International Raceway,race,609,77,GTDPRO,Laurin Heinrich,laurin heinrich,165,3.0,64,122.035,11.505,76.321,34.209,,GF,3,85.9,75.0,57.0,False,722
imsa,2024,Sebring,Sebring International Raceway,race,609,77,GTDPRO,Laurin Heinrich,laurin heinrich,166,3.0,65,122.013,11.455,76.384,34.174,,GF,4,86.0,75.0,56.0,False,722
imsa,2024,Sebring,Sebring International Raceway,race,609,77,GTDPRO,Laurin Heinrich,laurin heinrich,167,3.0,66,121.794,11.416,76.15,34.228,,GF,5,86.1,75.0,56.0,False,722
imsa,2024,Sebring,Sebring International Raceway,race,609,77,GTDPRO,Laurin Heinrich,laurin heinrich,168,3.0,67,122.116,11.471,76.385,34.26,,GF,6,86.3,75.0,56.0,False,722
imsa,2024,Sebring,Sebring International Raceway,race,609,77,GTDPRO,Laurin Heinrich,laurin heinrich,169,3.0,68,122.041,11.477,76.354,34.21,,GF,7,86.4,75.0,56.0,False,722
imsa,2024,Sebring,Sebring International Raceway,race,609,77,GTDPRO,Laurin Heinrich,laurin heinrich,170,3.0,69,121.909,11.37,76.266,34.273,,GF,8,86.5,75.0,56.0,False,722
imsa,2024,Sebring,Sebring International Raceway,race,609,77,GTDPRO,Laurin Heinrich,laurin heinrich,171,3.0,70,121.828,11.428,76.357,34.043,,GF,9,86.5,75.0,55.0,False,722
imsa,2024,Sebring,Sebring International Raceway,race,609,77,GTDPRO,Laurin Heinrich,laurin heinrich,172,3.0,71,122.279,11.485,76.394,34.4,,GF,10,86.4,75.0,54.0,False,722
imsa,2024,Sebring,Sebring International Raceway,race,609,77,GTDPRO,Laurin Heinrich,laurin heinrich,173,3.0,72,122.143,11.611,76.238,34.294,,GF,11,86.3,75.0,55.0,False,722
imsa,2024,Sebring,Sebring International Raceway,race,609,77,GTDPRO,Laurin Heinrich,laurin heinrich,174,3.0,73,121.784,11.439,76.215,34.13,,GF,12,86.5,75.0,55.0,False,722
imsa,2024,Sebring,Sebring International Raceway,race,609,77,GTDPRO,Laurin Heinrich,laurin heinrich,175,3.0,74,121.779,11.457,76.218,34.104,,GF,13,86.5,75.0,55.0,False,722
imsa,2024,Sebring,Sebring International Raceway,race,609,77,GTDPRO,Laurin Heinrich,laurin heinrich,176,3.0,75,121.655,11.448,76.098,34.109,,GF,14,86.6,75.0,55.0,False,722
imsa,2024,Sebring,Sebring International Raceway,race,609,77,GTDPRO,Laurin Heinrich,laurin heinrich,177,3.0,76,121.998,11.439,76.279,34.28,,GF,15,86.8,75.0,55.0,False,722
imsa,2024,Sebring,Sebring International Raceway,race,609,77,GTDPRO,Laurin Heinrich,laurin heinrich,178,3.0,77,121.763,11.444,76.204,34.115,,GF,16,86.9,75.0,55.0,False,722
imsa,2024,Sebring,Sebring International Raceway,race,609,77,GTDPRO,Laurin Heinrich,laurin heinrich,179,3.0,78,121.792,11.411,76.203,34.178,,GF,17,87.1,75.0,55.0,False,722
imsa,2024,Sebring,Sebring International Raceway,race,609,77,GTDPRO,Laurin Heinrich,laurin heinrich,180,3.0,79,123.236,11.431,76.48,35.325,,GF,18,87.0,75.0,55.0,False,722
imsa,2024,Sebring,Sebring International Raceway,race,609,77,GTDPRO,Laurin Heinrich,laurin heinrich,181,3.0,80,123.678,11.895,77.304,34.479,,GF,19,86.7,75.0,55.0,False,722
imsa,2024,Sebring,Sebring International Raceway,race,609,77,GTDPRO,Laurin Heinrich,laurin heinrich,182,3.0,81,124.28,11.66,77.956,34.664,,GF,20,86.5,75.0,55.0,False,722
imsa,2024,Sebring,Sebring International Raceway,race,609,77,GTDPRO,Laurin Heinrich,laurin heinrich,183,3.0,82,123.233,11.842,76.98,34.411,,GF,21,86.4,75.0,55.0,False,722
imsa,2024,Sebring,Sebring International Raceway,race,609,77,GTDPRO,Laurin Heinrich,laurin heinrich,184,3.0,83,122.078,11.436,76.369,34.273,,GF,22,86.5,75.0,55.0,False,722
imsa,2024,Sebring,Sebring International Raceway,race,609,77,GTDPRO,Laurin Heinrich,laurin heinrich,185,3.0,84,123.836,11.558,77.768,34.51,,GF,23,86.4,75.0,55.0,False,722
imsa,2024,Sebring,Sebring International Raceway,race,609,77,GTDPRO,Laurin Heinrich,laurin heinrich,186,3.0,85,122.301,11.545,76.533,34.223,,GF,24,86.1,75.0,56.0,False,722
imsa,2024,Sebring,Sebring International Raceway,race,609,77,GTDPRO,Laurin Heinrich,laurin heinrich,187,3.0,86,122.125,11.487,76.31,34.328,,GF,25,86.1,75.0,56.0,False,722
imsa,2024,Sebring,Sebring International Raceway,race,609,77,GTDPRO,Laurin Heinrich,laurin heinrich,188,3.0,87,132.25,11.612,77.33,43.308,,GF,26,86.3,75.0,55.0,False,722
imsa,2024,Sebring,Sebring International Raceway,race,609,77,GTDPRO,Michael Christensen,michael christensen,189,4.0,0,192.748,78.326,80.01,34.412,78.95,GF,0,86.6,75.0,54.0,False,722
imsa,2024,Sebring,Sebring International Raceway,race,609,77,GTDPRO,Michael Christensen,michael christensen,190,4.0,1,122.777,11.518,76.554,34.705,,GF,0,86.8,75.0,54.0,False,722
imsa,2024,Sebring,Sebring International Raceway,race,609,77,GTDPRO,Michael Christensen,michael christensen,191,4.0,2,122.23,11.605,76.214,34.411,,GF,1,87.0,75.0,54.0,False,722
imsa,2024,Sebring,Sebring International Raceway,race,609,77,GTDPRO,Michael Christensen,michael christensen,192,4.0,3,121.928,11.546,76.057,34.325,,GF,2,87.2,75.0,54.0,False,722
imsa,2024,Sebring,Sebring International Raceway,race,609,77,GTDPRO,Michael Christensen,michael christensen,193,4.0,4,123.23,11.514,76.766,34.95,,GF,3,87.2,75.0,54.0,False,722
imsa,2024,Sebring,Sebring International Raceway,race,609,77,GTDPRO,Michael Christensen,michael christensen,194,4.0,5,122.065,11.499,76.188,34.378,,GF,4,87.1,75.0,54.0,False,722
imsa,2024,Sebring,Sebring International Raceway,race,609,77,GTDPRO,Michael Christensen,michael christensen,195,4.0,6,122.264,11.526,76.237,34.501,,GF,5,86.9,75.0,54.0,False,722
imsa,2024,Sebring,Sebring International Raceway,race,609,77,GTDPRO,Michael Christensen,michael christensen,196,4.0,7,121.941,11.508,76.141,34.292,,GF,6,86.8,75.0,54.0,False,722
imsa,2024,Sebring,Sebring International Raceway,race,609,77,GTDPRO,Michael Christensen,michael christensen,197,4.0,8,122.311,11.526,76.424,34.361,,GF,7,86.8,75.0,54.0,False,722
imsa,2024,Sebring,Sebring International Raceway,race,609,77,GTDPRO,Michael Christensen,michael christensen,198,4.0,9,124.003,11.775,76.385,35.843,,FCY,8,86.8,75.0,54.0,False,722
imsa,2024,Sebring,Sebring International Raceway,race,609,77,GTDPRO,Michael Christensen,michael christensen,199,4.0,10,141.853,13.38,87.593,40.88,,FCY,8,87.2,75.0,54.0,False,722
imsa,2024,Sebring,Sebring International Raceway,race,609,77,GTDPRO,Michael Christensen,michael christensen,200,4.0,11,194.096,14.46,111.613,68.023,,FCY,8,87.4,75.0,53.0,False,722
imsa,2024,Sebring,Sebring International Raceway,race,609,77,GTDPRO,Michael Christensen,michael christensen,201,4.0,12,227.081,18.457,149.793,58.831,,FCY,8,87.2,75.0,53.0,False,722
imsa,2024,Sebring,Sebring International Raceway,race,609,77,GTDPRO,Michael Christensen,michael christensen,202,4.0,13,201.856,13.363,124.633,63.86,,FCY,8,87.1,75.0,54.0,False,722
imsa,2024,Sebring,Sebring International Raceway,race,609,77,GTDPRO,Michael Christensen,michael christensen,203,4.0,14,215.758,14.899,129.058,71.801,,FCY,8,87.0,75.0,54.0,False,722
imsa,2024,Sebring,Sebring International Raceway,race,609,77,GTDPRO,Michael Christensen,michael christensen,204,4.0,15,239.006,24.736,142.613,71.657,,FCY,8,86.9,75.0,54.0,False,722
imsa,2024,Sebring,Sebring International Raceway,race,609,77,GTDPRO,Michael Christensen,michael christensen,205,4.0,16,203.421,23.189,131.569,48.663,,GF,8,86.7,75.0,55.0,False,722
imsa,2024,Sebring,Sebring International Raceway,race,609,77,GTDPRO,Michael Christensen,michael christensen,206,4.0,17,123.236,11.946,76.961,34.329,,GF,9,86.6,75.0,55.0,False,722
imsa,2024,Sebring,Sebring International Raceway,race,609,77,GTDPRO,Michael Christensen,michael christensen,207,4.0,18,122.517,11.562,76.674,34.281,,GF,10,86.5,75.0,55.0,False,722
imsa,2024,Sebring,Sebring International Raceway,race,609,77,GTDPRO,Michael Christensen,michael christensen,208,4.0,19,124.232,11.545,76.55,36.137,,FCY,11,86.5,75.0,54.0,False,722
imsa,2024,Sebring,Sebring International Raceway,race,609,77,GTDPRO,Michael Christensen,michael christensen,209,4.0,20,141.453,13.638,86.286,41.529,,FCY,11,86.5,75.0,55.0,False,722
imsa,2024,Sebring,Sebring International Raceway,race,609,77,GTDPRO,Michael Christensen,michael christensen,210,4.0,21,176.393,15.917,96.057,64.419,,FCY,11,86.5,75.0,55.0,False,722
imsa,2024,Sebring,Sebring International Raceway,race,609,77,GTDPRO,Michael Christensen,michael christensen,211,4.0,22,204.515,25.173,131.56,47.782,,GF,11,86.6,75.0,56.0,False,722
imsa,2024,Sebring,Sebring International Raceway,race,609,77,GTDPRO,Michael Christensen,michael christensen,212,4.0,23,122.335,11.884,76.044,34.407,,GF,12,86.6,75.0,55.0,False,722
imsa,2024,Sebring,Sebring International Raceway,race,609,77,GTDPRO,Michael Christensen,michael christensen,213,4.0,24,122.049,11.534,76.241,34.274,,GF,13,86.6,75.0,55.0,False,722
imsa,2024,Sebring,Sebring International Raceway,race,609,77,GTDPRO,Michael Christensen,michael christensen,214,4.0,25,121.729,11.518,76.009,34.202,,GF,14,86.6,75.0,55.0,False,722
imsa,2024,Sebring,Sebring International Raceway,race,609,77,GTDPRO,Michael Christensen,michael christensen,215,4.0,26,121.784,11.581,76.034,34.169,,GF,15,86.7,75.0,56.0,False,722
imsa,2024,Sebring,Sebring International Raceway,race,609,77,GTDPRO,Michael Christensen,michael christensen,216,4.0,27,121.663,11.54,75.968,34.155,,GF,16,86.7,75.0,56.0,False,722
imsa,2024,Sebring,Sebring International Raceway,race,609,77,GTDPRO,Michael Christensen,michael christensen,217,4.0,28,121.552,11.512,75.919,34.121,,GF,17,86.8,75.0,55.0,False,722
imsa,2024,Sebring,Sebring International Raceway,race,609,77,GTDPRO,Michael Christensen,michael christensen,218,4.0,29,121.099,11.507,75.654,33.938,,GF,18,86.7,75.0,55.0,False,722
imsa,2024,Sebring,Sebring International Raceway,race,609,77,GTDPRO,Michael Christensen,michael christensen,219,4.0,30,130.484,11.507,75.789,43.188,,GF,19,86.6,75.0,55.0,False,722
imsa,2024,Sebring,Sebring International Raceway,race,609,77,GTDPRO,Seb Priaulx,seb priaulx,220,5.0,0,186.741,73.563,78.656,34.522,73.982,GF,0,86.5,76.0,55.0,False,722
imsa,2024,Sebring,Sebring International Raceway,race,609,77,GTDPRO,Seb Priaulx,seb priaulx,221,5.0,1,121.688,11.666,75.848,34.174,,GF,0,86.5,76.0,55.0,False,722
imsa,2024,Sebring,Sebring International Raceway,race,609,77,GTDPRO,Seb Priaulx,seb priaulx,222,5.0,2,121.06,11.405,75.417,34.238,,GF,1,86.5,76.0,54.0,False,722
imsa,2024,Sebring,Sebring International Raceway,race,609,77,GTDPRO,Seb Priaulx,seb priaulx,223,5.0,3,121.002,11.409,75.473,34.12,,GF,2,86.4,76.0,55.0,False,722
imsa,2024,Sebring,Sebring International Raceway,race,609,77,GTDPRO,Seb Priaulx,seb priaulx,224,5.0,4,121.954,11.544,75.888,34.522,,GF,3,86.4,76.0,55.0,False,722
imsa,2024,Sebring,Sebring International Raceway,race,609,77,GTDPRO,Seb Priaulx,seb priaulx,225,5.0,5,122.565,11.567,76.606,34.392,,GF,4,86.5,76.0,55.0,False,722
imsa,2024,Sebring,Sebring International Raceway,race,609,77,GTDPRO,Seb Priaulx,seb priaulx,226,5.0,6,123.573,11.739,77.238,34.596,,GF,5,86.5,76.0,55.0,False,722
imsa,2024,Sebring,Sebring International Raceway,race,609,77,GTDPRO,Seb Priaulx,seb priaulx,227,5.0,7,122.215,11.547,76.015,34.653,,GF,6,86.5,76.0,55.0,False,722
imsa,2024,Sebring,Sebring International Raceway,race,609,77,GTDPRO,Seb Priaulx,seb priaulx,228,5.0,8,122.807,11.723,76.475,34.609,,GF,7,86.5,76.0,55.0,False,722
imsa,2024,Sebring,Sebring International Raceway,race,609,77,GTDPRO,Seb Priaulx,seb priaulx,229,5.0,9,122.068,11.604,76.083,34.381,,GF,8,86.5,75.0,55.0,False,722
imsa,2024,Sebring,Sebring International Raceway,race,609,77,GTDPRO,Seb Priaulx,seb priaulx,230,5.0,10,121.93,11.56,76.039,34.331,,GF,9,86.6,75.0,54.0,False,722
imsa,2024,Sebring,Sebring International Raceway,race,609,77,GTDPRO,Seb Priaulx,seb priaulx,231,5.0,11,121.884,11.541,76.042,34.301,,GF,10,86.5,75.0,55.0,False,722
imsa,2024,Sebring,Sebring International Raceway,race,609,77,GTDPRO,Seb Priaulx,seb priaulx,232,5.0,12,122.683,11.464,76.378,34.841,,GF,11,86.3,75.0,55.0,False,722
imsa,2024,Sebring,Sebring International Raceway,race,609,77,GTDPRO,Seb Priaulx,seb priaulx,233,5.0,13,122.788,11.719,76.571,34.498,,GF,12,86.2,76.0,56.0,False,722
imsa,2024,Sebring,Sebring International Raceway,race,609,77,GTDPRO,Seb Priaulx,seb priaulx,234,5.0,14,124.368,11.565,76.765,36.038,,FCY,13,86.0,76.0,56.0,False,722
imsa,2024,Sebring,Sebring International Raceway,race,609,77,GTDPRO,Seb Priaulx,seb priaulx,235,5.0,15,142.532,12.131,85.612,44.789,,FCY,13,85.8,76.0,56.0,False,722
imsa,2024,Sebring,Sebring International Raceway,race,609,77,GTDPRO,Seb Priaulx,seb priaulx,236,5.0,16,196.968,21.378,131.562,44.028,,FCY,13,85.6,76.0,57.0,False,722
imsa,2024,Sebring,Sebring International Raceway,race,609,77,GTDPRO,Seb Priaulx,seb priaulx,237,5.0,17,145.569,13.671,87.762,44.136,,FCY,13,85.5,76.0,57.0,False,722
imsa,2024,Sebring,Sebring International Raceway,race,609,77,GTDPRO,Seb Priaulx,seb priaulx,238,5.0,18,159.516,14.116,98.657,46.743,,FCY,13,85.2,76.0,57.0,False,722
imsa,2024,Sebring,Sebring International Raceway,race,609,77,GTDPRO,Seb Priaulx,seb priaulx,239,5.0,19,183.768,17.726,105.02,61.022,,FCY,13,85.1,76.0,58.0,False,722
imsa,2024,Sebring,Sebring International Raceway,race,609,77,GTDPRO,Seb Priaulx,seb priaulx,240,5.0,20,210.685,63.315,83.916,63.454,63.791,FCY,0,84.8,76.0,58.0,False,722
imsa,2024,Sebring,Sebring International Raceway,race,609,77,GTDPRO,Seb Priaulx,seb priaulx,241,5.0,21,186.366,15.384,122.188,48.794,,GF,0,84.6,76.0,59.0,False,722
imsa,2024,Sebring,Sebring International Raceway,race,609,77,GTDPRO,Seb Priaulx,seb priaulx,242,5.0,22,124.207,12.113,77.165,34.929,,GF,1,84.6,76.0,59.0,False,722
imsa,2024,Sebring,Sebring International Raceway,race,609,77,GTDPRO,Seb Priaulx,seb priaulx,243,5.0,23,124.199,11.68,77.891,34.628,,GF,2,84.5,76.0,60.0,False,722
imsa,2024,Sebring,Sebring International Raceway,race,609,77,GTDPRO,Seb Priaulx,seb priaulx,244,5.0,24,124.046,11.612,77.393,35.041,,GF,3,84.4,76.0,60.0,False,722
imsa,2024,Sebring,Sebring International Raceway,race,609,77,GTDPRO,Seb Priaulx,seb priaulx,245,5.0,25,124.135,12.098,77.281,34.756,,GF,4,84.3,76.0,60.0,False,722
imsa,2024,Sebring,Sebring International Raceway,race,609,77,GTDPRO,Seb Priaulx,seb priaulx,246,5.0,26,123.445,11.731,77.201,34.513,,GF,5,84.2,76.0,60.0,False,722
imsa,2024,Sebring,Sebring International Raceway,race,609,77,GTDPRO,Seb Priaulx,seb priaulx,247,5.0,27,124.67,11.55,77.913,35.207,,GF,6,84.1,76.0,60.0,False,722
imsa,2024,Sebring,Sebring International Raceway,race,609,77,GTDPRO,Seb Priaulx,seb priaulx,248,5.0,28,122.697,11.641,76.409,34.647,,GF,7,84.0,76.0,61.0,False,722
imsa,2024,Sebring,Sebring International Raceway,race,609,77,GTDPRO,Seb Priaulx,seb priaulx,249,5.0,29,124.866,11.634,78.042,35.19,,GF,8,84.0,76.0,61.0,False,722
imsa,2024,Sebring,Sebring International Raceway,race,609,77,GTDPRO,Seb Priaulx,seb priaulx,250,5.0,30,124.314,11.616,77.676,35.022,,GF,9,84.0,76.0,61.0,False,722
imsa,2024,Sebring,Sebring International Raceway,race,609,77,GTDPRO,Seb Priaulx,seb priaulx,251,5.0,31,122.624,11.725,76.493,34.406,,GF,10,84.0,76.0,61.0,False,722
imsa,2024,Sebring,Sebring International Raceway,race,609,77,GTDPRO,Seb Priaulx,seb priaulx,252,5.0,32,123.278,11.604,76.525,35.149,,GF,11,83.9,76.0,61.0,False,722
imsa,2024,Sebring,Sebring International Raceway,race,609,77,GTDPRO,Seb Priaulx,seb priaulx,253,5.0,33,123.816,11.732,77.232,34.852,,GF,12,83.9,76.0,61.0,False,722
imsa,2024,Sebring,Sebring International Raceway,race,609,77,GTDPRO,Seb Priaulx,seb priaulx,254,5.0,34,123.551,11.648,77.305,34.598,,GF,13,83.8,76.0,61.0,False,722
imsa,2024,Sebring,Sebring International Raceway,race,609,77,GTDPRO,Seb Priaulx,seb priaulx,255,5.0,35,123.663,11.856,77.134,34.673,,GF,14,83.8,76.0,61.0,False,722
imsa,2024,Sebring,Sebring International Raceway,race,609,77,GTDPRO,Seb Priaulx,seb priaulx,256,5.0,36,122.803,12.017,76.431,34.355,,GF,15,83.7,76.0,61.0,False,722
imsa,2024,Sebring,Sebring International Raceway,race,609,77,GTDPRO,Seb Priaulx,seb priaulx,257,5.0,37,122.519,11.588,76.562,34.369,,GF,16,83.6,76.0,62.0,False,722
imsa,2024,Sebring,Sebring International Raceway,race,609,77,GTDPRO,Seb Priaulx,seb priaulx,258,5.0,38,132.242,11.574,76.654,44.014,,GF,17,83.5,76.0,63.0,False,722
imsa,2024,Sebring,Sebring International Raceway,race,609,77,GTDPRO,Laurin Heinrich,laurin heinrich,259,6.0,0,177.316,64.434,78.6,34.282,64.996,GF,0,83.2,76.0,63.0,False,722
imsa,2024,Sebring,Sebring International Raceway,race,609,77,GTDPRO,Laurin Heinrich,laurin heinrich,260,6.0,1,121.759,11.537,76.14,34.082,,GF,0,83.1,76.0,63.0,False,722
imsa,2024,Sebring,Sebring International Raceway,race,609,77,GTDPRO,Laurin Heinrich,laurin heinrich,261,6.0,2,122.008,11.544,75.717,34.747,,GF,1,82.9,76.0,63.0,False,722
imsa,2024,Sebring,Sebring International Raceway,race,609,77,GTDPRO,Laurin Heinrich,laurin heinrich,262,6.0,3,121.409,11.423,75.828,34.158,,GF,2,82.8,76.0,64.0,False,722
imsa,2024,Sebring,Sebring International Raceway,race,609,77,GTDPRO,Laurin Heinrich,laurin heinrich,263,6.0,4,121.542,11.458,75.902,34.182,,GF,3,82.7,76.0,64.0,False,722
imsa,2024,Sebring,Sebring International Raceway,race,609,77,GTDPRO,Laurin Heinrich,laurin heinrich,264,6.0,5,121.788,11.487,76.005,34.296,,GF,4,82.7,76.0,64.0,False,722
imsa,2024,Sebring,Sebring International Raceway,race,609,77,GTDPRO,Laurin Heinrich,laurin heinrich,265,6.0,6,122.858,11.812,76.645,34.401,,GF,5,82.5,76.0,64.0,False,722
imsa,2024,Sebring,Sebring International Raceway,race,609,77,GTDPRO,Laurin Heinrich,laurin heinrich,266,6.0,7,121.505,11.551,75.827,34.127,,GF,6,82.5,76.0,64.0,False,722
imsa,2024,Sebring,Sebring International Raceway,race,609,77,GTDPRO,Laurin Heinrich,laurin heinrich,267,6.0,8,121.859,11.505,76.026,34.328,,GF,7,82.4,76.0,64.0,False,722
imsa,2024,Sebring,Sebring International Raceway,race,609,77,GTDPRO,Laurin Heinrich,laurin heinrich,268,6.0,9,123.166,11.601,76.883,34.682,,GF,8,82.3,76.0,64.0,False,722
imsa,2024,Sebring,Sebring International Raceway,race,609,77,GTDPRO,Laurin Heinrich,laurin heinrich,269,6.0,10,122.48,11.59,76.559,34.331,,GF,9,82.2,76.0,65.0,False,722
imsa,2024,Sebring,Sebring International Raceway,race,609,77,GTDPRO,Laurin Heinrich,laurin heinrich,270,6.0,11,122.8,11.531,76.327,34.942,,GF,10,82.1,76.0,65.0,False,722
imsa,2024,Sebring,Sebring International Raceway,race,609,77,GTDPRO,Laurin Heinrich,laurin heinrich,271,6.0,12,122.582,11.576,76.548,34.458,,GF,11,82.0,76.0,65.0,False,722
imsa,2024,Sebring,Sebring International Raceway,race,609,77,GTDPRO,Laurin Heinrich,laurin heinrich,272,6.0,13,122.603,11.525,76.654,34.424,,GF,12,82.0,76.0,65.0,False,722
imsa,2024,Sebring,Sebring International Raceway,race,609,77,GTDPRO,Laurin Heinrich,laurin heinrich,273,6.0,14,122.558,11.788,76.423,34.347,,GF,13,82.0,76.0,65.0,False,722
imsa,2024,Sebring,Sebring International Raceway,race,609,77,GTDPRO,Laurin Heinrich,laurin heinrich,274,6.0,15,122.035,11.505,76.234,34.296,,GF,14,81.9,76.0,65.0,False,722
imsa,2024,Sebring,Sebring International Raceway,race,609,77,GTDPRO,Laurin Heinrich,laurin heinrich,275,6.0,16,121.896,11.49,76.149,34.257,,GF,15,81.8,76.0,65.0,False,722
imsa,2024,Sebring,Sebring International Raceway,race,609,77,GTDPRO,Laurin Heinrich,laurin heinrich,276,6.0,17,121.671,11.474,76.163,34.034,,GF,16,81.8,76.0,66.0,False,722
imsa,2024,Sebring,Sebring International Raceway,race,609,77,GTDPRO,Laurin Heinrich,laurin heinrich,277,6.0,18,121.529,11.43,75.975,34.124,,GF,17,81.6,76.0,66.0,False,722
imsa,2024,Sebring,Sebring International Raceway,race,609,77,GTDPRO,Laurin Heinrich,laurin heinrich,278,6.0,19,122.037,11.489,76.189,34.359,,GF,18,81.5,76.0,66.0,False,722
imsa,2024,Sebring,Sebring International Raceway,race,609,77,GTDPRO,Laurin Heinrich,laurin heinrich,279,6.0,20,121.726,11.427,76.132,34.167,,GF,19,81.4,76.0,66.0,False,722
imsa,2024,Sebring,Sebring International Raceway,race,609,77,GTDPRO,Laurin Heinrich,laurin heinrich,280,6.0,21,121.65,11.412,76.062,34.176,,GF,20,81.4,76.0,66.0,False,722
imsa,2024,Sebring,Sebring International Raceway,race,609,77,GTDPRO,Laurin Heinrich,laurin heinrich,281,6.0,22,122.359,11.403,76.303,34.653,,GF,21,81.2,76.0,66.0,False,722
imsa,2024,Sebring,Sebring International Raceway,race,609,77,GTDPRO,Laurin Heinrich,laurin heinrich,282,6.0,23,121.982,11.443,76.168,34.371,,GF,22,81.1,76.0,67.0,False,722
imsa,2024,Sebring,Sebring International Raceway,race,609,77,GTDPRO,Laurin Heinrich,laurin heinrich,283,6.0,24,123.321,11.431,76.558,35.332,,FCY,23,81.0,76.0,67.0,False,722
imsa,2024,Sebring,Sebring International Raceway,race,609,77,GTDPRO,Laurin Heinrich,laurin heinrich,284,6.0,25,143.365,13.67,89.397,40.298,,FCY,23,80.9,76.0,67.0,False,722
imsa,2024,Sebring,Sebring International Raceway,race,609,77,GTDPRO,Laurin Heinrich,laurin heinrich,285,6.0,26,143.494,14.101,86.295,43.098,,FCY,23,80.8,76.0,67.0,False,722
imsa,2024,Sebring,Sebring International Raceway,race,609,77,GTDPRO,Laurin Heinrich,laurin heinrich,286,6.0,27,224.347,25.76,131.525,67.062,,FCY,23,80.6,75.0,68.0,False,722
imsa,2024,Sebring,Sebring International Raceway,race,609,77,GTDPRO,Laurin Heinrich,laurin heinrich,287,6.0,28,190.016,17.313,105.53,67.173,,FCY,23,80.4,75.0,68.0,False,722
imsa,2024,Sebring,Sebring International Raceway,race,609,77,GTDPRO,Laurin Heinrich,laurin heinrich,288,6.0,29,215.583,66.378,93.513,55.692,66.373,FCY,0,80.3,75.0,69.0,False,722
imsa,2024,Sebring,Sebring International Raceway,race,609,77,GTDPRO,Laurin Heinrich,laurin heinrich,289,6.0,30,233.095,26.238,132.678,74.179,,FCY,0,80.0,75.0,69.0,False,722
imsa,2024,Sebring,Sebring International Raceway,race,609,77,GTDPRO,Laurin Heinrich,laurin heinrich,290,6.0,31,181.074,21.681,116.977,42.416,,GF,0,79.8,75.0,69.0,False,722
imsa,2024,Sebring,Sebring International Raceway,race,609,77,GTDPRO,Laurin Heinrich,laurin heinrich,291,6.0,32,126.938,12.386,79.644,34.908,,GF,1,79.7,75.0,69.0,False,722
imsa,2024,Sebring,Sebring International Raceway,race,609,77,GTDPRO,Laurin Heinrich,laurin heinrich,292,6.0,33,124.211,11.626,77.773,34.812,,GF,2,79.6,75.0,69.0,False,722
imsa,2024,Sebring,Sebring International Raceway,race,609,77,GTDPRO,Laurin Heinrich,laurin heinrich,293,6.0,34,123.667,11.922,77.307,34.438,,GF,3,79.5,75.0,69.0,False,722
imsa,2024,Sebring,Sebring International Raceway,race,609,77,GTDPRO,Laurin Heinrich,laurin heinrich,294,6.0,35,123.973,11.677,77.731,34.565,,GF,4,79.4,75.0,69.0,False,722
imsa,2024,Sebring,Sebring International Raceway,race,609,77,GTDPRO,Laurin Heinrich,laurin heinrich,295,6.0,36,123.045,11.895,76.749,34.401,,GF,5,79.3,75.0,70.0,False,722
imsa,2024,Sebring,Sebring International Raceway,race,609,77,GTDPRO,Laurin Heinrich,laurin heinrich,296,6.0,37,153.643,11.514,95.197,46.932,,FCY,6,79.1,75.0,70.0,False,722
imsa,2024,Sebring,Sebring International Raceway,race,609,77,GTDPRO,Laurin Heinrich,laurin heinrich,297,6.0,38,170.923,14.196,87.835,68.892,,FCY,6,79.1,75.0,70.0,False,722
imsa,2024,Sebring,Sebring International Raceway,race,609,77,GTDPRO,Laurin Heinrich,laurin heinrich,298,6.0,39,180.881,21.453,111.71,47.718,,GF,6,78.9,75.0,70.0,False,722
imsa,2024,Sebring,Sebring International Raceway,race,609,77,GTDPRO,Laurin Heinrich,laurin heinrich,299,6.0,40,122.19,11.563,76.384,34.243,,GF,7,78.8,75.0,70.0,False,722
imsa,2024,Sebring,Sebring International Raceway,race,609,77,GTDPRO,Laurin Heinrich,laurin heinrich,300,6.0,41,122.683,11.797,76.436,34.45,,GF,8,78.7,75.0,71.0,False,722
imsa,2024,Sebring,Sebring International Raceway,race,609,77,GTDPRO,Laurin Heinrich,laurin heinrich,301,6.0,42,156.813,11.702,95.739,49.372,,FCY,9,78.7,75.0,71.0,False,722
imsa,2024,Sebring,Sebring International Raceway,race,609,77,GTDPRO,Laurin Heinrich,laurin heinrich,302,6.0,43,204.84,12.996,125.388,66.456,,FCY,9,78.5,75.0,71.0,False,722
imsa,2024,Sebring,Sebring International Raceway,race,609,77,GTDPRO,Laurin Heinrich,laurin heinrich,303,6.0,44,184.88,20.242,107.284,57.354,,FCY,9,78.4,75.0,71.0,False,722
imsa,2024,Sebring,Sebring International Raceway,race,609,77,GTDPRO,Laurin Heinrich,laurin heinrich,304,6.0,45,205.522,17.239,134.879,53.404,,GF,9,78.2,75.0,71.0,False,722
imsa,2024,Sebring,Sebring International Raceway,race,609,77,GTDPRO,Laurin Heinrich,laurin heinrich,305,6.0,46,122.734,12.142,76.295,34.297,,GF,10,78.1,75.0,71.0,False,722
imsa,2024,Sebring,Sebring International Raceway,race,609,77,GTDPRO,Laurin Heinrich,laurin heinrich,306,6.0,47,124.418,11.631,78.513,34.274,,GF,11,77.9,75.0,71.0,False,722
imsa,2024,Sebring,Sebring International Raceway,race,609,77,GTDPRO,Laurin Heinrich,laurin heinrich,307,6.0,48,121.902,11.544,76.265,34.093,,GF,12,77.9,75.0,72.0,False,722
imsa,2024,Sebring,Sebring International Raceway,race,609,77,GTDPRO,Laurin Heinrich,laurin heinrich,308,6.0,49,121.76,11.499,75.967,34.294,,GF,13,77.9,75.0,72.0,False,722
imsa,2024,Sebring,Sebring International Raceway,race,609,77,GTDPRO,Laurin Heinrich,laurin heinrich,309,6.0,50,121.735,11.485,76.046,34.204,,GF,14,77.7,75.0,72.0,False,722
imsa,2024,Sebring,Sebring International Raceway,race,609,77,GTDPRO,Laurin Heinrich,laurin heinrich,310,6.0,51,123.145,11.577,77.175,34.393,,GF,15,77.6,75.0,72.0,False,722
imsa,2024,Sebring,Sebring International Raceway,race,609,77,GTDPRO,Laurin Heinrich,laurin heinrich,311,6.0,52,123.167,11.531,77.443,34.193,,GF,16,77.5,75.0,72.0,False,722
imsa,2024,Sebring,Sebring International Raceway,race,609,77,GTDPRO,Laurin Heinrich,laurin heinrich,312,6.0,53,122.966,11.554,77.196,34.216,,GF,17,77.5,75.0,72.0,False,722
imsa,2024,Sebring,Sebring International Raceway,race,609,77,GTDPRO,Laurin Heinrich,laurin heinrich,313,6.0,54,122.863,11.486,76.493,34.884,,GF,18,77.5,75.0,72.0,False,722
imsa,2024,Sebring,Sebring International Raceway,race,609,77,GTDPRO,Laurin Heinrich,laurin heinrich,314,6.0,55,123.714,11.847,77.674,34.193,,GF,19,77.4,75.0,72.0,False,722
imsa,2024,Sebring,Sebring International Raceway,race,609,77,GTDPRO,Laurin Heinrich,laurin heinrich,315,6.0,56,123.351,11.588,77.177,34.586,,GF,20,77.5,75.0,72.0,False,722
imsa,2024,Sebring,Sebring International Raceway,race,609,77,GTDPRO,Laurin Heinrich,laurin heinrich,316,6.0,57,122.608,11.577,76.467,34.564,,FF,21,77.4,75.0,72.0,False,722
imsa,2024,Sebring,Sebring International Raceway,race,609,9,GTDPRO,Oliver Jarvis,oliver jarvis,1,1.0,0,246.673,36.942,119.958,89.773,,GF,0,71.9,75.0,85.0,False,722
imsa,2024,Sebring,Sebring International Raceway,race,609,9,GTDPRO,Oliver Jarvis,oliver jarvis,2,1.0,1,228.286,74.064,95.59,58.632,74.924,GF,0,72.3,75.0,84.0,False,722
imsa,2024,Sebring,Sebring International Raceway,race,609,9,GTDPRO,Oliver Jarvis,oliver jarvis,3,1.0,2,1674.311,1551.507,87.548,35.256,1550.462,GF,0,74.9,74.0,80.0,False,722
imsa,2024,Sebring,Sebring International Raceway,race,609,9,GTDPRO,Oliver Jarvis,oliver jarvis,4,1.0,3,127.954,11.872,77.19,38.892,,FCY,0,75.0,74.0,79.0,False,722
imsa,2024,Sebring,Sebring International Raceway,race,609,9,GTDPRO,Oliver Jarvis,oliver jarvis,5,1.0,4,198.551,19.676,138.701,40.174,,FCY,0,75.3,74.0,79.0,False,722
imsa,2024,Sebring,Sebring International Raceway,race,609,9,GTDPRO,Oliver Jarvis,oliver jarvis,6,1.0,5,133.606,12.838,83.556,37.212,,FCY,0,75.3,74.0,79.0,False,722
imsa,2024,Sebring,Sebring International Raceway,race,609,9,GTDPRO,Oliver Jarvis,oliver jarvis,7,1.0,6,179.016,12.577,95.069,71.37,,FCY,0,75.6,74.0,78.0,False,722
imsa,2024,Sebring,Sebring International Raceway,race,609,9,GTDPRO,Oliver Jarvis,oliver jarvis,8,1.0,7,158.652,13.177,90.386,55.089,,FCY,0,76.0,74.0,78.0,False,722
imsa,2024,Sebring,Sebring International Raceway,race,609,9,GTDPRO,Oliver Jarvis,oliver jarvis,9,1.0,8,157.217,12.09,108.262,36.865,,FCY,0,76.2,74.0,78.0,False,722
imsa,2024,Sebring,Sebring International Raceway,race,609,9,GTDPRO,Oliver Jarvis,oliver jarvis,10,1.0,9,140.899,12.565,80.476,47.858,,FCY,0,76.4,74.0,78.0,False,722
imsa,2024,Sebring,Sebring International Raceway,race,609,9,GTDPRO,Oliver Jarvis,oliver jarvis,11,1.0,10,173.208,59.673,78.919,34.616,59.61,GF,0,76.6,74.0,77.0,False,722
imsa,2024,Sebring,Sebring International Raceway,race,609,9,GTDPRO,Oliver Jarvis,oliver jarvis,12,1.0,11,121.717,11.561,75.874,34.282,,GF,0,76.8,74.0,77.0,False,722
imsa,2024,Sebring,Sebring International Raceway,race,609,9,GTDPRO,Oliver Jarvis,oliver jarvis,13,1.0,12,122.121,11.631,76.032,34.458,,GF,1,76.9,74.0,77.0,False,722
imsa,2024,Sebring,Sebring International Raceway,race,609,9,GTDPRO,Oliver Jarvis,oliver jarvis,14,1.0,13,123.339,11.58,76.61,35.149,,GF,2,77.0,74.0,76.0,False,722
imsa,2024,Sebring,Sebring International Raceway,race,609,9,GTDPRO,Oliver Jarvis,oliver jarvis,15,1.0,14,122.997,11.616,76.427,34.954,,GF,3,77.2,74.0,76.0,False,722
imsa,2024,Sebring,Sebring International Raceway,race,609,9,GTDPRO,Oliver Jarvis,oliver jarvis,16,1.0,15,124.216,11.745,77.633,34.838,,GF,4,77.6,74.0,76.0,False,722
imsa,2024,Sebring,Sebring International Raceway,race,609,9,GTDPRO,Oliver Jarvis,oliver jarvis,17,1.0,16,122.047,11.574,76.147,34.326,,GF,5,77.8,75.0,75.0,False,722
imsa,2024,Sebring,Sebring International Raceway,race,609,9,GTDPRO,Oliver Jarvis,oliver jarvis,18,1.0,17,122.13,11.57,76.114,34.446,,GF,6,78.0,75.0,75.0,False,722
imsa,2024,Sebring,Sebring International Raceway,race,609,9,GTDPRO,Oliver Jarvis,oliver jarvis,19,1.0,18,121.866,11.604,76.008,34.254,,GF,7,78.1,75.0,75.0,False,722
imsa,2024,Sebring,Sebring International Raceway,race,609,9,GTDPRO,Oliver Jarvis,oliver jarvis,20,1.0,19,122.277,11.531,76.302,34.444,,GF,8,78.2,75.0,75.0,False,722
imsa,2024,Sebring,Sebring International Raceway,race,609,9,GTDPRO,Oliver Jarvis,oliver jarvis,21,1.0,20,124.073,12.146,77.135,34.792,,GF,9,78.5,75.0,74.0,False,722
imsa,2024,Sebring,Sebring International Raceway,race,609,9,GTDPRO,Oliver Jarvis,oliver jarvis,22,1.0,21,123.252,11.597,76.994,34.661,,GF,10,78.4,75.0,74.0,False,722
imsa,2024,Sebring,Sebring International Raceway,race,609,9,GTDPRO,Oliver Jarvis,oliver jarvis,23,1.0,22,122.234,11.519,76.175,34.54,,GF,11,78.2,75.0,74.0,False,722
imsa,2024,Sebring,Sebring International Raceway,race,609,9,GTDPRO,Oliver Jarvis,oliver jarvis,24,1.0,23,122.378,11.535,76.134,34.709,,GF,12,78.1,74.0,74.0,False,722
imsa,2024,Sebring,Sebring International Raceway,race,609,9,GTDPRO,Oliver Jarvis,oliver jarvis,25,1.0,24,122.416,11.567,76.525,34.324,,GF,13,78.0,74.0,74.0,False,722
imsa,2024,Sebring,Sebring International Raceway,race,609,9,GTDPRO,Oliver Jarvis,oliver jarvis,26,1.0,25,123.873,11.628,77.309,34.936,,GF,14,78.0,74.0,74.0,False,722
imsa,2024,Sebring,Sebring International Raceway,race,609,9,GTDPRO,Oliver Jarvis,oliver jarvis,27,1.0,26,122.958,11.715,76.642,34.601,,GF,15,78.0,74.0,74.0,False,722
imsa,2024,Sebring,Sebring International Raceway,race,609,9,GTDPRO,Oliver Jarvis,oliver jarvis,28,1.0,27,122.808,11.537,76.897,34.374,,GF,16,77.9,74.0,74.0,False,722
imsa,2024,Sebring,Sebring International Raceway,race,609,9,GTDPRO,Oliver Jarvis,oliver jarvis,29,1.0,28,123.556,11.547,77.502,34.507,,GF,17,77.8,74.0,74.0,False,722
imsa,2024,Sebring,Sebring International Raceway,race,609,9,GTDPRO,Oliver Jarvis,oliver jarvis,30,1.0,29,123.082,11.578,76.973,34.531,,GF,18,77.9,74.0,74.0,False,722
imsa,2024,Sebring,Sebring International Raceway,race,609,9,GTDPRO,Oliver Jarvis,oliver jarvis,31,1.0,30,122.582,11.53,76.468,34.584,,GF,19,78.4,74.0,74.0,False,722
imsa,2024,Sebring,Sebring International Raceway,race,609,9,GTDPRO,Oliver Jarvis,oliver jarvis,32,1.0,31,122.142,11.54,76.323,34.279,,GF,20,78.8,75.0,73.0,False,722
imsa,2024,Sebring,Sebring International Raceway,race,609,9,GTDPRO,Oliver Jarvis,oliver jarvis,33,1.0,32,124.477,11.655,77.861,34.961,,GF,21,78.8,75.0,73.0,False,722
imsa,2024,Sebring,Sebring International Raceway,race,609,9,GTDPRO,Oliver Jarvis,oliver jarvis,34,1.0,33,122.218,11.651,76.255,34.312,,GF,22,78.9,75.0,73.0,False,722
imsa,2024,Sebring,Sebring International Raceway,race,609,9,GTDPRO,Oliver Jarvis,oliver jarvis,35,1.0,34,123.888,11.522,77.737,34.629,,GF,23,79.0,75.0,73.0,False,722
imsa,2024,Sebring,Sebring International Raceway,race,609,9,GTDPRO,Oliver Jarvis,oliver jarvis,36,1.0,35,123.697,11.552,77.416,34.729,,GF,24,79.0,75.0,72.0,False,722
imsa,2024,Sebring,Sebring International Raceway,race,609,9,GTDPRO,Oliver Jarvis,oliver jarvis,37,1.0,36,123.486,11.552,76.903,35.031,,GF,25,79.1,75.0,72.0,False,722
imsa,2024,Sebring,Sebring International Raceway,race,609,9,GTDPRO,Oliver Jarvis,oliver jarvis,38,1.0,37,141.823,11.614,77.212,52.997,,FCY,26,79.1,75.0,72.0,False,722
imsa,2024,Sebring,Sebring International Raceway,race,609,9,GTDPRO,Oliver Jarvis,oliver jarvis,39,1.0,38,152.574,14.388,96.288,41.898,,FCY,26,79.0,75.0,72.0,False,722
imsa,2024,Sebring,Sebring International Raceway,race,609,9,GTDPRO,Oliver Jarvis,oliver jarvis,40,1.0,39,180.011,13.924,102.333,63.754,,FCY,26,79.1,75.0,72.0,False,722
imsa,2024,Sebring,Sebring International Raceway,race,609,9,GTDPRO,Oliver Jarvis,oliver jarvis,41,1.0,40,187.172,17.235,120.646,49.291,,FCY,26,79.2,75.0,72.0,False,722
imsa,2024,Sebring,Sebring International Raceway,race,609,9,GTDPRO,Oliver Jarvis,oliver jarvis,42,1.0,41,150.055,14.353,99.707,35.995,,FCY,26,79.4,75.0,72.0,False,722
imsa,2024,Sebring,Sebring International Raceway,race,609,9,GTDPRO,Oliver Jarvis,oliver jarvis,43,1.0,42,136.555,11.771,80.534,44.25,,FCY,26,79.5,75.0,71.0,False,722
imsa,2024,Sebring,Sebring International Raceway,race,609,9,GTDPRO,James Hinchcliffe,james hinchcliffe,44,2.0,0,198.783,83.563,80.272,34.948,82.87,GF,0,79.5,75.0,71.0,False,722
imsa,2024,Sebring,Sebring International Raceway,race,609,9,GTDPRO,James Hinchcliffe,james hinchcliffe,45,2.0,1,123.009,11.983,76.69,34.336,,GF,0,79.5,75.0,71.0,False,722
imsa,2024,Sebring,Sebring International Raceway,race,609,9,GTDPRO,James Hinchcliffe,james hinchcliffe,46,2.0,2,122.194,11.583,75.942,34.669,,GF,1,79.5,75.0,71.0,False,722
imsa,2024,Sebring,Sebring International Raceway,race,609,9,GTDPRO,James Hinchcliffe,james hinchcliffe,47,2.0,3,123.96,11.922,77.586,34.452,,GF,2,79.6,75.0,71.0,False,722
imsa,2024,Sebring,Sebring International Raceway,race,609,9,GTDPRO,James Hinchcliffe,james hinchcliffe,48,2.0,4,124.44,11.749,78.289,34.402,,GF,3,79.6,75.0,71.0,False,722
imsa,2024,Sebring,Sebring International Raceway,race,609,9,GTDPRO,James Hinchcliffe,james hinchcliffe,49,2.0,5,122.304,11.643,76.27,34.391,,GF,4,79.8,75.0,71.0,False,722
imsa,2024,Sebring,Sebring International Raceway,race,609,9,GTDPRO,James Hinchcliffe,james hinchcliffe,50,2.0,6,123.149,11.792,76.997,34.36,,GF,5,79.9,75.0,70.0,False,722
imsa,2024,Sebring,Sebring International Raceway,race,609,9,GTDPRO,James Hinchcliffe,james hinchcliffe,51,2.0,7,122.646,11.618,76.587,34.441,,GF,6,80.0,75.0,70.0,False,722
imsa,2024,Sebring,Sebring International Raceway,race,609,9,GTDPRO,James Hinchcliffe,james hinchcliffe,52,2.0,8,122.335,11.608,76.302,34.425,,GF,7,80.1,75.0,70.0,False,722
imsa,2024,Sebring,Sebring International Raceway,race,609,9,GTDPRO,James Hinchcliffe,james hinchcliffe,53,2.0,9,122.785,11.626,76.708,34.451,,GF,8,80.2,75.0,70.0,False,722
imsa,2024,Sebring,Sebring International Raceway,race,609,9,GTDPRO,James Hinchcliffe,james hinchcliffe,54,2.0,10,122.02,11.556,76.157,34.307,,GF,9,80.2,75.0,70.0,False,722
imsa,2024,Sebring,Sebring International Raceway,race,609,9,GTDPRO,James Hinchcliffe,james hinchcliffe,55,2.0,11,122.106,11.599,76.336,34.171,,GF,10,80.2,75.0,70.0,False,722
imsa,2024,Sebring,Sebring International Raceway,race,609,9,GTDPRO,James Hinchcliffe,james hinchcliffe,56,2.0,12,121.921,11.51,76.015,34.396,,GF,11,80.1,75.0,70.0,False,722
imsa,2024,Sebring,Sebring International Raceway,race,609,9,GTDPRO,James Hinchcliffe,james hinchcliffe,57,2.0,13,124.342,11.636,78.256,34.45,,GF,12,80.1,75.0,70.0,False,722
imsa,2024,Sebring,Sebring International Raceway,race,609,9,GTDPRO,James Hinchcliffe,james hinchcliffe,58,2.0,14,123.062,11.598,77.101,34.363,,GF,13,80.1,75.0,70.0,False,722
imsa,2024,Sebring,Sebring International Raceway,race,609,9,GTDPRO,James Hinchcliffe,james hinchcliffe,59,2.0,15,123.233,11.599,76.882,34.752,,GF,14,79.8,75.0,70.0,False,722
imsa,2024,Sebring,Sebring International Raceway,race,609,9,GTDPRO,James Hinchcliffe,james hinchcliffe,60,2.0,16,123.379,11.585,77.097,34.697,,GF,15,79.8,75.0,71.0,False,722
imsa,2024,Sebring,Sebring International Raceway,race,609,9,GTDPRO,James Hinchcliffe,james hinchcliffe,61,2.0,17,123.402,11.566,77.488,34.348,,GF,16,79.8,75.0,70.0,False,722
imsa,2024,Sebring,Sebring International Raceway,race,609,9,GTDPRO,James Hinchcliffe,james hinchcliffe,62,2.0,18,123.459,11.527,76.242,35.69,,GF,17,79.9,76.0,71.0,False,722
imsa,2024,Sebring,Sebring International Raceway,race,609,9,GTDPRO,James Hinchcliffe,james hinchcliffe,63,2.0,19,160.272,11.689,91.665,56.918,,FCY,18,80.1,76.0,70.0,False,722
imsa,2024,Sebring,Sebring International Raceway,race,609,9,GTDPRO,James Hinchcliffe,james hinchcliffe,64,2.0,20,130.007,13.064,79.333,37.61,,FCY,18,80.2,76.0,70.0,False,722
imsa,2024,Sebring,Sebring International Raceway,race,609,9,GTDPRO,James Hinchcliffe,james hinchcliffe,65,2.0,21,136.935,18.258,82.909,35.768,,FCY,18,80.3,76.0,69.0,False,722
imsa,2024,Sebring,Sebring International Raceway,race,609,9,GTDPRO,James Hinchcliffe,james hinchcliffe,66,2.0,22,131.267,12.077,82.191,36.999,,FCY,18,80.3,76.0,70.0,False,722
imsa,2024,Sebring,Sebring International Raceway,race,609,9,GTDPRO,James Hinchcliffe,james hinchcliffe,67,2.0,23,153.679,12.212,91.174,50.293,,FCY,18,80.6,76.0,69.0,False,722
imsa,2024,Sebring,Sebring International Raceway,race,609,9,GTDPRO,James Hinchcliffe,james hinchcliffe,68,2.0,24,186.496,12.728,113.033,60.735,,FCY,18,80.7,76.0,69.0,False,722
imsa,2024,Sebring,Sebring International Raceway,race,609,9,GTDPRO,James Hinchcliffe,james hinchcliffe,69,2.0,25,248.727,69.659,109.527,69.541,69.28,FCY,0,81.1,76.0,67.0,False,722
imsa,2024,Sebring,Sebring International Raceway,race,609,9,GTDPRO,James Hinchcliffe,james hinchcliffe,70,2.0,26,177.582,31.335,111.656,34.591,,GF,0,81.2,77.0,67.0,False,722
imsa,2024,Sebring,Sebring International Raceway,race,609,9,GTDPRO,James Hinchcliffe,james hinchcliffe,71,2.0,27,123.732,11.752,77.159,34.821,,GF,1,81.4,78.0,67.0,False,722
imsa,2024,Sebring,Sebring International Raceway,race,609,9,GTDPRO,James Hinchcliffe,james hinchcliffe,72,2.0,28,123.244,11.772,77.003,34.469,,GF,2,81.6,79.0,67.0,False,722
imsa,2024,Sebring,Sebring International Raceway,race,609,9,GTDPRO,James Hinchcliffe,james hinchcliffe,73,2.0,29,124.196,12.122,77.093,34.981,,GF,3,82.0,81.0,67.0,False,722
imsa,2024,Sebring,Sebring International Raceway,race,609,9,GTDPRO,James Hinchcliffe,james hinchcliffe,74,2.0,30,124.621,11.921,78.103,34.597,,GF,4,82.1,82.0,66.0,False,722
imsa,2024,Sebring,Sebring International Raceway,race,609,9,GTDPRO,James Hinchcliffe,james hinchcliffe,75,2.0,31,125.063,11.783,78.389,34.891,,GF,5,82.3,82.0,65.0,False,722
imsa,2024,Sebring,Sebring International Raceway,race,609,9,GTDPRO,James Hinchcliffe,james hinchcliffe,76,2.0,32,125.131,11.877,77.857,35.397,,GF,6,82.3,82.0,65.0,False,722
imsa,2024,Sebring,Sebring International Raceway,race,609,9,GTDPRO,James Hinchcliffe,james hinchcliffe,77,2.0,33,125.93,12.219,77.802,35.909,,GF,7,82.3,83.0,65.0,False,722
imsa,2024,Sebring,Sebring International Raceway,race,609,9,GTDPRO,James Hinchcliffe,james hinchcliffe,78,2.0,34,286.539,12.102,78.978,195.459,,GF,8,82.3,83.0,65.0,False,722
imsa,2024,Sebring,Sebring International Raceway,race,609,9,GTDPRO,Marvin Kirchhofer,marvin kirchhofer,79,3.0,0,1448.63,1332.976,80.658,34.996,1344.812,GF,0,82.4,78.0,65.0,False,722
imsa,2024,Sebring,Sebring International Raceway,race,609,9,GTDPRO,Marvin Kirchhofer,marvin kirchhofer,80,3.0,1,123.257,11.931,76.871,34.455,,GF,0,82.7,78.0,64.0,False,722
imsa,2024,Sebring,Sebring International Raceway,race,609,9,GTDPRO,Marvin Kirchhofer,marvin kirchhofer,81,3.0,2,122.511,11.663,76.644,34.204,,GF,1,83.0,78.0,64.0,False,722
imsa,2024,Sebring,Sebring International Raceway,race,609,9,GTDPRO,Marvin Kirchhofer,marvin kirchhofer,82,3.0,3,123.111,11.658,76.757,34.696,,GF,2,83.2,78.0,64.0,False,722
imsa,2024,Sebring,Sebring International Raceway,race,609,9,GTDPRO,Marvin Kirchhofer,marvin kirchhofer,83,3.0,4,141.48,11.747,89.171,40.562,,FCY,3,83.3,78.0,63.0,False,722
imsa,2024,Sebring,Sebring International Raceway,race,609,9,GTDPRO,Marvin Kirchhofer,marvin kirchhofer,84,3.0,5,173.166,15.158,93.129,64.879,,FCY,3,83.4,78.0,63.0,False,722
imsa,2024,Sebring,Sebring International Raceway,race,609,9,GTDPRO,Marvin Kirchhofer,marvin kirchhofer,85,3.0,6,220.085,17.736,140.927,61.422,,FCY,3,83.2,77.0,63.0,False,722
imsa,2024,Sebring,Sebring International Raceway,race,609,9,GTDPRO,Marvin Kirchhofer,marvin kirchhofer,86,3.0,7,177.186,18.022,107.351,51.813,,FCY,3,83.0,77.0,62.0,False,722
imsa,2024,Sebring,Sebring International Raceway,race,609,9,GTDPRO,Marvin Kirchhofer,marvin kirchhofer,87,3.0,8,144.793,12.663,88.333,43.797,,FCY,3,83.0,77.0,63.0,False,722
imsa,2024,Sebring,Sebring International Raceway,race,609,9,GTDPRO,Marvin Kirchhofer,marvin kirchhofer,88,3.0,9,160.265,47.91,77.923,34.432,48.71,FCY,0,83.1,77.0,63.0,False,722
imsa,2024,Sebring,Sebring International Raceway,race,609,9,GTDPRO,Marvin Kirchhofer,marvin kirchhofer,89,3.0,10,122.398,11.492,76.63,34.276,,GF,0,83.0,77.0,63.0,False,722
imsa,2024,Sebring,Sebring International Raceway,race,609,9,GTDPRO,Marvin Kirchhofer,marvin kirchhofer,90,3.0,11,122.59,11.607,76.521,34.462,,GF,1,83.0,77.0,63.0,False,722
imsa,2024,Sebring,Sebring International Raceway,race,609,9,GTDPRO,Marvin Kirchhofer,marvin kirchhofer,91,3.0,12,122.375,11.498,76.536,34.341,,GF,2,83.0,69.0,63.0,False,722
imsa,2024,Sebring,Sebring International Raceway,race,609,9,GTDPRO,Marvin Kirchhofer,marvin kirchhofer,92,3.0,13,139.346,11.604,84.168,43.574,,FCY,3,83.2,69.0,63.0,False,722
imsa,2024,Sebring,Sebring International Raceway,race,609,9,GTDPRO,Marvin Kirchhofer,marvin kirchhofer,93,3.0,14,164.296,14.049,96.318,53.929,,GF,3,83.3,71.0,63.0,False,722
imsa,2024,Sebring,Sebring International Raceway,race,609,9,GTDPRO,Marvin Kirchhofer,marvin kirchhofer,94,3.0,15,143.188,31.617,77.163,34.408,32.708,GF,0,83.3,72.0,63.0,False,722
imsa,2024,Sebring,Sebring International Raceway,race,609,9,GTDPRO,Marvin Kirchhofer,marvin kirchhofer,95,3.0,16,122.023,11.545,76.164,34.314,,GF,0,83.2,73.0,63.0,False,722
imsa,2024,Sebring,Sebring International Raceway,race,609,9,GTDPRO,Marvin Kirchhofer,marvin kirchhofer,96,3.0,17,121.82,11.551,76.032,34.237,,GF,1,83.3,74.0,63.0,False,722
imsa,2024,Sebring,Sebring International Raceway,race,609,9,GTDPRO,Marvin Kirchhofer,marvin kirchhofer,97,3.0,18,123.032,11.873,76.853,34.306,,GF,2,83.8,74.0,62.0,False,722
imsa,2024,Sebring,Sebring International Raceway,race,609,9,GTDPRO,Marvin Kirchhofer,marvin kirchhofer,98,3.0,19,122.475,11.431,76.656,34.388,,GF,3,84.1,73.0,61.0,False,722
imsa,2024,Sebring,Sebring International Raceway,race,609,9,GTDPRO,Marvin Kirchhofer,marvin kirchhofer,99,3.0,20,127.046,11.97,80.184,34.892,,GF,4,84.3,74.0,61.0,False,722
imsa,2024,Sebring,Sebring International Raceway,race,609,9,GTDPRO,Marvin Kirchhofer,marvin kirchhofer,100,3.0,21,125.429,11.856,78.199,35.374,,GF,5,84.4,74.0,61.0,False,722
imsa,2024,Sebring,Sebring International Raceway,race,609,9,GTDPRO,Marvin Kirchhofer,marvin kirchhofer,101,3.0,22,123.702,11.66,77.265,34.777,,GF,6,84.8,74.0,60.0,False,722
imsa,2024,Sebring,Sebring International Raceway,race,609,9,GTDPRO,Marvin Kirchhofer,marvin kirchhofer,102,3.0,23,123.595,11.563,77.34,34.692,,GF,7,85.0,75.0,60.0,False,722
imsa,2024,Sebring,Sebring International Raceway,race,609,9,GTDPRO,Marvin Kirchhofer,marvin kirchhofer,103,3.0,24,122.442,11.747,76.347,34.348,,GF,8,85.2,75.0,59.0,False,722
imsa,2024,Sebring,Sebring International Raceway,race,609,9,GTDPRO,Marvin Kirchhofer,marvin kirchhofer,104,3.0,25,122.317,11.453,76.361,34.503,,GF,9,85.2,75.0,59.0,False,722
imsa,2024,Sebring,Sebring International Raceway,race,609,9,GTDPRO,Marvin Kirchhofer,marvin kirchhofer,105,3.0,26,123.027,11.869,76.398,34.76,,GF,10,85.3,75.0,58.0,False,722
imsa,2024,Sebring,Sebring International Raceway,race,609,9,GTDPRO,Marvin Kirchhofer,marvin kirchhofer,106,3.0,27,122.27,11.642,76.4,34.228,,GF,11,85.4,75.0,59.0,False,722
imsa,2024,Sebring,Sebring International Raceway,race,609,9,GTDPRO,Marvin Kirchhofer,marvin kirchhofer,107,3.0,28,122.676,11.503,76.507,34.666,,GF,12,85.7,75.0,58.0,False,722
imsa,2024,Sebring,Sebring International Raceway,race,609,9,GTDPRO,Marvin Kirchhofer,marvin kirchhofer,108,3.0,29,122.245,11.514,76.306,34.425,,GF,13,85.9,75.0,58.0,False,722
imsa,2024,Sebring,Sebring International Raceway,race,609,9,GTDPRO,Marvin Kirchhofer,marvin kirchhofer,109,3.0,30,123.984,11.623,77.513,34.848,,GF,14,86.1,75.0,58.0,False,722
imsa,2024,Sebring,Sebring International Raceway,race,609,9,GTDPRO,Marvin Kirchhofer,marvin kirchhofer,110,3.0,31,124.146,11.6,77.69,34.856,,GF,15,86.2,75.0,58.0,False,722
imsa,2024,Sebring,Sebring International Raceway,race,609,9,GTDPRO,Marvin Kirchhofer,marvin kirchhofer,111,3.0,32,125.717,11.676,78.774,35.267,,GF,16,86.2,75.0,58.0,False,722
imsa,2024,Sebring,Sebring International Raceway,race,609,9,GTDPRO,Marvin Kirchhofer,marvin kirchhofer,112,3.0,33,123.547,11.509,76.986,35.052,,GF,17,86.2,75.0,59.0,False,722
imsa,2024,Sebring,Sebring International Raceway,race,609,9,GTDPRO,Marvin Kirchhofer,marvin kirchhofer,113,3.0,34,122.91,11.95,76.51,34.45,,GF,18,86.0,76.0,59.0,False,722
imsa,2024,Sebring,Sebring International Raceway,race,609,9,GTDPRO,Marvin Kirchhofer,marvin kirchhofer,114,3.0,35,122.953,11.422,86399.0,86399.0,,GF,19,85.7,76.0,59.0,False,722
imsa,2024,Sebring,Sebring International Raceway,race,609,9,GTDPRO,Marvin Kirchhofer,marvin kirchhofer,115,3.0,36,123.475,11.634,77.278,34.563,,GF,20,85.5,76.0,59.0,False,722
imsa,2024,Sebring,Sebring International Raceway,race,609,9,GTDPRO,Marvin Kirchhofer,marvin kirchhofer,116,3.0,37,125.753,12.011,78.996,34.746,,GF,21,85.5,76.0,58.0,False,722
imsa,2024,Sebring,Sebring International Raceway,race,609,9,GTDPRO,Marvin Kirchhofer,marvin kirchhofer,117,3.0,38,124.21,11.552,77.242,35.416,,GF,22,85.7,76.0,58.0,False,722
imsa,2024,Sebring,Sebring International Raceway,race,609,9,GTDPRO,Marvin Kirchhofer,marvin kirchhofer,118,3.0,39,132.273,11.992,76.843,43.438,,GF,23,85.9,76.0,57.0,False,722
imsa,2024,Sebring,Sebring International Raceway,race,609,9,GTDPRO,Marvin Kirchhofer,marvin kirchhofer,119,3.0,40,192.125,77.775,79.772,34.578,78.023,GF,0,86.0,76.0,57.0,False,722
imsa,2024,Sebring,Sebring International Raceway,race,609,9,GTDPRO,Marvin Kirchhofer,marvin kirchhofer,120,3.0,41,121.873,11.659,76.034,34.18,,GF,0,85.9,76.0,57.0,False,722
imsa,2024,Sebring,Sebring International Raceway,race,609,9,GTDPRO,Marvin Kirchhofer,marvin kirchhofer,121,3.0,42,121.856,11.446,76.203,34.207,,GF,1,85.9,76.0,58.0,False,722
imsa,2024,Sebring,Sebring International Raceway,race,609,9,GTDPRO,Marvin Kirchhofer,marvin kirchhofer,122,3.0,43,122.104,11.575,76.444,34.085,,GF,2,85.7,75.0,59.0,False,722
imsa,2024,Sebring,Sebring International Raceway,race,609,9,GTDPRO,Marvin Kirchhofer,marvin kirchhofer,123,3.0,44,121.477,11.416,75.85,34.211,,GF,3,85.5,75.0,60.0,False,722
imsa,2024,Sebring,Sebring International Raceway,race,609,9,GTDPRO,Marvin Kirchhofer,marvin kirchhofer,124,3.0,45,122.479,11.566,76.612,34.301,,GF,4,85.0,75.0,59.0,False,722
imsa,2024,Sebring,Sebring International Raceway,race,609,9,GTDPRO,Marvin Kirchhofer,marvin kirchhofer,125,3.0,46,123.15,11.472,77.266,34.412,,GF,5,84.9,75.0,60.0,False,722
imsa,2024,Sebring,Sebring International Raceway,race,609,9,GTDPRO,Marvin Kirchhofer,marvin kirchhofer,126,3.0,47,121.87,11.536,76.222,34.112,,GF,6,84.8,75.0,60.0,False,722
imsa,2024,Sebring,Sebring International Raceway,race,609,9,GTDPRO,Marvin Kirchhofer,marvin kirchhofer,127,3.0,48,121.67,11.489,75.999,34.182,,GF,7,84.8,75.0,60.0,False,722
imsa,2024,Sebring,Sebring International Raceway,race,609,9,GTDPRO,Marvin Kirchhofer,marvin kirchhofer,128,3.0,49,121.527,11.487,75.838,34.202,,GF,8,84.8,75.0,60.0,False,722
imsa,2024,Sebring,Sebring International Raceway,race,609,9,GTDPRO,Marvin Kirchhofer,marvin kirchhofer,129,3.0,50,122.419,11.494,76.597,34.328,,GF,9,84.8,75.0,60.0,False,722
imsa,2024,Sebring,Sebring International Raceway,race,609,9,GTDPRO,Marvin Kirchhofer,marvin kirchhofer,130,3.0,51,121.596,11.481,75.816,34.299,,GF,10,85.0,75.0,60.0,False,722
imsa,2024,Sebring,Sebring International Raceway,race,609,9,GTDPRO,Marvin Kirchhofer,marvin kirchhofer,131,3.0,52,122.663,11.778,76.525,34.36,,GF,11,85.2,75.0,59.0,False,722
imsa,2024,Sebring,Sebring International Raceway,race,609,9,GTDPRO,Marvin Kirchhofer,marvin kirchhofer,132,3.0,53,141.738,11.701,83.604,46.433,,FCY,12,85.2,75.0,60.0,False,722
imsa,2024,Sebring,Sebring International Raceway,race,609,9,GTDPRO,Marvin Kirchhofer,marvin kirchhofer,133,3.0,54,215.344,20.042,152.659,42.643,,FCY,12,85.0,75.0,59.0,False,722
imsa,2024,Sebring,Sebring International Raceway,race,609,9,GTDPRO,Marvin Kirchhofer,marvin kirchhofer,134,3.0,55,135.506,12.693,84.06,38.753,,FCY,12,84.9,75.0,59.0,False,722
imsa,2024,Sebring,Sebring International Raceway,race,609,9,GTDPRO,Marvin Kirchhofer,marvin kirchhofer,135,3.0,56,157.602,12.176,84.049,61.377,,FCY,12,84.9,75.0,59.0,False,722
imsa,2024,Sebring,Sebring International Raceway,race,609,9,GTDPRO,Marvin Kirchhofer,marvin kirchhofer,136,3.0,57,186.271,13.039,116.604,56.628,,FCY,12,84.9,75.0,59.0,False,722
imsa,2024,Sebring,Sebring International Raceway,race,609,9,GTDPRO,Marvin Kirchhofer,marvin kirchhofer,137,3.0,58,208.849,14.99,120.327,73.532,,FCY,12,84.9,75.0,59.0,False,722
imsa,2024,Sebring,Sebring International Raceway,race,609,9,GTDPRO,James Hinchcliffe,james hinchcliffe,138,4.0,0,271.545,86.814,115.046,69.685,85.973,FCY,0,85.4,75.0,58.0,False,722
imsa,2024,Sebring,Sebring International Raceway,race,609,9,GTDPRO,James Hinchcliffe,james hinchcliffe,139,4.0,1,201.483,23.39,132.779,45.314,,GF,0,85.8,75.0,57.0,False,722
imsa,2024,Sebring,Sebring International Raceway,race,609,9,GTDPRO,James Hinchcliffe,james hinchcliffe,140,4.0,2,145.045,32.144,78.203,34.698,32.832,GF,0,85.8,75.0,58.0,False,722
imsa,2024,Sebring,Sebring International Raceway,race,609,9,GTDPRO,James Hinchcliffe,james hinchcliffe,141,4.0,3,124.457,11.734,77.722,35.001,,GF,0,85.8,75.0,58.0,False,722
imsa,2024,Sebring,Sebring International Raceway,race,609,9,GTDPRO,James Hinchcliffe,james hinchcliffe,142,4.0,4,122.372,11.595,76.519,34.258,,GF,1,85.9,75.0,56.0,False,722
imsa,2024,Sebring,Sebring International Raceway,race,609,9,GTDPRO,James Hinchcliffe,james hinchcliffe,143,4.0,5,122.024,11.462,76.385,34.177,,GF,2,86.1,75.0,56.0,False,722
imsa,2024,Sebring,Sebring International Raceway,race,609,9,GTDPRO,James Hinchcliffe,james hinchcliffe,144,4.0,6,124.042,11.499,77.624,34.919,,GF,3,86.3,75.0,56.0,False,722
imsa,2024,Sebring,Sebring International Raceway,race,609,9,GTDPRO,James Hinchcliffe,james hinchcliffe,145,4.0,7,124.427,12.848,77.329,34.25,,GF,4,86.3,75.0,55.0,False,722
imsa,2024,Sebring,Sebring International Raceway,race,609,9,GTDPRO,James Hinchcliffe,james hinchcliffe,146,4.0,8,123.963,11.565,77.476,34.922,,GF,5,86.4,75.0,56.0,False,722
imsa,2024,Sebring,Sebring International Raceway,race,609,9,GTDPRO,James Hinchcliffe,james hinchcliffe,147,4.0,9,124.872,11.657,78.277,34.938,,GF,6,86.4,75.0,55.0,False,722
imsa,2024,Sebring,Sebring International Raceway,race,609,9,GTDPRO,James Hinchcliffe,james hinchcliffe,148,4.0,10,122.747,11.455,76.995,34.297,,GF,7,86.4,75.0,55.0,False,722
imsa,2024,Sebring,Sebring International Raceway,race,609,9,GTDPRO,James Hinchcliffe,james hinchcliffe,149,4.0,11,122.423,11.487,76.65,34.286,,GF,8,86.3,75.0,54.0,False,722
imsa,2024,Sebring,Sebring International Raceway,race,609,9,GTDPRO,James Hinchcliffe,james hinchcliffe,150,4.0,12,122.097,11.461,76.345,34.291,,GF,9,86.4,75.0,55.0,False,722
imsa,2024,Sebring,Sebring International Raceway,race,609,9,GTDPRO,James Hinchcliffe,james hinchcliffe,151,4.0,13,123.608,11.46,76.809,35.339,,GF,10,86.5,75.0,55.0,False,722
imsa,2024,Sebring,Sebring International Raceway,race,609,9,GTDPRO,James Hinchcliffe,james hinchcliffe,152,4.0,14,122.155,11.543,76.411,34.201,,GF,11,86.6,75.0,54.0,False,722
imsa,2024,Sebring,Sebring International Raceway,race,609,9,GTDPRO,James Hinchcliffe,james hinchcliffe,153,4.0,15,122.056,11.395,76.487,34.174,,GF,12,86.6,75.0,55.0,False,722
imsa,2024,Sebring,Sebring International Raceway,race,609,9,GTDPRO,James Hinchcliffe,james hinchcliffe,154,4.0,16,123.966,11.442,77.778,34.746,,GF,13,86.8,75.0,55.0,False,722
imsa,2024,Sebring,Sebring International Raceway,race,609,9,GTDPRO,James Hinchcliffe,james hinchcliffe,155,4.0,17,122.747,11.469,76.986,34.292,,GF,14,87.1,75.0,55.0,False,722
imsa,2024,Sebring,Sebring International Raceway,race,609,9,GTDPRO,James Hinchcliffe,james hinchcliffe,156,4.0,18,123.026,11.486,77.184,34.356,,GF,15,87.1,75.0,55.0,False,722
imsa,2024,Sebring,Sebring International Raceway,race,609,9,GTDPRO,James Hinchcliffe,james hinchcliffe,157,4.0,19,124.522,11.484,76.457,36.581,,GF,16,86.8,75.0,55.0,False,722
imsa,2024,Sebring,Sebring International Raceway,race,609,9,GTDPRO,James Hinchcliffe,james hinchcliffe,158,4.0,20,123.997,12.141,77.549,34.307,,GF,17,86.6,75.0,55.0,False,722
imsa,2024,Sebring,Sebring International Raceway,race,609,9,GTDPRO,James Hinchcliffe,james hinchcliffe,159,4.0,21,122.534,11.496,76.869,34.169,,GF,18,86.4,75.0,55.0,False,722
imsa,2024,Sebring,Sebring International Raceway,race,609,9,GTDPRO,James Hinchcliffe,james hinchcliffe,160,4.0,22,123.02,11.433,77.082,34.505,,GF,19,86.5,75.0,56.0,False,722
imsa,2024,Sebring,Sebring International Raceway,race,609,9,GTDPRO,James Hinchcliffe,james hinchcliffe,161,4.0,23,124.692,11.831,77.982,34.879,,GF,20,86.4,75.0,55.0,False,722
imsa,2024,Sebring,Sebring International Raceway,race,609,9,GTDPRO,James Hinchcliffe,james hinchcliffe,162,4.0,24,123.023,11.741,76.942,34.34,,GF,21,86.3,75.0,55.0,False,722
imsa,2024,Sebring,Sebring International Raceway,race,609,9,GTDPRO,James Hinchcliffe,james hinchcliffe,163,4.0,25,122.305,11.469,76.602,34.234,,GF,22,86.1,75.0,56.0,False,722
imsa,2024,Sebring,Sebring International Raceway,race,609,9,GTDPRO,James Hinchcliffe,james hinchcliffe,164,4.0,26,122.127,11.463,76.405,34.259,,GF,23,86.2,75.0,56.0,False,722
imsa,2024,Sebring,Sebring International Raceway,race,609,9,GTDPRO,James Hinchcliffe,james hinchcliffe,165,4.0,27,124.041,11.474,77.685,34.882,,GF,24,86.4,75.0,55.0,False,722
imsa,2024,Sebring,Sebring International Raceway,race,609,9,GTDPRO,James Hinchcliffe,james hinchcliffe,166,4.0,28,123.658,11.573,77.382,34.703,,GF,25,86.6,75.0,54.0,False,722
imsa,2024,Sebring,Sebring International Raceway,race,609,9,GTDPRO,James Hinchcliffe,james hinchcliffe,167,4.0,29,122.848,11.515,76.844,34.489,,GF,26,86.8,75.0,54.0,False,722
imsa,2024,Sebring,Sebring International Raceway,race,609,9,GTDPRO,James Hinchcliffe,james hinchcliffe,168,4.0,30,122.731,11.401,76.803,34.527,,GF,27,86.8,75.0,54.0,False,722
imsa,2024,Sebring,Sebring International Raceway,race,609,9,GTDPRO,James Hinchcliffe,james hinchcliffe,169,4.0,31,132.884,11.928,76.942,44.014,,GF,28,87.2,75.0,54.0,False,722
imsa,2024,Sebring,Sebring International Raceway,race,609,9,GTDPRO,James Hinchcliffe,james hinchcliffe,170,4.0,32,200.76,87.976,78.39,34.394,88.207,GF,0,87.1,75.0,54.0,False,722
imsa,2024,Sebring,Sebring International Raceway,race,609,9,GTDPRO,James Hinchcliffe,james hinchcliffe,171,4.0,33,123.033,11.69,76.88,34.463,,GF,0,87.0,75.0,54.0,False,722
imsa,2024,Sebring,Sebring International Raceway,race,609,9,GTDPRO,James Hinchcliffe,james hinchcliffe,172,4.0,34,122.395,11.46,76.712,34.223,,GF,1,86.8,75.0,54.0,False,722
imsa,2024,Sebring,Sebring International Raceway,race,609,9,GTDPRO,James Hinchcliffe,james hinchcliffe,173,4.0,35,123.477,11.495,76.719,35.263,,GF,2,86.8,75.0,54.0,False,722
imsa,2024,Sebring,Sebring International Raceway,race,609,9,GTDPRO,James Hinchcliffe,james hinchcliffe,174,4.0,36,122.454,11.474,76.639,34.341,,GF,3,86.8,75.0,54.0,False,722
imsa,2024,Sebring,Sebring International Raceway,race,609,9,GTDPRO,James Hinchcliffe,james hinchcliffe,175,4.0,37,142.825,11.835,87.689,43.301,,FCY,4,87.1,75.0,54.0,False,722
imsa,2024,Sebring,Sebring International Raceway,race,609,9,GTDPRO,James Hinchcliffe,james hinchcliffe,176,4.0,38,229.415,15.098,146.051,68.266,,FCY,4,87.4,75.0,53.0,False,722
imsa,2024,Sebring,Sebring International Raceway,race,609,9,GTDPRO,James Hinchcliffe,james hinchcliffe,177,4.0,39,143.838,17.929,86.979,38.93,,FCY,4,87.4,75.0,53.0,False,722
imsa,2024,Sebring,Sebring International Raceway,race,609,9,GTDPRO,James Hinchcliffe,james hinchcliffe,178,4.0,40,139.229,13.109,87.172,38.948,,FCY,4,87.2,75.0,53.0,False,722
imsa,2024,Sebring,Sebring International Raceway,race,609,9,GTDPRO,James Hinchcliffe,james hinchcliffe,179,4.0,41,182.917,13.674,99.072,70.171,,FCY,4,87.1,75.0,54.0,False,722
imsa,2024,Sebring,Sebring International Raceway,race,609,9,GTDPRO,James Hinchcliffe,james hinchcliffe,180,4.0,42,249.298,119.188,92.525,37.585,119.185,FCY,0,86.9,75.0,55.0,False,722
imsa,2024,Sebring,Sebring International Raceway,race,609,9,GTDPRO,James Hinchcliffe,james hinchcliffe,181,4.0,43,207.563,12.446,118.106,77.011,,FCY,0,86.8,75.0,55.0,False,722
imsa,2024,Sebring,Sebring International Raceway,race,609,9,GTDPRO,James Hinchcliffe,james hinchcliffe,182,4.0,44,193.821,21.107,121.015,51.699,,GF,0,86.7,75.0,55.0,False,722
imsa,2024,Sebring,Sebring International Raceway,race,609,9,GTDPRO,James Hinchcliffe,james hinchcliffe,183,4.0,45,146.427,32.539,79.134,34.754,32.927,GF,0,86.5,75.0,55.0,False,722
imsa,2024,Sebring,Sebring International Raceway,race,609,9,GTDPRO,James Hinchcliffe,james hinchcliffe,184,4.0,46,122.411,11.627,76.517,34.267,,GF,0,86.5,75.0,55.0,False,722
imsa,2024,Sebring,Sebring International Raceway,race,609,9,GTDPRO,James Hinchcliffe,james hinchcliffe,185,4.0,47,126.961,11.456,77.646,37.859,,FCY,1,86.5,75.0,55.0,False,722
imsa,2024,Sebring,Sebring International Raceway,race,609,9,GTDPRO,James Hinchcliffe,james hinchcliffe,186,4.0,48,140.181,16.146,82.071,41.964,,FCY,1,86.5,75.0,55.0,False,722
imsa,2024,Sebring,Sebring International Raceway,race,609,9,GTDPRO,James Hinchcliffe,james hinchcliffe,187,4.0,49,181.089,14.717,86.977,79.395,,FCY,1,86.5,75.0,55.0,False,722
imsa,2024,Sebring,Sebring International Raceway,race,609,9,GTDPRO,James Hinchcliffe,james hinchcliffe,188,4.0,50,170.382,14.844,111.217,44.321,,GF,1,86.6,75.0,56.0,False,722
imsa,2024,Sebring,Sebring International Raceway,race,609,9,GTDPRO,James Hinchcliffe,james hinchcliffe,189,4.0,51,130.743,13.384,82.612,34.747,,GF,2,86.6,75.0,55.0,False,722
imsa,2024,Sebring,Sebring International Raceway,race,609,9,GTDPRO,James Hinchcliffe,james hinchcliffe,190,4.0,52,122.18,11.572,76.49,34.118,,GF,3,86.6,75.0,55.0,False,722
imsa,2024,Sebring,Sebring International Raceway,race,609,9,GTDPRO,James Hinchcliffe,james hinchcliffe,191,4.0,53,122.434,11.469,76.744,34.221,,GF,4,86.6,75.0,55.0,False,722
imsa,2024,Sebring,Sebring International Raceway,race,609,9,GTDPRO,James Hinchcliffe,james hinchcliffe,192,4.0,54,122.395,11.488,76.54,34.367,,GF,5,86.7,75.0,56.0,False,722
imsa,2024,Sebring,Sebring International Raceway,race,609,9,GTDPRO,James Hinchcliffe,james hinchcliffe,193,4.0,55,121.906,11.538,76.225,34.143,,GF,6,86.7,75.0,56.0,False,722
imsa,2024,Sebring,Sebring International Raceway,race,609,9,GTDPRO,James Hinchcliffe,james hinchcliffe,194,4.0,56,126.305,11.525,80.407,34.373,,GF,7,86.8,75.0,55.0,False,722
imsa,2024,Sebring,Sebring International Raceway,race,609,9,GTDPRO,James Hinchcliffe,james hinchcliffe,195,4.0,57,124.451,11.796,77.211,35.444,,GF,8,86.6,75.0,55.0,False,722
imsa,2024,Sebring,Sebring International Raceway,race,609,9,GTDPRO,James Hinchcliffe,james hinchcliffe,196,4.0,58,123.303,11.621,77.001,34.681,,GF,9,86.7,75.0,55.0,False,722
imsa,2024,Sebring,Sebring International Raceway,race,609,9,GTDPRO,James Hinchcliffe,james hinchcliffe,197,4.0,59,123.324,11.605,77.269,34.45,,GF,10,86.5,76.0,55.0,False,722
imsa,2024,Sebring,Sebring International Raceway,race,609,9,GTDPRO,James Hinchcliffe,james hinchcliffe,198,4.0,60,124.311,11.591,77.212,35.508,,GF,11,86.5,76.0,55.0,False,722
imsa,2024,Sebring,Sebring International Raceway,race,609,9,GTDPRO,James Hinchcliffe,james hinchcliffe,199,4.0,61,122.755,11.548,76.66,34.547,,GF,12,86.5,76.0,54.0,False,722
imsa,2024,Sebring,Sebring International Raceway,race,609,9,GTDPRO,James Hinchcliffe,james hinchcliffe,200,4.0,62,123.376,11.547,76.8,35.029,,GF,13,86.4,76.0,55.0,False,722
imsa,2024,Sebring,Sebring International Raceway,race,609,9,GTDPRO,James Hinchcliffe,james hinchcliffe,201,4.0,63,122.987,11.695,76.826,34.466,,GF,14,86.4,76.0,55.0,False,722
imsa,2024,Sebring,Sebring International Raceway,race,609,9,GTDPRO,James Hinchcliffe,james hinchcliffe,202,4.0,64,123.805,11.611,77.52,34.674,,GF,15,86.5,76.0,55.0,False,722
imsa,2024,Sebring,Sebring International Raceway,race,609,9,GTDPRO,James Hinchcliffe,james hinchcliffe,203,4.0,65,123.913,11.725,77.17,35.018,,GF,16,86.5,76.0,55.0,False,722
imsa,2024,Sebring,Sebring International Raceway,race,609,9,GTDPRO,James Hinchcliffe,james hinchcliffe,204,4.0,66,125.201,11.76,77.5,35.941,,GF,17,86.5,76.0,55.0,False,722
imsa,2024,Sebring,Sebring International Raceway,race,609,9,GTDPRO,James Hinchcliffe,james hinchcliffe,205,4.0,67,125.895,12.114,78.644,35.137,,GF,18,86.5,76.0,55.0,False,722
imsa,2024,Sebring,Sebring International Raceway,race,609,9,GTDPRO,James Hinchcliffe,james hinchcliffe,206,4.0,68,123.531,11.656,77.001,34.874,,GF,19,86.5,75.0,55.0,False,722
imsa,2024,Sebring,Sebring International Raceway,race,609,9,GTDPRO,James Hinchcliffe,james hinchcliffe,207,4.0,69,124.014,11.945,77.42,34.649,,GF,20,86.6,75.0,54.0,False,722
imsa,2024,Sebring,Sebring International Raceway,race,609,9,GTDPRO,James Hinchcliffe,james hinchcliffe,208,4.0,70,123.546,12.08,76.977,34.489,,GF,21,86.5,75.0,55.0,False,722
imsa,2024,Sebring,Sebring International Raceway,race,609,9,GTDPRO,James Hinchcliffe,james hinchcliffe,209,4.0,71,122.726,11.458,76.706,34.562,,GF,22,86.3,75.0,55.0,False,722
imsa,2024,Sebring,Sebring International Raceway,race,609,9,GTDPRO,James Hinchcliffe,james hinchcliffe,210,4.0,72,122.722,11.505,76.709,34.508,,GF,23,86.2,76.0,56.0,False,722
imsa,2024,Sebring,Sebring International Raceway,race,609,9,GTDPRO,James Hinchcliffe,james hinchcliffe,211,4.0,73,126.807,11.547,76.929,38.331,,GF,24,86.0,76.0,56.0,False,722
imsa,2024,Sebring,Sebring International Raceway,race,609,9,GTDPRO,James Hinchcliffe,james hinchcliffe,212,4.0,74,151.021,12.705,88.435,49.881,,FCY,25,85.8,76.0,56.0,False,722
imsa,2024,Sebring,Sebring International Raceway,race,609,9,GTDPRO,James Hinchcliffe,james hinchcliffe,213,4.0,75,200.622,21.083,135.787,43.752,,FCY,25,85.6,76.0,57.0,False,722
imsa,2024,Sebring,Sebring International Raceway,race,609,9,GTDPRO,James Hinchcliffe,james hinchcliffe,214,4.0,76,145.113,13.451,87.883,43.779,,FCY,25,85.5,76.0,57.0,False,722
imsa,2024,Sebring,Sebring International Raceway,race,609,9,GTDPRO,James Hinchcliffe,james hinchcliffe,215,4.0,77,159.997,14.133,99.233,46.631,,FCY,25,85.2,76.0,57.0,False,722
imsa,2024,Sebring,Sebring International Raceway,race,609,9,GTDPRO,James Hinchcliffe,james hinchcliffe,216,4.0,78,183.938,17.448,105.376,61.114,,FCY,25,85.1,76.0,58.0,False,722
imsa,2024,Sebring,Sebring International Raceway,race,609,9,GTDPRO,Oliver Jarvis,oliver jarvis,217,5.0,0,218.6,80.953,83.692,53.955,80.377,FCY,0,84.8,76.0,58.0,False,722
imsa,2024,Sebring,Sebring International Raceway,race,609,9,GTDPRO,Oliver Jarvis,oliver jarvis,218,5.0,1,192.469,14.877,119.651,57.941,,GF,0,84.6,76.0,59.0,False,722
imsa,2024,Sebring,Sebring International Raceway,race,609,9,GTDPRO,Oliver Jarvis,oliver jarvis,219,5.0,2,147.286,32.428,79.835,35.023,32.87,GF,0,84.6,76.0,59.0,False,722
imsa,2024,Sebring,Sebring International Raceway,race,609,9,GTDPRO,Oliver Jarvis,oliver jarvis,220,5.0,3,125.23,11.609,78.994,34.627,,GF,0,84.5,76.0,60.0,False,722
imsa,2024,Sebring,Sebring International Raceway,race,609,9,GTDPRO,Oliver Jarvis,oliver jarvis,221,5.0,4,122.531,11.488,76.327,34.716,,GF,1,84.4,76.0,60.0,False,722
imsa,2024,Sebring,Sebring International Raceway,race,609,9,GTDPRO,Oliver Jarvis,oliver jarvis,222,5.0,5,122.084,11.528,76.312,34.244,,GF,2,84.3,76.0,60.0,False,722
imsa,2024,Sebring,Sebring International Raceway,race,609,9,GTDPRO,Oliver Jarvis,oliver jarvis,223,5.0,6,124.055,11.476,77.68,34.899,,GF,3,84.2,76.0,60.0,False,722
imsa,2024,Sebring,Sebring International Raceway,race,609,9,GTDPRO,Oliver Jarvis,oliver jarvis,224,5.0,7,125.155,11.962,77.863,35.33,,GF,4,84.1,76.0,60.0,False,722
imsa,2024,Sebring,Sebring International Raceway,race,609,9,GTDPRO,Oliver Jarvis,oliver jarvis,225,5.0,8,123.311,11.592,76.423,35.296,,GF,5,84.1,76.0,61.0,False,722
imsa,2024,Sebring,Sebring International Raceway,race,609,9,GTDPRO,Oliver Jarvis,oliver jarvis,226,5.0,9,125.222,11.727,78.771,34.724,,GF,6,84.0,76.0,61.0,False,722
imsa,2024,Sebring,Sebring International Raceway,race,609,9,GTDPRO,Oliver Jarvis,oliver jarvis,227,5.0,10,122.91,11.656,76.752,34.502,,GF,7,83.9,76.0,61.0,False,722
imsa,2024,Sebring,Sebring International Raceway,race,609,9,GTDPRO,Oliver Jarvis,oliver jarvis,228,5.0,11,122.645,11.58,76.607,34.458,,GF,8,83.9,76.0,61.0,False,722
imsa,2024,Sebring,Sebring International Raceway,race,609,9,GTDPRO,Oliver Jarvis,oliver jarvis,229,5.0,12,122.505,11.581,76.588,34.336,,GF,9,83.9,76.0,61.0,False,722
imsa,2024,Sebring,Sebring International Raceway,race,609,9,GTDPRO,Oliver Jarvis,oliver jarvis,230,5.0,13,122.419,11.487,76.513,34.419,,GF,10,83.8,76.0,61.0,False,722
imsa,2024,Sebring,Sebring International Raceway,race,609,9,GTDPRO,Oliver Jarvis,oliver jarvis,231,5.0,14,122.292,11.576,76.43,34.286,,GF,11,83.7,76.0,61.0,False,722
imsa,2024,Sebring,Sebring International Raceway,race,609,9,GTDPRO,Oliver Jarvis,oliver jarvis,232,5.0,15,122.262,11.488,76.38,34.394,,GF,12,83.8,76.0,61.0,False,722
imsa,2024,Sebring,Sebring International Raceway,race,609,9,GTDPRO,Oliver Jarvis,oliver jarvis,233,5.0,16,123.087,11.532,76.864,34.691,,GF,13,83.7,76.0,62.0,False,722
imsa,2024,Sebring,Sebring International Raceway,race,609,9,GTDPRO,Oliver Jarvis,oliver jarvis,234,5.0,17,123.599,11.811,77.217,34.571,,GF,14,83.6,76.0,62.0,False,722
imsa,2024,Sebring,Sebring International Raceway,race,609,9,GTDPRO,Oliver Jarvis,oliver jarvis,235,5.0,18,122.627,11.532,76.551,34.544,,GF,15,83.4,76.0,63.0,False,722
imsa,2024,Sebring,Sebring International Raceway,race,609,9,GTDPRO,Oliver Jarvis,oliver jarvis,236,5.0,19,125.626,11.592,77.457,36.577,,GF,16,83.2,76.0,63.0,False,722
imsa,2024,Sebring,Sebring International Raceway,race,609,9,GTDPRO,Oliver Jarvis,oliver jarvis,237,5.0,20,122.29,11.534,76.441,34.315,,GF,17,83.1,76.0,63.0,False,722
imsa,2024,Sebring,Sebring International Raceway,race,609,9,GTDPRO,Oliver Jarvis,oliver jarvis,238,5.0,21,122.051,11.496,76.251,34.304,,GF,18,82.9,76.0,63.0,False,722
imsa,2024,Sebring,Sebring International Raceway,race,609,9,GTDPRO,Oliver Jarvis,oliver jarvis,239,5.0,22,123.175,11.527,76.704,34.944,,GF,19,82.8,76.0,64.0,False,722
imsa,2024,Sebring,Sebring International Raceway,race,609,9,GTDPRO,Oliver Jarvis,oliver jarvis,240,5.0,23,122.343,11.557,76.489,34.297,,GF,20,82.7,76.0,64.0,False,722
imsa,2024,Sebring,Sebring International Raceway,race,609,9,GTDPRO,Oliver Jarvis,oliver jarvis,241,5.0,24,121.92,11.482,76.187,34.251,,GF,21,82.7,76.0,64.0,False,722
imsa,2024,Sebring,Sebring International Raceway,race,609,9,GTDPRO,Oliver Jarvis,oliver jarvis,242,5.0,25,123.921,11.458,77.416,35.047,,GF,22,82.6,76.0,64.0,False,722
imsa,2024,Sebring,Sebring International Raceway,race,609,9,GTDPRO,Oliver Jarvis,oliver jarvis,243,5.0,26,122.139,11.497,76.305,34.337,,GF,23,82.5,76.0,64.0,False,722
imsa,2024,Sebring,Sebring International Raceway,race,609,9,GTDPRO,Oliver Jarvis,oliver jarvis,244,5.0,27,122.397,11.479,76.386,34.532,,GF,24,82.5,76.0,64.0,False,722
imsa,2024,Sebring,Sebring International Raceway,race,609,9,GTDPRO,Oliver Jarvis,oliver jarvis,245,5.0,28,122.968,11.488,76.99,34.49,,GF,25,82.4,76.0,64.0,False,722
imsa,2024,Sebring,Sebring International Raceway,race,609,9,GTDPRO,Oliver Jarvis,oliver jarvis,246,5.0,29,122.673,11.495,76.831,34.347,,GF,26,82.2,76.0,65.0,False,722
imsa,2024,Sebring,Sebring International Raceway,race,609,9,GTDPRO,Oliver Jarvis,oliver jarvis,247,5.0,30,132.94,11.567,77.116,44.257,,GF,27,82.1,76.0,65.0,False,722
imsa,2024,Sebring,Sebring International Raceway,race,609,9,GTDPRO,Oliver Jarvis,oliver jarvis,248,5.0,31,213.341,98.592,79.792,34.957,98.941,GF,0,82.0,76.0,65.0,False,722
imsa,2024,Sebring,Sebring International Raceway,race,609,9,GTDPRO,Oliver Jarvis,oliver jarvis,249,5.0,32,125.407,11.617,78.004,35.786,,GF,0,82.0,76.0,65.0,False,722
imsa,2024,Sebring,Sebring International Raceway,race,609,9,GTDPRO,Oliver Jarvis,oliver jarvis,250,5.0,33,125.363,11.894,78.162,35.307,,GF,1,81.9,76.0,65.0,False,722
imsa,2024,Sebring,Sebring International Raceway,race,609,9,GTDPRO,Oliver Jarvis,oliver jarvis,251,5.0,34,123.363,11.978,76.974,34.411,,GF,2,81.8,76.0,65.0,False,722
imsa,2024,Sebring,Sebring International Raceway,race,609,9,GTDPRO,Oliver Jarvis,oliver jarvis,252,5.0,35,123.059,11.76,76.859,34.44,,GF,3,81.8,76.0,66.0,False,722
imsa,2024,Sebring,Sebring International Raceway,race,609,9,GTDPRO,Oliver Jarvis,oliver jarvis,253,5.0,36,126.168,11.592,77.737,36.839,,GF,4,81.6,76.0,66.0,False,722
imsa,2024,Sebring,Sebring International Raceway,race,609,9,GTDPRO,Oliver Jarvis,oliver jarvis,254,5.0,37,123.16,11.603,77.339,34.218,,GF,5,81.5,76.0,66.0,False,722
imsa,2024,Sebring,Sebring International Raceway,race,609,9,GTDPRO,Oliver Jarvis,oliver jarvis,255,5.0,38,122.704,11.503,76.181,35.02,,GF,6,81.4,76.0,66.0,False,722
imsa,2024,Sebring,Sebring International Raceway,race,609,9,GTDPRO,Oliver Jarvis,oliver jarvis,256,5.0,39,123.038,11.964,76.644,34.43,,GF,7,81.4,76.0,66.0,False,722
imsa,2024,Sebring,Sebring International Raceway,race,609,9,GTDPRO,Oliver Jarvis,oliver jarvis,257,5.0,40,123.577,11.538,77.397,34.642,,GF,8,81.3,76.0,66.0,False,722
imsa,2024,Sebring,Sebring International Raceway,race,609,9,GTDPRO,Oliver Jarvis,oliver jarvis,258,5.0,41,122.754,11.537,76.723,34.494,,GF,9,81.2,76.0,66.0,False,722
imsa,2024,Sebring,Sebring International Raceway,race,609,9,GTDPRO,Oliver Jarvis,oliver jarvis,259,5.0,42,122.831,11.574,76.47,34.787,,GF,10,81.1,76.0,67.0,False,722
imsa,2024,Sebring,Sebring International Raceway,race,609,9,GTDPRO,Oliver Jarvis,oliver jarvis,260,5.0,43,133.193,11.598,85.516,36.079,,FCY,11,80.9,76.0,67.0,False,722
imsa,2024,Sebring,Sebring International Raceway,race,609,9,GTDPRO,Oliver Jarvis,oliver jarvis,261,5.0,44,135.689,12.298,84.644,38.747,,FCY,11,80.8,76.0,67.0,False,722
imsa,2024,Sebring,Sebring International Raceway,race,609,9,GTDPRO,Oliver Jarvis,oliver jarvis,262,5.0,45,136.855,12.155,82.912,41.788,,FCY,11,80.7,76.0,67.0,False,722
imsa,2024,Sebring,Sebring International Raceway,race,609,9,GTDPRO,Oliver Jarvis,oliver jarvis,263,5.0,46,150.006,12.909,85.397,51.7,,FCY,11,80.6,75.0,68.0,False,722
imsa,2024,Sebring,Sebring International Raceway,race,609,9,GTDPRO,Oliver Jarvis,oliver jarvis,264,5.0,47,182.983,12.418,102.155,68.41,,FCY,11,80.4,75.0,68.0,False,722
imsa,2024,Sebring,Sebring International Raceway,race,609,9,GTDPRO,Marvin Kirchhofer,marvin kirchhofer,265,6.0,0,242.542,124.766,82.024,35.752,124.725,FCY,0,80.2,75.0,69.0,False,722
imsa,2024,Sebring,Sebring International Raceway,race,609,9,GTDPRO,Marvin Kirchhofer,marvin kirchhofer,266,6.0,1,203.956,12.26,116.951,74.745,,FCY,0,80.0,75.0,69.0,False,722
imsa,2024,Sebring,Sebring International Raceway,race,609,9,GTDPRO,Marvin Kirchhofer,marvin kirchhofer,267,6.0,2,179.633,21.345,114.077,44.211,,GF,0,79.8,75.0,69.0,False,722
imsa,2024,Sebring,Sebring International Raceway,race,609,9,GTDPRO,Marvin Kirchhofer,marvin kirchhofer,268,6.0,3,133.694,14.368,84.476,34.85,,GF,1,79.7,75.0,69.0,False,722
imsa,2024,Sebring,Sebring International Raceway,race,609,9,GTDPRO,Marvin Kirchhofer,marvin kirchhofer,269,6.0,4,123.288,11.662,77.13,34.496,,GF,2,79.6,75.0,69.0,False,722
imsa,2024,Sebring,Sebring International Raceway,race,609,9,GTDPRO,Marvin Kirchhofer,marvin kirchhofer,270,6.0,5,124.061,11.609,77.79,34.662,,GF,3,79.5,75.0,69.0,False,722
imsa,2024,Sebring,Sebring International Raceway,race,609,9,GTDPRO,Marvin Kirchhofer,marvin kirchhofer,271,6.0,6,122.876,11.693,76.635,34.548,,GF,4,79.4,75.0,69.0,False,722
imsa,2024,Sebring,Sebring International Raceway,race,609,9,GTDPRO,Marvin Kirchhofer,marvin kirchhofer,272,6.0,7,122.163,11.598,76.267,34.298,,GF,5,79.3,75.0,70.0,False,722
imsa,2024,Sebring,Sebring International Raceway,race,609,9,GTDPRO,Marvin Kirchhofer,marvin kirchhofer,273,6.0,8,154.564,11.55,96.666,46.348,,FCY,6,79.1,75.0,70.0,False,722
imsa,2024,Sebring,Sebring International Raceway,race,609,9,GTDPRO,Marvin Kirchhofer,marvin kirchhofer,274,6.0,9,171.171,14.668,93.464,63.039,,FCY,6,79.0,75.0,70.0,False,722
imsa,2024,Sebring,Sebring International Raceway,race,609,9,GTDPRO,Marvin Kirchhofer,marvin kirchhofer,275,6.0,10,185.12,21.634,108.324,55.162,,GF,6,78.9,75.0,70.0,False,722
imsa,2024,Sebring,Sebring International Raceway,race,609,9,GTDPRO,Marvin Kirchhofer,marvin kirchhofer,276,6.0,11,200.354,86.464,78.693,35.197,87.199,GF,0,78.7,75.0,71.0,False,722
imsa,2024,Sebring,Sebring International Raceway,race,609,9,GTDPRO,Marvin Kirchhofer,marvin kirchhofer,277,6.0,12,137.704,11.903,77.389,48.412,,FCY,0,78.7,75.0,71.0,False,722
imsa,2024,Sebring,Sebring International Raceway,race,609,9,GTDPRO,Marvin Kirchhofer,marvin kirchhofer,278,6.0,13,156.404,26.336,94.539,35.529,,FCY,0,78.6,75.0,71.0,False,722
imsa,2024,Sebring,Sebring International Raceway,race,609,9,GTDPRO,Marvin Kirchhofer,marvin kirchhofer,279,6.0,14,123.145,12.033,76.772,34.34,,FCY,0,78.5,75.0,71.0,False,722
imsa,2024,Sebring,Sebring International Raceway,race,609,9,GTDPRO,Marvin Kirchhofer,marvin kirchhofer,280,6.0,15,181.459,16.444,103.906,61.109,,FCY,0,78.4,75.0,71.0,False,722
imsa,2024,Sebring,Sebring International Raceway,race,609,9,GTDPRO,Marvin Kirchhofer,marvin kirchhofer,281,6.0,16,198.131,14.384,126.17,57.577,,GF,0,78.2,75.0,71.0,False,722
imsa,2024,Sebring,Sebring International Raceway,race,609,9,GTDPRO,Marvin Kirchhofer,marvin kirchhofer,282,6.0,17,122.511,11.833,76.277,34.401,,GF,1,78.1,75.0,71.0,False,722
imsa,2024,Sebring,Sebring International Raceway,race,609,9,GTDPRO,Marvin Kirchhofer,marvin kirchhofer,283,6.0,18,122.466,11.549,76.6,34.317,,GF,2,77.9,75.0,71.0,False,722
imsa,2024,Sebring,Sebring International Raceway,race,609,9,GTDPRO,Marvin Kirchhofer,marvin kirchhofer,284,6.0,19,122.021,11.626,76.114,34.281,,GF,3,77.9,75.0,72.0,False,722
imsa,2024,Sebring,Sebring International Raceway,race,609,9,GTDPRO,Marvin Kirchhofer,marvin kirchhofer,285,6.0,20,121.926,11.634,76.176,34.116,,GF,4,77.9,75.0,72.0,False,722
imsa,2024,Sebring,Sebring International Raceway,race,609,9,GTDPRO,Marvin Kirchhofer,marvin kirchhofer,286,6.0,21,129.255,11.821,81.933,35.501,,GF,5,77.7,75.0,72.0,False,722
imsa,2024,Sebring,Sebring International Raceway,race,609,9,GTDPRO,Marvin Kirchhofer,marvin kirchhofer,287,6.0,22,121.515,11.581,75.732,34.202,,GF,6,77.6,75.0,72.0,False,722
imsa,2024,Sebring,Sebring International Raceway,race,609,9,GTDPRO,Marvin Kirchhofer,marvin kirchhofer,288,6.0,23,127.427,11.516,77.71,38.201,,GF,7,77.5,75.0,72.0,False,722
imsa,2024,Sebring,Sebring International Raceway,race,609,9,GTDPRO,Marvin Kirchhofer,marvin kirchhofer,289,6.0,24,126.304,14.303,77.738,34.263,,GF,8,77.5,75.0,72.0,False,722
imsa,2024,Sebring,Sebring International Raceway,race,609,9,GTDPRO,Marvin Kirchhofer,marvin kirchhofer,290,6.0,25,124.397,11.704,78.362,34.331,,GF,9,77.5,75.0,72.0,False,722
imsa,2024,Sebring,Sebring International Raceway,race,609,9,GTDPRO,Marvin Kirchhofer,marvin kirchhofer,291,6.0,26,126.333,11.787,79.25,35.296,,GF,10,77.4,75.0,72.0,False,722
imsa,2024,Sebring,Sebring International Raceway,race,609,9,GTDPRO,Marvin Kirchhofer,marvin kirchhofer,292,6.0,27,123.286,11.605,77.384,34.297,,GF,11,77.5,75.0,72.0,False,722
imsa,2024,Sebring,Sebring International Raceway,race,609,9,GTDPRO,Marvin Kirchhofer,marvin kirchhofer,293,6.0,28,122.328,11.641,76.38,34.307,,FF,12,77.4,75.0,72.0,False,722
