series_code,year,event,circuit_name,session,session_id,car,class,driver_name,driver_id,lap,stint_number,stint_lap,lap_time,lap_time_s1,lap_time_s2,lap_time_s3,pit_time,flags,est_tire_age,air_temp_f,track_temp_f,humidity_percent,raining,race_duration_minutes
imsa,2023,Indianapolis,Indianapolis Motor Speedway,race,528,1,GTD,Madison Snow,madison snow,1,1.0,0,129.362,69.513,30.588,29.261,,FCY,0,69.0,86.0,68.0,False,162
imsa,2023,Indianapolis,Indianapolis Motor Speedway,race,528,1,GTD,Madison Snow,madison snow,2,1.0,1,138.885,35.186,43.934,59.765,,FCY,0,69.0,85.82,68.0,False,162
imsa,2023,Indianapolis,Indianapolis Motor Speedway,race,528,1,GTD,Madison Snow,madison snow,3,1.0,2,173.478,56.953,55.242,61.283,,FCY,0,69.2,87.08,67.0,False,162
imsa,2023,Indianapolis,Indianapolis Motor Speedway,race,528,1,GTD,Madison Snow,madison snow,4,1.0,3,131.624,54.413,49.976,27.235,,GF,0,69.0,87.98,68.0,False,162
imsa,2023,Indianapolis,Indianapolis Motor Speedway,race,528,1,GTD,Madison Snow,madison snow,5,1.0,4,85.803,29.326,29.824,26.653,,GF,1,69.0,88.52,68.0,False,162
imsa,2023,Indianapolis,Indianapolis Motor Speedway,race,528,1,GTD,Madison Snow,madison snow,6,1.0,5,85.63,29.303,29.6,26.727,,GF,2,69.1,87.98,68.0,False,162
imsa,2023,Indianapolis,Indianapolis Motor Speedway,race,528,1,GTD,Madison Snow,madison snow,7,1.0,6,85.281,29.233,29.463,26.585,,GF,3,69.2,87.98,68.0,False,162
imsa,2023,Indianapolis,Indianapolis Motor Speedway,race,528,1,GTD,Madison Snow,madison snow,8,1.0,7,85.51,29.272,29.63,26.608,,GF,4,69.4,88.88,68.0,False,162
imsa,2023,Indianapolis,Indianapolis Motor Speedway,race,528,1,GTD,Madison Snow,madison snow,9,1.0,8,85.82,29.379,29.451,26.99,,GF,5,70.0,90.14,67.0,False,162
imsa,2023,Indianapolis,Indianapolis Motor Speedway,race,528,1,GTD,Madison Snow,madison snow,10,1.0,9,85.635,29.404,29.403,26.828,,GF,6,70.2,90.14,67.0,False,162
imsa,2023,Indianapolis,Indianapolis Motor Speedway,race,528,1,GTD,Madison Snow,madison snow,11,1.0,10,86.7,29.68,29.519,27.501,,GF,7,70.5,91.04,66.0,False,162
imsa,2023,Indianapolis,Indianapolis Motor Speedway,race,528,1,GTD,Madison Snow,madison snow,12,1.0,11,86.471,29.87,29.53,27.071,,GF,8,70.6,90.68,65.0,False,162
imsa,2023,Indianapolis,Indianapolis Motor Speedway,race,528,1,GTD,Madison Snow,madison snow,13,1.0,12,86.69,29.495,30.28,26.915,,GF,9,70.7,90.86,65.0,False,162
imsa,2023,Indianapolis,Indianapolis Motor Speedway,race,528,1,GTD,Madison Snow,madison snow,14,1.0,13,86.584,29.996,29.834,26.754,,GF,10,70.8,90.86,65.0,False,162
imsa,2023,Indianapolis,Indianapolis Motor Speedway,race,528,1,GTD,Madison Snow,madison snow,15,1.0,14,85.515,29.43,29.345,26.74,,GF,11,70.8,90.32,65.0,False,162
imsa,2023,Indianapolis,Indianapolis Motor Speedway,race,528,1,GTD,Madison Snow,madison snow,16,1.0,15,86.558,29.655,30.093,26.81,,GF,12,71.0,90.14,64.0,False,162
imsa,2023,Indianapolis,Indianapolis Motor Speedway,race,528,1,GTD,Madison Snow,madison snow,17,1.0,16,86.353,29.595,29.453,27.305,,GF,13,71.1,89.96,63.0,False,162
imsa,2023,Indianapolis,Indianapolis Motor Speedway,race,528,1,GTD,Madison Snow,madison snow,18,1.0,17,88.065,29.663,30.804,27.598,,GF,14,70.9,89.78,63.0,False,162
imsa,2023,Indianapolis,Indianapolis Motor Speedway,race,528,1,GTD,Madison Snow,madison snow,19,1.0,18,86.522,30.378,29.446,26.698,,GF,15,70.8,89.42,63.0,False,162
imsa,2023,Indianapolis,Indianapolis Motor Speedway,race,528,1,GTD,Madison Snow,madison snow,20,1.0,19,86.044,29.341,29.592,27.111,,GF,16,70.7,89.24,64.0,False,162
imsa,2023,Indianapolis,Indianapolis Motor Speedway,race,528,1,GTD,Madison Snow,madison snow,21,1.0,20,87.943,30.448,30.472,27.023,,GF,17,70.6,89.78,64.0,False,162
imsa,2023,Indianapolis,Indianapolis Motor Speedway,race,528,1,GTD,Madison Snow,madison snow,22,1.0,21,85.75,29.66,29.377,26.713,,GF,18,70.5,90.14,64.0,False,162
imsa,2023,Indianapolis,Indianapolis Motor Speedway,race,528,1,GTD,Madison Snow,madison snow,23,1.0,22,86.193,29.838,29.612,26.743,,GF,19,70.4,90.14,64.0,False,162
imsa,2023,Indianapolis,Indianapolis Motor Speedway,race,528,1,GTD,Madison Snow,madison snow,24,1.0,23,85.676,29.432,29.476,26.768,,GF,20,70.4,89.78,64.0,False,162
imsa,2023,Indianapolis,Indianapolis Motor Speedway,race,528,1,GTD,Madison Snow,madison snow,25,1.0,24,85.982,29.532,29.478,26.972,,GF,21,70.3,89.78,64.0,False,162
imsa,2023,Indianapolis,Indianapolis Motor Speedway,race,528,1,GTD,Madison Snow,madison snow,26,1.0,25,87.396,30.749,29.965,26.682,,GF,22,70.3,90.32,64.0,False,162
imsa,2023,Indianapolis,Indianapolis Motor Speedway,race,528,1,GTD,Madison Snow,madison snow,27,1.0,26,93.077,29.435,29.489,34.153,,FCY,23,70.5,91.58,65.0,False,162
imsa,2023,Indianapolis,Indianapolis Motor Speedway,race,528,1,GTD,Madison Snow,madison snow,28,1.0,27,107.307,34.739,36.66,35.908,,FCY,23,71.0,92.48,63.0,False,162
imsa,2023,Indianapolis,Indianapolis Motor Speedway,race,528,1,GTD,Madison Snow,madison snow,29,1.0,28,127.699,43.932,40.31,43.457,,FCY,23,71.2,93.56,63.0,False,162
imsa,2023,Indianapolis,Indianapolis Motor Speedway,race,528,1,GTD,Madison Snow,madison snow,30,1.0,29,136.542,42.789,54.215,39.538,,FCY,23,71.3,94.1,62.0,False,162
imsa,2023,Indianapolis,Indianapolis Motor Speedway,race,528,1,GTD,Madison Snow,madison snow,31,1.0,30,122.077,34.698,36.329,51.05,,FCY,23,71.2,95.36,62.0,False,162
imsa,2023,Indianapolis,Indianapolis Motor Speedway,race,528,1,GTD,Bryan Sellers,bryan sellers,32,2.0,0,151.081,83.712,39.351,28.018,81.206,FCY,0,71.2,96.44,62.0,False,162
imsa,2023,Indianapolis,Indianapolis Motor Speedway,race,528,1,GTD,Bryan Sellers,bryan sellers,33,2.0,1,105.289,34.323,33.804,37.162,,FCY,0,71.3,96.62,62.0,False,162
imsa,2023,Indianapolis,Indianapolis Motor Speedway,race,528,1,GTD,Bryan Sellers,bryan sellers,34,2.0,2,149.486,50.059,54.732,44.695,,FCY,0,71.5,94.64,61.0,False,162
imsa,2023,Indianapolis,Indianapolis Motor Speedway,race,528,1,GTD,Bryan Sellers,bryan sellers,35,2.0,3,162.484,60.47,53.1,48.914,,FCY,0,71.5,93.92,62.0,False,162
imsa,2023,Indianapolis,Indianapolis Motor Speedway,race,528,1,GTD,Bryan Sellers,bryan sellers,36,2.0,4,139.048,42.11,51.77,45.168,,FCY,0,71.3,93.02,62.0,False,162
imsa,2023,Indianapolis,Indianapolis Motor Speedway,race,528,1,GTD,Bryan Sellers,bryan sellers,37,2.0,5,111.259,47.328,37.366,26.565,,GF,0,71.1,91.76,62.0,False,162
imsa,2023,Indianapolis,Indianapolis Motor Speedway,race,528,1,GTD,Bryan Sellers,bryan sellers,38,2.0,6,85.664,29.154,29.455,27.055,,GF,1,70.9,90.68,62.0,False,162
imsa,2023,Indianapolis,Indianapolis Motor Speedway,race,528,1,GTD,Bryan Sellers,bryan sellers,39,2.0,7,85.382,29.6,29.164,26.618,,GF,2,70.9,90.14,62.0,False,162
imsa,2023,Indianapolis,Indianapolis Motor Speedway,race,528,1,GTD,Bryan Sellers,bryan sellers,40,2.0,8,85.213,28.878,29.141,27.194,,GF,3,70.8,88.88,62.0,False,162
imsa,2023,Indianapolis,Indianapolis Motor Speedway,race,528,1,GTD,Bryan Sellers,bryan sellers,41,2.0,9,84.588,29.083,29.025,26.48,,GF,4,70.7,88.52,62.0,False,162
imsa,2023,Indianapolis,Indianapolis Motor Speedway,race,528,1,GTD,Bryan Sellers,bryan sellers,42,2.0,10,84.732,28.814,29.359,26.559,,GF,5,70.7,88.16,62.0,False,162
imsa,2023,Indianapolis,Indianapolis Motor Speedway,race,528,1,GTD,Bryan Sellers,bryan sellers,43,2.0,11,84.917,28.987,29.239,26.691,,GF,6,70.6,87.44,62.0,False,162
imsa,2023,Indianapolis,Indianapolis Motor Speedway,race,528,1,GTD,Bryan Sellers,bryan sellers,44,2.0,12,87.317,30.023,30.017,27.277,,GF,7,70.6,87.08,63.0,False,162
imsa,2023,Indianapolis,Indianapolis Motor Speedway,race,528,1,GTD,Bryan Sellers,bryan sellers,45,2.0,13,85.403,29.646,29.069,26.688,,GF,8,70.6,86.72,64.0,False,162
imsa,2023,Indianapolis,Indianapolis Motor Speedway,race,528,1,GTD,Bryan Sellers,bryan sellers,46,2.0,14,86.363,30.202,29.533,26.628,,GF,9,70.7,86.36,65.0,False,162
imsa,2023,Indianapolis,Indianapolis Motor Speedway,race,528,1,GTD,Bryan Sellers,bryan sellers,47,2.0,15,85.143,29.068,29.362,26.713,,GF,10,70.8,86.0,65.0,False,162
imsa,2023,Indianapolis,Indianapolis Motor Speedway,race,528,1,GTD,Bryan Sellers,bryan sellers,48,2.0,16,85.948,29.12,29.587,27.241,,GF,11,70.8,85.64,65.0,False,162
imsa,2023,Indianapolis,Indianapolis Motor Speedway,race,528,1,GTD,Bryan Sellers,bryan sellers,49,2.0,17,85.164,29.195,29.14,26.829,,GF,12,71.0,85.28,65.0,False,162
imsa,2023,Indianapolis,Indianapolis Motor Speedway,race,528,1,GTD,Bryan Sellers,bryan sellers,50,2.0,18,85.791,29.713,29.37,26.708,,GF,13,71.0,85.1,65.0,False,162
imsa,2023,Indianapolis,Indianapolis Motor Speedway,race,528,1,GTD,Bryan Sellers,bryan sellers,51,2.0,19,85.144,29.262,29.245,26.637,,GF,14,71.1,84.92,64.0,False,162
imsa,2023,Indianapolis,Indianapolis Motor Speedway,race,528,1,GTD,Bryan Sellers,bryan sellers,52,2.0,20,85.462,29.272,29.361,26.829,,GF,15,71.3,84.56,64.0,False,162
imsa,2023,Indianapolis,Indianapolis Motor Speedway,race,528,1,GTD,Bryan Sellers,bryan sellers,53,2.0,21,85.466,29.413,29.319,26.734,,GF,16,71.3,84.56,64.0,False,162
imsa,2023,Indianapolis,Indianapolis Motor Speedway,race,528,1,GTD,Bryan Sellers,bryan sellers,54,2.0,22,86.608,30.389,29.32,26.899,,GF,17,71.4,84.56,64.0,False,162
imsa,2023,Indianapolis,Indianapolis Motor Speedway,race,528,1,GTD,Bryan Sellers,bryan sellers,55,2.0,23,86.418,29.773,29.712,26.933,,GF,18,71.4,84.38,63.0,False,162
imsa,2023,Indianapolis,Indianapolis Motor Speedway,race,528,1,GTD,Bryan Sellers,bryan sellers,56,2.0,24,85.165,29.31,29.105,26.75,,GF,19,71.5,84.38,63.0,False,162
imsa,2023,Indianapolis,Indianapolis Motor Speedway,race,528,1,GTD,Bryan Sellers,bryan sellers,57,2.0,25,85.228,29.27,29.288,26.67,,GF,20,71.6,84.56,63.0,False,162
imsa,2023,Indianapolis,Indianapolis Motor Speedway,race,528,1,GTD,Bryan Sellers,bryan sellers,58,2.0,26,85.243,29.11,29.404,26.729,,GF,21,71.6,84.56,63.0,False,162
imsa,2023,Indianapolis,Indianapolis Motor Speedway,race,528,1,GTD,Bryan Sellers,bryan sellers,59,2.0,27,85.29,29.417,29.162,26.711,,GF,22,71.7,84.74,63.0,False,162
imsa,2023,Indianapolis,Indianapolis Motor Speedway,race,528,1,GTD,Bryan Sellers,bryan sellers,60,2.0,28,86.013,29.93,29.227,26.856,,GF,23,71.8,84.74,63.0,False,162
imsa,2023,Indianapolis,Indianapolis Motor Speedway,race,528,1,GTD,Bryan Sellers,bryan sellers,61,2.0,29,105.749,29.29,29.315,47.144,,GF,24,71.8,84.56,63.0,False,162
imsa,2023,Indianapolis,Indianapolis Motor Speedway,race,528,1,GTD,Bryan Sellers,bryan sellers,62,2.0,30,138.746,80.943,30.831,26.972,81.586,GF,0,71.6,84.56,63.0,False,162
imsa,2023,Indianapolis,Indianapolis Motor Speedway,race,528,1,GTD,Bryan Sellers,bryan sellers,63,2.0,31,86.146,29.841,29.462,26.843,,GF,0,71.5,84.56,63.0,False,162
imsa,2023,Indianapolis,Indianapolis Motor Speedway,race,528,1,GTD,Bryan Sellers,bryan sellers,64,2.0,32,85.186,29.237,29.275,26.674,,GF,1,71.5,84.56,64.0,False,162
imsa,2023,Indianapolis,Indianapolis Motor Speedway,race,528,1,GTD,Bryan Sellers,bryan sellers,65,2.0,33,84.708,29.069,29.115,26.524,,GF,2,71.5,84.56,63.0,False,162
imsa,2023,Indianapolis,Indianapolis Motor Speedway,race,528,1,GTD,Bryan Sellers,bryan sellers,66,2.0,34,84.888,29.032,29.13,26.726,,GF,3,71.4,84.56,63.0,False,162
imsa,2023,Indianapolis,Indianapolis Motor Speedway,race,528,1,GTD,Bryan Sellers,bryan sellers,67,2.0,35,85.199,29.321,29.213,26.665,,GF,4,71.3,84.74,63.0,False,162
imsa,2023,Indianapolis,Indianapolis Motor Speedway,race,528,1,GTD,Bryan Sellers,bryan sellers,68,2.0,36,84.99,29.188,29.215,26.587,,GF,5,71.3,84.56,64.0,False,162
imsa,2023,Indianapolis,Indianapolis Motor Speedway,race,528,1,GTD,Bryan Sellers,bryan sellers,69,2.0,37,85.295,29.38,29.316,26.599,,GF,6,71.3,84.56,63.0,False,162
imsa,2023,Indianapolis,Indianapolis Motor Speedway,race,528,1,GTD,Bryan Sellers,bryan sellers,70,2.0,38,84.742,29.141,29.095,26.506,,GF,7,71.3,84.38,63.0,False,162
imsa,2023,Indianapolis,Indianapolis Motor Speedway,race,528,1,GTD,Bryan Sellers,bryan sellers,71,2.0,39,85.2,29.19,29.424,26.586,,GF,8,71.4,83.84,63.0,False,162
imsa,2023,Indianapolis,Indianapolis Motor Speedway,race,528,1,GTD,Bryan Sellers,bryan sellers,72,2.0,40,84.971,29.121,29.169,26.681,,GF,9,71.5,83.66,63.0,False,162
imsa,2023,Indianapolis,Indianapolis Motor Speedway,race,528,1,GTD,Bryan Sellers,bryan sellers,73,2.0,41,85.286,29.388,29.21,26.688,,GF,10,71.6,83.12,63.0,False,162
imsa,2023,Indianapolis,Indianapolis Motor Speedway,race,528,1,GTD,Bryan Sellers,bryan sellers,74,2.0,42,85.288,29.135,29.133,27.02,,GF,11,71.6,83.12,62.0,False,162
imsa,2023,Indianapolis,Indianapolis Motor Speedway,race,528,1,GTD,Bryan Sellers,bryan sellers,75,2.0,43,85.388,29.282,29.379,26.727,,GF,12,71.5,82.76,62.0,False,162
imsa,2023,Indianapolis,Indianapolis Motor Speedway,race,528,1,GTD,Bryan Sellers,bryan sellers,76,2.0,44,86.758,30.191,29.675,26.892,,GF,13,71.5,82.58,63.0,False,162
imsa,2023,Indianapolis,Indianapolis Motor Speedway,race,528,1,GTD,Bryan Sellers,bryan sellers,77,2.0,45,86.106,29.477,29.784,26.845,,GF,14,71.4,82.58,62.0,False,162
imsa,2023,Indianapolis,Indianapolis Motor Speedway,race,528,1,GTD,Bryan Sellers,bryan sellers,78,2.0,46,88.067,30.753,30.02,27.294,,GF,15,71.3,82.4,63.0,False,162
imsa,2023,Indianapolis,Indianapolis Motor Speedway,race,528,1,GTD,Bryan Sellers,bryan sellers,79,2.0,47,85.993,29.866,29.451,26.676,,GF,16,71.2,82.4,63.0,False,162
imsa,2023,Indianapolis,Indianapolis Motor Speedway,race,528,1,GTD,Bryan Sellers,bryan sellers,80,2.0,48,85.156,29.238,29.266,26.652,,GF,17,71.2,82.04,63.0,False,162
imsa,2023,Indianapolis,Indianapolis Motor Speedway,race,528,1,GTD,Bryan Sellers,bryan sellers,81,2.0,49,85.071,29.111,29.183,26.777,,GF,18,71.1,81.86,63.0,False,162
imsa,2023,Indianapolis,Indianapolis Motor Speedway,race,528,1,GTD,Bryan Sellers,bryan sellers,82,2.0,50,85.13,29.307,29.173,26.65,,GF,19,71.0,81.68,63.0,False,162
imsa,2023,Indianapolis,Indianapolis Motor Speedway,race,528,1,GTD,Bryan Sellers,bryan sellers,83,2.0,51,85.184,29.257,29.223,26.704,,GF,20,70.9,81.5,63.0,False,162
imsa,2023,Indianapolis,Indianapolis Motor Speedway,race,528,1,GTD,Bryan Sellers,bryan sellers,84,2.0,52,85.589,29.415,29.436,26.738,,GF,21,70.8,81.5,63.0,False,162
imsa,2023,Indianapolis,Indianapolis Motor Speedway,race,528,1,GTD,Bryan Sellers,bryan sellers,85,2.0,53,85.473,29.293,29.339,26.841,,GF,22,70.8,81.32,63.0,False,162
imsa,2023,Indianapolis,Indianapolis Motor Speedway,race,528,1,GTD,Bryan Sellers,bryan sellers,86,2.0,54,85.642,29.385,29.438,26.819,,GF,23,70.8,81.32,63.0,False,162
imsa,2023,Indianapolis,Indianapolis Motor Speedway,race,528,1,GTD,Bryan Sellers,bryan sellers,87,2.0,55,85.899,29.356,29.762,26.781,,GF,24,70.9,81.32,63.0,False,162
imsa,2023,Indianapolis,Indianapolis Motor Speedway,race,528,1,GTD,Bryan Sellers,bryan sellers,88,2.0,56,87.492,29.324,30.044,28.124,,GF,25,71.0,81.5,63.0,False,162
imsa,2023,Indianapolis,Indianapolis Motor Speedway,race,528,1,GTD,Bryan Sellers,bryan sellers,89,2.0,57,85.843,29.699,29.287,26.857,,GF,26,71.1,81.5,63.0,False,162
imsa,2023,Indianapolis,Indianapolis Motor Speedway,race,528,1,GTD,Bryan Sellers,bryan sellers,90,2.0,58,85.486,29.376,29.335,26.775,,GF,27,71.3,81.68,62.0,False,162
imsa,2023,Indianapolis,Indianapolis Motor Speedway,race,528,1,GTD,Bryan Sellers,bryan sellers,91,2.0,59,86.136,29.346,30.02,26.77,,GF,28,71.2,81.68,62.0,False,162
imsa,2023,Indianapolis,Indianapolis Motor Speedway,race,528,1,GTD,Bryan Sellers,bryan sellers,92,2.0,60,85.128,29.316,29.138,26.674,,GF,29,71.2,81.68,62.0,False,162
imsa,2023,Indianapolis,Indianapolis Motor Speedway,race,528,1,GTD,Bryan Sellers,bryan sellers,93,2.0,61,86.469,29.413,30.043,27.013,,GF,30,71.3,81.68,62.0,False,162
imsa,2023,Indianapolis,Indianapolis Motor Speedway,race,528,1,GTD,Bryan Sellers,bryan sellers,94,2.0,62,85.581,29.409,29.417,26.755,,GF,31,71.3,81.86,62.0,False,162
imsa,2023,Indianapolis,Indianapolis Motor Speedway,race,528,1,GTD,Bryan Sellers,bryan sellers,95,2.0,63,86.026,29.803,29.314,26.909,,GF,32,71.3,82.04,63.0,False,162
imsa,2023,Indianapolis,Indianapolis Motor Speedway,race,528,1,GTD,Bryan Sellers,bryan sellers,96,2.0,64,85.654,29.305,29.422,26.927,,GF,33,71.3,82.04,63.0,False,162
imsa,2023,Indianapolis,Indianapolis Motor Speedway,race,528,1,GTD,Bryan Sellers,bryan sellers,97,2.0,65,86.102,29.349,29.806,26.947,,GF,34,71.5,82.04,62.0,False,162
imsa,2023,Indianapolis,Indianapolis Motor Speedway,race,528,1,GTD,Bryan Sellers,bryan sellers,98,2.0,66,86.559,29.475,29.81,27.274,,GF,35,71.5,82.22,62.0,False,162
imsa,2023,Indianapolis,Indianapolis Motor Speedway,race,528,1,GTD,Bryan Sellers,bryan sellers,99,2.0,67,85.501,29.429,29.339,26.733,,GF,36,71.5,82.4,62.0,False,162
imsa,2023,Indianapolis,Indianapolis Motor Speedway,race,528,1,GTD,Bryan Sellers,bryan sellers,100,2.0,68,86.253,29.425,30.061,26.767,,GF,37,71.7,82.76,62.0,False,162
imsa,2023,Indianapolis,Indianapolis Motor Speedway,race,528,1,GTD,Bryan Sellers,bryan sellers,101,2.0,69,87.298,29.39,30.213,27.695,,GF,38,71.7,82.76,62.0,False,162
imsa,2023,Indianapolis,Indianapolis Motor Speedway,race,528,1,GTD,Bryan Sellers,bryan sellers,102,2.0,70,86.413,29.888,29.568,26.957,,GF,39,71.9,82.94,62.0,False,162
imsa,2023,Indianapolis,Indianapolis Motor Speedway,race,528,1,GTD,Bryan Sellers,bryan sellers,103,2.0,71,87.045,29.369,30.332,27.344,,GF,40,72.0,82.94,62.0,False,162
imsa,2023,Indianapolis,Indianapolis Motor Speedway,race,528,1,GTD,Bryan Sellers,bryan sellers,104,2.0,72,85.624,29.512,29.318,26.794,,FF,41,72.0,82.94,61.0,False,162
imsa,2023,Indianapolis,Indianapolis Motor Speedway,race,528,12,GTD,Frankie Montecalvo,frankie montecalvo,1,1.0,0,148.71,72.949,36.007,39.754,,FCY,0,69.0,86.0,68.0,False,162
imsa,2023,Indianapolis,Indianapolis Motor Speedway,race,528,12,GTD,Frankie Montecalvo,frankie montecalvo,2,1.0,1,139.542,40.604,34.844,64.094,,FCY,0,69.0,85.82,68.0,False,162
imsa,2023,Indianapolis,Indianapolis Motor Speedway,race,528,12,GTD,Frankie Montecalvo,frankie montecalvo,3,1.0,2,173.793,56.454,48.134,69.205,,FCY,0,69.2,87.08,67.0,False,162
imsa,2023,Indianapolis,Indianapolis Motor Speedway,race,528,12,GTD,Frankie Montecalvo,frankie montecalvo,4,1.0,3,122.482,49.502,45.879,27.101,,GF,0,69.0,87.98,68.0,False,162
imsa,2023,Indianapolis,Indianapolis Motor Speedway,race,528,12,GTD,Frankie Montecalvo,frankie montecalvo,5,1.0,4,85.459,29.35,29.396,26.713,,GF,1,69.0,88.52,68.0,False,162
imsa,2023,Indianapolis,Indianapolis Motor Speedway,race,528,12,GTD,Frankie Montecalvo,frankie montecalvo,6,1.0,5,85.294,29.263,29.239,26.792,,GF,2,69.1,87.98,68.0,False,162
imsa,2023,Indianapolis,Indianapolis Motor Speedway,race,528,12,GTD,Frankie Montecalvo,frankie montecalvo,7,1.0,6,85.199,29.218,29.242,26.739,,GF,3,69.2,87.98,68.0,False,162
imsa,2023,Indianapolis,Indianapolis Motor Speedway,race,528,12,GTD,Frankie Montecalvo,frankie montecalvo,8,1.0,7,85.649,29.454,29.378,26.817,,GF,4,69.7,89.6,67.0,False,162
imsa,2023,Indianapolis,Indianapolis Motor Speedway,race,528,12,GTD,Frankie Montecalvo,frankie montecalvo,9,1.0,8,85.597,29.34,29.364,26.893,,GF,5,70.0,90.14,67.0,False,162
imsa,2023,Indianapolis,Indianapolis Motor Speedway,race,528,12,GTD,Frankie Montecalvo,frankie montecalvo,10,1.0,9,85.915,29.33,29.569,27.016,,GF,6,70.2,90.14,67.0,False,162
imsa,2023,Indianapolis,Indianapolis Motor Speedway,race,528,12,GTD,Frankie Montecalvo,frankie montecalvo,11,1.0,10,86.44,29.617,29.477,27.346,,GF,7,70.5,91.04,66.0,False,162
imsa,2023,Indianapolis,Indianapolis Motor Speedway,race,528,12,GTD,Frankie Montecalvo,frankie montecalvo,12,1.0,11,85.998,29.851,29.346,26.801,,GF,8,70.6,90.68,65.0,False,162
imsa,2023,Indianapolis,Indianapolis Motor Speedway,race,528,12,GTD,Frankie Montecalvo,frankie montecalvo,13,1.0,12,85.962,29.629,29.362,26.971,,GF,9,70.7,90.86,65.0,False,162
imsa,2023,Indianapolis,Indianapolis Motor Speedway,race,528,12,GTD,Frankie Montecalvo,frankie montecalvo,14,1.0,13,85.674,29.49,29.354,26.83,,GF,10,70.8,90.86,65.0,False,162
imsa,2023,Indianapolis,Indianapolis Motor Speedway,race,528,12,GTD,Frankie Montecalvo,frankie montecalvo,15,1.0,14,87.384,29.405,30.511,27.468,,GF,11,70.9,90.14,65.0,False,162
imsa,2023,Indianapolis,Indianapolis Motor Speedway,race,528,12,GTD,Frankie Montecalvo,frankie montecalvo,16,1.0,15,85.986,29.545,29.474,26.967,,GF,12,71.0,90.14,64.0,False,162
imsa,2023,Indianapolis,Indianapolis Motor Speedway,race,528,12,GTD,Frankie Montecalvo,frankie montecalvo,17,1.0,16,85.97,29.416,29.4,27.154,,GF,13,71.1,89.96,63.0,False,162
imsa,2023,Indianapolis,Indianapolis Motor Speedway,race,528,12,GTD,Frankie Montecalvo,frankie montecalvo,18,1.0,17,85.518,29.342,29.398,26.778,,GF,14,70.9,89.78,63.0,False,162
imsa,2023,Indianapolis,Indianapolis Motor Speedway,race,528,12,GTD,Frankie Montecalvo,frankie montecalvo,19,1.0,18,88.479,30.8,30.521,27.158,,GF,15,70.8,89.42,63.0,False,162
imsa,2023,Indianapolis,Indianapolis Motor Speedway,race,528,12,GTD,Frankie Montecalvo,frankie montecalvo,20,1.0,19,86.096,29.563,29.33,27.203,,GF,16,70.7,89.24,64.0,False,162
imsa,2023,Indianapolis,Indianapolis Motor Speedway,race,528,12,GTD,Frankie Montecalvo,frankie montecalvo,21,1.0,20,85.857,29.502,29.316,27.039,,GF,17,70.6,89.78,64.0,False,162
imsa,2023,Indianapolis,Indianapolis Motor Speedway,race,528,12,GTD,Frankie Montecalvo,frankie montecalvo,22,1.0,21,86.06,29.565,29.586,26.909,,GF,18,70.5,90.14,64.0,False,162
imsa,2023,Indianapolis,Indianapolis Motor Speedway,race,528,12,GTD,Frankie Montecalvo,frankie montecalvo,23,1.0,22,85.653,29.364,29.451,26.838,,GF,19,70.4,90.14,64.0,False,162
imsa,2023,Indianapolis,Indianapolis Motor Speedway,race,528,12,GTD,Frankie Montecalvo,frankie montecalvo,24,1.0,23,85.562,29.357,29.392,26.813,,GF,20,70.3,89.42,64.0,False,162
imsa,2023,Indianapolis,Indianapolis Motor Speedway,race,528,12,GTD,Frankie Montecalvo,frankie montecalvo,25,1.0,24,105.351,29.441,29.429,46.481,,GF,21,70.3,89.78,64.0,False,162
imsa,2023,Indianapolis,Indianapolis Motor Speedway,race,528,12,GTD,Frankie Montecalvo,frankie montecalvo,26,1.0,25,142.924,77.958,31.097,33.869,77.181,FCY,0,70.5,91.58,65.0,False,162
imsa,2023,Indianapolis,Indianapolis Motor Speedway,race,528,12,GTD,Frankie Montecalvo,frankie montecalvo,27,1.0,26,110.984,34.379,34.117,42.488,,FCY,0,70.8,91.76,64.0,False,162
imsa,2023,Indianapolis,Indianapolis Motor Speedway,race,528,12,GTD,Frankie Montecalvo,frankie montecalvo,28,1.0,27,125.416,43.24,41.86,40.316,,FCY,0,71.2,93.56,63.0,False,162
imsa,2023,Indianapolis,Indianapolis Motor Speedway,race,528,12,GTD,Frankie Montecalvo,frankie montecalvo,29,1.0,28,105.466,41.287,34.36,29.819,,FCY,0,71.3,93.92,62.0,False,162
imsa,2023,Indianapolis,Indianapolis Motor Speedway,race,528,12,GTD,Frankie Montecalvo,frankie montecalvo,30,1.0,29,93.876,32.131,32.366,29.379,,FCY,0,71.3,94.1,62.0,False,162
imsa,2023,Indianapolis,Indianapolis Motor Speedway,race,528,12,GTD,Frankie Montecalvo,frankie montecalvo,31,1.0,30,89.821,30.553,30.95,28.318,,FCY,0,71.2,95.36,62.0,False,162
imsa,2023,Indianapolis,Indianapolis Motor Speedway,race,528,12,GTD,Frankie Montecalvo,frankie montecalvo,32,1.0,31,99.764,31.387,35.521,32.856,,FCY,0,71.2,96.44,62.0,False,162
imsa,2023,Indianapolis,Indianapolis Motor Speedway,race,528,12,GTD,Frankie Montecalvo,frankie montecalvo,33,1.0,32,122.79,34.561,44.157,44.072,,FCY,0,71.3,96.62,62.0,False,162
imsa,2023,Indianapolis,Indianapolis Motor Speedway,race,528,12,GTD,Frankie Montecalvo,frankie montecalvo,34,1.0,33,156.107,56.861,54.8,44.446,,FCY,0,71.5,94.64,61.0,False,162
imsa,2023,Indianapolis,Indianapolis Motor Speedway,race,528,12,GTD,Frankie Montecalvo,frankie montecalvo,35,1.0,34,164.172,63.272,50.728,50.172,,FCY,0,71.5,93.92,62.0,False,162
imsa,2023,Indianapolis,Indianapolis Motor Speedway,race,528,12,GTD,Frankie Montecalvo,frankie montecalvo,36,1.0,35,140.119,43.41,51.907,44.802,,FCY,0,71.3,93.02,62.0,False,162
imsa,2023,Indianapolis,Indianapolis Motor Speedway,race,528,12,GTD,Frankie Montecalvo,frankie montecalvo,37,1.0,36,113.892,49.229,37.66,27.003,,GF,0,71.1,91.76,62.0,False,162
imsa,2023,Indianapolis,Indianapolis Motor Speedway,race,528,12,GTD,Frankie Montecalvo,frankie montecalvo,38,1.0,37,85.341,29.286,29.36,26.695,,GF,1,70.9,90.68,62.0,False,162
imsa,2023,Indianapolis,Indianapolis Motor Speedway,race,528,12,GTD,Frankie Montecalvo,frankie montecalvo,39,1.0,38,85.054,28.967,29.111,26.976,,GF,2,70.9,90.14,62.0,False,162
imsa,2023,Indianapolis,Indianapolis Motor Speedway,race,528,12,GTD,Frankie Montecalvo,frankie montecalvo,40,1.0,39,112.185,29.321,30.135,52.729,,GF,3,70.8,88.88,62.0,False,162
imsa,2023,Indianapolis,Indianapolis Motor Speedway,race,528,12,GTD,Aaron Telitz,aaron telitz,41,2.0,0,140.11,81.472,31.479,27.159,82.913,GF,0,70.7,88.16,62.0,False,162
imsa,2023,Indianapolis,Indianapolis Motor Speedway,race,528,12,GTD,Aaron Telitz,aaron telitz,42,2.0,1,88.402,30.754,29.936,27.712,,GF,0,70.6,87.44,62.0,False,162
imsa,2023,Indianapolis,Indianapolis Motor Speedway,race,528,12,GTD,Aaron Telitz,aaron telitz,43,2.0,2,88.094,30.255,29.887,27.952,,GF,1,70.6,87.08,63.0,False,162
imsa,2023,Indianapolis,Indianapolis Motor Speedway,race,528,12,GTD,Aaron Telitz,aaron telitz,44,2.0,3,87.151,29.566,29.427,28.158,,GF,2,70.6,86.72,64.0,False,162
imsa,2023,Indianapolis,Indianapolis Motor Speedway,race,528,12,GTD,Aaron Telitz,aaron telitz,45,2.0,4,86.214,29.608,29.593,27.013,,GF,3,70.7,86.36,65.0,False,162
imsa,2023,Indianapolis,Indianapolis Motor Speedway,race,528,12,GTD,Aaron Telitz,aaron telitz,46,2.0,5,89.514,31.065,30.513,27.936,,GF,4,70.8,85.82,65.0,False,162
imsa,2023,Indianapolis,Indianapolis Motor Speedway,race,528,12,GTD,Aaron Telitz,aaron telitz,47,2.0,6,86.903,30.217,29.602,27.084,,GF,5,70.8,85.64,65.0,False,162
imsa,2023,Indianapolis,Indianapolis Motor Speedway,race,528,12,GTD,Aaron Telitz,aaron telitz,48,2.0,7,86.368,29.869,29.577,26.922,,GF,6,71.0,85.28,65.0,False,162
imsa,2023,Indianapolis,Indianapolis Motor Speedway,race,528,12,GTD,Aaron Telitz,aaron telitz,49,2.0,8,85.605,29.265,29.483,26.857,,GF,7,71.0,85.1,65.0,False,162
imsa,2023,Indianapolis,Indianapolis Motor Speedway,race,528,12,GTD,Aaron Telitz,aaron telitz,50,2.0,9,85.664,29.256,29.456,26.952,,GF,8,71.1,84.92,64.0,False,162
imsa,2023,Indianapolis,Indianapolis Motor Speedway,race,528,12,GTD,Aaron Telitz,aaron telitz,51,2.0,10,86.418,29.379,29.954,27.085,,GF,9,71.3,84.56,64.0,False,162
imsa,2023,Indianapolis,Indianapolis Motor Speedway,race,528,12,GTD,Aaron Telitz,aaron telitz,52,2.0,11,88.364,30.355,30.66,27.349,,GF,10,71.3,84.56,64.0,False,162
imsa,2023,Indianapolis,Indianapolis Motor Speedway,race,528,12,GTD,Aaron Telitz,aaron telitz,53,2.0,12,86.199,29.484,29.672,27.043,,GF,11,71.4,84.38,63.0,False,162
imsa,2023,Indianapolis,Indianapolis Motor Speedway,race,528,12,GTD,Aaron Telitz,aaron telitz,54,2.0,13,85.818,29.263,29.588,26.967,,GF,12,71.4,84.38,63.0,False,162
imsa,2023,Indianapolis,Indianapolis Motor Speedway,race,528,12,GTD,Aaron Telitz,aaron telitz,55,2.0,14,87.396,30.02,30.138,27.238,,GF,13,71.5,84.38,63.0,False,162
imsa,2023,Indianapolis,Indianapolis Motor Speedway,race,528,12,GTD,Aaron Telitz,aaron telitz,56,2.0,15,87.057,29.517,30.452,27.088,,GF,14,71.6,84.56,63.0,False,162
imsa,2023,Indianapolis,Indianapolis Motor Speedway,race,528,12,GTD,Aaron Telitz,aaron telitz,57,2.0,16,87.335,29.917,29.745,27.673,,GF,15,71.6,84.56,63.0,False,162
imsa,2023,Indianapolis,Indianapolis Motor Speedway,race,528,12,GTD,Aaron Telitz,aaron telitz,58,2.0,17,85.821,29.387,29.467,26.967,,GF,16,71.7,84.74,63.0,False,162
imsa,2023,Indianapolis,Indianapolis Motor Speedway,race,528,12,GTD,Aaron Telitz,aaron telitz,59,2.0,18,85.818,29.328,29.466,27.024,,GF,17,71.8,84.74,63.0,False,162
imsa,2023,Indianapolis,Indianapolis Motor Speedway,race,528,12,GTD,Aaron Telitz,aaron telitz,60,2.0,19,87.294,30.009,29.952,27.333,,GF,18,71.8,84.56,63.0,False,162
imsa,2023,Indianapolis,Indianapolis Motor Speedway,race,528,12,GTD,Aaron Telitz,aaron telitz,61,2.0,20,87.451,29.8,29.654,27.997,,GF,19,71.7,84.56,63.0,False,162
imsa,2023,Indianapolis,Indianapolis Motor Speedway,race,528,12,GTD,Aaron Telitz,aaron telitz,62,2.0,21,86.536,29.844,29.564,27.128,,GF,20,71.5,84.56,63.0,False,162
imsa,2023,Indianapolis,Indianapolis Motor Speedway,race,528,12,GTD,Aaron Telitz,aaron telitz,63,2.0,22,85.947,29.387,29.498,27.062,,GF,21,71.5,84.56,63.0,False,162
imsa,2023,Indianapolis,Indianapolis Motor Speedway,race,528,12,GTD,Aaron Telitz,aaron telitz,64,2.0,23,86.032,29.382,29.63,27.02,,GF,22,71.5,84.56,63.0,False,162
imsa,2023,Indianapolis,Indianapolis Motor Speedway,race,528,12,GTD,Aaron Telitz,aaron telitz,65,2.0,24,86.121,29.575,29.566,26.98,,GF,23,71.5,84.56,63.0,False,162
imsa,2023,Indianapolis,Indianapolis Motor Speedway,race,528,12,GTD,Aaron Telitz,aaron telitz,66,2.0,25,86.798,29.584,29.946,27.268,,GF,24,71.4,84.56,63.0,False,162
imsa,2023,Indianapolis,Indianapolis Motor Speedway,race,528,12,GTD,Aaron Telitz,aaron telitz,67,2.0,26,88.259,29.947,30.437,27.875,,GF,25,71.3,84.74,63.0,False,162
imsa,2023,Indianapolis,Indianapolis Motor Speedway,race,528,12,GTD,Aaron Telitz,aaron telitz,68,2.0,27,87.153,29.918,29.912,27.323,,GF,26,71.3,84.56,64.0,False,162
imsa,2023,Indianapolis,Indianapolis Motor Speedway,race,528,12,GTD,Aaron Telitz,aaron telitz,69,2.0,28,86.631,29.637,29.638,27.356,,GF,27,71.3,84.38,63.0,False,162
imsa,2023,Indianapolis,Indianapolis Motor Speedway,race,528,12,GTD,Aaron Telitz,aaron telitz,70,2.0,29,86.63,29.666,29.691,27.273,,GF,28,71.4,84.2,63.0,False,162
imsa,2023,Indianapolis,Indianapolis Motor Speedway,race,528,12,GTD,Aaron Telitz,aaron telitz,71,2.0,30,87.258,29.783,30.055,27.42,,GF,29,71.5,83.66,63.0,False,162
imsa,2023,Indianapolis,Indianapolis Motor Speedway,race,528,12,GTD,Aaron Telitz,aaron telitz,72,2.0,31,86.789,29.527,30.119,27.143,,GF,30,71.5,83.48,63.0,False,162
imsa,2023,Indianapolis,Indianapolis Motor Speedway,race,528,12,GTD,Aaron Telitz,aaron telitz,73,2.0,32,86.022,29.488,29.465,27.069,,GF,31,71.6,83.12,62.0,False,162
imsa,2023,Indianapolis,Indianapolis Motor Speedway,race,528,12,GTD,Aaron Telitz,aaron telitz,74,2.0,33,86.407,29.336,30.047,27.024,,GF,32,71.6,82.94,62.0,False,162
imsa,2023,Indianapolis,Indianapolis Motor Speedway,race,528,12,GTD,Aaron Telitz,aaron telitz,75,2.0,34,86.491,29.522,29.724,27.245,,GF,33,71.5,82.76,62.0,False,162
imsa,2023,Indianapolis,Indianapolis Motor Speedway,race,528,12,GTD,Aaron Telitz,aaron telitz,76,2.0,35,85.855,29.453,29.368,27.034,,GF,34,71.4,82.58,62.0,False,162
imsa,2023,Indianapolis,Indianapolis Motor Speedway,race,528,12,GTD,Aaron Telitz,aaron telitz,77,2.0,36,86.471,29.891,29.407,27.173,,GF,35,71.3,82.58,63.0,False,162
imsa,2023,Indianapolis,Indianapolis Motor Speedway,race,528,12,GTD,Aaron Telitz,aaron telitz,78,2.0,37,86.315,29.61,29.422,27.283,,GF,36,71.2,82.4,63.0,False,162
imsa,2023,Indianapolis,Indianapolis Motor Speedway,race,528,12,GTD,Aaron Telitz,aaron telitz,79,2.0,38,86.572,29.453,30.007,27.112,,GF,37,71.2,82.4,63.0,False,162
imsa,2023,Indianapolis,Indianapolis Motor Speedway,race,528,12,GTD,Aaron Telitz,aaron telitz,80,2.0,39,86.156,29.33,29.883,26.943,,GF,38,71.2,82.04,63.0,False,162
imsa,2023,Indianapolis,Indianapolis Motor Speedway,race,528,12,GTD,Aaron Telitz,aaron telitz,81,2.0,40,86.112,29.341,29.601,27.17,,GF,39,71.0,81.68,63.0,False,162
imsa,2023,Indianapolis,Indianapolis Motor Speedway,race,528,12,GTD,Aaron Telitz,aaron telitz,82,2.0,41,87.564,29.963,29.868,27.733,,GF,40,70.9,81.5,63.0,False,162
imsa,2023,Indianapolis,Indianapolis Motor Speedway,race,528,12,GTD,Aaron Telitz,aaron telitz,83,2.0,42,106.548,30.015,29.786,46.747,,GF,41,70.8,81.5,63.0,False,162
imsa,2023,Indianapolis,Indianapolis Motor Speedway,race,528,12,GTD,Aaron Telitz,aaron telitz,84,2.0,43,131.445,73.446,30.521,27.478,73.876,GF,0,70.8,81.32,63.0,False,162
imsa,2023,Indianapolis,Indianapolis Motor Speedway,race,528,12,GTD,Aaron Telitz,aaron telitz,85,2.0,44,87.074,29.521,29.898,27.655,,GF,0,70.9,81.32,63.0,False,162
imsa,2023,Indianapolis,Indianapolis Motor Speedway,race,528,12,GTD,Aaron Telitz,aaron telitz,86,2.0,45,86.025,29.496,29.595,26.934,,GF,1,70.9,81.32,63.0,False,162
imsa,2023,Indianapolis,Indianapolis Motor Speedway,race,528,12,GTD,Aaron Telitz,aaron telitz,87,2.0,46,86.17,29.383,29.739,27.048,,GF,2,71.1,81.5,63.0,False,162
imsa,2023,Indianapolis,Indianapolis Motor Speedway,race,528,12,GTD,Aaron Telitz,aaron telitz,88,2.0,47,86.645,29.375,30.25,27.02,,GF,3,71.1,81.5,63.0,False,162
imsa,2023,Indianapolis,Indianapolis Motor Speedway,race,528,12,GTD,Aaron Telitz,aaron telitz,89,2.0,48,86.305,29.477,29.457,27.371,,GF,4,71.3,81.68,62.0,False,162
imsa,2023,Indianapolis,Indianapolis Motor Speedway,race,528,12,GTD,Aaron Telitz,aaron telitz,90,2.0,49,87.049,30.274,29.628,27.147,,GF,5,71.2,81.68,62.0,False,162
imsa,2023,Indianapolis,Indianapolis Motor Speedway,race,528,12,GTD,Aaron Telitz,aaron telitz,91,2.0,50,88.132,30.639,29.932,27.561,,GF,6,71.2,81.68,62.0,False,162
imsa,2023,Indianapolis,Indianapolis Motor Speedway,race,528,12,GTD,Aaron Telitz,aaron telitz,92,2.0,51,86.015,29.496,29.542,26.977,,GF,7,71.3,81.86,62.0,False,162
imsa,2023,Indianapolis,Indianapolis Motor Speedway,race,528,12,GTD,Aaron Telitz,aaron telitz,93,2.0,52,88.594,30.673,30.715,27.206,,GF,8,71.3,81.86,62.0,False,162
imsa,2023,Indianapolis,Indianapolis Motor Speedway,race,528,12,GTD,Aaron Telitz,aaron telitz,94,2.0,53,86.375,29.395,29.779,27.201,,GF,9,71.3,82.04,63.0,False,162
imsa,2023,Indianapolis,Indianapolis Motor Speedway,race,528,12,GTD,Aaron Telitz,aaron telitz,95,2.0,54,86.728,29.852,29.836,27.04,,GF,10,71.3,82.04,62.0,False,162
imsa,2023,Indianapolis,Indianapolis Motor Speedway,race,528,12,GTD,Aaron Telitz,aaron telitz,96,2.0,55,86.438,29.154,29.437,27.847,,GF,11,71.5,82.04,62.0,False,162
imsa,2023,Indianapolis,Indianapolis Motor Speedway,race,528,12,GTD,Aaron Telitz,aaron telitz,97,2.0,56,86.51,29.54,29.775,27.195,,GF,12,71.5,82.4,62.0,False,162
imsa,2023,Indianapolis,Indianapolis Motor Speedway,race,528,12,GTD,Aaron Telitz,aaron telitz,98,2.0,57,86.642,30.113,29.402,27.127,,GF,13,71.6,82.58,62.0,False,162
imsa,2023,Indianapolis,Indianapolis Motor Speedway,race,528,12,GTD,Aaron Telitz,aaron telitz,99,2.0,58,85.809,29.325,29.42,27.064,,GF,14,71.7,82.76,62.0,False,162
imsa,2023,Indianapolis,Indianapolis Motor Speedway,race,528,12,GTD,Aaron Telitz,aaron telitz,100,2.0,59,85.888,29.481,29.417,26.99,,GF,15,71.8,82.76,62.0,False,162
imsa,2023,Indianapolis,Indianapolis Motor Speedway,race,528,12,GTD,Aaron Telitz,aaron telitz,101,2.0,60,86.122,29.501,29.718,26.903,,GF,16,72.0,82.94,62.0,False,162
imsa,2023,Indianapolis,Indianapolis Motor Speedway,race,528,12,GTD,Aaron Telitz,aaron telitz,102,2.0,61,85.781,29.419,29.422,26.94,,GF,17,72.0,82.94,61.0,False,162
imsa,2023,Indianapolis,Indianapolis Motor Speedway,race,528,12,GTD,Aaron Telitz,aaron telitz,103,2.0,62,86.586,29.509,29.712,27.365,,FF,18,72.0,82.94,61.0,False,162
imsa,2023,Indianapolis,Indianapolis Motor Speedway,race,528,15,GTD,Anton Dias Perera,anton dias perera,1,1.0,0,155.878,78.131,35.635,42.112,,FCY,0,69.0,86.0,68.0,False,162
imsa,2023,Indianapolis,Indianapolis Motor Speedway,race,528,15,GTD,Anton Dias Perera,anton dias perera,2,1.0,1,142.867,41.766,38.243,62.858,,FCY,0,69.0,85.82,68.0,False,162
imsa,2023,Indianapolis,Indianapolis Motor Speedway,race,528,15,GTD,Anton Dias Perera,anton dias perera,3,1.0,2,176.833,53.341,49.948,73.544,,FCY,0,69.2,87.08,67.0,False,162
imsa,2023,Indianapolis,Indianapolis Motor Speedway,race,528,15,GTD,Anton Dias Perera,anton dias perera,4,1.0,3,118.262,46.822,43.504,27.936,,GF,0,69.0,87.98,68.0,False,162
imsa,2023,Indianapolis,Indianapolis Motor Speedway,race,528,15,GTD,Anton Dias Perera,anton dias perera,5,1.0,4,88.97,30.263,30.93,27.777,,GF,1,69.0,88.34,68.0,False,162
imsa,2023,Indianapolis,Indianapolis Motor Speedway,race,528,15,GTD,Anton Dias Perera,anton dias perera,6,1.0,5,89.323,31.503,30.484,27.336,,GF,2,69.1,87.98,68.0,False,162
imsa,2023,Indianapolis,Indianapolis Motor Speedway,race,528,15,GTD,Anton Dias Perera,anton dias perera,7,1.0,6,128.379,32.13,30.708,65.541,,GF,3,69.4,88.88,68.0,False,162
imsa,2023,Indianapolis,Indianapolis Motor Speedway,race,528,15,GTD,Anton Dias Perera,anton dias perera,8,1.0,7,92.245,32.045,32.32,27.88,,GF,4,70.0,90.14,67.0,False,162
imsa,2023,Indianapolis,Indianapolis Motor Speedway,race,528,15,GTD,Anton Dias Perera,anton dias perera,9,1.0,8,92.385,32.234,31.475,28.676,,GF,5,70.2,90.14,67.0,False,162
imsa,2023,Indianapolis,Indianapolis Motor Speedway,race,528,15,GTD,Anton Dias Perera,anton dias perera,10,1.0,9,98.842,33.361,34.062,31.419,,GF,6,70.5,91.04,66.0,False,162
imsa,2023,Indianapolis,Indianapolis Motor Speedway,race,528,15,GTD,Anton Dias Perera,anton dias perera,11,1.0,10,92.174,31.84,32.338,27.996,,GF,7,70.6,90.68,65.0,False,162
imsa,2023,Indianapolis,Indianapolis Motor Speedway,race,528,15,GTD,Anton Dias Perera,anton dias perera,12,1.0,11,89.826,30.588,31.41,27.828,,GF,8,70.7,90.86,65.0,False,162
imsa,2023,Indianapolis,Indianapolis Motor Speedway,race,528,15,GTD,Anton Dias Perera,anton dias perera,13,1.0,12,88.761,30.55,30.502,27.709,,GF,9,70.8,90.86,65.0,False,162
imsa,2023,Indianapolis,Indianapolis Motor Speedway,race,528,15,GTD,Anton Dias Perera,anton dias perera,14,1.0,13,92.533,30.558,31.216,30.759,,GF,10,70.9,90.14,65.0,False,162
imsa,2023,Indianapolis,Indianapolis Motor Speedway,race,528,15,GTD,Anton Dias Perera,anton dias perera,15,1.0,14,93.94,32.202,32.292,29.446,,GF,11,71.0,90.14,64.0,False,162
imsa,2023,Indianapolis,Indianapolis Motor Speedway,race,528,15,GTD,Anton Dias Perera,anton dias perera,16,1.0,15,92.052,31.134,31.542,29.376,,GF,12,71.0,89.96,63.0,False,162
imsa,2023,Indianapolis,Indianapolis Motor Speedway,race,528,15,GTD,Anton Dias Perera,anton dias perera,17,1.0,16,93.39,32.897,31.949,28.544,,GF,13,70.8,89.42,63.0,False,162
imsa,2023,Indianapolis,Indianapolis Motor Speedway,race,528,15,GTD,Anton Dias Perera,anton dias perera,18,1.0,17,93.428,32.536,31.657,29.235,,GF,14,70.8,89.24,64.0,False,162
imsa,2023,Indianapolis,Indianapolis Motor Speedway,race,528,15,GTD,Anton Dias Perera,anton dias perera,19,1.0,18,93.923,31.417,32.36,30.146,,GF,15,70.6,89.78,64.0,False,162
imsa,2023,Indianapolis,Indianapolis Motor Speedway,race,528,15,GTD,Anton Dias Perera,anton dias perera,20,1.0,19,90.732,31.131,31.23,28.371,,GF,16,70.6,89.6,64.0,False,162
imsa,2023,Indianapolis,Indianapolis Motor Speedway,race,528,15,GTD,Anton Dias Perera,anton dias perera,21,1.0,20,91.684,32.191,31.341,28.152,,GF,17,70.4,90.14,64.0,False,162
imsa,2023,Indianapolis,Indianapolis Motor Speedway,race,528,15,GTD,Anton Dias Perera,anton dias perera,22,1.0,21,94.769,32.38,33.83,28.559,,GF,18,70.4,89.78,64.0,False,162
imsa,2023,Indianapolis,Indianapolis Motor Speedway,race,528,15,GTD,Anton Dias Perera,anton dias perera,23,1.0,22,90.251,30.544,31.024,28.683,,GF,19,70.3,89.78,64.0,False,162
imsa,2023,Indianapolis,Indianapolis Motor Speedway,race,528,15,GTD,Anton Dias Perera,anton dias perera,24,1.0,23,95.953,33.751,33.534,28.668,,GF,20,70.3,90.32,64.0,False,162
imsa,2023,Indianapolis,Indianapolis Motor Speedway,race,528,15,GTD,Anton Dias Perera,anton dias perera,25,1.0,24,99.258,30.677,31.574,37.007,,FCY,21,70.5,91.58,65.0,False,162
imsa,2023,Indianapolis,Indianapolis Motor Speedway,race,528,15,GTD,Anton Dias Perera,anton dias perera,26,1.0,25,106.084,33.586,35.58,36.918,,FCY,21,71.0,92.48,63.0,False,162
imsa,2023,Indianapolis,Indianapolis Motor Speedway,race,528,15,GTD,Anton Dias Perera,anton dias perera,27,1.0,26,125.37,40.554,43.89,40.926,,FCY,21,71.2,93.56,63.0,False,162
imsa,2023,Indianapolis,Indianapolis Motor Speedway,race,528,15,GTD,Anton Dias Perera,anton dias perera,28,1.0,27,133.716,43.617,52.672,37.427,,FCY,21,71.3,94.1,62.0,False,162
imsa,2023,Indianapolis,Indianapolis Motor Speedway,race,528,15,GTD,Anton Dias Perera,anton dias perera,29,1.0,28,103.387,36.058,32.855,34.474,,FCY,21,71.2,95.36,62.0,False,162
imsa,2023,Indianapolis,Indianapolis Motor Speedway,race,528,15,GTD,Anton Dias Perera,anton dias perera,30,1.0,29,118.27,41.523,41.738,35.009,,FCY,21,71.2,96.44,62.0,False,162
imsa,2023,Indianapolis,Indianapolis Motor Speedway,race,528,15,GTD,Anton Dias Perera,anton dias perera,31,1.0,30,93.871,33.446,31.772,28.653,,FCY,21,71.3,96.8,62.0,False,162
imsa,2023,Indianapolis,Indianapolis Motor Speedway,race,528,15,GTD,Anton Dias Perera,anton dias perera,32,1.0,31,149.179,30.625,31.16,87.394,,FCY,21,71.5,94.64,61.0,False,162
imsa,2023,Indianapolis,Indianapolis Motor Speedway,race,528,15,GTD,Scott Andrews,scott andrews,33,2.0,0,110.071,51.551,31.071,27.449,90.32,FCY,0,71.5,94.28,61.0,False,162
imsa,2023,Indianapolis,Indianapolis Motor Speedway,race,528,15,GTD,Scott Andrews,scott andrews,34,2.0,1,126.369,29.782,43.954,52.633,,FCY,0,71.5,93.92,62.0,False,162
imsa,2023,Indianapolis,Indianapolis Motor Speedway,race,528,15,GTD,Scott Andrews,scott andrews,35,2.0,2,139.702,45.857,45.01,48.835,,FCY,0,71.2,93.02,62.0,False,162
imsa,2023,Indianapolis,Indianapolis Motor Speedway,race,528,15,GTD,Scott Andrews,scott andrews,36,2.0,3,103.462,42.873,33.844,26.745,,GF,0,70.9,91.04,62.0,False,162
imsa,2023,Indianapolis,Indianapolis Motor Speedway,race,528,15,GTD,Scott Andrews,scott andrews,37,2.0,4,86.336,30.147,29.43,26.759,,GF,1,70.9,90.68,62.0,False,162
imsa,2023,Indianapolis,Indianapolis Motor Speedway,race,528,15,GTD,Scott Andrews,scott andrews,38,2.0,5,85.657,29.33,29.496,26.831,,GF,2,70.9,90.14,62.0,False,162
imsa,2023,Indianapolis,Indianapolis Motor Speedway,race,528,15,GTD,Scott Andrews,scott andrews,39,2.0,6,85.814,29.387,29.4,27.027,,GF,3,70.8,88.88,62.0,False,162
imsa,2023,Indianapolis,Indianapolis Motor Speedway,race,528,15,GTD,Scott Andrews,scott andrews,40,2.0,7,86.012,29.331,29.851,26.83,,GF,4,70.7,88.52,62.0,False,162
imsa,2023,Indianapolis,Indianapolis Motor Speedway,race,528,15,GTD,Scott Andrews,scott andrews,41,2.0,8,86.428,29.465,29.596,27.367,,GF,5,70.6,87.8,62.0,False,162
imsa,2023,Indianapolis,Indianapolis Motor Speedway,race,528,15,GTD,Scott Andrews,scott andrews,42,2.0,9,86.812,29.451,30.429,26.932,,GF,6,70.6,87.44,62.0,False,162
imsa,2023,Indianapolis,Indianapolis Motor Speedway,race,528,15,GTD,Scott Andrews,scott andrews,43,2.0,10,86.154,29.597,29.705,26.852,,GF,7,70.6,87.08,63.0,False,162
imsa,2023,Indianapolis,Indianapolis Motor Speedway,race,528,15,GTD,Scott Andrews,scott andrews,44,2.0,11,86.337,29.351,29.693,27.293,,GF,8,70.6,86.72,64.0,False,162
imsa,2023,Indianapolis,Indianapolis Motor Speedway,race,528,15,GTD,Scott Andrews,scott andrews,45,2.0,12,85.897,29.442,29.493,26.962,,GF,9,70.7,86.36,65.0,False,162
imsa,2023,Indianapolis,Indianapolis Motor Speedway,race,528,15,GTD,Scott Andrews,scott andrews,46,2.0,13,85.571,29.315,29.313,26.943,,GF,10,70.8,85.82,65.0,False,162
imsa,2023,Indianapolis,Indianapolis Motor Speedway,race,528,15,GTD,Scott Andrews,scott andrews,47,2.0,14,85.582,29.38,29.367,26.835,,GF,11,70.8,85.64,65.0,False,162
imsa,2023,Indianapolis,Indianapolis Motor Speedway,race,528,15,GTD,Scott Andrews,scott andrews,48,2.0,15,86.071,29.405,29.816,26.85,,GF,12,71.0,85.1,65.0,False,162
imsa,2023,Indianapolis,Indianapolis Motor Speedway,race,528,15,GTD,Scott Andrews,scott andrews,49,2.0,16,86.088,29.517,29.6,26.971,,GF,13,71.0,85.1,65.0,False,162
imsa,2023,Indianapolis,Indianapolis Motor Speedway,race,528,15,GTD,Scott Andrews,scott andrews,50,2.0,17,85.96,29.265,29.608,27.087,,GF,14,71.1,84.92,64.0,False,162
imsa,2023,Indianapolis,Indianapolis Motor Speedway,race,528,15,GTD,Scott Andrews,scott andrews,51,2.0,18,88.886,30.697,30.821,27.368,,GF,15,71.3,84.56,64.0,False,162
imsa,2023,Indianapolis,Indianapolis Motor Speedway,race,528,15,GTD,Scott Andrews,scott andrews,52,2.0,19,85.691,29.378,29.443,26.87,,GF,16,71.3,84.56,64.0,False,162
imsa,2023,Indianapolis,Indianapolis Motor Speedway,race,528,15,GTD,Scott Andrews,scott andrews,53,2.0,20,86.977,29.723,30.084,27.17,,GF,17,71.4,84.38,63.0,False,162
imsa,2023,Indianapolis,Indianapolis Motor Speedway,race,528,15,GTD,Scott Andrews,scott andrews,54,2.0,21,86.166,29.719,29.431,27.016,,GF,18,71.4,84.38,63.0,False,162
imsa,2023,Indianapolis,Indianapolis Motor Speedway,race,528,15,GTD,Scott Andrews,scott andrews,55,2.0,22,86.724,30.02,29.379,27.325,,GF,19,71.5,84.38,63.0,False,162
imsa,2023,Indianapolis,Indianapolis Motor Speedway,race,528,15,GTD,Scott Andrews,scott andrews,56,2.0,23,85.07,29.147,29.189,26.734,,GF,20,71.6,84.56,63.0,False,162
imsa,2023,Indianapolis,Indianapolis Motor Speedway,race,528,15,GTD,Scott Andrews,scott andrews,57,2.0,24,85.443,29.315,29.229,26.899,,GF,21,71.7,84.74,63.0,False,162
imsa,2023,Indianapolis,Indianapolis Motor Speedway,race,528,15,GTD,Scott Andrews,scott andrews,58,2.0,25,86.088,29.205,29.59,27.293,,GF,22,71.7,84.74,63.0,False,162
imsa,2023,Indianapolis,Indianapolis Motor Speedway,race,528,15,GTD,Scott Andrews,scott andrews,59,2.0,26,86.328,29.438,29.606,27.284,,GF,23,71.8,84.74,63.0,False,162
imsa,2023,Indianapolis,Indianapolis Motor Speedway,race,528,15,GTD,Scott Andrews,scott andrews,60,2.0,27,87.099,30.952,29.403,26.744,,GF,24,71.8,84.56,63.0,False,162
imsa,2023,Indianapolis,Indianapolis Motor Speedway,race,528,15,GTD,Scott Andrews,scott andrews,61,2.0,28,86.552,29.6,29.912,27.04,,GF,25,71.7,84.56,63.0,False,162
imsa,2023,Indianapolis,Indianapolis Motor Speedway,race,528,15,GTD,Scott Andrews,scott andrews,62,2.0,29,85.291,29.372,29.207,26.712,,GF,26,71.5,84.56,63.0,False,162
imsa,2023,Indianapolis,Indianapolis Motor Speedway,race,528,15,GTD,Scott Andrews,scott andrews,63,2.0,30,85.02,29.168,29.234,26.618,,GF,27,71.5,84.56,63.0,False,162
imsa,2023,Indianapolis,Indianapolis Motor Speedway,race,528,15,GTD,Scott Andrews,scott andrews,64,2.0,31,84.935,29.165,29.132,26.638,,GF,28,71.5,84.56,63.0,False,162
imsa,2023,Indianapolis,Indianapolis Motor Speedway,race,528,15,GTD,Scott Andrews,scott andrews,65,2.0,32,84.9,29.19,29.088,26.622,,GF,29,71.5,84.56,63.0,False,162
imsa,2023,Indianapolis,Indianapolis Motor Speedway,race,528,15,GTD,Scott Andrews,scott andrews,66,2.0,33,86.303,29.292,29.724,27.287,,GF,30,71.4,84.56,63.0,False,162
imsa,2023,Indianapolis,Indianapolis Motor Speedway,race,528,15,GTD,Scott Andrews,scott andrews,67,2.0,34,87.169,30.317,29.882,26.97,,GF,31,71.3,84.74,63.0,False,162
imsa,2023,Indianapolis,Indianapolis Motor Speedway,race,528,15,GTD,Scott Andrews,scott andrews,68,2.0,35,85.842,29.602,29.456,26.784,,GF,32,71.3,84.56,64.0,False,162
imsa,2023,Indianapolis,Indianapolis Motor Speedway,race,528,15,GTD,Scott Andrews,scott andrews,69,2.0,36,85.723,29.364,29.56,26.799,,GF,33,71.3,84.38,63.0,False,162
imsa,2023,Indianapolis,Indianapolis Motor Speedway,race,528,15,GTD,Scott Andrews,scott andrews,70,2.0,37,84.953,29.144,29.139,26.67,,GF,34,71.4,84.2,63.0,False,162
imsa,2023,Indianapolis,Indianapolis Motor Speedway,race,528,15,GTD,Scott Andrews,scott andrews,71,2.0,38,84.804,29.145,29.141,26.518,,GF,35,71.5,83.66,63.0,False,162
imsa,2023,Indianapolis,Indianapolis Motor Speedway,race,528,15,GTD,Scott Andrews,scott andrews,72,2.0,39,85.437,29.145,29.516,26.776,,GF,36,71.5,83.48,63.0,False,162
imsa,2023,Indianapolis,Indianapolis Motor Speedway,race,528,15,GTD,Scott Andrews,scott andrews,73,2.0,40,85.733,29.093,29.448,27.192,,GF,37,71.6,83.12,63.0,False,162
imsa,2023,Indianapolis,Indianapolis Motor Speedway,race,528,15,GTD,Scott Andrews,scott andrews,74,2.0,41,85.412,29.358,29.3,26.754,,GF,38,71.6,82.94,62.0,False,162
imsa,2023,Indianapolis,Indianapolis Motor Speedway,race,528,15,GTD,Scott Andrews,scott andrews,75,2.0,42,84.917,29.032,29.129,26.756,,GF,39,71.5,82.76,62.0,False,162
imsa,2023,Indianapolis,Indianapolis Motor Speedway,race,528,15,GTD,Scott Andrews,scott andrews,76,2.0,43,85.011,29.193,29.108,26.71,,GF,40,71.4,82.58,62.0,False,162
imsa,2023,Indianapolis,Indianapolis Motor Speedway,race,528,15,GTD,Scott Andrews,scott andrews,77,2.0,44,150.529,29.179,29.362,91.988,,GF,41,71.3,82.4,63.0,False,162
imsa,2023,Indianapolis,Indianapolis Motor Speedway,race,528,15,GTD,Scott Andrews,scott andrews,78,2.0,45,109.154,51.834,30.415,26.905,97.245,GF,0,71.2,82.4,63.0,False,162
imsa,2023,Indianapolis,Indianapolis Motor Speedway,race,528,15,GTD,Scott Andrews,scott andrews,79,2.0,46,86.674,29.67,29.915,27.089,,GF,0,71.2,82.04,63.0,False,162
imsa,2023,Indianapolis,Indianapolis Motor Speedway,race,528,15,GTD,Scott Andrews,scott andrews,80,2.0,47,85.542,29.34,29.259,26.943,,GF,1,71.0,81.68,63.0,False,162
imsa,2023,Indianapolis,Indianapolis Motor Speedway,race,528,15,GTD,Scott Andrews,scott andrews,81,2.0,48,85.57,29.21,29.249,27.111,,GF,2,70.9,81.5,63.0,False,162
imsa,2023,Indianapolis,Indianapolis Motor Speedway,race,528,15,GTD,Scott Andrews,scott andrews,82,2.0,49,85.31,29.17,29.336,26.804,,GF,3,70.8,81.5,63.0,False,162
imsa,2023,Indianapolis,Indianapolis Motor Speedway,race,528,15,GTD,Scott Andrews,scott andrews,83,2.0,50,85.695,29.296,29.256,27.143,,GF,4,70.8,81.5,63.0,False,162
imsa,2023,Indianapolis,Indianapolis Motor Speedway,race,528,15,GTD,Scott Andrews,scott andrews,84,2.0,51,85.197,29.308,29.173,26.716,,GF,5,70.8,81.32,63.0,False,162
imsa,2023,Indianapolis,Indianapolis Motor Speedway,race,528,15,GTD,Scott Andrews,scott andrews,85,2.0,52,86.556,29.822,29.565,27.169,,GF,6,70.9,81.32,63.0,False,162
imsa,2023,Indianapolis,Indianapolis Motor Speedway,race,528,15,GTD,Scott Andrews,scott andrews,86,2.0,53,87.164,29.855,30.112,27.197,,GF,7,70.9,81.32,63.0,False,162
imsa,2023,Indianapolis,Indianapolis Motor Speedway,race,528,15,GTD,Scott Andrews,scott andrews,87,2.0,54,85.926,29.659,29.433,26.834,,GF,8,71.1,81.5,63.0,False,162
imsa,2023,Indianapolis,Indianapolis Motor Speedway,race,528,15,GTD,Scott Andrews,scott andrews,88,2.0,55,85.645,29.242,29.594,26.809,,GF,9,71.1,81.5,63.0,False,162
imsa,2023,Indianapolis,Indianapolis Motor Speedway,race,528,15,GTD,Scott Andrews,scott andrews,89,2.0,56,85.538,29.19,29.548,26.8,,GF,10,71.3,81.68,62.0,False,162
imsa,2023,Indianapolis,Indianapolis Motor Speedway,race,528,15,GTD,Scott Andrews,scott andrews,90,2.0,57,86.678,29.942,29.586,27.15,,GF,11,71.2,81.68,62.0,False,162
imsa,2023,Indianapolis,Indianapolis Motor Speedway,race,528,15,GTD,Scott Andrews,scott andrews,91,2.0,58,86.27,29.752,29.563,26.955,,GF,12,71.2,81.68,62.0,False,162
imsa,2023,Indianapolis,Indianapolis Motor Speedway,race,528,15,GTD,Scott Andrews,scott andrews,92,2.0,59,87.288,29.346,30.824,27.118,,GF,13,71.3,81.86,62.0,False,162
imsa,2023,Indianapolis,Indianapolis Motor Speedway,race,528,15,GTD,Scott Andrews,scott andrews,93,2.0,60,87.018,29.262,30.356,27.4,,GF,14,71.3,81.86,62.0,False,162
imsa,2023,Indianapolis,Indianapolis Motor Speedway,race,528,15,GTD,Scott Andrews,scott andrews,94,2.0,61,86.502,29.55,30.046,26.906,,GF,15,71.3,82.04,63.0,False,162
imsa,2023,Indianapolis,Indianapolis Motor Speedway,race,528,15,GTD,Scott Andrews,scott andrews,95,2.0,62,86.534,29.875,29.583,27.076,,GF,16,71.3,82.04,62.0,False,162
imsa,2023,Indianapolis,Indianapolis Motor Speedway,race,528,15,GTD,Scott Andrews,scott andrews,96,2.0,63,86.541,29.34,29.832,27.369,,GF,17,71.5,82.04,62.0,False,162
imsa,2023,Indianapolis,Indianapolis Motor Speedway,race,528,15,GTD,Scott Andrews,scott andrews,97,2.0,64,86.44,29.705,29.509,27.226,,GF,18,71.5,82.4,62.0,False,162
imsa,2023,Indianapolis,Indianapolis Motor Speedway,race,528,15,GTD,Scott Andrews,scott andrews,98,2.0,65,86.735,30.07,29.701,26.964,,GF,19,71.6,82.58,62.0,False,162
imsa,2023,Indianapolis,Indianapolis Motor Speedway,race,528,15,GTD,Scott Andrews,scott andrews,99,2.0,66,85.765,29.391,29.457,26.917,,GF,20,71.7,82.76,62.0,False,162
imsa,2023,Indianapolis,Indianapolis Motor Speedway,race,528,15,GTD,Scott Andrews,scott andrews,100,2.0,67,86.07,29.508,29.518,27.044,,GF,21,71.8,82.76,62.0,False,162
imsa,2023,Indianapolis,Indianapolis Motor Speedway,race,528,15,GTD,Scott Andrews,scott andrews,101,2.0,68,85.933,29.575,29.461,26.897,,GF,22,72.0,82.94,62.0,False,162
imsa,2023,Indianapolis,Indianapolis Motor Speedway,race,528,15,GTD,Scott Andrews,scott andrews,102,2.0,69,85.766,29.412,29.485,26.869,,GF,23,72.0,82.94,61.0,False,162
imsa,2023,Indianapolis,Indianapolis Motor Speedway,race,528,15,GTD,Scott Andrews,scott andrews,103,2.0,70,86.674,29.786,29.903,26.985,,FF,24,72.0,82.94,61.0,False,162
imsa,2023,Indianapolis,Indianapolis Motor Speedway,race,528,27,GTD,Roman de Angelis,roman de angelis,1,1.0,0,147.021,72.42,35.458,39.143,,FCY,0,69.0,86.0,68.0,False,162
imsa,2023,Indianapolis,Indianapolis Motor Speedway,race,528,27,GTD,Roman de Angelis,roman de angelis,2,1.0,1,137.564,38.996,33.849,64.719,,FCY,0,69.0,85.82,68.0,False,162
imsa,2023,Indianapolis,Indianapolis Motor Speedway,race,528,27,GTD,Roman de Angelis,roman de angelis,3,1.0,2,173.014,55.624,50.196,67.194,,FCY,0,69.2,87.08,67.0,False,162
imsa,2023,Indianapolis,Indianapolis Motor Speedway,race,528,27,GTD,Roman de Angelis,roman de angelis,4,1.0,3,125.354,51.492,47.127,26.735,,GF,0,69.0,87.98,68.0,False,162
imsa,2023,Indianapolis,Indianapolis Motor Speedway,race,528,27,GTD,Roman de Angelis,roman de angelis,5,1.0,4,85.341,29.074,29.515,26.752,,GF,1,69.0,88.52,68.0,False,162
imsa,2023,Indianapolis,Indianapolis Motor Speedway,race,528,27,GTD,Roman de Angelis,roman de angelis,6,1.0,5,85.318,29.124,29.363,26.831,,GF,2,69.1,87.98,68.0,False,162
imsa,2023,Indianapolis,Indianapolis Motor Speedway,race,528,27,GTD,Roman de Angelis,roman de angelis,7,1.0,6,85.415,29.222,29.358,26.835,,GF,3,69.2,87.98,68.0,False,162
imsa,2023,Indianapolis,Indianapolis Motor Speedway,race,528,27,GTD,Roman de Angelis,roman de angelis,8,1.0,7,85.61,29.461,29.294,26.855,,GF,4,69.7,89.6,67.0,False,162
imsa,2023,Indianapolis,Indianapolis Motor Speedway,race,528,27,GTD,Roman de Angelis,roman de angelis,9,1.0,8,85.521,29.318,29.315,26.888,,GF,5,70.0,90.14,67.0,False,162
imsa,2023,Indianapolis,Indianapolis Motor Speedway,race,528,27,GTD,Roman de Angelis,roman de angelis,10,1.0,9,85.714,29.349,29.376,26.989,,GF,6,70.2,90.14,67.0,False,162
imsa,2023,Indianapolis,Indianapolis Motor Speedway,race,528,27,GTD,Roman de Angelis,roman de angelis,11,1.0,10,86.75,29.471,29.526,27.753,,GF,7,70.5,91.04,66.0,False,162
imsa,2023,Indianapolis,Indianapolis Motor Speedway,race,528,27,GTD,Roman de Angelis,roman de angelis,12,1.0,11,85.806,29.429,29.456,26.921,,GF,8,70.6,90.68,65.0,False,162
imsa,2023,Indianapolis,Indianapolis Motor Speedway,race,528,27,GTD,Roman de Angelis,roman de angelis,13,1.0,12,85.553,29.408,29.295,26.85,,GF,9,70.7,90.86,65.0,False,162
imsa,2023,Indianapolis,Indianapolis Motor Speedway,race,528,27,GTD,Roman de Angelis,roman de angelis,14,1.0,13,85.439,29.394,29.229,26.816,,GF,10,70.8,90.86,65.0,False,162
imsa,2023,Indianapolis,Indianapolis Motor Speedway,race,528,27,GTD,Roman de Angelis,roman de angelis,15,1.0,14,85.479,29.366,29.308,26.805,,GF,11,70.9,90.14,65.0,False,162
imsa,2023,Indianapolis,Indianapolis Motor Speedway,race,528,27,GTD,Roman de Angelis,roman de angelis,16,1.0,15,86.914,29.52,30.268,27.126,,GF,12,71.0,90.14,64.0,False,162
imsa,2023,Indianapolis,Indianapolis Motor Speedway,race,528,27,GTD,Roman de Angelis,roman de angelis,17,1.0,16,86.087,29.6,29.491,26.996,,GF,13,71.1,89.96,63.0,False,162
imsa,2023,Indianapolis,Indianapolis Motor Speedway,race,528,27,GTD,Roman de Angelis,roman de angelis,18,1.0,17,86.135,29.641,29.478,27.016,,GF,14,70.9,89.78,63.0,False,162
imsa,2023,Indianapolis,Indianapolis Motor Speedway,race,528,27,GTD,Roman de Angelis,roman de angelis,19,1.0,18,85.698,29.374,29.379,26.945,,GF,15,70.8,89.42,63.0,False,162
imsa,2023,Indianapolis,Indianapolis Motor Speedway,race,528,27,GTD,Roman de Angelis,roman de angelis,20,1.0,19,86.731,30.013,29.693,27.025,,GF,16,70.7,89.24,64.0,False,162
imsa,2023,Indianapolis,Indianapolis Motor Speedway,race,528,27,GTD,Roman de Angelis,roman de angelis,21,1.0,20,86.258,29.842,29.524,26.892,,GF,17,70.6,89.78,64.0,False,162
imsa,2023,Indianapolis,Indianapolis Motor Speedway,race,528,27,GTD,Roman de Angelis,roman de angelis,22,1.0,21,86.131,29.397,29.389,27.345,,GF,18,70.5,90.14,64.0,False,162
imsa,2023,Indianapolis,Indianapolis Motor Speedway,race,528,27,GTD,Roman de Angelis,roman de angelis,23,1.0,22,86.232,30.058,29.327,26.847,,GF,19,70.4,90.14,64.0,False,162
imsa,2023,Indianapolis,Indianapolis Motor Speedway,race,528,27,GTD,Roman de Angelis,roman de angelis,24,1.0,23,85.728,29.403,29.431,26.894,,GF,20,70.4,89.78,64.0,False,162
imsa,2023,Indianapolis,Indianapolis Motor Speedway,race,528,27,GTD,Roman de Angelis,roman de angelis,25,1.0,24,105.564,29.315,29.392,46.857,,GF,21,70.3,89.78,64.0,False,162
imsa,2023,Indianapolis,Indianapolis Motor Speedway,race,528,27,GTD,Roman de Angelis,roman de angelis,26,1.0,25,137.365,78.909,29.838,28.618,80.119,FCY,0,70.3,91.04,64.0,False,162
imsa,2023,Indianapolis,Indianapolis Motor Speedway,race,528,27,GTD,Roman de Angelis,roman de angelis,27,1.0,26,117.257,35.543,39.845,41.869,,FCY,0,70.8,91.76,64.0,False,162
imsa,2023,Indianapolis,Indianapolis Motor Speedway,race,528,27,GTD,Roman de Angelis,roman de angelis,28,1.0,27,127.223,43.299,42.946,40.978,,FCY,0,71.2,93.56,63.0,False,162
imsa,2023,Indianapolis,Indianapolis Motor Speedway,race,528,27,GTD,Roman de Angelis,roman de angelis,29,1.0,28,104.77,40.463,34.852,29.455,,FCY,0,71.3,93.92,62.0,False,162
imsa,2023,Indianapolis,Indianapolis Motor Speedway,race,528,27,GTD,Roman de Angelis,roman de angelis,30,1.0,29,93.163,31.82,32.578,28.765,,FCY,0,71.3,94.1,62.0,False,162
imsa,2023,Indianapolis,Indianapolis Motor Speedway,race,528,27,GTD,Roman de Angelis,roman de angelis,31,1.0,30,90.178,30.567,31.752,27.859,,FCY,0,71.2,95.36,62.0,False,162
imsa,2023,Indianapolis,Indianapolis Motor Speedway,race,528,27,GTD,Roman de Angelis,roman de angelis,32,1.0,31,100.779,32.657,35.671,32.451,,FCY,0,71.2,96.44,62.0,False,162
imsa,2023,Indianapolis,Indianapolis Motor Speedway,race,528,27,GTD,Roman de Angelis,roman de angelis,33,1.0,32,123.052,34.42,44.334,44.298,,FCY,0,71.3,96.62,62.0,False,162
imsa,2023,Indianapolis,Indianapolis Motor Speedway,race,528,27,GTD,Roman de Angelis,roman de angelis,34,1.0,33,155.612,56.746,54.598,44.268,,FCY,0,71.5,94.64,61.0,False,162
imsa,2023,Indianapolis,Indianapolis Motor Speedway,race,528,27,GTD,Roman de Angelis,roman de angelis,35,1.0,34,163.965,63.573,49.963,50.429,,FCY,0,71.5,93.92,62.0,False,162
imsa,2023,Indianapolis,Indianapolis Motor Speedway,race,528,27,GTD,Roman de Angelis,roman de angelis,36,1.0,35,140.775,43.019,52.31,45.446,,FCY,0,71.3,93.02,62.0,False,162
imsa,2023,Indianapolis,Indianapolis Motor Speedway,race,528,27,GTD,Roman de Angelis,roman de angelis,37,1.0,36,113.892,48.599,38.313,26.98,,GF,0,71.1,91.76,62.0,False,162
imsa,2023,Indianapolis,Indianapolis Motor Speedway,race,528,27,GTD,Roman de Angelis,roman de angelis,38,1.0,37,85.04,29.163,29.197,26.68,,GF,1,70.9,90.68,62.0,False,162
imsa,2023,Indianapolis,Indianapolis Motor Speedway,race,528,27,GTD,Roman de Angelis,roman de angelis,39,1.0,38,85.006,29.158,29.067,26.781,,GF,2,70.9,90.14,62.0,False,162
imsa,2023,Indianapolis,Indianapolis Motor Speedway,race,528,27,GTD,Roman de Angelis,roman de angelis,40,1.0,39,85.095,29.173,29.145,26.777,,GF,3,70.8,88.88,62.0,False,162
imsa,2023,Indianapolis,Indianapolis Motor Speedway,race,528,27,GTD,Roman de Angelis,roman de angelis,41,1.0,40,85.334,29.157,29.364,26.813,,GF,4,70.7,88.52,62.0,False,162
imsa,2023,Indianapolis,Indianapolis Motor Speedway,race,528,27,GTD,Roman de Angelis,roman de angelis,42,1.0,41,85.067,29.168,29.227,26.672,,GF,5,70.7,88.16,62.0,False,162
imsa,2023,Indianapolis,Indianapolis Motor Speedway,race,528,27,GTD,Roman de Angelis,roman de angelis,43,1.0,42,85.446,29.338,29.313,26.795,,GF,6,70.6,87.44,62.0,False,162
imsa,2023,Indianapolis,Indianapolis Motor Speedway,race,528,27,GTD,Roman de Angelis,roman de angelis,44,1.0,43,85.321,29.287,29.201,26.833,,GF,7,70.6,87.08,63.0,False,162
imsa,2023,Indianapolis,Indianapolis Motor Speedway,race,528,27,GTD,Roman de Angelis,roman de angelis,45,1.0,44,86.144,29.523,29.577,27.044,,GF,8,70.6,86.72,64.0,False,162
imsa,2023,Indianapolis,Indianapolis Motor Speedway,race,528,27,GTD,Roman de Angelis,roman de angelis,46,1.0,45,86.55,29.257,29.49,27.803,,GF,9,70.7,86.36,65.0,False,162
imsa,2023,Indianapolis,Indianapolis Motor Speedway,race,528,27,GTD,Roman de Angelis,roman de angelis,47,1.0,46,85.458,29.304,29.269,26.885,,GF,10,70.8,86.0,65.0,False,162
imsa,2023,Indianapolis,Indianapolis Motor Speedway,race,528,27,GTD,Roman de Angelis,roman de angelis,48,1.0,47,85.875,29.577,29.312,26.986,,GF,11,70.8,85.64,65.0,False,162
imsa,2023,Indianapolis,Indianapolis Motor Speedway,race,528,27,GTD,Roman de Angelis,roman de angelis,49,1.0,48,85.637,29.454,29.305,26.878,,GF,12,71.0,85.28,65.0,False,162
imsa,2023,Indianapolis,Indianapolis Motor Speedway,race,528,27,GTD,Roman de Angelis,roman de angelis,50,1.0,49,85.544,29.303,29.277,26.964,,GF,13,71.0,85.1,65.0,False,162
imsa,2023,Indianapolis,Indianapolis Motor Speedway,race,528,27,GTD,Roman de Angelis,roman de angelis,51,1.0,50,85.674,29.41,29.425,26.839,,GF,14,71.1,84.92,64.0,False,162
imsa,2023,Indianapolis,Indianapolis Motor Speedway,race,528,27,GTD,Roman de Angelis,roman de angelis,52,1.0,51,85.374,29.326,29.258,26.79,,GF,15,71.3,84.56,64.0,False,162
imsa,2023,Indianapolis,Indianapolis Motor Speedway,race,528,27,GTD,Roman de Angelis,roman de angelis,53,1.0,52,85.39,29.373,29.25,26.767,,GF,16,71.3,84.56,64.0,False,162
imsa,2023,Indianapolis,Indianapolis Motor Speedway,race,528,27,GTD,Roman de Angelis,roman de angelis,54,1.0,53,85.675,29.2,29.399,27.076,,GF,17,71.4,84.56,64.0,False,162
imsa,2023,Indianapolis,Indianapolis Motor Speedway,race,528,27,GTD,Roman de Angelis,roman de angelis,55,1.0,54,85.315,29.307,29.273,26.735,,GF,18,71.4,84.38,63.0,False,162
imsa,2023,Indianapolis,Indianapolis Motor Speedway,race,528,27,GTD,Roman de Angelis,roman de angelis,56,1.0,55,86.284,29.471,29.952,26.861,,GF,19,71.5,84.38,63.0,False,162
imsa,2023,Indianapolis,Indianapolis Motor Speedway,race,528,27,GTD,Roman de Angelis,roman de angelis,57,1.0,56,85.627,29.468,29.41,26.749,,GF,20,71.6,84.56,63.0,False,162
imsa,2023,Indianapolis,Indianapolis Motor Speedway,race,528,27,GTD,Roman de Angelis,roman de angelis,58,1.0,57,85.094,29.169,29.177,26.748,,GF,21,71.6,84.56,63.0,False,162
imsa,2023,Indianapolis,Indianapolis Motor Speedway,race,528,27,GTD,Roman de Angelis,roman de angelis,59,1.0,58,85.474,29.355,29.179,26.94,,GF,22,71.7,84.74,63.0,False,162
imsa,2023,Indianapolis,Indianapolis Motor Speedway,race,528,27,GTD,Roman de Angelis,roman de angelis,60,1.0,59,105.858,29.174,29.766,46.918,,GF,23,71.8,84.74,63.0,False,162
imsa,2023,Indianapolis,Indianapolis Motor Speedway,race,528,27,GTD,Marco Sorensen,marco sorensen,61,2.0,0,143.771,86.269,30.374,27.128,86.904,GF,0,71.7,84.56,63.0,False,162
imsa,2023,Indianapolis,Indianapolis Motor Speedway,race,528,27,GTD,Marco Sorensen,marco sorensen,62,2.0,1,86.053,29.817,29.524,26.712,,GF,0,71.6,84.56,63.0,False,162
imsa,2023,Indianapolis,Indianapolis Motor Speedway,race,528,27,GTD,Marco Sorensen,marco sorensen,63,2.0,2,85.578,29.261,29.361,26.956,,GF,1,71.5,84.56,63.0,False,162
imsa,2023,Indianapolis,Indianapolis Motor Speedway,race,528,27,GTD,Marco Sorensen,marco sorensen,64,2.0,3,85.603,29.349,29.472,26.782,,GF,2,71.5,84.56,64.0,False,162
imsa,2023,Indianapolis,Indianapolis Motor Speedway,race,528,27,GTD,Marco Sorensen,marco sorensen,65,2.0,4,85.852,29.701,29.39,26.761,,GF,3,71.5,84.56,63.0,False,162
imsa,2023,Indianapolis,Indianapolis Motor Speedway,race,528,27,GTD,Marco Sorensen,marco sorensen,66,2.0,5,85.247,29.416,29.095,26.736,,GF,4,71.4,84.56,63.0,False,162
imsa,2023,Indianapolis,Indianapolis Motor Speedway,race,528,27,GTD,Marco Sorensen,marco sorensen,67,2.0,6,85.733,29.392,29.72,26.621,,GF,5,71.3,84.74,63.0,False,162
imsa,2023,Indianapolis,Indianapolis Motor Speedway,race,528,27,GTD,Marco Sorensen,marco sorensen,68,2.0,7,85.191,29.228,29.16,26.803,,GF,6,71.3,84.56,64.0,False,162
imsa,2023,Indianapolis,Indianapolis Motor Speedway,race,528,27,GTD,Marco Sorensen,marco sorensen,69,2.0,8,85.458,29.153,29.285,27.02,,GF,7,71.3,84.56,63.0,False,162
imsa,2023,Indianapolis,Indianapolis Motor Speedway,race,528,27,GTD,Marco Sorensen,marco sorensen,70,2.0,9,85.722,29.32,29.558,26.844,,GF,8,71.3,84.38,63.0,False,162
imsa,2023,Indianapolis,Indianapolis Motor Speedway,race,528,27,GTD,Marco Sorensen,marco sorensen,71,2.0,10,86.824,29.349,30.309,27.166,,GF,9,71.4,83.84,63.0,False,162
imsa,2023,Indianapolis,Indianapolis Motor Speedway,race,528,27,GTD,Marco Sorensen,marco sorensen,72,2.0,11,85.855,29.67,29.47,26.715,,GF,10,71.5,83.66,63.0,False,162
imsa,2023,Indianapolis,Indianapolis Motor Speedway,race,528,27,GTD,Marco Sorensen,marco sorensen,73,2.0,12,86.722,29.462,29.835,27.425,,GF,11,71.6,83.12,63.0,False,162
imsa,2023,Indianapolis,Indianapolis Motor Speedway,race,528,27,GTD,Marco Sorensen,marco sorensen,74,2.0,13,86.293,29.81,29.533,26.95,,GF,12,71.6,83.12,62.0,False,162
imsa,2023,Indianapolis,Indianapolis Motor Speedway,race,528,27,GTD,Marco Sorensen,marco sorensen,75,2.0,14,86.924,30.133,29.413,27.378,,GF,13,71.5,82.76,62.0,False,162
imsa,2023,Indianapolis,Indianapolis Motor Speedway,race,528,27,GTD,Marco Sorensen,marco sorensen,76,2.0,15,85.553,29.276,29.24,27.037,,GF,14,71.5,82.58,63.0,False,162
imsa,2023,Indianapolis,Indianapolis Motor Speedway,race,528,27,GTD,Marco Sorensen,marco sorensen,77,2.0,16,85.924,29.816,29.231,26.877,,GF,15,71.4,82.58,62.0,False,162
imsa,2023,Indianapolis,Indianapolis Motor Speedway,race,528,27,GTD,Marco Sorensen,marco sorensen,78,2.0,17,85.357,29.331,29.29,26.736,,GF,16,71.3,82.4,63.0,False,162
imsa,2023,Indianapolis,Indianapolis Motor Speedway,race,528,27,GTD,Marco Sorensen,marco sorensen,79,2.0,18,85.454,29.13,29.371,26.953,,GF,17,71.2,82.4,63.0,False,162
imsa,2023,Indianapolis,Indianapolis Motor Speedway,race,528,27,GTD,Marco Sorensen,marco sorensen,80,2.0,19,86.323,29.402,29.991,26.93,,GF,18,71.2,82.04,63.0,False,162
imsa,2023,Indianapolis,Indianapolis Motor Speedway,race,528,27,GTD,Marco Sorensen,marco sorensen,81,2.0,20,85.22,29.267,29.218,26.735,,GF,19,71.1,81.86,63.0,False,162
imsa,2023,Indianapolis,Indianapolis Motor Speedway,race,528,27,GTD,Marco Sorensen,marco sorensen,82,2.0,21,85.959,29.338,29.556,27.065,,GF,20,70.9,81.5,63.0,False,162
imsa,2023,Indianapolis,Indianapolis Motor Speedway,race,528,27,GTD,Marco Sorensen,marco sorensen,83,2.0,22,85.603,29.451,29.288,26.864,,GF,21,70.9,81.5,63.0,False,162
imsa,2023,Indianapolis,Indianapolis Motor Speedway,race,528,27,GTD,Marco Sorensen,marco sorensen,84,2.0,23,85.756,29.485,29.257,27.014,,GF,22,70.8,81.5,63.0,False,162
imsa,2023,Indianapolis,Indianapolis Motor Speedway,race,528,27,GTD,Marco Sorensen,marco sorensen,85,2.0,24,85.509,29.345,29.4,26.764,,GF,23,70.8,81.32,63.0,False,162
imsa,2023,Indianapolis,Indianapolis Motor Speedway,race,528,27,GTD,Marco Sorensen,marco sorensen,86,2.0,25,85.996,29.601,29.519,26.876,,GF,24,70.8,81.32,63.0,False,162
imsa,2023,Indianapolis,Indianapolis Motor Speedway,race,528,27,GTD,Marco Sorensen,marco sorensen,87,2.0,26,86.246,29.247,29.572,27.427,,GF,25,70.9,81.32,63.0,False,162
imsa,2023,Indianapolis,Indianapolis Motor Speedway,race,528,27,GTD,Marco Sorensen,marco sorensen,88,2.0,27,85.953,29.307,29.503,27.143,,GF,26,71.0,81.5,63.0,False,162
imsa,2023,Indianapolis,Indianapolis Motor Speedway,race,528,27,GTD,Marco Sorensen,marco sorensen,89,2.0,28,85.719,29.441,29.306,26.972,,GF,27,71.1,81.5,63.0,False,162
imsa,2023,Indianapolis,Indianapolis Motor Speedway,race,528,27,GTD,Marco Sorensen,marco sorensen,90,2.0,29,85.683,29.38,29.294,27.009,,GF,28,71.3,81.68,62.0,False,162
imsa,2023,Indianapolis,Indianapolis Motor Speedway,race,528,27,GTD,Marco Sorensen,marco sorensen,91,2.0,30,85.255,29.266,29.215,26.774,,GF,29,71.2,81.68,62.0,False,162
imsa,2023,Indianapolis,Indianapolis Motor Speedway,race,528,27,GTD,Marco Sorensen,marco sorensen,92,2.0,31,85.813,29.751,29.364,26.698,,GF,30,71.2,81.68,62.0,False,162
imsa,2023,Indianapolis,Indianapolis Motor Speedway,race,528,27,GTD,Marco Sorensen,marco sorensen,93,2.0,32,85.739,29.349,29.542,26.848,,GF,31,71.3,81.68,62.0,False,162
imsa,2023,Indianapolis,Indianapolis Motor Speedway,race,528,27,GTD,Marco Sorensen,marco sorensen,94,2.0,33,85.708,29.358,29.307,27.043,,GF,32,71.3,81.86,62.0,False,162
imsa,2023,Indianapolis,Indianapolis Motor Speedway,race,528,27,GTD,Marco Sorensen,marco sorensen,95,2.0,34,85.346,29.377,29.197,26.772,,GF,33,71.3,82.04,63.0,False,162
imsa,2023,Indianapolis,Indianapolis Motor Speedway,race,528,27,GTD,Marco Sorensen,marco sorensen,96,2.0,35,85.559,29.275,29.329,26.955,,GF,34,71.3,82.04,63.0,False,162
imsa,2023,Indianapolis,Indianapolis Motor Speedway,race,528,27,GTD,Marco Sorensen,marco sorensen,97,2.0,36,85.66,29.282,29.371,27.007,,GF,35,71.5,82.04,62.0,False,162
imsa,2023,Indianapolis,Indianapolis Motor Speedway,race,528,27,GTD,Marco Sorensen,marco sorensen,98,2.0,37,85.351,29.304,29.278,26.769,,GF,36,71.5,82.22,62.0,False,162
imsa,2023,Indianapolis,Indianapolis Motor Speedway,race,528,27,GTD,Marco Sorensen,marco sorensen,99,2.0,38,85.731,29.29,29.38,27.061,,GF,37,71.6,82.58,62.0,False,162
imsa,2023,Indianapolis,Indianapolis Motor Speedway,race,528,27,GTD,Marco Sorensen,marco sorensen,100,2.0,39,86.347,29.435,29.769,27.143,,GF,38,71.7,82.76,62.0,False,162
imsa,2023,Indianapolis,Indianapolis Motor Speedway,race,528,27,GTD,Marco Sorensen,marco sorensen,101,2.0,40,85.677,29.32,29.325,27.032,,GF,39,71.7,82.76,62.0,False,162
imsa,2023,Indianapolis,Indianapolis Motor Speedway,race,528,27,GTD,Marco Sorensen,marco sorensen,102,2.0,41,85.981,29.384,29.347,27.25,,GF,40,71.9,82.94,62.0,False,162
imsa,2023,Indianapolis,Indianapolis Motor Speedway,race,528,27,GTD,Marco Sorensen,marco sorensen,103,2.0,42,85.655,29.498,29.301,26.856,,GF,41,72.0,82.94,62.0,False,162
imsa,2023,Indianapolis,Indianapolis Motor Speedway,race,528,27,GTD,Marco Sorensen,marco sorensen,104,2.0,43,85.459,29.398,29.233,26.828,,FF,42,72.0,82.94,61.0,False,162
imsa,2023,Indianapolis,Indianapolis Motor Speedway,race,528,32,GTD,Mikael Grenier,mikael grenier,1,1.0,0,137.553,70.637,32.491,34.425,,FCY,0,69.0,86.0,68.0,False,162
imsa,2023,Indianapolis,Indianapolis Motor Speedway,race,528,32,GTD,Mikael Grenier,mikael grenier,2,1.0,1,135.118,37.202,37.363,60.553,,FCY,0,69.0,85.82,68.0,False,162
imsa,2023,Indianapolis,Indianapolis Motor Speedway,race,528,32,GTD,Mikael Grenier,mikael grenier,3,1.0,2,174.039,56.986,54.943,62.11,,FCY,0,69.2,87.08,67.0,False,162
imsa,2023,Indianapolis,Indianapolis Motor Speedway,race,528,32,GTD,Mikael Grenier,mikael grenier,4,1.0,3,130.255,54.444,49.121,26.69,,GF,0,69.0,87.98,68.0,False,162
imsa,2023,Indianapolis,Indianapolis Motor Speedway,race,528,32,GTD,Mikael Grenier,mikael grenier,5,1.0,4,84.763,29.035,29.106,26.622,,GF,1,69.0,88.52,68.0,False,162
imsa,2023,Indianapolis,Indianapolis Motor Speedway,race,528,32,GTD,Mikael Grenier,mikael grenier,6,1.0,5,84.984,29.186,29.207,26.591,,GF,2,69.1,87.98,68.0,False,162
imsa,2023,Indianapolis,Indianapolis Motor Speedway,race,528,32,GTD,Mikael Grenier,mikael grenier,7,1.0,6,85.148,29.162,29.373,26.613,,GF,3,69.2,87.98,68.0,False,162
imsa,2023,Indianapolis,Indianapolis Motor Speedway,race,528,32,GTD,Mikael Grenier,mikael grenier,8,1.0,7,85.115,29.138,29.259,26.718,,GF,4,69.4,88.88,68.0,False,162
imsa,2023,Indianapolis,Indianapolis Motor Speedway,race,528,32,GTD,Mikael Grenier,mikael grenier,9,1.0,8,85.693,29.253,29.835,26.605,,GF,5,70.0,90.14,67.0,False,162
imsa,2023,Indianapolis,Indianapolis Motor Speedway,race,528,32,GTD,Mikael Grenier,mikael grenier,10,1.0,9,85.52,29.341,29.398,26.781,,GF,6,70.2,90.14,67.0,False,162
imsa,2023,Indianapolis,Indianapolis Motor Speedway,race,528,32,GTD,Mikael Grenier,mikael grenier,11,1.0,10,86.645,29.45,29.783,27.412,,GF,7,70.5,91.04,66.0,False,162
imsa,2023,Indianapolis,Indianapolis Motor Speedway,race,528,32,GTD,Mikael Grenier,mikael grenier,12,1.0,11,86.761,29.631,29.814,27.316,,GF,8,70.6,90.68,65.0,False,162
imsa,2023,Indianapolis,Indianapolis Motor Speedway,race,528,32,GTD,Mikael Grenier,mikael grenier,13,1.0,12,86.256,29.749,29.672,26.835,,GF,9,70.7,90.86,65.0,False,162
imsa,2023,Indianapolis,Indianapolis Motor Speedway,race,528,32,GTD,Mikael Grenier,mikael grenier,14,1.0,13,86.097,29.669,29.704,26.724,,GF,10,70.8,90.86,65.0,False,162
imsa,2023,Indianapolis,Indianapolis Motor Speedway,race,528,32,GTD,Mikael Grenier,mikael grenier,15,1.0,14,85.514,29.371,29.472,26.671,,GF,11,70.8,90.32,65.0,False,162
imsa,2023,Indianapolis,Indianapolis Motor Speedway,race,528,32,GTD,Mikael Grenier,mikael grenier,16,1.0,15,85.715,29.467,29.416,26.832,,GF,12,71.0,90.14,64.0,False,162
imsa,2023,Indianapolis,Indianapolis Motor Speedway,race,528,32,GTD,Mikael Grenier,mikael grenier,17,1.0,16,86.243,29.447,29.527,27.269,,GF,13,71.1,89.96,63.0,False,162
imsa,2023,Indianapolis,Indianapolis Motor Speedway,race,528,32,GTD,Mikael Grenier,mikael grenier,18,1.0,17,86.922,29.636,30.237,27.049,,GF,14,70.9,89.78,63.0,False,162
imsa,2023,Indianapolis,Indianapolis Motor Speedway,race,528,32,GTD,Mikael Grenier,mikael grenier,19,1.0,18,85.93,29.56,29.367,27.003,,GF,15,70.8,89.42,63.0,False,162
imsa,2023,Indianapolis,Indianapolis Motor Speedway,race,528,32,GTD,Mikael Grenier,mikael grenier,20,1.0,19,85.183,29.257,29.199,26.727,,GF,16,70.7,89.24,64.0,False,162
imsa,2023,Indianapolis,Indianapolis Motor Speedway,race,528,32,GTD,Mikael Grenier,mikael grenier,21,1.0,20,86.493,29.653,29.889,26.951,,GF,17,70.6,89.78,64.0,False,162
imsa,2023,Indianapolis,Indianapolis Motor Speedway,race,528,32,GTD,Mikael Grenier,mikael grenier,22,1.0,21,86.771,29.485,30.347,26.939,,GF,18,70.6,89.6,64.0,False,162
imsa,2023,Indianapolis,Indianapolis Motor Speedway,race,528,32,GTD,Mikael Grenier,mikael grenier,23,1.0,22,86.595,29.617,30.091,26.887,,GF,19,70.4,90.14,64.0,False,162
imsa,2023,Indianapolis,Indianapolis Motor Speedway,race,528,32,GTD,Mikael Grenier,mikael grenier,24,1.0,23,106.119,29.453,29.531,47.135,,GF,20,70.3,89.42,64.0,False,162
imsa,2023,Indianapolis,Indianapolis Motor Speedway,race,528,32,GTD,Mikael Grenier,mikael grenier,25,1.0,24,106.549,49.231,29.961,27.357,51.816,GF,0,70.3,89.78,64.0,False,162
imsa,2023,Indianapolis,Indianapolis Motor Speedway,race,528,32,GTD,Mikael Grenier,mikael grenier,26,1.0,25,85.663,29.543,29.33,26.79,,GF,0,70.3,91.04,64.0,False,162
imsa,2023,Indianapolis,Indianapolis Motor Speedway,race,528,32,GTD,Mikael Grenier,mikael grenier,27,1.0,26,101.859,31.651,33.235,36.973,,FCY,1,70.8,91.76,64.0,False,162
imsa,2023,Indianapolis,Indianapolis Motor Speedway,race,528,32,GTD,Mikael Grenier,mikael grenier,28,1.0,27,157.22,49.561,59.529,48.13,,FCY,1,71.1,93.02,63.0,False,162
imsa,2023,Indianapolis,Indianapolis Motor Speedway,race,528,32,GTD,Mikael Grenier,mikael grenier,29,1.0,28,90.146,32.341,30.328,27.477,,FCY,1,71.2,93.56,63.0,False,162
imsa,2023,Indianapolis,Indianapolis Motor Speedway,race,528,32,GTD,Mikael Grenier,mikael grenier,30,1.0,29,89.708,30.313,29.601,29.794,,FCY,1,71.3,94.1,62.0,False,162
imsa,2023,Indianapolis,Indianapolis Motor Speedway,race,528,32,GTD,Mikael Grenier,mikael grenier,31,1.0,30,148.177,35.483,32.307,80.387,,FCY,1,71.2,95.36,62.0,False,162
imsa,2023,Indianapolis,Indianapolis Motor Speedway,race,528,32,GTD,Mikael Grenier,mikael grenier,32,1.0,31,127.727,55.265,41.497,30.965,83.058,FCY,0,71.2,96.44,62.0,False,162
imsa,2023,Indianapolis,Indianapolis Motor Speedway,race,528,32,GTD,Mikael Grenier,mikael grenier,33,1.0,32,99.539,31.749,33.067,34.723,,FCY,0,71.3,96.62,62.0,False,162
imsa,2023,Indianapolis,Indianapolis Motor Speedway,race,528,32,GTD,Mikael Grenier,mikael grenier,34,1.0,33,149.499,50.692,55.345,43.462,,FCY,0,71.5,94.28,61.0,False,162
imsa,2023,Indianapolis,Indianapolis Motor Speedway,race,528,32,GTD,Mikael Grenier,mikael grenier,35,1.0,34,160.97,58.331,52.361,50.278,,FCY,0,71.5,93.92,62.0,False,162
imsa,2023,Indianapolis,Indianapolis Motor Speedway,race,528,32,GTD,Mikael Grenier,mikael grenier,36,1.0,35,139.897,43.955,49.711,46.231,,FCY,0,71.2,93.02,62.0,False,162
imsa,2023,Indianapolis,Indianapolis Motor Speedway,race,528,32,GTD,Mikael Grenier,mikael grenier,37,1.0,36,107.592,45.541,35.442,26.609,,GF,0,71.1,91.76,62.0,False,162
imsa,2023,Indianapolis,Indianapolis Motor Speedway,race,528,32,GTD,Mikael Grenier,mikael grenier,38,1.0,37,85.756,29.424,29.602,26.73,,GF,1,70.9,90.68,62.0,False,162
imsa,2023,Indianapolis,Indianapolis Motor Speedway,race,528,32,GTD,Mikael Grenier,mikael grenier,39,1.0,38,85.47,28.963,29.125,27.382,,GF,2,70.9,90.14,62.0,False,162
imsa,2023,Indianapolis,Indianapolis Motor Speedway,race,528,32,GTD,Mikael Grenier,mikael grenier,40,1.0,39,85.279,29.367,29.073,26.839,,GF,3,70.8,88.88,62.0,False,162
imsa,2023,Indianapolis,Indianapolis Motor Speedway,race,528,32,GTD,Mikael Grenier,mikael grenier,41,1.0,40,84.893,29.081,29.11,26.702,,GF,4,70.7,88.52,62.0,False,162
imsa,2023,Indianapolis,Indianapolis Motor Speedway,race,528,32,GTD,Mikael Grenier,mikael grenier,42,1.0,41,85.333,29.119,29.47,26.744,,GF,5,70.7,88.16,62.0,False,162
imsa,2023,Indianapolis,Indianapolis Motor Speedway,race,528,32,GTD,Mikael Grenier,mikael grenier,43,1.0,42,84.78,29.051,29.114,26.615,,GF,6,70.6,87.44,62.0,False,162
imsa,2023,Indianapolis,Indianapolis Motor Speedway,race,528,32,GTD,Mikael Grenier,mikael grenier,44,1.0,43,87.844,30.152,30.21,27.482,,GF,7,70.6,87.08,63.0,False,162
imsa,2023,Indianapolis,Indianapolis Motor Speedway,race,528,32,GTD,Mikael Grenier,mikael grenier,45,1.0,44,86.013,30.02,29.274,26.719,,GF,8,70.6,86.72,64.0,False,162
imsa,2023,Indianapolis,Indianapolis Motor Speedway,race,528,32,GTD,Mikael Grenier,mikael grenier,46,1.0,45,85.04,29.242,29.101,26.697,,GF,9,70.7,86.36,65.0,False,162
imsa,2023,Indianapolis,Indianapolis Motor Speedway,race,528,32,GTD,Mikael Grenier,mikael grenier,47,1.0,46,86.296,29.247,30.056,26.993,,GF,10,70.8,85.82,65.0,False,162
imsa,2023,Indianapolis,Indianapolis Motor Speedway,race,528,32,GTD,Mikael Grenier,mikael grenier,48,1.0,47,85.102,29.124,29.253,26.725,,GF,11,70.8,85.64,65.0,False,162
imsa,2023,Indianapolis,Indianapolis Motor Speedway,race,528,32,GTD,Mikael Grenier,mikael grenier,49,1.0,48,85.33,29.085,29.439,26.806,,GF,12,71.0,85.28,65.0,False,162
imsa,2023,Indianapolis,Indianapolis Motor Speedway,race,528,32,GTD,Mikael Grenier,mikael grenier,50,1.0,49,85.1,29.178,29.179,26.743,,GF,13,71.0,85.1,65.0,False,162
imsa,2023,Indianapolis,Indianapolis Motor Speedway,race,528,32,GTD,Mikael Grenier,mikael grenier,51,1.0,50,85.37,29.203,29.235,26.932,,GF,14,71.1,84.92,64.0,False,162
imsa,2023,Indianapolis,Indianapolis Motor Speedway,race,528,32,GTD,Mikael Grenier,mikael grenier,52,1.0,51,85.265,29.199,29.261,26.805,,GF,15,71.3,84.56,64.0,False,162
imsa,2023,Indianapolis,Indianapolis Motor Speedway,race,528,32,GTD,Mikael Grenier,mikael grenier,53,1.0,52,85.661,29.372,29.289,27.0,,GF,16,71.3,84.56,64.0,False,162
imsa,2023,Indianapolis,Indianapolis Motor Speedway,race,528,32,GTD,Mikael Grenier,mikael grenier,54,1.0,53,85.985,29.219,29.656,27.11,,GF,17,71.4,84.38,63.0,False,162
imsa,2023,Indianapolis,Indianapolis Motor Speedway,race,528,32,GTD,Mikael Grenier,mikael grenier,55,1.0,54,85.837,29.462,29.52,26.855,,GF,18,71.4,84.38,63.0,False,162
imsa,2023,Indianapolis,Indianapolis Motor Speedway,race,528,32,GTD,Mikael Grenier,mikael grenier,56,1.0,55,86.113,29.283,29.786,27.044,,GF,19,71.5,84.38,63.0,False,162
imsa,2023,Indianapolis,Indianapolis Motor Speedway,race,528,32,GTD,Mikael Grenier,mikael grenier,57,1.0,56,85.257,29.204,29.268,26.785,,GF,20,71.6,84.56,63.0,False,162
imsa,2023,Indianapolis,Indianapolis Motor Speedway,race,528,32,GTD,Mikael Grenier,mikael grenier,58,1.0,57,85.365,29.456,29.254,26.655,,GF,21,71.6,84.56,63.0,False,162
imsa,2023,Indianapolis,Indianapolis Motor Speedway,race,528,32,GTD,Mikael Grenier,mikael grenier,59,1.0,58,135.811,29.29,29.747,76.774,,GF,22,71.7,84.74,63.0,False,162
imsa,2023,Indianapolis,Indianapolis Motor Speedway,race,528,32,GTD,Mike Skeen,mike skeen,60,2.0,0,109.199,51.69,30.559,26.95,81.82,GF,0,71.8,84.56,63.0,False,162
imsa,2023,Indianapolis,Indianapolis Motor Speedway,race,528,32,GTD,Mike Skeen,mike skeen,61,2.0,1,85.721,29.651,29.368,26.702,,GF,0,71.7,84.56,63.0,False,162
imsa,2023,Indianapolis,Indianapolis Motor Speedway,race,528,32,GTD,Mike Skeen,mike skeen,62,2.0,2,85.554,29.44,29.585,26.529,,GF,1,71.6,84.56,63.0,False,162
imsa,2023,Indianapolis,Indianapolis Motor Speedway,race,528,32,GTD,Mike Skeen,mike skeen,63,2.0,3,85.306,29.085,29.563,26.658,,GF,2,71.5,84.56,63.0,False,162
imsa,2023,Indianapolis,Indianapolis Motor Speedway,race,528,32,GTD,Mike Skeen,mike skeen,64,2.0,4,85.411,29.447,29.232,26.732,,GF,3,71.5,84.56,64.0,False,162
imsa,2023,Indianapolis,Indianapolis Motor Speedway,race,528,32,GTD,Mike Skeen,mike skeen,65,2.0,5,85.527,29.209,29.3,27.018,,GF,4,71.5,84.56,63.0,False,162
imsa,2023,Indianapolis,Indianapolis Motor Speedway,race,528,32,GTD,Mike Skeen,mike skeen,66,2.0,6,85.327,29.484,29.205,26.638,,GF,5,71.4,84.56,63.0,False,162
imsa,2023,Indianapolis,Indianapolis Motor Speedway,race,528,32,GTD,Mike Skeen,mike skeen,67,2.0,7,85.194,29.239,29.32,26.635,,GF,6,71.3,84.74,63.0,False,162
imsa,2023,Indianapolis,Indianapolis Motor Speedway,race,528,32,GTD,Mike Skeen,mike skeen,68,2.0,8,86.036,29.557,29.659,26.82,,GF,7,71.3,84.56,64.0,False,162
imsa,2023,Indianapolis,Indianapolis Motor Speedway,race,528,32,GTD,Mike Skeen,mike skeen,69,2.0,9,85.29,29.236,29.248,26.806,,GF,8,71.3,84.56,63.0,False,162
imsa,2023,Indianapolis,Indianapolis Motor Speedway,race,528,32,GTD,Mike Skeen,mike skeen,70,2.0,10,86.441,29.391,29.422,27.628,,GF,9,71.4,84.2,63.0,False,162
imsa,2023,Indianapolis,Indianapolis Motor Speedway,race,528,32,GTD,Mike Skeen,mike skeen,71,2.0,11,87.93,30.118,30.735,27.077,,GF,10,71.4,83.84,63.0,False,162
imsa,2023,Indianapolis,Indianapolis Motor Speedway,race,528,32,GTD,Mike Skeen,mike skeen,72,2.0,12,86.188,29.434,29.63,27.124,,GF,11,71.5,83.66,63.0,False,162
imsa,2023,Indianapolis,Indianapolis Motor Speedway,race,528,32,GTD,Mike Skeen,mike skeen,73,2.0,13,88.117,29.442,30.606,28.069,,GF,12,71.6,83.12,63.0,False,162
imsa,2023,Indianapolis,Indianapolis Motor Speedway,race,528,32,GTD,Mike Skeen,mike skeen,74,2.0,14,86.478,29.793,29.778,26.907,,GF,13,71.6,83.12,62.0,False,162
imsa,2023,Indianapolis,Indianapolis Motor Speedway,race,528,32,GTD,Mike Skeen,mike skeen,75,2.0,15,85.593,29.458,29.3,26.835,,GF,14,71.5,82.76,62.0,False,162
imsa,2023,Indianapolis,Indianapolis Motor Speedway,race,528,32,GTD,Mike Skeen,mike skeen,76,2.0,16,85.797,29.417,29.44,26.94,,GF,15,71.5,82.58,63.0,False,162
imsa,2023,Indianapolis,Indianapolis Motor Speedway,race,528,32,GTD,Mike Skeen,mike skeen,77,2.0,17,85.85,29.469,29.502,26.879,,GF,16,71.3,82.58,63.0,False,162
imsa,2023,Indianapolis,Indianapolis Motor Speedway,race,528,32,GTD,Mike Skeen,mike skeen,78,2.0,18,86.949,29.55,29.393,28.006,,GF,17,71.3,82.4,63.0,False,162
imsa,2023,Indianapolis,Indianapolis Motor Speedway,race,528,32,GTD,Mike Skeen,mike skeen,79,2.0,19,86.345,29.995,29.345,27.005,,GF,18,71.2,82.4,63.0,False,162
imsa,2023,Indianapolis,Indianapolis Motor Speedway,race,528,32,GTD,Mike Skeen,mike skeen,80,2.0,20,86.115,29.602,29.449,27.064,,GF,19,71.2,82.04,63.0,False,162
imsa,2023,Indianapolis,Indianapolis Motor Speedway,race,528,32,GTD,Mike Skeen,mike skeen,81,2.0,21,86.839,29.887,29.818,27.134,,GF,20,71.1,81.86,63.0,False,162
imsa,2023,Indianapolis,Indianapolis Motor Speedway,race,528,32,GTD,Mike Skeen,mike skeen,82,2.0,22,86.622,29.446,29.935,27.241,,GF,21,70.9,81.5,63.0,False,162
imsa,2023,Indianapolis,Indianapolis Motor Speedway,race,528,32,GTD,Mike Skeen,mike skeen,83,2.0,23,85.686,29.345,29.51,26.831,,GF,22,70.9,81.5,63.0,False,162
imsa,2023,Indianapolis,Indianapolis Motor Speedway,race,528,32,GTD,Mike Skeen,mike skeen,84,2.0,24,86.059,29.62,29.618,26.821,,GF,23,70.8,81.5,63.0,False,162
imsa,2023,Indianapolis,Indianapolis Motor Speedway,race,528,32,GTD,Mike Skeen,mike skeen,85,2.0,25,95.134,29.52,29.556,36.058,,GF,24,70.8,81.32,63.0,False,162
imsa,2023,Indianapolis,Indianapolis Motor Speedway,race,528,32,GTD,Mike Skeen,mike skeen,86,2.0,26,86.135,29.829,29.445,26.861,,GF,25,70.9,81.32,63.0,False,162
imsa,2023,Indianapolis,Indianapolis Motor Speedway,race,528,32,GTD,Mike Skeen,mike skeen,87,2.0,27,85.773,29.708,29.322,26.743,,GF,26,70.9,81.32,63.0,False,162
imsa,2023,Indianapolis,Indianapolis Motor Speedway,race,528,32,GTD,Mike Skeen,mike skeen,88,2.0,28,85.555,29.331,29.436,26.788,,GF,27,71.0,81.5,63.0,False,162
imsa,2023,Indianapolis,Indianapolis Motor Speedway,race,528,32,GTD,Mike Skeen,mike skeen,89,2.0,29,86.807,30.281,29.584,26.942,,GF,28,71.1,81.5,63.0,False,162
imsa,2023,Indianapolis,Indianapolis Motor Speedway,race,528,32,GTD,Mike Skeen,mike skeen,90,2.0,30,85.449,29.295,29.288,26.866,,GF,29,71.3,81.68,62.0,False,162
imsa,2023,Indianapolis,Indianapolis Motor Speedway,race,528,32,GTD,Mike Skeen,mike skeen,91,2.0,31,86.024,29.571,29.511,26.942,,GF,30,71.2,81.68,62.0,False,162
imsa,2023,Indianapolis,Indianapolis Motor Speedway,race,528,32,GTD,Mike Skeen,mike skeen,92,2.0,32,86.725,29.518,29.319,27.888,,GF,31,71.2,81.68,62.0,False,162
imsa,2023,Indianapolis,Indianapolis Motor Speedway,race,528,32,GTD,Mike Skeen,mike skeen,93,2.0,33,86.728,29.581,29.786,27.361,,GF,32,71.3,81.68,62.0,False,162
imsa,2023,Indianapolis,Indianapolis Motor Speedway,race,528,32,GTD,Mike Skeen,mike skeen,94,2.0,34,86.425,29.518,29.884,27.023,,GF,33,71.3,81.86,62.0,False,162
imsa,2023,Indianapolis,Indianapolis Motor Speedway,race,528,32,GTD,Mike Skeen,mike skeen,95,2.0,35,86.732,29.71,29.975,27.047,,GF,34,71.3,82.04,63.0,False,162
imsa,2023,Indianapolis,Indianapolis Motor Speedway,race,528,32,GTD,Mike Skeen,mike skeen,96,2.0,36,87.481,29.811,30.0,27.67,,GF,35,71.3,82.04,62.0,False,162
imsa,2023,Indianapolis,Indianapolis Motor Speedway,race,528,32,GTD,Mike Skeen,mike skeen,97,2.0,37,87.269,29.618,29.659,27.992,,GF,36,71.5,82.04,62.0,False,162
imsa,2023,Indianapolis,Indianapolis Motor Speedway,race,528,32,GTD,Mike Skeen,mike skeen,98,2.0,38,86.464,30.016,29.58,26.868,,GF,37,71.5,82.4,62.0,False,162
imsa,2023,Indianapolis,Indianapolis Motor Speedway,race,528,32,GTD,Mike Skeen,mike skeen,99,2.0,39,85.785,29.297,29.534,26.954,,GF,38,71.6,82.58,62.0,False,162
imsa,2023,Indianapolis,Indianapolis Motor Speedway,race,528,32,GTD,Mike Skeen,mike skeen,100,2.0,40,86.797,29.905,29.79,27.102,,GF,39,71.7,82.76,62.0,False,162
imsa,2023,Indianapolis,Indianapolis Motor Speedway,race,528,32,GTD,Mike Skeen,mike skeen,101,2.0,41,88.287,30.713,30.232,27.342,,GF,40,71.8,82.76,62.0,False,162
imsa,2023,Indianapolis,Indianapolis Motor Speedway,race,528,32,GTD,Mike Skeen,mike skeen,102,2.0,42,86.716,30.081,29.488,27.147,,GF,41,71.9,82.94,62.0,False,162
imsa,2023,Indianapolis,Indianapolis Motor Speedway,race,528,32,GTD,Mike Skeen,mike skeen,103,2.0,43,86.358,29.63,29.51,27.218,,GF,42,72.0,82.94,61.0,False,162
imsa,2023,Indianapolis,Indianapolis Motor Speedway,race,528,32,GTD,Mike Skeen,mike skeen,104,2.0,44,86.578,29.921,29.578,27.079,,FF,43,72.0,82.94,61.0,False,162
imsa,2023,Indianapolis,Indianapolis Motor Speedway,race,528,57,GTD,Russell Ward,russell ward,1,1.0,0,145.368,71.916,35.221,38.231,,FCY,0,69.0,86.0,68.0,False,162
imsa,2023,Indianapolis,Indianapolis Motor Speedway,race,528,57,GTD,Russell Ward,russell ward,2,1.0,1,137.543,39.768,34.049,63.726,,FCY,0,69.0,85.82,68.0,False,162
imsa,2023,Indianapolis,Indianapolis Motor Speedway,race,528,57,GTD,Russell Ward,russell ward,3,1.0,2,172.988,56.615,49.938,66.435,,FCY,0,69.2,87.08,67.0,False,162
imsa,2023,Indianapolis,Indianapolis Motor Speedway,race,528,57,GTD,Russell Ward,russell ward,4,1.0,3,125.992,52.033,47.045,26.914,,GF,0,69.0,87.98,68.0,False,162
imsa,2023,Indianapolis,Indianapolis Motor Speedway,race,528,57,GTD,Russell Ward,russell ward,5,1.0,4,85.646,29.301,29.584,26.761,,GF,1,69.0,88.52,68.0,False,162
imsa,2023,Indianapolis,Indianapolis Motor Speedway,race,528,57,GTD,Russell Ward,russell ward,6,1.0,5,85.14,29.01,29.403,26.727,,GF,2,69.1,87.98,68.0,False,162
imsa,2023,Indianapolis,Indianapolis Motor Speedway,race,528,57,GTD,Russell Ward,russell ward,7,1.0,6,85.263,29.294,29.378,26.591,,GF,3,69.2,87.98,68.0,False,162
imsa,2023,Indianapolis,Indianapolis Motor Speedway,race,528,57,GTD,Russell Ward,russell ward,8,1.0,7,85.63,29.261,29.688,26.681,,GF,4,69.7,89.6,67.0,False,162
imsa,2023,Indianapolis,Indianapolis Motor Speedway,race,528,57,GTD,Russell Ward,russell ward,9,1.0,8,85.418,29.114,29.594,26.71,,GF,5,70.0,90.14,67.0,False,162
imsa,2023,Indianapolis,Indianapolis Motor Speedway,race,528,57,GTD,Russell Ward,russell ward,10,1.0,9,85.005,29.128,29.258,26.619,,GF,6,70.2,90.14,67.0,False,162
imsa,2023,Indianapolis,Indianapolis Motor Speedway,race,528,57,GTD,Russell Ward,russell ward,11,1.0,10,86.096,29.474,29.265,27.357,,GF,7,70.5,91.04,66.0,False,162
imsa,2023,Indianapolis,Indianapolis Motor Speedway,race,528,57,GTD,Russell Ward,russell ward,12,1.0,11,86.171,29.219,29.608,27.344,,GF,8,70.6,90.68,65.0,False,162
imsa,2023,Indianapolis,Indianapolis Motor Speedway,race,528,57,GTD,Russell Ward,russell ward,13,1.0,12,85.734,29.625,29.353,26.756,,GF,9,70.7,90.86,65.0,False,162
imsa,2023,Indianapolis,Indianapolis Motor Speedway,race,528,57,GTD,Russell Ward,russell ward,14,1.0,13,85.596,29.316,29.29,26.99,,GF,10,70.8,90.86,65.0,False,162
imsa,2023,Indianapolis,Indianapolis Motor Speedway,race,528,57,GTD,Russell Ward,russell ward,15,1.0,14,86.29,29.417,30.124,26.749,,GF,11,70.9,90.14,65.0,False,162
imsa,2023,Indianapolis,Indianapolis Motor Speedway,race,528,57,GTD,Russell Ward,russell ward,16,1.0,15,87.521,29.322,30.875,27.324,,GF,12,71.0,90.14,64.0,False,162
imsa,2023,Indianapolis,Indianapolis Motor Speedway,race,528,57,GTD,Russell Ward,russell ward,17,1.0,16,85.954,29.501,29.492,26.961,,GF,13,71.1,89.96,63.0,False,162
imsa,2023,Indianapolis,Indianapolis Motor Speedway,race,528,57,GTD,Russell Ward,russell ward,18,1.0,17,85.903,29.72,29.291,26.892,,GF,14,70.9,89.78,63.0,False,162
imsa,2023,Indianapolis,Indianapolis Motor Speedway,race,528,57,GTD,Russell Ward,russell ward,19,1.0,18,85.475,29.307,29.305,26.863,,GF,15,70.8,89.42,63.0,False,162
imsa,2023,Indianapolis,Indianapolis Motor Speedway,race,528,57,GTD,Russell Ward,russell ward,20,1.0,19,87.151,29.639,30.654,26.858,,GF,16,70.7,89.24,64.0,False,162
imsa,2023,Indianapolis,Indianapolis Motor Speedway,race,528,57,GTD,Russell Ward,russell ward,21,1.0,20,87.54,31.085,29.634,26.821,,GF,17,70.6,89.78,64.0,False,162
imsa,2023,Indianapolis,Indianapolis Motor Speedway,race,528,57,GTD,Russell Ward,russell ward,22,1.0,21,86.007,29.171,30.138,26.698,,GF,18,70.5,90.14,64.0,False,162
imsa,2023,Indianapolis,Indianapolis Motor Speedway,race,528,57,GTD,Russell Ward,russell ward,23,1.0,22,86.323,29.837,29.61,26.876,,GF,19,70.4,90.14,64.0,False,162
imsa,2023,Indianapolis,Indianapolis Motor Speedway,race,528,57,GTD,Russell Ward,russell ward,24,1.0,23,85.482,29.313,29.359,26.81,,GF,20,70.4,89.78,64.0,False,162
imsa,2023,Indianapolis,Indianapolis Motor Speedway,race,528,57,GTD,Russell Ward,russell ward,25,1.0,24,86.506,29.42,29.381,27.705,,GF,21,70.3,89.78,64.0,False,162
imsa,2023,Indianapolis,Indianapolis Motor Speedway,race,528,57,GTD,Russell Ward,russell ward,26,1.0,25,86.982,29.599,30.605,26.778,,GF,22,70.3,90.32,64.0,False,162
imsa,2023,Indianapolis,Indianapolis Motor Speedway,race,528,57,GTD,Russell Ward,russell ward,27,1.0,26,92.124,29.361,29.537,33.226,,FCY,23,70.5,91.58,65.0,False,162
imsa,2023,Indianapolis,Indianapolis Motor Speedway,race,528,57,GTD,Russell Ward,russell ward,28,1.0,27,108.523,34.977,36.543,37.003,,FCY,23,71.0,92.48,63.0,False,162
imsa,2023,Indianapolis,Indianapolis Motor Speedway,race,528,57,GTD,Russell Ward,russell ward,29,1.0,28,127.599,43.028,40.972,43.599,,FCY,23,71.2,93.56,63.0,False,162
imsa,2023,Indianapolis,Indianapolis Motor Speedway,race,528,57,GTD,Russell Ward,russell ward,30,1.0,29,134.388,42.068,54.083,38.237,,FCY,23,71.3,94.1,62.0,False,162
imsa,2023,Indianapolis,Indianapolis Motor Speedway,race,528,57,GTD,Russell Ward,russell ward,31,1.0,30,150.466,35.863,35.162,79.441,,FCY,23,71.2,95.36,62.0,False,162
imsa,2023,Indianapolis,Indianapolis Motor Speedway,race,528,57,GTD,Philip Ellis,philip ellis,32,2.0,0,123.573,55.847,38.165,29.561,81.059,FCY,0,71.2,96.44,62.0,False,162
imsa,2023,Indianapolis,Indianapolis Motor Speedway,race,528,57,GTD,Philip Ellis,philip ellis,33,2.0,1,104.398,34.454,33.294,36.65,,FCY,0,71.3,96.62,62.0,False,162
imsa,2023,Indianapolis,Indianapolis Motor Speedway,race,528,57,GTD,Philip Ellis,philip ellis,34,2.0,2,150.097,50.469,55.119,44.509,,FCY,0,71.5,94.64,61.0,False,162
imsa,2023,Indianapolis,Indianapolis Motor Speedway,race,528,57,GTD,Philip Ellis,philip ellis,35,2.0,3,162.385,60.125,52.737,49.523,,FCY,0,71.5,93.92,62.0,False,162
imsa,2023,Indianapolis,Indianapolis Motor Speedway,race,528,57,GTD,Philip Ellis,philip ellis,36,2.0,4,139.206,42.208,51.627,45.371,,FCY,0,71.2,93.02,62.0,False,162
imsa,2023,Indianapolis,Indianapolis Motor Speedway,race,528,57,GTD,Philip Ellis,philip ellis,37,2.0,5,110.428,46.726,37.08,26.622,,GF,0,71.1,91.76,62.0,False,162
imsa,2023,Indianapolis,Indianapolis Motor Speedway,race,528,57,GTD,Philip Ellis,philip ellis,38,2.0,6,85.138,29.206,29.214,26.718,,GF,1,70.9,90.68,62.0,False,162
imsa,2023,Indianapolis,Indianapolis Motor Speedway,race,528,57,GTD,Philip Ellis,philip ellis,39,2.0,7,85.509,29.488,29.198,26.823,,GF,2,70.9,90.14,62.0,False,162
imsa,2023,Indianapolis,Indianapolis Motor Speedway,race,528,57,GTD,Philip Ellis,philip ellis,40,2.0,8,86.214,29.14,29.972,27.102,,GF,3,70.8,88.88,62.0,False,162
imsa,2023,Indianapolis,Indianapolis Motor Speedway,race,528,57,GTD,Philip Ellis,philip ellis,41,2.0,9,84.465,28.945,28.945,26.575,,GF,4,70.7,88.52,62.0,False,162
imsa,2023,Indianapolis,Indianapolis Motor Speedway,race,528,57,GTD,Philip Ellis,philip ellis,42,2.0,10,85.085,29.104,29.294,26.687,,GF,5,70.7,88.16,62.0,False,162
imsa,2023,Indianapolis,Indianapolis Motor Speedway,race,528,57,GTD,Philip Ellis,philip ellis,43,2.0,11,84.973,29.161,29.026,26.786,,GF,6,70.6,87.44,62.0,False,162
imsa,2023,Indianapolis,Indianapolis Motor Speedway,race,528,57,GTD,Philip Ellis,philip ellis,44,2.0,12,86.085,29.216,29.378,27.491,,GF,7,70.6,87.08,63.0,False,162
imsa,2023,Indianapolis,Indianapolis Motor Speedway,race,528,57,GTD,Philip Ellis,philip ellis,45,2.0,13,86.453,29.997,29.253,27.203,,GF,8,70.6,86.72,64.0,False,162
imsa,2023,Indianapolis,Indianapolis Motor Speedway,race,528,57,GTD,Philip Ellis,philip ellis,46,2.0,14,85.971,29.63,29.322,27.019,,GF,9,70.7,86.36,65.0,False,162
imsa,2023,Indianapolis,Indianapolis Motor Speedway,race,528,57,GTD,Philip Ellis,philip ellis,47,2.0,15,85.454,29.724,29.032,26.698,,GF,10,70.8,85.82,65.0,False,162
imsa,2023,Indianapolis,Indianapolis Motor Speedway,race,528,57,GTD,Philip Ellis,philip ellis,48,2.0,16,85.889,29.402,29.358,27.129,,GF,11,70.8,85.64,65.0,False,162
imsa,2023,Indianapolis,Indianapolis Motor Speedway,race,528,57,GTD,Philip Ellis,philip ellis,49,2.0,17,84.895,29.125,28.977,26.793,,GF,12,71.0,85.28,65.0,False,162
imsa,2023,Indianapolis,Indianapolis Motor Speedway,race,528,57,GTD,Philip Ellis,philip ellis,50,2.0,18,85.261,29.239,29.148,26.874,,GF,13,71.0,85.1,65.0,False,162
imsa,2023,Indianapolis,Indianapolis Motor Speedway,race,528,57,GTD,Philip Ellis,philip ellis,51,2.0,19,85.085,29.23,29.042,26.813,,GF,14,71.1,84.92,64.0,False,162
imsa,2023,Indianapolis,Indianapolis Motor Speedway,race,528,57,GTD,Philip Ellis,philip ellis,52,2.0,20,85.252,29.216,29.187,26.849,,GF,15,71.3,84.56,64.0,False,162
imsa,2023,Indianapolis,Indianapolis Motor Speedway,race,528,57,GTD,Philip Ellis,philip ellis,53,2.0,21,85.489,29.377,29.322,26.79,,GF,16,71.3,84.56,64.0,False,162
imsa,2023,Indianapolis,Indianapolis Motor Speedway,race,528,57,GTD,Philip Ellis,philip ellis,54,2.0,22,86.622,30.296,29.404,26.922,,GF,17,71.4,84.56,64.0,False,162
imsa,2023,Indianapolis,Indianapolis Motor Speedway,race,528,57,GTD,Philip Ellis,philip ellis,55,2.0,23,87.039,29.629,30.266,27.144,,GF,18,71.4,84.38,63.0,False,162
imsa,2023,Indianapolis,Indianapolis Motor Speedway,race,528,57,GTD,Philip Ellis,philip ellis,56,2.0,24,85.674,29.197,29.169,27.308,,GF,19,71.5,84.38,63.0,False,162
imsa,2023,Indianapolis,Indianapolis Motor Speedway,race,528,57,GTD,Philip Ellis,philip ellis,57,2.0,25,85.253,29.319,29.053,26.881,,GF,20,71.6,84.56,63.0,False,162
imsa,2023,Indianapolis,Indianapolis Motor Speedway,race,528,57,GTD,Philip Ellis,philip ellis,58,2.0,26,85.189,29.031,29.053,27.105,,GF,21,71.6,84.56,63.0,False,162
imsa,2023,Indianapolis,Indianapolis Motor Speedway,race,528,57,GTD,Philip Ellis,philip ellis,59,2.0,27,85.995,29.31,29.196,27.489,,GF,22,71.7,84.74,63.0,False,162
imsa,2023,Indianapolis,Indianapolis Motor Speedway,race,528,57,GTD,Philip Ellis,philip ellis,60,2.0,28,87.407,29.318,30.461,27.628,,GF,23,71.8,84.74,63.0,False,162
imsa,2023,Indianapolis,Indianapolis Motor Speedway,race,528,57,GTD,Philip Ellis,philip ellis,61,2.0,29,134.004,29.514,29.03,75.46,,GF,24,71.8,84.56,63.0,False,162
imsa,2023,Indianapolis,Indianapolis Motor Speedway,race,528,57,GTD,Philip Ellis,philip ellis,62,2.0,30,108.62,51.365,30.266,26.989,80.457,GF,0,71.6,84.56,63.0,False,162
imsa,2023,Indianapolis,Indianapolis Motor Speedway,race,528,57,GTD,Philip Ellis,philip ellis,63,2.0,31,85.729,29.315,29.204,27.21,,GF,0,71.5,84.56,63.0,False,162
imsa,2023,Indianapolis,Indianapolis Motor Speedway,race,528,57,GTD,Philip Ellis,philip ellis,64,2.0,32,85.454,29.193,29.368,26.893,,GF,1,71.5,84.56,64.0,False,162
imsa,2023,Indianapolis,Indianapolis Motor Speedway,race,528,57,GTD,Philip Ellis,philip ellis,65,2.0,33,85.097,29.262,29.094,26.741,,GF,2,71.5,84.56,63.0,False,162
imsa,2023,Indianapolis,Indianapolis Motor Speedway,race,528,57,GTD,Philip Ellis,philip ellis,66,2.0,34,85.035,29.0,29.411,26.624,,GF,3,71.4,84.56,63.0,False,162
imsa,2023,Indianapolis,Indianapolis Motor Speedway,race,528,57,GTD,Philip Ellis,philip ellis,67,2.0,35,84.988,28.935,29.388,26.665,,GF,4,71.3,84.74,63.0,False,162
imsa,2023,Indianapolis,Indianapolis Motor Speedway,race,528,57,GTD,Philip Ellis,philip ellis,68,2.0,36,84.975,29.003,29.041,26.931,,GF,5,71.3,84.56,64.0,False,162
imsa,2023,Indianapolis,Indianapolis Motor Speedway,race,528,57,GTD,Philip Ellis,philip ellis,69,2.0,37,85.445,29.594,29.309,26.542,,GF,6,71.3,84.56,63.0,False,162
imsa,2023,Indianapolis,Indianapolis Motor Speedway,race,528,57,GTD,Philip Ellis,philip ellis,70,2.0,38,84.388,28.823,28.838,26.727,,GF,7,71.3,84.38,63.0,False,162
imsa,2023,Indianapolis,Indianapolis Motor Speedway,race,528,57,GTD,Philip Ellis,philip ellis,71,2.0,39,84.666,29.223,28.911,26.532,,GF,8,71.4,83.84,63.0,False,162
imsa,2023,Indianapolis,Indianapolis Motor Speedway,race,528,57,GTD,Philip Ellis,philip ellis,72,2.0,40,84.748,29.029,29.009,26.71,,GF,9,71.5,83.66,63.0,False,162
imsa,2023,Indianapolis,Indianapolis Motor Speedway,race,528,57,GTD,Philip Ellis,philip ellis,73,2.0,41,84.926,29.158,29.029,26.739,,GF,10,71.6,83.12,63.0,False,162
imsa,2023,Indianapolis,Indianapolis Motor Speedway,race,528,57,GTD,Philip Ellis,philip ellis,74,2.0,42,85.425,29.144,29.481,26.8,,GF,11,71.6,83.12,62.0,False,162
imsa,2023,Indianapolis,Indianapolis Motor Speedway,race,528,57,GTD,Philip Ellis,philip ellis,75,2.0,43,87.001,30.207,29.815,26.979,,GF,12,71.5,82.76,62.0,False,162
imsa,2023,Indianapolis,Indianapolis Motor Speedway,race,528,57,GTD,Philip Ellis,philip ellis,76,2.0,44,85.475,29.216,29.439,26.82,,GF,13,71.5,82.58,63.0,False,162
imsa,2023,Indianapolis,Indianapolis Motor Speedway,race,528,57,GTD,Philip Ellis,philip ellis,77,2.0,45,86.577,29.232,30.151,27.194,,GF,14,71.4,82.58,62.0,False,162
imsa,2023,Indianapolis,Indianapolis Motor Speedway,race,528,57,GTD,Philip Ellis,philip ellis,78,2.0,46,86.612,29.36,29.748,27.504,,GF,15,71.3,82.4,63.0,False,162
imsa,2023,Indianapolis,Indianapolis Motor Speedway,race,528,57,GTD,Philip Ellis,philip ellis,79,2.0,47,86.399,30.335,29.215,26.849,,GF,16,71.2,82.4,63.0,False,162
imsa,2023,Indianapolis,Indianapolis Motor Speedway,race,528,57,GTD,Philip Ellis,philip ellis,80,2.0,48,85.425,29.131,29.237,27.057,,GF,17,71.2,82.04,63.0,False,162
imsa,2023,Indianapolis,Indianapolis Motor Speedway,race,528,57,GTD,Philip Ellis,philip ellis,81,2.0,49,85.039,28.989,29.375,26.675,,GF,18,71.1,81.86,63.0,False,162
imsa,2023,Indianapolis,Indianapolis Motor Speedway,race,528,57,GTD,Philip Ellis,philip ellis,82,2.0,50,84.787,29.127,29.029,26.631,,GF,19,71.0,81.68,63.0,False,162
imsa,2023,Indianapolis,Indianapolis Motor Speedway,race,528,57,GTD,Philip Ellis,philip ellis,83,2.0,51,85.245,29.253,29.148,26.844,,GF,20,70.9,81.5,63.0,False,162
imsa,2023,Indianapolis,Indianapolis Motor Speedway,race,528,57,GTD,Philip Ellis,philip ellis,84,2.0,52,85.538,29.592,29.154,26.792,,GF,21,70.8,81.5,63.0,False,162
imsa,2023,Indianapolis,Indianapolis Motor Speedway,race,528,57,GTD,Philip Ellis,philip ellis,85,2.0,53,85.851,29.51,29.474,26.867,,GF,22,70.8,81.32,63.0,False,162
imsa,2023,Indianapolis,Indianapolis Motor Speedway,race,528,57,GTD,Philip Ellis,philip ellis,86,2.0,54,85.38,29.272,29.194,26.914,,GF,23,70.8,81.32,63.0,False,162
imsa,2023,Indianapolis,Indianapolis Motor Speedway,race,528,57,GTD,Philip Ellis,philip ellis,87,2.0,55,85.605,29.22,29.514,26.871,,GF,24,70.9,81.32,63.0,False,162
imsa,2023,Indianapolis,Indianapolis Motor Speedway,race,528,57,GTD,Philip Ellis,philip ellis,88,2.0,56,86.073,29.247,29.593,27.233,,GF,25,71.0,81.5,63.0,False,162
imsa,2023,Indianapolis,Indianapolis Motor Speedway,race,528,57,GTD,Philip Ellis,philip ellis,89,2.0,57,85.373,29.204,29.217,26.952,,GF,26,71.1,81.5,63.0,False,162
imsa,2023,Indianapolis,Indianapolis Motor Speedway,race,528,57,GTD,Philip Ellis,philip ellis,90,2.0,58,85.764,29.777,29.257,26.73,,GF,27,71.3,81.68,62.0,False,162
imsa,2023,Indianapolis,Indianapolis Motor Speedway,race,528,57,GTD,Philip Ellis,philip ellis,91,2.0,59,85.91,29.622,29.353,26.935,,GF,28,71.2,81.68,62.0,False,162
imsa,2023,Indianapolis,Indianapolis Motor Speedway,race,528,57,GTD,Philip Ellis,philip ellis,92,2.0,60,84.843,29.056,29.125,26.662,,GF,29,71.2,81.68,62.0,False,162
imsa,2023,Indianapolis,Indianapolis Motor Speedway,race,528,57,GTD,Philip Ellis,philip ellis,93,2.0,61,85.461,29.164,29.2,27.097,,GF,30,71.3,81.68,62.0,False,162
imsa,2023,Indianapolis,Indianapolis Motor Speedway,race,528,57,GTD,Philip Ellis,philip ellis,94,2.0,62,85.743,29.387,29.227,27.129,,GF,31,71.3,81.86,62.0,False,162
imsa,2023,Indianapolis,Indianapolis Motor Speedway,race,528,57,GTD,Philip Ellis,philip ellis,95,2.0,63,85.719,29.293,29.452,26.974,,GF,32,71.3,82.04,63.0,False,162
imsa,2023,Indianapolis,Indianapolis Motor Speedway,race,528,57,GTD,Philip Ellis,philip ellis,96,2.0,64,87.571,29.355,29.855,28.361,,GF,33,71.3,82.04,63.0,False,162
imsa,2023,Indianapolis,Indianapolis Motor Speedway,race,528,57,GTD,Philip Ellis,philip ellis,97,2.0,65,86.454,29.533,30.118,26.803,,GF,34,71.5,82.04,62.0,False,162
imsa,2023,Indianapolis,Indianapolis Motor Speedway,race,528,57,GTD,Philip Ellis,philip ellis,98,2.0,66,86.243,29.258,29.913,27.072,,GF,35,71.5,82.22,62.0,False,162
imsa,2023,Indianapolis,Indianapolis Motor Speedway,race,528,57,GTD,Philip Ellis,philip ellis,99,2.0,67,85.36,29.443,29.318,26.599,,GF,36,71.5,82.4,62.0,False,162
imsa,2023,Indianapolis,Indianapolis Motor Speedway,race,528,57,GTD,Philip Ellis,philip ellis,100,2.0,68,85.618,29.246,29.268,27.104,,GF,37,71.7,82.76,62.0,False,162
imsa,2023,Indianapolis,Indianapolis Motor Speedway,race,528,57,GTD,Philip Ellis,philip ellis,101,2.0,69,86.808,29.362,30.55,26.896,,GF,38,71.7,82.76,62.0,False,162
imsa,2023,Indianapolis,Indianapolis Motor Speedway,race,528,57,GTD,Philip Ellis,philip ellis,102,2.0,70,86.102,29.287,29.179,27.636,,GF,39,71.9,82.94,62.0,False,162
imsa,2023,Indianapolis,Indianapolis Motor Speedway,race,528,57,GTD,Philip Ellis,philip ellis,103,2.0,71,85.998,29.932,29.111,26.955,,GF,40,72.0,82.94,62.0,False,162
imsa,2023,Indianapolis,Indianapolis Motor Speedway,race,528,57,GTD,Philip Ellis,philip ellis,104,2.0,72,86.318,29.579,29.435,27.304,,FF,41,72.0,82.94,61.0,False,162
imsa,2023,Indianapolis,Indianapolis Motor Speedway,race,528,66,GTD,Sheena Monk,sheena monk,1,1.0,0,154.452,77.528,35.035,41.889,,FCY,0,69.0,86.0,68.0,False,162
imsa,2023,Indianapolis,Indianapolis Motor Speedway,race,528,66,GTD,Sheena Monk,sheena monk,2,1.0,1,142.448,41.603,36.999,63.846,,FCY,0,69.0,85.82,68.0,False,162
imsa,2023,Indianapolis,Indianapolis Motor Speedway,race,528,66,GTD,Sheena Monk,sheena monk,3,1.0,2,176.301,53.981,49.581,72.739,,FCY,0,69.2,87.08,67.0,False,162
imsa,2023,Indianapolis,Indianapolis Motor Speedway,race,528,66,GTD,Sheena Monk,sheena monk,4,1.0,3,116.706,46.273,43.372,27.061,,GF,0,69.0,87.98,68.0,False,162
imsa,2023,Indianapolis,Indianapolis Motor Speedway,race,528,66,GTD,Sheena Monk,sheena monk,5,1.0,4,87.047,29.71,29.827,27.51,,GF,1,69.0,88.34,68.0,False,162
imsa,2023,Indianapolis,Indianapolis Motor Speedway,race,528,66,GTD,Sheena Monk,sheena monk,6,1.0,5,87.541,29.84,30.027,27.674,,GF,2,69.1,87.98,68.0,False,162
imsa,2023,Indianapolis,Indianapolis Motor Speedway,race,528,66,GTD,Sheena Monk,sheena monk,7,1.0,6,107.665,29.573,29.546,48.546,,GF,3,69.4,88.88,68.0,False,162
imsa,2023,Indianapolis,Indianapolis Motor Speedway,race,528,66,GTD,Sheena Monk,sheena monk,8,1.0,7,107.234,50.734,29.618,26.882,52.678,GF,0,70.0,90.14,67.0,False,162
imsa,2023,Indianapolis,Indianapolis Motor Speedway,race,528,66,GTD,Sheena Monk,sheena monk,9,1.0,8,87.073,30.369,29.869,26.835,,GF,0,70.2,90.14,67.0,False,162
imsa,2023,Indianapolis,Indianapolis Motor Speedway,race,528,66,GTD,Sheena Monk,sheena monk,10,1.0,9,86.652,29.457,30.044,27.151,,GF,1,70.4,91.22,67.0,False,162
imsa,2023,Indianapolis,Indianapolis Motor Speedway,race,528,66,GTD,Sheena Monk,sheena monk,11,1.0,10,85.998,29.59,29.28,27.128,,GF,2,70.6,90.68,65.0,False,162
imsa,2023,Indianapolis,Indianapolis Motor Speedway,race,528,66,GTD,Sheena Monk,sheena monk,12,1.0,11,89.167,30.821,30.622,27.724,,GF,3,70.7,90.68,65.0,False,162
imsa,2023,Indianapolis,Indianapolis Motor Speedway,race,528,66,GTD,Sheena Monk,sheena monk,13,1.0,12,86.921,29.989,29.502,27.43,,GF,4,70.8,90.86,65.0,False,162
imsa,2023,Indianapolis,Indianapolis Motor Speedway,race,528,66,GTD,Sheena Monk,sheena monk,14,1.0,13,89.331,30.651,31.319,27.361,,GF,5,70.8,90.32,65.0,False,162
imsa,2023,Indianapolis,Indianapolis Motor Speedway,race,528,66,GTD,Sheena Monk,sheena monk,15,1.0,14,87.405,30.238,29.957,27.21,,GF,6,71.0,90.14,64.0,False,162
imsa,2023,Indianapolis,Indianapolis Motor Speedway,race,528,66,GTD,Sheena Monk,sheena monk,16,1.0,15,86.161,29.772,29.471,26.918,,GF,7,71.1,89.96,63.0,False,162
imsa,2023,Indianapolis,Indianapolis Motor Speedway,race,528,66,GTD,Sheena Monk,sheena monk,17,1.0,16,86.424,29.842,29.642,26.94,,GF,8,70.9,89.78,63.0,False,162
imsa,2023,Indianapolis,Indianapolis Motor Speedway,race,528,66,GTD,Sheena Monk,sheena monk,18,1.0,17,86.281,29.783,29.522,26.976,,GF,9,70.8,89.42,63.0,False,162
imsa,2023,Indianapolis,Indianapolis Motor Speedway,race,528,66,GTD,Sheena Monk,sheena monk,19,1.0,18,86.133,29.692,29.474,26.967,,GF,10,70.8,89.24,64.0,False,162
imsa,2023,Indianapolis,Indianapolis Motor Speedway,race,528,66,GTD,Sheena Monk,sheena monk,20,1.0,19,87.894,29.976,29.444,28.474,,GF,11,70.6,89.78,64.0,False,162
imsa,2023,Indianapolis,Indianapolis Motor Speedway,race,528,66,GTD,Sheena Monk,sheena monk,21,1.0,20,87.523,30.356,30.036,27.131,,GF,12,70.6,89.6,64.0,False,162
imsa,2023,Indianapolis,Indianapolis Motor Speedway,race,528,66,GTD,Sheena Monk,sheena monk,22,1.0,21,86.936,29.723,29.888,27.325,,GF,13,70.4,90.14,64.0,False,162
imsa,2023,Indianapolis,Indianapolis Motor Speedway,race,528,66,GTD,Sheena Monk,sheena monk,23,1.0,22,88.575,30.064,30.593,27.918,,GF,14,70.4,89.78,64.0,False,162
imsa,2023,Indianapolis,Indianapolis Motor Speedway,race,528,66,GTD,Sheena Monk,sheena monk,24,1.0,23,87.278,30.637,29.788,26.853,,GF,15,70.3,89.78,64.0,False,162
imsa,2023,Indianapolis,Indianapolis Motor Speedway,race,528,66,GTD,Sheena Monk,sheena monk,25,1.0,24,86.628,29.988,29.699,26.941,,GF,16,70.3,90.32,64.0,False,162
imsa,2023,Indianapolis,Indianapolis Motor Speedway,race,528,66,GTD,Sheena Monk,sheena monk,26,1.0,25,96.165,30.175,29.86,36.13,,FCY,17,70.5,91.58,65.0,False,162
imsa,2023,Indianapolis,Indianapolis Motor Speedway,race,528,66,GTD,Sheena Monk,sheena monk,27,1.0,26,106.931,33.675,31.111,42.145,,FCY,17,71.0,92.48,63.0,False,162
imsa,2023,Indianapolis,Indianapolis Motor Speedway,race,528,66,GTD,Sheena Monk,sheena monk,28,1.0,27,124.442,43.0,41.559,39.883,,FCY,17,71.2,93.56,63.0,False,162
imsa,2023,Indianapolis,Indianapolis Motor Speedway,race,528,66,GTD,Sheena Monk,sheena monk,29,1.0,28,105.637,41.45,34.779,29.408,,FCY,17,71.3,93.92,62.0,False,162
imsa,2023,Indianapolis,Indianapolis Motor Speedway,race,528,66,GTD,Sheena Monk,sheena monk,30,1.0,29,94.1,32.498,31.882,29.72,,FCY,17,71.3,94.1,62.0,False,162
imsa,2023,Indianapolis,Indianapolis Motor Speedway,race,528,66,GTD,Sheena Monk,sheena monk,31,1.0,30,143.69,30.93,30.15,82.61,,FCY,17,71.2,95.72,62.0,False,162
imsa,2023,Indianapolis,Indianapolis Motor Speedway,race,528,66,GTD,Katherine Legge,katherine legge,32,2.0,0,111.512,52.406,31.279,27.827,85.843,FCY,0,71.3,96.8,62.0,False,162
imsa,2023,Indianapolis,Indianapolis Motor Speedway,race,528,66,GTD,Katherine Legge,katherine legge,33,2.0,1,87.938,29.961,30.388,27.589,,FCY,0,71.3,96.62,62.0,False,162
imsa,2023,Indianapolis,Indianapolis Motor Speedway,race,528,66,GTD,Katherine Legge,katherine legge,34,2.0,2,146.418,53.528,52.484,40.406,,FCY,0,71.5,94.28,61.0,False,162
imsa,2023,Indianapolis,Indianapolis Motor Speedway,race,528,66,GTD,Katherine Legge,katherine legge,35,2.0,3,160.259,57.887,50.999,51.373,,FCY,0,71.5,93.92,62.0,False,162
imsa,2023,Indianapolis,Indianapolis Motor Speedway,race,528,66,GTD,Katherine Legge,katherine legge,36,2.0,4,139.687,47.538,44.917,47.232,,FCY,0,71.2,93.02,62.0,False,162
imsa,2023,Indianapolis,Indianapolis Motor Speedway,race,528,66,GTD,Katherine Legge,katherine legge,37,2.0,5,105.075,42.553,35.759,26.763,,GF,0,71.1,91.76,62.0,False,162
imsa,2023,Indianapolis,Indianapolis Motor Speedway,race,528,66,GTD,Katherine Legge,katherine legge,38,2.0,6,86.499,29.544,29.682,27.273,,GF,1,70.9,90.68,62.0,False,162
imsa,2023,Indianapolis,Indianapolis Motor Speedway,race,528,66,GTD,Katherine Legge,katherine legge,39,2.0,7,87.064,30.357,29.938,26.769,,GF,2,70.9,90.14,62.0,False,162
imsa,2023,Indianapolis,Indianapolis Motor Speedway,race,528,66,GTD,Katherine Legge,katherine legge,40,2.0,8,85.992,29.736,29.436,26.82,,GF,3,70.8,88.88,62.0,False,162
imsa,2023,Indianapolis,Indianapolis Motor Speedway,race,528,66,GTD,Katherine Legge,katherine legge,41,2.0,9,85.907,29.417,29.454,27.036,,GF,4,70.7,88.52,62.0,False,162
imsa,2023,Indianapolis,Indianapolis Motor Speedway,race,528,66,GTD,Katherine Legge,katherine legge,42,2.0,10,86.362,29.285,29.901,27.176,,GF,5,70.6,87.8,62.0,False,162
imsa,2023,Indianapolis,Indianapolis Motor Speedway,race,528,66,GTD,Katherine Legge,katherine legge,43,2.0,11,86.765,29.466,29.847,27.452,,GF,6,70.6,87.44,62.0,False,162
imsa,2023,Indianapolis,Indianapolis Motor Speedway,race,528,66,GTD,Katherine Legge,katherine legge,44,2.0,12,85.887,29.815,29.341,26.731,,GF,7,70.6,87.08,63.0,False,162
imsa,2023,Indianapolis,Indianapolis Motor Speedway,race,528,66,GTD,Katherine Legge,katherine legge,45,2.0,13,85.45,29.317,29.162,26.971,,GF,8,70.6,86.72,64.0,False,162
imsa,2023,Indianapolis,Indianapolis Motor Speedway,race,528,66,GTD,Katherine Legge,katherine legge,46,2.0,14,85.739,29.679,29.271,26.789,,GF,9,70.7,86.36,65.0,False,162
imsa,2023,Indianapolis,Indianapolis Motor Speedway,race,528,66,GTD,Katherine Legge,katherine legge,47,2.0,15,85.756,29.409,29.485,26.862,,GF,10,70.8,85.82,65.0,False,162
imsa,2023,Indianapolis,Indianapolis Motor Speedway,race,528,66,GTD,Katherine Legge,katherine legge,48,2.0,16,85.976,29.798,29.289,26.889,,GF,11,70.8,85.64,65.0,False,162
imsa,2023,Indianapolis,Indianapolis Motor Speedway,race,528,66,GTD,Katherine Legge,katherine legge,49,2.0,17,85.88,29.488,29.285,27.107,,GF,12,71.0,85.1,65.0,False,162
imsa,2023,Indianapolis,Indianapolis Motor Speedway,race,528,66,GTD,Katherine Legge,katherine legge,50,2.0,18,85.897,29.36,29.294,27.243,,GF,13,71.0,85.1,65.0,False,162
imsa,2023,Indianapolis,Indianapolis Motor Speedway,race,528,66,GTD,Katherine Legge,katherine legge,51,2.0,19,87.091,29.527,29.669,27.895,,GF,14,71.1,84.92,64.0,False,162
imsa,2023,Indianapolis,Indianapolis Motor Speedway,race,528,66,GTD,Katherine Legge,katherine legge,52,2.0,20,86.018,29.548,29.327,27.143,,GF,15,71.3,84.56,64.0,False,162
imsa,2023,Indianapolis,Indianapolis Motor Speedway,race,528,66,GTD,Katherine Legge,katherine legge,53,2.0,21,85.586,29.285,29.563,26.738,,GF,16,71.3,84.56,64.0,False,162
imsa,2023,Indianapolis,Indianapolis Motor Speedway,race,528,66,GTD,Katherine Legge,katherine legge,54,2.0,22,86.993,29.318,30.407,27.268,,GF,17,71.4,84.38,63.0,False,162
imsa,2023,Indianapolis,Indianapolis Motor Speedway,race,528,66,GTD,Katherine Legge,katherine legge,55,2.0,23,85.997,29.39,29.408,27.199,,GF,18,71.4,84.38,63.0,False,162
imsa,2023,Indianapolis,Indianapolis Motor Speedway,race,528,66,GTD,Katherine Legge,katherine legge,56,2.0,24,87.309,30.075,30.275,26.959,,GF,19,71.5,84.38,63.0,False,162
imsa,2023,Indianapolis,Indianapolis Motor Speedway,race,528,66,GTD,Katherine Legge,katherine legge,57,2.0,25,86.569,29.994,29.503,27.072,,GF,20,71.6,84.56,63.0,False,162
imsa,2023,Indianapolis,Indianapolis Motor Speedway,race,528,66,GTD,Katherine Legge,katherine legge,58,2.0,26,85.737,29.496,29.316,26.925,,GF,21,71.7,84.74,63.0,False,162
imsa,2023,Indianapolis,Indianapolis Motor Speedway,race,528,66,GTD,Katherine Legge,katherine legge,59,2.0,27,85.658,29.419,29.19,27.049,,GF,22,71.7,84.74,63.0,False,162
imsa,2023,Indianapolis,Indianapolis Motor Speedway,race,528,66,GTD,Katherine Legge,katherine legge,60,2.0,28,138.843,29.509,30.622,78.712,,GF,23,71.8,84.56,63.0,False,162
imsa,2023,Indianapolis,Indianapolis Motor Speedway,race,528,66,GTD,Katherine Legge,katherine legge,61,2.0,29,113.323,53.867,31.371,28.085,82.944,GF,0,71.7,84.56,63.0,False,162
imsa,2023,Indianapolis,Indianapolis Motor Speedway,race,528,66,GTD,Katherine Legge,katherine legge,62,2.0,30,89.307,30.174,31.207,27.926,,GF,0,71.5,84.56,63.0,False,162
imsa,2023,Indianapolis,Indianapolis Motor Speedway,race,528,66,GTD,Katherine Legge,katherine legge,63,2.0,31,85.585,29.499,29.455,26.631,,GF,1,71.5,84.56,63.0,False,162
imsa,2023,Indianapolis,Indianapolis Motor Speedway,race,528,66,GTD,Katherine Legge,katherine legge,64,2.0,32,85.002,29.189,29.029,26.784,,GF,2,71.5,84.56,64.0,False,162
imsa,2023,Indianapolis,Indianapolis Motor Speedway,race,528,66,GTD,Katherine Legge,katherine legge,65,2.0,33,85.051,29.172,29.187,26.692,,GF,3,71.5,84.56,63.0,False,162
imsa,2023,Indianapolis,Indianapolis Motor Speedway,race,528,66,GTD,Katherine Legge,katherine legge,66,2.0,34,84.712,29.028,29.109,26.575,,GF,4,71.4,84.56,63.0,False,162
imsa,2023,Indianapolis,Indianapolis Motor Speedway,race,528,66,GTD,Katherine Legge,katherine legge,67,2.0,35,85.251,29.507,29.086,26.658,,GF,5,71.3,84.74,63.0,False,162
imsa,2023,Indianapolis,Indianapolis Motor Speedway,race,528,66,GTD,Katherine Legge,katherine legge,68,2.0,36,85.055,29.215,29.196,26.644,,GF,6,71.3,84.56,64.0,False,162
imsa,2023,Indianapolis,Indianapolis Motor Speedway,race,528,66,GTD,Katherine Legge,katherine legge,69,2.0,37,85.774,29.613,29.525,26.636,,GF,7,71.3,84.38,63.0,False,162
imsa,2023,Indianapolis,Indianapolis Motor Speedway,race,528,66,GTD,Katherine Legge,katherine legge,70,2.0,38,85.458,29.354,29.353,26.751,,GF,8,71.4,84.2,63.0,False,162
imsa,2023,Indianapolis,Indianapolis Motor Speedway,race,528,66,GTD,Katherine Legge,katherine legge,71,2.0,39,85.68,29.653,29.225,26.802,,GF,9,71.4,83.84,63.0,False,162
imsa,2023,Indianapolis,Indianapolis Motor Speedway,race,528,66,GTD,Katherine Legge,katherine legge,72,2.0,40,85.793,29.523,29.292,26.978,,GF,10,71.5,83.48,63.0,False,162
imsa,2023,Indianapolis,Indianapolis Motor Speedway,race,528,66,GTD,Katherine Legge,katherine legge,73,2.0,41,85.45,29.237,29.321,26.892,,GF,11,71.6,83.12,63.0,False,162
imsa,2023,Indianapolis,Indianapolis Motor Speedway,race,528,66,GTD,Katherine Legge,katherine legge,74,2.0,42,85.504,29.22,29.243,27.041,,GF,12,71.6,82.94,62.0,False,162
imsa,2023,Indianapolis,Indianapolis Motor Speedway,race,528,66,GTD,Katherine Legge,katherine legge,75,2.0,43,85.712,29.473,29.351,26.888,,GF,13,71.5,82.76,62.0,False,162
imsa,2023,Indianapolis,Indianapolis Motor Speedway,race,528,66,GTD,Katherine Legge,katherine legge,76,2.0,44,85.809,29.232,29.759,26.818,,GF,14,71.4,82.58,62.0,False,162
imsa,2023,Indianapolis,Indianapolis Motor Speedway,race,528,66,GTD,Katherine Legge,katherine legge,77,2.0,45,85.814,29.421,29.335,27.058,,GF,15,71.3,82.58,63.0,False,162
imsa,2023,Indianapolis,Indianapolis Motor Speedway,race,528,66,GTD,Katherine Legge,katherine legge,78,2.0,46,86.15,29.426,29.866,26.858,,GF,16,71.3,82.4,63.0,False,162
imsa,2023,Indianapolis,Indianapolis Motor Speedway,race,528,66,GTD,Katherine Legge,katherine legge,79,2.0,47,86.083,29.378,29.461,27.244,,GF,17,71.2,82.4,63.0,False,162
imsa,2023,Indianapolis,Indianapolis Motor Speedway,race,528,66,GTD,Katherine Legge,katherine legge,80,2.0,48,85.932,29.58,29.49,26.862,,GF,18,71.2,82.04,63.0,False,162
imsa,2023,Indianapolis,Indianapolis Motor Speedway,race,528,66,GTD,Katherine Legge,katherine legge,81,2.0,49,86.425,29.416,29.863,27.146,,GF,19,71.0,81.68,63.0,False,162
imsa,2023,Indianapolis,Indianapolis Motor Speedway,race,528,66,GTD,Katherine Legge,katherine legge,82,2.0,50,87.513,29.521,30.55,27.442,,GF,20,70.9,81.5,63.0,False,162
imsa,2023,Indianapolis,Indianapolis Motor Speedway,race,528,66,GTD,Katherine Legge,katherine legge,83,2.0,51,87.31,29.774,30.208,27.328,,GF,21,70.8,81.5,63.0,False,162
imsa,2023,Indianapolis,Indianapolis Motor Speedway,race,528,66,GTD,Katherine Legge,katherine legge,84,2.0,52,86.935,29.916,29.705,27.314,,GF,22,70.8,81.5,63.0,False,162
imsa,2023,Indianapolis,Indianapolis Motor Speedway,race,528,66,GTD,Katherine Legge,katherine legge,85,2.0,53,86.939,29.761,29.748,27.43,,GF,23,70.8,81.32,63.0,False,162
imsa,2023,Indianapolis,Indianapolis Motor Speedway,race,528,66,GTD,Katherine Legge,katherine legge,86,2.0,54,86.855,29.854,29.561,27.44,,GF,24,70.9,81.32,63.0,False,162
imsa,2023,Indianapolis,Indianapolis Motor Speedway,race,528,66,GTD,Katherine Legge,katherine legge,87,2.0,55,88.755,29.689,30.545,28.521,,GF,25,70.9,81.32,63.0,False,162
imsa,2023,Indianapolis,Indianapolis Motor Speedway,race,528,66,GTD,Katherine Legge,katherine legge,88,2.0,56,86.659,29.717,29.615,27.327,,GF,26,71.1,81.5,63.0,False,162
imsa,2023,Indianapolis,Indianapolis Motor Speedway,race,528,66,GTD,Katherine Legge,katherine legge,89,2.0,57,89.419,30.776,30.635,28.008,,GF,27,71.1,81.5,63.0,False,162
imsa,2023,Indianapolis,Indianapolis Motor Speedway,race,528,66,GTD,Katherine Legge,katherine legge,90,2.0,58,87.677,30.115,30.049,27.513,,GF,28,71.2,81.68,62.0,False,162
imsa,2023,Indianapolis,Indianapolis Motor Speedway,race,528,66,GTD,Katherine Legge,katherine legge,91,2.0,59,89.047,30.562,30.58,27.905,,GF,29,71.2,81.68,62.0,False,162
imsa,2023,Indianapolis,Indianapolis Motor Speedway,race,528,66,GTD,Katherine Legge,katherine legge,92,2.0,60,87.54,29.739,30.144,27.657,,GF,30,71.2,81.68,62.0,False,162
imsa,2023,Indianapolis,Indianapolis Motor Speedway,race,528,66,GTD,Katherine Legge,katherine legge,93,2.0,61,89.075,30.468,31.055,27.552,,GF,31,71.3,81.86,62.0,False,162
imsa,2023,Indianapolis,Indianapolis Motor Speedway,race,528,66,GTD,Katherine Legge,katherine legge,94,2.0,62,89.024,30.275,30.41,28.339,,GF,32,71.3,81.86,62.0,False,162
imsa,2023,Indianapolis,Indianapolis Motor Speedway,race,528,66,GTD,Katherine Legge,katherine legge,95,2.0,63,89.212,30.288,30.303,28.621,,GF,33,71.3,82.04,63.0,False,162
imsa,2023,Indianapolis,Indianapolis Motor Speedway,race,528,66,GTD,Katherine Legge,katherine legge,96,2.0,64,88.401,30.268,30.056,28.077,,GF,34,71.3,82.04,62.0,False,162
imsa,2023,Indianapolis,Indianapolis Motor Speedway,race,528,66,GTD,Katherine Legge,katherine legge,97,2.0,65,88.958,30.571,30.142,28.245,,GF,35,71.5,82.22,62.0,False,162
imsa,2023,Indianapolis,Indianapolis Motor Speedway,race,528,66,GTD,Katherine Legge,katherine legge,98,2.0,66,89.225,30.481,31.184,27.56,,GF,36,71.5,82.4,62.0,False,162
imsa,2023,Indianapolis,Indianapolis Motor Speedway,race,528,66,GTD,Katherine Legge,katherine legge,99,2.0,67,89.449,30.949,30.563,27.937,,GF,37,71.7,82.76,62.0,False,162
imsa,2023,Indianapolis,Indianapolis Motor Speedway,race,528,66,GTD,Katherine Legge,katherine legge,100,2.0,68,91.016,31.212,31.809,27.995,,GF,38,71.7,82.76,62.0,False,162
imsa,2023,Indianapolis,Indianapolis Motor Speedway,race,528,66,GTD,Katherine Legge,katherine legge,101,2.0,69,89.32,30.784,30.429,28.107,,GF,39,71.9,82.94,62.0,False,162
imsa,2023,Indianapolis,Indianapolis Motor Speedway,race,528,66,GTD,Katherine Legge,katherine legge,102,2.0,70,91.161,31.409,31.594,28.158,,GF,40,72.0,82.94,62.0,False,162
imsa,2023,Indianapolis,Indianapolis Motor Speedway,race,528,66,GTD,Katherine Legge,katherine legge,103,2.0,71,92.017,30.611,32.888,28.518,,FF,41,72.0,82.94,61.0,False,162
imsa,2023,Indianapolis,Indianapolis Motor Speedway,race,528,70,GTD,Brendan Iribe,brendan iribe,1,1.0,0,147.839,72.686,35.766,39.387,,FCY,0,69.0,86.0,68.0,False,162
imsa,2023,Indianapolis,Indianapolis Motor Speedway,race,528,70,GTD,Brendan Iribe,brendan iribe,2,1.0,1,138.443,39.282,34.199,64.962,,FCY,0,69.0,85.82,68.0,False,162
imsa,2023,Indianapolis,Indianapolis Motor Speedway,race,528,70,GTD,Brendan Iribe,brendan iribe,3,1.0,2,173.274,55.52,49.891,67.863,,FCY,0,69.2,87.08,67.0,False,162
imsa,2023,Indianapolis,Indianapolis Motor Speedway,race,528,70,GTD,Brendan Iribe,brendan iribe,4,1.0,3,124.196,50.96,46.463,26.773,,GF,0,69.0,87.98,68.0,False,162
imsa,2023,Indianapolis,Indianapolis Motor Speedway,race,528,70,GTD,Brendan Iribe,brendan iribe,5,1.0,4,85.251,29.332,29.375,26.544,,GF,1,69.0,88.52,68.0,False,162
imsa,2023,Indianapolis,Indianapolis Motor Speedway,race,528,70,GTD,Brendan Iribe,brendan iribe,6,1.0,5,84.954,29.189,29.118,26.647,,GF,2,69.1,87.98,68.0,False,162
imsa,2023,Indianapolis,Indianapolis Motor Speedway,race,528,70,GTD,Brendan Iribe,brendan iribe,7,1.0,6,85.501,29.246,29.448,26.807,,GF,3,69.2,87.98,68.0,False,162
imsa,2023,Indianapolis,Indianapolis Motor Speedway,race,528,70,GTD,Brendan Iribe,brendan iribe,8,1.0,7,85.909,30.055,29.255,26.599,,GF,4,69.7,89.6,67.0,False,162
imsa,2023,Indianapolis,Indianapolis Motor Speedway,race,528,70,GTD,Brendan Iribe,brendan iribe,9,1.0,8,85.236,29.055,29.521,26.66,,GF,5,70.0,90.14,67.0,False,162
imsa,2023,Indianapolis,Indianapolis Motor Speedway,race,528,70,GTD,Brendan Iribe,brendan iribe,10,1.0,9,86.511,29.458,30.278,26.775,,GF,6,70.2,90.14,67.0,False,162
imsa,2023,Indianapolis,Indianapolis Motor Speedway,race,528,70,GTD,Brendan Iribe,brendan iribe,11,1.0,10,86.124,29.311,29.742,27.071,,GF,7,70.5,91.04,66.0,False,162
imsa,2023,Indianapolis,Indianapolis Motor Speedway,race,528,70,GTD,Brendan Iribe,brendan iribe,12,1.0,11,85.929,29.684,29.419,26.826,,GF,8,70.6,90.68,65.0,False,162
imsa,2023,Indianapolis,Indianapolis Motor Speedway,race,528,70,GTD,Brendan Iribe,brendan iribe,13,1.0,12,85.561,29.474,29.345,26.742,,GF,9,70.7,90.86,65.0,False,162
imsa,2023,Indianapolis,Indianapolis Motor Speedway,race,528,70,GTD,Brendan Iribe,brendan iribe,14,1.0,13,85.278,29.301,29.242,26.735,,GF,10,70.8,90.86,65.0,False,162
imsa,2023,Indianapolis,Indianapolis Motor Speedway,race,528,70,GTD,Brendan Iribe,brendan iribe,15,1.0,14,85.673,29.367,29.526,26.78,,GF,11,70.9,90.14,65.0,False,162
imsa,2023,Indianapolis,Indianapolis Motor Speedway,race,528,70,GTD,Brendan Iribe,brendan iribe,16,1.0,15,86.721,30.043,29.621,27.057,,GF,12,71.0,90.14,64.0,False,162
imsa,2023,Indianapolis,Indianapolis Motor Speedway,race,528,70,GTD,Brendan Iribe,brendan iribe,17,1.0,16,86.303,29.652,29.709,26.942,,GF,13,71.1,89.96,63.0,False,162
imsa,2023,Indianapolis,Indianapolis Motor Speedway,race,528,70,GTD,Brendan Iribe,brendan iribe,18,1.0,17,86.263,29.645,29.738,26.88,,GF,14,70.9,89.78,63.0,False,162
imsa,2023,Indianapolis,Indianapolis Motor Speedway,race,528,70,GTD,Brendan Iribe,brendan iribe,19,1.0,18,86.187,29.474,29.51,27.203,,GF,15,70.8,89.42,63.0,False,162
imsa,2023,Indianapolis,Indianapolis Motor Speedway,race,528,70,GTD,Brendan Iribe,brendan iribe,20,1.0,19,86.889,29.978,29.93,26.981,,GF,16,70.7,89.24,64.0,False,162
imsa,2023,Indianapolis,Indianapolis Motor Speedway,race,528,70,GTD,Brendan Iribe,brendan iribe,21,1.0,20,86.421,29.711,29.778,26.932,,GF,17,70.6,89.78,64.0,False,162
imsa,2023,Indianapolis,Indianapolis Motor Speedway,race,528,70,GTD,Brendan Iribe,brendan iribe,22,1.0,21,86.191,29.649,29.701,26.841,,GF,18,70.5,90.14,64.0,False,162
imsa,2023,Indianapolis,Indianapolis Motor Speedway,race,528,70,GTD,Brendan Iribe,brendan iribe,23,1.0,22,85.938,29.457,29.556,26.925,,GF,19,70.4,90.14,64.0,False,162
imsa,2023,Indianapolis,Indianapolis Motor Speedway,race,528,70,GTD,Brendan Iribe,brendan iribe,24,1.0,23,85.783,29.392,29.434,26.957,,GF,20,70.4,89.78,64.0,False,162
imsa,2023,Indianapolis,Indianapolis Motor Speedway,race,528,70,GTD,Brendan Iribe,brendan iribe,25,1.0,24,86.061,29.623,29.454,26.984,,GF,21,70.3,89.78,64.0,False,162
imsa,2023,Indianapolis,Indianapolis Motor Speedway,race,528,70,GTD,Brendan Iribe,brendan iribe,26,1.0,25,86.861,29.459,30.413,26.989,,GF,22,70.3,90.32,64.0,False,162
imsa,2023,Indianapolis,Indianapolis Motor Speedway,race,528,70,GTD,Brendan Iribe,brendan iribe,27,1.0,26,93.112,29.779,29.732,33.601,,FCY,23,70.5,91.58,65.0,False,162
imsa,2023,Indianapolis,Indianapolis Motor Speedway,race,528,70,GTD,Brendan Iribe,brendan iribe,28,1.0,27,109.726,34.11,37.535,38.081,,FCY,23,71.0,92.48,63.0,False,162
imsa,2023,Indianapolis,Indianapolis Motor Speedway,race,528,70,GTD,Brendan Iribe,brendan iribe,29,1.0,28,126.225,42.509,42.603,41.113,,FCY,23,71.2,93.56,63.0,False,162
imsa,2023,Indianapolis,Indianapolis Motor Speedway,race,528,70,GTD,Brendan Iribe,brendan iribe,30,1.0,29,135.213,42.687,53.552,38.974,,FCY,23,71.3,94.1,62.0,False,162
imsa,2023,Indianapolis,Indianapolis Motor Speedway,race,528,70,GTD,Brendan Iribe,brendan iribe,31,1.0,30,120.426,36.243,33.231,50.952,,FCY,23,71.2,95.36,62.0,False,162
imsa,2023,Indianapolis,Indianapolis Motor Speedway,race,528,70,GTD,Frederik Schandorff,frederik schandorff,32,2.0,0,148.401,80.738,38.36,29.303,78.788,FCY,0,71.2,96.44,62.0,False,162
imsa,2023,Indianapolis,Indianapolis Motor Speedway,race,528,70,GTD,Frederik Schandorff,frederik schandorff,33,2.0,1,104.649,32.725,34.48,37.444,,FCY,0,71.3,96.62,62.0,False,162
imsa,2023,Indianapolis,Indianapolis Motor Speedway,race,528,70,GTD,Frederik Schandorff,frederik schandorff,34,2.0,2,149.997,51.02,54.639,44.338,,FCY,0,71.5,94.64,61.0,False,162
imsa,2023,Indianapolis,Indianapolis Motor Speedway,race,528,70,GTD,Frederik Schandorff,frederik schandorff,35,2.0,3,161.973,60.563,52.36,49.05,,FCY,0,71.5,93.92,62.0,False,162
imsa,2023,Indianapolis,Indianapolis Motor Speedway,race,528,70,GTD,Frederik Schandorff,frederik schandorff,36,2.0,4,139.479,42.286,52.423,44.77,,FCY,0,71.3,93.02,62.0,False,162
imsa,2023,Indianapolis,Indianapolis Motor Speedway,race,528,70,GTD,Frederik Schandorff,frederik schandorff,37,2.0,5,111.554,47.432,37.489,26.633,,GF,0,71.1,91.76,62.0,False,162
imsa,2023,Indianapolis,Indianapolis Motor Speedway,race,528,70,GTD,Frederik Schandorff,frederik schandorff,38,2.0,6,86.301,29.42,29.771,27.11,,GF,1,70.9,90.68,62.0,False,162
imsa,2023,Indianapolis,Indianapolis Motor Speedway,race,528,70,GTD,Frederik Schandorff,frederik schandorff,39,2.0,7,84.913,29.248,29.046,26.619,,GF,2,70.9,90.14,62.0,False,162
imsa,2023,Indianapolis,Indianapolis Motor Speedway,race,528,70,GTD,Frederik Schandorff,frederik schandorff,40,2.0,8,97.423,28.905,29.161,39.357,,GF,3,70.8,88.88,62.0,False,162
imsa,2023,Indianapolis,Indianapolis Motor Speedway,race,528,70,GTD,Frederik Schandorff,frederik schandorff,41,2.0,9,206.084,72.383,67.19,66.511,,GF,4,70.6,87.8,62.0,False,162
imsa,2023,Indianapolis,Indianapolis Motor Speedway,race,528,70,GTD,Frederik Schandorff,frederik schandorff,42,2.0,10,200.953,91.537,49.518,59.898,76.264,GF,0,70.6,87.08,64.0,False,162
imsa,2023,Indianapolis,Indianapolis Motor Speedway,race,528,70,GTD,Frederik Schandorff,frederik schandorff,43,2.0,11,456.73,397.544,31.315,27.871,398.346,GF,0,71.0,85.1,65.0,False,162
imsa,2023,Indianapolis,Indianapolis Motor Speedway,race,528,70,GTD,Frederik Schandorff,frederik schandorff,44,2.0,12,87.354,30.017,30.235,27.102,,GF,0,71.2,84.74,64.0,False,162
imsa,2023,Indianapolis,Indianapolis Motor Speedway,race,528,70,GTD,Frederik Schandorff,frederik schandorff,45,2.0,13,86.77,29.737,29.782,27.251,,GF,1,71.3,84.56,64.0,False,162
imsa,2023,Indianapolis,Indianapolis Motor Speedway,race,528,70,GTD,Frederik Schandorff,frederik schandorff,46,2.0,14,87.101,29.441,29.815,27.845,,GF,2,71.3,84.56,64.0,False,162
imsa,2023,Indianapolis,Indianapolis Motor Speedway,race,528,70,GTD,Frederik Schandorff,frederik schandorff,47,2.0,15,86.528,29.871,29.527,27.13,,GF,3,71.4,84.38,63.0,False,162
imsa,2023,Indianapolis,Indianapolis Motor Speedway,race,528,70,GTD,Frederik Schandorff,frederik schandorff,48,2.0,16,86.614,29.636,29.834,27.144,,GF,4,71.4,84.38,63.0,False,162
imsa,2023,Indianapolis,Indianapolis Motor Speedway,race,528,70,GTD,Frederik Schandorff,frederik schandorff,49,2.0,17,87.465,30.654,29.674,27.137,,GF,5,71.5,84.38,63.0,False,162
imsa,2023,Indianapolis,Indianapolis Motor Speedway,race,528,70,GTD,Frederik Schandorff,frederik schandorff,50,2.0,18,89.113,30.699,30.365,28.049,,GF,6,71.6,84.56,63.0,False,162
imsa,2023,Indianapolis,Indianapolis Motor Speedway,race,528,70,GTD,Frederik Schandorff,frederik schandorff,51,2.0,19,86.427,29.609,29.713,27.105,,GF,7,71.7,84.74,63.0,False,162
imsa,2023,Indianapolis,Indianapolis Motor Speedway,race,528,70,GTD,Frederik Schandorff,frederik schandorff,52,2.0,20,87.109,30.27,29.772,27.067,,GF,8,71.7,84.74,63.0,False,162
imsa,2023,Indianapolis,Indianapolis Motor Speedway,race,528,70,GTD,Frederik Schandorff,frederik schandorff,53,2.0,21,87.744,30.434,29.574,27.736,,GF,9,71.8,84.56,63.0,False,162
imsa,2023,Indianapolis,Indianapolis Motor Speedway,race,528,70,GTD,Frederik Schandorff,frederik schandorff,54,2.0,22,86.105,29.766,29.232,27.107,,GF,10,71.8,84.56,63.0,False,162
imsa,2023,Indianapolis,Indianapolis Motor Speedway,race,528,70,GTD,Frederik Schandorff,frederik schandorff,55,2.0,23,86.016,29.4,29.449,27.167,,GF,11,71.7,84.56,63.0,False,162
imsa,2023,Indianapolis,Indianapolis Motor Speedway,race,528,70,GTD,Frederik Schandorff,frederik schandorff,56,2.0,24,85.393,29.318,29.213,26.862,,GF,12,71.5,84.56,63.0,False,162
imsa,2023,Indianapolis,Indianapolis Motor Speedway,race,528,70,GTD,Frederik Schandorff,frederik schandorff,57,2.0,25,85.641,29.411,29.181,27.049,,GF,13,71.5,84.56,63.0,False,162
imsa,2023,Indianapolis,Indianapolis Motor Speedway,race,528,70,GTD,Frederik Schandorff,frederik schandorff,58,2.0,26,85.607,29.219,29.409,26.979,,GF,14,71.5,84.56,63.0,False,162
imsa,2023,Indianapolis,Indianapolis Motor Speedway,race,528,70,GTD,Frederik Schandorff,frederik schandorff,59,2.0,27,85.597,29.22,29.189,27.188,,GF,15,71.5,84.56,63.0,False,162
imsa,2023,Indianapolis,Indianapolis Motor Speedway,race,528,70,GTD,Frederik Schandorff,frederik schandorff,60,2.0,28,85.62,29.17,29.42,27.03,,GF,16,71.3,84.74,63.0,False,162
imsa,2023,Indianapolis,Indianapolis Motor Speedway,race,528,70,GTD,Frederik Schandorff,frederik schandorff,61,2.0,29,85.605,29.202,29.3,27.103,,GF,17,71.3,84.74,63.0,False,162
imsa,2023,Indianapolis,Indianapolis Motor Speedway,race,528,70,GTD,Frederik Schandorff,frederik schandorff,62,2.0,30,85.788,29.338,29.474,26.976,,GF,18,71.3,84.56,64.0,False,162
imsa,2023,Indianapolis,Indianapolis Motor Speedway,race,528,70,GTD,Frederik Schandorff,frederik schandorff,63,2.0,31,105.62,29.183,29.291,47.146,,GF,19,71.3,84.38,63.0,False,162
imsa,2023,Indianapolis,Indianapolis Motor Speedway,race,528,70,GTD,Brendan Iribe,brendan iribe,64,3.0,0,147.937,88.322,32.555,27.06,87.177,GF,0,71.5,83.66,63.0,False,162
imsa,2023,Indianapolis,Indianapolis Motor Speedway,race,528,70,GTD,Brendan Iribe,brendan iribe,65,3.0,1,85.986,29.871,29.491,26.624,,GF,0,71.5,83.48,63.0,False,162
imsa,2023,Indianapolis,Indianapolis Motor Speedway,race,528,70,GTD,Brendan Iribe,brendan iribe,66,3.0,2,86.022,29.489,29.611,26.922,,GF,1,71.6,83.12,62.0,False,162
imsa,2023,Indianapolis,Indianapolis Motor Speedway,race,528,70,GTD,Brendan Iribe,brendan iribe,67,3.0,3,86.236,29.629,29.591,27.016,,GF,2,71.6,82.94,62.0,False,162
imsa,2023,Indianapolis,Indianapolis Motor Speedway,race,528,70,GTD,Brendan Iribe,brendan iribe,68,3.0,4,86.434,29.484,29.963,26.987,,GF,3,71.5,82.76,62.0,False,162
imsa,2023,Indianapolis,Indianapolis Motor Speedway,race,528,70,GTD,Brendan Iribe,brendan iribe,69,3.0,5,86.147,29.633,29.588,26.926,,GF,4,71.4,82.58,62.0,False,162
imsa,2023,Indianapolis,Indianapolis Motor Speedway,race,528,70,GTD,Brendan Iribe,brendan iribe,70,3.0,6,87.477,30.589,29.609,27.279,,GF,5,71.3,82.58,63.0,False,162
imsa,2023,Indianapolis,Indianapolis Motor Speedway,race,528,70,GTD,Brendan Iribe,brendan iribe,71,3.0,7,86.685,29.439,30.263,26.983,,GF,6,71.2,82.4,63.0,False,162
imsa,2023,Indianapolis,Indianapolis Motor Speedway,race,528,70,GTD,Brendan Iribe,brendan iribe,72,3.0,8,86.019,29.549,29.509,26.961,,GF,7,71.2,82.4,63.0,False,162
imsa,2023,Indianapolis,Indianapolis Motor Speedway,race,528,70,GTD,Brendan Iribe,brendan iribe,73,3.0,9,86.11,29.595,29.6,26.915,,GF,8,71.1,81.86,63.0,False,162
imsa,2023,Indianapolis,Indianapolis Motor Speedway,race,528,70,GTD,Brendan Iribe,brendan iribe,74,3.0,10,85.868,29.5,29.49,26.878,,GF,9,71.0,81.68,63.0,False,162
imsa,2023,Indianapolis,Indianapolis Motor Speedway,race,528,70,GTD,Brendan Iribe,brendan iribe,75,3.0,11,87.671,29.69,30.429,27.552,,GF,10,70.9,81.5,63.0,False,162
imsa,2023,Indianapolis,Indianapolis Motor Speedway,race,528,70,GTD,Brendan Iribe,brendan iribe,76,3.0,12,86.697,29.605,29.597,27.495,,GF,11,70.8,81.5,63.0,False,162
imsa,2023,Indianapolis,Indianapolis Motor Speedway,race,528,70,GTD,Brendan Iribe,brendan iribe,77,3.0,13,86.477,30.016,29.509,26.952,,GF,12,70.8,81.5,63.0,False,162
imsa,2023,Indianapolis,Indianapolis Motor Speedway,race,528,70,GTD,Brendan Iribe,brendan iribe,78,3.0,14,87.054,29.96,29.824,27.27,,GF,13,70.8,81.32,63.0,False,162
imsa,2023,Indianapolis,Indianapolis Motor Speedway,race,528,70,GTD,Brendan Iribe,brendan iribe,79,3.0,15,89.152,29.698,30.806,28.648,,GF,14,70.9,81.32,63.0,False,162
imsa,2023,Indianapolis,Indianapolis Motor Speedway,race,528,70,GTD,Brendan Iribe,brendan iribe,80,3.0,16,87.918,30.396,30.233,27.289,,GF,15,71.0,81.5,63.0,False,162
imsa,2023,Indianapolis,Indianapolis Motor Speedway,race,528,70,GTD,Brendan Iribe,brendan iribe,81,3.0,17,87.958,30.736,30.093,27.129,,GF,16,71.1,81.5,63.0,False,162
imsa,2023,Indianapolis,Indianapolis Motor Speedway,race,528,70,GTD,Brendan Iribe,brendan iribe,82,3.0,18,86.025,29.389,29.436,27.2,,GF,17,71.1,81.5,63.0,False,162
imsa,2023,Indianapolis,Indianapolis Motor Speedway,race,528,70,GTD,Brendan Iribe,brendan iribe,83,3.0,19,88.847,30.337,30.974,27.536,,GF,18,71.2,81.68,62.0,False,162
imsa,2023,Indianapolis,Indianapolis Motor Speedway,race,528,70,GTD,Brendan Iribe,brendan iribe,84,3.0,20,86.523,30.038,29.495,26.99,,GF,19,71.2,81.68,62.0,False,162
imsa,2023,Indianapolis,Indianapolis Motor Speedway,race,528,70,GTD,Brendan Iribe,brendan iribe,85,3.0,21,86.49,29.579,29.894,27.017,,GF,20,71.3,81.68,62.0,False,162
imsa,2023,Indianapolis,Indianapolis Motor Speedway,race,528,70,GTD,Brendan Iribe,brendan iribe,86,3.0,22,86.587,29.514,29.931,27.142,,GF,21,71.3,81.86,62.0,False,162
imsa,2023,Indianapolis,Indianapolis Motor Speedway,race,528,70,GTD,Brendan Iribe,brendan iribe,87,3.0,23,86.826,29.555,29.787,27.484,,GF,22,71.3,82.04,63.0,False,162
imsa,2023,Indianapolis,Indianapolis Motor Speedway,race,528,70,GTD,Brendan Iribe,brendan iribe,88,3.0,24,86.017,29.435,29.547,27.035,,GF,23,71.3,82.04,63.0,False,162
imsa,2023,Indianapolis,Indianapolis Motor Speedway,race,528,70,GTD,Brendan Iribe,brendan iribe,89,3.0,25,85.942,29.342,29.619,26.981,,GF,24,71.3,82.04,62.0,False,162
imsa,2023,Indianapolis,Indianapolis Motor Speedway,race,528,70,GTD,Brendan Iribe,brendan iribe,90,3.0,26,86.34,29.452,29.54,27.348,,GF,25,71.5,82.22,62.0,False,162
imsa,2023,Indianapolis,Indianapolis Motor Speedway,race,528,70,GTD,Brendan Iribe,brendan iribe,91,3.0,27,86.102,29.721,29.503,26.878,,GF,26,71.5,82.4,62.0,False,162
imsa,2023,Indianapolis,Indianapolis Motor Speedway,race,528,70,GTD,Brendan Iribe,brendan iribe,92,3.0,28,88.424,30.059,30.691,27.674,,GF,27,71.7,82.76,62.0,False,162
imsa,2023,Indianapolis,Indianapolis Motor Speedway,race,528,70,GTD,Brendan Iribe,brendan iribe,93,3.0,29,86.497,29.791,29.765,26.941,,GF,28,71.7,82.76,62.0,False,162
imsa,2023,Indianapolis,Indianapolis Motor Speedway,race,528,70,GTD,Brendan Iribe,brendan iribe,94,3.0,30,86.144,29.276,29.717,27.151,,GF,29,71.9,82.94,62.0,False,162
imsa,2023,Indianapolis,Indianapolis Motor Speedway,race,528,70,GTD,Brendan Iribe,brendan iribe,95,3.0,31,86.856,30.148,29.748,26.96,,GF,30,72.0,82.94,62.0,False,162
imsa,2023,Indianapolis,Indianapolis Motor Speedway,race,528,70,GTD,Brendan Iribe,brendan iribe,96,3.0,32,85.762,29.421,29.526,26.815,,FF,31,72.0,82.94,61.0,False,162
imsa,2023,Indianapolis,Indianapolis Motor Speedway,race,528,77,GTD,Alan Brynjolfsson,alan brynjolfsson,1,1.0,0,152.694,75.422,35.919,41.353,,FCY,0,69.0,86.0,68.0,False,162
imsa,2023,Indianapolis,Indianapolis Motor Speedway,race,528,77,GTD,Alan Brynjolfsson,alan brynjolfsson,2,1.0,1,141.224,41.251,36.032,63.941,,FCY,0,69.0,85.82,68.0,False,162
imsa,2023,Indianapolis,Indianapolis Motor Speedway,race,528,77,GTD,Alan Brynjolfsson,alan brynjolfsson,3,1.0,2,176.853,54.741,49.155,72.957,,FCY,0,69.2,87.08,67.0,False,162
imsa,2023,Indianapolis,Indianapolis Motor Speedway,race,528,77,GTD,Alan Brynjolfsson,alan brynjolfsson,4,1.0,3,117.954,46.218,44.518,27.218,,GF,0,69.0,87.98,68.0,False,162
imsa,2023,Indianapolis,Indianapolis Motor Speedway,race,528,77,GTD,Alan Brynjolfsson,alan brynjolfsson,5,1.0,4,87.964,29.536,30.566,27.862,,GF,1,69.0,88.34,68.0,False,162
imsa,2023,Indianapolis,Indianapolis Motor Speedway,race,528,77,GTD,Alan Brynjolfsson,alan brynjolfsson,6,1.0,5,88.229,30.476,29.769,27.984,,GF,2,69.1,87.98,68.0,False,162
imsa,2023,Indianapolis,Indianapolis Motor Speedway,race,528,77,GTD,Alan Brynjolfsson,alan brynjolfsson,7,1.0,6,86.231,29.586,29.546,27.099,,GF,3,69.2,87.98,68.0,False,162
imsa,2023,Indianapolis,Indianapolis Motor Speedway,race,528,77,GTD,Alan Brynjolfsson,alan brynjolfsson,8,1.0,7,85.999,29.309,29.681,27.009,,GF,4,69.7,89.6,67.0,False,162
imsa,2023,Indianapolis,Indianapolis Motor Speedway,race,528,77,GTD,Alan Brynjolfsson,alan brynjolfsson,9,1.0,8,88.706,30.252,30.817,27.637,,GF,5,70.0,90.14,67.0,False,162
imsa,2023,Indianapolis,Indianapolis Motor Speedway,race,528,77,GTD,Alan Brynjolfsson,alan brynjolfsson,10,1.0,9,88.027,30.492,30.421,27.114,,GF,6,70.4,91.22,67.0,False,162
imsa,2023,Indianapolis,Indianapolis Motor Speedway,race,528,77,GTD,Alan Brynjolfsson,alan brynjolfsson,11,1.0,10,88.694,31.17,30.496,27.028,,GF,7,70.5,91.04,66.0,False,162
imsa,2023,Indianapolis,Indianapolis Motor Speedway,race,528,77,GTD,Alan Brynjolfsson,alan brynjolfsson,12,1.0,11,87.255,29.862,30.171,27.222,,GF,8,70.7,90.68,65.0,False,162
imsa,2023,Indianapolis,Indianapolis Motor Speedway,race,528,77,GTD,Alan Brynjolfsson,alan brynjolfsson,13,1.0,12,90.339,31.311,31.318,27.71,,GF,9,70.7,90.86,65.0,False,162
imsa,2023,Indianapolis,Indianapolis Motor Speedway,race,528,77,GTD,Alan Brynjolfsson,alan brynjolfsson,14,1.0,13,86.732,29.673,29.8,27.259,,GF,10,70.8,90.32,65.0,False,162
imsa,2023,Indianapolis,Indianapolis Motor Speedway,race,528,77,GTD,Alan Brynjolfsson,alan brynjolfsson,15,1.0,14,86.007,29.471,29.66,26.876,,GF,11,70.9,90.14,65.0,False,162
imsa,2023,Indianapolis,Indianapolis Motor Speedway,race,528,77,GTD,Alan Brynjolfsson,alan brynjolfsson,16,1.0,15,87.479,29.414,30.242,27.823,,GF,12,71.0,90.14,64.0,False,162
imsa,2023,Indianapolis,Indianapolis Motor Speedway,race,528,77,GTD,Alan Brynjolfsson,alan brynjolfsson,17,1.0,16,86.585,29.462,29.787,27.336,,GF,13,71.0,89.96,63.0,False,162
imsa,2023,Indianapolis,Indianapolis Motor Speedway,race,528,77,GTD,Alan Brynjolfsson,alan brynjolfsson,18,1.0,17,87.549,29.385,29.67,28.494,,GF,14,70.9,89.78,63.0,False,162
imsa,2023,Indianapolis,Indianapolis Motor Speedway,race,528,77,GTD,Alan Brynjolfsson,alan brynjolfsson,19,1.0,18,88.656,30.634,30.307,27.715,,GF,15,70.8,89.24,64.0,False,162
imsa,2023,Indianapolis,Indianapolis Motor Speedway,race,528,77,GTD,Alan Brynjolfsson,alan brynjolfsson,20,1.0,19,86.356,29.677,29.778,26.901,,GF,16,70.7,89.24,64.0,False,162
imsa,2023,Indianapolis,Indianapolis Motor Speedway,race,528,77,GTD,Alan Brynjolfsson,alan brynjolfsson,21,1.0,20,87.379,29.896,29.933,27.55,,GF,17,70.6,89.6,64.0,False,162
imsa,2023,Indianapolis,Indianapolis Motor Speedway,race,528,77,GTD,Alan Brynjolfsson,alan brynjolfsson,22,1.0,21,86.975,30.076,29.853,27.046,,GF,18,70.5,90.14,64.0,False,162
imsa,2023,Indianapolis,Indianapolis Motor Speedway,race,528,77,GTD,Alan Brynjolfsson,alan brynjolfsson,23,1.0,22,87.525,30.593,29.805,27.127,,GF,19,70.4,89.78,64.0,False,162
imsa,2023,Indianapolis,Indianapolis Motor Speedway,race,528,77,GTD,Alan Brynjolfsson,alan brynjolfsson,24,1.0,23,87.651,29.667,29.924,28.06,,GF,20,70.3,89.42,64.0,False,162
imsa,2023,Indianapolis,Indianapolis Motor Speedway,race,528,77,GTD,Alan Brynjolfsson,alan brynjolfsson,25,1.0,24,87.324,30.12,29.998,27.206,,GF,21,70.3,90.32,64.0,False,162
imsa,2023,Indianapolis,Indianapolis Motor Speedway,race,528,77,GTD,Alan Brynjolfsson,alan brynjolfsson,26,1.0,25,89.327,30.103,30.681,28.543,,GF,22,70.3,91.04,64.0,False,162
imsa,2023,Indianapolis,Indianapolis Motor Speedway,race,528,77,GTD,Alan Brynjolfsson,alan brynjolfsson,27,1.0,26,101.273,32.717,32.577,35.979,,FCY,23,70.8,91.76,64.0,False,162
imsa,2023,Indianapolis,Indianapolis Motor Speedway,race,528,77,GTD,Alan Brynjolfsson,alan brynjolfsson,28,1.0,27,153.531,49.082,60.259,44.19,,FCY,23,71.1,93.02,63.0,False,162
imsa,2023,Indianapolis,Indianapolis Motor Speedway,race,528,77,GTD,Alan Brynjolfsson,alan brynjolfsson,29,1.0,28,89.671,32.019,30.319,27.333,,FCY,23,71.3,93.92,62.0,False,162
imsa,2023,Indianapolis,Indianapolis Motor Speedway,race,528,77,GTD,Alan Brynjolfsson,alan brynjolfsson,30,1.0,29,88.029,30.199,29.963,27.867,,FCY,23,71.3,94.1,62.0,False,162
imsa,2023,Indianapolis,Indianapolis Motor Speedway,race,528,77,GTD,Alan Brynjolfsson,alan brynjolfsson,31,1.0,30,150.582,35.996,32.802,81.784,,FCY,23,71.2,95.36,62.0,False,162
imsa,2023,Indianapolis,Indianapolis Motor Speedway,race,528,77,GTD,Trent Hindman,trent hindman,32,2.0,0,125.753,53.031,42.546,30.176,85.351,FCY,0,71.2,96.44,62.0,False,162
imsa,2023,Indianapolis,Indianapolis Motor Speedway,race,528,77,GTD,Trent Hindman,trent hindman,33,2.0,1,99.09,32.05,32.887,34.153,,FCY,0,71.3,96.62,62.0,False,162
imsa,2023,Indianapolis,Indianapolis Motor Speedway,race,528,77,GTD,Trent Hindman,trent hindman,34,2.0,2,149.54,51.534,54.55,43.456,,FCY,0,71.5,94.28,61.0,False,162
imsa,2023,Indianapolis,Indianapolis Motor Speedway,race,528,77,GTD,Trent Hindman,trent hindman,35,2.0,3,160.551,58.109,52.453,49.989,,FCY,0,71.5,93.92,62.0,False,162
imsa,2023,Indianapolis,Indianapolis Motor Speedway,race,528,77,GTD,Trent Hindman,trent hindman,36,2.0,4,139.613,43.895,50.021,45.697,,FCY,0,71.2,93.02,62.0,False,162
imsa,2023,Indianapolis,Indianapolis Motor Speedway,race,528,77,GTD,Trent Hindman,trent hindman,37,2.0,5,107.368,45.107,35.653,26.608,,GF,0,71.1,91.76,62.0,False,162
imsa,2023,Indianapolis,Indianapolis Motor Speedway,race,528,77,GTD,Trent Hindman,trent hindman,38,2.0,6,86.447,29.154,30.385,26.908,,GF,1,70.9,90.68,62.0,False,162
imsa,2023,Indianapolis,Indianapolis Motor Speedway,race,528,77,GTD,Trent Hindman,trent hindman,39,2.0,7,85.817,29.128,29.898,26.791,,GF,2,70.9,90.14,62.0,False,162
imsa,2023,Indianapolis,Indianapolis Motor Speedway,race,528,77,GTD,Trent Hindman,trent hindman,40,2.0,8,85.338,29.042,29.561,26.735,,GF,3,70.8,88.88,62.0,False,162
imsa,2023,Indianapolis,Indianapolis Motor Speedway,race,528,77,GTD,Trent Hindman,trent hindman,41,2.0,9,85.079,29.185,29.172,26.722,,GF,4,70.7,88.52,62.0,False,162
imsa,2023,Indianapolis,Indianapolis Motor Speedway,race,528,77,GTD,Trent Hindman,trent hindman,42,2.0,10,85.109,29.076,29.167,26.866,,GF,5,70.6,87.8,62.0,False,162
imsa,2023,Indianapolis,Indianapolis Motor Speedway,race,528,77,GTD,Trent Hindman,trent hindman,43,2.0,11,85.89,29.0,29.189,27.701,,GF,6,70.6,87.44,62.0,False,162
imsa,2023,Indianapolis,Indianapolis Motor Speedway,race,528,77,GTD,Trent Hindman,trent hindman,44,2.0,12,86.01,29.268,29.48,27.262,,GF,7,70.6,87.08,63.0,False,162
imsa,2023,Indianapolis,Indianapolis Motor Speedway,race,528,77,GTD,Trent Hindman,trent hindman,45,2.0,13,86.808,29.639,30.066,27.103,,GF,8,70.6,86.72,64.0,False,162
imsa,2023,Indianapolis,Indianapolis Motor Speedway,race,528,77,GTD,Trent Hindman,trent hindman,46,2.0,14,86.428,29.579,29.583,27.266,,GF,9,70.7,86.36,65.0,False,162
imsa,2023,Indianapolis,Indianapolis Motor Speedway,race,528,77,GTD,Trent Hindman,trent hindman,47,2.0,15,86.052,29.455,29.561,27.036,,GF,10,70.8,85.82,65.0,False,162
imsa,2023,Indianapolis,Indianapolis Motor Speedway,race,528,77,GTD,Trent Hindman,trent hindman,48,2.0,16,85.851,29.39,29.499,26.962,,GF,11,70.8,85.64,65.0,False,162
imsa,2023,Indianapolis,Indianapolis Motor Speedway,race,528,77,GTD,Trent Hindman,trent hindman,49,2.0,17,85.442,29.156,29.427,26.859,,GF,12,71.0,85.28,65.0,False,162
imsa,2023,Indianapolis,Indianapolis Motor Speedway,race,528,77,GTD,Trent Hindman,trent hindman,50,2.0,18,85.388,29.217,29.334,26.837,,GF,13,71.0,85.1,65.0,False,162
imsa,2023,Indianapolis,Indianapolis Motor Speedway,race,528,77,GTD,Trent Hindman,trent hindman,51,2.0,19,85.618,29.307,29.513,26.798,,GF,14,71.1,84.92,64.0,False,162
imsa,2023,Indianapolis,Indianapolis Motor Speedway,race,528,77,GTD,Trent Hindman,trent hindman,52,2.0,20,86.407,29.62,29.661,27.126,,GF,15,71.3,84.56,64.0,False,162
imsa,2023,Indianapolis,Indianapolis Motor Speedway,race,528,77,GTD,Trent Hindman,trent hindman,53,2.0,21,86.451,29.641,29.871,26.939,,GF,16,71.3,84.56,64.0,False,162
imsa,2023,Indianapolis,Indianapolis Motor Speedway,race,528,77,GTD,Trent Hindman,trent hindman,54,2.0,22,85.79,29.274,29.426,27.09,,GF,17,71.4,84.38,63.0,False,162
imsa,2023,Indianapolis,Indianapolis Motor Speedway,race,528,77,GTD,Trent Hindman,trent hindman,55,2.0,23,85.628,29.2,29.318,27.11,,GF,18,71.4,84.38,63.0,False,162
imsa,2023,Indianapolis,Indianapolis Motor Speedway,race,528,77,GTD,Trent Hindman,trent hindman,56,2.0,24,85.189,29.142,29.224,26.823,,GF,19,71.5,84.38,63.0,False,162
imsa,2023,Indianapolis,Indianapolis Motor Speedway,race,528,77,GTD,Trent Hindman,trent hindman,57,2.0,25,85.495,29.344,29.311,26.84,,GF,20,71.6,84.56,63.0,False,162
imsa,2023,Indianapolis,Indianapolis Motor Speedway,race,528,77,GTD,Trent Hindman,trent hindman,58,2.0,26,86.121,29.334,29.605,27.182,,GF,21,71.6,84.56,63.0,False,162
imsa,2023,Indianapolis,Indianapolis Motor Speedway,race,528,77,GTD,Trent Hindman,trent hindman,59,2.0,27,86.011,29.494,29.549,26.968,,GF,22,71.7,84.74,63.0,False,162
imsa,2023,Indianapolis,Indianapolis Motor Speedway,race,528,77,GTD,Trent Hindman,trent hindman,60,2.0,28,85.401,29.12,29.399,26.882,,GF,23,71.8,84.74,63.0,False,162
imsa,2023,Indianapolis,Indianapolis Motor Speedway,race,528,77,GTD,Trent Hindman,trent hindman,61,2.0,29,86.877,30.035,29.895,26.947,,GF,24,71.8,84.56,63.0,False,162
imsa,2023,Indianapolis,Indianapolis Motor Speedway,race,528,77,GTD,Trent Hindman,trent hindman,62,2.0,30,137.363,29.486,29.754,78.123,,GF,25,71.6,84.56,63.0,False,162
imsa,2023,Indianapolis,Indianapolis Motor Speedway,race,528,77,GTD,Trent Hindman,trent hindman,63,2.0,31,108.667,51.509,30.256,26.902,82.973,GF,0,71.5,84.56,63.0,False,162
imsa,2023,Indianapolis,Indianapolis Motor Speedway,race,528,77,GTD,Trent Hindman,trent hindman,64,2.0,32,85.037,29.093,29.173,26.771,,GF,0,71.5,84.56,64.0,False,162
imsa,2023,Indianapolis,Indianapolis Motor Speedway,race,528,77,GTD,Trent Hindman,trent hindman,65,2.0,33,87.409,30.313,30.304,26.792,,GF,1,71.5,84.56,63.0,False,162
imsa,2023,Indianapolis,Indianapolis Motor Speedway,race,528,77,GTD,Trent Hindman,trent hindman,66,2.0,34,84.818,29.071,29.19,26.557,,GF,2,71.4,84.56,63.0,False,162
imsa,2023,Indianapolis,Indianapolis Motor Speedway,race,528,77,GTD,Trent Hindman,trent hindman,67,2.0,35,85.47,28.812,29.761,26.897,,GF,3,71.3,84.74,63.0,False,162
imsa,2023,Indianapolis,Indianapolis Motor Speedway,race,528,77,GTD,Trent Hindman,trent hindman,68,2.0,36,84.506,28.92,29.067,26.519,,GF,4,71.3,84.56,64.0,False,162
imsa,2023,Indianapolis,Indianapolis Motor Speedway,race,528,77,GTD,Trent Hindman,trent hindman,69,2.0,37,86.43,29.984,29.222,27.224,,GF,5,71.3,84.56,63.0,False,162
imsa,2023,Indianapolis,Indianapolis Motor Speedway,race,528,77,GTD,Trent Hindman,trent hindman,70,2.0,38,86.009,30.09,29.276,26.643,,GF,6,71.4,84.2,63.0,False,162
imsa,2023,Indianapolis,Indianapolis Motor Speedway,race,528,77,GTD,Trent Hindman,trent hindman,71,2.0,39,86.149,29.054,29.877,27.218,,GF,7,71.4,83.84,63.0,False,162
imsa,2023,Indianapolis,Indianapolis Motor Speedway,race,528,77,GTD,Trent Hindman,trent hindman,72,2.0,40,85.567,29.183,29.753,26.631,,GF,8,71.5,83.48,63.0,False,162
imsa,2023,Indianapolis,Indianapolis Motor Speedway,race,528,77,GTD,Trent Hindman,trent hindman,73,2.0,41,85.024,29.057,29.136,26.831,,GF,9,71.6,83.12,63.0,False,162
imsa,2023,Indianapolis,Indianapolis Motor Speedway,race,528,77,GTD,Trent Hindman,trent hindman,74,2.0,42,84.911,29.09,29.104,26.717,,GF,10,71.6,83.12,62.0,False,162
imsa,2023,Indianapolis,Indianapolis Motor Speedway,race,528,77,GTD,Trent Hindman,trent hindman,75,2.0,43,85.034,29.159,29.237,26.638,,GF,11,71.5,82.76,62.0,False,162
imsa,2023,Indianapolis,Indianapolis Motor Speedway,race,528,77,GTD,Trent Hindman,trent hindman,76,2.0,44,85.324,29.095,29.479,26.75,,GF,12,71.5,82.58,63.0,False,162
imsa,2023,Indianapolis,Indianapolis Motor Speedway,race,528,77,GTD,Trent Hindman,trent hindman,77,2.0,45,85.332,29.214,29.297,26.821,,GF,13,71.3,82.58,63.0,False,162
imsa,2023,Indianapolis,Indianapolis Motor Speedway,race,528,77,GTD,Trent Hindman,trent hindman,78,2.0,46,86.006,29.283,29.454,27.269,,GF,14,71.3,82.4,63.0,False,162
imsa,2023,Indianapolis,Indianapolis Motor Speedway,race,528,77,GTD,Trent Hindman,trent hindman,79,2.0,47,85.125,29.204,29.259,26.662,,GF,15,71.2,82.4,63.0,False,162
imsa,2023,Indianapolis,Indianapolis Motor Speedway,race,528,77,GTD,Trent Hindman,trent hindman,80,2.0,48,86.552,29.132,29.665,27.755,,GF,16,71.2,82.04,63.0,False,162
imsa,2023,Indianapolis,Indianapolis Motor Speedway,race,528,77,GTD,Trent Hindman,trent hindman,81,2.0,49,86.224,29.768,29.431,27.025,,GF,17,71.1,81.86,63.0,False,162
imsa,2023,Indianapolis,Indianapolis Motor Speedway,race,528,77,GTD,Trent Hindman,trent hindman,82,2.0,50,85.382,29.197,29.324,26.861,,GF,18,70.9,81.5,63.0,False,162
imsa,2023,Indianapolis,Indianapolis Motor Speedway,race,528,77,GTD,Trent Hindman,trent hindman,83,2.0,51,85.382,29.172,29.423,26.787,,GF,19,70.9,81.5,63.0,False,162
imsa,2023,Indianapolis,Indianapolis Motor Speedway,race,528,77,GTD,Trent Hindman,trent hindman,84,2.0,52,86.211,29.878,29.45,26.883,,GF,20,70.8,81.5,63.0,False,162
imsa,2023,Indianapolis,Indianapolis Motor Speedway,race,528,77,GTD,Trent Hindman,trent hindman,85,2.0,53,85.698,29.084,29.721,26.893,,GF,21,70.8,81.32,63.0,False,162
imsa,2023,Indianapolis,Indianapolis Motor Speedway,race,528,77,GTD,Trent Hindman,trent hindman,86,2.0,54,86.192,29.265,29.885,27.042,,GF,22,70.8,81.32,63.0,False,162
imsa,2023,Indianapolis,Indianapolis Motor Speedway,race,528,77,GTD,Trent Hindman,trent hindman,87,2.0,55,85.332,29.213,29.398,26.721,,GF,23,70.9,81.32,63.0,False,162
imsa,2023,Indianapolis,Indianapolis Motor Speedway,race,528,77,GTD,Trent Hindman,trent hindman,88,2.0,56,86.057,29.908,29.339,26.81,,GF,24,71.0,81.5,63.0,False,162
imsa,2023,Indianapolis,Indianapolis Motor Speedway,race,528,77,GTD,Trent Hindman,trent hindman,89,2.0,57,85.886,29.345,29.735,26.806,,GF,25,71.1,81.5,63.0,False,162
imsa,2023,Indianapolis,Indianapolis Motor Speedway,race,528,77,GTD,Trent Hindman,trent hindman,90,2.0,58,85.294,29.276,29.249,26.769,,GF,26,71.3,81.68,62.0,False,162
imsa,2023,Indianapolis,Indianapolis Motor Speedway,race,528,77,GTD,Trent Hindman,trent hindman,91,2.0,59,85.523,29.275,29.373,26.875,,GF,27,71.2,81.68,62.0,False,162
imsa,2023,Indianapolis,Indianapolis Motor Speedway,race,528,77,GTD,Trent Hindman,trent hindman,92,2.0,60,85.307,29.247,29.374,26.686,,GF,28,71.2,81.68,62.0,False,162
imsa,2023,Indianapolis,Indianapolis Motor Speedway,race,528,77,GTD,Trent Hindman,trent hindman,93,2.0,61,85.536,29.18,29.578,26.778,,GF,29,71.3,81.68,62.0,False,162
imsa,2023,Indianapolis,Indianapolis Motor Speedway,race,528,77,GTD,Trent Hindman,trent hindman,94,2.0,62,85.405,29.156,29.361,26.888,,GF,30,71.3,81.86,62.0,False,162
imsa,2023,Indianapolis,Indianapolis Motor Speedway,race,528,77,GTD,Trent Hindman,trent hindman,95,2.0,63,86.024,29.332,29.674,27.018,,GF,31,71.3,82.04,63.0,False,162
imsa,2023,Indianapolis,Indianapolis Motor Speedway,race,528,77,GTD,Trent Hindman,trent hindman,96,2.0,64,85.697,29.166,29.568,26.963,,GF,32,71.3,82.04,63.0,False,162
imsa,2023,Indianapolis,Indianapolis Motor Speedway,race,528,77,GTD,Trent Hindman,trent hindman,97,2.0,65,85.547,29.155,29.471,26.921,,GF,33,71.5,82.04,62.0,False,162
imsa,2023,Indianapolis,Indianapolis Motor Speedway,race,528,77,GTD,Trent Hindman,trent hindman,98,2.0,66,86.651,29.268,29.771,27.612,,GF,34,71.5,82.22,62.0,False,162
imsa,2023,Indianapolis,Indianapolis Motor Speedway,race,528,77,GTD,Trent Hindman,trent hindman,99,2.0,67,85.857,29.477,29.472,26.908,,GF,35,71.6,82.58,62.0,False,162
imsa,2023,Indianapolis,Indianapolis Motor Speedway,race,528,77,GTD,Trent Hindman,trent hindman,100,2.0,68,86.364,29.36,29.635,27.369,,GF,36,71.7,82.76,62.0,False,162
imsa,2023,Indianapolis,Indianapolis Motor Speedway,race,528,77,GTD,Trent Hindman,trent hindman,101,2.0,69,85.908,29.38,29.437,27.091,,GF,37,71.8,82.76,62.0,False,162
imsa,2023,Indianapolis,Indianapolis Motor Speedway,race,528,77,GTD,Trent Hindman,trent hindman,102,2.0,70,86.69,30.153,29.67,26.867,,GF,38,71.9,82.94,62.0,False,162
imsa,2023,Indianapolis,Indianapolis Motor Speedway,race,528,77,GTD,Trent Hindman,trent hindman,103,2.0,71,85.664,29.287,29.528,26.849,,GF,39,72.0,82.94,62.0,False,162
imsa,2023,Indianapolis,Indianapolis Motor Speedway,race,528,77,GTD,Trent Hindman,trent hindman,104,2.0,72,85.908,29.352,29.444,27.112,,FF,40,72.0,82.94,61.0,False,162
imsa,2023,Indianapolis,Indianapolis Motor Speedway,race,528,78,GTD,Misha Goikhberg,misha goikhberg,1,1.0,0,144.124,72.203,33.63,38.291,,FCY,0,69.0,86.0,68.0,False,162
imsa,2023,Indianapolis,Indianapolis Motor Speedway,race,528,78,GTD,Misha Goikhberg,misha goikhberg,2,1.0,1,134.155,39.21,34.582,60.363,,FCY,0,69.0,85.82,68.0,False,162
imsa,2023,Indianapolis,Indianapolis Motor Speedway,race,528,78,GTD,Misha Goikhberg,misha goikhberg,3,1.0,2,174.475,59.389,50.148,64.938,,FCY,0,69.2,87.08,67.0,False,162
imsa,2023,Indianapolis,Indianapolis Motor Speedway,race,528,78,GTD,Misha Goikhberg,misha goikhberg,4,1.0,3,128.162,53.335,47.967,26.86,,GF,0,69.0,87.98,68.0,False,162
imsa,2023,Indianapolis,Indianapolis Motor Speedway,race,528,78,GTD,Misha Goikhberg,misha goikhberg,5,1.0,4,85.999,29.526,29.795,26.678,,GF,1,69.0,88.52,68.0,False,162
imsa,2023,Indianapolis,Indianapolis Motor Speedway,race,528,78,GTD,Misha Goikhberg,misha goikhberg,6,1.0,5,85.098,28.976,29.411,26.711,,GF,2,69.1,87.98,68.0,False,162
imsa,2023,Indianapolis,Indianapolis Motor Speedway,race,528,78,GTD,Misha Goikhberg,misha goikhberg,7,1.0,6,85.492,29.459,29.304,26.729,,GF,3,69.2,87.98,68.0,False,162
imsa,2023,Indianapolis,Indianapolis Motor Speedway,race,528,78,GTD,Misha Goikhberg,misha goikhberg,8,1.0,7,85.464,29.144,29.565,26.755,,GF,4,69.7,89.6,67.0,False,162
imsa,2023,Indianapolis,Indianapolis Motor Speedway,race,528,78,GTD,Misha Goikhberg,misha goikhberg,9,1.0,8,105.927,29.37,29.546,47.011,,GF,5,70.0,90.14,67.0,False,162
imsa,2023,Indianapolis,Indianapolis Motor Speedway,race,528,78,GTD,Misha Goikhberg,misha goikhberg,10,1.0,9,105.263,48.884,29.551,26.828,51.449,GF,0,70.4,91.22,67.0,False,162
imsa,2023,Indianapolis,Indianapolis Motor Speedway,race,528,78,GTD,Misha Goikhberg,misha goikhberg,11,1.0,10,85.988,29.924,29.407,26.657,,GF,0,70.5,91.04,66.0,False,162
imsa,2023,Indianapolis,Indianapolis Motor Speedway,race,528,78,GTD,Misha Goikhberg,misha goikhberg,12,1.0,11,85.687,29.325,29.569,26.793,,GF,1,70.7,90.68,65.0,False,162
imsa,2023,Indianapolis,Indianapolis Motor Speedway,race,528,78,GTD,Misha Goikhberg,misha goikhberg,13,1.0,12,86.351,29.828,29.433,27.09,,GF,2,70.7,90.86,65.0,False,162
imsa,2023,Indianapolis,Indianapolis Motor Speedway,race,528,78,GTD,Misha Goikhberg,misha goikhberg,14,1.0,13,86.829,29.648,29.701,27.48,,GF,3,70.8,90.32,65.0,False,162
imsa,2023,Indianapolis,Indianapolis Motor Speedway,race,528,78,GTD,Misha Goikhberg,misha goikhberg,15,1.0,14,86.87,29.6,29.694,27.576,,GF,4,70.9,90.14,65.0,False,162
imsa,2023,Indianapolis,Indianapolis Motor Speedway,race,528,78,GTD,Misha Goikhberg,misha goikhberg,16,1.0,15,87.354,29.999,30.188,27.167,,GF,5,71.1,89.96,63.0,False,162
imsa,2023,Indianapolis,Indianapolis Motor Speedway,race,528,78,GTD,Misha Goikhberg,misha goikhberg,17,1.0,16,86.235,29.364,29.735,27.136,,GF,6,71.0,89.96,63.0,False,162
imsa,2023,Indianapolis,Indianapolis Motor Speedway,race,528,78,GTD,Misha Goikhberg,misha goikhberg,18,1.0,17,87.56,29.584,30.102,27.874,,GF,7,70.8,89.42,63.0,False,162
imsa,2023,Indianapolis,Indianapolis Motor Speedway,race,528,78,GTD,Misha Goikhberg,misha goikhberg,19,1.0,18,88.41,31.483,29.756,27.171,,GF,8,70.8,89.24,64.0,False,162
imsa,2023,Indianapolis,Indianapolis Motor Speedway,race,528,78,GTD,Misha Goikhberg,misha goikhberg,20,1.0,19,86.269,29.699,29.693,26.877,,GF,9,70.7,89.24,64.0,False,162
imsa,2023,Indianapolis,Indianapolis Motor Speedway,race,528,78,GTD,Misha Goikhberg,misha goikhberg,21,1.0,20,86.312,29.522,29.814,26.976,,GF,10,70.6,89.6,64.0,False,162
imsa,2023,Indianapolis,Indianapolis Motor Speedway,race,528,78,GTD,Misha Goikhberg,misha goikhberg,22,1.0,21,86.029,29.498,29.606,26.925,,GF,11,70.5,90.14,64.0,False,162
imsa,2023,Indianapolis,Indianapolis Motor Speedway,race,528,78,GTD,Misha Goikhberg,misha goikhberg,23,1.0,22,86.169,29.361,29.618,27.19,,GF,12,70.4,89.78,64.0,False,162
imsa,2023,Indianapolis,Indianapolis Motor Speedway,race,528,78,GTD,Misha Goikhberg,misha goikhberg,24,1.0,23,86.956,30.194,29.807,26.955,,GF,13,70.3,89.42,64.0,False,162
imsa,2023,Indianapolis,Indianapolis Motor Speedway,race,528,78,GTD,Misha Goikhberg,misha goikhberg,25,1.0,24,86.93,29.712,30.345,26.873,,GF,14,70.3,90.32,64.0,False,162
imsa,2023,Indianapolis,Indianapolis Motor Speedway,race,528,78,GTD,Misha Goikhberg,misha goikhberg,26,1.0,25,86.951,29.574,29.701,27.676,,FCY,15,70.3,91.04,64.0,False,162
imsa,2023,Indianapolis,Indianapolis Motor Speedway,race,528,78,GTD,Misha Goikhberg,misha goikhberg,27,1.0,26,101.27,32.451,33.003,35.816,,FCY,15,70.8,91.76,64.0,False,162
imsa,2023,Indianapolis,Indianapolis Motor Speedway,race,528,78,GTD,Misha Goikhberg,misha goikhberg,28,1.0,27,150.097,47.163,61.493,41.441,,FCY,15,71.1,93.02,63.0,False,162
imsa,2023,Indianapolis,Indianapolis Motor Speedway,race,528,78,GTD,Misha Goikhberg,misha goikhberg,29,1.0,28,92.938,34.614,30.469,27.855,,FCY,15,71.3,93.92,62.0,False,162
imsa,2023,Indianapolis,Indianapolis Motor Speedway,race,528,78,GTD,Misha Goikhberg,misha goikhberg,30,1.0,29,88.253,30.157,30.11,27.986,,FCY,15,71.3,94.1,62.0,False,162
imsa,2023,Indianapolis,Indianapolis Motor Speedway,race,528,78,GTD,Misha Goikhberg,misha goikhberg,31,1.0,30,146.402,33.18,32.308,80.914,,FCY,15,71.2,95.72,62.0,False,162
imsa,2023,Indianapolis,Indianapolis Motor Speedway,race,528,78,GTD,Loris Spinelli,loris spinelli,32,2.0,0,125.829,52.343,42.75,30.736,84.515,FCY,0,71.3,96.8,62.0,False,162
imsa,2023,Indianapolis,Indianapolis Motor Speedway,race,528,78,GTD,Loris Spinelli,loris spinelli,33,2.0,1,98.988,31.597,33.528,33.863,,FCY,0,71.3,96.62,62.0,False,162
imsa,2023,Indianapolis,Indianapolis Motor Speedway,race,528,78,GTD,Loris Spinelli,loris spinelli,34,2.0,2,150.079,51.867,53.966,44.246,,FCY,0,71.5,94.28,61.0,False,162
imsa,2023,Indianapolis,Indianapolis Motor Speedway,race,528,78,GTD,Loris Spinelli,loris spinelli,35,2.0,3,159.885,57.733,52.646,49.506,,FCY,0,71.5,93.92,62.0,False,162
imsa,2023,Indianapolis,Indianapolis Motor Speedway,race,528,78,GTD,Loris Spinelli,loris spinelli,36,2.0,4,140.106,45.248,48.483,46.375,,FCY,0,71.2,93.02,62.0,False,162
imsa,2023,Indianapolis,Indianapolis Motor Speedway,race,528,78,GTD,Loris Spinelli,loris spinelli,37,2.0,5,106.432,44.169,35.723,26.54,,GF,0,71.1,91.76,62.0,False,162
imsa,2023,Indianapolis,Indianapolis Motor Speedway,race,528,78,GTD,Loris Spinelli,loris spinelli,38,2.0,6,85.554,29.067,29.693,26.794,,GF,1,70.9,90.68,62.0,False,162
imsa,2023,Indianapolis,Indianapolis Motor Speedway,race,528,78,GTD,Loris Spinelli,loris spinelli,39,2.0,7,85.286,28.984,29.517,26.785,,GF,2,70.9,90.14,62.0,False,162
imsa,2023,Indianapolis,Indianapolis Motor Speedway,race,528,78,GTD,Loris Spinelli,loris spinelli,40,2.0,8,85.747,29.306,29.783,26.658,,GF,3,70.8,88.88,62.0,False,162
imsa,2023,Indianapolis,Indianapolis Motor Speedway,race,528,78,GTD,Loris Spinelli,loris spinelli,41,2.0,9,84.627,28.997,29.059,26.571,,GF,4,70.7,88.52,62.0,False,162
imsa,2023,Indianapolis,Indianapolis Motor Speedway,race,528,78,GTD,Loris Spinelli,loris spinelli,42,2.0,10,84.896,29.005,29.297,26.594,,GF,5,70.6,87.8,62.0,False,162
imsa,2023,Indianapolis,Indianapolis Motor Speedway,race,528,78,GTD,Loris Spinelli,loris spinelli,43,2.0,11,84.628,28.923,29.04,26.665,,GF,6,70.6,87.44,62.0,False,162
imsa,2023,Indianapolis,Indianapolis Motor Speedway,race,528,78,GTD,Loris Spinelli,loris spinelli,44,2.0,12,86.729,30.002,29.859,26.868,,GF,7,70.6,87.08,63.0,False,162
imsa,2023,Indianapolis,Indianapolis Motor Speedway,race,528,78,GTD,Loris Spinelli,loris spinelli,45,2.0,13,85.742,29.546,29.547,26.649,,GF,8,70.6,86.72,64.0,False,162
imsa,2023,Indianapolis,Indianapolis Motor Speedway,race,528,78,GTD,Loris Spinelli,loris spinelli,46,2.0,14,84.996,29.158,29.095,26.743,,GF,9,70.7,86.36,65.0,False,162
imsa,2023,Indianapolis,Indianapolis Motor Speedway,race,528,78,GTD,Loris Spinelli,loris spinelli,47,2.0,15,85.993,29.233,29.412,27.348,,GF,10,70.8,85.82,65.0,False,162
imsa,2023,Indianapolis,Indianapolis Motor Speedway,race,528,78,GTD,Loris Spinelli,loris spinelli,48,2.0,16,85.38,29.135,29.291,26.954,,GF,11,70.8,85.64,65.0,False,162
imsa,2023,Indianapolis,Indianapolis Motor Speedway,race,528,78,GTD,Loris Spinelli,loris spinelli,49,2.0,17,85.353,29.126,29.25,26.977,,GF,12,71.0,85.28,65.0,False,162
imsa,2023,Indianapolis,Indianapolis Motor Speedway,race,528,78,GTD,Loris Spinelli,loris spinelli,50,2.0,18,85.179,28.98,29.353,26.846,,GF,13,71.0,85.1,65.0,False,162
imsa,2023,Indianapolis,Indianapolis Motor Speedway,race,528,78,GTD,Loris Spinelli,loris spinelli,51,2.0,19,85.272,29.169,29.498,26.605,,GF,14,71.1,84.92,64.0,False,162
imsa,2023,Indianapolis,Indianapolis Motor Speedway,race,528,78,GTD,Loris Spinelli,loris spinelli,52,2.0,20,84.934,28.959,29.263,26.712,,GF,15,71.3,84.56,64.0,False,162
imsa,2023,Indianapolis,Indianapolis Motor Speedway,race,528,78,GTD,Loris Spinelli,loris spinelli,53,2.0,21,85.469,28.943,29.519,27.007,,GF,16,71.3,84.56,64.0,False,162
imsa,2023,Indianapolis,Indianapolis Motor Speedway,race,528,78,GTD,Loris Spinelli,loris spinelli,54,2.0,22,85.708,29.282,29.436,26.99,,GF,17,71.4,84.56,64.0,False,162
imsa,2023,Indianapolis,Indianapolis Motor Speedway,race,528,78,GTD,Loris Spinelli,loris spinelli,55,2.0,23,86.396,29.125,29.964,27.307,,GF,18,71.4,84.38,63.0,False,162
imsa,2023,Indianapolis,Indianapolis Motor Speedway,race,528,78,GTD,Loris Spinelli,loris spinelli,56,2.0,24,86.288,29.299,30.185,26.804,,GF,19,71.5,84.38,63.0,False,162
imsa,2023,Indianapolis,Indianapolis Motor Speedway,race,528,78,GTD,Loris Spinelli,loris spinelli,57,2.0,25,85.022,29.07,29.274,26.678,,GF,20,71.6,84.56,63.0,False,162
imsa,2023,Indianapolis,Indianapolis Motor Speedway,race,528,78,GTD,Loris Spinelli,loris spinelli,58,2.0,26,85.225,29.04,29.51,26.675,,GF,21,71.6,84.56,63.0,False,162
imsa,2023,Indianapolis,Indianapolis Motor Speedway,race,528,78,GTD,Loris Spinelli,loris spinelli,59,2.0,27,85.592,29.22,29.415,26.957,,GF,22,71.7,84.74,63.0,False,162
imsa,2023,Indianapolis,Indianapolis Motor Speedway,race,528,78,GTD,Loris Spinelli,loris spinelli,60,2.0,28,86.144,29.308,29.844,26.992,,GF,23,71.8,84.74,63.0,False,162
imsa,2023,Indianapolis,Indianapolis Motor Speedway,race,528,78,GTD,Loris Spinelli,loris spinelli,61,2.0,29,136.442,29.44,29.277,77.725,,GF,24,71.8,84.56,63.0,False,162
imsa,2023,Indianapolis,Indianapolis Motor Speedway,race,528,78,GTD,Loris Spinelli,loris spinelli,62,2.0,30,108.651,51.083,30.605,26.963,82.685,GF,0,71.6,84.56,63.0,False,162
imsa,2023,Indianapolis,Indianapolis Motor Speedway,race,528,78,GTD,Loris Spinelli,loris spinelli,63,2.0,31,85.684,29.245,29.777,26.662,,GF,0,71.5,84.56,63.0,False,162
imsa,2023,Indianapolis,Indianapolis Motor Speedway,race,528,78,GTD,Loris Spinelli,loris spinelli,64,2.0,32,84.83,28.905,29.101,26.824,,GF,1,71.5,84.56,64.0,False,162
imsa,2023,Indianapolis,Indianapolis Motor Speedway,race,528,78,GTD,Loris Spinelli,loris spinelli,65,2.0,33,84.749,29.073,29.03,26.646,,GF,2,71.5,84.56,63.0,False,162
imsa,2023,Indianapolis,Indianapolis Motor Speedway,race,528,78,GTD,Loris Spinelli,loris spinelli,66,2.0,34,85.027,29.349,29.213,26.465,,GF,3,71.4,84.56,63.0,False,162
imsa,2023,Indianapolis,Indianapolis Motor Speedway,race,528,78,GTD,Loris Spinelli,loris spinelli,67,2.0,35,84.945,29.011,29.231,26.703,,GF,4,71.3,84.74,63.0,False,162
imsa,2023,Indianapolis,Indianapolis Motor Speedway,race,528,78,GTD,Loris Spinelli,loris spinelli,68,2.0,36,84.832,28.91,29.387,26.535,,GF,5,71.3,84.56,64.0,False,162
imsa,2023,Indianapolis,Indianapolis Motor Speedway,race,528,78,GTD,Loris Spinelli,loris spinelli,69,2.0,37,85.424,29.306,29.357,26.761,,GF,6,71.3,84.56,63.0,False,162
imsa,2023,Indianapolis,Indianapolis Motor Speedway,race,528,78,GTD,Loris Spinelli,loris spinelli,70,2.0,38,84.81,29.059,29.203,26.548,,GF,7,71.3,84.38,63.0,False,162
imsa,2023,Indianapolis,Indianapolis Motor Speedway,race,528,78,GTD,Loris Spinelli,loris spinelli,71,2.0,39,87.936,29.168,31.803,26.965,,GF,8,71.4,83.84,63.0,False,162
imsa,2023,Indianapolis,Indianapolis Motor Speedway,race,528,78,GTD,Loris Spinelli,loris spinelli,72,2.0,40,85.299,29.301,29.308,26.69,,GF,9,71.5,83.66,63.0,False,162
imsa,2023,Indianapolis,Indianapolis Motor Speedway,race,528,78,GTD,Loris Spinelli,loris spinelli,73,2.0,41,85.283,29.19,29.218,26.875,,GF,10,71.6,83.12,63.0,False,162
imsa,2023,Indianapolis,Indianapolis Motor Speedway,race,528,78,GTD,Loris Spinelli,loris spinelli,74,2.0,42,85.048,29.462,29.163,26.423,,GF,11,71.6,83.12,62.0,False,162
imsa,2023,Indianapolis,Indianapolis Motor Speedway,race,528,78,GTD,Loris Spinelli,loris spinelli,75,2.0,43,84.98,29.028,29.166,26.786,,GF,12,71.5,82.76,62.0,False,162
imsa,2023,Indianapolis,Indianapolis Motor Speedway,race,528,78,GTD,Loris Spinelli,loris spinelli,76,2.0,44,85.745,29.615,29.44,26.69,,GF,13,71.5,82.58,63.0,False,162
imsa,2023,Indianapolis,Indianapolis Motor Speedway,race,528,78,GTD,Loris Spinelli,loris spinelli,77,2.0,45,85.305,29.196,29.301,26.808,,GF,14,71.4,82.58,62.0,False,162
imsa,2023,Indianapolis,Indianapolis Motor Speedway,race,528,78,GTD,Loris Spinelli,loris spinelli,78,2.0,46,85.754,29.27,29.641,26.843,,GF,15,71.3,82.4,63.0,False,162
imsa,2023,Indianapolis,Indianapolis Motor Speedway,race,528,78,GTD,Loris Spinelli,loris spinelli,79,2.0,47,86.08,29.791,29.505,26.784,,GF,16,71.2,82.4,63.0,False,162
imsa,2023,Indianapolis,Indianapolis Motor Speedway,race,528,78,GTD,Loris Spinelli,loris spinelli,80,2.0,48,85.299,29.242,29.354,26.703,,GF,17,71.2,82.04,63.0,False,162
imsa,2023,Indianapolis,Indianapolis Motor Speedway,race,528,78,GTD,Loris Spinelli,loris spinelli,81,2.0,49,85.261,29.188,29.343,26.73,,GF,18,71.1,81.86,63.0,False,162
imsa,2023,Indianapolis,Indianapolis Motor Speedway,race,528,78,GTD,Loris Spinelli,loris spinelli,82,2.0,50,85.253,29.327,29.213,26.713,,GF,19,71.0,81.68,63.0,False,162
imsa,2023,Indianapolis,Indianapolis Motor Speedway,race,528,78,GTD,Loris Spinelli,loris spinelli,83,2.0,51,85.569,29.14,29.649,26.78,,GF,20,70.9,81.5,63.0,False,162
imsa,2023,Indianapolis,Indianapolis Motor Speedway,race,528,78,GTD,Loris Spinelli,loris spinelli,84,2.0,52,85.224,29.259,29.234,26.731,,GF,21,70.8,81.5,63.0,False,162
imsa,2023,Indianapolis,Indianapolis Motor Speedway,race,528,78,GTD,Loris Spinelli,loris spinelli,85,2.0,53,85.462,29.155,29.465,26.842,,GF,22,70.8,81.32,63.0,False,162
imsa,2023,Indianapolis,Indianapolis Motor Speedway,race,528,78,GTD,Loris Spinelli,loris spinelli,86,2.0,54,85.53,29.266,29.518,26.746,,GF,23,70.8,81.32,63.0,False,162
imsa,2023,Indianapolis,Indianapolis Motor Speedway,race,528,78,GTD,Loris Spinelli,loris spinelli,87,2.0,55,85.286,29.161,29.411,26.714,,GF,24,70.9,81.32,63.0,False,162
imsa,2023,Indianapolis,Indianapolis Motor Speedway,race,528,78,GTD,Loris Spinelli,loris spinelli,88,2.0,56,86.043,29.366,29.453,27.224,,GF,25,71.0,81.5,63.0,False,162
imsa,2023,Indianapolis,Indianapolis Motor Speedway,race,528,78,GTD,Loris Spinelli,loris spinelli,89,2.0,57,85.503,29.239,29.409,26.855,,GF,26,71.1,81.5,63.0,False,162
imsa,2023,Indianapolis,Indianapolis Motor Speedway,race,528,78,GTD,Loris Spinelli,loris spinelli,90,2.0,58,85.753,29.611,29.48,26.662,,GF,27,71.3,81.68,62.0,False,162
imsa,2023,Indianapolis,Indianapolis Motor Speedway,race,528,78,GTD,Loris Spinelli,loris spinelli,91,2.0,59,85.833,29.491,29.445,26.897,,GF,28,71.2,81.68,62.0,False,162
imsa,2023,Indianapolis,Indianapolis Motor Speedway,race,528,78,GTD,Loris Spinelli,loris spinelli,92,2.0,60,85.307,29.324,29.26,26.723,,GF,29,71.2,81.68,62.0,False,162
imsa,2023,Indianapolis,Indianapolis Motor Speedway,race,528,78,GTD,Loris Spinelli,loris spinelli,93,2.0,61,85.346,29.248,29.38,26.718,,GF,30,71.3,81.68,62.0,False,162
imsa,2023,Indianapolis,Indianapolis Motor Speedway,race,528,78,GTD,Loris Spinelli,loris spinelli,94,2.0,62,85.561,29.251,29.439,26.871,,GF,31,71.3,81.86,62.0,False,162
imsa,2023,Indianapolis,Indianapolis Motor Speedway,race,528,78,GTD,Loris Spinelli,loris spinelli,95,2.0,63,86.161,29.274,29.911,26.976,,GF,32,71.3,82.04,63.0,False,162
imsa,2023,Indianapolis,Indianapolis Motor Speedway,race,528,78,GTD,Loris Spinelli,loris spinelli,96,2.0,64,86.078,29.274,29.295,27.509,,GF,33,71.3,82.04,63.0,False,162
imsa,2023,Indianapolis,Indianapolis Motor Speedway,race,528,78,GTD,Loris Spinelli,loris spinelli,97,2.0,65,86.33,29.464,29.918,26.948,,GF,34,71.5,82.04,62.0,False,162
imsa,2023,Indianapolis,Indianapolis Motor Speedway,race,528,78,GTD,Loris Spinelli,loris spinelli,98,2.0,66,85.955,29.364,29.639,26.952,,GF,35,71.5,82.22,62.0,False,162
imsa,2023,Indianapolis,Indianapolis Motor Speedway,race,528,78,GTD,Loris Spinelli,loris spinelli,99,2.0,67,85.545,29.281,29.476,26.788,,GF,36,71.5,82.4,62.0,False,162
imsa,2023,Indianapolis,Indianapolis Motor Speedway,race,528,78,GTD,Loris Spinelli,loris spinelli,100,2.0,68,85.713,29.25,29.482,26.981,,GF,37,71.7,82.76,62.0,False,162
imsa,2023,Indianapolis,Indianapolis Motor Speedway,race,528,78,GTD,Loris Spinelli,loris spinelli,101,2.0,69,88.811,29.582,32.089,27.14,,GF,38,71.7,82.76,62.0,False,162
imsa,2023,Indianapolis,Indianapolis Motor Speedway,race,528,78,GTD,Loris Spinelli,loris spinelli,102,2.0,70,85.873,29.339,29.634,26.9,,GF,39,71.9,82.94,62.0,False,162
imsa,2023,Indianapolis,Indianapolis Motor Speedway,race,528,78,GTD,Loris Spinelli,loris spinelli,103,2.0,71,86.363,29.709,29.808,26.846,,GF,40,72.0,82.94,62.0,False,162
imsa,2023,Indianapolis,Indianapolis Motor Speedway,race,528,78,GTD,Loris Spinelli,loris spinelli,104,2.0,72,85.987,29.467,29.364,27.156,,FF,41,72.0,82.94,61.0,False,162
imsa,2023,Indianapolis,Indianapolis Motor Speedway,race,528,80,GTD,PJ Hyett,pj hyett,1,1.0,0,149.207,73.098,36.191,39.918,,FCY,0,69.0,86.0,68.0,False,162
imsa,2023,Indianapolis,Indianapolis Motor Speedway,race,528,80,GTD,PJ Hyett,pj hyett,2,1.0,1,139.996,40.568,34.762,64.666,,FCY,0,69.0,85.82,68.0,False,162
imsa,2023,Indianapolis,Indianapolis Motor Speedway,race,528,80,GTD,PJ Hyett,pj hyett,3,1.0,2,174.079,56.377,47.889,69.813,,FCY,0,69.2,87.08,67.0,False,162
imsa,2023,Indianapolis,Indianapolis Motor Speedway,race,528,80,GTD,PJ Hyett,pj hyett,4,1.0,3,121.987,48.979,45.882,27.126,,GF,0,69.0,87.98,68.0,False,162
imsa,2023,Indianapolis,Indianapolis Motor Speedway,race,528,80,GTD,PJ Hyett,pj hyett,5,1.0,4,85.609,29.287,29.501,26.821,,GF,1,69.0,88.52,68.0,False,162
imsa,2023,Indianapolis,Indianapolis Motor Speedway,race,528,80,GTD,PJ Hyett,pj hyett,6,1.0,5,85.032,29.127,29.217,26.688,,GF,2,69.1,87.98,68.0,False,162
imsa,2023,Indianapolis,Indianapolis Motor Speedway,race,528,80,GTD,PJ Hyett,pj hyett,7,1.0,6,85.274,29.264,29.162,26.848,,GF,3,69.2,87.98,68.0,False,162
imsa,2023,Indianapolis,Indianapolis Motor Speedway,race,528,80,GTD,PJ Hyett,pj hyett,8,1.0,7,85.466,29.176,29.379,26.911,,GF,4,69.7,89.6,67.0,False,162
imsa,2023,Indianapolis,Indianapolis Motor Speedway,race,528,80,GTD,PJ Hyett,pj hyett,9,1.0,8,85.582,29.231,29.308,27.043,,GF,5,70.0,90.14,67.0,False,162
imsa,2023,Indianapolis,Indianapolis Motor Speedway,race,528,80,GTD,PJ Hyett,pj hyett,10,1.0,9,87.378,30.694,29.461,27.223,,GF,6,70.2,90.14,67.0,False,162
imsa,2023,Indianapolis,Indianapolis Motor Speedway,race,528,80,GTD,PJ Hyett,pj hyett,11,1.0,10,86.528,29.419,29.711,27.398,,GF,7,70.5,91.04,66.0,False,162
imsa,2023,Indianapolis,Indianapolis Motor Speedway,race,528,80,GTD,PJ Hyett,pj hyett,12,1.0,11,86.274,29.781,29.761,26.732,,GF,8,70.6,90.68,65.0,False,162
imsa,2023,Indianapolis,Indianapolis Motor Speedway,race,528,80,GTD,PJ Hyett,pj hyett,13,1.0,12,85.547,29.386,29.342,26.819,,GF,9,70.7,90.86,65.0,False,162
imsa,2023,Indianapolis,Indianapolis Motor Speedway,race,528,80,GTD,PJ Hyett,pj hyett,14,1.0,13,86.299,29.519,29.597,27.183,,GF,10,70.8,90.86,65.0,False,162
imsa,2023,Indianapolis,Indianapolis Motor Speedway,race,528,80,GTD,PJ Hyett,pj hyett,15,1.0,14,86.0,29.546,29.676,26.778,,GF,11,70.9,90.14,65.0,False,162
imsa,2023,Indianapolis,Indianapolis Motor Speedway,race,528,80,GTD,PJ Hyett,pj hyett,16,1.0,15,85.978,29.493,29.633,26.852,,GF,12,71.0,90.14,64.0,False,162
imsa,2023,Indianapolis,Indianapolis Motor Speedway,race,528,80,GTD,PJ Hyett,pj hyett,17,1.0,16,86.095,29.186,29.911,26.998,,GF,13,71.1,89.96,63.0,False,162
imsa,2023,Indianapolis,Indianapolis Motor Speedway,race,528,80,GTD,PJ Hyett,pj hyett,18,1.0,17,86.814,29.588,29.516,27.71,,GF,14,70.9,89.78,63.0,False,162
imsa,2023,Indianapolis,Indianapolis Motor Speedway,race,528,80,GTD,PJ Hyett,pj hyett,19,1.0,18,86.783,30.245,29.507,27.031,,GF,15,70.8,89.42,63.0,False,162
imsa,2023,Indianapolis,Indianapolis Motor Speedway,race,528,80,GTD,PJ Hyett,pj hyett,20,1.0,19,86.557,29.478,29.508,27.571,,GF,16,70.7,89.24,64.0,False,162
imsa,2023,Indianapolis,Indianapolis Motor Speedway,race,528,80,GTD,PJ Hyett,pj hyett,21,1.0,20,86.585,29.476,29.896,27.213,,GF,17,70.6,89.78,64.0,False,162
imsa,2023,Indianapolis,Indianapolis Motor Speedway,race,528,80,GTD,PJ Hyett,pj hyett,22,1.0,21,86.146,29.49,29.809,26.847,,GF,18,70.5,90.14,64.0,False,162
imsa,2023,Indianapolis,Indianapolis Motor Speedway,race,528,80,GTD,PJ Hyett,pj hyett,23,1.0,22,86.247,29.494,29.846,26.907,,GF,19,70.4,90.14,64.0,False,162
imsa,2023,Indianapolis,Indianapolis Motor Speedway,race,528,80,GTD,PJ Hyett,pj hyett,24,1.0,23,86.151,29.493,29.471,27.187,,GF,20,70.3,89.42,64.0,False,162
imsa,2023,Indianapolis,Indianapolis Motor Speedway,race,528,80,GTD,PJ Hyett,pj hyett,25,1.0,24,86.62,29.856,29.925,26.839,,GF,21,70.3,89.78,64.0,False,162
imsa,2023,Indianapolis,Indianapolis Motor Speedway,race,528,80,GTD,PJ Hyett,pj hyett,26,1.0,25,86.539,29.578,29.919,27.042,,GF,22,70.3,90.32,64.0,False,162
imsa,2023,Indianapolis,Indianapolis Motor Speedway,race,528,80,GTD,PJ Hyett,pj hyett,27,1.0,26,97.196,29.542,31.019,36.635,,FCY,23,70.5,91.58,65.0,False,162
imsa,2023,Indianapolis,Indianapolis Motor Speedway,race,528,80,GTD,PJ Hyett,pj hyett,28,1.0,27,105.582,32.959,35.318,37.305,,FCY,23,71.0,92.48,63.0,False,162
imsa,2023,Indianapolis,Indianapolis Motor Speedway,race,528,80,GTD,PJ Hyett,pj hyett,29,1.0,28,125.085,40.203,43.962,40.92,,FCY,23,71.2,93.56,63.0,False,162
imsa,2023,Indianapolis,Indianapolis Motor Speedway,race,528,80,GTD,PJ Hyett,pj hyett,30,1.0,29,133.611,43.702,52.462,37.447,,FCY,23,71.3,94.1,62.0,False,162
imsa,2023,Indianapolis,Indianapolis Motor Speedway,race,528,80,GTD,PJ Hyett,pj hyett,31,1.0,30,148.702,36.101,32.674,79.927,,FCY,23,71.2,95.36,62.0,False,162
imsa,2023,Indianapolis,Indianapolis Motor Speedway,race,528,80,GTD,Seb Priaulx,seb priaulx,32,2.0,0,127.126,55.134,41.909,30.083,81.448,FCY,0,71.2,96.44,62.0,False,162
imsa,2023,Indianapolis,Indianapolis Motor Speedway,race,528,80,GTD,Seb Priaulx,seb priaulx,33,2.0,1,101.517,31.023,34.268,36.226,,FCY,0,71.3,96.62,62.0,False,162
imsa,2023,Indianapolis,Indianapolis Motor Speedway,race,528,80,GTD,Seb Priaulx,seb priaulx,34,2.0,2,147.61,48.505,55.686,43.419,,FCY,0,71.5,94.28,61.0,False,162
imsa,2023,Indianapolis,Indianapolis Motor Speedway,race,528,80,GTD,Seb Priaulx,seb priaulx,35,2.0,3,161.825,59.489,53.269,49.067,,FCY,0,71.5,93.92,62.0,False,162
imsa,2023,Indianapolis,Indianapolis Motor Speedway,race,528,80,GTD,Seb Priaulx,seb priaulx,36,2.0,4,139.288,42.455,51.342,45.491,,FCY,0,71.2,93.02,62.0,False,162
imsa,2023,Indianapolis,Indianapolis Motor Speedway,race,528,80,GTD,Seb Priaulx,seb priaulx,37,2.0,5,110.047,46.356,37.0,26.691,,GF,0,71.1,91.76,62.0,False,162
imsa,2023,Indianapolis,Indianapolis Motor Speedway,race,528,80,GTD,Seb Priaulx,seb priaulx,38,2.0,6,85.111,29.285,29.253,26.573,,GF,1,70.9,90.68,62.0,False,162
imsa,2023,Indianapolis,Indianapolis Motor Speedway,race,528,80,GTD,Seb Priaulx,seb priaulx,39,2.0,7,86.361,29.3,30.21,26.851,,GF,2,70.9,90.14,62.0,False,162
imsa,2023,Indianapolis,Indianapolis Motor Speedway,race,528,80,GTD,Seb Priaulx,seb priaulx,40,2.0,8,85.491,29.563,29.372,26.556,,GF,3,70.8,88.88,62.0,False,162
imsa,2023,Indianapolis,Indianapolis Motor Speedway,race,528,80,GTD,Seb Priaulx,seb priaulx,41,2.0,9,85.096,29.178,29.244,26.674,,GF,4,70.7,88.52,62.0,False,162
imsa,2023,Indianapolis,Indianapolis Motor Speedway,race,528,80,GTD,Seb Priaulx,seb priaulx,42,2.0,10,85.18,29.044,29.455,26.681,,GF,5,70.7,88.16,62.0,False,162
imsa,2023,Indianapolis,Indianapolis Motor Speedway,race,528,80,GTD,Seb Priaulx,seb priaulx,43,2.0,11,84.59,29.005,29.07,26.515,,GF,6,70.6,87.44,62.0,False,162
imsa,2023,Indianapolis,Indianapolis Motor Speedway,race,528,80,GTD,Seb Priaulx,seb priaulx,44,2.0,12,85.652,28.924,29.825,26.903,,GF,7,70.6,87.08,63.0,False,162
imsa,2023,Indianapolis,Indianapolis Motor Speedway,race,528,80,GTD,Seb Priaulx,seb priaulx,45,2.0,13,86.91,29.884,29.91,27.116,,GF,8,70.6,86.72,64.0,False,162
imsa,2023,Indianapolis,Indianapolis Motor Speedway,race,528,80,GTD,Seb Priaulx,seb priaulx,46,2.0,14,85.507,29.376,29.345,26.786,,GF,9,70.7,86.36,65.0,False,162
imsa,2023,Indianapolis,Indianapolis Motor Speedway,race,528,80,GTD,Seb Priaulx,seb priaulx,47,2.0,15,85.795,29.664,29.4,26.731,,GF,10,70.8,85.82,65.0,False,162
imsa,2023,Indianapolis,Indianapolis Motor Speedway,race,528,80,GTD,Seb Priaulx,seb priaulx,48,2.0,16,85.662,29.444,29.44,26.778,,GF,11,70.8,85.64,65.0,False,162
imsa,2023,Indianapolis,Indianapolis Motor Speedway,race,528,80,GTD,Seb Priaulx,seb priaulx,49,2.0,17,85.145,29.17,29.301,26.674,,GF,12,71.0,85.28,65.0,False,162
imsa,2023,Indianapolis,Indianapolis Motor Speedway,race,528,80,GTD,Seb Priaulx,seb priaulx,50,2.0,18,85.043,29.056,29.258,26.729,,GF,13,71.0,85.1,65.0,False,162
imsa,2023,Indianapolis,Indianapolis Motor Speedway,race,528,80,GTD,Seb Priaulx,seb priaulx,51,2.0,19,85.002,29.161,29.246,26.595,,GF,14,71.1,84.92,64.0,False,162
imsa,2023,Indianapolis,Indianapolis Motor Speedway,race,528,80,GTD,Seb Priaulx,seb priaulx,52,2.0,20,85.227,29.171,29.24,26.816,,GF,15,71.3,84.56,64.0,False,162
imsa,2023,Indianapolis,Indianapolis Motor Speedway,race,528,80,GTD,Seb Priaulx,seb priaulx,53,2.0,21,86.029,29.294,29.619,27.116,,GF,16,71.3,84.56,64.0,False,162
imsa,2023,Indianapolis,Indianapolis Motor Speedway,race,528,80,GTD,Seb Priaulx,seb priaulx,54,2.0,22,86.106,29.75,29.452,26.904,,GF,17,71.4,84.56,64.0,False,162
imsa,2023,Indianapolis,Indianapolis Motor Speedway,race,528,80,GTD,Seb Priaulx,seb priaulx,55,2.0,23,87.272,29.479,30.445,27.348,,GF,18,71.4,84.38,63.0,False,162
imsa,2023,Indianapolis,Indianapolis Motor Speedway,race,528,80,GTD,Seb Priaulx,seb priaulx,56,2.0,24,86.472,29.404,30.116,26.952,,GF,19,71.5,84.38,63.0,False,162
imsa,2023,Indianapolis,Indianapolis Motor Speedway,race,528,80,GTD,Seb Priaulx,seb priaulx,57,2.0,25,85.237,29.194,29.384,26.659,,GF,20,71.6,84.56,63.0,False,162
imsa,2023,Indianapolis,Indianapolis Motor Speedway,race,528,80,GTD,Seb Priaulx,seb priaulx,58,2.0,26,85.202,29.111,29.465,26.626,,GF,21,71.6,84.56,63.0,False,162
imsa,2023,Indianapolis,Indianapolis Motor Speedway,race,528,80,GTD,Seb Priaulx,seb priaulx,59,2.0,27,85.602,29.094,29.689,26.819,,GF,22,71.7,84.74,63.0,False,162
imsa,2023,Indianapolis,Indianapolis Motor Speedway,race,528,80,GTD,Seb Priaulx,seb priaulx,60,2.0,28,86.792,29.144,29.597,28.051,,GF,23,71.8,84.74,63.0,False,162
imsa,2023,Indianapolis,Indianapolis Motor Speedway,race,528,80,GTD,Seb Priaulx,seb priaulx,61,2.0,29,136.605,29.465,29.309,77.831,,GF,24,71.8,84.56,63.0,False,162
imsa,2023,Indianapolis,Indianapolis Motor Speedway,race,528,80,GTD,Seb Priaulx,seb priaulx,62,2.0,30,109.2,51.442,30.887,26.871,83.168,GF,0,71.6,84.56,63.0,False,162
imsa,2023,Indianapolis,Indianapolis Motor Speedway,race,528,80,GTD,Seb Priaulx,seb priaulx,63,2.0,31,85.728,29.805,29.379,26.544,,GF,0,71.5,84.56,63.0,False,162
imsa,2023,Indianapolis,Indianapolis Motor Speedway,race,528,80,GTD,Seb Priaulx,seb priaulx,64,2.0,32,85.211,29.016,29.597,26.598,,GF,1,71.5,84.56,64.0,False,162
imsa,2023,Indianapolis,Indianapolis Motor Speedway,race,528,80,GTD,Seb Priaulx,seb priaulx,65,2.0,33,85.165,28.91,29.224,27.031,,GF,2,71.5,84.56,63.0,False,162
imsa,2023,Indianapolis,Indianapolis Motor Speedway,race,528,80,GTD,Seb Priaulx,seb priaulx,66,2.0,34,84.617,28.821,29.15,26.646,,GF,3,71.4,84.56,63.0,False,162
imsa,2023,Indianapolis,Indianapolis Motor Speedway,race,528,80,GTD,Seb Priaulx,seb priaulx,67,2.0,35,85.189,29.268,29.314,26.607,,GF,4,71.3,84.74,63.0,False,162
imsa,2023,Indianapolis,Indianapolis Motor Speedway,race,528,80,GTD,Seb Priaulx,seb priaulx,68,2.0,36,85.89,29.3,29.862,26.728,,GF,5,71.3,84.56,64.0,False,162
imsa,2023,Indianapolis,Indianapolis Motor Speedway,race,528,80,GTD,Seb Priaulx,seb priaulx,69,2.0,37,85.336,29.21,29.293,26.833,,GF,6,71.3,84.56,63.0,False,162
imsa,2023,Indianapolis,Indianapolis Motor Speedway,race,528,80,GTD,Seb Priaulx,seb priaulx,70,2.0,38,118.76,29.776,30.136,58.848,,GF,7,71.4,84.2,63.0,False,162
imsa,2023,Indianapolis,Indianapolis Motor Speedway,race,528,80,GTD,Seb Priaulx,seb priaulx,71,2.0,39,107.343,50.363,29.966,27.014,63.498,GF,0,71.5,83.66,63.0,False,162
imsa,2023,Indianapolis,Indianapolis Motor Speedway,race,528,80,GTD,Seb Priaulx,seb priaulx,72,2.0,40,86.694,30.398,29.632,26.664,,GF,0,71.5,83.48,63.0,False,162
imsa,2023,Indianapolis,Indianapolis Motor Speedway,race,528,80,GTD,Seb Priaulx,seb priaulx,73,2.0,41,85.006,29.024,29.175,26.807,,GF,1,71.6,83.12,62.0,False,162
imsa,2023,Indianapolis,Indianapolis Motor Speedway,race,528,80,GTD,Seb Priaulx,seb priaulx,74,2.0,42,84.998,29.009,29.189,26.8,,GF,2,71.6,82.94,62.0,False,162
imsa,2023,Indianapolis,Indianapolis Motor Speedway,race,528,80,GTD,Seb Priaulx,seb priaulx,75,2.0,43,84.875,28.969,29.368,26.538,,GF,3,71.5,82.58,63.0,False,162
imsa,2023,Indianapolis,Indianapolis Motor Speedway,race,528,80,GTD,Seb Priaulx,seb priaulx,76,2.0,44,85.128,29.161,29.331,26.636,,GF,4,71.4,82.58,62.0,False,162
imsa,2023,Indianapolis,Indianapolis Motor Speedway,race,528,80,GTD,Seb Priaulx,seb priaulx,77,2.0,45,85.339,29.097,29.49,26.752,,GF,5,71.3,82.58,63.0,False,162
imsa,2023,Indianapolis,Indianapolis Motor Speedway,race,528,80,GTD,Seb Priaulx,seb priaulx,78,2.0,46,85.324,29.182,29.205,26.937,,GF,6,71.2,82.4,63.0,False,162
imsa,2023,Indianapolis,Indianapolis Motor Speedway,race,528,80,GTD,Seb Priaulx,seb priaulx,79,2.0,47,85.682,29.047,29.264,27.371,,GF,7,71.2,82.4,63.0,False,162
imsa,2023,Indianapolis,Indianapolis Motor Speedway,race,528,80,GTD,Seb Priaulx,seb priaulx,80,2.0,48,84.592,28.936,29.156,26.5,,GF,8,71.1,81.86,63.0,False,162
imsa,2023,Indianapolis,Indianapolis Motor Speedway,race,528,80,GTD,Seb Priaulx,seb priaulx,81,2.0,49,85.241,29.11,29.357,26.774,,GF,9,71.0,81.68,63.0,False,162
imsa,2023,Indianapolis,Indianapolis Motor Speedway,race,528,80,GTD,Seb Priaulx,seb priaulx,82,2.0,50,85.996,29.891,29.261,26.844,,GF,10,70.9,81.5,63.0,False,162
imsa,2023,Indianapolis,Indianapolis Motor Speedway,race,528,80,GTD,Seb Priaulx,seb priaulx,83,2.0,51,86.906,29.391,29.591,27.924,,GF,11,70.8,81.5,63.0,False,162
imsa,2023,Indianapolis,Indianapolis Motor Speedway,race,528,80,GTD,Seb Priaulx,seb priaulx,84,2.0,52,86.567,29.554,29.76,27.253,,GF,12,70.8,81.5,63.0,False,162
imsa,2023,Indianapolis,Indianapolis Motor Speedway,race,528,80,GTD,Seb Priaulx,seb priaulx,85,2.0,53,86.55,29.91,29.64,27.0,,GF,13,70.8,81.32,63.0,False,162
imsa,2023,Indianapolis,Indianapolis Motor Speedway,race,528,80,GTD,Seb Priaulx,seb priaulx,86,2.0,54,88.763,30.342,30.611,27.81,,GF,14,70.9,81.32,63.0,False,162
imsa,2023,Indianapolis,Indianapolis Motor Speedway,race,528,80,GTD,Seb Priaulx,seb priaulx,87,2.0,55,85.32,29.43,29.177,26.713,,GF,15,71.0,81.5,63.0,False,162
imsa,2023,Indianapolis,Indianapolis Motor Speedway,race,528,80,GTD,Seb Priaulx,seb priaulx,88,2.0,56,86.816,29.941,29.849,27.026,,GF,16,71.1,81.5,63.0,False,162
imsa,2023,Indianapolis,Indianapolis Motor Speedway,race,528,80,GTD,Seb Priaulx,seb priaulx,89,2.0,57,86.312,29.909,29.533,26.87,,GF,17,71.1,81.5,63.0,False,162
imsa,2023,Indianapolis,Indianapolis Motor Speedway,race,528,80,GTD,Seb Priaulx,seb priaulx,90,2.0,58,86.482,29.653,30.019,26.81,,GF,18,71.2,81.68,62.0,False,162
imsa,2023,Indianapolis,Indianapolis Motor Speedway,race,528,80,GTD,Seb Priaulx,seb priaulx,91,2.0,59,85.73,29.45,29.35,26.93,,GF,19,71.2,81.68,62.0,False,162
imsa,2023,Indianapolis,Indianapolis Motor Speedway,race,528,80,GTD,Seb Priaulx,seb priaulx,92,2.0,60,85.622,29.076,29.205,27.341,,GF,20,71.3,81.68,62.0,False,162
imsa,2023,Indianapolis,Indianapolis Motor Speedway,race,528,80,GTD,Seb Priaulx,seb priaulx,93,2.0,61,85.317,29.132,29.258,26.927,,GF,21,71.3,81.86,62.0,False,162
imsa,2023,Indianapolis,Indianapolis Motor Speedway,race,528,80,GTD,Seb Priaulx,seb priaulx,94,2.0,62,85.103,28.928,29.554,26.621,,GF,22,71.3,81.86,62.0,False,162
imsa,2023,Indianapolis,Indianapolis Motor Speedway,race,528,80,GTD,Seb Priaulx,seb priaulx,95,2.0,63,85.646,29.093,29.59,26.963,,GF,23,71.3,82.04,63.0,False,162
imsa,2023,Indianapolis,Indianapolis Motor Speedway,race,528,80,GTD,Seb Priaulx,seb priaulx,96,2.0,64,85.029,29.294,29.117,26.618,,GF,24,71.3,82.04,62.0,False,162
imsa,2023,Indianapolis,Indianapolis Motor Speedway,race,528,80,GTD,Seb Priaulx,seb priaulx,97,2.0,65,84.953,29.033,29.138,26.782,,GF,25,71.5,82.22,62.0,False,162
imsa,2023,Indianapolis,Indianapolis Motor Speedway,race,528,80,GTD,Seb Priaulx,seb priaulx,98,2.0,66,84.832,29.105,29.145,26.582,,GF,26,71.5,82.4,62.0,False,162
imsa,2023,Indianapolis,Indianapolis Motor Speedway,race,528,80,GTD,Seb Priaulx,seb priaulx,99,2.0,67,85.251,29.102,29.179,26.97,,GF,27,71.6,82.58,62.0,False,162
imsa,2023,Indianapolis,Indianapolis Motor Speedway,race,528,80,GTD,Seb Priaulx,seb priaulx,100,2.0,68,85.367,29.092,29.478,26.797,,GF,28,71.7,82.76,62.0,False,162
imsa,2023,Indianapolis,Indianapolis Motor Speedway,race,528,80,GTD,Seb Priaulx,seb priaulx,101,2.0,69,85.845,29.075,29.585,27.185,,GF,29,71.8,82.76,62.0,False,162
imsa,2023,Indianapolis,Indianapolis Motor Speedway,race,528,80,GTD,Seb Priaulx,seb priaulx,102,2.0,70,85.52,29.273,29.325,26.922,,GF,30,72.0,82.94,62.0,False,162
imsa,2023,Indianapolis,Indianapolis Motor Speedway,race,528,80,GTD,Seb Priaulx,seb priaulx,103,2.0,71,85.38,29.234,29.458,26.688,,GF,31,72.0,82.94,61.0,False,162
imsa,2023,Indianapolis,Indianapolis Motor Speedway,race,528,80,GTD,Seb Priaulx,seb priaulx,104,2.0,72,85.624,29.562,29.308,26.754,,FF,32,72.0,82.94,61.0,False,162
imsa,2023,Indianapolis,Indianapolis Motor Speedway,race,528,91,GTD,Alan Metni,alan metni,1,1.0,0,153.321,76.232,35.702,41.387,,FCY,0,69.0,86.0,68.0,False,162
imsa,2023,Indianapolis,Indianapolis Motor Speedway,race,528,91,GTD,Alan Metni,alan metni,2,1.0,1,142.094,41.029,36.105,64.96,,FCY,0,69.0,85.82,68.0,False,162
imsa,2023,Indianapolis,Indianapolis Motor Speedway,race,528,91,GTD,Alan Metni,alan metni,3,1.0,2,176.305,54.317,49.097,72.891,,FCY,0,69.2,87.08,67.0,False,162
imsa,2023,Indianapolis,Indianapolis Motor Speedway,race,528,91,GTD,Alan Metni,alan metni,4,1.0,3,117.466,45.789,44.471,27.206,,GF,0,69.0,87.98,68.0,False,162
imsa,2023,Indianapolis,Indianapolis Motor Speedway,race,528,91,GTD,Alan Metni,alan metni,5,1.0,4,86.604,29.583,30.034,26.987,,GF,1,69.0,88.52,68.0,False,162
imsa,2023,Indianapolis,Indianapolis Motor Speedway,race,528,91,GTD,Alan Metni,alan metni,6,1.0,5,86.883,29.504,30.391,26.988,,GF,2,69.1,87.98,68.0,False,162
imsa,2023,Indianapolis,Indianapolis Motor Speedway,race,528,91,GTD,Alan Metni,alan metni,7,1.0,6,85.945,29.629,29.526,26.79,,GF,3,69.2,87.98,68.0,False,162
imsa,2023,Indianapolis,Indianapolis Motor Speedway,race,528,91,GTD,Alan Metni,alan metni,8,1.0,7,85.938,29.902,29.23,26.806,,GF,4,69.7,89.6,67.0,False,162
imsa,2023,Indianapolis,Indianapolis Motor Speedway,race,528,91,GTD,Alan Metni,alan metni,9,1.0,8,89.351,31.363,30.771,27.217,,GF,5,70.0,90.14,67.0,False,162
imsa,2023,Indianapolis,Indianapolis Motor Speedway,race,528,91,GTD,Alan Metni,alan metni,10,1.0,9,87.103,29.909,30.126,27.068,,GF,6,70.4,91.22,67.0,False,162
imsa,2023,Indianapolis,Indianapolis Motor Speedway,race,528,91,GTD,Alan Metni,alan metni,11,1.0,10,86.684,29.413,29.756,27.515,,GF,7,70.5,91.04,66.0,False,162
imsa,2023,Indianapolis,Indianapolis Motor Speedway,race,528,91,GTD,Alan Metni,alan metni,12,1.0,11,87.144,29.726,30.245,27.173,,GF,8,70.7,90.68,65.0,False,162
imsa,2023,Indianapolis,Indianapolis Motor Speedway,race,528,91,GTD,Alan Metni,alan metni,13,1.0,12,86.595,29.886,29.582,27.127,,GF,9,70.7,90.86,65.0,False,162
imsa,2023,Indianapolis,Indianapolis Motor Speedway,race,528,91,GTD,Alan Metni,alan metni,14,1.0,13,86.536,29.732,29.612,27.192,,GF,10,70.8,90.86,65.0,False,162
imsa,2023,Indianapolis,Indianapolis Motor Speedway,race,528,91,GTD,Alan Metni,alan metni,15,1.0,14,88.659,29.845,31.292,27.522,,GF,11,70.9,90.14,65.0,False,162
imsa,2023,Indianapolis,Indianapolis Motor Speedway,race,528,91,GTD,Alan Metni,alan metni,16,1.0,15,85.837,29.491,29.322,27.024,,GF,12,71.0,90.14,64.0,False,162
imsa,2023,Indianapolis,Indianapolis Motor Speedway,race,528,91,GTD,Alan Metni,alan metni,17,1.0,16,86.482,29.57,29.649,27.263,,GF,13,71.0,89.96,63.0,False,162
imsa,2023,Indianapolis,Indianapolis Motor Speedway,race,528,91,GTD,Alan Metni,alan metni,18,1.0,17,87.394,29.656,29.767,27.971,,GF,14,70.9,89.78,63.0,False,162
imsa,2023,Indianapolis,Indianapolis Motor Speedway,race,528,91,GTD,Alan Metni,alan metni,19,1.0,18,87.019,29.671,29.558,27.79,,GF,15,70.8,89.24,64.0,False,162
imsa,2023,Indianapolis,Indianapolis Motor Speedway,race,528,91,GTD,Alan Metni,alan metni,20,1.0,19,86.879,30.088,29.677,27.114,,GF,16,70.7,89.24,64.0,False,162
imsa,2023,Indianapolis,Indianapolis Motor Speedway,race,528,91,GTD,Alan Metni,alan metni,21,1.0,20,86.712,30.185,29.587,26.94,,GF,17,70.6,89.6,64.0,False,162
imsa,2023,Indianapolis,Indianapolis Motor Speedway,race,528,91,GTD,Alan Metni,alan metni,22,1.0,21,87.408,30.145,29.907,27.356,,GF,18,70.5,90.14,64.0,False,162
imsa,2023,Indianapolis,Indianapolis Motor Speedway,race,528,91,GTD,Alan Metni,alan metni,23,1.0,22,86.725,29.913,29.745,27.067,,GF,19,70.4,90.14,64.0,False,162
imsa,2023,Indianapolis,Indianapolis Motor Speedway,race,528,91,GTD,Alan Metni,alan metni,24,1.0,23,87.976,30.138,30.222,27.616,,GF,20,70.3,89.42,64.0,False,162
imsa,2023,Indianapolis,Indianapolis Motor Speedway,race,528,91,GTD,Alan Metni,alan metni,25,1.0,24,92.636,32.187,31.35,29.099,,GF,21,70.3,89.78,64.0,False,162
imsa,2023,Indianapolis,Indianapolis Motor Speedway,race,528,91,GTD,Alan Metni,alan metni,26,1.0,25,88.215,30.55,29.929,27.736,,GF,22,70.3,91.04,64.0,False,162
imsa,2023,Indianapolis,Indianapolis Motor Speedway,race,528,91,GTD,Alan Metni,alan metni,27,1.0,26,101.133,31.109,32.474,37.55,,FCY,23,70.8,91.76,64.0,False,162
imsa,2023,Indianapolis,Indianapolis Motor Speedway,race,528,91,GTD,Alan Metni,alan metni,28,1.0,27,156.433,48.786,59.889,47.758,,FCY,23,71.1,93.02,63.0,False,162
imsa,2023,Indianapolis,Indianapolis Motor Speedway,race,528,91,GTD,Alan Metni,alan metni,29,1.0,28,90.725,33.187,30.251,27.287,,FCY,23,71.2,93.56,63.0,False,162
imsa,2023,Indianapolis,Indianapolis Motor Speedway,race,528,91,GTD,Alan Metni,alan metni,30,1.0,29,88.741,30.198,29.647,28.896,,FCY,23,71.3,94.1,62.0,False,162
imsa,2023,Indianapolis,Indianapolis Motor Speedway,race,528,91,GTD,Alan Metni,alan metni,31,1.0,30,151.293,35.7,32.198,83.395,,FCY,23,71.2,95.36,62.0,False,162
imsa,2023,Indianapolis,Indianapolis Motor Speedway,race,528,91,GTD,Kay van Berlo,kay van berlo,32,2.0,0,125.662,52.786,42.149,30.727,86.239,FCY,0,71.2,96.44,62.0,False,162
imsa,2023,Indianapolis,Indianapolis Motor Speedway,race,528,91,GTD,Kay van Berlo,kay van berlo,33,2.0,1,99.138,31.512,32.932,34.694,,FCY,0,71.3,96.62,62.0,False,162
imsa,2023,Indianapolis,Indianapolis Motor Speedway,race,528,91,GTD,Kay van Berlo,kay van berlo,34,2.0,2,149.227,51.179,54.965,43.083,,FCY,0,71.5,94.28,61.0,False,162
imsa,2023,Indianapolis,Indianapolis Motor Speedway,race,528,91,GTD,Kay van Berlo,kay van berlo,35,2.0,3,160.739,58.212,52.631,49.896,,FCY,0,71.5,93.92,62.0,False,162
imsa,2023,Indianapolis,Indianapolis Motor Speedway,race,528,91,GTD,Kay van Berlo,kay van berlo,36,2.0,4,139.798,43.926,49.917,45.955,,FCY,0,71.2,93.02,62.0,False,162
imsa,2023,Indianapolis,Indianapolis Motor Speedway,race,528,91,GTD,Kay van Berlo,kay van berlo,37,2.0,5,107.554,45.43,35.36,26.764,,GF,0,71.1,91.76,62.0,False,162
imsa,2023,Indianapolis,Indianapolis Motor Speedway,race,528,91,GTD,Kay van Berlo,kay van berlo,38,2.0,6,85.647,29.345,29.475,26.827,,GF,1,70.9,90.68,62.0,False,162
imsa,2023,Indianapolis,Indianapolis Motor Speedway,race,528,91,GTD,Kay van Berlo,kay van berlo,39,2.0,7,85.415,29.1,29.14,27.175,,GF,2,70.9,90.14,62.0,False,162
imsa,2023,Indianapolis,Indianapolis Motor Speedway,race,528,91,GTD,Kay van Berlo,kay van berlo,40,2.0,8,85.779,30.08,29.278,26.421,,GF,3,70.8,88.88,62.0,False,162
imsa,2023,Indianapolis,Indianapolis Motor Speedway,race,528,91,GTD,Kay van Berlo,kay van berlo,41,2.0,9,84.686,29.073,28.909,26.704,,GF,4,70.7,88.52,62.0,False,162
imsa,2023,Indianapolis,Indianapolis Motor Speedway,race,528,91,GTD,Kay van Berlo,kay van berlo,42,2.0,10,86.086,29.169,29.931,26.986,,GF,5,70.6,87.8,62.0,False,162
imsa,2023,Indianapolis,Indianapolis Motor Speedway,race,528,91,GTD,Kay van Berlo,kay van berlo,43,2.0,11,85.477,29.151,29.226,27.1,,GF,6,70.6,87.44,62.0,False,162
imsa,2023,Indianapolis,Indianapolis Motor Speedway,race,528,91,GTD,Kay van Berlo,kay van berlo,44,2.0,12,86.272,29.324,29.927,27.021,,GF,7,70.6,87.08,63.0,False,162
imsa,2023,Indianapolis,Indianapolis Motor Speedway,race,528,91,GTD,Kay van Berlo,kay van berlo,45,2.0,13,86.423,30.179,29.56,26.684,,GF,8,70.6,86.72,64.0,False,162
imsa,2023,Indianapolis,Indianapolis Motor Speedway,race,528,91,GTD,Kay van Berlo,kay van berlo,46,2.0,14,85.151,29.272,29.137,26.742,,GF,9,70.7,86.36,65.0,False,162
imsa,2023,Indianapolis,Indianapolis Motor Speedway,race,528,91,GTD,Kay van Berlo,kay van berlo,47,2.0,15,85.914,29.285,29.522,27.107,,GF,10,70.8,85.82,65.0,False,162
imsa,2023,Indianapolis,Indianapolis Motor Speedway,race,528,91,GTD,Kay van Berlo,kay van berlo,48,2.0,16,85.232,29.284,29.094,26.854,,GF,11,70.8,85.64,65.0,False,162
imsa,2023,Indianapolis,Indianapolis Motor Speedway,race,528,91,GTD,Kay van Berlo,kay van berlo,49,2.0,17,85.769,29.397,29.52,26.852,,GF,12,71.0,85.28,65.0,False,162
imsa,2023,Indianapolis,Indianapolis Motor Speedway,race,528,91,GTD,Kay van Berlo,kay van berlo,50,2.0,18,85.267,29.2,29.25,26.817,,GF,13,71.0,85.1,65.0,False,162
imsa,2023,Indianapolis,Indianapolis Motor Speedway,race,528,91,GTD,Kay van Berlo,kay van berlo,51,2.0,19,85.27,29.318,29.223,26.729,,GF,14,71.1,84.92,64.0,False,162
imsa,2023,Indianapolis,Indianapolis Motor Speedway,race,528,91,GTD,Kay van Berlo,kay van berlo,52,2.0,20,86.049,29.494,29.493,27.062,,GF,15,71.3,84.56,64.0,False,162
imsa,2023,Indianapolis,Indianapolis Motor Speedway,race,528,91,GTD,Kay van Berlo,kay van berlo,53,2.0,21,85.62,29.228,29.397,26.995,,GF,16,71.3,84.56,64.0,False,162
imsa,2023,Indianapolis,Indianapolis Motor Speedway,race,528,91,GTD,Kay van Berlo,kay van berlo,54,2.0,22,87.242,29.855,29.834,27.553,,GF,17,71.4,84.38,63.0,False,162
imsa,2023,Indianapolis,Indianapolis Motor Speedway,race,528,91,GTD,Kay van Berlo,kay van berlo,55,2.0,23,86.025,29.426,29.39,27.209,,GF,18,71.4,84.38,63.0,False,162
imsa,2023,Indianapolis,Indianapolis Motor Speedway,race,528,91,GTD,Kay van Berlo,kay van berlo,56,2.0,24,86.235,29.765,29.548,26.922,,GF,19,71.5,84.38,63.0,False,162
imsa,2023,Indianapolis,Indianapolis Motor Speedway,race,528,91,GTD,Kay van Berlo,kay van berlo,57,2.0,25,86.081,29.433,29.719,26.929,,GF,20,71.6,84.56,63.0,False,162
imsa,2023,Indianapolis,Indianapolis Motor Speedway,race,528,91,GTD,Kay van Berlo,kay van berlo,58,2.0,26,86.163,29.468,29.633,27.062,,GF,21,71.6,84.56,63.0,False,162
imsa,2023,Indianapolis,Indianapolis Motor Speedway,race,528,91,GTD,Kay van Berlo,kay van berlo,59,2.0,27,86.036,29.38,29.431,27.225,,GF,22,71.7,84.74,63.0,False,162
imsa,2023,Indianapolis,Indianapolis Motor Speedway,race,528,91,GTD,Kay van Berlo,kay van berlo,60,2.0,28,85.353,29.172,29.317,26.864,,GF,23,71.8,84.74,63.0,False,162
imsa,2023,Indianapolis,Indianapolis Motor Speedway,race,528,91,GTD,Kay van Berlo,kay van berlo,61,2.0,29,85.467,29.395,29.251,26.821,,GF,24,71.8,84.56,63.0,False,162
imsa,2023,Indianapolis,Indianapolis Motor Speedway,race,528,91,GTD,Kay van Berlo,kay van berlo,62,2.0,30,88.018,30.239,30.629,27.15,,GF,25,71.7,84.56,63.0,False,162
imsa,2023,Indianapolis,Indianapolis Motor Speedway,race,528,91,GTD,Kay van Berlo,kay van berlo,63,2.0,31,145.012,29.288,30.014,85.71,,GF,26,71.5,84.56,63.0,False,162
imsa,2023,Indianapolis,Indianapolis Motor Speedway,race,528,91,GTD,Kay van Berlo,kay van berlo,64,2.0,32,109.508,52.144,30.428,26.936,90.888,GF,0,71.5,84.56,64.0,False,162
imsa,2023,Indianapolis,Indianapolis Motor Speedway,race,528,91,GTD,Kay van Berlo,kay van berlo,65,2.0,33,85.34,29.286,29.327,26.727,,GF,0,71.5,84.56,63.0,False,162
imsa,2023,Indianapolis,Indianapolis Motor Speedway,race,528,91,GTD,Kay van Berlo,kay van berlo,66,2.0,34,84.951,29.213,29.138,26.6,,GF,1,71.4,84.56,63.0,False,162
imsa,2023,Indianapolis,Indianapolis Motor Speedway,race,528,91,GTD,Kay van Berlo,kay van berlo,67,2.0,35,84.843,29.122,29.108,26.613,,GF,2,71.3,84.74,63.0,False,162
imsa,2023,Indianapolis,Indianapolis Motor Speedway,race,528,91,GTD,Kay van Berlo,kay van berlo,68,2.0,36,84.983,29.294,29.059,26.63,,GF,3,71.3,84.56,64.0,False,162
imsa,2023,Indianapolis,Indianapolis Motor Speedway,race,528,91,GTD,Kay van Berlo,kay van berlo,69,2.0,37,85.857,29.731,29.452,26.674,,GF,4,71.3,84.56,63.0,False,162
imsa,2023,Indianapolis,Indianapolis Motor Speedway,race,528,91,GTD,Kay van Berlo,kay van berlo,70,2.0,38,84.987,29.446,29.003,26.538,,GF,5,71.4,84.2,63.0,False,162
imsa,2023,Indianapolis,Indianapolis Motor Speedway,race,528,91,GTD,Kay van Berlo,kay van berlo,71,2.0,39,85.28,29.588,29.12,26.572,,GF,6,71.4,83.84,63.0,False,162
imsa,2023,Indianapolis,Indianapolis Motor Speedway,race,528,91,GTD,Kay van Berlo,kay van berlo,72,2.0,40,85.813,28.944,29.706,27.163,,GF,7,71.5,83.48,63.0,False,162
imsa,2023,Indianapolis,Indianapolis Motor Speedway,race,528,91,GTD,Kay van Berlo,kay van berlo,73,2.0,41,85.052,29.279,29.204,26.569,,GF,8,71.6,83.12,63.0,False,162
imsa,2023,Indianapolis,Indianapolis Motor Speedway,race,528,91,GTD,Kay van Berlo,kay van berlo,74,2.0,42,85.154,29.238,29.151,26.765,,GF,9,71.6,83.12,62.0,False,162
imsa,2023,Indianapolis,Indianapolis Motor Speedway,race,528,91,GTD,Kay van Berlo,kay van berlo,75,2.0,43,85.219,29.121,29.171,26.927,,GF,10,71.5,82.76,62.0,False,162
imsa,2023,Indianapolis,Indianapolis Motor Speedway,race,528,91,GTD,Kay van Berlo,kay van berlo,76,2.0,44,85.106,29.131,29.235,26.74,,GF,11,71.5,82.58,63.0,False,162
imsa,2023,Indianapolis,Indianapolis Motor Speedway,race,528,91,GTD,Kay van Berlo,kay van berlo,77,2.0,45,84.788,29.083,29.11,26.595,,GF,12,71.3,82.58,63.0,False,162
imsa,2023,Indianapolis,Indianapolis Motor Speedway,race,528,91,GTD,Kay van Berlo,kay van berlo,78,2.0,46,85.174,29.305,29.234,26.635,,GF,13,71.3,82.4,63.0,False,162
imsa,2023,Indianapolis,Indianapolis Motor Speedway,race,528,91,GTD,Kay van Berlo,kay van berlo,79,2.0,47,85.547,29.117,29.799,26.631,,GF,14,71.2,82.4,63.0,False,162
imsa,2023,Indianapolis,Indianapolis Motor Speedway,race,528,91,GTD,Kay van Berlo,kay van berlo,80,2.0,48,84.976,29.017,29.293,26.666,,GF,15,71.2,82.04,63.0,False,162
imsa,2023,Indianapolis,Indianapolis Motor Speedway,race,528,91,GTD,Kay van Berlo,kay van berlo,81,2.0,49,85.966,29.148,29.823,26.995,,GF,16,71.1,81.86,63.0,False,162
imsa,2023,Indianapolis,Indianapolis Motor Speedway,race,528,91,GTD,Kay van Berlo,kay van berlo,82,2.0,50,86.508,29.491,29.685,27.332,,GF,17,70.9,81.5,63.0,False,162
imsa,2023,Indianapolis,Indianapolis Motor Speedway,race,528,91,GTD,Kay van Berlo,kay van berlo,83,2.0,51,85.951,29.349,29.696,26.906,,GF,18,70.9,81.5,63.0,False,162
imsa,2023,Indianapolis,Indianapolis Motor Speedway,race,528,91,GTD,Kay van Berlo,kay van berlo,84,2.0,52,85.982,29.278,29.583,27.121,,GF,19,70.8,81.5,63.0,False,162
imsa,2023,Indianapolis,Indianapolis Motor Speedway,race,528,91,GTD,Kay van Berlo,kay van berlo,85,2.0,53,87.21,29.336,29.475,28.399,,GF,20,70.8,81.32,63.0,False,162
imsa,2023,Indianapolis,Indianapolis Motor Speedway,race,528,91,GTD,Kay van Berlo,kay van berlo,86,2.0,54,86.002,29.498,29.394,27.11,,GF,21,70.8,81.32,63.0,False,162
imsa,2023,Indianapolis,Indianapolis Motor Speedway,race,528,91,GTD,Kay van Berlo,kay van berlo,87,2.0,55,85.442,29.358,29.341,26.743,,GF,22,70.9,81.32,63.0,False,162
imsa,2023,Indianapolis,Indianapolis Motor Speedway,race,528,91,GTD,Kay van Berlo,kay van berlo,88,2.0,56,105.768,29.384,29.531,46.853,,GF,23,71.1,81.5,63.0,False,162
imsa,2023,Indianapolis,Indianapolis Motor Speedway,race,528,91,GTD,Kay van Berlo,kay van berlo,89,2.0,57,105.002,48.826,29.423,26.753,52.124,GF,0,71.1,81.5,63.0,False,162
imsa,2023,Indianapolis,Indianapolis Motor Speedway,race,528,91,GTD,Kay van Berlo,kay van berlo,90,2.0,58,85.445,29.182,29.159,27.104,,GF,0,71.2,81.68,62.0,False,162
imsa,2023,Indianapolis,Indianapolis Motor Speedway,race,528,91,GTD,Kay van Berlo,kay van berlo,91,2.0,59,85.462,29.448,29.194,26.82,,GF,1,71.2,81.68,62.0,False,162
imsa,2023,Indianapolis,Indianapolis Motor Speedway,race,528,91,GTD,Kay van Berlo,kay van berlo,92,2.0,60,86.246,29.613,29.317,27.316,,GF,2,71.2,81.68,62.0,False,162
imsa,2023,Indianapolis,Indianapolis Motor Speedway,race,528,91,GTD,Kay van Berlo,kay van berlo,93,2.0,61,87.062,29.574,30.178,27.31,,GF,3,71.3,81.86,62.0,False,162
imsa,2023,Indianapolis,Indianapolis Motor Speedway,race,528,91,GTD,Kay van Berlo,kay van berlo,94,2.0,62,86.051,29.397,29.917,26.737,,GF,4,71.3,81.86,62.0,False,162
imsa,2023,Indianapolis,Indianapolis Motor Speedway,race,528,91,GTD,Kay van Berlo,kay van berlo,95,2.0,63,85.5,29.419,29.371,26.71,,GF,5,71.3,82.04,63.0,False,162
imsa,2023,Indianapolis,Indianapolis Motor Speedway,race,528,91,GTD,Kay van Berlo,kay van berlo,96,2.0,64,85.43,29.287,29.369,26.774,,GF,6,71.3,82.04,62.0,False,162
imsa,2023,Indianapolis,Indianapolis Motor Speedway,race,528,91,GTD,Kay van Berlo,kay van berlo,97,2.0,65,85.609,29.245,29.449,26.915,,GF,7,71.5,82.22,62.0,False,162
imsa,2023,Indianapolis,Indianapolis Motor Speedway,race,528,91,GTD,Kay van Berlo,kay van berlo,98,2.0,66,85.546,29.308,29.422,26.816,,GF,8,71.5,82.4,62.0,False,162
imsa,2023,Indianapolis,Indianapolis Motor Speedway,race,528,91,GTD,Kay van Berlo,kay van berlo,99,2.0,67,85.619,29.401,29.416,26.802,,GF,9,71.6,82.58,62.0,False,162
imsa,2023,Indianapolis,Indianapolis Motor Speedway,race,528,91,GTD,Kay van Berlo,kay van berlo,100,2.0,68,85.518,29.265,29.212,27.041,,GF,10,71.7,82.76,62.0,False,162
imsa,2023,Indianapolis,Indianapolis Motor Speedway,race,528,91,GTD,Kay van Berlo,kay van berlo,101,2.0,69,87.248,30.106,29.497,27.645,,GF,11,71.8,82.76,62.0,False,162
imsa,2023,Indianapolis,Indianapolis Motor Speedway,race,528,91,GTD,Kay van Berlo,kay van berlo,102,2.0,70,86.46,29.897,29.509,27.054,,GF,12,72.0,82.94,62.0,False,162
imsa,2023,Indianapolis,Indianapolis Motor Speedway,race,528,91,GTD,Kay van Berlo,kay van berlo,103,2.0,71,85.893,29.593,29.436,26.864,,FF,13,72.0,82.94,61.0,False,162
imsa,2023,Indianapolis,Indianapolis Motor Speedway,race,528,92,GTD,David Brule,david brule,1,1.0,0,151.794,74.971,35.696,41.127,,FCY,0,69.0,86.0,68.0,False,162
imsa,2023,Indianapolis,Indianapolis Motor Speedway,race,528,92,GTD,David Brule,david brule,2,1.0,1,140.266,41.523,36.313,62.43,,FCY,0,69.0,85.82,68.0,False,162
imsa,2023,Indianapolis,Indianapolis Motor Speedway,race,528,92,GTD,David Brule,david brule,3,1.0,2,174.862,55.937,48.486,70.439,,FCY,0,69.2,87.08,67.0,False,162
imsa,2023,Indianapolis,Indianapolis Motor Speedway,race,528,92,GTD,David Brule,david brule,4,1.0,3,121.384,48.702,45.41,27.272,,GF,0,69.0,87.98,68.0,False,162
imsa,2023,Indianapolis,Indianapolis Motor Speedway,race,528,92,GTD,David Brule,david brule,5,1.0,4,88.02,29.459,30.823,27.738,,GF,1,69.0,88.34,68.0,False,162
imsa,2023,Indianapolis,Indianapolis Motor Speedway,race,528,92,GTD,David Brule,david brule,6,1.0,5,87.275,29.754,30.232,27.289,,GF,2,69.1,87.98,68.0,False,162
imsa,2023,Indianapolis,Indianapolis Motor Speedway,race,528,92,GTD,David Brule,david brule,7,1.0,6,86.298,29.626,29.833,26.839,,GF,3,69.2,87.98,68.0,False,162
imsa,2023,Indianapolis,Indianapolis Motor Speedway,race,528,92,GTD,David Brule,david brule,8,1.0,7,86.703,29.623,30.154,26.926,,GF,4,69.7,89.6,67.0,False,162
imsa,2023,Indianapolis,Indianapolis Motor Speedway,race,528,92,GTD,David Brule,david brule,9,1.0,8,88.884,30.46,30.838,27.586,,GF,5,70.0,90.14,67.0,False,162
imsa,2023,Indianapolis,Indianapolis Motor Speedway,race,528,92,GTD,David Brule,david brule,10,1.0,9,87.798,30.511,30.007,27.28,,GF,6,70.4,91.22,67.0,False,162
imsa,2023,Indianapolis,Indianapolis Motor Speedway,race,528,92,GTD,David Brule,david brule,11,1.0,10,87.52,29.673,30.224,27.623,,GF,7,70.5,91.04,66.0,False,162
imsa,2023,Indianapolis,Indianapolis Motor Speedway,race,528,92,GTD,David Brule,david brule,12,1.0,11,87.951,29.609,30.755,27.587,,GF,8,70.7,90.68,65.0,False,162
imsa,2023,Indianapolis,Indianapolis Motor Speedway,race,528,92,GTD,David Brule,david brule,13,1.0,12,92.04,31.038,32.619,28.383,,GF,9,70.7,90.86,65.0,False,162
imsa,2023,Indianapolis,Indianapolis Motor Speedway,race,528,92,GTD,David Brule,david brule,14,1.0,13,89.465,29.79,31.288,28.387,,GF,10,70.8,90.32,65.0,False,162
imsa,2023,Indianapolis,Indianapolis Motor Speedway,race,528,92,GTD,David Brule,david brule,15,1.0,14,88.266,30.907,30.276,27.083,,GF,11,70.9,90.14,65.0,False,162
imsa,2023,Indianapolis,Indianapolis Motor Speedway,race,528,92,GTD,David Brule,david brule,16,1.0,15,88.193,30.289,30.18,27.724,,GF,12,71.1,89.96,63.0,False,162
imsa,2023,Indianapolis,Indianapolis Motor Speedway,race,528,92,GTD,David Brule,david brule,17,1.0,16,90.612,30.832,31.549,28.231,,GF,13,71.0,89.96,63.0,False,162
imsa,2023,Indianapolis,Indianapolis Motor Speedway,race,528,92,GTD,David Brule,david brule,18,1.0,17,89.688,31.087,30.488,28.113,,GF,14,70.8,89.42,63.0,False,162
imsa,2023,Indianapolis,Indianapolis Motor Speedway,race,528,92,GTD,David Brule,david brule,19,1.0,18,89.757,32.436,30.289,27.032,,GF,15,70.8,89.24,64.0,False,162
imsa,2023,Indianapolis,Indianapolis Motor Speedway,race,528,92,GTD,David Brule,david brule,20,1.0,19,89.423,29.75,30.493,29.18,,GF,16,70.6,89.78,64.0,False,162
imsa,2023,Indianapolis,Indianapolis Motor Speedway,race,528,92,GTD,David Brule,david brule,21,1.0,20,90.605,30.229,31.769,28.607,,GF,17,70.6,89.6,64.0,False,162
imsa,2023,Indianapolis,Indianapolis Motor Speedway,race,528,92,GTD,David Brule,david brule,22,1.0,21,89.334,30.575,31.429,27.33,,GF,18,70.4,90.14,64.0,False,162
imsa,2023,Indianapolis,Indianapolis Motor Speedway,race,528,92,GTD,David Brule,david brule,23,1.0,22,88.692,30.448,30.482,27.762,,GF,19,70.4,89.78,64.0,False,162
imsa,2023,Indianapolis,Indianapolis Motor Speedway,race,528,92,GTD,David Brule,david brule,24,1.0,23,89.994,30.271,30.822,28.901,,GF,20,70.3,89.78,64.0,False,162
imsa,2023,Indianapolis,Indianapolis Motor Speedway,race,528,92,GTD,David Brule,david brule,25,1.0,24,91.076,31.8,31.272,28.004,,GF,21,70.3,90.32,64.0,False,162
imsa,2023,Indianapolis,Indianapolis Motor Speedway,race,528,92,GTD,David Brule,david brule,26,1.0,25,92.525,30.743,30.153,31.629,,FCY,22,70.5,91.58,65.0,False,162
imsa,2023,Indianapolis,Indianapolis Motor Speedway,race,528,92,GTD,David Brule,david brule,27,1.0,26,114.133,32.388,39.27,42.475,,FCY,22,70.8,91.76,64.0,False,162
imsa,2023,Indianapolis,Indianapolis Motor Speedway,race,528,92,GTD,David Brule,david brule,28,1.0,27,126.234,43.473,41.885,40.876,,FCY,22,71.2,93.56,63.0,False,162
imsa,2023,Indianapolis,Indianapolis Motor Speedway,race,528,92,GTD,David Brule,david brule,29,1.0,28,105.165,40.699,34.821,29.645,,FCY,22,71.3,93.92,62.0,False,162
imsa,2023,Indianapolis,Indianapolis Motor Speedway,race,528,92,GTD,David Brule,david brule,30,1.0,29,93.45,32.102,32.475,28.873,,FCY,22,71.3,94.1,62.0,False,162
imsa,2023,Indianapolis,Indianapolis Motor Speedway,race,528,92,GTD,David Brule,david brule,31,1.0,30,143.787,30.966,31.116,81.705,,FCY,22,71.2,95.72,62.0,False,162
imsa,2023,Indianapolis,Indianapolis Motor Speedway,race,528,92,GTD,Alec Udell,alec udell,32,2.0,0,111.754,52.346,31.2,28.208,84.738,FCY,0,71.3,96.8,62.0,False,162
imsa,2023,Indianapolis,Indianapolis Motor Speedway,race,528,92,GTD,Alec Udell,alec udell,33,2.0,1,88.153,29.97,30.449,27.734,,FCY,0,71.3,96.62,62.0,False,162
imsa,2023,Indianapolis,Indianapolis Motor Speedway,race,528,92,GTD,Alec Udell,alec udell,34,2.0,2,146.269,52.908,53.123,40.238,,FCY,0,71.5,94.28,61.0,False,162
imsa,2023,Indianapolis,Indianapolis Motor Speedway,race,528,92,GTD,Alec Udell,alec udell,35,2.0,3,159.562,57.846,51.431,50.285,,FCY,0,71.5,93.92,62.0,False,162
imsa,2023,Indianapolis,Indianapolis Motor Speedway,race,528,92,GTD,Alec Udell,alec udell,36,2.0,4,140.263,47.706,45.581,46.976,,FCY,0,71.2,93.02,62.0,False,162
imsa,2023,Indianapolis,Indianapolis Motor Speedway,race,528,92,GTD,Alec Udell,alec udell,37,2.0,5,105.739,43.245,35.778,26.716,,GF,0,71.1,91.76,62.0,False,162
imsa,2023,Indianapolis,Indianapolis Motor Speedway,race,528,92,GTD,Alec Udell,alec udell,38,2.0,6,86.004,29.919,29.473,26.612,,GF,1,70.9,90.68,62.0,False,162
imsa,2023,Indianapolis,Indianapolis Motor Speedway,race,528,92,GTD,Alec Udell,alec udell,39,2.0,7,84.793,29.345,29.001,26.447,,GF,2,70.9,90.14,62.0,False,162
imsa,2023,Indianapolis,Indianapolis Motor Speedway,race,528,92,GTD,Alec Udell,alec udell,40,2.0,8,84.945,28.866,29.242,26.837,,GF,3,70.8,88.88,62.0,False,162
imsa,2023,Indianapolis,Indianapolis Motor Speedway,race,528,92,GTD,Alec Udell,alec udell,41,2.0,9,85.224,29.366,29.278,26.58,,GF,4,70.7,88.52,62.0,False,162
imsa,2023,Indianapolis,Indianapolis Motor Speedway,race,528,92,GTD,Alec Udell,alec udell,42,2.0,10,85.154,29.205,29.275,26.674,,GF,5,70.6,87.8,62.0,False,162
imsa,2023,Indianapolis,Indianapolis Motor Speedway,race,528,92,GTD,Alec Udell,alec udell,43,2.0,11,86.137,29.316,29.503,27.318,,GF,6,70.6,87.44,62.0,False,162
imsa,2023,Indianapolis,Indianapolis Motor Speedway,race,528,92,GTD,Alec Udell,alec udell,44,2.0,12,87.381,29.623,30.42,27.338,,GF,7,70.6,87.08,63.0,False,162
imsa,2023,Indianapolis,Indianapolis Motor Speedway,race,528,92,GTD,Alec Udell,alec udell,45,2.0,13,85.215,29.294,29.232,26.689,,GF,8,70.6,86.72,64.0,False,162
imsa,2023,Indianapolis,Indianapolis Motor Speedway,race,528,92,GTD,Alec Udell,alec udell,46,2.0,14,86.148,29.428,29.566,27.154,,GF,9,70.7,86.36,65.0,False,162
imsa,2023,Indianapolis,Indianapolis Motor Speedway,race,528,92,GTD,Alec Udell,alec udell,47,2.0,15,85.995,29.594,29.436,26.965,,GF,10,70.8,85.82,65.0,False,162
imsa,2023,Indianapolis,Indianapolis Motor Speedway,race,528,92,GTD,Alec Udell,alec udell,48,2.0,16,86.1,29.693,29.404,27.003,,GF,11,70.8,85.64,65.0,False,162
imsa,2023,Indianapolis,Indianapolis Motor Speedway,race,528,92,GTD,Alec Udell,alec udell,49,2.0,17,85.663,29.411,29.477,26.775,,GF,12,71.0,85.28,65.0,False,162
imsa,2023,Indianapolis,Indianapolis Motor Speedway,race,528,92,GTD,Alec Udell,alec udell,50,2.0,18,85.554,29.394,29.419,26.741,,GF,13,71.0,85.1,65.0,False,162
imsa,2023,Indianapolis,Indianapolis Motor Speedway,race,528,92,GTD,Alec Udell,alec udell,51,2.0,19,85.849,29.421,29.516,26.912,,GF,14,71.1,84.92,64.0,False,162
imsa,2023,Indianapolis,Indianapolis Motor Speedway,race,528,92,GTD,Alec Udell,alec udell,52,2.0,20,85.841,29.481,29.475,26.885,,GF,15,71.3,84.56,64.0,False,162
imsa,2023,Indianapolis,Indianapolis Motor Speedway,race,528,92,GTD,Alec Udell,alec udell,53,2.0,21,88.128,30.339,30.738,27.051,,GF,16,71.3,84.56,64.0,False,162
imsa,2023,Indianapolis,Indianapolis Motor Speedway,race,528,92,GTD,Alec Udell,alec udell,54,2.0,22,86.329,30.051,29.478,26.8,,GF,17,71.4,84.38,63.0,False,162
imsa,2023,Indianapolis,Indianapolis Motor Speedway,race,528,92,GTD,Alec Udell,alec udell,55,2.0,23,86.045,29.593,29.508,26.944,,GF,18,71.4,84.38,63.0,False,162
imsa,2023,Indianapolis,Indianapolis Motor Speedway,race,528,92,GTD,Alec Udell,alec udell,56,2.0,24,86.613,29.503,29.877,27.233,,GF,19,71.5,84.38,63.0,False,162
imsa,2023,Indianapolis,Indianapolis Motor Speedway,race,528,92,GTD,Alec Udell,alec udell,57,2.0,25,87.713,30.043,29.99,27.68,,GF,20,71.6,84.56,63.0,False,162
imsa,2023,Indianapolis,Indianapolis Motor Speedway,race,528,92,GTD,Alec Udell,alec udell,58,2.0,26,86.806,30.36,29.398,27.048,,GF,21,71.6,84.56,63.0,False,162
imsa,2023,Indianapolis,Indianapolis Motor Speedway,race,528,92,GTD,Alec Udell,alec udell,59,2.0,27,85.985,29.642,29.384,26.959,,GF,22,71.7,84.74,63.0,False,162
imsa,2023,Indianapolis,Indianapolis Motor Speedway,race,528,92,GTD,Alec Udell,alec udell,60,2.0,28,86.129,29.504,29.719,26.906,,GF,23,71.8,84.74,63.0,False,162
imsa,2023,Indianapolis,Indianapolis Motor Speedway,race,528,92,GTD,Alec Udell,alec udell,61,2.0,29,138.357,29.886,30.566,77.905,,GF,24,71.7,84.56,63.0,False,162
imsa,2023,Indianapolis,Indianapolis Motor Speedway,race,528,92,GTD,Alec Udell,alec udell,62,2.0,30,109.208,51.197,30.947,27.064,82.205,GF,0,71.6,84.56,63.0,False,162
imsa,2023,Indianapolis,Indianapolis Motor Speedway,race,528,92,GTD,Alec Udell,alec udell,63,2.0,31,88.685,30.802,30.323,27.56,,GF,0,71.5,84.56,63.0,False,162
imsa,2023,Indianapolis,Indianapolis Motor Speedway,race,528,92,GTD,Alec Udell,alec udell,64,2.0,32,85.616,29.565,29.352,26.699,,GF,1,71.5,84.56,64.0,False,162
imsa,2023,Indianapolis,Indianapolis Motor Speedway,race,528,92,GTD,Alec Udell,alec udell,65,2.0,33,85.303,28.921,29.654,26.728,,GF,2,71.5,84.56,63.0,False,162
imsa,2023,Indianapolis,Indianapolis Motor Speedway,race,528,92,GTD,Alec Udell,alec udell,66,2.0,34,85.423,28.981,29.174,27.268,,GF,3,71.4,84.56,63.0,False,162
imsa,2023,Indianapolis,Indianapolis Motor Speedway,race,528,92,GTD,Alec Udell,alec udell,67,2.0,35,85.92,29.841,29.52,26.559,,GF,4,71.3,84.74,63.0,False,162
imsa,2023,Indianapolis,Indianapolis Motor Speedway,race,528,92,GTD,Alec Udell,alec udell,68,2.0,36,84.945,29.109,29.227,26.609,,GF,5,71.3,84.56,64.0,False,162
imsa,2023,Indianapolis,Indianapolis Motor Speedway,race,528,92,GTD,Alec Udell,alec udell,69,2.0,37,84.812,29.126,29.005,26.681,,GF,6,71.3,84.56,63.0,False,162
imsa,2023,Indianapolis,Indianapolis Motor Speedway,race,528,92,GTD,Alec Udell,alec udell,70,2.0,38,84.942,29.153,29.08,26.709,,GF,7,71.4,84.2,63.0,False,162
imsa,2023,Indianapolis,Indianapolis Motor Speedway,race,528,92,GTD,Alec Udell,alec udell,71,2.0,39,84.939,29.14,29.134,26.665,,GF,8,71.4,83.84,63.0,False,162
imsa,2023,Indianapolis,Indianapolis Motor Speedway,race,528,92,GTD,Alec Udell,alec udell,72,2.0,40,85.527,29.472,29.366,26.689,,GF,9,71.5,83.48,63.0,False,162
imsa,2023,Indianapolis,Indianapolis Motor Speedway,race,528,92,GTD,Alec Udell,alec udell,73,2.0,41,85.305,28.973,29.22,27.112,,GF,10,71.6,83.12,63.0,False,162
imsa,2023,Indianapolis,Indianapolis Motor Speedway,race,528,92,GTD,Alec Udell,alec udell,74,2.0,42,84.987,29.141,29.136,26.71,,GF,11,71.6,82.94,62.0,False,162
imsa,2023,Indianapolis,Indianapolis Motor Speedway,race,528,92,GTD,Alec Udell,alec udell,75,2.0,43,85.302,29.262,29.291,26.749,,GF,12,71.5,82.76,62.0,False,162
imsa,2023,Indianapolis,Indianapolis Motor Speedway,race,528,92,GTD,Alec Udell,alec udell,76,2.0,44,85.568,29.758,29.112,26.698,,GF,13,71.5,82.58,63.0,False,162
imsa,2023,Indianapolis,Indianapolis Motor Speedway,race,528,92,GTD,Alec Udell,alec udell,77,2.0,45,85.459,29.349,29.28,26.83,,GF,14,71.3,82.58,63.0,False,162
imsa,2023,Indianapolis,Indianapolis Motor Speedway,race,528,92,GTD,Alec Udell,alec udell,78,2.0,46,85.223,29.24,29.265,26.718,,GF,15,71.3,82.4,63.0,False,162
imsa,2023,Indianapolis,Indianapolis Motor Speedway,race,528,92,GTD,Alec Udell,alec udell,79,2.0,47,85.901,29.762,29.33,26.809,,GF,16,71.2,82.4,63.0,False,162
imsa,2023,Indianapolis,Indianapolis Motor Speedway,race,528,92,GTD,Alec Udell,alec udell,80,2.0,48,86.388,29.633,29.932,26.823,,GF,17,71.2,82.04,63.0,False,162
imsa,2023,Indianapolis,Indianapolis Motor Speedway,race,528,92,GTD,Alec Udell,alec udell,81,2.0,49,86.294,29.726,29.701,26.867,,GF,18,71.1,81.86,63.0,False,162
imsa,2023,Indianapolis,Indianapolis Motor Speedway,race,528,92,GTD,Alec Udell,alec udell,82,2.0,50,85.682,29.434,29.487,26.761,,GF,19,70.9,81.5,63.0,False,162
imsa,2023,Indianapolis,Indianapolis Motor Speedway,race,528,92,GTD,Alec Udell,alec udell,83,2.0,51,85.684,29.478,29.371,26.835,,GF,20,70.9,81.5,63.0,False,162
imsa,2023,Indianapolis,Indianapolis Motor Speedway,race,528,92,GTD,Alec Udell,alec udell,84,2.0,52,85.8,29.374,29.598,26.828,,GF,21,70.8,81.5,63.0,False,162
imsa,2023,Indianapolis,Indianapolis Motor Speedway,race,528,92,GTD,Alec Udell,alec udell,85,2.0,53,85.663,29.515,29.33,26.818,,GF,22,70.8,81.32,63.0,False,162
imsa,2023,Indianapolis,Indianapolis Motor Speedway,race,528,92,GTD,Alec Udell,alec udell,86,2.0,54,85.832,29.663,29.345,26.824,,GF,23,70.8,81.32,63.0,False,162
imsa,2023,Indianapolis,Indianapolis Motor Speedway,race,528,92,GTD,Alec Udell,alec udell,87,2.0,55,85.545,29.26,29.353,26.932,,GF,24,70.9,81.32,63.0,False,162
imsa,2023,Indianapolis,Indianapolis Motor Speedway,race,528,92,GTD,Alec Udell,alec udell,88,2.0,56,85.768,29.312,29.597,26.859,,GF,25,71.0,81.5,63.0,False,162
imsa,2023,Indianapolis,Indianapolis Motor Speedway,race,528,92,GTD,Alec Udell,alec udell,89,2.0,57,86.113,29.56,29.498,27.055,,GF,26,71.1,81.5,63.0,False,162
imsa,2023,Indianapolis,Indianapolis Motor Speedway,race,528,92,GTD,Alec Udell,alec udell,90,2.0,58,85.685,29.473,29.426,26.786,,GF,27,71.3,81.68,62.0,False,162
imsa,2023,Indianapolis,Indianapolis Motor Speedway,race,528,92,GTD,Alec Udell,alec udell,91,2.0,59,86.495,29.362,30.116,27.017,,GF,28,71.2,81.68,62.0,False,162
imsa,2023,Indianapolis,Indianapolis Motor Speedway,race,528,92,GTD,Alec Udell,alec udell,92,2.0,60,86.188,29.324,29.899,26.965,,GF,29,71.2,81.68,62.0,False,162
imsa,2023,Indianapolis,Indianapolis Motor Speedway,race,528,92,GTD,Alec Udell,alec udell,93,2.0,61,86.172,29.55,29.825,26.797,,GF,30,71.3,81.68,62.0,False,162
imsa,2023,Indianapolis,Indianapolis Motor Speedway,race,528,92,GTD,Alec Udell,alec udell,94,2.0,62,86.886,30.191,29.713,26.982,,GF,31,71.3,81.86,62.0,False,162
imsa,2023,Indianapolis,Indianapolis Motor Speedway,race,528,92,GTD,Alec Udell,alec udell,95,2.0,63,86.17,30.054,29.312,26.804,,GF,32,71.3,82.04,63.0,False,162
imsa,2023,Indianapolis,Indianapolis Motor Speedway,race,528,92,GTD,Alec Udell,alec udell,96,2.0,64,86.555,29.427,29.519,27.609,,GF,33,71.3,82.04,62.0,False,162
imsa,2023,Indianapolis,Indianapolis Motor Speedway,race,528,92,GTD,Alec Udell,alec udell,97,2.0,65,85.911,29.692,29.441,26.778,,GF,34,71.5,82.04,62.0,False,162
imsa,2023,Indianapolis,Indianapolis Motor Speedway,race,528,92,GTD,Alec Udell,alec udell,98,2.0,66,86.53,29.665,29.548,27.317,,GF,35,71.5,82.4,62.0,False,162
imsa,2023,Indianapolis,Indianapolis Motor Speedway,race,528,92,GTD,Alec Udell,alec udell,99,2.0,67,86.857,29.783,29.996,27.078,,GF,36,71.6,82.58,62.0,False,162
imsa,2023,Indianapolis,Indianapolis Motor Speedway,race,528,92,GTD,Alec Udell,alec udell,100,2.0,68,87.294,30.782,29.517,26.995,,GF,37,71.7,82.76,62.0,False,162
imsa,2023,Indianapolis,Indianapolis Motor Speedway,race,528,92,GTD,Alec Udell,alec udell,101,2.0,69,86.914,29.705,29.887,27.322,,GF,38,71.8,82.76,62.0,False,162
imsa,2023,Indianapolis,Indianapolis Motor Speedway,race,528,92,GTD,Alec Udell,alec udell,102,2.0,70,87.072,29.635,29.992,27.445,,GF,39,71.9,82.94,62.0,False,162
imsa,2023,Indianapolis,Indianapolis Motor Speedway,race,528,92,GTD,Alec Udell,alec udell,103,2.0,71,86.718,30.234,29.669,26.815,,GF,40,72.0,82.94,61.0,False,162
imsa,2023,Indianapolis,Indianapolis Motor Speedway,race,528,92,GTD,Alec Udell,alec udell,104,2.0,72,85.936,29.493,29.636,26.807,,FF,41,72.0,82.94,61.0,False,162
imsa,2023,Indianapolis,Indianapolis Motor Speedway,race,528,93,GTD,Ashton Harrison,ashton harrison,1,1.0,0,149.855,74.239,35.352,40.264,,FCY,0,69.0,86.0,68.0,False,162
imsa,2023,Indianapolis,Indianapolis Motor Speedway,race,528,93,GTD,Ashton Harrison,ashton harrison,2,1.0,1,139.961,40.843,35.41,63.708,,FCY,0,69.0,85.82,68.0,False,162
imsa,2023,Indianapolis,Indianapolis Motor Speedway,race,528,93,GTD,Ashton Harrison,ashton harrison,3,1.0,2,174.568,56.48,48.263,69.825,,FCY,0,69.2,87.08,67.0,False,162
imsa,2023,Indianapolis,Indianapolis Motor Speedway,race,528,93,GTD,Ashton Harrison,ashton harrison,4,1.0,3,121.293,48.896,45.319,27.078,,GF,0,69.0,87.98,68.0,False,162
imsa,2023,Indianapolis,Indianapolis Motor Speedway,race,528,93,GTD,Ashton Harrison,ashton harrison,5,1.0,4,85.916,29.515,29.513,26.888,,GF,1,69.0,88.52,68.0,False,162
imsa,2023,Indianapolis,Indianapolis Motor Speedway,race,528,93,GTD,Ashton Harrison,ashton harrison,6,1.0,5,85.371,29.188,29.401,26.782,,GF,2,69.1,87.98,68.0,False,162
imsa,2023,Indianapolis,Indianapolis Motor Speedway,race,528,93,GTD,Ashton Harrison,ashton harrison,7,1.0,6,85.354,29.37,29.218,26.766,,GF,3,69.2,87.98,68.0,False,162
imsa,2023,Indianapolis,Indianapolis Motor Speedway,race,528,93,GTD,Ashton Harrison,ashton harrison,8,1.0,7,85.812,29.535,29.497,26.78,,GF,4,69.7,89.6,67.0,False,162
imsa,2023,Indianapolis,Indianapolis Motor Speedway,race,528,93,GTD,Ashton Harrison,ashton harrison,9,1.0,8,85.9,29.543,29.367,26.99,,GF,5,70.0,90.14,67.0,False,162
imsa,2023,Indianapolis,Indianapolis Motor Speedway,race,528,93,GTD,Ashton Harrison,ashton harrison,10,1.0,9,86.53,29.844,29.758,26.928,,GF,6,70.2,90.14,67.0,False,162
imsa,2023,Indianapolis,Indianapolis Motor Speedway,race,528,93,GTD,Ashton Harrison,ashton harrison,11,1.0,10,86.568,29.376,30.242,26.95,,GF,7,70.5,91.04,66.0,False,162
imsa,2023,Indianapolis,Indianapolis Motor Speedway,race,528,93,GTD,Ashton Harrison,ashton harrison,12,1.0,11,86.293,29.659,29.696,26.938,,GF,8,70.6,90.68,65.0,False,162
imsa,2023,Indianapolis,Indianapolis Motor Speedway,race,528,93,GTD,Ashton Harrison,ashton harrison,13,1.0,12,86.155,29.631,29.499,27.025,,GF,9,70.7,90.86,65.0,False,162
imsa,2023,Indianapolis,Indianapolis Motor Speedway,race,528,93,GTD,Ashton Harrison,ashton harrison,14,1.0,13,86.748,29.55,29.783,27.415,,GF,10,70.8,90.86,65.0,False,162
imsa,2023,Indianapolis,Indianapolis Motor Speedway,race,528,93,GTD,Ashton Harrison,ashton harrison,15,1.0,14,86.204,29.435,29.802,26.967,,GF,11,70.9,90.14,65.0,False,162
imsa,2023,Indianapolis,Indianapolis Motor Speedway,race,528,93,GTD,Ashton Harrison,ashton harrison,16,1.0,15,85.819,29.597,29.525,26.697,,GF,12,71.0,90.14,64.0,False,162
imsa,2023,Indianapolis,Indianapolis Motor Speedway,race,528,93,GTD,Ashton Harrison,ashton harrison,17,1.0,16,86.663,30.027,29.733,26.903,,GF,13,71.0,89.96,63.0,False,162
imsa,2023,Indianapolis,Indianapolis Motor Speedway,race,528,93,GTD,Ashton Harrison,ashton harrison,18,1.0,17,87.381,29.918,30.057,27.406,,GF,14,70.9,89.78,63.0,False,162
imsa,2023,Indianapolis,Indianapolis Motor Speedway,race,528,93,GTD,Ashton Harrison,ashton harrison,19,1.0,18,86.695,30.192,29.605,26.898,,GF,15,70.8,89.42,63.0,False,162
imsa,2023,Indianapolis,Indianapolis Motor Speedway,race,528,93,GTD,Ashton Harrison,ashton harrison,20,1.0,19,86.973,30.027,29.889,27.057,,GF,16,70.7,89.24,64.0,False,162
imsa,2023,Indianapolis,Indianapolis Motor Speedway,race,528,93,GTD,Ashton Harrison,ashton harrison,21,1.0,20,86.475,29.948,29.531,26.996,,GF,17,70.6,89.78,64.0,False,162
imsa,2023,Indianapolis,Indianapolis Motor Speedway,race,528,93,GTD,Ashton Harrison,ashton harrison,22,1.0,21,86.926,29.643,29.99,27.293,,GF,18,70.5,90.14,64.0,False,162
imsa,2023,Indianapolis,Indianapolis Motor Speedway,race,528,93,GTD,Ashton Harrison,ashton harrison,23,1.0,22,86.205,29.555,29.658,26.992,,GF,19,70.4,90.14,64.0,False,162
imsa,2023,Indianapolis,Indianapolis Motor Speedway,race,528,93,GTD,Ashton Harrison,ashton harrison,24,1.0,23,86.131,29.552,29.552,27.027,,GF,20,70.3,89.42,64.0,False,162
imsa,2023,Indianapolis,Indianapolis Motor Speedway,race,528,94,GTD,Jarett Andretti,jarett andretti,1,1.0,0,150.843,74.517,35.63,40.696,,FCY,0,69.0,86.0,68.0,False,162
imsa,2023,Indianapolis,Indianapolis Motor Speedway,race,528,94,GTD,Jarett Andretti,jarett andretti,2,1.0,1,140.198,41.287,36.436,62.475,,FCY,0,69.0,85.82,68.0,False,162
imsa,2023,Indianapolis,Indianapolis Motor Speedway,race,528,94,GTD,Jarett Andretti,jarett andretti,3,1.0,2,174.982,56.081,48.536,70.365,,FCY,0,69.2,87.08,67.0,False,162
imsa,2023,Indianapolis,Indianapolis Motor Speedway,race,528,94,GTD,Jarett Andretti,jarett andretti,4,1.0,3,121.458,48.634,45.19,27.634,,GF,0,69.0,87.98,68.0,False,162
imsa,2023,Indianapolis,Indianapolis Motor Speedway,race,528,94,GTD,Jarett Andretti,jarett andretti,5,1.0,4,87.943,29.762,30.853,27.328,,GF,1,69.0,88.52,68.0,False,162
imsa,2023,Indianapolis,Indianapolis Motor Speedway,race,528,94,GTD,Jarett Andretti,jarett andretti,6,1.0,5,86.921,29.433,30.52,26.968,,GF,2,69.1,87.98,68.0,False,162
imsa,2023,Indianapolis,Indianapolis Motor Speedway,race,528,94,GTD,Jarett Andretti,jarett andretti,7,1.0,6,86.072,29.542,29.618,26.912,,GF,3,69.2,87.98,68.0,False,162
imsa,2023,Indianapolis,Indianapolis Motor Speedway,race,528,94,GTD,Jarett Andretti,jarett andretti,8,1.0,7,87.326,30.638,29.755,26.933,,GF,4,69.7,89.6,67.0,False,162
imsa,2023,Indianapolis,Indianapolis Motor Speedway,race,528,94,GTD,Jarett Andretti,jarett andretti,9,1.0,8,88.769,30.512,30.786,27.471,,GF,5,70.0,90.14,67.0,False,162
imsa,2023,Indianapolis,Indianapolis Motor Speedway,race,528,94,GTD,Jarett Andretti,jarett andretti,10,1.0,9,87.14,30.175,29.803,27.162,,GF,6,70.4,91.22,67.0,False,162
imsa,2023,Indianapolis,Indianapolis Motor Speedway,race,528,94,GTD,Jarett Andretti,jarett andretti,11,1.0,10,86.398,29.581,29.615,27.202,,GF,7,70.5,91.04,66.0,False,162
imsa,2023,Indianapolis,Indianapolis Motor Speedway,race,528,94,GTD,Jarett Andretti,jarett andretti,12,1.0,11,87.622,29.788,30.146,27.688,,GF,8,70.7,90.68,65.0,False,162
imsa,2023,Indianapolis,Indianapolis Motor Speedway,race,528,94,GTD,Jarett Andretti,jarett andretti,13,1.0,12,86.711,29.712,29.67,27.329,,GF,9,70.7,90.86,65.0,False,162
imsa,2023,Indianapolis,Indianapolis Motor Speedway,race,528,94,GTD,Jarett Andretti,jarett andretti,14,1.0,13,86.926,29.853,29.847,27.226,,GF,10,70.8,90.86,65.0,False,162
imsa,2023,Indianapolis,Indianapolis Motor Speedway,race,528,94,GTD,Jarett Andretti,jarett andretti,15,1.0,14,88.061,30.069,30.471,27.521,,GF,11,70.9,90.14,65.0,False,162
imsa,2023,Indianapolis,Indianapolis Motor Speedway,race,528,94,GTD,Jarett Andretti,jarett andretti,16,1.0,15,87.105,30.093,29.837,27.175,,GF,12,71.0,90.14,64.0,False,162
imsa,2023,Indianapolis,Indianapolis Motor Speedway,race,528,94,GTD,Jarett Andretti,jarett andretti,17,1.0,16,87.494,30.187,30.31,26.997,,GF,13,71.0,89.96,63.0,False,162
imsa,2023,Indianapolis,Indianapolis Motor Speedway,race,528,94,GTD,Jarett Andretti,jarett andretti,18,1.0,17,87.002,29.692,29.819,27.491,,GF,14,70.9,89.78,63.0,False,162
imsa,2023,Indianapolis,Indianapolis Motor Speedway,race,528,94,GTD,Jarett Andretti,jarett andretti,19,1.0,18,87.057,29.964,30.047,27.046,,GF,15,70.8,89.24,64.0,False,162
imsa,2023,Indianapolis,Indianapolis Motor Speedway,race,528,94,GTD,Jarett Andretti,jarett andretti,20,1.0,19,86.851,29.711,30.15,26.99,,GF,16,70.7,89.24,64.0,False,162
imsa,2023,Indianapolis,Indianapolis Motor Speedway,race,528,94,GTD,Jarett Andretti,jarett andretti,21,1.0,20,88.91,29.758,30.736,28.416,,GF,17,70.6,89.6,64.0,False,162
imsa,2023,Indianapolis,Indianapolis Motor Speedway,race,528,94,GTD,Jarett Andretti,jarett andretti,22,1.0,21,86.777,29.946,29.804,27.027,,GF,18,70.5,90.14,64.0,False,162
imsa,2023,Indianapolis,Indianapolis Motor Speedway,race,528,94,GTD,Jarett Andretti,jarett andretti,23,1.0,22,87.766,29.843,30.786,27.137,,GF,19,70.4,89.78,64.0,False,162
imsa,2023,Indianapolis,Indianapolis Motor Speedway,race,528,94,GTD,Jarett Andretti,jarett andretti,24,1.0,23,86.635,29.636,29.875,27.124,,GF,20,70.3,89.42,64.0,False,162
imsa,2023,Indianapolis,Indianapolis Motor Speedway,race,528,94,GTD,Jarett Andretti,jarett andretti,25,1.0,24,88.659,29.811,30.938,27.91,,GF,21,70.3,89.78,64.0,False,162
imsa,2023,Indianapolis,Indianapolis Motor Speedway,race,528,94,GTD,Jarett Andretti,jarett andretti,26,1.0,25,91.012,31.006,31.095,28.911,,GF,22,70.3,91.04,64.0,False,162
imsa,2023,Indianapolis,Indianapolis Motor Speedway,race,528,94,GTD,Jarett Andretti,jarett andretti,27,1.0,26,101.161,32.553,32.71,35.898,,FCY,23,70.8,91.76,64.0,False,162
imsa,2023,Indianapolis,Indianapolis Motor Speedway,race,528,94,GTD,Jarett Andretti,jarett andretti,28,1.0,27,157.528,48.913,60.45,48.165,,FCY,23,71.1,93.02,63.0,False,162
imsa,2023,Indianapolis,Indianapolis Motor Speedway,race,528,94,GTD,Jarett Andretti,jarett andretti,29,1.0,28,91.912,32.881,31.1,27.931,,FCY,23,71.3,93.92,62.0,False,162
imsa,2023,Indianapolis,Indianapolis Motor Speedway,race,528,94,GTD,Jarett Andretti,jarett andretti,30,1.0,29,89.13,30.783,30.386,27.961,,FCY,23,71.3,94.1,62.0,False,162
imsa,2023,Indianapolis,Indianapolis Motor Speedway,race,528,94,GTD,Jarett Andretti,jarett andretti,31,1.0,30,148.839,33.227,32.064,83.548,,FCY,23,71.2,95.72,62.0,False,162
imsa,2023,Indianapolis,Indianapolis Motor Speedway,race,528,94,GTD,Gabby Chaves,gabby chaves,32,2.0,0,127.46,54.874,43.312,29.274,86.84,FCY,0,71.3,96.8,62.0,False,162
imsa,2023,Indianapolis,Indianapolis Motor Speedway,race,528,94,GTD,Gabby Chaves,gabby chaves,33,2.0,1,98.107,33.523,31.766,32.818,,FCY,0,71.3,96.62,62.0,False,162
imsa,2023,Indianapolis,Indianapolis Motor Speedway,race,528,94,GTD,Gabby Chaves,gabby chaves,34,2.0,2,149.079,52.79,53.44,42.849,,FCY,0,71.5,94.28,61.0,False,162
imsa,2023,Indianapolis,Indianapolis Motor Speedway,race,528,94,GTD,Gabby Chaves,gabby chaves,35,2.0,3,159.644,58.142,51.973,49.529,,FCY,0,71.5,93.92,62.0,False,162
imsa,2023,Indianapolis,Indianapolis Motor Speedway,race,528,94,GTD,Gabby Chaves,gabby chaves,36,2.0,4,140.474,48.35,45.525,46.599,,FCY,0,71.2,93.02,62.0,False,162
imsa,2023,Indianapolis,Indianapolis Motor Speedway,race,528,94,GTD,Gabby Chaves,gabby chaves,37,2.0,5,106.817,43.886,35.993,26.938,,GF,0,71.1,91.76,62.0,False,162
imsa,2023,Indianapolis,Indianapolis Motor Speedway,race,528,94,GTD,Gabby Chaves,gabby chaves,38,2.0,6,87.103,29.779,30.058,27.266,,GF,1,70.9,90.68,62.0,False,162
imsa,2023,Indianapolis,Indianapolis Motor Speedway,race,528,94,GTD,Gabby Chaves,gabby chaves,39,2.0,7,86.976,30.165,29.804,27.007,,GF,2,70.9,90.14,62.0,False,162
imsa,2023,Indianapolis,Indianapolis Motor Speedway,race,528,94,GTD,Gabby Chaves,gabby chaves,40,2.0,8,85.932,29.659,29.386,26.887,,GF,3,70.8,88.88,62.0,False,162
imsa,2023,Indianapolis,Indianapolis Motor Speedway,race,528,94,GTD,Gabby Chaves,gabby chaves,41,2.0,9,85.602,29.286,29.386,26.93,,GF,4,70.7,88.52,62.0,False,162
imsa,2023,Indianapolis,Indianapolis Motor Speedway,race,528,94,GTD,Gabby Chaves,gabby chaves,42,2.0,10,85.752,29.351,29.449,26.952,,GF,5,70.6,87.8,62.0,False,162
imsa,2023,Indianapolis,Indianapolis Motor Speedway,race,528,94,GTD,Gabby Chaves,gabby chaves,43,2.0,11,86.786,29.604,29.536,27.646,,GF,6,70.6,87.44,62.0,False,162
imsa,2023,Indianapolis,Indianapolis Motor Speedway,race,528,94,GTD,Gabby Chaves,gabby chaves,44,2.0,12,86.167,29.708,29.458,27.001,,GF,7,70.6,87.08,63.0,False,162
imsa,2023,Indianapolis,Indianapolis Motor Speedway,race,528,94,GTD,Gabby Chaves,gabby chaves,45,2.0,13,85.569,29.324,29.354,26.891,,GF,8,70.6,86.72,64.0,False,162
imsa,2023,Indianapolis,Indianapolis Motor Speedway,race,528,94,GTD,Gabby Chaves,gabby chaves,46,2.0,14,86.157,29.657,29.446,27.054,,GF,9,70.7,86.36,65.0,False,162
imsa,2023,Indianapolis,Indianapolis Motor Speedway,race,528,94,GTD,Gabby Chaves,gabby chaves,47,2.0,15,85.914,29.449,29.453,27.012,,GF,10,70.8,85.82,65.0,False,162
imsa,2023,Indianapolis,Indianapolis Motor Speedway,race,528,94,GTD,Gabby Chaves,gabby chaves,48,2.0,16,85.899,29.48,29.467,26.952,,GF,11,70.8,85.64,65.0,False,162
imsa,2023,Indianapolis,Indianapolis Motor Speedway,race,528,94,GTD,Gabby Chaves,gabby chaves,49,2.0,17,85.855,29.348,29.53,26.977,,GF,12,71.0,85.1,65.0,False,162
imsa,2023,Indianapolis,Indianapolis Motor Speedway,race,528,94,GTD,Gabby Chaves,gabby chaves,50,2.0,18,85.893,29.362,29.616,26.915,,GF,13,71.0,85.1,65.0,False,162
imsa,2023,Indianapolis,Indianapolis Motor Speedway,race,528,94,GTD,Gabby Chaves,gabby chaves,51,2.0,19,88.173,29.551,29.98,28.642,,GF,14,71.1,84.92,64.0,False,162
imsa,2023,Indianapolis,Indianapolis Motor Speedway,race,528,94,GTD,Gabby Chaves,gabby chaves,52,2.0,20,90.2,30.587,30.874,28.739,,GF,15,71.3,84.56,64.0,False,162
imsa,2023,Indianapolis,Indianapolis Motor Speedway,race,528,94,GTD,Gabby Chaves,gabby chaves,53,2.0,21,88.492,29.918,30.032,28.542,,GF,16,71.3,84.56,64.0,False,162
imsa,2023,Indianapolis,Indianapolis Motor Speedway,race,528,94,GTD,Gabby Chaves,gabby chaves,54,2.0,22,86.723,29.791,29.777,27.155,,GF,17,71.4,84.38,63.0,False,162
imsa,2023,Indianapolis,Indianapolis Motor Speedway,race,528,94,GTD,Gabby Chaves,gabby chaves,55,2.0,23,86.299,29.516,29.67,27.113,,GF,18,71.4,84.38,63.0,False,162
imsa,2023,Indianapolis,Indianapolis Motor Speedway,race,528,94,GTD,Gabby Chaves,gabby chaves,56,2.0,24,87.404,30.362,29.923,27.119,,GF,19,71.5,84.38,63.0,False,162
imsa,2023,Indianapolis,Indianapolis Motor Speedway,race,528,94,GTD,Gabby Chaves,gabby chaves,57,2.0,25,88.987,29.847,31.45,27.69,,GF,20,71.6,84.56,63.0,False,162
imsa,2023,Indianapolis,Indianapolis Motor Speedway,race,528,94,GTD,Gabby Chaves,gabby chaves,58,2.0,26,86.867,29.947,29.776,27.144,,GF,21,71.7,84.74,63.0,False,162
imsa,2023,Indianapolis,Indianapolis Motor Speedway,race,528,94,GTD,Gabby Chaves,gabby chaves,59,2.0,27,86.767,29.917,29.73,27.12,,GF,22,71.7,84.74,63.0,False,162
imsa,2023,Indianapolis,Indianapolis Motor Speedway,race,528,94,GTD,Gabby Chaves,gabby chaves,60,2.0,28,88.167,30.683,29.759,27.725,,GF,23,71.8,84.56,63.0,False,162
imsa,2023,Indianapolis,Indianapolis Motor Speedway,race,528,94,GTD,Gabby Chaves,gabby chaves,61,2.0,29,87.846,30.629,29.699,27.518,,GF,24,71.8,84.56,63.0,False,162
imsa,2023,Indianapolis,Indianapolis Motor Speedway,race,528,94,GTD,Gabby Chaves,gabby chaves,62,2.0,30,140.05,29.721,30.218,80.111,,GF,25,71.6,84.56,63.0,False,162
imsa,2023,Indianapolis,Indianapolis Motor Speedway,race,528,94,GTD,Gabby Chaves,gabby chaves,63,2.0,31,110.279,51.897,30.998,27.384,85.076,GF,0,71.5,84.56,63.0,False,162
imsa,2023,Indianapolis,Indianapolis Motor Speedway,race,528,94,GTD,Gabby Chaves,gabby chaves,64,2.0,32,86.235,29.776,29.546,26.913,,GF,0,71.5,84.56,63.0,False,162
imsa,2023,Indianapolis,Indianapolis Motor Speedway,race,528,94,GTD,Gabby Chaves,gabby chaves,65,2.0,33,85.549,29.453,29.35,26.746,,GF,1,71.5,84.56,63.0,False,162
imsa,2023,Indianapolis,Indianapolis Motor Speedway,race,528,94,GTD,Gabby Chaves,gabby chaves,66,2.0,34,85.315,29.211,29.292,26.812,,GF,2,71.3,84.74,63.0,False,162
imsa,2023,Indianapolis,Indianapolis Motor Speedway,race,528,94,GTD,Gabby Chaves,gabby chaves,67,2.0,35,85.554,29.234,29.562,26.758,,GF,3,71.3,84.74,63.0,False,162
imsa,2023,Indianapolis,Indianapolis Motor Speedway,race,528,94,GTD,Gabby Chaves,gabby chaves,68,2.0,36,85.461,29.218,29.465,26.778,,GF,4,71.3,84.56,64.0,False,162
imsa,2023,Indianapolis,Indianapolis Motor Speedway,race,528,94,GTD,Gabby Chaves,gabby chaves,69,2.0,37,85.645,29.336,29.462,26.847,,GF,5,71.3,84.38,63.0,False,162
imsa,2023,Indianapolis,Indianapolis Motor Speedway,race,528,94,GTD,Gabby Chaves,gabby chaves,70,2.0,38,85.311,29.258,29.226,26.827,,GF,6,71.4,84.2,63.0,False,162
imsa,2023,Indianapolis,Indianapolis Motor Speedway,race,528,94,GTD,Gabby Chaves,gabby chaves,71,2.0,39,86.637,29.312,29.986,27.339,,GF,7,71.5,83.66,63.0,False,162
imsa,2023,Indianapolis,Indianapolis Motor Speedway,race,528,94,GTD,Gabby Chaves,gabby chaves,72,2.0,40,86.792,30.256,29.518,27.018,,GF,8,71.5,83.48,63.0,False,162
imsa,2023,Indianapolis,Indianapolis Motor Speedway,race,528,94,GTD,Gabby Chaves,gabby chaves,73,2.0,41,86.067,29.468,29.594,27.005,,GF,9,71.6,83.12,62.0,False,162
imsa,2023,Indianapolis,Indianapolis Motor Speedway,race,528,94,GTD,Gabby Chaves,gabby chaves,74,2.0,42,86.315,29.516,29.698,27.101,,GF,10,71.6,82.94,62.0,False,162
imsa,2023,Indianapolis,Indianapolis Motor Speedway,race,528,94,GTD,Gabby Chaves,gabby chaves,75,2.0,43,86.607,29.499,29.768,27.34,,GF,11,71.5,82.76,62.0,False,162
imsa,2023,Indianapolis,Indianapolis Motor Speedway,race,528,94,GTD,Gabby Chaves,gabby chaves,76,2.0,44,85.98,29.513,29.499,26.968,,GF,12,71.4,82.58,62.0,False,162
imsa,2023,Indianapolis,Indianapolis Motor Speedway,race,528,94,GTD,Gabby Chaves,gabby chaves,77,2.0,45,87.182,30.582,29.422,27.178,,GF,13,71.3,82.58,63.0,False,162
imsa,2023,Indianapolis,Indianapolis Motor Speedway,race,528,94,GTD,Gabby Chaves,gabby chaves,78,2.0,46,86.629,29.388,29.923,27.318,,GF,14,71.2,82.4,63.0,False,162
imsa,2023,Indianapolis,Indianapolis Motor Speedway,race,528,94,GTD,Gabby Chaves,gabby chaves,79,2.0,47,86.292,29.619,29.632,27.041,,GF,15,71.2,82.4,63.0,False,162
imsa,2023,Indianapolis,Indianapolis Motor Speedway,race,528,94,GTD,Gabby Chaves,gabby chaves,80,2.0,48,86.145,29.49,29.525,27.13,,GF,16,71.1,81.86,63.0,False,162
imsa,2023,Indianapolis,Indianapolis Motor Speedway,race,528,94,GTD,Gabby Chaves,gabby chaves,81,2.0,49,85.895,29.466,29.429,27.0,,GF,17,71.0,81.68,63.0,False,162
imsa,2023,Indianapolis,Indianapolis Motor Speedway,race,528,94,GTD,Gabby Chaves,gabby chaves,82,2.0,50,87.259,29.623,30.346,27.29,,GF,18,70.9,81.5,63.0,False,162
imsa,2023,Indianapolis,Indianapolis Motor Speedway,race,528,94,GTD,Gabby Chaves,gabby chaves,83,2.0,51,86.616,29.783,29.654,27.179,,GF,19,70.8,81.5,63.0,False,162
imsa,2023,Indianapolis,Indianapolis Motor Speedway,race,528,94,GTD,Gabby Chaves,gabby chaves,84,2.0,52,86.46,29.852,29.549,27.059,,GF,20,70.8,81.5,63.0,False,162
imsa,2023,Indianapolis,Indianapolis Motor Speedway,race,528,94,GTD,Gabby Chaves,gabby chaves,85,2.0,53,87.473,29.523,29.967,27.983,,GF,21,70.8,81.32,63.0,False,162
imsa,2023,Indianapolis,Indianapolis Motor Speedway,race,528,94,GTD,Gabby Chaves,gabby chaves,86,2.0,54,86.46,29.494,29.525,27.441,,GF,22,70.9,81.32,63.0,False,162
imsa,2023,Indianapolis,Indianapolis Motor Speedway,race,528,94,GTD,Gabby Chaves,gabby chaves,87,2.0,55,87.864,29.968,30.6,27.296,,GF,23,71.0,81.5,63.0,False,162
imsa,2023,Indianapolis,Indianapolis Motor Speedway,race,528,94,GTD,Gabby Chaves,gabby chaves,88,2.0,56,87.022,30.115,29.666,27.241,,GF,24,71.1,81.5,63.0,False,162
imsa,2023,Indianapolis,Indianapolis Motor Speedway,race,528,94,GTD,Gabby Chaves,gabby chaves,89,2.0,57,86.264,29.64,29.677,26.947,,GF,25,71.1,81.5,63.0,False,162
imsa,2023,Indianapolis,Indianapolis Motor Speedway,race,528,94,GTD,Gabby Chaves,gabby chaves,90,2.0,58,86.484,29.714,29.842,26.928,,GF,26,71.2,81.68,62.0,False,162
imsa,2023,Indianapolis,Indianapolis Motor Speedway,race,528,94,GTD,Gabby Chaves,gabby chaves,91,2.0,59,87.485,29.518,30.123,27.844,,GF,27,71.2,81.68,62.0,False,162
imsa,2023,Indianapolis,Indianapolis Motor Speedway,race,528,94,GTD,Gabby Chaves,gabby chaves,92,2.0,60,87.922,29.817,30.785,27.32,,GF,28,71.3,81.68,62.0,False,162
imsa,2023,Indianapolis,Indianapolis Motor Speedway,race,528,94,GTD,Gabby Chaves,gabby chaves,93,2.0,61,86.262,29.651,29.568,27.043,,GF,29,71.3,81.86,62.0,False,162
imsa,2023,Indianapolis,Indianapolis Motor Speedway,race,528,94,GTD,Gabby Chaves,gabby chaves,94,2.0,62,87.455,30.775,29.491,27.189,,GF,30,71.3,82.04,63.0,False,162
imsa,2023,Indianapolis,Indianapolis Motor Speedway,race,528,94,GTD,Gabby Chaves,gabby chaves,95,2.0,63,86.327,29.679,29.501,27.147,,GF,31,71.3,82.04,63.0,False,162
imsa,2023,Indianapolis,Indianapolis Motor Speedway,race,528,94,GTD,Gabby Chaves,gabby chaves,96,2.0,64,86.046,29.663,29.418,26.965,,GF,32,71.3,82.04,62.0,False,162
imsa,2023,Indianapolis,Indianapolis Motor Speedway,race,528,94,GTD,Gabby Chaves,gabby chaves,97,2.0,65,85.78,29.279,29.536,26.965,,GF,33,71.5,82.22,62.0,False,162
imsa,2023,Indianapolis,Indianapolis Motor Speedway,race,528,94,GTD,Gabby Chaves,gabby chaves,98,2.0,66,87.027,30.065,29.795,27.167,,GF,34,71.5,82.4,62.0,False,162
imsa,2023,Indianapolis,Indianapolis Motor Speedway,race,528,94,GTD,Gabby Chaves,gabby chaves,99,2.0,67,86.234,29.431,29.543,27.26,,GF,35,71.7,82.76,62.0,False,162
imsa,2023,Indianapolis,Indianapolis Motor Speedway,race,528,94,GTD,Gabby Chaves,gabby chaves,100,2.0,68,85.967,29.425,29.516,27.026,,GF,36,71.7,82.76,62.0,False,162
imsa,2023,Indianapolis,Indianapolis Motor Speedway,race,528,94,GTD,Gabby Chaves,gabby chaves,101,2.0,69,86.98,29.54,30.337,27.103,,GF,37,71.9,82.94,62.0,False,162
imsa,2023,Indianapolis,Indianapolis Motor Speedway,race,528,94,GTD,Gabby Chaves,gabby chaves,102,2.0,70,85.967,29.473,29.528,26.966,,GF,38,72.0,82.94,62.0,False,162
imsa,2023,Indianapolis,Indianapolis Motor Speedway,race,528,94,GTD,Gabby Chaves,gabby chaves,103,2.0,71,85.789,29.464,29.443,26.882,,FF,39,72.0,82.94,61.0,False,162
imsa,2023,Indianapolis,Indianapolis Motor Speedway,race,528,96,GTD,Patrick Gallagher,patrick gallagher,1,1.0,0,145.007,71.944,34.641,38.422,,FCY,0,69.0,86.0,68.0,False,162
imsa,2023,Indianapolis,Indianapolis Motor Speedway,race,528,96,GTD,Patrick Gallagher,patrick gallagher,2,1.0,1,136.456,39.551,34.31,62.595,,FCY,0,69.0,85.82,68.0,False,162
imsa,2023,Indianapolis,Indianapolis Motor Speedway,race,528,96,GTD,Patrick Gallagher,patrick gallagher,3,1.0,2,173.116,57.19,50.101,65.825,,FCY,0,69.2,87.08,67.0,False,162
imsa,2023,Indianapolis,Indianapolis Motor Speedway,race,528,96,GTD,Patrick Gallagher,patrick gallagher,4,1.0,3,126.897,52.696,47.194,27.007,,GF,0,69.0,87.98,68.0,False,162
imsa,2023,Indianapolis,Indianapolis Motor Speedway,race,528,96,GTD,Patrick Gallagher,patrick gallagher,5,1.0,4,101.569,29.211,45.264,27.094,,GF,1,69.0,88.34,68.0,False,162
imsa,2023,Indianapolis,Indianapolis Motor Speedway,race,528,96,GTD,Patrick Gallagher,patrick gallagher,6,1.0,5,85.68,29.707,29.331,26.642,,GF,2,69.1,87.98,68.0,False,162
imsa,2023,Indianapolis,Indianapolis Motor Speedway,race,528,96,GTD,Patrick Gallagher,patrick gallagher,7,1.0,6,85.048,29.172,29.119,26.757,,GF,3,69.2,87.98,68.0,False,162
imsa,2023,Indianapolis,Indianapolis Motor Speedway,race,528,96,GTD,Patrick Gallagher,patrick gallagher,8,1.0,7,85.555,29.168,29.282,27.105,,GF,4,69.7,89.6,67.0,False,162
imsa,2023,Indianapolis,Indianapolis Motor Speedway,race,528,96,GTD,Patrick Gallagher,patrick gallagher,9,1.0,8,87.962,29.613,30.341,28.008,,GF,5,70.0,90.14,67.0,False,162
imsa,2023,Indianapolis,Indianapolis Motor Speedway,race,528,96,GTD,Patrick Gallagher,patrick gallagher,10,1.0,9,87.131,29.552,30.448,27.131,,GF,6,70.4,91.22,67.0,False,162
imsa,2023,Indianapolis,Indianapolis Motor Speedway,race,528,96,GTD,Patrick Gallagher,patrick gallagher,11,1.0,10,87.389,30.183,29.635,27.571,,GF,7,70.5,91.04,66.0,False,162
imsa,2023,Indianapolis,Indianapolis Motor Speedway,race,528,96,GTD,Patrick Gallagher,patrick gallagher,12,1.0,11,87.309,30.005,29.938,27.366,,GF,8,70.7,90.68,65.0,False,162
imsa,2023,Indianapolis,Indianapolis Motor Speedway,race,528,96,GTD,Patrick Gallagher,patrick gallagher,13,1.0,12,86.318,30.084,29.387,26.847,,GF,9,70.7,90.86,65.0,False,162
imsa,2023,Indianapolis,Indianapolis Motor Speedway,race,528,96,GTD,Patrick Gallagher,patrick gallagher,14,1.0,13,86.779,29.43,30.198,27.151,,GF,10,70.8,90.86,65.0,False,162
imsa,2023,Indianapolis,Indianapolis Motor Speedway,race,528,96,GTD,Patrick Gallagher,patrick gallagher,15,1.0,14,86.242,29.728,29.546,26.968,,GF,11,70.9,90.14,65.0,False,162
imsa,2023,Indianapolis,Indianapolis Motor Speedway,race,528,96,GTD,Patrick Gallagher,patrick gallagher,16,1.0,15,86.759,30.385,29.472,26.902,,GF,12,71.0,90.14,64.0,False,162
imsa,2023,Indianapolis,Indianapolis Motor Speedway,race,528,96,GTD,Patrick Gallagher,patrick gallagher,17,1.0,16,87.232,30.14,30.082,27.01,,GF,13,71.0,89.96,63.0,False,162
imsa,2023,Indianapolis,Indianapolis Motor Speedway,race,528,96,GTD,Patrick Gallagher,patrick gallagher,18,1.0,17,87.071,29.6,30.353,27.118,,GF,14,70.9,89.78,63.0,False,162
imsa,2023,Indianapolis,Indianapolis Motor Speedway,race,528,96,GTD,Patrick Gallagher,patrick gallagher,19,1.0,18,86.968,30.017,29.988,26.963,,GF,15,70.8,89.24,64.0,False,162
imsa,2023,Indianapolis,Indianapolis Motor Speedway,race,528,96,GTD,Patrick Gallagher,patrick gallagher,20,1.0,19,86.702,29.599,30.12,26.983,,GF,16,70.7,89.24,64.0,False,162
imsa,2023,Indianapolis,Indianapolis Motor Speedway,race,528,96,GTD,Patrick Gallagher,patrick gallagher,21,1.0,20,86.317,29.695,29.8,26.822,,GF,17,70.6,89.6,64.0,False,162
imsa,2023,Indianapolis,Indianapolis Motor Speedway,race,528,96,GTD,Patrick Gallagher,patrick gallagher,22,1.0,21,86.179,29.925,29.424,26.83,,GF,18,70.5,90.14,64.0,False,162
imsa,2023,Indianapolis,Indianapolis Motor Speedway,race,528,96,GTD,Patrick Gallagher,patrick gallagher,23,1.0,22,88.177,30.107,30.887,27.183,,GF,19,70.4,90.14,64.0,False,162
imsa,2023,Indianapolis,Indianapolis Motor Speedway,race,528,96,GTD,Patrick Gallagher,patrick gallagher,24,1.0,23,87.637,29.783,30.164,27.69,,GF,20,70.3,89.42,64.0,False,162
imsa,2023,Indianapolis,Indianapolis Motor Speedway,race,528,96,GTD,Patrick Gallagher,patrick gallagher,25,1.0,24,87.155,29.999,29.89,27.266,,GF,21,70.3,89.78,64.0,False,162
imsa,2023,Indianapolis,Indianapolis Motor Speedway,race,528,96,GTD,Patrick Gallagher,patrick gallagher,26,1.0,25,129.387,29.878,29.656,69.853,,FCY,22,70.5,91.58,65.0,False,162
imsa,2023,Indianapolis,Indianapolis Motor Speedway,race,528,96,GTD,Patrick Gallagher,patrick gallagher,27,1.0,26,125.884,52.882,36.16,36.842,74.585,FCY,0,71.0,92.48,63.0,False,162
imsa,2023,Indianapolis,Indianapolis Motor Speedway,race,528,96,GTD,Patrick Gallagher,patrick gallagher,28,1.0,27,127.494,42.979,40.489,44.026,,FCY,0,71.2,93.56,63.0,False,162
imsa,2023,Indianapolis,Indianapolis Motor Speedway,race,528,96,GTD,Patrick Gallagher,patrick gallagher,29,1.0,28,135.402,42.208,53.895,39.299,,FCY,0,71.3,94.1,62.0,False,162
imsa,2023,Indianapolis,Indianapolis Motor Speedway,race,528,96,GTD,Patrick Gallagher,patrick gallagher,30,1.0,29,107.649,35.724,35.47,36.455,,FCY,0,71.2,95.36,62.0,False,162
imsa,2023,Indianapolis,Indianapolis Motor Speedway,race,528,96,GTD,Patrick Gallagher,patrick gallagher,31,1.0,30,118.113,41.39,41.53,35.193,,FCY,0,71.2,96.44,62.0,False,162
imsa,2023,Indianapolis,Indianapolis Motor Speedway,race,528,96,GTD,Patrick Gallagher,patrick gallagher,32,1.0,31,89.931,32.017,30.462,27.452,,FCY,0,71.3,96.8,62.0,False,162
imsa,2023,Indianapolis,Indianapolis Motor Speedway,race,528,96,GTD,Patrick Gallagher,patrick gallagher,33,1.0,32,125.055,29.753,29.77,65.532,,FCY,0,71.4,96.08,61.0,False,162
imsa,2023,Indianapolis,Indianapolis Motor Speedway,race,528,96,GTD,Robby Foley,robby foley,34,2.0,0,106.255,49.375,29.634,27.246,69.546,FCY,0,71.5,94.28,61.0,False,162
imsa,2023,Indianapolis,Indianapolis Motor Speedway,race,528,96,GTD,Robby Foley,robby foley,35,2.0,1,157.714,55.054,50.018,52.642,,FCY,0,71.5,93.92,62.0,False,162
imsa,2023,Indianapolis,Indianapolis Motor Speedway,race,528,96,GTD,Robby Foley,robby foley,36,2.0,2,139.468,46.358,44.938,48.172,,FCY,0,71.2,93.02,62.0,False,162
imsa,2023,Indianapolis,Indianapolis Motor Speedway,race,528,96,GTD,Robby Foley,robby foley,37,2.0,3,103.001,42.026,34.101,26.874,,GF,0,71.1,91.76,62.0,False,162
imsa,2023,Indianapolis,Indianapolis Motor Speedway,race,528,96,GTD,Robby Foley,robby foley,38,2.0,4,86.675,29.456,29.992,27.227,,GF,1,70.9,90.68,62.0,False,162
imsa,2023,Indianapolis,Indianapolis Motor Speedway,race,528,96,GTD,Robby Foley,robby foley,39,2.0,5,85.363,29.545,29.205,26.613,,GF,2,70.9,90.14,62.0,False,162
imsa,2023,Indianapolis,Indianapolis Motor Speedway,race,528,96,GTD,Robby Foley,robby foley,40,2.0,6,84.868,29.048,29.193,26.627,,GF,3,70.8,88.88,62.0,False,162
imsa,2023,Indianapolis,Indianapolis Motor Speedway,race,528,96,GTD,Robby Foley,robby foley,41,2.0,7,84.886,29.064,29.171,26.651,,GF,4,70.7,88.52,62.0,False,162
imsa,2023,Indianapolis,Indianapolis Motor Speedway,race,528,96,GTD,Robby Foley,robby foley,42,2.0,8,85.19,29.047,29.191,26.952,,GF,5,70.6,87.8,62.0,False,162
imsa,2023,Indianapolis,Indianapolis Motor Speedway,race,528,96,GTD,Robby Foley,robby foley,43,2.0,9,85.851,29.121,29.617,27.113,,GF,6,70.6,87.44,62.0,False,162
imsa,2023,Indianapolis,Indianapolis Motor Speedway,race,528,96,GTD,Robby Foley,robby foley,44,2.0,10,86.259,29.381,29.849,27.029,,GF,7,70.6,87.08,63.0,False,162
imsa,2023,Indianapolis,Indianapolis Motor Speedway,race,528,96,GTD,Robby Foley,robby foley,45,2.0,11,85.504,29.48,29.167,26.857,,GF,8,70.6,86.72,64.0,False,162
imsa,2023,Indianapolis,Indianapolis Motor Speedway,race,528,96,GTD,Robby Foley,robby foley,46,2.0,12,85.906,29.442,29.375,27.089,,GF,9,70.7,86.36,65.0,False,162
imsa,2023,Indianapolis,Indianapolis Motor Speedway,race,528,96,GTD,Robby Foley,robby foley,47,2.0,13,85.999,29.518,29.38,27.101,,GF,10,70.8,85.82,65.0,False,162
imsa,2023,Indianapolis,Indianapolis Motor Speedway,race,528,96,GTD,Robby Foley,robby foley,48,2.0,14,85.926,29.545,29.365,27.016,,GF,11,70.8,85.64,65.0,False,162
imsa,2023,Indianapolis,Indianapolis Motor Speedway,race,528,96,GTD,Robby Foley,robby foley,49,2.0,15,85.884,29.449,29.4,27.035,,GF,12,71.0,85.28,65.0,False,162
imsa,2023,Indianapolis,Indianapolis Motor Speedway,race,528,96,GTD,Robby Foley,robby foley,50,2.0,16,85.561,29.414,29.363,26.784,,GF,13,71.0,85.1,65.0,False,162
imsa,2023,Indianapolis,Indianapolis Motor Speedway,race,528,96,GTD,Robby Foley,robby foley,51,2.0,17,85.714,29.274,29.326,27.114,,GF,14,71.1,84.92,64.0,False,162
imsa,2023,Indianapolis,Indianapolis Motor Speedway,race,528,96,GTD,Robby Foley,robby foley,52,2.0,18,86.025,29.471,29.389,27.165,,GF,15,71.3,84.56,64.0,False,162
imsa,2023,Indianapolis,Indianapolis Motor Speedway,race,528,96,GTD,Robby Foley,robby foley,53,2.0,19,87.045,29.811,30.16,27.074,,GF,16,71.3,84.56,64.0,False,162
imsa,2023,Indianapolis,Indianapolis Motor Speedway,race,528,96,GTD,Robby Foley,robby foley,54,2.0,20,86.185,29.597,29.553,27.035,,GF,17,71.4,84.38,63.0,False,162
imsa,2023,Indianapolis,Indianapolis Motor Speedway,race,528,96,GTD,Robby Foley,robby foley,55,2.0,21,85.768,29.449,29.435,26.884,,GF,18,71.4,84.38,63.0,False,162
imsa,2023,Indianapolis,Indianapolis Motor Speedway,race,528,96,GTD,Robby Foley,robby foley,56,2.0,22,85.416,29.283,29.332,26.801,,GF,19,71.5,84.38,63.0,False,162
imsa,2023,Indianapolis,Indianapolis Motor Speedway,race,528,96,GTD,Robby Foley,robby foley,57,2.0,23,85.339,29.234,29.221,26.884,,GF,20,71.6,84.56,63.0,False,162
imsa,2023,Indianapolis,Indianapolis Motor Speedway,race,528,96,GTD,Robby Foley,robby foley,58,2.0,24,85.694,29.248,29.541,26.905,,GF,21,71.6,84.56,63.0,False,162
imsa,2023,Indianapolis,Indianapolis Motor Speedway,race,528,96,GTD,Robby Foley,robby foley,59,2.0,25,85.81,29.373,29.502,26.935,,GF,22,71.7,84.74,63.0,False,162
imsa,2023,Indianapolis,Indianapolis Motor Speedway,race,528,96,GTD,Robby Foley,robby foley,60,2.0,26,135.122,30.139,29.401,75.582,,GF,23,71.8,84.56,63.0,False,162
imsa,2023,Indianapolis,Indianapolis Motor Speedway,race,528,96,GTD,Robby Foley,robby foley,61,2.0,27,108.082,50.795,30.304,26.983,80.141,GF,0,71.7,84.56,63.0,False,162
imsa,2023,Indianapolis,Indianapolis Motor Speedway,race,528,96,GTD,Robby Foley,robby foley,62,2.0,28,85.357,29.197,29.278,26.882,,GF,0,71.6,84.56,63.0,False,162
imsa,2023,Indianapolis,Indianapolis Motor Speedway,race,528,96,GTD,Robby Foley,robby foley,63,2.0,29,84.775,28.912,29.173,26.69,,GF,1,71.5,84.56,63.0,False,162
imsa,2023,Indianapolis,Indianapolis Motor Speedway,race,528,96,GTD,Robby Foley,robby foley,64,2.0,30,84.853,29.086,29.012,26.755,,GF,2,71.5,84.56,64.0,False,162
imsa,2023,Indianapolis,Indianapolis Motor Speedway,race,528,96,GTD,Robby Foley,robby foley,65,2.0,31,85.246,29.278,29.388,26.58,,GF,3,71.5,84.56,63.0,False,162
imsa,2023,Indianapolis,Indianapolis Motor Speedway,race,528,96,GTD,Robby Foley,robby foley,66,2.0,32,84.924,28.912,29.171,26.841,,GF,4,71.4,84.56,63.0,False,162
imsa,2023,Indianapolis,Indianapolis Motor Speedway,race,528,96,GTD,Robby Foley,robby foley,67,2.0,33,86.117,30.232,29.26,26.625,,GF,5,71.3,84.74,63.0,False,162
imsa,2023,Indianapolis,Indianapolis Motor Speedway,race,528,96,GTD,Robby Foley,robby foley,68,2.0,34,85.506,29.05,29.757,26.699,,GF,6,71.3,84.56,64.0,False,162
imsa,2023,Indianapolis,Indianapolis Motor Speedway,race,528,96,GTD,Robby Foley,robby foley,69,2.0,35,85.312,29.367,29.331,26.614,,GF,7,71.3,84.56,63.0,False,162
imsa,2023,Indianapolis,Indianapolis Motor Speedway,race,528,96,GTD,Robby Foley,robby foley,70,2.0,36,85.85,29.18,29.754,26.916,,GF,8,71.4,84.2,63.0,False,162
imsa,2023,Indianapolis,Indianapolis Motor Speedway,race,528,96,GTD,Robby Foley,robby foley,71,2.0,37,85.576,29.332,29.221,27.023,,GF,9,71.4,83.84,63.0,False,162
imsa,2023,Indianapolis,Indianapolis Motor Speedway,race,528,96,GTD,Robby Foley,robby foley,72,2.0,38,85.652,29.378,29.625,26.649,,GF,10,71.5,83.66,63.0,False,162
imsa,2023,Indianapolis,Indianapolis Motor Speedway,race,528,96,GTD,Robby Foley,robby foley,73,2.0,39,86.468,29.437,29.75,27.281,,GF,11,71.6,83.12,63.0,False,162
imsa,2023,Indianapolis,Indianapolis Motor Speedway,race,528,96,GTD,Robby Foley,robby foley,74,2.0,40,85.769,29.541,29.326,26.902,,GF,12,71.6,83.12,62.0,False,162
imsa,2023,Indianapolis,Indianapolis Motor Speedway,race,528,96,GTD,Robby Foley,robby foley,75,2.0,41,85.208,29.11,29.25,26.848,,GF,13,71.5,82.76,62.0,False,162
imsa,2023,Indianapolis,Indianapolis Motor Speedway,race,528,96,GTD,Robby Foley,robby foley,76,2.0,42,85.304,29.196,29.319,26.789,,GF,14,71.5,82.58,63.0,False,162
imsa,2023,Indianapolis,Indianapolis Motor Speedway,race,528,96,GTD,Robby Foley,robby foley,77,2.0,43,85.732,29.217,29.234,27.281,,GF,15,71.4,82.58,62.0,False,162
imsa,2023,Indianapolis,Indianapolis Motor Speedway,race,528,96,GTD,Robby Foley,robby foley,78,2.0,44,85.424,29.347,29.342,26.735,,GF,16,71.3,82.4,63.0,False,162
imsa,2023,Indianapolis,Indianapolis Motor Speedway,race,528,96,GTD,Robby Foley,robby foley,79,2.0,45,85.691,29.408,29.282,27.001,,GF,17,71.2,82.4,63.0,False,162
imsa,2023,Indianapolis,Indianapolis Motor Speedway,race,528,96,GTD,Robby Foley,robby foley,80,2.0,46,85.532,29.312,29.299,26.921,,GF,18,71.2,82.04,63.0,False,162
imsa,2023,Indianapolis,Indianapolis Motor Speedway,race,528,96,GTD,Robby Foley,robby foley,81,2.0,47,85.851,29.454,29.569,26.828,,GF,19,71.1,81.86,63.0,False,162
imsa,2023,Indianapolis,Indianapolis Motor Speedway,race,528,96,GTD,Robby Foley,robby foley,82,2.0,48,85.804,29.576,29.436,26.792,,GF,20,70.9,81.5,63.0,False,162
imsa,2023,Indianapolis,Indianapolis Motor Speedway,race,528,96,GTD,Robby Foley,robby foley,83,2.0,49,85.958,29.369,29.38,27.209,,GF,21,70.9,81.5,63.0,False,162
imsa,2023,Indianapolis,Indianapolis Motor Speedway,race,528,96,GTD,Robby Foley,robby foley,84,2.0,50,86.422,29.765,29.846,26.811,,GF,22,70.8,81.5,63.0,False,162
imsa,2023,Indianapolis,Indianapolis Motor Speedway,race,528,96,GTD,Robby Foley,robby foley,85,2.0,51,85.866,29.383,29.409,27.074,,GF,23,70.8,81.32,63.0,False,162
imsa,2023,Indianapolis,Indianapolis Motor Speedway,race,528,96,GTD,Robby Foley,robby foley,86,2.0,52,85.474,29.37,29.34,26.764,,GF,24,70.8,81.32,63.0,False,162
imsa,2023,Indianapolis,Indianapolis Motor Speedway,race,528,96,GTD,Robby Foley,robby foley,87,2.0,53,85.49,29.239,29.405,26.846,,GF,25,70.9,81.32,63.0,False,162
imsa,2023,Indianapolis,Indianapolis Motor Speedway,race,528,96,GTD,Robby Foley,robby foley,88,2.0,54,86.03,29.328,29.853,26.849,,GF,26,71.0,81.5,63.0,False,162
imsa,2023,Indianapolis,Indianapolis Motor Speedway,race,528,96,GTD,Robby Foley,robby foley,89,2.0,55,85.655,29.203,29.487,26.965,,GF,27,71.1,81.5,63.0,False,162
imsa,2023,Indianapolis,Indianapolis Motor Speedway,race,528,96,GTD,Robby Foley,robby foley,90,2.0,56,85.599,29.362,29.419,26.818,,GF,28,71.3,81.68,62.0,False,162
imsa,2023,Indianapolis,Indianapolis Motor Speedway,race,528,96,GTD,Robby Foley,robby foley,91,2.0,57,86.324,29.331,29.363,27.63,,GF,29,71.2,81.68,62.0,False,162
imsa,2023,Indianapolis,Indianapolis Motor Speedway,race,528,96,GTD,Robby Foley,robby foley,92,2.0,58,85.45,29.298,29.369,26.783,,GF,30,71.2,81.68,62.0,False,162
imsa,2023,Indianapolis,Indianapolis Motor Speedway,race,528,96,GTD,Robby Foley,robby foley,93,2.0,59,85.63,29.419,29.413,26.798,,GF,31,71.3,81.68,62.0,False,162
imsa,2023,Indianapolis,Indianapolis Motor Speedway,race,528,96,GTD,Robby Foley,robby foley,94,2.0,60,85.637,29.329,29.45,26.858,,GF,32,71.3,81.86,62.0,False,162
imsa,2023,Indianapolis,Indianapolis Motor Speedway,race,528,96,GTD,Robby Foley,robby foley,95,2.0,61,85.773,29.412,29.414,26.947,,GF,33,71.3,82.04,63.0,False,162
imsa,2023,Indianapolis,Indianapolis Motor Speedway,race,528,96,GTD,Robby Foley,robby foley,96,2.0,62,85.6,29.538,29.26,26.802,,GF,34,71.3,82.04,63.0,False,162
imsa,2023,Indianapolis,Indianapolis Motor Speedway,race,528,96,GTD,Robby Foley,robby foley,97,2.0,63,85.895,29.27,29.679,26.946,,GF,35,71.5,82.04,62.0,False,162
imsa,2023,Indianapolis,Indianapolis Motor Speedway,race,528,96,GTD,Robby Foley,robby foley,98,2.0,64,85.637,29.372,29.407,26.858,,GF,36,71.5,82.22,62.0,False,162
imsa,2023,Indianapolis,Indianapolis Motor Speedway,race,528,96,GTD,Robby Foley,robby foley,99,2.0,65,86.497,29.948,29.62,26.929,,GF,37,71.6,82.58,62.0,False,162
imsa,2023,Indianapolis,Indianapolis Motor Speedway,race,528,96,GTD,Robby Foley,robby foley,100,2.0,66,85.933,29.483,29.469,26.981,,GF,38,71.7,82.76,62.0,False,162
imsa,2023,Indianapolis,Indianapolis Motor Speedway,race,528,96,GTD,Robby Foley,robby foley,101,2.0,67,85.777,29.504,29.367,26.906,,GF,39,71.8,82.76,62.0,False,162
imsa,2023,Indianapolis,Indianapolis Motor Speedway,race,528,96,GTD,Robby Foley,robby foley,102,2.0,68,86.384,29.794,29.671,26.919,,GF,40,71.9,82.94,62.0,False,162
imsa,2023,Indianapolis,Indianapolis Motor Speedway,race,528,96,GTD,Robby Foley,robby foley,103,2.0,69,86.587,29.463,30.226,26.898,,GF,41,72.0,82.94,62.0,False,162
imsa,2023,Indianapolis,Indianapolis Motor Speedway,race,528,96,GTD,Robby Foley,robby foley,104,2.0,70,86.007,29.601,29.456,26.95,,FF,42,72.0,82.94,61.0,False,162
imsa,2023,Indianapolis,Indianapolis Motor Speedway,race,528,97,GTD,Chandler Hull,chandler hull,1,1.0,0,156.517,85.856,31.041,39.62,,FCY,0,69.0,86.0,68.0,False,162
imsa,2023,Indianapolis,Indianapolis Motor Speedway,race,528,97,GTD,Chandler Hull,chandler hull,2,1.0,1,143.928,41.811,37.961,64.156,,FCY,0,69.0,85.82,68.0,False,162
imsa,2023,Indianapolis,Indianapolis Motor Speedway,race,528,97,GTD,Chandler Hull,chandler hull,3,1.0,2,176.165,52.836,49.642,73.687,,FCY,0,69.2,87.08,67.0,False,162
imsa,2023,Indianapolis,Indianapolis Motor Speedway,race,528,97,GTD,Chandler Hull,chandler hull,4,1.0,3,115.96,46.89,41.893,27.177,,GF,0,69.0,87.98,68.0,False,162
imsa,2023,Indianapolis,Indianapolis Motor Speedway,race,528,97,GTD,Chandler Hull,chandler hull,5,1.0,4,85.867,29.41,29.494,26.963,,GF,1,69.0,88.34,68.0,False,162
imsa,2023,Indianapolis,Indianapolis Motor Speedway,race,528,97,GTD,Chandler Hull,chandler hull,6,1.0,5,86.86,29.366,29.774,27.72,,GF,2,69.1,87.98,68.0,False,162
imsa,2023,Indianapolis,Indianapolis Motor Speedway,race,528,97,GTD,Chandler Hull,chandler hull,7,1.0,6,86.107,29.599,29.459,27.049,,GF,3,69.2,87.98,68.0,False,162
imsa,2023,Indianapolis,Indianapolis Motor Speedway,race,528,97,GTD,Chandler Hull,chandler hull,8,1.0,7,86.082,29.553,29.432,27.097,,GF,4,69.7,89.6,67.0,False,162
imsa,2023,Indianapolis,Indianapolis Motor Speedway,race,528,97,GTD,Chandler Hull,chandler hull,9,1.0,8,89.183,30.058,31.04,28.085,,GF,5,70.0,90.14,67.0,False,162
imsa,2023,Indianapolis,Indianapolis Motor Speedway,race,528,97,GTD,Chandler Hull,chandler hull,10,1.0,9,87.378,29.963,30.304,27.111,,GF,6,70.4,91.22,67.0,False,162
imsa,2023,Indianapolis,Indianapolis Motor Speedway,race,528,97,GTD,Chandler Hull,chandler hull,11,1.0,10,86.992,29.989,29.446,27.557,,GF,7,70.5,91.04,66.0,False,162
imsa,2023,Indianapolis,Indianapolis Motor Speedway,race,528,97,GTD,Chandler Hull,chandler hull,12,1.0,11,87.961,29.925,30.444,27.592,,GF,8,70.7,90.68,65.0,False,162
imsa,2023,Indianapolis,Indianapolis Motor Speedway,race,528,97,GTD,Chandler Hull,chandler hull,13,1.0,12,88.193,30.9,30.363,26.93,,GF,9,70.7,90.86,65.0,False,162
imsa,2023,Indianapolis,Indianapolis Motor Speedway,race,528,97,GTD,Chandler Hull,chandler hull,14,1.0,13,86.823,30.252,29.607,26.964,,GF,10,70.8,90.32,65.0,False,162
imsa,2023,Indianapolis,Indianapolis Motor Speedway,race,528,97,GTD,Chandler Hull,chandler hull,15,1.0,14,85.943,29.429,29.601,26.913,,GF,11,70.9,90.14,65.0,False,162
imsa,2023,Indianapolis,Indianapolis Motor Speedway,race,528,97,GTD,Chandler Hull,chandler hull,16,1.0,15,86.175,29.709,29.785,26.681,,GF,12,71.0,90.14,64.0,False,162
imsa,2023,Indianapolis,Indianapolis Motor Speedway,race,528,97,GTD,Chandler Hull,chandler hull,17,1.0,16,86.961,29.881,30.018,27.062,,GF,13,71.0,89.96,63.0,False,162
imsa,2023,Indianapolis,Indianapolis Motor Speedway,race,528,97,GTD,Chandler Hull,chandler hull,18,1.0,17,86.849,29.899,30.031,26.919,,GF,14,70.9,89.78,63.0,False,162
imsa,2023,Indianapolis,Indianapolis Motor Speedway,race,528,97,GTD,Chandler Hull,chandler hull,19,1.0,18,87.032,30.07,29.997,26.965,,GF,15,70.8,89.24,64.0,False,162
imsa,2023,Indianapolis,Indianapolis Motor Speedway,race,528,97,GTD,Chandler Hull,chandler hull,20,1.0,19,86.752,29.811,29.846,27.095,,GF,16,70.7,89.24,64.0,False,162
imsa,2023,Indianapolis,Indianapolis Motor Speedway,race,528,97,GTD,Chandler Hull,chandler hull,21,1.0,20,88.308,30.755,30.45,27.103,,GF,17,70.6,89.6,64.0,False,162
imsa,2023,Indianapolis,Indianapolis Motor Speedway,race,528,97,GTD,Chandler Hull,chandler hull,22,1.0,21,88.187,30.224,30.05,27.913,,GF,18,70.5,90.14,64.0,False,162
imsa,2023,Indianapolis,Indianapolis Motor Speedway,race,528,97,GTD,Chandler Hull,chandler hull,23,1.0,22,87.031,29.815,30.242,26.974,,GF,19,70.4,89.78,64.0,False,162
imsa,2023,Indianapolis,Indianapolis Motor Speedway,race,528,97,GTD,Chandler Hull,chandler hull,24,1.0,23,86.408,29.695,29.647,27.066,,GF,20,70.3,89.42,64.0,False,162
imsa,2023,Indianapolis,Indianapolis Motor Speedway,race,528,97,GTD,Chandler Hull,chandler hull,25,1.0,24,88.619,30.476,30.329,27.814,,GF,21,70.3,89.78,64.0,False,162
imsa,2023,Indianapolis,Indianapolis Motor Speedway,race,528,97,GTD,Chandler Hull,chandler hull,26,1.0,25,92.09,30.791,31.238,30.061,,GF,22,70.3,91.04,64.0,False,162
imsa,2023,Indianapolis,Indianapolis Motor Speedway,race,528,97,GTD,Chandler Hull,chandler hull,27,1.0,26,100.334,31.551,32.65,36.133,,FCY,23,70.8,91.76,64.0,False,162
imsa,2023,Indianapolis,Indianapolis Motor Speedway,race,528,97,GTD,Chandler Hull,chandler hull,28,1.0,27,155.497,48.986,60.492,46.019,,FCY,23,71.1,93.02,63.0,False,162
imsa,2023,Indianapolis,Indianapolis Motor Speedway,race,528,97,GTD,Chandler Hull,chandler hull,29,1.0,28,88.643,31.285,29.952,27.406,,FCY,23,71.2,93.56,63.0,False,162
imsa,2023,Indianapolis,Indianapolis Motor Speedway,race,528,97,GTD,Chandler Hull,chandler hull,30,1.0,29,88.495,30.411,30.193,27.891,,FCY,23,71.3,94.1,62.0,False,162
imsa,2023,Indianapolis,Indianapolis Motor Speedway,race,528,97,GTD,Chandler Hull,chandler hull,31,1.0,30,144.534,35.914,32.035,76.585,,FCY,23,71.2,95.36,62.0,False,162
imsa,2023,Indianapolis,Indianapolis Motor Speedway,race,528,97,GTD,Bill Auberlen,bill auberlen,32,2.0,0,128.257,55.39,42.02,30.847,78.578,FCY,0,71.2,96.44,62.0,False,162
imsa,2023,Indianapolis,Indianapolis Motor Speedway,race,528,97,GTD,Bill Auberlen,bill auberlen,33,2.0,1,100.142,31.519,32.853,35.77,,FCY,0,71.3,96.62,62.0,False,162
imsa,2023,Indianapolis,Indianapolis Motor Speedway,race,528,97,GTD,Bill Auberlen,bill auberlen,34,2.0,2,148.414,48.696,55.679,44.039,,FCY,0,71.5,94.28,61.0,False,162
imsa,2023,Indianapolis,Indianapolis Motor Speedway,race,528,97,GTD,Bill Auberlen,bill auberlen,35,2.0,3,161.674,59.135,52.952,49.587,,FCY,0,71.5,93.92,62.0,False,162
imsa,2023,Indianapolis,Indianapolis Motor Speedway,race,528,97,GTD,Bill Auberlen,bill auberlen,36,2.0,4,139.455,42.575,50.648,46.232,,FCY,0,71.2,93.02,62.0,False,162
imsa,2023,Indianapolis,Indianapolis Motor Speedway,race,528,97,GTD,Bill Auberlen,bill auberlen,37,2.0,5,109.681,45.546,36.856,27.279,,GF,0,71.1,91.76,62.0,False,162
imsa,2023,Indianapolis,Indianapolis Motor Speedway,race,528,97,GTD,Bill Auberlen,bill auberlen,38,2.0,6,85.574,29.584,29.432,26.558,,GF,1,70.9,90.68,62.0,False,162
imsa,2023,Indianapolis,Indianapolis Motor Speedway,race,528,97,GTD,Bill Auberlen,bill auberlen,39,2.0,7,85.262,29.231,29.257,26.774,,GF,2,70.9,90.14,62.0,False,162
imsa,2023,Indianapolis,Indianapolis Motor Speedway,race,528,97,GTD,Bill Auberlen,bill auberlen,40,2.0,8,85.466,29.39,29.308,26.768,,GF,3,70.8,88.88,62.0,False,162
imsa,2023,Indianapolis,Indianapolis Motor Speedway,race,528,97,GTD,Bill Auberlen,bill auberlen,41,2.0,9,85.089,29.329,29.158,26.602,,GF,4,70.7,88.52,62.0,False,162
imsa,2023,Indianapolis,Indianapolis Motor Speedway,race,528,97,GTD,Bill Auberlen,bill auberlen,42,2.0,10,85.121,29.174,29.347,26.6,,GF,5,70.7,88.16,62.0,False,162
imsa,2023,Indianapolis,Indianapolis Motor Speedway,race,528,97,GTD,Bill Auberlen,bill auberlen,43,2.0,11,84.935,29.129,29.12,26.686,,GF,6,70.6,87.44,62.0,False,162
imsa,2023,Indianapolis,Indianapolis Motor Speedway,race,528,97,GTD,Bill Auberlen,bill auberlen,44,2.0,12,86.534,29.039,30.591,26.904,,GF,7,70.6,87.08,63.0,False,162
imsa,2023,Indianapolis,Indianapolis Motor Speedway,race,528,97,GTD,Bill Auberlen,bill auberlen,45,2.0,13,86.112,29.343,29.316,27.453,,GF,8,70.6,86.72,64.0,False,162
imsa,2023,Indianapolis,Indianapolis Motor Speedway,race,528,97,GTD,Bill Auberlen,bill auberlen,46,2.0,14,85.244,29.257,29.271,26.716,,GF,9,70.7,86.36,65.0,False,162
imsa,2023,Indianapolis,Indianapolis Motor Speedway,race,528,97,GTD,Bill Auberlen,bill auberlen,47,2.0,15,85.861,29.54,29.457,26.864,,GF,10,70.8,85.82,65.0,False,162
imsa,2023,Indianapolis,Indianapolis Motor Speedway,race,528,97,GTD,Bill Auberlen,bill auberlen,48,2.0,16,85.351,29.397,29.121,26.833,,GF,11,70.8,85.64,65.0,False,162
imsa,2023,Indianapolis,Indianapolis Motor Speedway,race,528,97,GTD,Bill Auberlen,bill auberlen,49,2.0,17,85.402,29.354,29.207,26.841,,GF,12,71.0,85.28,65.0,False,162
imsa,2023,Indianapolis,Indianapolis Motor Speedway,race,528,97,GTD,Bill Auberlen,bill auberlen,50,2.0,18,85.577,29.468,29.275,26.834,,GF,13,71.0,85.1,65.0,False,162
imsa,2023,Indianapolis,Indianapolis Motor Speedway,race,528,97,GTD,Bill Auberlen,bill auberlen,51,2.0,19,87.164,29.283,29.975,27.906,,GF,14,71.1,84.92,64.0,False,162
imsa,2023,Indianapolis,Indianapolis Motor Speedway,race,528,97,GTD,Bill Auberlen,bill auberlen,52,2.0,20,85.793,29.6,29.369,26.824,,GF,15,71.3,84.56,64.0,False,162
imsa,2023,Indianapolis,Indianapolis Motor Speedway,race,528,97,GTD,Bill Auberlen,bill auberlen,53,2.0,21,86.019,29.214,29.871,26.934,,GF,16,71.3,84.56,64.0,False,162
imsa,2023,Indianapolis,Indianapolis Motor Speedway,race,528,97,GTD,Bill Auberlen,bill auberlen,54,2.0,22,87.187,29.527,30.388,27.272,,GF,17,71.4,84.38,63.0,False,162
imsa,2023,Indianapolis,Indianapolis Motor Speedway,race,528,97,GTD,Bill Auberlen,bill auberlen,55,2.0,23,86.228,29.473,29.463,27.292,,GF,18,71.4,84.38,63.0,False,162
imsa,2023,Indianapolis,Indianapolis Motor Speedway,race,528,97,GTD,Bill Auberlen,bill auberlen,56,2.0,24,86.141,29.796,29.457,26.888,,GF,19,71.5,84.38,63.0,False,162
imsa,2023,Indianapolis,Indianapolis Motor Speedway,race,528,97,GTD,Bill Auberlen,bill auberlen,57,2.0,25,85.994,29.468,29.573,26.953,,GF,20,71.6,84.56,63.0,False,162
imsa,2023,Indianapolis,Indianapolis Motor Speedway,race,528,97,GTD,Bill Auberlen,bill auberlen,58,2.0,26,85.992,29.514,29.517,26.961,,GF,21,71.6,84.56,63.0,False,162
imsa,2023,Indianapolis,Indianapolis Motor Speedway,race,528,97,GTD,Bill Auberlen,bill auberlen,59,2.0,27,85.729,29.403,29.485,26.841,,GF,22,71.7,84.74,63.0,False,162
imsa,2023,Indianapolis,Indianapolis Motor Speedway,race,528,97,GTD,Bill Auberlen,bill auberlen,60,2.0,28,85.58,29.344,29.334,26.902,,GF,23,71.8,84.74,63.0,False,162
imsa,2023,Indianapolis,Indianapolis Motor Speedway,race,528,97,GTD,Bill Auberlen,bill auberlen,61,2.0,29,85.478,29.35,29.288,26.84,,GF,24,71.8,84.56,63.0,False,162
imsa,2023,Indianapolis,Indianapolis Motor Speedway,race,528,97,GTD,Bill Auberlen,bill auberlen,62,2.0,30,144.59,29.529,31.427,83.634,,GF,25,71.6,84.56,63.0,False,162
imsa,2023,Indianapolis,Indianapolis Motor Speedway,race,528,97,GTD,Bill Auberlen,bill auberlen,63,2.0,31,110.537,52.372,30.742,27.423,87.661,GF,0,71.5,84.56,63.0,False,162
imsa,2023,Indianapolis,Indianapolis Motor Speedway,race,528,97,GTD,Bill Auberlen,bill auberlen,64,2.0,32,86.883,30.113,29.441,27.329,,GF,0,71.5,84.56,64.0,False,162
imsa,2023,Indianapolis,Indianapolis Motor Speedway,race,528,97,GTD,Bill Auberlen,bill auberlen,65,2.0,33,86.129,29.534,29.318,27.277,,GF,1,71.5,84.56,63.0,False,162
imsa,2023,Indianapolis,Indianapolis Motor Speedway,race,528,97,GTD,Bill Auberlen,bill auberlen,66,2.0,34,85.015,29.206,29.156,26.653,,GF,2,71.4,84.56,63.0,False,162
imsa,2023,Indianapolis,Indianapolis Motor Speedway,race,528,97,GTD,Bill Auberlen,bill auberlen,67,2.0,35,85.029,29.124,29.145,26.76,,GF,3,71.3,84.74,63.0,False,162
imsa,2023,Indianapolis,Indianapolis Motor Speedway,race,528,97,GTD,Bill Auberlen,bill auberlen,68,2.0,36,86.432,30.035,29.132,27.265,,GF,4,71.3,84.56,64.0,False,162
imsa,2023,Indianapolis,Indianapolis Motor Speedway,race,528,97,GTD,Bill Auberlen,bill auberlen,69,2.0,37,85.761,29.603,29.371,26.787,,GF,5,71.3,84.56,63.0,False,162
imsa,2023,Indianapolis,Indianapolis Motor Speedway,race,528,97,GTD,Bill Auberlen,bill auberlen,70,2.0,38,85.749,29.73,29.255,26.764,,GF,6,71.4,84.2,63.0,False,162
imsa,2023,Indianapolis,Indianapolis Motor Speedway,race,528,97,GTD,Bill Auberlen,bill auberlen,71,2.0,39,85.282,29.307,29.332,26.643,,GF,7,71.4,83.84,63.0,False,162
imsa,2023,Indianapolis,Indianapolis Motor Speedway,race,528,97,GTD,Bill Auberlen,bill auberlen,72,2.0,40,85.743,29.685,29.301,26.757,,GF,8,71.5,83.48,63.0,False,162
imsa,2023,Indianapolis,Indianapolis Motor Speedway,race,528,97,GTD,Bill Auberlen,bill auberlen,73,2.0,41,85.208,29.411,29.109,26.688,,GF,9,71.6,83.12,63.0,False,162
imsa,2023,Indianapolis,Indianapolis Motor Speedway,race,528,97,GTD,Bill Auberlen,bill auberlen,74,2.0,42,85.524,29.382,29.273,26.869,,GF,10,71.6,82.94,62.0,False,162
imsa,2023,Indianapolis,Indianapolis Motor Speedway,race,528,97,GTD,Bill Auberlen,bill auberlen,75,2.0,43,85.348,29.248,29.317,26.783,,GF,11,71.5,82.76,62.0,False,162
imsa,2023,Indianapolis,Indianapolis Motor Speedway,race,528,97,GTD,Bill Auberlen,bill auberlen,76,2.0,44,85.558,29.384,29.273,26.901,,GF,12,71.5,82.58,63.0,False,162
imsa,2023,Indianapolis,Indianapolis Motor Speedway,race,528,97,GTD,Bill Auberlen,bill auberlen,77,2.0,45,85.381,29.264,29.148,26.969,,GF,13,71.3,82.58,63.0,False,162
imsa,2023,Indianapolis,Indianapolis Motor Speedway,race,528,97,GTD,Bill Auberlen,bill auberlen,78,2.0,46,85.441,29.372,29.146,26.923,,GF,14,71.3,82.4,63.0,False,162
imsa,2023,Indianapolis,Indianapolis Motor Speedway,race,528,97,GTD,Bill Auberlen,bill auberlen,79,2.0,47,85.848,29.7,29.267,26.881,,GF,15,71.2,82.4,63.0,False,162
imsa,2023,Indianapolis,Indianapolis Motor Speedway,race,528,97,GTD,Bill Auberlen,bill auberlen,80,2.0,48,86.16,29.592,29.437,27.131,,GF,16,71.2,82.04,63.0,False,162
imsa,2023,Indianapolis,Indianapolis Motor Speedway,race,528,97,GTD,Bill Auberlen,bill auberlen,81,2.0,49,85.728,29.397,29.51,26.821,,GF,17,71.1,81.86,63.0,False,162
imsa,2023,Indianapolis,Indianapolis Motor Speedway,race,528,97,GTD,Bill Auberlen,bill auberlen,82,2.0,50,85.769,29.44,29.314,27.015,,GF,18,70.9,81.5,63.0,False,162
imsa,2023,Indianapolis,Indianapolis Motor Speedway,race,528,97,GTD,Bill Auberlen,bill auberlen,83,2.0,51,85.673,29.472,29.366,26.835,,GF,19,70.9,81.5,63.0,False,162
imsa,2023,Indianapolis,Indianapolis Motor Speedway,race,528,97,GTD,Bill Auberlen,bill auberlen,84,2.0,52,86.175,29.325,29.651,27.199,,GF,20,70.8,81.5,63.0,False,162
imsa,2023,Indianapolis,Indianapolis Motor Speedway,race,528,97,GTD,Bill Auberlen,bill auberlen,85,2.0,53,85.553,29.372,29.287,26.894,,GF,21,70.8,81.32,63.0,False,162
imsa,2023,Indianapolis,Indianapolis Motor Speedway,race,528,97,GTD,Bill Auberlen,bill auberlen,86,2.0,54,85.602,29.405,29.305,26.892,,GF,22,70.8,81.32,63.0,False,162
imsa,2023,Indianapolis,Indianapolis Motor Speedway,race,528,97,GTD,Bill Auberlen,bill auberlen,87,2.0,55,85.776,29.491,29.251,27.034,,GF,23,70.9,81.32,63.0,False,162
imsa,2023,Indianapolis,Indianapolis Motor Speedway,race,528,97,GTD,Bill Auberlen,bill auberlen,88,2.0,56,86.193,29.567,29.684,26.942,,GF,24,71.0,81.5,63.0,False,162
imsa,2023,Indianapolis,Indianapolis Motor Speedway,race,528,97,GTD,Bill Auberlen,bill auberlen,89,2.0,57,85.983,29.534,29.364,27.085,,GF,25,71.1,81.5,63.0,False,162
imsa,2023,Indianapolis,Indianapolis Motor Speedway,race,528,97,GTD,Bill Auberlen,bill auberlen,90,2.0,58,85.645,29.445,29.341,26.859,,GF,26,71.3,81.68,62.0,False,162
imsa,2023,Indianapolis,Indianapolis Motor Speedway,race,528,97,GTD,Bill Auberlen,bill auberlen,91,2.0,59,85.732,29.524,29.384,26.824,,GF,27,71.2,81.68,62.0,False,162
imsa,2023,Indianapolis,Indianapolis Motor Speedway,race,528,97,GTD,Bill Auberlen,bill auberlen,92,2.0,60,85.687,29.469,29.401,26.817,,GF,28,71.2,81.68,62.0,False,162
imsa,2023,Indianapolis,Indianapolis Motor Speedway,race,528,97,GTD,Bill Auberlen,bill auberlen,93,2.0,61,86.574,29.424,30.206,26.944,,GF,29,71.3,81.68,62.0,False,162
imsa,2023,Indianapolis,Indianapolis Motor Speedway,race,528,97,GTD,Bill Auberlen,bill auberlen,94,2.0,62,86.931,29.468,29.933,27.53,,GF,30,71.3,81.86,62.0,False,162
imsa,2023,Indianapolis,Indianapolis Motor Speedway,race,528,97,GTD,Bill Auberlen,bill auberlen,95,2.0,63,85.854,29.501,29.336,27.017,,GF,31,71.3,82.04,63.0,False,162
imsa,2023,Indianapolis,Indianapolis Motor Speedway,race,528,97,GTD,Bill Auberlen,bill auberlen,96,2.0,64,85.808,29.573,29.355,26.88,,GF,32,71.3,82.04,62.0,False,162
imsa,2023,Indianapolis,Indianapolis Motor Speedway,race,528,97,GTD,Bill Auberlen,bill auberlen,97,2.0,65,86.636,29.54,29.964,27.132,,GF,33,71.5,82.04,62.0,False,162
imsa,2023,Indianapolis,Indianapolis Motor Speedway,race,528,97,GTD,Bill Auberlen,bill auberlen,98,2.0,66,86.808,29.606,30.268,26.934,,GF,34,71.5,82.22,62.0,False,162
imsa,2023,Indianapolis,Indianapolis Motor Speedway,race,528,97,GTD,Bill Auberlen,bill auberlen,99,2.0,67,85.706,29.351,29.338,27.017,,GF,35,71.6,82.58,62.0,False,162
imsa,2023,Indianapolis,Indianapolis Motor Speedway,race,528,97,GTD,Bill Auberlen,bill auberlen,100,2.0,68,86.874,30.362,29.566,26.946,,GF,36,71.7,82.76,62.0,False,162
imsa,2023,Indianapolis,Indianapolis Motor Speedway,race,528,97,GTD,Bill Auberlen,bill auberlen,101,2.0,69,86.447,30.094,29.498,26.855,,GF,37,71.8,82.76,62.0,False,162
imsa,2023,Indianapolis,Indianapolis Motor Speedway,race,528,97,GTD,Bill Auberlen,bill auberlen,102,2.0,70,85.782,29.65,29.271,26.861,,GF,38,71.9,82.94,62.0,False,162
imsa,2023,Indianapolis,Indianapolis Motor Speedway,race,528,97,GTD,Bill Auberlen,bill auberlen,103,2.0,71,86.094,29.691,29.436,26.967,,GF,39,72.0,82.94,61.0,False,162
imsa,2023,Indianapolis,Indianapolis Motor Speedway,race,528,97,GTD,Bill Auberlen,bill auberlen,104,2.0,72,86.625,30.089,29.616,26.92,,FF,40,72.0,82.94,61.0,False,162
