series_code,year,event,circuit_name,session,session_id,car,class,driver_name,driver_id,lap,stint_number,stint_lap,lap_time,lap_time_s1,lap_time_s2,lap_time_s3,pit_time,flags,est_tire_age,air_temp_f,track_temp_f,humidity_percent,raining,race_duration_minutes
imsa,2021,Watkins Glen 6 Hours,,race,382,1,GTD,Corey Lewis,corey lewis,1,1.0,0,140.997,55.037,42.91,43.05,,GF,0,,,,,361
imsa,2021,Watkins Glen 6 Hours,,race,382,1,GTD,Corey Lewis,corey lewis,2,1.0,1,109.692,25.365,41.566,42.761,,GF,0,,,,,361
imsa,2021,Watkins Glen 6 Hours,,race,382,1,GTD,Corey Lewis,corey lewis,3,1.0,2,108.496,25.263,40.885,42.348,,GF,1,,,,,361
imsa,2021,Watkins Glen 6 Hours,,race,382,1,GTD,Corey Lewis,corey lewis,4,1.0,3,124.216,25.138,41.575,57.503,,FCY,2,,,,,361
imsa,2021,Watkins Glen 6 Hours,,race,382,1,GTD,Corey Lewis,corey lewis,5,1.0,4,146.456,34.256,54.288,57.912,,FCY,2,,,,,361
imsa,2021,Watkins Glen 6 Hours,,race,382,1,GTD,Corey Lewis,corey lewis,6,1.0,5,138.768,35.876,51.902,50.99,,FCY,2,,,,,361
imsa,2021,Watkins Glen 6 Hours,,race,382,1,GTD,Corey Lewis,corey lewis,7,1.0,6,230.324,60.375,82.889,87.06,,FCY,2,,,,,361
imsa,2021,Watkins Glen 6 Hours,,race,382,1,GTD,Corey Lewis,corey lewis,8,1.0,7,202.131,65.891,71.276,64.964,,FCY,2,,,,,361
imsa,2021,Watkins Glen 6 Hours,,race,382,1,GTD,Corey Lewis,corey lewis,9,1.0,8,156.479,39.859,66.566,50.054,,GF,2,,,,,361
imsa,2021,Watkins Glen 6 Hours,,race,382,1,GTD,Corey Lewis,corey lewis,10,1.0,9,122.388,25.309,41.129,55.95,,GF,3,,,,,361
imsa,2021,Watkins Glen 6 Hours,,race,382,1,GTD,Corey Lewis,corey lewis,11,1.0,10,135.98,52.968,40.852,42.16,46.349,GF,0,,,,,361
imsa,2021,Watkins Glen 6 Hours,,race,382,1,GTD,Corey Lewis,corey lewis,12,1.0,11,108.951,25.208,41.194,42.549,,GF,0,,,,,361
imsa,2021,Watkins Glen 6 Hours,,race,382,1,GTD,Corey Lewis,corey lewis,13,1.0,12,108.533,25.351,40.64,42.542,,GF,1,,,,,361
imsa,2021,Watkins Glen 6 Hours,,race,382,1,GTD,Corey Lewis,corey lewis,14,1.0,13,107.826,25.249,40.678,41.899,,GF,2,,,,,361
imsa,2021,Watkins Glen 6 Hours,,race,382,1,GTD,Corey Lewis,corey lewis,15,1.0,14,108.156,25.365,40.717,42.074,,GF,3,,,,,361
imsa,2021,Watkins Glen 6 Hours,,race,382,1,GTD,Corey Lewis,corey lewis,16,1.0,15,108.583,25.538,40.998,42.047,,GF,4,,,,,361
imsa,2021,Watkins Glen 6 Hours,,race,382,1,GTD,Corey Lewis,corey lewis,17,1.0,16,108.021,25.26,40.697,42.064,,GF,5,,,,,361
imsa,2021,Watkins Glen 6 Hours,,race,382,1,GTD,Corey Lewis,corey lewis,18,1.0,17,108.694,25.262,40.772,42.66,,GF,6,,,,,361
imsa,2021,Watkins Glen 6 Hours,,race,382,1,GTD,Corey Lewis,corey lewis,19,1.0,18,109.506,25.342,41.729,42.435,,GF,7,,,,,361
imsa,2021,Watkins Glen 6 Hours,,race,382,1,GTD,Corey Lewis,corey lewis,20,1.0,19,108.329,25.388,40.942,41.999,,GF,8,,,,,361
imsa,2021,Watkins Glen 6 Hours,,race,382,1,GTD,Corey Lewis,corey lewis,21,1.0,20,108.707,25.324,40.863,42.52,,GF,9,,,,,361
imsa,2021,Watkins Glen 6 Hours,,race,382,1,GTD,Corey Lewis,corey lewis,22,1.0,21,109.447,25.31,41.28,42.857,,GF,10,,,,,361
imsa,2021,Watkins Glen 6 Hours,,race,382,1,GTD,Corey Lewis,corey lewis,23,1.0,22,108.673,25.371,41.17,42.132,,GF,11,,,,,361
imsa,2021,Watkins Glen 6 Hours,,race,382,1,GTD,Corey Lewis,corey lewis,24,1.0,23,108.232,25.248,40.8,42.184,,GF,12,,,,,361
imsa,2021,Watkins Glen 6 Hours,,race,382,1,GTD,Corey Lewis,corey lewis,25,1.0,24,109.042,25.242,41.148,42.652,,GF,13,,,,,361
imsa,2021,Watkins Glen 6 Hours,,race,382,1,GTD,Corey Lewis,corey lewis,26,1.0,25,109.137,25.19,41.774,42.173,,GF,14,,,,,361
imsa,2021,Watkins Glen 6 Hours,,race,382,1,GTD,Corey Lewis,corey lewis,27,1.0,26,108.089,25.26,40.773,42.056,,GF,15,,,,,361
imsa,2021,Watkins Glen 6 Hours,,race,382,1,GTD,Corey Lewis,corey lewis,28,1.0,27,109.126,25.285,40.882,42.959,,GF,16,,,,,361
imsa,2021,Watkins Glen 6 Hours,,race,382,1,GTD,Corey Lewis,corey lewis,29,1.0,28,109.608,26.256,41.253,42.099,,GF,17,,,,,361
imsa,2021,Watkins Glen 6 Hours,,race,382,1,GTD,Corey Lewis,corey lewis,30,1.0,29,108.732,25.385,40.996,42.351,,GF,18,,,,,361
imsa,2021,Watkins Glen 6 Hours,,race,382,1,GTD,Corey Lewis,corey lewis,31,1.0,30,108.259,25.344,40.944,41.971,,GF,19,,,,,361
imsa,2021,Watkins Glen 6 Hours,,race,382,1,GTD,Corey Lewis,corey lewis,32,1.0,31,109.936,25.21,42.453,42.273,,GF,20,,,,,361
imsa,2021,Watkins Glen 6 Hours,,race,382,1,GTD,Corey Lewis,corey lewis,33,1.0,32,108.393,25.139,41.049,42.205,,GF,21,,,,,361
imsa,2021,Watkins Glen 6 Hours,,race,382,1,GTD,Corey Lewis,corey lewis,34,1.0,33,110.29,25.477,41.819,42.994,,GF,22,,,,,361
imsa,2021,Watkins Glen 6 Hours,,race,382,1,GTD,Corey Lewis,corey lewis,35,1.0,34,108.469,25.275,40.991,42.203,,GF,23,,,,,361
imsa,2021,Watkins Glen 6 Hours,,race,382,1,GTD,Corey Lewis,corey lewis,36,1.0,35,108.802,25.165,41.076,42.561,,GF,24,,,,,361
imsa,2021,Watkins Glen 6 Hours,,race,382,1,GTD,Corey Lewis,corey lewis,37,1.0,36,108.323,25.152,40.853,42.318,,GF,25,,,,,361
imsa,2021,Watkins Glen 6 Hours,,race,382,1,GTD,Corey Lewis,corey lewis,38,1.0,37,108.074,25.152,40.89,42.032,,GF,26,,,,,361
imsa,2021,Watkins Glen 6 Hours,,race,382,1,GTD,Corey Lewis,corey lewis,39,1.0,38,108.106,25.246,40.844,42.016,,GF,27,,,,,361
imsa,2021,Watkins Glen 6 Hours,,race,382,1,GTD,Corey Lewis,corey lewis,40,1.0,39,108.723,25.28,41.233,42.21,,GF,28,,,,,361
imsa,2021,Watkins Glen 6 Hours,,race,382,1,GTD,Corey Lewis,corey lewis,41,1.0,40,108.527,25.175,40.823,42.529,,GF,29,,,,,361
imsa,2021,Watkins Glen 6 Hours,,race,382,1,GTD,Corey Lewis,corey lewis,42,1.0,41,108.904,25.197,41.373,42.334,,GF,30,,,,,361
imsa,2021,Watkins Glen 6 Hours,,race,382,1,GTD,Corey Lewis,corey lewis,43,1.0,42,121.696,25.254,41.163,55.279,,GF,31,,,,,361
imsa,2021,Watkins Glen 6 Hours,,race,382,1,GTD,Corey Lewis,corey lewis,44,1.0,43,165.542,80.95,42.22,42.372,72.657,GF,0,,,,,361
imsa,2021,Watkins Glen 6 Hours,,race,382,1,GTD,Corey Lewis,corey lewis,45,1.0,44,108.061,25.341,40.815,41.905,,GF,0,,,,,361
imsa,2021,Watkins Glen 6 Hours,,race,382,1,GTD,Corey Lewis,corey lewis,46,1.0,45,107.692,25.263,40.498,41.931,,GF,1,,,,,361
imsa,2021,Watkins Glen 6 Hours,,race,382,1,GTD,Corey Lewis,corey lewis,47,1.0,46,108.158,25.202,40.911,42.045,,GF,2,,,,,361
imsa,2021,Watkins Glen 6 Hours,,race,382,1,GTD,Corey Lewis,corey lewis,48,1.0,47,107.652,25.199,40.629,41.824,,GF,3,,,,,361
imsa,2021,Watkins Glen 6 Hours,,race,382,1,GTD,Corey Lewis,corey lewis,49,1.0,48,108.697,25.414,40.929,42.354,,GF,4,,,,,361
imsa,2021,Watkins Glen 6 Hours,,race,382,1,GTD,Corey Lewis,corey lewis,50,1.0,49,107.794,25.139,40.54,42.115,,GF,5,,,,,361
imsa,2021,Watkins Glen 6 Hours,,race,382,1,GTD,Corey Lewis,corey lewis,51,1.0,50,107.802,25.19,40.774,41.838,,GF,6,,,,,361
imsa,2021,Watkins Glen 6 Hours,,race,382,1,GTD,Corey Lewis,corey lewis,52,1.0,51,108.077,25.264,40.678,42.135,,GF,7,,,,,361
imsa,2021,Watkins Glen 6 Hours,,race,382,1,GTD,Corey Lewis,corey lewis,53,1.0,52,107.222,25.105,40.488,41.629,,GF,8,,,,,361
imsa,2021,Watkins Glen 6 Hours,,race,382,1,GTD,Corey Lewis,corey lewis,54,1.0,53,108.378,25.519,40.891,41.968,,GF,9,,,,,361
imsa,2021,Watkins Glen 6 Hours,,race,382,1,GTD,Corey Lewis,corey lewis,55,1.0,54,107.966,25.105,40.956,41.905,,GF,10,,,,,361
imsa,2021,Watkins Glen 6 Hours,,race,382,1,GTD,Corey Lewis,corey lewis,56,1.0,55,107.857,25.172,40.862,41.823,,GF,11,,,,,361
imsa,2021,Watkins Glen 6 Hours,,race,382,1,GTD,Corey Lewis,corey lewis,57,1.0,56,107.634,25.07,40.763,41.801,,GF,12,,,,,361
imsa,2021,Watkins Glen 6 Hours,,race,382,1,GTD,Corey Lewis,corey lewis,58,1.0,57,120.929,25.311,44.388,51.23,,FCY,13,,,,,361
imsa,2021,Watkins Glen 6 Hours,,race,382,1,GTD,Corey Lewis,corey lewis,59,1.0,58,176.68,27.741,65.166,83.773,,FCY,13,,,,,361
imsa,2021,Watkins Glen 6 Hours,,race,382,1,GTD,Corey Lewis,corey lewis,60,1.0,59,227.397,61.556,88.49,77.351,,FCY,13,,,,,361
imsa,2021,Watkins Glen 6 Hours,,race,382,1,GTD,Corey Lewis,corey lewis,61,1.0,60,208.341,52.379,76.065,79.897,,FCY,13,,,,,361
imsa,2021,Watkins Glen 6 Hours,,race,382,1,GTD,Madison Snow,madison snow,62,2.0,0,213.641,72.963,63.184,77.494,59.876,FCY,0,,,,,361
imsa,2021,Watkins Glen 6 Hours,,race,382,1,GTD,Madison Snow,madison snow,63,2.0,1,186.676,56.183,73.383,57.11,,GF,0,,,,,361
imsa,2021,Watkins Glen 6 Hours,,race,382,1,GTD,Madison Snow,madison snow,64,2.0,2,110.305,25.559,41.962,42.784,,GF,1,,,,,361
imsa,2021,Watkins Glen 6 Hours,,race,382,1,GTD,Madison Snow,madison snow,65,2.0,3,108.402,25.119,40.983,42.3,,GF,2,,,,,361
imsa,2021,Watkins Glen 6 Hours,,race,382,1,GTD,Madison Snow,madison snow,66,2.0,4,108.492,25.253,41.066,42.173,,GF,3,,,,,361
imsa,2021,Watkins Glen 6 Hours,,race,382,1,GTD,Madison Snow,madison snow,67,2.0,5,107.831,25.139,40.744,41.948,,GF,4,,,,,361
imsa,2021,Watkins Glen 6 Hours,,race,382,1,GTD,Madison Snow,madison snow,68,2.0,6,108.181,25.347,40.859,41.975,,GF,5,,,,,361
imsa,2021,Watkins Glen 6 Hours,,race,382,1,GTD,Madison Snow,madison snow,69,2.0,7,109.112,25.293,41.222,42.597,,GF,6,,,,,361
imsa,2021,Watkins Glen 6 Hours,,race,382,1,GTD,Madison Snow,madison snow,70,2.0,8,108.334,25.351,40.95,42.033,,GF,7,,,,,361
imsa,2021,Watkins Glen 6 Hours,,race,382,1,GTD,Madison Snow,madison snow,71,2.0,9,107.934,25.327,40.754,41.853,,GF,8,,,,,361
imsa,2021,Watkins Glen 6 Hours,,race,382,1,GTD,Madison Snow,madison snow,72,2.0,10,108.617,25.384,41.207,42.026,,GF,9,,,,,361
imsa,2021,Watkins Glen 6 Hours,,race,382,1,GTD,Madison Snow,madison snow,73,2.0,11,108.483,25.332,40.919,42.232,,GF,10,,,,,361
imsa,2021,Watkins Glen 6 Hours,,race,382,1,GTD,Madison Snow,madison snow,74,2.0,12,108.376,25.284,40.899,42.193,,GF,11,,,,,361
imsa,2021,Watkins Glen 6 Hours,,race,382,1,GTD,Madison Snow,madison snow,75,2.0,13,130.011,25.482,47.167,57.362,,FCY,12,,,,,361
imsa,2021,Watkins Glen 6 Hours,,race,382,1,GTD,Madison Snow,madison snow,76,2.0,14,116.07,27.638,45.086,43.346,,FCY,12,,,,,361
imsa,2021,Watkins Glen 6 Hours,,race,382,1,GTD,Madison Snow,madison snow,77,2.0,15,125.008,25.889,42.655,56.464,,FCY,12,,,,,361
imsa,2021,Watkins Glen 6 Hours,,race,382,1,GTD,Madison Snow,madison snow,78,2.0,16,185.246,51.81,69.923,63.513,,FCY,12,,,,,361
imsa,2021,Watkins Glen 6 Hours,,race,382,1,GTD,Madison Snow,madison snow,79,2.0,17,168.925,45.284,69.556,54.085,,FCY,12,,,,,361
imsa,2021,Watkins Glen 6 Hours,,race,382,1,GTD,Madison Snow,madison snow,80,2.0,18,177.287,39.364,67.964,69.959,,FCY,12,,,,,361
imsa,2021,Watkins Glen 6 Hours,,race,382,1,GTD,Madison Snow,madison snow,81,2.0,19,189.241,69.216,53.794,66.231,56.359,FCY,0,,,,,361
imsa,2021,Watkins Glen 6 Hours,,race,382,1,GTD,Madison Snow,madison snow,82,2.0,20,191.544,45.473,68.405,77.666,,FCY,0,,,,,361
imsa,2021,Watkins Glen 6 Hours,,race,382,1,GTD,Madison Snow,madison snow,83,2.0,21,153.818,42.604,62.528,48.686,,GF,0,,,,,361
imsa,2021,Watkins Glen 6 Hours,,race,382,1,GTD,Madison Snow,madison snow,84,2.0,22,109.245,25.313,41.529,42.403,,GF,1,,,,,361
imsa,2021,Watkins Glen 6 Hours,,race,382,1,GTD,Madison Snow,madison snow,85,2.0,23,109.241,25.806,41.235,42.2,,GF,2,,,,,361
imsa,2021,Watkins Glen 6 Hours,,race,382,1,GTD,Madison Snow,madison snow,86,2.0,24,108.291,25.282,40.873,42.136,,GF,3,,,,,361
imsa,2021,Watkins Glen 6 Hours,,race,382,1,GTD,Madison Snow,madison snow,87,2.0,25,108.109,25.333,40.736,42.04,,GF,4,,,,,361
imsa,2021,Watkins Glen 6 Hours,,race,382,1,GTD,Madison Snow,madison snow,88,2.0,26,108.397,25.298,40.946,42.153,,GF,5,,,,,361
imsa,2021,Watkins Glen 6 Hours,,race,382,1,GTD,Madison Snow,madison snow,89,2.0,27,108.809,25.217,41.34,42.252,,GF,6,,,,,361
imsa,2021,Watkins Glen 6 Hours,,race,382,1,GTD,Madison Snow,madison snow,90,2.0,28,109.0,25.295,40.965,42.74,,GF,7,,,,,361
imsa,2021,Watkins Glen 6 Hours,,race,382,1,GTD,Madison Snow,madison snow,91,2.0,29,108.301,25.311,40.89,42.1,,GF,8,,,,,361
imsa,2021,Watkins Glen 6 Hours,,race,382,1,GTD,Madison Snow,madison snow,92,2.0,30,108.521,25.413,40.862,42.246,,GF,9,,,,,361
imsa,2021,Watkins Glen 6 Hours,,race,382,1,GTD,Madison Snow,madison snow,93,2.0,31,108.426,25.257,40.86,42.309,,GF,10,,,,,361
imsa,2021,Watkins Glen 6 Hours,,race,382,1,GTD,Madison Snow,madison snow,94,2.0,32,108.226,25.211,40.918,42.097,,GF,11,,,,,361
imsa,2021,Watkins Glen 6 Hours,,race,382,1,GTD,Madison Snow,madison snow,95,2.0,33,109.464,25.209,41.465,42.79,,GF,12,,,,,361
imsa,2021,Watkins Glen 6 Hours,,race,382,1,GTD,Madison Snow,madison snow,96,2.0,34,108.727,25.271,41.203,42.253,,GF,13,,,,,361
imsa,2021,Watkins Glen 6 Hours,,race,382,1,GTD,Madison Snow,madison snow,97,2.0,35,108.646,25.234,40.932,42.48,,GF,14,,,,,361
imsa,2021,Watkins Glen 6 Hours,,race,382,1,GTD,Madison Snow,madison snow,98,2.0,36,108.537,25.221,41.132,42.184,,GF,15,,,,,361
imsa,2021,Watkins Glen 6 Hours,,race,382,1,GTD,Madison Snow,madison snow,99,2.0,37,108.821,25.304,41.267,42.25,,GF,16,,,,,361
imsa,2021,Watkins Glen 6 Hours,,race,382,1,GTD,Madison Snow,madison snow,100,2.0,38,108.764,25.323,40.98,42.461,,GF,17,,,,,361
imsa,2021,Watkins Glen 6 Hours,,race,382,1,GTD,Madison Snow,madison snow,101,2.0,39,108.416,25.172,40.882,42.362,,GF,18,,,,,361
imsa,2021,Watkins Glen 6 Hours,,race,382,1,GTD,Madison Snow,madison snow,102,2.0,40,108.351,25.111,41.059,42.181,,GF,19,,,,,361
imsa,2021,Watkins Glen 6 Hours,,race,382,1,GTD,Madison Snow,madison snow,103,2.0,41,108.514,25.153,41.123,42.238,,GF,20,,,,,361
imsa,2021,Watkins Glen 6 Hours,,race,382,1,GTD,Madison Snow,madison snow,104,2.0,42,109.184,25.218,41.727,42.239,,GF,21,,,,,361
imsa,2021,Watkins Glen 6 Hours,,race,382,1,GTD,Madison Snow,madison snow,105,2.0,43,109.063,25.13,41.569,42.364,,GF,22,,,,,361
imsa,2021,Watkins Glen 6 Hours,,race,382,1,GTD,Madison Snow,madison snow,106,2.0,44,108.682,25.442,41.046,42.194,,GF,23,,,,,361
imsa,2021,Watkins Glen 6 Hours,,race,382,1,GTD,Madison Snow,madison snow,107,2.0,45,108.291,25.296,40.821,42.174,,GF,24,,,,,361
imsa,2021,Watkins Glen 6 Hours,,race,382,1,GTD,Madison Snow,madison snow,108,2.0,46,108.398,25.137,40.831,42.43,,GF,25,,,,,361
imsa,2021,Watkins Glen 6 Hours,,race,382,1,GTD,Madison Snow,madison snow,109,2.0,47,108.243,25.083,40.938,42.222,,GF,26,,,,,361
imsa,2021,Watkins Glen 6 Hours,,race,382,1,GTD,Madison Snow,madison snow,110,2.0,48,108.289,25.103,41.019,42.167,,GF,27,,,,,361
imsa,2021,Watkins Glen 6 Hours,,race,382,1,GTD,Madison Snow,madison snow,111,2.0,49,122.346,25.054,41.005,56.287,,GF,28,,,,,361
imsa,2021,Watkins Glen 6 Hours,,race,382,1,GTD,Bryan Sellers,bryan sellers,112,3.0,0,162.513,77.761,42.386,42.366,70.193,GF,0,,,,,361
imsa,2021,Watkins Glen 6 Hours,,race,382,1,GTD,Bryan Sellers,bryan sellers,113,3.0,1,109.517,25.524,41.27,42.723,,GF,0,,,,,361
imsa,2021,Watkins Glen 6 Hours,,race,382,1,GTD,Bryan Sellers,bryan sellers,114,3.0,2,108.869,25.353,41.285,42.231,,GF,1,,,,,361
imsa,2021,Watkins Glen 6 Hours,,race,382,1,GTD,Bryan Sellers,bryan sellers,115,3.0,3,108.058,25.289,40.866,41.903,,GF,2,,,,,361
imsa,2021,Watkins Glen 6 Hours,,race,382,1,GTD,Bryan Sellers,bryan sellers,116,3.0,4,108.617,25.256,41.1,42.261,,GF,3,,,,,361
imsa,2021,Watkins Glen 6 Hours,,race,382,1,GTD,Bryan Sellers,bryan sellers,117,3.0,5,108.287,25.256,41.016,42.015,,GF,4,,,,,361
imsa,2021,Watkins Glen 6 Hours,,race,382,1,GTD,Bryan Sellers,bryan sellers,118,3.0,6,108.101,25.311,40.815,41.975,,GF,5,,,,,361
imsa,2021,Watkins Glen 6 Hours,,race,382,1,GTD,Bryan Sellers,bryan sellers,119,3.0,7,108.037,25.129,40.694,42.214,,GF,6,,,,,361
imsa,2021,Watkins Glen 6 Hours,,race,382,1,GTD,Bryan Sellers,bryan sellers,120,3.0,8,108.727,25.333,40.949,42.445,,GF,7,,,,,361
imsa,2021,Watkins Glen 6 Hours,,race,382,1,GTD,Bryan Sellers,bryan sellers,121,3.0,9,109.626,25.16,41.637,42.829,,GF,8,,,,,361
imsa,2021,Watkins Glen 6 Hours,,race,382,1,GTD,Bryan Sellers,bryan sellers,122,3.0,10,108.779,25.31,41.446,42.023,,GF,9,,,,,361
imsa,2021,Watkins Glen 6 Hours,,race,382,1,GTD,Bryan Sellers,bryan sellers,123,3.0,11,108.437,25.212,41.102,42.123,,GF,10,,,,,361
imsa,2021,Watkins Glen 6 Hours,,race,382,1,GTD,Bryan Sellers,bryan sellers,124,3.0,12,108.385,25.178,41.062,42.145,,GF,11,,,,,361
imsa,2021,Watkins Glen 6 Hours,,race,382,1,GTD,Bryan Sellers,bryan sellers,125,3.0,13,108.278,25.203,41.035,42.04,,GF,12,,,,,361
imsa,2021,Watkins Glen 6 Hours,,race,382,1,GTD,Bryan Sellers,bryan sellers,126,3.0,14,108.516,25.281,41.026,42.209,,GF,13,,,,,361
imsa,2021,Watkins Glen 6 Hours,,race,382,1,GTD,Bryan Sellers,bryan sellers,127,3.0,15,121.683,25.154,40.912,55.617,,GF,14,,,,,361
imsa,2021,Watkins Glen 6 Hours,,race,382,1,GTD,Bryan Sellers,bryan sellers,128,3.0,16,146.982,61.388,42.931,42.663,54.004,GF,0,,,,,361
imsa,2021,Watkins Glen 6 Hours,,race,382,1,GTD,Bryan Sellers,bryan sellers,129,3.0,17,108.505,25.402,41.131,41.972,,GF,0,,,,,361
imsa,2021,Watkins Glen 6 Hours,,race,382,1,GTD,Bryan Sellers,bryan sellers,130,3.0,18,107.655,25.077,40.699,41.879,,GF,1,,,,,361
imsa,2021,Watkins Glen 6 Hours,,race,382,1,GTD,Bryan Sellers,bryan sellers,131,3.0,19,108.423,25.288,40.862,42.273,,GF,2,,,,,361
imsa,2021,Watkins Glen 6 Hours,,race,382,1,GTD,Bryan Sellers,bryan sellers,132,3.0,20,108.778,25.097,41.654,42.027,,GF,3,,,,,361
imsa,2021,Watkins Glen 6 Hours,,race,382,1,GTD,Bryan Sellers,bryan sellers,133,3.0,21,107.973,25.265,40.783,41.925,,GF,4,,,,,361
imsa,2021,Watkins Glen 6 Hours,,race,382,1,GTD,Bryan Sellers,bryan sellers,134,3.0,22,107.934,25.22,40.686,42.028,,GF,5,,,,,361
imsa,2021,Watkins Glen 6 Hours,,race,382,1,GTD,Bryan Sellers,bryan sellers,135,3.0,23,107.914,25.061,40.747,42.106,,GF,6,,,,,361
imsa,2021,Watkins Glen 6 Hours,,race,382,1,GTD,Bryan Sellers,bryan sellers,136,3.0,24,108.577,25.253,41.336,41.988,,GF,7,,,,,361
imsa,2021,Watkins Glen 6 Hours,,race,382,1,GTD,Bryan Sellers,bryan sellers,137,3.0,25,108.003,25.156,40.753,42.094,,GF,8,,,,,361
imsa,2021,Watkins Glen 6 Hours,,race,382,1,GTD,Bryan Sellers,bryan sellers,138,3.0,26,107.599,25.001,40.728,41.87,,GF,9,,,,,361
imsa,2021,Watkins Glen 6 Hours,,race,382,1,GTD,Bryan Sellers,bryan sellers,139,3.0,27,108.194,25.082,40.896,42.216,,GF,10,,,,,361
imsa,2021,Watkins Glen 6 Hours,,race,382,1,GTD,Bryan Sellers,bryan sellers,140,3.0,28,108.679,25.458,41.071,42.15,,GF,11,,,,,361
imsa,2021,Watkins Glen 6 Hours,,race,382,1,GTD,Bryan Sellers,bryan sellers,141,3.0,29,108.161,25.26,40.894,42.007,,GF,12,,,,,361
imsa,2021,Watkins Glen 6 Hours,,race,382,1,GTD,Bryan Sellers,bryan sellers,142,3.0,30,108.457,25.281,40.992,42.184,,GF,13,,,,,361
imsa,2021,Watkins Glen 6 Hours,,race,382,1,GTD,Bryan Sellers,bryan sellers,143,3.0,31,109.854,25.275,42.091,42.488,,GF,14,,,,,361
imsa,2021,Watkins Glen 6 Hours,,race,382,1,GTD,Bryan Sellers,bryan sellers,144,3.0,32,108.236,25.231,40.954,42.051,,GF,15,,,,,361
imsa,2021,Watkins Glen 6 Hours,,race,382,1,GTD,Bryan Sellers,bryan sellers,145,3.0,33,109.155,25.107,41.905,42.143,,GF,16,,,,,361
imsa,2021,Watkins Glen 6 Hours,,race,382,1,GTD,Bryan Sellers,bryan sellers,146,3.0,34,108.605,25.169,41.368,42.068,,GF,17,,,,,361
imsa,2021,Watkins Glen 6 Hours,,race,382,1,GTD,Bryan Sellers,bryan sellers,147,3.0,35,109.214,25.249,41.715,42.25,,GF,18,,,,,361
imsa,2021,Watkins Glen 6 Hours,,race,382,1,GTD,Bryan Sellers,bryan sellers,148,3.0,36,108.211,25.205,41.017,41.989,,GF,19,,,,,361
imsa,2021,Watkins Glen 6 Hours,,race,382,1,GTD,Bryan Sellers,bryan sellers,149,3.0,37,107.869,25.02,40.801,42.048,,GF,20,,,,,361
imsa,2021,Watkins Glen 6 Hours,,race,382,1,GTD,Bryan Sellers,bryan sellers,150,3.0,38,109.95,25.357,41.156,43.437,,FCY,21,,,,,361
imsa,2021,Watkins Glen 6 Hours,,race,382,1,GTD,Bryan Sellers,bryan sellers,151,3.0,39,174.899,37.651,59.304,77.944,,FCY,21,,,,,361
imsa,2021,Watkins Glen 6 Hours,,race,382,1,GTD,Bryan Sellers,bryan sellers,152,3.0,40,213.179,56.85,81.557,74.772,,FCY,21,,,,,361
imsa,2021,Watkins Glen 6 Hours,,race,382,1,GTD,Bryan Sellers,bryan sellers,153,3.0,41,190.37,53.291,71.747,65.332,,FCY,21,,,,,361
imsa,2021,Watkins Glen 6 Hours,,race,382,1,GTD,Bryan Sellers,bryan sellers,154,3.0,42,202.234,49.314,74.248,78.672,,FCY,21,,,,,361
imsa,2021,Watkins Glen 6 Hours,,race,382,1,GTD,Bryan Sellers,bryan sellers,155,3.0,43,205.617,74.314,71.575,59.728,55.442,FCY,0,,,,,361
imsa,2021,Watkins Glen 6 Hours,,race,382,1,GTD,Bryan Sellers,bryan sellers,156,3.0,44,199.416,50.956,78.754,69.706,,FCY,0,,,,,361
imsa,2021,Watkins Glen 6 Hours,,race,382,1,GTD,Bryan Sellers,bryan sellers,157,3.0,45,182.627,46.953,70.327,65.347,,FCY,0,,,,,361
imsa,2021,Watkins Glen 6 Hours,,race,382,1,GTD,Bryan Sellers,bryan sellers,158,3.0,46,162.405,45.556,61.072,55.777,,GF,0,,,,,361
imsa,2021,Watkins Glen 6 Hours,,race,382,1,GTD,Bryan Sellers,bryan sellers,159,3.0,47,111.272,25.357,42.14,43.775,,GF,1,,,,,361
imsa,2021,Watkins Glen 6 Hours,,race,382,1,GTD,Bryan Sellers,bryan sellers,160,3.0,48,108.586,25.762,40.61,42.214,,GF,2,,,,,361
imsa,2021,Watkins Glen 6 Hours,,race,382,1,GTD,Bryan Sellers,bryan sellers,161,3.0,49,107.945,25.138,40.603,42.204,,GF,3,,,,,361
imsa,2021,Watkins Glen 6 Hours,,race,382,1,GTD,Bryan Sellers,bryan sellers,162,3.0,50,107.784,25.076,40.507,42.201,,GF,4,,,,,361
imsa,2021,Watkins Glen 6 Hours,,race,382,1,GTD,Bryan Sellers,bryan sellers,163,3.0,51,107.34,25.029,40.543,41.768,,GF,5,,,,,361
imsa,2021,Watkins Glen 6 Hours,,race,382,1,GTD,Bryan Sellers,bryan sellers,164,3.0,52,107.881,25.031,40.616,42.234,,GF,6,,,,,361
imsa,2021,Watkins Glen 6 Hours,,race,382,1,GTD,Bryan Sellers,bryan sellers,165,3.0,53,108.009,25.264,40.851,41.894,,GF,7,,,,,361
imsa,2021,Watkins Glen 6 Hours,,race,382,1,GTD,Bryan Sellers,bryan sellers,166,3.0,54,107.302,24.985,40.568,41.749,,GF,8,,,,,361
imsa,2021,Watkins Glen 6 Hours,,race,382,1,GTD,Bryan Sellers,bryan sellers,167,3.0,55,107.947,25.024,40.993,41.93,,GF,9,,,,,361
imsa,2021,Watkins Glen 6 Hours,,race,382,1,GTD,Bryan Sellers,bryan sellers,168,3.0,56,108.306,25.291,41.046,41.969,,GF,10,,,,,361
imsa,2021,Watkins Glen 6 Hours,,race,382,1,GTD,Bryan Sellers,bryan sellers,169,3.0,57,107.612,25.024,40.63,41.958,,GF,11,,,,,361
imsa,2021,Watkins Glen 6 Hours,,race,382,1,GTD,Bryan Sellers,bryan sellers,170,3.0,58,107.45,25.014,40.606,41.83,,GF,12,,,,,361
imsa,2021,Watkins Glen 6 Hours,,race,382,1,GTD,Bryan Sellers,bryan sellers,171,3.0,59,109.58,25.073,41.693,42.814,,GF,13,,,,,361
imsa,2021,Watkins Glen 6 Hours,,race,382,1,GTD,Bryan Sellers,bryan sellers,172,3.0,60,108.127,25.126,41.007,41.994,,GF,14,,,,,361
imsa,2021,Watkins Glen 6 Hours,,race,382,1,GTD,Bryan Sellers,bryan sellers,173,3.0,61,107.816,25.026,40.988,41.802,,GF,15,,,,,361
imsa,2021,Watkins Glen 6 Hours,,race,382,1,GTD,Bryan Sellers,bryan sellers,174,3.0,62,107.515,24.992,40.772,41.751,,GF,16,,,,,361
imsa,2021,Watkins Glen 6 Hours,,race,382,1,GTD,Bryan Sellers,bryan sellers,175,3.0,63,107.707,24.922,40.548,42.237,,GF,17,,,,,361
imsa,2021,Watkins Glen 6 Hours,,race,382,1,GTD,Bryan Sellers,bryan sellers,176,3.0,64,107.849,25.08,40.793,41.976,,GF,18,,,,,361
imsa,2021,Watkins Glen 6 Hours,,race,382,1,GTD,Bryan Sellers,bryan sellers,177,3.0,65,108.212,24.991,40.888,42.333,,GF,19,,,,,361
imsa,2021,Watkins Glen 6 Hours,,race,382,1,GTD,Bryan Sellers,bryan sellers,178,3.0,66,109.313,25.128,41.271,42.914,,GF,20,,,,,361
imsa,2021,Watkins Glen 6 Hours,,race,382,1,GTD,Bryan Sellers,bryan sellers,179,3.0,67,109.534,25.108,41.464,42.962,,FF,21,,,,,361
imsa,2021,Watkins Glen 6 Hours,,race,382,12,GTD,Frankie Montecalvo,frankie montecalvo,1,1.0,0,138.257,53.255,42.398,42.604,,GF,0,,,,,361
imsa,2021,Watkins Glen 6 Hours,,race,382,12,GTD,Frankie Montecalvo,frankie montecalvo,2,1.0,1,108.034,25.202,40.693,42.139,,GF,0,,,,,361
imsa,2021,Watkins Glen 6 Hours,,race,382,12,GTD,Frankie Montecalvo,frankie montecalvo,3,1.0,2,107.876,25.098,40.709,42.069,,GF,1,,,,,361
imsa,2021,Watkins Glen 6 Hours,,race,382,12,GTD,Frankie Montecalvo,frankie montecalvo,4,1.0,3,121.138,25.266,41.988,53.884,,FCY,2,,,,,361
imsa,2021,Watkins Glen 6 Hours,,race,382,12,GTD,Frankie Montecalvo,frankie montecalvo,5,1.0,4,145.775,35.069,53.863,56.843,,FCY,2,,,,,361
imsa,2021,Watkins Glen 6 Hours,,race,382,12,GTD,Frankie Montecalvo,frankie montecalvo,6,1.0,5,140.729,35.072,51.952,53.705,,FCY,2,,,,,361
imsa,2021,Watkins Glen 6 Hours,,race,382,12,GTD,Frankie Montecalvo,frankie montecalvo,7,1.0,6,228.536,56.994,85.03,86.512,,FCY,2,,,,,361
imsa,2021,Watkins Glen 6 Hours,,race,382,12,GTD,Frankie Montecalvo,frankie montecalvo,8,1.0,7,202.905,63.845,75.235,63.825,,FCY,2,,,,,361
imsa,2021,Watkins Glen 6 Hours,,race,382,12,GTD,Frankie Montecalvo,frankie montecalvo,9,1.0,8,160.576,40.826,66.125,53.625,,GF,2,,,,,361
imsa,2021,Watkins Glen 6 Hours,,race,382,12,GTD,Frankie Montecalvo,frankie montecalvo,10,1.0,9,110.039,25.975,41.371,42.693,,GF,3,,,,,361
imsa,2021,Watkins Glen 6 Hours,,race,382,12,GTD,Frankie Montecalvo,frankie montecalvo,11,1.0,10,108.216,25.275,40.91,42.031,,GF,4,,,,,361
imsa,2021,Watkins Glen 6 Hours,,race,382,12,GTD,Frankie Montecalvo,frankie montecalvo,12,1.0,11,108.0,25.193,40.599,42.208,,GF,5,,,,,361
imsa,2021,Watkins Glen 6 Hours,,race,382,12,GTD,Frankie Montecalvo,frankie montecalvo,13,1.0,12,107.831,25.372,40.521,41.938,,GF,6,,,,,361
imsa,2021,Watkins Glen 6 Hours,,race,382,12,GTD,Frankie Montecalvo,frankie montecalvo,14,1.0,13,107.653,25.288,40.415,41.95,,GF,7,,,,,361
imsa,2021,Watkins Glen 6 Hours,,race,382,12,GTD,Frankie Montecalvo,frankie montecalvo,15,1.0,14,108.271,25.29,40.787,42.194,,GF,8,,,,,361
imsa,2021,Watkins Glen 6 Hours,,race,382,12,GTD,Frankie Montecalvo,frankie montecalvo,16,1.0,15,107.938,25.217,40.791,41.93,,GF,9,,,,,361
imsa,2021,Watkins Glen 6 Hours,,race,382,12,GTD,Frankie Montecalvo,frankie montecalvo,17,1.0,16,107.646,25.231,40.517,41.898,,GF,10,,,,,361
imsa,2021,Watkins Glen 6 Hours,,race,382,12,GTD,Frankie Montecalvo,frankie montecalvo,18,1.0,17,108.231,25.326,40.918,41.987,,GF,11,,,,,361
imsa,2021,Watkins Glen 6 Hours,,race,382,12,GTD,Frankie Montecalvo,frankie montecalvo,19,1.0,18,107.654,25.234,40.445,41.975,,GF,12,,,,,361
imsa,2021,Watkins Glen 6 Hours,,race,382,12,GTD,Frankie Montecalvo,frankie montecalvo,20,1.0,19,107.741,25.412,40.564,41.765,,GF,13,,,,,361
imsa,2021,Watkins Glen 6 Hours,,race,382,12,GTD,Frankie Montecalvo,frankie montecalvo,21,1.0,20,107.826,25.304,40.56,41.962,,GF,14,,,,,361
imsa,2021,Watkins Glen 6 Hours,,race,382,12,GTD,Frankie Montecalvo,frankie montecalvo,22,1.0,21,108.362,25.298,40.864,42.2,,GF,15,,,,,361
imsa,2021,Watkins Glen 6 Hours,,race,382,12,GTD,Frankie Montecalvo,frankie montecalvo,23,1.0,22,108.789,26.019,40.677,42.093,,GF,16,,,,,361
imsa,2021,Watkins Glen 6 Hours,,race,382,12,GTD,Frankie Montecalvo,frankie montecalvo,24,1.0,23,107.971,25.163,40.85,41.958,,GF,17,,,,,361
imsa,2021,Watkins Glen 6 Hours,,race,382,12,GTD,Frankie Montecalvo,frankie montecalvo,25,1.0,24,108.85,25.248,41.036,42.566,,GF,18,,,,,361
imsa,2021,Watkins Glen 6 Hours,,race,382,12,GTD,Frankie Montecalvo,frankie montecalvo,26,1.0,25,108.872,25.181,41.187,42.504,,GF,19,,,,,361
imsa,2021,Watkins Glen 6 Hours,,race,382,12,GTD,Frankie Montecalvo,frankie montecalvo,27,1.0,26,108.285,25.603,40.614,42.068,,GF,20,,,,,361
imsa,2021,Watkins Glen 6 Hours,,race,382,12,GTD,Frankie Montecalvo,frankie montecalvo,28,1.0,27,108.053,25.238,40.733,42.082,,GF,21,,,,,361
imsa,2021,Watkins Glen 6 Hours,,race,382,12,GTD,Frankie Montecalvo,frankie montecalvo,29,1.0,28,108.232,25.33,40.62,42.282,,GF,22,,,,,361
imsa,2021,Watkins Glen 6 Hours,,race,382,12,GTD,Frankie Montecalvo,frankie montecalvo,30,1.0,29,107.837,25.256,40.627,41.954,,GF,23,,,,,361
imsa,2021,Watkins Glen 6 Hours,,race,382,12,GTD,Frankie Montecalvo,frankie montecalvo,31,1.0,30,109.342,25.32,40.642,43.38,,GF,24,,,,,361
imsa,2021,Watkins Glen 6 Hours,,race,382,12,GTD,Frankie Montecalvo,frankie montecalvo,32,1.0,31,109.165,25.37,41.429,42.366,,GF,25,,,,,361
imsa,2021,Watkins Glen 6 Hours,,race,382,12,GTD,Frankie Montecalvo,frankie montecalvo,33,1.0,32,171.034,25.378,40.997,104.659,,GF,26,,,,,361
imsa,2021,Watkins Glen 6 Hours,,race,382,12,GTD,Robert Megennis,robert megennis,34,2.0,0,123.886,38.499,42.49,42.897,79.331,GF,0,,,,,361
imsa,2021,Watkins Glen 6 Hours,,race,382,12,GTD,Robert Megennis,robert megennis,35,2.0,1,108.297,25.304,40.987,42.006,,GF,0,,,,,361
imsa,2021,Watkins Glen 6 Hours,,race,382,12,GTD,Robert Megennis,robert megennis,36,2.0,2,108.917,25.253,41.01,42.654,,GF,1,,,,,361
imsa,2021,Watkins Glen 6 Hours,,race,382,12,GTD,Robert Megennis,robert megennis,37,2.0,3,109.722,25.314,41.663,42.745,,GF,2,,,,,361
imsa,2021,Watkins Glen 6 Hours,,race,382,12,GTD,Robert Megennis,robert megennis,38,2.0,4,109.788,25.263,41.691,42.834,,GF,3,,,,,361
imsa,2021,Watkins Glen 6 Hours,,race,382,12,GTD,Robert Megennis,robert megennis,39,2.0,5,108.954,25.268,41.127,42.559,,GF,4,,,,,361
imsa,2021,Watkins Glen 6 Hours,,race,382,12,GTD,Robert Megennis,robert megennis,40,2.0,6,109.33,25.177,42.104,42.049,,GF,5,,,,,361
imsa,2021,Watkins Glen 6 Hours,,race,382,12,GTD,Robert Megennis,robert megennis,41,2.0,7,108.578,25.236,40.824,42.518,,GF,6,,,,,361
imsa,2021,Watkins Glen 6 Hours,,race,382,12,GTD,Robert Megennis,robert megennis,42,2.0,8,108.567,25.372,40.904,42.291,,GF,7,,,,,361
imsa,2021,Watkins Glen 6 Hours,,race,382,12,GTD,Robert Megennis,robert megennis,43,2.0,9,107.756,25.191,40.609,41.956,,GF,8,,,,,361
imsa,2021,Watkins Glen 6 Hours,,race,382,12,GTD,Robert Megennis,robert megennis,44,2.0,10,108.172,25.225,40.68,42.267,,GF,9,,,,,361
imsa,2021,Watkins Glen 6 Hours,,race,382,12,GTD,Robert Megennis,robert megennis,45,2.0,11,107.815,25.272,40.521,42.022,,GF,10,,,,,361
imsa,2021,Watkins Glen 6 Hours,,race,382,12,GTD,Robert Megennis,robert megennis,46,2.0,12,107.786,25.222,40.511,42.053,,GF,11,,,,,361
imsa,2021,Watkins Glen 6 Hours,,race,382,12,GTD,Robert Megennis,robert megennis,47,2.0,13,107.783,25.236,40.47,42.077,,GF,12,,,,,361
imsa,2021,Watkins Glen 6 Hours,,race,382,12,GTD,Robert Megennis,robert megennis,48,2.0,14,108.07,25.234,40.512,42.324,,GF,13,,,,,361
imsa,2021,Watkins Glen 6 Hours,,race,382,12,GTD,Robert Megennis,robert megennis,49,2.0,15,109.589,25.425,41.553,42.611,,GF,14,,,,,361
imsa,2021,Watkins Glen 6 Hours,,race,382,12,GTD,Robert Megennis,robert megennis,50,2.0,16,108.394,25.165,40.96,42.269,,GF,15,,,,,361
imsa,2021,Watkins Glen 6 Hours,,race,382,12,GTD,Robert Megennis,robert megennis,51,2.0,17,107.935,25.235,40.621,42.079,,GF,16,,,,,361
imsa,2021,Watkins Glen 6 Hours,,race,382,12,GTD,Robert Megennis,robert megennis,52,2.0,18,108.793,25.3,40.947,42.546,,GF,17,,,,,361
imsa,2021,Watkins Glen 6 Hours,,race,382,12,GTD,Robert Megennis,robert megennis,53,2.0,19,109.012,25.239,40.703,43.07,,GF,18,,,,,361
imsa,2021,Watkins Glen 6 Hours,,race,382,12,GTD,Robert Megennis,robert megennis,54,2.0,20,108.228,25.177,40.985,42.066,,GF,19,,,,,361
imsa,2021,Watkins Glen 6 Hours,,race,382,12,GTD,Robert Megennis,robert megennis,55,2.0,21,107.901,25.198,40.632,42.071,,GF,20,,,,,361
imsa,2021,Watkins Glen 6 Hours,,race,382,12,GTD,Robert Megennis,robert megennis,56,2.0,22,108.298,25.257,40.632,42.409,,GF,21,,,,,361
imsa,2021,Watkins Glen 6 Hours,,race,382,12,GTD,Robert Megennis,robert megennis,57,2.0,23,109.157,25.277,41.258,42.622,,GF,22,,,,,361
imsa,2021,Watkins Glen 6 Hours,,race,382,12,GTD,Robert Megennis,robert megennis,58,2.0,24,115.721,25.271,41.669,48.781,,FCY,23,,,,,361
imsa,2021,Watkins Glen 6 Hours,,race,382,12,GTD,Robert Megennis,robert megennis,59,2.0,25,214.727,47.86,82.297,84.57,,FCY,23,,,,,361
imsa,2021,Watkins Glen 6 Hours,,race,382,12,GTD,Robert Megennis,robert megennis,60,2.0,26,228.081,60.755,88.962,78.364,,FCY,23,,,,,361
imsa,2021,Watkins Glen 6 Hours,,race,382,12,GTD,Robert Megennis,robert megennis,61,2.0,27,248.317,52.887,76.541,118.889,,FCY,23,,,,,361
imsa,2021,Watkins Glen 6 Hours,,race,382,12,GTD,Robert Megennis,robert megennis,62,2.0,28,187.791,48.275,64.638,74.878,68.424,FCY,0,,,,,361
imsa,2021,Watkins Glen 6 Hours,,race,382,12,GTD,Robert Megennis,robert megennis,63,2.0,29,182.053,56.412,70.785,54.856,,GF,0,,,,,361
imsa,2021,Watkins Glen 6 Hours,,race,382,12,GTD,Robert Megennis,robert megennis,64,2.0,30,109.277,25.474,41.398,42.405,,GF,1,,,,,361
imsa,2021,Watkins Glen 6 Hours,,race,382,12,GTD,Robert Megennis,robert megennis,65,2.0,31,107.886,25.128,40.568,42.19,,GF,2,,,,,361
imsa,2021,Watkins Glen 6 Hours,,race,382,12,GTD,Robert Megennis,robert megennis,66,2.0,32,108.6,25.171,41.237,42.192,,GF,3,,,,,361
imsa,2021,Watkins Glen 6 Hours,,race,382,12,GTD,Robert Megennis,robert megennis,67,2.0,33,108.324,25.075,41.109,42.14,,GF,4,,,,,361
imsa,2021,Watkins Glen 6 Hours,,race,382,12,GTD,Robert Megennis,robert megennis,68,2.0,34,108.755,25.087,41.232,42.436,,GF,5,,,,,361
imsa,2021,Watkins Glen 6 Hours,,race,382,12,GTD,Robert Megennis,robert megennis,69,2.0,35,109.315,25.174,41.591,42.55,,GF,6,,,,,361
imsa,2021,Watkins Glen 6 Hours,,race,382,12,GTD,Robert Megennis,robert megennis,70,2.0,36,110.384,25.14,41.016,44.228,,GF,7,,,,,361
imsa,2021,Watkins Glen 6 Hours,,race,382,12,GTD,Robert Megennis,robert megennis,71,2.0,37,108.53,25.144,40.863,42.523,,GF,8,,,,,361
imsa,2021,Watkins Glen 6 Hours,,race,382,12,GTD,Robert Megennis,robert megennis,72,2.0,38,108.425,25.355,40.945,42.125,,GF,9,,,,,361
imsa,2021,Watkins Glen 6 Hours,,race,382,12,GTD,Robert Megennis,robert megennis,73,2.0,39,109.455,25.274,41.379,42.802,,GF,10,,,,,361
imsa,2021,Watkins Glen 6 Hours,,race,382,12,GTD,Robert Megennis,robert megennis,74,2.0,40,108.805,25.404,41.078,42.323,,GF,11,,,,,361
imsa,2021,Watkins Glen 6 Hours,,race,382,12,GTD,Robert Megennis,robert megennis,75,2.0,41,129.995,26.525,45.972,57.498,,FCY,12,,,,,361
imsa,2021,Watkins Glen 6 Hours,,race,382,12,GTD,Robert Megennis,robert megennis,76,2.0,42,122.452,30.534,46.436,45.482,,FCY,12,,,,,361
imsa,2021,Watkins Glen 6 Hours,,race,382,12,GTD,Robert Megennis,robert megennis,77,2.0,43,118.08,26.798,45.744,45.538,,FCY,12,,,,,361
imsa,2021,Watkins Glen 6 Hours,,race,382,12,GTD,Robert Megennis,robert megennis,78,2.0,44,183.759,50.647,69.931,63.181,,FCY,12,,,,,361
imsa,2021,Watkins Glen 6 Hours,,race,382,12,GTD,Robert Megennis,robert megennis,79,2.0,45,170.164,45.216,70.646,54.302,,FCY,12,,,,,361
imsa,2021,Watkins Glen 6 Hours,,race,382,12,GTD,Robert Megennis,robert megennis,80,2.0,46,208.006,38.447,67.033,102.526,,FCY,12,,,,,361
imsa,2021,Watkins Glen 6 Hours,,race,382,12,GTD,Frankie Montecalvo,frankie montecalvo,81,3.0,0,162.399,44.368,52.589,65.442,65.192,FCY,0,,,,,361
imsa,2021,Watkins Glen 6 Hours,,race,382,12,GTD,Frankie Montecalvo,frankie montecalvo,82,3.0,1,194.032,47.216,65.4,81.416,,FCY,0,,,,,361
imsa,2021,Watkins Glen 6 Hours,,race,382,12,GTD,Frankie Montecalvo,frankie montecalvo,83,3.0,2,146.289,39.624,61.247,45.418,,GF,0,,,,,361
imsa,2021,Watkins Glen 6 Hours,,race,382,12,GTD,Frankie Montecalvo,frankie montecalvo,84,3.0,3,108.261,25.215,41.108,41.938,,GF,1,,,,,361
imsa,2021,Watkins Glen 6 Hours,,race,382,12,GTD,Frankie Montecalvo,frankie montecalvo,85,3.0,4,108.308,25.235,40.991,42.082,,GF,2,,,,,361
imsa,2021,Watkins Glen 6 Hours,,race,382,12,GTD,Frankie Montecalvo,frankie montecalvo,86,3.0,5,108.929,25.309,41.138,42.482,,GF,3,,,,,361
imsa,2021,Watkins Glen 6 Hours,,race,382,12,GTD,Frankie Montecalvo,frankie montecalvo,87,3.0,6,108.612,25.279,40.813,42.52,,GF,4,,,,,361
imsa,2021,Watkins Glen 6 Hours,,race,382,12,GTD,Frankie Montecalvo,frankie montecalvo,88,3.0,7,108.868,25.271,41.172,42.425,,GF,5,,,,,361
imsa,2021,Watkins Glen 6 Hours,,race,382,12,GTD,Frankie Montecalvo,frankie montecalvo,89,3.0,8,109.007,25.283,41.566,42.158,,GF,6,,,,,361
imsa,2021,Watkins Glen 6 Hours,,race,382,12,GTD,Frankie Montecalvo,frankie montecalvo,90,3.0,9,109.336,25.271,41.551,42.514,,GF,7,,,,,361
imsa,2021,Watkins Glen 6 Hours,,race,382,12,GTD,Frankie Montecalvo,frankie montecalvo,91,3.0,10,109.503,25.246,41.956,42.301,,GF,8,,,,,361
imsa,2021,Watkins Glen 6 Hours,,race,382,12,GTD,Frankie Montecalvo,frankie montecalvo,92,3.0,11,108.653,25.444,40.845,42.364,,GF,9,,,,,361
imsa,2021,Watkins Glen 6 Hours,,race,382,12,GTD,Frankie Montecalvo,frankie montecalvo,93,3.0,12,108.443,25.351,40.751,42.341,,GF,10,,,,,361
imsa,2021,Watkins Glen 6 Hours,,race,382,12,GTD,Frankie Montecalvo,frankie montecalvo,94,3.0,13,109.014,25.36,41.279,42.375,,GF,11,,,,,361
imsa,2021,Watkins Glen 6 Hours,,race,382,12,GTD,Frankie Montecalvo,frankie montecalvo,95,3.0,14,109.357,25.293,41.683,42.381,,GF,12,,,,,361
imsa,2021,Watkins Glen 6 Hours,,race,382,12,GTD,Frankie Montecalvo,frankie montecalvo,96,3.0,15,108.707,25.37,40.78,42.557,,GF,13,,,,,361
imsa,2021,Watkins Glen 6 Hours,,race,382,12,GTD,Frankie Montecalvo,frankie montecalvo,97,3.0,16,108.76,25.202,41.065,42.493,,GF,14,,,,,361
imsa,2021,Watkins Glen 6 Hours,,race,382,12,GTD,Frankie Montecalvo,frankie montecalvo,98,3.0,17,109.963,25.407,42.154,42.402,,GF,15,,,,,361
imsa,2021,Watkins Glen 6 Hours,,race,382,12,GTD,Frankie Montecalvo,frankie montecalvo,99,3.0,18,108.262,25.327,40.73,42.205,,GF,16,,,,,361
imsa,2021,Watkins Glen 6 Hours,,race,382,12,GTD,Frankie Montecalvo,frankie montecalvo,100,3.0,19,108.764,25.161,41.266,42.337,,GF,17,,,,,361
imsa,2021,Watkins Glen 6 Hours,,race,382,12,GTD,Frankie Montecalvo,frankie montecalvo,101,3.0,20,108.462,25.138,41.047,42.277,,GF,18,,,,,361
imsa,2021,Watkins Glen 6 Hours,,race,382,12,GTD,Frankie Montecalvo,frankie montecalvo,102,3.0,21,109.394,25.251,41.639,42.504,,GF,19,,,,,361
imsa,2021,Watkins Glen 6 Hours,,race,382,12,GTD,Frankie Montecalvo,frankie montecalvo,103,3.0,22,108.889,25.23,41.139,42.52,,GF,20,,,,,361
imsa,2021,Watkins Glen 6 Hours,,race,382,12,GTD,Frankie Montecalvo,frankie montecalvo,104,3.0,23,156.33,25.316,41.196,89.818,,GF,21,,,,,361
imsa,2021,Watkins Glen 6 Hours,,race,382,12,GTD,Zach Veach,zach veach,105,4.0,0,122.477,37.593,42.26,42.624,64.114,GF,0,,,,,361
imsa,2021,Watkins Glen 6 Hours,,race,382,12,GTD,Zach Veach,zach veach,106,4.0,1,107.836,25.325,40.62,41.891,,GF,0,,,,,361
imsa,2021,Watkins Glen 6 Hours,,race,382,12,GTD,Zach Veach,zach veach,107,4.0,2,109.411,25.152,41.428,42.831,,GF,1,,,,,361
imsa,2021,Watkins Glen 6 Hours,,race,382,12,GTD,Zach Veach,zach veach,108,4.0,3,108.364,25.365,40.748,42.251,,GF,2,,,,,361
imsa,2021,Watkins Glen 6 Hours,,race,382,12,GTD,Zach Veach,zach veach,109,4.0,4,107.919,25.178,40.645,42.096,,GF,3,,,,,361
imsa,2021,Watkins Glen 6 Hours,,race,382,12,GTD,Zach Veach,zach veach,110,4.0,5,107.915,25.108,40.544,42.263,,GF,4,,,,,361
imsa,2021,Watkins Glen 6 Hours,,race,382,12,GTD,Zach Veach,zach veach,111,4.0,6,108.797,25.834,40.842,42.121,,GF,5,,,,,361
imsa,2021,Watkins Glen 6 Hours,,race,382,12,GTD,Zach Veach,zach veach,112,4.0,7,108.535,25.453,40.763,42.319,,GF,6,,,,,361
imsa,2021,Watkins Glen 6 Hours,,race,382,12,GTD,Zach Veach,zach veach,113,4.0,8,109.127,25.463,41.158,42.506,,GF,7,,,,,361
imsa,2021,Watkins Glen 6 Hours,,race,382,12,GTD,Zach Veach,zach veach,114,4.0,9,109.502,25.548,41.534,42.42,,GF,8,,,,,361
imsa,2021,Watkins Glen 6 Hours,,race,382,12,GTD,Zach Veach,zach veach,115,4.0,10,108.693,25.246,41.072,42.375,,GF,9,,,,,361
imsa,2021,Watkins Glen 6 Hours,,race,382,12,GTD,Zach Veach,zach veach,116,4.0,11,109.108,25.404,41.616,42.088,,GF,10,,,,,361
imsa,2021,Watkins Glen 6 Hours,,race,382,12,GTD,Zach Veach,zach veach,117,4.0,12,108.672,25.26,41.151,42.261,,GF,11,,,,,361
imsa,2021,Watkins Glen 6 Hours,,race,382,12,GTD,Zach Veach,zach veach,118,4.0,13,108.081,25.33,40.762,41.989,,GF,12,,,,,361
imsa,2021,Watkins Glen 6 Hours,,race,382,12,GTD,Zach Veach,zach veach,119,4.0,14,109.075,25.182,40.983,42.91,,GF,13,,,,,361
imsa,2021,Watkins Glen 6 Hours,,race,382,12,GTD,Zach Veach,zach veach,120,4.0,15,109.433,25.233,41.657,42.543,,GF,14,,,,,361
imsa,2021,Watkins Glen 6 Hours,,race,382,12,GTD,Zach Veach,zach veach,121,4.0,16,108.911,25.17,41.203,42.538,,GF,15,,,,,361
imsa,2021,Watkins Glen 6 Hours,,race,382,12,GTD,Zach Veach,zach veach,122,4.0,17,108.893,25.2,41.519,42.174,,GF,16,,,,,361
imsa,2021,Watkins Glen 6 Hours,,race,382,12,GTD,Zach Veach,zach veach,123,4.0,18,108.025,25.12,40.711,42.194,,GF,17,,,,,361
imsa,2021,Watkins Glen 6 Hours,,race,382,12,GTD,Zach Veach,zach veach,124,4.0,19,108.136,25.135,40.782,42.219,,GF,18,,,,,361
imsa,2021,Watkins Glen 6 Hours,,race,382,12,GTD,Zach Veach,zach veach,125,4.0,20,108.226,25.136,40.979,42.111,,GF,19,,,,,361
imsa,2021,Watkins Glen 6 Hours,,race,382,12,GTD,Zach Veach,zach veach,126,4.0,21,108.06,25.218,40.752,42.09,,GF,20,,,,,361
imsa,2021,Watkins Glen 6 Hours,,race,382,12,GTD,Zach Veach,zach veach,127,4.0,22,108.369,25.168,41.042,42.159,,GF,21,,,,,361
imsa,2021,Watkins Glen 6 Hours,,race,382,12,GTD,Zach Veach,zach veach,128,4.0,23,108.154,25.202,40.829,42.123,,GF,22,,,,,361
imsa,2021,Watkins Glen 6 Hours,,race,382,12,GTD,Zach Veach,zach veach,129,4.0,24,108.211,25.134,40.8,42.277,,GF,23,,,,,361
imsa,2021,Watkins Glen 6 Hours,,race,382,12,GTD,Zach Veach,zach veach,130,4.0,25,109.778,25.137,41.384,43.257,,GF,24,,,,,361
imsa,2021,Watkins Glen 6 Hours,,race,382,12,GTD,Zach Veach,zach veach,131,4.0,26,109.852,25.231,40.986,43.635,,GF,25,,,,,361
imsa,2021,Watkins Glen 6 Hours,,race,382,12,GTD,Zach Veach,zach veach,132,4.0,27,108.352,25.287,40.784,42.281,,GF,26,,,,,361
imsa,2021,Watkins Glen 6 Hours,,race,382,12,GTD,Zach Veach,zach veach,133,4.0,28,108.304,25.182,40.916,42.206,,GF,27,,,,,361
imsa,2021,Watkins Glen 6 Hours,,race,382,12,GTD,Zach Veach,zach veach,134,4.0,29,108.305,25.19,40.869,42.246,,GF,28,,,,,361
imsa,2021,Watkins Glen 6 Hours,,race,382,12,GTD,Zach Veach,zach veach,135,4.0,30,167.265,25.161,41.013,101.091,,GF,29,,,,,361
imsa,2021,Watkins Glen 6 Hours,,race,382,12,GTD,Zach Veach,zach veach,136,4.0,31,121.374,37.472,41.717,42.185,75.61,GF,0,,,,,361
imsa,2021,Watkins Glen 6 Hours,,race,382,12,GTD,Zach Veach,zach veach,137,4.0,32,108.792,25.464,41.172,42.156,,GF,0,,,,,361
imsa,2021,Watkins Glen 6 Hours,,race,382,12,GTD,Zach Veach,zach veach,138,4.0,33,108.351,25.193,40.915,42.243,,GF,1,,,,,361
imsa,2021,Watkins Glen 6 Hours,,race,382,12,GTD,Zach Veach,zach veach,139,4.0,34,107.513,25.011,40.614,41.888,,GF,2,,,,,361
imsa,2021,Watkins Glen 6 Hours,,race,382,12,GTD,Zach Veach,zach veach,140,4.0,35,108.807,25.162,41.03,42.615,,GF,3,,,,,361
imsa,2021,Watkins Glen 6 Hours,,race,382,12,GTD,Zach Veach,zach veach,141,4.0,36,108.602,25.217,41.371,42.014,,GF,4,,,,,361
imsa,2021,Watkins Glen 6 Hours,,race,382,12,GTD,Zach Veach,zach veach,142,4.0,37,111.063,25.172,43.644,42.247,,GF,5,,,,,361
imsa,2021,Watkins Glen 6 Hours,,race,382,12,GTD,Zach Veach,zach veach,143,4.0,38,108.509,25.315,40.932,42.262,,GF,6,,,,,361
imsa,2021,Watkins Glen 6 Hours,,race,382,12,GTD,Zach Veach,zach veach,144,4.0,39,108.938,25.232,41.006,42.7,,GF,7,,,,,361
imsa,2021,Watkins Glen 6 Hours,,race,382,12,GTD,Zach Veach,zach veach,145,4.0,40,108.925,25.292,41.286,42.347,,GF,8,,,,,361
imsa,2021,Watkins Glen 6 Hours,,race,382,12,GTD,Zach Veach,zach veach,146,4.0,41,108.606,25.232,41.181,42.193,,GF,9,,,,,361
imsa,2021,Watkins Glen 6 Hours,,race,382,12,GTD,Zach Veach,zach veach,147,4.0,42,109.023,25.291,41.206,42.526,,GF,10,,,,,361
imsa,2021,Watkins Glen 6 Hours,,race,382,12,GTD,Zach Veach,zach veach,148,4.0,43,108.372,25.273,40.889,42.21,,GF,11,,,,,361
imsa,2021,Watkins Glen 6 Hours,,race,382,12,GTD,Zach Veach,zach veach,149,4.0,44,108.877,25.233,41.122,42.522,,GF,12,,,,,361
imsa,2021,Watkins Glen 6 Hours,,race,382,12,GTD,Zach Veach,zach veach,150,4.0,45,112.774,25.287,41.815,45.672,,FCY,13,,,,,361
imsa,2021,Watkins Glen 6 Hours,,race,382,12,GTD,Zach Veach,zach veach,151,4.0,46,152.763,35.976,45.662,71.125,,FCY,13,,,,,361
imsa,2021,Watkins Glen 6 Hours,,race,382,12,GTD,Zach Veach,zach veach,152,4.0,47,207.4,55.274,76.866,75.26,,FCY,13,,,,,361
imsa,2021,Watkins Glen 6 Hours,,race,382,12,GTD,Zach Veach,zach veach,153,4.0,48,189.075,54.297,71.04,63.738,,FCY,13,,,,,361
imsa,2021,Watkins Glen 6 Hours,,race,382,12,GTD,Zach Veach,zach veach,154,4.0,49,229.341,48.722,74.801,105.818,,FCY,13,,,,,361
imsa,2021,Watkins Glen 6 Hours,,race,382,12,GTD,Zach Veach,zach veach,155,4.0,50,178.974,49.762,69.449,59.763,58.879,FCY,0,,,,,361
imsa,2021,Watkins Glen 6 Hours,,race,382,12,GTD,Zach Veach,zach veach,156,4.0,51,200.617,51.549,78.169,70.899,,FCY,0,,,,,361
imsa,2021,Watkins Glen 6 Hours,,race,382,12,GTD,Zach Veach,zach veach,157,4.0,52,183.859,48.065,68.711,67.083,,FCY,0,,,,,361
imsa,2021,Watkins Glen 6 Hours,,race,382,12,GTD,Zach Veach,zach veach,158,4.0,53,156.642,43.968,58.994,53.68,,GF,0,,,,,361
imsa,2021,Watkins Glen 6 Hours,,race,382,12,GTD,Zach Veach,zach veach,159,4.0,54,110.815,25.592,41.625,43.598,,GF,1,,,,,361
imsa,2021,Watkins Glen 6 Hours,,race,382,12,GTD,Zach Veach,zach veach,160,4.0,55,111.794,25.722,42.558,43.514,,GF,2,,,,,361
imsa,2021,Watkins Glen 6 Hours,,race,382,12,GTD,Zach Veach,zach veach,161,4.0,56,108.889,25.136,41.634,42.119,,GF,3,,,,,361
imsa,2021,Watkins Glen 6 Hours,,race,382,12,GTD,Zach Veach,zach veach,162,4.0,57,108.577,25.18,41.152,42.245,,GF,4,,,,,361
imsa,2021,Watkins Glen 6 Hours,,race,382,12,GTD,Zach Veach,zach veach,163,4.0,58,108.59,25.168,40.959,42.463,,GF,5,,,,,361
imsa,2021,Watkins Glen 6 Hours,,race,382,12,GTD,Zach Veach,zach veach,164,4.0,59,109.667,25.049,41.561,43.057,,GF,6,,,,,361
imsa,2021,Watkins Glen 6 Hours,,race,382,12,GTD,Zach Veach,zach veach,165,4.0,60,108.659,25.14,40.831,42.688,,GF,7,,,,,361
imsa,2021,Watkins Glen 6 Hours,,race,382,12,GTD,Zach Veach,zach veach,166,4.0,61,109.527,25.543,41.63,42.354,,GF,8,,,,,361
imsa,2021,Watkins Glen 6 Hours,,race,382,12,GTD,Zach Veach,zach veach,167,4.0,62,108.727,25.33,40.926,42.471,,GF,9,,,,,361
imsa,2021,Watkins Glen 6 Hours,,race,382,12,GTD,Zach Veach,zach veach,168,4.0,63,108.592,25.248,41.114,42.23,,GF,10,,,,,361
imsa,2021,Watkins Glen 6 Hours,,race,382,12,GTD,Zach Veach,zach veach,169,4.0,64,108.635,25.225,40.929,42.481,,GF,11,,,,,361
imsa,2021,Watkins Glen 6 Hours,,race,382,12,GTD,Zach Veach,zach veach,170,4.0,65,109.824,25.091,41.878,42.855,,GF,12,,,,,361
imsa,2021,Watkins Glen 6 Hours,,race,382,12,GTD,Zach Veach,zach veach,171,4.0,66,108.933,25.278,41.039,42.616,,GF,13,,,,,361
imsa,2021,Watkins Glen 6 Hours,,race,382,12,GTD,Zach Veach,zach veach,172,4.0,67,108.957,25.374,41.091,42.492,,GF,14,,,,,361
imsa,2021,Watkins Glen 6 Hours,,race,382,12,GTD,Zach Veach,zach veach,173,4.0,68,108.54,25.175,40.923,42.442,,GF,15,,,,,361
imsa,2021,Watkins Glen 6 Hours,,race,382,12,GTD,Zach Veach,zach veach,174,4.0,69,108.796,25.073,40.958,42.765,,GF,16,,,,,361
imsa,2021,Watkins Glen 6 Hours,,race,382,12,GTD,Zach Veach,zach veach,175,4.0,70,109.287,25.275,41.055,42.957,,GF,17,,,,,361
imsa,2021,Watkins Glen 6 Hours,,race,382,12,GTD,Zach Veach,zach veach,176,4.0,71,109.519,25.208,41.587,42.724,,GF,18,,,,,361
imsa,2021,Watkins Glen 6 Hours,,race,382,12,GTD,Zach Veach,zach veach,177,4.0,72,109.164,25.442,41.29,42.432,,GF,19,,,,,361
imsa,2021,Watkins Glen 6 Hours,,race,382,12,GTD,Zach Veach,zach veach,178,4.0,73,110.814,25.921,42.093,42.8,,GF,20,,,,,361
imsa,2021,Watkins Glen 6 Hours,,race,382,12,GTD,Zach Veach,zach veach,179,4.0,74,110.055,25.346,41.587,43.122,,FF,21,,,,,361
imsa,2021,Watkins Glen 6 Hours,,race,382,14,GTD,Kyle Kirkwood,kyle kirkwood,1,1.0,0,136.285,52.566,41.64,42.079,,GF,0,,,,,361
imsa,2021,Watkins Glen 6 Hours,,race,382,14,GTD,Kyle Kirkwood,kyle kirkwood,2,1.0,1,107.879,25.198,40.712,41.969,,GF,0,,,,,361
imsa,2021,Watkins Glen 6 Hours,,race,382,14,GTD,Kyle Kirkwood,kyle kirkwood,3,1.0,2,107.451,25.203,40.355,41.893,,GF,1,,,,,361
imsa,2021,Watkins Glen 6 Hours,,race,382,14,GTD,Kyle Kirkwood,kyle kirkwood,4,1.0,3,122.017,25.097,42.838,54.082,,FCY,2,,,,,361
imsa,2021,Watkins Glen 6 Hours,,race,382,14,GTD,Kyle Kirkwood,kyle kirkwood,5,1.0,4,145.675,34.621,54.161,56.893,,FCY,2,,,,,361
imsa,2021,Watkins Glen 6 Hours,,race,382,14,GTD,Kyle Kirkwood,kyle kirkwood,6,1.0,5,140.273,35.125,52.543,52.605,,FCY,2,,,,,361
imsa,2021,Watkins Glen 6 Hours,,race,382,14,GTD,Kyle Kirkwood,kyle kirkwood,7,1.0,6,229.243,56.786,85.104,87.353,,FCY,2,,,,,361
imsa,2021,Watkins Glen 6 Hours,,race,382,14,GTD,Kyle Kirkwood,kyle kirkwood,8,1.0,7,201.718,62.95,75.818,62.95,,FCY,2,,,,,361
imsa,2021,Watkins Glen 6 Hours,,race,382,14,GTD,Kyle Kirkwood,kyle kirkwood,9,1.0,8,162.717,42.014,66.195,54.508,,GF,2,,,,,361
imsa,2021,Watkins Glen 6 Hours,,race,382,14,GTD,Kyle Kirkwood,kyle kirkwood,10,1.0,9,109.802,26.211,41.284,42.307,,GF,3,,,,,361
imsa,2021,Watkins Glen 6 Hours,,race,382,14,GTD,Kyle Kirkwood,kyle kirkwood,11,1.0,10,108.216,25.383,40.779,42.054,,GF,4,,,,,361
imsa,2021,Watkins Glen 6 Hours,,race,382,14,GTD,Kyle Kirkwood,kyle kirkwood,12,1.0,11,107.877,25.139,40.7,42.038,,GF,5,,,,,361
imsa,2021,Watkins Glen 6 Hours,,race,382,14,GTD,Kyle Kirkwood,kyle kirkwood,13,1.0,12,107.677,25.065,40.716,41.896,,GF,6,,,,,361
imsa,2021,Watkins Glen 6 Hours,,race,382,14,GTD,Kyle Kirkwood,kyle kirkwood,14,1.0,13,107.541,25.119,40.494,41.928,,GF,7,,,,,361
imsa,2021,Watkins Glen 6 Hours,,race,382,14,GTD,Kyle Kirkwood,kyle kirkwood,15,1.0,14,108.586,25.145,40.866,42.575,,GF,8,,,,,361
imsa,2021,Watkins Glen 6 Hours,,race,382,14,GTD,Kyle Kirkwood,kyle kirkwood,16,1.0,15,107.803,25.162,40.705,41.936,,GF,9,,,,,361
imsa,2021,Watkins Glen 6 Hours,,race,382,14,GTD,Kyle Kirkwood,kyle kirkwood,17,1.0,16,107.829,25.16,40.62,42.049,,GF,10,,,,,361
imsa,2021,Watkins Glen 6 Hours,,race,382,14,GTD,Kyle Kirkwood,kyle kirkwood,18,1.0,17,108.008,25.206,40.863,41.939,,GF,11,,,,,361
imsa,2021,Watkins Glen 6 Hours,,race,382,14,GTD,Kyle Kirkwood,kyle kirkwood,19,1.0,18,107.597,25.192,40.384,42.021,,GF,12,,,,,361
imsa,2021,Watkins Glen 6 Hours,,race,382,14,GTD,Kyle Kirkwood,kyle kirkwood,20,1.0,19,107.785,25.21,40.606,41.969,,GF,13,,,,,361
imsa,2021,Watkins Glen 6 Hours,,race,382,14,GTD,Kyle Kirkwood,kyle kirkwood,21,1.0,20,108.014,25.126,40.716,42.172,,GF,14,,,,,361
imsa,2021,Watkins Glen 6 Hours,,race,382,14,GTD,Kyle Kirkwood,kyle kirkwood,22,1.0,21,108.559,25.194,41.344,42.021,,GF,15,,,,,361
imsa,2021,Watkins Glen 6 Hours,,race,382,14,GTD,Kyle Kirkwood,kyle kirkwood,23,1.0,22,108.742,25.113,41.57,42.059,,GF,16,,,,,361
imsa,2021,Watkins Glen 6 Hours,,race,382,14,GTD,Kyle Kirkwood,kyle kirkwood,24,1.0,23,107.956,25.26,40.612,42.084,,GF,17,,,,,361
imsa,2021,Watkins Glen 6 Hours,,race,382,14,GTD,Kyle Kirkwood,kyle kirkwood,25,1.0,24,108.981,25.207,41.381,42.393,,GF,18,,,,,361
imsa,2021,Watkins Glen 6 Hours,,race,382,14,GTD,Kyle Kirkwood,kyle kirkwood,26,1.0,25,108.2,25.24,40.807,42.153,,GF,19,,,,,361
imsa,2021,Watkins Glen 6 Hours,,race,382,14,GTD,Kyle Kirkwood,kyle kirkwood,27,1.0,26,108.014,25.255,40.594,42.165,,GF,20,,,,,361
imsa,2021,Watkins Glen 6 Hours,,race,382,14,GTD,Kyle Kirkwood,kyle kirkwood,28,1.0,27,108.017,25.146,40.663,42.208,,GF,21,,,,,361
imsa,2021,Watkins Glen 6 Hours,,race,382,14,GTD,Kyle Kirkwood,kyle kirkwood,29,1.0,28,107.621,25.181,40.478,41.962,,GF,22,,,,,361
imsa,2021,Watkins Glen 6 Hours,,race,382,14,GTD,Kyle Kirkwood,kyle kirkwood,30,1.0,29,107.944,25.17,40.75,42.024,,GF,23,,,,,361
imsa,2021,Watkins Glen 6 Hours,,race,382,14,GTD,Kyle Kirkwood,kyle kirkwood,31,1.0,30,109.032,25.21,41.709,42.113,,GF,24,,,,,361
imsa,2021,Watkins Glen 6 Hours,,race,382,14,GTD,Kyle Kirkwood,kyle kirkwood,32,1.0,31,107.939,25.14,40.753,42.046,,GF,25,,,,,361
imsa,2021,Watkins Glen 6 Hours,,race,382,14,GTD,Kyle Kirkwood,kyle kirkwood,33,1.0,32,109.804,25.356,41.695,42.753,,GF,26,,,,,361
imsa,2021,Watkins Glen 6 Hours,,race,382,14,GTD,Kyle Kirkwood,kyle kirkwood,34,1.0,33,108.465,25.165,40.714,42.586,,GF,27,,,,,361
imsa,2021,Watkins Glen 6 Hours,,race,382,14,GTD,Kyle Kirkwood,kyle kirkwood,35,1.0,34,108.812,25.185,40.898,42.729,,GF,28,,,,,361
imsa,2021,Watkins Glen 6 Hours,,race,382,14,GTD,Kyle Kirkwood,kyle kirkwood,36,1.0,35,166.174,25.151,40.306,100.717,,GF,29,,,,,361
imsa,2021,Watkins Glen 6 Hours,,race,382,14,GTD,Kyle Kirkwood,kyle kirkwood,37,1.0,36,121.202,37.824,41.179,42.199,75.893,GF,0,,,,,361
imsa,2021,Watkins Glen 6 Hours,,race,382,14,GTD,Kyle Kirkwood,kyle kirkwood,38,1.0,37,107.696,25.312,40.407,41.977,,GF,0,,,,,361
imsa,2021,Watkins Glen 6 Hours,,race,382,14,GTD,Kyle Kirkwood,kyle kirkwood,39,1.0,38,108.383,25.2,41.261,41.922,,GF,1,,,,,361
imsa,2021,Watkins Glen 6 Hours,,race,382,14,GTD,Kyle Kirkwood,kyle kirkwood,40,1.0,39,107.985,25.288,40.463,42.234,,GF,2,,,,,361
imsa,2021,Watkins Glen 6 Hours,,race,382,14,GTD,Kyle Kirkwood,kyle kirkwood,41,1.0,40,107.958,25.36,40.49,42.108,,GF,3,,,,,361
imsa,2021,Watkins Glen 6 Hours,,race,382,14,GTD,Kyle Kirkwood,kyle kirkwood,42,1.0,41,108.406,25.399,40.736,42.271,,GF,4,,,,,361
imsa,2021,Watkins Glen 6 Hours,,race,382,14,GTD,Kyle Kirkwood,kyle kirkwood,43,1.0,42,107.43,25.288,40.326,41.816,,GF,5,,,,,361
imsa,2021,Watkins Glen 6 Hours,,race,382,14,GTD,Kyle Kirkwood,kyle kirkwood,44,1.0,43,107.229,25.139,40.284,41.806,,GF,6,,,,,361
imsa,2021,Watkins Glen 6 Hours,,race,382,14,GTD,Kyle Kirkwood,kyle kirkwood,45,1.0,44,107.535,25.205,40.34,41.99,,GF,7,,,,,361
imsa,2021,Watkins Glen 6 Hours,,race,382,14,GTD,Kyle Kirkwood,kyle kirkwood,46,1.0,45,108.289,25.3,40.81,42.179,,GF,8,,,,,361
imsa,2021,Watkins Glen 6 Hours,,race,382,14,GTD,Kyle Kirkwood,kyle kirkwood,47,1.0,46,107.946,25.192,40.603,42.151,,GF,9,,,,,361
imsa,2021,Watkins Glen 6 Hours,,race,382,14,GTD,Kyle Kirkwood,kyle kirkwood,48,1.0,47,107.823,25.222,40.602,41.999,,GF,10,,,,,361
imsa,2021,Watkins Glen 6 Hours,,race,382,14,GTD,Kyle Kirkwood,kyle kirkwood,49,1.0,48,107.624,25.185,40.461,41.978,,GF,11,,,,,361
imsa,2021,Watkins Glen 6 Hours,,race,382,14,GTD,Kyle Kirkwood,kyle kirkwood,50,1.0,49,107.971,25.15,40.741,42.08,,GF,12,,,,,361
imsa,2021,Watkins Glen 6 Hours,,race,382,14,GTD,Kyle Kirkwood,kyle kirkwood,51,1.0,50,107.858,25.212,40.399,42.247,,GF,13,,,,,361
imsa,2021,Watkins Glen 6 Hours,,race,382,14,GTD,Kyle Kirkwood,kyle kirkwood,52,1.0,51,108.009,25.187,40.924,41.898,,GF,14,,,,,361
imsa,2021,Watkins Glen 6 Hours,,race,382,14,GTD,Kyle Kirkwood,kyle kirkwood,53,1.0,52,107.932,25.357,40.561,42.014,,GF,15,,,,,361
imsa,2021,Watkins Glen 6 Hours,,race,382,14,GTD,Kyle Kirkwood,kyle kirkwood,54,1.0,53,108.352,25.243,40.883,42.226,,GF,16,,,,,361
imsa,2021,Watkins Glen 6 Hours,,race,382,14,GTD,Kyle Kirkwood,kyle kirkwood,55,1.0,54,108.424,25.182,40.686,42.556,,GF,17,,,,,361
imsa,2021,Watkins Glen 6 Hours,,race,382,14,GTD,Kyle Kirkwood,kyle kirkwood,56,1.0,55,109.08,25.285,41.262,42.533,,GF,18,,,,,361
imsa,2021,Watkins Glen 6 Hours,,race,382,14,GTD,Kyle Kirkwood,kyle kirkwood,57,1.0,56,108.7,25.278,40.844,42.578,,GF,19,,,,,361
imsa,2021,Watkins Glen 6 Hours,,race,382,14,GTD,Kyle Kirkwood,kyle kirkwood,58,1.0,57,119.969,25.322,41.867,52.78,,FCY,20,,,,,361
imsa,2021,Watkins Glen 6 Hours,,race,382,14,GTD,Kyle Kirkwood,kyle kirkwood,59,1.0,58,225.187,51.742,89.138,84.307,,FCY,20,,,,,361
imsa,2021,Watkins Glen 6 Hours,,race,382,14,GTD,Kyle Kirkwood,kyle kirkwood,60,1.0,59,229.489,61.106,89.607,78.776,,FCY,20,,,,,361
imsa,2021,Watkins Glen 6 Hours,,race,382,14,GTD,Kyle Kirkwood,kyle kirkwood,61,1.0,60,247.065,53.283,76.736,117.046,,FCY,20,,,,,361
imsa,2021,Watkins Glen 6 Hours,,race,382,14,GTD,Aaron Telitz,aaron telitz,62,2.0,0,183.519,43.068,63.075,77.376,64.382,FCY,0,,,,,361
imsa,2021,Watkins Glen 6 Hours,,race,382,14,GTD,Aaron Telitz,aaron telitz,63,2.0,1,187.388,56.513,73.493,57.382,,GF,0,,,,,361
imsa,2021,Watkins Glen 6 Hours,,race,382,14,GTD,Aaron Telitz,aaron telitz,64,2.0,2,109.683,25.387,41.707,42.589,,GF,1,,,,,361
imsa,2021,Watkins Glen 6 Hours,,race,382,14,GTD,Aaron Telitz,aaron telitz,65,2.0,3,108.077,25.187,40.737,42.153,,GF,2,,,,,361
imsa,2021,Watkins Glen 6 Hours,,race,382,14,GTD,Aaron Telitz,aaron telitz,66,2.0,4,107.405,25.101,40.426,41.878,,GF,3,,,,,361
imsa,2021,Watkins Glen 6 Hours,,race,382,14,GTD,Aaron Telitz,aaron telitz,67,2.0,5,107.387,25.08,40.381,41.926,,GF,4,,,,,361
imsa,2021,Watkins Glen 6 Hours,,race,382,14,GTD,Aaron Telitz,aaron telitz,68,2.0,6,107.485,25.105,40.351,42.029,,GF,5,,,,,361
imsa,2021,Watkins Glen 6 Hours,,race,382,14,GTD,Aaron Telitz,aaron telitz,69,2.0,7,107.908,25.174,40.488,42.246,,GF,6,,,,,361
imsa,2021,Watkins Glen 6 Hours,,race,382,14,GTD,Aaron Telitz,aaron telitz,70,2.0,8,108.348,25.297,40.831,42.22,,GF,7,,,,,361
imsa,2021,Watkins Glen 6 Hours,,race,382,14,GTD,Aaron Telitz,aaron telitz,71,2.0,9,108.449,25.22,41.224,42.005,,GF,8,,,,,361
imsa,2021,Watkins Glen 6 Hours,,race,382,14,GTD,Aaron Telitz,aaron telitz,72,2.0,10,108.222,25.28,40.833,42.109,,GF,9,,,,,361
imsa,2021,Watkins Glen 6 Hours,,race,382,14,GTD,Aaron Telitz,aaron telitz,73,2.0,11,108.063,25.221,40.788,42.054,,GF,10,,,,,361
imsa,2021,Watkins Glen 6 Hours,,race,382,14,GTD,Aaron Telitz,aaron telitz,74,2.0,12,107.82,25.294,40.657,41.869,,GF,11,,,,,361
imsa,2021,Watkins Glen 6 Hours,,race,382,14,GTD,Aaron Telitz,aaron telitz,75,2.0,13,120.426,25.261,47.362,47.803,,FCY,12,,,,,361
imsa,2021,Watkins Glen 6 Hours,,race,382,14,GTD,Aaron Telitz,aaron telitz,76,2.0,14,120.759,27.04,47.363,46.356,,FCY,12,,,,,361
imsa,2021,Watkins Glen 6 Hours,,race,382,14,GTD,Aaron Telitz,aaron telitz,77,2.0,15,134.651,27.131,45.986,61.534,,FCY,12,,,,,361
imsa,2021,Watkins Glen 6 Hours,,race,382,14,GTD,Aaron Telitz,aaron telitz,78,2.0,16,185.326,51.542,70.461,63.323,,FCY,12,,,,,361
imsa,2021,Watkins Glen 6 Hours,,race,382,14,GTD,Aaron Telitz,aaron telitz,79,2.0,17,168.762,45.373,69.198,54.191,,FCY,12,,,,,361
imsa,2021,Watkins Glen 6 Hours,,race,382,14,GTD,Aaron Telitz,aaron telitz,80,2.0,18,205.726,39.51,67.899,98.317,,FCY,12,,,,,361
imsa,2021,Watkins Glen 6 Hours,,race,382,14,GTD,Aaron Telitz,aaron telitz,81,2.0,19,163.403,43.138,54.089,66.176,57.599,FCY,0,,,,,361
imsa,2021,Watkins Glen 6 Hours,,race,382,14,GTD,Aaron Telitz,aaron telitz,82,2.0,20,191.429,45.501,68.511,77.417,,FCY,0,,,,,361
imsa,2021,Watkins Glen 6 Hours,,race,382,14,GTD,Aaron Telitz,aaron telitz,83,2.0,21,153.516,43.014,62.715,47.787,,GF,0,,,,,361
imsa,2021,Watkins Glen 6 Hours,,race,382,14,GTD,Aaron Telitz,aaron telitz,84,2.0,22,109.126,25.411,41.367,42.348,,GF,1,,,,,361
imsa,2021,Watkins Glen 6 Hours,,race,382,14,GTD,Aaron Telitz,aaron telitz,85,2.0,23,107.707,25.392,40.467,41.848,,GF,2,,,,,361
imsa,2021,Watkins Glen 6 Hours,,race,382,14,GTD,Aaron Telitz,aaron telitz,86,2.0,24,107.695,25.328,40.512,41.855,,GF,3,,,,,361
imsa,2021,Watkins Glen 6 Hours,,race,382,14,GTD,Aaron Telitz,aaron telitz,87,2.0,25,107.652,25.294,40.546,41.812,,GF,4,,,,,361
imsa,2021,Watkins Glen 6 Hours,,race,382,14,GTD,Aaron Telitz,aaron telitz,88,2.0,26,107.799,25.259,40.513,42.027,,GF,5,,,,,361
imsa,2021,Watkins Glen 6 Hours,,race,382,14,GTD,Aaron Telitz,aaron telitz,89,2.0,27,109.265,25.281,41.234,42.75,,GF,6,,,,,361
imsa,2021,Watkins Glen 6 Hours,,race,382,14,GTD,Aaron Telitz,aaron telitz,90,2.0,28,109.274,25.296,41.352,42.626,,GF,7,,,,,361
imsa,2021,Watkins Glen 6 Hours,,race,382,14,GTD,Aaron Telitz,aaron telitz,91,2.0,29,108.818,25.406,41.334,42.078,,GF,8,,,,,361
imsa,2021,Watkins Glen 6 Hours,,race,382,14,GTD,Aaron Telitz,aaron telitz,92,2.0,30,108.877,25.306,41.46,42.111,,GF,9,,,,,361
imsa,2021,Watkins Glen 6 Hours,,race,382,14,GTD,Aaron Telitz,aaron telitz,93,2.0,31,108.256,25.259,40.884,42.113,,GF,10,,,,,361
imsa,2021,Watkins Glen 6 Hours,,race,382,14,GTD,Aaron Telitz,aaron telitz,94,2.0,32,108.094,25.273,40.688,42.133,,GF,11,,,,,361
imsa,2021,Watkins Glen 6 Hours,,race,382,14,GTD,Aaron Telitz,aaron telitz,95,2.0,33,108.526,25.307,40.686,42.533,,GF,12,,,,,361
imsa,2021,Watkins Glen 6 Hours,,race,382,14,GTD,Aaron Telitz,aaron telitz,96,2.0,34,108.876,25.222,41.276,42.378,,GF,13,,,,,361
imsa,2021,Watkins Glen 6 Hours,,race,382,14,GTD,Aaron Telitz,aaron telitz,97,2.0,35,108.42,25.327,40.993,42.1,,GF,14,,,,,361
imsa,2021,Watkins Glen 6 Hours,,race,382,14,GTD,Aaron Telitz,aaron telitz,98,2.0,36,108.701,25.292,41.228,42.181,,GF,15,,,,,361
imsa,2021,Watkins Glen 6 Hours,,race,382,14,GTD,Aaron Telitz,aaron telitz,99,2.0,37,108.56,25.391,40.965,42.204,,GF,16,,,,,361
imsa,2021,Watkins Glen 6 Hours,,race,382,14,GTD,Aaron Telitz,aaron telitz,100,2.0,38,108.432,25.153,40.716,42.563,,GF,17,,,,,361
imsa,2021,Watkins Glen 6 Hours,,race,382,14,GTD,Aaron Telitz,aaron telitz,101,2.0,39,108.243,25.322,40.895,42.026,,GF,18,,,,,361
imsa,2021,Watkins Glen 6 Hours,,race,382,14,GTD,Aaron Telitz,aaron telitz,102,2.0,40,108.085,25.081,40.832,42.172,,GF,19,,,,,361
imsa,2021,Watkins Glen 6 Hours,,race,382,14,GTD,Aaron Telitz,aaron telitz,103,2.0,41,108.067,25.179,40.703,42.185,,GF,20,,,,,361
imsa,2021,Watkins Glen 6 Hours,,race,382,14,GTD,Aaron Telitz,aaron telitz,104,2.0,42,108.204,25.17,40.962,42.072,,GF,21,,,,,361
imsa,2021,Watkins Glen 6 Hours,,race,382,14,GTD,Aaron Telitz,aaron telitz,105,2.0,43,108.545,25.149,41.017,42.379,,GF,22,,,,,361
imsa,2021,Watkins Glen 6 Hours,,race,382,14,GTD,Aaron Telitz,aaron telitz,106,2.0,44,109.206,25.337,41.12,42.749,,GF,23,,,,,361
imsa,2021,Watkins Glen 6 Hours,,race,382,14,GTD,Aaron Telitz,aaron telitz,107,2.0,45,109.02,25.168,41.27,42.582,,GF,24,,,,,361
imsa,2021,Watkins Glen 6 Hours,,race,382,14,GTD,Aaron Telitz,aaron telitz,108,2.0,46,108.447,25.214,40.96,42.273,,GF,25,,,,,361
imsa,2021,Watkins Glen 6 Hours,,race,382,14,GTD,Aaron Telitz,aaron telitz,109,2.0,47,108.425,25.118,41.167,42.14,,GF,26,,,,,361
imsa,2021,Watkins Glen 6 Hours,,race,382,14,GTD,Aaron Telitz,aaron telitz,110,2.0,48,155.17,25.134,40.918,89.118,,GF,27,,,,,361
imsa,2021,Watkins Glen 6 Hours,,race,382,14,GTD,Jack Hawksworth,jack hawksworth,111,3.0,0,120.361,37.44,40.978,41.943,64.392,GF,0,,,,,361
imsa,2021,Watkins Glen 6 Hours,,race,382,14,GTD,Jack Hawksworth,jack hawksworth,112,3.0,1,107.407,25.217,40.522,41.668,,GF,0,,,,,361
imsa,2021,Watkins Glen 6 Hours,,race,382,14,GTD,Jack Hawksworth,jack hawksworth,113,3.0,2,107.634,25.186,40.609,41.839,,GF,1,,,,,361
imsa,2021,Watkins Glen 6 Hours,,race,382,14,GTD,Jack Hawksworth,jack hawksworth,114,3.0,3,107.914,25.13,40.596,42.188,,GF,2,,,,,361
imsa,2021,Watkins Glen 6 Hours,,race,382,14,GTD,Jack Hawksworth,jack hawksworth,115,3.0,4,107.701,25.244,40.509,41.948,,GF,3,,,,,361
imsa,2021,Watkins Glen 6 Hours,,race,382,14,GTD,Jack Hawksworth,jack hawksworth,116,3.0,5,108.145,25.29,40.819,42.036,,GF,4,,,,,361
imsa,2021,Watkins Glen 6 Hours,,race,382,14,GTD,Jack Hawksworth,jack hawksworth,117,3.0,6,108.741,25.275,41.115,42.351,,GF,5,,,,,361
imsa,2021,Watkins Glen 6 Hours,,race,382,14,GTD,Jack Hawksworth,jack hawksworth,118,3.0,7,108.354,25.261,40.915,42.178,,GF,6,,,,,361
imsa,2021,Watkins Glen 6 Hours,,race,382,14,GTD,Jack Hawksworth,jack hawksworth,119,3.0,8,107.989,25.193,40.726,42.07,,GF,7,,,,,361
imsa,2021,Watkins Glen 6 Hours,,race,382,14,GTD,Jack Hawksworth,jack hawksworth,120,3.0,9,107.907,25.146,40.704,42.057,,GF,8,,,,,361
imsa,2021,Watkins Glen 6 Hours,,race,382,14,GTD,Jack Hawksworth,jack hawksworth,121,3.0,10,109.868,25.283,42.224,42.361,,GF,9,,,,,361
imsa,2021,Watkins Glen 6 Hours,,race,382,14,GTD,Jack Hawksworth,jack hawksworth,122,3.0,11,108.464,25.159,41.101,42.204,,GF,10,,,,,361
imsa,2021,Watkins Glen 6 Hours,,race,382,14,GTD,Jack Hawksworth,jack hawksworth,123,3.0,12,108.359,25.157,40.978,42.224,,GF,11,,,,,361
imsa,2021,Watkins Glen 6 Hours,,race,382,14,GTD,Jack Hawksworth,jack hawksworth,124,3.0,13,109.23,25.237,41.625,42.368,,GF,12,,,,,361
imsa,2021,Watkins Glen 6 Hours,,race,382,14,GTD,Jack Hawksworth,jack hawksworth,125,3.0,14,108.846,25.379,41.087,42.38,,GF,13,,,,,361
imsa,2021,Watkins Glen 6 Hours,,race,382,14,GTD,Jack Hawksworth,jack hawksworth,126,3.0,15,109.86,25.226,41.289,43.345,,GF,14,,,,,361
imsa,2021,Watkins Glen 6 Hours,,race,382,14,GTD,Jack Hawksworth,jack hawksworth,127,3.0,16,107.415,25.176,40.511,41.728,,GF,15,,,,,361
imsa,2021,Watkins Glen 6 Hours,,race,382,14,GTD,Jack Hawksworth,jack hawksworth,128,3.0,17,107.707,25.127,40.531,42.049,,GF,16,,,,,361
imsa,2021,Watkins Glen 6 Hours,,race,382,14,GTD,Jack Hawksworth,jack hawksworth,129,3.0,18,107.612,25.212,40.484,41.916,,GF,17,,,,,361
imsa,2021,Watkins Glen 6 Hours,,race,382,14,GTD,Jack Hawksworth,jack hawksworth,130,3.0,19,107.374,25.177,40.439,41.758,,GF,18,,,,,361
imsa,2021,Watkins Glen 6 Hours,,race,382,14,GTD,Jack Hawksworth,jack hawksworth,131,3.0,20,107.671,25.169,40.507,41.995,,GF,19,,,,,361
imsa,2021,Watkins Glen 6 Hours,,race,382,14,GTD,Jack Hawksworth,jack hawksworth,132,3.0,21,107.668,25.225,40.434,42.009,,GF,20,,,,,361
imsa,2021,Watkins Glen 6 Hours,,race,382,14,GTD,Jack Hawksworth,jack hawksworth,133,3.0,22,107.738,25.211,40.608,41.919,,GF,21,,,,,361
imsa,2021,Watkins Glen 6 Hours,,race,382,14,GTD,Jack Hawksworth,jack hawksworth,134,3.0,23,156.426,25.349,40.578,90.499,,GF,22,,,,,361
imsa,2021,Watkins Glen 6 Hours,,race,382,14,GTD,Jack Hawksworth,jack hawksworth,135,3.0,24,120.629,37.259,41.224,42.146,65.825,GF,0,,,,,361
imsa,2021,Watkins Glen 6 Hours,,race,382,14,GTD,Jack Hawksworth,jack hawksworth,136,3.0,25,107.807,25.449,40.569,41.789,,GF,0,,,,,361
imsa,2021,Watkins Glen 6 Hours,,race,382,14,GTD,Jack Hawksworth,jack hawksworth,137,3.0,26,107.802,25.295,40.693,41.814,,GF,1,,,,,361
imsa,2021,Watkins Glen 6 Hours,,race,382,14,GTD,Jack Hawksworth,jack hawksworth,138,3.0,27,107.709,25.134,40.753,41.822,,GF,2,,,,,361
imsa,2021,Watkins Glen 6 Hours,,race,382,14,GTD,Jack Hawksworth,jack hawksworth,139,3.0,28,107.507,25.139,40.55,41.818,,GF,3,,,,,361
imsa,2021,Watkins Glen 6 Hours,,race,382,14,GTD,Jack Hawksworth,jack hawksworth,140,3.0,29,108.163,25.324,40.709,42.13,,GF,4,,,,,361
imsa,2021,Watkins Glen 6 Hours,,race,382,14,GTD,Jack Hawksworth,jack hawksworth,141,3.0,30,107.762,25.286,40.546,41.93,,GF,5,,,,,361
imsa,2021,Watkins Glen 6 Hours,,race,382,14,GTD,Jack Hawksworth,jack hawksworth,142,3.0,31,107.844,25.227,40.68,41.937,,GF,6,,,,,361
imsa,2021,Watkins Glen 6 Hours,,race,382,14,GTD,Jack Hawksworth,jack hawksworth,143,3.0,32,108.559,25.452,40.939,42.168,,GF,7,,,,,361
imsa,2021,Watkins Glen 6 Hours,,race,382,14,GTD,Jack Hawksworth,jack hawksworth,144,3.0,33,108.564,25.282,40.932,42.35,,GF,8,,,,,361
imsa,2021,Watkins Glen 6 Hours,,race,382,14,GTD,Jack Hawksworth,jack hawksworth,145,3.0,34,108.797,25.233,41.028,42.536,,GF,9,,,,,361
imsa,2021,Watkins Glen 6 Hours,,race,382,14,GTD,Jack Hawksworth,jack hawksworth,146,3.0,35,109.207,25.304,41.322,42.581,,GF,10,,,,,361
imsa,2021,Watkins Glen 6 Hours,,race,382,14,GTD,Jack Hawksworth,jack hawksworth,147,3.0,36,109.294,25.306,41.074,42.914,,GF,11,,,,,361
imsa,2021,Watkins Glen 6 Hours,,race,382,14,GTD,Jack Hawksworth,jack hawksworth,148,3.0,37,108.235,25.428,40.667,42.14,,GF,12,,,,,361
imsa,2021,Watkins Glen 6 Hours,,race,382,14,GTD,Jack Hawksworth,jack hawksworth,149,3.0,38,108.456,25.402,41.047,42.007,,GF,13,,,,,361
imsa,2021,Watkins Glen 6 Hours,,race,382,14,GTD,Jack Hawksworth,jack hawksworth,150,3.0,39,108.043,25.325,40.712,42.006,,FCY,14,,,,,361
imsa,2021,Watkins Glen 6 Hours,,race,382,14,GTD,Jack Hawksworth,jack hawksworth,151,3.0,40,183.557,36.627,69.7,77.23,,FCY,14,,,,,361
imsa,2021,Watkins Glen 6 Hours,,race,382,14,GTD,Jack Hawksworth,jack hawksworth,152,3.0,41,214.631,57.77,82.399,74.462,,FCY,14,,,,,361
imsa,2021,Watkins Glen 6 Hours,,race,382,14,GTD,Jack Hawksworth,jack hawksworth,153,3.0,42,194.654,50.82,74.274,69.56,,FCY,14,,,,,361
imsa,2021,Watkins Glen 6 Hours,,race,382,14,GTD,Jack Hawksworth,jack hawksworth,154,3.0,43,229.848,49.659,74.325,105.864,,FCY,14,,,,,361
imsa,2021,Watkins Glen 6 Hours,,race,382,14,GTD,Jack Hawksworth,jack hawksworth,155,3.0,44,181.94,51.416,70.047,60.477,58.674,FCY,0,,,,,361
imsa,2021,Watkins Glen 6 Hours,,race,382,14,GTD,Jack Hawksworth,jack hawksworth,156,3.0,45,199.168,51.168,77.475,70.525,,FCY,0,,,,,361
imsa,2021,Watkins Glen 6 Hours,,race,382,14,GTD,Jack Hawksworth,jack hawksworth,157,3.0,46,183.697,47.415,70.005,66.277,,FCY,0,,,,,361
imsa,2021,Watkins Glen 6 Hours,,race,382,14,GTD,Jack Hawksworth,jack hawksworth,158,3.0,47,159.843,44.624,60.376,54.843,,GF,0,,,,,361
imsa,2021,Watkins Glen 6 Hours,,race,382,14,GTD,Jack Hawksworth,jack hawksworth,159,3.0,48,111.568,25.706,42.049,43.813,,GF,1,,,,,361
imsa,2021,Watkins Glen 6 Hours,,race,382,14,GTD,Jack Hawksworth,jack hawksworth,160,3.0,49,110.404,26.221,41.505,42.678,,GF,2,,,,,361
imsa,2021,Watkins Glen 6 Hours,,race,382,14,GTD,Jack Hawksworth,jack hawksworth,161,3.0,50,108.76,25.574,40.91,42.276,,GF,3,,,,,361
imsa,2021,Watkins Glen 6 Hours,,race,382,14,GTD,Jack Hawksworth,jack hawksworth,162,3.0,51,108.406,25.236,41.025,42.145,,GF,4,,,,,361
imsa,2021,Watkins Glen 6 Hours,,race,382,14,GTD,Jack Hawksworth,jack hawksworth,163,3.0,52,108.644,25.299,40.992,42.353,,GF,5,,,,,361
imsa,2021,Watkins Glen 6 Hours,,race,382,14,GTD,Jack Hawksworth,jack hawksworth,164,3.0,53,109.846,25.174,41.72,42.952,,GF,6,,,,,361
imsa,2021,Watkins Glen 6 Hours,,race,382,14,GTD,Jack Hawksworth,jack hawksworth,165,3.0,54,109.092,25.244,41.129,42.719,,GF,7,,,,,361
imsa,2021,Watkins Glen 6 Hours,,race,382,14,GTD,Jack Hawksworth,jack hawksworth,166,3.0,55,108.849,25.055,41.281,42.513,,GF,8,,,,,361
imsa,2021,Watkins Glen 6 Hours,,race,382,14,GTD,Jack Hawksworth,jack hawksworth,167,3.0,56,108.398,25.225,40.753,42.42,,GF,9,,,,,361
imsa,2021,Watkins Glen 6 Hours,,race,382,14,GTD,Jack Hawksworth,jack hawksworth,168,3.0,57,108.479,25.227,41.078,42.174,,GF,10,,,,,361
imsa,2021,Watkins Glen 6 Hours,,race,382,14,GTD,Jack Hawksworth,jack hawksworth,169,3.0,58,108.131,25.19,40.73,42.211,,GF,11,,,,,361
imsa,2021,Watkins Glen 6 Hours,,race,382,14,GTD,Jack Hawksworth,jack hawksworth,170,3.0,59,108.689,25.119,41.028,42.542,,GF,12,,,,,361
imsa,2021,Watkins Glen 6 Hours,,race,382,14,GTD,Jack Hawksworth,jack hawksworth,171,3.0,60,108.392,25.176,40.78,42.436,,GF,13,,,,,361
imsa,2021,Watkins Glen 6 Hours,,race,382,14,GTD,Jack Hawksworth,jack hawksworth,172,3.0,61,108.631,25.207,41.178,42.246,,GF,14,,,,,361
imsa,2021,Watkins Glen 6 Hours,,race,382,14,GTD,Jack Hawksworth,jack hawksworth,173,3.0,62,108.787,25.122,41.529,42.136,,GF,15,,,,,361
imsa,2021,Watkins Glen 6 Hours,,race,382,14,GTD,Jack Hawksworth,jack hawksworth,174,3.0,63,107.922,25.024,40.716,42.182,,GF,16,,,,,361
imsa,2021,Watkins Glen 6 Hours,,race,382,14,GTD,Jack Hawksworth,jack hawksworth,175,3.0,64,108.684,25.005,41.027,42.652,,GF,17,,,,,361
imsa,2021,Watkins Glen 6 Hours,,race,382,14,GTD,Jack Hawksworth,jack hawksworth,176,3.0,65,108.444,25.096,40.759,42.589,,GF,18,,,,,361
imsa,2021,Watkins Glen 6 Hours,,race,382,14,GTD,Jack Hawksworth,jack hawksworth,177,3.0,66,109.295,25.043,41.576,42.676,,GF,19,,,,,361
imsa,2021,Watkins Glen 6 Hours,,race,382,14,GTD,Jack Hawksworth,jack hawksworth,178,3.0,67,108.966,25.442,41.131,42.393,,GF,20,,,,,361
imsa,2021,Watkins Glen 6 Hours,,race,382,14,GTD,Jack Hawksworth,jack hawksworth,179,3.0,68,108.232,25.062,40.678,42.492,,FF,21,,,,,361
imsa,2021,Watkins Glen 6 Hours,,race,382,16,GTD,Trent Hindman,trent hindman,1,1.0,0,137.073,52.874,41.814,42.385,,GF,0,,,,,361
imsa,2021,Watkins Glen 6 Hours,,race,382,16,GTD,Trent Hindman,trent hindman,2,1.0,1,107.83,25.156,40.54,42.134,,GF,0,,,,,361
imsa,2021,Watkins Glen 6 Hours,,race,382,16,GTD,Trent Hindman,trent hindman,3,1.0,2,107.649,25.118,40.416,42.115,,GF,1,,,,,361
imsa,2021,Watkins Glen 6 Hours,,race,382,16,GTD,Trent Hindman,trent hindman,4,1.0,3,121.685,25.205,42.789,53.691,,FCY,2,,,,,361
imsa,2021,Watkins Glen 6 Hours,,race,382,16,GTD,Trent Hindman,trent hindman,5,1.0,4,145.772,34.711,54.486,56.575,,FCY,2,,,,,361
imsa,2021,Watkins Glen 6 Hours,,race,382,16,GTD,Trent Hindman,trent hindman,6,1.0,5,139.894,34.995,52.264,52.635,,FCY,2,,,,,361
imsa,2021,Watkins Glen 6 Hours,,race,382,16,GTD,Trent Hindman,trent hindman,7,1.0,6,229.434,57.493,84.684,87.257,,FCY,2,,,,,361
imsa,2021,Watkins Glen 6 Hours,,race,382,16,GTD,Trent Hindman,trent hindman,8,1.0,7,202.485,63.446,75.525,63.514,,FCY,2,,,,,361
imsa,2021,Watkins Glen 6 Hours,,race,382,16,GTD,Trent Hindman,trent hindman,9,1.0,8,161.513,41.407,66.3,53.806,,GF,2,,,,,361
imsa,2021,Watkins Glen 6 Hours,,race,382,16,GTD,Trent Hindman,trent hindman,10,1.0,9,109.431,25.698,41.16,42.573,,GF,3,,,,,361
imsa,2021,Watkins Glen 6 Hours,,race,382,16,GTD,Trent Hindman,trent hindman,11,1.0,10,107.993,25.312,40.554,42.127,,GF,4,,,,,361
imsa,2021,Watkins Glen 6 Hours,,race,382,16,GTD,Trent Hindman,trent hindman,12,1.0,11,107.818,25.23,40.588,42.0,,GF,5,,,,,361
imsa,2021,Watkins Glen 6 Hours,,race,382,16,GTD,Trent Hindman,trent hindman,13,1.0,12,107.657,25.221,40.527,41.909,,GF,6,,,,,361
imsa,2021,Watkins Glen 6 Hours,,race,382,16,GTD,Trent Hindman,trent hindman,14,1.0,13,107.752,25.241,40.433,42.078,,GF,7,,,,,361
imsa,2021,Watkins Glen 6 Hours,,race,382,16,GTD,Trent Hindman,trent hindman,15,1.0,14,108.308,25.292,40.576,42.44,,GF,8,,,,,361
imsa,2021,Watkins Glen 6 Hours,,race,382,16,GTD,Trent Hindman,trent hindman,16,1.0,15,107.82,25.196,40.764,41.86,,GF,9,,,,,361
imsa,2021,Watkins Glen 6 Hours,,race,382,16,GTD,Trent Hindman,trent hindman,17,1.0,16,107.623,25.207,40.433,41.983,,GF,10,,,,,361
imsa,2021,Watkins Glen 6 Hours,,race,382,16,GTD,Trent Hindman,trent hindman,18,1.0,17,108.009,25.274,40.546,42.189,,GF,11,,,,,361
imsa,2021,Watkins Glen 6 Hours,,race,382,16,GTD,Trent Hindman,trent hindman,19,1.0,18,107.861,25.251,40.508,42.102,,GF,12,,,,,361
imsa,2021,Watkins Glen 6 Hours,,race,382,16,GTD,Trent Hindman,trent hindman,20,1.0,19,107.779,25.293,40.468,42.018,,GF,13,,,,,361
imsa,2021,Watkins Glen 6 Hours,,race,382,16,GTD,Trent Hindman,trent hindman,21,1.0,20,108.173,25.296,40.675,42.202,,GF,14,,,,,361
imsa,2021,Watkins Glen 6 Hours,,race,382,16,GTD,Trent Hindman,trent hindman,22,1.0,21,108.632,25.333,41.231,42.068,,GF,15,,,,,361
imsa,2021,Watkins Glen 6 Hours,,race,382,16,GTD,Trent Hindman,trent hindman,23,1.0,22,108.571,25.379,41.053,42.139,,GF,16,,,,,361
imsa,2021,Watkins Glen 6 Hours,,race,382,16,GTD,Trent Hindman,trent hindman,24,1.0,23,108.023,25.322,40.559,42.142,,GF,17,,,,,361
imsa,2021,Watkins Glen 6 Hours,,race,382,16,GTD,Trent Hindman,trent hindman,25,1.0,24,108.321,25.205,40.525,42.591,,GF,18,,,,,361
imsa,2021,Watkins Glen 6 Hours,,race,382,16,GTD,Trent Hindman,trent hindman,26,1.0,25,108.417,25.098,40.698,42.621,,GF,19,,,,,361
imsa,2021,Watkins Glen 6 Hours,,race,382,16,GTD,Trent Hindman,trent hindman,27,1.0,26,108.306,25.186,40.676,42.444,,GF,20,,,,,361
imsa,2021,Watkins Glen 6 Hours,,race,382,16,GTD,Trent Hindman,trent hindman,28,1.0,27,108.049,25.266,40.631,42.152,,GF,21,,,,,361
imsa,2021,Watkins Glen 6 Hours,,race,382,16,GTD,Trent Hindman,trent hindman,29,1.0,28,107.752,25.161,40.442,42.149,,GF,22,,,,,361
imsa,2021,Watkins Glen 6 Hours,,race,382,16,GTD,Trent Hindman,trent hindman,30,1.0,29,107.8,25.301,40.532,41.967,,GF,23,,,,,361
imsa,2021,Watkins Glen 6 Hours,,race,382,16,GTD,Trent Hindman,trent hindman,31,1.0,30,109.116,25.227,41.758,42.131,,GF,24,,,,,361
imsa,2021,Watkins Glen 6 Hours,,race,382,16,GTD,Trent Hindman,trent hindman,32,1.0,31,107.731,25.196,40.561,41.974,,GF,25,,,,,361
imsa,2021,Watkins Glen 6 Hours,,race,382,16,GTD,Trent Hindman,trent hindman,33,1.0,32,108.763,25.181,41.069,42.513,,GF,26,,,,,361
imsa,2021,Watkins Glen 6 Hours,,race,382,16,GTD,Trent Hindman,trent hindman,34,1.0,33,109.405,25.298,41.461,42.646,,GF,27,,,,,361
imsa,2021,Watkins Glen 6 Hours,,race,382,16,GTD,Trent Hindman,trent hindman,35,1.0,34,122.022,25.571,40.842,55.609,,GF,28,,,,,361
imsa,2021,Watkins Glen 6 Hours,,race,382,16,GTD,Trent Hindman,trent hindman,36,1.0,35,163.735,79.422,41.882,42.431,72.121,GF,0,,,,,361
imsa,2021,Watkins Glen 6 Hours,,race,382,16,GTD,Trent Hindman,trent hindman,37,1.0,36,109.235,25.663,40.989,42.583,,GF,0,,,,,361
imsa,2021,Watkins Glen 6 Hours,,race,382,16,GTD,Trent Hindman,trent hindman,38,1.0,37,107.642,25.453,40.379,41.81,,GF,1,,,,,361
imsa,2021,Watkins Glen 6 Hours,,race,382,16,GTD,Trent Hindman,trent hindman,39,1.0,38,108.725,25.385,41.068,42.272,,GF,2,,,,,361
imsa,2021,Watkins Glen 6 Hours,,race,382,16,GTD,Trent Hindman,trent hindman,40,1.0,39,107.916,25.456,40.484,41.976,,GF,3,,,,,361
imsa,2021,Watkins Glen 6 Hours,,race,382,16,GTD,Trent Hindman,trent hindman,41,1.0,40,108.191,25.266,40.496,42.429,,GF,4,,,,,361
imsa,2021,Watkins Glen 6 Hours,,race,382,16,GTD,Trent Hindman,trent hindman,42,1.0,41,107.94,25.282,40.486,42.172,,GF,5,,,,,361
imsa,2021,Watkins Glen 6 Hours,,race,382,16,GTD,Trent Hindman,trent hindman,43,1.0,42,108.145,25.436,40.689,42.02,,GF,6,,,,,361
imsa,2021,Watkins Glen 6 Hours,,race,382,16,GTD,Trent Hindman,trent hindman,44,1.0,43,107.47,25.209,40.345,41.916,,GF,7,,,,,361
imsa,2021,Watkins Glen 6 Hours,,race,382,16,GTD,Trent Hindman,trent hindman,45,1.0,44,107.789,25.273,40.37,42.146,,GF,8,,,,,361
imsa,2021,Watkins Glen 6 Hours,,race,382,16,GTD,Trent Hindman,trent hindman,46,1.0,45,108.622,25.25,41.178,42.194,,GF,9,,,,,361
imsa,2021,Watkins Glen 6 Hours,,race,382,16,GTD,Trent Hindman,trent hindman,47,1.0,46,107.801,25.289,40.443,42.069,,GF,10,,,,,361
imsa,2021,Watkins Glen 6 Hours,,race,382,16,GTD,Trent Hindman,trent hindman,48,1.0,47,107.466,25.181,40.322,41.963,,GF,11,,,,,361
imsa,2021,Watkins Glen 6 Hours,,race,382,16,GTD,Trent Hindman,trent hindman,49,1.0,48,107.572,25.207,40.505,41.86,,GF,12,,,,,361
imsa,2021,Watkins Glen 6 Hours,,race,382,16,GTD,Trent Hindman,trent hindman,50,1.0,49,108.193,25.162,41.067,41.964,,GF,13,,,,,361
imsa,2021,Watkins Glen 6 Hours,,race,382,16,GTD,Trent Hindman,trent hindman,51,1.0,50,107.455,25.226,40.315,41.914,,GF,14,,,,,361
imsa,2021,Watkins Glen 6 Hours,,race,382,16,GTD,Trent Hindman,trent hindman,52,1.0,51,107.731,25.376,40.348,42.007,,GF,15,,,,,361
imsa,2021,Watkins Glen 6 Hours,,race,382,16,GTD,Trent Hindman,trent hindman,53,1.0,52,107.695,25.215,40.459,42.021,,GF,16,,,,,361
imsa,2021,Watkins Glen 6 Hours,,race,382,16,GTD,Trent Hindman,trent hindman,54,1.0,53,107.674,25.173,40.319,42.182,,GF,17,,,,,361
imsa,2021,Watkins Glen 6 Hours,,race,382,16,GTD,Trent Hindman,trent hindman,55,1.0,54,107.886,25.375,40.541,41.97,,GF,18,,,,,361
imsa,2021,Watkins Glen 6 Hours,,race,382,16,GTD,Trent Hindman,trent hindman,56,1.0,55,108.167,25.132,40.579,42.456,,GF,19,,,,,361
imsa,2021,Watkins Glen 6 Hours,,race,382,16,GTD,Trent Hindman,trent hindman,57,1.0,56,108.151,25.255,40.954,41.942,,GF,20,,,,,361
imsa,2021,Watkins Glen 6 Hours,,race,382,16,GTD,Trent Hindman,trent hindman,58,1.0,57,117.033,25.064,40.712,51.257,,FCY,21,,,,,361
imsa,2021,Watkins Glen 6 Hours,,race,382,16,GTD,Trent Hindman,trent hindman,59,1.0,58,230.767,53.218,92.014,85.535,,FCY,21,,,,,361
imsa,2021,Watkins Glen 6 Hours,,race,382,16,GTD,Trent Hindman,trent hindman,60,1.0,59,230.612,60.221,90.524,79.867,,FCY,21,,,,,361
imsa,2021,Watkins Glen 6 Hours,,race,382,16,GTD,Trent Hindman,trent hindman,61,1.0,60,213.149,53.184,76.572,83.393,,FCY,21,,,,,361
imsa,2021,Watkins Glen 6 Hours,,race,382,16,GTD,Jan Heylen,jan heylen,62,2.0,0,216.954,76.507,63.581,76.866,64.048,FCY,0,,,,,361
imsa,2021,Watkins Glen 6 Hours,,race,382,16,GTD,Jan Heylen,jan heylen,63,2.0,1,188.208,56.764,73.55,57.894,,GF,0,,,,,361
imsa,2021,Watkins Glen 6 Hours,,race,382,16,GTD,Jan Heylen,jan heylen,64,2.0,2,108.902,25.28,40.968,42.654,,GF,1,,,,,361
imsa,2021,Watkins Glen 6 Hours,,race,382,16,GTD,Jan Heylen,jan heylen,65,2.0,3,108.342,25.218,41.192,41.932,,GF,2,,,,,361
imsa,2021,Watkins Glen 6 Hours,,race,382,16,GTD,Jan Heylen,jan heylen,66,2.0,4,107.333,25.044,40.561,41.728,,GF,3,,,,,361
imsa,2021,Watkins Glen 6 Hours,,race,382,16,GTD,Jan Heylen,jan heylen,67,2.0,5,107.035,24.902,40.264,41.869,,GF,4,,,,,361
imsa,2021,Watkins Glen 6 Hours,,race,382,16,GTD,Jan Heylen,jan heylen,68,2.0,6,107.496,25.058,40.472,41.966,,GF,5,,,,,361
imsa,2021,Watkins Glen 6 Hours,,race,382,16,GTD,Jan Heylen,jan heylen,69,2.0,7,108.216,25.05,40.862,42.304,,GF,6,,,,,361
imsa,2021,Watkins Glen 6 Hours,,race,382,16,GTD,Jan Heylen,jan heylen,70,2.0,8,108.657,25.136,41.25,42.271,,GF,7,,,,,361
imsa,2021,Watkins Glen 6 Hours,,race,382,16,GTD,Jan Heylen,jan heylen,71,2.0,9,108.418,25.162,41.083,42.173,,GF,8,,,,,361
imsa,2021,Watkins Glen 6 Hours,,race,382,16,GTD,Jan Heylen,jan heylen,72,2.0,10,108.177,25.21,40.821,42.146,,GF,9,,,,,361
imsa,2021,Watkins Glen 6 Hours,,race,382,16,GTD,Jan Heylen,jan heylen,73,2.0,11,107.911,25.174,40.726,42.011,,GF,10,,,,,361
imsa,2021,Watkins Glen 6 Hours,,race,382,16,GTD,Jan Heylen,jan heylen,74,2.0,12,107.707,25.171,40.538,41.998,,GF,11,,,,,361
imsa,2021,Watkins Glen 6 Hours,,race,382,16,GTD,Jan Heylen,jan heylen,75,2.0,13,119.621,25.162,47.621,46.838,,FCY,12,,,,,361
imsa,2021,Watkins Glen 6 Hours,,race,382,16,GTD,Jan Heylen,jan heylen,76,2.0,14,121.046,26.369,49.13,45.547,,FCY,12,,,,,361
imsa,2021,Watkins Glen 6 Hours,,race,382,16,GTD,Jan Heylen,jan heylen,77,2.0,15,135.34,26.708,47.077,61.555,,FCY,12,,,,,361
imsa,2021,Watkins Glen 6 Hours,,race,382,16,GTD,Jan Heylen,jan heylen,78,2.0,16,185.152,51.756,69.862,63.534,,FCY,12,,,,,361
imsa,2021,Watkins Glen 6 Hours,,race,382,16,GTD,Jan Heylen,jan heylen,79,2.0,17,168.541,45.714,68.941,53.886,,FCY,12,,,,,361
imsa,2021,Watkins Glen 6 Hours,,race,382,16,GTD,Jan Heylen,jan heylen,80,2.0,18,179.43,40.146,67.648,71.636,,FCY,12,,,,,361
imsa,2021,Watkins Glen 6 Hours,,race,382,16,GTD,Jan Heylen,jan heylen,81,2.0,19,185.774,65.862,54.586,65.326,55.225,FCY,0,,,,,361
imsa,2021,Watkins Glen 6 Hours,,race,382,16,GTD,Jan Heylen,jan heylen,82,2.0,20,190.019,43.328,70.901,75.79,,FCY,0,,,,,361
imsa,2021,Watkins Glen 6 Hours,,race,382,16,GTD,Jan Heylen,jan heylen,83,2.0,21,158.503,44.592,62.873,51.038,,GF,0,,,,,361
imsa,2021,Watkins Glen 6 Hours,,race,382,16,GTD,Jan Heylen,jan heylen,84,2.0,22,109.542,25.918,41.457,42.167,,GF,1,,,,,361
imsa,2021,Watkins Glen 6 Hours,,race,382,16,GTD,Jan Heylen,jan heylen,85,2.0,23,108.016,25.144,40.808,42.064,,GF,2,,,,,361
imsa,2021,Watkins Glen 6 Hours,,race,382,16,GTD,Jan Heylen,jan heylen,86,2.0,24,107.699,25.22,40.649,41.83,,GF,3,,,,,361
imsa,2021,Watkins Glen 6 Hours,,race,382,16,GTD,Jan Heylen,jan heylen,87,2.0,25,107.355,25.127,40.446,41.782,,GF,4,,,,,361
imsa,2021,Watkins Glen 6 Hours,,race,382,16,GTD,Jan Heylen,jan heylen,88,2.0,26,108.078,25.228,40.756,42.094,,GF,5,,,,,361
imsa,2021,Watkins Glen 6 Hours,,race,382,16,GTD,Jan Heylen,jan heylen,89,2.0,27,109.605,25.283,41.415,42.907,,GF,6,,,,,361
imsa,2021,Watkins Glen 6 Hours,,race,382,16,GTD,Jan Heylen,jan heylen,90,2.0,28,109.509,25.213,41.5,42.796,,GF,7,,,,,361
imsa,2021,Watkins Glen 6 Hours,,race,382,16,GTD,Jan Heylen,jan heylen,91,2.0,29,108.826,25.47,41.065,42.291,,GF,8,,,,,361
imsa,2021,Watkins Glen 6 Hours,,race,382,16,GTD,Jan Heylen,jan heylen,92,2.0,30,108.573,25.247,41.175,42.151,,GF,9,,,,,361
imsa,2021,Watkins Glen 6 Hours,,race,382,16,GTD,Jan Heylen,jan heylen,93,2.0,31,108.08,25.201,40.698,42.181,,GF,10,,,,,361
imsa,2021,Watkins Glen 6 Hours,,race,382,16,GTD,Jan Heylen,jan heylen,94,2.0,32,107.982,25.147,40.678,42.157,,GF,11,,,,,361
imsa,2021,Watkins Glen 6 Hours,,race,382,16,GTD,Jan Heylen,jan heylen,95,2.0,33,108.592,25.155,40.835,42.602,,GF,12,,,,,361
imsa,2021,Watkins Glen 6 Hours,,race,382,16,GTD,Jan Heylen,jan heylen,96,2.0,34,109.263,25.27,41.471,42.522,,GF,13,,,,,361
imsa,2021,Watkins Glen 6 Hours,,race,382,16,GTD,Jan Heylen,jan heylen,97,2.0,35,108.032,25.192,40.659,42.181,,GF,14,,,,,361
imsa,2021,Watkins Glen 6 Hours,,race,382,16,GTD,Jan Heylen,jan heylen,98,2.0,36,108.841,25.395,41.054,42.392,,GF,15,,,,,361
imsa,2021,Watkins Glen 6 Hours,,race,382,16,GTD,Jan Heylen,jan heylen,99,2.0,37,108.525,25.167,41.092,42.266,,GF,16,,,,,361
imsa,2021,Watkins Glen 6 Hours,,race,382,16,GTD,Jan Heylen,jan heylen,100,2.0,38,108.77,25.088,40.662,43.02,,GF,17,,,,,361
imsa,2021,Watkins Glen 6 Hours,,race,382,16,GTD,Jan Heylen,jan heylen,101,2.0,39,107.857,25.062,40.761,42.034,,GF,18,,,,,361
imsa,2021,Watkins Glen 6 Hours,,race,382,16,GTD,Jan Heylen,jan heylen,102,2.0,40,108.233,25.009,40.641,42.583,,GF,19,,,,,361
imsa,2021,Watkins Glen 6 Hours,,race,382,16,GTD,Jan Heylen,jan heylen,103,2.0,41,108.04,25.118,40.636,42.286,,GF,20,,,,,361
imsa,2021,Watkins Glen 6 Hours,,race,382,16,GTD,Jan Heylen,jan heylen,104,2.0,42,108.075,25.089,40.875,42.111,,GF,21,,,,,361
imsa,2021,Watkins Glen 6 Hours,,race,382,16,GTD,Jan Heylen,jan heylen,105,2.0,43,108.717,25.094,40.831,42.792,,GF,22,,,,,361
imsa,2021,Watkins Glen 6 Hours,,race,382,16,GTD,Jan Heylen,jan heylen,106,2.0,44,108.963,25.153,41.174,42.636,,GF,23,,,,,361
imsa,2021,Watkins Glen 6 Hours,,race,382,16,GTD,Jan Heylen,jan heylen,107,2.0,45,109.505,25.677,41.302,42.526,,GF,24,,,,,361
imsa,2021,Watkins Glen 6 Hours,,race,382,16,GTD,Jan Heylen,jan heylen,108,2.0,46,108.436,25.134,40.963,42.339,,GF,25,,,,,361
imsa,2021,Watkins Glen 6 Hours,,race,382,16,GTD,Jan Heylen,jan heylen,109,2.0,47,108.281,25.117,40.875,42.289,,GF,26,,,,,361
imsa,2021,Watkins Glen 6 Hours,,race,382,16,GTD,Jan Heylen,jan heylen,110,2.0,48,108.165,25.076,40.693,42.396,,GF,27,,,,,361
imsa,2021,Watkins Glen 6 Hours,,race,382,16,GTD,Jan Heylen,jan heylen,111,2.0,49,121.576,25.149,40.843,55.584,,GF,28,,,,,361
imsa,2021,Watkins Glen 6 Hours,,race,382,16,GTD,Patrick Long,patrick long,112,3.0,0,161.902,77.45,41.617,42.835,70.157,GF,0,,,,,361
imsa,2021,Watkins Glen 6 Hours,,race,382,16,GTD,Patrick Long,patrick long,113,3.0,1,110.319,25.767,41.086,43.466,,GF,0,,,,,361
imsa,2021,Watkins Glen 6 Hours,,race,382,16,GTD,Patrick Long,patrick long,114,3.0,2,108.553,25.462,40.603,42.488,,GF,1,,,,,361
imsa,2021,Watkins Glen 6 Hours,,race,382,16,GTD,Patrick Long,patrick long,115,3.0,3,108.008,25.384,40.708,41.916,,GF,2,,,,,361
imsa,2021,Watkins Glen 6 Hours,,race,382,16,GTD,Patrick Long,patrick long,116,3.0,4,107.552,25.259,40.491,41.802,,GF,3,,,,,361
imsa,2021,Watkins Glen 6 Hours,,race,382,16,GTD,Patrick Long,patrick long,117,3.0,5,108.207,25.285,40.627,42.295,,GF,4,,,,,361
imsa,2021,Watkins Glen 6 Hours,,race,382,16,GTD,Patrick Long,patrick long,118,3.0,6,108.444,25.301,41.206,41.937,,GF,5,,,,,361
imsa,2021,Watkins Glen 6 Hours,,race,382,16,GTD,Patrick Long,patrick long,119,3.0,7,107.68,25.34,40.438,41.902,,GF,6,,,,,361
imsa,2021,Watkins Glen 6 Hours,,race,382,16,GTD,Patrick Long,patrick long,120,3.0,8,107.926,25.177,40.799,41.95,,GF,7,,,,,361
imsa,2021,Watkins Glen 6 Hours,,race,382,16,GTD,Patrick Long,patrick long,121,3.0,9,107.756,25.191,40.763,41.802,,GF,8,,,,,361
imsa,2021,Watkins Glen 6 Hours,,race,382,16,GTD,Patrick Long,patrick long,122,3.0,10,107.612,25.259,40.528,41.825,,GF,9,,,,,361
imsa,2021,Watkins Glen 6 Hours,,race,382,16,GTD,Patrick Long,patrick long,123,3.0,11,108.181,25.403,40.755,42.023,,GF,10,,,,,361
imsa,2021,Watkins Glen 6 Hours,,race,382,16,GTD,Patrick Long,patrick long,124,3.0,12,109.488,25.418,41.895,42.175,,GF,11,,,,,361
imsa,2021,Watkins Glen 6 Hours,,race,382,16,GTD,Patrick Long,patrick long,125,3.0,13,108.423,25.187,41.075,42.161,,GF,12,,,,,361
imsa,2021,Watkins Glen 6 Hours,,race,382,16,GTD,Patrick Long,patrick long,126,3.0,14,108.347,25.265,40.78,42.302,,GF,13,,,,,361
imsa,2021,Watkins Glen 6 Hours,,race,382,16,GTD,Patrick Long,patrick long,127,3.0,15,108.111,25.37,40.696,42.045,,GF,14,,,,,361
imsa,2021,Watkins Glen 6 Hours,,race,382,16,GTD,Patrick Long,patrick long,128,3.0,16,107.765,25.168,40.591,42.006,,GF,15,,,,,361
imsa,2021,Watkins Glen 6 Hours,,race,382,16,GTD,Patrick Long,patrick long,129,3.0,17,107.718,25.215,40.503,42.0,,GF,16,,,,,361
imsa,2021,Watkins Glen 6 Hours,,race,382,16,GTD,Patrick Long,patrick long,130,3.0,18,108.191,25.186,40.894,42.111,,GF,17,,,,,361
imsa,2021,Watkins Glen 6 Hours,,race,382,16,GTD,Patrick Long,patrick long,131,3.0,19,107.854,25.121,40.62,42.113,,GF,18,,,,,361
imsa,2021,Watkins Glen 6 Hours,,race,382,16,GTD,Patrick Long,patrick long,132,3.0,20,107.896,25.243,40.539,42.114,,GF,19,,,,,361
imsa,2021,Watkins Glen 6 Hours,,race,382,16,GTD,Patrick Long,patrick long,133,3.0,21,121.425,25.344,40.861,55.22,,GF,20,,,,,361
imsa,2021,Watkins Glen 6 Hours,,race,382,16,GTD,Patrick Long,patrick long,134,3.0,22,152.595,68.584,41.804,42.207,60.81,GF,0,,,,,361
imsa,2021,Watkins Glen 6 Hours,,race,382,16,GTD,Patrick Long,patrick long,135,3.0,23,108.526,25.539,40.9,42.087,,GF,0,,,,,361
imsa,2021,Watkins Glen 6 Hours,,race,382,16,GTD,Patrick Long,patrick long,136,3.0,24,107.978,25.364,40.618,41.996,,GF,1,,,,,361
imsa,2021,Watkins Glen 6 Hours,,race,382,16,GTD,Patrick Long,patrick long,137,3.0,25,108.289,25.373,41.039,41.877,,GF,2,,,,,361
imsa,2021,Watkins Glen 6 Hours,,race,382,16,GTD,Patrick Long,patrick long,138,3.0,26,107.589,25.216,40.469,41.904,,GF,3,,,,,361
imsa,2021,Watkins Glen 6 Hours,,race,382,16,GTD,Patrick Long,patrick long,139,3.0,27,107.605,25.184,40.596,41.825,,GF,4,,,,,361
imsa,2021,Watkins Glen 6 Hours,,race,382,16,GTD,Patrick Long,patrick long,140,3.0,28,108.391,25.287,40.934,42.17,,GF,5,,,,,361
imsa,2021,Watkins Glen 6 Hours,,race,382,16,GTD,Patrick Long,patrick long,141,3.0,29,108.777,25.342,40.647,42.788,,GF,6,,,,,361
imsa,2021,Watkins Glen 6 Hours,,race,382,16,GTD,Patrick Long,patrick long,142,3.0,30,108.372,25.394,40.917,42.061,,GF,7,,,,,361
imsa,2021,Watkins Glen 6 Hours,,race,382,16,GTD,Patrick Long,patrick long,143,3.0,31,108.851,25.381,40.666,42.804,,GF,8,,,,,361
imsa,2021,Watkins Glen 6 Hours,,race,382,16,GTD,Patrick Long,patrick long,144,3.0,32,109.641,25.453,40.799,43.389,,GF,9,,,,,361
imsa,2021,Watkins Glen 6 Hours,,race,382,16,GTD,Patrick Long,patrick long,145,3.0,33,108.654,25.339,40.924,42.391,,GF,10,,,,,361
imsa,2021,Watkins Glen 6 Hours,,race,382,16,GTD,Patrick Long,patrick long,146,3.0,34,108.366,25.417,40.662,42.287,,GF,11,,,,,361
imsa,2021,Watkins Glen 6 Hours,,race,382,16,GTD,Patrick Long,patrick long,147,3.0,35,108.578,25.331,40.727,42.52,,GF,12,,,,,361
imsa,2021,Watkins Glen 6 Hours,,race,382,16,GTD,Patrick Long,patrick long,148,3.0,36,108.734,25.335,41.038,42.361,,GF,13,,,,,361
imsa,2021,Watkins Glen 6 Hours,,race,382,16,GTD,Patrick Long,patrick long,149,3.0,37,108.536,25.353,40.942,42.241,,GF,14,,,,,361
imsa,2021,Watkins Glen 6 Hours,,race,382,16,GTD,Patrick Long,patrick long,150,3.0,38,111.174,25.477,41.115,44.582,,FCY,15,,,,,361
imsa,2021,Watkins Glen 6 Hours,,race,382,16,GTD,Patrick Long,patrick long,151,3.0,39,178.605,41.489,59.314,77.802,,FCY,15,,,,,361
imsa,2021,Watkins Glen 6 Hours,,race,382,16,GTD,Patrick Long,patrick long,152,3.0,40,213.352,57.056,81.965,74.331,,FCY,15,,,,,361
imsa,2021,Watkins Glen 6 Hours,,race,382,16,GTD,Patrick Long,patrick long,153,3.0,41,190.583,53.301,71.75,65.532,,FCY,15,,,,,361
imsa,2021,Watkins Glen 6 Hours,,race,382,16,GTD,Patrick Long,patrick long,154,3.0,42,202.175,49.317,74.417,78.441,,FCY,15,,,,,361
imsa,2021,Watkins Glen 6 Hours,,race,382,16,GTD,Patrick Long,patrick long,155,3.0,43,207.834,76.701,70.668,60.465,56.952,FCY,0,,,,,361
imsa,2021,Watkins Glen 6 Hours,,race,382,16,GTD,Patrick Long,patrick long,156,3.0,44,198.835,50.546,78.018,70.271,,FCY,0,,,,,361
imsa,2021,Watkins Glen 6 Hours,,race,382,16,GTD,Patrick Long,patrick long,157,3.0,45,183.727,47.322,69.965,66.44,,FCY,0,,,,,361
imsa,2021,Watkins Glen 6 Hours,,race,382,16,GTD,Patrick Long,patrick long,158,3.0,46,160.694,44.884,60.275,55.535,,GF,0,,,,,361
imsa,2021,Watkins Glen 6 Hours,,race,382,16,GTD,Patrick Long,patrick long,159,3.0,47,111.663,25.646,41.834,44.183,,GF,1,,,,,361
imsa,2021,Watkins Glen 6 Hours,,race,382,16,GTD,Patrick Long,patrick long,160,3.0,48,112.053,26.342,42.399,43.312,,GF,2,,,,,361
imsa,2021,Watkins Glen 6 Hours,,race,382,16,GTD,Patrick Long,patrick long,161,3.0,49,108.335,25.241,40.699,42.395,,GF,3,,,,,361
imsa,2021,Watkins Glen 6 Hours,,race,382,16,GTD,Patrick Long,patrick long,162,3.0,50,108.775,25.229,41.132,42.414,,GF,4,,,,,361
imsa,2021,Watkins Glen 6 Hours,,race,382,16,GTD,Patrick Long,patrick long,163,3.0,51,108.448,25.233,41.106,42.109,,GF,5,,,,,361
imsa,2021,Watkins Glen 6 Hours,,race,382,16,GTD,Patrick Long,patrick long,164,3.0,52,108.827,25.171,41.117,42.539,,GF,6,,,,,361
imsa,2021,Watkins Glen 6 Hours,,race,382,16,GTD,Patrick Long,patrick long,165,3.0,53,109.046,25.22,41.207,42.619,,GF,7,,,,,361
imsa,2021,Watkins Glen 6 Hours,,race,382,16,GTD,Patrick Long,patrick long,166,3.0,54,109.036,25.161,41.247,42.628,,GF,8,,,,,361
imsa,2021,Watkins Glen 6 Hours,,race,382,16,GTD,Patrick Long,patrick long,167,3.0,55,108.302,25.017,40.904,42.381,,GF,9,,,,,361
imsa,2021,Watkins Glen 6 Hours,,race,382,16,GTD,Patrick Long,patrick long,168,3.0,56,108.602,25.123,41.225,42.254,,GF,10,,,,,361
imsa,2021,Watkins Glen 6 Hours,,race,382,16,GTD,Patrick Long,patrick long,169,3.0,57,108.199,25.032,41.114,42.053,,GF,11,,,,,361
imsa,2021,Watkins Glen 6 Hours,,race,382,16,GTD,Patrick Long,patrick long,170,3.0,58,108.838,25.083,40.987,42.768,,GF,12,,,,,361
imsa,2021,Watkins Glen 6 Hours,,race,382,16,GTD,Patrick Long,patrick long,171,3.0,59,108.142,25.116,40.817,42.209,,GF,13,,,,,361
imsa,2021,Watkins Glen 6 Hours,,race,382,16,GTD,Patrick Long,patrick long,172,3.0,60,108.635,25.12,41.224,42.291,,GF,14,,,,,361
imsa,2021,Watkins Glen 6 Hours,,race,382,16,GTD,Patrick Long,patrick long,173,3.0,61,109.458,25.647,41.698,42.113,,GF,15,,,,,361
imsa,2021,Watkins Glen 6 Hours,,race,382,16,GTD,Patrick Long,patrick long,174,3.0,62,107.826,24.91,40.85,42.066,,GF,16,,,,,361
imsa,2021,Watkins Glen 6 Hours,,race,382,16,GTD,Patrick Long,patrick long,175,3.0,63,108.366,25.102,40.823,42.441,,GF,17,,,,,361
imsa,2021,Watkins Glen 6 Hours,,race,382,16,GTD,Patrick Long,patrick long,176,3.0,64,109.04,25.142,41.141,42.757,,GF,18,,,,,361
imsa,2021,Watkins Glen 6 Hours,,race,382,16,GTD,Patrick Long,patrick long,177,3.0,65,109.588,25.468,41.445,42.675,,GF,19,,,,,361
imsa,2021,Watkins Glen 6 Hours,,race,382,16,GTD,Patrick Long,patrick long,178,3.0,66,108.234,25.048,40.848,42.338,,GF,20,,,,,361
imsa,2021,Watkins Glen 6 Hours,,race,382,16,GTD,Patrick Long,patrick long,179,3.0,67,108.031,25.178,40.679,42.174,,FF,21,,,,,361
imsa,2021,Watkins Glen 6 Hours,,race,382,19,GTD,Misha Goikhberg,misha goikhberg,1,1.0,0,139.227,53.633,42.994,42.6,,GF,0,,,,,361
imsa,2021,Watkins Glen 6 Hours,,race,382,19,GTD,Misha Goikhberg,misha goikhberg,2,1.0,1,109.124,25.2,41.564,42.36,,GF,0,,,,,361
imsa,2021,Watkins Glen 6 Hours,,race,382,19,GTD,Misha Goikhberg,misha goikhberg,3,1.0,2,107.937,24.981,40.982,41.974,,GF,1,,,,,361
imsa,2021,Watkins Glen 6 Hours,,race,382,19,GTD,Misha Goikhberg,misha goikhberg,4,1.0,3,122.115,25.079,42.367,54.669,,FCY,2,,,,,361
imsa,2021,Watkins Glen 6 Hours,,race,382,19,GTD,Misha Goikhberg,misha goikhberg,5,1.0,4,146.829,35.611,54.463,56.755,,FCY,2,,,,,361
imsa,2021,Watkins Glen 6 Hours,,race,382,19,GTD,Misha Goikhberg,misha goikhberg,6,1.0,5,139.718,35.618,51.976,52.124,,FCY,2,,,,,361
imsa,2021,Watkins Glen 6 Hours,,race,382,19,GTD,Misha Goikhberg,misha goikhberg,7,1.0,6,229.276,57.441,84.64,87.195,,FCY,2,,,,,361
imsa,2021,Watkins Glen 6 Hours,,race,382,19,GTD,Misha Goikhberg,misha goikhberg,8,1.0,7,202.2,64.227,73.817,64.156,,FCY,2,,,,,361
imsa,2021,Watkins Glen 6 Hours,,race,382,19,GTD,Misha Goikhberg,misha goikhberg,9,1.0,8,158.484,41.157,66.69,50.637,,GF,2,,,,,361
imsa,2021,Watkins Glen 6 Hours,,race,382,19,GTD,Misha Goikhberg,misha goikhberg,10,1.0,9,110.449,25.415,42.293,42.741,,GF,3,,,,,361
imsa,2021,Watkins Glen 6 Hours,,race,382,19,GTD,Misha Goikhberg,misha goikhberg,11,1.0,10,109.489,25.095,41.99,42.404,,GF,4,,,,,361
imsa,2021,Watkins Glen 6 Hours,,race,382,19,GTD,Misha Goikhberg,misha goikhberg,12,1.0,11,108.369,25.038,41.33,42.001,,GF,5,,,,,361
imsa,2021,Watkins Glen 6 Hours,,race,382,19,GTD,Misha Goikhberg,misha goikhberg,13,1.0,12,107.631,25.084,40.644,41.903,,GF,6,,,,,361
imsa,2021,Watkins Glen 6 Hours,,race,382,19,GTD,Misha Goikhberg,misha goikhberg,14,1.0,13,108.23,25.298,40.896,42.036,,GF,7,,,,,361
imsa,2021,Watkins Glen 6 Hours,,race,382,19,GTD,Misha Goikhberg,misha goikhberg,15,1.0,14,108.547,25.069,41.062,42.416,,GF,8,,,,,361
imsa,2021,Watkins Glen 6 Hours,,race,382,19,GTD,Misha Goikhberg,misha goikhberg,16,1.0,15,107.968,25.137,40.84,41.991,,GF,9,,,,,361
imsa,2021,Watkins Glen 6 Hours,,race,382,19,GTD,Misha Goikhberg,misha goikhberg,17,1.0,16,108.214,25.018,40.978,42.218,,GF,10,,,,,361
imsa,2021,Watkins Glen 6 Hours,,race,382,19,GTD,Misha Goikhberg,misha goikhberg,18,1.0,17,107.924,25.138,40.797,41.989,,GF,11,,,,,361
imsa,2021,Watkins Glen 6 Hours,,race,382,19,GTD,Misha Goikhberg,misha goikhberg,19,1.0,18,107.817,25.03,40.694,42.093,,GF,12,,,,,361
imsa,2021,Watkins Glen 6 Hours,,race,382,19,GTD,Misha Goikhberg,misha goikhberg,20,1.0,19,107.601,25.081,40.553,41.967,,GF,13,,,,,361
imsa,2021,Watkins Glen 6 Hours,,race,382,19,GTD,Misha Goikhberg,misha goikhberg,21,1.0,20,108.867,25.156,40.912,42.799,,GF,14,,,,,361
imsa,2021,Watkins Glen 6 Hours,,race,382,19,GTD,Misha Goikhberg,misha goikhberg,22,1.0,21,108.367,25.433,40.928,42.006,,GF,15,,,,,361
imsa,2021,Watkins Glen 6 Hours,,race,382,19,GTD,Misha Goikhberg,misha goikhberg,23,1.0,22,108.268,25.105,41.139,42.024,,GF,16,,,,,361
imsa,2021,Watkins Glen 6 Hours,,race,382,19,GTD,Misha Goikhberg,misha goikhberg,24,1.0,23,108.071,25.017,40.637,42.417,,GF,17,,,,,361
imsa,2021,Watkins Glen 6 Hours,,race,382,19,GTD,Misha Goikhberg,misha goikhberg,25,1.0,24,108.407,25.021,41.27,42.116,,GF,18,,,,,361
imsa,2021,Watkins Glen 6 Hours,,race,382,19,GTD,Misha Goikhberg,misha goikhberg,26,1.0,25,108.222,25.078,41.088,42.056,,GF,19,,,,,361
imsa,2021,Watkins Glen 6 Hours,,race,382,19,GTD,Misha Goikhberg,misha goikhberg,27,1.0,26,107.65,25.014,40.628,42.008,,GF,20,,,,,361
imsa,2021,Watkins Glen 6 Hours,,race,382,19,GTD,Misha Goikhberg,misha goikhberg,28,1.0,27,108.113,24.903,40.924,42.286,,GF,21,,,,,361
imsa,2021,Watkins Glen 6 Hours,,race,382,19,GTD,Misha Goikhberg,misha goikhberg,29,1.0,28,107.835,25.004,40.748,42.083,,GF,22,,,,,361
imsa,2021,Watkins Glen 6 Hours,,race,382,19,GTD,Misha Goikhberg,misha goikhberg,30,1.0,29,108.337,24.996,40.982,42.359,,GF,23,,,,,361
imsa,2021,Watkins Glen 6 Hours,,race,382,19,GTD,Misha Goikhberg,misha goikhberg,31,1.0,30,108.843,24.933,41.39,42.52,,GF,24,,,,,361
imsa,2021,Watkins Glen 6 Hours,,race,382,19,GTD,Misha Goikhberg,misha goikhberg,32,1.0,31,184.894,25.644,41.589,117.661,,GF,25,,,,,361
imsa,2021,Watkins Glen 6 Hours,,race,382,19,GTD,Tim Zimmermann,tim zimmermann,33,2.0,0,124.994,39.475,43.108,42.411,92.196,GF,0,,,,,361
imsa,2021,Watkins Glen 6 Hours,,race,382,19,GTD,Tim Zimmermann,tim zimmermann,34,2.0,1,108.217,25.228,40.747,42.242,,GF,0,,,,,361
imsa,2021,Watkins Glen 6 Hours,,race,382,19,GTD,Tim Zimmermann,tim zimmermann,35,2.0,2,107.34,25.055,40.698,41.587,,GF,1,,,,,361
imsa,2021,Watkins Glen 6 Hours,,race,382,19,GTD,Tim Zimmermann,tim zimmermann,36,2.0,3,106.844,24.934,40.283,41.627,,GF,2,,,,,361
imsa,2021,Watkins Glen 6 Hours,,race,382,19,GTD,Tim Zimmermann,tim zimmermann,37,2.0,4,107.13,25.021,40.406,41.703,,GF,3,,,,,361
imsa,2021,Watkins Glen 6 Hours,,race,382,19,GTD,Tim Zimmermann,tim zimmermann,38,2.0,5,107.831,25.523,40.504,41.804,,GF,4,,,,,361
imsa,2021,Watkins Glen 6 Hours,,race,382,19,GTD,Tim Zimmermann,tim zimmermann,39,2.0,6,108.066,25.068,40.65,42.348,,GF,5,,,,,361
imsa,2021,Watkins Glen 6 Hours,,race,382,19,GTD,Tim Zimmermann,tim zimmermann,40,2.0,7,107.315,25.064,40.51,41.741,,GF,6,,,,,361
imsa,2021,Watkins Glen 6 Hours,,race,382,19,GTD,Tim Zimmermann,tim zimmermann,41,2.0,8,108.427,25.088,40.425,42.914,,GF,7,,,,,361
imsa,2021,Watkins Glen 6 Hours,,race,382,19,GTD,Tim Zimmermann,tim zimmermann,42,2.0,9,107.381,25.109,40.42,41.852,,GF,8,,,,,361
imsa,2021,Watkins Glen 6 Hours,,race,382,19,GTD,Tim Zimmermann,tim zimmermann,43,2.0,10,107.529,24.887,40.713,41.929,,GF,9,,,,,361
imsa,2021,Watkins Glen 6 Hours,,race,382,19,GTD,Tim Zimmermann,tim zimmermann,44,2.0,11,108.68,25.041,41.401,42.238,,GF,10,,,,,361
imsa,2021,Watkins Glen 6 Hours,,race,382,19,GTD,Tim Zimmermann,tim zimmermann,45,2.0,12,107.944,24.894,40.675,42.375,,GF,11,,,,,361
imsa,2021,Watkins Glen 6 Hours,,race,382,19,GTD,Tim Zimmermann,tim zimmermann,46,2.0,13,107.679,24.917,40.757,42.005,,GF,12,,,,,361
imsa,2021,Watkins Glen 6 Hours,,race,382,19,GTD,Tim Zimmermann,tim zimmermann,47,2.0,14,109.039,24.966,41.806,42.267,,GF,13,,,,,361
imsa,2021,Watkins Glen 6 Hours,,race,382,19,GTD,Tim Zimmermann,tim zimmermann,48,2.0,15,108.702,25.007,41.619,42.076,,GF,14,,,,,361
imsa,2021,Watkins Glen 6 Hours,,race,382,19,GTD,Tim Zimmermann,tim zimmermann,49,2.0,16,107.888,24.968,40.825,42.095,,GF,15,,,,,361
imsa,2021,Watkins Glen 6 Hours,,race,382,19,GTD,Tim Zimmermann,tim zimmermann,50,2.0,17,109.211,25.092,42.092,42.027,,GF,16,,,,,361
imsa,2021,Watkins Glen 6 Hours,,race,382,19,GTD,Tim Zimmermann,tim zimmermann,51,2.0,18,108.742,25.139,41.647,41.956,,GF,17,,,,,361
imsa,2021,Watkins Glen 6 Hours,,race,382,19,GTD,Tim Zimmermann,tim zimmermann,52,2.0,19,108.465,25.124,41.33,42.011,,GF,18,,,,,361
imsa,2021,Watkins Glen 6 Hours,,race,382,19,GTD,Tim Zimmermann,tim zimmermann,53,2.0,20,107.501,25.095,40.498,41.908,,GF,19,,,,,361
imsa,2021,Watkins Glen 6 Hours,,race,382,19,GTD,Tim Zimmermann,tim zimmermann,54,2.0,21,107.62,25.074,40.655,41.891,,GF,20,,,,,361
imsa,2021,Watkins Glen 6 Hours,,race,382,19,GTD,Tim Zimmermann,tim zimmermann,55,2.0,22,107.118,24.949,40.413,41.756,,GF,21,,,,,361
imsa,2021,Watkins Glen 6 Hours,,race,382,19,GTD,Tim Zimmermann,tim zimmermann,56,2.0,23,109.781,25.104,41.605,43.072,,GF,22,,,,,361
imsa,2021,Watkins Glen 6 Hours,,race,382,19,GTD,Tim Zimmermann,tim zimmermann,57,2.0,24,107.626,25.081,40.478,42.067,,GF,23,,,,,361
imsa,2021,Watkins Glen 6 Hours,,race,382,19,GTD,Tim Zimmermann,tim zimmermann,58,2.0,25,113.086,24.913,40.706,47.467,,FCY,24,,,,,361
imsa,2021,Watkins Glen 6 Hours,,race,382,19,GTD,Tim Zimmermann,tim zimmermann,59,2.0,26,215.396,49.157,81.782,84.457,,FCY,24,,,,,361
imsa,2021,Watkins Glen 6 Hours,,race,382,19,GTD,Tim Zimmermann,tim zimmermann,60,2.0,27,227.624,60.602,89.043,77.979,,FCY,24,,,,,361
imsa,2021,Watkins Glen 6 Hours,,race,382,19,GTD,Tim Zimmermann,tim zimmermann,61,2.0,28,252.825,53.155,77.377,122.293,,FCY,24,,,,,361
imsa,2021,Watkins Glen 6 Hours,,race,382,19,GTD,Misha Goikhberg,misha goikhberg,62,3.0,0,185.24,47.25,63.349,74.641,71.32,FCY,0,,,,,361
imsa,2021,Watkins Glen 6 Hours,,race,382,19,GTD,Misha Goikhberg,misha goikhberg,63,3.0,1,180.236,56.573,69.125,54.538,,GF,0,,,,,361
imsa,2021,Watkins Glen 6 Hours,,race,382,19,GTD,Misha Goikhberg,misha goikhberg,64,3.0,2,108.647,25.253,40.841,42.553,,GF,1,,,,,361
imsa,2021,Watkins Glen 6 Hours,,race,382,19,GTD,Misha Goikhberg,misha goikhberg,65,3.0,3,108.013,25.076,40.588,42.349,,GF,2,,,,,361
imsa,2021,Watkins Glen 6 Hours,,race,382,19,GTD,Misha Goikhberg,misha goikhberg,66,3.0,4,108.482,25.065,41.061,42.356,,GF,3,,,,,361
imsa,2021,Watkins Glen 6 Hours,,race,382,19,GTD,Misha Goikhberg,misha goikhberg,67,3.0,5,108.359,25.01,40.984,42.365,,GF,4,,,,,361
imsa,2021,Watkins Glen 6 Hours,,race,382,19,GTD,Misha Goikhberg,misha goikhberg,68,3.0,6,108.685,25.016,41.004,42.665,,GF,5,,,,,361
imsa,2021,Watkins Glen 6 Hours,,race,382,19,GTD,Misha Goikhberg,misha goikhberg,69,3.0,7,109.17,25.016,41.781,42.373,,GF,6,,,,,361
imsa,2021,Watkins Glen 6 Hours,,race,382,19,GTD,Misha Goikhberg,misha goikhberg,70,3.0,8,109.389,25.001,41.687,42.701,,GF,7,,,,,361
imsa,2021,Watkins Glen 6 Hours,,race,382,19,GTD,Misha Goikhberg,misha goikhberg,71,3.0,9,108.583,25.083,40.715,42.785,,GF,8,,,,,361
imsa,2021,Watkins Glen 6 Hours,,race,382,19,GTD,Misha Goikhberg,misha goikhberg,72,3.0,10,108.177,25.03,40.976,42.171,,GF,9,,,,,361
imsa,2021,Watkins Glen 6 Hours,,race,382,19,GTD,Misha Goikhberg,misha goikhberg,73,3.0,11,108.995,25.072,41.709,42.214,,GF,10,,,,,361
imsa,2021,Watkins Glen 6 Hours,,race,382,23,GTD,Ian James,ian james,1,1.0,0,140.532,54.39,43.219,42.923,,GF,0,,,,,361
imsa,2021,Watkins Glen 6 Hours,,race,382,23,GTD,Ian James,ian james,2,1.0,1,109.766,25.268,41.936,42.562,,GF,0,,,,,361
imsa,2021,Watkins Glen 6 Hours,,race,382,23,GTD,Ian James,ian james,3,1.0,2,108.512,25.001,41.16,42.351,,GF,1,,,,,361
imsa,2021,Watkins Glen 6 Hours,,race,382,23,GTD,Ian James,ian james,4,1.0,3,123.075,25.105,42.011,55.959,,FCY,2,,,,,361
imsa,2021,Watkins Glen 6 Hours,,race,382,23,GTD,Ian James,ian james,5,1.0,4,147.033,35.239,54.301,57.493,,FCY,2,,,,,361
imsa,2021,Watkins Glen 6 Hours,,race,382,23,GTD,Ian James,ian james,6,1.0,5,139.131,36.055,51.646,51.43,,FCY,2,,,,,361
imsa,2021,Watkins Glen 6 Hours,,race,382,23,GTD,Ian James,ian james,7,1.0,6,230.207,59.196,83.553,87.458,,FCY,2,,,,,361
imsa,2021,Watkins Glen 6 Hours,,race,382,23,GTD,Ian James,ian james,8,1.0,7,202.045,65.609,71.705,64.731,,FCY,2,,,,,361
imsa,2021,Watkins Glen 6 Hours,,race,382,23,GTD,Ian James,ian james,9,1.0,8,156.832,40.041,66.774,50.017,,GF,2,,,,,361
imsa,2021,Watkins Glen 6 Hours,,race,382,23,GTD,Ian James,ian james,10,1.0,9,109.417,25.171,41.426,42.82,,GF,3,,,,,361
imsa,2021,Watkins Glen 6 Hours,,race,382,23,GTD,Ian James,ian james,11,1.0,10,109.208,25.016,41.408,42.784,,GF,4,,,,,361
imsa,2021,Watkins Glen 6 Hours,,race,382,23,GTD,Ian James,ian james,12,1.0,11,108.381,25.083,41.145,42.153,,GF,5,,,,,361
imsa,2021,Watkins Glen 6 Hours,,race,382,23,GTD,Ian James,ian james,13,1.0,12,108.14,24.987,41.001,42.152,,GF,6,,,,,361
imsa,2021,Watkins Glen 6 Hours,,race,382,23,GTD,Ian James,ian james,14,1.0,13,108.263,25.06,40.838,42.365,,GF,7,,,,,361
imsa,2021,Watkins Glen 6 Hours,,race,382,23,GTD,Ian James,ian james,15,1.0,14,108.479,25.335,40.951,42.193,,GF,8,,,,,361
imsa,2021,Watkins Glen 6 Hours,,race,382,23,GTD,Ian James,ian james,16,1.0,15,108.314,25.051,41.074,42.189,,GF,9,,,,,361
imsa,2021,Watkins Glen 6 Hours,,race,382,23,GTD,Ian James,ian james,17,1.0,16,108.786,25.011,41.46,42.315,,GF,10,,,,,361
imsa,2021,Watkins Glen 6 Hours,,race,382,23,GTD,Ian James,ian james,18,1.0,17,107.928,25.028,40.867,42.033,,GF,11,,,,,361
imsa,2021,Watkins Glen 6 Hours,,race,382,23,GTD,Ian James,ian james,19,1.0,18,107.93,25.043,40.979,41.908,,GF,12,,,,,361
imsa,2021,Watkins Glen 6 Hours,,race,382,23,GTD,Ian James,ian james,20,1.0,19,108.163,25.071,40.93,42.162,,GF,13,,,,,361
imsa,2021,Watkins Glen 6 Hours,,race,382,23,GTD,Ian James,ian james,21,1.0,20,108.424,24.997,40.997,42.43,,GF,14,,,,,361
imsa,2021,Watkins Glen 6 Hours,,race,382,23,GTD,Ian James,ian james,22,1.0,21,109.687,25.202,41.286,43.199,,GF,15,,,,,361
imsa,2021,Watkins Glen 6 Hours,,race,382,23,GTD,Ian James,ian james,23,1.0,22,108.299,25.075,40.992,42.232,,GF,16,,,,,361
imsa,2021,Watkins Glen 6 Hours,,race,382,23,GTD,Ian James,ian james,24,1.0,23,108.757,25.156,41.194,42.407,,GF,17,,,,,361
imsa,2021,Watkins Glen 6 Hours,,race,382,23,GTD,Ian James,ian james,25,1.0,24,108.402,25.008,41.034,42.36,,GF,18,,,,,361
imsa,2021,Watkins Glen 6 Hours,,race,382,23,GTD,Ian James,ian james,26,1.0,25,108.517,25.107,41.01,42.4,,GF,19,,,,,361
imsa,2021,Watkins Glen 6 Hours,,race,382,23,GTD,Ian James,ian james,27,1.0,26,108.749,25.053,41.013,42.683,,GF,20,,,,,361
imsa,2021,Watkins Glen 6 Hours,,race,382,23,GTD,Ian James,ian james,28,1.0,27,108.258,25.042,41.081,42.135,,GF,21,,,,,361
imsa,2021,Watkins Glen 6 Hours,,race,382,23,GTD,Ian James,ian james,29,1.0,28,109.746,25.468,41.797,42.481,,GF,22,,,,,361
imsa,2021,Watkins Glen 6 Hours,,race,382,23,GTD,Ian James,ian james,30,1.0,29,109.032,25.049,41.575,42.408,,GF,23,,,,,361
imsa,2021,Watkins Glen 6 Hours,,race,382,23,GTD,Ian James,ian james,31,1.0,30,110.62,25.312,41.525,43.783,,GF,24,,,,,361
imsa,2021,Watkins Glen 6 Hours,,race,382,23,GTD,Ian James,ian james,32,1.0,31,122.918,25.173,41.27,56.475,,GF,25,,,,,361
imsa,2021,Watkins Glen 6 Hours,,race,382,23,GTD,Ian James,ian james,33,1.0,32,166.765,80.378,43.649,42.738,70.401,GF,0,,,,,361
imsa,2021,Watkins Glen 6 Hours,,race,382,23,GTD,Ian James,ian james,34,1.0,33,109.229,25.444,41.363,42.422,,GF,0,,,,,361
imsa,2021,Watkins Glen 6 Hours,,race,382,23,GTD,Ian James,ian james,35,1.0,34,108.024,25.056,40.872,42.096,,GF,1,,,,,361
imsa,2021,Watkins Glen 6 Hours,,race,382,23,GTD,Ian James,ian james,36,1.0,35,109.515,25.186,41.441,42.888,,GF,2,,,,,361
imsa,2021,Watkins Glen 6 Hours,,race,382,23,GTD,Ian James,ian james,37,1.0,36,107.747,25.226,40.778,41.743,,GF,3,,,,,361
imsa,2021,Watkins Glen 6 Hours,,race,382,23,GTD,Ian James,ian james,38,1.0,37,107.78,25.131,40.83,41.819,,GF,4,,,,,361
imsa,2021,Watkins Glen 6 Hours,,race,382,23,GTD,Ian James,ian james,39,1.0,38,108.606,25.029,41.233,42.344,,GF,5,,,,,361
imsa,2021,Watkins Glen 6 Hours,,race,382,23,GTD,Ian James,ian james,40,1.0,39,109.541,25.189,41.816,42.536,,GF,6,,,,,361
imsa,2021,Watkins Glen 6 Hours,,race,382,23,GTD,Ian James,ian james,41,1.0,40,109.078,25.67,40.912,42.496,,GF,7,,,,,361
imsa,2021,Watkins Glen 6 Hours,,race,382,23,GTD,Ian James,ian james,42,1.0,41,107.979,25.03,40.73,42.219,,GF,8,,,,,361
imsa,2021,Watkins Glen 6 Hours,,race,382,23,GTD,Ian James,ian james,43,1.0,42,107.98,25.067,40.901,42.012,,GF,9,,,,,361
imsa,2021,Watkins Glen 6 Hours,,race,382,23,GTD,Ian James,ian james,44,1.0,43,108.56,25.117,41.375,42.068,,GF,10,,,,,361
imsa,2021,Watkins Glen 6 Hours,,race,382,23,GTD,Ian James,ian james,45,1.0,44,107.983,24.916,40.786,42.281,,GF,11,,,,,361
imsa,2021,Watkins Glen 6 Hours,,race,382,23,GTD,Ian James,ian james,46,1.0,45,107.722,25.011,40.691,42.02,,GF,12,,,,,361
imsa,2021,Watkins Glen 6 Hours,,race,382,23,GTD,Ian James,ian james,47,1.0,46,108.857,24.955,41.513,42.389,,GF,13,,,,,361
imsa,2021,Watkins Glen 6 Hours,,race,382,23,GTD,Ian James,ian james,48,1.0,47,108.838,25.184,41.365,42.289,,GF,14,,,,,361
imsa,2021,Watkins Glen 6 Hours,,race,382,23,GTD,Ian James,ian james,49,1.0,48,108.037,24.947,40.907,42.183,,GF,15,,,,,361
imsa,2021,Watkins Glen 6 Hours,,race,382,23,GTD,Ian James,ian james,50,1.0,49,109.153,25.198,41.829,42.126,,GF,16,,,,,361
imsa,2021,Watkins Glen 6 Hours,,race,382,23,GTD,Ian James,ian james,51,1.0,50,109.944,24.909,42.008,43.027,,GF,17,,,,,361
imsa,2021,Watkins Glen 6 Hours,,race,382,23,GTD,Ian James,ian james,52,1.0,51,108.49,25.561,40.887,42.042,,GF,18,,,,,361
imsa,2021,Watkins Glen 6 Hours,,race,382,23,GTD,Ian James,ian james,53,1.0,52,107.871,24.982,40.631,42.258,,GF,19,,,,,361
imsa,2021,Watkins Glen 6 Hours,,race,382,23,GTD,Ian James,ian james,54,1.0,53,108.745,24.936,41.415,42.394,,GF,20,,,,,361
imsa,2021,Watkins Glen 6 Hours,,race,382,23,GTD,Ian James,ian james,55,1.0,54,110.246,25.059,43.045,42.142,,GF,21,,,,,361
imsa,2021,Watkins Glen 6 Hours,,race,382,23,GTD,Ian James,ian james,56,1.0,55,108.288,25.076,41.057,42.155,,GF,22,,,,,361
imsa,2021,Watkins Glen 6 Hours,,race,382,23,GTD,Ian James,ian james,57,1.0,56,108.558,25.09,41.24,42.228,,GF,23,,,,,361
imsa,2021,Watkins Glen 6 Hours,,race,382,23,GTD,Ian James,ian james,58,1.0,57,111.941,24.968,42.138,44.835,,FCY,24,,,,,361
imsa,2021,Watkins Glen 6 Hours,,race,382,23,GTD,Ian James,ian james,59,1.0,58,213.508,47.852,81.076,84.58,,FCY,24,,,,,361
imsa,2021,Watkins Glen 6 Hours,,race,382,23,GTD,Ian James,ian james,60,1.0,59,227.892,60.45,89.381,78.061,,FCY,24,,,,,361
imsa,2021,Watkins Glen 6 Hours,,race,382,23,GTD,Ian James,ian james,61,1.0,60,210.404,52.975,76.723,80.706,,FCY,24,,,,,361
imsa,2021,Watkins Glen 6 Hours,,race,382,23,GTD,Ross Gunn,ross gunn,62,2.0,0,223.201,83.737,64.524,74.94,66.399,FCY,0,,,,,361
imsa,2021,Watkins Glen 6 Hours,,race,382,23,GTD,Ross Gunn,ross gunn,63,2.0,1,181.554,56.196,70.504,54.854,,GF,0,,,,,361
imsa,2021,Watkins Glen 6 Hours,,race,382,23,GTD,Ross Gunn,ross gunn,64,2.0,2,109.233,25.215,41.393,42.625,,GF,1,,,,,361
imsa,2021,Watkins Glen 6 Hours,,race,382,23,GTD,Ross Gunn,ross gunn,65,2.0,3,107.86,24.889,40.627,42.344,,GF,2,,,,,361
imsa,2021,Watkins Glen 6 Hours,,race,382,23,GTD,Ross Gunn,ross gunn,66,2.0,4,108.486,24.835,41.39,42.261,,GF,3,,,,,361
imsa,2021,Watkins Glen 6 Hours,,race,382,23,GTD,Ross Gunn,ross gunn,67,2.0,5,108.307,24.878,41.28,42.149,,GF,4,,,,,361
imsa,2021,Watkins Glen 6 Hours,,race,382,23,GTD,Ross Gunn,ross gunn,68,2.0,6,108.793,24.895,41.321,42.577,,GF,5,,,,,361
imsa,2021,Watkins Glen 6 Hours,,race,382,23,GTD,Ross Gunn,ross gunn,69,2.0,7,109.166,24.962,41.732,42.472,,GF,6,,,,,361
imsa,2021,Watkins Glen 6 Hours,,race,382,23,GTD,Ross Gunn,ross gunn,70,2.0,8,109.114,25.106,41.231,42.777,,GF,7,,,,,361
imsa,2021,Watkins Glen 6 Hours,,race,382,23,GTD,Ross Gunn,ross gunn,71,2.0,9,107.403,24.984,40.547,41.872,,GF,8,,,,,361
imsa,2021,Watkins Glen 6 Hours,,race,382,23,GTD,Ross Gunn,ross gunn,72,2.0,10,107.526,25.152,40.624,41.75,,GF,9,,,,,361
imsa,2021,Watkins Glen 6 Hours,,race,382,23,GTD,Ross Gunn,ross gunn,73,2.0,11,110.724,25.008,43.699,42.017,,GF,10,,,,,361
imsa,2021,Watkins Glen 6 Hours,,race,382,23,GTD,Ross Gunn,ross gunn,74,2.0,12,107.641,24.988,40.733,41.92,,GF,11,,,,,361
imsa,2021,Watkins Glen 6 Hours,,race,382,23,GTD,Ross Gunn,ross gunn,75,2.0,13,129.957,25.799,47.256,56.902,,FCY,12,,,,,361
imsa,2021,Watkins Glen 6 Hours,,race,382,23,GTD,Ross Gunn,ross gunn,76,2.0,14,115.824,28.167,43.962,43.695,,FCY,12,,,,,361
imsa,2021,Watkins Glen 6 Hours,,race,382,23,GTD,Ross Gunn,ross gunn,77,2.0,15,123.526,25.607,43.097,54.822,,FCY,12,,,,,361
imsa,2021,Watkins Glen 6 Hours,,race,382,23,GTD,Ross Gunn,ross gunn,78,2.0,16,185.241,51.598,71.357,62.286,,FCY,12,,,,,361
imsa,2021,Watkins Glen 6 Hours,,race,382,23,GTD,Ross Gunn,ross gunn,79,2.0,17,168.973,44.997,69.416,54.56,,FCY,12,,,,,361
imsa,2021,Watkins Glen 6 Hours,,race,382,23,GTD,Ross Gunn,ross gunn,80,2.0,18,176.172,39.305,67.966,68.901,,FCY,12,,,,,361
imsa,2021,Watkins Glen 6 Hours,,race,382,23,GTD,Roman de Angelis,roman de angelis,81,3.0,0,194.02,72.194,54.617,67.209,59.875,FCY,0,,,,,361
imsa,2021,Watkins Glen 6 Hours,,race,382,23,GTD,Roman de Angelis,roman de angelis,82,3.0,1,193.271,46.288,67.862,79.121,,FCY,0,,,,,361
imsa,2021,Watkins Glen 6 Hours,,race,382,23,GTD,Roman de Angelis,roman de angelis,83,3.0,2,148.905,40.704,62.365,45.836,,GF,0,,,,,361
imsa,2021,Watkins Glen 6 Hours,,race,382,23,GTD,Roman de Angelis,roman de angelis,84,3.0,3,108.986,25.0,41.532,42.454,,GF,1,,,,,361
imsa,2021,Watkins Glen 6 Hours,,race,382,23,GTD,Roman de Angelis,roman de angelis,85,3.0,4,108.637,25.114,41.346,42.177,,GF,2,,,,,361
imsa,2021,Watkins Glen 6 Hours,,race,382,23,GTD,Roman de Angelis,roman de angelis,86,3.0,5,108.656,25.126,41.28,42.25,,GF,3,,,,,361
imsa,2021,Watkins Glen 6 Hours,,race,382,23,GTD,Roman de Angelis,roman de angelis,87,3.0,6,108.615,25.098,41.307,42.21,,GF,4,,,,,361
imsa,2021,Watkins Glen 6 Hours,,race,382,23,GTD,Roman de Angelis,roman de angelis,88,3.0,7,108.381,25.01,41.206,42.165,,GF,5,,,,,361
imsa,2021,Watkins Glen 6 Hours,,race,382,23,GTD,Roman de Angelis,roman de angelis,89,3.0,8,109.521,25.012,41.725,42.784,,GF,6,,,,,361
imsa,2021,Watkins Glen 6 Hours,,race,382,23,GTD,Roman de Angelis,roman de angelis,90,3.0,9,109.387,24.977,41.738,42.672,,GF,7,,,,,361
imsa,2021,Watkins Glen 6 Hours,,race,382,23,GTD,Roman de Angelis,roman de angelis,91,3.0,10,108.978,25.263,41.237,42.478,,GF,8,,,,,361
imsa,2021,Watkins Glen 6 Hours,,race,382,23,GTD,Roman de Angelis,roman de angelis,92,3.0,11,108.448,25.082,41.07,42.296,,GF,9,,,,,361
imsa,2021,Watkins Glen 6 Hours,,race,382,23,GTD,Roman de Angelis,roman de angelis,93,3.0,12,107.878,24.98,40.838,42.06,,GF,10,,,,,361
imsa,2021,Watkins Glen 6 Hours,,race,382,23,GTD,Roman de Angelis,roman de angelis,94,3.0,13,108.453,24.932,41.31,42.211,,GF,11,,,,,361
imsa,2021,Watkins Glen 6 Hours,,race,382,23,GTD,Roman de Angelis,roman de angelis,95,3.0,14,109.154,24.947,41.487,42.72,,GF,12,,,,,361
imsa,2021,Watkins Glen 6 Hours,,race,382,23,GTD,Roman de Angelis,roman de angelis,96,3.0,15,108.066,24.98,40.907,42.179,,GF,13,,,,,361
imsa,2021,Watkins Glen 6 Hours,,race,382,23,GTD,Roman de Angelis,roman de angelis,97,3.0,16,108.647,25.051,41.182,42.414,,GF,14,,,,,361
imsa,2021,Watkins Glen 6 Hours,,race,382,23,GTD,Roman de Angelis,roman de angelis,98,3.0,17,108.206,24.985,41.071,42.15,,GF,15,,,,,361
imsa,2021,Watkins Glen 6 Hours,,race,382,23,GTD,Roman de Angelis,roman de angelis,99,3.0,18,108.395,25.012,41.213,42.17,,GF,16,,,,,361
imsa,2021,Watkins Glen 6 Hours,,race,382,23,GTD,Roman de Angelis,roman de angelis,100,3.0,19,108.137,24.958,41.015,42.164,,GF,17,,,,,361
imsa,2021,Watkins Glen 6 Hours,,race,382,23,GTD,Roman de Angelis,roman de angelis,101,3.0,20,107.954,24.826,40.913,42.215,,GF,18,,,,,361
imsa,2021,Watkins Glen 6 Hours,,race,382,23,GTD,Roman de Angelis,roman de angelis,102,3.0,21,108.467,24.946,41.307,42.214,,GF,19,,,,,361
imsa,2021,Watkins Glen 6 Hours,,race,382,23,GTD,Roman de Angelis,roman de angelis,103,3.0,22,108.602,24.814,41.406,42.382,,GF,20,,,,,361
imsa,2021,Watkins Glen 6 Hours,,race,382,23,GTD,Roman de Angelis,roman de angelis,104,3.0,23,109.124,25.242,41.447,42.435,,GF,21,,,,,361
imsa,2021,Watkins Glen 6 Hours,,race,382,23,GTD,Roman de Angelis,roman de angelis,105,3.0,24,110.188,25.39,42.057,42.741,,GF,22,,,,,361
imsa,2021,Watkins Glen 6 Hours,,race,382,23,GTD,Roman de Angelis,roman de angelis,106,3.0,25,108.739,25.18,41.466,42.093,,GF,23,,,,,361
imsa,2021,Watkins Glen 6 Hours,,race,382,23,GTD,Roman de Angelis,roman de angelis,107,3.0,26,108.101,24.884,40.992,42.225,,GF,24,,,,,361
imsa,2021,Watkins Glen 6 Hours,,race,382,23,GTD,Roman de Angelis,roman de angelis,108,3.0,27,108.566,24.895,41.324,42.347,,GF,25,,,,,361
imsa,2021,Watkins Glen 6 Hours,,race,382,23,GTD,Roman de Angelis,roman de angelis,109,3.0,28,108.151,24.947,40.854,42.35,,GF,26,,,,,361
imsa,2021,Watkins Glen 6 Hours,,race,382,23,GTD,Roman de Angelis,roman de angelis,110,3.0,29,108.631,25.057,41.237,42.337,,GF,27,,,,,361
imsa,2021,Watkins Glen 6 Hours,,race,382,23,GTD,Roman de Angelis,roman de angelis,111,3.0,30,108.814,24.88,41.232,42.702,,GF,28,,,,,361
imsa,2021,Watkins Glen 6 Hours,,race,382,23,GTD,Roman de Angelis,roman de angelis,112,3.0,31,108.64,25.089,41.375,42.176,,GF,29,,,,,361
imsa,2021,Watkins Glen 6 Hours,,race,382,23,GTD,Roman de Angelis,roman de angelis,113,3.0,32,108.525,25.142,40.987,42.396,,GF,30,,,,,361
imsa,2021,Watkins Glen 6 Hours,,race,382,23,GTD,Roman de Angelis,roman de angelis,114,3.0,33,121.28,25.283,40.984,55.013,,GF,31,,,,,361
imsa,2021,Watkins Glen 6 Hours,,race,382,23,GTD,Roman de Angelis,roman de angelis,115,3.0,34,169.863,85.923,41.749,42.191,78.39,GF,0,,,,,361
imsa,2021,Watkins Glen 6 Hours,,race,382,23,GTD,Roman de Angelis,roman de angelis,116,3.0,35,108.529,25.237,41.253,42.039,,GF,0,,,,,361
imsa,2021,Watkins Glen 6 Hours,,race,382,23,GTD,Roman de Angelis,roman de angelis,117,3.0,36,107.356,25.066,40.453,41.837,,GF,1,,,,,361
imsa,2021,Watkins Glen 6 Hours,,race,382,23,GTD,Roman de Angelis,roman de angelis,118,3.0,37,107.455,25.057,40.605,41.793,,GF,2,,,,,361
imsa,2021,Watkins Glen 6 Hours,,race,382,23,GTD,Roman de Angelis,roman de angelis,119,3.0,38,110.049,25.037,43.046,41.966,,GF,3,,,,,361
imsa,2021,Watkins Glen 6 Hours,,race,382,23,GTD,Roman de Angelis,roman de angelis,120,3.0,39,108.432,25.236,40.602,42.594,,GF,4,,,,,361
imsa,2021,Watkins Glen 6 Hours,,race,382,23,GTD,Roman de Angelis,roman de angelis,121,3.0,40,108.797,24.979,41.123,42.695,,GF,5,,,,,361
imsa,2021,Watkins Glen 6 Hours,,race,382,23,GTD,Roman de Angelis,roman de angelis,122,3.0,41,107.906,25.034,40.821,42.051,,GF,6,,,,,361
imsa,2021,Watkins Glen 6 Hours,,race,382,23,GTD,Roman de Angelis,roman de angelis,123,3.0,42,107.897,24.969,40.833,42.095,,GF,7,,,,,361
imsa,2021,Watkins Glen 6 Hours,,race,382,23,GTD,Roman de Angelis,roman de angelis,124,3.0,43,107.802,25.033,40.721,42.048,,GF,8,,,,,361
imsa,2021,Watkins Glen 6 Hours,,race,382,23,GTD,Roman de Angelis,roman de angelis,125,3.0,44,108.405,25.05,40.748,42.607,,GF,9,,,,,361
imsa,2021,Watkins Glen 6 Hours,,race,382,23,GTD,Roman de Angelis,roman de angelis,126,3.0,45,107.71,25.076,40.67,41.964,,GF,10,,,,,361
imsa,2021,Watkins Glen 6 Hours,,race,382,23,GTD,Roman de Angelis,roman de angelis,127,3.0,46,108.072,25.062,40.836,42.174,,GF,11,,,,,361
imsa,2021,Watkins Glen 6 Hours,,race,382,23,GTD,Roman de Angelis,roman de angelis,128,3.0,47,107.841,25.013,40.727,42.101,,GF,12,,,,,361
imsa,2021,Watkins Glen 6 Hours,,race,382,23,GTD,Roman de Angelis,roman de angelis,129,3.0,48,108.169,24.961,40.855,42.353,,GF,13,,,,,361
imsa,2021,Watkins Glen 6 Hours,,race,382,23,GTD,Roman de Angelis,roman de angelis,130,3.0,49,108.499,24.951,41.053,42.495,,GF,14,,,,,361
imsa,2021,Watkins Glen 6 Hours,,race,382,23,GTD,Roman de Angelis,roman de angelis,131,3.0,50,108.145,25.031,40.791,42.323,,GF,15,,,,,361
imsa,2021,Watkins Glen 6 Hours,,race,382,23,GTD,Roman de Angelis,roman de angelis,132,3.0,51,108.6,25.301,41.047,42.252,,GF,16,,,,,361
imsa,2021,Watkins Glen 6 Hours,,race,382,23,GTD,Roman de Angelis,roman de angelis,133,3.0,52,108.157,25.076,40.755,42.326,,GF,17,,,,,361
imsa,2021,Watkins Glen 6 Hours,,race,382,23,GTD,Roman de Angelis,roman de angelis,134,3.0,53,107.963,25.067,40.66,42.236,,GF,18,,,,,361
imsa,2021,Watkins Glen 6 Hours,,race,382,23,GTD,Roman de Angelis,roman de angelis,135,3.0,54,108.077,25.134,40.79,42.153,,GF,19,,,,,361
imsa,2021,Watkins Glen 6 Hours,,race,382,23,GTD,Roman de Angelis,roman de angelis,136,3.0,55,108.441,25.316,40.441,42.684,,GF,20,,,,,361
imsa,2021,Watkins Glen 6 Hours,,race,382,23,GTD,Roman de Angelis,roman de angelis,137,3.0,56,107.817,25.041,40.68,42.096,,GF,21,,,,,361
imsa,2021,Watkins Glen 6 Hours,,race,382,23,GTD,Roman de Angelis,roman de angelis,138,3.0,57,107.724,25.019,40.562,42.143,,GF,22,,,,,361
imsa,2021,Watkins Glen 6 Hours,,race,382,23,GTD,Roman de Angelis,roman de angelis,139,3.0,58,107.657,24.962,40.528,42.167,,GF,23,,,,,361
imsa,2021,Watkins Glen 6 Hours,,race,382,23,GTD,Roman de Angelis,roman de angelis,140,3.0,59,121.089,25.054,40.65,55.385,,GF,24,,,,,361
imsa,2021,Watkins Glen 6 Hours,,race,382,23,GTD,Ross Gunn,ross gunn,141,4.0,0,158.776,74.216,42.173,42.387,65.983,GF,0,,,,,361
imsa,2021,Watkins Glen 6 Hours,,race,382,23,GTD,Ross Gunn,ross gunn,142,4.0,1,107.737,25.086,40.859,41.792,,GF,0,,,,,361
imsa,2021,Watkins Glen 6 Hours,,race,382,23,GTD,Ross Gunn,ross gunn,143,4.0,2,107.189,25.006,40.432,41.751,,GF,1,,,,,361
imsa,2021,Watkins Glen 6 Hours,,race,382,23,GTD,Ross Gunn,ross gunn,144,4.0,3,107.687,24.988,40.833,41.866,,GF,2,,,,,361
imsa,2021,Watkins Glen 6 Hours,,race,382,23,GTD,Ross Gunn,ross gunn,145,4.0,4,107.485,24.968,40.488,42.029,,GF,3,,,,,361
imsa,2021,Watkins Glen 6 Hours,,race,382,23,GTD,Ross Gunn,ross gunn,146,4.0,5,108.005,25.035,41.024,41.946,,GF,4,,,,,361
imsa,2021,Watkins Glen 6 Hours,,race,382,23,GTD,Ross Gunn,ross gunn,147,4.0,6,107.644,25.155,40.602,41.887,,GF,5,,,,,361
imsa,2021,Watkins Glen 6 Hours,,race,382,23,GTD,Ross Gunn,ross gunn,148,4.0,7,107.673,25.034,40.591,42.048,,GF,6,,,,,361
imsa,2021,Watkins Glen 6 Hours,,race,382,23,GTD,Ross Gunn,ross gunn,149,4.0,8,107.533,25.051,40.533,41.949,,GF,7,,,,,361
imsa,2021,Watkins Glen 6 Hours,,race,382,23,GTD,Ross Gunn,ross gunn,150,4.0,9,108.923,25.085,40.463,43.375,,FCY,8,,,,,361
imsa,2021,Watkins Glen 6 Hours,,race,382,23,GTD,Ross Gunn,ross gunn,151,4.0,10,170.785,34.44,58.67,77.675,,FCY,8,,,,,361
imsa,2021,Watkins Glen 6 Hours,,race,382,23,GTD,Ross Gunn,ross gunn,152,4.0,11,213.001,56.319,81.693,74.989,,FCY,8,,,,,361
imsa,2021,Watkins Glen 6 Hours,,race,382,23,GTD,Ross Gunn,ross gunn,153,4.0,12,190.072,53.085,71.777,65.21,,FCY,8,,,,,361
imsa,2021,Watkins Glen 6 Hours,,race,382,23,GTD,Ross Gunn,ross gunn,154,4.0,13,201.861,49.221,74.665,77.975,,FCY,8,,,,,361
imsa,2021,Watkins Glen 6 Hours,,race,382,23,GTD,Ross Gunn,ross gunn,155,4.0,14,204.517,72.965,72.099,59.453,53.818,FCY,0,,,,,361
imsa,2021,Watkins Glen 6 Hours,,race,382,23,GTD,Ross Gunn,ross gunn,156,4.0,15,198.07,50.922,78.555,68.593,,FCY,0,,,,,361
imsa,2021,Watkins Glen 6 Hours,,race,382,23,GTD,Ross Gunn,ross gunn,157,4.0,16,183.868,48.217,70.341,65.31,,FCY,0,,,,,361
imsa,2021,Watkins Glen 6 Hours,,race,382,23,GTD,Ross Gunn,ross gunn,158,4.0,17,162.92,45.646,61.509,55.765,,GF,0,,,,,361
imsa,2021,Watkins Glen 6 Hours,,race,382,23,GTD,Ross Gunn,ross gunn,159,4.0,18,111.84,25.181,42.65,44.009,,GF,1,,,,,361
imsa,2021,Watkins Glen 6 Hours,,race,382,23,GTD,Ross Gunn,ross gunn,160,4.0,19,110.372,26.239,41.533,42.6,,GF,2,,,,,361
imsa,2021,Watkins Glen 6 Hours,,race,382,23,GTD,Ross Gunn,ross gunn,161,4.0,20,108.885,24.914,41.133,42.838,,GF,3,,,,,361
imsa,2021,Watkins Glen 6 Hours,,race,382,23,GTD,Ross Gunn,ross gunn,162,4.0,21,108.019,24.855,40.945,42.219,,GF,4,,,,,361
imsa,2021,Watkins Glen 6 Hours,,race,382,23,GTD,Ross Gunn,ross gunn,163,4.0,22,108.685,24.91,41.171,42.604,,GF,5,,,,,361
imsa,2021,Watkins Glen 6 Hours,,race,382,23,GTD,Ross Gunn,ross gunn,164,4.0,23,110.219,25.178,41.961,43.08,,GF,6,,,,,361
imsa,2021,Watkins Glen 6 Hours,,race,382,23,GTD,Ross Gunn,ross gunn,165,4.0,24,108.875,25.192,41.101,42.582,,GF,7,,,,,361
imsa,2021,Watkins Glen 6 Hours,,race,382,23,GTD,Ross Gunn,ross gunn,166,4.0,25,108.609,25.047,41.135,42.427,,GF,8,,,,,361
imsa,2021,Watkins Glen 6 Hours,,race,382,23,GTD,Ross Gunn,ross gunn,167,4.0,26,108.743,25.039,41.033,42.671,,GF,9,,,,,361
imsa,2021,Watkins Glen 6 Hours,,race,382,23,GTD,Ross Gunn,ross gunn,168,4.0,27,107.884,24.903,40.77,42.211,,GF,10,,,,,361
imsa,2021,Watkins Glen 6 Hours,,race,382,23,GTD,Ross Gunn,ross gunn,169,4.0,28,107.855,24.878,40.789,42.188,,GF,11,,,,,361
imsa,2021,Watkins Glen 6 Hours,,race,382,23,GTD,Ross Gunn,ross gunn,170,4.0,29,108.428,24.912,41.083,42.433,,GF,12,,,,,361
imsa,2021,Watkins Glen 6 Hours,,race,382,23,GTD,Ross Gunn,ross gunn,171,4.0,30,107.912,25.5,40.564,41.848,,GF,13,,,,,361
imsa,2021,Watkins Glen 6 Hours,,race,382,23,GTD,Ross Gunn,ross gunn,172,4.0,31,107.144,24.924,40.453,41.767,,GF,14,,,,,361
imsa,2021,Watkins Glen 6 Hours,,race,382,23,GTD,Ross Gunn,ross gunn,173,4.0,32,107.619,24.854,40.536,42.229,,GF,15,,,,,361
imsa,2021,Watkins Glen 6 Hours,,race,382,23,GTD,Ross Gunn,ross gunn,174,4.0,33,107.7,24.865,41.069,41.766,,GF,16,,,,,361
imsa,2021,Watkins Glen 6 Hours,,race,382,23,GTD,Ross Gunn,ross gunn,175,4.0,34,107.465,24.903,40.685,41.877,,GF,17,,,,,361
imsa,2021,Watkins Glen 6 Hours,,race,382,23,GTD,Ross Gunn,ross gunn,176,4.0,35,107.397,24.872,40.589,41.936,,GF,18,,,,,361
imsa,2021,Watkins Glen 6 Hours,,race,382,23,GTD,Ross Gunn,ross gunn,177,4.0,36,108.103,24.998,40.907,42.198,,GF,19,,,,,361
imsa,2021,Watkins Glen 6 Hours,,race,382,23,GTD,Ross Gunn,ross gunn,178,4.0,37,108.297,25.251,40.92,42.126,,GF,20,,,,,361
imsa,2021,Watkins Glen 6 Hours,,race,382,23,GTD,Ross Gunn,ross gunn,179,4.0,38,108.98,24.994,40.645,43.341,,FF,21,,,,,361
imsa,2021,Watkins Glen 6 Hours,,race,382,28,GTD,Daniel Morad,daniel morad,1,1.0,0,139.028,53.459,42.827,42.742,,GF,0,,,,,361
imsa,2021,Watkins Glen 6 Hours,,race,382,28,GTD,Daniel Morad,daniel morad,2,1.0,1,108.468,25.306,40.997,42.165,,GF,0,,,,,361
imsa,2021,Watkins Glen 6 Hours,,race,382,28,GTD,Daniel Morad,daniel morad,3,1.0,2,108.023,25.26,40.741,42.022,,GF,1,,,,,361
imsa,2021,Watkins Glen 6 Hours,,race,382,28,GTD,Daniel Morad,daniel morad,4,1.0,3,121.294,25.114,42.092,54.088,,FCY,2,,,,,361
imsa,2021,Watkins Glen 6 Hours,,race,382,28,GTD,Daniel Morad,daniel morad,5,1.0,4,146.197,35.769,53.772,56.656,,FCY,2,,,,,361
imsa,2021,Watkins Glen 6 Hours,,race,382,28,GTD,Daniel Morad,daniel morad,6,1.0,5,140.356,35.516,52.632,52.208,,FCY,2,,,,,361
imsa,2021,Watkins Glen 6 Hours,,race,382,28,GTD,Daniel Morad,daniel morad,7,1.0,6,228.732,57.325,84.888,86.519,,FCY,2,,,,,361
imsa,2021,Watkins Glen 6 Hours,,race,382,28,GTD,Daniel Morad,daniel morad,8,1.0,7,202.575,64.399,74.511,63.665,,FCY,2,,,,,361
imsa,2021,Watkins Glen 6 Hours,,race,382,28,GTD,Daniel Morad,daniel morad,9,1.0,8,159.718,41.196,66.714,51.808,,GF,2,,,,,361
imsa,2021,Watkins Glen 6 Hours,,race,382,28,GTD,Daniel Morad,daniel morad,10,1.0,9,109.956,25.571,41.836,42.549,,GF,3,,,,,361
imsa,2021,Watkins Glen 6 Hours,,race,382,28,GTD,Daniel Morad,daniel morad,11,1.0,10,109.332,25.199,41.937,42.196,,GF,4,,,,,361
imsa,2021,Watkins Glen 6 Hours,,race,382,28,GTD,Daniel Morad,daniel morad,12,1.0,11,107.904,25.171,40.783,41.95,,GF,5,,,,,361
imsa,2021,Watkins Glen 6 Hours,,race,382,28,GTD,Daniel Morad,daniel morad,13,1.0,12,107.753,25.134,40.639,41.98,,GF,6,,,,,361
imsa,2021,Watkins Glen 6 Hours,,race,382,28,GTD,Daniel Morad,daniel morad,14,1.0,13,107.623,25.207,40.587,41.829,,GF,7,,,,,361
imsa,2021,Watkins Glen 6 Hours,,race,382,28,GTD,Daniel Morad,daniel morad,15,1.0,14,108.334,25.144,41.025,42.165,,GF,8,,,,,361
imsa,2021,Watkins Glen 6 Hours,,race,382,28,GTD,Daniel Morad,daniel morad,16,1.0,15,108.164,25.316,40.629,42.219,,GF,9,,,,,361
imsa,2021,Watkins Glen 6 Hours,,race,382,28,GTD,Daniel Morad,daniel morad,17,1.0,16,107.952,25.107,40.855,41.99,,GF,10,,,,,361
imsa,2021,Watkins Glen 6 Hours,,race,382,28,GTD,Daniel Morad,daniel morad,18,1.0,17,107.993,25.157,40.685,42.151,,GF,11,,,,,361
imsa,2021,Watkins Glen 6 Hours,,race,382,28,GTD,Daniel Morad,daniel morad,19,1.0,18,107.63,25.168,40.605,41.857,,GF,12,,,,,361
imsa,2021,Watkins Glen 6 Hours,,race,382,28,GTD,Daniel Morad,daniel morad,20,1.0,19,107.691,25.25,40.68,41.761,,GF,13,,,,,361
imsa,2021,Watkins Glen 6 Hours,,race,382,28,GTD,Daniel Morad,daniel morad,21,1.0,20,107.919,25.212,40.699,42.008,,GF,14,,,,,361
imsa,2021,Watkins Glen 6 Hours,,race,382,28,GTD,Daniel Morad,daniel morad,22,1.0,21,108.269,25.15,40.637,42.482,,GF,15,,,,,361
imsa,2021,Watkins Glen 6 Hours,,race,382,28,GTD,Daniel Morad,daniel morad,23,1.0,22,107.85,25.138,40.803,41.909,,GF,16,,,,,361
imsa,2021,Watkins Glen 6 Hours,,race,382,28,GTD,Daniel Morad,daniel morad,24,1.0,23,108.481,25.254,40.762,42.465,,GF,17,,,,,361
imsa,2021,Watkins Glen 6 Hours,,race,382,28,GTD,Daniel Morad,daniel morad,25,1.0,24,108.469,24.993,40.669,42.807,,GF,18,,,,,361
imsa,2021,Watkins Glen 6 Hours,,race,382,28,GTD,Daniel Morad,daniel morad,26,1.0,25,108.46,25.219,40.746,42.495,,GF,19,,,,,361
imsa,2021,Watkins Glen 6 Hours,,race,382,28,GTD,Daniel Morad,daniel morad,27,1.0,26,108.431,25.4,40.841,42.19,,GF,20,,,,,361
imsa,2021,Watkins Glen 6 Hours,,race,382,28,GTD,Daniel Morad,daniel morad,28,1.0,27,107.916,25.109,40.723,42.084,,GF,21,,,,,361
imsa,2021,Watkins Glen 6 Hours,,race,382,28,GTD,Daniel Morad,daniel morad,29,1.0,28,108.167,25.168,40.668,42.331,,GF,22,,,,,361
imsa,2021,Watkins Glen 6 Hours,,race,382,28,GTD,Daniel Morad,daniel morad,30,1.0,29,107.897,25.129,40.748,42.02,,GF,23,,,,,361
imsa,2021,Watkins Glen 6 Hours,,race,382,28,GTD,Daniel Morad,daniel morad,31,1.0,30,109.395,25.237,40.721,43.437,,GF,24,,,,,361
imsa,2021,Watkins Glen 6 Hours,,race,382,28,GTD,Daniel Morad,daniel morad,32,1.0,31,109.41,25.329,41.531,42.55,,GF,25,,,,,361
imsa,2021,Watkins Glen 6 Hours,,race,382,28,GTD,Daniel Morad,daniel morad,33,1.0,32,109.151,25.194,41.527,42.43,,GF,26,,,,,361
imsa,2021,Watkins Glen 6 Hours,,race,382,28,GTD,Daniel Morad,daniel morad,34,1.0,33,163.453,25.481,40.575,97.397,,GF,27,,,,,361
imsa,2021,Watkins Glen 6 Hours,,race,382,28,GTD,Michael de Quesada,michael de quesada,35,2.0,0,123.545,38.546,42.588,42.411,72.789,GF,0,,,,,361
imsa,2021,Watkins Glen 6 Hours,,race,382,28,GTD,Michael de Quesada,michael de quesada,36,2.0,1,108.444,25.455,40.668,42.321,,GF,0,,,,,361
imsa,2021,Watkins Glen 6 Hours,,race,382,28,GTD,Michael de Quesada,michael de quesada,37,2.0,2,109.217,25.551,41.191,42.475,,GF,1,,,,,361
imsa,2021,Watkins Glen 6 Hours,,race,382,28,GTD,Michael de Quesada,michael de quesada,38,2.0,3,109.632,25.424,42.066,42.142,,GF,2,,,,,361
imsa,2021,Watkins Glen 6 Hours,,race,382,28,GTD,Michael de Quesada,michael de quesada,39,2.0,4,108.922,25.374,40.993,42.555,,GF,3,,,,,361
imsa,2021,Watkins Glen 6 Hours,,race,382,28,GTD,Michael de Quesada,michael de quesada,40,2.0,5,109.078,25.765,41.204,42.109,,GF,4,,,,,361
imsa,2021,Watkins Glen 6 Hours,,race,382,28,GTD,Michael de Quesada,michael de quesada,41,2.0,6,108.954,25.456,41.28,42.218,,GF,5,,,,,361
imsa,2021,Watkins Glen 6 Hours,,race,382,28,GTD,Michael de Quesada,michael de quesada,42,2.0,7,108.412,25.464,40.858,42.09,,GF,6,,,,,361
imsa,2021,Watkins Glen 6 Hours,,race,382,28,GTD,Michael de Quesada,michael de quesada,43,2.0,8,108.686,25.339,40.755,42.592,,GF,7,,,,,361
imsa,2021,Watkins Glen 6 Hours,,race,382,28,GTD,Michael de Quesada,michael de quesada,44,2.0,9,108.494,25.402,40.806,42.286,,GF,8,,,,,361
imsa,2021,Watkins Glen 6 Hours,,race,382,28,GTD,Michael de Quesada,michael de quesada,45,2.0,10,108.892,25.691,40.919,42.282,,GF,9,,,,,361
imsa,2021,Watkins Glen 6 Hours,,race,382,28,GTD,Michael de Quesada,michael de quesada,46,2.0,11,108.296,25.334,40.818,42.144,,GF,10,,,,,361
imsa,2021,Watkins Glen 6 Hours,,race,382,28,GTD,Michael de Quesada,michael de quesada,47,2.0,12,108.156,25.302,40.676,42.178,,GF,11,,,,,361
imsa,2021,Watkins Glen 6 Hours,,race,382,28,GTD,Michael de Quesada,michael de quesada,48,2.0,13,107.934,25.318,40.575,42.041,,GF,12,,,,,361
imsa,2021,Watkins Glen 6 Hours,,race,382,28,GTD,Michael de Quesada,michael de quesada,49,2.0,14,107.853,25.228,40.445,42.18,,GF,13,,,,,361
imsa,2021,Watkins Glen 6 Hours,,race,382,28,GTD,Michael de Quesada,michael de quesada,50,2.0,15,108.536,25.329,40.926,42.281,,GF,14,,,,,361
imsa,2021,Watkins Glen 6 Hours,,race,382,28,GTD,Michael de Quesada,michael de quesada,51,2.0,16,109.724,25.352,41.664,42.708,,GF,15,,,,,361
imsa,2021,Watkins Glen 6 Hours,,race,382,28,GTD,Michael de Quesada,michael de quesada,52,2.0,17,108.98,25.487,40.964,42.529,,GF,16,,,,,361
imsa,2021,Watkins Glen 6 Hours,,race,382,28,GTD,Michael de Quesada,michael de quesada,53,2.0,18,108.731,25.424,40.694,42.613,,GF,17,,,,,361
imsa,2021,Watkins Glen 6 Hours,,race,382,28,GTD,Michael de Quesada,michael de quesada,54,2.0,19,109.167,25.406,41.027,42.734,,GF,18,,,,,361
imsa,2021,Watkins Glen 6 Hours,,race,382,28,GTD,Michael de Quesada,michael de quesada,55,2.0,20,108.089,25.321,40.704,42.064,,GF,19,,,,,361
imsa,2021,Watkins Glen 6 Hours,,race,382,28,GTD,Michael de Quesada,michael de quesada,56,2.0,21,108.111,25.384,40.645,42.082,,GF,20,,,,,361
imsa,2021,Watkins Glen 6 Hours,,race,382,28,GTD,Michael de Quesada,michael de quesada,57,2.0,22,109.335,25.423,40.74,43.172,,GF,21,,,,,361
imsa,2021,Watkins Glen 6 Hours,,race,382,28,GTD,Michael de Quesada,michael de quesada,58,2.0,23,112.776,25.523,42.196,45.057,,FCY,22,,,,,361
imsa,2021,Watkins Glen 6 Hours,,race,382,28,GTD,Michael de Quesada,michael de quesada,59,2.0,24,218.304,50.749,82.594,84.961,,FCY,22,,,,,361
imsa,2021,Watkins Glen 6 Hours,,race,382,28,GTD,Michael de Quesada,michael de quesada,60,2.0,25,228.169,60.705,89.621,77.843,,FCY,22,,,,,361
imsa,2021,Watkins Glen 6 Hours,,race,382,28,GTD,Michael de Quesada,michael de quesada,61,2.0,26,249.038,53.363,76.522,119.153,,FCY,22,,,,,361
imsa,2021,Watkins Glen 6 Hours,,race,382,28,GTD,Michael de Quesada,michael de quesada,62,2.0,27,184.326,44.007,62.908,77.411,66.929,FCY,0,,,,,361
imsa,2021,Watkins Glen 6 Hours,,race,382,28,GTD,Michael de Quesada,michael de quesada,63,2.0,28,185.534,56.313,72.233,56.988,,GF,0,,,,,361
imsa,2021,Watkins Glen 6 Hours,,race,382,28,GTD,Michael de Quesada,michael de quesada,64,2.0,29,109.5,25.633,41.021,42.846,,GF,1,,,,,361
imsa,2021,Watkins Glen 6 Hours,,race,382,28,GTD,Michael de Quesada,michael de quesada,65,2.0,30,108.661,25.42,40.882,42.359,,GF,2,,,,,361
imsa,2021,Watkins Glen 6 Hours,,race,382,28,GTD,Michael de Quesada,michael de quesada,66,2.0,31,108.561,25.434,40.831,42.296,,GF,3,,,,,361
imsa,2021,Watkins Glen 6 Hours,,race,382,28,GTD,Michael de Quesada,michael de quesada,67,2.0,32,108.179,25.258,40.663,42.258,,GF,4,,,,,361
imsa,2021,Watkins Glen 6 Hours,,race,382,28,GTD,Michael de Quesada,michael de quesada,68,2.0,33,108.279,25.409,40.47,42.4,,GF,5,,,,,361
imsa,2021,Watkins Glen 6 Hours,,race,382,28,GTD,Michael de Quesada,michael de quesada,69,2.0,34,109.118,25.436,40.82,42.862,,GF,6,,,,,361
imsa,2021,Watkins Glen 6 Hours,,race,382,28,GTD,Michael de Quesada,michael de quesada,70,2.0,35,108.898,25.459,40.865,42.574,,GF,7,,,,,361
imsa,2021,Watkins Glen 6 Hours,,race,382,28,GTD,Michael de Quesada,michael de quesada,71,2.0,36,108.278,25.464,40.738,42.076,,GF,8,,,,,361
imsa,2021,Watkins Glen 6 Hours,,race,382,28,GTD,Michael de Quesada,michael de quesada,72,2.0,37,108.205,25.54,40.526,42.139,,GF,9,,,,,361
imsa,2021,Watkins Glen 6 Hours,,race,382,28,GTD,Michael de Quesada,michael de quesada,73,2.0,38,109.357,25.439,41.901,42.017,,GF,10,,,,,361
imsa,2021,Watkins Glen 6 Hours,,race,382,28,GTD,Michael de Quesada,michael de quesada,74,2.0,39,108.382,25.413,40.73,42.239,,GF,11,,,,,361
imsa,2021,Watkins Glen 6 Hours,,race,382,28,GTD,Michael de Quesada,michael de quesada,75,2.0,40,129.974,25.453,45.842,58.679,,FCY,12,,,,,361
imsa,2021,Watkins Glen 6 Hours,,race,382,28,GTD,Michael de Quesada,michael de quesada,76,2.0,41,114.962,27.007,43.951,44.004,,FCY,12,,,,,361
imsa,2021,Watkins Glen 6 Hours,,race,382,28,GTD,Michael de Quesada,michael de quesada,77,2.0,42,124.635,25.98,42.533,56.122,,FCY,12,,,,,361
imsa,2021,Watkins Glen 6 Hours,,race,382,28,GTD,Michael de Quesada,michael de quesada,78,2.0,43,185.181,51.795,69.848,63.538,,FCY,12,,,,,361
imsa,2021,Watkins Glen 6 Hours,,race,382,28,GTD,Michael de Quesada,michael de quesada,79,2.0,44,169.028,45.471,69.302,54.255,,FCY,12,,,,,361
imsa,2021,Watkins Glen 6 Hours,,race,382,28,GTD,Michael de Quesada,michael de quesada,80,2.0,45,205.394,39.542,67.98,97.872,,FCY,12,,,,,361
imsa,2021,Watkins Glen 6 Hours,,race,382,28,GTD,Billy Johnson,billy johnson,81,3.0,0,164.861,43.254,54.656,66.951,59.396,FCY,0,,,,,361
imsa,2021,Watkins Glen 6 Hours,,race,382,28,GTD,Billy Johnson,billy johnson,82,3.0,1,193.205,45.996,68.292,78.917,,FCY,0,,,,,361
imsa,2021,Watkins Glen 6 Hours,,race,382,28,GTD,Billy Johnson,billy johnson,83,3.0,2,149.285,40.843,62.611,45.831,,GF,0,,,,,361
imsa,2021,Watkins Glen 6 Hours,,race,382,28,GTD,Billy Johnson,billy johnson,84,3.0,3,109.823,25.447,41.935,42.441,,GF,1,,,,,361
imsa,2021,Watkins Glen 6 Hours,,race,382,28,GTD,Billy Johnson,billy johnson,85,3.0,4,108.75,25.39,41.063,42.297,,GF,2,,,,,361
imsa,2021,Watkins Glen 6 Hours,,race,382,28,GTD,Billy Johnson,billy johnson,86,3.0,5,108.617,25.481,40.933,42.203,,GF,3,,,,,361
imsa,2021,Watkins Glen 6 Hours,,race,382,28,GTD,Billy Johnson,billy johnson,87,3.0,6,108.651,25.455,40.867,42.329,,GF,4,,,,,361
imsa,2021,Watkins Glen 6 Hours,,race,382,28,GTD,Billy Johnson,billy johnson,88,3.0,7,109.371,25.369,41.671,42.331,,GF,5,,,,,361
imsa,2021,Watkins Glen 6 Hours,,race,382,28,GTD,Billy Johnson,billy johnson,89,3.0,8,108.928,25.586,41.039,42.303,,GF,6,,,,,361
imsa,2021,Watkins Glen 6 Hours,,race,382,28,GTD,Billy Johnson,billy johnson,90,3.0,9,109.586,25.399,41.502,42.685,,GF,7,,,,,361
imsa,2021,Watkins Glen 6 Hours,,race,382,28,GTD,Billy Johnson,billy johnson,91,3.0,10,109.401,25.439,41.465,42.497,,GF,8,,,,,361
imsa,2021,Watkins Glen 6 Hours,,race,382,28,GTD,Billy Johnson,billy johnson,92,3.0,11,108.564,25.377,40.982,42.205,,GF,9,,,,,361
imsa,2021,Watkins Glen 6 Hours,,race,382,28,GTD,Billy Johnson,billy johnson,93,3.0,12,108.611,25.351,40.955,42.305,,GF,10,,,,,361
imsa,2021,Watkins Glen 6 Hours,,race,382,28,GTD,Billy Johnson,billy johnson,94,3.0,13,108.969,25.492,41.053,42.424,,GF,11,,,,,361
imsa,2021,Watkins Glen 6 Hours,,race,382,28,GTD,Billy Johnson,billy johnson,95,3.0,14,109.129,25.335,41.126,42.668,,GF,12,,,,,361
imsa,2021,Watkins Glen 6 Hours,,race,382,28,GTD,Billy Johnson,billy johnson,96,3.0,15,108.658,25.273,41.01,42.375,,GF,13,,,,,361
imsa,2021,Watkins Glen 6 Hours,,race,382,28,GTD,Billy Johnson,billy johnson,97,3.0,16,108.956,25.278,41.22,42.458,,GF,14,,,,,361
imsa,2021,Watkins Glen 6 Hours,,race,382,28,GTD,Billy Johnson,billy johnson,98,3.0,17,109.308,25.311,41.549,42.448,,GF,15,,,,,361
imsa,2021,Watkins Glen 6 Hours,,race,382,28,GTD,Billy Johnson,billy johnson,99,3.0,18,108.814,25.304,41.052,42.458,,GF,16,,,,,361
imsa,2021,Watkins Glen 6 Hours,,race,382,28,GTD,Billy Johnson,billy johnson,100,3.0,19,108.701,25.24,41.013,42.448,,GF,17,,,,,361
imsa,2021,Watkins Glen 6 Hours,,race,382,28,GTD,Billy Johnson,billy johnson,101,3.0,20,108.675,25.322,41.022,42.331,,GF,18,,,,,361
imsa,2021,Watkins Glen 6 Hours,,race,382,28,GTD,Billy Johnson,billy johnson,102,3.0,21,109.147,25.299,41.171,42.677,,GF,19,,,,,361
imsa,2021,Watkins Glen 6 Hours,,race,382,28,GTD,Billy Johnson,billy johnson,103,3.0,22,109.081,25.273,41.361,42.447,,GF,20,,,,,361
imsa,2021,Watkins Glen 6 Hours,,race,382,28,GTD,Billy Johnson,billy johnson,104,3.0,23,108.664,25.287,41.057,42.32,,GF,21,,,,,361
imsa,2021,Watkins Glen 6 Hours,,race,382,28,GTD,Billy Johnson,billy johnson,105,3.0,24,109.12,25.347,41.38,42.393,,GF,22,,,,,361
imsa,2021,Watkins Glen 6 Hours,,race,382,28,GTD,Billy Johnson,billy johnson,106,3.0,25,108.449,25.333,40.83,42.286,,GF,23,,,,,361
imsa,2021,Watkins Glen 6 Hours,,race,382,28,GTD,Billy Johnson,billy johnson,107,3.0,26,109.074,25.359,40.914,42.801,,GF,24,,,,,361
imsa,2021,Watkins Glen 6 Hours,,race,382,28,GTD,Billy Johnson,billy johnson,108,3.0,27,108.58,25.29,40.955,42.335,,GF,25,,,,,361
imsa,2021,Watkins Glen 6 Hours,,race,382,28,GTD,Billy Johnson,billy johnson,109,3.0,28,111.988,25.26,44.311,42.417,,GF,26,,,,,361
imsa,2021,Watkins Glen 6 Hours,,race,382,28,GTD,Billy Johnson,billy johnson,110,3.0,29,108.011,25.138,40.738,42.135,,GF,27,,,,,361
imsa,2021,Watkins Glen 6 Hours,,race,382,28,GTD,Billy Johnson,billy johnson,111,3.0,30,110.238,25.177,42.023,43.038,,GF,28,,,,,361
imsa,2021,Watkins Glen 6 Hours,,race,382,28,GTD,Billy Johnson,billy johnson,112,3.0,31,108.385,25.336,40.795,42.254,,GF,29,,,,,361
imsa,2021,Watkins Glen 6 Hours,,race,382,28,GTD,Billy Johnson,billy johnson,113,3.0,32,109.534,25.725,40.886,42.923,,GF,30,,,,,361
imsa,2021,Watkins Glen 6 Hours,,race,382,28,GTD,Billy Johnson,billy johnson,114,3.0,33,168.389,25.273,41.344,101.772,,GF,31,,,,,361
imsa,2021,Watkins Glen 6 Hours,,race,382,28,GTD,Billy Johnson,billy johnson,115,3.0,34,122.937,37.882,42.149,42.906,76.143,GF,0,,,,,361
imsa,2021,Watkins Glen 6 Hours,,race,382,28,GTD,Billy Johnson,billy johnson,116,3.0,35,109.344,25.615,41.404,42.325,,GF,0,,,,,361
imsa,2021,Watkins Glen 6 Hours,,race,382,28,GTD,Billy Johnson,billy johnson,117,3.0,36,109.5,25.517,41.235,42.748,,GF,1,,,,,361
imsa,2021,Watkins Glen 6 Hours,,race,382,28,GTD,Billy Johnson,billy johnson,118,3.0,37,109.598,25.541,41.418,42.639,,GF,2,,,,,361
imsa,2021,Watkins Glen 6 Hours,,race,382,28,GTD,Billy Johnson,billy johnson,119,3.0,38,108.301,25.408,40.634,42.259,,GF,3,,,,,361
imsa,2021,Watkins Glen 6 Hours,,race,382,28,GTD,Billy Johnson,billy johnson,120,3.0,39,108.264,25.368,40.835,42.061,,GF,4,,,,,361
imsa,2021,Watkins Glen 6 Hours,,race,382,28,GTD,Billy Johnson,billy johnson,121,3.0,40,108.91,25.396,40.987,42.527,,GF,5,,,,,361
imsa,2021,Watkins Glen 6 Hours,,race,382,28,GTD,Billy Johnson,billy johnson,122,3.0,41,108.706,25.439,40.946,42.321,,GF,6,,,,,361
imsa,2021,Watkins Glen 6 Hours,,race,382,28,GTD,Billy Johnson,billy johnson,123,3.0,42,108.221,25.274,40.708,42.239,,GF,7,,,,,361
imsa,2021,Watkins Glen 6 Hours,,race,382,28,GTD,Billy Johnson,billy johnson,124,3.0,43,108.295,25.404,40.811,42.08,,GF,8,,,,,361
imsa,2021,Watkins Glen 6 Hours,,race,382,28,GTD,Billy Johnson,billy johnson,125,3.0,44,108.662,25.409,40.887,42.366,,GF,9,,,,,361
imsa,2021,Watkins Glen 6 Hours,,race,382,28,GTD,Billy Johnson,billy johnson,126,3.0,45,108.574,25.458,40.856,42.26,,GF,10,,,,,361
imsa,2021,Watkins Glen 6 Hours,,race,382,28,GTD,Billy Johnson,billy johnson,127,3.0,46,108.934,25.431,41.196,42.307,,GF,11,,,,,361
imsa,2021,Watkins Glen 6 Hours,,race,382,28,GTD,Billy Johnson,billy johnson,128,3.0,47,108.613,25.401,40.948,42.264,,GF,12,,,,,361
imsa,2021,Watkins Glen 6 Hours,,race,382,28,GTD,Billy Johnson,billy johnson,129,3.0,48,109.229,25.403,41.523,42.303,,GF,13,,,,,361
imsa,2021,Watkins Glen 6 Hours,,race,382,28,GTD,Billy Johnson,billy johnson,130,3.0,49,108.573,25.343,40.852,42.378,,GF,14,,,,,361
imsa,2021,Watkins Glen 6 Hours,,race,382,28,GTD,Billy Johnson,billy johnson,131,3.0,50,109.466,25.336,41.276,42.854,,GF,15,,,,,361
imsa,2021,Watkins Glen 6 Hours,,race,382,28,GTD,Billy Johnson,billy johnson,132,3.0,51,110.272,25.557,41.678,43.037,,GF,16,,,,,361
imsa,2021,Watkins Glen 6 Hours,,race,382,28,GTD,Billy Johnson,billy johnson,133,3.0,52,109.48,25.371,41.567,42.542,,GF,17,,,,,361
imsa,2021,Watkins Glen 6 Hours,,race,382,28,GTD,Billy Johnson,billy johnson,134,3.0,53,108.915,25.497,40.998,42.42,,GF,18,,,,,361
imsa,2021,Watkins Glen 6 Hours,,race,382,28,GTD,Billy Johnson,billy johnson,135,3.0,54,109.02,25.71,40.876,42.434,,GF,19,,,,,361
imsa,2021,Watkins Glen 6 Hours,,race,382,28,GTD,Billy Johnson,billy johnson,136,3.0,55,109.155,25.357,41.468,42.33,,GF,20,,,,,361
imsa,2021,Watkins Glen 6 Hours,,race,382,28,GTD,Billy Johnson,billy johnson,137,3.0,56,108.777,25.365,41.124,42.288,,GF,21,,,,,361
imsa,2021,Watkins Glen 6 Hours,,race,382,28,GTD,Billy Johnson,billy johnson,138,3.0,57,108.759,25.275,41.143,42.341,,GF,22,,,,,361
imsa,2021,Watkins Glen 6 Hours,,race,382,28,GTD,Billy Johnson,billy johnson,139,3.0,58,108.874,25.394,41.215,42.265,,GF,23,,,,,361
imsa,2021,Watkins Glen 6 Hours,,race,382,28,GTD,Billy Johnson,billy johnson,140,3.0,59,108.712,25.441,41.073,42.198,,GF,24,,,,,361
imsa,2021,Watkins Glen 6 Hours,,race,382,28,GTD,Billy Johnson,billy johnson,141,3.0,60,108.856,25.357,41.045,42.454,,GF,25,,,,,361
imsa,2021,Watkins Glen 6 Hours,,race,382,28,GTD,Billy Johnson,billy johnson,142,3.0,61,108.997,25.389,41.372,42.236,,GF,26,,,,,361
imsa,2021,Watkins Glen 6 Hours,,race,382,28,GTD,Billy Johnson,billy johnson,143,3.0,62,108.711,25.265,41.198,42.248,,GF,27,,,,,361
imsa,2021,Watkins Glen 6 Hours,,race,382,28,GTD,Billy Johnson,billy johnson,144,3.0,63,108.933,25.337,41.082,42.514,,GF,28,,,,,361
imsa,2021,Watkins Glen 6 Hours,,race,382,28,GTD,Billy Johnson,billy johnson,145,3.0,64,108.638,25.345,40.964,42.329,,GF,29,,,,,361
imsa,2021,Watkins Glen 6 Hours,,race,382,28,GTD,Billy Johnson,billy johnson,146,3.0,65,109.18,25.406,41.234,42.54,,GF,30,,,,,361
imsa,2021,Watkins Glen 6 Hours,,race,382,28,GTD,Billy Johnson,billy johnson,147,3.0,66,180.643,25.496,41.073,114.074,,GF,31,,,,,361
imsa,2021,Watkins Glen 6 Hours,,race,382,28,GTD,Daniel Morad,daniel morad,148,4.0,0,122.828,37.785,42.349,42.694,88.595,GF,0,,,,,361
imsa,2021,Watkins Glen 6 Hours,,race,382,28,GTD,Daniel Morad,daniel morad,149,4.0,1,110.57,25.486,41.046,44.038,,GF,0,,,,,361
imsa,2021,Watkins Glen 6 Hours,,race,382,28,GTD,Daniel Morad,daniel morad,150,4.0,2,126.061,29.829,51.107,45.125,,FCY,1,,,,,361
imsa,2021,Watkins Glen 6 Hours,,race,382,28,GTD,Daniel Morad,daniel morad,151,4.0,3,120.493,29.167,45.336,45.99,,FCY,1,,,,,361
imsa,2021,Watkins Glen 6 Hours,,race,382,28,GTD,Daniel Morad,daniel morad,152,4.0,4,194.913,41.094,78.034,75.785,,FCY,1,,,,,361
imsa,2021,Watkins Glen 6 Hours,,race,382,28,GTD,Daniel Morad,daniel morad,153,4.0,5,191.227,54.344,73.291,63.592,,FCY,1,,,,,361
imsa,2021,Watkins Glen 6 Hours,,race,382,28,GTD,Daniel Morad,daniel morad,154,4.0,6,184.584,40.977,75.102,68.505,,FCY,1,,,,,361
imsa,2021,Watkins Glen 6 Hours,,race,382,28,GTD,Daniel Morad,daniel morad,155,4.0,7,198.707,46.938,75.267,76.502,,FCY,1,,,,,361
imsa,2021,Watkins Glen 6 Hours,,race,382,28,GTD,Daniel Morad,daniel morad,156,4.0,8,203.109,55.998,78.385,68.726,,FCY,1,,,,,361
imsa,2021,Watkins Glen 6 Hours,,race,382,28,GTD,Daniel Morad,daniel morad,157,4.0,9,183.765,48.286,70.078,65.401,,FCY,1,,,,,361
imsa,2021,Watkins Glen 6 Hours,,race,382,28,GTD,Daniel Morad,daniel morad,158,4.0,10,164.049,45.446,61.685,56.918,,GF,1,,,,,361
imsa,2021,Watkins Glen 6 Hours,,race,382,28,GTD,Daniel Morad,daniel morad,159,4.0,11,112.408,25.443,42.533,44.432,,GF,2,,,,,361
imsa,2021,Watkins Glen 6 Hours,,race,382,28,GTD,Daniel Morad,daniel morad,160,4.0,12,110.727,26.585,41.442,42.7,,GF,3,,,,,361
imsa,2021,Watkins Glen 6 Hours,,race,382,28,GTD,Daniel Morad,daniel morad,161,4.0,13,108.787,25.299,40.868,42.62,,GF,4,,,,,361
imsa,2021,Watkins Glen 6 Hours,,race,382,28,GTD,Daniel Morad,daniel morad,162,4.0,14,108.293,25.295,40.776,42.222,,GF,5,,,,,361
imsa,2021,Watkins Glen 6 Hours,,race,382,28,GTD,Daniel Morad,daniel morad,163,4.0,15,108.646,25.268,40.944,42.434,,GF,6,,,,,361
imsa,2021,Watkins Glen 6 Hours,,race,382,28,GTD,Daniel Morad,daniel morad,164,4.0,16,109.947,25.313,41.642,42.992,,GF,7,,,,,361
imsa,2021,Watkins Glen 6 Hours,,race,382,28,GTD,Daniel Morad,daniel morad,165,4.0,17,109.018,25.289,41.026,42.703,,GF,8,,,,,361
imsa,2021,Watkins Glen 6 Hours,,race,382,28,GTD,Daniel Morad,daniel morad,166,4.0,18,108.694,25.18,41.158,42.356,,GF,9,,,,,361
imsa,2021,Watkins Glen 6 Hours,,race,382,28,GTD,Daniel Morad,daniel morad,167,4.0,19,108.62,25.212,40.845,42.563,,GF,10,,,,,361
imsa,2021,Watkins Glen 6 Hours,,race,382,28,GTD,Daniel Morad,daniel morad,168,4.0,20,108.287,25.256,40.78,42.251,,GF,11,,,,,361
imsa,2021,Watkins Glen 6 Hours,,race,382,28,GTD,Daniel Morad,daniel morad,169,4.0,21,108.154,25.227,40.654,42.273,,GF,12,,,,,361
imsa,2021,Watkins Glen 6 Hours,,race,382,28,GTD,Daniel Morad,daniel morad,170,4.0,22,108.338,25.167,40.859,42.312,,GF,13,,,,,361
imsa,2021,Watkins Glen 6 Hours,,race,382,28,GTD,Daniel Morad,daniel morad,171,4.0,23,108.842,25.2,41.154,42.488,,GF,14,,,,,361
imsa,2021,Watkins Glen 6 Hours,,race,382,28,GTD,Daniel Morad,daniel morad,172,4.0,24,108.414,25.296,40.851,42.267,,GF,15,,,,,361
imsa,2021,Watkins Glen 6 Hours,,race,382,28,GTD,Daniel Morad,daniel morad,173,4.0,25,108.785,25.205,41.314,42.266,,GF,16,,,,,361
imsa,2021,Watkins Glen 6 Hours,,race,382,28,GTD,Daniel Morad,daniel morad,174,4.0,26,108.023,25.216,40.673,42.134,,GF,17,,,,,361
imsa,2021,Watkins Glen 6 Hours,,race,382,28,GTD,Daniel Morad,daniel morad,175,4.0,27,108.574,25.213,41.016,42.345,,GF,18,,,,,361
imsa,2021,Watkins Glen 6 Hours,,race,382,28,GTD,Daniel Morad,daniel morad,176,4.0,28,108.528,25.21,40.738,42.58,,GF,19,,,,,361
imsa,2021,Watkins Glen 6 Hours,,race,382,28,GTD,Daniel Morad,daniel morad,177,4.0,29,108.926,25.354,41.198,42.374,,GF,20,,,,,361
imsa,2021,Watkins Glen 6 Hours,,race,382,28,GTD,Daniel Morad,daniel morad,178,4.0,30,109.169,25.191,41.81,42.168,,GF,21,,,,,361
imsa,2021,Watkins Glen 6 Hours,,race,382,28,GTD,Daniel Morad,daniel morad,179,4.0,31,108.526,25.228,40.756,42.542,,FF,22,,,,,361
imsa,2021,Watkins Glen 6 Hours,,race,382,39,GTD,Tyler McQuarrie,tyler mcquarrie,1,1.0,0,139.945,54.158,43.14,42.647,,GF,0,,,,,361
imsa,2021,Watkins Glen 6 Hours,,race,382,39,GTD,Tyler McQuarrie,tyler mcquarrie,2,1.0,1,109.093,25.319,41.339,42.435,,GF,0,,,,,361
imsa,2021,Watkins Glen 6 Hours,,race,382,39,GTD,Tyler McQuarrie,tyler mcquarrie,3,1.0,2,108.085,25.043,40.988,42.054,,GF,1,,,,,361
imsa,2021,Watkins Glen 6 Hours,,race,382,39,GTD,Tyler McQuarrie,tyler mcquarrie,4,1.0,3,123.506,24.971,42.278,56.257,,FCY,2,,,,,361
imsa,2021,Watkins Glen 6 Hours,,race,382,39,GTD,Tyler McQuarrie,tyler mcquarrie,5,1.0,4,146.765,35.344,54.202,57.219,,FCY,2,,,,,361
imsa,2021,Watkins Glen 6 Hours,,race,382,39,GTD,Tyler McQuarrie,tyler mcquarrie,6,1.0,5,139.058,36.415,51.658,50.985,,FCY,2,,,,,361
imsa,2021,Watkins Glen 6 Hours,,race,382,39,GTD,Tyler McQuarrie,tyler mcquarrie,7,1.0,6,230.444,59.582,83.12,87.742,,FCY,2,,,,,361
imsa,2021,Watkins Glen 6 Hours,,race,382,39,GTD,Tyler McQuarrie,tyler mcquarrie,8,1.0,7,201.61,65.324,71.722,64.564,,FCY,2,,,,,361
imsa,2021,Watkins Glen 6 Hours,,race,382,39,GTD,Tyler McQuarrie,tyler mcquarrie,9,1.0,8,157.732,40.838,66.731,50.163,,GF,2,,,,,361
imsa,2021,Watkins Glen 6 Hours,,race,382,39,GTD,Tyler McQuarrie,tyler mcquarrie,10,1.0,9,109.783,25.306,41.643,42.834,,GF,3,,,,,361
imsa,2021,Watkins Glen 6 Hours,,race,382,39,GTD,Tyler McQuarrie,tyler mcquarrie,11,1.0,10,110.389,25.171,41.485,43.733,,GF,4,,,,,361
imsa,2021,Watkins Glen 6 Hours,,race,382,39,GTD,Tyler McQuarrie,tyler mcquarrie,12,1.0,11,108.058,25.052,40.905,42.101,,GF,5,,,,,361
imsa,2021,Watkins Glen 6 Hours,,race,382,39,GTD,Tyler McQuarrie,tyler mcquarrie,13,1.0,12,108.082,25.11,40.962,42.01,,GF,6,,,,,361
imsa,2021,Watkins Glen 6 Hours,,race,382,39,GTD,Tyler McQuarrie,tyler mcquarrie,14,1.0,13,108.309,25.059,40.955,42.295,,GF,7,,,,,361
imsa,2021,Watkins Glen 6 Hours,,race,382,39,GTD,Tyler McQuarrie,tyler mcquarrie,15,1.0,14,109.026,25.66,41.387,41.979,,GF,8,,,,,361
imsa,2021,Watkins Glen 6 Hours,,race,382,39,GTD,Tyler McQuarrie,tyler mcquarrie,16,1.0,15,107.904,25.177,40.709,42.018,,GF,9,,,,,361
imsa,2021,Watkins Glen 6 Hours,,race,382,39,GTD,Tyler McQuarrie,tyler mcquarrie,17,1.0,16,108.677,25.031,41.29,42.356,,GF,10,,,,,361
imsa,2021,Watkins Glen 6 Hours,,race,382,39,GTD,Tyler McQuarrie,tyler mcquarrie,18,1.0,17,108.059,25.066,40.959,42.034,,GF,11,,,,,361
imsa,2021,Watkins Glen 6 Hours,,race,382,39,GTD,Tyler McQuarrie,tyler mcquarrie,19,1.0,18,108.358,25.121,41.464,41.773,,GF,12,,,,,361
imsa,2021,Watkins Glen 6 Hours,,race,382,39,GTD,Tyler McQuarrie,tyler mcquarrie,20,1.0,19,108.828,25.113,41.304,42.411,,GF,13,,,,,361
imsa,2021,Watkins Glen 6 Hours,,race,382,39,GTD,Tyler McQuarrie,tyler mcquarrie,21,1.0,20,109.402,25.367,42.253,41.782,,GF,14,,,,,361
imsa,2021,Watkins Glen 6 Hours,,race,382,39,GTD,Tyler McQuarrie,tyler mcquarrie,22,1.0,21,108.351,25.205,41.272,41.874,,GF,15,,,,,361
imsa,2021,Watkins Glen 6 Hours,,race,382,39,GTD,Tyler McQuarrie,tyler mcquarrie,23,1.0,22,107.787,25.216,40.845,41.726,,GF,16,,,,,361
imsa,2021,Watkins Glen 6 Hours,,race,382,39,GTD,Tyler McQuarrie,tyler mcquarrie,24,1.0,23,108.546,25.052,41.522,41.972,,GF,17,,,,,361
imsa,2021,Watkins Glen 6 Hours,,race,382,39,GTD,Tyler McQuarrie,tyler mcquarrie,25,1.0,24,108.809,25.088,40.945,42.776,,GF,18,,,,,361
imsa,2021,Watkins Glen 6 Hours,,race,382,39,GTD,Tyler McQuarrie,tyler mcquarrie,26,1.0,25,108.288,25.086,40.743,42.459,,GF,19,,,,,361
imsa,2021,Watkins Glen 6 Hours,,race,382,39,GTD,Tyler McQuarrie,tyler mcquarrie,27,1.0,26,166.266,25.205,41.255,99.806,,GF,20,,,,,361
imsa,2021,Watkins Glen 6 Hours,,race,382,39,GTD,Tyler McQuarrie,tyler mcquarrie,28,1.0,27,124.997,38.798,43.074,43.125,74.059,GF,0,,,,,361
imsa,2021,Watkins Glen 6 Hours,,race,382,39,GTD,Tyler McQuarrie,tyler mcquarrie,29,1.0,28,108.673,25.498,40.796,42.379,,GF,0,,,,,361
imsa,2021,Watkins Glen 6 Hours,,race,382,39,GTD,Tyler McQuarrie,tyler mcquarrie,30,1.0,29,108.107,25.356,40.918,41.833,,GF,1,,,,,361
imsa,2021,Watkins Glen 6 Hours,,race,382,39,GTD,Tyler McQuarrie,tyler mcquarrie,31,1.0,30,107.453,25.237,40.52,41.696,,GF,2,,,,,361
imsa,2021,Watkins Glen 6 Hours,,race,382,39,GTD,Tyler McQuarrie,tyler mcquarrie,32,1.0,31,107.404,25.143,40.47,41.791,,GF,3,,,,,361
imsa,2021,Watkins Glen 6 Hours,,race,382,39,GTD,Tyler McQuarrie,tyler mcquarrie,33,1.0,32,108.848,25.574,41.0,42.274,,GF,4,,,,,361
imsa,2021,Watkins Glen 6 Hours,,race,382,39,GTD,Tyler McQuarrie,tyler mcquarrie,34,1.0,33,108.565,25.44,41.186,41.939,,GF,5,,,,,361
imsa,2021,Watkins Glen 6 Hours,,race,382,39,GTD,Tyler McQuarrie,tyler mcquarrie,35,1.0,34,107.953,25.072,40.664,42.217,,GF,6,,,,,361
imsa,2021,Watkins Glen 6 Hours,,race,382,39,GTD,Tyler McQuarrie,tyler mcquarrie,36,1.0,35,108.063,25.222,40.947,41.894,,GF,7,,,,,361
imsa,2021,Watkins Glen 6 Hours,,race,382,39,GTD,Tyler McQuarrie,tyler mcquarrie,37,1.0,36,109.438,25.16,41.24,43.038,,GF,8,,,,,361
imsa,2021,Watkins Glen 6 Hours,,race,382,39,GTD,Tyler McQuarrie,tyler mcquarrie,38,1.0,37,107.975,25.089,40.809,42.077,,GF,9,,,,,361
imsa,2021,Watkins Glen 6 Hours,,race,382,39,GTD,Tyler McQuarrie,tyler mcquarrie,39,1.0,38,108.922,25.26,41.138,42.524,,GF,10,,,,,361
imsa,2021,Watkins Glen 6 Hours,,race,382,39,GTD,Tyler McQuarrie,tyler mcquarrie,40,1.0,39,110.91,25.113,42.62,43.177,,GF,11,,,,,361
imsa,2021,Watkins Glen 6 Hours,,race,382,39,GTD,Tyler McQuarrie,tyler mcquarrie,41,1.0,40,108.233,25.431,40.833,41.969,,GF,12,,,,,361
imsa,2021,Watkins Glen 6 Hours,,race,382,39,GTD,Tyler McQuarrie,tyler mcquarrie,42,1.0,41,107.893,25.225,40.611,42.057,,GF,13,,,,,361
imsa,2021,Watkins Glen 6 Hours,,race,382,39,GTD,Tyler McQuarrie,tyler mcquarrie,43,1.0,42,107.653,24.982,40.726,41.945,,GF,14,,,,,361
imsa,2021,Watkins Glen 6 Hours,,race,382,39,GTD,Tyler McQuarrie,tyler mcquarrie,44,1.0,43,108.228,25.044,40.874,42.31,,GF,15,,,,,361
imsa,2021,Watkins Glen 6 Hours,,race,382,39,GTD,Tyler McQuarrie,tyler mcquarrie,45,1.0,44,107.477,24.988,40.567,41.922,,GF,16,,,,,361
imsa,2021,Watkins Glen 6 Hours,,race,382,39,GTD,Tyler McQuarrie,tyler mcquarrie,46,1.0,45,107.745,25.017,40.729,41.999,,GF,17,,,,,361
imsa,2021,Watkins Glen 6 Hours,,race,382,39,GTD,Tyler McQuarrie,tyler mcquarrie,47,1.0,46,108.218,25.129,40.791,42.298,,GF,18,,,,,361
imsa,2021,Watkins Glen 6 Hours,,race,382,39,GTD,Tyler McQuarrie,tyler mcquarrie,48,1.0,47,107.838,24.986,40.638,42.214,,GF,19,,,,,361
imsa,2021,Watkins Glen 6 Hours,,race,382,39,GTD,Tyler McQuarrie,tyler mcquarrie,49,1.0,48,109.76,25.249,42.383,42.128,,GF,20,,,,,361
imsa,2021,Watkins Glen 6 Hours,,race,382,39,GTD,Tyler McQuarrie,tyler mcquarrie,50,1.0,49,108.243,24.996,41.218,42.029,,GF,21,,,,,361
imsa,2021,Watkins Glen 6 Hours,,race,382,39,GTD,Tyler McQuarrie,tyler mcquarrie,51,1.0,50,109.881,25.128,40.758,43.995,,GF,22,,,,,361
imsa,2021,Watkins Glen 6 Hours,,race,382,39,GTD,Tyler McQuarrie,tyler mcquarrie,52,1.0,51,109.147,25.647,41.56,41.94,,GF,23,,,,,361
imsa,2021,Watkins Glen 6 Hours,,race,382,39,GTD,Tyler McQuarrie,tyler mcquarrie,53,1.0,52,108.161,25.287,40.825,42.049,,GF,24,,,,,361
imsa,2021,Watkins Glen 6 Hours,,race,382,39,GTD,Tyler McQuarrie,tyler mcquarrie,54,1.0,53,107.996,25.033,40.957,42.006,,GF,25,,,,,361
imsa,2021,Watkins Glen 6 Hours,,race,382,39,GTD,Tyler McQuarrie,tyler mcquarrie,55,1.0,54,107.749,25.112,41.001,41.636,,GF,26,,,,,361
imsa,2021,Watkins Glen 6 Hours,,race,382,39,GTD,Tyler McQuarrie,tyler mcquarrie,56,1.0,55,108.207,24.978,40.862,42.367,,GF,27,,,,,361
imsa,2021,Watkins Glen 6 Hours,,race,382,39,GTD,Tyler McQuarrie,tyler mcquarrie,57,1.0,56,109.115,25.382,41.518,42.215,,GF,28,,,,,361
imsa,2021,Watkins Glen 6 Hours,,race,382,39,GTD,Tyler McQuarrie,tyler mcquarrie,58,1.0,57,114.688,25.051,41.363,48.274,,FCY,29,,,,,361
imsa,2021,Watkins Glen 6 Hours,,race,382,39,GTD,Tyler McQuarrie,tyler mcquarrie,59,1.0,58,215.335,48.887,81.96,84.488,,FCY,29,,,,,361
imsa,2021,Watkins Glen 6 Hours,,race,382,39,GTD,Tyler McQuarrie,tyler mcquarrie,60,1.0,59,227.572,60.61,89.025,77.937,,FCY,29,,,,,361
imsa,2021,Watkins Glen 6 Hours,,race,382,39,GTD,Tyler McQuarrie,tyler mcquarrie,61,1.0,60,255.062,53.142,76.664,125.256,,FCY,29,,,,,361
imsa,2021,Watkins Glen 6 Hours,,race,382,39,GTD,Richard Heistand,richard heistand,62,2.0,0,186.192,47.29,63.376,75.526,74.172,FCY,0,,,,,361
imsa,2021,Watkins Glen 6 Hours,,race,382,39,GTD,Richard Heistand,richard heistand,63,2.0,1,178.002,57.845,66.446,53.711,,GF,0,,,,,361
imsa,2021,Watkins Glen 6 Hours,,race,382,39,GTD,Richard Heistand,richard heistand,64,2.0,2,108.933,25.341,41.085,42.507,,GF,1,,,,,361
imsa,2021,Watkins Glen 6 Hours,,race,382,39,GTD,Richard Heistand,richard heistand,65,2.0,3,108.306,25.467,40.752,42.087,,GF,2,,,,,361
imsa,2021,Watkins Glen 6 Hours,,race,382,39,GTD,Richard Heistand,richard heistand,66,2.0,4,108.136,25.211,40.784,42.141,,GF,3,,,,,361
imsa,2021,Watkins Glen 6 Hours,,race,382,39,GTD,Richard Heistand,richard heistand,67,2.0,5,108.253,25.065,40.894,42.294,,GF,4,,,,,361
imsa,2021,Watkins Glen 6 Hours,,race,382,39,GTD,Richard Heistand,richard heistand,68,2.0,6,108.533,25.305,41.025,42.203,,GF,5,,,,,361
imsa,2021,Watkins Glen 6 Hours,,race,382,39,GTD,Richard Heistand,richard heistand,69,2.0,7,109.353,25.187,41.762,42.404,,GF,6,,,,,361
imsa,2021,Watkins Glen 6 Hours,,race,382,39,GTD,Richard Heistand,richard heistand,70,2.0,8,109.544,25.223,41.449,42.872,,GF,7,,,,,361
imsa,2021,Watkins Glen 6 Hours,,race,382,39,GTD,Richard Heistand,richard heistand,71,2.0,9,108.564,25.194,40.883,42.487,,GF,8,,,,,361
imsa,2021,Watkins Glen 6 Hours,,race,382,39,GTD,Richard Heistand,richard heistand,72,2.0,10,108.564,25.234,41.187,42.143,,GF,9,,,,,361
imsa,2021,Watkins Glen 6 Hours,,race,382,39,GTD,Richard Heistand,richard heistand,73,2.0,11,109.676,25.227,41.285,43.164,,GF,10,,,,,361
imsa,2021,Watkins Glen 6 Hours,,race,382,39,GTD,Richard Heistand,richard heistand,74,2.0,12,108.574,25.21,41.013,42.351,,GF,11,,,,,361
imsa,2021,Watkins Glen 6 Hours,,race,382,39,GTD,Richard Heistand,richard heistand,75,2.0,13,132.596,26.678,46.833,59.085,,FCY,12,,,,,361
imsa,2021,Watkins Glen 6 Hours,,race,382,39,GTD,Richard Heistand,richard heistand,76,2.0,14,125.037,32.256,45.801,46.98,,FCY,12,,,,,361
imsa,2021,Watkins Glen 6 Hours,,race,382,39,GTD,Richard Heistand,richard heistand,77,2.0,15,117.532,27.564,45.765,44.203,,FCY,12,,,,,361
imsa,2021,Watkins Glen 6 Hours,,race,382,39,GTD,Richard Heistand,richard heistand,78,2.0,16,180.004,47.462,69.608,62.934,,FCY,12,,,,,361
imsa,2021,Watkins Glen 6 Hours,,race,382,39,GTD,Richard Heistand,richard heistand,79,2.0,17,169.753,44.69,71.098,53.965,,FCY,12,,,,,361
imsa,2021,Watkins Glen 6 Hours,,race,382,39,GTD,Richard Heistand,richard heistand,80,2.0,18,198.883,38.387,67.147,93.349,,FCY,12,,,,,361
imsa,2021,Watkins Glen 6 Hours,,race,382,39,GTD,Richard Heistand,richard heistand,81,2.0,19,163.042,42.262,54.44,66.34,55.537,FCY,0,,,,,361
imsa,2021,Watkins Glen 6 Hours,,race,382,39,GTD,Richard Heistand,richard heistand,82,2.0,20,193.622,45.784,69.676,78.162,,FCY,0,,,,,361
imsa,2021,Watkins Glen 6 Hours,,race,382,39,GTD,Richard Heistand,richard heistand,83,2.0,21,150.917,40.673,64.038,46.206,,GF,0,,,,,361
imsa,2021,Watkins Glen 6 Hours,,race,382,39,GTD,Richard Heistand,richard heistand,84,2.0,22,109.191,25.479,41.287,42.425,,GF,1,,,,,361
imsa,2021,Watkins Glen 6 Hours,,race,382,39,GTD,Richard Heistand,richard heistand,85,2.0,23,108.787,25.25,41.214,42.323,,GF,2,,,,,361
imsa,2021,Watkins Glen 6 Hours,,race,382,39,GTD,Richard Heistand,richard heistand,86,2.0,24,108.44,25.199,41.081,42.16,,GF,3,,,,,361
imsa,2021,Watkins Glen 6 Hours,,race,382,39,GTD,Richard Heistand,richard heistand,87,2.0,25,108.453,25.284,40.925,42.244,,GF,4,,,,,361
imsa,2021,Watkins Glen 6 Hours,,race,382,39,GTD,Richard Heistand,richard heistand,88,2.0,26,108.318,25.384,40.786,42.148,,GF,5,,,,,361
imsa,2021,Watkins Glen 6 Hours,,race,382,39,GTD,Richard Heistand,richard heistand,89,2.0,27,109.643,25.221,41.617,42.805,,GF,6,,,,,361
imsa,2021,Watkins Glen 6 Hours,,race,382,39,GTD,Richard Heistand,richard heistand,90,2.0,28,122.639,25.353,41.536,55.75,,GF,7,,,,,361
imsa,2021,Watkins Glen 6 Hours,,race,382,39,GTD,Richard Heistand,richard heistand,91,2.0,29,120.801,36.865,41.514,42.422,30.095,GF,0,,,,,361
imsa,2021,Watkins Glen 6 Hours,,race,382,39,GTD,Richard Heistand,richard heistand,92,2.0,30,109.239,25.254,41.554,42.431,,GF,0,,,,,361
imsa,2021,Watkins Glen 6 Hours,,race,382,39,GTD,Richard Heistand,richard heistand,93,2.0,31,108.752,25.298,40.668,42.786,,GF,1,,,,,361
imsa,2021,Watkins Glen 6 Hours,,race,382,39,GTD,Richard Heistand,richard heistand,94,2.0,32,109.048,25.275,41.197,42.576,,GF,2,,,,,361
imsa,2021,Watkins Glen 6 Hours,,race,382,39,GTD,Richard Heistand,richard heistand,95,2.0,33,108.695,25.35,40.887,42.458,,GF,3,,,,,361
imsa,2021,Watkins Glen 6 Hours,,race,382,39,GTD,Richard Heistand,richard heistand,96,2.0,34,108.475,25.335,40.736,42.404,,GF,4,,,,,361
imsa,2021,Watkins Glen 6 Hours,,race,382,39,GTD,Richard Heistand,richard heistand,97,2.0,35,108.605,25.261,40.972,42.372,,GF,5,,,,,361
imsa,2021,Watkins Glen 6 Hours,,race,382,39,GTD,Richard Heistand,richard heistand,98,2.0,36,109.877,25.312,41.582,42.983,,GF,6,,,,,361
imsa,2021,Watkins Glen 6 Hours,,race,382,39,GTD,Richard Heistand,richard heistand,99,2.0,37,109.36,25.353,40.868,43.139,,GF,7,,,,,361
imsa,2021,Watkins Glen 6 Hours,,race,382,39,GTD,Richard Heistand,richard heistand,100,2.0,38,109.388,25.277,41.572,42.539,,GF,8,,,,,361
imsa,2021,Watkins Glen 6 Hours,,race,382,39,GTD,Richard Heistand,richard heistand,101,2.0,39,109.112,25.133,41.033,42.946,,GF,9,,,,,361
imsa,2021,Watkins Glen 6 Hours,,race,382,39,GTD,Richard Heistand,richard heistand,102,2.0,40,108.48,25.237,40.926,42.317,,GF,10,,,,,361
imsa,2021,Watkins Glen 6 Hours,,race,382,39,GTD,Richard Heistand,richard heistand,103,2.0,41,108.458,25.186,40.882,42.39,,GF,11,,,,,361
imsa,2021,Watkins Glen 6 Hours,,race,382,39,GTD,Richard Heistand,richard heistand,104,2.0,42,108.897,25.199,41.249,42.449,,GF,12,,,,,361
imsa,2021,Watkins Glen 6 Hours,,race,382,39,GTD,Richard Heistand,richard heistand,105,2.0,43,108.353,25.328,40.634,42.391,,GF,13,,,,,361
imsa,2021,Watkins Glen 6 Hours,,race,382,39,GTD,Richard Heistand,richard heistand,106,2.0,44,110.836,25.184,42.957,42.695,,GF,14,,,,,361
imsa,2021,Watkins Glen 6 Hours,,race,382,39,GTD,Richard Heistand,richard heistand,107,2.0,45,108.627,25.177,40.7,42.75,,GF,15,,,,,361
imsa,2021,Watkins Glen 6 Hours,,race,382,39,GTD,Richard Heistand,richard heistand,108,2.0,46,163.461,25.172,40.847,97.442,,GF,16,,,,,361
imsa,2021,Watkins Glen 6 Hours,,race,382,39,GTD,Jeff Westphal,jeff westphal,109,3.0,0,122.325,37.987,41.914,42.424,70.172,GF,0,,,,,361
imsa,2021,Watkins Glen 6 Hours,,race,382,39,GTD,Jeff Westphal,jeff westphal,110,3.0,1,108.107,25.238,40.704,42.165,,GF,0,,,,,361
imsa,2021,Watkins Glen 6 Hours,,race,382,39,GTD,Jeff Westphal,jeff westphal,111,3.0,2,107.96,25.315,40.747,41.898,,GF,1,,,,,361
imsa,2021,Watkins Glen 6 Hours,,race,382,39,GTD,Jeff Westphal,jeff westphal,112,3.0,3,107.761,25.349,40.436,41.976,,GF,2,,,,,361
imsa,2021,Watkins Glen 6 Hours,,race,382,39,GTD,Jeff Westphal,jeff westphal,113,3.0,4,107.873,25.269,40.612,41.992,,GF,3,,,,,361
imsa,2021,Watkins Glen 6 Hours,,race,382,39,GTD,Jeff Westphal,jeff westphal,114,3.0,5,107.757,25.27,40.616,41.871,,GF,4,,,,,361
imsa,2021,Watkins Glen 6 Hours,,race,382,39,GTD,Jeff Westphal,jeff westphal,115,3.0,6,107.972,25.196,40.669,42.107,,GF,5,,,,,361
imsa,2021,Watkins Glen 6 Hours,,race,382,39,GTD,Jeff Westphal,jeff westphal,116,3.0,7,108.431,25.26,40.846,42.325,,GF,6,,,,,361
imsa,2021,Watkins Glen 6 Hours,,race,382,39,GTD,Jeff Westphal,jeff westphal,117,3.0,8,108.439,25.487,40.801,42.151,,GF,7,,,,,361
imsa,2021,Watkins Glen 6 Hours,,race,382,39,GTD,Jeff Westphal,jeff westphal,118,3.0,9,108.502,25.522,40.729,42.251,,GF,8,,,,,361
imsa,2021,Watkins Glen 6 Hours,,race,382,39,GTD,Jeff Westphal,jeff westphal,119,3.0,10,107.785,25.231,40.579,41.975,,GF,9,,,,,361
imsa,2021,Watkins Glen 6 Hours,,race,382,39,GTD,Jeff Westphal,jeff westphal,120,3.0,11,107.71,25.207,40.619,41.884,,GF,10,,,,,361
imsa,2021,Watkins Glen 6 Hours,,race,382,39,GTD,Jeff Westphal,jeff westphal,121,3.0,12,107.746,25.088,40.716,41.942,,GF,11,,,,,361
imsa,2021,Watkins Glen 6 Hours,,race,382,39,GTD,Jeff Westphal,jeff westphal,122,3.0,13,107.522,25.13,40.544,41.848,,GF,12,,,,,361
imsa,2021,Watkins Glen 6 Hours,,race,382,39,GTD,Jeff Westphal,jeff westphal,123,3.0,14,107.567,25.082,40.567,41.918,,GF,13,,,,,361
imsa,2021,Watkins Glen 6 Hours,,race,382,39,GTD,Jeff Westphal,jeff westphal,124,3.0,15,107.782,25.251,40.605,41.926,,GF,14,,,,,361
imsa,2021,Watkins Glen 6 Hours,,race,382,39,GTD,Jeff Westphal,jeff westphal,125,3.0,16,107.846,25.233,40.641,41.972,,GF,15,,,,,361
imsa,2021,Watkins Glen 6 Hours,,race,382,39,GTD,Jeff Westphal,jeff westphal,126,3.0,17,107.942,25.204,40.621,42.117,,GF,16,,,,,361
imsa,2021,Watkins Glen 6 Hours,,race,382,39,GTD,Jeff Westphal,jeff westphal,127,3.0,18,108.947,25.2,41.146,42.601,,GF,17,,,,,361
imsa,2021,Watkins Glen 6 Hours,,race,382,39,GTD,Jeff Westphal,jeff westphal,128,3.0,19,108.171,25.165,40.803,42.203,,GF,18,,,,,361
imsa,2021,Watkins Glen 6 Hours,,race,382,39,GTD,Jeff Westphal,jeff westphal,129,3.0,20,148.532,25.107,41.629,81.796,,GF,19,,,,,361
imsa,2021,Watkins Glen 6 Hours,,race,382,39,GTD,Jeff Westphal,jeff westphal,130,3.0,21,121.447,37.41,41.691,42.346,56.592,GF,0,,,,,361
imsa,2021,Watkins Glen 6 Hours,,race,382,39,GTD,Jeff Westphal,jeff westphal,131,3.0,22,109.163,25.404,41.047,42.712,,GF,0,,,,,361
imsa,2021,Watkins Glen 6 Hours,,race,382,39,GTD,Jeff Westphal,jeff westphal,132,3.0,23,108.315,25.305,40.832,42.178,,GF,1,,,,,361
imsa,2021,Watkins Glen 6 Hours,,race,382,39,GTD,Jeff Westphal,jeff westphal,133,3.0,24,108.021,25.318,40.649,42.054,,GF,2,,,,,361
imsa,2021,Watkins Glen 6 Hours,,race,382,39,GTD,Jeff Westphal,jeff westphal,134,3.0,25,108.3,25.32,40.753,42.227,,GF,3,,,,,361
imsa,2021,Watkins Glen 6 Hours,,race,382,39,GTD,Jeff Westphal,jeff westphal,135,3.0,26,107.441,25.215,40.375,41.851,,GF,4,,,,,361
imsa,2021,Watkins Glen 6 Hours,,race,382,39,GTD,Jeff Westphal,jeff westphal,136,3.0,27,107.469,25.23,40.382,41.857,,GF,5,,,,,361
imsa,2021,Watkins Glen 6 Hours,,race,382,39,GTD,Jeff Westphal,jeff westphal,137,3.0,28,108.286,25.127,41.047,42.112,,GF,6,,,,,361
imsa,2021,Watkins Glen 6 Hours,,race,382,39,GTD,Jeff Westphal,jeff westphal,138,3.0,29,108.337,25.09,40.846,42.401,,GF,7,,,,,361
imsa,2021,Watkins Glen 6 Hours,,race,382,39,GTD,Jeff Westphal,jeff westphal,139,3.0,30,107.905,25.087,40.773,42.045,,GF,8,,,,,361
imsa,2021,Watkins Glen 6 Hours,,race,382,39,GTD,Jeff Westphal,jeff westphal,140,3.0,31,108.305,25.287,40.799,42.219,,GF,9,,,,,361
imsa,2021,Watkins Glen 6 Hours,,race,382,39,GTD,Jeff Westphal,jeff westphal,141,3.0,32,108.312,25.304,40.58,42.428,,GF,10,,,,,361
imsa,2021,Watkins Glen 6 Hours,,race,382,39,GTD,Jeff Westphal,jeff westphal,142,3.0,33,107.995,25.248,40.762,41.985,,GF,11,,,,,361
imsa,2021,Watkins Glen 6 Hours,,race,382,39,GTD,Jeff Westphal,jeff westphal,143,3.0,34,108.047,25.271,40.729,42.047,,GF,12,,,,,361
imsa,2021,Watkins Glen 6 Hours,,race,382,39,GTD,Jeff Westphal,jeff westphal,144,3.0,35,107.737,25.181,40.571,41.985,,GF,13,,,,,361
imsa,2021,Watkins Glen 6 Hours,,race,382,39,GTD,Jeff Westphal,jeff westphal,145,3.0,36,108.386,25.279,40.944,42.163,,GF,14,,,,,361
imsa,2021,Watkins Glen 6 Hours,,race,382,39,GTD,Jeff Westphal,jeff westphal,146,3.0,37,108.807,25.188,41.571,42.048,,GF,15,,,,,361
imsa,2021,Watkins Glen 6 Hours,,race,382,39,GTD,Jeff Westphal,jeff westphal,147,3.0,38,109.026,25.265,41.486,42.275,,GF,16,,,,,361
imsa,2021,Watkins Glen 6 Hours,,race,382,39,GTD,Jeff Westphal,jeff westphal,148,3.0,39,108.266,25.192,40.689,42.385,,GF,17,,,,,361
imsa,2021,Watkins Glen 6 Hours,,race,382,39,GTD,Jeff Westphal,jeff westphal,149,3.0,40,108.149,25.225,40.797,42.127,,GF,18,,,,,361
imsa,2021,Watkins Glen 6 Hours,,race,382,39,GTD,Jeff Westphal,jeff westphal,150,3.0,41,111.08,25.263,41.137,44.68,,FCY,19,,,,,361
imsa,2021,Watkins Glen 6 Hours,,race,382,39,GTD,Jeff Westphal,jeff westphal,151,3.0,42,159.994,35.795,46.004,78.195,,FCY,19,,,,,361
imsa,2021,Watkins Glen 6 Hours,,race,382,39,GTD,Jeff Westphal,jeff westphal,152,3.0,43,207.206,55.19,77.27,74.746,,FCY,19,,,,,361
imsa,2021,Watkins Glen 6 Hours,,race,382,39,GTD,Jeff Westphal,jeff westphal,153,3.0,44,190.045,53.653,71.054,65.338,,FCY,19,,,,,361
imsa,2021,Watkins Glen 6 Hours,,race,382,39,GTD,Jeff Westphal,jeff westphal,154,3.0,45,233.486,49.462,75.031,108.993,,FCY,19,,,,,361
imsa,2021,Watkins Glen 6 Hours,,race,382,39,GTD,Jeff Westphal,jeff westphal,155,3.0,46,177.713,48.839,69.492,59.382,62.113,FCY,0,,,,,361
imsa,2021,Watkins Glen 6 Hours,,race,382,39,GTD,Jeff Westphal,jeff westphal,156,3.0,47,201.016,52.367,77.101,71.548,,FCY,0,,,,,361
imsa,2021,Watkins Glen 6 Hours,,race,382,39,GTD,Jeff Westphal,jeff westphal,157,3.0,48,183.579,47.831,68.346,67.402,,FCY,0,,,,,361
imsa,2021,Watkins Glen 6 Hours,,race,382,39,GTD,Jeff Westphal,jeff westphal,158,3.0,49,156.093,43.922,58.562,53.609,,GF,0,,,,,361
imsa,2021,Watkins Glen 6 Hours,,race,382,39,GTD,Jeff Westphal,jeff westphal,159,3.0,50,110.667,25.645,41.654,43.368,,GF,1,,,,,361
imsa,2021,Watkins Glen 6 Hours,,race,382,39,GTD,Jeff Westphal,jeff westphal,160,3.0,51,111.975,25.695,42.61,43.67,,GF,2,,,,,361
imsa,2021,Watkins Glen 6 Hours,,race,382,39,GTD,Jeff Westphal,jeff westphal,161,3.0,52,108.921,25.427,41.251,42.243,,GF,3,,,,,361
imsa,2021,Watkins Glen 6 Hours,,race,382,39,GTD,Jeff Westphal,jeff westphal,162,3.0,53,108.489,25.21,40.928,42.351,,GF,4,,,,,361
imsa,2021,Watkins Glen 6 Hours,,race,382,39,GTD,Jeff Westphal,jeff westphal,163,3.0,54,108.545,25.099,40.936,42.51,,GF,5,,,,,361
imsa,2021,Watkins Glen 6 Hours,,race,382,39,GTD,Jeff Westphal,jeff westphal,164,3.0,55,109.732,25.272,41.237,43.223,,GF,6,,,,,361
imsa,2021,Watkins Glen 6 Hours,,race,382,39,GTD,Jeff Westphal,jeff westphal,165,3.0,56,108.291,25.071,40.804,42.416,,GF,7,,,,,361
imsa,2021,Watkins Glen 6 Hours,,race,382,39,GTD,Jeff Westphal,jeff westphal,166,3.0,57,108.226,25.37,40.793,42.063,,GF,8,,,,,361
imsa,2021,Watkins Glen 6 Hours,,race,382,39,GTD,Jeff Westphal,jeff westphal,167,3.0,58,108.609,25.216,41.293,42.1,,GF,9,,,,,361
imsa,2021,Watkins Glen 6 Hours,,race,382,39,GTD,Jeff Westphal,jeff westphal,168,3.0,59,108.423,25.276,41.106,42.041,,GF,10,,,,,361
imsa,2021,Watkins Glen 6 Hours,,race,382,39,GTD,Jeff Westphal,jeff westphal,169,3.0,60,108.71,25.132,41.354,42.224,,GF,11,,,,,361
imsa,2021,Watkins Glen 6 Hours,,race,382,39,GTD,Jeff Westphal,jeff westphal,170,3.0,61,109.605,25.134,41.555,42.916,,GF,12,,,,,361
imsa,2021,Watkins Glen 6 Hours,,race,382,39,GTD,Jeff Westphal,jeff westphal,171,3.0,62,108.613,25.237,41.264,42.112,,GF,13,,,,,361
imsa,2021,Watkins Glen 6 Hours,,race,382,39,GTD,Jeff Westphal,jeff westphal,172,3.0,63,108.617,25.121,41.238,42.258,,GF,14,,,,,361
imsa,2021,Watkins Glen 6 Hours,,race,382,39,GTD,Jeff Westphal,jeff westphal,173,3.0,64,107.599,25.157,40.492,41.95,,GF,15,,,,,361
imsa,2021,Watkins Glen 6 Hours,,race,382,39,GTD,Jeff Westphal,jeff westphal,174,3.0,65,107.54,24.983,40.61,41.947,,GF,16,,,,,361
imsa,2021,Watkins Glen 6 Hours,,race,382,39,GTD,Jeff Westphal,jeff westphal,175,3.0,66,108.202,25.485,40.585,42.132,,GF,17,,,,,361
imsa,2021,Watkins Glen 6 Hours,,race,382,39,GTD,Jeff Westphal,jeff westphal,176,3.0,67,109.265,25.093,41.281,42.891,,GF,18,,,,,361
imsa,2021,Watkins Glen 6 Hours,,race,382,39,GTD,Jeff Westphal,jeff westphal,177,3.0,68,109.191,25.201,41.548,42.442,,GF,19,,,,,361
imsa,2021,Watkins Glen 6 Hours,,race,382,39,GTD,Jeff Westphal,jeff westphal,178,3.0,69,108.297,25.165,40.824,42.308,,GF,20,,,,,361
imsa,2021,Watkins Glen 6 Hours,,race,382,39,GTD,Jeff Westphal,jeff westphal,179,3.0,70,108.098,25.129,40.809,42.16,,FF,21,,,,,361
imsa,2021,Watkins Glen 6 Hours,,race,382,42,GTD,Jaden Conwright,jaden conwright,1,1.0,0,137.675,53.022,42.383,42.27,,GF,0,,,,,361
imsa,2021,Watkins Glen 6 Hours,,race,382,42,GTD,Jaden Conwright,jaden conwright,2,1.0,1,108.255,25.042,41.023,42.19,,GF,0,,,,,361
imsa,2021,Watkins Glen 6 Hours,,race,382,42,GTD,Jaden Conwright,jaden conwright,3,1.0,2,107.68,24.921,40.687,42.072,,GF,1,,,,,361
imsa,2021,Watkins Glen 6 Hours,,race,382,42,GTD,Jaden Conwright,jaden conwright,4,1.0,3,122.327,24.964,42.794,54.569,,FCY,2,,,,,361
imsa,2021,Watkins Glen 6 Hours,,race,382,42,GTD,Jaden Conwright,jaden conwright,5,1.0,4,145.936,35.193,53.735,57.008,,FCY,2,,,,,361
imsa,2021,Watkins Glen 6 Hours,,race,382,42,GTD,Jaden Conwright,jaden conwright,6,1.0,5,140.583,35.061,52.245,53.277,,FCY,2,,,,,361
imsa,2021,Watkins Glen 6 Hours,,race,382,42,GTD,Jaden Conwright,jaden conwright,7,1.0,6,228.705,57.561,84.578,86.566,,FCY,2,,,,,361
imsa,2021,Watkins Glen 6 Hours,,race,382,42,GTD,Jaden Conwright,jaden conwright,8,1.0,7,202.762,64.433,74.82,63.509,,FCY,2,,,,,361
imsa,2021,Watkins Glen 6 Hours,,race,382,42,GTD,Jaden Conwright,jaden conwright,9,1.0,8,160.089,41.185,66.308,52.596,,GF,2,,,,,361
imsa,2021,Watkins Glen 6 Hours,,race,382,42,GTD,Jaden Conwright,jaden conwright,10,1.0,9,110.628,25.948,42.238,42.442,,GF,3,,,,,361
imsa,2021,Watkins Glen 6 Hours,,race,382,42,GTD,Jaden Conwright,jaden conwright,11,1.0,10,108.156,25.027,41.279,41.85,,GF,4,,,,,361
imsa,2021,Watkins Glen 6 Hours,,race,382,42,GTD,Jaden Conwright,jaden conwright,12,1.0,11,108.108,24.9,41.163,42.045,,GF,5,,,,,361
imsa,2021,Watkins Glen 6 Hours,,race,382,42,GTD,Jaden Conwright,jaden conwright,13,1.0,12,107.656,24.873,40.984,41.799,,GF,6,,,,,361
imsa,2021,Watkins Glen 6 Hours,,race,382,42,GTD,Jaden Conwright,jaden conwright,14,1.0,13,107.748,24.973,40.949,41.826,,GF,7,,,,,361
imsa,2021,Watkins Glen 6 Hours,,race,382,42,GTD,Jaden Conwright,jaden conwright,15,1.0,14,108.355,24.947,41.289,42.119,,GF,8,,,,,361
imsa,2021,Watkins Glen 6 Hours,,race,382,42,GTD,Jaden Conwright,jaden conwright,16,1.0,15,107.839,25.162,40.723,41.954,,GF,9,,,,,361
imsa,2021,Watkins Glen 6 Hours,,race,382,42,GTD,Jaden Conwright,jaden conwright,17,1.0,16,107.655,24.936,40.785,41.934,,GF,10,,,,,361
imsa,2021,Watkins Glen 6 Hours,,race,382,42,GTD,Jaden Conwright,jaden conwright,18,1.0,17,108.378,24.967,41.551,41.86,,GF,11,,,,,361
imsa,2021,Watkins Glen 6 Hours,,race,382,42,GTD,Jaden Conwright,jaden conwright,19,1.0,18,161.609,24.92,40.665,96.024,,GF,12,,,,,361
imsa,2021,Watkins Glen 6 Hours,,race,382,42,GTD,Don Yount,don yount,20,2.0,0,130.244,39.824,45.697,44.723,71.019,GF,0,,,,,361
imsa,2021,Watkins Glen 6 Hours,,race,382,42,GTD,Don Yount,don yount,21,2.0,1,112.629,25.992,43.298,43.339,,GF,0,,,,,361
imsa,2021,Watkins Glen 6 Hours,,race,382,42,GTD,Don Yount,don yount,22,2.0,2,111.655,25.478,42.974,43.203,,GF,1,,,,,361
imsa,2021,Watkins Glen 6 Hours,,race,382,42,GTD,Don Yount,don yount,23,2.0,3,111.07,25.713,42.556,42.801,,GF,2,,,,,361
imsa,2021,Watkins Glen 6 Hours,,race,382,42,GTD,Don Yount,don yount,24,2.0,4,110.956,25.305,42.656,42.995,,GF,3,,,,,361
imsa,2021,Watkins Glen 6 Hours,,race,382,42,GTD,Don Yount,don yount,25,2.0,5,110.351,25.236,42.447,42.668,,GF,4,,,,,361
imsa,2021,Watkins Glen 6 Hours,,race,382,42,GTD,Don Yount,don yount,26,2.0,6,111.085,25.343,42.442,43.3,,GF,5,,,,,361
imsa,2021,Watkins Glen 6 Hours,,race,382,42,GTD,Don Yount,don yount,27,2.0,7,112.051,25.154,42.785,44.112,,GF,6,,,,,361
imsa,2021,Watkins Glen 6 Hours,,race,382,42,GTD,Don Yount,don yount,28,2.0,8,111.227,25.332,42.588,43.307,,GF,7,,,,,361
imsa,2021,Watkins Glen 6 Hours,,race,382,42,GTD,Don Yount,don yount,29,2.0,9,111.564,25.414,42.491,43.659,,GF,8,,,,,361
imsa,2021,Watkins Glen 6 Hours,,race,382,42,GTD,Don Yount,don yount,30,2.0,10,113.809,25.246,43.614,44.949,,GF,9,,,,,361
imsa,2021,Watkins Glen 6 Hours,,race,382,42,GTD,Don Yount,don yount,31,2.0,11,121.661,31.06,46.579,44.022,,GF,10,,,,,361
imsa,2021,Watkins Glen 6 Hours,,race,382,42,GTD,Don Yount,don yount,32,2.0,12,111.486,25.477,42.866,43.143,,GF,11,,,,,361
imsa,2021,Watkins Glen 6 Hours,,race,382,42,GTD,Don Yount,don yount,33,2.0,13,111.024,25.199,42.596,43.229,,GF,12,,,,,361
imsa,2021,Watkins Glen 6 Hours,,race,382,42,GTD,Don Yount,don yount,34,2.0,14,111.153,25.119,42.938,43.096,,GF,13,,,,,361
imsa,2021,Watkins Glen 6 Hours,,race,382,42,GTD,Don Yount,don yount,35,2.0,15,111.403,25.282,42.367,43.754,,GF,14,,,,,361
imsa,2021,Watkins Glen 6 Hours,,race,382,42,GTD,Don Yount,don yount,36,2.0,16,111.205,25.502,43.065,42.638,,GF,15,,,,,361
imsa,2021,Watkins Glen 6 Hours,,race,382,42,GTD,Don Yount,don yount,37,2.0,17,111.154,25.309,43.0,42.845,,GF,16,,,,,361
imsa,2021,Watkins Glen 6 Hours,,race,382,42,GTD,Don Yount,don yount,38,2.0,18,111.506,25.498,42.387,43.621,,GF,17,,,,,361
imsa,2021,Watkins Glen 6 Hours,,race,382,42,GTD,Don Yount,don yount,39,2.0,19,112.706,25.828,43.767,43.111,,GF,18,,,,,361
imsa,2021,Watkins Glen 6 Hours,,race,382,42,GTD,Don Yount,don yount,40,2.0,20,111.882,25.06,43.031,43.791,,GF,19,,,,,361
imsa,2021,Watkins Glen 6 Hours,,race,382,42,GTD,Don Yount,don yount,41,2.0,21,111.054,25.074,42.422,43.558,,GF,20,,,,,361
imsa,2021,Watkins Glen 6 Hours,,race,382,42,GTD,Don Yount,don yount,42,2.0,22,111.437,25.51,42.56,43.367,,GF,21,,,,,361
imsa,2021,Watkins Glen 6 Hours,,race,382,42,GTD,Don Yount,don yount,43,2.0,23,110.965,25.464,42.512,42.989,,GF,22,,,,,361
imsa,2021,Watkins Glen 6 Hours,,race,382,42,GTD,Don Yount,don yount,44,2.0,24,110.727,25.072,42.532,43.123,,GF,23,,,,,361
imsa,2021,Watkins Glen 6 Hours,,race,382,42,GTD,Don Yount,don yount,45,2.0,25,111.181,25.168,42.834,43.179,,GF,24,,,,,361
imsa,2021,Watkins Glen 6 Hours,,race,382,42,GTD,Don Yount,don yount,46,2.0,26,110.393,25.063,42.235,43.095,,GF,25,,,,,361
imsa,2021,Watkins Glen 6 Hours,,race,382,42,GTD,Don Yount,don yount,47,2.0,27,110.259,25.395,42.13,42.734,,GF,26,,,,,361
imsa,2021,Watkins Glen 6 Hours,,race,382,42,GTD,Don Yount,don yount,48,2.0,28,110.064,25.238,42.026,42.8,,GF,27,,,,,361
imsa,2021,Watkins Glen 6 Hours,,race,382,42,GTD,Don Yount,don yount,49,2.0,29,111.056,25.192,42.769,43.095,,GF,28,,,,,361
imsa,2021,Watkins Glen 6 Hours,,race,382,42,GTD,Don Yount,don yount,50,2.0,30,165.852,25.144,42.516,98.192,,GF,29,,,,,361
imsa,2021,Watkins Glen 6 Hours,,race,382,42,GTD,Don Yount,don yount,51,2.0,31,125.085,38.137,42.769,44.179,71.214,GF,0,,,,,361
imsa,2021,Watkins Glen 6 Hours,,race,382,42,GTD,Don Yount,don yount,52,2.0,32,114.355,25.315,43.81,45.23,,GF,0,,,,,361
imsa,2021,Watkins Glen 6 Hours,,race,382,42,GTD,Don Yount,don yount,53,2.0,33,112.619,25.985,42.93,43.704,,GF,1,,,,,361
imsa,2021,Watkins Glen 6 Hours,,race,382,42,GTD,Don Yount,don yount,54,2.0,34,111.396,25.391,42.695,43.31,,GF,2,,,,,361
imsa,2021,Watkins Glen 6 Hours,,race,382,42,GTD,Don Yount,don yount,55,2.0,35,112.959,25.407,43.215,44.337,,GF,3,,,,,361
imsa,2021,Watkins Glen 6 Hours,,race,382,42,GTD,Don Yount,don yount,56,2.0,36,112.891,25.262,42.945,44.684,,FCY,4,,,,,361
imsa,2021,Watkins Glen 6 Hours,,race,382,42,GTD,Don Yount,don yount,57,2.0,37,119.799,26.334,44.598,48.867,,FCY,4,,,,,361
imsa,2021,Watkins Glen 6 Hours,,race,382,42,GTD,Don Yount,don yount,58,2.0,38,146.711,27.877,44.981,73.853,,FCY,4,,,,,361
imsa,2021,Watkins Glen 6 Hours,,race,382,42,GTD,Don Yount,don yount,59,2.0,39,223.496,63.476,86.373,73.647,,FCY,4,,,,,361
imsa,2021,Watkins Glen 6 Hours,,race,382,42,GTD,Don Yount,don yount,60,2.0,40,194.427,53.829,73.967,66.631,,FCY,4,,,,,361
imsa,2021,Watkins Glen 6 Hours,,race,382,42,GTD,Don Yount,don yount,61,2.0,41,171.441,54.409,70.865,46.167,,FCY,4,,,,,361
imsa,2021,Watkins Glen 6 Hours,,race,382,42,GTD,Don Yount,don yount,62,2.0,42,117.985,26.556,46.604,44.825,,FCY,4,,,,,361
imsa,2021,Watkins Glen 6 Hours,,race,382,42,GTD,Don Yount,don yount,63,2.0,43,131.333,25.912,52.756,52.665,,GF,4,,,,,361
imsa,2021,Watkins Glen 6 Hours,,race,382,42,GTD,Don Yount,don yount,64,2.0,44,113.177,25.598,43.628,43.951,,GF,5,,,,,361
imsa,2021,Watkins Glen 6 Hours,,race,382,42,GTD,Don Yount,don yount,65,2.0,45,167.009,25.594,43.367,98.048,,GF,6,,,,,361
imsa,2021,Watkins Glen 6 Hours,,race,382,42,GTD,Jaden Conwright,jaden conwright,66,3.0,0,126.078,38.596,44.842,42.64,70.657,GF,0,,,,,361
imsa,2021,Watkins Glen 6 Hours,,race,382,42,GTD,Jaden Conwright,jaden conwright,67,3.0,1,109.279,25.592,41.572,42.115,,GF,0,,,,,361
imsa,2021,Watkins Glen 6 Hours,,race,382,42,GTD,Jaden Conwright,jaden conwright,68,3.0,2,108.141,25.264,40.818,42.059,,GF,1,,,,,361
imsa,2021,Watkins Glen 6 Hours,,race,382,42,GTD,Jaden Conwright,jaden conwright,69,3.0,3,109.895,25.97,41.373,42.552,,GF,2,,,,,361
imsa,2021,Watkins Glen 6 Hours,,race,382,42,GTD,Jaden Conwright,jaden conwright,70,3.0,4,108.031,24.996,41.04,41.995,,GF,3,,,,,361
imsa,2021,Watkins Glen 6 Hours,,race,382,42,GTD,Jaden Conwright,jaden conwright,71,3.0,5,108.389,25.105,41.069,42.215,,GF,4,,,,,361
imsa,2021,Watkins Glen 6 Hours,,race,382,42,GTD,Jaden Conwright,jaden conwright,72,3.0,6,108.113,25.101,40.965,42.047,,GF,5,,,,,361
imsa,2021,Watkins Glen 6 Hours,,race,382,42,GTD,Jaden Conwright,jaden conwright,73,3.0,7,108.077,25.135,40.865,42.077,,GF,6,,,,,361
imsa,2021,Watkins Glen 6 Hours,,race,382,42,GTD,Jaden Conwright,jaden conwright,74,3.0,8,117.726,25.152,44.948,47.626,,FCY,7,,,,,361
imsa,2021,Watkins Glen 6 Hours,,race,382,42,GTD,Jaden Conwright,jaden conwright,75,3.0,9,125.603,28.292,49.443,47.868,,FCY,7,,,,,361
imsa,2021,Watkins Glen 6 Hours,,race,382,42,GTD,Jaden Conwright,jaden conwright,76,3.0,10,137.631,28.721,45.922,62.988,,FCY,7,,,,,361
imsa,2021,Watkins Glen 6 Hours,,race,382,42,GTD,Jaden Conwright,jaden conwright,77,3.0,11,118.3,32.3,43.343,42.657,,FCY,7,,,,,361
imsa,2021,Watkins Glen 6 Hours,,race,382,42,GTD,Jaden Conwright,jaden conwright,78,3.0,12,110.017,25.348,42.134,42.535,,FCY,7,,,,,361
imsa,2021,Watkins Glen 6 Hours,,race,382,42,GTD,Jaden Conwright,jaden conwright,79,3.0,13,147.783,25.828,71.809,50.146,,FCY,7,,,,,361
imsa,2021,Watkins Glen 6 Hours,,race,382,42,GTD,Jaden Conwright,jaden conwright,80,3.0,14,192.368,37.096,66.651,88.621,,FCY,7,,,,,361
imsa,2021,Watkins Glen 6 Hours,,race,382,42,GTD,Jaden Conwright,jaden conwright,81,3.0,15,162.108,41.771,54.256,66.081,51.187,FCY,0,,,,,361
imsa,2021,Watkins Glen 6 Hours,,race,382,42,GTD,Jaden Conwright,jaden conwright,82,3.0,16,191.8,45.716,69.055,77.029,,FCY,0,,,,,361
imsa,2021,Watkins Glen 6 Hours,,race,382,42,GTD,Jaden Conwright,jaden conwright,83,3.0,17,153.327,42.842,63.275,47.21,,GF,0,,,,,361
imsa,2021,Watkins Glen 6 Hours,,race,382,42,GTD,Jaden Conwright,jaden conwright,84,3.0,18,108.983,25.237,41.268,42.478,,GF,1,,,,,361
imsa,2021,Watkins Glen 6 Hours,,race,382,42,GTD,Jaden Conwright,jaden conwright,85,3.0,19,108.844,25.227,41.454,42.163,,GF,2,,,,,361
imsa,2021,Watkins Glen 6 Hours,,race,382,42,GTD,Jaden Conwright,jaden conwright,86,3.0,20,108.248,25.134,41.209,41.905,,GF,3,,,,,361
imsa,2021,Watkins Glen 6 Hours,,race,382,42,GTD,Jaden Conwright,jaden conwright,87,3.0,21,108.46,25.195,41.217,42.048,,GF,4,,,,,361
imsa,2021,Watkins Glen 6 Hours,,race,382,42,GTD,Jaden Conwright,jaden conwright,88,3.0,22,108.277,25.064,41.11,42.103,,GF,5,,,,,361
imsa,2021,Watkins Glen 6 Hours,,race,382,42,GTD,Jaden Conwright,jaden conwright,89,3.0,23,109.52,25.084,42.146,42.29,,GF,6,,,,,361
imsa,2021,Watkins Glen 6 Hours,,race,382,42,GTD,Jaden Conwright,jaden conwright,90,3.0,24,111.796,25.113,44.031,42.652,,GF,7,,,,,361
imsa,2021,Watkins Glen 6 Hours,,race,382,42,GTD,Jaden Conwright,jaden conwright,91,3.0,25,108.982,25.224,41.323,42.435,,GF,8,,,,,361
imsa,2021,Watkins Glen 6 Hours,,race,382,42,GTD,Jaden Conwright,jaden conwright,92,3.0,26,108.372,25.061,41.074,42.237,,GF,9,,,,,361
imsa,2021,Watkins Glen 6 Hours,,race,382,42,GTD,Jaden Conwright,jaden conwright,93,3.0,27,108.205,25.055,41.04,42.11,,GF,10,,,,,361
imsa,2021,Watkins Glen 6 Hours,,race,382,42,GTD,Jaden Conwright,jaden conwright,94,3.0,28,108.359,24.992,41.068,42.299,,GF,11,,,,,361
imsa,2021,Watkins Glen 6 Hours,,race,382,42,GTD,Jaden Conwright,jaden conwright,95,3.0,29,109.214,24.955,41.416,42.843,,GF,12,,,,,361
imsa,2021,Watkins Glen 6 Hours,,race,382,42,GTD,Jaden Conwright,jaden conwright,96,3.0,30,108.27,24.999,41.032,42.239,,GF,13,,,,,361
imsa,2021,Watkins Glen 6 Hours,,race,382,42,GTD,Jaden Conwright,jaden conwright,97,3.0,31,108.557,25.049,41.012,42.496,,GF,14,,,,,361
imsa,2021,Watkins Glen 6 Hours,,race,382,42,GTD,Jaden Conwright,jaden conwright,98,3.0,32,108.193,25.079,40.936,42.178,,GF,15,,,,,361
imsa,2021,Watkins Glen 6 Hours,,race,382,42,GTD,Jaden Conwright,jaden conwright,99,3.0,33,108.434,25.011,41.275,42.148,,GF,16,,,,,361
imsa,2021,Watkins Glen 6 Hours,,race,382,42,GTD,Jaden Conwright,jaden conwright,100,3.0,34,107.827,24.834,40.831,42.162,,GF,17,,,,,361
imsa,2021,Watkins Glen 6 Hours,,race,382,42,GTD,Jaden Conwright,jaden conwright,101,3.0,35,108.512,25.244,40.93,42.338,,GF,18,,,,,361
imsa,2021,Watkins Glen 6 Hours,,race,382,42,GTD,Jaden Conwright,jaden conwright,102,3.0,36,107.94,24.888,40.986,42.066,,GF,19,,,,,361
imsa,2021,Watkins Glen 6 Hours,,race,382,42,GTD,Jaden Conwright,jaden conwright,103,3.0,37,109.795,24.856,41.246,43.693,,GF,20,,,,,361
imsa,2021,Watkins Glen 6 Hours,,race,382,42,GTD,Jaden Conwright,jaden conwright,104,3.0,38,108.416,25.051,40.774,42.591,,GF,21,,,,,361
imsa,2021,Watkins Glen 6 Hours,,race,382,42,GTD,Jaden Conwright,jaden conwright,105,3.0,39,109.816,24.916,41.91,42.99,,GF,22,,,,,361
imsa,2021,Watkins Glen 6 Hours,,race,382,42,GTD,Jaden Conwright,jaden conwright,106,3.0,40,108.789,24.879,41.368,42.542,,GF,23,,,,,361
imsa,2021,Watkins Glen 6 Hours,,race,382,42,GTD,Jaden Conwright,jaden conwright,107,3.0,41,107.752,24.874,40.77,42.108,,GF,24,,,,,361
imsa,2021,Watkins Glen 6 Hours,,race,382,42,GTD,Jaden Conwright,jaden conwright,108,3.0,42,108.583,24.911,41.35,42.322,,GF,25,,,,,361
imsa,2021,Watkins Glen 6 Hours,,race,382,42,GTD,Jaden Conwright,jaden conwright,109,3.0,43,109.364,24.908,41.581,42.875,,GF,26,,,,,361
imsa,2021,Watkins Glen 6 Hours,,race,382,42,GTD,Jaden Conwright,jaden conwright,110,3.0,44,107.61,24.827,40.694,42.089,,GF,27,,,,,361
imsa,2021,Watkins Glen 6 Hours,,race,382,42,GTD,Jaden Conwright,jaden conwright,111,3.0,45,108.923,24.883,41.289,42.751,,GF,28,,,,,361
imsa,2021,Watkins Glen 6 Hours,,race,382,42,GTD,Jaden Conwright,jaden conwright,112,3.0,46,108.798,24.879,41.524,42.395,,GF,29,,,,,361
imsa,2021,Watkins Glen 6 Hours,,race,382,42,GTD,Jaden Conwright,jaden conwright,113,3.0,47,108.103,24.864,40.815,42.424,,GF,30,,,,,361
imsa,2021,Watkins Glen 6 Hours,,race,382,42,GTD,Jaden Conwright,jaden conwright,114,3.0,48,170.886,24.946,41.404,104.536,,GF,31,,,,,361
imsa,2021,Watkins Glen 6 Hours,,race,382,42,GTD,Markus Palttala,markus palttala,115,4.0,0,124.058,37.803,42.942,43.313,78.882,GF,0,,,,,361
imsa,2021,Watkins Glen 6 Hours,,race,382,42,GTD,Markus Palttala,markus palttala,116,4.0,1,109.292,25.299,41.417,42.576,,GF,0,,,,,361
imsa,2021,Watkins Glen 6 Hours,,race,382,42,GTD,Markus Palttala,markus palttala,117,4.0,2,108.451,25.086,41.045,42.32,,GF,1,,,,,361
imsa,2021,Watkins Glen 6 Hours,,race,382,42,GTD,Markus Palttala,markus palttala,118,4.0,3,109.593,25.12,41.467,43.006,,GF,2,,,,,361
imsa,2021,Watkins Glen 6 Hours,,race,382,42,GTD,Markus Palttala,markus palttala,119,4.0,4,108.752,25.123,41.303,42.326,,GF,3,,,,,361
imsa,2021,Watkins Glen 6 Hours,,race,382,42,GTD,Markus Palttala,markus palttala,120,4.0,5,109.014,25.108,41.281,42.625,,GF,4,,,,,361
imsa,2021,Watkins Glen 6 Hours,,race,382,42,GTD,Markus Palttala,markus palttala,121,4.0,6,108.028,25.045,40.726,42.257,,GF,5,,,,,361
imsa,2021,Watkins Glen 6 Hours,,race,382,42,GTD,Markus Palttala,markus palttala,122,4.0,7,108.324,25.065,40.873,42.386,,GF,6,,,,,361
imsa,2021,Watkins Glen 6 Hours,,race,382,42,GTD,Markus Palttala,markus palttala,123,4.0,8,108.862,25.066,41.176,42.62,,GF,7,,,,,361
imsa,2021,Watkins Glen 6 Hours,,race,382,42,GTD,Markus Palttala,markus palttala,124,4.0,9,108.904,25.088,41.254,42.562,,GF,8,,,,,361
imsa,2021,Watkins Glen 6 Hours,,race,382,42,GTD,Markus Palttala,markus palttala,125,4.0,10,108.76,25.175,40.976,42.609,,GF,9,,,,,361
imsa,2021,Watkins Glen 6 Hours,,race,382,42,GTD,Markus Palttala,markus palttala,126,4.0,11,109.598,25.079,41.635,42.884,,GF,10,,,,,361
imsa,2021,Watkins Glen 6 Hours,,race,382,42,GTD,Markus Palttala,markus palttala,127,4.0,12,110.289,25.199,41.357,43.733,,GF,11,,,,,361
imsa,2021,Watkins Glen 6 Hours,,race,382,42,GTD,Markus Palttala,markus palttala,128,4.0,13,109.939,25.161,41.542,43.236,,GF,12,,,,,361
imsa,2021,Watkins Glen 6 Hours,,race,382,42,GTD,Markus Palttala,markus palttala,129,4.0,14,109.086,25.101,41.194,42.791,,GF,13,,,,,361
imsa,2021,Watkins Glen 6 Hours,,race,382,42,GTD,Markus Palttala,markus palttala,130,4.0,15,108.69,24.976,40.878,42.836,,GF,14,,,,,361
imsa,2021,Watkins Glen 6 Hours,,race,382,42,GTD,Markus Palttala,markus palttala,131,4.0,16,108.61,25.058,41.02,42.532,,GF,15,,,,,361
imsa,2021,Watkins Glen 6 Hours,,race,382,42,GTD,Markus Palttala,markus palttala,132,4.0,17,108.983,25.189,41.143,42.651,,GF,16,,,,,361
imsa,2021,Watkins Glen 6 Hours,,race,382,42,GTD,Markus Palttala,markus palttala,133,4.0,18,108.72,25.301,40.965,42.454,,GF,17,,,,,361
imsa,2021,Watkins Glen 6 Hours,,race,382,42,GTD,Markus Palttala,markus palttala,134,4.0,19,108.457,24.998,41.054,42.405,,GF,18,,,,,361
imsa,2021,Watkins Glen 6 Hours,,race,382,42,GTD,Markus Palttala,markus palttala,135,4.0,20,109.915,24.985,41.372,43.558,,GF,19,,,,,361
imsa,2021,Watkins Glen 6 Hours,,race,382,42,GTD,Markus Palttala,markus palttala,136,4.0,21,109.42,25.224,41.553,42.643,,GF,20,,,,,361
imsa,2021,Watkins Glen 6 Hours,,race,382,42,GTD,Markus Palttala,markus palttala,137,4.0,22,109.139,25.165,41.427,42.547,,GF,21,,,,,361
imsa,2021,Watkins Glen 6 Hours,,race,382,42,GTD,Markus Palttala,markus palttala,138,4.0,23,110.412,25.377,42.237,42.798,,GF,22,,,,,361
imsa,2021,Watkins Glen 6 Hours,,race,382,42,GTD,Markus Palttala,markus palttala,139,4.0,24,108.235,24.968,40.994,42.273,,GF,23,,,,,361
imsa,2021,Watkins Glen 6 Hours,,race,382,42,GTD,Markus Palttala,markus palttala,140,4.0,25,108.598,25.021,41.305,42.272,,GF,24,,,,,361
imsa,2021,Watkins Glen 6 Hours,,race,382,42,GTD,Markus Palttala,markus palttala,141,4.0,26,109.009,25.038,41.335,42.636,,GF,25,,,,,361
imsa,2021,Watkins Glen 6 Hours,,race,382,42,GTD,Markus Palttala,markus palttala,142,4.0,27,109.549,25.013,41.88,42.656,,GF,26,,,,,361
imsa,2021,Watkins Glen 6 Hours,,race,382,42,GTD,Markus Palttala,markus palttala,143,4.0,28,109.133,25.151,41.22,42.762,,GF,27,,,,,361
imsa,2021,Watkins Glen 6 Hours,,race,382,42,GTD,Markus Palttala,markus palttala,144,4.0,29,109.139,25.054,41.432,42.653,,GF,28,,,,,361
imsa,2021,Watkins Glen 6 Hours,,race,382,42,GTD,Markus Palttala,markus palttala,145,4.0,30,108.975,25.084,41.324,42.567,,GF,29,,,,,361
imsa,2021,Watkins Glen 6 Hours,,race,382,42,GTD,Markus Palttala,markus palttala,146,4.0,31,107.896,24.984,40.746,42.166,,GF,30,,,,,361
imsa,2021,Watkins Glen 6 Hours,,race,382,42,GTD,Markus Palttala,markus palttala,147,4.0,32,108.908,25.288,41.255,42.365,,GF,31,,,,,361
imsa,2021,Watkins Glen 6 Hours,,race,382,42,GTD,Markus Palttala,markus palttala,148,4.0,33,169.302,24.971,40.996,103.335,,GF,32,,,,,361
imsa,2021,Watkins Glen 6 Hours,,race,382,42,GTD,Markus Palttala,markus palttala,149,4.0,34,139.372,37.755,43.914,57.703,76.965,GF,0,,,,,361
imsa,2021,Watkins Glen 6 Hours,,race,382,42,GTD,Markus Palttala,markus palttala,150,4.0,35,202.585,50.091,75.093,77.401,29.984,FCY,0,,,,,361
imsa,2021,Watkins Glen 6 Hours,,race,382,42,GTD,Markus Palttala,markus palttala,151,4.0,36,193.668,55.394,86.63,51.644,,FCY,0,,,,,361
imsa,2021,Watkins Glen 6 Hours,,race,382,42,GTD,Markus Palttala,markus palttala,152,4.0,37,120.343,28.536,44.69,47.117,,FCY,0,,,,,361
imsa,2021,Watkins Glen 6 Hours,,race,382,42,GTD,Markus Palttala,markus palttala,153,4.0,38,128.356,27.158,43.78,57.418,,FCY,0,,,,,361
imsa,2021,Watkins Glen 6 Hours,,race,382,42,GTD,Markus Palttala,markus palttala,154,4.0,39,176.655,36.882,72.921,66.852,,FCY,0,,,,,361
imsa,2021,Watkins Glen 6 Hours,,race,382,42,GTD,Markus Palttala,markus palttala,155,4.0,40,198.057,46.009,75.097,76.951,,FCY,0,,,,,361
imsa,2021,Watkins Glen 6 Hours,,race,382,42,GTD,Markus Palttala,markus palttala,156,4.0,41,201.7,54.539,78.18,68.981,,FCY,0,,,,,361
imsa,2021,Watkins Glen 6 Hours,,race,382,42,GTD,Markus Palttala,markus palttala,157,4.0,42,183.655,48.269,70.199,65.187,,FCY,0,,,,,361
imsa,2021,Watkins Glen 6 Hours,,race,382,42,GTD,Markus Palttala,markus palttala,158,4.0,43,163.429,45.767,61.194,56.468,,GF,0,,,,,361
imsa,2021,Watkins Glen 6 Hours,,race,382,42,GTD,Markus Palttala,markus palttala,159,4.0,44,111.849,25.36,42.33,44.159,,GF,1,,,,,361
imsa,2021,Watkins Glen 6 Hours,,race,382,42,GTD,Markus Palttala,markus palttala,160,4.0,45,110.373,26.304,41.501,42.568,,GF,2,,,,,361
imsa,2021,Watkins Glen 6 Hours,,race,382,42,GTD,Markus Palttala,markus palttala,161,4.0,46,108.581,25.033,40.936,42.612,,GF,3,,,,,361
imsa,2021,Watkins Glen 6 Hours,,race,382,42,GTD,Markus Palttala,markus palttala,162,4.0,47,108.379,25.253,40.79,42.336,,GF,4,,,,,361
imsa,2021,Watkins Glen 6 Hours,,race,382,42,GTD,Markus Palttala,markus palttala,163,4.0,48,108.584,25.045,41.003,42.536,,GF,5,,,,,361
imsa,2021,Watkins Glen 6 Hours,,race,382,42,GTD,Markus Palttala,markus palttala,164,4.0,49,110.069,25.059,41.761,43.249,,GF,6,,,,,361
imsa,2021,Watkins Glen 6 Hours,,race,382,42,GTD,Markus Palttala,markus palttala,165,4.0,50,109.139,25.479,41.079,42.581,,GF,7,,,,,361
imsa,2021,Watkins Glen 6 Hours,,race,382,42,GTD,Markus Palttala,markus palttala,166,4.0,51,108.632,25.063,41.005,42.564,,GF,8,,,,,361
imsa,2021,Watkins Glen 6 Hours,,race,382,42,GTD,Markus Palttala,markus palttala,167,4.0,52,108.639,25.101,41.026,42.512,,GF,9,,,,,361
imsa,2021,Watkins Glen 6 Hours,,race,382,42,GTD,Markus Palttala,markus palttala,168,4.0,53,107.9,25.009,40.685,42.206,,GF,10,,,,,361
imsa,2021,Watkins Glen 6 Hours,,race,382,42,GTD,Markus Palttala,markus palttala,169,4.0,54,107.874,24.987,40.66,42.227,,GF,11,,,,,361
imsa,2021,Watkins Glen 6 Hours,,race,382,42,GTD,Markus Palttala,markus palttala,170,4.0,55,108.458,25.065,40.917,42.476,,GF,12,,,,,361
imsa,2021,Watkins Glen 6 Hours,,race,382,42,GTD,Markus Palttala,markus palttala,171,4.0,56,109.73,26.024,41.394,42.312,,GF,13,,,,,361
imsa,2021,Watkins Glen 6 Hours,,race,382,42,GTD,Markus Palttala,markus palttala,172,4.0,57,108.134,24.957,40.919,42.258,,GF,14,,,,,361
imsa,2021,Watkins Glen 6 Hours,,race,382,42,GTD,Markus Palttala,markus palttala,173,4.0,58,108.532,24.873,40.894,42.765,,GF,15,,,,,361
imsa,2021,Watkins Glen 6 Hours,,race,382,42,GTD,Markus Palttala,markus palttala,174,4.0,59,107.537,24.864,40.601,42.072,,GF,16,,,,,361
imsa,2021,Watkins Glen 6 Hours,,race,382,42,GTD,Markus Palttala,markus palttala,175,4.0,60,107.99,25.052,40.704,42.234,,GF,17,,,,,361
imsa,2021,Watkins Glen 6 Hours,,race,382,42,GTD,Markus Palttala,markus palttala,176,4.0,61,108.072,24.987,40.813,42.272,,GF,18,,,,,361
imsa,2021,Watkins Glen 6 Hours,,race,382,42,GTD,Markus Palttala,markus palttala,177,4.0,62,108.554,24.948,41.265,42.341,,GF,19,,,,,361
imsa,2021,Watkins Glen 6 Hours,,race,382,42,GTD,Markus Palttala,markus palttala,178,4.0,63,109.369,25.082,41.071,43.216,,GF,20,,,,,361
imsa,2021,Watkins Glen 6 Hours,,race,382,42,GTD,Markus Palttala,markus palttala,179,4.0,64,110.546,25.286,41.893,43.367,,FF,21,,,,,361
imsa,2021,Watkins Glen 6 Hours,,race,382,44,GTD,John Potter,john potter,1,1.0,0,142.222,55.308,43.755,43.159,,GF,0,,,,,361
imsa,2021,Watkins Glen 6 Hours,,race,382,44,GTD,John Potter,john potter,2,1.0,1,110.765,25.841,42.213,42.711,,GF,0,,,,,361
imsa,2021,Watkins Glen 6 Hours,,race,382,44,GTD,John Potter,john potter,3,1.0,2,110.473,25.602,42.013,42.858,,GF,1,,,,,361
imsa,2021,Watkins Glen 6 Hours,,race,382,44,GTD,John Potter,john potter,4,1.0,3,129.997,25.682,41.811,62.504,,FCY,2,,,,,361
imsa,2021,Watkins Glen 6 Hours,,race,382,44,GTD,John Potter,john potter,5,1.0,4,230.173,52.289,91.504,86.38,,FCY,2,,,,,361
imsa,2021,Watkins Glen 6 Hours,,race,382,44,GTD,John Potter,john potter,6,1.0,5,137.24,45.714,45.812,45.714,,FCY,2,,,,,361
imsa,2021,Watkins Glen 6 Hours,,race,382,44,GTD,John Potter,john potter,7,1.0,6,139.481,28.27,46.61,64.601,,FCY,2,,,,,361
imsa,2021,Watkins Glen 6 Hours,,race,382,44,GTD,John Potter,john potter,8,1.0,7,201.948,66.954,71.149,63.845,,FCY,2,,,,,361
imsa,2021,Watkins Glen 6 Hours,,race,382,44,GTD,John Potter,john potter,9,1.0,8,156.947,39.892,66.965,50.09,,GF,2,,,,,361
imsa,2021,Watkins Glen 6 Hours,,race,382,44,GTD,John Potter,john potter,10,1.0,9,111.321,25.752,42.059,43.51,,GF,3,,,,,361
imsa,2021,Watkins Glen 6 Hours,,race,382,44,GTD,John Potter,john potter,11,1.0,10,110.191,25.778,41.682,42.731,,GF,4,,,,,361
imsa,2021,Watkins Glen 6 Hours,,race,382,44,GTD,John Potter,john potter,12,1.0,11,109.932,25.659,41.274,42.999,,GF,5,,,,,361
imsa,2021,Watkins Glen 6 Hours,,race,382,44,GTD,John Potter,john potter,13,1.0,12,110.786,25.668,42.633,42.485,,GF,6,,,,,361
imsa,2021,Watkins Glen 6 Hours,,race,382,44,GTD,John Potter,john potter,14,1.0,13,110.318,25.604,41.842,42.872,,GF,7,,,,,361
imsa,2021,Watkins Glen 6 Hours,,race,382,44,GTD,John Potter,john potter,15,1.0,14,109.653,25.696,41.429,42.528,,GF,8,,,,,361
imsa,2021,Watkins Glen 6 Hours,,race,382,44,GTD,John Potter,john potter,16,1.0,15,109.761,25.686,41.375,42.7,,GF,9,,,,,361
imsa,2021,Watkins Glen 6 Hours,,race,382,44,GTD,John Potter,john potter,17,1.0,16,110.21,25.615,41.324,43.271,,GF,10,,,,,361
imsa,2021,Watkins Glen 6 Hours,,race,382,44,GTD,John Potter,john potter,18,1.0,17,111.725,25.693,43.26,42.772,,GF,11,,,,,361
imsa,2021,Watkins Glen 6 Hours,,race,382,44,GTD,John Potter,john potter,19,1.0,18,109.407,25.734,41.188,42.485,,GF,12,,,,,361
imsa,2021,Watkins Glen 6 Hours,,race,382,44,GTD,John Potter,john potter,20,1.0,19,109.971,25.425,41.63,42.916,,GF,13,,,,,361
imsa,2021,Watkins Glen 6 Hours,,race,382,44,GTD,John Potter,john potter,21,1.0,20,110.187,25.681,41.903,42.603,,GF,14,,,,,361
imsa,2021,Watkins Glen 6 Hours,,race,382,44,GTD,John Potter,john potter,22,1.0,21,111.201,25.651,42.778,42.772,,GF,15,,,,,361
imsa,2021,Watkins Glen 6 Hours,,race,382,44,GTD,John Potter,john potter,23,1.0,22,109.864,25.647,41.618,42.599,,GF,16,,,,,361
imsa,2021,Watkins Glen 6 Hours,,race,382,44,GTD,John Potter,john potter,24,1.0,23,110.344,25.791,41.758,42.795,,GF,17,,,,,361
imsa,2021,Watkins Glen 6 Hours,,race,382,44,GTD,John Potter,john potter,25,1.0,24,110.799,25.745,42.022,43.032,,GF,18,,,,,361
imsa,2021,Watkins Glen 6 Hours,,race,382,44,GTD,John Potter,john potter,26,1.0,25,111.322,25.445,42.766,43.111,,GF,19,,,,,361
imsa,2021,Watkins Glen 6 Hours,,race,382,44,GTD,John Potter,john potter,27,1.0,26,110.021,25.709,41.272,43.04,,GF,20,,,,,361
imsa,2021,Watkins Glen 6 Hours,,race,382,44,GTD,John Potter,john potter,28,1.0,27,109.807,25.774,41.326,42.707,,GF,21,,,,,361
imsa,2021,Watkins Glen 6 Hours,,race,382,44,GTD,John Potter,john potter,29,1.0,28,111.006,25.612,41.958,43.436,,GF,22,,,,,361
imsa,2021,Watkins Glen 6 Hours,,race,382,44,GTD,John Potter,john potter,30,1.0,29,110.703,25.49,42.253,42.96,,GF,23,,,,,361
imsa,2021,Watkins Glen 6 Hours,,race,382,44,GTD,John Potter,john potter,31,1.0,30,109.254,25.611,41.201,42.442,,GF,24,,,,,361
imsa,2021,Watkins Glen 6 Hours,,race,382,44,GTD,John Potter,john potter,32,1.0,31,109.576,25.613,41.207,42.756,,GF,25,,,,,361
imsa,2021,Watkins Glen 6 Hours,,race,382,44,GTD,John Potter,john potter,33,1.0,32,110.58,26.206,41.678,42.696,,GF,26,,,,,361
imsa,2021,Watkins Glen 6 Hours,,race,382,44,GTD,John Potter,john potter,34,1.0,33,123.79,25.511,41.971,56.308,,GF,27,,,,,361
imsa,2021,Watkins Glen 6 Hours,,race,382,44,GTD,John Potter,john potter,35,1.0,34,171.905,83.374,44.817,43.714,73.562,GF,0,,,,,361
imsa,2021,Watkins Glen 6 Hours,,race,382,44,GTD,John Potter,john potter,36,1.0,35,110.779,25.964,42.032,42.783,,GF,0,,,,,361
imsa,2021,Watkins Glen 6 Hours,,race,382,44,GTD,John Potter,john potter,37,1.0,36,110.308,25.613,40.946,43.749,,GF,1,,,,,361
imsa,2021,Watkins Glen 6 Hours,,race,382,44,GTD,John Potter,john potter,38,1.0,37,110.186,25.7,41.188,43.298,,GF,2,,,,,361
imsa,2021,Watkins Glen 6 Hours,,race,382,44,GTD,John Potter,john potter,39,1.0,38,109.181,25.728,41.084,42.369,,GF,3,,,,,361
imsa,2021,Watkins Glen 6 Hours,,race,382,44,GTD,John Potter,john potter,40,1.0,39,111.372,25.469,43.161,42.742,,GF,4,,,,,361
imsa,2021,Watkins Glen 6 Hours,,race,382,44,GTD,John Potter,john potter,41,1.0,40,110.265,25.679,41.987,42.599,,GF,5,,,,,361
imsa,2021,Watkins Glen 6 Hours,,race,382,44,GTD,John Potter,john potter,42,1.0,41,110.291,25.638,41.218,43.435,,GF,6,,,,,361
imsa,2021,Watkins Glen 6 Hours,,race,382,44,GTD,John Potter,john potter,43,1.0,42,109.175,25.488,41.173,42.514,,GF,7,,,,,361
imsa,2021,Watkins Glen 6 Hours,,race,382,44,GTD,John Potter,john potter,44,1.0,43,108.898,25.457,40.951,42.49,,GF,8,,,,,361
imsa,2021,Watkins Glen 6 Hours,,race,382,44,GTD,John Potter,john potter,45,1.0,44,110.062,25.908,41.451,42.703,,GF,9,,,,,361
imsa,2021,Watkins Glen 6 Hours,,race,382,44,GTD,John Potter,john potter,46,1.0,45,109.784,25.556,41.408,42.82,,GF,10,,,,,361
imsa,2021,Watkins Glen 6 Hours,,race,382,44,GTD,John Potter,john potter,47,1.0,46,110.387,25.744,41.931,42.712,,GF,11,,,,,361
imsa,2021,Watkins Glen 6 Hours,,race,382,44,GTD,John Potter,john potter,48,1.0,47,109.41,25.458,41.158,42.794,,GF,12,,,,,361
imsa,2021,Watkins Glen 6 Hours,,race,382,44,GTD,John Potter,john potter,49,1.0,48,110.14,25.524,41.328,43.288,,GF,13,,,,,361
imsa,2021,Watkins Glen 6 Hours,,race,382,44,GTD,John Potter,john potter,50,1.0,49,109.482,25.507,41.517,42.458,,GF,14,,,,,361
imsa,2021,Watkins Glen 6 Hours,,race,382,44,GTD,John Potter,john potter,51,1.0,50,110.318,25.558,41.714,43.046,,GF,15,,,,,361
imsa,2021,Watkins Glen 6 Hours,,race,382,44,GTD,John Potter,john potter,52,1.0,51,110.104,25.658,41.408,43.038,,GF,16,,,,,361
imsa,2021,Watkins Glen 6 Hours,,race,382,44,GTD,John Potter,john potter,53,1.0,52,110.073,25.757,41.53,42.786,,GF,17,,,,,361
imsa,2021,Watkins Glen 6 Hours,,race,382,44,GTD,John Potter,john potter,54,1.0,53,109.682,25.498,41.438,42.746,,GF,18,,,,,361
imsa,2021,Watkins Glen 6 Hours,,race,382,44,GTD,John Potter,john potter,55,1.0,54,110.686,25.527,41.888,43.271,,GF,19,,,,,361
imsa,2021,Watkins Glen 6 Hours,,race,382,44,GTD,John Potter,john potter,56,1.0,55,111.592,26.249,42.279,43.064,,GF,20,,,,,361
imsa,2021,Watkins Glen 6 Hours,,race,382,44,GTD,John Potter,john potter,57,1.0,56,121.724,25.477,43.129,53.118,,FCY,21,,,,,361
imsa,2021,Watkins Glen 6 Hours,,race,382,44,GTD,John Potter,john potter,58,1.0,57,225.125,51.839,89.133,84.153,,FCY,21,,,,,361
imsa,2021,Watkins Glen 6 Hours,,race,382,44,GTD,John Potter,john potter,59,1.0,58,229.473,61.272,89.522,78.679,,FCY,21,,,,,361
imsa,2021,Watkins Glen 6 Hours,,race,382,44,GTD,John Potter,john potter,60,1.0,59,204.357,53.412,76.539,74.406,,FCY,21,,,,,361
imsa,2021,Watkins Glen 6 Hours,,race,382,44,GTD,John Potter,john potter,61,1.0,60,170.333,54.384,71.849,44.1,,FCY,21,,,,,361
imsa,2021,Watkins Glen 6 Hours,,race,382,44,GTD,John Potter,john potter,62,1.0,61,128.616,25.974,45.903,56.739,,FCY,21,,,,,361
imsa,2021,Watkins Glen 6 Hours,,race,382,44,GTD,Spencer Pumpelly,spencer pumpelly,63,2.0,0,158.902,73.516,42.693,42.693,65.462,GF,0,,,,,361
imsa,2021,Watkins Glen 6 Hours,,race,382,44,GTD,Spencer Pumpelly,spencer pumpelly,64,2.0,1,108.425,25.455,40.945,42.025,,GF,0,,,,,361
imsa,2021,Watkins Glen 6 Hours,,race,382,44,GTD,Spencer Pumpelly,spencer pumpelly,65,2.0,2,107.66,25.194,40.473,41.993,,GF,1,,,,,361
imsa,2021,Watkins Glen 6 Hours,,race,382,44,GTD,Spencer Pumpelly,spencer pumpelly,66,2.0,3,108.485,25.142,40.575,42.768,,GF,2,,,,,361
imsa,2021,Watkins Glen 6 Hours,,race,382,44,GTD,Spencer Pumpelly,spencer pumpelly,67,2.0,4,108.584,25.395,40.74,42.449,,GF,3,,,,,361
imsa,2021,Watkins Glen 6 Hours,,race,382,44,GTD,Spencer Pumpelly,spencer pumpelly,68,2.0,5,107.869,25.248,40.603,42.018,,GF,4,,,,,361
imsa,2021,Watkins Glen 6 Hours,,race,382,44,GTD,Spencer Pumpelly,spencer pumpelly,69,2.0,6,108.97,25.345,41.266,42.359,,GF,5,,,,,361
imsa,2021,Watkins Glen 6 Hours,,race,382,44,GTD,Spencer Pumpelly,spencer pumpelly,70,2.0,7,108.662,25.451,40.823,42.388,,GF,6,,,,,361
imsa,2021,Watkins Glen 6 Hours,,race,382,44,GTD,Spencer Pumpelly,spencer pumpelly,71,2.0,8,108.692,25.444,40.923,42.325,,GF,7,,,,,361
imsa,2021,Watkins Glen 6 Hours,,race,382,44,GTD,Spencer Pumpelly,spencer pumpelly,72,2.0,9,108.247,25.237,40.782,42.228,,GF,8,,,,,361
imsa,2021,Watkins Glen 6 Hours,,race,382,44,GTD,Spencer Pumpelly,spencer pumpelly,73,2.0,10,109.65,25.546,41.631,42.473,,GF,9,,,,,361
imsa,2021,Watkins Glen 6 Hours,,race,382,44,GTD,Spencer Pumpelly,spencer pumpelly,74,2.0,11,111.067,25.416,41.103,44.548,,FCY,10,,,,,361
imsa,2021,Watkins Glen 6 Hours,,race,382,44,GTD,Spencer Pumpelly,spencer pumpelly,75,2.0,12,116.049,27.195,43.708,45.146,,FCY,10,,,,,361
imsa,2021,Watkins Glen 6 Hours,,race,382,44,GTD,Spencer Pumpelly,spencer pumpelly,76,2.0,13,191.447,40.846,76.441,74.16,,FCY,10,,,,,361
imsa,2021,Watkins Glen 6 Hours,,race,382,44,GTD,Spencer Pumpelly,spencer pumpelly,77,2.0,14,118.813,29.163,44.855,44.795,,FCY,10,,,,,361
imsa,2021,Watkins Glen 6 Hours,,race,382,44,GTD,Spencer Pumpelly,spencer pumpelly,78,2.0,15,111.773,25.867,42.787,43.119,,FCY,10,,,,,361
imsa,2021,Watkins Glen 6 Hours,,race,382,44,GTD,Spencer Pumpelly,spencer pumpelly,79,2.0,16,151.037,27.916,71.235,51.886,,FCY,10,,,,,361
imsa,2021,Watkins Glen 6 Hours,,race,382,44,GTD,Spencer Pumpelly,spencer pumpelly,80,2.0,17,172.664,38.022,66.524,68.118,,FCY,10,,,,,361
imsa,2021,Watkins Glen 6 Hours,,race,382,44,GTD,Spencer Pumpelly,spencer pumpelly,81,2.0,18,195.617,83.113,45.81,66.694,75.153,FCY,0,,,,,361
imsa,2021,Watkins Glen 6 Hours,,race,382,44,GTD,Spencer Pumpelly,spencer pumpelly,82,2.0,19,193.398,46.303,65.311,81.784,,FCY,0,,,,,361
imsa,2021,Watkins Glen 6 Hours,,race,382,44,GTD,Spencer Pumpelly,spencer pumpelly,83,2.0,20,146.005,40.016,60.226,45.763,,GF,0,,,,,361
imsa,2021,Watkins Glen 6 Hours,,race,382,44,GTD,Spencer Pumpelly,spencer pumpelly,84,2.0,21,108.87,25.207,41.266,42.397,,GF,1,,,,,361
imsa,2021,Watkins Glen 6 Hours,,race,382,44,GTD,Spencer Pumpelly,spencer pumpelly,85,2.0,22,108.405,25.389,40.787,42.229,,GF,2,,,,,361
imsa,2021,Watkins Glen 6 Hours,,race,382,44,GTD,Spencer Pumpelly,spencer pumpelly,86,2.0,23,108.302,25.298,40.726,42.278,,GF,3,,,,,361
imsa,2021,Watkins Glen 6 Hours,,race,382,44,GTD,Spencer Pumpelly,spencer pumpelly,87,2.0,24,108.702,25.369,40.948,42.385,,GF,4,,,,,361
imsa,2021,Watkins Glen 6 Hours,,race,382,44,GTD,Spencer Pumpelly,spencer pumpelly,88,2.0,25,109.48,25.325,41.273,42.882,,GF,5,,,,,361
imsa,2021,Watkins Glen 6 Hours,,race,382,44,GTD,Spencer Pumpelly,spencer pumpelly,89,2.0,26,109.595,25.781,41.404,42.41,,GF,6,,,,,361
imsa,2021,Watkins Glen 6 Hours,,race,382,44,GTD,Spencer Pumpelly,spencer pumpelly,90,2.0,27,108.858,25.38,41.147,42.331,,GF,7,,,,,361
imsa,2021,Watkins Glen 6 Hours,,race,382,44,GTD,Spencer Pumpelly,spencer pumpelly,91,2.0,28,109.26,25.197,41.622,42.441,,GF,8,,,,,361
imsa,2021,Watkins Glen 6 Hours,,race,382,44,GTD,Spencer Pumpelly,spencer pumpelly,92,2.0,29,108.788,25.508,41.016,42.264,,GF,9,,,,,361
imsa,2021,Watkins Glen 6 Hours,,race,382,44,GTD,Spencer Pumpelly,spencer pumpelly,93,2.0,30,108.843,25.318,41.304,42.221,,GF,10,,,,,361
imsa,2021,Watkins Glen 6 Hours,,race,382,44,GTD,Spencer Pumpelly,spencer pumpelly,94,2.0,31,109.055,25.298,41.135,42.622,,GF,11,,,,,361
imsa,2021,Watkins Glen 6 Hours,,race,382,44,GTD,Spencer Pumpelly,spencer pumpelly,95,2.0,32,110.319,25.704,41.896,42.719,,GF,12,,,,,361
imsa,2021,Watkins Glen 6 Hours,,race,382,44,GTD,Spencer Pumpelly,spencer pumpelly,96,2.0,33,109.619,25.356,41.44,42.823,,GF,13,,,,,361
imsa,2021,Watkins Glen 6 Hours,,race,382,44,GTD,Spencer Pumpelly,spencer pumpelly,97,2.0,34,110.073,25.649,41.725,42.699,,GF,14,,,,,361
imsa,2021,Watkins Glen 6 Hours,,race,382,44,GTD,Spencer Pumpelly,spencer pumpelly,98,2.0,35,110.043,25.785,41.634,42.624,,GF,15,,,,,361
imsa,2021,Watkins Glen 6 Hours,,race,382,44,GTD,Spencer Pumpelly,spencer pumpelly,99,2.0,36,109.461,25.401,41.287,42.773,,GF,16,,,,,361
imsa,2021,Watkins Glen 6 Hours,,race,382,44,GTD,Spencer Pumpelly,spencer pumpelly,100,2.0,37,156.763,25.425,59.865,71.473,,GF,17,,,,,361
imsa,2021,Watkins Glen 6 Hours,,race,382,44,GTD,Spencer Pumpelly,spencer pumpelly,101,2.0,38,233.521,147.005,43.316,43.2,139.589,GF,0,,,,,361
imsa,2021,Watkins Glen 6 Hours,,race,382,44,GTD,Spencer Pumpelly,spencer pumpelly,102,2.0,39,124.11,25.66,42.577,55.873,,GF,0,,,,,361
imsa,2021,Watkins Glen 6 Hours,,race,382,44,GTD,Spencer Pumpelly,spencer pumpelly,103,2.0,40,124.445,40.525,41.794,42.126,33.508,GF,0,,,,,361
imsa,2021,Watkins Glen 6 Hours,,race,382,44,GTD,Spencer Pumpelly,spencer pumpelly,104,2.0,41,108.385,25.404,40.78,42.201,,GF,0,,,,,361
imsa,2021,Watkins Glen 6 Hours,,race,382,44,GTD,Spencer Pumpelly,spencer pumpelly,105,2.0,42,108.098,25.29,40.603,42.205,,GF,1,,,,,361
imsa,2021,Watkins Glen 6 Hours,,race,382,44,GTD,Spencer Pumpelly,spencer pumpelly,106,2.0,43,108.422,25.259,40.705,42.458,,GF,2,,,,,361
imsa,2021,Watkins Glen 6 Hours,,race,382,44,GTD,Spencer Pumpelly,spencer pumpelly,107,2.0,44,108.826,25.31,41.136,42.38,,GF,3,,,,,361
imsa,2021,Watkins Glen 6 Hours,,race,382,44,GTD,Spencer Pumpelly,spencer pumpelly,108,2.0,45,108.622,25.276,41.017,42.329,,GF,4,,,,,361
imsa,2021,Watkins Glen 6 Hours,,race,382,44,GTD,Spencer Pumpelly,spencer pumpelly,109,2.0,46,109.108,25.251,40.993,42.864,,GF,5,,,,,361
imsa,2021,Watkins Glen 6 Hours,,race,382,44,GTD,Spencer Pumpelly,spencer pumpelly,110,2.0,47,113.133,25.813,44.25,43.07,,GF,6,,,,,361
imsa,2021,Watkins Glen 6 Hours,,race,382,44,GTD,Spencer Pumpelly,spencer pumpelly,111,2.0,48,114.56,26.565,45.593,42.402,,GF,7,,,,,361
imsa,2021,Watkins Glen 6 Hours,,race,382,44,GTD,Spencer Pumpelly,spencer pumpelly,112,2.0,49,123.499,25.272,42.024,56.203,,GF,8,,,,,361
imsa,2021,Watkins Glen 6 Hours,,race,382,44,GTD,Andy Lally,andy lally,113,3.0,0,3321.029,174.515,50.902,3095.612,166.658,GF,0,,,,,361
imsa,2021,Watkins Glen 6 Hours,,race,382,44,GTD,Andy Lally,andy lally,114,3.0,1,138.884,46.493,47.8,44.591,3072.439,GF,0,,,,,361
imsa,2021,Watkins Glen 6 Hours,,race,382,44,GTD,Andy Lally,andy lally,115,3.0,2,112.742,25.946,42.724,44.072,,GF,0,,,,,361
imsa,2021,Watkins Glen 6 Hours,,race,382,44,GTD,Andy Lally,andy lally,116,3.0,3,108.834,25.452,41.032,42.35,,GF,1,,,,,361
imsa,2021,Watkins Glen 6 Hours,,race,382,44,GTD,Andy Lally,andy lally,117,3.0,4,108.314,25.364,40.938,42.012,,GF,2,,,,,361
imsa,2021,Watkins Glen 6 Hours,,race,382,44,GTD,Andy Lally,andy lally,118,3.0,5,110.515,25.78,42.211,42.524,,GF,3,,,,,361
imsa,2021,Watkins Glen 6 Hours,,race,382,44,GTD,Andy Lally,andy lally,119,3.0,6,108.516,25.606,40.842,42.068,,FCY,4,,,,,361
imsa,2021,Watkins Glen 6 Hours,,race,382,44,GTD,Andy Lally,andy lally,120,3.0,7,166.788,38.736,49.932,78.12,,FCY,4,,,,,361
imsa,2021,Watkins Glen 6 Hours,,race,382,44,GTD,Andy Lally,andy lally,121,3.0,8,215.559,56.512,69.823,89.224,,FCY,4,,,,,361
imsa,2021,Watkins Glen 6 Hours,,race,382,44,GTD,Andy Lally,andy lally,122,3.0,9,189.269,53.876,71.189,64.204,,FCY,4,,,,,361
imsa,2021,Watkins Glen 6 Hours,,race,382,44,GTD,Andy Lally,andy lally,123,3.0,10,201.336,49.208,74.69,77.438,,FCY,4,,,,,361
imsa,2021,Watkins Glen 6 Hours,,race,382,44,GTD,Andy Lally,andy lally,124,3.0,11,253.935,166.423,44.629,42.883,157.054,FCY,0,,,,,361
imsa,2021,Watkins Glen 6 Hours,,race,382,44,GTD,Andy Lally,andy lally,125,3.0,12,162.606,25.826,63.216,73.564,,FCY,0,,,,,361
imsa,2021,Watkins Glen 6 Hours,,race,382,44,GTD,Andy Lally,andy lally,126,3.0,13,182.608,46.447,68.923,67.238,,FCY,0,,,,,361
imsa,2021,Watkins Glen 6 Hours,,race,382,44,GTD,Andy Lally,andy lally,127,3.0,14,153.167,43.252,57.254,52.661,,GF,0,,,,,361
imsa,2021,Watkins Glen 6 Hours,,race,382,44,GTD,Andy Lally,andy lally,128,3.0,15,111.745,25.921,42.237,43.587,,GF,1,,,,,361
imsa,2021,Watkins Glen 6 Hours,,race,382,44,GTD,Andy Lally,andy lally,129,3.0,16,108.902,25.415,41.045,42.442,,GF,2,,,,,361
imsa,2021,Watkins Glen 6 Hours,,race,382,44,GTD,Andy Lally,andy lally,130,3.0,17,108.762,25.321,41.0,42.441,,GF,3,,,,,361
imsa,2021,Watkins Glen 6 Hours,,race,382,44,GTD,Andy Lally,andy lally,131,3.0,18,108.61,25.351,40.974,42.285,,GF,4,,,,,361
imsa,2021,Watkins Glen 6 Hours,,race,382,44,GTD,Andy Lally,andy lally,132,3.0,19,109.201,25.334,41.281,42.586,,GF,5,,,,,361
imsa,2021,Watkins Glen 6 Hours,,race,382,44,GTD,Andy Lally,andy lally,133,3.0,20,108.738,25.362,40.99,42.386,,GF,6,,,,,361
imsa,2021,Watkins Glen 6 Hours,,race,382,44,GTD,Andy Lally,andy lally,134,3.0,21,110.806,25.479,41.898,43.429,,GF,7,,,,,361
imsa,2021,Watkins Glen 6 Hours,,race,382,44,GTD,Andy Lally,andy lally,135,3.0,22,108.304,25.509,40.762,42.033,,GF,8,,,,,361
imsa,2021,Watkins Glen 6 Hours,,race,382,44,GTD,Andy Lally,andy lally,136,3.0,23,107.852,25.374,40.596,41.882,,GF,9,,,,,361
imsa,2021,Watkins Glen 6 Hours,,race,382,44,GTD,Andy Lally,andy lally,137,3.0,24,124.98,25.686,41.566,57.728,,GF,10,,,,,361
imsa,2021,Watkins Glen 6 Hours,,race,382,44,GTD,Andy Lally,andy lally,138,3.0,25,178.066,94.839,41.152,42.075,88.002,GF,0,,,,,361
imsa,2021,Watkins Glen 6 Hours,,race,382,44,GTD,Andy Lally,andy lally,139,3.0,26,109.384,25.383,40.743,43.258,,GF,0,,,,,361
imsa,2021,Watkins Glen 6 Hours,,race,382,44,GTD,Andy Lally,andy lally,140,3.0,27,113.006,25.563,42.224,45.219,,GF,1,,,,,361
imsa,2021,Watkins Glen 6 Hours,,race,382,44,GTD,Andy Lally,andy lally,141,3.0,28,110.639,25.328,42.954,42.357,,GF,2,,,,,361
imsa,2021,Watkins Glen 6 Hours,,race,382,44,GTD,Andy Lally,andy lally,142,3.0,29,108.832,25.303,41.111,42.418,,GF,3,,,,,361
imsa,2021,Watkins Glen 6 Hours,,race,382,44,GTD,Andy Lally,andy lally,143,3.0,30,109.167,25.643,41.291,42.233,,GF,4,,,,,361
imsa,2021,Watkins Glen 6 Hours,,race,382,44,GTD,Andy Lally,andy lally,144,3.0,31,107.879,25.336,40.574,41.969,,GF,5,,,,,361
imsa,2021,Watkins Glen 6 Hours,,race,382,44,GTD,Andy Lally,andy lally,145,3.0,32,110.109,25.276,41.125,43.708,,GF,6,,,,,361
imsa,2021,Watkins Glen 6 Hours,,race,382,44,GTD,Andy Lally,andy lally,146,3.0,33,113.103,27.056,43.463,42.584,,GF,7,,,,,361
imsa,2021,Watkins Glen 6 Hours,,race,382,44,GTD,Andy Lally,andy lally,147,3.0,34,117.782,26.836,43.109,47.837,,FF,8,,,,,361
imsa,2021,Watkins Glen 6 Hours,,race,382,75,GTD,Kenny Habul,kenny habul,1,1.0,0,142.977,55.722,43.567,43.688,,GF,0,,,,,361
imsa,2021,Watkins Glen 6 Hours,,race,382,75,GTD,Kenny Habul,kenny habul,2,1.0,1,110.619,26.0,41.658,42.961,,GF,0,,,,,361
imsa,2021,Watkins Glen 6 Hours,,race,382,75,GTD,Kenny Habul,kenny habul,3,1.0,2,110.28,25.254,42.081,42.945,,GF,1,,,,,361
imsa,2021,Watkins Glen 6 Hours,,race,382,75,GTD,Kenny Habul,kenny habul,4,1.0,3,130.496,25.529,42.785,62.182,,FCY,2,,,,,361
imsa,2021,Watkins Glen 6 Hours,,race,382,75,GTD,Kenny Habul,kenny habul,5,1.0,4,229.835,52.403,91.329,86.103,,FCY,2,,,,,361
imsa,2021,Watkins Glen 6 Hours,,race,382,75,GTD,Kenny Habul,kenny habul,6,1.0,5,136.996,45.651,46.125,45.22,,FCY,2,,,,,361
imsa,2021,Watkins Glen 6 Hours,,race,382,75,GTD,Kenny Habul,kenny habul,7,1.0,6,140.8,28.378,46.915,65.507,,FCY,2,,,,,361
imsa,2021,Watkins Glen 6 Hours,,race,382,75,GTD,Kenny Habul,kenny habul,8,1.0,7,201.17,66.89,70.666,63.614,,FCY,2,,,,,361
imsa,2021,Watkins Glen 6 Hours,,race,382,75,GTD,Kenny Habul,kenny habul,9,1.0,8,156.577,40.047,67.065,49.465,,GF,2,,,,,361
imsa,2021,Watkins Glen 6 Hours,,race,382,75,GTD,Kenny Habul,kenny habul,10,1.0,9,111.136,25.625,41.923,43.588,,GF,3,,,,,361
imsa,2021,Watkins Glen 6 Hours,,race,382,75,GTD,Kenny Habul,kenny habul,11,1.0,10,110.177,25.812,41.761,42.604,,GF,4,,,,,361
imsa,2021,Watkins Glen 6 Hours,,race,382,75,GTD,Kenny Habul,kenny habul,12,1.0,11,110.117,25.692,41.376,43.049,,GF,5,,,,,361
imsa,2021,Watkins Glen 6 Hours,,race,382,75,GTD,Kenny Habul,kenny habul,13,1.0,12,110.799,25.996,42.289,42.514,,GF,6,,,,,361
imsa,2021,Watkins Glen 6 Hours,,race,382,75,GTD,Kenny Habul,kenny habul,14,1.0,13,110.724,25.867,41.904,42.953,,GF,7,,,,,361
imsa,2021,Watkins Glen 6 Hours,,race,382,75,GTD,Kenny Habul,kenny habul,15,1.0,14,109.268,25.422,41.47,42.376,,GF,8,,,,,361
imsa,2021,Watkins Glen 6 Hours,,race,382,75,GTD,Kenny Habul,kenny habul,16,1.0,15,109.935,25.979,41.077,42.879,,GF,9,,,,,361
imsa,2021,Watkins Glen 6 Hours,,race,382,75,GTD,Kenny Habul,kenny habul,17,1.0,16,110.145,25.424,41.353,43.368,,GF,10,,,,,361
imsa,2021,Watkins Glen 6 Hours,,race,382,75,GTD,Kenny Habul,kenny habul,18,1.0,17,111.706,25.721,43.35,42.635,,GF,11,,,,,361
imsa,2021,Watkins Glen 6 Hours,,race,382,75,GTD,Kenny Habul,kenny habul,19,1.0,18,110.457,25.383,41.652,43.422,,GF,12,,,,,361
imsa,2021,Watkins Glen 6 Hours,,race,382,75,GTD,Kenny Habul,kenny habul,20,1.0,19,109.809,25.655,41.424,42.73,,GF,13,,,,,361
imsa,2021,Watkins Glen 6 Hours,,race,382,75,GTD,Kenny Habul,kenny habul,21,1.0,20,109.425,25.344,41.862,42.219,,GF,14,,,,,361
imsa,2021,Watkins Glen 6 Hours,,race,382,75,GTD,Kenny Habul,kenny habul,22,1.0,21,111.572,25.282,43.707,42.583,,GF,15,,,,,361
imsa,2021,Watkins Glen 6 Hours,,race,382,75,GTD,Kenny Habul,kenny habul,23,1.0,22,109.352,25.537,41.108,42.707,,GF,16,,,,,361
imsa,2021,Watkins Glen 6 Hours,,race,382,75,GTD,Kenny Habul,kenny habul,24,1.0,23,112.226,25.466,42.511,44.249,,GF,17,,,,,361
imsa,2021,Watkins Glen 6 Hours,,race,382,75,GTD,Kenny Habul,kenny habul,25,1.0,24,2573.703,25.872,42.003,2505.828,,GF,18,,,,,361
imsa,2021,Watkins Glen 6 Hours,,race,382,75,GTD,Mikael Grenier,mikael grenier,26,2.0,0,128.868,40.71,44.818,43.34,2478.381,GF,0,,,,,361
imsa,2021,Watkins Glen 6 Hours,,race,382,75,GTD,Mikael Grenier,mikael grenier,27,2.0,1,111.734,25.639,41.915,44.18,,GF,0,,,,,361
imsa,2021,Watkins Glen 6 Hours,,race,382,75,GTD,Mikael Grenier,mikael grenier,28,2.0,2,107.867,25.259,40.812,41.796,,GF,1,,,,,361
imsa,2021,Watkins Glen 6 Hours,,race,382,75,GTD,Mikael Grenier,mikael grenier,29,2.0,3,107.375,25.215,40.591,41.569,,GF,2,,,,,361
imsa,2021,Watkins Glen 6 Hours,,race,382,75,GTD,Mikael Grenier,mikael grenier,30,2.0,4,108.684,25.228,40.796,42.66,,GF,3,,,,,361
imsa,2021,Watkins Glen 6 Hours,,race,382,75,GTD,Mikael Grenier,mikael grenier,31,2.0,5,108.921,25.135,40.297,43.489,,GF,4,,,,,361
imsa,2021,Watkins Glen 6 Hours,,race,382,75,GTD,Mikael Grenier,mikael grenier,32,2.0,6,108.597,25.202,40.435,42.96,,GF,5,,,,,361
imsa,2021,Watkins Glen 6 Hours,,race,382,75,GTD,Mikael Grenier,mikael grenier,33,2.0,7,108.164,25.111,41.333,41.72,,GF,6,,,,,361
imsa,2021,Watkins Glen 6 Hours,,race,382,75,GTD,Mikael Grenier,mikael grenier,34,2.0,8,107.114,25.076,40.388,41.65,,GF,7,,,,,361
imsa,2021,Watkins Glen 6 Hours,,race,382,75,GTD,Mikael Grenier,mikael grenier,35,2.0,9,107.033,25.225,40.262,41.546,,FCY,8,,,,,361
imsa,2021,Watkins Glen 6 Hours,,race,382,75,GTD,Mikael Grenier,mikael grenier,36,2.0,10,131.109,28.727,55.218,47.164,,FCY,8,,,,,361
imsa,2021,Watkins Glen 6 Hours,,race,382,75,GTD,Mikael Grenier,mikael grenier,37,2.0,11,151.309,25.745,44.088,81.476,,FCY,8,,,,,361
imsa,2021,Watkins Glen 6 Hours,,race,382,75,GTD,Mikael Grenier,mikael grenier,38,2.0,12,225.827,62.532,87.715,75.58,,FCY,8,,,,,361
imsa,2021,Watkins Glen 6 Hours,,race,382,75,GTD,Mikael Grenier,mikael grenier,39,2.0,13,251.974,53.571,74.822,123.581,,FCY,8,,,,,361
imsa,2021,Watkins Glen 6 Hours,,race,382,75,GTD,Mikael Grenier,mikael grenier,40,2.0,14,182.734,44.393,62.914,75.427,74.151,FCY,0,,,,,361
imsa,2021,Watkins Glen 6 Hours,,race,382,75,GTD,Mikael Grenier,mikael grenier,41,2.0,15,177.829,58.207,66.934,52.688,,GF,0,,,,,361
imsa,2021,Watkins Glen 6 Hours,,race,382,75,GTD,Mikael Grenier,mikael grenier,42,2.0,16,108.868,25.337,41.109,42.422,,GF,1,,,,,361
imsa,2021,Watkins Glen 6 Hours,,race,382,75,GTD,Mikael Grenier,mikael grenier,43,2.0,17,108.265,25.13,41.017,42.118,,GF,2,,,,,361
imsa,2021,Watkins Glen 6 Hours,,race,382,75,GTD,Mikael Grenier,mikael grenier,44,2.0,18,108.167,25.144,40.876,42.147,,GF,3,,,,,361
imsa,2021,Watkins Glen 6 Hours,,race,382,75,GTD,Mikael Grenier,mikael grenier,45,2.0,19,110.209,25.036,41.546,43.627,,GF,4,,,,,361
imsa,2021,Watkins Glen 6 Hours,,race,382,75,GTD,Mikael Grenier,mikael grenier,46,2.0,20,107.532,25.071,40.605,41.856,,GF,5,,,,,361
imsa,2021,Watkins Glen 6 Hours,,race,382,75,GTD,Mikael Grenier,mikael grenier,47,2.0,21,109.243,25.042,42.133,42.068,,GF,6,,,,,361
imsa,2021,Watkins Glen 6 Hours,,race,382,75,GTD,Mikael Grenier,mikael grenier,48,2.0,22,109.011,25.046,41.647,42.318,,GF,7,,,,,361
imsa,2021,Watkins Glen 6 Hours,,race,382,75,GTD,Mikael Grenier,mikael grenier,49,2.0,23,108.302,25.049,40.981,42.272,,GF,8,,,,,361
imsa,2021,Watkins Glen 6 Hours,,race,382,75,GTD,Mikael Grenier,mikael grenier,50,2.0,24,174.175,25.202,41.941,107.032,,GF,9,,,,,361
imsa,2021,Watkins Glen 6 Hours,,race,382,75,GTD,Mikael Grenier,mikael grenier,51,2.0,25,119.791,36.707,41.235,41.849,81.626,GF,0,,,,,361
imsa,2021,Watkins Glen 6 Hours,,race,382,75,GTD,Mikael Grenier,mikael grenier,52,2.0,26,115.55,25.112,42.465,47.973,,FCY,0,,,,,361
imsa,2021,Watkins Glen 6 Hours,,race,382,75,GTD,Mikael Grenier,mikael grenier,53,2.0,27,113.963,25.903,43.612,44.448,,FCY,0,,,,,361
imsa,2021,Watkins Glen 6 Hours,,race,382,75,GTD,Mikael Grenier,mikael grenier,54,2.0,28,157.62,29.476,59.442,68.702,,FCY,0,,,,,361
imsa,2021,Watkins Glen 6 Hours,,race,382,75,GTD,Mikael Grenier,mikael grenier,55,2.0,29,116.877,31.975,42.609,42.293,,FCY,0,,,,,361
imsa,2021,Watkins Glen 6 Hours,,race,382,75,GTD,Mikael Grenier,mikael grenier,56,2.0,30,110.366,25.351,41.55,43.465,,FCY,0,,,,,361
imsa,2021,Watkins Glen 6 Hours,,race,382,75,GTD,Mikael Grenier,mikael grenier,57,2.0,31,148.11,26.352,70.978,50.78,,FCY,0,,,,,361
imsa,2021,Watkins Glen 6 Hours,,race,382,75,GTD,Mikael Grenier,mikael grenier,58,2.0,32,260.302,37.559,66.613,156.13,,FCY,0,,,,,361
imsa,2021,Watkins Glen 6 Hours,,race,382,75,GTD,Kenny Habul,kenny habul,59,3.0,0,125.094,38.937,43.677,42.48,118.897,FCY,0,,,,,361
imsa,2021,Watkins Glen 6 Hours,,race,382,75,GTD,Kenny Habul,kenny habul,60,3.0,1,174.752,30.208,63.208,81.336,,FCY,0,,,,,361
imsa,2021,Watkins Glen 6 Hours,,race,382,75,GTD,Kenny Habul,kenny habul,61,3.0,2,147.993,41.306,59.038,47.649,,GF,0,,,,,361
imsa,2021,Watkins Glen 6 Hours,,race,382,75,GTD,Kenny Habul,kenny habul,62,3.0,3,107.518,25.266,40.311,41.941,,GF,1,,,,,361
imsa,2021,Watkins Glen 6 Hours,,race,382,88,GTD,Rob Ferriol,rob ferriol,1,1.0,0,141.81,54.891,43.658,43.261,,GF,0,,,,,361
imsa,2021,Watkins Glen 6 Hours,,race,382,88,GTD,Rob Ferriol,rob ferriol,2,1.0,1,109.972,25.377,41.853,42.742,,GF,0,,,,,361
imsa,2021,Watkins Glen 6 Hours,,race,382,88,GTD,Rob Ferriol,rob ferriol,3,1.0,2,109.073,25.277,41.187,42.609,,GF,1,,,,,361
imsa,2021,Watkins Glen 6 Hours,,race,382,88,GTD,Rob Ferriol,rob ferriol,4,1.0,3,123.024,25.313,42.326,55.385,,FCY,2,,,,,361
imsa,2021,Watkins Glen 6 Hours,,race,382,88,GTD,Rob Ferriol,rob ferriol,5,1.0,4,146.516,34.444,54.114,57.958,,FCY,2,,,,,361
imsa,2021,Watkins Glen 6 Hours,,race,382,88,GTD,Rob Ferriol,rob ferriol,6,1.0,5,138.795,35.767,51.992,51.036,,FCY,2,,,,,361
imsa,2021,Watkins Glen 6 Hours,,race,382,88,GTD,Rob Ferriol,rob ferriol,7,1.0,6,230.313,60.714,82.57,87.029,,FCY,2,,,,,361
imsa,2021,Watkins Glen 6 Hours,,race,382,88,GTD,Rob Ferriol,rob ferriol,8,1.0,7,202.065,66.452,70.815,64.798,,FCY,2,,,,,361
imsa,2021,Watkins Glen 6 Hours,,race,382,88,GTD,Rob Ferriol,rob ferriol,9,1.0,8,156.48,39.84,66.736,49.904,,GF,2,,,,,361
imsa,2021,Watkins Glen 6 Hours,,race,382,88,GTD,Rob Ferriol,rob ferriol,10,1.0,9,110.257,25.556,41.776,42.925,,GF,3,,,,,361
imsa,2021,Watkins Glen 6 Hours,,race,382,88,GTD,Rob Ferriol,rob ferriol,11,1.0,10,110.051,25.436,41.8,42.815,,GF,4,,,,,361
imsa,2021,Watkins Glen 6 Hours,,race,382,88,GTD,Rob Ferriol,rob ferriol,12,1.0,11,109.831,25.271,41.844,42.716,,GF,5,,,,,361
imsa,2021,Watkins Glen 6 Hours,,race,382,88,GTD,Rob Ferriol,rob ferriol,13,1.0,12,109.596,25.295,41.61,42.691,,GF,6,,,,,361
imsa,2021,Watkins Glen 6 Hours,,race,382,88,GTD,Rob Ferriol,rob ferriol,14,1.0,13,110.277,25.395,41.684,43.198,,GF,7,,,,,361
imsa,2021,Watkins Glen 6 Hours,,race,382,88,GTD,Rob Ferriol,rob ferriol,15,1.0,14,110.074,25.935,41.648,42.491,,GF,8,,,,,361
imsa,2021,Watkins Glen 6 Hours,,race,382,88,GTD,Rob Ferriol,rob ferriol,16,1.0,15,109.843,25.428,41.924,42.491,,GF,9,,,,,361
imsa,2021,Watkins Glen 6 Hours,,race,382,88,GTD,Rob Ferriol,rob ferriol,17,1.0,16,109.334,25.415,41.482,42.437,,GF,10,,,,,361
imsa,2021,Watkins Glen 6 Hours,,race,382,88,GTD,Rob Ferriol,rob ferriol,18,1.0,17,109.631,25.272,41.604,42.755,,GF,11,,,,,361
imsa,2021,Watkins Glen 6 Hours,,race,382,88,GTD,Rob Ferriol,rob ferriol,19,1.0,18,109.592,25.41,41.45,42.732,,GF,12,,,,,361
imsa,2021,Watkins Glen 6 Hours,,race,382,88,GTD,Rob Ferriol,rob ferriol,20,1.0,19,110.732,25.436,42.034,43.262,,GF,13,,,,,361
imsa,2021,Watkins Glen 6 Hours,,race,382,88,GTD,Rob Ferriol,rob ferriol,21,1.0,20,109.816,25.56,41.562,42.694,,GF,14,,,,,361
imsa,2021,Watkins Glen 6 Hours,,race,382,88,GTD,Rob Ferriol,rob ferriol,22,1.0,21,109.397,25.254,41.438,42.705,,GF,15,,,,,361
imsa,2021,Watkins Glen 6 Hours,,race,382,88,GTD,Rob Ferriol,rob ferriol,23,1.0,22,110.317,25.329,41.952,43.036,,GF,16,,,,,361
imsa,2021,Watkins Glen 6 Hours,,race,382,88,GTD,Rob Ferriol,rob ferriol,24,1.0,23,110.149,25.202,42.375,42.572,,GF,17,,,,,361
imsa,2021,Watkins Glen 6 Hours,,race,382,88,GTD,Rob Ferriol,rob ferriol,25,1.0,24,109.181,25.221,41.449,42.511,,GF,18,,,,,361
imsa,2021,Watkins Glen 6 Hours,,race,382,88,GTD,Rob Ferriol,rob ferriol,26,1.0,25,110.961,25.331,42.808,42.822,,GF,19,,,,,361
imsa,2021,Watkins Glen 6 Hours,,race,382,88,GTD,Rob Ferriol,rob ferriol,27,1.0,26,109.854,25.453,41.719,42.682,,GF,20,,,,,361
imsa,2021,Watkins Glen 6 Hours,,race,382,88,GTD,Rob Ferriol,rob ferriol,28,1.0,27,109.308,25.241,41.352,42.715,,GF,21,,,,,361
imsa,2021,Watkins Glen 6 Hours,,race,382,88,GTD,Rob Ferriol,rob ferriol,29,1.0,28,109.662,25.432,41.486,42.744,,GF,22,,,,,361
imsa,2021,Watkins Glen 6 Hours,,race,382,88,GTD,Rob Ferriol,rob ferriol,30,1.0,29,172.801,25.281,41.526,105.994,,GF,23,,,,,361
imsa,2021,Watkins Glen 6 Hours,,race,382,88,GTD,Rob Ferriol,rob ferriol,31,1.0,30,127.002,39.397,43.926,43.679,80.634,GF,0,,,,,361
imsa,2021,Watkins Glen 6 Hours,,race,382,88,GTD,Rob Ferriol,rob ferriol,32,1.0,31,110.52,25.56,42.016,42.944,,GF,0,,,,,361
imsa,2021,Watkins Glen 6 Hours,,race,382,88,GTD,Rob Ferriol,rob ferriol,33,1.0,32,109.333,25.452,41.266,42.615,,GF,1,,,,,361
imsa,2021,Watkins Glen 6 Hours,,race,382,88,GTD,Rob Ferriol,rob ferriol,34,1.0,33,109.054,25.381,41.316,42.357,,GF,2,,,,,361
imsa,2021,Watkins Glen 6 Hours,,race,382,88,GTD,Rob Ferriol,rob ferriol,35,1.0,34,109.142,25.401,41.235,42.506,,GF,3,,,,,361
imsa,2021,Watkins Glen 6 Hours,,race,382,88,GTD,Rob Ferriol,rob ferriol,36,1.0,35,109.84,25.34,41.738,42.762,,GF,4,,,,,361
imsa,2021,Watkins Glen 6 Hours,,race,382,88,GTD,Rob Ferriol,rob ferriol,37,1.0,36,109.493,25.386,41.447,42.66,,GF,5,,,,,361
imsa,2021,Watkins Glen 6 Hours,,race,382,88,GTD,Rob Ferriol,rob ferriol,38,1.0,37,108.874,25.354,41.298,42.222,,GF,6,,,,,361
imsa,2021,Watkins Glen 6 Hours,,race,382,88,GTD,Rob Ferriol,rob ferriol,39,1.0,38,109.989,25.453,42.343,42.193,,GF,7,,,,,361
imsa,2021,Watkins Glen 6 Hours,,race,382,88,GTD,Rob Ferriol,rob ferriol,40,1.0,39,108.862,25.237,41.263,42.362,,GF,8,,,,,361
imsa,2021,Watkins Glen 6 Hours,,race,382,88,GTD,Rob Ferriol,rob ferriol,41,1.0,40,108.861,25.339,41.13,42.392,,GF,9,,,,,361
imsa,2021,Watkins Glen 6 Hours,,race,382,88,GTD,Rob Ferriol,rob ferriol,42,1.0,41,109.8,25.524,41.064,43.212,,GF,10,,,,,361
imsa,2021,Watkins Glen 6 Hours,,race,382,88,GTD,Rob Ferriol,rob ferriol,43,1.0,42,109.457,25.863,41.228,42.366,,GF,11,,,,,361
imsa,2021,Watkins Glen 6 Hours,,race,382,88,GTD,Rob Ferriol,rob ferriol,44,1.0,43,109.069,25.305,41.007,42.757,,GF,12,,,,,361
imsa,2021,Watkins Glen 6 Hours,,race,382,88,GTD,Rob Ferriol,rob ferriol,45,1.0,44,108.337,25.266,40.877,42.194,,GF,13,,,,,361
imsa,2021,Watkins Glen 6 Hours,,race,382,88,GTD,Rob Ferriol,rob ferriol,46,1.0,45,108.733,25.253,40.966,42.514,,GF,14,,,,,361
imsa,2021,Watkins Glen 6 Hours,,race,382,88,GTD,Rob Ferriol,rob ferriol,47,1.0,46,108.467,25.289,41.093,42.085,,GF,15,,,,,361
imsa,2021,Watkins Glen 6 Hours,,race,382,88,GTD,Rob Ferriol,rob ferriol,48,1.0,47,109.341,25.467,41.459,42.415,,GF,16,,,,,361
imsa,2021,Watkins Glen 6 Hours,,race,382,88,GTD,Rob Ferriol,rob ferriol,49,1.0,48,109.014,25.369,41.352,42.293,,GF,17,,,,,361
imsa,2021,Watkins Glen 6 Hours,,race,382,88,GTD,Rob Ferriol,rob ferriol,50,1.0,49,108.739,25.261,41.124,42.354,,GF,18,,,,,361
imsa,2021,Watkins Glen 6 Hours,,race,382,88,GTD,Rob Ferriol,rob ferriol,51,1.0,50,108.935,25.261,41.263,42.411,,GF,19,,,,,361
imsa,2021,Watkins Glen 6 Hours,,race,382,88,GTD,Rob Ferriol,rob ferriol,52,1.0,51,110.976,25.459,41.201,44.316,,GF,20,,,,,361
imsa,2021,Watkins Glen 6 Hours,,race,382,88,GTD,Rob Ferriol,rob ferriol,53,1.0,52,110.445,25.558,42.05,42.837,,GF,21,,,,,361
imsa,2021,Watkins Glen 6 Hours,,race,382,88,GTD,Rob Ferriol,rob ferriol,54,1.0,53,108.798,25.205,41.332,42.261,,GF,22,,,,,361
imsa,2021,Watkins Glen 6 Hours,,race,382,88,GTD,Rob Ferriol,rob ferriol,55,1.0,54,113.765,25.76,44.99,43.015,,GF,23,,,,,361
imsa,2021,Watkins Glen 6 Hours,,race,382,88,GTD,Rob Ferriol,rob ferriol,56,1.0,55,170.293,25.315,41.622,103.356,,GF,24,,,,,361
imsa,2021,Watkins Glen 6 Hours,,race,382,88,GTD,Andrew Davis,andrew davis,57,2.0,0,142.694,40.963,48.701,53.03,77.594,FCY,0,,,,,361
imsa,2021,Watkins Glen 6 Hours,,race,382,88,GTD,Andrew Davis,andrew davis,58,2.0,1,176.31,27.78,64.543,83.987,,FCY,0,,,,,361
imsa,2021,Watkins Glen 6 Hours,,race,382,88,GTD,Andrew Davis,andrew davis,59,2.0,2,227.49,60.848,89.353,77.289,,FCY,0,,,,,361
imsa,2021,Watkins Glen 6 Hours,,race,382,88,GTD,Andrew Davis,andrew davis,60,2.0,3,196.883,52.725,76.077,68.081,,FCY,0,,,,,361
imsa,2021,Watkins Glen 6 Hours,,race,382,88,GTD,Andrew Davis,andrew davis,61,2.0,4,171.741,54.803,71.274,45.664,,FCY,0,,,,,361
imsa,2021,Watkins Glen 6 Hours,,race,382,88,GTD,Andrew Davis,andrew davis,62,2.0,5,116.176,26.254,46.045,43.877,,FCY,0,,,,,361
imsa,2021,Watkins Glen 6 Hours,,race,382,88,GTD,Andrew Davis,andrew davis,63,2.0,6,131.635,26.401,53.275,51.959,,GF,0,,,,,361
imsa,2021,Watkins Glen 6 Hours,,race,382,88,GTD,Andrew Davis,andrew davis,64,2.0,7,109.227,25.507,41.268,42.452,,GF,1,,,,,361
imsa,2021,Watkins Glen 6 Hours,,race,382,88,GTD,Andrew Davis,andrew davis,65,2.0,8,108.813,25.37,40.891,42.552,,GF,2,,,,,361
imsa,2021,Watkins Glen 6 Hours,,race,382,88,GTD,Andrew Davis,andrew davis,66,2.0,9,108.346,25.28,40.754,42.312,,GF,3,,,,,361
imsa,2021,Watkins Glen 6 Hours,,race,382,88,GTD,Andrew Davis,andrew davis,67,2.0,10,108.333,25.222,40.702,42.409,,GF,4,,,,,361
imsa,2021,Watkins Glen 6 Hours,,race,382,88,GTD,Andrew Davis,andrew davis,68,2.0,11,108.307,25.206,40.664,42.437,,GF,5,,,,,361
imsa,2021,Watkins Glen 6 Hours,,race,382,88,GTD,Andrew Davis,andrew davis,69,2.0,12,109.031,25.411,41.243,42.377,,GF,6,,,,,361
imsa,2021,Watkins Glen 6 Hours,,race,382,88,GTD,Andrew Davis,andrew davis,70,2.0,13,109.315,25.378,41.376,42.561,,GF,7,,,,,361
imsa,2021,Watkins Glen 6 Hours,,race,382,88,GTD,Andrew Davis,andrew davis,71,2.0,14,108.09,25.168,40.863,42.059,,GF,8,,,,,361
imsa,2021,Watkins Glen 6 Hours,,race,382,88,GTD,Andrew Davis,andrew davis,72,2.0,15,109.342,25.423,40.992,42.927,,GF,9,,,,,361
imsa,2021,Watkins Glen 6 Hours,,race,382,88,GTD,Andrew Davis,andrew davis,73,2.0,16,109.019,25.352,41.361,42.306,,GF,10,,,,,361
imsa,2021,Watkins Glen 6 Hours,,race,382,88,GTD,Andrew Davis,andrew davis,74,2.0,17,108.47,25.292,40.777,42.401,,GF,11,,,,,361
imsa,2021,Watkins Glen 6 Hours,,race,382,88,GTD,Andrew Davis,andrew davis,75,2.0,18,132.606,26.512,46.425,59.669,,FCY,12,,,,,361
imsa,2021,Watkins Glen 6 Hours,,race,382,88,GTD,Andrew Davis,andrew davis,76,2.0,19,124.57,33.527,46.567,44.476,,FCY,12,,,,,361
imsa,2021,Watkins Glen 6 Hours,,race,382,88,GTD,Andrew Davis,andrew davis,77,2.0,20,117.791,27.626,46.005,44.16,,FCY,12,,,,,361
imsa,2021,Watkins Glen 6 Hours,,race,382,88,GTD,Andrew Davis,andrew davis,78,2.0,21,179.521,47.272,68.928,63.321,,FCY,12,,,,,361
imsa,2021,Watkins Glen 6 Hours,,race,382,88,GTD,Andrew Davis,andrew davis,79,2.0,22,169.561,44.816,70.748,53.997,,FCY,12,,,,,361
imsa,2021,Watkins Glen 6 Hours,,race,382,88,GTD,Andrew Davis,andrew davis,80,2.0,23,206.23,38.16,67.198,100.872,,FCY,12,,,,,361
imsa,2021,Watkins Glen 6 Hours,,race,382,88,GTD,Andrew Davis,andrew davis,81,2.0,24,160.574,41.841,53.649,65.084,62.502,FCY,0,,,,,361
imsa,2021,Watkins Glen 6 Hours,,race,382,88,GTD,Andrew Davis,andrew davis,82,2.0,25,194.561,47.307,66.277,80.977,,FCY,0,,,,,361
imsa,2021,Watkins Glen 6 Hours,,race,382,88,GTD,Andrew Davis,andrew davis,83,2.0,26,147.278,39.43,61.776,46.072,,GF,0,,,,,361
imsa,2021,Watkins Glen 6 Hours,,race,382,88,GTD,Andrew Davis,andrew davis,84,2.0,27,109.411,25.391,41.568,42.452,,GF,1,,,,,361
imsa,2021,Watkins Glen 6 Hours,,race,382,88,GTD,Andrew Davis,andrew davis,85,2.0,28,107.935,25.238,40.717,41.98,,GF,2,,,,,361
imsa,2021,Watkins Glen 6 Hours,,race,382,88,GTD,Andrew Davis,andrew davis,86,2.0,29,108.846,25.23,41.056,42.56,,GF,3,,,,,361
imsa,2021,Watkins Glen 6 Hours,,race,382,88,GTD,Andrew Davis,andrew davis,87,2.0,30,108.767,25.317,41.002,42.448,,GF,4,,,,,361
imsa,2021,Watkins Glen 6 Hours,,race,382,88,GTD,Andrew Davis,andrew davis,88,2.0,31,109.43,25.415,41.032,42.983,,GF,5,,,,,361
imsa,2021,Watkins Glen 6 Hours,,race,382,88,GTD,Andrew Davis,andrew davis,89,2.0,32,109.618,25.905,41.17,42.543,,GF,6,,,,,361
imsa,2021,Watkins Glen 6 Hours,,race,382,88,GTD,Andrew Davis,andrew davis,90,2.0,33,108.843,25.441,40.97,42.432,,GF,7,,,,,361
imsa,2021,Watkins Glen 6 Hours,,race,382,88,GTD,Andrew Davis,andrew davis,91,2.0,34,109.296,25.344,41.388,42.564,,GF,8,,,,,361
imsa,2021,Watkins Glen 6 Hours,,race,382,88,GTD,Andrew Davis,andrew davis,92,2.0,35,108.638,25.272,40.945,42.421,,GF,9,,,,,361
imsa,2021,Watkins Glen 6 Hours,,race,382,88,GTD,Andrew Davis,andrew davis,93,2.0,36,108.825,25.299,41.088,42.438,,GF,10,,,,,361
imsa,2021,Watkins Glen 6 Hours,,race,382,88,GTD,Andrew Davis,andrew davis,94,2.0,37,108.994,25.361,41.005,42.628,,GF,11,,,,,361
imsa,2021,Watkins Glen 6 Hours,,race,382,88,GTD,Andrew Davis,andrew davis,95,2.0,38,110.293,26.022,41.448,42.823,,GF,12,,,,,361
imsa,2021,Watkins Glen 6 Hours,,race,382,88,GTD,Andrew Davis,andrew davis,96,2.0,39,108.524,25.274,40.909,42.341,,GF,13,,,,,361
imsa,2021,Watkins Glen 6 Hours,,race,382,88,GTD,Andrew Davis,andrew davis,97,2.0,40,109.437,25.427,41.151,42.859,,GF,14,,,,,361
imsa,2021,Watkins Glen 6 Hours,,race,382,88,GTD,Andrew Davis,andrew davis,98,2.0,41,109.028,25.29,41.327,42.411,,GF,15,,,,,361
imsa,2021,Watkins Glen 6 Hours,,race,382,88,GTD,Andrew Davis,andrew davis,99,2.0,42,109.191,25.336,41.38,42.475,,GF,16,,,,,361
imsa,2021,Watkins Glen 6 Hours,,race,382,88,GTD,Andrew Davis,andrew davis,100,2.0,43,108.622,25.264,41.013,42.345,,GF,17,,,,,361
imsa,2021,Watkins Glen 6 Hours,,race,382,88,GTD,Andrew Davis,andrew davis,101,2.0,44,109.281,25.159,41.353,42.769,,GF,18,,,,,361
imsa,2021,Watkins Glen 6 Hours,,race,382,88,GTD,Andrew Davis,andrew davis,102,2.0,45,109.728,25.322,41.861,42.545,,GF,19,,,,,361
imsa,2021,Watkins Glen 6 Hours,,race,382,88,GTD,Andrew Davis,andrew davis,103,2.0,46,109.679,25.612,41.332,42.735,,GF,20,,,,,361
imsa,2021,Watkins Glen 6 Hours,,race,382,88,GTD,Andrew Davis,andrew davis,104,2.0,47,109.958,25.408,41.528,43.022,,GF,21,,,,,361
imsa,2021,Watkins Glen 6 Hours,,race,382,88,GTD,Andrew Davis,andrew davis,105,2.0,48,110.106,25.453,41.497,43.156,,GF,22,,,,,361
imsa,2021,Watkins Glen 6 Hours,,race,382,88,GTD,Andrew Davis,andrew davis,106,2.0,49,109.995,25.758,41.19,43.047,,GF,23,,,,,361
imsa,2021,Watkins Glen 6 Hours,,race,382,88,GTD,Andrew Davis,andrew davis,107,2.0,50,109.542,25.302,41.268,42.972,,GF,24,,,,,361
imsa,2021,Watkins Glen 6 Hours,,race,382,88,GTD,Andrew Davis,andrew davis,108,2.0,51,109.334,25.283,41.282,42.769,,GF,25,,,,,361
imsa,2021,Watkins Glen 6 Hours,,race,382,88,GTD,Andrew Davis,andrew davis,109,2.0,52,108.928,25.375,41.072,42.481,,GF,26,,,,,361
imsa,2021,Watkins Glen 6 Hours,,race,382,88,GTD,Andrew Davis,andrew davis,110,2.0,53,110.997,25.345,42.877,42.775,,GF,27,,,,,361
imsa,2021,Watkins Glen 6 Hours,,race,382,88,GTD,Andrew Davis,andrew davis,111,2.0,54,110.344,25.266,42.018,43.06,,GF,28,,,,,361
imsa,2021,Watkins Glen 6 Hours,,race,382,88,GTD,Andrew Davis,andrew davis,112,2.0,55,109.151,25.345,41.271,42.535,,GF,29,,,,,361
imsa,2021,Watkins Glen 6 Hours,,race,382,88,GTD,Andrew Davis,andrew davis,113,2.0,56,108.917,25.261,41.206,42.45,,GF,30,,,,,361
imsa,2021,Watkins Glen 6 Hours,,race,382,88,GTD,Andrew Davis,andrew davis,114,2.0,57,109.595,25.331,41.351,42.913,,GF,31,,,,,361
imsa,2021,Watkins Glen 6 Hours,,race,382,88,GTD,Andrew Davis,andrew davis,115,2.0,58,169.43,25.442,41.868,102.12,,GF,32,,,,,361
imsa,2021,Watkins Glen 6 Hours,,race,382,88,GTD,Katherine Legge,katherine legge,116,3.0,0,126.057,38.565,43.92,43.572,76.009,GF,0,,,,,361
imsa,2021,Watkins Glen 6 Hours,,race,382,88,GTD,Katherine Legge,katherine legge,117,3.0,1,109.735,25.554,41.71,42.471,,GF,0,,,,,361
imsa,2021,Watkins Glen 6 Hours,,race,382,88,GTD,Katherine Legge,katherine legge,118,3.0,2,109.034,25.564,41.169,42.301,,GF,1,,,,,361
imsa,2021,Watkins Glen 6 Hours,,race,382,88,GTD,Katherine Legge,katherine legge,119,3.0,3,109.362,25.562,40.864,42.936,,GF,2,,,,,361
imsa,2021,Watkins Glen 6 Hours,,race,382,88,GTD,Katherine Legge,katherine legge,120,3.0,4,108.375,25.34,40.763,42.272,,GF,3,,,,,361
imsa,2021,Watkins Glen 6 Hours,,race,382,88,GTD,Katherine Legge,katherine legge,121,3.0,5,108.549,25.443,40.937,42.169,,GF,4,,,,,361
imsa,2021,Watkins Glen 6 Hours,,race,382,88,GTD,Katherine Legge,katherine legge,122,3.0,6,108.606,25.259,40.976,42.371,,GF,5,,,,,361
imsa,2021,Watkins Glen 6 Hours,,race,382,88,GTD,Katherine Legge,katherine legge,123,3.0,7,108.584,25.465,40.884,42.235,,GF,6,,,,,361
imsa,2021,Watkins Glen 6 Hours,,race,382,88,GTD,Katherine Legge,katherine legge,124,3.0,8,110.385,25.404,41.553,43.428,,GF,7,,,,,361
imsa,2021,Watkins Glen 6 Hours,,race,382,88,GTD,Katherine Legge,katherine legge,125,3.0,9,108.848,25.581,41.094,42.173,,GF,8,,,,,361
imsa,2021,Watkins Glen 6 Hours,,race,382,88,GTD,Katherine Legge,katherine legge,126,3.0,10,108.383,25.31,40.758,42.315,,GF,9,,,,,361
imsa,2021,Watkins Glen 6 Hours,,race,382,88,GTD,Katherine Legge,katherine legge,127,3.0,11,108.898,25.338,41.003,42.557,,GF,10,,,,,361
imsa,2021,Watkins Glen 6 Hours,,race,382,88,GTD,Katherine Legge,katherine legge,128,3.0,12,108.709,25.326,40.889,42.494,,GF,11,,,,,361
imsa,2021,Watkins Glen 6 Hours,,race,382,88,GTD,Katherine Legge,katherine legge,129,3.0,13,108.529,25.46,40.899,42.17,,GF,12,,,,,361
imsa,2021,Watkins Glen 6 Hours,,race,382,88,GTD,Katherine Legge,katherine legge,130,3.0,14,109.114,25.592,41.165,42.357,,GF,13,,,,,361
imsa,2021,Watkins Glen 6 Hours,,race,382,88,GTD,Katherine Legge,katherine legge,131,3.0,15,108.59,25.463,40.967,42.16,,GF,14,,,,,361
imsa,2021,Watkins Glen 6 Hours,,race,382,88,GTD,Katherine Legge,katherine legge,132,3.0,16,109.374,25.484,41.529,42.361,,GF,15,,,,,361
imsa,2021,Watkins Glen 6 Hours,,race,382,88,GTD,Katherine Legge,katherine legge,133,3.0,17,109.786,25.465,40.992,43.329,,GF,16,,,,,361
imsa,2021,Watkins Glen 6 Hours,,race,382,88,GTD,Katherine Legge,katherine legge,134,3.0,18,108.656,25.448,41.006,42.202,,GF,17,,,,,361
imsa,2021,Watkins Glen 6 Hours,,race,382,88,GTD,Katherine Legge,katherine legge,135,3.0,19,108.744,25.263,41.174,42.307,,GF,18,,,,,361
imsa,2021,Watkins Glen 6 Hours,,race,382,88,GTD,Katherine Legge,katherine legge,136,3.0,20,108.398,25.329,40.873,42.196,,GF,19,,,,,361
imsa,2021,Watkins Glen 6 Hours,,race,382,88,GTD,Katherine Legge,katherine legge,137,3.0,21,108.443,25.258,41.084,42.101,,GF,20,,,,,361
imsa,2021,Watkins Glen 6 Hours,,race,382,88,GTD,Katherine Legge,katherine legge,138,3.0,22,108.057,25.293,40.718,42.046,,GF,21,,,,,361
imsa,2021,Watkins Glen 6 Hours,,race,382,88,GTD,Katherine Legge,katherine legge,139,3.0,23,108.837,25.232,41.01,42.595,,GF,22,,,,,361
imsa,2021,Watkins Glen 6 Hours,,race,382,88,GTD,Katherine Legge,katherine legge,140,3.0,24,109.595,25.465,41.741,42.389,,GF,23,,,,,361
imsa,2021,Watkins Glen 6 Hours,,race,382,88,GTD,Katherine Legge,katherine legge,141,3.0,25,108.582,25.362,41.076,42.144,,GF,24,,,,,361
imsa,2021,Watkins Glen 6 Hours,,race,382,88,GTD,Katherine Legge,katherine legge,142,3.0,26,108.811,25.336,41.24,42.235,,GF,25,,,,,361
imsa,2021,Watkins Glen 6 Hours,,race,382,88,GTD,Katherine Legge,katherine legge,143,3.0,27,171.689,25.535,45.239,100.915,,GF,26,,,,,361
imsa,2021,Watkins Glen 6 Hours,,race,382,88,GTD,Katherine Legge,katherine legge,144,3.0,28,123.47,38.14,42.683,42.647,68.12,GF,0,,,,,361
imsa,2021,Watkins Glen 6 Hours,,race,382,88,GTD,Katherine Legge,katherine legge,145,3.0,29,109.602,25.448,41.126,43.028,,GF,0,,,,,361
imsa,2021,Watkins Glen 6 Hours,,race,382,88,GTD,Katherine Legge,katherine legge,146,3.0,30,108.025,25.402,40.707,41.916,,GF,1,,,,,361
imsa,2021,Watkins Glen 6 Hours,,race,382,88,GTD,Katherine Legge,katherine legge,147,3.0,31,107.845,25.324,40.591,41.93,,GF,2,,,,,361
imsa,2021,Watkins Glen 6 Hours,,race,382,88,GTD,Katherine Legge,katherine legge,148,3.0,32,107.636,25.231,40.61,41.795,,GF,3,,,,,361
imsa,2021,Watkins Glen 6 Hours,,race,382,88,GTD,Katherine Legge,katherine legge,149,3.0,33,109.449,25.867,41.418,42.164,,GF,4,,,,,361
imsa,2021,Watkins Glen 6 Hours,,race,382,88,GTD,Katherine Legge,katherine legge,150,3.0,34,131.429,29.572,51.813,50.044,,FCY,5,,,,,361
imsa,2021,Watkins Glen 6 Hours,,race,382,88,GTD,Katherine Legge,katherine legge,151,3.0,35,120.608,29.917,45.643,45.048,,FCY,5,,,,,361
imsa,2021,Watkins Glen 6 Hours,,race,382,88,GTD,Katherine Legge,katherine legge,152,3.0,36,188.675,36.201,76.632,75.842,,FCY,5,,,,,361
imsa,2021,Watkins Glen 6 Hours,,race,382,88,GTD,Katherine Legge,katherine legge,153,3.0,37,190.833,54.223,72.845,63.765,,FCY,5,,,,,361
imsa,2021,Watkins Glen 6 Hours,,race,382,88,GTD,Katherine Legge,katherine legge,154,3.0,38,210.113,40.622,75.071,94.42,,FCY,5,,,,,361
imsa,2021,Watkins Glen 6 Hours,,race,382,88,GTD,Katherine Legge,katherine legge,155,3.0,39,182.204,51.749,70.199,60.256,47.942,FCY,0,,,,,361
imsa,2021,Watkins Glen 6 Hours,,race,382,88,GTD,Katherine Legge,katherine legge,156,3.0,40,199.409,51.303,77.613,70.493,,FCY,0,,,,,361
imsa,2021,Watkins Glen 6 Hours,,race,382,88,GTD,Katherine Legge,katherine legge,157,3.0,41,183.841,47.838,69.783,66.22,,FCY,0,,,,,361
imsa,2021,Watkins Glen 6 Hours,,race,382,88,GTD,Katherine Legge,katherine legge,158,3.0,42,159.324,44.741,59.984,54.599,,GF,0,,,,,361
imsa,2021,Watkins Glen 6 Hours,,race,382,88,GTD,Katherine Legge,katherine legge,159,3.0,43,111.827,25.919,42.003,43.905,,GF,1,,,,,361
imsa,2021,Watkins Glen 6 Hours,,race,382,88,GTD,Katherine Legge,katherine legge,160,3.0,44,110.85,25.557,42.137,43.156,,GF,2,,,,,361
imsa,2021,Watkins Glen 6 Hours,,race,382,88,GTD,Katherine Legge,katherine legge,161,3.0,45,108.37,25.287,40.821,42.262,,GF,3,,,,,361
imsa,2021,Watkins Glen 6 Hours,,race,382,88,GTD,Katherine Legge,katherine legge,162,3.0,46,108.84,25.22,41.268,42.352,,GF,4,,,,,361
imsa,2021,Watkins Glen 6 Hours,,race,382,88,GTD,Katherine Legge,katherine legge,163,3.0,47,108.417,25.362,40.944,42.111,,GF,5,,,,,361
imsa,2021,Watkins Glen 6 Hours,,race,382,88,GTD,Katherine Legge,katherine legge,164,3.0,48,110.072,25.124,42.46,42.488,,GF,6,,,,,361
imsa,2021,Watkins Glen 6 Hours,,race,382,88,GTD,Katherine Legge,katherine legge,165,3.0,49,108.729,25.223,40.974,42.532,,GF,7,,,,,361
imsa,2021,Watkins Glen 6 Hours,,race,382,88,GTD,Katherine Legge,katherine legge,166,3.0,50,109.056,25.221,41.455,42.38,,GF,8,,,,,361
imsa,2021,Watkins Glen 6 Hours,,race,382,88,GTD,Katherine Legge,katherine legge,167,3.0,51,108.657,25.33,41.08,42.247,,GF,9,,,,,361
imsa,2021,Watkins Glen 6 Hours,,race,382,88,GTD,Katherine Legge,katherine legge,168,3.0,52,108.352,25.25,40.962,42.14,,GF,10,,,,,361
imsa,2021,Watkins Glen 6 Hours,,race,382,88,GTD,Katherine Legge,katherine legge,169,3.0,53,108.644,25.099,41.341,42.204,,GF,11,,,,,361
imsa,2021,Watkins Glen 6 Hours,,race,382,88,GTD,Katherine Legge,katherine legge,170,3.0,54,109.688,25.211,41.541,42.936,,GF,12,,,,,361
imsa,2021,Watkins Glen 6 Hours,,race,382,88,GTD,Katherine Legge,katherine legge,171,3.0,55,108.577,25.287,41.165,42.125,,GF,13,,,,,361
imsa,2021,Watkins Glen 6 Hours,,race,382,88,GTD,Katherine Legge,katherine legge,172,3.0,56,109.727,25.264,42.108,42.355,,GF,14,,,,,361
imsa,2021,Watkins Glen 6 Hours,,race,382,88,GTD,Katherine Legge,katherine legge,173,3.0,57,108.292,25.136,40.921,42.235,,GF,15,,,,,361
imsa,2021,Watkins Glen 6 Hours,,race,382,88,GTD,Katherine Legge,katherine legge,174,3.0,58,108.13,25.201,40.632,42.297,,GF,16,,,,,361
imsa,2021,Watkins Glen 6 Hours,,race,382,88,GTD,Katherine Legge,katherine legge,175,3.0,59,108.538,25.258,40.915,42.365,,GF,17,,,,,361
imsa,2021,Watkins Glen 6 Hours,,race,382,88,GTD,Katherine Legge,katherine legge,176,3.0,60,109.799,25.161,41.898,42.74,,GF,18,,,,,361
imsa,2021,Watkins Glen 6 Hours,,race,382,88,GTD,Katherine Legge,katherine legge,177,3.0,61,109.197,25.248,41.703,42.246,,GF,19,,,,,361
imsa,2021,Watkins Glen 6 Hours,,race,382,88,GTD,Katherine Legge,katherine legge,178,3.0,62,109.167,25.236,40.97,42.961,,GF,20,,,,,361
imsa,2021,Watkins Glen 6 Hours,,race,382,88,GTD,Katherine Legge,katherine legge,179,3.0,63,109.722,25.343,41.624,42.755,,FF,21,,,,,361
imsa,2021,Watkins Glen 6 Hours,,race,382,9,GTD,Zacharie Robichon,zacharie robichon,1,1.0,0,139.584,53.933,42.977,42.674,,GF,0,,,,,361
imsa,2021,Watkins Glen 6 Hours,,race,382,9,GTD,Zacharie Robichon,zacharie robichon,2,1.0,1,109.178,25.407,41.279,42.492,,GF,0,,,,,361
imsa,2021,Watkins Glen 6 Hours,,race,382,9,GTD,Zacharie Robichon,zacharie robichon,3,1.0,2,107.839,25.107,40.719,42.013,,GF,1,,,,,361
imsa,2021,Watkins Glen 6 Hours,,race,382,9,GTD,Zacharie Robichon,zacharie robichon,4,1.0,3,122.543,25.095,41.93,55.518,,FCY,2,,,,,361
imsa,2021,Watkins Glen 6 Hours,,race,382,9,GTD,Zacharie Robichon,zacharie robichon,5,1.0,4,146.618,35.973,53.904,56.741,,FCY,2,,,,,361
imsa,2021,Watkins Glen 6 Hours,,race,382,9,GTD,Zacharie Robichon,zacharie robichon,6,1.0,5,139.968,36.146,51.748,52.074,,FCY,2,,,,,361
imsa,2021,Watkins Glen 6 Hours,,race,382,9,GTD,Zacharie Robichon,zacharie robichon,7,1.0,6,229.597,57.553,84.845,87.199,,FCY,2,,,,,361
imsa,2021,Watkins Glen 6 Hours,,race,382,9,GTD,Zacharie Robichon,zacharie robichon,8,1.0,7,202.21,64.19,73.361,64.659,,FCY,2,,,,,361
imsa,2021,Watkins Glen 6 Hours,,race,382,9,GTD,Zacharie Robichon,zacharie robichon,9,1.0,8,158.075,41.006,66.536,50.533,,GF,2,,,,,361
imsa,2021,Watkins Glen 6 Hours,,race,382,9,GTD,Zacharie Robichon,zacharie robichon,10,1.0,9,110.076,25.314,41.982,42.78,,GF,3,,,,,361
imsa,2021,Watkins Glen 6 Hours,,race,382,9,GTD,Zacharie Robichon,zacharie robichon,11,1.0,10,108.846,25.256,41.187,42.403,,GF,4,,,,,361
imsa,2021,Watkins Glen 6 Hours,,race,382,9,GTD,Zacharie Robichon,zacharie robichon,12,1.0,11,108.124,25.146,40.846,42.132,,GF,5,,,,,361
imsa,2021,Watkins Glen 6 Hours,,race,382,9,GTD,Zacharie Robichon,zacharie robichon,13,1.0,12,107.651,25.169,40.535,41.947,,GF,6,,,,,361
imsa,2021,Watkins Glen 6 Hours,,race,382,9,GTD,Zacharie Robichon,zacharie robichon,14,1.0,13,107.8,25.016,40.752,42.032,,GF,7,,,,,361
imsa,2021,Watkins Glen 6 Hours,,race,382,9,GTD,Zacharie Robichon,zacharie robichon,15,1.0,14,108.917,25.165,41.462,42.29,,GF,8,,,,,361
imsa,2021,Watkins Glen 6 Hours,,race,382,9,GTD,Zacharie Robichon,zacharie robichon,16,1.0,15,107.779,25.099,40.904,41.776,,GF,9,,,,,361
imsa,2021,Watkins Glen 6 Hours,,race,382,9,GTD,Zacharie Robichon,zacharie robichon,17,1.0,16,108.114,25.068,40.574,42.472,,GF,10,,,,,361
imsa,2021,Watkins Glen 6 Hours,,race,382,9,GTD,Zacharie Robichon,zacharie robichon,18,1.0,17,107.983,25.369,40.656,41.958,,GF,11,,,,,361
imsa,2021,Watkins Glen 6 Hours,,race,382,9,GTD,Zacharie Robichon,zacharie robichon,19,1.0,18,107.767,25.176,40.714,41.877,,GF,12,,,,,361
imsa,2021,Watkins Glen 6 Hours,,race,382,9,GTD,Zacharie Robichon,zacharie robichon,20,1.0,19,107.618,25.114,40.603,41.901,,GF,13,,,,,361
imsa,2021,Watkins Glen 6 Hours,,race,382,9,GTD,Zacharie Robichon,zacharie robichon,21,1.0,20,108.361,25.13,40.764,42.467,,GF,14,,,,,361
imsa,2021,Watkins Glen 6 Hours,,race,382,9,GTD,Zacharie Robichon,zacharie robichon,22,1.0,21,108.218,25.208,40.926,42.084,,GF,15,,,,,361
imsa,2021,Watkins Glen 6 Hours,,race,382,9,GTD,Zacharie Robichon,zacharie robichon,23,1.0,22,108.191,25.144,40.877,42.17,,GF,16,,,,,361
imsa,2021,Watkins Glen 6 Hours,,race,382,9,GTD,Zacharie Robichon,zacharie robichon,24,1.0,23,108.147,25.197,40.915,42.035,,GF,17,,,,,361
imsa,2021,Watkins Glen 6 Hours,,race,382,9,GTD,Zacharie Robichon,zacharie robichon,25,1.0,24,109.085,25.03,41.769,42.286,,GF,18,,,,,361
imsa,2021,Watkins Glen 6 Hours,,race,382,9,GTD,Zacharie Robichon,zacharie robichon,26,1.0,25,107.993,25.112,40.817,42.064,,GF,19,,,,,361
imsa,2021,Watkins Glen 6 Hours,,race,382,9,GTD,Zacharie Robichon,zacharie robichon,27,1.0,26,108.22,25.155,40.931,42.134,,GF,20,,,,,361
imsa,2021,Watkins Glen 6 Hours,,race,382,9,GTD,Zacharie Robichon,zacharie robichon,28,1.0,27,107.567,25.08,40.641,41.846,,GF,21,,,,,361
imsa,2021,Watkins Glen 6 Hours,,race,382,9,GTD,Zacharie Robichon,zacharie robichon,29,1.0,28,107.774,25.008,40.805,41.961,,GF,22,,,,,361
imsa,2021,Watkins Glen 6 Hours,,race,382,9,GTD,Zacharie Robichon,zacharie robichon,30,1.0,29,107.869,24.956,40.804,42.109,,GF,23,,,,,361
imsa,2021,Watkins Glen 6 Hours,,race,382,9,GTD,Zacharie Robichon,zacharie robichon,31,1.0,30,109.478,25.192,41.112,43.174,,GF,24,,,,,361
imsa,2021,Watkins Glen 6 Hours,,race,382,9,GTD,Zacharie Robichon,zacharie robichon,32,1.0,31,109.95,25.79,41.397,42.763,,GF,25,,,,,361
imsa,2021,Watkins Glen 6 Hours,,race,382,9,GTD,Zacharie Robichon,zacharie robichon,33,1.0,32,109.159,25.19,41.838,42.131,,GF,26,,,,,361
imsa,2021,Watkins Glen 6 Hours,,race,382,9,GTD,Zacharie Robichon,zacharie robichon,34,1.0,33,120.991,25.024,41.199,54.768,,GF,27,,,,,361
imsa,2021,Watkins Glen 6 Hours,,race,382,9,GTD,Lars Kern,lars kern,35,2.0,0,169.568,83.525,43.018,43.025,74.529,GF,0,,,,,361
imsa,2021,Watkins Glen 6 Hours,,race,382,9,GTD,Lars Kern,lars kern,36,2.0,1,109.605,25.578,41.292,42.735,,GF,0,,,,,361
imsa,2021,Watkins Glen 6 Hours,,race,382,9,GTD,Lars Kern,lars kern,37,2.0,2,109.741,25.452,41.486,42.803,,GF,1,,,,,361
imsa,2021,Watkins Glen 6 Hours,,race,382,9,GTD,Lars Kern,lars kern,38,2.0,3,109.654,25.406,41.475,42.773,,GF,2,,,,,361
imsa,2021,Watkins Glen 6 Hours,,race,382,9,GTD,Lars Kern,lars kern,39,2.0,4,108.992,25.407,41.127,42.458,,GF,3,,,,,361
imsa,2021,Watkins Glen 6 Hours,,race,382,9,GTD,Lars Kern,lars kern,40,2.0,5,112.066,25.301,42.863,43.902,,GF,4,,,,,361
imsa,2021,Watkins Glen 6 Hours,,race,382,9,GTD,Lars Kern,lars kern,41,2.0,6,108.942,25.34,41.146,42.456,,GF,5,,,,,361
imsa,2021,Watkins Glen 6 Hours,,race,382,9,GTD,Lars Kern,lars kern,42,2.0,7,108.178,25.299,40.813,42.066,,GF,6,,,,,361
imsa,2021,Watkins Glen 6 Hours,,race,382,9,GTD,Lars Kern,lars kern,43,2.0,8,108.055,25.233,40.75,42.072,,GF,7,,,,,361
imsa,2021,Watkins Glen 6 Hours,,race,382,9,GTD,Lars Kern,lars kern,44,2.0,9,108.486,25.124,40.93,42.432,,GF,8,,,,,361
imsa,2021,Watkins Glen 6 Hours,,race,382,9,GTD,Lars Kern,lars kern,45,2.0,10,108.207,25.436,40.678,42.093,,GF,9,,,,,361
imsa,2021,Watkins Glen 6 Hours,,race,382,9,GTD,Lars Kern,lars kern,46,2.0,11,107.737,25.17,40.575,41.992,,GF,10,,,,,361
imsa,2021,Watkins Glen 6 Hours,,race,382,9,GTD,Lars Kern,lars kern,47,2.0,12,107.957,25.217,40.619,42.121,,GF,11,,,,,361
imsa,2021,Watkins Glen 6 Hours,,race,382,9,GTD,Lars Kern,lars kern,48,2.0,13,109.931,25.173,42.153,42.605,,GF,12,,,,,361
imsa,2021,Watkins Glen 6 Hours,,race,382,9,GTD,Lars Kern,lars kern,49,2.0,14,107.666,25.159,40.621,41.886,,GF,13,,,,,361
imsa,2021,Watkins Glen 6 Hours,,race,382,9,GTD,Lars Kern,lars kern,50,2.0,15,108.169,25.116,41.076,41.977,,GF,14,,,,,361
imsa,2021,Watkins Glen 6 Hours,,race,382,9,GTD,Lars Kern,lars kern,51,2.0,16,110.729,25.367,41.602,43.76,,GF,15,,,,,361
imsa,2021,Watkins Glen 6 Hours,,race,382,9,GTD,Lars Kern,lars kern,52,2.0,17,108.756,25.342,41.073,42.341,,GF,16,,,,,361
imsa,2021,Watkins Glen 6 Hours,,race,382,9,GTD,Lars Kern,lars kern,53,2.0,18,107.929,25.201,40.634,42.094,,GF,17,,,,,361
imsa,2021,Watkins Glen 6 Hours,,race,382,9,GTD,Lars Kern,lars kern,54,2.0,19,109.754,25.209,42.307,42.238,,GF,18,,,,,361
imsa,2021,Watkins Glen 6 Hours,,race,382,9,GTD,Lars Kern,lars kern,55,2.0,20,108.716,25.207,41.123,42.386,,GF,19,,,,,361
imsa,2021,Watkins Glen 6 Hours,,race,382,9,GTD,Lars Kern,lars kern,56,2.0,21,108.794,25.224,41.241,42.329,,GF,20,,,,,361
imsa,2021,Watkins Glen 6 Hours,,race,382,9,GTD,Lars Kern,lars kern,57,2.0,22,108.134,25.231,40.783,42.12,,GF,21,,,,,361
imsa,2021,Watkins Glen 6 Hours,,race,382,9,GTD,Lars Kern,lars kern,58,2.0,23,110.983,25.235,41.21,44.538,,FCY,22,,,,,361
imsa,2021,Watkins Glen 6 Hours,,race,382,9,GTD,Lars Kern,lars kern,59,2.0,24,215.308,49.076,81.751,84.481,,FCY,22,,,,,361
imsa,2021,Watkins Glen 6 Hours,,race,382,9,GTD,Lars Kern,lars kern,60,2.0,25,227.839,60.689,89.035,78.115,,FCY,22,,,,,361
imsa,2021,Watkins Glen 6 Hours,,race,382,9,GTD,Lars Kern,lars kern,61,2.0,26,211.157,53.324,76.925,80.908,,FCY,22,,,,,361
imsa,2021,Watkins Glen 6 Hours,,race,382,9,GTD,Lars Kern,lars kern,62,2.0,27,221.533,82.442,64.29,74.801,65.143,FCY,0,,,,,361
imsa,2021,Watkins Glen 6 Hours,,race,382,9,GTD,Lars Kern,lars kern,63,2.0,28,182.806,56.712,70.601,55.493,,GF,0,,,,,361
imsa,2021,Watkins Glen 6 Hours,,race,382,9,GTD,Lars Kern,lars kern,64,2.0,29,108.987,25.386,41.266,42.335,,GF,1,,,,,361
imsa,2021,Watkins Glen 6 Hours,,race,382,9,GTD,Lars Kern,lars kern,65,2.0,30,108.151,25.219,40.71,42.222,,GF,2,,,,,361
imsa,2021,Watkins Glen 6 Hours,,race,382,9,GTD,Lars Kern,lars kern,66,2.0,31,108.79,25.281,41.173,42.336,,GF,3,,,,,361
imsa,2021,Watkins Glen 6 Hours,,race,382,9,GTD,Lars Kern,lars kern,67,2.0,32,108.156,25.153,40.95,42.053,,GF,4,,,,,361
imsa,2021,Watkins Glen 6 Hours,,race,382,9,GTD,Lars Kern,lars kern,68,2.0,33,108.277,25.215,40.959,42.103,,GF,5,,,,,361
imsa,2021,Watkins Glen 6 Hours,,race,382,9,GTD,Lars Kern,lars kern,69,2.0,34,109.767,25.326,41.676,42.765,,GF,6,,,,,361
imsa,2021,Watkins Glen 6 Hours,,race,382,9,GTD,Lars Kern,lars kern,70,2.0,35,109.458,25.224,41.018,43.216,,GF,7,,,,,361
imsa,2021,Watkins Glen 6 Hours,,race,382,9,GTD,Lars Kern,lars kern,71,2.0,36,108.953,25.188,41.22,42.545,,GF,8,,,,,361
imsa,2021,Watkins Glen 6 Hours,,race,382,9,GTD,Lars Kern,lars kern,72,2.0,37,108.262,25.29,40.844,42.128,,GF,9,,,,,361
imsa,2021,Watkins Glen 6 Hours,,race,382,9,GTD,Lars Kern,lars kern,73,2.0,38,110.073,25.241,41.946,42.886,,GF,10,,,,,361
imsa,2021,Watkins Glen 6 Hours,,race,382,9,GTD,Lars Kern,lars kern,74,2.0,39,108.698,25.444,40.923,42.331,,GF,11,,,,,361
imsa,2021,Watkins Glen 6 Hours,,race,382,9,GTD,Lars Kern,lars kern,75,2.0,40,128.845,25.542,46.483,56.82,,FCY,12,,,,,361
imsa,2021,Watkins Glen 6 Hours,,race,382,9,GTD,Lars Kern,lars kern,76,2.0,41,122.309,29.677,46.901,45.731,,FCY,12,,,,,361
imsa,2021,Watkins Glen 6 Hours,,race,382,9,GTD,Lars Kern,lars kern,77,2.0,42,118.686,27.872,44.326,46.488,,FCY,12,,,,,361
imsa,2021,Watkins Glen 6 Hours,,race,382,9,GTD,Lars Kern,lars kern,78,2.0,43,183.458,49.649,71.219,62.59,,FCY,12,,,,,361
imsa,2021,Watkins Glen 6 Hours,,race,382,9,GTD,Lars Kern,lars kern,79,2.0,44,169.598,45.413,70.074,54.111,,FCY,12,,,,,361
imsa,2021,Watkins Glen 6 Hours,,race,382,9,GTD,Lars Kern,lars kern,80,2.0,45,174.915,39.162,67.82,67.933,,FCY,12,,,,,361
imsa,2021,Watkins Glen 6 Hours,,race,382,9,GTD,Zacharie Robichon,zacharie robichon,81,3.0,0,194.186,73.688,53.86,66.638,61.01,FCY,0,,,,,361
imsa,2021,Watkins Glen 6 Hours,,race,382,9,GTD,Zacharie Robichon,zacharie robichon,82,3.0,1,193.592,46.729,67.308,79.555,,FCY,0,,,,,361
imsa,2021,Watkins Glen 6 Hours,,race,382,9,GTD,Zacharie Robichon,zacharie robichon,83,3.0,2,148.48,40.946,61.62,45.914,,GF,0,,,,,361
imsa,2021,Watkins Glen 6 Hours,,race,382,9,GTD,Zacharie Robichon,zacharie robichon,84,3.0,3,109.055,25.349,41.33,42.376,,GF,1,,,,,361
imsa,2021,Watkins Glen 6 Hours,,race,382,9,GTD,Zacharie Robichon,zacharie robichon,85,3.0,4,108.909,25.395,41.139,42.375,,GF,2,,,,,361
imsa,2021,Watkins Glen 6 Hours,,race,382,9,GTD,Zacharie Robichon,zacharie robichon,86,3.0,5,108.459,25.319,41.131,42.009,,GF,3,,,,,361
imsa,2021,Watkins Glen 6 Hours,,race,382,9,GTD,Zacharie Robichon,zacharie robichon,87,3.0,6,108.585,25.346,41.052,42.187,,GF,4,,,,,361
imsa,2021,Watkins Glen 6 Hours,,race,382,9,GTD,Zacharie Robichon,zacharie robichon,88,3.0,7,108.46,25.22,41.137,42.103,,GF,5,,,,,361
imsa,2021,Watkins Glen 6 Hours,,race,382,9,GTD,Zacharie Robichon,zacharie robichon,89,3.0,8,109.118,25.516,41.137,42.465,,GF,6,,,,,361
imsa,2021,Watkins Glen 6 Hours,,race,382,9,GTD,Zacharie Robichon,zacharie robichon,90,3.0,9,109.694,25.209,41.825,42.66,,GF,7,,,,,361
imsa,2021,Watkins Glen 6 Hours,,race,382,9,GTD,Zacharie Robichon,zacharie robichon,91,3.0,10,109.116,25.36,41.268,42.488,,GF,8,,,,,361
imsa,2021,Watkins Glen 6 Hours,,race,382,9,GTD,Zacharie Robichon,zacharie robichon,92,3.0,11,108.359,25.242,40.873,42.244,,GF,9,,,,,361
imsa,2021,Watkins Glen 6 Hours,,race,382,9,GTD,Zacharie Robichon,zacharie robichon,93,3.0,12,108.281,25.159,40.931,42.191,,GF,10,,,,,361
imsa,2021,Watkins Glen 6 Hours,,race,382,9,GTD,Zacharie Robichon,zacharie robichon,94,3.0,13,108.334,25.201,40.807,42.326,,GF,11,,,,,361
imsa,2021,Watkins Glen 6 Hours,,race,382,9,GTD,Zacharie Robichon,zacharie robichon,95,3.0,14,122.209,25.19,41.171,55.848,,GF,12,,,,,361
imsa,2021,Watkins Glen 6 Hours,,race,382,9,GTD,Zacharie Robichon,zacharie robichon,96,3.0,15,143.892,59.813,41.769,42.31,52.326,GF,0,,,,,361
imsa,2021,Watkins Glen 6 Hours,,race,382,9,GTD,Zacharie Robichon,zacharie robichon,97,3.0,16,107.947,25.353,40.697,41.897,,GF,0,,,,,361
imsa,2021,Watkins Glen 6 Hours,,race,382,9,GTD,Zacharie Robichon,zacharie robichon,98,3.0,17,108.345,25.323,40.972,42.05,,GF,1,,,,,361
imsa,2021,Watkins Glen 6 Hours,,race,382,9,GTD,Zacharie Robichon,zacharie robichon,99,3.0,18,110.263,25.228,40.96,44.075,,GF,2,,,,,361
imsa,2021,Watkins Glen 6 Hours,,race,382,9,GTD,Zacharie Robichon,zacharie robichon,100,3.0,19,108.297,25.249,40.679,42.369,,GF,3,,,,,361
imsa,2021,Watkins Glen 6 Hours,,race,382,9,GTD,Zacharie Robichon,zacharie robichon,101,3.0,20,107.678,25.185,40.667,41.826,,GF,4,,,,,361
imsa,2021,Watkins Glen 6 Hours,,race,382,9,GTD,Zacharie Robichon,zacharie robichon,102,3.0,21,108.315,25.415,40.914,41.986,,GF,5,,,,,361
imsa,2021,Watkins Glen 6 Hours,,race,382,9,GTD,Zacharie Robichon,zacharie robichon,103,3.0,22,107.805,25.19,40.568,42.047,,GF,6,,,,,361
imsa,2021,Watkins Glen 6 Hours,,race,382,9,GTD,Zacharie Robichon,zacharie robichon,104,3.0,23,108.293,25.204,40.711,42.378,,GF,7,,,,,361
imsa,2021,Watkins Glen 6 Hours,,race,382,9,GTD,Zacharie Robichon,zacharie robichon,105,3.0,24,107.97,25.25,40.776,41.944,,GF,8,,,,,361
imsa,2021,Watkins Glen 6 Hours,,race,382,9,GTD,Zacharie Robichon,zacharie robichon,106,3.0,25,108.146,25.254,40.717,42.175,,GF,9,,,,,361
imsa,2021,Watkins Glen 6 Hours,,race,382,9,GTD,Zacharie Robichon,zacharie robichon,107,3.0,26,108.022,25.207,40.622,42.193,,GF,10,,,,,361
imsa,2021,Watkins Glen 6 Hours,,race,382,9,GTD,Zacharie Robichon,zacharie robichon,108,3.0,27,108.633,25.317,40.835,42.481,,GF,11,,,,,361
imsa,2021,Watkins Glen 6 Hours,,race,382,9,GTD,Zacharie Robichon,zacharie robichon,109,3.0,28,108.966,25.472,41.312,42.182,,GF,12,,,,,361
imsa,2021,Watkins Glen 6 Hours,,race,382,9,GTD,Zacharie Robichon,zacharie robichon,110,3.0,29,108.35,25.16,40.855,42.335,,GF,13,,,,,361
imsa,2021,Watkins Glen 6 Hours,,race,382,9,GTD,Zacharie Robichon,zacharie robichon,111,3.0,30,108.33,25.299,40.821,42.21,,GF,14,,,,,361
imsa,2021,Watkins Glen 6 Hours,,race,382,9,GTD,Zacharie Robichon,zacharie robichon,112,3.0,31,108.949,25.405,40.983,42.561,,GF,15,,,,,361
imsa,2021,Watkins Glen 6 Hours,,race,382,9,GTD,Zacharie Robichon,zacharie robichon,113,3.0,32,108.59,25.185,40.896,42.509,,GF,16,,,,,361
imsa,2021,Watkins Glen 6 Hours,,race,382,9,GTD,Zacharie Robichon,zacharie robichon,114,3.0,33,108.515,25.249,40.787,42.479,,GF,17,,,,,361
imsa,2021,Watkins Glen 6 Hours,,race,382,9,GTD,Zacharie Robichon,zacharie robichon,115,3.0,34,108.408,25.237,40.896,42.275,,GF,18,,,,,361
imsa,2021,Watkins Glen 6 Hours,,race,382,9,GTD,Zacharie Robichon,zacharie robichon,116,3.0,35,108.643,25.266,41.011,42.366,,GF,19,,,,,361
imsa,2021,Watkins Glen 6 Hours,,race,382,9,GTD,Zacharie Robichon,zacharie robichon,117,3.0,36,108.99,25.28,41.201,42.509,,GF,20,,,,,361
imsa,2021,Watkins Glen 6 Hours,,race,382,9,GTD,Zacharie Robichon,zacharie robichon,118,3.0,37,108.539,25.33,40.918,42.291,,GF,21,,,,,361
imsa,2021,Watkins Glen 6 Hours,,race,382,9,GTD,Zacharie Robichon,zacharie robichon,119,3.0,38,108.117,25.186,40.802,42.129,,GF,22,,,,,361
imsa,2021,Watkins Glen 6 Hours,,race,382,9,GTD,Zacharie Robichon,zacharie robichon,120,3.0,39,108.046,25.174,40.663,42.209,,GF,23,,,,,361
imsa,2021,Watkins Glen 6 Hours,,race,382,9,GTD,Zacharie Robichon,zacharie robichon,121,3.0,40,109.754,25.157,41.118,43.479,,GF,24,,,,,361
imsa,2021,Watkins Glen 6 Hours,,race,382,9,GTD,Zacharie Robichon,zacharie robichon,122,3.0,41,108.561,25.259,41.045,42.257,,GF,25,,,,,361
imsa,2021,Watkins Glen 6 Hours,,race,382,9,GTD,Zacharie Robichon,zacharie robichon,123,3.0,42,108.13,25.132,40.924,42.074,,GF,26,,,,,361
imsa,2021,Watkins Glen 6 Hours,,race,382,9,GTD,Zacharie Robichon,zacharie robichon,124,3.0,43,108.676,25.227,41.131,42.318,,GF,27,,,,,361
imsa,2021,Watkins Glen 6 Hours,,race,382,9,GTD,Zacharie Robichon,zacharie robichon,125,3.0,44,109.518,25.235,41.38,42.903,,GF,28,,,,,361
imsa,2021,Watkins Glen 6 Hours,,race,382,9,GTD,Zacharie Robichon,zacharie robichon,126,3.0,45,122.076,25.309,41.234,55.533,,GF,29,,,,,361
imsa,2021,Watkins Glen 6 Hours,,race,382,9,GTD,Laurens Vanthoor,laurens vanthoor,127,4.0,0,186.088,101.185,41.835,43.068,93.361,GF,0,,,,,361
imsa,2021,Watkins Glen 6 Hours,,race,382,9,GTD,Laurens Vanthoor,laurens vanthoor,128,4.0,1,108.44,25.34,40.937,42.163,,GF,0,,,,,361
imsa,2021,Watkins Glen 6 Hours,,race,382,9,GTD,Laurens Vanthoor,laurens vanthoor,129,4.0,2,108.668,25.499,41.363,41.806,,GF,1,,,,,361
imsa,2021,Watkins Glen 6 Hours,,race,382,9,GTD,Laurens Vanthoor,laurens vanthoor,130,4.0,3,107.323,25.143,40.487,41.693,,GF,2,,,,,361
imsa,2021,Watkins Glen 6 Hours,,race,382,9,GTD,Laurens Vanthoor,laurens vanthoor,131,4.0,4,107.615,25.264,40.45,41.901,,GF,3,,,,,361
imsa,2021,Watkins Glen 6 Hours,,race,382,9,GTD,Laurens Vanthoor,laurens vanthoor,132,4.0,5,107.664,25.22,40.643,41.801,,GF,4,,,,,361
imsa,2021,Watkins Glen 6 Hours,,race,382,9,GTD,Laurens Vanthoor,laurens vanthoor,133,4.0,6,107.892,25.268,40.758,41.866,,GF,5,,,,,361
imsa,2021,Watkins Glen 6 Hours,,race,382,9,GTD,Laurens Vanthoor,laurens vanthoor,134,4.0,7,107.889,25.266,40.616,42.007,,GF,6,,,,,361
imsa,2021,Watkins Glen 6 Hours,,race,382,9,GTD,Laurens Vanthoor,laurens vanthoor,135,4.0,8,107.896,25.183,40.688,42.025,,GF,7,,,,,361
imsa,2021,Watkins Glen 6 Hours,,race,382,9,GTD,Laurens Vanthoor,laurens vanthoor,136,4.0,9,107.87,25.215,40.693,41.962,,GF,8,,,,,361
imsa,2021,Watkins Glen 6 Hours,,race,382,9,GTD,Laurens Vanthoor,laurens vanthoor,137,4.0,10,107.908,25.147,40.674,42.087,,GF,9,,,,,361
imsa,2021,Watkins Glen 6 Hours,,race,382,9,GTD,Laurens Vanthoor,laurens vanthoor,138,4.0,11,108.698,25.101,40.495,43.102,,GF,10,,,,,361
imsa,2021,Watkins Glen 6 Hours,,race,382,9,GTD,Laurens Vanthoor,laurens vanthoor,139,4.0,12,108.168,25.156,41.042,41.97,,GF,11,,,,,361
imsa,2021,Watkins Glen 6 Hours,,race,382,9,GTD,Laurens Vanthoor,laurens vanthoor,140,4.0,13,108.13,25.328,40.663,42.139,,GF,12,,,,,361
imsa,2021,Watkins Glen 6 Hours,,race,382,9,GTD,Laurens Vanthoor,laurens vanthoor,141,4.0,14,107.873,25.261,40.705,41.907,,GF,13,,,,,361
imsa,2021,Watkins Glen 6 Hours,,race,382,9,GTD,Laurens Vanthoor,laurens vanthoor,142,4.0,15,108.255,25.414,40.737,42.104,,GF,14,,,,,361
imsa,2021,Watkins Glen 6 Hours,,race,382,9,GTD,Laurens Vanthoor,laurens vanthoor,143,4.0,16,108.161,25.367,40.737,42.057,,GF,15,,,,,361
imsa,2021,Watkins Glen 6 Hours,,race,382,9,GTD,Laurens Vanthoor,laurens vanthoor,144,4.0,17,107.709,25.205,40.589,41.915,,GF,16,,,,,361
imsa,2021,Watkins Glen 6 Hours,,race,382,9,GTD,Laurens Vanthoor,laurens vanthoor,145,4.0,18,107.726,25.148,40.645,41.933,,GF,17,,,,,361
imsa,2021,Watkins Glen 6 Hours,,race,382,9,GTD,Laurens Vanthoor,laurens vanthoor,146,4.0,19,107.769,25.263,40.485,42.021,,GF,18,,,,,361
imsa,2021,Watkins Glen 6 Hours,,race,382,9,GTD,Laurens Vanthoor,laurens vanthoor,147,4.0,20,108.307,25.511,40.887,41.909,,GF,19,,,,,361
imsa,2021,Watkins Glen 6 Hours,,race,382,9,GTD,Laurens Vanthoor,laurens vanthoor,148,4.0,21,107.764,25.261,40.607,41.896,,GF,20,,,,,361
imsa,2021,Watkins Glen 6 Hours,,race,382,9,GTD,Laurens Vanthoor,laurens vanthoor,149,4.0,22,108.168,25.431,40.863,41.874,,GF,21,,,,,361
imsa,2021,Watkins Glen 6 Hours,,race,382,9,GTD,Laurens Vanthoor,laurens vanthoor,150,4.0,23,110.897,25.216,40.637,45.044,,FCY,22,,,,,361
imsa,2021,Watkins Glen 6 Hours,,race,382,9,GTD,Laurens Vanthoor,laurens vanthoor,151,4.0,24,164.079,37.89,47.996,78.193,,FCY,22,,,,,361
imsa,2021,Watkins Glen 6 Hours,,race,382,9,GTD,Laurens Vanthoor,laurens vanthoor,152,4.0,25,211.002,56.303,79.772,74.927,,FCY,22,,,,,361
imsa,2021,Watkins Glen 6 Hours,,race,382,9,GTD,Laurens Vanthoor,laurens vanthoor,153,4.0,26,190.266,53.072,71.786,65.408,,FCY,22,,,,,361
imsa,2021,Watkins Glen 6 Hours,,race,382,9,GTD,Laurens Vanthoor,laurens vanthoor,154,4.0,27,201.549,49.098,74.703,77.748,,FCY,22,,,,,361
imsa,2021,Watkins Glen 6 Hours,,race,382,9,GTD,Laurens Vanthoor,laurens vanthoor,155,4.0,28,225.05,90.122,66.56,68.368,81.061,FCY,0,,,,,361
imsa,2021,Watkins Glen 6 Hours,,race,382,9,GTD,Laurens Vanthoor,laurens vanthoor,156,4.0,29,192.312,43.841,75.618,72.853,34.935,FCY,0,,,,,361
imsa,2021,Watkins Glen 6 Hours,,race,382,9,GTD,Laurens Vanthoor,laurens vanthoor,157,4.0,30,183.359,47.184,69.072,67.103,,FCY,0,,,,,361
imsa,2021,Watkins Glen 6 Hours,,race,382,9,GTD,Laurens Vanthoor,laurens vanthoor,158,4.0,31,152.758,43.298,57.18,52.28,,GF,0,,,,,361
imsa,2021,Watkins Glen 6 Hours,,race,382,9,GTD,Laurens Vanthoor,laurens vanthoor,159,4.0,32,109.604,25.459,41.75,42.395,,GF,1,,,,,361
imsa,2021,Watkins Glen 6 Hours,,race,382,9,GTD,Laurens Vanthoor,laurens vanthoor,160,4.0,33,110.611,25.399,42.375,42.837,,GF,2,,,,,361
imsa,2021,Watkins Glen 6 Hours,,race,382,9,GTD,Laurens Vanthoor,laurens vanthoor,161,4.0,34,108.114,25.229,40.619,42.266,,GF,3,,,,,361
imsa,2021,Watkins Glen 6 Hours,,race,382,9,GTD,Laurens Vanthoor,laurens vanthoor,162,4.0,35,108.819,25.341,41.064,42.414,,GF,4,,,,,361
imsa,2021,Watkins Glen 6 Hours,,race,382,9,GTD,Laurens Vanthoor,laurens vanthoor,163,4.0,36,108.748,25.183,41.137,42.428,,GF,5,,,,,361
imsa,2021,Watkins Glen 6 Hours,,race,382,9,GTD,Laurens Vanthoor,laurens vanthoor,164,4.0,37,108.516,25.158,41.128,42.23,,GF,6,,,,,361
imsa,2021,Watkins Glen 6 Hours,,race,382,9,GTD,Laurens Vanthoor,laurens vanthoor,165,4.0,38,108.99,25.173,41.231,42.586,,GF,7,,,,,361
imsa,2021,Watkins Glen 6 Hours,,race,382,9,GTD,Laurens Vanthoor,laurens vanthoor,166,4.0,39,109.048,25.23,41.416,42.402,,GF,8,,,,,361
imsa,2021,Watkins Glen 6 Hours,,race,382,9,GTD,Laurens Vanthoor,laurens vanthoor,167,4.0,40,108.338,25.098,40.847,42.393,,GF,9,,,,,361
imsa,2021,Watkins Glen 6 Hours,,race,382,9,GTD,Laurens Vanthoor,laurens vanthoor,168,4.0,41,108.576,25.154,41.274,42.148,,GF,10,,,,,361
imsa,2021,Watkins Glen 6 Hours,,race,382,9,GTD,Laurens Vanthoor,laurens vanthoor,169,4.0,42,108.305,25.064,41.091,42.15,,GF,11,,,,,361
imsa,2021,Watkins Glen 6 Hours,,race,382,9,GTD,Laurens Vanthoor,laurens vanthoor,170,4.0,43,108.889,24.982,41.046,42.861,,GF,12,,,,,361
imsa,2021,Watkins Glen 6 Hours,,race,382,9,GTD,Laurens Vanthoor,laurens vanthoor,171,4.0,44,108.053,25.075,40.801,42.177,,GF,13,,,,,361
imsa,2021,Watkins Glen 6 Hours,,race,382,9,GTD,Laurens Vanthoor,laurens vanthoor,172,4.0,45,108.563,25.014,41.224,42.325,,GF,14,,,,,361
imsa,2021,Watkins Glen 6 Hours,,race,382,9,GTD,Laurens Vanthoor,laurens vanthoor,173,4.0,46,108.642,25.513,40.958,42.171,,GF,15,,,,,361
imsa,2021,Watkins Glen 6 Hours,,race,382,9,GTD,Laurens Vanthoor,laurens vanthoor,174,4.0,47,107.798,24.957,40.589,42.252,,GF,16,,,,,361
imsa,2021,Watkins Glen 6 Hours,,race,382,9,GTD,Laurens Vanthoor,laurens vanthoor,175,4.0,48,108.689,25.0,40.846,42.843,,GF,17,,,,,361
imsa,2021,Watkins Glen 6 Hours,,race,382,9,GTD,Laurens Vanthoor,laurens vanthoor,176,4.0,49,108.615,25.046,41.076,42.493,,GF,18,,,,,361
imsa,2021,Watkins Glen 6 Hours,,race,382,9,GTD,Laurens Vanthoor,laurens vanthoor,177,4.0,50,110.014,24.923,41.433,43.658,,GF,19,,,,,361
imsa,2021,Watkins Glen 6 Hours,,race,382,9,GTD,Laurens Vanthoor,laurens vanthoor,178,4.0,51,108.187,24.999,40.518,42.67,,GF,20,,,,,361
imsa,2021,Watkins Glen 6 Hours,,race,382,9,GTD,Laurens Vanthoor,laurens vanthoor,179,4.0,52,108.085,25.064,40.612,42.409,,FF,21,,,,,361
imsa,2021,Watkins Glen 6 Hours,,race,382,96,GTD,Robby Foley,robby foley,1,1.0,0,138.748,53.307,42.584,42.857,,GF,0,,,,,361
imsa,2021,Watkins Glen 6 Hours,,race,382,96,GTD,Robby Foley,robby foley,2,1.0,1,108.136,25.058,40.965,42.113,,GF,0,,,,,361
imsa,2021,Watkins Glen 6 Hours,,race,382,96,GTD,Robby Foley,robby foley,3,1.0,2,107.799,24.984,40.849,41.966,,GF,1,,,,,361
imsa,2021,Watkins Glen 6 Hours,,race,382,96,GTD,Robby Foley,robby foley,4,1.0,3,123.214,25.017,43.414,54.783,,FCY,2,,,,,361
imsa,2021,Watkins Glen 6 Hours,,race,382,96,GTD,Robby Foley,robby foley,5,1.0,4,146.596,35.319,54.584,56.693,,FCY,2,,,,,361
imsa,2021,Watkins Glen 6 Hours,,race,382,96,GTD,Robby Foley,robby foley,6,1.0,5,139.729,35.262,52.106,52.361,,FCY,2,,,,,361
imsa,2021,Watkins Glen 6 Hours,,race,382,96,GTD,Robby Foley,robby foley,7,1.0,6,229.232,57.53,84.775,86.927,,FCY,2,,,,,361
imsa,2021,Watkins Glen 6 Hours,,race,382,96,GTD,Robby Foley,robby foley,8,1.0,7,202.031,64.374,73.835,63.822,,FCY,2,,,,,361
imsa,2021,Watkins Glen 6 Hours,,race,382,96,GTD,Robby Foley,robby foley,9,1.0,8,159.097,41.489,66.654,50.954,,GF,2,,,,,361
imsa,2021,Watkins Glen 6 Hours,,race,382,96,GTD,Robby Foley,robby foley,10,1.0,9,110.477,25.577,42.212,42.688,,GF,3,,,,,361
imsa,2021,Watkins Glen 6 Hours,,race,382,96,GTD,Robby Foley,robby foley,11,1.0,10,109.008,25.055,41.59,42.363,,GF,4,,,,,361
imsa,2021,Watkins Glen 6 Hours,,race,382,96,GTD,Robby Foley,robby foley,12,1.0,11,108.0,24.968,41.058,41.974,,GF,5,,,,,361
imsa,2021,Watkins Glen 6 Hours,,race,382,96,GTD,Robby Foley,robby foley,13,1.0,12,107.791,24.942,40.894,41.955,,GF,6,,,,,361
imsa,2021,Watkins Glen 6 Hours,,race,382,96,GTD,Robby Foley,robby foley,14,1.0,13,107.717,24.998,40.854,41.865,,GF,7,,,,,361
imsa,2021,Watkins Glen 6 Hours,,race,382,96,GTD,Robby Foley,robby foley,15,1.0,14,108.306,24.942,41.146,42.218,,GF,8,,,,,361
imsa,2021,Watkins Glen 6 Hours,,race,382,96,GTD,Robby Foley,robby foley,16,1.0,15,107.867,25.036,40.843,41.988,,GF,9,,,,,361
imsa,2021,Watkins Glen 6 Hours,,race,382,96,GTD,Robby Foley,robby foley,17,1.0,16,108.231,24.904,41.396,41.931,,GF,10,,,,,361
imsa,2021,Watkins Glen 6 Hours,,race,382,96,GTD,Robby Foley,robby foley,18,1.0,17,108.223,25.327,41.001,41.895,,GF,11,,,,,361
imsa,2021,Watkins Glen 6 Hours,,race,382,96,GTD,Robby Foley,robby foley,19,1.0,18,107.731,25.099,40.876,41.756,,GF,12,,,,,361
imsa,2021,Watkins Glen 6 Hours,,race,382,96,GTD,Robby Foley,robby foley,20,1.0,19,107.719,25.067,40.808,41.844,,GF,13,,,,,361
imsa,2021,Watkins Glen 6 Hours,,race,382,96,GTD,Robby Foley,robby foley,21,1.0,20,108.045,25.082,40.948,42.015,,GF,14,,,,,361
imsa,2021,Watkins Glen 6 Hours,,race,382,96,GTD,Robby Foley,robby foley,22,1.0,21,108.511,25.185,41.273,42.053,,GF,15,,,,,361
imsa,2021,Watkins Glen 6 Hours,,race,382,96,GTD,Robby Foley,robby foley,23,1.0,22,108.032,25.125,40.92,41.987,,GF,16,,,,,361
imsa,2021,Watkins Glen 6 Hours,,race,382,96,GTD,Robby Foley,robby foley,24,1.0,23,108.362,25.193,41.277,41.892,,GF,17,,,,,361
imsa,2021,Watkins Glen 6 Hours,,race,382,96,GTD,Robby Foley,robby foley,25,1.0,24,108.364,24.97,41.182,42.212,,GF,18,,,,,361
imsa,2021,Watkins Glen 6 Hours,,race,382,96,GTD,Robby Foley,robby foley,26,1.0,25,108.305,25.104,41.065,42.136,,GF,19,,,,,361
imsa,2021,Watkins Glen 6 Hours,,race,382,96,GTD,Robby Foley,robby foley,27,1.0,26,108.413,25.02,41.41,41.983,,GF,20,,,,,361
imsa,2021,Watkins Glen 6 Hours,,race,382,96,GTD,Robby Foley,robby foley,28,1.0,27,107.843,24.983,40.942,41.918,,GF,21,,,,,361
imsa,2021,Watkins Glen 6 Hours,,race,382,96,GTD,Robby Foley,robby foley,29,1.0,28,107.719,25.034,40.8,41.885,,GF,22,,,,,361
imsa,2021,Watkins Glen 6 Hours,,race,382,96,GTD,Robby Foley,robby foley,30,1.0,29,107.902,24.904,40.993,42.005,,GF,23,,,,,361
imsa,2021,Watkins Glen 6 Hours,,race,382,96,GTD,Robby Foley,robby foley,31,1.0,30,109.913,25.092,41.198,43.623,,GF,24,,,,,361
imsa,2021,Watkins Glen 6 Hours,,race,382,96,GTD,Robby Foley,robby foley,32,1.0,31,109.177,25.63,41.206,42.341,,GF,25,,,,,361
imsa,2021,Watkins Glen 6 Hours,,race,382,96,GTD,Robby Foley,robby foley,33,1.0,32,109.362,25.124,41.704,42.534,,GF,26,,,,,361
imsa,2021,Watkins Glen 6 Hours,,race,382,96,GTD,Robby Foley,robby foley,34,1.0,33,120.965,25.049,40.82,55.096,,GF,27,,,,,361
imsa,2021,Watkins Glen 6 Hours,,race,382,96,GTD,Aidan Read,aidan read,35,2.0,0,165.564,81.139,42.115,42.31,73.646,GF,0,,,,,361
imsa,2021,Watkins Glen 6 Hours,,race,382,96,GTD,Aidan Read,aidan read,36,2.0,1,108.173,25.226,40.893,42.054,,GF,0,,,,,361
imsa,2021,Watkins Glen 6 Hours,,race,382,96,GTD,Aidan Read,aidan read,37,2.0,2,109.119,25.696,41.031,42.392,,GF,1,,,,,361
imsa,2021,Watkins Glen 6 Hours,,race,382,96,GTD,Aidan Read,aidan read,38,2.0,3,109.658,25.451,42.195,42.012,,GF,2,,,,,361
imsa,2021,Watkins Glen 6 Hours,,race,382,96,GTD,Aidan Read,aidan read,39,2.0,4,108.879,25.195,41.334,42.35,,GF,3,,,,,361
imsa,2021,Watkins Glen 6 Hours,,race,382,96,GTD,Aidan Read,aidan read,40,2.0,5,109.202,25.894,41.504,41.804,,GF,4,,,,,361
imsa,2021,Watkins Glen 6 Hours,,race,382,96,GTD,Aidan Read,aidan read,41,2.0,6,109.114,25.19,41.982,41.942,,GF,5,,,,,361
imsa,2021,Watkins Glen 6 Hours,,race,382,96,GTD,Aidan Read,aidan read,42,2.0,7,108.275,25.398,40.935,41.942,,GF,6,,,,,361
imsa,2021,Watkins Glen 6 Hours,,race,382,96,GTD,Aidan Read,aidan read,43,2.0,8,108.858,25.078,41.598,42.182,,GF,7,,,,,361
imsa,2021,Watkins Glen 6 Hours,,race,382,96,GTD,Aidan Read,aidan read,44,2.0,9,109.038,25.143,41.277,42.618,,GF,8,,,,,361
imsa,2021,Watkins Glen 6 Hours,,race,382,96,GTD,Aidan Read,aidan read,45,2.0,10,108.148,25.12,40.993,42.035,,GF,9,,,,,361
imsa,2021,Watkins Glen 6 Hours,,race,382,96,GTD,Aidan Read,aidan read,46,2.0,11,108.49,25.149,41.359,41.982,,GF,10,,,,,361
imsa,2021,Watkins Glen 6 Hours,,race,382,96,GTD,Aidan Read,aidan read,47,2.0,12,108.289,25.073,41.059,42.157,,GF,11,,,,,361
imsa,2021,Watkins Glen 6 Hours,,race,382,96,GTD,Aidan Read,aidan read,48,2.0,13,108.539,25.235,41.401,41.903,,GF,12,,,,,361
imsa,2021,Watkins Glen 6 Hours,,race,382,96,GTD,Aidan Read,aidan read,49,2.0,14,108.093,25.316,40.734,42.043,,GF,13,,,,,361
imsa,2021,Watkins Glen 6 Hours,,race,382,96,GTD,Aidan Read,aidan read,50,2.0,15,110.164,25.39,41.998,42.776,,GF,14,,,,,361
imsa,2021,Watkins Glen 6 Hours,,race,382,96,GTD,Aidan Read,aidan read,51,2.0,16,108.056,25.249,40.871,41.936,,GF,15,,,,,361
imsa,2021,Watkins Glen 6 Hours,,race,382,96,GTD,Aidan Read,aidan read,52,2.0,17,108.618,25.21,41.236,42.172,,GF,16,,,,,361
imsa,2021,Watkins Glen 6 Hours,,race,382,96,GTD,Aidan Read,aidan read,53,2.0,18,109.025,25.187,41.246,42.592,,GF,17,,,,,361
imsa,2021,Watkins Glen 6 Hours,,race,382,96,GTD,Aidan Read,aidan read,54,2.0,19,108.66,25.339,41.263,42.058,,GF,18,,,,,361
imsa,2021,Watkins Glen 6 Hours,,race,382,96,GTD,Aidan Read,aidan read,55,2.0,20,108.006,25.155,40.915,41.936,,GF,19,,,,,361
imsa,2021,Watkins Glen 6 Hours,,race,382,96,GTD,Aidan Read,aidan read,56,2.0,21,107.964,25.061,40.936,41.967,,GF,20,,,,,361
imsa,2021,Watkins Glen 6 Hours,,race,382,96,GTD,Aidan Read,aidan read,57,2.0,22,108.959,25.184,40.924,42.851,,GF,21,,,,,361
imsa,2021,Watkins Glen 6 Hours,,race,382,96,GTD,Aidan Read,aidan read,58,2.0,23,116.772,25.918,42.746,48.108,,FCY,22,,,,,361
imsa,2021,Watkins Glen 6 Hours,,race,382,96,GTD,Aidan Read,aidan read,59,2.0,24,214.95,47.987,82.068,84.895,,FCY,22,,,,,361
imsa,2021,Watkins Glen 6 Hours,,race,382,96,GTD,Aidan Read,aidan read,60,2.0,25,228.282,60.629,89.643,78.01,,FCY,22,,,,,361
imsa,2021,Watkins Glen 6 Hours,,race,382,96,GTD,Aidan Read,aidan read,61,2.0,26,212.019,52.947,76.622,82.45,,FCY,22,,,,,361
imsa,2021,Watkins Glen 6 Hours,,race,382,96,GTD,Bill Auberlen,bill auberlen,62,3.0,0,217.204,76.066,63.503,77.635,63.416,FCY,0,,,,,361
imsa,2021,Watkins Glen 6 Hours,,race,382,96,GTD,Bill Auberlen,bill auberlen,63,3.0,1,200.007,56.147,73.526,70.334,,GF,0,,,,,361
imsa,2021,Watkins Glen 6 Hours,,race,382,96,GTD,Bill Auberlen,bill auberlen,64,3.0,2,149.096,65.625,41.539,41.932,58.711,GF,0,,,,,361
imsa,2021,Watkins Glen 6 Hours,,race,382,96,GTD,Bill Auberlen,bill auberlen,65,3.0,3,107.312,25.051,40.416,41.845,,GF,0,,,,,361
imsa,2021,Watkins Glen 6 Hours,,race,382,96,GTD,Bill Auberlen,bill auberlen,66,3.0,4,107.848,25.075,40.762,42.011,,GF,1,,,,,361
imsa,2021,Watkins Glen 6 Hours,,race,382,96,GTD,Bill Auberlen,bill auberlen,67,3.0,5,107.196,24.97,40.502,41.724,,GF,2,,,,,361
imsa,2021,Watkins Glen 6 Hours,,race,382,96,GTD,Bill Auberlen,bill auberlen,68,3.0,6,107.271,25.037,40.504,41.73,,GF,3,,,,,361
imsa,2021,Watkins Glen 6 Hours,,race,382,96,GTD,Bill Auberlen,bill auberlen,69,3.0,7,107.742,25.333,40.583,41.826,,GF,4,,,,,361
imsa,2021,Watkins Glen 6 Hours,,race,382,96,GTD,Bill Auberlen,bill auberlen,70,3.0,8,108.267,25.165,41.158,41.944,,GF,5,,,,,361
imsa,2021,Watkins Glen 6 Hours,,race,382,96,GTD,Bill Auberlen,bill auberlen,71,3.0,9,107.598,25.124,40.586,41.888,,GF,6,,,,,361
imsa,2021,Watkins Glen 6 Hours,,race,382,96,GTD,Bill Auberlen,bill auberlen,72,3.0,10,108.344,25.09,40.73,42.524,,GF,7,,,,,361
imsa,2021,Watkins Glen 6 Hours,,race,382,96,GTD,Bill Auberlen,bill auberlen,73,3.0,11,108.463,25.187,40.886,42.39,,GF,8,,,,,361
imsa,2021,Watkins Glen 6 Hours,,race,382,96,GTD,Bill Auberlen,bill auberlen,74,3.0,12,109.49,25.098,40.506,43.886,,FCY,9,,,,,361
imsa,2021,Watkins Glen 6 Hours,,race,382,96,GTD,Bill Auberlen,bill auberlen,75,3.0,13,115.694,27.133,43.183,45.378,,FCY,9,,,,,361
imsa,2021,Watkins Glen 6 Hours,,race,382,96,GTD,Bill Auberlen,bill auberlen,76,3.0,14,190.914,40.632,76.771,73.511,,FCY,9,,,,,361
imsa,2021,Watkins Glen 6 Hours,,race,382,96,GTD,Bill Auberlen,bill auberlen,77,3.0,15,118.696,28.988,45.08,44.628,,FCY,9,,,,,361
imsa,2021,Watkins Glen 6 Hours,,race,382,96,GTD,Bill Auberlen,bill auberlen,78,3.0,16,112.178,25.955,42.858,43.365,,FCY,9,,,,,361
imsa,2021,Watkins Glen 6 Hours,,race,382,96,GTD,Bill Auberlen,bill auberlen,79,3.0,17,151.035,28.106,71.839,51.09,,FCY,9,,,,,361
imsa,2021,Watkins Glen 6 Hours,,race,382,96,GTD,Bill Auberlen,bill auberlen,80,3.0,18,172.385,37.97,66.504,67.911,,FCY,9,,,,,361
imsa,2021,Watkins Glen 6 Hours,,race,382,96,GTD,Robby Foley,robby foley,81,4.0,0,187.471,66.351,54.525,66.595,53.838,FCY,0,,,,,361
imsa,2021,Watkins Glen 6 Hours,,race,382,96,GTD,Robby Foley,robby foley,82,4.0,1,193.171,46.04,68.627,78.504,,FCY,0,,,,,361
imsa,2021,Watkins Glen 6 Hours,,race,382,96,GTD,Robby Foley,robby foley,83,4.0,2,149.903,40.822,63.232,45.849,,GF,0,,,,,361
imsa,2021,Watkins Glen 6 Hours,,race,382,96,GTD,Robby Foley,robby foley,84,4.0,3,109.643,25.694,41.546,42.403,,GF,1,,,,,361
imsa,2021,Watkins Glen 6 Hours,,race,382,96,GTD,Robby Foley,robby foley,85,4.0,4,108.697,25.091,41.361,42.245,,GF,2,,,,,361
imsa,2021,Watkins Glen 6 Hours,,race,382,96,GTD,Robby Foley,robby foley,86,4.0,5,108.681,25.161,41.174,42.346,,GF,3,,,,,361
imsa,2021,Watkins Glen 6 Hours,,race,382,96,GTD,Robby Foley,robby foley,87,4.0,6,108.55,25.208,41.25,42.092,,GF,4,,,,,361
imsa,2021,Watkins Glen 6 Hours,,race,382,96,GTD,Robby Foley,robby foley,88,4.0,7,108.33,25.128,41.015,42.187,,GF,5,,,,,361
imsa,2021,Watkins Glen 6 Hours,,race,382,96,GTD,Robby Foley,robby foley,89,4.0,8,109.406,25.242,41.642,42.522,,GF,6,,,,,361
imsa,2021,Watkins Glen 6 Hours,,race,382,96,GTD,Robby Foley,robby foley,90,4.0,9,109.689,25.165,41.8,42.724,,GF,7,,,,,361
imsa,2021,Watkins Glen 6 Hours,,race,382,96,GTD,Robby Foley,robby foley,91,4.0,10,108.758,25.28,41.043,42.435,,GF,8,,,,,361
imsa,2021,Watkins Glen 6 Hours,,race,382,96,GTD,Robby Foley,robby foley,92,4.0,11,108.134,25.237,40.851,42.046,,GF,9,,,,,361
imsa,2021,Watkins Glen 6 Hours,,race,382,96,GTD,Robby Foley,robby foley,93,4.0,12,108.167,25.184,40.881,42.102,,GF,10,,,,,361
imsa,2021,Watkins Glen 6 Hours,,race,382,96,GTD,Robby Foley,robby foley,94,4.0,13,108.249,25.202,40.999,42.048,,GF,11,,,,,361
imsa,2021,Watkins Glen 6 Hours,,race,382,96,GTD,Robby Foley,robby foley,95,4.0,14,108.882,25.237,41.378,42.267,,GF,12,,,,,361
imsa,2021,Watkins Glen 6 Hours,,race,382,96,GTD,Robby Foley,robby foley,96,4.0,15,108.574,25.273,41.099,42.202,,GF,13,,,,,361
imsa,2021,Watkins Glen 6 Hours,,race,382,96,GTD,Robby Foley,robby foley,97,4.0,16,108.514,25.192,41.098,42.224,,GF,14,,,,,361
imsa,2021,Watkins Glen 6 Hours,,race,382,96,GTD,Robby Foley,robby foley,98,4.0,17,108.247,25.224,40.965,42.058,,GF,15,,,,,361
imsa,2021,Watkins Glen 6 Hours,,race,382,96,GTD,Robby Foley,robby foley,99,4.0,18,108.366,25.129,41.118,42.119,,GF,16,,,,,361
imsa,2021,Watkins Glen 6 Hours,,race,382,96,GTD,Robby Foley,robby foley,100,4.0,19,107.97,25.101,40.952,41.917,,GF,17,,,,,361
imsa,2021,Watkins Glen 6 Hours,,race,382,96,GTD,Robby Foley,robby foley,101,4.0,20,108.293,25.001,41.088,42.204,,GF,18,,,,,361
imsa,2021,Watkins Glen 6 Hours,,race,382,96,GTD,Robby Foley,robby foley,102,4.0,21,108.416,25.1,41.125,42.191,,GF,19,,,,,361
imsa,2021,Watkins Glen 6 Hours,,race,382,96,GTD,Robby Foley,robby foley,103,4.0,22,108.646,25.067,41.17,42.409,,GF,20,,,,,361
imsa,2021,Watkins Glen 6 Hours,,race,382,96,GTD,Robby Foley,robby foley,104,4.0,23,109.029,25.052,41.72,42.257,,GF,21,,,,,361
imsa,2021,Watkins Glen 6 Hours,,race,382,96,GTD,Robby Foley,robby foley,105,4.0,24,110.406,25.527,42.05,42.829,,GF,22,,,,,361
imsa,2021,Watkins Glen 6 Hours,,race,382,96,GTD,Robby Foley,robby foley,106,4.0,25,108.384,25.221,41.071,42.092,,GF,23,,,,,361
imsa,2021,Watkins Glen 6 Hours,,race,382,96,GTD,Robby Foley,robby foley,107,4.0,26,108.33,25.096,41.011,42.223,,GF,24,,,,,361
imsa,2021,Watkins Glen 6 Hours,,race,382,96,GTD,Robby Foley,robby foley,108,4.0,27,108.3,25.124,41.121,42.055,,GF,25,,,,,361
imsa,2021,Watkins Glen 6 Hours,,race,382,96,GTD,Robby Foley,robby foley,109,4.0,28,108.389,25.084,40.992,42.313,,GF,26,,,,,361
imsa,2021,Watkins Glen 6 Hours,,race,382,96,GTD,Robby Foley,robby foley,110,4.0,29,108.593,25.219,41.142,42.232,,GF,27,,,,,361
imsa,2021,Watkins Glen 6 Hours,,race,382,96,GTD,Robby Foley,robby foley,111,4.0,30,108.877,25.019,41.188,42.67,,GF,28,,,,,361
imsa,2021,Watkins Glen 6 Hours,,race,382,96,GTD,Robby Foley,robby foley,112,4.0,31,108.27,25.316,40.952,42.002,,GF,29,,,,,361
imsa,2021,Watkins Glen 6 Hours,,race,382,96,GTD,Robby Foley,robby foley,113,4.0,32,108.299,25.211,41.047,42.041,,GF,30,,,,,361
imsa,2021,Watkins Glen 6 Hours,,race,382,96,GTD,Robby Foley,robby foley,114,4.0,33,108.615,25.145,41.4,42.07,,GF,31,,,,,361
imsa,2021,Watkins Glen 6 Hours,,race,382,96,GTD,Robby Foley,robby foley,115,4.0,34,121.26,25.119,41.24,54.901,,GF,32,,,,,361
imsa,2021,Watkins Glen 6 Hours,,race,382,96,GTD,Aidan Read,aidan read,116,5.0,0,174.846,90.717,41.872,42.257,82.885,GF,0,,,,,361
imsa,2021,Watkins Glen 6 Hours,,race,382,96,GTD,Aidan Read,aidan read,117,5.0,1,107.988,25.338,40.781,41.869,,GF,0,,,,,361
imsa,2021,Watkins Glen 6 Hours,,race,382,96,GTD,Aidan Read,aidan read,118,5.0,2,108.781,25.15,40.705,42.926,,GF,1,,,,,361
imsa,2021,Watkins Glen 6 Hours,,race,382,96,GTD,Aidan Read,aidan read,119,5.0,3,108.159,25.401,40.708,42.05,,GF,2,,,,,361
imsa,2021,Watkins Glen 6 Hours,,race,382,96,GTD,Aidan Read,aidan read,120,5.0,4,107.688,25.103,40.705,41.88,,GF,3,,,,,361
imsa,2021,Watkins Glen 6 Hours,,race,382,96,GTD,Aidan Read,aidan read,121,5.0,5,107.803,25.281,40.755,41.767,,GF,4,,,,,361
imsa,2021,Watkins Glen 6 Hours,,race,382,96,GTD,Aidan Read,aidan read,122,5.0,6,107.655,25.295,40.677,41.683,,GF,5,,,,,361
imsa,2021,Watkins Glen 6 Hours,,race,382,96,GTD,Aidan Read,aidan read,123,5.0,7,107.695,25.126,40.601,41.968,,GF,6,,,,,361
imsa,2021,Watkins Glen 6 Hours,,race,382,96,GTD,Aidan Read,aidan read,124,5.0,8,107.986,25.187,40.877,41.922,,GF,7,,,,,361
imsa,2021,Watkins Glen 6 Hours,,race,382,96,GTD,Aidan Read,aidan read,125,5.0,9,108.203,25.205,41.006,41.992,,GF,8,,,,,361
imsa,2021,Watkins Glen 6 Hours,,race,382,96,GTD,Aidan Read,aidan read,126,5.0,10,108.533,25.259,40.774,42.5,,GF,9,,,,,361
imsa,2021,Watkins Glen 6 Hours,,race,382,96,GTD,Aidan Read,aidan read,127,5.0,11,108.36,25.488,40.908,41.964,,GF,10,,,,,361
imsa,2021,Watkins Glen 6 Hours,,race,382,96,GTD,Aidan Read,aidan read,128,5.0,12,108.174,25.231,40.973,41.97,,GF,11,,,,,361
imsa,2021,Watkins Glen 6 Hours,,race,382,96,GTD,Aidan Read,aidan read,129,5.0,13,108.408,25.257,40.999,42.152,,GF,12,,,,,361
imsa,2021,Watkins Glen 6 Hours,,race,382,96,GTD,Aidan Read,aidan read,130,5.0,14,109.397,25.293,41.52,42.584,,GF,13,,,,,361
imsa,2021,Watkins Glen 6 Hours,,race,382,96,GTD,Aidan Read,aidan read,131,5.0,15,108.399,25.241,41.088,42.07,,GF,14,,,,,361
imsa,2021,Watkins Glen 6 Hours,,race,382,96,GTD,Aidan Read,aidan read,132,5.0,16,108.585,25.228,41.113,42.244,,GF,15,,,,,361
imsa,2021,Watkins Glen 6 Hours,,race,382,96,GTD,Aidan Read,aidan read,133,5.0,17,108.06,25.264,40.801,41.995,,GF,16,,,,,361
imsa,2021,Watkins Glen 6 Hours,,race,382,96,GTD,Aidan Read,aidan read,134,5.0,18,108.322,25.392,40.937,41.993,,GF,17,,,,,361
imsa,2021,Watkins Glen 6 Hours,,race,382,96,GTD,Aidan Read,aidan read,135,5.0,19,108.133,25.233,40.965,41.935,,GF,18,,,,,361
imsa,2021,Watkins Glen 6 Hours,,race,382,96,GTD,Aidan Read,aidan read,136,5.0,20,108.599,25.206,41.333,42.06,,GF,19,,,,,361
imsa,2021,Watkins Glen 6 Hours,,race,382,96,GTD,Aidan Read,aidan read,137,5.0,21,107.863,25.181,40.711,41.971,,GF,20,,,,,361
imsa,2021,Watkins Glen 6 Hours,,race,382,96,GTD,Aidan Read,aidan read,138,5.0,22,107.978,25.22,40.811,41.947,,GF,21,,,,,361
imsa,2021,Watkins Glen 6 Hours,,race,382,96,GTD,Aidan Read,aidan read,139,5.0,23,109.019,25.081,41.144,42.794,,GF,22,,,,,361
imsa,2021,Watkins Glen 6 Hours,,race,382,96,GTD,Aidan Read,aidan read,140,5.0,24,107.948,25.252,40.877,41.819,,GF,23,,,,,361
imsa,2021,Watkins Glen 6 Hours,,race,382,96,GTD,Aidan Read,aidan read,141,5.0,25,108.612,25.325,40.783,42.504,,GF,24,,,,,361
imsa,2021,Watkins Glen 6 Hours,,race,382,96,GTD,Aidan Read,aidan read,142,5.0,26,108.252,25.274,40.814,42.164,,GF,25,,,,,361
imsa,2021,Watkins Glen 6 Hours,,race,382,96,GTD,Aidan Read,aidan read,143,5.0,27,108.79,25.265,40.96,42.565,,GF,26,,,,,361
imsa,2021,Watkins Glen 6 Hours,,race,382,96,GTD,Aidan Read,aidan read,144,5.0,28,108.058,25.151,40.909,41.998,,GF,27,,,,,361
imsa,2021,Watkins Glen 6 Hours,,race,382,96,GTD,Aidan Read,aidan read,145,5.0,29,107.731,25.207,40.607,41.917,,GF,28,,,,,361
imsa,2021,Watkins Glen 6 Hours,,race,382,96,GTD,Aidan Read,aidan read,146,5.0,30,108.66,25.21,40.799,42.651,,GF,29,,,,,361
imsa,2021,Watkins Glen 6 Hours,,race,382,96,GTD,Aidan Read,aidan read,147,5.0,31,107.905,25.237,40.759,41.909,,GF,30,,,,,361
imsa,2021,Watkins Glen 6 Hours,,race,382,96,GTD,Aidan Read,aidan read,148,5.0,32,108.171,25.189,40.671,42.311,,GF,31,,,,,361
imsa,2021,Watkins Glen 6 Hours,,race,382,96,GTD,Aidan Read,aidan read,149,5.0,33,108.237,25.275,40.918,42.044,,GF,32,,,,,361
imsa,2021,Watkins Glen 6 Hours,,race,382,96,GTD,Aidan Read,aidan read,150,5.0,34,121.555,25.231,40.965,55.359,,GF,33,,,,,361
imsa,2021,Watkins Glen 6 Hours,,race,382,96,GTD,Bill Auberlen,bill auberlen,151,6.0,0,218.978,94.522,47.44,77.016,73.874,FCY,0,,,,,361
imsa,2021,Watkins Glen 6 Hours,,race,382,96,GTD,Bill Auberlen,bill auberlen,152,6.0,1,207.161,54.935,77.259,74.967,,FCY,0,,,,,361
imsa,2021,Watkins Glen 6 Hours,,race,382,96,GTD,Bill Auberlen,bill auberlen,153,6.0,2,188.759,53.899,71.152,63.708,,FCY,0,,,,,361
imsa,2021,Watkins Glen 6 Hours,,race,382,96,GTD,Bill Auberlen,bill auberlen,154,6.0,3,193.378,48.773,75.113,69.492,,FCY,0,,,,,361
imsa,2021,Watkins Glen 6 Hours,,race,382,96,GTD,Bill Auberlen,bill auberlen,155,6.0,4,202.847,50.447,76.181,76.219,,FCY,0,,,,,361
imsa,2021,Watkins Glen 6 Hours,,race,382,96,GTD,Bill Auberlen,bill auberlen,156,6.0,5,203.379,56.609,77.882,68.888,,FCY,0,,,,,361
imsa,2021,Watkins Glen 6 Hours,,race,382,96,GTD,Bill Auberlen,bill auberlen,157,6.0,6,183.901,48.731,69.853,65.317,,FCY,0,,,,,361
imsa,2021,Watkins Glen 6 Hours,,race,382,96,GTD,Bill Auberlen,bill auberlen,158,6.0,7,164.775,45.936,61.082,57.757,,GF,0,,,,,361
imsa,2021,Watkins Glen 6 Hours,,race,382,96,GTD,Bill Auberlen,bill auberlen,159,6.0,8,108.429,25.29,40.927,42.212,,GF,1,,,,,361
imsa,2021,Watkins Glen 6 Hours,,race,382,96,GTD,Bill Auberlen,bill auberlen,160,6.0,9,108.938,25.286,41.315,42.337,,GF,2,,,,,361
imsa,2021,Watkins Glen 6 Hours,,race,382,96,GTD,Bill Auberlen,bill auberlen,161,6.0,10,108.417,25.253,40.812,42.352,,GF,3,,,,,361
imsa,2021,Watkins Glen 6 Hours,,race,382,96,GTD,Bill Auberlen,bill auberlen,162,6.0,11,107.813,25.125,40.613,42.075,,GF,4,,,,,361
imsa,2021,Watkins Glen 6 Hours,,race,382,96,GTD,Bill Auberlen,bill auberlen,163,6.0,12,108.303,25.139,41.239,41.925,,GF,5,,,,,361
imsa,2021,Watkins Glen 6 Hours,,race,382,96,GTD,Bill Auberlen,bill auberlen,164,6.0,13,107.681,25.117,40.521,42.043,,GF,6,,,,,361
imsa,2021,Watkins Glen 6 Hours,,race,382,96,GTD,Bill Auberlen,bill auberlen,165,6.0,14,107.66,25.153,40.636,41.871,,GF,7,,,,,361
imsa,2021,Watkins Glen 6 Hours,,race,382,96,GTD,Bill Auberlen,bill auberlen,166,6.0,15,107.568,25.149,40.421,41.998,,GF,8,,,,,361
imsa,2021,Watkins Glen 6 Hours,,race,382,96,GTD,Bill Auberlen,bill auberlen,167,6.0,16,107.634,25.175,40.669,41.79,,GF,9,,,,,361
imsa,2021,Watkins Glen 6 Hours,,race,382,96,GTD,Bill Auberlen,bill auberlen,168,6.0,17,107.591,25.153,40.525,41.913,,GF,10,,,,,361
imsa,2021,Watkins Glen 6 Hours,,race,382,96,GTD,Bill Auberlen,bill auberlen,169,6.0,18,107.822,25.104,40.786,41.932,,GF,11,,,,,361
imsa,2021,Watkins Glen 6 Hours,,race,382,96,GTD,Bill Auberlen,bill auberlen,170,6.0,19,108.277,25.118,41.251,41.908,,GF,12,,,,,361
imsa,2021,Watkins Glen 6 Hours,,race,382,96,GTD,Bill Auberlen,bill auberlen,171,6.0,20,108.356,25.149,41.029,42.178,,GF,13,,,,,361
imsa,2021,Watkins Glen 6 Hours,,race,382,96,GTD,Bill Auberlen,bill auberlen,172,6.0,21,108.259,25.329,40.906,42.024,,GF,14,,,,,361
imsa,2021,Watkins Glen 6 Hours,,race,382,96,GTD,Bill Auberlen,bill auberlen,173,6.0,22,107.386,25.032,40.528,41.826,,GF,15,,,,,361
imsa,2021,Watkins Glen 6 Hours,,race,382,96,GTD,Bill Auberlen,bill auberlen,174,6.0,23,107.618,25.037,40.573,42.008,,GF,16,,,,,361
imsa,2021,Watkins Glen 6 Hours,,race,382,96,GTD,Bill Auberlen,bill auberlen,175,6.0,24,107.678,25.105,40.546,42.027,,GF,17,,,,,361
imsa,2021,Watkins Glen 6 Hours,,race,382,96,GTD,Bill Auberlen,bill auberlen,176,6.0,25,108.196,25.051,40.885,42.26,,GF,18,,,,,361
imsa,2021,Watkins Glen 6 Hours,,race,382,96,GTD,Bill Auberlen,bill auberlen,177,6.0,26,107.746,25.089,40.691,41.966,,GF,19,,,,,361
imsa,2021,Watkins Glen 6 Hours,,race,382,96,GTD,Bill Auberlen,bill auberlen,178,6.0,27,108.291,25.066,40.99,42.235,,GF,20,,,,,361
imsa,2021,Watkins Glen 6 Hours,,race,382,96,GTD,Bill Auberlen,bill auberlen,179,6.0,28,108.859,25.113,41.089,42.657,,FF,21,,,,,361
