series_code,year,event,circuit_name,session,session_id,car,class,driver_name,driver_id,lap,stint_number,stint_lap,lap_time,lap_time_s1,lap_time_s2,lap_time_s3,pit_time,flags,est_tire_age,air_temp_f,track_temp_f,humidity_percent,raining,race_duration_minutes
imsa,2024,Watkins Glen,Watkins Glen International,race,621,023,GTD,Onofrio Triarsi,onofrio triarsi,1,1.0,0,148.893,63.884,42.619,42.39,,GF,0,79.9,88.7,72.0,False,363
imsa,2024,Watkins Glen,Watkins Glen International,race,621,023,GTD,Onofrio Triarsi,onofrio triarsi,2,1.0,1,108.202,25.014,41.196,41.992,,GF,0,80.0,88.52,72.0,False,363
imsa,2024,Watkins Glen,Watkins Glen International,race,621,023,GTD,Onofrio Triarsi,onofrio triarsi,3,1.0,2,125.684,24.938,41.244,59.502,,FCY,1,80.0,88.7,72.0,False,363
imsa,2024,Watkins Glen,Watkins Glen International,race,621,023,GTD,Onofrio Triarsi,onofrio triarsi,4,1.0,3,141.195,34.856,54.236,52.103,,FCY,1,80.0,88.88,72.0,False,363
imsa,2024,Watkins Glen,Watkins Glen International,race,621,023,GTD,Onofrio Triarsi,onofrio triarsi,5,1.0,4,153.641,30.946,49.813,72.882,,FCY,1,80.1,89.06,73.0,False,363
imsa,2024,Watkins Glen,Watkins Glen International,race,621,023,GTD,Onofrio Triarsi,onofrio triarsi,6,1.0,5,188.384,65.121,76.123,47.14,,GF,1,80.2,89.78,72.0,False,363
imsa,2024,Watkins Glen,Watkins Glen International,race,621,023,GTD,Onofrio Triarsi,onofrio triarsi,7,1.0,6,106.814,24.982,40.077,41.755,,GF,2,80.3,90.5,72.0,False,363
imsa,2024,Watkins Glen,Watkins Glen International,race,621,023,GTD,Onofrio Triarsi,onofrio triarsi,8,1.0,7,107.243,24.973,40.422,41.848,,GF,3,80.3,90.5,72.0,False,363
imsa,2024,Watkins Glen,Watkins Glen International,race,621,023,GTD,Onofrio Triarsi,onofrio triarsi,9,1.0,8,106.815,24.858,40.19,41.767,,GF,4,80.3,91.4,72.0,False,363
imsa,2024,Watkins Glen,Watkins Glen International,race,621,023,GTD,Onofrio Triarsi,onofrio triarsi,10,1.0,9,106.947,24.928,40.204,41.815,,GF,5,80.5,91.94,72.0,False,363
imsa,2024,Watkins Glen,Watkins Glen International,race,621,023,GTD,Onofrio Triarsi,onofrio triarsi,11,1.0,10,106.817,24.948,40.064,41.805,,GF,6,80.6,92.66,72.0,False,363
imsa,2024,Watkins Glen,Watkins Glen International,race,621,023,GTD,Onofrio Triarsi,onofrio triarsi,12,1.0,11,107.189,24.914,40.396,41.879,,GF,7,80.9,93.38,72.0,False,363
imsa,2024,Watkins Glen,Watkins Glen International,race,621,023,GTD,Onofrio Triarsi,onofrio triarsi,13,1.0,12,107.658,24.991,40.619,42.048,,GF,8,81.2,93.74,72.0,False,363
imsa,2024,Watkins Glen,Watkins Glen International,race,621,023,GTD,Onofrio Triarsi,onofrio triarsi,14,1.0,13,107.548,25.003,40.563,41.982,,GF,9,81.4,93.92,71.0,False,363
imsa,2024,Watkins Glen,Watkins Glen International,race,621,023,GTD,Onofrio Triarsi,onofrio triarsi,15,1.0,14,178.196,25.206,41.401,111.589,,GF,10,81.5,94.1,71.0,False,363
imsa,2024,Watkins Glen,Watkins Glen International,race,621,023,GTD,Charles Scardina,charles scardina,16,2.0,0,146.396,39.79,52.465,54.141,86.469,FCY,0,81.3,93.92,71.0,False,363
imsa,2024,Watkins Glen,Watkins Glen International,race,621,023,GTD,Charles Scardina,charles scardina,17,2.0,1,211.237,51.511,88.501,71.225,,FCY,0,81.4,94.28,71.0,False,363
imsa,2024,Watkins Glen,Watkins Glen International,race,621,023,GTD,Charles Scardina,charles scardina,18,2.0,2,121.498,27.241,46.325,47.932,,FCY,0,81.4,94.28,71.0,False,363
imsa,2024,Watkins Glen,Watkins Glen International,race,621,023,GTD,Charles Scardina,charles scardina,19,2.0,3,148.14,26.268,48.138,73.734,,FCY,0,81.3,94.1,71.0,False,363
imsa,2024,Watkins Glen,Watkins Glen International,race,621,023,GTD,Charles Scardina,charles scardina,20,2.0,4,170.217,27.531,56.396,86.29,,FCY,0,81.2,93.92,71.0,False,363
imsa,2024,Watkins Glen,Watkins Glen International,race,621,023,GTD,Charles Scardina,charles scardina,21,2.0,5,158.498,43.225,58.596,56.677,44.131,FCY,0,81.3,93.74,71.0,False,363
imsa,2024,Watkins Glen,Watkins Glen International,race,621,023,GTD,Charles Scardina,charles scardina,22,2.0,6,197.567,45.257,80.179,72.131,,FCY,0,81.2,93.2,71.0,False,363
imsa,2024,Watkins Glen,Watkins Glen International,race,621,023,GTD,Charles Scardina,charles scardina,23,2.0,7,215.891,62.691,72.272,80.928,,FCY,0,81.0,92.84,71.0,False,363
imsa,2024,Watkins Glen,Watkins Glen International,race,621,023,GTD,Charles Scardina,charles scardina,24,2.0,8,174.968,63.238,64.837,46.893,,GF,0,80.8,92.48,72.0,False,363
imsa,2024,Watkins Glen,Watkins Glen International,race,621,023,GTD,Charles Scardina,charles scardina,25,2.0,9,111.327,25.681,42.635,43.011,,GF,1,80.8,92.3,72.0,False,363
imsa,2024,Watkins Glen,Watkins Glen International,race,621,023,GTD,Charles Scardina,charles scardina,26,2.0,10,109.778,25.407,41.728,42.643,,GF,2,80.8,92.3,72.0,False,363
imsa,2024,Watkins Glen,Watkins Glen International,race,621,023,GTD,Charles Scardina,charles scardina,27,2.0,11,110.558,25.382,42.84,42.336,,GF,3,80.8,92.3,72.0,False,363
imsa,2024,Watkins Glen,Watkins Glen International,race,621,023,GTD,Charles Scardina,charles scardina,28,2.0,12,108.836,25.274,41.248,42.314,,GF,4,80.8,92.48,71.0,False,363
imsa,2024,Watkins Glen,Watkins Glen International,race,621,023,GTD,Charles Scardina,charles scardina,29,2.0,13,108.568,25.229,41.186,42.153,,GF,5,80.7,92.12,71.0,False,363
imsa,2024,Watkins Glen,Watkins Glen International,race,621,023,GTD,Charles Scardina,charles scardina,30,2.0,14,111.18,25.123,42.922,43.135,,GF,6,80.7,92.12,72.0,False,363
imsa,2024,Watkins Glen,Watkins Glen International,race,621,023,GTD,Charles Scardina,charles scardina,31,2.0,15,108.918,25.383,41.27,42.265,,GF,7,80.7,92.12,72.0,False,363
imsa,2024,Watkins Glen,Watkins Glen International,race,621,023,GTD,Charles Scardina,charles scardina,32,2.0,16,108.706,25.161,41.226,42.319,,GF,8,80.8,92.3,72.0,False,363
imsa,2024,Watkins Glen,Watkins Glen International,race,621,023,GTD,Charles Scardina,charles scardina,33,2.0,17,110.297,25.178,41.501,43.618,,GF,9,80.9,92.66,71.0,False,363
imsa,2024,Watkins Glen,Watkins Glen International,race,621,023,GTD,Charles Scardina,charles scardina,34,2.0,18,109.618,25.851,41.472,42.295,,GF,10,80.9,92.84,71.0,False,363
imsa,2024,Watkins Glen,Watkins Glen International,race,621,023,GTD,Charles Scardina,charles scardina,35,2.0,19,109.047,25.32,41.452,42.275,,GF,11,81.0,93.2,70.0,False,363
imsa,2024,Watkins Glen,Watkins Glen International,race,621,023,GTD,Charles Scardina,charles scardina,36,2.0,20,109.272,25.203,41.603,42.466,,GF,12,81.1,93.38,71.0,False,363
imsa,2024,Watkins Glen,Watkins Glen International,race,621,023,GTD,Charles Scardina,charles scardina,37,2.0,21,109.155,25.188,41.265,42.702,,GF,13,81.3,93.38,71.0,False,363
imsa,2024,Watkins Glen,Watkins Glen International,race,621,023,GTD,Charles Scardina,charles scardina,38,2.0,22,110.14,25.559,42.069,42.512,,GF,14,81.4,93.2,71.0,False,363
imsa,2024,Watkins Glen,Watkins Glen International,race,621,023,GTD,Charles Scardina,charles scardina,39,2.0,23,111.168,25.134,42.528,43.506,,GF,15,81.5,93.2,71.0,False,363
imsa,2024,Watkins Glen,Watkins Glen International,race,621,023,GTD,Charles Scardina,charles scardina,40,2.0,24,153.603,25.381,41.674,86.548,,GF,16,81.6,93.38,70.0,False,363
imsa,2024,Watkins Glen,Watkins Glen International,race,621,023,GTD,Charles Scardina,charles scardina,41,2.0,25,130.343,39.21,44.419,46.714,61.228,GF,0,81.8,93.56,70.0,False,363
imsa,2024,Watkins Glen,Watkins Glen International,race,621,023,GTD,Charles Scardina,charles scardina,42,2.0,26,113.987,27.554,43.213,43.22,,GF,0,81.8,93.74,69.0,False,363
imsa,2024,Watkins Glen,Watkins Glen International,race,621,023,GTD,Charles Scardina,charles scardina,43,2.0,27,109.939,25.451,41.71,42.778,,GF,1,81.8,93.92,69.0,False,363
imsa,2024,Watkins Glen,Watkins Glen International,race,621,023,GTD,Charles Scardina,charles scardina,44,2.0,28,109.195,25.25,41.076,42.869,,GF,2,81.6,93.74,68.0,False,363
imsa,2024,Watkins Glen,Watkins Glen International,race,621,023,GTD,Charles Scardina,charles scardina,45,2.0,29,108.996,25.288,41.484,42.224,,GF,3,81.6,93.38,68.0,False,363
imsa,2024,Watkins Glen,Watkins Glen International,race,621,023,GTD,Charles Scardina,charles scardina,46,2.0,30,108.427,25.276,40.937,42.214,,GF,4,81.7,93.2,68.0,False,363
imsa,2024,Watkins Glen,Watkins Glen International,race,621,023,GTD,Charles Scardina,charles scardina,47,2.0,31,108.797,25.172,40.936,42.689,,GF,5,81.9,92.84,69.0,False,363
imsa,2024,Watkins Glen,Watkins Glen International,race,621,023,GTD,Charles Scardina,charles scardina,48,2.0,32,108.876,25.28,41.156,42.44,,GF,6,81.8,92.48,68.0,False,363
imsa,2024,Watkins Glen,Watkins Glen International,race,621,023,GTD,Charles Scardina,charles scardina,49,2.0,33,109.892,25.318,41.052,43.522,,GF,7,81.6,91.94,67.0,False,363
imsa,2024,Watkins Glen,Watkins Glen International,race,621,023,GTD,Charles Scardina,charles scardina,50,2.0,34,109.599,25.456,41.565,42.578,,GF,8,81.4,91.76,68.0,False,363
imsa,2024,Watkins Glen,Watkins Glen International,race,621,023,GTD,Charles Scardina,charles scardina,51,2.0,35,110.224,25.306,41.822,43.096,,GF,9,81.3,91.58,68.0,False,363
imsa,2024,Watkins Glen,Watkins Glen International,race,621,023,GTD,Charles Scardina,charles scardina,52,2.0,36,108.464,25.124,40.942,42.398,,GF,10,81.2,91.4,68.0,False,363
imsa,2024,Watkins Glen,Watkins Glen International,race,621,023,GTD,Charles Scardina,charles scardina,53,2.0,37,108.635,25.121,40.892,42.622,,GF,11,81.2,91.4,68.0,False,363
imsa,2024,Watkins Glen,Watkins Glen International,race,621,023,GTD,Charles Scardina,charles scardina,54,2.0,38,108.929,25.139,41.219,42.571,,GF,12,81.3,91.94,67.0,False,363
imsa,2024,Watkins Glen,Watkins Glen International,race,621,023,GTD,Charles Scardina,charles scardina,55,2.0,39,110.406,25.137,41.955,43.314,,GF,13,81.3,92.12,67.0,False,363
imsa,2024,Watkins Glen,Watkins Glen International,race,621,023,GTD,Charles Scardina,charles scardina,56,2.0,40,109.719,25.325,41.393,43.001,,GF,14,81.5,93.56,67.0,False,363
imsa,2024,Watkins Glen,Watkins Glen International,race,621,023,GTD,Charles Scardina,charles scardina,57,2.0,41,109.248,25.276,41.278,42.694,,GF,15,81.8,95.36,67.0,False,363
imsa,2024,Watkins Glen,Watkins Glen International,race,621,023,GTD,Charles Scardina,charles scardina,58,2.0,42,109.951,25.267,41.589,43.095,,GF,16,82.2,96.26,67.0,False,363
imsa,2024,Watkins Glen,Watkins Glen International,race,621,023,GTD,Charles Scardina,charles scardina,59,2.0,43,109.635,25.197,41.506,42.932,,GF,17,82.4,96.44,67.0,False,363
imsa,2024,Watkins Glen,Watkins Glen International,race,621,023,GTD,Charles Scardina,charles scardina,60,2.0,44,110.158,25.421,41.884,42.853,,GF,18,82.5,96.62,66.0,False,363
imsa,2024,Watkins Glen,Watkins Glen International,race,621,023,GTD,Charles Scardina,charles scardina,61,2.0,45,166.191,25.294,41.264,99.633,,GF,19,82.7,96.8,66.0,False,363
imsa,2024,Watkins Glen,Watkins Glen International,race,621,023,GTD,Alessio Rovera,alessio rovera,62,3.0,0,143.317,47.024,50.672,45.621,73.369,FCY,0,82.9,97.16,66.0,False,363
imsa,2024,Watkins Glen,Watkins Glen International,race,621,023,GTD,Alessio Rovera,alessio rovera,63,3.0,1,155.566,35.82,61.279,58.467,,FCY,0,83.0,97.34,66.0,False,363
imsa,2024,Watkins Glen,Watkins Glen International,race,621,023,GTD,Alessio Rovera,alessio rovera,64,3.0,2,170.068,38.359,60.299,71.41,,FCY,0,83.0,97.52,66.0,False,363
imsa,2024,Watkins Glen,Watkins Glen International,race,621,023,GTD,Alessio Rovera,alessio rovera,65,3.0,3,207.142,62.678,75.043,69.421,,FCY,0,82.7,97.16,64.0,False,363
imsa,2024,Watkins Glen,Watkins Glen International,race,621,023,GTD,Alessio Rovera,alessio rovera,66,3.0,4,159.376,30.759,61.368,67.249,,FCY,0,82.7,96.62,64.0,False,363
imsa,2024,Watkins Glen,Watkins Glen International,race,621,023,GTD,Alessio Rovera,alessio rovera,67,3.0,5,179.33,35.73,67.812,75.788,,FCY,0,82.6,95.9,65.0,False,363
imsa,2024,Watkins Glen,Watkins Glen International,race,621,023,GTD,Alessio Rovera,alessio rovera,68,3.0,6,214.044,63.608,82.814,67.622,,FCY,0,82.5,95.72,64.0,False,363
imsa,2024,Watkins Glen,Watkins Glen International,race,621,023,GTD,Alessio Rovera,alessio rovera,69,3.0,7,163.056,41.194,62.875,58.987,,GF,0,82.5,95.9,64.0,False,363
imsa,2024,Watkins Glen,Watkins Glen International,race,621,023,GTD,Alessio Rovera,alessio rovera,70,3.0,8,110.028,25.486,42.385,42.157,,GF,1,82.6,96.08,64.0,False,363
imsa,2024,Watkins Glen,Watkins Glen International,race,621,023,GTD,Alessio Rovera,alessio rovera,71,3.0,9,107.122,25.247,40.335,41.54,,GF,2,82.6,96.08,65.0,False,363
imsa,2024,Watkins Glen,Watkins Glen International,race,621,023,GTD,Alessio Rovera,alessio rovera,72,3.0,10,107.333,24.867,40.476,41.99,,GF,3,82.6,96.08,65.0,False,363
imsa,2024,Watkins Glen,Watkins Glen International,race,621,023,GTD,Alessio Rovera,alessio rovera,73,3.0,11,107.54,25.05,40.518,41.972,,GF,4,82.7,95.54,65.0,False,363
imsa,2024,Watkins Glen,Watkins Glen International,race,621,023,GTD,Alessio Rovera,alessio rovera,74,3.0,12,107.056,24.949,40.17,41.937,,GF,5,82.6,95.18,65.0,False,363
imsa,2024,Watkins Glen,Watkins Glen International,race,621,023,GTD,Alessio Rovera,alessio rovera,75,3.0,13,111.461,24.922,41.691,44.848,,GF,6,82.6,95.0,66.0,False,363
imsa,2024,Watkins Glen,Watkins Glen International,race,621,023,GTD,Alessio Rovera,alessio rovera,76,3.0,14,109.699,25.189,42.409,42.101,,GF,7,82.5,94.1,67.0,False,363
imsa,2024,Watkins Glen,Watkins Glen International,race,621,023,GTD,Alessio Rovera,alessio rovera,77,3.0,15,107.785,24.969,40.899,41.917,,GF,8,82.3,93.74,66.0,False,363
imsa,2024,Watkins Glen,Watkins Glen International,race,621,023,GTD,Alessio Rovera,alessio rovera,78,3.0,16,107.346,24.861,40.642,41.843,,GF,9,82.1,93.56,66.0,False,363
imsa,2024,Watkins Glen,Watkins Glen International,race,621,023,GTD,Alessio Rovera,alessio rovera,79,3.0,17,108.866,25.006,41.734,42.126,,GF,10,81.5,92.66,66.0,False,363
imsa,2024,Watkins Glen,Watkins Glen International,race,621,023,GTD,Alessio Rovera,alessio rovera,80,3.0,18,109.82,25.16,41.147,43.513,,GF,11,80.7,91.94,68.0,False,363
imsa,2024,Watkins Glen,Watkins Glen International,race,621,023,GTD,Alessio Rovera,alessio rovera,81,3.0,19,109.549,25.171,41.249,43.129,,GF,12,79.9,91.76,69.0,False,363
imsa,2024,Watkins Glen,Watkins Glen International,race,621,023,GTD,Alessio Rovera,alessio rovera,82,3.0,20,110.993,25.065,40.864,45.064,,GF,13,79.6,89.78,71.0,False,363
imsa,2024,Watkins Glen,Watkins Glen International,race,621,023,GTD,Alessio Rovera,alessio rovera,83,3.0,21,147.691,32.703,52.537,62.451,,FCY,14,78.4,87.62,73.0,False,363
imsa,2024,Watkins Glen,Watkins Glen International,race,621,023,GTD,Alessio Rovera,alessio rovera,84,3.0,22,137.525,32.051,44.752,60.722,,FCY,14,77.8,86.36,75.0,False,363
imsa,2024,Watkins Glen,Watkins Glen International,race,621,023,GTD,Alessio Rovera,alessio rovera,85,3.0,23,185.248,31.465,47.126,106.657,,FCY,14,77.1,85.64,76.0,False,363
imsa,2024,Watkins Glen,Watkins Glen International,race,621,023,GTD,Alessio Rovera,alessio rovera,86,3.0,24,202.11,35.346,81.09,85.674,,FCY,14,76.8,84.92,77.0,False,363
imsa,2024,Watkins Glen,Watkins Glen International,race,621,023,GTD,Alessio Rovera,alessio rovera,87,3.0,25,189.935,34.453,70.306,85.176,,FCY,14,76.5,83.3,77.0,False,363
imsa,2024,Watkins Glen,Watkins Glen International,race,621,023,GTD,Alessio Rovera,alessio rovera,88,3.0,26,186.909,36.308,71.019,79.582,,FCY,14,76.1,82.4,77.0,False,363
imsa,2024,Watkins Glen,Watkins Glen International,race,621,023,GTD,Alessio Rovera,alessio rovera,89,3.0,27,218.456,51.963,82.715,83.778,,FCY,14,76.0,82.4,77.0,False,363
imsa,2024,Watkins Glen,Watkins Glen International,race,621,023,GTD,Alessio Rovera,alessio rovera,90,3.0,28,190.434,52.681,76.079,61.674,,GF,14,76.0,82.04,77.0,False,363
imsa,2024,Watkins Glen,Watkins Glen International,race,621,023,GTD,Alessio Rovera,alessio rovera,91,3.0,29,108.548,26.812,40.234,41.502,,GF,15,76.0,81.68,78.0,False,363
imsa,2024,Watkins Glen,Watkins Glen International,race,621,023,GTD,Alessio Rovera,alessio rovera,92,3.0,30,107.029,25.494,39.704,41.831,,GF,16,76.0,81.5,78.0,False,363
imsa,2024,Watkins Glen,Watkins Glen International,race,621,023,GTD,Alessio Rovera,alessio rovera,93,3.0,31,106.227,25.206,39.663,41.358,,GF,17,76.0,81.32,77.0,False,363
imsa,2024,Watkins Glen,Watkins Glen International,race,621,023,GTD,Alessio Rovera,alessio rovera,94,3.0,32,110.122,25.119,41.312,43.691,,GF,18,76.1,80.78,78.0,False,363
imsa,2024,Watkins Glen,Watkins Glen International,race,621,023,GTD,Alessio Rovera,alessio rovera,95,3.0,33,134.382,29.945,49.802,54.635,,FCY,19,76.0,80.42,78.0,False,363
imsa,2024,Watkins Glen,Watkins Glen International,race,621,023,GTD,Alessio Rovera,alessio rovera,96,3.0,34,191.379,32.426,78.385,80.568,,FCY,19,75.7,80.06,78.0,False,363
imsa,2024,Watkins Glen,Watkins Glen International,race,621,023,GTD,Alessio Rovera,alessio rovera,97,3.0,35,137.202,36.016,49.559,51.627,,FCY,19,75.5,79.88,79.0,False,363
imsa,2024,Watkins Glen,Watkins Glen International,race,621,023,GTD,Alessio Rovera,alessio rovera,98,3.0,36,137.827,30.169,44.888,62.77,,FCY,19,75.5,79.88,79.0,False,363
imsa,2024,Watkins Glen,Watkins Glen International,race,621,023,GTD,Alessio Rovera,alessio rovera,99,3.0,37,190.601,36.165,71.128,83.308,,FCY,19,75.4,79.7,80.0,False,363
imsa,2024,Watkins Glen,Watkins Glen International,race,621,023,GTD,Alessio Rovera,alessio rovera,100,3.0,38,161.17,45.408,68.023,47.739,,GF,19,75.6,79.7,78.0,False,363
imsa,2024,Watkins Glen,Watkins Glen International,race,621,023,GTD,Alessio Rovera,alessio rovera,101,3.0,39,110.878,26.886,41.674,42.318,,GF,20,75.7,79.7,78.0,False,363
imsa,2024,Watkins Glen,Watkins Glen International,race,621,023,GTD,Alessio Rovera,alessio rovera,102,3.0,40,173.052,25.807,41.119,106.126,,GF,21,76.2,80.06,77.0,False,363
imsa,2024,Watkins Glen,Watkins Glen International,race,621,023,GTD,Onofrio Triarsi,onofrio triarsi,103,4.0,0,128.782,42.279,43.337,43.166,80.225,GF,0,76.5,80.6,76.0,False,363
imsa,2024,Watkins Glen,Watkins Glen International,race,621,023,GTD,Onofrio Triarsi,onofrio triarsi,104,4.0,1,109.018,25.536,41.168,42.314,,GF,0,76.6,80.96,76.0,False,363
imsa,2024,Watkins Glen,Watkins Glen International,race,621,023,GTD,Onofrio Triarsi,onofrio triarsi,105,4.0,2,108.716,26.095,40.696,41.925,,GF,1,76.8,81.32,76.0,False,363
imsa,2024,Watkins Glen,Watkins Glen International,race,621,023,GTD,Onofrio Triarsi,onofrio triarsi,106,4.0,3,107.049,25.067,40.348,41.634,,GF,2,77.0,81.68,75.0,False,363
imsa,2024,Watkins Glen,Watkins Glen International,race,621,023,GTD,Onofrio Triarsi,onofrio triarsi,107,4.0,4,107.144,25.097,40.227,41.82,,GF,3,77.2,82.76,75.0,False,363
imsa,2024,Watkins Glen,Watkins Glen International,race,621,023,GTD,Onofrio Triarsi,onofrio triarsi,108,4.0,5,108.259,25.078,41.475,41.706,,GF,4,77.4,82.94,75.0,False,363
imsa,2024,Watkins Glen,Watkins Glen International,race,621,023,GTD,Onofrio Triarsi,onofrio triarsi,109,4.0,6,107.217,25.056,40.152,42.009,,GF,5,77.5,82.58,74.0,False,363
imsa,2024,Watkins Glen,Watkins Glen International,race,621,023,GTD,Onofrio Triarsi,onofrio triarsi,110,4.0,7,107.212,25.128,40.286,41.798,,GF,6,77.3,82.58,74.0,False,363
imsa,2024,Watkins Glen,Watkins Glen International,race,621,023,GTD,Onofrio Triarsi,onofrio triarsi,111,4.0,8,107.757,25.09,40.328,42.339,,GF,7,77.3,82.76,75.0,False,363
imsa,2024,Watkins Glen,Watkins Glen International,race,621,023,GTD,Onofrio Triarsi,onofrio triarsi,112,4.0,9,107.896,24.962,40.702,42.232,,GF,8,77.2,82.94,74.0,False,363
imsa,2024,Watkins Glen,Watkins Glen International,race,621,023,GTD,Onofrio Triarsi,onofrio triarsi,113,4.0,10,108.16,25.047,40.498,42.615,,GF,9,77.1,82.94,75.0,False,363
imsa,2024,Watkins Glen,Watkins Glen International,race,621,023,GTD,Onofrio Triarsi,onofrio triarsi,114,4.0,11,107.309,24.964,40.411,41.934,,GF,10,77.0,82.94,75.0,False,363
imsa,2024,Watkins Glen,Watkins Glen International,race,621,023,GTD,Onofrio Triarsi,onofrio triarsi,115,4.0,12,107.971,25.018,40.71,42.243,,GF,11,76.8,83.12,75.0,False,363
imsa,2024,Watkins Glen,Watkins Glen International,race,621,023,GTD,Onofrio Triarsi,onofrio triarsi,116,4.0,13,107.882,25.049,40.776,42.057,,GF,12,76.8,82.94,75.0,False,363
imsa,2024,Watkins Glen,Watkins Glen International,race,621,023,GTD,Onofrio Triarsi,onofrio triarsi,117,4.0,14,109.559,25.017,40.554,43.988,,GF,13,76.5,82.58,76.0,False,363
imsa,2024,Watkins Glen,Watkins Glen International,race,621,023,GTD,Onofrio Triarsi,onofrio triarsi,118,4.0,15,222.295,31.93,67.759,122.606,,FCY,14,75.3,78.26,79.0,False,363
imsa,2024,Watkins Glen,Watkins Glen International,race,621,023,GTD,Onofrio Triarsi,onofrio triarsi,119,4.0,16,313.137,84.001,122.371,106.765,,FCY,14,73.5,78.62,82.0,False,363
imsa,2024,Watkins Glen,Watkins Glen International,race,621,023,GTD,Onofrio Triarsi,onofrio triarsi,120,4.0,17,278.52,70.74,104.433,103.347,,FCY,14,72.8,78.26,84.0,False,363
imsa,2024,Watkins Glen,Watkins Glen International,race,621,023,GTD,Onofrio Triarsi,onofrio triarsi,121,4.0,18,294.808,68.993,105.741,120.074,,FCY,14,72.5,76.64,85.0,False,363
imsa,2024,Watkins Glen,Watkins Glen International,race,621,023,GTD,Onofrio Triarsi,onofrio triarsi,122,4.0,19,3154.297,86.828,135.219,2932.25,2039.275,FCY,0,75.8,83.84,82.0,False,363
imsa,2024,Watkins Glen,Watkins Glen International,race,621,023,GTD,Onofrio Triarsi,onofrio triarsi,123,4.0,20,160.705,35.172,59.113,66.42,,FCY,0,76.0,84.56,81.0,False,363
imsa,2024,Watkins Glen,Watkins Glen International,race,621,023,GTD,Onofrio Triarsi,onofrio triarsi,124,4.0,21,155.241,36.23,69.147,49.864,,FCY,0,76.2,85.46,81.0,False,363
imsa,2024,Watkins Glen,Watkins Glen International,race,621,023,GTD,Onofrio Triarsi,onofrio triarsi,125,4.0,22,118.955,27.381,45.637,45.937,,FCY,0,76.3,85.64,81.0,False,363
imsa,2024,Watkins Glen,Watkins Glen International,race,621,023,GTD,Onofrio Triarsi,onofrio triarsi,126,4.0,23,145.006,27.159,45.163,72.684,,FCY,0,76.6,87.08,80.0,False,363
imsa,2024,Watkins Glen,Watkins Glen International,race,621,023,GTD,Onofrio Triarsi,onofrio triarsi,127,4.0,24,209.002,63.782,67.694,77.526,,FCY,0,77.2,88.52,80.0,False,363
imsa,2024,Watkins Glen,Watkins Glen International,race,621,023,GTD,Onofrio Triarsi,onofrio triarsi,128,4.0,25,205.827,61.391,72.277,72.159,,FCY,0,77.2,87.98,80.0,False,363
imsa,2024,Watkins Glen,Watkins Glen International,race,621,023,GTD,Onofrio Triarsi,onofrio triarsi,129,4.0,26,186.151,57.609,76.715,51.827,,GF,0,77.2,88.52,79.0,False,363
imsa,2024,Watkins Glen,Watkins Glen International,race,621,023,GTD,Onofrio Triarsi,onofrio triarsi,130,4.0,27,108.389,25.379,40.984,42.026,,GF,1,77.0,87.98,78.0,False,363
imsa,2024,Watkins Glen,Watkins Glen International,race,621,023,GTD,Onofrio Triarsi,onofrio triarsi,131,4.0,28,108.825,24.927,41.571,42.327,,GF,2,77.0,88.34,79.0,False,363
imsa,2024,Watkins Glen,Watkins Glen International,race,621,023,GTD,Onofrio Triarsi,onofrio triarsi,132,4.0,29,107.673,25.075,40.564,42.034,,GF,3,77.0,87.98,79.0,False,363
imsa,2024,Watkins Glen,Watkins Glen International,race,621,023,GTD,Onofrio Triarsi,onofrio triarsi,133,4.0,30,108.273,25.103,41.066,42.104,,GF,4,77.0,87.62,79.0,False,363
imsa,2024,Watkins Glen,Watkins Glen International,race,621,023,GTD,Onofrio Triarsi,onofrio triarsi,134,4.0,31,107.183,24.939,40.231,42.013,,GF,5,76.8,87.08,79.0,False,363
imsa,2024,Watkins Glen,Watkins Glen International,race,621,023,GTD,Onofrio Triarsi,onofrio triarsi,135,4.0,32,107.823,25.277,40.182,42.364,,GF,6,76.7,86.72,79.0,False,363
imsa,2024,Watkins Glen,Watkins Glen International,race,621,023,GTD,Onofrio Triarsi,onofrio triarsi,136,4.0,33,109.43,24.963,40.702,43.765,,GF,7,76.6,86.72,79.0,False,363
imsa,2024,Watkins Glen,Watkins Glen International,race,621,023,GTD,Onofrio Triarsi,onofrio triarsi,137,4.0,34,109.315,24.998,41.554,42.763,,GF,8,76.5,86.18,79.0,False,363
imsa,2024,Watkins Glen,Watkins Glen International,race,621,023,GTD,Onofrio Triarsi,onofrio triarsi,138,4.0,35,107.907,25.03,40.765,42.112,,GF,9,76.5,86.0,80.0,False,363
imsa,2024,Watkins Glen,Watkins Glen International,race,621,023,GTD,Onofrio Triarsi,onofrio triarsi,139,4.0,36,107.204,25.013,40.137,42.054,,FF,10,76.5,86.0,80.0,False,363
imsa,2024,Watkins Glen,Watkins Glen International,race,621,12,GTD,Parker Thompson,parker thompson,1,1.0,0,146.285,63.057,41.552,41.676,,GF,0,79.9,88.7,72.0,False,363
imsa,2024,Watkins Glen,Watkins Glen International,race,621,12,GTD,Parker Thompson,parker thompson,2,1.0,1,107.718,24.951,41.341,41.426,,GF,0,79.9,88.7,72.0,False,363
imsa,2024,Watkins Glen,Watkins Glen International,race,621,12,GTD,Parker Thompson,parker thompson,3,1.0,2,122.725,24.828,41.278,56.619,,FCY,1,80.0,88.7,72.0,False,363
imsa,2024,Watkins Glen,Watkins Glen International,race,621,12,GTD,Parker Thompson,parker thompson,4,1.0,3,137.916,34.292,52.441,51.183,,FCY,1,80.0,88.88,72.0,False,363
imsa,2024,Watkins Glen,Watkins Glen International,race,621,12,GTD,Parker Thompson,parker thompson,5,1.0,4,156.609,29.21,47.555,79.844,,FCY,1,80.1,89.06,73.0,False,363
imsa,2024,Watkins Glen,Watkins Glen International,race,621,12,GTD,Parker Thompson,parker thompson,6,1.0,5,189.869,62.159,78.363,49.347,,GF,1,80.2,89.78,72.0,False,363
imsa,2024,Watkins Glen,Watkins Glen International,race,621,12,GTD,Parker Thompson,parker thompson,7,1.0,6,106.823,24.881,40.381,41.561,,GF,2,80.3,90.5,72.0,False,363
imsa,2024,Watkins Glen,Watkins Glen International,race,621,12,GTD,Parker Thompson,parker thompson,8,1.0,7,107.004,24.873,40.519,41.612,,GF,3,80.3,90.5,72.0,False,363
imsa,2024,Watkins Glen,Watkins Glen International,race,621,12,GTD,Parker Thompson,parker thompson,9,1.0,8,106.674,24.916,40.324,41.434,,GF,4,80.3,91.4,72.0,False,363
imsa,2024,Watkins Glen,Watkins Glen International,race,621,12,GTD,Parker Thompson,parker thompson,10,1.0,9,106.597,24.829,40.243,41.525,,GF,5,80.5,91.94,72.0,False,363
imsa,2024,Watkins Glen,Watkins Glen International,race,621,12,GTD,Parker Thompson,parker thompson,11,1.0,10,106.645,24.884,40.246,41.515,,GF,6,80.6,92.66,72.0,False,363
imsa,2024,Watkins Glen,Watkins Glen International,race,621,12,GTD,Parker Thompson,parker thompson,12,1.0,11,106.699,24.893,40.246,41.56,,GF,7,80.9,93.38,72.0,False,363
imsa,2024,Watkins Glen,Watkins Glen International,race,621,12,GTD,Parker Thompson,parker thompson,13,1.0,12,107.148,24.867,40.596,41.685,,GF,8,81.2,93.74,72.0,False,363
imsa,2024,Watkins Glen,Watkins Glen International,race,621,12,GTD,Parker Thompson,parker thompson,14,1.0,13,106.798,24.921,40.248,41.629,,GF,9,81.2,93.74,71.0,False,363
imsa,2024,Watkins Glen,Watkins Glen International,race,621,12,GTD,Parker Thompson,parker thompson,15,1.0,14,107.515,25.039,40.272,42.204,,GF,10,81.4,93.92,71.0,False,363
imsa,2024,Watkins Glen,Watkins Glen International,race,621,12,GTD,Parker Thompson,parker thompson,16,1.0,15,107.437,25.013,40.617,41.807,,GF,11,81.4,94.1,70.0,False,363
imsa,2024,Watkins Glen,Watkins Glen International,race,621,12,GTD,Parker Thompson,parker thompson,17,1.0,16,139.666,25.237,55.329,59.1,,FCY,12,81.3,93.92,71.0,False,363
imsa,2024,Watkins Glen,Watkins Glen International,race,621,12,GTD,Parker Thompson,parker thompson,18,1.0,17,213.993,47.499,85.558,80.936,,FCY,12,81.4,94.28,71.0,False,363
imsa,2024,Watkins Glen,Watkins Glen International,race,621,12,GTD,Parker Thompson,parker thompson,19,1.0,18,200.966,56.151,73.709,71.106,,FCY,12,81.3,94.1,71.0,False,363
imsa,2024,Watkins Glen,Watkins Glen International,race,621,12,GTD,Parker Thompson,parker thompson,20,1.0,19,163.501,30.171,57.791,75.539,,FCY,12,81.2,93.92,71.0,False,363
imsa,2024,Watkins Glen,Watkins Glen International,race,621,12,GTD,Frankie Montecalvo,frankie montecalvo,21,2.0,0,172.888,70.262,52.225,50.401,56.909,FCY,0,81.2,93.92,71.0,False,363
imsa,2024,Watkins Glen,Watkins Glen International,race,621,12,GTD,Frankie Montecalvo,frankie montecalvo,22,2.0,1,212.732,53.448,86.754,72.53,,FCY,0,81.2,93.2,71.0,False,363
imsa,2024,Watkins Glen,Watkins Glen International,race,621,12,GTD,Frankie Montecalvo,frankie montecalvo,23,2.0,2,214.348,58.195,73.534,82.619,,FCY,0,81.0,92.84,71.0,False,363
imsa,2024,Watkins Glen,Watkins Glen International,race,621,12,GTD,Frankie Montecalvo,frankie montecalvo,24,2.0,3,185.449,60.83,73.236,51.383,,GF,0,80.8,92.48,72.0,False,363
imsa,2024,Watkins Glen,Watkins Glen International,race,621,12,GTD,Frankie Montecalvo,frankie montecalvo,25,2.0,4,107.065,25.201,40.409,41.455,,GF,1,80.8,92.3,72.0,False,363
imsa,2024,Watkins Glen,Watkins Glen International,race,621,12,GTD,Frankie Montecalvo,frankie montecalvo,26,2.0,5,106.988,25.0,40.16,41.828,,GF,2,80.8,92.3,72.0,False,363
imsa,2024,Watkins Glen,Watkins Glen International,race,621,12,GTD,Frankie Montecalvo,frankie montecalvo,27,2.0,6,106.805,24.935,40.062,41.808,,GF,3,80.8,92.3,72.0,False,363
imsa,2024,Watkins Glen,Watkins Glen International,race,621,12,GTD,Frankie Montecalvo,frankie montecalvo,28,2.0,7,106.621,24.929,40.08,41.612,,GF,4,80.8,92.3,72.0,False,363
imsa,2024,Watkins Glen,Watkins Glen International,race,621,12,GTD,Frankie Montecalvo,frankie montecalvo,29,2.0,8,107.083,25.069,40.221,41.793,,GF,5,80.8,92.3,71.0,False,363
imsa,2024,Watkins Glen,Watkins Glen International,race,621,12,GTD,Frankie Montecalvo,frankie montecalvo,30,2.0,9,108.56,25.068,41.312,42.18,,GF,6,80.7,92.12,72.0,False,363
imsa,2024,Watkins Glen,Watkins Glen International,race,621,12,GTD,Frankie Montecalvo,frankie montecalvo,31,2.0,10,107.385,25.075,40.484,41.826,,GF,7,80.7,92.12,72.0,False,363
imsa,2024,Watkins Glen,Watkins Glen International,race,621,12,GTD,Frankie Montecalvo,frankie montecalvo,32,2.0,11,106.857,25.068,40.096,41.693,,GF,8,80.7,92.3,72.0,False,363
imsa,2024,Watkins Glen,Watkins Glen International,race,621,12,GTD,Frankie Montecalvo,frankie montecalvo,33,2.0,12,107.502,25.038,40.478,41.986,,GF,9,80.8,92.66,71.0,False,363
imsa,2024,Watkins Glen,Watkins Glen International,race,621,12,GTD,Frankie Montecalvo,frankie montecalvo,34,2.0,13,109.584,25.058,42.297,42.229,,GF,10,80.9,92.84,71.0,False,363
imsa,2024,Watkins Glen,Watkins Glen International,race,621,12,GTD,Frankie Montecalvo,frankie montecalvo,35,2.0,14,107.011,25.099,40.073,41.839,,GF,11,81.0,93.2,72.0,False,363
imsa,2024,Watkins Glen,Watkins Glen International,race,621,12,GTD,Frankie Montecalvo,frankie montecalvo,36,2.0,15,107.127,25.03,40.181,41.916,,GF,12,81.0,93.2,71.0,False,363
imsa,2024,Watkins Glen,Watkins Glen International,race,621,12,GTD,Frankie Montecalvo,frankie montecalvo,37,2.0,16,108.388,25.103,40.566,42.719,,GF,13,81.2,93.38,71.0,False,363
imsa,2024,Watkins Glen,Watkins Glen International,race,621,12,GTD,Frankie Montecalvo,frankie montecalvo,38,2.0,17,108.644,25.117,41.424,42.103,,GF,14,81.4,93.2,71.0,False,363
imsa,2024,Watkins Glen,Watkins Glen International,race,621,12,GTD,Frankie Montecalvo,frankie montecalvo,39,2.0,18,108.267,25.15,41.276,41.841,,GF,15,81.4,93.2,71.0,False,363
imsa,2024,Watkins Glen,Watkins Glen International,race,621,12,GTD,Frankie Montecalvo,frankie montecalvo,40,2.0,19,107.059,25.136,39.975,41.948,,GF,16,81.6,93.2,70.0,False,363
imsa,2024,Watkins Glen,Watkins Glen International,race,621,12,GTD,Frankie Montecalvo,frankie montecalvo,41,2.0,20,107.953,25.097,40.397,42.459,,GF,17,81.6,93.38,70.0,False,363
imsa,2024,Watkins Glen,Watkins Glen International,race,621,12,GTD,Frankie Montecalvo,frankie montecalvo,42,2.0,21,109.489,25.135,41.651,42.703,,GF,18,81.8,93.56,70.0,False,363
imsa,2024,Watkins Glen,Watkins Glen International,race,621,12,GTD,Frankie Montecalvo,frankie montecalvo,43,2.0,22,109.152,25.253,40.85,43.049,,GF,19,81.7,93.74,70.0,False,363
imsa,2024,Watkins Glen,Watkins Glen International,race,621,12,GTD,Frankie Montecalvo,frankie montecalvo,44,2.0,23,108.492,24.993,40.568,42.931,,GF,20,81.8,93.92,69.0,False,363
imsa,2024,Watkins Glen,Watkins Glen International,race,621,12,GTD,Frankie Montecalvo,frankie montecalvo,45,2.0,24,108.182,25.133,40.605,42.444,,GF,21,81.6,93.74,68.0,False,363
imsa,2024,Watkins Glen,Watkins Glen International,race,621,12,GTD,Frankie Montecalvo,frankie montecalvo,46,2.0,25,111.42,25.015,42.31,44.095,,GF,22,81.6,93.38,68.0,False,363
imsa,2024,Watkins Glen,Watkins Glen International,race,621,12,GTD,Frankie Montecalvo,frankie montecalvo,47,2.0,26,110.981,25.945,42.057,42.979,,GF,23,81.7,93.2,68.0,False,363
imsa,2024,Watkins Glen,Watkins Glen International,race,621,12,GTD,Frankie Montecalvo,frankie montecalvo,48,2.0,27,110.091,25.102,41.08,43.909,,GF,24,81.9,92.84,69.0,False,363
imsa,2024,Watkins Glen,Watkins Glen International,race,621,12,GTD,Frankie Montecalvo,frankie montecalvo,49,2.0,28,108.246,25.155,40.803,42.288,,GF,25,81.8,92.48,68.0,False,363
imsa,2024,Watkins Glen,Watkins Glen International,race,621,12,GTD,Frankie Montecalvo,frankie montecalvo,50,2.0,29,108.033,25.061,40.394,42.578,,GF,26,81.6,91.94,67.0,False,363
imsa,2024,Watkins Glen,Watkins Glen International,race,621,12,GTD,Frankie Montecalvo,frankie montecalvo,51,2.0,30,108.45,25.214,40.536,42.7,,GF,27,81.4,91.76,68.0,False,363
imsa,2024,Watkins Glen,Watkins Glen International,race,621,12,GTD,Frankie Montecalvo,frankie montecalvo,52,2.0,31,109.541,25.123,40.976,43.442,,GF,28,81.3,91.58,68.0,False,363
imsa,2024,Watkins Glen,Watkins Glen International,race,621,12,GTD,Frankie Montecalvo,frankie montecalvo,53,2.0,32,108.018,25.068,40.872,42.078,,GF,29,81.2,91.4,68.0,False,363
imsa,2024,Watkins Glen,Watkins Glen International,race,621,12,GTD,Frankie Montecalvo,frankie montecalvo,54,2.0,33,121.065,25.137,40.767,55.161,,GF,30,81.2,91.4,68.0,False,363
imsa,2024,Watkins Glen,Watkins Glen International,race,621,12,GTD,Frankie Montecalvo,frankie montecalvo,55,2.0,34,168.363,81.576,43.92,42.867,71.643,GF,0,81.3,92.12,67.0,False,363
imsa,2024,Watkins Glen,Watkins Glen International,race,621,12,GTD,Frankie Montecalvo,frankie montecalvo,56,2.0,35,109.685,25.613,41.575,42.497,,GF,0,81.4,93.02,67.0,False,363
imsa,2024,Watkins Glen,Watkins Glen International,race,621,12,GTD,Frankie Montecalvo,frankie montecalvo,57,2.0,36,107.889,25.136,40.921,41.832,,GF,1,81.7,93.92,67.0,False,363
imsa,2024,Watkins Glen,Watkins Glen International,race,621,12,GTD,Frankie Montecalvo,frankie montecalvo,58,2.0,37,106.983,25.066,40.136,41.781,,GF,2,82.0,95.36,68.0,False,363
imsa,2024,Watkins Glen,Watkins Glen International,race,621,12,GTD,Frankie Montecalvo,frankie montecalvo,59,2.0,38,107.835,25.141,40.466,42.228,,GF,3,82.2,96.26,67.0,False,363
imsa,2024,Watkins Glen,Watkins Glen International,race,621,12,GTD,Frankie Montecalvo,frankie montecalvo,60,2.0,39,107.712,25.114,40.595,42.003,,GF,4,82.5,96.62,67.0,False,363
imsa,2024,Watkins Glen,Watkins Glen International,race,621,12,GTD,Frankie Montecalvo,frankie montecalvo,61,2.0,40,108.663,25.193,41.021,42.449,,GF,5,82.5,96.62,66.0,False,363
imsa,2024,Watkins Glen,Watkins Glen International,race,621,12,GTD,Frankie Montecalvo,frankie montecalvo,62,2.0,41,108.087,25.148,40.845,42.094,,GF,6,82.7,96.8,66.0,False,363
imsa,2024,Watkins Glen,Watkins Glen International,race,621,12,GTD,Frankie Montecalvo,frankie montecalvo,63,2.0,42,122.997,25.141,44.502,53.354,,FCY,7,82.9,97.16,66.0,False,363
imsa,2024,Watkins Glen,Watkins Glen International,race,621,12,GTD,Frankie Montecalvo,frankie montecalvo,64,2.0,43,161.481,44.089,59.575,57.817,,FCY,7,82.9,97.34,65.0,False,363
imsa,2024,Watkins Glen,Watkins Glen International,race,621,12,GTD,Frankie Montecalvo,frankie montecalvo,65,2.0,44,174.963,37.676,66.95,70.337,,FCY,7,83.0,97.52,66.0,False,363
imsa,2024,Watkins Glen,Watkins Glen International,race,621,12,GTD,Frankie Montecalvo,frankie montecalvo,66,2.0,45,208.958,62.384,78.003,68.571,,FCY,7,82.8,97.34,66.0,False,363
imsa,2024,Watkins Glen,Watkins Glen International,race,621,12,GTD,Frankie Montecalvo,frankie montecalvo,67,2.0,46,175.191,31.535,65.004,78.652,,FCY,7,82.7,96.62,64.0,False,363
imsa,2024,Watkins Glen,Watkins Glen International,race,621,12,GTD,Aaron Telitz,aaron telitz,68,3.0,0,193.398,65.372,59.932,68.094,50.407,FCY,0,82.6,95.9,65.0,False,363
imsa,2024,Watkins Glen,Watkins Glen International,race,621,12,GTD,Aaron Telitz,aaron telitz,69,3.0,1,205.052,59.551,77.228,68.273,,FCY,0,82.5,95.72,64.0,False,363
imsa,2024,Watkins Glen,Watkins Glen International,race,621,12,GTD,Aaron Telitz,aaron telitz,70,3.0,2,157.376,40.556,62.356,54.464,,GF,0,82.5,95.9,64.0,False,363
imsa,2024,Watkins Glen,Watkins Glen International,race,621,12,GTD,Aaron Telitz,aaron telitz,71,3.0,3,110.324,25.54,42.432,42.352,,GF,1,82.6,96.08,64.0,False,363
imsa,2024,Watkins Glen,Watkins Glen International,race,621,12,GTD,Aaron Telitz,aaron telitz,72,3.0,4,107.775,25.065,40.704,42.006,,GF,2,82.6,96.08,65.0,False,363
imsa,2024,Watkins Glen,Watkins Glen International,race,621,12,GTD,Aaron Telitz,aaron telitz,73,3.0,5,107.533,25.014,40.735,41.784,,GF,3,82.6,96.08,65.0,False,363
imsa,2024,Watkins Glen,Watkins Glen International,race,621,12,GTD,Aaron Telitz,aaron telitz,74,3.0,6,107.847,25.016,41.0,41.831,,GF,4,82.7,95.54,65.0,False,363
imsa,2024,Watkins Glen,Watkins Glen International,race,621,12,GTD,Aaron Telitz,aaron telitz,75,3.0,7,107.607,24.926,40.719,41.962,,GF,5,82.6,95.18,65.0,False,363
imsa,2024,Watkins Glen,Watkins Glen International,race,621,12,GTD,Aaron Telitz,aaron telitz,76,3.0,8,112.446,25.115,42.347,44.984,,GF,6,82.6,95.0,66.0,False,363
imsa,2024,Watkins Glen,Watkins Glen International,race,621,12,GTD,Aaron Telitz,aaron telitz,77,3.0,9,111.439,25.474,42.598,43.367,,GF,7,82.5,94.1,67.0,False,363
imsa,2024,Watkins Glen,Watkins Glen International,race,621,12,GTD,Aaron Telitz,aaron telitz,78,3.0,10,107.896,25.021,41.046,41.829,,GF,8,82.3,93.74,66.0,False,363
imsa,2024,Watkins Glen,Watkins Glen International,race,621,12,GTD,Aaron Telitz,aaron telitz,79,3.0,11,107.673,24.99,40.754,41.929,,GF,9,82.0,93.02,66.0,False,363
imsa,2024,Watkins Glen,Watkins Glen International,race,621,12,GTD,Aaron Telitz,aaron telitz,80,3.0,12,110.069,24.973,42.324,42.772,,GF,10,81.5,92.66,66.0,False,363
imsa,2024,Watkins Glen,Watkins Glen International,race,621,12,GTD,Aaron Telitz,aaron telitz,81,3.0,13,108.876,25.206,41.451,42.219,,GF,11,80.7,91.94,68.0,False,363
imsa,2024,Watkins Glen,Watkins Glen International,race,621,12,GTD,Aaron Telitz,aaron telitz,82,3.0,14,112.035,25.125,41.939,44.971,,GF,12,79.9,91.76,69.0,False,363
imsa,2024,Watkins Glen,Watkins Glen International,race,621,12,GTD,Aaron Telitz,aaron telitz,83,3.0,15,115.091,26.74,43.008,45.343,,GF,13,79.3,89.06,73.0,False,363
imsa,2024,Watkins Glen,Watkins Glen International,race,621,12,GTD,Aaron Telitz,aaron telitz,84,3.0,16,146.903,34.123,47.319,65.461,,FCY,14,78.4,87.62,73.0,False,363
imsa,2024,Watkins Glen,Watkins Glen International,race,621,12,GTD,Aaron Telitz,aaron telitz,85,3.0,17,137.745,31.502,46.09,60.153,,FCY,14,77.8,86.36,75.0,False,363
imsa,2024,Watkins Glen,Watkins Glen International,race,621,12,GTD,Aaron Telitz,aaron telitz,86,3.0,18,181.236,30.373,46.335,104.528,,FCY,14,77.1,85.64,76.0,False,363
imsa,2024,Watkins Glen,Watkins Glen International,race,621,12,GTD,Aaron Telitz,aaron telitz,87,3.0,19,201.041,32.832,79.621,88.588,,FCY,14,76.8,84.92,77.0,False,363
imsa,2024,Watkins Glen,Watkins Glen International,race,621,12,GTD,Aaron Telitz,aaron telitz,88,3.0,20,196.141,32.106,68.655,95.38,,FCY,14,76.5,83.3,77.0,False,363
imsa,2024,Watkins Glen,Watkins Glen International,race,621,12,GTD,Aaron Telitz,aaron telitz,89,3.0,21,220.718,101.415,48.141,71.162,86.784,FCY,0,76.0,82.4,78.0,False,363
imsa,2024,Watkins Glen,Watkins Glen International,race,621,12,GTD,Aaron Telitz,aaron telitz,90,3.0,22,181.234,39.781,64.7,76.753,,FCY,0,76.0,82.4,77.0,False,363
imsa,2024,Watkins Glen,Watkins Glen International,race,621,12,GTD,Aaron Telitz,aaron telitz,91,3.0,23,184.08,52.691,73.264,58.125,,GF,0,76.0,82.04,77.0,False,363
imsa,2024,Watkins Glen,Watkins Glen International,race,621,12,GTD,Aaron Telitz,aaron telitz,92,3.0,24,110.063,26.073,41.876,42.114,,GF,1,76.0,81.68,78.0,False,363
imsa,2024,Watkins Glen,Watkins Glen International,race,621,12,GTD,Aaron Telitz,aaron telitz,93,3.0,25,108.398,25.762,40.492,42.144,,GF,2,76.0,81.5,78.0,False,363
imsa,2024,Watkins Glen,Watkins Glen International,race,621,12,GTD,Aaron Telitz,aaron telitz,94,3.0,26,106.92,25.236,39.971,41.713,,GF,3,76.0,81.32,77.0,False,363
imsa,2024,Watkins Glen,Watkins Glen International,race,621,12,GTD,Aaron Telitz,aaron telitz,95,3.0,27,109.614,25.055,40.895,43.664,,GF,4,76.1,80.78,78.0,False,363
imsa,2024,Watkins Glen,Watkins Glen International,race,621,12,GTD,Aaron Telitz,aaron telitz,96,3.0,28,142.353,32.361,49.078,60.914,,FCY,5,76.0,80.42,78.0,False,363
imsa,2024,Watkins Glen,Watkins Glen International,race,621,12,GTD,Aaron Telitz,aaron telitz,97,3.0,29,186.085,38.7,62.818,84.567,,FCY,5,75.7,80.06,78.0,False,363
imsa,2024,Watkins Glen,Watkins Glen International,race,621,12,GTD,Aaron Telitz,aaron telitz,98,3.0,30,208.923,44.788,76.895,87.24,,FCY,5,75.5,80.06,79.0,False,363
imsa,2024,Watkins Glen,Watkins Glen International,race,621,12,GTD,Aaron Telitz,aaron telitz,99,3.0,31,211.108,50.469,76.597,84.042,,FCY,5,75.4,79.7,80.0,False,363
imsa,2024,Watkins Glen,Watkins Glen International,race,621,12,GTD,Aaron Telitz,aaron telitz,100,3.0,32,189.061,50.358,78.296,60.407,,GF,5,75.6,79.7,78.0,False,363
imsa,2024,Watkins Glen,Watkins Glen International,race,621,12,GTD,Aaron Telitz,aaron telitz,101,3.0,33,109.327,27.235,40.406,41.686,,GF,6,75.7,79.7,78.0,False,363
imsa,2024,Watkins Glen,Watkins Glen International,race,621,12,GTD,Aaron Telitz,aaron telitz,102,3.0,34,106.859,25.607,39.729,41.523,,GF,7,75.9,79.7,78.0,False,363
imsa,2024,Watkins Glen,Watkins Glen International,race,621,12,GTD,Aaron Telitz,aaron telitz,103,3.0,35,107.011,25.837,39.719,41.455,,GF,8,76.2,80.06,77.0,False,363
imsa,2024,Watkins Glen,Watkins Glen International,race,621,12,GTD,Aaron Telitz,aaron telitz,104,3.0,36,106.266,25.167,39.56,41.539,,GF,9,76.5,80.6,76.0,False,363
imsa,2024,Watkins Glen,Watkins Glen International,race,621,12,GTD,Aaron Telitz,aaron telitz,105,3.0,37,105.745,25.0,39.296,41.449,,GF,10,76.6,80.96,76.0,False,363
imsa,2024,Watkins Glen,Watkins Glen International,race,621,12,GTD,Aaron Telitz,aaron telitz,106,3.0,38,105.986,24.883,39.542,41.561,,GF,11,76.8,81.32,76.0,False,363
imsa,2024,Watkins Glen,Watkins Glen International,race,621,12,GTD,Aaron Telitz,aaron telitz,107,3.0,39,106.198,24.843,39.606,41.749,,GF,12,77.0,81.68,75.0,False,363
imsa,2024,Watkins Glen,Watkins Glen International,race,621,12,GTD,Aaron Telitz,aaron telitz,108,3.0,40,106.9,25.123,39.918,41.859,,GF,13,77.2,82.76,75.0,False,363
imsa,2024,Watkins Glen,Watkins Glen International,race,621,12,GTD,Aaron Telitz,aaron telitz,109,3.0,41,108.043,24.909,40.782,42.352,,GF,14,77.4,82.94,75.0,False,363
imsa,2024,Watkins Glen,Watkins Glen International,race,621,12,GTD,Aaron Telitz,aaron telitz,110,3.0,42,107.49,25.073,40.271,42.146,,GF,15,77.5,82.58,74.0,False,363
imsa,2024,Watkins Glen,Watkins Glen International,race,621,12,GTD,Aaron Telitz,aaron telitz,111,3.0,43,107.086,25.035,40.269,41.782,,GF,16,77.3,82.58,74.0,False,363
imsa,2024,Watkins Glen,Watkins Glen International,race,621,12,GTD,Aaron Telitz,aaron telitz,112,3.0,44,107.357,24.959,40.255,42.143,,GF,17,77.3,82.76,75.0,False,363
imsa,2024,Watkins Glen,Watkins Glen International,race,621,12,GTD,Aaron Telitz,aaron telitz,113,3.0,45,107.425,24.915,40.099,42.411,,GF,18,77.2,82.94,74.0,False,363
imsa,2024,Watkins Glen,Watkins Glen International,race,621,12,GTD,Aaron Telitz,aaron telitz,114,3.0,46,108.242,24.963,40.917,42.362,,GF,19,77.1,82.94,75.0,False,363
imsa,2024,Watkins Glen,Watkins Glen International,race,621,12,GTD,Aaron Telitz,aaron telitz,115,3.0,47,107.334,24.933,40.316,42.085,,GF,20,77.0,82.94,75.0,False,363
imsa,2024,Watkins Glen,Watkins Glen International,race,621,12,GTD,Aaron Telitz,aaron telitz,116,3.0,48,107.618,24.926,40.559,42.133,,GF,21,76.8,83.12,75.0,False,363
imsa,2024,Watkins Glen,Watkins Glen International,race,621,12,GTD,Aaron Telitz,aaron telitz,117,3.0,49,108.118,24.843,41.091,42.184,,GF,22,76.8,82.94,75.0,False,363
imsa,2024,Watkins Glen,Watkins Glen International,race,621,12,GTD,Aaron Telitz,aaron telitz,118,3.0,50,109.696,24.973,40.584,44.139,,GF,23,76.5,82.58,76.0,False,363
imsa,2024,Watkins Glen,Watkins Glen International,race,621,12,GTD,Aaron Telitz,aaron telitz,119,3.0,51,223.291,31.02,67.046,125.225,,FCY,24,75.3,78.26,79.0,False,363
imsa,2024,Watkins Glen,Watkins Glen International,race,621,12,GTD,Aaron Telitz,aaron telitz,120,3.0,52,308.899,84.143,120.49,104.266,,FCY,24,73.5,78.62,82.0,False,363
imsa,2024,Watkins Glen,Watkins Glen International,race,621,12,GTD,Aaron Telitz,aaron telitz,121,3.0,53,273.871,71.318,101.643,100.91,,FCY,24,72.8,78.26,84.0,False,363
imsa,2024,Watkins Glen,Watkins Glen International,race,621,12,GTD,Aaron Telitz,aaron telitz,122,3.0,54,299.391,72.558,104.563,122.27,,FCY,24,72.5,76.64,85.0,False,363
imsa,2024,Watkins Glen,Watkins Glen International,race,621,12,GTD,Aaron Telitz,aaron telitz,123,3.0,55,3153.563,86.389,131.349,2935.825,2047.871,FCY,0,75.8,83.84,82.0,False,363
imsa,2024,Watkins Glen,Watkins Glen International,race,621,12,GTD,Aaron Telitz,aaron telitz,124,3.0,56,172.311,37.149,59.381,75.781,,FCY,0,76.0,84.56,81.0,False,363
imsa,2024,Watkins Glen,Watkins Glen International,race,621,12,GTD,Parker Thompson,parker thompson,125,4.0,0,192.156,74.255,50.388,67.513,57.743,FCY,0,76.2,85.46,81.0,False,363
imsa,2024,Watkins Glen,Watkins Glen International,race,621,12,GTD,Parker Thompson,parker thompson,126,4.0,1,207.441,50.17,70.882,86.389,,FCY,0,76.6,87.08,80.0,False,363
imsa,2024,Watkins Glen,Watkins Glen International,race,621,12,GTD,Parker Thompson,parker thompson,127,4.0,2,209.395,64.636,67.511,77.248,,FCY,0,77.2,88.52,80.0,False,363
imsa,2024,Watkins Glen,Watkins Glen International,race,621,12,GTD,Parker Thompson,parker thompson,128,4.0,3,204.591,58.509,75.379,70.703,,FCY,0,77.3,88.16,79.0,False,363
imsa,2024,Watkins Glen,Watkins Glen International,race,621,12,GTD,Parker Thompson,parker thompson,129,4.0,4,191.455,58.944,79.102,53.409,,GF,0,77.2,88.52,79.0,False,363
imsa,2024,Watkins Glen,Watkins Glen International,race,621,12,GTD,Parker Thompson,parker thompson,130,4.0,5,107.12,25.202,40.336,41.582,,GF,1,77.0,87.98,78.0,False,363
imsa,2024,Watkins Glen,Watkins Glen International,race,621,12,GTD,Parker Thompson,parker thompson,131,4.0,6,108.423,24.831,40.556,43.036,,GF,2,77.0,88.34,79.0,False,363
imsa,2024,Watkins Glen,Watkins Glen International,race,621,12,GTD,Parker Thompson,parker thompson,132,4.0,7,107.642,24.844,41.076,41.722,,GF,3,77.0,87.98,79.0,False,363
imsa,2024,Watkins Glen,Watkins Glen International,race,621,12,GTD,Parker Thompson,parker thompson,133,4.0,8,107.332,25.181,40.444,41.707,,GF,4,77.0,87.62,79.0,False,363
imsa,2024,Watkins Glen,Watkins Glen International,race,621,12,GTD,Parker Thompson,parker thompson,134,4.0,9,110.211,24.841,43.686,41.684,,GF,5,76.8,87.08,79.0,False,363
imsa,2024,Watkins Glen,Watkins Glen International,race,621,12,GTD,Parker Thompson,parker thompson,135,4.0,10,107.262,24.797,40.546,41.919,,GF,6,76.7,86.72,79.0,False,363
imsa,2024,Watkins Glen,Watkins Glen International,race,621,12,GTD,Parker Thompson,parker thompson,136,4.0,11,107.692,24.761,41.156,41.775,,GF,7,76.6,86.72,79.0,False,363
imsa,2024,Watkins Glen,Watkins Glen International,race,621,12,GTD,Parker Thompson,parker thompson,137,4.0,12,108.166,24.733,40.92,42.513,,GF,8,76.5,86.18,79.0,False,363
imsa,2024,Watkins Glen,Watkins Glen International,race,621,12,GTD,Parker Thompson,parker thompson,138,4.0,13,107.986,24.844,40.714,42.428,,GF,9,76.5,86.0,80.0,False,363
imsa,2024,Watkins Glen,Watkins Glen International,race,621,12,GTD,Parker Thompson,parker thompson,139,4.0,14,107.729,24.775,40.794,42.16,,FF,10,76.5,86.0,80.0,False,363
imsa,2024,Watkins Glen,Watkins Glen International,race,621,120,GTD,Adam Adelson,adam adelson,1,1.0,0,153.717,66.668,43.613,43.436,,GF,0,79.9,88.7,72.0,False,363
imsa,2024,Watkins Glen,Watkins Glen International,race,621,120,GTD,Adam Adelson,adam adelson,2,1.0,1,110.726,25.633,42.324,42.769,,GF,0,80.0,88.52,72.0,False,363
imsa,2024,Watkins Glen,Watkins Glen International,race,621,120,GTD,Adam Adelson,adam adelson,3,1.0,2,128.581,25.415,42.954,60.212,,FCY,1,80.0,88.7,72.0,False,363
imsa,2024,Watkins Glen,Watkins Glen International,race,621,120,GTD,Adam Adelson,adam adelson,4,1.0,3,142.628,36.395,54.525,51.708,,FCY,1,80.0,88.88,72.0,False,363
imsa,2024,Watkins Glen,Watkins Glen International,race,621,120,GTD,Adam Adelson,adam adelson,5,1.0,4,153.403,30.658,52.012,70.733,,FCY,1,80.1,89.06,73.0,False,363
imsa,2024,Watkins Glen,Watkins Glen International,race,621,120,GTD,Adam Adelson,adam adelson,6,1.0,5,185.747,67.634,70.39,47.723,,GF,1,80.2,89.78,72.0,False,363
imsa,2024,Watkins Glen,Watkins Glen International,race,621,120,GTD,Adam Adelson,adam adelson,7,1.0,6,110.081,25.515,41.943,42.623,,GF,2,80.3,90.5,72.0,False,363
imsa,2024,Watkins Glen,Watkins Glen International,race,621,120,GTD,Adam Adelson,adam adelson,8,1.0,7,109.309,25.321,41.535,42.453,,GF,3,80.3,90.68,72.0,False,363
imsa,2024,Watkins Glen,Watkins Glen International,race,621,120,GTD,Adam Adelson,adam adelson,9,1.0,8,109.739,25.304,41.933,42.502,,GF,4,80.3,91.4,72.0,False,363
imsa,2024,Watkins Glen,Watkins Glen International,race,621,120,GTD,Adam Adelson,adam adelson,10,1.0,9,109.624,25.377,41.639,42.608,,GF,5,80.5,91.94,72.0,False,363
imsa,2024,Watkins Glen,Watkins Glen International,race,621,120,GTD,Adam Adelson,adam adelson,11,1.0,10,109.456,25.298,41.46,42.698,,GF,6,80.7,93.02,72.0,False,363
imsa,2024,Watkins Glen,Watkins Glen International,race,621,120,GTD,Adam Adelson,adam adelson,12,1.0,11,111.589,25.643,42.817,43.129,,GF,7,81.1,93.92,72.0,False,363
imsa,2024,Watkins Glen,Watkins Glen International,race,621,120,GTD,Adam Adelson,adam adelson,13,1.0,12,109.794,25.358,41.713,42.723,,GF,8,81.2,93.74,72.0,False,363
imsa,2024,Watkins Glen,Watkins Glen International,race,621,120,GTD,Adam Adelson,adam adelson,14,1.0,13,110.291,25.393,42.01,42.888,,GF,9,81.4,93.92,71.0,False,363
imsa,2024,Watkins Glen,Watkins Glen International,race,621,120,GTD,Adam Adelson,adam adelson,15,1.0,14,111.772,26.069,43.066,42.637,,GF,10,81.5,94.1,71.0,False,363
imsa,2024,Watkins Glen,Watkins Glen International,race,621,120,GTD,Adam Adelson,adam adelson,16,1.0,15,116.933,25.714,42.998,48.221,,FCY,11,81.4,94.1,71.0,False,363
imsa,2024,Watkins Glen,Watkins Glen International,race,621,120,GTD,Adam Adelson,adam adelson,17,1.0,16,134.514,31.555,47.018,55.941,,FCY,11,81.3,94.1,71.0,False,363
imsa,2024,Watkins Glen,Watkins Glen International,race,621,120,GTD,Adam Adelson,adam adelson,18,1.0,17,192.494,32.781,81.468,78.245,,FCY,11,81.3,94.28,71.0,False,363
imsa,2024,Watkins Glen,Watkins Glen International,race,621,120,GTD,Adam Adelson,adam adelson,19,1.0,18,197.13,54.504,73.326,69.3,,FCY,11,81.3,94.1,71.0,False,363
imsa,2024,Watkins Glen,Watkins Glen International,race,621,120,GTD,Adam Adelson,adam adelson,20,1.0,19,178.565,27.971,48.601,101.993,,FCY,11,81.2,93.92,71.0,False,363
imsa,2024,Watkins Glen,Watkins Glen International,race,621,120,GTD,Adam Adelson,adam adelson,21,1.0,20,160.9,47.478,57.48,55.942,58.378,FCY,0,81.3,93.74,71.0,False,363
imsa,2024,Watkins Glen,Watkins Glen International,race,621,120,GTD,Adam Adelson,adam adelson,22,1.0,21,200.778,46.313,81.591,72.874,,FCY,0,81.2,93.2,71.0,False,363
imsa,2024,Watkins Glen,Watkins Glen International,race,621,120,GTD,Adam Adelson,adam adelson,23,1.0,22,216.533,60.084,73.098,83.351,,FCY,0,81.0,92.84,71.0,False,363
imsa,2024,Watkins Glen,Watkins Glen International,race,621,120,GTD,Adam Adelson,adam adelson,24,1.0,23,176.346,60.573,67.765,48.008,,GF,0,80.8,92.48,72.0,False,363
imsa,2024,Watkins Glen,Watkins Glen International,race,621,120,GTD,Adam Adelson,adam adelson,25,1.0,24,109.545,25.505,41.535,42.505,,GF,1,80.8,92.3,72.0,False,363
imsa,2024,Watkins Glen,Watkins Glen International,race,621,120,GTD,Adam Adelson,adam adelson,26,1.0,25,108.664,25.392,40.903,42.369,,GF,2,80.8,92.3,72.0,False,363
imsa,2024,Watkins Glen,Watkins Glen International,race,621,120,GTD,Adam Adelson,adam adelson,27,1.0,26,109.786,25.347,41.591,42.848,,GF,3,80.8,92.3,72.0,False,363
imsa,2024,Watkins Glen,Watkins Glen International,race,621,120,GTD,Adam Adelson,adam adelson,28,1.0,27,108.49,25.273,41.114,42.103,,GF,4,80.8,92.48,71.0,False,363
imsa,2024,Watkins Glen,Watkins Glen International,race,621,120,GTD,Adam Adelson,adam adelson,29,1.0,28,109.117,25.785,40.782,42.55,,GF,5,80.8,92.3,71.0,False,363
imsa,2024,Watkins Glen,Watkins Glen International,race,621,120,GTD,Adam Adelson,adam adelson,30,1.0,29,108.809,25.382,40.873,42.554,,GF,6,80.7,92.12,72.0,False,363
imsa,2024,Watkins Glen,Watkins Glen International,race,621,120,GTD,Adam Adelson,adam adelson,31,1.0,30,110.578,25.497,42.067,43.014,,GF,7,80.7,92.12,72.0,False,363
imsa,2024,Watkins Glen,Watkins Glen International,race,621,120,GTD,Adam Adelson,adam adelson,32,1.0,31,108.729,25.436,41.048,42.245,,GF,8,80.8,92.3,72.0,False,363
imsa,2024,Watkins Glen,Watkins Glen International,race,621,120,GTD,Adam Adelson,adam adelson,33,1.0,32,109.094,25.418,40.802,42.874,,GF,9,80.8,92.66,71.0,False,363
imsa,2024,Watkins Glen,Watkins Glen International,race,621,120,GTD,Adam Adelson,adam adelson,34,1.0,33,109.751,25.291,41.9,42.56,,GF,10,80.9,92.84,71.0,False,363
imsa,2024,Watkins Glen,Watkins Glen International,race,621,120,GTD,Adam Adelson,adam adelson,35,1.0,34,109.331,25.324,41.176,42.831,,GF,11,81.0,93.2,70.0,False,363
imsa,2024,Watkins Glen,Watkins Glen International,race,621,120,GTD,Adam Adelson,adam adelson,36,1.0,35,109.661,25.593,41.368,42.7,,GF,12,81.1,93.38,71.0,False,363
imsa,2024,Watkins Glen,Watkins Glen International,race,621,120,GTD,Adam Adelson,adam adelson,37,1.0,36,108.75,25.365,40.935,42.45,,GF,13,81.2,93.38,71.0,False,363
imsa,2024,Watkins Glen,Watkins Glen International,race,621,120,GTD,Adam Adelson,adam adelson,38,1.0,37,109.302,25.724,41.111,42.467,,GF,14,81.4,93.2,71.0,False,363
imsa,2024,Watkins Glen,Watkins Glen International,race,621,120,GTD,Adam Adelson,adam adelson,39,1.0,38,108.706,25.43,40.931,42.345,,GF,15,81.5,93.2,71.0,False,363
imsa,2024,Watkins Glen,Watkins Glen International,race,621,120,GTD,Adam Adelson,adam adelson,40,1.0,39,109.257,25.401,41.241,42.615,,GF,16,81.6,93.2,70.0,False,363
imsa,2024,Watkins Glen,Watkins Glen International,race,621,120,GTD,Adam Adelson,adam adelson,41,1.0,40,108.721,25.346,40.91,42.465,,GF,17,81.6,93.38,70.0,False,363
imsa,2024,Watkins Glen,Watkins Glen International,race,621,120,GTD,Adam Adelson,adam adelson,42,1.0,41,108.637,25.414,40.861,42.362,,GF,18,81.8,93.56,70.0,False,363
imsa,2024,Watkins Glen,Watkins Glen International,race,621,120,GTD,Adam Adelson,adam adelson,43,1.0,42,108.853,25.357,40.897,42.599,,GF,19,81.8,93.74,69.0,False,363
imsa,2024,Watkins Glen,Watkins Glen International,race,621,120,GTD,Adam Adelson,adam adelson,44,1.0,43,109.244,25.316,41.451,42.477,,GF,20,81.7,93.74,69.0,False,363
imsa,2024,Watkins Glen,Watkins Glen International,race,621,120,GTD,Adam Adelson,adam adelson,45,1.0,44,108.653,25.204,41.036,42.413,,GF,21,81.6,93.74,68.0,False,363
imsa,2024,Watkins Glen,Watkins Glen International,race,621,120,GTD,Adam Adelson,adam adelson,46,1.0,45,109.763,25.322,41.155,43.286,,GF,22,81.6,93.38,68.0,False,363
imsa,2024,Watkins Glen,Watkins Glen International,race,621,120,GTD,Adam Adelson,adam adelson,47,1.0,46,157.776,25.417,41.604,90.755,,GF,23,81.9,92.84,69.0,False,363
imsa,2024,Watkins Glen,Watkins Glen International,race,621,120,GTD,Elliott Skeer,elliott skeer,48,2.0,0,122.701,38.004,42.283,42.414,64.914,GF,0,81.8,92.48,68.0,False,363
imsa,2024,Watkins Glen,Watkins Glen International,race,621,120,GTD,Elliott Skeer,elliott skeer,49,2.0,1,108.501,25.425,41.012,42.064,,GF,0,81.6,91.94,67.0,False,363
imsa,2024,Watkins Glen,Watkins Glen International,race,621,120,GTD,Elliott Skeer,elliott skeer,50,2.0,2,107.259,25.155,40.361,41.743,,GF,1,81.5,91.76,67.0,False,363
imsa,2024,Watkins Glen,Watkins Glen International,race,621,120,GTD,Elliott Skeer,elliott skeer,51,2.0,3,119.634,25.379,40.043,54.212,,GF,2,81.3,91.58,68.0,False,363
imsa,2024,Watkins Glen,Watkins Glen International,race,621,120,GTD,Elliott Skeer,elliott skeer,52,2.0,4,118.574,36.491,40.233,41.85,30.094,GF,0,81.2,91.4,68.0,False,363
imsa,2024,Watkins Glen,Watkins Glen International,race,621,120,GTD,Elliott Skeer,elliott skeer,53,2.0,5,107.266,25.202,40.334,41.73,,GF,0,81.2,91.4,68.0,False,363
imsa,2024,Watkins Glen,Watkins Glen International,race,621,120,GTD,Elliott Skeer,elliott skeer,54,2.0,6,106.948,25.139,40.082,41.727,,GF,1,81.2,91.58,67.0,False,363
imsa,2024,Watkins Glen,Watkins Glen International,race,621,120,GTD,Elliott Skeer,elliott skeer,55,2.0,7,107.346,25.177,40.137,42.032,,GF,2,81.3,92.12,67.0,False,363
imsa,2024,Watkins Glen,Watkins Glen International,race,621,120,GTD,Elliott Skeer,elliott skeer,56,2.0,8,107.233,25.155,40.115,41.963,,GF,3,81.5,93.56,67.0,False,363
imsa,2024,Watkins Glen,Watkins Glen International,race,621,120,GTD,Elliott Skeer,elliott skeer,57,2.0,9,107.092,25.151,40.079,41.862,,GF,4,81.7,93.92,67.0,False,363
imsa,2024,Watkins Glen,Watkins Glen International,race,621,120,GTD,Elliott Skeer,elliott skeer,58,2.0,10,108.07,25.301,40.851,41.918,,GF,5,82.0,95.36,68.0,False,363
imsa,2024,Watkins Glen,Watkins Glen International,race,621,120,GTD,Elliott Skeer,elliott skeer,59,2.0,11,107.153,25.145,40.204,41.804,,GF,6,82.4,96.44,67.0,False,363
imsa,2024,Watkins Glen,Watkins Glen International,race,621,120,GTD,Elliott Skeer,elliott skeer,60,2.0,12,107.656,25.122,40.35,42.184,,GF,7,82.5,96.62,66.0,False,363
imsa,2024,Watkins Glen,Watkins Glen International,race,621,120,GTD,Elliott Skeer,elliott skeer,61,2.0,13,107.852,25.133,40.577,42.142,,GF,8,82.6,96.8,67.0,False,363
imsa,2024,Watkins Glen,Watkins Glen International,race,621,120,GTD,Elliott Skeer,elliott skeer,62,2.0,14,107.699,25.278,40.35,42.071,,FCY,9,82.7,96.8,66.0,False,363
imsa,2024,Watkins Glen,Watkins Glen International,race,621,120,GTD,Elliott Skeer,elliott skeer,63,2.0,15,133.172,32.328,50.61,50.234,,FCY,9,82.9,97.16,66.0,False,363
imsa,2024,Watkins Glen,Watkins Glen International,race,621,120,GTD,Elliott Skeer,elliott skeer,64,2.0,16,146.114,37.433,53.0,55.681,,FCY,9,83.0,97.34,66.0,False,363
imsa,2024,Watkins Glen,Watkins Glen International,race,621,120,GTD,Elliott Skeer,elliott skeer,65,2.0,17,172.979,41.557,59.567,71.855,,FCY,9,83.0,97.52,66.0,False,363
imsa,2024,Watkins Glen,Watkins Glen International,race,621,120,GTD,Elliott Skeer,elliott skeer,66,2.0,18,205.007,62.496,73.174,69.337,,FCY,9,82.7,97.16,64.0,False,363
imsa,2024,Watkins Glen,Watkins Glen International,race,621,120,GTD,Elliott Skeer,elliott skeer,67,2.0,19,185.963,29.322,61.263,95.378,,FCY,9,82.7,96.44,64.0,False,363
imsa,2024,Watkins Glen,Watkins Glen International,race,621,120,GTD,Elliott Skeer,elliott skeer,68,2.0,20,166.197,45.723,52.634,67.84,49.443,FCY,0,82.6,95.9,65.0,False,363
imsa,2024,Watkins Glen,Watkins Glen International,race,621,120,GTD,Elliott Skeer,elliott skeer,69,2.0,21,202.731,59.198,76.25,67.283,,FCY,0,82.5,95.72,64.0,False,363
imsa,2024,Watkins Glen,Watkins Glen International,race,621,120,GTD,Elliott Skeer,elliott skeer,70,2.0,22,155.598,41.737,61.609,52.252,,GF,0,82.5,95.9,64.0,False,363
imsa,2024,Watkins Glen,Watkins Glen International,race,621,120,GTD,Elliott Skeer,elliott skeer,71,2.0,23,110.693,25.513,42.737,42.443,,GF,1,82.6,96.08,64.0,False,363
imsa,2024,Watkins Glen,Watkins Glen International,race,621,120,GTD,Elliott Skeer,elliott skeer,72,2.0,24,109.161,25.402,41.982,41.777,,GF,2,82.6,96.08,65.0,False,363
imsa,2024,Watkins Glen,Watkins Glen International,race,621,120,GTD,Elliott Skeer,elliott skeer,73,2.0,25,107.644,24.986,40.552,42.106,,GF,3,82.6,96.08,65.0,False,363
imsa,2024,Watkins Glen,Watkins Glen International,race,621,120,GTD,Elliott Skeer,elliott skeer,74,2.0,26,107.636,25.053,40.357,42.226,,GF,4,82.7,95.54,65.0,False,363
imsa,2024,Watkins Glen,Watkins Glen International,race,621,120,GTD,Elliott Skeer,elliott skeer,75,2.0,27,107.662,25.232,40.18,42.25,,GF,5,82.6,95.18,65.0,False,363
imsa,2024,Watkins Glen,Watkins Glen International,race,621,120,GTD,Elliott Skeer,elliott skeer,76,2.0,28,111.741,25.137,41.761,44.843,,GF,6,82.6,95.0,66.0,False,363
imsa,2024,Watkins Glen,Watkins Glen International,race,621,120,GTD,Elliott Skeer,elliott skeer,77,2.0,29,111.337,25.543,43.17,42.624,,GF,7,82.5,94.1,67.0,False,363
imsa,2024,Watkins Glen,Watkins Glen International,race,621,120,GTD,Elliott Skeer,elliott skeer,78,2.0,30,108.56,25.292,41.1,42.168,,GF,8,82.3,93.74,66.0,False,363
imsa,2024,Watkins Glen,Watkins Glen International,race,621,120,GTD,Elliott Skeer,elliott skeer,79,2.0,31,108.167,25.141,40.769,42.257,,GF,9,82.0,93.02,66.0,False,363
imsa,2024,Watkins Glen,Watkins Glen International,race,621,120,GTD,Elliott Skeer,elliott skeer,80,2.0,32,109.198,25.193,41.288,42.717,,GF,10,81.5,92.66,66.0,False,363
imsa,2024,Watkins Glen,Watkins Glen International,race,621,120,GTD,Elliott Skeer,elliott skeer,81,2.0,33,109.668,25.32,41.687,42.661,,GF,11,80.7,91.94,68.0,False,363
imsa,2024,Watkins Glen,Watkins Glen International,race,621,120,GTD,Elliott Skeer,elliott skeer,82,2.0,34,110.974,25.234,42.122,43.618,,GF,12,79.9,91.76,69.0,False,363
imsa,2024,Watkins Glen,Watkins Glen International,race,621,120,GTD,Elliott Skeer,elliott skeer,83,2.0,35,171.505,26.378,42.848,102.279,,FCY,13,78.9,88.7,72.0,False,363
imsa,2024,Watkins Glen,Watkins Glen International,race,621,120,GTD,Elliott Skeer,elliott skeer,84,2.0,36,183.965,47.806,54.25,81.909,74.628,FCY,0,77.8,86.36,75.0,False,363
imsa,2024,Watkins Glen,Watkins Glen International,race,621,120,GTD,Elliott Skeer,elliott skeer,85,2.0,37,195.472,33.198,60.821,101.453,,FCY,0,77.1,85.64,76.0,False,363
imsa,2024,Watkins Glen,Watkins Glen International,race,621,120,GTD,Elliott Skeer,elliott skeer,86,2.0,38,159.497,44.555,50.541,64.401,,FCY,0,76.9,85.1,76.0,False,363
imsa,2024,Watkins Glen,Watkins Glen International,race,621,120,GTD,Elliott Skeer,elliott skeer,87,2.0,39,145.178,32.831,51.504,60.843,,FCY,0,76.6,84.02,77.0,False,363
imsa,2024,Watkins Glen,Watkins Glen International,race,621,120,GTD,Elliott Skeer,elliott skeer,88,2.0,40,196.435,32.969,54.504,108.962,,FCY,0,76.2,82.58,77.0,False,363
imsa,2024,Watkins Glen,Watkins Glen International,race,621,120,GTD,Elliott Skeer,elliott skeer,89,2.0,41,185.324,39.649,46.607,99.068,45.167,FCY,0,76.0,82.4,78.0,False,363
imsa,2024,Watkins Glen,Watkins Glen International,race,621,120,GTD,Elliott Skeer,elliott skeer,90,2.0,42,147.93,41.55,45.941,60.439,51.736,FCY,0,76.0,82.4,77.0,False,363
imsa,2024,Watkins Glen,Watkins Glen International,race,621,120,GTD,Elliott Skeer,elliott skeer,91,2.0,43,181.203,55.633,70.317,55.253,,GF,0,76.0,82.04,77.0,False,363
imsa,2024,Watkins Glen,Watkins Glen International,race,621,120,GTD,Elliott Skeer,elliott skeer,92,2.0,44,114.042,26.109,43.537,44.396,,GF,1,76.0,81.68,78.0,False,363
imsa,2024,Watkins Glen,Watkins Glen International,race,621,120,GTD,Elliott Skeer,elliott skeer,93,2.0,45,109.422,25.522,41.009,42.891,,GF,2,76.0,81.5,77.0,False,363
imsa,2024,Watkins Glen,Watkins Glen International,race,621,120,GTD,Elliott Skeer,elliott skeer,94,2.0,46,111.178,25.693,42.22,43.265,,GF,3,76.0,81.32,77.0,False,363
imsa,2024,Watkins Glen,Watkins Glen International,race,621,120,GTD,Elliott Skeer,elliott skeer,95,2.0,47,111.351,25.747,42.107,43.497,,GF,4,76.1,80.78,78.0,False,363
imsa,2024,Watkins Glen,Watkins Glen International,race,621,120,GTD,Elliott Skeer,elliott skeer,96,2.0,48,148.033,36.431,56.15,55.452,,FCY,5,76.0,80.42,78.0,False,363
imsa,2024,Watkins Glen,Watkins Glen International,race,621,120,GTD,Elliott Skeer,elliott skeer,97,2.0,49,183.732,34.98,60.177,88.575,,FCY,5,75.7,80.06,78.0,False,363
imsa,2024,Watkins Glen,Watkins Glen International,race,621,120,GTD,Elliott Skeer,elliott skeer,98,2.0,50,208.113,39.678,77.013,91.422,,FCY,5,75.5,79.88,79.0,False,363
imsa,2024,Watkins Glen,Watkins Glen International,race,621,120,GTD,Elliott Skeer,elliott skeer,99,2.0,51,208.962,44.381,75.57,89.011,,FCY,5,75.4,79.7,80.0,False,363
imsa,2024,Watkins Glen,Watkins Glen International,race,621,120,GTD,Elliott Skeer,elliott skeer,100,2.0,52,177.311,45.799,75.141,56.371,,GF,5,75.6,79.7,78.0,False,363
imsa,2024,Watkins Glen,Watkins Glen International,race,621,120,GTD,Elliott Skeer,elliott skeer,101,2.0,53,112.608,28.08,42.103,42.425,,GF,6,75.7,79.7,78.0,False,363
imsa,2024,Watkins Glen,Watkins Glen International,race,621,120,GTD,Elliott Skeer,elliott skeer,102,2.0,54,108.374,26.185,40.158,42.031,,GF,7,75.9,79.7,78.0,False,363
imsa,2024,Watkins Glen,Watkins Glen International,race,621,120,GTD,Elliott Skeer,elliott skeer,103,2.0,55,110.276,26.995,41.202,42.079,,GF,8,76.2,80.06,77.0,False,363
imsa,2024,Watkins Glen,Watkins Glen International,race,621,120,GTD,Elliott Skeer,elliott skeer,104,2.0,56,107.632,25.785,40.047,41.8,,GF,9,76.5,80.6,76.0,False,363
imsa,2024,Watkins Glen,Watkins Glen International,race,621,120,GTD,Elliott Skeer,elliott skeer,105,2.0,57,107.173,25.283,39.982,41.908,,GF,10,76.7,80.96,76.0,False,363
imsa,2024,Watkins Glen,Watkins Glen International,race,621,120,GTD,Elliott Skeer,elliott skeer,106,2.0,58,107.044,25.184,40.078,41.782,,GF,11,76.8,81.32,76.0,False,363
imsa,2024,Watkins Glen,Watkins Glen International,race,621,120,GTD,Elliott Skeer,elliott skeer,107,2.0,59,106.773,25.059,39.984,41.73,,GF,12,77.0,81.68,75.0,False,363
imsa,2024,Watkins Glen,Watkins Glen International,race,621,120,GTD,Elliott Skeer,elliott skeer,108,2.0,60,107.461,25.106,39.962,42.393,,GF,13,77.2,82.76,75.0,False,363
imsa,2024,Watkins Glen,Watkins Glen International,race,621,120,GTD,Elliott Skeer,elliott skeer,109,2.0,61,109.138,25.219,41.559,42.36,,GF,14,77.4,82.76,73.0,False,363
imsa,2024,Watkins Glen,Watkins Glen International,race,621,120,GTD,Elliott Skeer,elliott skeer,110,2.0,62,107.02,25.096,40.004,41.92,,GF,15,77.5,82.58,74.0,False,363
imsa,2024,Watkins Glen,Watkins Glen International,race,621,120,GTD,Elliott Skeer,elliott skeer,111,2.0,63,110.061,25.912,41.818,42.331,,GF,16,77.3,82.58,74.0,False,363
imsa,2024,Watkins Glen,Watkins Glen International,race,621,120,GTD,Elliott Skeer,elliott skeer,112,2.0,64,107.748,25.083,40.753,41.912,,GF,17,77.2,82.76,74.0,False,363
imsa,2024,Watkins Glen,Watkins Glen International,race,621,120,GTD,Elliott Skeer,elliott skeer,113,2.0,65,107.348,24.964,40.16,42.224,,GF,18,77.1,82.76,74.0,False,363
imsa,2024,Watkins Glen,Watkins Glen International,race,621,120,GTD,Elliott Skeer,elliott skeer,114,2.0,66,108.387,25.125,41.286,41.976,,GF,19,77.1,82.94,75.0,False,363
imsa,2024,Watkins Glen,Watkins Glen International,race,621,120,GTD,Elliott Skeer,elliott skeer,115,2.0,67,107.151,25.001,40.206,41.944,,GF,20,77.0,82.94,75.0,False,363
imsa,2024,Watkins Glen,Watkins Glen International,race,621,120,GTD,Elliott Skeer,elliott skeer,116,2.0,68,106.902,25.016,39.959,41.927,,GF,21,76.8,83.12,75.0,False,363
imsa,2024,Watkins Glen,Watkins Glen International,race,621,120,GTD,Elliott Skeer,elliott skeer,117,2.0,69,107.47,24.965,40.312,42.193,,GF,22,76.8,82.94,75.0,False,363
imsa,2024,Watkins Glen,Watkins Glen International,race,621,120,GTD,Elliott Skeer,elliott skeer,118,2.0,70,171.445,25.039,40.792,105.614,,FCY,23,76.3,80.24,78.0,False,363
imsa,2024,Watkins Glen,Watkins Glen International,race,621,120,GTD,Jan Heylen,jan heylen,119,3.0,0,280.972,76.885,101.002,103.085,76.594,FCY,0,74.0,78.8,81.0,False,363
imsa,2024,Watkins Glen,Watkins Glen International,race,621,120,GTD,Jan Heylen,jan heylen,120,3.0,1,214.65,49.647,69.981,95.022,,FCY,0,73.3,78.62,83.0,False,363
imsa,2024,Watkins Glen,Watkins Glen International,race,621,120,GTD,Jan Heylen,jan heylen,121,3.0,2,353.376,80.461,133.846,139.069,,FCY,0,72.7,77.72,85.0,False,363
imsa,2024,Watkins Glen,Watkins Glen International,race,621,120,GTD,Jan Heylen,jan heylen,122,3.0,3,377.725,99.736,133.98,144.009,,FCY,0,72.2,75.92,86.0,False,363
imsa,2024,Watkins Glen,Watkins Glen International,race,621,120,GTD,Jan Heylen,jan heylen,123,3.0,4,2971.884,105.984,2793.565,72.335,2245.717,FCY,0,75.8,83.84,82.0,False,363
imsa,2024,Watkins Glen,Watkins Glen International,race,621,120,GTD,Jan Heylen,jan heylen,124,3.0,5,176.474,34.502,50.278,91.694,,FCY,0,76.0,84.56,81.0,False,363
imsa,2024,Watkins Glen,Watkins Glen International,race,621,120,GTD,Jan Heylen,jan heylen,125,3.0,6,165.112,43.858,53.066,68.188,47.687,FCY,0,76.2,85.46,81.0,False,363
imsa,2024,Watkins Glen,Watkins Glen International,race,621,120,GTD,Jan Heylen,jan heylen,126,3.0,7,206.921,51.0,70.276,85.645,,FCY,0,76.6,87.08,80.0,False,363
imsa,2024,Watkins Glen,Watkins Glen International,race,621,120,GTD,Jan Heylen,jan heylen,127,3.0,8,208.957,64.499,68.049,76.409,,FCY,0,77.2,88.52,80.0,False,363
imsa,2024,Watkins Glen,Watkins Glen International,race,621,120,GTD,Jan Heylen,jan heylen,128,3.0,9,205.032,57.719,76.124,71.189,,FCY,0,77.3,88.16,79.0,False,363
imsa,2024,Watkins Glen,Watkins Glen International,race,621,120,GTD,Jan Heylen,jan heylen,129,3.0,10,192.837,58.733,79.364,54.74,,GF,0,77.2,88.52,79.0,False,363
imsa,2024,Watkins Glen,Watkins Glen International,race,621,120,GTD,Jan Heylen,jan heylen,130,3.0,11,108.16,25.268,40.753,42.139,,GF,1,77.0,87.98,78.0,False,363
imsa,2024,Watkins Glen,Watkins Glen International,race,621,120,GTD,Jan Heylen,jan heylen,131,3.0,12,108.915,25.095,40.633,43.187,,GF,2,77.0,88.34,79.0,False,363
imsa,2024,Watkins Glen,Watkins Glen International,race,621,120,GTD,Jan Heylen,jan heylen,132,3.0,13,108.258,25.1,41.229,41.929,,GF,3,77.0,87.98,79.0,False,363
imsa,2024,Watkins Glen,Watkins Glen International,race,621,120,GTD,Jan Heylen,jan heylen,133,3.0,14,109.116,25.281,41.113,42.722,,GF,4,77.0,87.62,79.0,False,363
imsa,2024,Watkins Glen,Watkins Glen International,race,621,120,GTD,Jan Heylen,jan heylen,134,3.0,15,107.324,25.135,40.314,41.875,,GF,5,76.8,87.08,79.0,False,363
imsa,2024,Watkins Glen,Watkins Glen International,race,621,120,GTD,Jan Heylen,jan heylen,135,3.0,16,107.04,25.148,40.166,41.726,,GF,6,76.7,86.72,79.0,False,363
imsa,2024,Watkins Glen,Watkins Glen International,race,621,120,GTD,Jan Heylen,jan heylen,136,3.0,17,107.753,25.054,40.839,41.86,,GF,7,76.6,86.72,79.0,False,363
imsa,2024,Watkins Glen,Watkins Glen International,race,621,120,GTD,Jan Heylen,jan heylen,137,3.0,18,108.15,25.249,40.135,42.766,,GF,8,76.5,86.18,79.0,False,363
imsa,2024,Watkins Glen,Watkins Glen International,race,621,120,GTD,Jan Heylen,jan heylen,138,3.0,19,107.188,25.203,40.192,41.793,,GF,9,76.5,86.0,80.0,False,363
imsa,2024,Watkins Glen,Watkins Glen International,race,621,120,GTD,Jan Heylen,jan heylen,139,3.0,20,107.768,25.385,40.175,42.208,,FF,10,76.5,86.0,80.0,False,363
imsa,2024,Watkins Glen,Watkins Glen International,race,621,13,GTD,Orey Fidani,orey fidani,1,1.0,0,157.156,68.171,45.097,43.888,,GF,0,79.9,88.7,72.0,False,363
imsa,2024,Watkins Glen,Watkins Glen International,race,621,13,GTD,Orey Fidani,orey fidani,2,1.0,1,112.492,25.592,43.956,42.944,,GF,0,80.0,88.52,72.0,False,363
imsa,2024,Watkins Glen,Watkins Glen International,race,621,13,GTD,Orey Fidani,orey fidani,3,1.0,2,128.471,25.625,43.75,59.096,,FCY,1,80.0,88.7,72.0,False,363
imsa,2024,Watkins Glen,Watkins Glen International,race,621,13,GTD,Orey Fidani,orey fidani,4,1.0,3,146.904,37.756,55.889,53.259,,FCY,1,80.0,88.88,72.0,False,363
imsa,2024,Watkins Glen,Watkins Glen International,race,621,13,GTD,Orey Fidani,orey fidani,5,1.0,4,151.817,28.481,53.144,70.192,,FCY,1,80.1,89.06,73.0,False,363
imsa,2024,Watkins Glen,Watkins Glen International,race,621,13,GTD,Orey Fidani,orey fidani,6,1.0,5,182.668,67.909,67.864,46.895,,GF,1,80.2,89.78,72.0,False,363
imsa,2024,Watkins Glen,Watkins Glen International,race,621,13,GTD,Orey Fidani,orey fidani,7,1.0,6,112.036,25.923,42.679,43.434,,GF,2,80.3,90.5,72.0,False,363
imsa,2024,Watkins Glen,Watkins Glen International,race,621,13,GTD,Orey Fidani,orey fidani,8,1.0,7,110.347,25.734,41.779,42.834,,GF,3,80.3,90.68,72.0,False,363
imsa,2024,Watkins Glen,Watkins Glen International,race,621,13,GTD,Orey Fidani,orey fidani,9,1.0,8,110.02,25.612,41.603,42.805,,GF,4,80.3,91.4,72.0,False,363
imsa,2024,Watkins Glen,Watkins Glen International,race,621,13,GTD,Orey Fidani,orey fidani,10,1.0,9,111.538,25.984,42.636,42.918,,GF,5,80.5,91.94,72.0,False,363
imsa,2024,Watkins Glen,Watkins Glen International,race,621,13,GTD,Orey Fidani,orey fidani,11,1.0,10,113.801,25.829,43.952,44.02,,GF,6,80.7,93.02,72.0,False,363
imsa,2024,Watkins Glen,Watkins Glen International,race,621,13,GTD,Orey Fidani,orey fidani,12,1.0,11,110.821,25.788,42.007,43.026,,GF,7,81.1,93.92,72.0,False,363
imsa,2024,Watkins Glen,Watkins Glen International,race,621,13,GTD,Orey Fidani,orey fidani,13,1.0,12,112.374,26.006,42.91,43.458,,GF,8,81.2,93.74,71.0,False,363
imsa,2024,Watkins Glen,Watkins Glen International,race,621,13,GTD,Orey Fidani,orey fidani,14,1.0,13,112.421,26.162,42.499,43.76,,GF,9,81.4,93.92,71.0,False,363
imsa,2024,Watkins Glen,Watkins Glen International,race,621,13,GTD,Orey Fidani,orey fidani,15,1.0,14,110.605,25.799,41.774,43.032,,GF,10,81.5,94.1,71.0,False,363
imsa,2024,Watkins Glen,Watkins Glen International,race,621,13,GTD,Orey Fidani,orey fidani,16,1.0,15,122.332,25.609,42.295,54.428,,FCY,11,81.4,94.1,71.0,False,363
imsa,2024,Watkins Glen,Watkins Glen International,race,621,13,GTD,Orey Fidani,orey fidani,17,1.0,16,132.848,29.437,51.446,51.965,,FCY,11,81.3,94.1,71.0,False,363
imsa,2024,Watkins Glen,Watkins Glen International,race,621,13,GTD,Orey Fidani,orey fidani,18,1.0,17,179.591,27.316,76.732,75.543,,FCY,11,81.3,94.28,71.0,False,363
imsa,2024,Watkins Glen,Watkins Glen International,race,621,13,GTD,Orey Fidani,orey fidani,19,1.0,18,199.139,55.321,73.609,70.209,,FCY,11,81.3,94.1,71.0,False,363
imsa,2024,Watkins Glen,Watkins Glen International,race,621,13,GTD,Orey Fidani,orey fidani,20,1.0,19,185.452,30.206,53.265,101.981,,FCY,11,81.2,93.92,71.0,False,363
imsa,2024,Watkins Glen,Watkins Glen International,race,621,13,GTD,Orey Fidani,orey fidani,21,1.0,20,158.114,42.288,57.785,58.041,59.372,FCY,0,81.3,93.74,71.0,False,363
imsa,2024,Watkins Glen,Watkins Glen International,race,621,13,GTD,Orey Fidani,orey fidani,22,1.0,21,196.242,45.384,78.763,72.095,,FCY,0,81.2,93.2,71.0,False,363
imsa,2024,Watkins Glen,Watkins Glen International,race,621,13,GTD,Orey Fidani,orey fidani,23,1.0,22,215.654,62.294,72.337,81.023,,FCY,0,81.0,92.84,71.0,False,363
imsa,2024,Watkins Glen,Watkins Glen International,race,621,13,GTD,Orey Fidani,orey fidani,24,1.0,23,173.974,63.568,63.957,46.449,,GF,0,80.8,92.48,72.0,False,363
imsa,2024,Watkins Glen,Watkins Glen International,race,621,13,GTD,Orey Fidani,orey fidani,25,1.0,24,112.172,25.685,42.363,44.124,,GF,1,80.8,92.3,72.0,False,363
imsa,2024,Watkins Glen,Watkins Glen International,race,621,13,GTD,Orey Fidani,orey fidani,26,1.0,25,111.36,25.725,42.483,43.152,,GF,2,80.8,92.3,72.0,False,363
imsa,2024,Watkins Glen,Watkins Glen International,race,621,13,GTD,Orey Fidani,orey fidani,27,1.0,26,110.623,25.898,42.005,42.72,,GF,3,80.8,92.3,72.0,False,363
imsa,2024,Watkins Glen,Watkins Glen International,race,621,13,GTD,Orey Fidani,orey fidani,28,1.0,27,110.938,25.733,42.263,42.942,,GF,4,80.8,92.48,71.0,False,363
imsa,2024,Watkins Glen,Watkins Glen International,race,621,13,GTD,Orey Fidani,orey fidani,29,1.0,28,113.248,26.273,43.314,43.661,,GF,5,80.7,92.12,71.0,False,363
imsa,2024,Watkins Glen,Watkins Glen International,race,621,13,GTD,Orey Fidani,orey fidani,30,1.0,29,111.466,25.97,42.027,43.469,,GF,6,80.7,92.12,71.0,False,363
imsa,2024,Watkins Glen,Watkins Glen International,race,621,13,GTD,Orey Fidani,orey fidani,31,1.0,30,111.175,25.68,41.778,43.717,,GF,7,80.7,92.12,72.0,False,363
imsa,2024,Watkins Glen,Watkins Glen International,race,621,13,GTD,Orey Fidani,orey fidani,32,1.0,31,112.143,25.68,43.108,43.355,,GF,8,80.8,92.3,72.0,False,363
imsa,2024,Watkins Glen,Watkins Glen International,race,621,13,GTD,Orey Fidani,orey fidani,33,1.0,32,112.136,25.909,42.839,43.388,,GF,9,80.9,92.66,71.0,False,363
imsa,2024,Watkins Glen,Watkins Glen International,race,621,13,GTD,Orey Fidani,orey fidani,34,1.0,33,111.329,25.744,42.12,43.465,,GF,10,81.0,93.2,72.0,False,363
imsa,2024,Watkins Glen,Watkins Glen International,race,621,13,GTD,Orey Fidani,orey fidani,35,1.0,34,111.195,25.608,42.421,43.166,,GF,11,81.0,93.2,70.0,False,363
imsa,2024,Watkins Glen,Watkins Glen International,race,621,13,GTD,Orey Fidani,orey fidani,36,1.0,35,111.755,25.778,42.694,43.283,,GF,12,81.1,93.38,71.0,False,363
imsa,2024,Watkins Glen,Watkins Glen International,race,621,13,GTD,Orey Fidani,orey fidani,37,1.0,36,111.043,25.764,42.623,42.656,,GF,13,81.3,93.38,71.0,False,363
imsa,2024,Watkins Glen,Watkins Glen International,race,621,13,GTD,Orey Fidani,orey fidani,38,1.0,37,110.065,25.654,41.681,42.73,,GF,14,81.4,93.2,71.0,False,363
imsa,2024,Watkins Glen,Watkins Glen International,race,621,13,GTD,Orey Fidani,orey fidani,39,1.0,38,109.839,25.46,41.544,42.835,,GF,15,81.6,93.2,70.0,False,363
imsa,2024,Watkins Glen,Watkins Glen International,race,621,13,GTD,Orey Fidani,orey fidani,40,1.0,39,110.306,25.705,41.681,42.92,,GF,16,81.6,93.2,70.0,False,363
imsa,2024,Watkins Glen,Watkins Glen International,race,621,13,GTD,Orey Fidani,orey fidani,41,1.0,40,110.452,25.589,41.992,42.871,,GF,17,81.7,93.56,70.0,False,363
imsa,2024,Watkins Glen,Watkins Glen International,race,621,13,GTD,Orey Fidani,orey fidani,42,1.0,41,111.678,25.694,42.929,43.055,,GF,18,81.7,93.74,70.0,False,363
imsa,2024,Watkins Glen,Watkins Glen International,race,621,13,GTD,Orey Fidani,orey fidani,43,1.0,42,165.441,25.644,43.906,95.891,,GF,19,81.7,93.74,69.0,False,363
imsa,2024,Watkins Glen,Watkins Glen International,race,621,13,GTD,Lars Kern,lars kern,44,2.0,0,129.777,40.698,45.26,43.819,68.149,GF,0,81.7,93.56,68.0,False,363
imsa,2024,Watkins Glen,Watkins Glen International,race,621,13,GTD,Lars Kern,lars kern,45,2.0,1,110.783,25.919,42.042,42.822,,GF,0,81.6,93.38,68.0,False,363
imsa,2024,Watkins Glen,Watkins Glen International,race,621,13,GTD,Lars Kern,lars kern,46,2.0,2,112.302,25.566,42.253,44.483,,GF,1,81.8,93.2,69.0,False,363
imsa,2024,Watkins Glen,Watkins Glen International,race,621,13,GTD,Lars Kern,lars kern,47,2.0,3,109.431,25.491,41.363,42.577,,GF,2,81.8,92.66,68.0,False,363
imsa,2024,Watkins Glen,Watkins Glen International,race,621,13,GTD,Lars Kern,lars kern,48,2.0,4,108.68,25.417,40.861,42.402,,GF,3,81.8,92.3,68.0,False,363
imsa,2024,Watkins Glen,Watkins Glen International,race,621,13,GTD,Lars Kern,lars kern,49,2.0,5,108.305,25.413,40.724,42.168,,GF,4,81.6,91.94,67.0,False,363
imsa,2024,Watkins Glen,Watkins Glen International,race,621,13,GTD,Lars Kern,lars kern,50,2.0,6,108.922,25.437,40.817,42.668,,GF,5,81.4,91.76,68.0,False,363
imsa,2024,Watkins Glen,Watkins Glen International,race,621,13,GTD,Lars Kern,lars kern,51,2.0,7,108.804,25.379,41.22,42.205,,GF,6,81.2,91.4,68.0,False,363
imsa,2024,Watkins Glen,Watkins Glen International,race,621,13,GTD,Lars Kern,lars kern,52,2.0,8,110.245,25.337,41.296,43.612,,GF,7,81.2,91.4,68.0,False,363
imsa,2024,Watkins Glen,Watkins Glen International,race,621,13,GTD,Lars Kern,lars kern,53,2.0,9,109.926,25.419,42.166,42.341,,GF,8,81.2,91.4,68.0,False,363
imsa,2024,Watkins Glen,Watkins Glen International,race,621,13,GTD,Lars Kern,lars kern,54,2.0,10,108.6,25.441,40.898,42.261,,GF,9,81.3,91.94,67.0,False,363
imsa,2024,Watkins Glen,Watkins Glen International,race,621,13,GTD,Lars Kern,lars kern,55,2.0,11,108.158,25.372,40.825,41.961,,GF,10,81.4,93.02,67.0,False,363
imsa,2024,Watkins Glen,Watkins Glen International,race,621,13,GTD,Lars Kern,lars kern,56,2.0,12,108.83,25.272,41.18,42.378,,GF,11,81.7,93.92,67.0,False,363
imsa,2024,Watkins Glen,Watkins Glen International,race,621,13,GTD,Lars Kern,lars kern,57,2.0,13,108.206,25.33,40.705,42.171,,GF,12,81.8,95.36,67.0,False,363
imsa,2024,Watkins Glen,Watkins Glen International,race,621,13,GTD,Lars Kern,lars kern,58,2.0,14,108.699,25.512,41.162,42.025,,GF,13,82.2,96.26,67.0,False,363
imsa,2024,Watkins Glen,Watkins Glen International,race,621,13,GTD,Lars Kern,lars kern,59,2.0,15,109.047,25.411,41.245,42.391,,GF,14,82.5,96.62,67.0,False,363
imsa,2024,Watkins Glen,Watkins Glen International,race,621,13,GTD,Lars Kern,lars kern,60,2.0,16,110.212,25.299,42.222,42.691,,GF,15,82.5,96.62,66.0,False,363
imsa,2024,Watkins Glen,Watkins Glen International,race,621,13,GTD,Lars Kern,lars kern,61,2.0,17,108.318,25.355,40.738,42.225,,GF,16,82.6,96.8,67.0,False,363
imsa,2024,Watkins Glen,Watkins Glen International,race,621,13,GTD,Lars Kern,lars kern,62,2.0,18,129.182,25.48,44.78,58.922,,FCY,17,82.8,96.98,66.0,False,363
imsa,2024,Watkins Glen,Watkins Glen International,race,621,13,GTD,Lars Kern,lars kern,63,2.0,19,156.494,44.089,57.218,55.187,,FCY,17,82.9,97.34,65.0,False,363
imsa,2024,Watkins Glen,Watkins Glen International,race,621,13,GTD,Lars Kern,lars kern,64,2.0,20,170.796,39.371,69.609,61.816,,FCY,17,83.0,97.52,66.0,False,363
imsa,2024,Watkins Glen,Watkins Glen International,race,621,13,GTD,Lars Kern,lars kern,65,2.0,21,118.353,31.553,43.495,43.305,,FCY,17,82.9,97.34,65.0,False,363
imsa,2024,Watkins Glen,Watkins Glen International,race,621,13,GTD,Lars Kern,lars kern,66,2.0,22,143.997,28.862,49.305,65.83,,FCY,17,82.7,97.16,64.0,False,363
imsa,2024,Watkins Glen,Watkins Glen International,race,621,13,GTD,Lars Kern,lars kern,67,2.0,23,194.171,31.177,59.485,103.509,,FCY,17,82.7,96.44,64.0,False,363
imsa,2024,Watkins Glen,Watkins Glen International,race,621,13,GTD,Lars Kern,lars kern,68,2.0,24,152.677,41.081,47.75,63.846,61.537,FCY,0,82.6,95.9,65.0,False,363
imsa,2024,Watkins Glen,Watkins Glen International,race,621,13,GTD,Lars Kern,lars kern,69,2.0,25,202.729,60.548,75.169,67.012,,FCY,0,82.5,95.72,65.0,False,363
imsa,2024,Watkins Glen,Watkins Glen International,race,621,13,GTD,Lars Kern,lars kern,70,2.0,26,150.413,40.661,60.925,48.827,,GF,0,82.5,95.9,64.0,False,363
imsa,2024,Watkins Glen,Watkins Glen International,race,621,13,GTD,Lars Kern,lars kern,71,2.0,27,113.03,26.627,42.861,43.542,,GF,1,82.6,96.08,64.0,False,363
imsa,2024,Watkins Glen,Watkins Glen International,race,621,13,GTD,Lars Kern,lars kern,72,2.0,28,112.131,25.547,44.23,42.354,,GF,2,82.6,96.08,65.0,False,363
imsa,2024,Watkins Glen,Watkins Glen International,race,621,13,GTD,Lars Kern,lars kern,73,2.0,29,108.803,25.371,40.808,42.624,,GF,3,82.6,96.08,65.0,False,363
imsa,2024,Watkins Glen,Watkins Glen International,race,621,13,GTD,Lars Kern,lars kern,74,2.0,30,109.364,25.398,41.249,42.717,,GF,4,82.7,95.54,65.0,False,363
imsa,2024,Watkins Glen,Watkins Glen International,race,621,13,GTD,Lars Kern,lars kern,75,2.0,31,109.037,25.425,40.988,42.624,,GF,5,82.6,95.18,65.0,False,363
imsa,2024,Watkins Glen,Watkins Glen International,race,621,13,GTD,Lars Kern,lars kern,76,2.0,32,116.789,25.455,44.521,46.813,,GF,6,82.5,94.28,67.0,False,363
imsa,2024,Watkins Glen,Watkins Glen International,race,621,13,GTD,Lars Kern,lars kern,77,2.0,33,112.861,25.573,44.128,43.16,,GF,7,82.5,94.1,67.0,False,363
imsa,2024,Watkins Glen,Watkins Glen International,race,621,13,GTD,Lars Kern,lars kern,78,2.0,34,112.719,25.417,42.906,44.396,,GF,8,82.3,93.74,66.0,False,363
imsa,2024,Watkins Glen,Watkins Glen International,race,621,13,GTD,Lars Kern,lars kern,79,2.0,35,112.202,26.128,42.62,43.454,,GF,9,82.0,93.02,66.0,False,363
imsa,2024,Watkins Glen,Watkins Glen International,race,621,13,GTD,Lars Kern,lars kern,80,2.0,36,113.25,25.494,43.949,43.807,,GF,10,81.0,92.48,67.0,False,363
imsa,2024,Watkins Glen,Watkins Glen International,race,621,13,GTD,Lars Kern,lars kern,81,2.0,37,111.107,25.53,42.57,43.007,,GF,11,80.2,91.76,68.0,False,363
imsa,2024,Watkins Glen,Watkins Glen International,race,621,13,GTD,Lars Kern,lars kern,82,2.0,38,115.6,25.562,43.273,46.765,,GF,12,79.9,91.76,69.0,False,363
imsa,2024,Watkins Glen,Watkins Glen International,race,621,13,GTD,Lars Kern,lars kern,83,2.0,39,136.125,33.889,47.298,54.938,,FCY,13,78.9,88.7,72.0,False,363
imsa,2024,Watkins Glen,Watkins Glen International,race,621,13,GTD,Lars Kern,lars kern,84,2.0,40,175.094,36.383,60.556,78.155,,FCY,13,78.1,86.9,74.0,False,363
imsa,2024,Watkins Glen,Watkins Glen International,race,621,13,GTD,Lars Kern,lars kern,85,2.0,41,198.364,34.039,63.334,100.991,,FCY,13,77.1,85.64,76.0,False,363
imsa,2024,Watkins Glen,Watkins Glen International,race,621,13,GTD,Lars Kern,lars kern,86,2.0,42,161.522,46.227,52.245,63.05,,FCY,13,76.9,85.1,76.0,False,363
imsa,2024,Watkins Glen,Watkins Glen International,race,621,13,GTD,Lars Kern,lars kern,87,2.0,43,145.365,32.444,53.382,59.539,,FCY,13,76.6,84.02,77.0,False,363
imsa,2024,Watkins Glen,Watkins Glen International,race,621,13,GTD,Lars Kern,lars kern,88,2.0,44,211.503,33.835,54.701,122.967,,FCY,13,76.2,82.58,77.0,False,363
imsa,2024,Watkins Glen,Watkins Glen International,race,621,13,GTD,Matt Bell,matthew bell,89,3.0,0,140.119,43.562,46.044,50.513,60.317,FCY,0,76.0,82.4,78.0,False,363
imsa,2024,Watkins Glen,Watkins Glen International,race,621,13,GTD,Matt Bell,matthew bell,90,3.0,1,178.551,43.278,62.049,73.224,,FCY,0,76.0,82.4,77.0,False,363
imsa,2024,Watkins Glen,Watkins Glen International,race,621,13,GTD,Matt Bell,matthew bell,91,3.0,2,182.005,55.361,70.698,55.946,,GF,0,76.0,82.04,77.0,False,363
imsa,2024,Watkins Glen,Watkins Glen International,race,621,13,GTD,Matt Bell,matthew bell,92,3.0,3,113.372,26.102,44.366,42.904,,GF,1,76.0,81.68,78.0,False,363
imsa,2024,Watkins Glen,Watkins Glen International,race,621,13,GTD,Matt Bell,matthew bell,93,3.0,4,110.783,25.755,41.84,43.188,,GF,2,76.0,81.5,78.0,False,363
imsa,2024,Watkins Glen,Watkins Glen International,race,621,13,GTD,Matt Bell,matthew bell,94,3.0,5,111.041,25.695,41.993,43.353,,GF,3,76.0,81.32,77.0,False,363
imsa,2024,Watkins Glen,Watkins Glen International,race,621,13,GTD,Matt Bell,matthew bell,95,3.0,6,111.62,25.645,41.982,43.993,,GF,4,76.1,80.78,78.0,False,363
imsa,2024,Watkins Glen,Watkins Glen International,race,621,13,GTD,Matt Bell,matthew bell,96,3.0,7,149.067,37.416,56.008,55.643,,FCY,5,76.0,80.42,78.0,False,363
imsa,2024,Watkins Glen,Watkins Glen International,race,621,13,GTD,Matt Bell,matthew bell,97,3.0,8,183.687,35.023,61.088,87.576,,FCY,5,75.7,80.06,78.0,False,363
imsa,2024,Watkins Glen,Watkins Glen International,race,621,13,GTD,Matt Bell,matthew bell,98,3.0,9,208.171,40.061,77.057,91.053,,FCY,5,75.5,79.88,79.0,False,363
imsa,2024,Watkins Glen,Watkins Glen International,race,621,13,GTD,Matt Bell,matthew bell,99,3.0,10,209.315,44.909,75.127,89.279,,FCY,5,75.4,79.7,80.0,False,363
imsa,2024,Watkins Glen,Watkins Glen International,race,621,13,GTD,Matt Bell,matthew bell,100,3.0,11,176.112,45.41,75.007,55.695,,GF,5,75.6,79.7,78.0,False,363
imsa,2024,Watkins Glen,Watkins Glen International,race,621,13,GTD,Matt Bell,matthew bell,101,3.0,12,112.825,28.119,42.223,42.483,,GF,6,75.7,79.7,78.0,False,363
imsa,2024,Watkins Glen,Watkins Glen International,race,621,13,GTD,Matt Bell,matthew bell,102,3.0,13,111.894,27.576,41.819,42.499,,GF,7,75.9,79.7,78.0,False,363
imsa,2024,Watkins Glen,Watkins Glen International,race,621,13,GTD,Matt Bell,matthew bell,103,3.0,14,112.176,28.209,41.627,42.34,,GF,8,76.2,80.06,77.0,False,363
imsa,2024,Watkins Glen,Watkins Glen International,race,621,13,GTD,Matt Bell,matthew bell,104,3.0,15,108.856,25.637,40.912,42.307,,GF,9,76.5,80.6,76.0,False,363
imsa,2024,Watkins Glen,Watkins Glen International,race,621,13,GTD,Matt Bell,matthew bell,105,3.0,16,108.498,25.466,40.892,42.14,,GF,10,76.7,80.96,76.0,False,363
imsa,2024,Watkins Glen,Watkins Glen International,race,621,13,GTD,Matt Bell,matthew bell,106,3.0,17,108.28,25.256,40.606,42.418,,GF,11,76.9,81.68,75.0,False,363
imsa,2024,Watkins Glen,Watkins Glen International,race,621,13,GTD,Matt Bell,matthew bell,107,3.0,18,108.805,25.213,40.609,42.983,,GF,12,77.0,81.68,75.0,False,363
imsa,2024,Watkins Glen,Watkins Glen International,race,621,13,GTD,Matt Bell,matthew bell,108,3.0,19,107.789,25.568,40.236,41.985,,GF,13,77.2,82.76,75.0,False,363
imsa,2024,Watkins Glen,Watkins Glen International,race,621,13,GTD,Matt Bell,matthew bell,109,3.0,20,108.151,25.306,40.569,42.276,,GF,14,77.4,82.76,73.0,False,363
imsa,2024,Watkins Glen,Watkins Glen International,race,621,13,GTD,Matt Bell,matthew bell,110,3.0,21,108.892,25.107,41.301,42.484,,GF,15,77.4,82.58,74.0,False,363
imsa,2024,Watkins Glen,Watkins Glen International,race,621,13,GTD,Matt Bell,matthew bell,111,3.0,22,151.425,25.243,40.368,85.814,,GF,16,77.3,82.76,75.0,False,363
imsa,2024,Watkins Glen,Watkins Glen International,race,621,13,GTD,Matt Bell,matthew bell,112,3.0,23,125.039,39.212,42.897,42.93,61.363,GF,0,77.2,82.94,74.0,False,363
imsa,2024,Watkins Glen,Watkins Glen International,race,621,13,GTD,Matt Bell,matthew bell,113,3.0,24,109.356,25.621,41.522,42.213,,GF,0,77.1,82.94,75.0,False,363
imsa,2024,Watkins Glen,Watkins Glen International,race,621,13,GTD,Matt Bell,matthew bell,114,3.0,25,107.812,25.423,40.574,41.815,,GF,1,77.0,82.94,75.0,False,363
imsa,2024,Watkins Glen,Watkins Glen International,race,621,13,GTD,Matt Bell,matthew bell,115,3.0,26,107.903,25.318,40.566,42.019,,GF,2,76.9,82.94,75.0,False,363
imsa,2024,Watkins Glen,Watkins Glen International,race,621,13,GTD,Matt Bell,matthew bell,116,3.0,27,107.884,25.171,40.66,42.053,,GF,3,76.8,82.94,75.0,False,363
imsa,2024,Watkins Glen,Watkins Glen International,race,621,13,GTD,Matt Bell,matthew bell,117,3.0,28,108.558,25.253,40.326,42.979,,GF,4,76.5,82.58,76.0,False,363
imsa,2024,Watkins Glen,Watkins Glen International,race,621,13,GTD,Matt Bell,matthew bell,118,3.0,29,245.174,27.163,47.287,170.724,,FCY,5,74.8,78.26,80.0,False,363
imsa,2024,Watkins Glen,Watkins Glen International,race,621,13,GTD,Matt Bell,matthew bell,119,3.0,30,311.698,86.216,117.23,108.252,,FCY,5,73.3,78.62,83.0,False,363
imsa,2024,Watkins Glen,Watkins Glen International,race,621,13,GTD,Matt Bell,matthew bell,120,3.0,31,286.95,67.922,102.855,116.173,,FCY,5,72.8,78.26,84.0,False,363
imsa,2024,Watkins Glen,Watkins Glen International,race,621,13,GTD,Matt Bell,matthew bell,121,3.0,32,283.698,62.555,100.652,120.491,,FCY,5,72.5,76.64,85.0,False,363
imsa,2024,Watkins Glen,Watkins Glen International,race,621,13,GTD,Matt Bell,matthew bell,122,3.0,33,3157.128,87.742,136.228,2933.158,2033.519,FCY,0,75.8,83.84,82.0,False,363
imsa,2024,Watkins Glen,Watkins Glen International,race,621,13,GTD,Matt Bell,matthew bell,123,3.0,34,154.926,35.685,54.084,65.157,,FCY,0,76.0,84.56,81.0,False,363
imsa,2024,Watkins Glen,Watkins Glen International,race,621,13,GTD,Matt Bell,matthew bell,124,3.0,35,150.83,35.915,68.557,46.358,,FCY,0,76.2,85.46,81.0,False,363
imsa,2024,Watkins Glen,Watkins Glen International,race,621,13,GTD,Matt Bell,matthew bell,125,3.0,36,114.893,27.294,43.138,44.461,,FCY,0,76.3,85.64,81.0,False,363
imsa,2024,Watkins Glen,Watkins Glen International,race,621,13,GTD,Matt Bell,matthew bell,126,3.0,37,151.066,29.877,46.522,74.667,,FCY,0,76.6,87.08,80.0,False,363
imsa,2024,Watkins Glen,Watkins Glen International,race,621,13,GTD,Matt Bell,matthew bell,127,3.0,38,208.688,63.496,67.831,77.361,,FCY,0,77.2,88.52,80.0,False,363
imsa,2024,Watkins Glen,Watkins Glen International,race,621,13,GTD,Matt Bell,matthew bell,128,3.0,39,206.157,60.923,73.384,71.85,,FCY,0,77.3,88.16,79.0,False,363
imsa,2024,Watkins Glen,Watkins Glen International,race,621,13,GTD,Matt Bell,matthew bell,129,3.0,40,186.493,57.754,75.822,52.917,,GF,0,77.2,88.52,79.0,False,363
imsa,2024,Watkins Glen,Watkins Glen International,race,621,13,GTD,Matt Bell,matthew bell,130,3.0,41,108.273,25.356,40.817,42.1,,GF,1,77.0,87.98,78.0,False,363
imsa,2024,Watkins Glen,Watkins Glen International,race,621,13,GTD,Matt Bell,matthew bell,131,3.0,42,108.372,25.247,40.884,42.241,,GF,2,77.0,88.34,79.0,False,363
imsa,2024,Watkins Glen,Watkins Glen International,race,621,13,GTD,Matt Bell,matthew bell,132,3.0,43,108.66,25.319,41.27,42.071,,GF,3,77.0,87.98,79.0,False,363
imsa,2024,Watkins Glen,Watkins Glen International,race,621,13,GTD,Matt Bell,matthew bell,133,3.0,44,107.149,25.161,40.173,41.815,,GF,4,77.0,87.62,79.0,False,363
imsa,2024,Watkins Glen,Watkins Glen International,race,621,13,GTD,Matt Bell,matthew bell,134,3.0,45,107.425,25.153,40.484,41.788,,GF,5,76.8,87.08,79.0,False,363
imsa,2024,Watkins Glen,Watkins Glen International,race,621,13,GTD,Matt Bell,matthew bell,135,3.0,46,107.628,25.145,40.246,42.237,,GF,6,76.7,86.72,79.0,False,363
imsa,2024,Watkins Glen,Watkins Glen International,race,621,13,GTD,Matt Bell,matthew bell,136,3.0,47,107.413,25.224,40.314,41.875,,GF,7,76.6,86.72,79.0,False,363
imsa,2024,Watkins Glen,Watkins Glen International,race,621,13,GTD,Matt Bell,matthew bell,137,3.0,48,109.414,25.316,41.457,42.641,,GF,8,76.5,86.18,79.0,False,363
imsa,2024,Watkins Glen,Watkins Glen International,race,621,13,GTD,Matt Bell,matthew bell,138,3.0,49,108.121,25.278,40.725,42.118,,GF,9,76.5,86.0,80.0,False,363
imsa,2024,Watkins Glen,Watkins Glen International,race,621,13,GTD,Matt Bell,matthew bell,139,3.0,50,108.158,25.344,40.841,41.973,,FF,10,76.5,86.0,80.0,False,363
imsa,2024,Watkins Glen,Watkins Glen International,race,621,21,GTD,Francois Heriau,francois heriau,1,1.0,0,155.13,67.202,44.789,43.139,,GF,0,79.9,88.7,72.0,False,363
imsa,2024,Watkins Glen,Watkins Glen International,race,621,21,GTD,Francois Heriau,francois heriau,2,1.0,1,112.015,26.057,43.035,42.923,,GF,0,80.0,88.52,72.0,False,363
imsa,2024,Watkins Glen,Watkins Glen International,race,621,21,GTD,Francois Heriau,francois heriau,3,1.0,2,128.547,25.496,43.844,59.207,,FCY,1,80.0,88.7,72.0,False,363
imsa,2024,Watkins Glen,Watkins Glen International,race,621,21,GTD,Francois Heriau,francois heriau,4,1.0,3,146.276,37.797,55.964,52.515,,FCY,1,80.0,88.88,72.0,False,363
imsa,2024,Watkins Glen,Watkins Glen International,race,621,21,GTD,Francois Heriau,francois heriau,5,1.0,4,151.4,28.81,52.991,69.599,,FCY,1,80.1,89.06,73.0,False,363
imsa,2024,Watkins Glen,Watkins Glen International,race,621,21,GTD,Francois Heriau,francois heriau,6,1.0,5,183.954,68.352,68.347,47.255,,GF,1,80.2,89.78,72.0,False,363
imsa,2024,Watkins Glen,Watkins Glen International,race,621,21,GTD,Francois Heriau,francois heriau,7,1.0,6,111.423,25.348,43.012,43.063,,GF,2,80.3,90.5,72.0,False,363
imsa,2024,Watkins Glen,Watkins Glen International,race,621,21,GTD,Francois Heriau,francois heriau,8,1.0,7,110.678,25.293,42.337,43.048,,GF,3,80.3,90.68,72.0,False,363
imsa,2024,Watkins Glen,Watkins Glen International,race,621,21,GTD,Francois Heriau,francois heriau,9,1.0,8,110.696,25.308,42.307,43.081,,GF,4,80.3,91.4,72.0,False,363
imsa,2024,Watkins Glen,Watkins Glen International,race,621,21,GTD,Francois Heriau,francois heriau,10,1.0,9,110.63,25.301,42.311,43.018,,GF,5,80.5,91.94,72.0,False,363
imsa,2024,Watkins Glen,Watkins Glen International,race,621,21,GTD,Francois Heriau,francois heriau,11,1.0,10,112.738,25.341,43.537,43.86,,GF,6,80.7,93.02,72.0,False,363
imsa,2024,Watkins Glen,Watkins Glen International,race,621,21,GTD,Francois Heriau,francois heriau,12,1.0,11,111.425,25.718,42.385,43.322,,GF,7,81.1,93.92,72.0,False,363
imsa,2024,Watkins Glen,Watkins Glen International,race,621,21,GTD,Francois Heriau,francois heriau,13,1.0,12,112.373,25.506,42.433,44.434,,GF,8,81.2,93.74,71.0,False,363
imsa,2024,Watkins Glen,Watkins Glen International,race,621,21,GTD,Francois Heriau,francois heriau,14,1.0,13,111.951,25.563,42.833,43.555,,GF,9,81.4,93.92,71.0,False,363
imsa,2024,Watkins Glen,Watkins Glen International,race,621,21,GTD,Francois Heriau,francois heriau,15,1.0,14,111.778,25.995,42.325,43.458,,GF,10,81.5,94.1,71.0,False,363
imsa,2024,Watkins Glen,Watkins Glen International,race,621,21,GTD,Francois Heriau,francois heriau,16,1.0,15,121.611,25.438,42.777,53.396,,FCY,11,81.4,94.1,71.0,False,363
imsa,2024,Watkins Glen,Watkins Glen International,race,621,21,GTD,Francois Heriau,francois heriau,17,1.0,16,130.834,29.611,50.577,50.646,,FCY,11,81.3,94.1,71.0,False,363
imsa,2024,Watkins Glen,Watkins Glen International,race,621,21,GTD,Francois Heriau,francois heriau,18,1.0,17,181.278,28.218,76.229,76.831,,FCY,11,81.3,94.28,71.0,False,363
imsa,2024,Watkins Glen,Watkins Glen International,race,621,21,GTD,Francois Heriau,francois heriau,19,1.0,18,199.735,54.954,74.221,70.56,,FCY,11,81.3,94.1,71.0,False,363
imsa,2024,Watkins Glen,Watkins Glen International,race,621,21,GTD,Francois Heriau,francois heriau,20,1.0,19,189.337,31.526,52.703,105.108,,FCY,11,81.2,93.92,71.0,False,363
imsa,2024,Watkins Glen,Watkins Glen International,race,621,21,GTD,Francois Heriau,francois heriau,21,1.0,20,157.84,42.135,57.798,57.907,61.837,FCY,0,81.3,93.74,71.0,False,363
imsa,2024,Watkins Glen,Watkins Glen International,race,621,21,GTD,Francois Heriau,francois heriau,22,1.0,21,196.251,46.244,79.099,70.908,,FCY,0,81.2,93.2,71.0,False,363
imsa,2024,Watkins Glen,Watkins Glen International,race,621,21,GTD,Francois Heriau,francois heriau,23,1.0,22,215.958,62.475,72.954,80.529,,FCY,0,81.0,92.84,71.0,False,363
imsa,2024,Watkins Glen,Watkins Glen International,race,621,21,GTD,Francois Heriau,francois heriau,24,1.0,23,174.494,64.07,63.941,46.483,,GF,0,80.8,92.48,72.0,False,363
imsa,2024,Watkins Glen,Watkins Glen International,race,621,21,GTD,Francois Heriau,francois heriau,25,1.0,24,111.539,25.898,42.351,43.29,,GF,1,80.8,92.3,72.0,False,363
imsa,2024,Watkins Glen,Watkins Glen International,race,621,21,GTD,Francois Heriau,francois heriau,26,1.0,25,111.305,25.582,42.161,43.562,,GF,2,80.8,92.3,72.0,False,363
imsa,2024,Watkins Glen,Watkins Glen International,race,621,21,GTD,Francois Heriau,francois heriau,27,1.0,26,110.781,25.434,42.256,43.091,,GF,3,80.8,92.3,72.0,False,363
imsa,2024,Watkins Glen,Watkins Glen International,race,621,21,GTD,Francois Heriau,francois heriau,28,1.0,27,110.953,25.284,42.149,43.52,,GF,4,80.8,92.48,71.0,False,363
imsa,2024,Watkins Glen,Watkins Glen International,race,621,21,GTD,Francois Heriau,francois heriau,29,1.0,28,111.423,25.331,42.51,43.582,,GF,5,80.7,92.12,71.0,False,363
imsa,2024,Watkins Glen,Watkins Glen International,race,621,21,GTD,Francois Heriau,francois heriau,30,1.0,29,111.783,25.727,42.295,43.761,,GF,6,80.7,92.12,71.0,False,363
imsa,2024,Watkins Glen,Watkins Glen International,race,621,21,GTD,Francois Heriau,francois heriau,31,1.0,30,110.754,25.48,41.973,43.301,,GF,7,80.7,92.12,72.0,False,363
imsa,2024,Watkins Glen,Watkins Glen International,race,621,21,GTD,Francois Heriau,francois heriau,32,1.0,31,112.707,25.742,43.46,43.505,,GF,8,80.8,92.3,72.0,False,363
imsa,2024,Watkins Glen,Watkins Glen International,race,621,21,GTD,Francois Heriau,francois heriau,33,1.0,32,112.172,25.508,43.085,43.579,,GF,9,80.9,92.66,71.0,False,363
imsa,2024,Watkins Glen,Watkins Glen International,race,621,21,GTD,Francois Heriau,francois heriau,34,1.0,33,111.227,25.38,42.42,43.427,,GF,10,81.0,93.2,72.0,False,363
imsa,2024,Watkins Glen,Watkins Glen International,race,621,21,GTD,Francois Heriau,francois heriau,35,1.0,34,111.341,25.397,42.666,43.278,,GF,11,81.0,93.2,70.0,False,363
imsa,2024,Watkins Glen,Watkins Glen International,race,621,21,GTD,Francois Heriau,francois heriau,36,1.0,35,111.805,25.803,42.506,43.496,,GF,12,81.1,93.38,71.0,False,363
imsa,2024,Watkins Glen,Watkins Glen International,race,621,21,GTD,Francois Heriau,francois heriau,37,1.0,36,113.031,25.391,43.691,43.949,,GF,13,81.3,93.38,71.0,False,363
imsa,2024,Watkins Glen,Watkins Glen International,race,621,21,GTD,Francois Heriau,francois heriau,38,1.0,37,110.707,25.457,42.056,43.194,,GF,14,81.4,93.2,71.0,False,363
imsa,2024,Watkins Glen,Watkins Glen International,race,621,21,GTD,Francois Heriau,francois heriau,39,1.0,38,109.754,25.239,41.635,42.88,,GF,15,81.6,93.2,70.0,False,363
imsa,2024,Watkins Glen,Watkins Glen International,race,621,21,GTD,Francois Heriau,francois heriau,40,1.0,39,109.336,25.117,41.497,42.722,,GF,16,81.6,93.2,70.0,False,363
imsa,2024,Watkins Glen,Watkins Glen International,race,621,21,GTD,Francois Heriau,francois heriau,41,1.0,40,109.673,25.074,41.541,43.058,,GF,17,81.7,93.56,70.0,False,363
imsa,2024,Watkins Glen,Watkins Glen International,race,621,21,GTD,Francois Heriau,francois heriau,42,1.0,41,110.251,25.215,42.408,42.628,,GF,18,81.7,93.74,70.0,False,363
imsa,2024,Watkins Glen,Watkins Glen International,race,621,21,GTD,Francois Heriau,francois heriau,43,1.0,42,109.968,25.167,41.979,42.822,,GF,19,81.8,93.92,69.0,False,363
imsa,2024,Watkins Glen,Watkins Glen International,race,621,21,GTD,Francois Heriau,francois heriau,44,1.0,43,110.267,25.044,42.29,42.933,,GF,20,81.7,93.74,69.0,False,363
imsa,2024,Watkins Glen,Watkins Glen International,race,621,21,GTD,Francois Heriau,francois heriau,45,1.0,44,110.403,25.114,42.54,42.749,,GF,21,81.7,93.56,68.0,False,363
imsa,2024,Watkins Glen,Watkins Glen International,race,621,21,GTD,Francois Heriau,francois heriau,46,1.0,45,109.548,25.208,41.522,42.818,,GF,22,81.7,93.2,68.0,False,363
imsa,2024,Watkins Glen,Watkins Glen International,race,621,21,GTD,Francois Heriau,francois heriau,47,1.0,46,110.09,25.125,42.216,42.749,,GF,23,81.9,92.84,69.0,False,363
imsa,2024,Watkins Glen,Watkins Glen International,race,621,21,GTD,Francois Heriau,francois heriau,48,1.0,47,109.94,25.141,41.86,42.939,,GF,24,81.8,92.66,68.0,False,363
imsa,2024,Watkins Glen,Watkins Glen International,race,621,21,GTD,Francois Heriau,francois heriau,49,1.0,48,111.082,25.023,42.429,43.63,,GF,25,81.8,92.3,68.0,False,363
imsa,2024,Watkins Glen,Watkins Glen International,race,621,21,GTD,Francois Heriau,francois heriau,50,1.0,49,110.154,25.13,42.109,42.915,,GF,26,81.5,91.76,67.0,False,363
imsa,2024,Watkins Glen,Watkins Glen International,race,621,21,GTD,Francois Heriau,francois heriau,51,1.0,50,111.831,25.878,43.043,42.91,,GF,27,81.3,91.58,68.0,False,363
imsa,2024,Watkins Glen,Watkins Glen International,race,621,21,GTD,Francois Heriau,francois heriau,52,1.0,51,110.532,25.203,41.875,43.454,,GF,28,81.2,91.4,68.0,False,363
imsa,2024,Watkins Glen,Watkins Glen International,race,621,21,GTD,Francois Heriau,francois heriau,53,1.0,52,109.971,25.13,41.921,42.92,,GF,29,81.2,91.4,68.0,False,363
imsa,2024,Watkins Glen,Watkins Glen International,race,621,21,GTD,Francois Heriau,francois heriau,54,1.0,53,110.645,25.484,42.135,43.026,,GF,30,81.2,91.58,67.0,False,363
imsa,2024,Watkins Glen,Watkins Glen International,race,621,21,GTD,Francois Heriau,francois heriau,55,1.0,54,169.791,25.21,42.215,102.366,,GF,31,81.4,93.02,67.0,False,363
imsa,2024,Watkins Glen,Watkins Glen International,race,621,21,GTD,Simon Mann,simon mann,56,2.0,0,123.774,38.758,42.355,42.661,74.763,GF,0,81.7,93.92,67.0,False,363
imsa,2024,Watkins Glen,Watkins Glen International,race,621,21,GTD,Simon Mann,simon mann,57,2.0,1,108.051,25.335,40.804,41.912,,GF,0,81.8,95.36,67.0,False,363
imsa,2024,Watkins Glen,Watkins Glen International,race,621,21,GTD,Simon Mann,simon mann,58,2.0,2,106.954,25.058,40.307,41.589,,GF,1,82.2,96.26,67.0,False,363
imsa,2024,Watkins Glen,Watkins Glen International,race,621,21,GTD,Simon Mann,simon mann,59,2.0,3,107.413,25.008,40.2,42.205,,GF,2,82.5,96.62,67.0,False,363
imsa,2024,Watkins Glen,Watkins Glen International,race,621,21,GTD,Simon Mann,simon mann,60,2.0,4,107.679,25.123,40.31,42.246,,GF,3,82.5,96.62,66.0,False,363
imsa,2024,Watkins Glen,Watkins Glen International,race,621,21,GTD,Simon Mann,simon mann,61,2.0,5,108.173,24.993,40.377,42.803,,GF,4,82.7,96.8,66.0,False,363
imsa,2024,Watkins Glen,Watkins Glen International,race,621,21,GTD,Simon Mann,simon mann,62,2.0,6,130.221,25.106,44.933,60.182,,FCY,5,82.9,97.16,66.0,False,363
imsa,2024,Watkins Glen,Watkins Glen International,race,621,21,GTD,Simon Mann,simon mann,63,2.0,7,155.764,43.08,57.992,54.692,,FCY,5,82.9,97.34,65.0,False,363
imsa,2024,Watkins Glen,Watkins Glen International,race,621,21,GTD,Simon Mann,simon mann,64,2.0,8,175.569,39.031,71.093,65.445,,FCY,5,83.0,97.52,66.0,False,363
imsa,2024,Watkins Glen,Watkins Glen International,race,621,21,GTD,Simon Mann,simon mann,65,2.0,9,119.917,32.459,43.53,43.928,,FCY,5,82.9,97.34,65.0,False,363
imsa,2024,Watkins Glen,Watkins Glen International,race,621,21,GTD,Simon Mann,simon mann,66,2.0,10,135.64,27.08,44.677,63.883,,FCY,5,82.7,97.16,64.0,False,363
imsa,2024,Watkins Glen,Watkins Glen International,race,621,21,GTD,Simon Mann,simon mann,67,2.0,11,186.954,30.949,59.406,96.599,,FCY,5,82.7,96.44,64.0,False,363
imsa,2024,Watkins Glen,Watkins Glen International,race,621,21,GTD,Simon Mann,simon mann,68,2.0,12,156.522,41.351,48.483,66.688,54.199,FCY,0,82.6,95.9,65.0,False,363
imsa,2024,Watkins Glen,Watkins Glen International,race,621,21,GTD,Simon Mann,simon mann,69,2.0,13,202.814,60.056,75.487,67.271,,FCY,0,82.5,95.72,64.0,False,363
imsa,2024,Watkins Glen,Watkins Glen International,race,621,21,GTD,Simon Mann,simon mann,70,2.0,14,151.416,40.259,60.591,50.566,,GF,0,82.5,95.9,64.0,False,363
imsa,2024,Watkins Glen,Watkins Glen International,race,621,21,GTD,Simon Mann,simon mann,71,2.0,15,112.328,25.807,43.278,43.243,,GF,1,82.6,96.08,64.0,False,363
imsa,2024,Watkins Glen,Watkins Glen International,race,621,21,GTD,Simon Mann,simon mann,72,2.0,16,110.733,26.016,42.353,42.364,,GF,2,82.6,96.08,65.0,False,363
imsa,2024,Watkins Glen,Watkins Glen International,race,621,21,GTD,Simon Mann,simon mann,73,2.0,17,110.15,25.096,41.483,43.571,,GF,3,82.6,96.08,65.0,False,363
imsa,2024,Watkins Glen,Watkins Glen International,race,621,21,GTD,Simon Mann,simon mann,74,2.0,18,107.798,25.198,40.515,42.085,,GF,4,82.7,95.54,65.0,False,363
imsa,2024,Watkins Glen,Watkins Glen International,race,621,21,GTD,Simon Mann,simon mann,75,2.0,19,108.078,25.014,40.664,42.4,,GF,5,82.6,95.18,65.0,False,363
imsa,2024,Watkins Glen,Watkins Glen International,race,621,21,GTD,Simon Mann,simon mann,76,2.0,20,112.505,24.992,42.236,45.277,,GF,6,82.5,94.28,67.0,False,363
imsa,2024,Watkins Glen,Watkins Glen International,race,621,21,GTD,Simon Mann,simon mann,77,2.0,21,111.067,25.217,42.946,42.904,,GF,7,82.5,94.1,67.0,False,363
imsa,2024,Watkins Glen,Watkins Glen International,race,621,21,GTD,Simon Mann,simon mann,78,2.0,22,109.525,24.983,41.501,43.041,,GF,8,82.3,93.74,66.0,False,363
imsa,2024,Watkins Glen,Watkins Glen International,race,621,21,GTD,Simon Mann,simon mann,79,2.0,23,108.729,25.004,40.707,43.018,,GF,9,82.0,93.02,66.0,False,363
imsa,2024,Watkins Glen,Watkins Glen International,race,621,21,GTD,Simon Mann,simon mann,80,2.0,24,110.65,25.226,42.998,42.426,,GF,10,81.5,92.66,66.0,False,363
imsa,2024,Watkins Glen,Watkins Glen International,race,621,21,GTD,Simon Mann,simon mann,81,2.0,25,107.663,25.2,40.78,41.683,,GF,11,80.7,91.94,68.0,False,363
imsa,2024,Watkins Glen,Watkins Glen International,race,621,21,GTD,Simon Mann,simon mann,82,2.0,26,108.703,25.123,40.403,43.177,,GF,12,79.9,91.76,69.0,False,363
imsa,2024,Watkins Glen,Watkins Glen International,race,621,21,GTD,Simon Mann,simon mann,83,2.0,27,117.318,27.733,42.218,47.367,,FCY,13,79.3,89.06,73.0,False,363
imsa,2024,Watkins Glen,Watkins Glen International,race,621,21,GTD,Simon Mann,simon mann,84,2.0,28,144.025,33.827,50.424,59.774,,FCY,13,78.4,87.62,73.0,False,363
imsa,2024,Watkins Glen,Watkins Glen International,race,621,21,GTD,Simon Mann,simon mann,85,2.0,29,137.929,31.835,45.852,60.242,,FCY,13,77.8,86.36,75.0,False,363
imsa,2024,Watkins Glen,Watkins Glen International,race,621,21,GTD,Simon Mann,simon mann,86,2.0,30,181.224,31.1,49.705,100.419,,FCY,13,77.1,85.64,76.0,False,363
imsa,2024,Watkins Glen,Watkins Glen International,race,621,21,GTD,Simon Mann,simon mann,87,2.0,31,201.128,32.816,78.654,89.658,,FCY,13,76.7,84.02,76.0,False,363
imsa,2024,Watkins Glen,Watkins Glen International,race,621,21,GTD,Simon Mann,simon mann,88,2.0,32,187.196,32.822,65.61,88.764,,FCY,13,76.5,83.3,77.0,False,363
imsa,2024,Watkins Glen,Watkins Glen International,race,621,21,GTD,Simon Mann,simon mann,89,2.0,33,179.696,31.021,68.967,79.708,,FCY,13,76.1,82.4,77.0,False,363
imsa,2024,Watkins Glen,Watkins Glen International,race,621,21,GTD,Simon Mann,simon mann,90,2.0,34,214.591,49.993,80.653,83.945,,FCY,13,76.0,82.4,77.0,False,363
imsa,2024,Watkins Glen,Watkins Glen International,race,621,21,GTD,Simon Mann,simon mann,91,2.0,35,189.85,52.663,75.559,61.628,,GF,13,76.0,82.04,77.0,False,363
imsa,2024,Watkins Glen,Watkins Glen International,race,621,21,GTD,Simon Mann,simon mann,92,2.0,36,109.502,26.319,41.17,42.013,,GF,14,76.0,81.68,78.0,False,363
imsa,2024,Watkins Glen,Watkins Glen International,race,621,21,GTD,Simon Mann,simon mann,93,2.0,37,107.724,25.448,40.286,41.99,,GF,15,76.0,81.5,78.0,False,363
imsa,2024,Watkins Glen,Watkins Glen International,race,621,21,GTD,Simon Mann,simon mann,94,2.0,38,107.476,25.255,40.133,42.088,,GF,16,76.0,81.32,77.0,False,363
imsa,2024,Watkins Glen,Watkins Glen International,race,621,21,GTD,Simon Mann,simon mann,95,2.0,39,109.255,25.158,40.569,43.528,,GF,17,76.1,80.78,78.0,False,363
imsa,2024,Watkins Glen,Watkins Glen International,race,621,21,GTD,Simon Mann,simon mann,96,2.0,40,144.784,29.671,53.663,61.45,,FCY,18,76.0,80.42,78.0,False,363
imsa,2024,Watkins Glen,Watkins Glen International,race,621,21,GTD,Simon Mann,simon mann,97,2.0,41,185.689,38.912,62.402,84.375,,FCY,18,75.7,80.06,78.0,False,363
imsa,2024,Watkins Glen,Watkins Glen International,race,621,21,GTD,Simon Mann,simon mann,98,2.0,42,207.88,45.254,77.042,85.584,,FCY,18,75.5,80.06,79.0,False,363
imsa,2024,Watkins Glen,Watkins Glen International,race,621,21,GTD,Simon Mann,simon mann,99,2.0,43,211.627,50.703,77.458,83.466,,FCY,18,75.4,79.7,80.0,False,363
imsa,2024,Watkins Glen,Watkins Glen International,race,621,21,GTD,Simon Mann,simon mann,100,2.0,44,192.63,51.094,78.762,62.774,,GF,18,75.6,79.7,78.0,False,363
imsa,2024,Watkins Glen,Watkins Glen International,race,621,21,GTD,Simon Mann,simon mann,101,2.0,45,109.628,27.275,40.421,41.932,,GF,19,75.7,79.7,78.0,False,363
imsa,2024,Watkins Glen,Watkins Glen International,race,621,21,GTD,Simon Mann,simon mann,102,2.0,46,106.991,25.489,39.938,41.564,,GF,20,75.9,79.7,78.0,False,363
imsa,2024,Watkins Glen,Watkins Glen International,race,621,21,GTD,Simon Mann,simon mann,103,2.0,47,125.173,40.512,42.313,42.348,,GF,21,76.2,80.06,77.0,False,363
imsa,2024,Watkins Glen,Watkins Glen International,race,621,21,GTD,Simon Mann,simon mann,104,2.0,48,110.081,25.681,41.347,43.053,,GF,22,76.5,80.6,76.0,False,363
imsa,2024,Watkins Glen,Watkins Glen International,race,621,21,GTD,Simon Mann,simon mann,105,2.0,49,165.219,25.347,41.004,98.868,,GF,23,76.8,81.32,76.0,False,363
imsa,2024,Watkins Glen,Watkins Glen International,race,621,21,GTD,Miguel Molina,miguel molina,106,3.0,0,124.551,39.953,42.359,42.239,73.822,GF,0,77.0,81.68,75.0,False,363
imsa,2024,Watkins Glen,Watkins Glen International,race,621,21,GTD,Miguel Molina,miguel molina,107,3.0,1,108.673,26.375,40.362,41.936,,GF,0,77.2,82.76,75.0,False,363
imsa,2024,Watkins Glen,Watkins Glen International,race,621,21,GTD,Miguel Molina,miguel molina,108,3.0,2,106.683,25.015,40.009,41.659,,GF,1,77.4,82.94,75.0,False,363
imsa,2024,Watkins Glen,Watkins Glen International,race,621,21,GTD,Miguel Molina,miguel molina,109,3.0,3,106.223,24.837,39.837,41.549,,GF,2,77.5,82.58,74.0,False,363
imsa,2024,Watkins Glen,Watkins Glen International,race,621,21,GTD,Miguel Molina,miguel molina,110,3.0,4,107.377,25.003,40.219,42.155,,GF,3,77.3,82.58,74.0,False,363
imsa,2024,Watkins Glen,Watkins Glen International,race,621,21,GTD,Miguel Molina,miguel molina,111,3.0,5,107.93,25.299,40.482,42.149,,GF,4,77.3,82.76,75.0,False,363
imsa,2024,Watkins Glen,Watkins Glen International,race,621,21,GTD,Miguel Molina,miguel molina,112,3.0,6,107.349,24.854,40.952,41.543,,GF,5,77.2,82.94,74.0,False,363
imsa,2024,Watkins Glen,Watkins Glen International,race,621,21,GTD,Miguel Molina,miguel molina,113,3.0,7,106.665,24.874,39.999,41.792,,GF,6,77.1,82.94,75.0,False,363
imsa,2024,Watkins Glen,Watkins Glen International,race,621,21,GTD,Miguel Molina,miguel molina,114,3.0,8,107.408,25.114,40.261,42.033,,GF,7,77.0,82.94,75.0,False,363
imsa,2024,Watkins Glen,Watkins Glen International,race,621,21,GTD,Miguel Molina,miguel molina,115,3.0,9,106.696,24.857,40.055,41.784,,GF,8,76.9,82.94,75.0,False,363
imsa,2024,Watkins Glen,Watkins Glen International,race,621,21,GTD,Miguel Molina,miguel molina,116,3.0,10,106.773,24.832,40.122,41.819,,GF,9,76.8,82.94,75.0,False,363
imsa,2024,Watkins Glen,Watkins Glen International,race,621,21,GTD,Miguel Molina,miguel molina,117,3.0,11,107.988,24.851,40.048,43.089,,GF,10,76.5,82.58,76.0,False,363
imsa,2024,Watkins Glen,Watkins Glen International,race,621,21,GTD,Miguel Molina,miguel molina,118,3.0,12,453.658,28.665,49.661,375.332,,FCY,11,73.7,78.8,82.0,False,363
imsa,2024,Watkins Glen,Watkins Glen International,race,621,21,GTD,Miguel Molina,miguel molina,119,3.0,13,257.917,65.727,97.76,94.43,,FCY,11,73.1,78.62,84.0,False,363
imsa,2024,Watkins Glen,Watkins Glen International,race,621,21,GTD,Miguel Molina,miguel molina,120,3.0,14,259.659,53.288,84.176,122.195,,FCY,11,72.7,77.72,85.0,False,363
imsa,2024,Watkins Glen,Watkins Glen International,race,621,21,GTD,Miguel Molina,miguel molina,121,3.0,15,382.015,108.56,126.899,146.556,,FCY,11,72.2,75.92,86.0,False,363
imsa,2024,Watkins Glen,Watkins Glen International,race,621,21,GTD,Miguel Molina,miguel molina,122,3.0,16,2950.066,111.828,2767.67,70.568,2178.208,FCY,0,75.8,83.84,82.0,False,363
imsa,2024,Watkins Glen,Watkins Glen International,race,621,21,GTD,Miguel Molina,miguel molina,123,3.0,17,143.588,35.319,52.299,55.97,,FCY,0,76.0,84.56,81.0,False,363
imsa,2024,Watkins Glen,Watkins Glen International,race,621,21,GTD,Miguel Molina,miguel molina,124,3.0,18,151.406,33.45,65.631,52.325,,FCY,0,76.2,85.46,81.0,False,363
imsa,2024,Watkins Glen,Watkins Glen International,race,621,21,GTD,Miguel Molina,miguel molina,125,3.0,19,121.137,28.43,45.809,46.898,,FCY,0,76.4,86.36,81.0,False,363
imsa,2024,Watkins Glen,Watkins Glen International,race,621,21,GTD,Miguel Molina,miguel molina,126,3.0,20,134.353,27.842,46.784,59.727,,FCY,0,76.6,87.08,80.0,False,363
imsa,2024,Watkins Glen,Watkins Glen International,race,621,21,GTD,Miguel Molina,miguel molina,127,3.0,21,209.376,64.099,67.349,77.928,,FCY,0,77.2,88.52,80.0,False,363
imsa,2024,Watkins Glen,Watkins Glen International,race,621,21,GTD,Miguel Molina,miguel molina,128,3.0,22,205.553,62.859,70.654,72.04,,FCY,0,77.2,87.98,80.0,False,363
imsa,2024,Watkins Glen,Watkins Glen International,race,621,21,GTD,Miguel Molina,miguel molina,129,3.0,23,185.574,58.045,75.511,52.018,,GF,0,77.2,88.52,79.0,False,363
imsa,2024,Watkins Glen,Watkins Glen International,race,621,21,GTD,Miguel Molina,miguel molina,130,3.0,24,108.632,25.246,41.247,42.139,,GF,1,77.0,87.98,78.0,False,363
imsa,2024,Watkins Glen,Watkins Glen International,race,621,21,GTD,Miguel Molina,miguel molina,131,3.0,25,108.651,24.941,41.068,42.642,,GF,2,77.0,88.34,79.0,False,363
imsa,2024,Watkins Glen,Watkins Glen International,race,621,21,GTD,Miguel Molina,miguel molina,132,3.0,26,107.35,24.916,40.328,42.106,,GF,3,77.0,87.98,79.0,False,363
imsa,2024,Watkins Glen,Watkins Glen International,race,621,21,GTD,Miguel Molina,miguel molina,133,3.0,27,107.048,24.821,40.547,41.68,,GF,4,77.0,87.62,79.0,False,363
imsa,2024,Watkins Glen,Watkins Glen International,race,621,21,GTD,Miguel Molina,miguel molina,134,3.0,28,107.291,24.832,40.602,41.857,,GF,5,76.8,87.08,79.0,False,363
imsa,2024,Watkins Glen,Watkins Glen International,race,621,21,GTD,Miguel Molina,miguel molina,135,3.0,29,107.75,25.004,40.322,42.424,,GF,6,76.7,86.72,79.0,False,363
imsa,2024,Watkins Glen,Watkins Glen International,race,621,21,GTD,Miguel Molina,miguel molina,136,3.0,30,107.291,24.856,40.555,41.88,,GF,7,76.6,86.72,79.0,False,363
imsa,2024,Watkins Glen,Watkins Glen International,race,621,21,GTD,Miguel Molina,miguel molina,137,3.0,31,108.294,25.02,40.702,42.572,,GF,8,76.5,86.18,79.0,False,363
imsa,2024,Watkins Glen,Watkins Glen International,race,621,21,GTD,Miguel Molina,miguel molina,138,3.0,32,107.075,24.857,40.074,42.144,,GF,9,76.5,86.0,80.0,False,363
imsa,2024,Watkins Glen,Watkins Glen International,race,621,21,GTD,Miguel Molina,miguel molina,139,3.0,33,107.209,24.866,40.413,41.93,,FF,10,76.5,86.0,80.0,False,363
imsa,2024,Watkins Glen,Watkins Glen International,race,621,27,GTD,Ian James,ian james,1,1.0,0,153.169,66.245,43.527,43.397,,GF,0,79.9,88.7,72.0,False,363
imsa,2024,Watkins Glen,Watkins Glen International,race,621,27,GTD,Ian James,ian james,2,1.0,1,110.678,25.331,42.495,42.852,,GF,0,80.0,88.52,72.0,False,363
imsa,2024,Watkins Glen,Watkins Glen International,race,621,27,GTD,Ian James,ian james,3,1.0,2,128.569,25.382,43.125,60.062,,FCY,1,80.0,88.7,72.0,False,363
imsa,2024,Watkins Glen,Watkins Glen International,race,621,27,GTD,Ian James,ian james,4,1.0,3,142.528,36.425,54.711,51.392,,FCY,1,80.0,88.88,72.0,False,363
imsa,2024,Watkins Glen,Watkins Glen International,race,621,27,GTD,Ian James,ian james,5,1.0,4,153.489,30.824,51.748,70.917,,FCY,1,80.1,89.06,73.0,False,363
imsa,2024,Watkins Glen,Watkins Glen International,race,621,27,GTD,Ian James,ian james,6,1.0,5,185.636,66.445,71.384,47.807,,GF,1,80.2,89.78,72.0,False,363
imsa,2024,Watkins Glen,Watkins Glen International,race,621,27,GTD,Ian James,ian james,7,1.0,6,109.813,25.627,41.857,42.329,,GF,2,80.3,90.5,72.0,False,363
imsa,2024,Watkins Glen,Watkins Glen International,race,621,27,GTD,Ian James,ian james,8,1.0,7,109.752,25.237,41.727,42.788,,GF,3,80.3,90.68,72.0,False,363
imsa,2024,Watkins Glen,Watkins Glen International,race,621,27,GTD,Ian James,ian james,9,1.0,8,110.117,25.566,42.029,42.522,,GF,4,80.3,91.4,72.0,False,363
imsa,2024,Watkins Glen,Watkins Glen International,race,621,27,GTD,Ian James,ian james,10,1.0,9,109.482,25.306,41.64,42.536,,GF,5,80.5,91.94,72.0,False,363
imsa,2024,Watkins Glen,Watkins Glen International,race,621,27,GTD,Ian James,ian james,11,1.0,10,109.537,25.307,41.523,42.707,,GF,6,80.7,93.02,72.0,False,363
imsa,2024,Watkins Glen,Watkins Glen International,race,621,27,GTD,Ian James,ian james,12,1.0,11,111.571,25.568,41.959,44.044,,GF,7,81.1,93.92,72.0,False,363
imsa,2024,Watkins Glen,Watkins Glen International,race,621,27,GTD,Ian James,ian james,13,1.0,12,109.838,25.41,41.702,42.726,,GF,8,81.2,93.74,72.0,False,363
imsa,2024,Watkins Glen,Watkins Glen International,race,621,27,GTD,Ian James,ian james,14,1.0,13,110.186,25.422,42.06,42.704,,GF,9,81.4,93.92,71.0,False,363
imsa,2024,Watkins Glen,Watkins Glen International,race,621,27,GTD,Ian James,ian james,15,1.0,14,111.225,26.015,42.547,42.663,,GF,10,81.5,94.1,71.0,False,363
imsa,2024,Watkins Glen,Watkins Glen International,race,621,27,GTD,Ian James,ian james,16,1.0,15,114.18,25.543,41.861,46.776,,FCY,11,81.4,94.1,71.0,False,363
imsa,2024,Watkins Glen,Watkins Glen International,race,621,27,GTD,Ian James,ian james,17,1.0,16,134.684,28.442,48.752,57.49,,FCY,11,81.3,94.1,71.0,False,363
imsa,2024,Watkins Glen,Watkins Glen International,race,621,27,GTD,Ian James,ian james,18,1.0,17,191.978,32.881,80.137,78.96,,FCY,11,81.3,94.28,71.0,False,363
imsa,2024,Watkins Glen,Watkins Glen International,race,621,27,GTD,Ian James,ian james,19,1.0,18,197.153,54.689,71.908,70.556,,FCY,11,81.3,94.1,71.0,False,363
imsa,2024,Watkins Glen,Watkins Glen International,race,621,27,GTD,Ian James,ian james,20,1.0,19,153.37,30.81,48.364,74.196,,FCY,11,81.2,93.92,71.0,False,363
imsa,2024,Watkins Glen,Watkins Glen International,race,621,27,GTD,Ian James,ian james,21,1.0,20,189.233,74.297,55.875,59.061,58.463,FCY,0,81.3,93.74,71.0,False,363
imsa,2024,Watkins Glen,Watkins Glen International,race,621,27,GTD,Ian James,ian james,22,1.0,21,201.012,45.999,82.05,72.963,,FCY,0,81.2,93.2,71.0,False,363
imsa,2024,Watkins Glen,Watkins Glen International,race,621,27,GTD,Ian James,ian james,23,1.0,22,216.375,59.669,73.274,83.432,,FCY,0,81.0,92.84,71.0,False,363
imsa,2024,Watkins Glen,Watkins Glen International,race,621,27,GTD,Ian James,ian james,24,1.0,23,176.915,60.202,68.481,48.232,,GF,0,80.8,92.48,72.0,False,363
imsa,2024,Watkins Glen,Watkins Glen International,race,621,27,GTD,Ian James,ian james,25,1.0,24,109.1,25.509,41.24,42.351,,GF,1,80.8,92.3,72.0,False,363
imsa,2024,Watkins Glen,Watkins Glen International,race,621,27,GTD,Ian James,ian james,26,1.0,25,108.787,25.261,41.037,42.489,,GF,2,80.8,92.3,72.0,False,363
imsa,2024,Watkins Glen,Watkins Glen International,race,621,27,GTD,Ian James,ian james,27,1.0,26,110.042,25.331,41.877,42.834,,GF,3,80.8,92.3,72.0,False,363
imsa,2024,Watkins Glen,Watkins Glen International,race,621,27,GTD,Ian James,ian james,28,1.0,27,109.796,25.299,41.944,42.553,,GF,4,80.8,92.48,71.0,False,363
imsa,2024,Watkins Glen,Watkins Glen International,race,621,27,GTD,Ian James,ian james,29,1.0,28,109.162,25.24,41.264,42.658,,GF,5,80.8,92.3,71.0,False,363
imsa,2024,Watkins Glen,Watkins Glen International,race,621,27,GTD,Ian James,ian james,30,1.0,29,109.507,25.207,41.371,42.929,,GF,6,80.7,92.12,72.0,False,363
imsa,2024,Watkins Glen,Watkins Glen International,race,621,27,GTD,Ian James,ian james,31,1.0,30,112.628,26.246,42.384,43.998,,GF,7,80.7,92.12,72.0,False,363
imsa,2024,Watkins Glen,Watkins Glen International,race,621,27,GTD,Ian James,ian james,32,1.0,31,109.332,25.531,41.245,42.556,,GF,8,80.8,92.3,72.0,False,363
imsa,2024,Watkins Glen,Watkins Glen International,race,621,27,GTD,Ian James,ian james,33,1.0,32,109.234,25.262,41.31,42.662,,GF,9,80.9,92.66,71.0,False,363
imsa,2024,Watkins Glen,Watkins Glen International,race,621,27,GTD,Ian James,ian james,34,1.0,33,109.286,25.269,41.237,42.78,,GF,10,80.9,92.84,71.0,False,363
imsa,2024,Watkins Glen,Watkins Glen International,race,621,27,GTD,Ian James,ian james,35,1.0,34,110.952,25.345,42.445,43.162,,GF,11,81.0,93.2,70.0,False,363
imsa,2024,Watkins Glen,Watkins Glen International,race,621,27,GTD,Ian James,ian james,36,1.0,35,109.638,25.483,41.497,42.658,,GF,12,81.1,93.38,71.0,False,363
imsa,2024,Watkins Glen,Watkins Glen International,race,621,27,GTD,Ian James,ian james,37,1.0,36,109.624,25.465,41.404,42.755,,GF,13,81.3,93.38,71.0,False,363
imsa,2024,Watkins Glen,Watkins Glen International,race,621,27,GTD,Ian James,ian james,38,1.0,37,110.298,25.323,42.085,42.89,,GF,14,81.4,93.2,71.0,False,363
imsa,2024,Watkins Glen,Watkins Glen International,race,621,27,GTD,Ian James,ian james,39,1.0,38,109.484,25.392,41.379,42.713,,GF,15,81.5,93.2,71.0,False,363
imsa,2024,Watkins Glen,Watkins Glen International,race,621,27,GTD,Ian James,ian james,40,1.0,39,109.674,25.69,41.421,42.563,,GF,16,81.6,93.2,70.0,False,363
imsa,2024,Watkins Glen,Watkins Glen International,race,621,27,GTD,Ian James,ian james,41,1.0,40,109.657,25.62,41.354,42.683,,GF,17,81.7,93.56,70.0,False,363
imsa,2024,Watkins Glen,Watkins Glen International,race,621,27,GTD,Ian James,ian james,42,1.0,41,109.888,25.531,41.503,42.854,,GF,18,81.8,93.56,70.0,False,363
imsa,2024,Watkins Glen,Watkins Glen International,race,621,27,GTD,Ian James,ian james,43,1.0,42,123.393,25.487,41.742,56.164,,GF,19,81.8,93.74,69.0,False,363
imsa,2024,Watkins Glen,Watkins Glen International,race,621,27,GTD,Roman de Angelis,roman de angelis,44,2.0,0,157.526,72.823,42.522,42.181,64.5,GF,0,81.6,93.74,68.0,False,363
imsa,2024,Watkins Glen,Watkins Glen International,race,621,27,GTD,Roman de Angelis,roman de angelis,45,2.0,1,110.674,25.306,41.914,43.454,,GF,0,81.6,93.38,68.0,False,363
imsa,2024,Watkins Glen,Watkins Glen International,race,621,27,GTD,Roman de Angelis,roman de angelis,46,2.0,2,107.417,25.354,40.502,41.561,,GF,1,81.7,93.2,68.0,False,363
imsa,2024,Watkins Glen,Watkins Glen International,race,621,27,GTD,Roman de Angelis,roman de angelis,47,2.0,3,107.082,25.167,40.313,41.602,,GF,2,81.9,92.84,69.0,False,363
imsa,2024,Watkins Glen,Watkins Glen International,race,621,27,GTD,Roman de Angelis,roman de angelis,48,2.0,4,107.17,25.269,39.959,41.942,,GF,3,81.8,92.48,68.0,False,363
imsa,2024,Watkins Glen,Watkins Glen International,race,621,27,GTD,Roman de Angelis,roman de angelis,49,2.0,5,107.01,25.265,40.023,41.722,,GF,4,81.6,91.94,67.0,False,363
imsa,2024,Watkins Glen,Watkins Glen International,race,621,27,GTD,Roman de Angelis,roman de angelis,50,2.0,6,106.906,25.28,39.955,41.671,,GF,5,81.5,91.76,67.0,False,363
imsa,2024,Watkins Glen,Watkins Glen International,race,621,27,GTD,Roman de Angelis,roman de angelis,51,2.0,7,107.684,25.137,40.004,42.543,,GF,6,81.3,91.58,68.0,False,363
imsa,2024,Watkins Glen,Watkins Glen International,race,621,27,GTD,Roman de Angelis,roman de angelis,52,2.0,8,108.924,25.295,41.546,42.083,,GF,7,81.2,91.4,68.0,False,363
imsa,2024,Watkins Glen,Watkins Glen International,race,621,27,GTD,Roman de Angelis,roman de angelis,53,2.0,9,109.373,25.204,41.033,43.136,,GF,8,81.2,91.4,68.0,False,363
imsa,2024,Watkins Glen,Watkins Glen International,race,621,27,GTD,Roman de Angelis,roman de angelis,54,2.0,10,107.733,25.064,40.501,42.168,,GF,9,81.2,91.58,67.0,False,363
imsa,2024,Watkins Glen,Watkins Glen International,race,621,27,GTD,Roman de Angelis,roman de angelis,55,2.0,11,108.249,25.147,40.656,42.446,,GF,10,81.3,92.12,67.0,False,363
imsa,2024,Watkins Glen,Watkins Glen International,race,621,27,GTD,Roman de Angelis,roman de angelis,56,2.0,12,109.385,25.199,40.864,43.322,,GF,11,81.5,93.56,67.0,False,363
imsa,2024,Watkins Glen,Watkins Glen International,race,621,27,GTD,Roman de Angelis,roman de angelis,57,2.0,13,107.425,25.32,40.363,41.742,,GF,12,81.7,93.92,67.0,False,363
imsa,2024,Watkins Glen,Watkins Glen International,race,621,27,GTD,Roman de Angelis,roman de angelis,58,2.0,14,107.897,25.177,40.764,41.956,,GF,13,82.0,95.36,68.0,False,363
imsa,2024,Watkins Glen,Watkins Glen International,race,621,27,GTD,Roman de Angelis,roman de angelis,59,2.0,15,108.148,25.372,40.849,41.927,,GF,14,82.4,96.44,67.0,False,363
imsa,2024,Watkins Glen,Watkins Glen International,race,621,27,GTD,Roman de Angelis,roman de angelis,60,2.0,16,107.465,25.146,40.421,41.898,,GF,15,82.5,96.62,66.0,False,363
imsa,2024,Watkins Glen,Watkins Glen International,race,621,27,GTD,Roman de Angelis,roman de angelis,61,2.0,17,107.351,25.286,40.188,41.877,,GF,16,82.5,96.62,66.0,False,363
imsa,2024,Watkins Glen,Watkins Glen International,race,621,27,GTD,Roman de Angelis,roman de angelis,62,2.0,18,107.406,25.229,40.26,41.917,,GF,17,82.7,96.8,66.0,False,363
imsa,2024,Watkins Glen,Watkins Glen International,race,621,27,GTD,Roman de Angelis,roman de angelis,63,2.0,19,124.287,29.072,47.546,47.669,,FCY,18,82.9,97.16,66.0,False,363
imsa,2024,Watkins Glen,Watkins Glen International,race,621,27,GTD,Roman de Angelis,roman de angelis,64,2.0,20,157.854,36.999,61.496,59.359,,FCY,18,83.0,97.34,66.0,False,363
imsa,2024,Watkins Glen,Watkins Glen International,race,621,27,GTD,Roman de Angelis,roman de angelis,65,2.0,21,169.416,36.842,61.539,71.035,,FCY,18,83.0,97.52,66.0,False,363
imsa,2024,Watkins Glen,Watkins Glen International,race,621,27,GTD,Roman de Angelis,roman de angelis,66,2.0,22,207.839,62.678,75.145,70.016,,FCY,18,82.7,97.16,64.0,False,363
imsa,2024,Watkins Glen,Watkins Glen International,race,621,27,GTD,Roman de Angelis,roman de angelis,67,2.0,23,169.35,31.273,61.333,76.744,,FCY,18,82.7,96.62,64.0,False,363
imsa,2024,Watkins Glen,Watkins Glen International,race,621,27,GTD,Zacharie Robichon,zacharie robichon,68,3.0,0,193.67,74.211,52.281,67.178,62.898,FCY,0,82.6,95.9,65.0,False,363
imsa,2024,Watkins Glen,Watkins Glen International,race,621,27,GTD,Zacharie Robichon,zacharie robichon,69,3.0,1,203.428,59.597,75.912,67.919,,FCY,0,82.5,95.72,64.0,False,363
imsa,2024,Watkins Glen,Watkins Glen International,race,621,27,GTD,Zacharie Robichon,zacharie robichon,70,3.0,2,152.762,40.573,61.284,50.905,,GF,0,82.5,95.9,64.0,False,363
imsa,2024,Watkins Glen,Watkins Glen International,race,621,27,GTD,Zacharie Robichon,zacharie robichon,71,3.0,3,111.636,25.794,42.605,43.237,,GF,1,82.6,96.08,64.0,False,363
imsa,2024,Watkins Glen,Watkins Glen International,race,621,27,GTD,Zacharie Robichon,zacharie robichon,72,3.0,4,109.806,25.348,41.515,42.943,,GF,2,82.6,96.08,65.0,False,363
imsa,2024,Watkins Glen,Watkins Glen International,race,621,27,GTD,Zacharie Robichon,zacharie robichon,73,3.0,5,108.061,25.274,40.638,42.149,,GF,3,82.6,96.08,65.0,False,363
imsa,2024,Watkins Glen,Watkins Glen International,race,621,27,GTD,Zacharie Robichon,zacharie robichon,74,3.0,6,107.902,25.16,40.535,42.207,,GF,4,82.7,95.54,65.0,False,363
imsa,2024,Watkins Glen,Watkins Glen International,race,621,27,GTD,Zacharie Robichon,zacharie robichon,75,3.0,7,108.171,25.179,40.876,42.116,,GF,5,82.6,95.18,65.0,False,363
imsa,2024,Watkins Glen,Watkins Glen International,race,621,27,GTD,Zacharie Robichon,zacharie robichon,76,3.0,8,111.719,25.208,41.972,44.539,,GF,6,82.5,94.28,67.0,False,363
imsa,2024,Watkins Glen,Watkins Glen International,race,621,27,GTD,Zacharie Robichon,zacharie robichon,77,3.0,9,111.442,25.419,43.108,42.915,,GF,7,82.5,94.1,67.0,False,363
imsa,2024,Watkins Glen,Watkins Glen International,race,621,27,GTD,Zacharie Robichon,zacharie robichon,78,3.0,10,108.83,25.242,41.49,42.098,,GF,8,82.3,93.74,66.0,False,363
imsa,2024,Watkins Glen,Watkins Glen International,race,621,27,GTD,Zacharie Robichon,zacharie robichon,79,3.0,11,108.194,25.228,40.943,42.023,,GF,9,82.0,93.02,66.0,False,363
imsa,2024,Watkins Glen,Watkins Glen International,race,621,27,GTD,Zacharie Robichon,zacharie robichon,80,3.0,12,110.619,25.136,42.054,43.429,,GF,10,81.5,92.66,66.0,False,363
imsa,2024,Watkins Glen,Watkins Glen International,race,621,27,GTD,Zacharie Robichon,zacharie robichon,81,3.0,13,109.966,25.545,42.339,42.082,,GF,11,80.7,91.94,68.0,False,363
imsa,2024,Watkins Glen,Watkins Glen International,race,621,27,GTD,Zacharie Robichon,zacharie robichon,82,3.0,14,110.207,25.231,40.921,44.055,,GF,12,79.9,91.76,69.0,False,363
imsa,2024,Watkins Glen,Watkins Glen International,race,621,27,GTD,Zacharie Robichon,zacharie robichon,83,3.0,15,487.466,27.048,43.736,416.682,,FCY,13,77.4,85.64,75.0,False,363
imsa,2024,Watkins Glen,Watkins Glen International,race,621,32,GTD,Mikael Grenier,mikael grenier,1,1.0,0,149.256,64.13,42.776,42.35,,GF,0,79.9,88.7,72.0,False,363
imsa,2024,Watkins Glen,Watkins Glen International,race,621,32,GTD,Mikael Grenier,mikael grenier,2,1.0,1,108.423,25.108,41.449,41.866,,GF,0,80.0,88.52,72.0,False,363
imsa,2024,Watkins Glen,Watkins Glen International,race,621,32,GTD,Mikael Grenier,mikael grenier,3,1.0,2,126.589,25.082,41.134,60.373,,FCY,1,80.0,88.7,72.0,False,363
imsa,2024,Watkins Glen,Watkins Glen International,race,621,32,GTD,Mikael Grenier,mikael grenier,4,1.0,3,142.056,35.37,54.148,52.538,,FCY,1,80.0,88.88,72.0,False,363
imsa,2024,Watkins Glen,Watkins Glen International,race,621,32,GTD,Mikael Grenier,mikael grenier,5,1.0,4,152.202,30.223,50.485,71.494,,FCY,1,80.1,89.06,73.0,False,363
imsa,2024,Watkins Glen,Watkins Glen International,race,621,32,GTD,Mikael Grenier,mikael grenier,6,1.0,5,188.104,66.006,75.083,47.015,,GF,1,80.2,89.78,72.0,False,363
imsa,2024,Watkins Glen,Watkins Glen International,race,621,32,GTD,Mikael Grenier,mikael grenier,7,1.0,6,107.773,25.153,40.763,41.857,,GF,2,80.3,90.5,72.0,False,363
imsa,2024,Watkins Glen,Watkins Glen International,race,621,32,GTD,Mikael Grenier,mikael grenier,8,1.0,7,107.933,25.173,40.783,41.977,,GF,3,80.3,90.5,72.0,False,363
imsa,2024,Watkins Glen,Watkins Glen International,race,621,32,GTD,Mikael Grenier,mikael grenier,9,1.0,8,107.907,25.226,40.828,41.853,,GF,4,80.3,91.4,72.0,False,363
imsa,2024,Watkins Glen,Watkins Glen International,race,621,32,GTD,Mikael Grenier,mikael grenier,10,1.0,9,108.453,25.195,41.088,42.17,,GF,5,80.5,91.94,72.0,False,363
imsa,2024,Watkins Glen,Watkins Glen International,race,621,32,GTD,Mikael Grenier,mikael grenier,11,1.0,10,107.548,25.131,40.657,41.76,,GF,6,80.7,93.02,72.0,False,363
imsa,2024,Watkins Glen,Watkins Glen International,race,621,32,GTD,Mikael Grenier,mikael grenier,12,1.0,11,107.687,25.184,40.71,41.793,,GF,7,80.9,93.38,72.0,False,363
imsa,2024,Watkins Glen,Watkins Glen International,race,621,32,GTD,Mikael Grenier,mikael grenier,13,1.0,12,108.249,25.188,40.913,42.148,,GF,8,81.2,93.74,72.0,False,363
imsa,2024,Watkins Glen,Watkins Glen International,race,621,32,GTD,Mikael Grenier,mikael grenier,14,1.0,13,110.261,25.283,42.359,42.619,,GF,9,81.4,93.92,71.0,False,363
imsa,2024,Watkins Glen,Watkins Glen International,race,621,32,GTD,Mikael Grenier,mikael grenier,15,1.0,14,107.58,25.208,40.548,41.824,,GF,10,81.4,93.92,71.0,False,363
imsa,2024,Watkins Glen,Watkins Glen International,race,621,32,GTD,Mikael Grenier,mikael grenier,16,1.0,15,107.937,25.212,40.716,42.009,,FCY,11,81.4,94.1,70.0,False,363
imsa,2024,Watkins Glen,Watkins Glen International,race,621,32,GTD,Mikael Grenier,mikael grenier,17,1.0,16,131.185,27.656,47.537,55.992,,FCY,11,81.3,93.92,71.0,False,363
imsa,2024,Watkins Glen,Watkins Glen International,race,621,32,GTD,Mikael Grenier,mikael grenier,18,1.0,17,210.135,47.138,84.162,78.835,,FCY,11,81.3,94.28,71.0,False,363
imsa,2024,Watkins Glen,Watkins Glen International,race,621,32,GTD,Mikael Grenier,mikael grenier,19,1.0,18,201.276,56.554,73.604,71.118,,FCY,11,81.3,94.1,71.0,False,363
imsa,2024,Watkins Glen,Watkins Glen International,race,621,32,GTD,Mikael Grenier,mikael grenier,20,1.0,19,196.255,34.583,52.472,109.2,,FCY,11,81.2,93.92,71.0,False,363
imsa,2024,Watkins Glen,Watkins Glen International,race,621,32,GTD,Kenton Koch,kenton koch,21,2.0,0,161.676,47.424,57.73,56.522,65.654,FCY,0,81.3,93.74,71.0,False,363
imsa,2024,Watkins Glen,Watkins Glen International,race,621,32,GTD,Kenton Koch,kenton koch,22,2.0,1,200.442,46.167,81.454,72.821,,FCY,0,81.2,93.2,71.0,False,363
imsa,2024,Watkins Glen,Watkins Glen International,race,621,32,GTD,Kenton Koch,kenton koch,23,2.0,2,216.576,60.564,72.68,83.332,,FCY,0,81.0,92.84,71.0,False,363
imsa,2024,Watkins Glen,Watkins Glen International,race,621,32,GTD,Kenton Koch,kenton koch,24,2.0,3,175.431,60.559,67.262,47.61,,GF,0,80.8,92.48,72.0,False,363
imsa,2024,Watkins Glen,Watkins Glen International,race,621,32,GTD,Kenton Koch,kenton koch,25,2.0,4,109.001,25.377,41.535,42.089,,GF,1,80.8,92.3,72.0,False,363
imsa,2024,Watkins Glen,Watkins Glen International,race,621,32,GTD,Kenton Koch,kenton koch,26,2.0,5,108.672,25.286,40.996,42.39,,GF,2,80.8,92.3,72.0,False,363
imsa,2024,Watkins Glen,Watkins Glen International,race,621,32,GTD,Kenton Koch,kenton koch,27,2.0,6,108.672,25.31,41.526,41.836,,GF,3,80.8,92.3,72.0,False,363
imsa,2024,Watkins Glen,Watkins Glen International,race,621,32,GTD,Kenton Koch,kenton koch,28,2.0,7,107.149,25.238,40.233,41.678,,GF,4,80.8,92.48,71.0,False,363
imsa,2024,Watkins Glen,Watkins Glen International,race,621,32,GTD,Kenton Koch,kenton koch,29,2.0,8,107.175,25.368,40.147,41.66,,GF,5,80.8,92.3,71.0,False,363
imsa,2024,Watkins Glen,Watkins Glen International,race,621,32,GTD,Kenton Koch,kenton koch,30,2.0,9,108.059,25.198,40.93,41.931,,GF,6,80.7,92.12,72.0,False,363
imsa,2024,Watkins Glen,Watkins Glen International,race,621,32,GTD,Kenton Koch,kenton koch,31,2.0,10,107.956,25.178,40.565,42.213,,GF,7,80.7,92.12,72.0,False,363
imsa,2024,Watkins Glen,Watkins Glen International,race,621,32,GTD,Kenton Koch,kenton koch,32,2.0,11,108.571,25.201,40.737,42.633,,GF,8,80.8,92.3,72.0,False,363
imsa,2024,Watkins Glen,Watkins Glen International,race,621,32,GTD,Kenton Koch,kenton koch,33,2.0,12,108.218,25.335,40.646,42.237,,GF,9,80.8,92.66,71.0,False,363
imsa,2024,Watkins Glen,Watkins Glen International,race,621,32,GTD,Kenton Koch,kenton koch,34,2.0,13,107.924,25.206,40.46,42.258,,GF,10,80.9,92.84,71.0,False,363
imsa,2024,Watkins Glen,Watkins Glen International,race,621,32,GTD,Kenton Koch,kenton koch,35,2.0,14,108.542,25.279,40.844,42.419,,GF,11,81.0,93.2,70.0,False,363
imsa,2024,Watkins Glen,Watkins Glen International,race,621,32,GTD,Kenton Koch,kenton koch,36,2.0,15,108.234,25.252,40.507,42.475,,GF,12,81.0,93.2,71.0,False,363
imsa,2024,Watkins Glen,Watkins Glen International,race,621,32,GTD,Kenton Koch,kenton koch,37,2.0,16,107.913,25.232,40.501,42.18,,GF,13,81.2,93.38,71.0,False,363
imsa,2024,Watkins Glen,Watkins Glen International,race,621,32,GTD,Kenton Koch,kenton koch,38,2.0,17,108.763,25.392,41.195,42.176,,GF,14,81.4,93.2,71.0,False,363
imsa,2024,Watkins Glen,Watkins Glen International,race,621,32,GTD,Kenton Koch,kenton koch,39,2.0,18,108.963,25.276,40.407,43.28,,GF,15,81.5,93.2,71.0,False,363
imsa,2024,Watkins Glen,Watkins Glen International,race,621,32,GTD,Kenton Koch,kenton koch,40,2.0,19,107.97,25.155,40.728,42.087,,GF,16,81.6,93.2,70.0,False,363
imsa,2024,Watkins Glen,Watkins Glen International,race,621,32,GTD,Kenton Koch,kenton koch,41,2.0,20,108.021,25.35,40.259,42.412,,GF,17,81.6,93.38,70.0,False,363
imsa,2024,Watkins Glen,Watkins Glen International,race,621,32,GTD,Kenton Koch,kenton koch,42,2.0,21,107.79,25.269,40.406,42.115,,GF,18,81.8,93.56,70.0,False,363
imsa,2024,Watkins Glen,Watkins Glen International,race,621,32,GTD,Kenton Koch,kenton koch,43,2.0,22,107.999,25.128,40.622,42.249,,GF,19,81.8,93.74,69.0,False,363
imsa,2024,Watkins Glen,Watkins Glen International,race,621,32,GTD,Kenton Koch,kenton koch,44,2.0,23,109.295,25.179,41.989,42.127,,GF,20,81.8,93.92,69.0,False,363
imsa,2024,Watkins Glen,Watkins Glen International,race,621,32,GTD,Kenton Koch,kenton koch,45,2.0,24,108.278,25.087,40.596,42.595,,GF,21,81.6,93.74,68.0,False,363
imsa,2024,Watkins Glen,Watkins Glen International,race,621,32,GTD,Kenton Koch,kenton koch,46,2.0,25,108.148,25.066,40.61,42.472,,GF,22,81.6,93.38,68.0,False,363
imsa,2024,Watkins Glen,Watkins Glen International,race,621,32,GTD,Kenton Koch,kenton koch,47,2.0,26,108.535,25.111,40.741,42.683,,GF,23,81.8,93.2,69.0,False,363
imsa,2024,Watkins Glen,Watkins Glen International,race,621,32,GTD,Kenton Koch,kenton koch,48,2.0,27,108.589,25.115,40.835,42.639,,GF,24,81.9,92.84,69.0,False,363
imsa,2024,Watkins Glen,Watkins Glen International,race,621,32,GTD,Kenton Koch,kenton koch,49,2.0,28,108.722,25.088,40.718,42.916,,GF,25,81.8,92.48,68.0,False,363
imsa,2024,Watkins Glen,Watkins Glen International,race,621,32,GTD,Kenton Koch,kenton koch,50,2.0,29,108.517,25.055,40.893,42.569,,GF,26,81.6,91.94,67.0,False,363
imsa,2024,Watkins Glen,Watkins Glen International,race,621,32,GTD,Kenton Koch,kenton koch,51,2.0,30,108.456,25.032,41.076,42.348,,GF,27,81.4,91.76,68.0,False,363
imsa,2024,Watkins Glen,Watkins Glen International,race,621,32,GTD,Kenton Koch,kenton koch,52,2.0,31,108.282,25.161,41.005,42.116,,GF,28,81.3,91.58,68.0,False,363
imsa,2024,Watkins Glen,Watkins Glen International,race,621,32,GTD,Kenton Koch,kenton koch,53,2.0,32,106.925,25.122,40.093,41.71,,GF,29,81.2,91.4,68.0,False,363
imsa,2024,Watkins Glen,Watkins Glen International,race,621,32,GTD,Kenton Koch,kenton koch,54,2.0,33,106.677,25.096,39.869,41.712,,GF,30,81.2,91.4,68.0,False,363
imsa,2024,Watkins Glen,Watkins Glen International,race,621,32,GTD,Kenton Koch,kenton koch,55,2.0,34,161.806,25.255,40.279,96.272,,GF,31,81.3,91.94,67.0,False,363
imsa,2024,Watkins Glen,Watkins Glen International,race,621,32,GTD,Kenton Koch,kenton koch,56,2.0,35,122.863,38.027,42.522,42.314,72.058,GF,0,81.4,93.02,67.0,False,363
imsa,2024,Watkins Glen,Watkins Glen International,race,621,32,GTD,Kenton Koch,kenton koch,57,2.0,36,107.616,25.33,40.651,41.635,,GF,0,81.7,93.92,67.0,False,363
imsa,2024,Watkins Glen,Watkins Glen International,race,621,32,GTD,Kenton Koch,kenton koch,58,2.0,37,106.616,25.143,39.884,41.589,,GF,1,82.0,95.36,68.0,False,363
imsa,2024,Watkins Glen,Watkins Glen International,race,621,32,GTD,Kenton Koch,kenton koch,59,2.0,38,107.459,25.18,40.271,42.008,,GF,2,82.2,96.26,67.0,False,363
imsa,2024,Watkins Glen,Watkins Glen International,race,621,32,GTD,Kenton Koch,kenton koch,60,2.0,39,108.204,25.269,40.899,42.036,,GF,3,82.5,96.62,67.0,False,363
imsa,2024,Watkins Glen,Watkins Glen International,race,621,32,GTD,Kenton Koch,kenton koch,61,2.0,40,108.872,25.231,41.189,42.452,,GF,4,82.5,96.62,66.0,False,363
imsa,2024,Watkins Glen,Watkins Glen International,race,621,32,GTD,Kenton Koch,kenton koch,62,2.0,41,107.879,25.213,40.57,42.096,,GF,5,82.7,96.8,66.0,False,363
imsa,2024,Watkins Glen,Watkins Glen International,race,621,32,GTD,Kenton Koch,kenton koch,63,2.0,42,122.762,25.298,43.845,53.619,,FCY,6,82.9,97.16,66.0,False,363
imsa,2024,Watkins Glen,Watkins Glen International,race,621,32,GTD,Kenton Koch,kenton koch,64,2.0,43,160.343,44.027,58.731,57.585,,FCY,6,82.9,97.34,65.0,False,363
imsa,2024,Watkins Glen,Watkins Glen International,race,621,32,GTD,Kenton Koch,kenton koch,65,2.0,44,176.78,37.367,66.886,72.527,,FCY,6,83.0,97.52,66.0,False,363
imsa,2024,Watkins Glen,Watkins Glen International,race,621,32,GTD,Kenton Koch,kenton koch,66,2.0,45,206.605,61.708,77.952,66.945,,FCY,6,82.8,97.34,66.0,False,363
imsa,2024,Watkins Glen,Watkins Glen International,race,621,32,GTD,Kenton Koch,kenton koch,67,2.0,46,168.499,32.37,66.049,70.08,,FCY,6,82.7,96.62,64.0,False,363
imsa,2024,Watkins Glen,Watkins Glen International,race,621,32,GTD,Kenton Koch,kenton koch,68,2.0,47,179.594,35.603,68.689,75.302,,FCY,6,82.6,95.9,65.0,False,363
imsa,2024,Watkins Glen,Watkins Glen International,race,621,32,GTD,Kenton Koch,kenton koch,69,2.0,48,214.595,62.732,83.098,68.765,,FCY,6,82.5,95.72,64.0,False,363
imsa,2024,Watkins Glen,Watkins Glen International,race,621,32,GTD,Kenton Koch,kenton koch,70,2.0,49,168.83,41.611,63.166,64.053,,GF,6,82.5,95.9,64.0,False,363
imsa,2024,Watkins Glen,Watkins Glen International,race,621,32,GTD,Kenton Koch,kenton koch,71,2.0,50,108.086,25.5,40.686,41.9,,GF,7,82.6,96.08,64.0,False,363
imsa,2024,Watkins Glen,Watkins Glen International,race,621,32,GTD,Kenton Koch,kenton koch,72,2.0,51,107.529,25.075,40.714,41.74,,GF,8,82.6,96.08,65.0,False,363
imsa,2024,Watkins Glen,Watkins Glen International,race,621,32,GTD,Kenton Koch,kenton koch,73,2.0,52,107.707,25.073,40.971,41.663,,GF,9,82.6,96.08,65.0,False,363
imsa,2024,Watkins Glen,Watkins Glen International,race,621,32,GTD,Kenton Koch,kenton koch,74,2.0,53,106.919,25.088,40.105,41.726,,GF,10,82.7,95.54,65.0,False,363
imsa,2024,Watkins Glen,Watkins Glen International,race,621,32,GTD,Kenton Koch,kenton koch,75,2.0,54,107.008,25.162,40.073,41.773,,GF,11,82.6,95.18,65.0,False,363
imsa,2024,Watkins Glen,Watkins Glen International,race,621,32,GTD,Kenton Koch,kenton koch,76,2.0,55,111.727,25.133,41.595,44.999,,GF,12,82.6,95.0,66.0,False,363
imsa,2024,Watkins Glen,Watkins Glen International,race,621,32,GTD,Kenton Koch,kenton koch,77,2.0,56,111.323,25.482,43.512,42.329,,GF,13,82.5,94.1,67.0,False,363
imsa,2024,Watkins Glen,Watkins Glen International,race,621,32,GTD,Kenton Koch,kenton koch,78,2.0,57,107.886,25.186,40.715,41.985,,GF,14,82.3,93.74,66.0,False,363
imsa,2024,Watkins Glen,Watkins Glen International,race,621,32,GTD,Kenton Koch,kenton koch,79,2.0,58,107.141,25.155,40.259,41.727,,GF,15,82.1,93.56,66.0,False,363
imsa,2024,Watkins Glen,Watkins Glen International,race,621,32,GTD,Kenton Koch,kenton koch,80,2.0,59,108.757,25.047,41.352,42.358,,GF,16,81.5,92.66,66.0,False,363
imsa,2024,Watkins Glen,Watkins Glen International,race,621,32,GTD,Kenton Koch,kenton koch,81,2.0,60,110.421,25.334,41.27,43.817,,GF,17,80.7,91.94,68.0,False,363
imsa,2024,Watkins Glen,Watkins Glen International,race,621,32,GTD,Kenton Koch,kenton koch,82,2.0,61,108.92,25.175,40.916,42.829,,GF,18,79.9,91.76,69.0,False,363
imsa,2024,Watkins Glen,Watkins Glen International,race,621,32,GTD,Kenton Koch,kenton koch,83,2.0,62,111.941,25.237,41.305,45.399,,GF,19,79.6,89.78,71.0,False,363
imsa,2024,Watkins Glen,Watkins Glen International,race,621,32,GTD,Kenton Koch,kenton koch,84,2.0,63,147.15,32.46,52.082,62.608,,FCY,20,78.4,87.62,73.0,False,363
imsa,2024,Watkins Glen,Watkins Glen International,race,621,32,GTD,Kenton Koch,kenton koch,85,2.0,64,137.465,31.95,44.401,61.114,,FCY,20,77.8,86.36,75.0,False,363
imsa,2024,Watkins Glen,Watkins Glen International,race,621,32,GTD,Kenton Koch,kenton koch,86,2.0,65,185.006,31.626,47.383,105.997,,FCY,20,77.1,85.64,76.0,False,363
imsa,2024,Watkins Glen,Watkins Glen International,race,621,32,GTD,Kenton Koch,kenton koch,87,2.0,66,201.72,36.11,80.89,84.72,,FCY,20,76.8,84.92,77.0,False,363
imsa,2024,Watkins Glen,Watkins Glen International,race,621,32,GTD,Kenton Koch,kenton koch,88,2.0,67,190.689,34.865,71.026,84.798,,FCY,20,76.5,83.3,77.0,False,363
imsa,2024,Watkins Glen,Watkins Glen International,race,621,32,GTD,Kenton Koch,kenton koch,89,2.0,68,186.894,36.396,71.018,79.48,,FCY,20,76.1,82.4,77.0,False,363
imsa,2024,Watkins Glen,Watkins Glen International,race,621,32,GTD,Kenton Koch,kenton koch,90,2.0,69,218.403,52.078,82.577,83.748,,FCY,20,76.0,82.4,77.0,False,363
imsa,2024,Watkins Glen,Watkins Glen International,race,621,32,GTD,Kenton Koch,kenton koch,91,2.0,70,191.146,52.726,76.097,62.323,,GF,20,76.0,82.04,77.0,False,363
imsa,2024,Watkins Glen,Watkins Glen International,race,621,32,GTD,Kenton Koch,kenton koch,92,2.0,71,108.354,25.928,40.532,41.894,,GF,21,76.0,81.68,78.0,False,363
imsa,2024,Watkins Glen,Watkins Glen International,race,621,32,GTD,Kenton Koch,kenton koch,93,2.0,72,107.047,25.418,39.68,41.949,,GF,22,76.0,81.5,78.0,False,363
imsa,2024,Watkins Glen,Watkins Glen International,race,621,32,GTD,Kenton Koch,kenton koch,94,2.0,73,106.199,25.107,39.524,41.568,,GF,23,76.0,81.32,77.0,False,363
imsa,2024,Watkins Glen,Watkins Glen International,race,621,32,GTD,Kenton Koch,kenton koch,95,2.0,74,110.928,25.124,41.294,44.51,,GF,24,76.1,80.78,78.0,False,363
imsa,2024,Watkins Glen,Watkins Glen International,race,621,32,GTD,Kenton Koch,kenton koch,96,2.0,75,145.198,29.922,54.597,60.679,,FCY,25,76.0,80.42,78.0,False,363
imsa,2024,Watkins Glen,Watkins Glen International,race,621,32,GTD,Kenton Koch,kenton koch,97,2.0,76,207.898,39.576,62.365,105.957,,FCY,25,75.7,80.06,78.0,False,363
imsa,2024,Watkins Glen,Watkins Glen International,race,621,32,GTD,Kenton Koch,kenton koch,98,2.0,77,240.382,68.315,70.362,101.705,64.036,FCY,0,75.5,79.88,79.0,False,363
imsa,2024,Watkins Glen,Watkins Glen International,race,621,32,GTD,Kenton Koch,kenton koch,99,2.0,78,191.988,36.65,69.726,85.612,,FCY,0,75.4,79.7,80.0,False,363
imsa,2024,Watkins Glen,Watkins Glen International,race,621,32,GTD,Kenton Koch,kenton koch,100,2.0,79,219.036,45.201,70.434,103.401,,GF,0,75.7,79.52,79.0,False,363
imsa,2024,Watkins Glen,Watkins Glen International,race,621,32,GTD,Mike Skeen,mike skeen,101,3.0,0,132.292,42.442,45.458,44.392,71.593,GF,0,75.9,79.7,78.0,False,363
imsa,2024,Watkins Glen,Watkins Glen International,race,621,32,GTD,Mike Skeen,mike skeen,102,3.0,1,111.924,27.233,41.799,42.892,,GF,0,76.2,80.06,77.0,False,363
imsa,2024,Watkins Glen,Watkins Glen International,race,621,32,GTD,Mike Skeen,mike skeen,103,3.0,2,109.045,26.346,40.996,41.703,,GF,1,76.4,80.42,77.0,False,363
imsa,2024,Watkins Glen,Watkins Glen International,race,621,32,GTD,Mike Skeen,mike skeen,104,3.0,3,107.281,25.42,40.309,41.552,,GF,2,76.6,80.96,76.0,False,363
imsa,2024,Watkins Glen,Watkins Glen International,race,621,32,GTD,Mike Skeen,mike skeen,105,3.0,4,108.664,26.317,40.491,41.856,,GF,3,76.8,81.32,76.0,False,363
imsa,2024,Watkins Glen,Watkins Glen International,race,621,32,GTD,Mike Skeen,mike skeen,106,3.0,5,107.277,25.352,40.201,41.724,,GF,4,77.0,81.68,75.0,False,363
imsa,2024,Watkins Glen,Watkins Glen International,race,621,32,GTD,Mike Skeen,mike skeen,107,3.0,6,107.703,25.382,40.468,41.853,,GF,5,77.0,82.4,75.0,False,363
imsa,2024,Watkins Glen,Watkins Glen International,race,621,32,GTD,Mike Skeen,mike skeen,108,3.0,7,108.399,25.384,40.727,42.288,,GF,6,77.4,82.94,75.0,False,363
imsa,2024,Watkins Glen,Watkins Glen International,race,621,32,GTD,Mike Skeen,mike skeen,109,3.0,8,108.825,25.423,40.896,42.506,,GF,7,77.5,82.58,74.0,False,363
imsa,2024,Watkins Glen,Watkins Glen International,race,621,32,GTD,Mike Skeen,mike skeen,110,3.0,9,109.277,25.288,41.551,42.438,,GF,8,77.3,82.58,74.0,False,363
imsa,2024,Watkins Glen,Watkins Glen International,race,621,32,GTD,Mike Skeen,mike skeen,111,3.0,10,109.135,25.971,40.886,42.278,,GF,9,77.3,82.76,75.0,False,363
imsa,2024,Watkins Glen,Watkins Glen International,race,621,32,GTD,Mike Skeen,mike skeen,112,3.0,11,109.046,25.236,41.375,42.435,,GF,10,77.2,82.94,74.0,False,363
imsa,2024,Watkins Glen,Watkins Glen International,race,621,32,GTD,Mike Skeen,mike skeen,113,3.0,12,108.681,25.244,40.967,42.47,,GF,11,77.1,82.94,75.0,False,363
imsa,2024,Watkins Glen,Watkins Glen International,race,621,32,GTD,Mike Skeen,mike skeen,114,3.0,13,107.959,25.233,40.681,42.045,,GF,12,77.0,82.94,75.0,False,363
imsa,2024,Watkins Glen,Watkins Glen International,race,621,32,GTD,Mike Skeen,mike skeen,115,3.0,14,108.066,25.163,40.786,42.117,,GF,13,76.9,82.94,75.0,False,363
imsa,2024,Watkins Glen,Watkins Glen International,race,621,32,GTD,Mike Skeen,mike skeen,116,3.0,15,107.822,25.133,40.546,42.143,,GF,14,76.8,82.94,75.0,False,363
imsa,2024,Watkins Glen,Watkins Glen International,race,621,32,GTD,Mike Skeen,mike skeen,117,3.0,16,109.744,25.076,40.626,44.042,,GF,15,76.5,82.58,76.0,False,363
imsa,2024,Watkins Glen,Watkins Glen International,race,621,32,GTD,Mike Skeen,mike skeen,118,3.0,17,221.177,31.288,67.078,122.811,,FCY,16,75.3,78.26,79.0,False,363
imsa,2024,Watkins Glen,Watkins Glen International,race,621,32,GTD,Mike Skeen,mike skeen,119,3.0,18,310.556,84.368,112.435,113.753,,FCY,16,73.5,78.62,82.0,False,363
imsa,2024,Watkins Glen,Watkins Glen International,race,621,32,GTD,Mike Skeen,mike skeen,120,3.0,19,274.149,71.912,101.316,100.921,,FCY,16,72.8,78.26,84.0,False,363
imsa,2024,Watkins Glen,Watkins Glen International,race,621,32,GTD,Mike Skeen,mike skeen,121,3.0,20,299.275,72.591,104.151,122.533,,FCY,16,72.5,76.64,85.0,False,363
imsa,2024,Watkins Glen,Watkins Glen International,race,621,32,GTD,Mike Skeen,mike skeen,122,3.0,21,3153.467,86.149,131.964,2935.354,2050.868,FCY,0,75.8,83.84,82.0,False,363
imsa,2024,Watkins Glen,Watkins Glen International,race,621,32,GTD,Mike Skeen,mike skeen,123,3.0,22,164.158,37.183,60.338,66.637,,FCY,0,76.0,84.56,81.0,False,363
imsa,2024,Watkins Glen,Watkins Glen International,race,621,32,GTD,Mike Skeen,mike skeen,124,3.0,23,159.217,36.62,68.894,53.703,,FCY,0,76.2,85.46,81.0,False,363
imsa,2024,Watkins Glen,Watkins Glen International,race,621,32,GTD,Mike Skeen,mike skeen,125,3.0,24,119.324,27.696,45.814,45.814,,FCY,0,76.3,85.64,81.0,False,363
imsa,2024,Watkins Glen,Watkins Glen International,race,621,32,GTD,Mike Skeen,mike skeen,126,3.0,25,168.257,26.104,44.127,98.026,,FCY,0,76.6,87.08,80.0,False,363
imsa,2024,Watkins Glen,Watkins Glen International,race,621,32,GTD,Mikael Grenier,mikael grenier,127,4.0,0,191.817,49.367,64.064,78.386,58.785,FCY,0,77.2,88.52,80.0,False,363
imsa,2024,Watkins Glen,Watkins Glen International,race,621,32,GTD,Mikael Grenier,mikael grenier,128,4.0,1,205.926,62.455,70.17,73.301,,FCY,0,77.2,87.98,80.0,False,363
imsa,2024,Watkins Glen,Watkins Glen International,race,621,32,GTD,Mikael Grenier,mikael grenier,129,4.0,2,180.398,57.402,72.146,50.85,,GF,0,77.2,88.52,79.0,False,363
imsa,2024,Watkins Glen,Watkins Glen International,race,621,32,GTD,Mikael Grenier,mikael grenier,130,4.0,3,108.417,25.405,41.23,41.782,,GF,1,77.0,87.98,78.0,False,363
imsa,2024,Watkins Glen,Watkins Glen International,race,621,32,GTD,Mikael Grenier,mikael grenier,131,4.0,4,108.054,25.24,40.864,41.95,,GF,2,77.0,88.34,79.0,False,363
imsa,2024,Watkins Glen,Watkins Glen International,race,621,32,GTD,Mikael Grenier,mikael grenier,132,4.0,5,107.816,25.135,40.634,42.047,,GF,3,77.0,87.98,79.0,False,363
imsa,2024,Watkins Glen,Watkins Glen International,race,621,32,GTD,Mikael Grenier,mikael grenier,133,4.0,6,114.255,25.043,44.254,44.958,,GF,4,77.0,87.62,79.0,False,363
imsa,2024,Watkins Glen,Watkins Glen International,race,621,32,GTD,Mikael Grenier,mikael grenier,134,4.0,7,113.789,26.235,43.801,43.753,,GF,5,76.8,87.08,79.0,False,363
imsa,2024,Watkins Glen,Watkins Glen International,race,621,32,GTD,Mikael Grenier,mikael grenier,135,4.0,8,114.197,25.879,44.144,44.174,,GF,6,76.7,86.72,79.0,False,363
imsa,2024,Watkins Glen,Watkins Glen International,race,621,32,GTD,Mikael Grenier,mikael grenier,136,4.0,9,112.169,25.801,43.052,43.316,,GF,7,76.5,86.54,79.0,False,363
imsa,2024,Watkins Glen,Watkins Glen International,race,621,32,GTD,Mikael Grenier,mikael grenier,137,4.0,10,110.626,25.968,42.03,42.628,,GF,8,76.5,86.18,80.0,False,363
imsa,2024,Watkins Glen,Watkins Glen International,race,621,32,GTD,Mikael Grenier,mikael grenier,138,4.0,11,107.831,25.205,40.766,41.86,,GF,9,76.5,86.0,80.0,False,363
imsa,2024,Watkins Glen,Watkins Glen International,race,621,32,GTD,Mikael Grenier,mikael grenier,139,4.0,12,107.292,25.033,40.352,41.907,,FF,10,76.5,86.0,80.0,False,363
imsa,2024,Watkins Glen,Watkins Glen International,race,621,34,GTD,Manny Franco,manny franco,1,1.0,0,151.586,65.652,42.903,43.031,,GF,0,79.9,88.7,72.0,False,363
imsa,2024,Watkins Glen,Watkins Glen International,race,621,34,GTD,Manny Franco,manny franco,2,1.0,1,109.673,25.362,41.888,42.423,,GF,0,80.0,88.52,72.0,False,363
imsa,2024,Watkins Glen,Watkins Glen International,race,621,34,GTD,Manny Franco,manny franco,3,1.0,2,128.513,25.073,41.139,62.301,,FCY,1,80.0,88.7,72.0,False,363
imsa,2024,Watkins Glen,Watkins Glen International,race,621,34,GTD,Manny Franco,manny franco,4,1.0,3,141.842,36.216,53.374,52.252,,FCY,1,80.0,88.88,72.0,False,363
imsa,2024,Watkins Glen,Watkins Glen International,race,621,34,GTD,Manny Franco,manny franco,5,1.0,4,153.792,31.553,50.47,71.769,,FCY,1,80.1,89.06,73.0,False,363
imsa,2024,Watkins Glen,Watkins Glen International,race,621,34,GTD,Manny Franco,manny franco,6,1.0,5,185.507,66.278,72.475,46.754,,GF,1,80.2,89.78,72.0,False,363
imsa,2024,Watkins Glen,Watkins Glen International,race,621,34,GTD,Manny Franco,manny franco,7,1.0,6,107.845,25.081,40.958,41.806,,GF,2,80.3,90.5,72.0,False,363
imsa,2024,Watkins Glen,Watkins Glen International,race,621,34,GTD,Manny Franco,manny franco,8,1.0,7,107.706,25.085,40.659,41.962,,GF,3,80.3,90.5,72.0,False,363
imsa,2024,Watkins Glen,Watkins Glen International,race,621,34,GTD,Manny Franco,manny franco,9,1.0,8,107.903,25.022,40.695,42.186,,GF,4,80.3,91.4,72.0,False,363
imsa,2024,Watkins Glen,Watkins Glen International,race,621,34,GTD,Manny Franco,manny franco,10,1.0,9,107.66,24.961,40.719,41.98,,GF,5,80.5,91.94,72.0,False,363
imsa,2024,Watkins Glen,Watkins Glen International,race,621,34,GTD,Manny Franco,manny franco,11,1.0,10,108.173,25.038,40.96,42.175,,GF,6,80.7,93.02,72.0,False,363
imsa,2024,Watkins Glen,Watkins Glen International,race,621,34,GTD,Manny Franco,manny franco,12,1.0,11,107.736,25.082,40.647,42.007,,GF,7,80.9,93.38,72.0,False,363
imsa,2024,Watkins Glen,Watkins Glen International,race,621,34,GTD,Manny Franco,manny franco,13,1.0,12,109.283,25.279,41.084,42.92,,GF,8,81.2,93.74,72.0,False,363
imsa,2024,Watkins Glen,Watkins Glen International,race,621,34,GTD,Manny Franco,manny franco,14,1.0,13,108.774,25.242,41.216,42.316,,GF,9,81.4,93.92,71.0,False,363
imsa,2024,Watkins Glen,Watkins Glen International,race,621,34,GTD,Manny Franco,manny franco,15,1.0,14,107.912,25.08,40.875,41.957,,GF,10,81.4,93.92,71.0,False,363
imsa,2024,Watkins Glen,Watkins Glen International,race,621,34,GTD,Manny Franco,manny franco,16,1.0,15,108.138,25.078,40.765,42.295,,FCY,11,81.4,94.1,70.0,False,363
imsa,2024,Watkins Glen,Watkins Glen International,race,621,34,GTD,Manny Franco,manny franco,17,1.0,16,132.474,29.456,47.719,55.299,,FCY,11,81.3,93.92,71.0,False,363
imsa,2024,Watkins Glen,Watkins Glen International,race,621,34,GTD,Manny Franco,manny franco,18,1.0,17,210.994,49.603,82.161,79.23,,FCY,11,81.3,94.28,71.0,False,363
imsa,2024,Watkins Glen,Watkins Glen International,race,621,34,GTD,Manny Franco,manny franco,19,1.0,18,199.615,56.258,72.629,70.728,,FCY,11,81.3,94.1,71.0,False,363
imsa,2024,Watkins Glen,Watkins Glen International,race,621,34,GTD,Manny Franco,manny franco,20,1.0,19,193.549,35.954,49.461,108.134,,FCY,11,81.2,93.92,71.0,False,363
imsa,2024,Watkins Glen,Watkins Glen International,race,621,34,GTD,Manny Franco,manny franco,21,1.0,20,161.768,47.165,58.612,55.991,64.085,FCY,0,81.3,93.74,71.0,False,363
imsa,2024,Watkins Glen,Watkins Glen International,race,621,34,GTD,Manny Franco,manny franco,22,1.0,21,200.204,46.4,80.771,73.033,,FCY,0,81.2,93.2,71.0,False,363
imsa,2024,Watkins Glen,Watkins Glen International,race,621,34,GTD,Manny Franco,manny franco,23,1.0,22,216.251,61.054,71.834,83.363,,FCY,0,81.0,92.84,71.0,False,363
imsa,2024,Watkins Glen,Watkins Glen International,race,621,34,GTD,Manny Franco,manny franco,24,1.0,23,175.685,60.509,68.039,47.137,,GF,0,80.8,92.48,72.0,False,363
imsa,2024,Watkins Glen,Watkins Glen International,race,621,34,GTD,Manny Franco,manny franco,25,1.0,24,108.412,25.177,40.76,42.475,,GF,1,80.8,92.3,72.0,False,363
imsa,2024,Watkins Glen,Watkins Glen International,race,621,34,GTD,Manny Franco,manny franco,26,1.0,25,108.505,25.309,40.969,42.227,,GF,2,80.8,92.3,72.0,False,363
imsa,2024,Watkins Glen,Watkins Glen International,race,621,34,GTD,Manny Franco,manny franco,27,1.0,26,109.773,25.175,41.49,43.108,,GF,3,80.8,92.3,72.0,False,363
imsa,2024,Watkins Glen,Watkins Glen International,race,621,34,GTD,Manny Franco,manny franco,28,1.0,27,110.028,25.096,42.105,42.827,,GF,4,80.8,92.48,71.0,False,363
imsa,2024,Watkins Glen,Watkins Glen International,race,621,34,GTD,Manny Franco,manny franco,29,1.0,28,109.026,25.028,41.444,42.554,,GF,5,80.8,92.3,71.0,False,363
imsa,2024,Watkins Glen,Watkins Glen International,race,621,34,GTD,Manny Franco,manny franco,30,1.0,29,110.112,25.155,41.4,43.557,,GF,6,80.7,92.12,72.0,False,363
imsa,2024,Watkins Glen,Watkins Glen International,race,621,34,GTD,Manny Franco,manny franco,31,1.0,30,112.291,25.467,43.229,43.595,,GF,7,80.7,92.12,72.0,False,363
imsa,2024,Watkins Glen,Watkins Glen International,race,621,34,GTD,Manny Franco,manny franco,32,1.0,31,108.312,25.125,40.867,42.32,,GF,8,80.8,92.3,72.0,False,363
imsa,2024,Watkins Glen,Watkins Glen International,race,621,34,GTD,Manny Franco,manny franco,33,1.0,32,109.2,25.21,41.458,42.532,,GF,9,80.9,92.66,71.0,False,363
imsa,2024,Watkins Glen,Watkins Glen International,race,621,34,GTD,Manny Franco,manny franco,34,1.0,33,109.353,25.254,41.824,42.275,,GF,10,80.9,92.84,71.0,False,363
imsa,2024,Watkins Glen,Watkins Glen International,race,621,34,GTD,Manny Franco,manny franco,35,1.0,34,110.908,25.289,42.607,43.012,,GF,11,81.0,93.2,70.0,False,363
imsa,2024,Watkins Glen,Watkins Glen International,race,621,34,GTD,Manny Franco,manny franco,36,1.0,35,110.303,25.534,41.633,43.136,,GF,12,81.1,93.38,71.0,False,363
imsa,2024,Watkins Glen,Watkins Glen International,race,621,34,GTD,Manny Franco,manny franco,37,1.0,36,108.921,25.285,41.078,42.558,,GF,13,81.3,93.38,71.0,False,363
imsa,2024,Watkins Glen,Watkins Glen International,race,621,34,GTD,Manny Franco,manny franco,38,1.0,37,110.71,25.399,42.155,43.156,,GF,14,81.4,93.2,71.0,False,363
imsa,2024,Watkins Glen,Watkins Glen International,race,621,34,GTD,Manny Franco,manny franco,39,1.0,38,109.199,25.349,41.405,42.445,,GF,15,81.5,93.2,71.0,False,363
imsa,2024,Watkins Glen,Watkins Glen International,race,621,34,GTD,Manny Franco,manny franco,40,1.0,39,109.62,25.728,41.363,42.529,,GF,16,81.6,93.2,70.0,False,363
imsa,2024,Watkins Glen,Watkins Glen International,race,621,34,GTD,Manny Franco,manny franco,41,1.0,40,110.904,25.583,41.826,43.495,,GF,17,81.7,93.56,70.0,False,363
imsa,2024,Watkins Glen,Watkins Glen International,race,621,34,GTD,Manny Franco,manny franco,42,1.0,41,109.094,25.281,41.092,42.721,,GF,18,81.8,93.56,70.0,False,363
imsa,2024,Watkins Glen,Watkins Glen International,race,621,34,GTD,Manny Franco,manny franco,43,1.0,42,110.093,25.249,41.522,43.322,,GF,19,81.8,93.74,69.0,False,363
imsa,2024,Watkins Glen,Watkins Glen International,race,621,34,GTD,Manny Franco,manny franco,44,1.0,43,108.443,25.189,40.976,42.278,,GF,20,81.7,93.74,69.0,False,363
imsa,2024,Watkins Glen,Watkins Glen International,race,621,34,GTD,Manny Franco,manny franco,45,1.0,44,110.399,25.153,40.99,44.256,,GF,21,81.7,93.56,68.0,False,363
imsa,2024,Watkins Glen,Watkins Glen International,race,621,34,GTD,Manny Franco,manny franco,46,1.0,45,109.789,26.003,41.45,42.336,,GF,22,81.6,93.38,68.0,False,363
imsa,2024,Watkins Glen,Watkins Glen International,race,621,34,GTD,Manny Franco,manny franco,47,1.0,46,110.251,25.465,41.417,43.369,,GF,23,81.8,93.2,69.0,False,363
imsa,2024,Watkins Glen,Watkins Glen International,race,621,34,GTD,Manny Franco,manny franco,48,1.0,47,109.025,25.288,41.355,42.382,,GF,24,81.8,92.66,68.0,False,363
imsa,2024,Watkins Glen,Watkins Glen International,race,621,34,GTD,Manny Franco,manny franco,49,1.0,48,108.068,25.107,40.837,42.124,,GF,25,81.8,92.3,68.0,False,363
imsa,2024,Watkins Glen,Watkins Glen International,race,621,34,GTD,Manny Franco,manny franco,50,1.0,49,108.297,25.169,40.916,42.212,,GF,26,81.6,91.94,67.0,False,363
imsa,2024,Watkins Glen,Watkins Glen International,race,621,34,GTD,Manny Franco,manny franco,51,1.0,50,108.579,25.298,41.029,42.252,,GF,27,81.4,91.76,68.0,False,363
imsa,2024,Watkins Glen,Watkins Glen International,race,621,34,GTD,Manny Franco,manny franco,52,1.0,51,108.491,25.099,40.977,42.415,,GF,28,81.2,91.4,68.0,False,363
imsa,2024,Watkins Glen,Watkins Glen International,race,621,34,GTD,Manny Franco,manny franco,53,1.0,52,165.945,25.124,41.395,99.426,,GF,29,81.2,91.4,68.0,False,363
imsa,2024,Watkins Glen,Watkins Glen International,race,621,34,GTD,Cedric Sbirrazzuoli,cedric sbirrazzuoli,54,2.0,0,123.364,38.635,41.966,42.763,73.827,GF,0,81.3,91.94,67.0,False,363
imsa,2024,Watkins Glen,Watkins Glen International,race,621,34,GTD,Cedric Sbirrazzuoli,cedric sbirrazzuoli,55,2.0,1,107.122,25.064,40.365,41.693,,GF,0,81.3,92.12,67.0,False,363
imsa,2024,Watkins Glen,Watkins Glen International,race,621,34,GTD,Cedric Sbirrazzuoli,cedric sbirrazzuoli,56,2.0,2,107.133,24.991,40.516,41.626,,GF,1,81.5,93.56,67.0,False,363
imsa,2024,Watkins Glen,Watkins Glen International,race,621,34,GTD,Cedric Sbirrazzuoli,cedric sbirrazzuoli,57,2.0,3,108.911,25.073,40.927,42.911,,GF,2,81.8,95.36,67.0,False,363
imsa,2024,Watkins Glen,Watkins Glen International,race,621,34,GTD,Cedric Sbirrazzuoli,cedric sbirrazzuoli,58,2.0,4,108.143,25.228,40.782,42.133,,GF,3,82.0,95.36,68.0,False,363
imsa,2024,Watkins Glen,Watkins Glen International,race,621,34,GTD,Cedric Sbirrazzuoli,cedric sbirrazzuoli,59,2.0,5,108.3,24.981,40.464,42.855,,GF,4,82.4,96.44,67.0,False,363
imsa,2024,Watkins Glen,Watkins Glen International,race,621,34,GTD,Cedric Sbirrazzuoli,cedric sbirrazzuoli,60,2.0,6,108.506,25.251,40.806,42.449,,GF,5,82.5,96.62,66.0,False,363
imsa,2024,Watkins Glen,Watkins Glen International,race,621,34,GTD,Cedric Sbirrazzuoli,cedric sbirrazzuoli,61,2.0,7,108.52,25.302,41.274,41.944,,GF,6,82.6,96.8,67.0,False,363
imsa,2024,Watkins Glen,Watkins Glen International,race,621,34,GTD,Cedric Sbirrazzuoli,cedric sbirrazzuoli,62,2.0,8,108.709,25.003,40.905,42.801,,FCY,7,82.7,96.8,66.0,False,363
imsa,2024,Watkins Glen,Watkins Glen International,race,621,34,GTD,Cedric Sbirrazzuoli,cedric sbirrazzuoli,63,2.0,9,130.205,29.365,50.509,50.331,,FCY,7,82.9,97.16,66.0,False,363
imsa,2024,Watkins Glen,Watkins Glen International,race,621,34,GTD,Cedric Sbirrazzuoli,cedric sbirrazzuoli,64,2.0,10,142.529,36.022,49.972,56.535,,FCY,7,83.0,97.34,66.0,False,363
imsa,2024,Watkins Glen,Watkins Glen International,race,621,34,GTD,Cedric Sbirrazzuoli,cedric sbirrazzuoli,65,2.0,11,175.156,40.886,59.981,74.289,,FCY,7,83.0,97.52,65.0,False,363
imsa,2024,Watkins Glen,Watkins Glen International,race,621,34,GTD,Cedric Sbirrazzuoli,cedric sbirrazzuoli,66,2.0,12,201.182,62.39,73.406,65.386,,FCY,7,82.7,97.16,64.0,False,363
imsa,2024,Watkins Glen,Watkins Glen International,race,621,34,GTD,Cedric Sbirrazzuoli,cedric sbirrazzuoli,67,2.0,13,185.746,28.176,59.81,97.76,,FCY,7,82.7,96.44,64.0,False,363
imsa,2024,Watkins Glen,Watkins Glen International,race,621,34,GTD,Cedric Sbirrazzuoli,cedric sbirrazzuoli,68,2.0,14,162.994,42.565,52.998,67.431,52.291,FCY,0,82.6,95.9,65.0,False,363
imsa,2024,Watkins Glen,Watkins Glen International,race,621,34,GTD,Cedric Sbirrazzuoli,cedric sbirrazzuoli,69,2.0,15,203.517,59.409,76.355,67.753,,FCY,0,82.5,95.72,64.0,False,363
imsa,2024,Watkins Glen,Watkins Glen International,race,621,34,GTD,Cedric Sbirrazzuoli,cedric sbirrazzuoli,70,2.0,16,154.283,41.196,61.652,51.435,,GF,0,82.5,95.9,64.0,False,363
imsa,2024,Watkins Glen,Watkins Glen International,race,621,34,GTD,Cedric Sbirrazzuoli,cedric sbirrazzuoli,71,2.0,17,111.482,25.727,42.593,43.162,,GF,1,82.6,96.08,64.0,False,363
imsa,2024,Watkins Glen,Watkins Glen International,race,621,34,GTD,Cedric Sbirrazzuoli,cedric sbirrazzuoli,72,2.0,18,109.654,25.033,41.959,42.662,,GF,2,82.6,96.08,65.0,False,363
imsa,2024,Watkins Glen,Watkins Glen International,race,621,34,GTD,Cedric Sbirrazzuoli,cedric sbirrazzuoli,73,2.0,19,107.784,25.042,40.643,42.099,,GF,3,82.6,96.08,65.0,False,363
imsa,2024,Watkins Glen,Watkins Glen International,race,621,34,GTD,Cedric Sbirrazzuoli,cedric sbirrazzuoli,74,2.0,20,107.933,25.056,40.606,42.271,,GF,4,82.7,95.54,65.0,False,363
imsa,2024,Watkins Glen,Watkins Glen International,race,621,34,GTD,Cedric Sbirrazzuoli,cedric sbirrazzuoli,75,2.0,21,108.063,25.194,40.614,42.255,,GF,5,82.6,95.18,65.0,False,363
imsa,2024,Watkins Glen,Watkins Glen International,race,621,34,GTD,Cedric Sbirrazzuoli,cedric sbirrazzuoli,76,2.0,22,111.611,25.063,41.809,44.739,,GF,6,82.5,94.28,67.0,False,363
imsa,2024,Watkins Glen,Watkins Glen International,race,621,34,GTD,Cedric Sbirrazzuoli,cedric sbirrazzuoli,77,2.0,23,110.823,25.304,43.182,42.337,,GF,7,82.5,94.1,67.0,False,363
imsa,2024,Watkins Glen,Watkins Glen International,race,621,34,GTD,Cedric Sbirrazzuoli,cedric sbirrazzuoli,78,2.0,24,109.313,25.173,41.406,42.734,,GF,8,82.3,93.74,66.0,False,363
imsa,2024,Watkins Glen,Watkins Glen International,race,621,34,GTD,Cedric Sbirrazzuoli,cedric sbirrazzuoli,79,2.0,25,108.696,25.017,41.381,42.298,,GF,9,82.0,93.02,66.0,False,363
imsa,2024,Watkins Glen,Watkins Glen International,race,621,34,GTD,Cedric Sbirrazzuoli,cedric sbirrazzuoli,80,2.0,26,111.111,25.054,42.516,43.541,,GF,10,81.5,92.66,66.0,False,363
imsa,2024,Watkins Glen,Watkins Glen International,race,621,34,GTD,Cedric Sbirrazzuoli,cedric sbirrazzuoli,81,2.0,27,109.617,25.546,41.924,42.147,,GF,11,80.7,91.94,68.0,False,363
imsa,2024,Watkins Glen,Watkins Glen International,race,621,34,GTD,Cedric Sbirrazzuoli,cedric sbirrazzuoli,82,2.0,28,110.543,25.075,40.977,44.491,,GF,12,79.9,91.76,69.0,False,363
imsa,2024,Watkins Glen,Watkins Glen International,race,621,34,GTD,Cedric Sbirrazzuoli,cedric sbirrazzuoli,83,2.0,29,163.842,27.287,43.496,93.059,,FCY,13,78.9,88.7,72.0,False,363
imsa,2024,Watkins Glen,Watkins Glen International,race,621,34,GTD,Cedric Sbirrazzuoli,cedric sbirrazzuoli,84,2.0,30,181.595,47.263,55.513,78.819,64.502,FCY,0,77.8,86.36,75.0,False,363
imsa,2024,Watkins Glen,Watkins Glen International,race,621,34,GTD,Cedric Sbirrazzuoli,cedric sbirrazzuoli,85,2.0,31,197.985,33.348,63.191,101.446,,FCY,0,77.1,85.64,76.0,False,363
imsa,2024,Watkins Glen,Watkins Glen International,race,621,34,GTD,Cedric Sbirrazzuoli,cedric sbirrazzuoli,86,2.0,32,161.951,45.484,52.062,64.405,,FCY,0,76.9,85.1,76.0,False,363
imsa,2024,Watkins Glen,Watkins Glen International,race,621,34,GTD,Cedric Sbirrazzuoli,cedric sbirrazzuoli,87,2.0,33,145.33,32.909,51.741,60.68,,FCY,0,76.6,84.02,77.0,False,363
imsa,2024,Watkins Glen,Watkins Glen International,race,621,34,GTD,Cedric Sbirrazzuoli,cedric sbirrazzuoli,88,2.0,34,169.413,33.036,54.455,81.922,,FCY,0,76.4,82.76,77.0,False,363
imsa,2024,Watkins Glen,Watkins Glen International,race,621,34,GTD,Cedric Sbirrazzuoli,cedric sbirrazzuoli,89,2.0,35,160.568,31.984,56.549,72.035,,FCY,0,76.0,82.4,78.0,False,363
imsa,2024,Watkins Glen,Watkins Glen International,race,621,34,GTD,Cedric Sbirrazzuoli,cedric sbirrazzuoli,90,2.0,36,192.396,42.812,72.322,77.262,,FCY,0,76.0,82.4,77.0,False,363
imsa,2024,Watkins Glen,Watkins Glen International,race,621,34,GTD,Cedric Sbirrazzuoli,cedric sbirrazzuoli,91,2.0,37,185.904,52.673,73.755,59.476,,GF,0,76.0,82.04,77.0,False,363
imsa,2024,Watkins Glen,Watkins Glen International,race,621,34,GTD,Cedric Sbirrazzuoli,cedric sbirrazzuoli,92,2.0,38,118.9,28.154,44.707,46.039,,GF,1,76.0,81.68,78.0,False,363
imsa,2024,Watkins Glen,Watkins Glen International,race,621,34,GTD,Cedric Sbirrazzuoli,cedric sbirrazzuoli,93,2.0,39,118.378,26.673,45.295,46.41,,GF,2,76.0,81.5,77.0,False,363
imsa,2024,Watkins Glen,Watkins Glen International,race,621,34,GTD,Cedric Sbirrazzuoli,cedric sbirrazzuoli,94,2.0,40,167.739,27.472,45.869,94.398,,GF,3,76.1,81.14,77.0,False,363
imsa,2024,Watkins Glen,Watkins Glen International,race,621,34,GTD,Albert Costa,albert costa,95,3.0,0,155.488,48.078,53.589,53.821,64.18,FCY,0,76.0,80.42,78.0,False,363
imsa,2024,Watkins Glen,Watkins Glen International,race,621,34,GTD,Albert Costa,albert costa,96,3.0,1,192.297,32.824,78.725,80.748,,FCY,0,75.7,80.06,78.0,False,363
imsa,2024,Watkins Glen,Watkins Glen International,race,621,34,GTD,Albert Costa,albert costa,97,3.0,2,137.116,35.957,49.829,51.33,,FCY,0,75.5,79.88,79.0,False,363
imsa,2024,Watkins Glen,Watkins Glen International,race,621,34,GTD,Albert Costa,albert costa,98,3.0,3,137.785,30.436,44.785,62.564,,FCY,0,75.5,79.88,79.0,False,363
imsa,2024,Watkins Glen,Watkins Glen International,race,621,34,GTD,Albert Costa,albert costa,99,3.0,4,190.255,36.269,70.705,83.281,,FCY,0,75.4,79.7,80.0,False,363
imsa,2024,Watkins Glen,Watkins Glen International,race,621,34,GTD,Albert Costa,albert costa,100,3.0,5,162.136,44.749,68.738,48.649,,GF,0,75.6,79.7,78.0,False,363
imsa,2024,Watkins Glen,Watkins Glen International,race,621,34,GTD,Albert Costa,albert costa,101,3.0,6,112.163,27.581,41.851,42.731,,GF,1,75.7,79.7,78.0,False,363
imsa,2024,Watkins Glen,Watkins Glen International,race,621,34,GTD,Albert Costa,albert costa,102,3.0,7,110.228,27.012,41.045,42.171,,GF,2,76.0,79.88,77.0,False,363
imsa,2024,Watkins Glen,Watkins Glen International,race,621,34,GTD,Albert Costa,albert costa,103,3.0,8,112.861,27.731,42.745,42.385,,GF,3,76.2,80.06,77.0,False,363
imsa,2024,Watkins Glen,Watkins Glen International,race,621,34,GTD,Albert Costa,albert costa,104,3.0,9,108.939,25.233,41.335,42.371,,GF,4,76.5,80.6,76.0,False,363
imsa,2024,Watkins Glen,Watkins Glen International,race,621,34,GTD,Albert Costa,albert costa,105,3.0,10,107.42,25.163,40.378,41.879,,GF,5,76.7,80.96,76.0,False,363
imsa,2024,Watkins Glen,Watkins Glen International,race,621,34,GTD,Albert Costa,albert costa,106,3.0,11,108.388,25.1,41.194,42.094,,GF,6,76.9,81.68,75.0,False,363
imsa,2024,Watkins Glen,Watkins Glen International,race,621,34,GTD,Albert Costa,albert costa,107,3.0,12,110.005,25.123,41.695,43.187,,GF,7,77.0,81.68,75.0,False,363
imsa,2024,Watkins Glen,Watkins Glen International,race,621,34,GTD,Albert Costa,albert costa,108,3.0,13,108.478,25.115,40.988,42.375,,GF,8,77.2,82.76,75.0,False,363
imsa,2024,Watkins Glen,Watkins Glen International,race,621,34,GTD,Albert Costa,albert costa,109,3.0,14,109.066,26.326,40.205,42.535,,GF,9,77.4,82.76,73.0,False,363
imsa,2024,Watkins Glen,Watkins Glen International,race,621,34,GTD,Albert Costa,albert costa,110,3.0,15,107.852,25.414,40.416,42.022,,GF,10,77.4,82.58,74.0,False,363
imsa,2024,Watkins Glen,Watkins Glen International,race,621,34,GTD,Albert Costa,albert costa,111,3.0,16,106.725,24.968,40.024,41.733,,GF,11,77.3,82.58,74.0,False,363
imsa,2024,Watkins Glen,Watkins Glen International,race,621,34,GTD,Albert Costa,albert costa,112,3.0,17,106.691,25.041,39.974,41.676,,GF,12,77.2,82.76,74.0,False,363
imsa,2024,Watkins Glen,Watkins Glen International,race,621,34,GTD,Albert Costa,albert costa,113,3.0,18,107.295,24.926,40.44,41.929,,GF,13,77.1,82.76,74.0,False,363
imsa,2024,Watkins Glen,Watkins Glen International,race,621,34,GTD,Albert Costa,albert costa,114,3.0,19,107.501,24.944,40.639,41.918,,GF,14,77.1,82.94,75.0,False,363
imsa,2024,Watkins Glen,Watkins Glen International,race,621,34,GTD,Albert Costa,albert costa,115,3.0,20,106.538,24.914,39.976,41.648,,GF,15,77.0,82.94,75.0,False,363
imsa,2024,Watkins Glen,Watkins Glen International,race,621,34,GTD,Albert Costa,albert costa,116,3.0,21,106.712,24.952,40.016,41.744,,GF,16,76.8,83.12,75.0,False,363
imsa,2024,Watkins Glen,Watkins Glen International,race,621,34,GTD,Albert Costa,albert costa,117,3.0,22,108.178,25.325,40.527,42.326,,GF,17,76.7,82.76,75.0,False,363
imsa,2024,Watkins Glen,Watkins Glen International,race,621,34,GTD,Albert Costa,albert costa,118,3.0,23,165.729,25.025,40.341,100.363,,FCY,18,76.3,80.24,78.0,False,363
imsa,2024,Watkins Glen,Watkins Glen International,race,621,34,GTD,Albert Costa,albert costa,119,3.0,24,278.042,73.821,101.03,103.191,69.39,FCY,0,74.0,78.8,81.0,False,363
imsa,2024,Watkins Glen,Watkins Glen International,race,621,34,GTD,Albert Costa,albert costa,120,3.0,25,215.644,49.797,69.934,95.913,,FCY,0,73.3,78.62,83.0,False,363
imsa,2024,Watkins Glen,Watkins Glen International,race,621,34,GTD,Albert Costa,albert costa,121,3.0,26,352.432,79.839,133.106,139.487,,FCY,0,72.7,77.72,85.0,False,363
imsa,2024,Watkins Glen,Watkins Glen International,race,621,34,GTD,Albert Costa,albert costa,122,3.0,27,378.366,101.261,134.622,142.483,,FCY,0,72.2,75.92,86.0,False,363
imsa,2024,Watkins Glen,Watkins Glen International,race,621,34,GTD,Albert Costa,albert costa,123,3.0,28,2970.423,107.443,2790.646,72.334,2240.959,FCY,0,75.8,83.84,82.0,False,363
imsa,2024,Watkins Glen,Watkins Glen International,race,621,34,GTD,Albert Costa,albert costa,124,3.0,29,182.434,34.241,49.953,98.24,,FCY,0,76.0,84.56,81.0,False,363
imsa,2024,Watkins Glen,Watkins Glen International,race,621,34,GTD,Albert Costa,albert costa,125,3.0,30,165.266,47.243,53.347,64.676,53.816,FCY,0,76.2,85.46,81.0,False,363
imsa,2024,Watkins Glen,Watkins Glen International,race,621,34,GTD,Albert Costa,albert costa,126,3.0,31,206.202,51.779,70.294,84.129,,FCY,0,76.6,87.08,80.0,False,363
imsa,2024,Watkins Glen,Watkins Glen International,race,621,34,GTD,Albert Costa,albert costa,127,3.0,32,209.307,63.892,67.26,78.155,,FCY,0,77.2,88.52,80.0,False,363
imsa,2024,Watkins Glen,Watkins Glen International,race,621,34,GTD,Albert Costa,albert costa,128,3.0,33,204.271,58.173,75.332,70.766,,FCY,0,77.3,88.16,79.0,False,363
imsa,2024,Watkins Glen,Watkins Glen International,race,621,34,GTD,Albert Costa,albert costa,129,3.0,34,190.109,58.962,78.154,52.993,,GF,0,77.2,88.52,79.0,False,363
imsa,2024,Watkins Glen,Watkins Glen International,race,621,34,GTD,Albert Costa,albert costa,130,3.0,35,107.545,25.796,40.271,41.478,,GF,1,77.0,87.98,78.0,False,363
imsa,2024,Watkins Glen,Watkins Glen International,race,621,34,GTD,Albert Costa,albert costa,131,3.0,36,106.953,25.12,39.747,42.086,,GF,2,77.0,88.34,79.0,False,363
imsa,2024,Watkins Glen,Watkins Glen International,race,621,34,GTD,Albert Costa,albert costa,132,3.0,37,107.714,25.145,40.476,42.093,,GF,3,77.0,87.98,79.0,False,363
imsa,2024,Watkins Glen,Watkins Glen International,race,621,34,GTD,Albert Costa,albert costa,133,3.0,38,108.181,25.178,40.723,42.28,,GF,4,77.0,87.62,79.0,False,363
imsa,2024,Watkins Glen,Watkins Glen International,race,621,34,GTD,Albert Costa,albert costa,134,3.0,39,107.407,25.021,40.623,41.763,,GF,5,76.8,87.08,79.0,False,363
imsa,2024,Watkins Glen,Watkins Glen International,race,621,34,GTD,Albert Costa,albert costa,135,3.0,40,107.104,24.981,40.497,41.626,,GF,6,76.7,86.72,79.0,False,363
imsa,2024,Watkins Glen,Watkins Glen International,race,621,34,GTD,Albert Costa,albert costa,136,3.0,41,107.77,24.975,40.965,41.83,,GF,7,76.6,86.72,79.0,False,363
imsa,2024,Watkins Glen,Watkins Glen International,race,621,34,GTD,Albert Costa,albert costa,137,3.0,42,108.189,25.0,40.559,42.63,,GF,8,76.5,86.18,79.0,False,363
imsa,2024,Watkins Glen,Watkins Glen International,race,621,34,GTD,Albert Costa,albert costa,138,3.0,43,107.994,25.227,40.463,42.304,,GF,9,76.5,86.0,80.0,False,363
imsa,2024,Watkins Glen,Watkins Glen International,race,621,34,GTD,Albert Costa,albert costa,139,3.0,44,107.312,25.063,40.417,41.832,,FF,10,76.5,86.0,80.0,False,363
imsa,2024,Watkins Glen,Watkins Glen International,race,621,43,GTD,Jarett Andretti,jarett andretti,1,1.0,0,156.045,67.847,44.41,43.788,,GF,0,79.9,88.7,72.0,False,363
imsa,2024,Watkins Glen,Watkins Glen International,race,621,43,GTD,Jarett Andretti,jarett andretti,2,1.0,1,112.486,26.257,42.87,43.359,,GF,0,80.0,88.52,72.0,False,363
imsa,2024,Watkins Glen,Watkins Glen International,race,621,43,GTD,Jarett Andretti,jarett andretti,3,1.0,2,128.226,25.543,43.498,59.185,,FCY,1,80.0,88.7,72.0,False,363
imsa,2024,Watkins Glen,Watkins Glen International,race,621,43,GTD,Jarett Andretti,jarett andretti,4,1.0,3,146.465,37.792,55.898,52.775,,FCY,1,80.0,88.88,72.0,False,363
imsa,2024,Watkins Glen,Watkins Glen International,race,621,43,GTD,Jarett Andretti,jarett andretti,5,1.0,4,151.923,28.768,53.162,69.993,,FCY,1,80.1,89.06,73.0,False,363
imsa,2024,Watkins Glen,Watkins Glen International,race,621,43,GTD,Jarett Andretti,jarett andretti,6,1.0,5,183.114,67.928,68.478,46.708,,GF,1,80.2,89.78,72.0,False,363
imsa,2024,Watkins Glen,Watkins Glen International,race,621,43,GTD,Jarett Andretti,jarett andretti,7,1.0,6,111.027,25.466,42.17,43.391,,GF,2,80.3,90.5,72.0,False,363
imsa,2024,Watkins Glen,Watkins Glen International,race,621,43,GTD,Jarett Andretti,jarett andretti,8,1.0,7,110.806,25.406,42.159,43.241,,GF,3,80.3,90.68,72.0,False,363
imsa,2024,Watkins Glen,Watkins Glen International,race,621,43,GTD,Jarett Andretti,jarett andretti,9,1.0,8,110.637,25.448,41.958,43.231,,GF,4,80.3,91.4,72.0,False,363
imsa,2024,Watkins Glen,Watkins Glen International,race,621,43,GTD,Jarett Andretti,jarett andretti,10,1.0,9,110.649,25.389,42.069,43.191,,GF,5,80.5,91.94,72.0,False,363
imsa,2024,Watkins Glen,Watkins Glen International,race,621,43,GTD,Jarett Andretti,jarett andretti,11,1.0,10,113.266,25.516,43.115,44.635,,GF,6,80.7,93.02,72.0,False,363
imsa,2024,Watkins Glen,Watkins Glen International,race,621,43,GTD,Jarett Andretti,jarett andretti,12,1.0,11,111.308,25.673,42.278,43.357,,GF,7,81.1,93.92,72.0,False,363
imsa,2024,Watkins Glen,Watkins Glen International,race,621,43,GTD,Jarett Andretti,jarett andretti,13,1.0,12,111.664,25.514,42.27,43.88,,GF,8,81.2,93.74,71.0,False,363
imsa,2024,Watkins Glen,Watkins Glen International,race,621,43,GTD,Jarett Andretti,jarett andretti,14,1.0,13,112.185,25.6,42.785,43.8,,GF,9,81.4,93.92,71.0,False,363
imsa,2024,Watkins Glen,Watkins Glen International,race,621,43,GTD,Jarett Andretti,jarett andretti,15,1.0,14,111.717,25.753,42.423,43.541,,GF,10,81.5,94.1,71.0,False,363
imsa,2024,Watkins Glen,Watkins Glen International,race,621,43,GTD,Jarett Andretti,jarett andretti,16,1.0,15,121.76,25.453,42.635,53.672,,FCY,11,81.4,94.1,71.0,False,363
imsa,2024,Watkins Glen,Watkins Glen International,race,621,43,GTD,Jarett Andretti,jarett andretti,17,1.0,16,130.731,29.684,51.211,49.836,,FCY,11,81.3,94.1,71.0,False,363
imsa,2024,Watkins Glen,Watkins Glen International,race,621,43,GTD,Jarett Andretti,jarett andretti,18,1.0,17,181.35,28.245,76.904,76.201,,FCY,11,81.3,94.28,71.0,False,363
imsa,2024,Watkins Glen,Watkins Glen International,race,621,43,GTD,Jarett Andretti,jarett andretti,19,1.0,18,200.144,54.971,74.682,70.491,,FCY,11,81.3,94.1,71.0,False,363
imsa,2024,Watkins Glen,Watkins Glen International,race,621,43,GTD,Jarett Andretti,jarett andretti,20,1.0,19,210.695,31.002,52.599,127.094,,FCY,11,81.2,93.92,71.0,False,363
imsa,2024,Watkins Glen,Watkins Glen International,race,621,43,GTD,Jarett Andretti,jarett andretti,21,1.0,20,140.091,40.646,46.061,53.384,83.475,FCY,0,81.3,93.74,71.0,False,363
imsa,2024,Watkins Glen,Watkins Glen International,race,621,43,GTD,Jarett Andretti,jarett andretti,22,1.0,21,195.882,47.461,79.08,69.341,,FCY,0,81.2,93.2,71.0,False,363
imsa,2024,Watkins Glen,Watkins Glen International,race,621,43,GTD,Jarett Andretti,jarett andretti,23,1.0,22,217.585,62.693,73.66,81.232,,FCY,0,81.0,92.84,71.0,False,363
imsa,2024,Watkins Glen,Watkins Glen International,race,621,43,GTD,Jarett Andretti,jarett andretti,24,1.0,23,171.287,63.577,60.893,46.817,,GF,0,80.8,92.48,72.0,False,363
imsa,2024,Watkins Glen,Watkins Glen International,race,621,43,GTD,Jarett Andretti,jarett andretti,25,1.0,24,113.209,25.906,44.021,43.282,,GF,1,80.8,92.3,72.0,False,363
imsa,2024,Watkins Glen,Watkins Glen International,race,621,43,GTD,Jarett Andretti,jarett andretti,26,1.0,25,110.338,25.913,41.483,42.942,,GF,2,80.8,92.3,72.0,False,363
imsa,2024,Watkins Glen,Watkins Glen International,race,621,43,GTD,Jarett Andretti,jarett andretti,27,1.0,26,110.088,25.545,41.563,42.98,,GF,3,80.8,92.3,72.0,False,363
imsa,2024,Watkins Glen,Watkins Glen International,race,621,43,GTD,Jarett Andretti,jarett andretti,28,1.0,27,111.113,25.715,42.09,43.308,,GF,4,80.8,92.48,71.0,False,363
imsa,2024,Watkins Glen,Watkins Glen International,race,621,43,GTD,Jarett Andretti,jarett andretti,29,1.0,28,111.817,25.511,42.319,43.987,,GF,5,80.7,92.12,71.0,False,363
imsa,2024,Watkins Glen,Watkins Glen International,race,621,43,GTD,Jarett Andretti,jarett andretti,30,1.0,29,110.822,25.53,41.996,43.296,,GF,6,80.7,92.12,71.0,False,363
imsa,2024,Watkins Glen,Watkins Glen International,race,621,43,GTD,Jarett Andretti,jarett andretti,31,1.0,30,110.975,25.588,41.916,43.471,,GF,7,80.7,92.12,72.0,False,363
imsa,2024,Watkins Glen,Watkins Glen International,race,621,43,GTD,Jarett Andretti,jarett andretti,32,1.0,31,111.571,25.992,42.119,43.46,,GF,8,80.8,92.3,72.0,False,363
imsa,2024,Watkins Glen,Watkins Glen International,race,621,43,GTD,Jarett Andretti,jarett andretti,33,1.0,32,112.389,25.758,42.622,44.009,,GF,9,80.9,92.66,71.0,False,363
imsa,2024,Watkins Glen,Watkins Glen International,race,621,43,GTD,Jarett Andretti,jarett andretti,34,1.0,33,111.546,25.703,42.318,43.525,,GF,10,81.0,93.2,72.0,False,363
imsa,2024,Watkins Glen,Watkins Glen International,race,621,43,GTD,Jarett Andretti,jarett andretti,35,1.0,34,111.306,25.645,42.194,43.467,,GF,11,81.0,93.2,70.0,False,363
imsa,2024,Watkins Glen,Watkins Glen International,race,621,43,GTD,Jarett Andretti,jarett andretti,36,1.0,35,110.919,25.467,42.21,43.242,,GF,12,81.1,93.38,71.0,False,363
imsa,2024,Watkins Glen,Watkins Glen International,race,621,43,GTD,Jarett Andretti,jarett andretti,37,1.0,36,112.64,25.444,43.373,43.823,,GF,13,81.3,93.38,71.0,False,363
imsa,2024,Watkins Glen,Watkins Glen International,race,621,43,GTD,Jarett Andretti,jarett andretti,38,1.0,37,110.927,25.538,41.911,43.478,,GF,14,81.4,93.2,71.0,False,363
imsa,2024,Watkins Glen,Watkins Glen International,race,621,43,GTD,Jarett Andretti,jarett andretti,39,1.0,38,110.073,25.555,41.517,43.001,,GF,15,81.6,93.2,70.0,False,363
imsa,2024,Watkins Glen,Watkins Glen International,race,621,43,GTD,Jarett Andretti,jarett andretti,40,1.0,39,110.876,25.425,42.132,43.319,,GF,16,81.6,93.2,70.0,False,363
imsa,2024,Watkins Glen,Watkins Glen International,race,621,43,GTD,Jarett Andretti,jarett andretti,41,1.0,40,110.966,25.547,42.165,43.254,,GF,17,81.7,93.56,70.0,False,363
imsa,2024,Watkins Glen,Watkins Glen International,race,621,43,GTD,Jarett Andretti,jarett andretti,42,1.0,41,113.155,25.625,43.809,43.721,,GF,18,81.7,93.74,70.0,False,363
imsa,2024,Watkins Glen,Watkins Glen International,race,621,43,GTD,Jarett Andretti,jarett andretti,43,1.0,42,160.251,25.807,43.866,90.578,,GF,19,81.7,93.74,69.0,False,363
imsa,2024,Watkins Glen,Watkins Glen International,race,621,43,GTD,Gabby Chaves,gabby chaves,44,2.0,0,127.873,40.067,44.624,43.182,63.022,GF,0,81.7,93.56,68.0,False,363
imsa,2024,Watkins Glen,Watkins Glen International,race,621,43,GTD,Gabby Chaves,gabby chaves,45,2.0,1,110.348,25.759,41.272,43.317,,GF,0,81.6,93.38,68.0,False,363
imsa,2024,Watkins Glen,Watkins Glen International,race,621,43,GTD,Gabby Chaves,gabby chaves,46,2.0,2,109.144,25.46,41.133,42.551,,GF,1,81.8,93.2,69.0,False,363
imsa,2024,Watkins Glen,Watkins Glen International,race,621,43,GTD,Gabby Chaves,gabby chaves,47,2.0,3,108.176,25.425,40.672,42.079,,GF,2,81.8,92.66,68.0,False,363
imsa,2024,Watkins Glen,Watkins Glen International,race,621,43,GTD,Gabby Chaves,gabby chaves,48,2.0,4,107.778,25.322,40.576,41.88,,GF,3,81.8,92.3,68.0,False,363
imsa,2024,Watkins Glen,Watkins Glen International,race,621,43,GTD,Gabby Chaves,gabby chaves,49,2.0,5,107.565,25.273,40.388,41.904,,GF,4,81.6,91.94,67.0,False,363
imsa,2024,Watkins Glen,Watkins Glen International,race,621,43,GTD,Gabby Chaves,gabby chaves,50,2.0,6,107.756,25.216,40.392,42.148,,GF,5,81.4,91.76,68.0,False,363
imsa,2024,Watkins Glen,Watkins Glen International,race,621,43,GTD,Gabby Chaves,gabby chaves,51,2.0,7,107.987,25.331,40.456,42.2,,GF,6,81.2,91.4,68.0,False,363
imsa,2024,Watkins Glen,Watkins Glen International,race,621,43,GTD,Gabby Chaves,gabby chaves,52,2.0,8,107.833,25.312,40.457,42.064,,GF,7,81.2,91.4,68.0,False,363
imsa,2024,Watkins Glen,Watkins Glen International,race,621,43,GTD,Gabby Chaves,gabby chaves,53,2.0,9,108.183,25.261,40.461,42.461,,GF,8,81.2,91.4,68.0,False,363
imsa,2024,Watkins Glen,Watkins Glen International,race,621,43,GTD,Gabby Chaves,gabby chaves,54,2.0,10,109.069,25.495,40.994,42.58,,GF,9,81.3,91.94,67.0,False,363
imsa,2024,Watkins Glen,Watkins Glen International,race,621,43,GTD,Gabby Chaves,gabby chaves,55,2.0,11,107.968,25.325,40.484,42.159,,GF,10,81.4,93.02,67.0,False,363
imsa,2024,Watkins Glen,Watkins Glen International,race,621,43,GTD,Gabby Chaves,gabby chaves,56,2.0,12,108.716,25.341,41.005,42.37,,GF,11,81.5,93.56,67.0,False,363
imsa,2024,Watkins Glen,Watkins Glen International,race,621,43,GTD,Gabby Chaves,gabby chaves,57,2.0,13,108.818,25.323,40.683,42.812,,GF,12,81.8,95.36,67.0,False,363
imsa,2024,Watkins Glen,Watkins Glen International,race,621,43,GTD,Gabby Chaves,gabby chaves,58,2.0,14,108.432,25.345,40.615,42.472,,GF,13,82.2,96.26,67.0,False,363
imsa,2024,Watkins Glen,Watkins Glen International,race,621,43,GTD,Gabby Chaves,gabby chaves,59,2.0,15,108.086,25.276,40.64,42.17,,GF,14,82.5,96.62,67.0,False,363
imsa,2024,Watkins Glen,Watkins Glen International,race,621,43,GTD,Gabby Chaves,gabby chaves,60,2.0,16,108.691,25.292,40.735,42.664,,GF,15,82.5,96.62,66.0,False,363
imsa,2024,Watkins Glen,Watkins Glen International,race,621,43,GTD,Gabby Chaves,gabby chaves,61,2.0,17,108.898,25.329,40.89,42.679,,GF,16,82.6,96.8,67.0,False,363
imsa,2024,Watkins Glen,Watkins Glen International,race,621,43,GTD,Gabby Chaves,gabby chaves,62,2.0,18,115.043,25.584,41.652,47.807,,FCY,17,82.8,96.98,66.0,False,363
imsa,2024,Watkins Glen,Watkins Glen International,race,621,43,GTD,Gabby Chaves,gabby chaves,63,2.0,19,137.773,37.097,47.019,53.657,,FCY,17,82.9,97.16,65.0,False,363
imsa,2024,Watkins Glen,Watkins Glen International,race,621,43,GTD,Gabby Chaves,gabby chaves,64,2.0,20,208.786,56.653,90.906,61.227,,FCY,17,83.0,97.52,66.0,False,363
imsa,2024,Watkins Glen,Watkins Glen International,race,621,43,GTD,Gabby Chaves,gabby chaves,65,2.0,21,119.342,30.886,44.668,43.788,,FCY,17,83.0,97.52,65.0,False,363
imsa,2024,Watkins Glen,Watkins Glen International,race,621,43,GTD,Gabby Chaves,gabby chaves,66,2.0,22,151.394,28.765,56.395,66.234,,FCY,17,82.7,97.16,64.0,False,363
imsa,2024,Watkins Glen,Watkins Glen International,race,621,43,GTD,Gabby Chaves,gabby chaves,67,2.0,23,206.043,31.564,59.289,115.19,,FCY,17,82.7,96.44,64.0,False,363
imsa,2024,Watkins Glen,Watkins Glen International,race,621,43,GTD,Scott Hargrove,scott hargrove,68,3.0,0,146.267,48.062,47.771,50.434,73.172,FCY,0,82.6,95.9,65.0,False,363
imsa,2024,Watkins Glen,Watkins Glen International,race,621,43,GTD,Scott Hargrove,scott hargrove,69,3.0,1,204.531,62.233,75.267,67.031,,FCY,0,82.5,95.72,65.0,False,363
imsa,2024,Watkins Glen,Watkins Glen International,race,621,43,GTD,Scott Hargrove,scott hargrove,70,3.0,2,144.648,42.538,56.671,45.439,,GF,0,82.5,95.9,64.0,False,363
imsa,2024,Watkins Glen,Watkins Glen International,race,621,43,GTD,Scott Hargrove,scott hargrove,71,3.0,3,112.393,26.231,42.813,43.349,,GF,1,82.6,96.08,64.0,False,363
imsa,2024,Watkins Glen,Watkins Glen International,race,621,43,GTD,Scott Hargrove,scott hargrove,72,3.0,4,110.383,25.355,42.734,42.294,,GF,2,82.6,96.08,65.0,False,363
imsa,2024,Watkins Glen,Watkins Glen International,race,621,43,GTD,Scott Hargrove,scott hargrove,73,3.0,5,109.692,25.29,41.067,43.335,,GF,3,82.6,96.08,65.0,False,363
imsa,2024,Watkins Glen,Watkins Glen International,race,621,43,GTD,Scott Hargrove,scott hargrove,74,3.0,6,108.844,25.315,41.065,42.464,,GF,4,82.7,95.54,65.0,False,363
imsa,2024,Watkins Glen,Watkins Glen International,race,621,43,GTD,Scott Hargrove,scott hargrove,75,3.0,7,108.937,25.271,41.261,42.405,,GF,5,82.6,95.18,65.0,False,363
imsa,2024,Watkins Glen,Watkins Glen International,race,621,43,GTD,Scott Hargrove,scott hargrove,76,3.0,8,115.791,25.29,44.536,45.965,,GF,6,82.5,94.28,67.0,False,363
imsa,2024,Watkins Glen,Watkins Glen International,race,621,43,GTD,Scott Hargrove,scott hargrove,77,3.0,9,112.865,26.128,43.295,43.442,,GF,7,82.5,94.1,67.0,False,363
imsa,2024,Watkins Glen,Watkins Glen International,race,621,43,GTD,Scott Hargrove,scott hargrove,78,3.0,10,110.783,25.635,42.278,42.87,,GF,8,82.3,93.74,66.0,False,363
imsa,2024,Watkins Glen,Watkins Glen International,race,621,43,GTD,Scott Hargrove,scott hargrove,79,3.0,11,111.092,25.583,42.237,43.272,,GF,9,82.0,93.02,66.0,False,363
imsa,2024,Watkins Glen,Watkins Glen International,race,621,43,GTD,Scott Hargrove,scott hargrove,80,3.0,12,112.655,25.801,43.981,42.873,,GF,10,81.0,92.48,67.0,False,363
imsa,2024,Watkins Glen,Watkins Glen International,race,621,43,GTD,Scott Hargrove,scott hargrove,81,3.0,13,111.07,25.749,42.301,43.02,,GF,11,80.7,91.94,68.0,False,363
imsa,2024,Watkins Glen,Watkins Glen International,race,621,43,GTD,Scott Hargrove,scott hargrove,82,3.0,14,112.159,25.557,42.289,44.313,,GF,12,79.9,91.76,69.0,False,363
imsa,2024,Watkins Glen,Watkins Glen International,race,621,43,GTD,Scott Hargrove,scott hargrove,83,3.0,15,130.664,32.546,46.788,51.33,,FCY,13,79.3,89.06,73.0,False,363
imsa,2024,Watkins Glen,Watkins Glen International,race,621,43,GTD,Scott Hargrove,scott hargrove,84,3.0,16,149.844,34.296,52.512,63.036,,FCY,13,78.1,86.9,74.0,False,363
imsa,2024,Watkins Glen,Watkins Glen International,race,621,43,GTD,Scott Hargrove,scott hargrove,85,3.0,17,154.001,32.961,49.535,71.505,,FCY,13,77.5,85.82,75.0,False,363
imsa,2024,Watkins Glen,Watkins Glen International,race,621,43,GTD,Scott Hargrove,scott hargrove,86,3.0,18,158.026,32.691,49.69,75.645,,FCY,13,77.0,85.46,76.0,False,363
imsa,2024,Watkins Glen,Watkins Glen International,race,621,43,GTD,Scott Hargrove,scott hargrove,87,3.0,19,200.513,36.473,61.871,102.169,,FCY,13,76.7,84.02,76.0,False,363
imsa,2024,Watkins Glen,Watkins Glen International,race,621,43,GTD,Scott Hargrove,scott hargrove,88,3.0,20,178.265,34.389,53.192,90.684,,FCY,13,76.4,82.76,77.0,False,363
imsa,2024,Watkins Glen,Watkins Glen International,race,621,43,GTD,Scott Hargrove,scott hargrove,89,3.0,21,169.803,34.073,55.124,80.606,,FCY,13,76.1,82.4,77.0,False,363
imsa,2024,Watkins Glen,Watkins Glen International,race,621,43,GTD,Scott Hargrove,scott hargrove,90,3.0,22,205.086,46.593,78.284,80.209,,FCY,13,76.0,82.4,77.0,False,363
imsa,2024,Watkins Glen,Watkins Glen International,race,621,43,GTD,Scott Hargrove,scott hargrove,91,3.0,23,189.02,53.765,74.267,60.988,,GF,13,76.0,82.04,77.0,False,363
imsa,2024,Watkins Glen,Watkins Glen International,race,621,43,GTD,Scott Hargrove,scott hargrove,92,3.0,24,112.996,27.127,42.838,43.031,,GF,14,76.0,81.68,78.0,False,363
imsa,2024,Watkins Glen,Watkins Glen International,race,621,43,GTD,Scott Hargrove,scott hargrove,93,3.0,25,114.539,27.67,43.423,43.446,,GF,15,76.0,81.5,78.0,False,363
imsa,2024,Watkins Glen,Watkins Glen International,race,621,43,GTD,Scott Hargrove,scott hargrove,94,3.0,26,114.562,25.937,43.921,44.704,,GF,16,76.0,81.32,77.0,False,363
imsa,2024,Watkins Glen,Watkins Glen International,race,621,43,GTD,Scott Hargrove,scott hargrove,95,3.0,27,115.616,26.74,43.859,45.017,,FCY,17,76.1,80.78,78.0,False,363
imsa,2024,Watkins Glen,Watkins Glen International,race,621,43,GTD,Scott Hargrove,scott hargrove,96,3.0,28,156.048,37.541,55.78,62.727,,FCY,17,75.9,80.42,78.0,False,363
imsa,2024,Watkins Glen,Watkins Glen International,race,621,43,GTD,Scott Hargrove,scott hargrove,97,3.0,29,181.263,35.105,55.743,90.415,,FCY,17,75.7,80.06,79.0,False,363
imsa,2024,Watkins Glen,Watkins Glen International,race,621,43,GTD,Scott Hargrove,scott hargrove,98,3.0,30,210.942,39.771,75.259,95.912,,FCY,17,75.5,79.88,79.0,False,363
imsa,2024,Watkins Glen,Watkins Glen International,race,621,43,GTD,Scott Hargrove,scott hargrove,99,3.0,31,204.084,39.18,76.902,88.002,,FCY,17,75.4,79.7,80.0,False,363
imsa,2024,Watkins Glen,Watkins Glen International,race,621,43,GTD,Scott Hargrove,scott hargrove,100,3.0,32,168.259,43.985,72.528,51.746,,GF,17,75.6,79.7,78.0,False,363
imsa,2024,Watkins Glen,Watkins Glen International,race,621,43,GTD,Scott Hargrove,scott hargrove,101,3.0,33,116.728,29.986,43.494,43.248,,GF,18,75.7,79.7,78.0,False,363
imsa,2024,Watkins Glen,Watkins Glen International,race,621,43,GTD,Scott Hargrove,scott hargrove,102,3.0,34,111.822,26.611,42.088,43.123,,GF,19,76.0,79.88,77.0,False,363
imsa,2024,Watkins Glen,Watkins Glen International,race,621,43,GTD,Scott Hargrove,scott hargrove,103,3.0,35,111.669,26.746,41.827,43.096,,GF,20,76.2,80.06,77.0,False,363
imsa,2024,Watkins Glen,Watkins Glen International,race,621,43,GTD,Scott Hargrove,scott hargrove,104,3.0,36,110.803,26.39,41.753,42.66,,GF,21,76.5,80.6,76.0,False,363
imsa,2024,Watkins Glen,Watkins Glen International,race,621,43,GTD,Scott Hargrove,scott hargrove,105,3.0,37,109.952,25.74,41.338,42.874,,GF,22,76.7,80.96,76.0,False,363
imsa,2024,Watkins Glen,Watkins Glen International,race,621,43,GTD,Scott Hargrove,scott hargrove,106,3.0,38,165.966,25.945,41.763,98.258,,GF,23,77.0,81.68,75.0,False,363
imsa,2024,Watkins Glen,Watkins Glen International,race,621,43,GTD,Scott Hargrove,scott hargrove,107,3.0,39,128.355,41.91,43.482,42.963,72.577,GF,0,77.2,82.76,75.0,False,363
imsa,2024,Watkins Glen,Watkins Glen International,race,621,43,GTD,Scott Hargrove,scott hargrove,108,3.0,40,110.037,25.576,41.336,43.125,,GF,0,77.4,82.94,75.0,False,363
imsa,2024,Watkins Glen,Watkins Glen International,race,621,43,GTD,Scott Hargrove,scott hargrove,109,3.0,41,109.679,25.686,41.354,42.639,,GF,1,77.5,82.58,74.0,False,363
imsa,2024,Watkins Glen,Watkins Glen International,race,621,43,GTD,Scott Hargrove,scott hargrove,110,3.0,42,109.828,25.659,41.577,42.592,,GF,2,77.3,82.58,74.0,False,363
imsa,2024,Watkins Glen,Watkins Glen International,race,621,43,GTD,Scott Hargrove,scott hargrove,111,3.0,43,110.961,25.748,41.448,43.765,,GF,3,77.2,82.76,74.0,False,363
imsa,2024,Watkins Glen,Watkins Glen International,race,621,43,GTD,Scott Hargrove,scott hargrove,112,3.0,44,110.514,25.733,41.923,42.858,,GF,4,77.1,82.76,74.0,False,363
imsa,2024,Watkins Glen,Watkins Glen International,race,621,43,GTD,Scott Hargrove,scott hargrove,113,3.0,45,110.942,25.382,41.87,43.69,,GF,5,77.1,82.94,75.0,False,363
imsa,2024,Watkins Glen,Watkins Glen International,race,621,43,GTD,Scott Hargrove,scott hargrove,114,3.0,46,109.304,25.421,41.391,42.492,,GF,6,77.0,82.94,75.0,False,363
imsa,2024,Watkins Glen,Watkins Glen International,race,621,43,GTD,Scott Hargrove,scott hargrove,115,3.0,47,108.738,25.403,40.848,42.487,,GF,7,76.8,83.12,75.0,False,363
imsa,2024,Watkins Glen,Watkins Glen International,race,621,43,GTD,Scott Hargrove,scott hargrove,116,3.0,48,110.404,25.47,42.048,42.886,,GF,8,76.7,82.76,75.0,False,363
imsa,2024,Watkins Glen,Watkins Glen International,race,621,43,GTD,Scott Hargrove,scott hargrove,117,3.0,49,226.465,25.973,41.519,158.973,,FCY,9,75.9,80.24,78.0,False,363
imsa,2024,Watkins Glen,Watkins Glen International,race,621,43,GTD,Gabby Chaves,gabby chaves,118,4.0,0,285.553,64.838,116.401,104.314,126.529,FCY,0,73.7,78.8,82.0,False,363
imsa,2024,Watkins Glen,Watkins Glen International,race,621,43,GTD,Gabby Chaves,gabby chaves,119,4.0,1,252.128,63.879,93.783,94.466,,FCY,0,73.1,78.62,84.0,False,363
imsa,2024,Watkins Glen,Watkins Glen International,race,621,43,GTD,Gabby Chaves,gabby chaves,120,4.0,2,277.727,64.036,87.41,126.281,,FCY,0,72.7,77.72,85.0,False,363
imsa,2024,Watkins Glen,Watkins Glen International,race,621,43,GTD,Gabby Chaves,gabby chaves,121,4.0,3,381.586,108.641,126.743,146.202,,FCY,0,72.2,75.92,86.0,False,363
imsa,2024,Watkins Glen,Watkins Glen International,race,621,43,GTD,Gabby Chaves,gabby chaves,122,4.0,4,2948.873,109.395,2769.995,69.483,2180.932,FCY,0,75.8,83.84,82.0,False,363
imsa,2024,Watkins Glen,Watkins Glen International,race,621,43,GTD,Gabby Chaves,gabby chaves,123,4.0,5,142.447,33.381,51.901,57.165,,FCY,0,76.0,84.56,81.0,False,363
imsa,2024,Watkins Glen,Watkins Glen International,race,621,43,GTD,Gabby Chaves,gabby chaves,124,4.0,6,154.292,33.326,67.684,53.282,,FCY,0,76.2,85.46,81.0,False,363
imsa,2024,Watkins Glen,Watkins Glen International,race,621,43,GTD,Gabby Chaves,gabby chaves,125,4.0,7,121.677,28.441,46.307,46.929,,FCY,0,76.4,86.36,81.0,False,363
imsa,2024,Watkins Glen,Watkins Glen International,race,621,43,GTD,Gabby Chaves,gabby chaves,126,4.0,8,157.361,27.795,46.778,82.788,,FCY,0,76.6,87.08,80.0,False,363
imsa,2024,Watkins Glen,Watkins Glen International,race,621,43,GTD,Gabby Chaves,gabby chaves,127,4.0,9,191.049,50.03,62.862,78.157,53.337,FCY,0,77.2,88.52,80.0,False,363
imsa,2024,Watkins Glen,Watkins Glen International,race,621,43,GTD,Gabby Chaves,gabby chaves,128,4.0,10,205.303,63.161,69.906,72.236,,FCY,0,77.2,87.98,80.0,False,363
imsa,2024,Watkins Glen,Watkins Glen International,race,621,43,GTD,Gabby Chaves,gabby chaves,129,4.0,11,183.386,58.801,73.331,51.254,,GF,0,77.2,88.52,79.0,False,363
imsa,2024,Watkins Glen,Watkins Glen International,race,621,43,GTD,Gabby Chaves,gabby chaves,130,4.0,12,108.197,25.667,40.537,41.993,,GF,1,77.0,87.98,78.0,False,363
imsa,2024,Watkins Glen,Watkins Glen International,race,621,43,GTD,Gabby Chaves,gabby chaves,131,4.0,13,108.29,25.365,40.527,42.398,,GF,2,77.0,88.34,79.0,False,363
imsa,2024,Watkins Glen,Watkins Glen International,race,621,43,GTD,Gabby Chaves,gabby chaves,132,4.0,14,108.466,25.342,40.971,42.153,,GF,3,77.0,87.98,79.0,False,363
imsa,2024,Watkins Glen,Watkins Glen International,race,621,43,GTD,Gabby Chaves,gabby chaves,133,4.0,15,107.995,25.256,40.682,42.057,,GF,4,77.0,87.62,79.0,False,363
imsa,2024,Watkins Glen,Watkins Glen International,race,621,43,GTD,Gabby Chaves,gabby chaves,134,4.0,16,107.83,25.26,40.62,41.95,,GF,5,76.8,87.08,79.0,False,363
imsa,2024,Watkins Glen,Watkins Glen International,race,621,43,GTD,Gabby Chaves,gabby chaves,135,4.0,17,108.35,25.309,40.847,42.194,,GF,6,76.7,86.72,79.0,False,363
imsa,2024,Watkins Glen,Watkins Glen International,race,621,43,GTD,Gabby Chaves,gabby chaves,136,4.0,18,108.55,25.284,41.015,42.251,,GF,7,76.5,86.54,79.0,False,363
imsa,2024,Watkins Glen,Watkins Glen International,race,621,43,GTD,Gabby Chaves,gabby chaves,137,4.0,19,108.511,25.254,40.574,42.683,,GF,8,76.5,86.18,79.0,False,363
imsa,2024,Watkins Glen,Watkins Glen International,race,621,43,GTD,Gabby Chaves,gabby chaves,138,4.0,20,108.665,25.675,40.864,42.126,,GF,9,76.5,86.0,80.0,False,363
imsa,2024,Watkins Glen,Watkins Glen International,race,621,43,GTD,Gabby Chaves,gabby chaves,139,4.0,21,107.646,25.283,40.344,42.019,,FF,10,76.5,86.0,80.0,False,363
imsa,2024,Watkins Glen,Watkins Glen International,race,621,44,GTD,John Potter,john potter,1,1.0,0,153.885,66.76,43.919,43.206,,GF,0,79.9,88.7,72.0,False,363
imsa,2024,Watkins Glen,Watkins Glen International,race,621,44,GTD,John Potter,john potter,2,1.0,1,110.77,25.66,42.522,42.588,,GF,0,80.0,88.52,72.0,False,363
imsa,2024,Watkins Glen,Watkins Glen International,race,621,44,GTD,John Potter,john potter,3,1.0,2,129.032,25.317,43.144,60.571,,FCY,1,80.0,88.7,72.0,False,363
imsa,2024,Watkins Glen,Watkins Glen International,race,621,44,GTD,John Potter,john potter,4,1.0,3,143.005,37.186,53.979,51.84,,FCY,1,80.0,88.88,72.0,False,363
imsa,2024,Watkins Glen,Watkins Glen International,race,621,44,GTD,John Potter,john potter,5,1.0,4,153.532,30.532,52.465,70.535,,FCY,1,80.1,89.06,73.0,False,363
imsa,2024,Watkins Glen,Watkins Glen International,race,621,44,GTD,John Potter,john potter,6,1.0,5,185.081,67.592,70.102,47.387,,GF,1,80.2,89.78,72.0,False,363
imsa,2024,Watkins Glen,Watkins Glen International,race,621,44,GTD,John Potter,john potter,7,1.0,6,109.9,25.19,42.098,42.612,,GF,2,80.3,90.5,72.0,False,363
imsa,2024,Watkins Glen,Watkins Glen International,race,621,44,GTD,John Potter,john potter,8,1.0,7,109.437,25.264,41.515,42.658,,GF,3,80.3,90.68,72.0,False,363
imsa,2024,Watkins Glen,Watkins Glen International,race,621,44,GTD,John Potter,john potter,9,1.0,8,109.623,25.11,41.923,42.59,,GF,4,80.3,91.4,72.0,False,363
imsa,2024,Watkins Glen,Watkins Glen International,race,621,44,GTD,John Potter,john potter,10,1.0,9,109.664,25.292,41.59,42.782,,GF,5,80.5,91.94,72.0,False,363
imsa,2024,Watkins Glen,Watkins Glen International,race,621,44,GTD,John Potter,john potter,11,1.0,10,109.729,25.282,41.431,43.016,,GF,6,80.7,93.02,72.0,False,363
imsa,2024,Watkins Glen,Watkins Glen International,race,621,44,GTD,John Potter,john potter,12,1.0,11,111.337,25.789,42.557,42.991,,GF,7,81.1,93.92,72.0,False,363
imsa,2024,Watkins Glen,Watkins Glen International,race,621,44,GTD,John Potter,john potter,13,1.0,12,109.747,25.29,41.605,42.852,,GF,8,81.2,93.74,72.0,False,363
imsa,2024,Watkins Glen,Watkins Glen International,race,621,44,GTD,John Potter,john potter,14,1.0,13,110.509,25.348,41.908,43.253,,GF,9,81.4,93.92,71.0,False,363
imsa,2024,Watkins Glen,Watkins Glen International,race,621,44,GTD,John Potter,john potter,15,1.0,14,110.488,25.509,42.508,42.471,,GF,10,81.5,94.1,71.0,False,363
imsa,2024,Watkins Glen,Watkins Glen International,race,621,44,GTD,John Potter,john potter,16,1.0,15,114.962,25.965,41.889,47.108,,FCY,11,81.4,94.1,71.0,False,363
imsa,2024,Watkins Glen,Watkins Glen International,race,621,44,GTD,John Potter,john potter,17,1.0,16,134.467,28.906,48.558,57.003,,FCY,11,81.3,94.1,71.0,False,363
imsa,2024,Watkins Glen,Watkins Glen International,race,621,44,GTD,John Potter,john potter,18,1.0,17,192.922,32.953,80.487,79.482,,FCY,11,81.3,94.28,71.0,False,363
imsa,2024,Watkins Glen,Watkins Glen International,race,621,44,GTD,John Potter,john potter,19,1.0,18,197.175,54.185,72.445,70.545,,FCY,11,81.3,94.1,71.0,False,363
imsa,2024,Watkins Glen,Watkins Glen International,race,621,44,GTD,John Potter,john potter,20,1.0,19,189.14,29.789,48.476,110.875,,FCY,11,81.2,93.92,71.0,False,363
imsa,2024,Watkins Glen,Watkins Glen International,race,621,44,GTD,John Potter,john potter,21,1.0,20,161.623,46.152,58.097,57.374,67.193,FCY,0,81.3,93.74,71.0,False,363
imsa,2024,Watkins Glen,Watkins Glen International,race,621,44,GTD,John Potter,john potter,22,1.0,21,197.117,44.913,79.944,72.26,,FCY,0,81.2,93.2,71.0,False,363
imsa,2024,Watkins Glen,Watkins Glen International,race,621,44,GTD,John Potter,john potter,23,1.0,22,215.808,62.152,71.82,81.836,,FCY,0,81.0,92.84,71.0,False,363
imsa,2024,Watkins Glen,Watkins Glen International,race,621,44,GTD,John Potter,john potter,24,1.0,23,175.946,63.422,65.605,46.919,,GF,0,80.8,92.48,72.0,False,363
imsa,2024,Watkins Glen,Watkins Glen International,race,621,44,GTD,John Potter,john potter,25,1.0,24,109.397,25.431,41.285,42.681,,GF,1,80.8,92.3,72.0,False,363
imsa,2024,Watkins Glen,Watkins Glen International,race,621,44,GTD,John Potter,john potter,26,1.0,25,108.766,25.254,41.111,42.401,,GF,2,80.8,92.3,72.0,False,363
imsa,2024,Watkins Glen,Watkins Glen International,race,621,44,GTD,John Potter,john potter,27,1.0,26,109.185,25.315,41.477,42.393,,GF,3,80.8,92.3,72.0,False,363
imsa,2024,Watkins Glen,Watkins Glen International,race,621,44,GTD,John Potter,john potter,28,1.0,27,108.739,25.221,41.159,42.359,,GF,4,80.8,92.48,71.0,False,363
imsa,2024,Watkins Glen,Watkins Glen International,race,621,44,GTD,John Potter,john potter,29,1.0,28,108.552,25.201,40.948,42.403,,GF,5,80.8,92.3,71.0,False,363
imsa,2024,Watkins Glen,Watkins Glen International,race,621,44,GTD,John Potter,john potter,30,1.0,29,110.402,25.121,41.926,43.355,,GF,6,80.7,92.12,72.0,False,363
imsa,2024,Watkins Glen,Watkins Glen International,race,621,44,GTD,John Potter,john potter,31,1.0,30,111.393,25.203,42.93,43.26,,GF,7,80.7,92.12,72.0,False,363
imsa,2024,Watkins Glen,Watkins Glen International,race,621,44,GTD,John Potter,john potter,32,1.0,31,108.309,25.395,40.753,42.161,,GF,8,80.8,92.3,72.0,False,363
imsa,2024,Watkins Glen,Watkins Glen International,race,621,44,GTD,John Potter,john potter,33,1.0,32,108.869,25.218,41.176,42.475,,GF,9,80.9,92.66,71.0,False,363
imsa,2024,Watkins Glen,Watkins Glen International,race,621,44,GTD,John Potter,john potter,34,1.0,33,109.562,25.33,41.883,42.349,,GF,10,80.9,92.84,71.0,False,363
imsa,2024,Watkins Glen,Watkins Glen International,race,621,44,GTD,John Potter,john potter,35,1.0,34,110.931,26.219,41.423,43.289,,GF,11,81.0,93.2,70.0,False,363
imsa,2024,Watkins Glen,Watkins Glen International,race,621,44,GTD,John Potter,john potter,36,1.0,35,110.092,25.154,42.143,42.795,,GF,12,81.1,93.38,71.0,False,363
imsa,2024,Watkins Glen,Watkins Glen International,race,621,44,GTD,John Potter,john potter,37,1.0,36,109.159,25.331,41.23,42.598,,GF,13,81.3,93.38,71.0,False,363
imsa,2024,Watkins Glen,Watkins Glen International,race,621,44,GTD,John Potter,john potter,38,1.0,37,110.546,25.286,42.148,43.112,,GF,14,81.4,93.2,71.0,False,363
imsa,2024,Watkins Glen,Watkins Glen International,race,621,44,GTD,John Potter,john potter,39,1.0,38,109.607,25.267,41.56,42.78,,GF,15,81.5,93.2,71.0,False,363
imsa,2024,Watkins Glen,Watkins Glen International,race,621,44,GTD,John Potter,john potter,40,1.0,39,109.715,25.283,41.909,42.523,,GF,16,81.6,93.2,70.0,False,363
imsa,2024,Watkins Glen,Watkins Glen International,race,621,44,GTD,John Potter,john potter,41,1.0,40,110.235,25.176,41.773,43.286,,GF,17,81.7,93.56,70.0,False,363
imsa,2024,Watkins Glen,Watkins Glen International,race,621,44,GTD,John Potter,john potter,42,1.0,41,109.456,25.253,41.49,42.713,,GF,18,81.8,93.56,70.0,False,363
imsa,2024,Watkins Glen,Watkins Glen International,race,621,44,GTD,John Potter,john potter,43,1.0,42,109.696,25.333,41.201,43.162,,GF,19,81.8,93.74,69.0,False,363
imsa,2024,Watkins Glen,Watkins Glen International,race,621,44,GTD,John Potter,john potter,44,1.0,43,109.056,25.313,41.376,42.367,,GF,20,81.7,93.74,69.0,False,363
imsa,2024,Watkins Glen,Watkins Glen International,race,621,44,GTD,John Potter,john potter,45,1.0,44,109.59,25.111,40.814,43.665,,GF,21,81.7,93.56,68.0,False,363
imsa,2024,Watkins Glen,Watkins Glen International,race,621,44,GTD,John Potter,john potter,46,1.0,45,161.757,28.265,42.742,90.75,,GF,22,81.7,93.2,68.0,False,363
imsa,2024,Watkins Glen,Watkins Glen International,race,621,44,GTD,Andy Lally,andy lally,47,2.0,0,124.347,39.034,42.812,42.501,65.733,GF,0,81.9,92.84,69.0,False,363
imsa,2024,Watkins Glen,Watkins Glen International,race,621,44,GTD,Andy Lally,andy lally,48,2.0,1,107.749,25.451,40.275,42.023,,GF,0,81.8,92.48,68.0,False,363
imsa,2024,Watkins Glen,Watkins Glen International,race,621,44,GTD,Andy Lally,andy lally,49,2.0,2,107.759,25.217,40.276,42.266,,GF,1,81.6,91.94,67.0,False,363
imsa,2024,Watkins Glen,Watkins Glen International,race,621,44,GTD,Andy Lally,andy lally,50,2.0,3,108.039,25.001,40.618,42.42,,GF,2,81.4,91.76,68.0,False,363
imsa,2024,Watkins Glen,Watkins Glen International,race,621,44,GTD,Andy Lally,andy lally,51,2.0,4,108.717,25.041,40.825,42.851,,GF,3,81.3,91.58,68.0,False,363
imsa,2024,Watkins Glen,Watkins Glen International,race,621,44,GTD,Andy Lally,andy lally,52,2.0,5,107.167,25.145,40.382,41.64,,GF,4,81.2,91.4,68.0,False,363
imsa,2024,Watkins Glen,Watkins Glen International,race,621,44,GTD,Andy Lally,andy lally,53,2.0,6,106.703,25.054,40.0,41.649,,GF,5,81.2,91.4,68.0,False,363
imsa,2024,Watkins Glen,Watkins Glen International,race,621,44,GTD,Andy Lally,andy lally,54,2.0,7,106.872,25.209,39.952,41.711,,GF,6,81.2,91.58,67.0,False,363
imsa,2024,Watkins Glen,Watkins Glen International,race,621,44,GTD,Andy Lally,andy lally,55,2.0,8,107.453,25.112,40.603,41.738,,GF,7,81.3,92.12,67.0,False,363
imsa,2024,Watkins Glen,Watkins Glen International,race,621,44,GTD,Andy Lally,andy lally,56,2.0,9,107.769,25.066,40.479,42.224,,GF,8,81.5,93.56,67.0,False,363
imsa,2024,Watkins Glen,Watkins Glen International,race,621,44,GTD,Andy Lally,andy lally,57,2.0,10,108.308,25.074,41.14,42.094,,GF,9,81.7,93.92,67.0,False,363
imsa,2024,Watkins Glen,Watkins Glen International,race,621,44,GTD,Andy Lally,andy lally,58,2.0,11,108.289,25.353,40.433,42.503,,GF,10,82.0,95.36,68.0,False,363
imsa,2024,Watkins Glen,Watkins Glen International,race,621,44,GTD,Andy Lally,andy lally,59,2.0,12,108.001,25.206,40.543,42.252,,GF,11,82.4,96.44,67.0,False,363
imsa,2024,Watkins Glen,Watkins Glen International,race,621,44,GTD,Andy Lally,andy lally,60,2.0,13,107.588,25.261,40.238,42.089,,GF,12,82.5,96.62,66.0,False,363
imsa,2024,Watkins Glen,Watkins Glen International,race,621,44,GTD,Andy Lally,andy lally,61,2.0,14,108.509,25.207,40.841,42.461,,GF,13,82.6,96.8,67.0,False,363
imsa,2024,Watkins Glen,Watkins Glen International,race,621,44,GTD,Andy Lally,andy lally,62,2.0,15,107.859,25.189,40.563,42.107,,FCY,14,82.7,96.8,66.0,False,363
imsa,2024,Watkins Glen,Watkins Glen International,race,621,44,GTD,Andy Lally,andy lally,63,2.0,16,131.621,29.971,49.695,51.955,,FCY,14,82.9,97.16,66.0,False,363
imsa,2024,Watkins Glen,Watkins Glen International,race,621,44,GTD,Andy Lally,andy lally,64,2.0,17,146.32,37.752,52.68,55.888,,FCY,14,83.0,97.34,66.0,False,363
imsa,2024,Watkins Glen,Watkins Glen International,race,621,44,GTD,Andy Lally,andy lally,65,2.0,18,171.592,41.708,58.869,71.015,,FCY,14,83.0,97.52,66.0,False,363
imsa,2024,Watkins Glen,Watkins Glen International,race,621,44,GTD,Andy Lally,andy lally,66,2.0,19,206.612,63.109,73.614,69.889,,FCY,14,82.7,97.16,64.0,False,363
imsa,2024,Watkins Glen,Watkins Glen International,race,621,44,GTD,Andy Lally,andy lally,67,2.0,20,211.567,29.683,61.304,120.58,,FCY,14,82.7,96.44,64.0,False,363
imsa,2024,Watkins Glen,Watkins Glen International,race,621,44,GTD,Spencer Pumpelly,spencer pumpelly,68,3.0,0,152.26,41.691,47.108,63.461,73.788,FCY,0,82.6,95.9,65.0,False,363
imsa,2024,Watkins Glen,Watkins Glen International,race,621,44,GTD,Spencer Pumpelly,spencer pumpelly,69,3.0,1,204.232,61.163,75.464,67.605,,FCY,0,82.5,95.72,65.0,False,363
imsa,2024,Watkins Glen,Watkins Glen International,race,621,44,GTD,Spencer Pumpelly,spencer pumpelly,70,3.0,2,147.579,39.548,60.696,47.335,,GF,0,82.5,95.9,64.0,False,363
imsa,2024,Watkins Glen,Watkins Glen International,race,621,44,GTD,Spencer Pumpelly,spencer pumpelly,71,3.0,3,112.218,25.839,43.167,43.212,,GF,1,82.6,96.08,64.0,False,363
imsa,2024,Watkins Glen,Watkins Glen International,race,621,44,GTD,Spencer Pumpelly,spencer pumpelly,72,3.0,4,127.066,25.271,59.584,42.211,,GF,2,82.6,96.08,65.0,False,363
imsa,2024,Watkins Glen,Watkins Glen International,race,621,44,GTD,Spencer Pumpelly,spencer pumpelly,73,3.0,5,106.973,25.175,40.054,41.744,,GF,3,82.6,95.9,65.0,False,363
imsa,2024,Watkins Glen,Watkins Glen International,race,621,44,GTD,Spencer Pumpelly,spencer pumpelly,74,3.0,6,106.81,25.123,39.987,41.7,,GF,4,82.7,95.54,65.0,False,363
imsa,2024,Watkins Glen,Watkins Glen International,race,621,44,GTD,Spencer Pumpelly,spencer pumpelly,75,3.0,7,108.111,25.354,40.619,42.138,,GF,5,82.6,95.18,65.0,False,363
imsa,2024,Watkins Glen,Watkins Glen International,race,621,44,GTD,Spencer Pumpelly,spencer pumpelly,76,3.0,8,112.6,25.08,43.234,44.286,,GF,6,82.5,94.28,67.0,False,363
imsa,2024,Watkins Glen,Watkins Glen International,race,621,44,GTD,Spencer Pumpelly,spencer pumpelly,77,3.0,9,110.629,25.431,43.187,42.011,,GF,7,82.3,93.92,67.0,False,363
imsa,2024,Watkins Glen,Watkins Glen International,race,621,44,GTD,Spencer Pumpelly,spencer pumpelly,78,3.0,10,110.114,25.411,41.055,43.648,,GF,8,82.3,93.74,66.0,False,363
imsa,2024,Watkins Glen,Watkins Glen International,race,621,44,GTD,Spencer Pumpelly,spencer pumpelly,79,3.0,11,110.863,26.031,42.968,41.864,,GF,9,82.0,93.02,66.0,False,363
imsa,2024,Watkins Glen,Watkins Glen International,race,621,44,GTD,Spencer Pumpelly,spencer pumpelly,80,3.0,12,109.361,25.202,42.314,41.845,,GF,10,81.0,92.48,67.0,False,363
imsa,2024,Watkins Glen,Watkins Glen International,race,621,44,GTD,Spencer Pumpelly,spencer pumpelly,81,3.0,13,109.165,25.167,42.091,41.907,,GF,11,80.7,91.94,68.0,False,363
imsa,2024,Watkins Glen,Watkins Glen International,race,621,44,GTD,Spencer Pumpelly,spencer pumpelly,82,3.0,14,108.895,25.087,40.464,43.344,,GF,12,79.9,91.76,69.0,False,363
imsa,2024,Watkins Glen,Watkins Glen International,race,621,44,GTD,Spencer Pumpelly,spencer pumpelly,83,3.0,15,122.081,29.999,42.352,49.73,,FCY,13,79.3,89.06,73.0,False,363
imsa,2024,Watkins Glen,Watkins Glen International,race,621,44,GTD,Spencer Pumpelly,spencer pumpelly,84,3.0,16,149.033,35.303,48.847,64.883,,FCY,13,78.1,86.9,74.0,False,363
imsa,2024,Watkins Glen,Watkins Glen International,race,621,44,GTD,Spencer Pumpelly,spencer pumpelly,85,3.0,17,136.67,32.63,45.962,58.078,,FCY,13,77.5,85.82,75.0,False,363
imsa,2024,Watkins Glen,Watkins Glen International,race,621,44,GTD,Spencer Pumpelly,spencer pumpelly,86,3.0,18,179.689,30.19,45.216,104.283,,FCY,13,77.0,85.46,76.0,False,363
imsa,2024,Watkins Glen,Watkins Glen International,race,621,44,GTD,Spencer Pumpelly,spencer pumpelly,87,3.0,19,197.503,31.065,69.8,96.638,,FCY,13,76.7,84.02,76.0,False,363
imsa,2024,Watkins Glen,Watkins Glen International,race,621,44,GTD,Spencer Pumpelly,spencer pumpelly,88,3.0,20,279.401,32.07,59.369,187.962,,FCY,13,76.2,82.58,77.0,False,363
imsa,2024,Watkins Glen,Watkins Glen International,race,621,44,GTD,Spencer Pumpelly,spencer pumpelly,89,3.0,21,139.702,46.043,46.489,47.17,112.893,FCY,0,76.0,82.4,78.0,False,363
imsa,2024,Watkins Glen,Watkins Glen International,race,621,44,GTD,Spencer Pumpelly,spencer pumpelly,90,3.0,22,158.101,29.817,58.346,69.938,,FCY,0,76.0,82.4,77.0,False,363
imsa,2024,Watkins Glen,Watkins Glen International,race,621,44,GTD,Spencer Pumpelly,spencer pumpelly,91,3.0,23,181.21,55.278,70.666,55.266,,GF,0,76.0,82.04,77.0,False,363
imsa,2024,Watkins Glen,Watkins Glen International,race,621,44,GTD,Spencer Pumpelly,spencer pumpelly,92,3.0,24,111.618,25.946,43.478,42.194,,GF,1,76.0,81.68,78.0,False,363
imsa,2024,Watkins Glen,Watkins Glen International,race,621,44,GTD,Spencer Pumpelly,spencer pumpelly,93,3.0,25,110.752,25.338,42.613,42.801,,GF,2,76.0,81.5,78.0,False,363
imsa,2024,Watkins Glen,Watkins Glen International,race,621,44,GTD,Spencer Pumpelly,spencer pumpelly,94,3.0,26,108.055,25.07,40.764,42.221,,GF,3,76.0,81.32,77.0,False,363
imsa,2024,Watkins Glen,Watkins Glen International,race,621,44,GTD,Spencer Pumpelly,spencer pumpelly,95,3.0,27,110.988,25.242,42.053,43.693,,GF,4,76.1,80.78,78.0,False,363
imsa,2024,Watkins Glen,Watkins Glen International,race,621,44,GTD,Spencer Pumpelly,spencer pumpelly,96,3.0,28,150.318,39.826,54.752,55.74,,FCY,5,76.0,80.42,78.0,False,363
imsa,2024,Watkins Glen,Watkins Glen International,race,621,44,GTD,Spencer Pumpelly,spencer pumpelly,97,3.0,29,182.725,34.636,61.793,86.296,,FCY,5,75.7,80.06,78.0,False,363
imsa,2024,Watkins Glen,Watkins Glen International,race,621,44,GTD,Spencer Pumpelly,spencer pumpelly,98,3.0,30,207.293,42.102,77.057,88.134,,FCY,5,75.5,79.88,79.0,False,363
imsa,2024,Watkins Glen,Watkins Glen International,race,621,44,GTD,Spencer Pumpelly,spencer pumpelly,99,3.0,31,211.867,47.178,75.939,88.75,,FCY,5,75.4,79.7,80.0,False,363
imsa,2024,Watkins Glen,Watkins Glen International,race,621,44,GTD,Spencer Pumpelly,spencer pumpelly,100,3.0,32,178.724,45.579,76.026,57.119,,GF,5,75.6,79.7,78.0,False,363
imsa,2024,Watkins Glen,Watkins Glen International,race,621,44,GTD,Spencer Pumpelly,spencer pumpelly,101,3.0,33,112.642,28.006,42.222,42.414,,GF,6,75.7,79.7,78.0,False,363
imsa,2024,Watkins Glen,Watkins Glen International,race,621,44,GTD,Spencer Pumpelly,spencer pumpelly,102,3.0,34,111.654,27.751,41.503,42.4,,GF,7,75.9,79.7,78.0,False,363
imsa,2024,Watkins Glen,Watkins Glen International,race,621,44,GTD,Spencer Pumpelly,spencer pumpelly,103,3.0,35,109.016,27.297,40.169,41.55,,GF,8,76.2,80.06,77.0,False,363
imsa,2024,Watkins Glen,Watkins Glen International,race,621,44,GTD,Spencer Pumpelly,spencer pumpelly,104,3.0,36,107.355,25.761,40.011,41.583,,GF,9,76.5,80.6,76.0,False,363
imsa,2024,Watkins Glen,Watkins Glen International,race,621,44,GTD,Spencer Pumpelly,spencer pumpelly,105,3.0,37,106.623,25.044,39.978,41.601,,GF,10,76.7,80.96,76.0,False,363
imsa,2024,Watkins Glen,Watkins Glen International,race,621,44,GTD,Spencer Pumpelly,spencer pumpelly,106,3.0,38,106.768,25.016,40.125,41.627,,GF,11,76.8,81.32,76.0,False,363
imsa,2024,Watkins Glen,Watkins Glen International,race,621,44,GTD,Spencer Pumpelly,spencer pumpelly,107,3.0,39,106.7,24.959,40.017,41.724,,GF,12,77.0,81.68,75.0,False,363
imsa,2024,Watkins Glen,Watkins Glen International,race,621,44,GTD,Spencer Pumpelly,spencer pumpelly,108,3.0,40,107.415,25.201,39.994,42.22,,GF,13,77.2,82.76,75.0,False,363
imsa,2024,Watkins Glen,Watkins Glen International,race,621,44,GTD,Spencer Pumpelly,spencer pumpelly,109,3.0,41,109.125,25.843,40.971,42.311,,GF,14,77.4,82.76,73.0,False,363
imsa,2024,Watkins Glen,Watkins Glen International,race,621,44,GTD,Spencer Pumpelly,spencer pumpelly,110,3.0,42,107.268,25.035,40.469,41.764,,GF,15,77.5,82.58,74.0,False,363
imsa,2024,Watkins Glen,Watkins Glen International,race,621,44,GTD,Spencer Pumpelly,spencer pumpelly,111,3.0,43,108.601,25.363,41.197,42.041,,GF,16,77.3,82.58,74.0,False,363
imsa,2024,Watkins Glen,Watkins Glen International,race,621,44,GTD,Spencer Pumpelly,spencer pumpelly,112,3.0,44,107.608,25.387,40.56,41.661,,GF,17,77.2,82.76,74.0,False,363
imsa,2024,Watkins Glen,Watkins Glen International,race,621,44,GTD,Spencer Pumpelly,spencer pumpelly,113,3.0,45,107.769,24.971,40.168,42.63,,GF,18,77.1,82.76,74.0,False,363
imsa,2024,Watkins Glen,Watkins Glen International,race,621,44,GTD,Spencer Pumpelly,spencer pumpelly,114,3.0,46,107.51,25.245,40.468,41.797,,GF,19,77.1,82.94,75.0,False,363
imsa,2024,Watkins Glen,Watkins Glen International,race,621,44,GTD,Spencer Pumpelly,spencer pumpelly,115,3.0,47,106.668,24.933,39.946,41.789,,GF,20,77.0,82.94,75.0,False,363
imsa,2024,Watkins Glen,Watkins Glen International,race,621,44,GTD,Spencer Pumpelly,spencer pumpelly,116,3.0,48,106.898,24.951,40.123,41.824,,GF,21,76.8,83.12,75.0,False,363
imsa,2024,Watkins Glen,Watkins Glen International,race,621,44,GTD,Spencer Pumpelly,spencer pumpelly,117,3.0,49,107.443,24.959,40.087,42.397,,GF,22,76.8,82.94,75.0,False,363
imsa,2024,Watkins Glen,Watkins Glen International,race,621,44,GTD,Spencer Pumpelly,spencer pumpelly,118,3.0,50,179.452,25.038,40.742,113.672,,FCY,23,76.3,80.24,78.0,False,363
imsa,2024,Watkins Glen,Watkins Glen International,race,621,44,GTD,Andy Lally,andy lally,119,4.0,0,278.59,74.782,101.111,102.697,85.806,FCY,0,74.0,78.8,81.0,False,363
imsa,2024,Watkins Glen,Watkins Glen International,race,621,44,GTD,Andy Lally,andy lally,120,4.0,1,214.985,49.415,70.272,95.298,,FCY,0,73.3,78.62,83.0,False,363
imsa,2024,Watkins Glen,Watkins Glen International,race,621,44,GTD,Andy Lally,andy lally,121,4.0,2,353.589,80.88,132.42,140.289,,FCY,0,72.7,77.72,85.0,False,363
imsa,2024,Watkins Glen,Watkins Glen International,race,621,44,GTD,Andy Lally,andy lally,122,4.0,3,378.278,101.394,134.037,142.847,,FCY,0,72.2,75.92,86.0,False,363
imsa,2024,Watkins Glen,Watkins Glen International,race,621,44,GTD,Andy Lally,andy lally,123,4.0,4,2969.624,108.143,2789.419,72.062,2238.285,FCY,0,75.8,83.84,82.0,False,363
imsa,2024,Watkins Glen,Watkins Glen International,race,621,44,GTD,Andy Lally,andy lally,124,4.0,5,185.114,34.194,50.553,100.367,,FCY,0,76.0,84.56,81.0,False,363
imsa,2024,Watkins Glen,Watkins Glen International,race,621,44,GTD,Andy Lally,andy lally,125,4.0,6,165.448,46.922,52.659,65.867,56.998,FCY,0,76.2,85.46,81.0,False,363
imsa,2024,Watkins Glen,Watkins Glen International,race,621,44,GTD,Andy Lally,andy lally,126,4.0,7,204.473,51.304,70.412,82.757,,FCY,0,76.6,87.08,80.0,False,363
imsa,2024,Watkins Glen,Watkins Glen International,race,621,44,GTD,Andy Lally,andy lally,127,4.0,8,209.421,64.316,66.698,78.407,,FCY,0,77.2,88.52,80.0,False,363
imsa,2024,Watkins Glen,Watkins Glen International,race,621,44,GTD,Andy Lally,andy lally,128,4.0,9,204.693,58.714,74.576,71.403,,FCY,0,77.3,88.16,79.0,False,363
imsa,2024,Watkins Glen,Watkins Glen International,race,621,44,GTD,Andy Lally,andy lally,129,4.0,10,189.086,58.843,77.377,52.866,,GF,0,77.2,88.52,79.0,False,363
imsa,2024,Watkins Glen,Watkins Glen International,race,621,44,GTD,Andy Lally,andy lally,130,4.0,11,107.48,25.193,40.39,41.897,,GF,1,77.0,87.98,78.0,False,363
imsa,2024,Watkins Glen,Watkins Glen International,race,621,44,GTD,Andy Lally,andy lally,131,4.0,12,106.71,24.928,39.973,41.809,,GF,2,77.0,88.34,79.0,False,363
imsa,2024,Watkins Glen,Watkins Glen International,race,621,44,GTD,Andy Lally,andy lally,132,4.0,13,107.098,25.006,40.122,41.97,,GF,3,77.0,87.98,79.0,False,363
imsa,2024,Watkins Glen,Watkins Glen International,race,621,44,GTD,Andy Lally,andy lally,133,4.0,14,108.186,25.129,40.764,42.293,,GF,4,77.0,87.62,79.0,False,363
imsa,2024,Watkins Glen,Watkins Glen International,race,621,44,GTD,Andy Lally,andy lally,134,4.0,15,107.599,24.964,40.751,41.884,,GF,5,76.8,87.08,79.0,False,363
imsa,2024,Watkins Glen,Watkins Glen International,race,621,44,GTD,Andy Lally,andy lally,135,4.0,16,107.358,24.916,40.612,41.83,,GF,6,76.7,86.72,79.0,False,363
imsa,2024,Watkins Glen,Watkins Glen International,race,621,44,GTD,Andy Lally,andy lally,136,4.0,17,107.777,24.934,40.946,41.897,,GF,7,76.6,86.72,79.0,False,363
imsa,2024,Watkins Glen,Watkins Glen International,race,621,44,GTD,Andy Lally,andy lally,137,4.0,18,107.937,24.886,40.7,42.351,,GF,8,76.5,86.18,79.0,False,363
imsa,2024,Watkins Glen,Watkins Glen International,race,621,44,GTD,Andy Lally,andy lally,138,4.0,19,108.116,25.003,40.674,42.439,,GF,9,76.5,86.0,80.0,False,363
imsa,2024,Watkins Glen,Watkins Glen International,race,621,44,GTD,Andy Lally,andy lally,139,4.0,20,107.899,25.071,40.398,42.43,,FF,10,76.5,86.0,80.0,False,363
imsa,2024,Watkins Glen,Watkins Glen International,race,621,45,GTD,Graham Doyle,graham doyle,1,1.0,0,156.636,67.72,45.325,43.591,,GF,0,79.9,88.7,72.0,False,363
imsa,2024,Watkins Glen,Watkins Glen International,race,621,45,GTD,Graham Doyle,graham doyle,2,1.0,1,112.768,25.874,43.737,43.157,,GF,0,80.0,88.52,72.0,False,363
imsa,2024,Watkins Glen,Watkins Glen International,race,621,45,GTD,Graham Doyle,graham doyle,3,1.0,2,127.991,25.539,43.519,58.933,,FCY,1,80.0,88.7,72.0,False,363
imsa,2024,Watkins Glen,Watkins Glen International,race,621,45,GTD,Graham Doyle,graham doyle,4,1.0,3,146.611,37.896,55.811,52.904,,FCY,1,80.0,88.88,72.0,False,363
imsa,2024,Watkins Glen,Watkins Glen International,race,621,45,GTD,Graham Doyle,graham doyle,5,1.0,4,152.005,28.677,52.919,70.409,,FCY,1,80.1,89.06,73.0,False,363
imsa,2024,Watkins Glen,Watkins Glen International,race,621,45,GTD,Graham Doyle,graham doyle,6,1.0,5,183.161,68.015,68.081,47.065,,GF,1,80.2,89.78,72.0,False,363
imsa,2024,Watkins Glen,Watkins Glen International,race,621,45,GTD,Graham Doyle,graham doyle,7,1.0,6,113.265,26.05,42.602,44.613,,GF,2,80.3,90.5,72.0,False,363
imsa,2024,Watkins Glen,Watkins Glen International,race,621,45,GTD,Graham Doyle,graham doyle,8,1.0,7,112.018,25.577,42.774,43.667,,GF,3,80.3,90.68,72.0,False,363
imsa,2024,Watkins Glen,Watkins Glen International,race,621,45,GTD,Graham Doyle,graham doyle,9,1.0,8,111.513,25.688,42.445,43.38,,GF,4,80.5,91.4,73.0,False,363
imsa,2024,Watkins Glen,Watkins Glen International,race,621,45,GTD,Graham Doyle,graham doyle,10,1.0,9,112.995,25.599,42.902,44.494,,GF,5,80.5,91.94,72.0,False,363
imsa,2024,Watkins Glen,Watkins Glen International,race,621,45,GTD,Graham Doyle,graham doyle,11,1.0,10,112.972,25.847,43.426,43.699,,GF,6,80.7,93.02,72.0,False,363
imsa,2024,Watkins Glen,Watkins Glen International,race,621,45,GTD,Graham Doyle,graham doyle,12,1.0,11,112.623,25.504,42.593,44.526,,GF,7,81.1,93.92,72.0,False,363
imsa,2024,Watkins Glen,Watkins Glen International,race,621,45,GTD,Graham Doyle,graham doyle,13,1.0,12,111.903,25.595,42.721,43.587,,GF,8,81.2,93.74,71.0,False,363
imsa,2024,Watkins Glen,Watkins Glen International,race,621,45,GTD,Graham Doyle,graham doyle,14,1.0,13,112.415,25.633,43.077,43.705,,GF,9,81.4,93.92,71.0,False,363
imsa,2024,Watkins Glen,Watkins Glen International,race,621,45,GTD,Graham Doyle,graham doyle,15,1.0,14,111.442,25.452,42.432,43.558,,GF,10,81.5,94.1,71.0,False,363
imsa,2024,Watkins Glen,Watkins Glen International,race,621,45,GTD,Graham Doyle,graham doyle,16,1.0,15,120.933,25.98,43.08,51.873,,FCY,11,81.4,94.1,71.0,False,363
imsa,2024,Watkins Glen,Watkins Glen International,race,621,45,GTD,Graham Doyle,graham doyle,17,1.0,16,136.592,32.255,49.522,54.815,,FCY,11,81.3,94.1,71.0,False,363
imsa,2024,Watkins Glen,Watkins Glen International,race,621,45,GTD,Graham Doyle,graham doyle,18,1.0,17,173.871,27.539,70.232,76.1,,FCY,11,81.3,94.28,71.0,False,363
imsa,2024,Watkins Glen,Watkins Glen International,race,621,45,GTD,Graham Doyle,graham doyle,19,1.0,18,199.853,55.949,73.819,70.085,,FCY,11,81.3,94.1,71.0,False,363
imsa,2024,Watkins Glen,Watkins Glen International,race,621,45,GTD,Graham Doyle,graham doyle,20,1.0,19,160.626,30.467,58.507,71.652,,FCY,11,81.2,93.92,71.0,False,363
imsa,2024,Watkins Glen,Watkins Glen International,race,621,45,GTD,Graham Doyle,graham doyle,21,1.0,20,182.191,71.241,52.581,58.369,61.705,FCY,0,81.3,93.74,71.0,False,363
imsa,2024,Watkins Glen,Watkins Glen International,race,621,45,GTD,Graham Doyle,graham doyle,22,1.0,21,196.452,47.628,79.504,69.32,,FCY,0,81.2,93.2,71.0,False,363
imsa,2024,Watkins Glen,Watkins Glen International,race,621,45,GTD,Graham Doyle,graham doyle,23,1.0,22,216.965,63.314,73.197,80.454,,FCY,0,81.0,92.84,71.0,False,363
imsa,2024,Watkins Glen,Watkins Glen International,race,621,45,GTD,Graham Doyle,graham doyle,24,1.0,23,172.561,64.627,61.257,46.677,,GF,0,80.8,92.48,72.0,False,363
imsa,2024,Watkins Glen,Watkins Glen International,race,621,45,GTD,Graham Doyle,graham doyle,25,1.0,24,114.723,26.455,44.043,44.225,,GF,1,80.8,92.3,72.0,False,363
imsa,2024,Watkins Glen,Watkins Glen International,race,621,45,GTD,Graham Doyle,graham doyle,26,1.0,25,113.157,25.894,42.928,44.335,,GF,2,80.8,92.3,72.0,False,363
imsa,2024,Watkins Glen,Watkins Glen International,race,621,45,GTD,Graham Doyle,graham doyle,27,1.0,26,112.025,25.67,42.802,43.553,,GF,3,80.8,92.3,72.0,False,363
imsa,2024,Watkins Glen,Watkins Glen International,race,621,45,GTD,Graham Doyle,graham doyle,28,1.0,27,114.805,26.947,43.408,44.45,,GF,4,80.8,92.48,71.0,False,363
imsa,2024,Watkins Glen,Watkins Glen International,race,621,45,GTD,Graham Doyle,graham doyle,29,1.0,28,112.232,26.447,42.49,43.295,,GF,5,80.7,92.12,71.0,False,363
imsa,2024,Watkins Glen,Watkins Glen International,race,621,45,GTD,Graham Doyle,graham doyle,30,1.0,29,112.047,25.5,42.864,43.683,,GF,6,80.7,92.12,71.0,False,363
imsa,2024,Watkins Glen,Watkins Glen International,race,621,45,GTD,Graham Doyle,graham doyle,31,1.0,30,112.845,25.89,42.908,44.047,,GF,7,80.7,92.3,72.0,False,363
imsa,2024,Watkins Glen,Watkins Glen International,race,621,45,GTD,Graham Doyle,graham doyle,32,1.0,31,112.244,25.929,42.782,43.533,,GF,8,80.8,92.3,72.0,False,363
imsa,2024,Watkins Glen,Watkins Glen International,race,621,45,GTD,Graham Doyle,graham doyle,33,1.0,32,113.518,25.749,43.147,44.622,,GF,9,80.9,92.66,71.0,False,363
imsa,2024,Watkins Glen,Watkins Glen International,race,621,45,GTD,Graham Doyle,graham doyle,34,1.0,33,112.999,25.713,42.977,44.309,,GF,10,81.0,93.2,72.0,False,363
imsa,2024,Watkins Glen,Watkins Glen International,race,621,45,GTD,Graham Doyle,graham doyle,35,1.0,34,113.631,25.715,43.725,44.191,,GF,11,81.0,93.2,71.0,False,363
imsa,2024,Watkins Glen,Watkins Glen International,race,621,45,GTD,Graham Doyle,graham doyle,36,1.0,35,112.591,25.573,43.242,43.776,,GF,12,81.2,93.38,71.0,False,363
imsa,2024,Watkins Glen,Watkins Glen International,race,621,45,GTD,Graham Doyle,graham doyle,37,1.0,36,112.936,25.924,43.115,43.897,,GF,13,81.3,93.38,71.0,False,363
imsa,2024,Watkins Glen,Watkins Glen International,race,621,45,GTD,Graham Doyle,graham doyle,38,1.0,37,112.041,25.532,42.827,43.682,,GF,14,81.4,93.2,71.0,False,363
imsa,2024,Watkins Glen,Watkins Glen International,race,621,45,GTD,Graham Doyle,graham doyle,39,1.0,38,114.092,25.556,43.953,44.583,,GF,15,81.6,93.2,70.0,False,363
imsa,2024,Watkins Glen,Watkins Glen International,race,621,45,GTD,Graham Doyle,graham doyle,40,1.0,39,114.023,25.589,43.439,44.995,,GF,16,81.6,93.38,70.0,False,363
imsa,2024,Watkins Glen,Watkins Glen International,race,621,45,GTD,Graham Doyle,graham doyle,41,1.0,40,118.959,26.606,45.725,46.628,,GF,17,81.8,93.56,70.0,False,363
imsa,2024,Watkins Glen,Watkins Glen International,race,621,45,GTD,Graham Doyle,graham doyle,42,1.0,41,115.126,26.717,43.906,44.503,,GF,18,81.8,93.74,69.0,False,363
imsa,2024,Watkins Glen,Watkins Glen International,race,621,45,GTD,Graham Doyle,graham doyle,43,1.0,42,127.264,25.675,45.181,56.408,,GF,19,81.7,93.74,69.0,False,363
imsa,2024,Watkins Glen,Watkins Glen International,race,621,45,GTD,Danny Formal,danny formal,44,2.0,0,181.453,95.886,42.929,42.638,86.318,GF,0,81.6,93.38,68.0,False,363
imsa,2024,Watkins Glen,Watkins Glen International,race,621,45,GTD,Danny Formal,danny formal,45,2.0,1,108.403,25.491,40.754,42.158,,GF,0,81.7,93.2,68.0,False,363
imsa,2024,Watkins Glen,Watkins Glen International,race,621,45,GTD,Danny Formal,danny formal,46,2.0,2,107.71,25.302,40.176,42.232,,GF,1,81.9,92.84,69.0,False,363
imsa,2024,Watkins Glen,Watkins Glen International,race,621,45,GTD,Danny Formal,danny formal,47,2.0,3,107.436,25.382,40.201,41.853,,GF,2,81.8,92.48,68.0,False,363
imsa,2024,Watkins Glen,Watkins Glen International,race,621,45,GTD,Danny Formal,danny formal,48,2.0,4,107.348,25.236,40.254,41.858,,GF,3,81.6,91.94,67.0,False,363
imsa,2024,Watkins Glen,Watkins Glen International,race,621,45,GTD,Danny Formal,danny formal,49,2.0,5,107.347,25.233,40.165,41.949,,GF,4,81.5,91.76,67.0,False,363
imsa,2024,Watkins Glen,Watkins Glen International,race,621,45,GTD,Danny Formal,danny formal,50,2.0,6,109.631,25.413,41.248,42.97,,GF,5,81.3,91.58,68.0,False,363
imsa,2024,Watkins Glen,Watkins Glen International,race,621,45,GTD,Danny Formal,danny formal,51,2.0,7,108.318,25.326,40.785,42.207,,GF,6,81.2,91.4,68.0,False,363
imsa,2024,Watkins Glen,Watkins Glen International,race,621,45,GTD,Danny Formal,danny formal,52,2.0,8,107.908,25.311,40.367,42.23,,GF,7,81.2,91.4,68.0,False,363
imsa,2024,Watkins Glen,Watkins Glen International,race,621,45,GTD,Danny Formal,danny formal,53,2.0,9,108.157,25.177,40.591,42.389,,GF,8,81.2,91.58,67.0,False,363
imsa,2024,Watkins Glen,Watkins Glen International,race,621,45,GTD,Danny Formal,danny formal,54,2.0,10,109.835,25.205,41.261,43.369,,GF,9,81.3,92.12,67.0,False,363
imsa,2024,Watkins Glen,Watkins Glen International,race,621,45,GTD,Danny Formal,danny formal,55,2.0,11,109.591,25.409,40.875,43.307,,GF,10,81.5,93.56,67.0,False,363
imsa,2024,Watkins Glen,Watkins Glen International,race,621,45,GTD,Danny Formal,danny formal,56,2.0,12,109.066,25.583,41.371,42.112,,GF,11,81.7,93.92,67.0,False,363
imsa,2024,Watkins Glen,Watkins Glen International,race,621,45,GTD,Danny Formal,danny formal,57,2.0,13,109.541,25.789,41.071,42.681,,GF,12,82.0,95.36,68.0,False,363
imsa,2024,Watkins Glen,Watkins Glen International,race,621,45,GTD,Danny Formal,danny formal,58,2.0,14,107.699,25.297,40.441,41.961,,GF,13,82.4,96.44,67.0,False,363
imsa,2024,Watkins Glen,Watkins Glen International,race,621,45,GTD,Danny Formal,danny formal,59,2.0,15,107.685,25.323,40.319,42.043,,GF,14,82.5,96.62,66.0,False,363
imsa,2024,Watkins Glen,Watkins Glen International,race,621,45,GTD,Danny Formal,danny formal,60,2.0,16,107.757,25.363,40.271,42.123,,GF,15,82.5,96.62,66.0,False,363
imsa,2024,Watkins Glen,Watkins Glen International,race,621,45,GTD,Danny Formal,danny formal,61,2.0,17,108.195,25.27,40.616,42.309,,GF,16,82.7,96.8,66.0,False,363
imsa,2024,Watkins Glen,Watkins Glen International,race,621,45,GTD,Danny Formal,danny formal,62,2.0,18,135.145,30.407,51.946,52.792,,FCY,17,82.9,97.16,66.0,False,363
imsa,2024,Watkins Glen,Watkins Glen International,race,621,45,GTD,Danny Formal,danny formal,63,2.0,19,146.182,37.667,52.239,56.276,,FCY,17,83.0,97.34,66.0,False,363
imsa,2024,Watkins Glen,Watkins Glen International,race,621,45,GTD,Danny Formal,danny formal,64,2.0,20,171.628,41.54,58.117,71.971,,FCY,17,83.0,97.52,66.0,False,363
imsa,2024,Watkins Glen,Watkins Glen International,race,621,45,GTD,Danny Formal,danny formal,65,2.0,21,205.96,62.401,73.905,69.654,,FCY,17,82.7,97.16,64.0,False,363
imsa,2024,Watkins Glen,Watkins Glen International,race,621,45,GTD,Danny Formal,danny formal,66,2.0,22,159.861,29.739,60.974,69.148,,FCY,17,82.7,96.62,64.0,False,363
imsa,2024,Watkins Glen,Watkins Glen International,race,621,45,GTD,Danny Formal,danny formal,67,2.0,23,178.269,34.5,67.326,76.443,,FCY,17,82.6,95.9,65.0,False,363
imsa,2024,Watkins Glen,Watkins Glen International,race,621,45,GTD,Danny Formal,danny formal,68,2.0,24,213.427,64.264,81.966,67.197,,FCY,17,82.5,95.72,64.0,False,363
imsa,2024,Watkins Glen,Watkins Glen International,race,621,45,GTD,Danny Formal,danny formal,69,2.0,25,162.453,41.193,64.18,57.08,,GF,17,82.5,95.9,64.0,False,363
imsa,2024,Watkins Glen,Watkins Glen International,race,621,45,GTD,Danny Formal,danny formal,70,2.0,26,111.207,25.838,42.771,42.598,,GF,18,82.6,96.08,64.0,False,363
imsa,2024,Watkins Glen,Watkins Glen International,race,621,45,GTD,Danny Formal,danny formal,71,2.0,27,110.43,25.652,42.372,42.406,,GF,19,82.6,96.08,65.0,False,363
imsa,2024,Watkins Glen,Watkins Glen International,race,621,45,GTD,Danny Formal,danny formal,72,2.0,28,107.554,25.013,40.324,42.217,,GF,20,82.6,96.08,65.0,False,363
imsa,2024,Watkins Glen,Watkins Glen International,race,621,45,GTD,Danny Formal,danny formal,73,2.0,29,108.515,25.181,41.133,42.201,,GF,21,82.7,95.54,65.0,False,363
imsa,2024,Watkins Glen,Watkins Glen International,race,621,45,GTD,Danny Formal,danny formal,74,2.0,30,107.638,25.144,40.432,42.062,,GF,22,82.6,95.18,65.0,False,363
imsa,2024,Watkins Glen,Watkins Glen International,race,621,45,GTD,Danny Formal,danny formal,75,2.0,31,112.985,25.194,42.172,45.619,,GF,23,82.5,94.28,67.0,False,363
imsa,2024,Watkins Glen,Watkins Glen International,race,621,45,GTD,Danny Formal,danny formal,76,2.0,32,123.958,25.483,43.036,55.439,,GF,24,82.5,94.1,67.0,False,363
imsa,2024,Watkins Glen,Watkins Glen International,race,621,45,GTD,Kyle Marcelli,kyle marcelli,77,3.0,0,172.619,81.245,45.28,46.094,71.251,GF,0,82.1,93.56,66.0,False,363
imsa,2024,Watkins Glen,Watkins Glen International,race,621,45,GTD,Kyle Marcelli,kyle marcelli,78,3.0,1,120.888,27.73,46.511,46.647,,GF,0,81.5,92.66,66.0,False,363
imsa,2024,Watkins Glen,Watkins Glen International,race,621,45,GTD,Kyle Marcelli,kyle marcelli,79,3.0,2,121.467,27.329,46.871,47.267,,GF,1,80.7,91.94,68.0,False,363
imsa,2024,Watkins Glen,Watkins Glen International,race,621,45,GTD,Kyle Marcelli,kyle marcelli,80,3.0,3,122.934,27.902,46.573,48.459,,GF,2,79.9,91.76,69.0,False,363
imsa,2024,Watkins Glen,Watkins Glen International,race,621,45,GTD,Kyle Marcelli,kyle marcelli,81,3.0,4,125.314,29.024,46.048,50.242,,FCY,3,79.3,89.06,73.0,False,363
imsa,2024,Watkins Glen,Watkins Glen International,race,621,45,GTD,Kyle Marcelli,kyle marcelli,82,3.0,5,145.694,32.947,53.643,59.104,,FCY,3,78.4,87.62,73.0,False,363
imsa,2024,Watkins Glen,Watkins Glen International,race,621,45,GTD,Kyle Marcelli,kyle marcelli,83,3.0,6,137.431,31.103,50.472,55.856,,FCY,3,77.5,85.82,75.0,False,363
imsa,2024,Watkins Glen,Watkins Glen International,race,621,45,GTD,Kyle Marcelli,kyle marcelli,84,3.0,7,178.368,31.418,50.929,96.021,,FCY,3,77.1,85.64,76.0,False,363
imsa,2024,Watkins Glen,Watkins Glen International,race,621,45,GTD,Kyle Marcelli,kyle marcelli,85,3.0,8,200.589,33.372,75.28,91.937,,FCY,3,76.7,84.02,76.0,False,363
imsa,2024,Watkins Glen,Watkins Glen International,race,621,45,GTD,Kyle Marcelli,kyle marcelli,86,3.0,9,186.236,33.938,62.166,90.132,,FCY,3,76.4,82.76,77.0,False,363
imsa,2024,Watkins Glen,Watkins Glen International,race,621,45,GTD,Kyle Marcelli,kyle marcelli,87,3.0,10,177.707,33.197,64.676,79.834,,FCY,3,76.1,82.4,77.0,False,363
imsa,2024,Watkins Glen,Watkins Glen International,race,621,45,GTD,Kyle Marcelli,kyle marcelli,88,3.0,11,220.252,49.394,80.138,90.72,,FCY,3,76.0,82.4,77.0,False,363
imsa,2024,Watkins Glen,Watkins Glen International,race,621,45,GTD,Kyle Marcelli,kyle marcelli,89,3.0,12,193.091,73.699,62.603,56.789,59.183,GF,0,76.0,82.04,77.0,False,363
imsa,2024,Watkins Glen,Watkins Glen International,race,621,45,GTD,Kyle Marcelli,kyle marcelli,90,3.0,13,113.998,28.366,41.864,43.768,,GF,0,76.0,81.68,78.0,False,363
imsa,2024,Watkins Glen,Watkins Glen International,race,621,45,GTD,Kyle Marcelli,kyle marcelli,91,3.0,14,113.064,25.789,42.943,44.332,,GF,1,76.0,81.5,77.0,False,363
imsa,2024,Watkins Glen,Watkins Glen International,race,621,45,GTD,Kyle Marcelli,kyle marcelli,92,3.0,15,110.351,25.468,41.392,43.491,,GF,2,76.0,81.32,77.0,False,363
imsa,2024,Watkins Glen,Watkins Glen International,race,621,45,GTD,Kyle Marcelli,kyle marcelli,93,3.0,16,112.292,25.567,42.401,44.324,,FCY,3,76.1,80.78,78.0,False,363
imsa,2024,Watkins Glen,Watkins Glen International,race,621,45,GTD,Kyle Marcelli,kyle marcelli,94,3.0,17,155.486,36.624,56.007,62.855,,FCY,3,75.9,80.42,78.0,False,363
imsa,2024,Watkins Glen,Watkins Glen International,race,621,45,GTD,Kyle Marcelli,kyle marcelli,95,3.0,18,181.844,34.574,56.623,90.647,,FCY,3,75.7,80.06,79.0,False,363
imsa,2024,Watkins Glen,Watkins Glen International,race,621,45,GTD,Kyle Marcelli,kyle marcelli,96,3.0,19,211.047,40.163,74.543,96.341,,FCY,3,75.5,79.88,79.0,False,363
imsa,2024,Watkins Glen,Watkins Glen International,race,621,45,GTD,Kyle Marcelli,kyle marcelli,97,3.0,20,203.792,39.375,76.205,88.212,,FCY,3,75.4,79.7,80.0,False,363
imsa,2024,Watkins Glen,Watkins Glen International,race,621,45,GTD,Kyle Marcelli,kyle marcelli,98,3.0,21,167.099,44.7,71.487,50.912,,GF,3,75.6,79.7,78.0,False,363
imsa,2024,Watkins Glen,Watkins Glen International,race,621,45,GTD,Kyle Marcelli,kyle marcelli,99,3.0,22,113.745,28.105,42.137,43.503,,GF,4,75.7,79.7,78.0,False,363
imsa,2024,Watkins Glen,Watkins Glen International,race,621,45,GTD,Kyle Marcelli,kyle marcelli,100,3.0,23,110.813,27.055,41.0,42.758,,GF,5,76.0,79.88,77.0,False,363
imsa,2024,Watkins Glen,Watkins Glen International,race,621,45,GTD,Kyle Marcelli,kyle marcelli,101,3.0,24,111.975,27.628,41.669,42.678,,GF,6,76.2,80.06,77.0,False,363
imsa,2024,Watkins Glen,Watkins Glen International,race,621,45,GTD,Kyle Marcelli,kyle marcelli,102,3.0,25,108.91,25.968,40.791,42.151,,GF,7,76.5,80.6,76.0,False,363
imsa,2024,Watkins Glen,Watkins Glen International,race,621,45,GTD,Kyle Marcelli,kyle marcelli,103,3.0,26,108.591,25.237,41.029,42.325,,GF,8,76.7,80.96,76.0,False,363
imsa,2024,Watkins Glen,Watkins Glen International,race,621,45,GTD,Kyle Marcelli,kyle marcelli,104,3.0,27,108.456,25.274,40.797,42.385,,GF,9,76.9,81.68,75.0,False,363
imsa,2024,Watkins Glen,Watkins Glen International,race,621,45,GTD,Kyle Marcelli,kyle marcelli,105,3.0,28,109.608,25.243,41.344,43.021,,GF,10,77.0,81.68,75.0,False,363
imsa,2024,Watkins Glen,Watkins Glen International,race,621,45,GTD,Kyle Marcelli,kyle marcelli,106,3.0,29,108.89,25.292,40.77,42.828,,GF,11,77.2,82.76,75.0,False,363
imsa,2024,Watkins Glen,Watkins Glen International,race,621,45,GTD,Kyle Marcelli,kyle marcelli,107,3.0,30,112.193,26.981,42.311,42.901,,GF,12,77.4,82.76,73.0,False,363
imsa,2024,Watkins Glen,Watkins Glen International,race,621,45,GTD,Kyle Marcelli,kyle marcelli,108,3.0,31,108.205,25.279,40.731,42.195,,GF,13,77.4,82.58,74.0,False,363
imsa,2024,Watkins Glen,Watkins Glen International,race,621,45,GTD,Kyle Marcelli,kyle marcelli,109,3.0,32,107.506,25.27,40.375,41.861,,GF,14,77.3,82.58,74.0,False,363
imsa,2024,Watkins Glen,Watkins Glen International,race,621,45,GTD,Kyle Marcelli,kyle marcelli,110,3.0,33,107.503,25.081,40.605,41.817,,GF,15,77.2,82.76,74.0,False,363
imsa,2024,Watkins Glen,Watkins Glen International,race,621,45,GTD,Kyle Marcelli,kyle marcelli,111,3.0,34,107.315,25.039,40.291,41.985,,GF,16,77.1,82.76,74.0,False,363
imsa,2024,Watkins Glen,Watkins Glen International,race,621,45,GTD,Kyle Marcelli,kyle marcelli,112,3.0,35,107.707,25.149,40.443,42.115,,GF,17,77.1,82.94,75.0,False,363
imsa,2024,Watkins Glen,Watkins Glen International,race,621,45,GTD,Kyle Marcelli,kyle marcelli,113,3.0,36,107.011,25.105,40.124,41.782,,GF,18,77.0,82.94,75.0,False,363
imsa,2024,Watkins Glen,Watkins Glen International,race,621,45,GTD,Kyle Marcelli,kyle marcelli,114,3.0,37,109.672,25.469,41.282,42.921,,GF,19,76.8,83.12,75.0,False,363
imsa,2024,Watkins Glen,Watkins Glen International,race,621,45,GTD,Kyle Marcelli,kyle marcelli,115,3.0,38,108.347,25.34,40.758,42.249,,GF,20,76.7,82.76,75.0,False,363
imsa,2024,Watkins Glen,Watkins Glen International,race,621,45,GTD,Kyle Marcelli,kyle marcelli,116,3.0,39,128.442,25.143,40.381,62.918,,FCY,21,76.3,80.24,78.0,False,363
imsa,2024,Watkins Glen,Watkins Glen International,race,621,45,GTD,Kyle Marcelli,kyle marcelli,117,3.0,40,355.682,134.981,111.698,109.003,77.299,FCY,0,73.7,78.8,82.0,False,363
imsa,2024,Watkins Glen,Watkins Glen International,race,621,45,GTD,Kyle Marcelli,kyle marcelli,118,3.0,41,263.982,76.121,94.281,93.58,,FCY,0,73.1,78.62,84.0,False,363
imsa,2024,Watkins Glen,Watkins Glen International,race,621,45,GTD,Kyle Marcelli,kyle marcelli,119,3.0,42,276.64,64.47,88.265,123.905,,FCY,0,72.7,77.72,85.0,False,363
imsa,2024,Watkins Glen,Watkins Glen International,race,621,45,GTD,Kyle Marcelli,kyle marcelli,120,3.0,43,380.62,107.335,127.919,145.366,,FCY,0,72.2,75.92,86.0,False,363
imsa,2024,Watkins Glen,Watkins Glen International,race,621,45,GTD,Kyle Marcelli,kyle marcelli,121,3.0,44,2952.807,108.271,2775.276,69.26,2192.581,FCY,0,75.8,83.84,82.0,False,363
imsa,2024,Watkins Glen,Watkins Glen International,race,621,45,GTD,Kyle Marcelli,kyle marcelli,122,3.0,45,144.039,32.932,51.352,59.755,,FCY,0,76.0,84.56,81.0,False,363
imsa,2024,Watkins Glen,Watkins Glen International,race,621,45,GTD,Kyle Marcelli,kyle marcelli,123,3.0,46,151.165,33.884,67.845,49.436,,FCY,0,76.2,85.46,81.0,False,363
imsa,2024,Watkins Glen,Watkins Glen International,race,621,45,GTD,Kyle Marcelli,kyle marcelli,124,3.0,47,132.985,27.981,46.161,58.843,,FCY,0,76.4,86.36,81.0,False,363
imsa,2024,Watkins Glen,Watkins Glen International,race,621,45,GTD,Danny Formal,danny formal,125,4.0,0,169.158,73.405,49.822,45.931,59.23,FCY,0,76.8,87.44,81.0,False,363
imsa,2024,Watkins Glen,Watkins Glen International,race,621,45,GTD,Danny Formal,danny formal,126,4.0,1,178.898,34.97,63.751,80.177,,FCY,0,77.2,88.52,80.0,False,363
imsa,2024,Watkins Glen,Watkins Glen International,race,621,45,GTD,Danny Formal,danny formal,127,4.0,2,205.203,61.451,69.427,74.325,,FCY,0,77.2,87.98,80.0,False,363
imsa,2024,Watkins Glen,Watkins Glen International,race,621,45,GTD,Danny Formal,danny formal,128,4.0,3,178.958,56.841,71.739,50.378,,GF,0,77.2,88.52,79.0,False,363
imsa,2024,Watkins Glen,Watkins Glen International,race,621,45,GTD,Danny Formal,danny formal,129,4.0,4,108.681,25.552,41.01,42.119,,GF,1,77.0,87.98,78.0,False,363
imsa,2024,Watkins Glen,Watkins Glen International,race,621,45,GTD,Danny Formal,danny formal,130,4.0,5,108.47,25.281,40.988,42.201,,GF,2,77.0,88.34,79.0,False,363
imsa,2024,Watkins Glen,Watkins Glen International,race,621,45,GTD,Danny Formal,danny formal,131,4.0,6,107.544,25.119,40.378,42.047,,GF,3,77.0,87.98,79.0,False,363
imsa,2024,Watkins Glen,Watkins Glen International,race,621,45,GTD,Danny Formal,danny formal,132,4.0,7,108.808,25.863,40.883,42.062,,GF,4,77.0,87.62,79.0,False,363
imsa,2024,Watkins Glen,Watkins Glen International,race,621,45,GTD,Danny Formal,danny formal,133,4.0,8,107.589,25.175,40.262,42.152,,GF,5,76.8,87.08,79.0,False,363
imsa,2024,Watkins Glen,Watkins Glen International,race,621,45,GTD,Danny Formal,danny formal,134,4.0,9,108.621,25.239,40.776,42.606,,GF,6,76.7,86.72,79.0,False,363
imsa,2024,Watkins Glen,Watkins Glen International,race,621,45,GTD,Danny Formal,danny formal,135,4.0,10,109.148,25.123,41.464,42.561,,GF,7,76.5,86.54,79.0,False,363
imsa,2024,Watkins Glen,Watkins Glen International,race,621,45,GTD,Danny Formal,danny formal,136,4.0,11,109.684,25.35,41.426,42.908,,GF,8,76.5,86.18,79.0,False,363
imsa,2024,Watkins Glen,Watkins Glen International,race,621,45,GTD,Danny Formal,danny formal,137,4.0,12,107.226,25.257,40.199,41.77,,GF,9,76.5,86.0,80.0,False,363
imsa,2024,Watkins Glen,Watkins Glen International,race,621,45,GTD,Danny Formal,danny formal,138,4.0,13,107.047,25.177,40.189,41.681,,FF,10,76.5,86.0,80.0,False,363
imsa,2024,Watkins Glen,Watkins Glen International,race,621,47,GTD,Roberto Lacorte,roberto lacorte,1,1.0,0,154.217,66.968,44.067,43.182,,GF,0,79.9,88.7,72.0,False,363
imsa,2024,Watkins Glen,Watkins Glen International,race,621,47,GTD,Roberto Lacorte,roberto lacorte,2,1.0,1,111.244,25.519,43.133,42.592,,GF,0,80.0,88.52,72.0,False,363
imsa,2024,Watkins Glen,Watkins Glen International,race,621,47,GTD,Roberto Lacorte,roberto lacorte,3,1.0,2,128.779,25.153,42.923,60.703,,FCY,1,80.0,88.7,72.0,False,363
imsa,2024,Watkins Glen,Watkins Glen International,race,621,47,GTD,Roberto Lacorte,roberto lacorte,4,1.0,3,144.369,37.248,54.133,52.988,,FCY,1,80.0,88.88,72.0,False,363
imsa,2024,Watkins Glen,Watkins Glen International,race,621,47,GTD,Roberto Lacorte,roberto lacorte,5,1.0,4,152.31,29.212,53.002,70.096,,FCY,1,80.1,89.06,73.0,False,363
imsa,2024,Watkins Glen,Watkins Glen International,race,621,47,GTD,Roberto Lacorte,roberto lacorte,6,1.0,5,185.104,68.912,68.661,47.531,,GF,1,80.2,89.78,72.0,False,363
imsa,2024,Watkins Glen,Watkins Glen International,race,621,47,GTD,Roberto Lacorte,roberto lacorte,7,1.0,6,109.686,25.035,42.157,42.494,,GF,2,80.3,90.5,72.0,False,363
imsa,2024,Watkins Glen,Watkins Glen International,race,621,47,GTD,Roberto Lacorte,roberto lacorte,8,1.0,7,109.416,25.261,41.568,42.587,,GF,3,80.3,90.68,72.0,False,363
imsa,2024,Watkins Glen,Watkins Glen International,race,621,47,GTD,Roberto Lacorte,roberto lacorte,9,1.0,8,109.597,25.159,41.745,42.693,,GF,4,80.3,91.4,72.0,False,363
imsa,2024,Watkins Glen,Watkins Glen International,race,621,47,GTD,Roberto Lacorte,roberto lacorte,10,1.0,9,109.845,25.135,41.694,43.016,,GF,5,80.5,91.94,72.0,False,363
imsa,2024,Watkins Glen,Watkins Glen International,race,621,47,GTD,Roberto Lacorte,roberto lacorte,11,1.0,10,109.43,25.137,41.33,42.963,,GF,6,80.7,93.02,72.0,False,363
imsa,2024,Watkins Glen,Watkins Glen International,race,621,47,GTD,Roberto Lacorte,roberto lacorte,12,1.0,11,111.44,25.647,43.27,42.523,,GF,7,81.1,93.92,72.0,False,363
imsa,2024,Watkins Glen,Watkins Glen International,race,621,47,GTD,Roberto Lacorte,roberto lacorte,13,1.0,12,109.572,25.185,41.569,42.818,,GF,8,81.2,93.74,72.0,False,363
imsa,2024,Watkins Glen,Watkins Glen International,race,621,47,GTD,Roberto Lacorte,roberto lacorte,14,1.0,13,110.63,25.261,41.969,43.4,,GF,9,81.4,93.92,71.0,False,363
imsa,2024,Watkins Glen,Watkins Glen International,race,621,47,GTD,Roberto Lacorte,roberto lacorte,15,1.0,14,110.503,25.245,42.742,42.516,,GF,10,81.5,94.1,71.0,False,363
imsa,2024,Watkins Glen,Watkins Glen International,race,621,55,GTD,Ryan Hardwick,ryan hardwick,1,1.0,0,153.469,66.477,43.579,43.413,,GF,0,79.9,88.7,72.0,False,363
imsa,2024,Watkins Glen,Watkins Glen International,race,621,55,GTD,Ryan Hardwick,ryan hardwick,2,1.0,1,110.649,25.2,42.769,42.68,,GF,0,80.0,88.52,72.0,False,363
imsa,2024,Watkins Glen,Watkins Glen International,race,621,55,GTD,Ryan Hardwick,ryan hardwick,3,1.0,2,126.866,25.285,43.208,58.373,,FCY,1,80.0,88.7,72.0,False,363
imsa,2024,Watkins Glen,Watkins Glen International,race,621,55,GTD,Ryan Hardwick,ryan hardwick,4,1.0,3,142.619,36.653,54.883,51.083,,FCY,1,80.0,88.88,72.0,False,363
imsa,2024,Watkins Glen,Watkins Glen International,race,621,55,GTD,Ryan Hardwick,ryan hardwick,5,1.0,4,153.238,31.109,51.752,70.377,,FCY,1,80.1,89.06,73.0,False,363
imsa,2024,Watkins Glen,Watkins Glen International,race,621,55,GTD,Ryan Hardwick,ryan hardwick,6,1.0,5,187.433,69.049,70.828,47.556,,GF,1,80.2,89.78,72.0,False,363
imsa,2024,Watkins Glen,Watkins Glen International,race,621,55,GTD,Ryan Hardwick,ryan hardwick,7,1.0,6,109.925,25.534,42.176,42.215,,GF,2,80.3,90.5,72.0,False,363
imsa,2024,Watkins Glen,Watkins Glen International,race,621,55,GTD,Ryan Hardwick,ryan hardwick,8,1.0,7,109.462,25.026,42.003,42.433,,GF,3,80.3,90.68,72.0,False,363
imsa,2024,Watkins Glen,Watkins Glen International,race,621,55,GTD,Ryan Hardwick,ryan hardwick,9,1.0,8,108.592,25.091,41.272,42.229,,GF,4,80.3,91.4,72.0,False,363
imsa,2024,Watkins Glen,Watkins Glen International,race,621,55,GTD,Ryan Hardwick,ryan hardwick,10,1.0,9,108.385,25.085,41.151,42.149,,GF,5,80.5,91.94,72.0,False,363
imsa,2024,Watkins Glen,Watkins Glen International,race,621,55,GTD,Ryan Hardwick,ryan hardwick,11,1.0,10,108.519,24.946,41.069,42.504,,GF,6,80.7,93.02,72.0,False,363
imsa,2024,Watkins Glen,Watkins Glen International,race,621,55,GTD,Ryan Hardwick,ryan hardwick,12,1.0,11,109.675,25.072,41.765,42.838,,GF,7,80.9,93.38,72.0,False,363
imsa,2024,Watkins Glen,Watkins Glen International,race,621,55,GTD,Ryan Hardwick,ryan hardwick,13,1.0,12,109.152,25.281,41.481,42.39,,GF,8,81.2,93.74,72.0,False,363
imsa,2024,Watkins Glen,Watkins Glen International,race,621,55,GTD,Ryan Hardwick,ryan hardwick,14,1.0,13,108.424,25.076,41.149,42.199,,GF,9,81.4,93.92,71.0,False,363
imsa,2024,Watkins Glen,Watkins Glen International,race,621,55,GTD,Ryan Hardwick,ryan hardwick,15,1.0,14,108.675,25.165,41.333,42.177,,GF,10,81.5,94.1,71.0,False,363
imsa,2024,Watkins Glen,Watkins Glen International,race,621,55,GTD,Ryan Hardwick,ryan hardwick,16,1.0,15,112.605,25.514,42.409,44.682,,FCY,11,81.4,94.1,71.0,False,363
imsa,2024,Watkins Glen,Watkins Glen International,race,621,55,GTD,Ryan Hardwick,ryan hardwick,17,1.0,16,140.951,31.348,53.421,56.182,,FCY,11,81.3,94.1,71.0,False,363
imsa,2024,Watkins Glen,Watkins Glen International,race,621,55,GTD,Ryan Hardwick,ryan hardwick,18,1.0,17,193.626,34.391,80.771,78.464,,FCY,11,81.3,94.28,71.0,False,363
imsa,2024,Watkins Glen,Watkins Glen International,race,621,55,GTD,Ryan Hardwick,ryan hardwick,19,1.0,18,195.285,55.686,71.45,68.149,,FCY,11,81.3,94.1,71.0,False,363
imsa,2024,Watkins Glen,Watkins Glen International,race,621,55,GTD,Ryan Hardwick,ryan hardwick,20,1.0,19,158.51,35.139,49.002,74.369,,FCY,11,81.2,93.92,71.0,False,363
imsa,2024,Watkins Glen,Watkins Glen International,race,621,55,GTD,Ryan Hardwick,ryan hardwick,21,1.0,20,205.935,90.866,57.382,57.687,78.928,FCY,0,81.3,93.74,71.0,False,363
imsa,2024,Watkins Glen,Watkins Glen International,race,621,55,GTD,Ryan Hardwick,ryan hardwick,22,1.0,21,196.753,47.317,79.225,70.211,,FCY,0,81.2,93.2,71.0,False,363
imsa,2024,Watkins Glen,Watkins Glen International,race,621,55,GTD,Ryan Hardwick,ryan hardwick,23,1.0,22,216.37,62.866,72.802,80.702,,FCY,0,81.0,92.84,71.0,False,363
imsa,2024,Watkins Glen,Watkins Glen International,race,621,55,GTD,Ryan Hardwick,ryan hardwick,24,1.0,23,173.3,63.991,63.077,46.232,,GF,0,80.8,92.48,72.0,False,363
imsa,2024,Watkins Glen,Watkins Glen International,race,621,55,GTD,Ryan Hardwick,ryan hardwick,25,1.0,24,109.196,25.122,41.639,42.435,,GF,1,80.8,92.3,72.0,False,363
imsa,2024,Watkins Glen,Watkins Glen International,race,621,55,GTD,Ryan Hardwick,ryan hardwick,26,1.0,25,109.409,25.224,41.666,42.519,,GF,2,80.8,92.3,72.0,False,363
imsa,2024,Watkins Glen,Watkins Glen International,race,621,55,GTD,Ryan Hardwick,ryan hardwick,27,1.0,26,108.587,25.157,41.028,42.402,,GF,3,80.8,92.3,72.0,False,363
imsa,2024,Watkins Glen,Watkins Glen International,race,621,55,GTD,Ryan Hardwick,ryan hardwick,28,1.0,27,108.959,25.403,41.316,42.24,,GF,4,80.8,92.48,71.0,False,363
imsa,2024,Watkins Glen,Watkins Glen International,race,621,55,GTD,Ryan Hardwick,ryan hardwick,29,1.0,28,108.439,24.988,41.109,42.342,,GF,5,80.7,92.12,71.0,False,363
imsa,2024,Watkins Glen,Watkins Glen International,race,621,55,GTD,Ryan Hardwick,ryan hardwick,30,1.0,29,109.775,24.978,42.337,42.46,,GF,6,80.7,92.12,72.0,False,363
imsa,2024,Watkins Glen,Watkins Glen International,race,621,55,GTD,Ryan Hardwick,ryan hardwick,31,1.0,30,109.705,25.873,41.523,42.309,,GF,7,80.7,92.12,72.0,False,363
imsa,2024,Watkins Glen,Watkins Glen International,race,621,55,GTD,Ryan Hardwick,ryan hardwick,32,1.0,31,109.646,25.122,42.091,42.433,,GF,8,80.8,92.3,72.0,False,363
imsa,2024,Watkins Glen,Watkins Glen International,race,621,55,GTD,Ryan Hardwick,ryan hardwick,33,1.0,32,108.836,24.999,41.205,42.632,,GF,9,80.9,92.66,71.0,False,363
imsa,2024,Watkins Glen,Watkins Glen International,race,621,55,GTD,Ryan Hardwick,ryan hardwick,34,1.0,33,110.5,25.243,42.19,43.067,,GF,10,80.9,92.84,71.0,False,363
imsa,2024,Watkins Glen,Watkins Glen International,race,621,55,GTD,Ryan Hardwick,ryan hardwick,35,1.0,34,108.824,25.198,41.167,42.459,,GF,11,81.0,93.2,70.0,False,363
imsa,2024,Watkins Glen,Watkins Glen International,race,621,55,GTD,Ryan Hardwick,ryan hardwick,36,1.0,35,109.934,25.579,41.743,42.612,,GF,12,81.1,93.38,71.0,False,363
imsa,2024,Watkins Glen,Watkins Glen International,race,621,55,GTD,Ryan Hardwick,ryan hardwick,37,1.0,36,109.42,25.029,41.441,42.95,,GF,13,81.3,93.38,71.0,False,363
imsa,2024,Watkins Glen,Watkins Glen International,race,621,55,GTD,Ryan Hardwick,ryan hardwick,38,1.0,37,110.131,25.112,42.085,42.934,,GF,14,81.4,93.2,71.0,False,363
imsa,2024,Watkins Glen,Watkins Glen International,race,621,55,GTD,Ryan Hardwick,ryan hardwick,39,1.0,38,109.962,25.077,41.874,43.011,,GF,15,81.5,93.2,71.0,False,363
imsa,2024,Watkins Glen,Watkins Glen International,race,621,55,GTD,Ryan Hardwick,ryan hardwick,40,1.0,39,109.691,25.062,42.235,42.394,,GF,16,81.6,93.2,70.0,False,363
imsa,2024,Watkins Glen,Watkins Glen International,race,621,55,GTD,Ryan Hardwick,ryan hardwick,41,1.0,40,109.969,25.066,41.817,43.086,,GF,17,81.7,93.56,70.0,False,363
imsa,2024,Watkins Glen,Watkins Glen International,race,621,55,GTD,Ryan Hardwick,ryan hardwick,42,1.0,41,109.803,25.301,41.942,42.56,,GF,18,81.8,93.56,70.0,False,363
imsa,2024,Watkins Glen,Watkins Glen International,race,621,55,GTD,Ryan Hardwick,ryan hardwick,43,1.0,42,108.893,25.07,41.252,42.571,,GF,19,81.8,93.74,69.0,False,363
imsa,2024,Watkins Glen,Watkins Glen International,race,621,55,GTD,Ryan Hardwick,ryan hardwick,44,1.0,43,123.403,25.197,42.324,55.882,,GF,20,81.7,93.74,69.0,False,363
imsa,2024,Watkins Glen,Watkins Glen International,race,621,55,GTD,Giammarco Levorato,giammarco levorato,45,2.0,0,156.941,70.892,42.251,43.798,62.369,GF,0,81.6,93.38,68.0,False,363
imsa,2024,Watkins Glen,Watkins Glen International,race,621,55,GTD,Giammarco Levorato,giammarco levorato,46,2.0,1,110.578,25.41,42.361,42.807,,GF,0,81.7,93.2,68.0,False,363
imsa,2024,Watkins Glen,Watkins Glen International,race,621,55,GTD,Giammarco Levorato,giammarco levorato,47,2.0,2,109.901,25.181,42.403,42.317,,GF,1,81.9,92.84,69.0,False,363
imsa,2024,Watkins Glen,Watkins Glen International,race,621,55,GTD,Giammarco Levorato,giammarco levorato,48,2.0,3,107.842,24.8,41.077,41.965,,GF,2,81.8,92.48,68.0,False,363
imsa,2024,Watkins Glen,Watkins Glen International,race,621,55,GTD,Giammarco Levorato,giammarco levorato,49,2.0,4,107.539,25.025,40.699,41.815,,GF,3,81.6,91.94,67.0,False,363
imsa,2024,Watkins Glen,Watkins Glen International,race,621,55,GTD,Giammarco Levorato,giammarco levorato,50,2.0,5,109.034,25.033,41.696,42.305,,GF,4,81.5,91.76,67.0,False,363
imsa,2024,Watkins Glen,Watkins Glen International,race,621,55,GTD,Giammarco Levorato,giammarco levorato,51,2.0,6,107.772,24.859,40.721,42.192,,GF,5,81.3,91.58,68.0,False,363
imsa,2024,Watkins Glen,Watkins Glen International,race,621,55,GTD,Giammarco Levorato,giammarco levorato,52,2.0,7,107.965,24.872,40.839,42.254,,GF,6,81.2,91.4,68.0,False,363
imsa,2024,Watkins Glen,Watkins Glen International,race,621,55,GTD,Giammarco Levorato,giammarco levorato,53,2.0,8,107.519,24.916,40.741,41.862,,GF,7,81.2,91.4,68.0,False,363
imsa,2024,Watkins Glen,Watkins Glen International,race,621,55,GTD,Giammarco Levorato,giammarco levorato,54,2.0,9,107.457,24.928,40.559,41.97,,GF,8,81.2,91.58,67.0,False,363
imsa,2024,Watkins Glen,Watkins Glen International,race,621,55,GTD,Giammarco Levorato,giammarco levorato,55,2.0,10,107.883,24.881,40.661,42.341,,GF,9,81.3,92.12,67.0,False,363
imsa,2024,Watkins Glen,Watkins Glen International,race,621,55,GTD,Giammarco Levorato,giammarco levorato,56,2.0,11,108.016,25.058,40.864,42.094,,GF,10,81.5,93.56,67.0,False,363
imsa,2024,Watkins Glen,Watkins Glen International,race,621,55,GTD,Giammarco Levorato,giammarco levorato,57,2.0,12,108.238,24.923,40.884,42.431,,GF,11,81.7,93.92,67.0,False,363
imsa,2024,Watkins Glen,Watkins Glen International,race,621,55,GTD,Giammarco Levorato,giammarco levorato,58,2.0,13,108.188,24.942,40.915,42.331,,GF,12,82.0,95.36,68.0,False,363
imsa,2024,Watkins Glen,Watkins Glen International,race,621,55,GTD,Giammarco Levorato,giammarco levorato,59,2.0,14,108.213,25.153,40.919,42.141,,GF,13,82.4,96.44,67.0,False,363
imsa,2024,Watkins Glen,Watkins Glen International,race,621,55,GTD,Giammarco Levorato,giammarco levorato,60,2.0,15,107.731,24.938,40.716,42.077,,GF,14,82.5,96.62,66.0,False,363
imsa,2024,Watkins Glen,Watkins Glen International,race,621,55,GTD,Giammarco Levorato,giammarco levorato,61,2.0,16,108.128,24.946,41.117,42.065,,GF,15,82.6,96.8,67.0,False,363
imsa,2024,Watkins Glen,Watkins Glen International,race,621,55,GTD,Giammarco Levorato,giammarco levorato,62,2.0,17,108.233,25.063,40.908,42.262,,FCY,16,82.7,96.8,66.0,False,363
imsa,2024,Watkins Glen,Watkins Glen International,race,621,55,GTD,Giammarco Levorato,giammarco levorato,63,2.0,18,131.592,28.218,50.729,52.645,,FCY,16,82.9,97.16,66.0,False,363
imsa,2024,Watkins Glen,Watkins Glen International,race,621,55,GTD,Giammarco Levorato,giammarco levorato,64,2.0,19,146.149,37.694,52.365,56.09,,FCY,16,83.0,97.34,66.0,False,363
imsa,2024,Watkins Glen,Watkins Glen International,race,621,55,GTD,Giammarco Levorato,giammarco levorato,65,2.0,20,171.8,41.532,58.727,71.541,,FCY,16,83.0,97.52,66.0,False,363
imsa,2024,Watkins Glen,Watkins Glen International,race,621,55,GTD,Giammarco Levorato,giammarco levorato,66,2.0,21,206.443,62.802,73.452,70.189,,FCY,16,82.7,97.16,64.0,False,363
imsa,2024,Watkins Glen,Watkins Glen International,race,621,55,GTD,Giammarco Levorato,giammarco levorato,67,2.0,22,159.366,29.508,60.983,68.875,,FCY,16,82.7,96.62,64.0,False,363
imsa,2024,Watkins Glen,Watkins Glen International,race,621,55,GTD,Giammarco Levorato,giammarco levorato,68,2.0,23,178.556,34.521,67.296,76.739,,FCY,16,82.6,95.9,65.0,False,363
imsa,2024,Watkins Glen,Watkins Glen International,race,621,55,GTD,Giammarco Levorato,giammarco levorato,69,2.0,24,213.156,64.565,81.568,67.023,,FCY,16,82.5,95.72,64.0,False,363
imsa,2024,Watkins Glen,Watkins Glen International,race,621,55,GTD,Giammarco Levorato,giammarco levorato,70,2.0,25,162.61,41.409,64.038,57.163,,GF,16,82.5,95.9,64.0,False,363
imsa,2024,Watkins Glen,Watkins Glen International,race,621,55,GTD,Giammarco Levorato,giammarco levorato,71,2.0,26,111.464,25.53,42.766,43.168,,GF,17,82.6,96.08,64.0,False,363
imsa,2024,Watkins Glen,Watkins Glen International,race,621,55,GTD,Giammarco Levorato,giammarco levorato,72,2.0,27,108.276,24.901,41.414,41.961,,GF,18,82.6,96.08,65.0,False,363
imsa,2024,Watkins Glen,Watkins Glen International,race,621,55,GTD,Giammarco Levorato,giammarco levorato,73,2.0,28,107.662,24.91,40.761,41.991,,GF,19,82.6,96.08,65.0,False,363
imsa,2024,Watkins Glen,Watkins Glen International,race,621,55,GTD,Giammarco Levorato,giammarco levorato,74,2.0,29,107.671,24.919,40.65,42.102,,GF,20,82.7,95.54,65.0,False,363
imsa,2024,Watkins Glen,Watkins Glen International,race,621,55,GTD,Giammarco Levorato,giammarco levorato,75,2.0,30,107.624,24.746,40.748,42.13,,GF,21,82.6,95.18,65.0,False,363
imsa,2024,Watkins Glen,Watkins Glen International,race,621,55,GTD,Giammarco Levorato,giammarco levorato,76,2.0,31,111.658,24.817,42.144,44.697,,GF,22,82.6,95.0,66.0,False,363
imsa,2024,Watkins Glen,Watkins Glen International,race,621,55,GTD,Giammarco Levorato,giammarco levorato,77,2.0,32,111.455,25.343,42.746,43.366,,GF,23,82.5,94.1,67.0,False,363
imsa,2024,Watkins Glen,Watkins Glen International,race,621,55,GTD,Giammarco Levorato,giammarco levorato,78,2.0,33,108.598,24.996,41.349,42.253,,GF,24,82.3,93.74,66.0,False,363
imsa,2024,Watkins Glen,Watkins Glen International,race,621,55,GTD,Giammarco Levorato,giammarco levorato,79,2.0,34,108.004,24.914,40.991,42.099,,GF,25,82.0,93.02,66.0,False,363
imsa,2024,Watkins Glen,Watkins Glen International,race,621,55,GTD,Giammarco Levorato,giammarco levorato,80,2.0,35,109.227,24.871,41.61,42.746,,GF,26,81.5,92.66,66.0,False,363
imsa,2024,Watkins Glen,Watkins Glen International,race,621,55,GTD,Giammarco Levorato,giammarco levorato,81,2.0,36,109.17,24.936,41.855,42.379,,GF,27,80.7,91.94,68.0,False,363
imsa,2024,Watkins Glen,Watkins Glen International,race,621,55,GTD,Giammarco Levorato,giammarco levorato,82,2.0,37,111.537,24.956,42.886,43.695,,GF,28,79.9,91.76,69.0,False,363
imsa,2024,Watkins Glen,Watkins Glen International,race,621,57,GTD,Russell Ward,russell ward,1,1.0,0,149.86,64.527,42.675,42.658,,GF,0,79.9,88.7,72.0,False,363
imsa,2024,Watkins Glen,Watkins Glen International,race,621,57,GTD,Russell Ward,russell ward,2,1.0,1,108.907,25.126,41.855,41.926,,GF,0,80.0,88.52,72.0,False,363
imsa,2024,Watkins Glen,Watkins Glen International,race,621,57,GTD,Russell Ward,russell ward,3,1.0,2,125.915,25.094,41.356,59.465,,FCY,1,80.0,88.7,72.0,False,363
imsa,2024,Watkins Glen,Watkins Glen International,race,621,57,GTD,Russell Ward,russell ward,4,1.0,3,142.206,35.583,54.136,52.487,,FCY,1,80.0,88.88,72.0,False,363
imsa,2024,Watkins Glen,Watkins Glen International,race,621,57,GTD,Russell Ward,russell ward,5,1.0,4,152.298,29.99,50.59,71.718,,FCY,1,80.1,89.06,73.0,False,363
imsa,2024,Watkins Glen,Watkins Glen International,race,621,57,GTD,Russell Ward,russell ward,6,1.0,5,188.136,66.34,74.585,47.211,,GF,1,80.2,89.78,72.0,False,363
imsa,2024,Watkins Glen,Watkins Glen International,race,621,57,GTD,Russell Ward,russell ward,7,1.0,6,108.185,25.235,41.033,41.917,,GF,2,80.3,90.5,72.0,False,363
imsa,2024,Watkins Glen,Watkins Glen International,race,621,57,GTD,Russell Ward,russell ward,8,1.0,7,108.006,25.117,40.733,42.156,,GF,3,80.3,90.5,72.0,False,363
imsa,2024,Watkins Glen,Watkins Glen International,race,621,57,GTD,Russell Ward,russell ward,9,1.0,8,107.456,25.061,40.62,41.775,,GF,4,80.3,91.4,72.0,False,363
imsa,2024,Watkins Glen,Watkins Glen International,race,621,57,GTD,Russell Ward,russell ward,10,1.0,9,108.149,25.095,40.817,42.237,,GF,5,80.5,91.94,72.0,False,363
imsa,2024,Watkins Glen,Watkins Glen International,race,621,57,GTD,Russell Ward,russell ward,11,1.0,10,108.087,25.133,41.063,41.891,,GF,6,80.7,93.02,72.0,False,363
imsa,2024,Watkins Glen,Watkins Glen International,race,621,57,GTD,Russell Ward,russell ward,12,1.0,11,107.851,25.07,40.865,41.916,,GF,7,80.9,93.38,72.0,False,363
imsa,2024,Watkins Glen,Watkins Glen International,race,621,57,GTD,Russell Ward,russell ward,13,1.0,12,108.509,25.123,41.108,42.278,,GF,8,81.2,93.74,72.0,False,363
imsa,2024,Watkins Glen,Watkins Glen International,race,621,57,GTD,Russell Ward,russell ward,14,1.0,13,109.536,25.316,41.729,42.491,,GF,9,81.4,93.92,71.0,False,363
imsa,2024,Watkins Glen,Watkins Glen International,race,621,57,GTD,Russell Ward,russell ward,15,1.0,14,107.864,25.137,40.761,41.966,,GF,10,81.4,93.92,71.0,False,363
imsa,2024,Watkins Glen,Watkins Glen International,race,621,57,GTD,Russell Ward,russell ward,16,1.0,15,108.279,25.117,40.964,42.198,,FCY,11,81.4,94.1,70.0,False,363
imsa,2024,Watkins Glen,Watkins Glen International,race,621,57,GTD,Russell Ward,russell ward,17,1.0,16,130.718,27.089,47.835,55.794,,FCY,11,81.3,93.92,71.0,False,363
imsa,2024,Watkins Glen,Watkins Glen International,race,621,57,GTD,Russell Ward,russell ward,18,1.0,17,210.077,47.363,84.276,78.438,,FCY,11,81.3,94.28,71.0,False,363
imsa,2024,Watkins Glen,Watkins Glen International,race,621,57,GTD,Russell Ward,russell ward,19,1.0,18,201.075,56.524,73.518,71.033,,FCY,11,81.3,94.1,71.0,False,363
imsa,2024,Watkins Glen,Watkins Glen International,race,621,57,GTD,Russell Ward,russell ward,20,1.0,19,161.354,34.973,52.174,74.207,,FCY,11,81.2,93.92,71.0,False,363
imsa,2024,Watkins Glen,Watkins Glen International,race,621,57,GTD,Russell Ward,russell ward,21,1.0,20,186.039,75.487,54.908,55.644,60.215,FCY,0,81.2,93.92,71.0,False,363
imsa,2024,Watkins Glen,Watkins Glen International,race,621,57,GTD,Russell Ward,russell ward,22,1.0,21,204.026,48.902,82.628,72.496,,FCY,0,81.2,93.2,71.0,False,363
imsa,2024,Watkins Glen,Watkins Glen International,race,621,57,GTD,Russell Ward,russell ward,23,1.0,22,214.738,59.227,73.512,81.999,,FCY,0,81.0,92.84,71.0,False,363
imsa,2024,Watkins Glen,Watkins Glen International,race,621,57,GTD,Russell Ward,russell ward,24,1.0,23,180.25,61.765,70.37,48.115,,GF,0,80.8,92.48,72.0,False,363
imsa,2024,Watkins Glen,Watkins Glen International,race,621,57,GTD,Russell Ward,russell ward,25,1.0,24,108.65,25.344,41.098,42.208,,GF,1,80.8,92.3,72.0,False,363
imsa,2024,Watkins Glen,Watkins Glen International,race,621,57,GTD,Russell Ward,russell ward,26,1.0,25,107.945,25.094,40.75,42.101,,GF,2,80.8,92.3,72.0,False,363
imsa,2024,Watkins Glen,Watkins Glen International,race,621,57,GTD,Russell Ward,russell ward,27,1.0,26,107.832,25.285,40.681,41.866,,GF,3,80.8,92.3,72.0,False,363
imsa,2024,Watkins Glen,Watkins Glen International,race,621,57,GTD,Russell Ward,russell ward,28,1.0,27,107.54,25.143,40.432,41.965,,GF,4,80.8,92.48,71.0,False,363
imsa,2024,Watkins Glen,Watkins Glen International,race,621,57,GTD,Russell Ward,russell ward,29,1.0,28,107.663,25.189,40.636,41.838,,GF,5,80.8,92.3,71.0,False,363
imsa,2024,Watkins Glen,Watkins Glen International,race,621,57,GTD,Russell Ward,russell ward,30,1.0,29,107.46,25.078,40.575,41.807,,GF,6,80.7,92.12,72.0,False,363
imsa,2024,Watkins Glen,Watkins Glen International,race,621,57,GTD,Russell Ward,russell ward,31,1.0,30,107.91,25.204,40.774,41.932,,GF,7,80.7,92.12,72.0,False,363
imsa,2024,Watkins Glen,Watkins Glen International,race,621,57,GTD,Russell Ward,russell ward,32,1.0,31,108.432,25.18,41.118,42.134,,GF,8,80.8,92.3,72.0,False,363
imsa,2024,Watkins Glen,Watkins Glen International,race,621,57,GTD,Russell Ward,russell ward,33,1.0,32,110.013,25.493,41.492,43.028,,GF,9,80.8,92.66,71.0,False,363
imsa,2024,Watkins Glen,Watkins Glen International,race,621,57,GTD,Russell Ward,russell ward,34,1.0,33,108.211,25.193,40.884,42.134,,GF,10,80.9,92.84,71.0,False,363
imsa,2024,Watkins Glen,Watkins Glen International,race,621,57,GTD,Russell Ward,russell ward,35,1.0,34,107.821,25.117,40.598,42.106,,GF,11,81.0,93.2,70.0,False,363
imsa,2024,Watkins Glen,Watkins Glen International,race,621,57,GTD,Russell Ward,russell ward,36,1.0,35,107.562,25.097,40.511,41.954,,GF,12,81.0,93.2,71.0,False,363
imsa,2024,Watkins Glen,Watkins Glen International,race,621,57,GTD,Russell Ward,russell ward,37,1.0,36,108.497,25.148,41.116,42.233,,GF,13,81.2,93.38,71.0,False,363
imsa,2024,Watkins Glen,Watkins Glen International,race,621,57,GTD,Russell Ward,russell ward,38,1.0,37,108.51,25.154,40.552,42.804,,GF,14,81.4,93.2,71.0,False,363
imsa,2024,Watkins Glen,Watkins Glen International,race,621,57,GTD,Russell Ward,russell ward,39,1.0,38,109.307,25.463,41.057,42.787,,GF,15,81.5,93.2,71.0,False,363
imsa,2024,Watkins Glen,Watkins Glen International,race,621,57,GTD,Russell Ward,russell ward,40,1.0,39,109.46,25.243,41.138,43.079,,GF,16,81.6,93.2,70.0,False,363
imsa,2024,Watkins Glen,Watkins Glen International,race,621,57,GTD,Russell Ward,russell ward,41,1.0,40,108.972,25.376,41.034,42.562,,GF,17,81.6,93.38,70.0,False,363
imsa,2024,Watkins Glen,Watkins Glen International,race,621,57,GTD,Russell Ward,russell ward,42,1.0,41,108.455,25.169,41.155,42.131,,GF,18,81.8,93.56,70.0,False,363
imsa,2024,Watkins Glen,Watkins Glen International,race,621,57,GTD,Russell Ward,russell ward,43,1.0,42,108.325,25.145,40.949,42.231,,GF,19,81.8,93.74,69.0,False,363
imsa,2024,Watkins Glen,Watkins Glen International,race,621,57,GTD,Russell Ward,russell ward,44,1.0,43,110.35,25.07,42.449,42.831,,GF,20,81.8,93.92,69.0,False,363
imsa,2024,Watkins Glen,Watkins Glen International,race,621,57,GTD,Russell Ward,russell ward,45,1.0,44,108.148,25.083,40.751,42.314,,GF,21,81.6,93.74,68.0,False,363
imsa,2024,Watkins Glen,Watkins Glen International,race,621,57,GTD,Russell Ward,russell ward,46,1.0,45,108.273,25.099,41.145,42.029,,GF,22,81.6,93.38,68.0,False,363
imsa,2024,Watkins Glen,Watkins Glen International,race,621,57,GTD,Russell Ward,russell ward,47,1.0,46,108.762,25.074,41.616,42.072,,GF,23,81.8,93.2,69.0,False,363
imsa,2024,Watkins Glen,Watkins Glen International,race,621,57,GTD,Russell Ward,russell ward,48,1.0,47,108.348,24.967,40.868,42.513,,GF,24,81.9,92.84,69.0,False,363
imsa,2024,Watkins Glen,Watkins Glen International,race,621,57,GTD,Russell Ward,russell ward,49,1.0,48,108.638,25.123,41.157,42.358,,GF,25,81.8,92.48,68.0,False,363
imsa,2024,Watkins Glen,Watkins Glen International,race,621,57,GTD,Russell Ward,russell ward,50,1.0,49,109.694,25.184,42.129,42.381,,GF,26,81.6,91.94,67.0,False,363
imsa,2024,Watkins Glen,Watkins Glen International,race,621,57,GTD,Russell Ward,russell ward,51,1.0,50,108.676,25.264,40.694,42.718,,GF,27,81.4,91.76,68.0,False,363
imsa,2024,Watkins Glen,Watkins Glen International,race,621,57,GTD,Russell Ward,russell ward,52,1.0,51,107.886,25.17,40.742,41.974,,GF,28,81.3,91.58,68.0,False,363
imsa,2024,Watkins Glen,Watkins Glen International,race,621,57,GTD,Russell Ward,russell ward,53,1.0,52,108.116,24.951,40.787,42.378,,GF,29,81.2,91.4,68.0,False,363
imsa,2024,Watkins Glen,Watkins Glen International,race,621,57,GTD,Russell Ward,russell ward,54,1.0,53,121.449,25.048,40.963,55.438,,GF,30,81.2,91.4,68.0,False,363
imsa,2024,Watkins Glen,Watkins Glen International,race,621,57,GTD,Indy Dontje,indy dontje,55,2.0,0,168.992,82.853,43.269,42.87,73.726,GF,0,81.3,92.12,67.0,False,363
imsa,2024,Watkins Glen,Watkins Glen International,race,621,57,GTD,Indy Dontje,indy dontje,56,2.0,1,109.502,25.519,41.72,42.263,,GF,0,81.4,93.02,67.0,False,363
imsa,2024,Watkins Glen,Watkins Glen International,race,621,57,GTD,Indy Dontje,indy dontje,57,2.0,2,108.196,25.259,40.931,42.006,,GF,1,81.7,93.92,67.0,False,363
imsa,2024,Watkins Glen,Watkins Glen International,race,621,57,GTD,Indy Dontje,indy dontje,58,2.0,3,107.812,25.174,40.613,42.025,,GF,2,82.0,95.36,68.0,False,363
imsa,2024,Watkins Glen,Watkins Glen International,race,621,57,GTD,Indy Dontje,indy dontje,59,2.0,4,108.104,25.137,40.523,42.444,,GF,3,82.4,96.44,67.0,False,363
imsa,2024,Watkins Glen,Watkins Glen International,race,621,57,GTD,Indy Dontje,indy dontje,60,2.0,5,107.874,25.354,40.664,41.856,,GF,4,82.5,96.62,67.0,False,363
imsa,2024,Watkins Glen,Watkins Glen International,race,621,57,GTD,Indy Dontje,indy dontje,61,2.0,6,107.672,25.205,40.555,41.912,,GF,5,82.5,96.62,66.0,False,363
imsa,2024,Watkins Glen,Watkins Glen International,race,621,57,GTD,Indy Dontje,indy dontje,62,2.0,7,108.073,25.27,40.716,42.087,,GF,6,82.7,96.8,66.0,False,363
imsa,2024,Watkins Glen,Watkins Glen International,race,621,57,GTD,Indy Dontje,indy dontje,63,2.0,8,120.813,25.686,45.149,49.978,,FCY,7,82.9,97.16,66.0,False,363
imsa,2024,Watkins Glen,Watkins Glen International,race,621,57,GTD,Indy Dontje,indy dontje,64,2.0,9,158.579,42.48,58.299,57.8,,FCY,7,82.9,97.34,65.0,False,363
imsa,2024,Watkins Glen,Watkins Glen International,race,621,57,GTD,Indy Dontje,indy dontje,65,2.0,10,173.153,38.814,64.417,69.922,,FCY,7,83.0,97.52,66.0,False,363
imsa,2024,Watkins Glen,Watkins Glen International,race,621,57,GTD,Indy Dontje,indy dontje,66,2.0,11,209.266,62.74,76.917,69.609,,FCY,7,82.8,97.34,66.0,False,363
imsa,2024,Watkins Glen,Watkins Glen International,race,621,57,GTD,Indy Dontje,indy dontje,67,2.0,12,174.025,31.285,63.596,79.144,,FCY,7,82.7,96.62,64.0,False,363
imsa,2024,Watkins Glen,Watkins Glen International,race,621,57,GTD,Indy Dontje,indy dontje,68,2.0,13,190.356,62.585,59.887,67.884,48.702,FCY,0,82.6,95.9,65.0,False,363
imsa,2024,Watkins Glen,Watkins Glen International,race,621,57,GTD,Indy Dontje,indy dontje,69,2.0,14,205.315,60.287,76.875,68.153,,FCY,0,82.5,95.72,64.0,False,363
imsa,2024,Watkins Glen,Watkins Glen International,race,621,57,GTD,Indy Dontje,indy dontje,70,2.0,15,157.263,40.847,62.244,54.172,,GF,0,82.5,95.9,64.0,False,363
imsa,2024,Watkins Glen,Watkins Glen International,race,621,57,GTD,Indy Dontje,indy dontje,71,2.0,16,113.351,26.196,43.759,43.396,,GF,1,82.6,96.08,64.0,False,363
imsa,2024,Watkins Glen,Watkins Glen International,race,621,57,GTD,Indy Dontje,indy dontje,72,2.0,17,110.019,25.481,41.897,42.641,,GF,2,82.6,96.08,65.0,False,363
imsa,2024,Watkins Glen,Watkins Glen International,race,621,57,GTD,Indy Dontje,indy dontje,73,2.0,18,109.394,25.155,41.411,42.828,,GF,3,82.6,96.08,65.0,False,363
imsa,2024,Watkins Glen,Watkins Glen International,race,621,57,GTD,Indy Dontje,indy dontje,74,2.0,19,108.18,25.266,40.679,42.235,,GF,4,82.7,95.54,65.0,False,363
imsa,2024,Watkins Glen,Watkins Glen International,race,621,57,GTD,Indy Dontje,indy dontje,75,2.0,20,108.234,25.176,40.811,42.247,,GF,5,82.6,95.18,65.0,False,363
imsa,2024,Watkins Glen,Watkins Glen International,race,621,57,GTD,Indy Dontje,indy dontje,76,2.0,21,112.64,25.127,42.262,45.251,,GF,6,82.5,94.28,67.0,False,363
imsa,2024,Watkins Glen,Watkins Glen International,race,621,57,GTD,Indy Dontje,indy dontje,77,2.0,22,111.896,25.409,43.089,43.398,,GF,7,82.5,94.1,67.0,False,363
imsa,2024,Watkins Glen,Watkins Glen International,race,621,57,GTD,Indy Dontje,indy dontje,78,2.0,23,110.159,25.241,41.551,43.367,,GF,8,82.3,93.74,66.0,False,363
imsa,2024,Watkins Glen,Watkins Glen International,race,621,57,GTD,Indy Dontje,indy dontje,79,2.0,24,110.167,25.455,42.115,42.597,,GF,9,82.0,93.02,66.0,False,363
imsa,2024,Watkins Glen,Watkins Glen International,race,621,57,GTD,Indy Dontje,indy dontje,80,2.0,25,113.089,26.067,44.083,42.939,,GF,10,81.0,92.48,67.0,False,363
imsa,2024,Watkins Glen,Watkins Glen International,race,621,57,GTD,Indy Dontje,indy dontje,81,2.0,26,109.166,25.751,41.209,42.206,,GF,11,80.7,91.94,68.0,False,363
imsa,2024,Watkins Glen,Watkins Glen International,race,621,57,GTD,Indy Dontje,indy dontje,82,2.0,27,109.841,25.311,41.246,43.284,,GF,12,79.9,91.76,69.0,False,363
imsa,2024,Watkins Glen,Watkins Glen International,race,621,57,GTD,Indy Dontje,indy dontje,83,2.0,28,118.876,28.253,42.83,47.793,,FCY,13,79.3,89.06,73.0,False,363
imsa,2024,Watkins Glen,Watkins Glen International,race,621,57,GTD,Indy Dontje,indy dontje,84,2.0,29,152.252,35.778,53.111,63.363,,FCY,13,78.4,87.62,73.0,False,363
imsa,2024,Watkins Glen,Watkins Glen International,race,621,57,GTD,Indy Dontje,indy dontje,85,2.0,30,135.67,31.428,45.786,58.456,,FCY,13,77.5,85.82,75.0,False,363
imsa,2024,Watkins Glen,Watkins Glen International,race,621,57,GTD,Indy Dontje,indy dontje,86,2.0,31,176.247,29.37,49.273,97.604,,FCY,13,77.1,85.64,76.0,False,363
imsa,2024,Watkins Glen,Watkins Glen International,race,621,57,GTD,Indy Dontje,indy dontje,87,2.0,32,200.546,31.815,75.331,93.4,,FCY,13,76.7,84.02,76.0,False,363
imsa,2024,Watkins Glen,Watkins Glen International,race,621,57,GTD,Indy Dontje,indy dontje,88,2.0,33,185.635,31.996,62.045,91.594,,FCY,13,76.4,82.76,77.0,False,363
imsa,2024,Watkins Glen,Watkins Glen International,race,621,57,GTD,Indy Dontje,indy dontje,89,2.0,34,176.643,31.979,64.443,80.221,,FCY,13,76.1,82.4,77.0,False,363
imsa,2024,Watkins Glen,Watkins Glen International,race,621,57,GTD,Indy Dontje,indy dontje,90,2.0,35,210.501,49.042,78.874,82.585,,FCY,13,76.0,82.4,77.0,False,363
imsa,2024,Watkins Glen,Watkins Glen International,race,621,57,GTD,Indy Dontje,indy dontje,91,2.0,36,189.302,53.033,75.031,61.238,,GF,13,76.0,82.04,77.0,False,363
imsa,2024,Watkins Glen,Watkins Glen International,race,621,57,GTD,Indy Dontje,indy dontje,92,2.0,37,110.232,26.343,41.668,42.221,,GF,14,76.0,81.68,78.0,False,363
imsa,2024,Watkins Glen,Watkins Glen International,race,621,57,GTD,Indy Dontje,indy dontje,93,2.0,38,108.206,25.804,40.518,41.884,,GF,15,76.0,81.5,78.0,False,363
imsa,2024,Watkins Glen,Watkins Glen International,race,621,57,GTD,Indy Dontje,indy dontje,94,2.0,39,107.568,25.332,40.292,41.944,,GF,16,76.0,81.32,77.0,False,363
imsa,2024,Watkins Glen,Watkins Glen International,race,621,57,GTD,Indy Dontje,indy dontje,95,2.0,40,110.167,25.319,41.193,43.655,,GF,17,76.1,80.78,78.0,False,363
imsa,2024,Watkins Glen,Watkins Glen International,race,621,57,GTD,Indy Dontje,indy dontje,96,2.0,41,142.957,30.221,51.243,61.493,,FCY,18,76.0,80.42,78.0,False,363
imsa,2024,Watkins Glen,Watkins Glen International,race,621,57,GTD,Indy Dontje,indy dontje,97,2.0,42,185.823,38.928,62.837,84.058,,FCY,18,75.7,80.06,78.0,False,363
imsa,2024,Watkins Glen,Watkins Glen International,race,621,57,GTD,Indy Dontje,indy dontje,98,2.0,43,208.212,45.305,76.827,86.08,,FCY,18,75.5,80.06,79.0,False,363
imsa,2024,Watkins Glen,Watkins Glen International,race,621,57,GTD,Indy Dontje,indy dontje,99,2.0,44,211.421,50.734,77.253,83.434,,FCY,18,75.4,79.7,80.0,False,363
imsa,2024,Watkins Glen,Watkins Glen International,race,621,57,GTD,Indy Dontje,indy dontje,100,2.0,45,191.887,51.096,78.67,62.121,,GF,18,75.6,79.7,78.0,False,363
imsa,2024,Watkins Glen,Watkins Glen International,race,621,57,GTD,Indy Dontje,indy dontje,101,2.0,46,112.677,28.774,41.577,42.326,,GF,19,75.7,79.7,78.0,False,363
imsa,2024,Watkins Glen,Watkins Glen International,race,621,57,GTD,Indy Dontje,indy dontje,102,2.0,47,109.754,27.149,40.626,41.979,,GF,20,75.9,79.7,78.0,False,363
imsa,2024,Watkins Glen,Watkins Glen International,race,621,57,GTD,Indy Dontje,indy dontje,103,2.0,48,109.9,27.403,40.707,41.79,,GF,21,76.2,80.06,77.0,False,363
imsa,2024,Watkins Glen,Watkins Glen International,race,621,57,GTD,Indy Dontje,indy dontje,104,2.0,49,107.483,25.47,40.257,41.756,,GF,22,76.5,80.6,76.0,False,363
imsa,2024,Watkins Glen,Watkins Glen International,race,621,57,GTD,Indy Dontje,indy dontje,105,2.0,50,119.701,25.136,40.259,54.306,,GF,23,76.7,80.96,76.0,False,363
imsa,2024,Watkins Glen,Watkins Glen International,race,621,57,GTD,Philip Ellis,philip ellis,106,3.0,0,174.295,87.536,43.662,43.097,76.532,GF,0,77.0,81.68,75.0,False,363
imsa,2024,Watkins Glen,Watkins Glen International,race,621,57,GTD,Philip Ellis,philip ellis,107,3.0,1,109.322,25.549,41.508,42.265,,GF,0,77.0,82.4,75.0,False,363
imsa,2024,Watkins Glen,Watkins Glen International,race,621,57,GTD,Philip Ellis,philip ellis,108,3.0,2,108.355,25.239,40.909,42.207,,GF,1,77.4,82.94,75.0,False,363
imsa,2024,Watkins Glen,Watkins Glen International,race,621,57,GTD,Philip Ellis,philip ellis,109,3.0,3,108.27,25.143,41.079,42.048,,GF,2,77.5,82.58,74.0,False,363
imsa,2024,Watkins Glen,Watkins Glen International,race,621,57,GTD,Philip Ellis,philip ellis,110,3.0,4,109.345,25.242,41.202,42.901,,GF,3,77.3,82.58,74.0,False,363
imsa,2024,Watkins Glen,Watkins Glen International,race,621,57,GTD,Philip Ellis,philip ellis,111,3.0,5,108.584,25.299,40.968,42.317,,GF,4,77.3,82.76,75.0,False,363
imsa,2024,Watkins Glen,Watkins Glen International,race,621,57,GTD,Philip Ellis,philip ellis,112,3.0,6,110.201,25.301,42.476,42.424,,GF,5,77.2,82.94,74.0,False,363
imsa,2024,Watkins Glen,Watkins Glen International,race,621,57,GTD,Philip Ellis,philip ellis,113,3.0,7,108.482,25.217,40.711,42.554,,GF,6,77.1,82.94,75.0,False,363
imsa,2024,Watkins Glen,Watkins Glen International,race,621,57,GTD,Philip Ellis,philip ellis,114,3.0,8,107.806,25.391,40.654,41.761,,GF,7,77.0,82.94,75.0,False,363
imsa,2024,Watkins Glen,Watkins Glen International,race,621,57,GTD,Philip Ellis,philip ellis,115,3.0,9,107.683,25.044,40.767,41.872,,GF,8,76.9,82.94,75.0,False,363
imsa,2024,Watkins Glen,Watkins Glen International,race,621,57,GTD,Philip Ellis,philip ellis,116,3.0,10,107.347,25.094,40.309,41.944,,GF,9,76.8,82.94,75.0,False,363
imsa,2024,Watkins Glen,Watkins Glen International,race,621,57,GTD,Philip Ellis,philip ellis,117,3.0,11,109.167,25.11,40.444,43.613,,GF,10,76.5,82.58,76.0,False,363
imsa,2024,Watkins Glen,Watkins Glen International,race,621,57,GTD,Philip Ellis,philip ellis,118,3.0,12,220.389,32.774,66.381,121.234,,FCY,11,75.3,78.26,79.0,False,363
imsa,2024,Watkins Glen,Watkins Glen International,race,621,57,GTD,Philip Ellis,philip ellis,119,3.0,13,309.485,83.93,112.217,113.338,,FCY,11,73.5,78.62,82.0,False,363
imsa,2024,Watkins Glen,Watkins Glen International,race,621,57,GTD,Philip Ellis,philip ellis,120,3.0,14,274.881,73.333,100.836,100.712,,FCY,11,72.8,78.26,84.0,False,363
imsa,2024,Watkins Glen,Watkins Glen International,race,621,57,GTD,Philip Ellis,philip ellis,121,3.0,15,299.508,72.461,103.481,123.566,,FCY,11,72.5,76.64,85.0,False,363
imsa,2024,Watkins Glen,Watkins Glen International,race,621,57,GTD,Philip Ellis,philip ellis,122,3.0,16,368.241,86.067,132.17,150.004,,FCY,11,72.0,74.84,86.0,False,363
imsa,2024,Watkins Glen,Watkins Glen International,race,621,57,GTD,Philip Ellis,philip ellis,123,3.0,17,2829.269,2693.769,65.394,70.106,2054.923,FCY,0,75.8,83.84,82.0,False,363
imsa,2024,Watkins Glen,Watkins Glen International,race,621,57,GTD,Philip Ellis,philip ellis,124,3.0,18,141.531,35.759,50.984,54.788,,FCY,0,76.0,84.56,81.0,False,363
imsa,2024,Watkins Glen,Watkins Glen International,race,621,57,GTD,Philip Ellis,philip ellis,125,3.0,19,167.544,33.331,65.866,68.347,,FCY,0,76.2,85.46,81.0,False,363
imsa,2024,Watkins Glen,Watkins Glen International,race,621,57,GTD,Philip Ellis,philip ellis,126,3.0,20,216.899,49.608,82.309,84.982,,FCY,0,76.6,87.08,80.0,False,363
imsa,2024,Watkins Glen,Watkins Glen International,race,621,57,GTD,Philip Ellis,philip ellis,127,3.0,21,209.114,61.23,71.467,76.417,,FCY,0,77.2,88.52,80.0,False,363
imsa,2024,Watkins Glen,Watkins Glen International,race,621,57,GTD,Philip Ellis,philip ellis,128,3.0,22,204.568,57.139,77.02,70.409,,FCY,0,77.3,88.16,79.0,False,363
imsa,2024,Watkins Glen,Watkins Glen International,race,621,57,GTD,Philip Ellis,philip ellis,129,3.0,23,194.968,58.937,79.54,56.491,,GF,0,77.2,88.52,79.0,False,363
imsa,2024,Watkins Glen,Watkins Glen International,race,621,57,GTD,Philip Ellis,philip ellis,130,3.0,24,108.594,25.223,41.278,42.093,,GF,1,77.0,87.98,78.0,False,363
imsa,2024,Watkins Glen,Watkins Glen International,race,621,57,GTD,Philip Ellis,philip ellis,131,3.0,25,108.429,25.16,40.719,42.55,,GF,2,77.0,88.34,79.0,False,363
imsa,2024,Watkins Glen,Watkins Glen International,race,621,57,GTD,Philip Ellis,philip ellis,132,3.0,26,107.664,25.141,40.611,41.912,,GF,3,77.0,87.98,79.0,False,363
imsa,2024,Watkins Glen,Watkins Glen International,race,621,57,GTD,Philip Ellis,philip ellis,133,3.0,27,109.044,25.436,41.68,41.928,,GF,4,77.0,87.62,79.0,False,363
imsa,2024,Watkins Glen,Watkins Glen International,race,621,57,GTD,Philip Ellis,philip ellis,134,3.0,28,107.607,24.986,40.651,41.97,,GF,5,76.8,87.08,79.0,False,363
imsa,2024,Watkins Glen,Watkins Glen International,race,621,57,GTD,Philip Ellis,philip ellis,135,3.0,29,107.501,25.075,40.693,41.733,,GF,6,76.7,86.72,79.0,False,363
imsa,2024,Watkins Glen,Watkins Glen International,race,621,57,GTD,Philip Ellis,philip ellis,136,3.0,30,107.449,25.028,40.271,42.15,,GF,7,76.6,86.72,79.0,False,363
imsa,2024,Watkins Glen,Watkins Glen International,race,621,57,GTD,Philip Ellis,philip ellis,137,3.0,31,106.976,25.022,40.208,41.746,,GF,8,76.5,86.18,79.0,False,363
imsa,2024,Watkins Glen,Watkins Glen International,race,621,57,GTD,Philip Ellis,philip ellis,138,3.0,32,107.881,25.014,40.83,42.037,,GF,9,76.5,86.0,80.0,False,363
imsa,2024,Watkins Glen,Watkins Glen International,race,621,57,GTD,Philip Ellis,philip ellis,139,3.0,33,108.829,25.113,41.012,42.704,,FF,10,76.5,86.0,80.0,False,363
imsa,2024,Watkins Glen,Watkins Glen International,race,621,66,GTD,Sheena Monk,sheena monk,1,1.0,0,154.972,67.279,44.141,43.552,,GF,0,79.9,88.7,72.0,False,363
imsa,2024,Watkins Glen,Watkins Glen International,race,621,66,GTD,Sheena Monk,sheena monk,2,1.0,1,111.8,25.932,42.841,43.027,,GF,0,80.0,88.52,72.0,False,363
imsa,2024,Watkins Glen,Watkins Glen International,race,621,66,GTD,Sheena Monk,sheena monk,3,1.0,2,128.349,25.307,43.672,59.37,,FCY,1,80.0,88.7,72.0,False,363
imsa,2024,Watkins Glen,Watkins Glen International,race,621,66,GTD,Sheena Monk,sheena monk,4,1.0,3,146.021,37.705,54.814,53.502,,FCY,1,80.0,88.88,72.0,False,363
imsa,2024,Watkins Glen,Watkins Glen International,race,621,66,GTD,Sheena Monk,sheena monk,5,1.0,4,150.834,28.749,52.415,69.67,,FCY,1,80.1,89.06,73.0,False,363
imsa,2024,Watkins Glen,Watkins Glen International,race,621,66,GTD,Sheena Monk,sheena monk,6,1.0,5,185.034,69.092,68.249,47.693,,GF,1,80.2,89.78,72.0,False,363
imsa,2024,Watkins Glen,Watkins Glen International,race,621,66,GTD,Sheena Monk,sheena monk,7,1.0,6,110.049,25.252,42.047,42.75,,GF,2,80.3,90.5,72.0,False,363
imsa,2024,Watkins Glen,Watkins Glen International,race,621,66,GTD,Sheena Monk,sheena monk,8,1.0,7,111.356,25.303,42.775,43.278,,GF,3,80.3,90.68,72.0,False,363
imsa,2024,Watkins Glen,Watkins Glen International,race,621,66,GTD,Sheena Monk,sheena monk,9,1.0,8,111.077,25.36,42.445,43.272,,GF,4,80.3,91.4,72.0,False,363
imsa,2024,Watkins Glen,Watkins Glen International,race,621,66,GTD,Sheena Monk,sheena monk,10,1.0,9,110.767,25.466,42.183,43.118,,GF,5,80.5,91.94,72.0,False,363
imsa,2024,Watkins Glen,Watkins Glen International,race,621,66,GTD,Sheena Monk,sheena monk,11,1.0,10,112.661,25.427,43.029,44.205,,GF,6,80.7,93.02,72.0,False,363
imsa,2024,Watkins Glen,Watkins Glen International,race,621,66,GTD,Sheena Monk,sheena monk,12,1.0,11,111.288,25.901,42.248,43.139,,GF,7,81.1,93.92,72.0,False,363
imsa,2024,Watkins Glen,Watkins Glen International,race,621,66,GTD,Sheena Monk,sheena monk,13,1.0,12,112.173,25.428,42.487,44.258,,GF,8,81.2,93.74,71.0,False,363
imsa,2024,Watkins Glen,Watkins Glen International,race,621,66,GTD,Sheena Monk,sheena monk,14,1.0,13,112.055,25.998,42.25,43.807,,GF,9,81.4,93.92,71.0,False,363
imsa,2024,Watkins Glen,Watkins Glen International,race,621,66,GTD,Sheena Monk,sheena monk,15,1.0,14,111.824,25.675,42.819,43.33,,GF,10,81.5,94.1,71.0,False,363
imsa,2024,Watkins Glen,Watkins Glen International,race,621,66,GTD,Sheena Monk,sheena monk,16,1.0,15,120.528,25.445,42.648,52.435,,FCY,11,81.4,94.1,71.0,False,363
imsa,2024,Watkins Glen,Watkins Glen International,race,621,66,GTD,Sheena Monk,sheena monk,17,1.0,16,131.612,29.738,50.731,51.143,,FCY,11,81.3,94.1,71.0,False,363
imsa,2024,Watkins Glen,Watkins Glen International,race,621,66,GTD,Sheena Monk,sheena monk,18,1.0,17,181.312,27.814,76.153,77.345,,FCY,11,81.3,94.28,71.0,False,363
imsa,2024,Watkins Glen,Watkins Glen International,race,621,66,GTD,Sheena Monk,sheena monk,19,1.0,18,199.944,54.591,73.332,72.021,,FCY,11,81.3,94.1,71.0,False,363
imsa,2024,Watkins Glen,Watkins Glen International,race,621,66,GTD,Sheena Monk,sheena monk,20,1.0,19,188.612,30.847,52.164,105.601,,FCY,11,81.2,93.92,71.0,False,363
imsa,2024,Watkins Glen,Watkins Glen International,race,621,66,GTD,Sheena Monk,sheena monk,21,1.0,20,158.077,42.541,57.389,58.147,62.358,FCY,0,81.3,93.74,71.0,False,363
imsa,2024,Watkins Glen,Watkins Glen International,race,621,66,GTD,Sheena Monk,sheena monk,22,1.0,21,195.711,44.349,79.553,71.809,,FCY,0,81.2,93.2,71.0,False,363
imsa,2024,Watkins Glen,Watkins Glen International,race,621,66,GTD,Sheena Monk,sheena monk,23,1.0,22,216.18,62.421,72.61,81.149,,FCY,0,81.0,92.84,71.0,False,363
imsa,2024,Watkins Glen,Watkins Glen International,race,621,66,GTD,Sheena Monk,sheena monk,24,1.0,23,174.225,63.219,64.394,46.612,,GF,0,80.8,92.48,72.0,False,363
imsa,2024,Watkins Glen,Watkins Glen International,race,621,66,GTD,Sheena Monk,sheena monk,25,1.0,24,110.975,25.351,42.488,43.136,,GF,1,80.8,92.3,72.0,False,363
imsa,2024,Watkins Glen,Watkins Glen International,race,621,66,GTD,Sheena Monk,sheena monk,26,1.0,25,111.566,25.254,43.252,43.06,,GF,2,80.8,92.3,72.0,False,363
imsa,2024,Watkins Glen,Watkins Glen International,race,621,66,GTD,Sheena Monk,sheena monk,27,1.0,26,110.405,25.237,41.952,43.216,,GF,3,80.8,92.3,72.0,False,363
imsa,2024,Watkins Glen,Watkins Glen International,race,621,66,GTD,Sheena Monk,sheena monk,28,1.0,27,110.531,25.277,41.934,43.32,,GF,4,80.8,92.48,71.0,False,363
imsa,2024,Watkins Glen,Watkins Glen International,race,621,66,GTD,Sheena Monk,sheena monk,29,1.0,28,112.448,25.348,42.45,44.65,,GF,5,80.7,92.12,71.0,False,363
imsa,2024,Watkins Glen,Watkins Glen International,race,621,66,GTD,Sheena Monk,sheena monk,30,1.0,29,112.129,25.589,43.042,43.498,,GF,6,80.7,92.12,72.0,False,363
imsa,2024,Watkins Glen,Watkins Glen International,race,621,66,GTD,Sheena Monk,sheena monk,31,1.0,30,111.823,25.57,42.595,43.658,,GF,7,80.7,92.12,72.0,False,363
imsa,2024,Watkins Glen,Watkins Glen International,race,621,66,GTD,Sheena Monk,sheena monk,32,1.0,31,112.685,26.047,43.133,43.505,,GF,8,80.8,92.3,72.0,False,363
imsa,2024,Watkins Glen,Watkins Glen International,race,621,66,GTD,Sheena Monk,sheena monk,33,1.0,32,111.995,25.415,42.886,43.694,,GF,9,80.9,92.66,71.0,False,363
imsa,2024,Watkins Glen,Watkins Glen International,race,621,66,GTD,Sheena Monk,sheena monk,34,1.0,33,110.705,25.352,42.244,43.109,,GF,10,81.0,93.2,72.0,False,363
imsa,2024,Watkins Glen,Watkins Glen International,race,621,66,GTD,Sheena Monk,sheena monk,35,1.0,34,111.228,25.508,42.245,43.475,,GF,11,81.0,93.2,70.0,False,363
imsa,2024,Watkins Glen,Watkins Glen International,race,621,66,GTD,Sheena Monk,sheena monk,36,1.0,35,112.097,25.476,43.139,43.482,,GF,12,81.1,93.38,71.0,False,363
imsa,2024,Watkins Glen,Watkins Glen International,race,621,66,GTD,Sheena Monk,sheena monk,37,1.0,36,110.897,25.183,42.01,43.704,,GF,13,81.3,93.38,71.0,False,363
imsa,2024,Watkins Glen,Watkins Glen International,race,621,66,GTD,Sheena Monk,sheena monk,38,1.0,37,110.738,25.408,42.105,43.225,,GF,14,81.4,93.2,71.0,False,363
imsa,2024,Watkins Glen,Watkins Glen International,race,621,66,GTD,Sheena Monk,sheena monk,39,1.0,38,110.206,25.337,41.865,43.004,,GF,15,81.6,93.2,70.0,False,363
imsa,2024,Watkins Glen,Watkins Glen International,race,621,66,GTD,Sheena Monk,sheena monk,40,1.0,39,110.468,25.422,41.747,43.299,,GF,16,81.6,93.2,70.0,False,363
imsa,2024,Watkins Glen,Watkins Glen International,race,621,66,GTD,Sheena Monk,sheena monk,41,1.0,40,109.672,25.144,41.582,42.946,,GF,17,81.7,93.56,70.0,False,363
imsa,2024,Watkins Glen,Watkins Glen International,race,621,66,GTD,Sheena Monk,sheena monk,42,1.0,41,109.645,25.203,41.405,43.037,,GF,18,81.7,93.74,70.0,False,363
imsa,2024,Watkins Glen,Watkins Glen International,race,621,66,GTD,Sheena Monk,sheena monk,43,1.0,42,109.742,25.092,41.957,42.693,,GF,19,81.8,93.92,69.0,False,363
imsa,2024,Watkins Glen,Watkins Glen International,race,621,66,GTD,Sheena Monk,sheena monk,44,1.0,43,110.011,25.043,41.947,43.021,,GF,20,81.7,93.74,69.0,False,363
imsa,2024,Watkins Glen,Watkins Glen International,race,621,66,GTD,Sheena Monk,sheena monk,45,1.0,44,109.975,25.173,42.077,42.725,,GF,21,81.7,93.56,68.0,False,363
imsa,2024,Watkins Glen,Watkins Glen International,race,621,66,GTD,Sheena Monk,sheena monk,46,1.0,45,109.982,25.307,41.725,42.95,,GF,22,81.7,93.2,68.0,False,363
imsa,2024,Watkins Glen,Watkins Glen International,race,621,66,GTD,Sheena Monk,sheena monk,47,1.0,46,109.912,25.079,41.543,43.29,,GF,23,81.9,92.84,69.0,False,363
imsa,2024,Watkins Glen,Watkins Glen International,race,621,66,GTD,Sheena Monk,sheena monk,48,1.0,47,109.914,25.242,41.416,43.256,,GF,24,81.8,92.66,68.0,False,363
imsa,2024,Watkins Glen,Watkins Glen International,race,621,66,GTD,Sheena Monk,sheena monk,49,1.0,48,109.211,25.094,41.357,42.76,,GF,25,81.8,92.3,68.0,False,363
imsa,2024,Watkins Glen,Watkins Glen International,race,621,66,GTD,Sheena Monk,sheena monk,50,1.0,49,111.139,25.308,42.503,43.328,,GF,26,81.5,91.76,67.0,False,363
imsa,2024,Watkins Glen,Watkins Glen International,race,621,66,GTD,Sheena Monk,sheena monk,51,1.0,50,112.648,27.196,42.034,43.418,,GF,27,81.3,91.58,68.0,False,363
imsa,2024,Watkins Glen,Watkins Glen International,race,621,66,GTD,Sheena Monk,sheena monk,52,1.0,51,110.915,25.182,42.297,43.436,,GF,28,81.2,91.4,68.0,False,363
imsa,2024,Watkins Glen,Watkins Glen International,race,621,66,GTD,Sheena Monk,sheena monk,53,1.0,52,111.528,26.114,42.401,43.013,,GF,29,81.2,91.4,68.0,False,363
imsa,2024,Watkins Glen,Watkins Glen International,race,621,66,GTD,Sheena Monk,sheena monk,54,1.0,53,110.219,25.049,42.123,43.047,,GF,30,81.2,91.58,67.0,False,363
imsa,2024,Watkins Glen,Watkins Glen International,race,621,66,GTD,Sheena Monk,sheena monk,55,1.0,54,111.278,25.159,42.4,43.719,,GF,31,81.3,92.12,67.0,False,363
imsa,2024,Watkins Glen,Watkins Glen International,race,621,66,GTD,Sheena Monk,sheena monk,56,1.0,55,172.213,25.353,42.397,104.463,,GF,32,81.7,93.92,67.0,False,363
imsa,2024,Watkins Glen,Watkins Glen International,race,621,66,GTD,Tati Calderon,tati calderon,57,2.0,0,127.103,39.431,44.602,43.07,77.563,GF,0,82.0,95.36,68.0,False,363
imsa,2024,Watkins Glen,Watkins Glen International,race,621,66,GTD,Tati Calderon,tati calderon,58,2.0,1,108.934,25.274,41.397,42.263,,GF,0,82.2,96.26,67.0,False,363
imsa,2024,Watkins Glen,Watkins Glen International,race,621,66,GTD,Tati Calderon,tati calderon,59,2.0,2,109.16,25.328,41.425,42.407,,GF,1,82.5,96.62,67.0,False,363
imsa,2024,Watkins Glen,Watkins Glen International,race,621,66,GTD,Tati Calderon,tati calderon,60,2.0,3,108.987,25.27,41.489,42.228,,GF,2,82.5,96.62,66.0,False,363
imsa,2024,Watkins Glen,Watkins Glen International,race,621,66,GTD,Tati Calderon,tati calderon,61,2.0,4,108.006,25.184,40.857,41.965,,GF,3,82.7,96.8,66.0,False,363
imsa,2024,Watkins Glen,Watkins Glen International,race,621,66,GTD,Tati Calderon,tati calderon,62,2.0,5,122.513,25.078,42.896,54.539,,FCY,4,82.9,97.16,66.0,False,363
imsa,2024,Watkins Glen,Watkins Glen International,race,621,66,GTD,Tati Calderon,tati calderon,63,2.0,6,158.098,43.863,57.951,56.284,,FCY,4,82.9,97.34,65.0,False,363
imsa,2024,Watkins Glen,Watkins Glen International,race,621,66,GTD,Tati Calderon,tati calderon,64,2.0,7,168.96,37.473,68.824,62.663,,FCY,4,83.0,97.52,66.0,False,363
imsa,2024,Watkins Glen,Watkins Glen International,race,621,66,GTD,Tati Calderon,tati calderon,65,2.0,8,120.275,32.531,43.745,43.999,,FCY,4,82.9,97.34,65.0,False,363
imsa,2024,Watkins Glen,Watkins Glen International,race,621,66,GTD,Tati Calderon,tati calderon,66,2.0,9,135.399,26.79,45.604,63.005,,FCY,4,82.7,97.16,64.0,False,363
imsa,2024,Watkins Glen,Watkins Glen International,race,621,66,GTD,Tati Calderon,tati calderon,67,2.0,10,178.836,30.854,59.571,88.411,,FCY,4,82.7,96.44,64.0,False,363
imsa,2024,Watkins Glen,Watkins Glen International,race,621,66,GTD,Tati Calderon,tati calderon,68,2.0,11,160.287,39.64,53.751,66.896,45.971,FCY,0,82.6,95.9,65.0,False,363
imsa,2024,Watkins Glen,Watkins Glen International,race,621,66,GTD,Tati Calderon,tati calderon,69,2.0,12,203.428,59.64,76.126,67.662,,FCY,0,82.5,95.72,64.0,False,363
imsa,2024,Watkins Glen,Watkins Glen International,race,621,66,GTD,Tati Calderon,tati calderon,70,2.0,13,154.331,41.075,61.58,51.676,,GF,0,82.5,95.9,64.0,False,363
imsa,2024,Watkins Glen,Watkins Glen International,race,621,66,GTD,Tati Calderon,tati calderon,71,2.0,14,112.136,25.932,42.954,43.25,,GF,1,82.6,96.08,64.0,False,363
imsa,2024,Watkins Glen,Watkins Glen International,race,621,66,GTD,Tati Calderon,tati calderon,72,2.0,15,110.329,26.038,41.736,42.555,,GF,2,82.6,96.08,65.0,False,363
imsa,2024,Watkins Glen,Watkins Glen International,race,621,66,GTD,Tati Calderon,tati calderon,73,2.0,16,108.549,25.141,41.174,42.234,,GF,3,82.6,96.08,65.0,False,363
imsa,2024,Watkins Glen,Watkins Glen International,race,621,66,GTD,Tati Calderon,tati calderon,74,2.0,17,108.373,25.129,41.105,42.139,,GF,4,82.7,95.54,65.0,False,363
imsa,2024,Watkins Glen,Watkins Glen International,race,621,66,GTD,Tati Calderon,tati calderon,75,2.0,18,108.135,25.094,41.029,42.012,,GF,5,82.6,95.18,65.0,False,363
imsa,2024,Watkins Glen,Watkins Glen International,race,621,66,GTD,Tati Calderon,tati calderon,76,2.0,19,113.264,25.179,42.49,45.595,,GF,6,82.5,94.28,67.0,False,363
imsa,2024,Watkins Glen,Watkins Glen International,race,621,66,GTD,Tati Calderon,tati calderon,77,2.0,20,111.245,25.651,43.212,42.382,,GF,7,82.5,94.1,67.0,False,363
imsa,2024,Watkins Glen,Watkins Glen International,race,621,66,GTD,Tati Calderon,tati calderon,78,2.0,21,111.426,25.488,41.564,44.374,,GF,8,82.3,93.74,66.0,False,363
imsa,2024,Watkins Glen,Watkins Glen International,race,621,66,GTD,Tati Calderon,tati calderon,79,2.0,22,109.805,25.269,42.009,42.527,,GF,9,82.0,93.02,66.0,False,363
imsa,2024,Watkins Glen,Watkins Glen International,race,621,66,GTD,Tati Calderon,tati calderon,80,2.0,23,114.296,26.251,44.298,43.747,,GF,10,81.0,92.48,67.0,False,363
imsa,2024,Watkins Glen,Watkins Glen International,race,621,66,GTD,Tati Calderon,tati calderon,81,2.0,24,110.062,26.042,41.989,42.031,,GF,11,80.7,91.94,68.0,False,363
imsa,2024,Watkins Glen,Watkins Glen International,race,621,66,GTD,Tati Calderon,tati calderon,82,2.0,25,110.808,25.244,42.217,43.347,,GF,12,79.9,91.76,69.0,False,363
imsa,2024,Watkins Glen,Watkins Glen International,race,621,66,GTD,Tati Calderon,tati calderon,83,2.0,26,125.076,29.019,44.213,51.844,,FCY,13,79.3,89.06,73.0,False,363
imsa,2024,Watkins Glen,Watkins Glen International,race,621,66,GTD,Tati Calderon,tati calderon,84,2.0,27,148.431,33.85,51.194,63.387,,FCY,13,78.1,86.9,74.0,False,363
imsa,2024,Watkins Glen,Watkins Glen International,race,621,66,GTD,Tati Calderon,tati calderon,85,2.0,28,135.648,31.686,46.711,57.251,,FCY,13,77.5,85.82,75.0,False,363
imsa,2024,Watkins Glen,Watkins Glen International,race,621,66,GTD,Tati Calderon,tati calderon,86,2.0,29,176.312,30.087,48.095,98.13,,FCY,13,77.0,85.46,76.0,False,363
imsa,2024,Watkins Glen,Watkins Glen International,race,621,66,GTD,Tati Calderon,tati calderon,87,2.0,30,200.004,31.103,73.677,95.224,,FCY,13,76.7,84.02,76.0,False,363
imsa,2024,Watkins Glen,Watkins Glen International,race,621,66,GTD,Tati Calderon,tati calderon,88,2.0,31,186.778,31.004,60.433,95.341,,FCY,13,76.4,82.76,77.0,False,363
imsa,2024,Watkins Glen,Watkins Glen International,race,621,66,GTD,Tati Calderon,tati calderon,89,2.0,32,173.283,32.857,60.012,80.414,,FCY,13,76.1,82.4,77.0,False,363
imsa,2024,Watkins Glen,Watkins Glen International,race,621,66,GTD,Tati Calderon,tati calderon,90,2.0,33,209.011,48.663,78.032,82.316,,FCY,13,76.0,82.4,77.0,False,363
imsa,2024,Watkins Glen,Watkins Glen International,race,621,66,GTD,Tati Calderon,tati calderon,91,2.0,34,189.072,53.361,74.74,60.971,,GF,13,76.0,82.04,77.0,False,363
imsa,2024,Watkins Glen,Watkins Glen International,race,621,66,GTD,Tati Calderon,tati calderon,92,2.0,35,111.208,26.769,42.082,42.357,,GF,14,76.0,81.68,78.0,False,363
imsa,2024,Watkins Glen,Watkins Glen International,race,621,66,GTD,Tati Calderon,tati calderon,93,2.0,36,111.232,25.616,41.908,43.708,,GF,15,76.0,81.5,78.0,False,363
imsa,2024,Watkins Glen,Watkins Glen International,race,621,66,GTD,Tati Calderon,tati calderon,94,2.0,37,110.76,25.708,42.085,42.967,,GF,16,76.0,81.32,77.0,False,363
imsa,2024,Watkins Glen,Watkins Glen International,race,621,66,GTD,Tati Calderon,tati calderon,95,2.0,38,112.818,25.588,42.534,44.696,,GF,17,76.1,80.78,78.0,False,363
imsa,2024,Watkins Glen,Watkins Glen International,race,621,66,GTD,Tati Calderon,tati calderon,96,2.0,39,146.492,35.387,54.78,56.325,,FCY,18,76.0,80.42,78.0,False,363
imsa,2024,Watkins Glen,Watkins Glen International,race,621,66,GTD,Tati Calderon,tati calderon,97,2.0,40,182.708,34.656,62.956,85.096,,FCY,18,75.7,80.06,78.0,False,363
imsa,2024,Watkins Glen,Watkins Glen International,race,621,66,GTD,Tati Calderon,tati calderon,98,2.0,41,207.563,42.644,77.042,87.877,,FCY,18,75.5,79.88,79.0,False,363
imsa,2024,Watkins Glen,Watkins Glen International,race,621,66,GTD,Tati Calderon,tati calderon,99,2.0,42,212.791,49.353,76.17,87.268,,FCY,18,75.4,79.7,80.0,False,363
imsa,2024,Watkins Glen,Watkins Glen International,race,621,66,GTD,Tati Calderon,tati calderon,100,2.0,43,181.701,46.353,77.038,58.31,,GF,18,75.6,79.7,78.0,False,363
imsa,2024,Watkins Glen,Watkins Glen International,race,621,66,GTD,Tati Calderon,tati calderon,101,2.0,44,112.79,27.558,42.706,42.526,,GF,19,75.7,79.7,78.0,False,363
imsa,2024,Watkins Glen,Watkins Glen International,race,621,66,GTD,Tati Calderon,tati calderon,102,2.0,45,111.744,27.489,41.738,42.517,,GF,20,75.9,79.7,78.0,False,363
imsa,2024,Watkins Glen,Watkins Glen International,race,621,66,GTD,Tati Calderon,tati calderon,103,2.0,46,112.786,28.761,41.824,42.201,,GF,21,76.2,80.06,77.0,False,363
imsa,2024,Watkins Glen,Watkins Glen International,race,621,66,GTD,Tati Calderon,tati calderon,104,2.0,47,108.629,25.577,41.095,41.957,,GF,22,76.5,80.6,76.0,False,363
imsa,2024,Watkins Glen,Watkins Glen International,race,621,66,GTD,Tati Calderon,tati calderon,105,2.0,48,108.735,25.937,40.713,42.085,,GF,23,76.7,80.96,76.0,False,363
imsa,2024,Watkins Glen,Watkins Glen International,race,621,66,GTD,Tati Calderon,tati calderon,106,2.0,49,107.848,25.445,40.567,41.836,,GF,24,76.9,81.68,75.0,False,363
imsa,2024,Watkins Glen,Watkins Glen International,race,621,66,GTD,Tati Calderon,tati calderon,107,2.0,50,169.537,25.108,40.741,103.688,,GF,25,77.0,82.4,75.0,False,363
imsa,2024,Watkins Glen,Watkins Glen International,race,621,66,GTD,Stevan McAleer,stevan mcaleer,108,3.0,0,132.568,42.268,46.158,44.142,78.068,GF,0,77.4,82.94,75.0,False,363
imsa,2024,Watkins Glen,Watkins Glen International,race,621,66,GTD,Stevan McAleer,stevan mcaleer,109,3.0,1,110.108,25.749,42.059,42.3,,GF,0,77.5,82.58,74.0,False,363
imsa,2024,Watkins Glen,Watkins Glen International,race,621,66,GTD,Stevan McAleer,stevan mcaleer,110,3.0,2,109.015,25.253,41.403,42.359,,GF,1,77.3,82.58,74.0,False,363
imsa,2024,Watkins Glen,Watkins Glen International,race,621,66,GTD,Stevan McAleer,stevan mcaleer,111,3.0,3,108.102,25.053,41.047,42.002,,GF,2,77.2,82.76,74.0,False,363
imsa,2024,Watkins Glen,Watkins Glen International,race,621,66,GTD,Stevan McAleer,stevan mcaleer,112,3.0,4,107.787,25.241,40.694,41.852,,GF,3,77.2,82.94,74.0,False,363
imsa,2024,Watkins Glen,Watkins Glen International,race,621,66,GTD,Stevan McAleer,stevan mcaleer,113,3.0,5,108.584,25.164,41.074,42.346,,GF,4,77.1,82.94,75.0,False,363
imsa,2024,Watkins Glen,Watkins Glen International,race,621,66,GTD,Stevan McAleer,stevan mcaleer,114,3.0,6,108.246,25.084,40.888,42.274,,GF,5,77.0,82.94,75.0,False,363
imsa,2024,Watkins Glen,Watkins Glen International,race,621,66,GTD,Stevan McAleer,stevan mcaleer,115,3.0,7,107.965,24.923,41.282,41.76,,GF,6,76.8,83.12,75.0,False,363
imsa,2024,Watkins Glen,Watkins Glen International,race,621,66,GTD,Stevan McAleer,stevan mcaleer,116,3.0,8,106.821,24.899,40.132,41.79,,GF,7,76.8,82.94,75.0,False,363
imsa,2024,Watkins Glen,Watkins Glen International,race,621,66,GTD,Stevan McAleer,stevan mcaleer,117,3.0,9,111.348,24.897,41.444,45.007,,GF,8,76.5,82.58,76.0,False,363
imsa,2024,Watkins Glen,Watkins Glen International,race,621,66,GTD,Stevan McAleer,stevan mcaleer,118,3.0,10,269.483,40.593,77.622,151.268,,FCY,9,74.8,78.26,80.0,False,363
imsa,2024,Watkins Glen,Watkins Glen International,race,621,66,GTD,Stevan McAleer,stevan mcaleer,119,3.0,11,264.404,53.319,103.318,107.767,63.822,FCY,0,73.3,78.62,83.0,False,363
imsa,2024,Watkins Glen,Watkins Glen International,race,621,66,GTD,Stevan McAleer,stevan mcaleer,120,3.0,12,287.946,67.847,102.8,117.299,,FCY,0,72.8,78.26,84.0,False,363
imsa,2024,Watkins Glen,Watkins Glen International,race,621,66,GTD,Stevan McAleer,stevan mcaleer,121,3.0,13,282.583,61.682,102.168,118.733,,FCY,0,72.5,76.64,85.0,False,363
imsa,2024,Watkins Glen,Watkins Glen International,race,621,66,GTD,Stevan McAleer,stevan mcaleer,122,3.0,14,3154.119,88.242,135.419,2930.458,2026.894,FCY,0,75.8,83.84,82.0,False,363
imsa,2024,Watkins Glen,Watkins Glen International,race,621,66,GTD,Stevan McAleer,stevan mcaleer,123,3.0,15,154.757,35.1,53.949,65.708,,FCY,0,76.0,84.56,81.0,False,363
imsa,2024,Watkins Glen,Watkins Glen International,race,621,66,GTD,Stevan McAleer,stevan mcaleer,124,3.0,16,151.745,35.201,68.429,48.115,,FCY,0,76.2,85.46,81.0,False,363
imsa,2024,Watkins Glen,Watkins Glen International,race,621,66,GTD,Stevan McAleer,stevan mcaleer,125,3.0,17,119.672,27.801,45.9,45.971,,FCY,0,76.3,85.64,81.0,False,363
imsa,2024,Watkins Glen,Watkins Glen International,race,621,66,GTD,Stevan McAleer,stevan mcaleer,126,3.0,18,170.538,26.83,45.485,98.223,,FCY,0,76.6,87.08,80.0,False,363
imsa,2024,Watkins Glen,Watkins Glen International,race,621,66,GTD,Stevan McAleer,stevan mcaleer,127,3.0,19,190.917,49.01,63.107,78.8,60.039,FCY,0,77.2,88.52,80.0,False,363
imsa,2024,Watkins Glen,Watkins Glen International,race,621,66,GTD,Stevan McAleer,stevan mcaleer,128,3.0,20,205.862,62.584,69.855,73.423,,FCY,0,77.2,87.98,80.0,False,363
imsa,2024,Watkins Glen,Watkins Glen International,race,621,66,GTD,Stevan McAleer,stevan mcaleer,129,3.0,21,182.109,57.558,73.189,51.362,,GF,0,77.2,88.52,79.0,False,363
imsa,2024,Watkins Glen,Watkins Glen International,race,621,66,GTD,Stevan McAleer,stevan mcaleer,130,3.0,22,108.112,25.313,40.938,41.861,,GF,1,77.0,87.98,78.0,False,363
imsa,2024,Watkins Glen,Watkins Glen International,race,621,66,GTD,Stevan McAleer,stevan mcaleer,131,3.0,23,107.889,24.965,40.959,41.965,,GF,2,77.0,88.34,79.0,False,363
imsa,2024,Watkins Glen,Watkins Glen International,race,621,66,GTD,Stevan McAleer,stevan mcaleer,132,3.0,24,106.883,24.942,40.163,41.778,,GF,3,77.0,87.98,79.0,False,363
imsa,2024,Watkins Glen,Watkins Glen International,race,621,66,GTD,Stevan McAleer,stevan mcaleer,133,3.0,25,107.807,24.871,40.671,42.265,,GF,4,77.0,87.62,79.0,False,363
imsa,2024,Watkins Glen,Watkins Glen International,race,621,66,GTD,Stevan McAleer,stevan mcaleer,134,3.0,26,107.219,25.05,40.174,41.995,,GF,5,76.8,87.08,79.0,False,363
imsa,2024,Watkins Glen,Watkins Glen International,race,621,66,GTD,Stevan McAleer,stevan mcaleer,135,3.0,27,121.833,24.818,41.228,55.787,,GF,6,76.7,86.72,79.0,False,363
imsa,2024,Watkins Glen,Watkins Glen International,race,621,66,GTD,Stevan McAleer,stevan mcaleer,136,3.0,28,212.86,115.462,41.494,55.904,103.814,GF,0,76.5,86.18,79.0,False,363
imsa,2024,Watkins Glen,Watkins Glen International,race,621,66,GTD,Stevan McAleer,stevan mcaleer,137,3.0,29,203.085,118.248,42.854,41.983,103.211,FF,0,76.5,86.0,80.0,False,363
imsa,2024,Watkins Glen,Watkins Glen International,race,621,70,GTD,Brendan Iribe,brendan iribe,1,1.0,0,150.901,65.367,42.73,42.804,,GF,0,79.9,88.7,72.0,False,363
imsa,2024,Watkins Glen,Watkins Glen International,race,621,70,GTD,Brendan Iribe,brendan iribe,2,1.0,1,109.443,24.998,42.402,42.043,,GF,0,80.0,88.52,72.0,False,363
imsa,2024,Watkins Glen,Watkins Glen International,race,621,70,GTD,Brendan Iribe,brendan iribe,3,1.0,2,126.888,24.92,41.824,60.144,,FCY,1,80.0,88.7,72.0,False,363
imsa,2024,Watkins Glen,Watkins Glen International,race,621,70,GTD,Brendan Iribe,brendan iribe,4,1.0,3,142.086,35.58,54.332,52.174,,FCY,1,80.0,88.88,72.0,False,363
imsa,2024,Watkins Glen,Watkins Glen International,race,621,70,GTD,Brendan Iribe,brendan iribe,5,1.0,4,153.856,31.412,50.662,71.782,,FCY,1,80.1,89.06,73.0,False,363
imsa,2024,Watkins Glen,Watkins Glen International,race,621,70,GTD,Brendan Iribe,brendan iribe,6,1.0,5,186.544,66.084,73.209,47.251,,GF,1,80.2,89.78,72.0,False,363
imsa,2024,Watkins Glen,Watkins Glen International,race,621,70,GTD,Brendan Iribe,brendan iribe,7,1.0,6,108.172,25.458,41.021,41.693,,GF,2,80.3,90.5,72.0,False,363
imsa,2024,Watkins Glen,Watkins Glen International,race,621,70,GTD,Brendan Iribe,brendan iribe,8,1.0,7,107.775,24.975,40.773,42.027,,GF,3,80.3,90.5,72.0,False,363
imsa,2024,Watkins Glen,Watkins Glen International,race,621,70,GTD,Brendan Iribe,brendan iribe,9,1.0,8,107.698,25.027,40.72,41.951,,GF,4,80.3,91.4,72.0,False,363
imsa,2024,Watkins Glen,Watkins Glen International,race,621,70,GTD,Brendan Iribe,brendan iribe,10,1.0,9,107.787,24.906,40.817,42.064,,GF,5,80.5,91.94,72.0,False,363
imsa,2024,Watkins Glen,Watkins Glen International,race,621,70,GTD,Brendan Iribe,brendan iribe,11,1.0,10,108.043,25.081,40.97,41.992,,GF,6,80.7,93.02,72.0,False,363
imsa,2024,Watkins Glen,Watkins Glen International,race,621,70,GTD,Brendan Iribe,brendan iribe,12,1.0,11,107.603,24.98,40.676,41.947,,GF,7,80.9,93.38,72.0,False,363
imsa,2024,Watkins Glen,Watkins Glen International,race,621,70,GTD,Brendan Iribe,brendan iribe,13,1.0,12,108.428,25.078,41.269,42.081,,GF,8,81.2,93.74,72.0,False,363
imsa,2024,Watkins Glen,Watkins Glen International,race,621,70,GTD,Brendan Iribe,brendan iribe,14,1.0,13,109.115,25.298,41.48,42.337,,GF,9,81.4,93.92,71.0,False,363
imsa,2024,Watkins Glen,Watkins Glen International,race,621,70,GTD,Brendan Iribe,brendan iribe,15,1.0,14,108.426,25.011,41.219,42.196,,GF,10,81.4,93.92,71.0,False,363
imsa,2024,Watkins Glen,Watkins Glen International,race,621,70,GTD,Brendan Iribe,brendan iribe,16,1.0,15,107.782,25.029,40.68,42.073,,FCY,11,81.4,94.1,70.0,False,363
imsa,2024,Watkins Glen,Watkins Glen International,race,621,70,GTD,Brendan Iribe,brendan iribe,17,1.0,16,131.207,27.898,47.177,56.132,,FCY,11,81.3,93.92,71.0,False,363
imsa,2024,Watkins Glen,Watkins Glen International,race,621,70,GTD,Brendan Iribe,brendan iribe,18,1.0,17,211.38,49.674,83.177,78.529,,FCY,11,81.3,94.28,71.0,False,363
imsa,2024,Watkins Glen,Watkins Glen International,race,621,70,GTD,Brendan Iribe,brendan iribe,19,1.0,18,200.391,56.998,72.923,70.47,,FCY,11,81.3,94.1,71.0,False,363
imsa,2024,Watkins Glen,Watkins Glen International,race,621,70,GTD,Brendan Iribe,brendan iribe,20,1.0,19,188.303,36.416,49.812,102.075,,FCY,11,81.2,93.92,71.0,False,363
imsa,2024,Watkins Glen,Watkins Glen International,race,621,70,GTD,Brendan Iribe,brendan iribe,21,1.0,20,158.13,46.648,55.138,56.344,59.647,FCY,0,81.2,93.92,71.0,False,363
imsa,2024,Watkins Glen,Watkins Glen International,race,621,70,GTD,Brendan Iribe,brendan iribe,22,1.0,21,203.978,49.34,82.152,72.486,,FCY,0,81.2,93.2,71.0,False,363
imsa,2024,Watkins Glen,Watkins Glen International,race,621,70,GTD,Brendan Iribe,brendan iribe,23,1.0,22,215.429,59.324,73.599,82.506,,FCY,0,81.0,92.84,71.0,False,363
imsa,2024,Watkins Glen,Watkins Glen International,race,621,70,GTD,Brendan Iribe,brendan iribe,24,1.0,23,179.95,60.629,70.018,49.303,,GF,0,80.8,92.48,72.0,False,363
imsa,2024,Watkins Glen,Watkins Glen International,race,621,70,GTD,Brendan Iribe,brendan iribe,25,1.0,24,108.415,25.227,41.058,42.13,,GF,1,80.8,92.3,72.0,False,363
imsa,2024,Watkins Glen,Watkins Glen International,race,621,70,GTD,Brendan Iribe,brendan iribe,26,1.0,25,107.86,25.022,40.771,42.067,,GF,2,80.8,92.3,72.0,False,363
imsa,2024,Watkins Glen,Watkins Glen International,race,621,70,GTD,Brendan Iribe,brendan iribe,27,1.0,26,107.928,25.086,40.825,42.017,,GF,3,80.8,92.3,72.0,False,363
imsa,2024,Watkins Glen,Watkins Glen International,race,621,70,GTD,Brendan Iribe,brendan iribe,28,1.0,27,107.615,25.024,40.557,42.034,,GF,4,80.8,92.48,71.0,False,363
imsa,2024,Watkins Glen,Watkins Glen International,race,621,70,GTD,Brendan Iribe,brendan iribe,29,1.0,28,108.223,25.425,40.837,41.961,,GF,5,80.8,92.3,71.0,False,363
imsa,2024,Watkins Glen,Watkins Glen International,race,621,70,GTD,Brendan Iribe,brendan iribe,30,1.0,29,108.106,25.131,40.889,42.086,,GF,6,80.7,92.12,72.0,False,363
imsa,2024,Watkins Glen,Watkins Glen International,race,621,70,GTD,Brendan Iribe,brendan iribe,31,1.0,30,109.059,25.124,41.431,42.504,,GF,7,80.7,92.12,72.0,False,363
imsa,2024,Watkins Glen,Watkins Glen International,race,621,70,GTD,Brendan Iribe,brendan iribe,32,1.0,31,109.457,25.357,40.856,43.244,,GF,8,80.8,92.3,72.0,False,363
imsa,2024,Watkins Glen,Watkins Glen International,race,621,70,GTD,Brendan Iribe,brendan iribe,33,1.0,32,107.999,25.067,40.811,42.121,,GF,9,80.8,92.66,71.0,False,363
imsa,2024,Watkins Glen,Watkins Glen International,race,621,70,GTD,Brendan Iribe,brendan iribe,34,1.0,33,108.05,25.133,40.637,42.28,,GF,10,80.9,92.84,71.0,False,363
imsa,2024,Watkins Glen,Watkins Glen International,race,621,70,GTD,Brendan Iribe,brendan iribe,35,1.0,34,108.501,25.176,40.975,42.35,,GF,11,81.0,93.2,70.0,False,363
imsa,2024,Watkins Glen,Watkins Glen International,race,621,70,GTD,Brendan Iribe,brendan iribe,36,1.0,35,108.295,25.017,40.708,42.57,,GF,12,81.0,93.2,71.0,False,363
imsa,2024,Watkins Glen,Watkins Glen International,race,621,70,GTD,Brendan Iribe,brendan iribe,37,1.0,36,107.802,25.026,40.562,42.214,,GF,13,81.2,93.38,71.0,False,363
imsa,2024,Watkins Glen,Watkins Glen International,race,621,70,GTD,Brendan Iribe,brendan iribe,38,1.0,37,108.783,25.16,41.401,42.222,,GF,14,81.4,93.2,71.0,False,363
imsa,2024,Watkins Glen,Watkins Glen International,race,621,70,GTD,Brendan Iribe,brendan iribe,39,1.0,38,109.761,25.04,40.687,44.034,,GF,15,81.5,93.2,71.0,False,363
imsa,2024,Watkins Glen,Watkins Glen International,race,621,70,GTD,Brendan Iribe,brendan iribe,40,1.0,39,111.384,25.075,43.725,42.584,,GF,16,81.6,93.2,70.0,False,363
imsa,2024,Watkins Glen,Watkins Glen International,race,621,70,GTD,Brendan Iribe,brendan iribe,41,1.0,40,108.99,25.132,41.366,42.492,,GF,17,81.6,93.38,70.0,False,363
imsa,2024,Watkins Glen,Watkins Glen International,race,621,70,GTD,Brendan Iribe,brendan iribe,42,1.0,41,108.403,25.079,40.97,42.354,,GF,18,81.8,93.56,70.0,False,363
imsa,2024,Watkins Glen,Watkins Glen International,race,621,70,GTD,Brendan Iribe,brendan iribe,43,1.0,42,108.25,25.083,40.905,42.262,,GF,19,81.8,93.74,69.0,False,363
imsa,2024,Watkins Glen,Watkins Glen International,race,621,70,GTD,Brendan Iribe,brendan iribe,44,1.0,43,108.535,25.101,41.231,42.203,,GF,20,81.8,93.92,69.0,False,363
imsa,2024,Watkins Glen,Watkins Glen International,race,621,70,GTD,Brendan Iribe,brendan iribe,45,1.0,44,107.812,24.973,40.741,42.098,,GF,21,81.6,93.74,68.0,False,363
imsa,2024,Watkins Glen,Watkins Glen International,race,621,70,GTD,Brendan Iribe,brendan iribe,46,1.0,45,107.735,25.066,40.538,42.131,,GF,22,81.6,93.38,68.0,False,363
imsa,2024,Watkins Glen,Watkins Glen International,race,621,70,GTD,Brendan Iribe,brendan iribe,47,1.0,46,108.793,25.035,41.524,42.234,,GF,23,81.8,93.2,69.0,False,363
imsa,2024,Watkins Glen,Watkins Glen International,race,621,70,GTD,Brendan Iribe,brendan iribe,48,1.0,47,109.886,24.993,42.021,42.872,,GF,24,81.9,92.84,69.0,False,363
imsa,2024,Watkins Glen,Watkins Glen International,race,621,70,GTD,Brendan Iribe,brendan iribe,49,1.0,48,108.732,25.178,40.996,42.558,,GF,25,81.8,92.48,68.0,False,363
imsa,2024,Watkins Glen,Watkins Glen International,race,621,70,GTD,Brendan Iribe,brendan iribe,50,1.0,49,110.708,25.31,42.26,43.138,,GF,26,81.6,91.94,67.0,False,363
imsa,2024,Watkins Glen,Watkins Glen International,race,621,70,GTD,Brendan Iribe,brendan iribe,51,1.0,50,109.174,25.415,41.09,42.669,,GF,27,81.4,91.76,68.0,False,363
imsa,2024,Watkins Glen,Watkins Glen International,race,621,70,GTD,Brendan Iribe,brendan iribe,52,1.0,51,108.975,25.06,41.409,42.506,,GF,28,81.3,91.58,68.0,False,363
imsa,2024,Watkins Glen,Watkins Glen International,race,621,70,GTD,Brendan Iribe,brendan iribe,53,1.0,52,108.743,25.016,40.748,42.979,,GF,29,81.2,91.4,68.0,False,363
imsa,2024,Watkins Glen,Watkins Glen International,race,621,70,GTD,Brendan Iribe,brendan iribe,54,1.0,53,109.291,25.196,41.098,42.997,,GF,30,81.2,91.4,68.0,False,363
imsa,2024,Watkins Glen,Watkins Glen International,race,621,70,GTD,Brendan Iribe,brendan iribe,55,1.0,54,165.319,25.116,40.978,99.225,,GF,31,81.3,92.12,67.0,False,363
imsa,2024,Watkins Glen,Watkins Glen International,race,621,70,GTD,Ollie Millroy,ollie millroy,56,2.0,0,120.698,37.572,41.136,41.99,73.433,GF,0,81.4,93.02,67.0,False,363
imsa,2024,Watkins Glen,Watkins Glen International,race,621,70,GTD,Ollie Millroy,ollie millroy,57,2.0,1,106.977,25.069,40.32,41.588,,GF,0,81.7,93.92,67.0,False,363
imsa,2024,Watkins Glen,Watkins Glen International,race,621,70,GTD,Ollie Millroy,ollie millroy,58,2.0,2,106.922,24.999,40.251,41.672,,GF,1,82.0,95.36,68.0,False,363
imsa,2024,Watkins Glen,Watkins Glen International,race,621,70,GTD,Ollie Millroy,ollie millroy,59,2.0,3,107.465,25.146,40.533,41.786,,GF,2,82.4,96.44,67.0,False,363
imsa,2024,Watkins Glen,Watkins Glen International,race,621,70,GTD,Ollie Millroy,ollie millroy,60,2.0,4,107.837,25.055,40.889,41.893,,GF,3,82.5,96.62,67.0,False,363
imsa,2024,Watkins Glen,Watkins Glen International,race,621,70,GTD,Ollie Millroy,ollie millroy,61,2.0,5,108.054,25.268,40.451,42.335,,GF,4,82.5,96.62,66.0,False,363
imsa,2024,Watkins Glen,Watkins Glen International,race,621,70,GTD,Ollie Millroy,ollie millroy,62,2.0,6,107.798,25.296,40.524,41.978,,GF,5,82.7,96.8,66.0,False,363
imsa,2024,Watkins Glen,Watkins Glen International,race,621,70,GTD,Ollie Millroy,ollie millroy,63,2.0,7,120.702,25.35,45.053,50.299,,FCY,6,82.9,97.16,66.0,False,363
imsa,2024,Watkins Glen,Watkins Glen International,race,621,70,GTD,Ollie Millroy,ollie millroy,64,2.0,8,158.522,42.503,58.257,57.762,,FCY,6,82.9,97.34,65.0,False,363
imsa,2024,Watkins Glen,Watkins Glen International,race,621,70,GTD,Ollie Millroy,ollie millroy,65,2.0,9,172.979,39.046,64.332,69.601,,FCY,6,83.0,97.52,66.0,False,363
imsa,2024,Watkins Glen,Watkins Glen International,race,621,70,GTD,Ollie Millroy,ollie millroy,66,2.0,10,209.37,63.298,76.922,69.15,,FCY,6,82.8,97.34,66.0,False,363
imsa,2024,Watkins Glen,Watkins Glen International,race,621,70,GTD,Ollie Millroy,ollie millroy,67,2.0,11,164.385,31.8,63.203,69.382,,FCY,6,82.7,96.62,64.0,False,363
imsa,2024,Watkins Glen,Watkins Glen International,race,621,70,GTD,Ollie Millroy,ollie millroy,68,2.0,12,179.09,34.392,68.996,75.702,,FCY,6,82.6,95.9,65.0,False,363
imsa,2024,Watkins Glen,Watkins Glen International,race,621,70,GTD,Ollie Millroy,ollie millroy,69,2.0,13,214.087,63.181,82.614,68.292,,FCY,6,82.5,95.72,64.0,False,363
imsa,2024,Watkins Glen,Watkins Glen International,race,621,70,GTD,Ollie Millroy,ollie millroy,70,2.0,14,166.276,41.809,62.158,62.309,,GF,6,82.5,95.9,64.0,False,363
imsa,2024,Watkins Glen,Watkins Glen International,race,621,70,GTD,Ollie Millroy,ollie millroy,71,2.0,15,109.024,25.539,41.552,41.933,,GF,7,82.6,96.08,64.0,False,363
imsa,2024,Watkins Glen,Watkins Glen International,race,621,70,GTD,Ollie Millroy,ollie millroy,72,2.0,16,107.717,24.962,40.69,42.065,,GF,8,82.6,96.08,65.0,False,363
imsa,2024,Watkins Glen,Watkins Glen International,race,621,70,GTD,Ollie Millroy,ollie millroy,73,2.0,17,107.317,24.871,40.602,41.844,,GF,9,82.6,96.08,65.0,False,363
imsa,2024,Watkins Glen,Watkins Glen International,race,621,70,GTD,Ollie Millroy,ollie millroy,74,2.0,18,107.26,25.019,40.419,41.822,,GF,10,82.7,95.54,65.0,False,363
imsa,2024,Watkins Glen,Watkins Glen International,race,621,70,GTD,Ollie Millroy,ollie millroy,75,2.0,19,107.035,24.907,40.342,41.786,,GF,11,82.6,95.18,65.0,False,363
imsa,2024,Watkins Glen,Watkins Glen International,race,621,70,GTD,Ollie Millroy,ollie millroy,76,2.0,20,111.182,25.087,41.275,44.82,,GF,12,82.6,95.0,66.0,False,363
imsa,2024,Watkins Glen,Watkins Glen International,race,621,70,GTD,Ollie Millroy,ollie millroy,77,2.0,21,111.867,25.157,43.4,43.31,,GF,13,82.5,94.1,67.0,False,363
imsa,2024,Watkins Glen,Watkins Glen International,race,621,70,GTD,Ollie Millroy,ollie millroy,78,2.0,22,108.198,25.026,41.267,41.905,,GF,14,82.3,93.74,66.0,False,363
imsa,2024,Watkins Glen,Watkins Glen International,race,621,70,GTD,Ollie Millroy,ollie millroy,79,2.0,23,107.949,25.086,40.644,42.219,,GF,15,82.1,93.56,66.0,False,363
imsa,2024,Watkins Glen,Watkins Glen International,race,621,70,GTD,Ollie Millroy,ollie millroy,80,2.0,24,108.681,25.006,41.325,42.35,,GF,16,81.5,92.66,66.0,False,363
imsa,2024,Watkins Glen,Watkins Glen International,race,621,70,GTD,Ollie Millroy,ollie millroy,81,2.0,25,108.842,25.12,41.166,42.556,,GF,17,80.7,91.94,68.0,False,363
imsa,2024,Watkins Glen,Watkins Glen International,race,621,70,GTD,Ollie Millroy,ollie millroy,82,2.0,26,109.88,25.065,41.094,43.721,,GF,18,79.9,91.76,69.0,False,363
imsa,2024,Watkins Glen,Watkins Glen International,race,621,70,GTD,Ollie Millroy,ollie millroy,83,2.0,27,111.839,25.161,41.904,44.774,,GF,19,79.6,89.78,71.0,False,363
imsa,2024,Watkins Glen,Watkins Glen International,race,621,70,GTD,Ollie Millroy,ollie millroy,84,2.0,28,146.769,31.611,52.337,62.821,,FCY,20,78.4,87.62,73.0,False,363
imsa,2024,Watkins Glen,Watkins Glen International,race,621,70,GTD,Ollie Millroy,ollie millroy,85,2.0,29,138.403,32.759,45.502,60.142,,FCY,20,77.8,86.36,75.0,False,363
imsa,2024,Watkins Glen,Watkins Glen International,race,621,70,GTD,Ollie Millroy,ollie millroy,86,2.0,30,184.514,30.66,47.645,106.209,,FCY,20,77.1,85.64,76.0,False,363
imsa,2024,Watkins Glen,Watkins Glen International,race,621,70,GTD,Ollie Millroy,ollie millroy,87,2.0,31,201.866,34.97,81.687,85.209,,FCY,20,76.8,84.92,77.0,False,363
imsa,2024,Watkins Glen,Watkins Glen International,race,621,70,GTD,Ollie Millroy,ollie millroy,88,2.0,32,238.386,34.295,70.549,133.542,,FCY,20,76.4,82.76,77.0,False,363
imsa,2024,Watkins Glen,Watkins Glen International,race,621,70,GTD,Ollie Millroy,ollie millroy,89,2.0,33,186.555,71.886,46.147,68.522,96.475,FCY,0,76.0,82.4,78.0,False,363
imsa,2024,Watkins Glen,Watkins Glen International,race,621,70,GTD,Ollie Millroy,ollie millroy,90,2.0,34,181.554,42.352,62.834,76.368,,FCY,0,76.0,82.4,77.0,False,363
imsa,2024,Watkins Glen,Watkins Glen International,race,621,70,GTD,Ollie Millroy,ollie millroy,91,2.0,35,183.008,53.566,72.918,56.524,,GF,0,76.0,82.04,77.0,False,363
imsa,2024,Watkins Glen,Watkins Glen International,race,621,70,GTD,Ollie Millroy,ollie millroy,92,2.0,36,111.196,26.554,42.541,42.101,,GF,1,76.0,81.68,78.0,False,363
imsa,2024,Watkins Glen,Watkins Glen International,race,621,70,GTD,Ollie Millroy,ollie millroy,93,2.0,37,108.855,26.873,40.034,41.948,,GF,2,76.0,81.5,78.0,False,363
imsa,2024,Watkins Glen,Watkins Glen International,race,621,70,GTD,Ollie Millroy,ollie millroy,94,2.0,38,108.137,25.49,40.783,41.864,,GF,3,76.0,81.32,77.0,False,363
imsa,2024,Watkins Glen,Watkins Glen International,race,621,70,GTD,Ollie Millroy,ollie millroy,95,2.0,39,109.321,25.188,41.225,42.908,,GF,4,76.1,80.78,78.0,False,363
imsa,2024,Watkins Glen,Watkins Glen International,race,621,70,GTD,Ollie Millroy,ollie millroy,96,2.0,40,140.18,32.105,46.932,61.143,,FCY,5,76.0,80.42,78.0,False,363
imsa,2024,Watkins Glen,Watkins Glen International,race,621,70,GTD,Ollie Millroy,ollie millroy,97,2.0,41,186.777,38.547,63.512,84.718,,FCY,5,75.7,80.06,78.0,False,363
imsa,2024,Watkins Glen,Watkins Glen International,race,621,70,GTD,Ollie Millroy,ollie millroy,98,2.0,42,208.124,44.261,77.11,86.753,,FCY,5,75.5,80.06,79.0,False,363
imsa,2024,Watkins Glen,Watkins Glen International,race,621,70,GTD,Ollie Millroy,ollie millroy,99,2.0,43,211.655,50.537,77.013,84.105,,FCY,5,75.4,79.7,80.0,False,363
imsa,2024,Watkins Glen,Watkins Glen International,race,621,70,GTD,Ollie Millroy,ollie millroy,100,2.0,44,187.907,49.881,78.225,59.801,,GF,5,75.6,79.7,78.0,False,363
imsa,2024,Watkins Glen,Watkins Glen International,race,621,70,GTD,Ollie Millroy,ollie millroy,101,2.0,45,108.074,26.496,40.167,41.411,,GF,6,75.7,79.7,78.0,False,363
imsa,2024,Watkins Glen,Watkins Glen International,race,621,70,GTD,Ollie Millroy,ollie millroy,102,2.0,46,106.629,25.563,39.82,41.246,,GF,7,75.9,79.7,78.0,False,363
imsa,2024,Watkins Glen,Watkins Glen International,race,621,70,GTD,Ollie Millroy,ollie millroy,103,2.0,47,106.485,25.675,39.802,41.008,,GF,8,76.2,80.06,77.0,False,363
imsa,2024,Watkins Glen,Watkins Glen International,race,621,70,GTD,Ollie Millroy,ollie millroy,104,2.0,48,106.207,25.141,39.888,41.178,,GF,9,76.5,80.6,76.0,False,363
imsa,2024,Watkins Glen,Watkins Glen International,race,621,70,GTD,Ollie Millroy,ollie millroy,105,2.0,49,105.872,24.968,39.791,41.113,,GF,10,76.6,80.96,76.0,False,363
imsa,2024,Watkins Glen,Watkins Glen International,race,621,70,GTD,Ollie Millroy,ollie millroy,106,2.0,50,106.297,24.956,40.049,41.292,,GF,11,76.8,81.32,76.0,False,363
imsa,2024,Watkins Glen,Watkins Glen International,race,621,70,GTD,Ollie Millroy,ollie millroy,107,2.0,51,106.219,24.84,39.855,41.524,,GF,12,77.0,81.68,75.0,False,363
imsa,2024,Watkins Glen,Watkins Glen International,race,621,70,GTD,Ollie Millroy,ollie millroy,108,2.0,52,106.973,25.011,40.238,41.724,,GF,13,77.2,82.76,75.0,False,363
imsa,2024,Watkins Glen,Watkins Glen International,race,621,70,GTD,Ollie Millroy,ollie millroy,109,2.0,53,108.43,24.89,41.643,41.897,,GF,14,77.4,82.94,75.0,False,363
imsa,2024,Watkins Glen,Watkins Glen International,race,621,70,GTD,Ollie Millroy,ollie millroy,110,2.0,54,107.559,24.999,40.32,42.24,,GF,15,77.5,82.58,74.0,False,363
imsa,2024,Watkins Glen,Watkins Glen International,race,621,70,GTD,Ollie Millroy,ollie millroy,111,2.0,55,107.041,25.181,40.286,41.574,,GF,16,77.3,82.58,74.0,False,363
imsa,2024,Watkins Glen,Watkins Glen International,race,621,70,GTD,Ollie Millroy,ollie millroy,112,2.0,56,107.255,24.819,40.264,42.172,,GF,17,77.3,82.76,75.0,False,363
imsa,2024,Watkins Glen,Watkins Glen International,race,621,70,GTD,Ollie Millroy,ollie millroy,113,2.0,57,108.044,25.014,40.607,42.423,,GF,18,77.2,82.94,74.0,False,363
imsa,2024,Watkins Glen,Watkins Glen International,race,621,70,GTD,Ollie Millroy,ollie millroy,114,2.0,58,108.173,25.305,40.539,42.329,,GF,19,77.1,82.94,75.0,False,363
imsa,2024,Watkins Glen,Watkins Glen International,race,621,70,GTD,Ollie Millroy,ollie millroy,115,2.0,59,107.305,24.828,40.541,41.936,,GF,20,77.0,82.94,75.0,False,363
imsa,2024,Watkins Glen,Watkins Glen International,race,621,70,GTD,Ollie Millroy,ollie millroy,116,2.0,60,107.857,25.082,40.635,42.14,,GF,21,76.8,83.12,75.0,False,363
imsa,2024,Watkins Glen,Watkins Glen International,race,621,70,GTD,Ollie Millroy,ollie millroy,117,2.0,61,107.974,24.832,41.076,42.066,,GF,22,76.8,82.94,75.0,False,363
imsa,2024,Watkins Glen,Watkins Glen International,race,621,70,GTD,Ollie Millroy,ollie millroy,118,2.0,62,109.197,24.808,40.672,43.717,,GF,23,76.5,82.58,76.0,False,363
imsa,2024,Watkins Glen,Watkins Glen International,race,621,70,GTD,Ollie Millroy,ollie millroy,119,2.0,63,219.295,31.194,66.103,121.998,,FCY,24,75.3,78.26,79.0,False,363
imsa,2024,Watkins Glen,Watkins Glen International,race,621,70,GTD,Ollie Millroy,ollie millroy,120,2.0,64,310.181,83.99,112.671,113.52,,FCY,24,73.5,78.62,82.0,False,363
imsa,2024,Watkins Glen,Watkins Glen International,race,621,70,GTD,Ollie Millroy,ollie millroy,121,2.0,65,273.922,71.995,101.099,100.828,,FCY,24,72.8,78.26,84.0,False,363
imsa,2024,Watkins Glen,Watkins Glen International,race,621,70,GTD,Ollie Millroy,ollie millroy,122,2.0,66,299.994,72.497,103.748,123.749,,FCY,24,72.5,76.64,85.0,False,363
imsa,2024,Watkins Glen,Watkins Glen International,race,621,70,GTD,Ollie Millroy,ollie millroy,123,2.0,67,3153.44,85.576,131.93,2935.934,2053.06,FCY,0,75.8,83.84,82.0,False,363
imsa,2024,Watkins Glen,Watkins Glen International,race,621,70,GTD,Ollie Millroy,ollie millroy,124,2.0,68,202.299,37.177,60.969,104.153,,FCY,0,76.0,84.56,81.0,False,363
imsa,2024,Watkins Glen,Watkins Glen International,race,621,70,GTD,Frederik Schandorff,frederik schandorff,125,3.0,0,163.541,44.141,51.704,67.696,57.848,FCY,0,76.2,85.46,81.0,False,363
imsa,2024,Watkins Glen,Watkins Glen International,race,621,70,GTD,Frederik Schandorff,frederik schandorff,126,3.0,1,207.745,50.872,70.773,86.1,,FCY,0,76.6,87.08,80.0,False,363
imsa,2024,Watkins Glen,Watkins Glen International,race,621,70,GTD,Frederik Schandorff,frederik schandorff,127,3.0,2,209.383,64.307,68.657,76.419,,FCY,0,77.2,88.52,80.0,False,363
imsa,2024,Watkins Glen,Watkins Glen International,race,621,70,GTD,Frederik Schandorff,frederik schandorff,128,3.0,3,205.155,58.748,75.559,70.848,,FCY,0,77.3,88.16,79.0,False,363
imsa,2024,Watkins Glen,Watkins Glen International,race,621,70,GTD,Frederik Schandorff,frederik schandorff,129,3.0,4,191.34,59.013,79.284,53.043,,GF,0,77.2,88.52,79.0,False,363
imsa,2024,Watkins Glen,Watkins Glen International,race,621,70,GTD,Frederik Schandorff,frederik schandorff,130,3.0,5,107.388,25.199,40.251,41.938,,GF,1,77.0,87.98,78.0,False,363
imsa,2024,Watkins Glen,Watkins Glen International,race,621,70,GTD,Frederik Schandorff,frederik schandorff,131,3.0,6,122.845,24.914,40.499,57.432,,GF,2,77.0,88.34,79.0,False,363
imsa,2024,Watkins Glen,Watkins Glen International,race,621,70,GTD,Frederik Schandorff,frederik schandorff,132,3.0,7,106.198,24.866,39.811,41.521,,GF,3,77.0,87.98,79.0,False,363
imsa,2024,Watkins Glen,Watkins Glen International,race,621,70,GTD,Frederik Schandorff,frederik schandorff,133,3.0,8,106.903,25.232,40.238,41.433,,GF,4,77.0,87.62,79.0,False,363
imsa,2024,Watkins Glen,Watkins Glen International,race,621,70,GTD,Frederik Schandorff,frederik schandorff,134,3.0,9,106.114,24.879,39.787,41.448,,GF,5,76.8,87.08,79.0,False,363
imsa,2024,Watkins Glen,Watkins Glen International,race,621,70,GTD,Frederik Schandorff,frederik schandorff,135,3.0,10,107.947,24.874,40.813,42.26,,GF,6,76.7,86.72,79.0,False,363
imsa,2024,Watkins Glen,Watkins Glen International,race,621,70,GTD,Frederik Schandorff,frederik schandorff,136,3.0,11,108.002,24.986,39.876,43.14,,GF,7,76.6,86.72,79.0,False,363
imsa,2024,Watkins Glen,Watkins Glen International,race,621,70,GTD,Frederik Schandorff,frederik schandorff,137,3.0,12,107.861,25.092,40.623,42.146,,GF,8,76.5,86.18,79.0,False,363
imsa,2024,Watkins Glen,Watkins Glen International,race,621,70,GTD,Frederik Schandorff,frederik schandorff,138,3.0,13,107.668,25.144,40.59,41.934,,GF,9,76.5,86.0,80.0,False,363
imsa,2024,Watkins Glen,Watkins Glen International,race,621,70,GTD,Frederik Schandorff,frederik schandorff,139,3.0,14,107.242,24.91,40.358,41.974,,FF,10,76.5,86.0,80.0,False,363
imsa,2024,Watkins Glen,Watkins Glen International,race,621,78,GTD,Misha Goikhberg,misha goikhberg,1,1.0,0,151.458,65.684,42.888,42.886,,GF,0,79.9,88.7,72.0,False,363
imsa,2024,Watkins Glen,Watkins Glen International,race,621,78,GTD,Misha Goikhberg,misha goikhberg,2,1.0,1,109.467,25.328,41.923,42.216,,GF,0,80.0,88.52,72.0,False,363
imsa,2024,Watkins Glen,Watkins Glen International,race,621,78,GTD,Misha Goikhberg,misha goikhberg,3,1.0,2,127.738,25.118,41.251,61.369,,FCY,1,80.0,88.7,72.0,False,363
imsa,2024,Watkins Glen,Watkins Glen International,race,621,78,GTD,Misha Goikhberg,misha goikhberg,4,1.0,3,142.301,36.907,52.994,52.4,,FCY,1,80.0,88.88,72.0,False,363
imsa,2024,Watkins Glen,Watkins Glen International,race,621,78,GTD,Misha Goikhberg,misha goikhberg,5,1.0,4,153.631,31.806,50.118,71.707,,FCY,1,80.1,89.06,73.0,False,363
imsa,2024,Watkins Glen,Watkins Glen International,race,621,78,GTD,Misha Goikhberg,misha goikhberg,6,1.0,5,185.524,65.993,72.41,47.121,,GF,1,80.2,89.78,72.0,False,363
imsa,2024,Watkins Glen,Watkins Glen International,race,621,78,GTD,Misha Goikhberg,misha goikhberg,7,1.0,6,108.252,25.296,41.097,41.859,,GF,2,80.3,90.5,72.0,False,363
imsa,2024,Watkins Glen,Watkins Glen International,race,621,78,GTD,Misha Goikhberg,misha goikhberg,8,1.0,7,107.761,25.276,40.445,42.04,,GF,3,80.3,90.5,72.0,False,363
imsa,2024,Watkins Glen,Watkins Glen International,race,621,78,GTD,Misha Goikhberg,misha goikhberg,9,1.0,8,107.738,25.116,40.602,42.02,,GF,4,80.3,91.4,72.0,False,363
imsa,2024,Watkins Glen,Watkins Glen International,race,621,78,GTD,Misha Goikhberg,misha goikhberg,10,1.0,9,107.648,25.093,40.675,41.88,,GF,5,80.5,91.94,72.0,False,363
imsa,2024,Watkins Glen,Watkins Glen International,race,621,78,GTD,Misha Goikhberg,misha goikhberg,11,1.0,10,108.168,25.333,40.706,42.129,,GF,6,80.7,93.02,72.0,False,363
imsa,2024,Watkins Glen,Watkins Glen International,race,621,78,GTD,Misha Goikhberg,misha goikhberg,12,1.0,11,107.752,25.129,40.632,41.991,,GF,7,80.9,93.38,72.0,False,363
imsa,2024,Watkins Glen,Watkins Glen International,race,621,78,GTD,Misha Goikhberg,misha goikhberg,13,1.0,12,108.257,25.139,41.017,42.101,,GF,8,81.2,93.74,72.0,False,363
imsa,2024,Watkins Glen,Watkins Glen International,race,621,78,GTD,Misha Goikhberg,misha goikhberg,14,1.0,13,109.213,25.319,41.515,42.379,,GF,9,81.4,93.92,71.0,False,363
imsa,2024,Watkins Glen,Watkins Glen International,race,621,78,GTD,Misha Goikhberg,misha goikhberg,15,1.0,14,108.227,25.129,40.736,42.362,,GF,10,81.4,93.92,71.0,False,363
imsa,2024,Watkins Glen,Watkins Glen International,race,621,78,GTD,Misha Goikhberg,misha goikhberg,16,1.0,15,108.027,25.304,40.699,42.024,,FCY,11,81.4,94.1,70.0,False,363
imsa,2024,Watkins Glen,Watkins Glen International,race,621,78,GTD,Misha Goikhberg,misha goikhberg,17,1.0,16,132.388,29.711,47.523,55.154,,FCY,11,81.3,93.92,71.0,False,363
imsa,2024,Watkins Glen,Watkins Glen International,race,621,78,GTD,Misha Goikhberg,misha goikhberg,18,1.0,17,210.744,49.104,82.788,78.852,,FCY,11,81.3,94.28,71.0,False,363
imsa,2024,Watkins Glen,Watkins Glen International,race,621,78,GTD,Misha Goikhberg,misha goikhberg,19,1.0,18,200.137,56.741,72.799,70.597,,FCY,11,81.3,94.1,71.0,False,363
imsa,2024,Watkins Glen,Watkins Glen International,race,621,78,GTD,Misha Goikhberg,misha goikhberg,20,1.0,19,185.202,36.062,49.515,99.625,,FCY,11,81.2,93.92,71.0,False,363
imsa,2024,Watkins Glen,Watkins Glen International,race,621,78,GTD,Misha Goikhberg,misha goikhberg,21,1.0,20,152.798,46.333,53.413,53.052,56.736,FCY,0,81.2,93.92,71.0,False,363
imsa,2024,Watkins Glen,Watkins Glen International,race,621,78,GTD,Misha Goikhberg,misha goikhberg,22,1.0,21,208.413,51.629,84.079,72.705,,FCY,0,81.2,93.2,71.0,False,363
imsa,2024,Watkins Glen,Watkins Glen International,race,621,78,GTD,Misha Goikhberg,misha goikhberg,23,1.0,22,214.997,58.853,73.845,82.299,,FCY,0,81.0,92.84,71.0,False,363
imsa,2024,Watkins Glen,Watkins Glen International,race,621,78,GTD,Misha Goikhberg,misha goikhberg,24,1.0,23,180.526,61.214,70.511,48.801,,GF,0,80.8,92.48,72.0,False,363
imsa,2024,Watkins Glen,Watkins Glen International,race,621,78,GTD,Misha Goikhberg,misha goikhberg,25,1.0,24,109.168,26.011,41.164,41.993,,GF,1,80.8,92.3,72.0,False,363
imsa,2024,Watkins Glen,Watkins Glen International,race,621,78,GTD,Misha Goikhberg,misha goikhberg,26,1.0,25,107.758,25.197,40.594,41.967,,GF,2,80.8,92.3,72.0,False,363
imsa,2024,Watkins Glen,Watkins Glen International,race,621,78,GTD,Misha Goikhberg,misha goikhberg,27,1.0,26,107.403,25.159,40.354,41.89,,GF,3,80.8,92.3,72.0,False,363
imsa,2024,Watkins Glen,Watkins Glen International,race,621,78,GTD,Misha Goikhberg,misha goikhberg,28,1.0,27,107.713,25.164,40.618,41.931,,GF,4,80.8,92.48,71.0,False,363
imsa,2024,Watkins Glen,Watkins Glen International,race,621,78,GTD,Misha Goikhberg,misha goikhberg,29,1.0,28,107.823,25.227,40.705,41.891,,GF,5,80.8,92.3,71.0,False,363
imsa,2024,Watkins Glen,Watkins Glen International,race,621,78,GTD,Misha Goikhberg,misha goikhberg,30,1.0,29,107.639,25.094,40.721,41.824,,GF,6,80.7,92.12,72.0,False,363
imsa,2024,Watkins Glen,Watkins Glen International,race,621,78,GTD,Misha Goikhberg,misha goikhberg,31,1.0,30,107.574,25.046,40.54,41.988,,GF,7,80.7,92.12,72.0,False,363
imsa,2024,Watkins Glen,Watkins Glen International,race,621,78,GTD,Misha Goikhberg,misha goikhberg,32,1.0,31,108.605,25.191,41.122,42.292,,GF,8,80.8,92.3,72.0,False,363
imsa,2024,Watkins Glen,Watkins Glen International,race,621,78,GTD,Misha Goikhberg,misha goikhberg,33,1.0,32,110.031,25.086,42.444,42.501,,GF,9,80.8,92.66,71.0,False,363
imsa,2024,Watkins Glen,Watkins Glen International,race,621,78,GTD,Misha Goikhberg,misha goikhberg,34,1.0,33,107.894,25.187,40.711,41.996,,GF,10,80.9,92.84,71.0,False,363
imsa,2024,Watkins Glen,Watkins Glen International,race,621,78,GTD,Misha Goikhberg,misha goikhberg,35,1.0,34,107.716,25.054,40.591,42.071,,GF,11,81.0,93.2,70.0,False,363
imsa,2024,Watkins Glen,Watkins Glen International,race,621,78,GTD,Misha Goikhberg,misha goikhberg,36,1.0,35,107.85,25.016,40.698,42.136,,GF,12,81.0,93.2,71.0,False,363
imsa,2024,Watkins Glen,Watkins Glen International,race,621,78,GTD,Misha Goikhberg,misha goikhberg,37,1.0,36,108.258,25.055,41.096,42.107,,GF,13,81.2,93.38,71.0,False,363
imsa,2024,Watkins Glen,Watkins Glen International,race,621,78,GTD,Misha Goikhberg,misha goikhberg,38,1.0,37,107.936,25.205,40.637,42.094,,GF,14,81.4,93.2,71.0,False,363
imsa,2024,Watkins Glen,Watkins Glen International,race,621,78,GTD,Misha Goikhberg,misha goikhberg,39,1.0,38,109.943,25.447,41.893,42.603,,GF,15,81.5,93.2,71.0,False,363
imsa,2024,Watkins Glen,Watkins Glen International,race,621,78,GTD,Misha Goikhberg,misha goikhberg,40,1.0,39,110.17,25.119,41.691,43.36,,GF,16,81.6,93.2,70.0,False,363
imsa,2024,Watkins Glen,Watkins Glen International,race,621,78,GTD,Misha Goikhberg,misha goikhberg,41,1.0,40,108.838,25.188,40.989,42.661,,GF,17,81.6,93.38,70.0,False,363
imsa,2024,Watkins Glen,Watkins Glen International,race,621,78,GTD,Misha Goikhberg,misha goikhberg,42,1.0,41,108.532,25.554,40.563,42.415,,GF,18,81.8,93.56,70.0,False,363
imsa,2024,Watkins Glen,Watkins Glen International,race,621,78,GTD,Misha Goikhberg,misha goikhberg,43,1.0,42,107.945,25.084,40.643,42.218,,GF,19,81.8,93.74,69.0,False,363
imsa,2024,Watkins Glen,Watkins Glen International,race,621,78,GTD,Misha Goikhberg,misha goikhberg,44,1.0,43,110.013,25.11,42.777,42.126,,GF,20,81.8,93.92,69.0,False,363
imsa,2024,Watkins Glen,Watkins Glen International,race,621,78,GTD,Misha Goikhberg,misha goikhberg,45,1.0,44,108.402,25.151,40.89,42.361,,GF,21,81.6,93.74,68.0,False,363
imsa,2024,Watkins Glen,Watkins Glen International,race,621,78,GTD,Misha Goikhberg,misha goikhberg,46,1.0,45,108.272,25.0,40.932,42.34,,GF,22,81.6,93.38,68.0,False,363
imsa,2024,Watkins Glen,Watkins Glen International,race,621,78,GTD,Misha Goikhberg,misha goikhberg,47,1.0,46,108.573,25.155,40.858,42.56,,GF,23,81.8,93.2,69.0,False,363
imsa,2024,Watkins Glen,Watkins Glen International,race,621,78,GTD,Misha Goikhberg,misha goikhberg,48,1.0,47,108.502,25.04,41.036,42.426,,GF,24,81.9,92.84,69.0,False,363
imsa,2024,Watkins Glen,Watkins Glen International,race,621,78,GTD,Misha Goikhberg,misha goikhberg,49,1.0,48,108.799,25.138,40.793,42.868,,GF,25,81.8,92.48,68.0,False,363
imsa,2024,Watkins Glen,Watkins Glen International,race,621,78,GTD,Misha Goikhberg,misha goikhberg,50,1.0,49,108.528,25.206,40.871,42.451,,GF,26,81.6,91.94,67.0,False,363
imsa,2024,Watkins Glen,Watkins Glen International,race,621,78,GTD,Misha Goikhberg,misha goikhberg,51,1.0,50,162.951,25.065,40.952,96.934,,GF,27,81.4,91.76,68.0,False,363
imsa,2024,Watkins Glen,Watkins Glen International,race,621,78,GTD,Devlin Defrancesco,devlin defrancesco,52,2.0,0,125.01,39.221,43.263,42.526,71.118,GF,0,81.2,91.4,68.0,False,363
imsa,2024,Watkins Glen,Watkins Glen International,race,621,78,GTD,Devlin Defrancesco,devlin defrancesco,53,2.0,1,107.209,25.272,40.438,41.499,,GF,0,81.2,91.4,68.0,False,363
imsa,2024,Watkins Glen,Watkins Glen International,race,621,78,GTD,Devlin Defrancesco,devlin defrancesco,54,2.0,2,108.475,25.693,41.04,41.742,,GF,1,81.2,91.58,67.0,False,363
imsa,2024,Watkins Glen,Watkins Glen International,race,621,78,GTD,Devlin Defrancesco,devlin defrancesco,55,2.0,3,106.867,25.031,40.378,41.458,,GF,2,81.3,92.12,67.0,False,363
imsa,2024,Watkins Glen,Watkins Glen International,race,621,78,GTD,Devlin Defrancesco,devlin defrancesco,56,2.0,4,107.028,25.231,40.182,41.615,,GF,3,81.4,93.02,67.0,False,363
imsa,2024,Watkins Glen,Watkins Glen International,race,621,78,GTD,Devlin Defrancesco,devlin defrancesco,57,2.0,5,107.14,25.051,40.326,41.763,,GF,4,81.7,93.92,67.0,False,363
imsa,2024,Watkins Glen,Watkins Glen International,race,621,78,GTD,Devlin Defrancesco,devlin defrancesco,58,2.0,6,107.457,25.063,40.21,42.184,,GF,5,82.0,95.36,68.0,False,363
imsa,2024,Watkins Glen,Watkins Glen International,race,621,78,GTD,Devlin Defrancesco,devlin defrancesco,59,2.0,7,107.373,25.24,40.375,41.758,,GF,6,82.4,96.44,67.0,False,363
imsa,2024,Watkins Glen,Watkins Glen International,race,621,78,GTD,Devlin Defrancesco,devlin defrancesco,60,2.0,8,107.624,25.193,40.58,41.851,,GF,7,82.5,96.62,67.0,False,363
imsa,2024,Watkins Glen,Watkins Glen International,race,621,78,GTD,Devlin Defrancesco,devlin defrancesco,61,2.0,9,108.493,25.426,40.764,42.303,,GF,8,82.5,96.62,66.0,False,363
imsa,2024,Watkins Glen,Watkins Glen International,race,621,78,GTD,Devlin Defrancesco,devlin defrancesco,62,2.0,10,107.905,25.294,40.604,42.007,,GF,9,82.7,96.8,66.0,False,363
imsa,2024,Watkins Glen,Watkins Glen International,race,621,78,GTD,Devlin Defrancesco,devlin defrancesco,63,2.0,11,123.11,25.215,44.356,53.539,,FCY,10,82.9,97.16,66.0,False,363
imsa,2024,Watkins Glen,Watkins Glen International,race,621,78,GTD,Devlin Defrancesco,devlin defrancesco,64,2.0,12,161.328,43.971,59.538,57.819,,FCY,10,82.9,97.34,65.0,False,363
imsa,2024,Watkins Glen,Watkins Glen International,race,621,78,GTD,Devlin Defrancesco,devlin defrancesco,65,2.0,13,175.01,37.771,67.633,69.606,,FCY,10,83.0,97.52,66.0,False,363
imsa,2024,Watkins Glen,Watkins Glen International,race,621,78,GTD,Devlin Defrancesco,devlin defrancesco,66,2.0,14,209.053,62.674,77.877,68.502,,FCY,10,82.8,97.34,66.0,False,363
imsa,2024,Watkins Glen,Watkins Glen International,race,621,78,GTD,Devlin Defrancesco,devlin defrancesco,67,2.0,15,166.065,31.532,65.06,69.473,,FCY,10,82.7,96.62,64.0,False,363
imsa,2024,Watkins Glen,Watkins Glen International,race,621,78,GTD,Devlin Defrancesco,devlin defrancesco,68,2.0,16,179.037,34.964,68.879,75.194,,FCY,10,82.6,95.9,65.0,False,363
imsa,2024,Watkins Glen,Watkins Glen International,race,621,78,GTD,Devlin Defrancesco,devlin defrancesco,69,2.0,17,214.909,62.97,83.134,68.805,,FCY,10,82.5,95.72,64.0,False,363
imsa,2024,Watkins Glen,Watkins Glen International,race,621,78,GTD,Devlin Defrancesco,devlin defrancesco,70,2.0,18,168.197,41.318,63.072,63.807,,GF,10,82.5,95.9,64.0,False,363
imsa,2024,Watkins Glen,Watkins Glen International,race,621,78,GTD,Devlin Defrancesco,devlin defrancesco,71,2.0,19,110.711,26.038,42.406,42.267,,GF,11,82.6,96.08,64.0,False,363
imsa,2024,Watkins Glen,Watkins Glen International,race,621,78,GTD,Devlin Defrancesco,devlin defrancesco,72,2.0,20,108.334,25.344,41.204,41.786,,GF,12,82.6,96.08,65.0,False,363
imsa,2024,Watkins Glen,Watkins Glen International,race,621,78,GTD,Devlin Defrancesco,devlin defrancesco,73,2.0,21,106.912,24.997,40.299,41.616,,GF,13,82.6,96.08,65.0,False,363
imsa,2024,Watkins Glen,Watkins Glen International,race,621,78,GTD,Devlin Defrancesco,devlin defrancesco,74,2.0,22,107.459,25.073,40.436,41.95,,GF,14,82.7,95.54,65.0,False,363
imsa,2024,Watkins Glen,Watkins Glen International,race,621,78,GTD,Devlin Defrancesco,devlin defrancesco,75,2.0,23,107.15,25.065,40.272,41.813,,GF,15,82.6,95.18,65.0,False,363
imsa,2024,Watkins Glen,Watkins Glen International,race,621,78,GTD,Devlin Defrancesco,devlin defrancesco,76,2.0,24,112.168,25.012,41.444,45.712,,GF,16,82.6,95.0,66.0,False,363
imsa,2024,Watkins Glen,Watkins Glen International,race,621,78,GTD,Devlin Defrancesco,devlin defrancesco,77,2.0,25,110.797,25.359,43.044,42.394,,GF,17,82.5,94.1,67.0,False,363
imsa,2024,Watkins Glen,Watkins Glen International,race,621,78,GTD,Devlin Defrancesco,devlin defrancesco,78,2.0,26,108.351,25.201,41.358,41.792,,GF,18,82.3,93.74,66.0,False,363
imsa,2024,Watkins Glen,Watkins Glen International,race,621,78,GTD,Devlin Defrancesco,devlin defrancesco,79,2.0,27,107.967,25.001,40.946,42.02,,GF,19,82.0,93.02,66.0,False,363
imsa,2024,Watkins Glen,Watkins Glen International,race,621,78,GTD,Devlin Defrancesco,devlin defrancesco,80,2.0,28,109.51,25.177,41.481,42.852,,GF,20,81.5,92.66,66.0,False,363
imsa,2024,Watkins Glen,Watkins Glen International,race,621,78,GTD,Devlin Defrancesco,devlin defrancesco,81,2.0,29,109.489,25.528,41.44,42.521,,GF,21,80.7,91.94,68.0,False,363
imsa,2024,Watkins Glen,Watkins Glen International,race,621,78,GTD,Devlin Defrancesco,devlin defrancesco,82,2.0,30,114.405,25.703,43.807,44.895,,GF,22,79.9,91.76,69.0,False,363
imsa,2024,Watkins Glen,Watkins Glen International,race,621,78,GTD,Devlin Defrancesco,devlin defrancesco,83,2.0,31,114.626,26.74,43.167,44.719,,GF,23,79.3,89.06,73.0,False,363
imsa,2024,Watkins Glen,Watkins Glen International,race,621,78,GTD,Devlin Defrancesco,devlin defrancesco,84,2.0,32,142.604,31.996,45.256,65.352,,FCY,24,78.4,87.62,73.0,False,363
imsa,2024,Watkins Glen,Watkins Glen International,race,621,78,GTD,Devlin Defrancesco,devlin defrancesco,85,2.0,33,138.67,31.055,46.531,61.084,,FCY,24,77.8,86.36,75.0,False,363
imsa,2024,Watkins Glen,Watkins Glen International,race,621,78,GTD,Devlin Defrancesco,devlin defrancesco,86,2.0,34,183.321,30.598,47.892,104.831,,FCY,24,77.1,85.64,76.0,False,363
imsa,2024,Watkins Glen,Watkins Glen International,race,621,78,GTD,Devlin Defrancesco,devlin defrancesco,87,2.0,35,201.411,32.204,81.185,88.022,,FCY,24,76.8,84.92,77.0,False,363
imsa,2024,Watkins Glen,Watkins Glen International,race,621,78,GTD,Devlin Defrancesco,devlin defrancesco,88,2.0,36,238.686,32.342,69.05,137.294,,FCY,24,76.4,82.76,77.0,False,363
imsa,2024,Watkins Glen,Watkins Glen International,race,621,78,GTD,Devlin Defrancesco,devlin defrancesco,89,2.0,37,182.532,67.254,47.403,67.875,94.784,FCY,0,76.0,82.4,78.0,False,363
imsa,2024,Watkins Glen,Watkins Glen International,race,621,78,GTD,Devlin Defrancesco,devlin defrancesco,90,2.0,38,181.521,42.134,62.544,76.843,,FCY,0,76.0,82.4,77.0,False,363
imsa,2024,Watkins Glen,Watkins Glen International,race,621,78,GTD,Devlin Defrancesco,devlin defrancesco,91,2.0,39,182.521,53.491,72.45,56.58,,GF,0,76.0,82.04,77.0,False,363
imsa,2024,Watkins Glen,Watkins Glen International,race,621,78,GTD,Devlin Defrancesco,devlin defrancesco,92,2.0,40,112.187,26.233,43.338,42.616,,GF,1,76.0,81.68,78.0,False,363
imsa,2024,Watkins Glen,Watkins Glen International,race,621,78,GTD,Devlin Defrancesco,devlin defrancesco,93,2.0,41,123.119,25.95,41.411,55.758,,GF,2,76.0,81.5,77.0,False,363
imsa,2024,Watkins Glen,Watkins Glen International,race,621,78,GTD,Devlin Defrancesco,devlin defrancesco,94,2.0,42,127.463,40.638,42.537,44.288,29.8,GF,0,76.1,81.14,77.0,False,363
imsa,2024,Watkins Glen,Watkins Glen International,race,621,78,GTD,Devlin Defrancesco,devlin defrancesco,95,2.0,43,124.163,25.845,42.214,56.104,,FCY,0,76.0,80.42,79.0,False,363
imsa,2024,Watkins Glen,Watkins Glen International,race,621,78,GTD,Devlin Defrancesco,devlin defrancesco,96,2.0,44,143.15,36.842,49.85,56.458,,FCY,0,75.9,80.42,78.0,False,363
imsa,2024,Watkins Glen,Watkins Glen International,race,621,78,GTD,Devlin Defrancesco,devlin defrancesco,97,2.0,45,175.396,33.056,50.779,91.561,,FCY,0,75.7,80.06,79.0,False,363
imsa,2024,Watkins Glen,Watkins Glen International,race,621,78,GTD,Devlin Defrancesco,devlin defrancesco,98,2.0,46,210.595,38.293,72.584,99.718,,FCY,0,75.5,79.88,79.0,False,363
imsa,2024,Watkins Glen,Watkins Glen International,race,621,78,GTD,Devlin Defrancesco,devlin defrancesco,99,2.0,47,194.51,34.532,74.307,85.671,,FCY,0,75.4,79.7,80.0,False,363
imsa,2024,Watkins Glen,Watkins Glen International,race,621,78,GTD,Devlin Defrancesco,devlin defrancesco,100,2.0,48,165.428,44.641,71.342,49.445,,GF,0,75.6,79.7,78.0,False,363
imsa,2024,Watkins Glen,Watkins Glen International,race,621,78,GTD,Devlin Defrancesco,devlin defrancesco,101,2.0,49,113.971,28.278,42.312,43.381,,GF,1,75.7,79.7,78.0,False,363
imsa,2024,Watkins Glen,Watkins Glen International,race,621,78,GTD,Devlin Defrancesco,devlin defrancesco,102,2.0,50,110.793,27.116,41.231,42.446,,GF,2,76.0,79.88,77.0,False,363
imsa,2024,Watkins Glen,Watkins Glen International,race,621,78,GTD,Devlin Defrancesco,devlin defrancesco,103,2.0,51,111.979,27.772,41.749,42.458,,GF,3,76.2,80.06,77.0,False,363
imsa,2024,Watkins Glen,Watkins Glen International,race,621,78,GTD,Devlin Defrancesco,devlin defrancesco,104,2.0,52,109.121,25.7,41.412,42.009,,GF,4,76.5,80.6,76.0,False,363
imsa,2024,Watkins Glen,Watkins Glen International,race,621,78,GTD,Devlin Defrancesco,devlin defrancesco,105,2.0,53,109.657,26.533,41.332,41.792,,GF,5,76.7,80.96,76.0,False,363
imsa,2024,Watkins Glen,Watkins Glen International,race,621,78,GTD,Devlin Defrancesco,devlin defrancesco,106,2.0,54,108.175,25.312,40.885,41.978,,GF,6,76.9,81.68,75.0,False,363
imsa,2024,Watkins Glen,Watkins Glen International,race,621,78,GTD,Devlin Defrancesco,devlin defrancesco,107,2.0,55,109.96,25.29,42.324,42.346,,GF,7,77.0,81.68,75.0,False,363
imsa,2024,Watkins Glen,Watkins Glen International,race,621,78,GTD,Devlin Defrancesco,devlin defrancesco,108,2.0,56,108.555,25.391,40.964,42.2,,GF,8,77.2,82.76,75.0,False,363
imsa,2024,Watkins Glen,Watkins Glen International,race,621,78,GTD,Devlin Defrancesco,devlin defrancesco,109,2.0,57,149.523,25.73,41.154,82.639,,GF,9,77.4,82.76,73.0,False,363
imsa,2024,Watkins Glen,Watkins Glen International,race,621,78,GTD,Loris Spinelli,loris spinelli,110,3.0,0,122.922,38.414,42.026,42.482,55.992,GF,0,77.4,82.58,74.0,False,363
imsa,2024,Watkins Glen,Watkins Glen International,race,621,78,GTD,Loris Spinelli,loris spinelli,111,3.0,1,107.937,25.109,40.684,42.144,,GF,0,77.3,82.76,75.0,False,363
imsa,2024,Watkins Glen,Watkins Glen International,race,621,78,GTD,Loris Spinelli,loris spinelli,112,3.0,2,107.218,25.014,40.465,41.739,,GF,1,77.2,82.94,74.0,False,363
imsa,2024,Watkins Glen,Watkins Glen International,race,621,78,GTD,Loris Spinelli,loris spinelli,113,3.0,3,106.658,24.998,39.933,41.727,,GF,2,77.1,82.94,75.0,False,363
imsa,2024,Watkins Glen,Watkins Glen International,race,621,78,GTD,Loris Spinelli,loris spinelli,114,3.0,4,106.627,25.032,40.126,41.469,,GF,3,77.1,82.94,75.0,False,363
imsa,2024,Watkins Glen,Watkins Glen International,race,621,78,GTD,Loris Spinelli,loris spinelli,115,3.0,5,106.347,24.954,39.792,41.601,,GF,4,76.9,82.94,75.0,False,363
imsa,2024,Watkins Glen,Watkins Glen International,race,621,78,GTD,Loris Spinelli,loris spinelli,116,3.0,6,106.518,25.087,39.953,41.478,,GF,5,76.8,82.94,75.0,False,363
imsa,2024,Watkins Glen,Watkins Glen International,race,621,78,GTD,Loris Spinelli,loris spinelli,117,3.0,7,106.556,24.874,40.143,41.539,,GF,6,76.7,82.76,75.0,False,363
imsa,2024,Watkins Glen,Watkins Glen International,race,621,80,GTD,Salih Yoluc,salih yoluc,1,1.0,0,152.532,65.81,43.635,43.087,,GF,0,79.9,88.7,72.0,False,363
imsa,2024,Watkins Glen,Watkins Glen International,race,621,80,GTD,Salih Yoluc,salih yoluc,2,1.0,1,110.382,25.414,42.502,42.466,,GF,0,80.0,88.52,72.0,False,363
imsa,2024,Watkins Glen,Watkins Glen International,race,621,80,GTD,Salih Yoluc,salih yoluc,3,1.0,2,127.328,25.236,42.352,59.74,,FCY,1,80.0,88.7,72.0,False,363
imsa,2024,Watkins Glen,Watkins Glen International,race,621,80,GTD,Salih Yoluc,salih yoluc,4,1.0,3,141.738,36.106,53.832,51.8,,FCY,1,80.0,88.88,72.0,False,363
imsa,2024,Watkins Glen,Watkins Glen International,race,621,80,GTD,Salih Yoluc,salih yoluc,5,1.0,4,153.936,31.593,50.983,71.36,,FCY,1,80.1,89.06,73.0,False,363
imsa,2024,Watkins Glen,Watkins Glen International,race,621,80,GTD,Salih Yoluc,salih yoluc,6,1.0,5,186.174,66.484,72.153,47.537,,GF,1,80.2,89.78,72.0,False,363
imsa,2024,Watkins Glen,Watkins Glen International,race,621,80,GTD,Salih Yoluc,salih yoluc,7,1.0,6,109.362,25.231,41.936,42.195,,GF,2,80.3,90.5,72.0,False,363
imsa,2024,Watkins Glen,Watkins Glen International,race,621,80,GTD,Salih Yoluc,salih yoluc,8,1.0,7,108.767,25.124,41.247,42.396,,GF,3,80.3,90.68,72.0,False,363
imsa,2024,Watkins Glen,Watkins Glen International,race,621,80,GTD,Salih Yoluc,salih yoluc,9,1.0,8,109.374,25.245,41.484,42.645,,GF,4,80.3,91.4,72.0,False,363
imsa,2024,Watkins Glen,Watkins Glen International,race,621,80,GTD,Salih Yoluc,salih yoluc,10,1.0,9,108.582,25.246,41.21,42.126,,GF,5,80.5,91.94,72.0,False,363
imsa,2024,Watkins Glen,Watkins Glen International,race,621,80,GTD,Salih Yoluc,salih yoluc,11,1.0,10,108.228,25.186,40.958,42.084,,GF,6,80.7,93.02,72.0,False,363
imsa,2024,Watkins Glen,Watkins Glen International,race,621,80,GTD,Salih Yoluc,salih yoluc,12,1.0,11,109.818,25.207,41.514,43.097,,GF,7,80.9,93.38,72.0,False,363
imsa,2024,Watkins Glen,Watkins Glen International,race,621,80,GTD,Salih Yoluc,salih yoluc,13,1.0,12,109.774,25.21,42.068,42.496,,GF,8,81.2,93.74,72.0,False,363
imsa,2024,Watkins Glen,Watkins Glen International,race,621,80,GTD,Salih Yoluc,salih yoluc,14,1.0,13,108.652,25.237,41.226,42.189,,GF,9,81.4,93.92,71.0,False,363
imsa,2024,Watkins Glen,Watkins Glen International,race,621,80,GTD,Salih Yoluc,salih yoluc,15,1.0,14,108.595,25.246,41.014,42.335,,GF,10,81.5,94.1,71.0,False,363
imsa,2024,Watkins Glen,Watkins Glen International,race,621,80,GTD,Salih Yoluc,salih yoluc,16,1.0,15,111.97,25.521,41.923,44.526,,FCY,11,81.4,94.1,71.0,False,363
imsa,2024,Watkins Glen,Watkins Glen International,race,621,80,GTD,Salih Yoluc,salih yoluc,17,1.0,16,141.993,31.108,54.651,56.234,,FCY,11,81.3,94.1,71.0,False,363
imsa,2024,Watkins Glen,Watkins Glen International,race,621,80,GTD,Salih Yoluc,salih yoluc,18,1.0,17,193.026,34.403,79.856,78.767,,FCY,11,81.3,94.28,71.0,False,363
imsa,2024,Watkins Glen,Watkins Glen International,race,621,80,GTD,Salih Yoluc,salih yoluc,19,1.0,18,195.997,56.047,71.621,68.329,,FCY,11,81.3,94.1,71.0,False,363
imsa,2024,Watkins Glen,Watkins Glen International,race,621,80,GTD,Salih Yoluc,salih yoluc,20,1.0,19,191.447,35.248,49.564,106.635,,FCY,11,81.2,93.92,71.0,False,363
imsa,2024,Watkins Glen,Watkins Glen International,race,621,80,GTD,Salih Yoluc,salih yoluc,21,1.0,20,161.223,47.65,58.451,55.122,62.646,FCY,0,81.3,93.74,71.0,False,363
imsa,2024,Watkins Glen,Watkins Glen International,race,621,80,GTD,Salih Yoluc,salih yoluc,22,1.0,21,200.844,46.657,81.235,72.952,,FCY,0,81.2,93.2,71.0,False,363
imsa,2024,Watkins Glen,Watkins Glen International,race,621,80,GTD,Salih Yoluc,salih yoluc,23,1.0,22,216.486,60.545,72.731,83.21,,FCY,0,81.0,92.84,71.0,False,363
imsa,2024,Watkins Glen,Watkins Glen International,race,621,80,GTD,Salih Yoluc,salih yoluc,24,1.0,23,175.273,60.439,67.018,47.816,,GF,0,80.8,92.48,72.0,False,363
imsa,2024,Watkins Glen,Watkins Glen International,race,621,80,GTD,Salih Yoluc,salih yoluc,25,1.0,24,109.282,25.243,41.501,42.538,,GF,1,80.8,92.3,72.0,False,363
imsa,2024,Watkins Glen,Watkins Glen International,race,621,80,GTD,Salih Yoluc,salih yoluc,26,1.0,25,108.511,25.218,41.131,42.162,,GF,2,80.8,92.3,72.0,False,363
imsa,2024,Watkins Glen,Watkins Glen International,race,621,80,GTD,Salih Yoluc,salih yoluc,27,1.0,26,109.779,25.13,41.64,43.009,,GF,3,80.8,92.3,72.0,False,363
imsa,2024,Watkins Glen,Watkins Glen International,race,621,80,GTD,Salih Yoluc,salih yoluc,28,1.0,27,109.62,25.184,41.868,42.568,,GF,4,80.8,92.48,71.0,False,363
imsa,2024,Watkins Glen,Watkins Glen International,race,621,80,GTD,Salih Yoluc,salih yoluc,29,1.0,28,109.23,25.132,41.791,42.307,,GF,5,80.8,92.3,71.0,False,363
imsa,2024,Watkins Glen,Watkins Glen International,race,621,80,GTD,Salih Yoluc,salih yoluc,30,1.0,29,109.815,25.185,41.449,43.181,,GF,6,80.7,92.12,72.0,False,363
imsa,2024,Watkins Glen,Watkins Glen International,race,621,80,GTD,Salih Yoluc,salih yoluc,31,1.0,30,113.936,25.515,43.646,44.775,,GF,7,80.7,92.12,72.0,False,363
imsa,2024,Watkins Glen,Watkins Glen International,race,621,80,GTD,Salih Yoluc,salih yoluc,32,1.0,31,109.717,25.861,41.54,42.316,,GF,8,80.8,92.3,72.0,False,363
imsa,2024,Watkins Glen,Watkins Glen International,race,621,80,GTD,Salih Yoluc,salih yoluc,33,1.0,32,108.387,25.105,40.847,42.435,,GF,9,80.9,92.66,71.0,False,363
imsa,2024,Watkins Glen,Watkins Glen International,race,621,80,GTD,Salih Yoluc,salih yoluc,34,1.0,33,109.854,25.133,41.658,43.063,,GF,10,80.9,92.84,71.0,False,363
imsa,2024,Watkins Glen,Watkins Glen International,race,621,80,GTD,Salih Yoluc,salih yoluc,35,1.0,34,109.767,25.162,41.275,43.33,,GF,11,81.0,93.2,70.0,False,363
imsa,2024,Watkins Glen,Watkins Glen International,race,621,80,GTD,Salih Yoluc,salih yoluc,36,1.0,35,110.017,25.271,41.943,42.803,,GF,12,81.1,93.38,71.0,False,363
imsa,2024,Watkins Glen,Watkins Glen International,race,621,80,GTD,Salih Yoluc,salih yoluc,37,1.0,36,109.543,25.252,41.332,42.959,,GF,13,81.3,93.38,71.0,False,363
imsa,2024,Watkins Glen,Watkins Glen International,race,621,80,GTD,Salih Yoluc,salih yoluc,38,1.0,37,110.131,25.165,41.942,43.024,,GF,14,81.4,93.2,71.0,False,363
imsa,2024,Watkins Glen,Watkins Glen International,race,621,80,GTD,Salih Yoluc,salih yoluc,39,1.0,38,109.667,25.243,41.83,42.594,,GF,15,81.5,93.2,71.0,False,363
imsa,2024,Watkins Glen,Watkins Glen International,race,621,80,GTD,Salih Yoluc,salih yoluc,40,1.0,39,109.803,25.498,41.601,42.704,,GF,16,81.6,93.2,70.0,False,363
imsa,2024,Watkins Glen,Watkins Glen International,race,621,80,GTD,Salih Yoluc,salih yoluc,41,1.0,40,110.235,25.044,41.821,43.37,,GF,17,81.7,93.56,70.0,False,363
imsa,2024,Watkins Glen,Watkins Glen International,race,621,80,GTD,Salih Yoluc,salih yoluc,42,1.0,41,109.573,25.127,41.961,42.485,,GF,18,81.8,93.56,70.0,False,363
imsa,2024,Watkins Glen,Watkins Glen International,race,621,80,GTD,Salih Yoluc,salih yoluc,43,1.0,42,109.409,25.123,41.263,43.023,,GF,19,81.8,93.74,69.0,False,363
imsa,2024,Watkins Glen,Watkins Glen International,race,621,80,GTD,Salih Yoluc,salih yoluc,44,1.0,43,109.201,25.262,41.494,42.445,,GF,20,81.7,93.74,69.0,False,363
imsa,2024,Watkins Glen,Watkins Glen International,race,621,80,GTD,Salih Yoluc,salih yoluc,45,1.0,44,109.337,25.056,40.924,43.357,,GF,21,81.7,93.56,68.0,False,363
imsa,2024,Watkins Glen,Watkins Glen International,race,621,80,GTD,Salih Yoluc,salih yoluc,46,1.0,45,110.695,27.085,41.299,42.311,,GF,22,81.6,93.38,68.0,False,363
imsa,2024,Watkins Glen,Watkins Glen International,race,621,80,GTD,Salih Yoluc,salih yoluc,47,1.0,46,110.094,25.028,41.849,43.217,,GF,23,81.8,93.2,69.0,False,363
imsa,2024,Watkins Glen,Watkins Glen International,race,621,80,GTD,Salih Yoluc,salih yoluc,48,1.0,47,109.476,25.105,42.146,42.225,,GF,24,81.8,92.66,68.0,False,363
imsa,2024,Watkins Glen,Watkins Glen International,race,621,80,GTD,Salih Yoluc,salih yoluc,49,1.0,48,108.099,25.005,41.08,42.014,,GF,25,81.8,92.3,68.0,False,363
imsa,2024,Watkins Glen,Watkins Glen International,race,621,80,GTD,Salih Yoluc,salih yoluc,50,1.0,49,107.44,24.927,40.655,41.858,,GF,26,81.6,91.94,67.0,False,363
imsa,2024,Watkins Glen,Watkins Glen International,race,621,80,GTD,Salih Yoluc,salih yoluc,51,1.0,50,108.502,25.147,41.215,42.14,,GF,27,81.4,91.76,68.0,False,363
imsa,2024,Watkins Glen,Watkins Glen International,race,621,80,GTD,Salih Yoluc,salih yoluc,52,1.0,51,108.433,25.119,40.964,42.35,,GF,28,81.2,91.4,68.0,False,363
imsa,2024,Watkins Glen,Watkins Glen International,race,621,80,GTD,Salih Yoluc,salih yoluc,53,1.0,52,109.349,25.063,41.398,42.888,,GF,29,81.2,91.4,68.0,False,363
imsa,2024,Watkins Glen,Watkins Glen International,race,621,80,GTD,Salih Yoluc,salih yoluc,54,1.0,53,172.908,25.211,41.2,106.497,,GF,30,81.2,91.58,67.0,False,363
imsa,2024,Watkins Glen,Watkins Glen International,race,621,80,GTD,Rui Pinto de Andrade,rui pinto de andrade,55,2.0,0,128.842,40.131,44.679,44.032,80.605,GF,0,81.3,92.12,67.0,False,363
imsa,2024,Watkins Glen,Watkins Glen International,race,621,80,GTD,Rui Pinto de Andrade,rui pinto de andrade,56,2.0,1,110.323,25.617,41.994,42.712,,GF,0,81.5,93.56,67.0,False,363
imsa,2024,Watkins Glen,Watkins Glen International,race,621,80,GTD,Rui Pinto de Andrade,rui pinto de andrade,57,2.0,2,108.902,25.308,41.142,42.452,,GF,1,81.8,95.36,67.0,False,363
imsa,2024,Watkins Glen,Watkins Glen International,race,621,80,GTD,Rui Pinto de Andrade,rui pinto de andrade,58,2.0,3,109.634,25.281,41.735,42.618,,GF,2,82.2,96.26,67.0,False,363
imsa,2024,Watkins Glen,Watkins Glen International,race,621,80,GTD,Rui Pinto de Andrade,rui pinto de andrade,59,2.0,4,108.621,25.107,41.25,42.264,,GF,3,82.5,96.62,67.0,False,363
imsa,2024,Watkins Glen,Watkins Glen International,race,621,80,GTD,Rui Pinto de Andrade,rui pinto de andrade,60,2.0,5,108.811,25.267,41.284,42.26,,GF,4,82.5,96.62,66.0,False,363
imsa,2024,Watkins Glen,Watkins Glen International,race,621,80,GTD,Rui Pinto de Andrade,rui pinto de andrade,61,2.0,6,108.401,25.238,41.172,41.991,,GF,5,82.6,96.8,67.0,False,363
imsa,2024,Watkins Glen,Watkins Glen International,race,621,80,GTD,Rui Pinto de Andrade,rui pinto de andrade,62,2.0,7,113.459,25.207,41.241,47.011,,FCY,6,82.8,96.98,66.0,False,363
imsa,2024,Watkins Glen,Watkins Glen International,race,621,80,GTD,Rui Pinto de Andrade,rui pinto de andrade,63,2.0,8,135.389,29.032,51.529,54.828,,FCY,6,82.9,97.16,65.0,False,363
imsa,2024,Watkins Glen,Watkins Glen International,race,621,80,GTD,Rui Pinto de Andrade,rui pinto de andrade,64,2.0,9,223.278,64.908,90.595,67.775,,FCY,6,83.0,97.52,66.0,False,363
imsa,2024,Watkins Glen,Watkins Glen International,race,621,80,GTD,Rui Pinto de Andrade,rui pinto de andrade,65,2.0,10,117.242,28.882,44.463,43.897,,FCY,6,83.0,97.52,65.0,False,363
imsa,2024,Watkins Glen,Watkins Glen International,race,621,80,GTD,Rui Pinto de Andrade,rui pinto de andrade,66,2.0,11,153.305,27.672,59.328,66.305,,FCY,6,82.7,97.16,64.0,False,363
imsa,2024,Watkins Glen,Watkins Glen International,race,621,80,GTD,Rui Pinto de Andrade,rui pinto de andrade,67,2.0,12,194.533,30.833,58.953,104.747,,FCY,6,82.7,96.44,64.0,False,363
imsa,2024,Watkins Glen,Watkins Glen International,race,621,80,GTD,Rui Pinto de Andrade,rui pinto de andrade,68,2.0,13,154.533,42.215,48.493,63.825,61.236,FCY,0,82.6,95.9,65.0,False,363
imsa,2024,Watkins Glen,Watkins Glen International,race,621,80,GTD,Rui Pinto de Andrade,rui pinto de andrade,69,2.0,14,203.031,60.576,75.299,67.156,,FCY,0,82.5,95.72,64.0,False,363
imsa,2024,Watkins Glen,Watkins Glen International,race,621,80,GTD,Rui Pinto de Andrade,rui pinto de andrade,70,2.0,15,150.898,40.336,61.121,49.441,,GF,0,82.5,95.9,64.0,False,363
imsa,2024,Watkins Glen,Watkins Glen International,race,621,80,GTD,Rui Pinto de Andrade,rui pinto de andrade,71,2.0,16,113.507,25.816,44.112,43.579,,GF,1,82.6,96.08,64.0,False,363
imsa,2024,Watkins Glen,Watkins Glen International,race,621,80,GTD,Rui Pinto de Andrade,rui pinto de andrade,72,2.0,17,111.559,25.433,43.402,42.724,,GF,2,82.6,96.08,65.0,False,363
imsa,2024,Watkins Glen,Watkins Glen International,race,621,80,GTD,Rui Pinto de Andrade,rui pinto de andrade,73,2.0,18,109.048,25.243,41.281,42.524,,GF,3,82.6,96.08,65.0,False,363
imsa,2024,Watkins Glen,Watkins Glen International,race,621,80,GTD,Rui Pinto de Andrade,rui pinto de andrade,74,2.0,19,109.141,25.171,41.488,42.482,,GF,4,82.7,95.54,65.0,False,363
imsa,2024,Watkins Glen,Watkins Glen International,race,621,80,GTD,Rui Pinto de Andrade,rui pinto de andrade,75,2.0,20,109.136,25.215,41.447,42.474,,GF,5,82.6,95.18,65.0,False,363
imsa,2024,Watkins Glen,Watkins Glen International,race,621,80,GTD,Rui Pinto de Andrade,rui pinto de andrade,76,2.0,21,115.476,25.189,43.957,46.33,,GF,6,82.5,94.28,67.0,False,363
imsa,2024,Watkins Glen,Watkins Glen International,race,621,80,GTD,Rui Pinto de Andrade,rui pinto de andrade,77,2.0,22,114.434,26.065,44.152,44.217,,GF,7,82.5,94.1,67.0,False,363
imsa,2024,Watkins Glen,Watkins Glen International,race,621,80,GTD,Rui Pinto de Andrade,rui pinto de andrade,78,2.0,23,112.374,25.25,43.132,43.992,,GF,8,82.3,93.74,66.0,False,363
imsa,2024,Watkins Glen,Watkins Glen International,race,621,80,GTD,Rui Pinto de Andrade,rui pinto de andrade,79,2.0,24,112.461,26.036,43.262,43.163,,GF,9,82.0,93.02,66.0,False,363
imsa,2024,Watkins Glen,Watkins Glen International,race,621,80,GTD,Rui Pinto de Andrade,rui pinto de andrade,80,2.0,25,113.42,25.289,44.552,43.579,,GF,10,81.0,92.48,67.0,False,363
imsa,2024,Watkins Glen,Watkins Glen International,race,621,80,GTD,Rui Pinto de Andrade,rui pinto de andrade,81,2.0,26,111.208,25.371,42.793,43.044,,GF,11,80.2,91.76,68.0,False,363
imsa,2024,Watkins Glen,Watkins Glen International,race,621,80,GTD,Rui Pinto de Andrade,rui pinto de andrade,82,2.0,27,114.947,25.478,43.399,46.07,,GF,12,79.9,91.76,69.0,False,363
imsa,2024,Watkins Glen,Watkins Glen International,race,621,80,GTD,Rui Pinto de Andrade,rui pinto de andrade,83,2.0,28,133.847,33.236,45.613,54.998,,FCY,13,78.9,88.7,72.0,False,363
imsa,2024,Watkins Glen,Watkins Glen International,race,621,80,GTD,Rui Pinto de Andrade,rui pinto de andrade,84,2.0,29,171.469,36.537,59.877,75.055,,FCY,13,78.1,86.9,74.0,False,363
imsa,2024,Watkins Glen,Watkins Glen International,race,621,80,GTD,Rui Pinto de Andrade,rui pinto de andrade,85,2.0,30,200.556,34.339,65.108,101.109,,FCY,13,77.1,85.64,76.0,False,363
imsa,2024,Watkins Glen,Watkins Glen International,race,621,80,GTD,Rui Pinto de Andrade,rui pinto de andrade,86,2.0,31,158.306,49.119,49.827,59.36,,FCY,13,76.9,85.1,76.0,False,363
imsa,2024,Watkins Glen,Watkins Glen International,race,621,80,GTD,Rui Pinto de Andrade,rui pinto de andrade,87,2.0,32,137.932,31.517,48.656,57.759,,FCY,13,76.7,84.02,76.0,False,363
imsa,2024,Watkins Glen,Watkins Glen International,race,621,80,GTD,Rui Pinto de Andrade,rui pinto de andrade,88,2.0,33,264.145,34.71,54.718,174.717,,FCY,13,76.2,82.58,77.0,False,363
imsa,2024,Watkins Glen,Watkins Glen International,race,621,80,GTD,Rui Pinto de Andrade,rui pinto de andrade,89,2.0,34,140.958,43.646,48.629,48.683,110.562,FCY,0,76.0,82.4,78.0,False,363
imsa,2024,Watkins Glen,Watkins Glen International,race,621,80,GTD,Rui Pinto de Andrade,rui pinto de andrade,90,2.0,35,190.629,30.79,47.518,112.321,,FCY,0,76.0,82.22,78.0,False,363
imsa,2024,Watkins Glen,Watkins Glen International,race,621,80,GTD,Rui Pinto de Andrade,rui pinto de andrade,91,2.0,36,145.451,44.258,47.011,54.182,67.769,GF,0,76.0,82.04,77.0,False,363
imsa,2024,Watkins Glen,Watkins Glen International,race,621,80,GTD,Rui Pinto de Andrade,rui pinto de andrade,92,2.0,37,113.326,27.42,42.673,43.233,,GF,0,76.0,81.68,78.0,False,363
imsa,2024,Watkins Glen,Watkins Glen International,race,621,80,GTD,Rui Pinto de Andrade,rui pinto de andrade,93,2.0,38,110.845,26.51,41.818,42.517,,GF,1,76.0,81.5,77.0,False,363
imsa,2024,Watkins Glen,Watkins Glen International,race,621,80,GTD,Rui Pinto de Andrade,rui pinto de andrade,94,2.0,39,114.272,25.859,43.775,44.638,,GF,2,76.1,81.14,77.0,False,363
imsa,2024,Watkins Glen,Watkins Glen International,race,621,80,GTD,Rui Pinto de Andrade,rui pinto de andrade,95,2.0,40,127.886,25.606,42.247,60.033,,FCY,3,76.0,80.42,79.0,False,363
imsa,2024,Watkins Glen,Watkins Glen International,race,621,80,GTD,Rui Pinto de Andrade,rui pinto de andrade,96,2.0,41,149.94,45.457,49.451,55.032,30.163,FCY,0,75.9,80.42,78.0,False,363
imsa,2024,Watkins Glen,Watkins Glen International,race,621,80,GTD,Rui Pinto de Andrade,rui pinto de andrade,97,2.0,42,175.157,33.446,51.178,90.533,,FCY,0,75.7,80.06,79.0,False,363
imsa,2024,Watkins Glen,Watkins Glen International,race,621,80,GTD,Rui Pinto de Andrade,rui pinto de andrade,98,2.0,43,210.603,38.599,72.763,99.241,,FCY,0,75.5,79.88,79.0,False,363
imsa,2024,Watkins Glen,Watkins Glen International,race,621,80,GTD,Rui Pinto de Andrade,rui pinto de andrade,99,2.0,44,194.631,34.995,74.152,85.484,,FCY,0,75.4,79.7,80.0,False,363
imsa,2024,Watkins Glen,Watkins Glen International,race,621,80,GTD,Rui Pinto de Andrade,rui pinto de andrade,100,2.0,45,165.05,44.632,70.979,49.439,,GF,0,75.6,79.7,78.0,False,363
imsa,2024,Watkins Glen,Watkins Glen International,race,621,80,GTD,Rui Pinto de Andrade,rui pinto de andrade,101,2.0,46,114.166,28.616,42.326,43.224,,GF,1,75.7,79.7,78.0,False,363
imsa,2024,Watkins Glen,Watkins Glen International,race,621,80,GTD,Rui Pinto de Andrade,rui pinto de andrade,102,2.0,47,111.996,28.09,41.561,42.345,,GF,2,76.0,79.88,77.0,False,363
imsa,2024,Watkins Glen,Watkins Glen International,race,621,80,GTD,Rui Pinto de Andrade,rui pinto de andrade,103,2.0,48,112.698,26.424,42.6,43.674,,GF,3,76.2,80.06,77.0,False,363
imsa,2024,Watkins Glen,Watkins Glen International,race,621,80,GTD,Rui Pinto de Andrade,rui pinto de andrade,104,2.0,49,109.874,26.245,41.262,42.367,,GF,4,76.5,80.6,76.0,False,363
imsa,2024,Watkins Glen,Watkins Glen International,race,621,80,GTD,Rui Pinto de Andrade,rui pinto de andrade,105,2.0,50,108.693,25.437,41.148,42.108,,GF,5,76.7,80.96,76.0,False,363
imsa,2024,Watkins Glen,Watkins Glen International,race,621,80,GTD,Rui Pinto de Andrade,rui pinto de andrade,106,2.0,51,108.313,25.616,40.623,42.074,,GF,6,76.9,81.68,75.0,False,363
imsa,2024,Watkins Glen,Watkins Glen International,race,621,80,GTD,Rui Pinto de Andrade,rui pinto de andrade,107,2.0,52,109.738,25.403,41.823,42.512,,GF,7,77.0,81.68,75.0,False,363
imsa,2024,Watkins Glen,Watkins Glen International,race,621,80,GTD,Rui Pinto de Andrade,rui pinto de andrade,108,2.0,53,108.774,25.184,41.301,42.289,,GF,8,77.2,82.76,75.0,False,363
imsa,2024,Watkins Glen,Watkins Glen International,race,621,80,GTD,Rui Pinto de Andrade,rui pinto de andrade,109,2.0,54,108.848,25.126,41.356,42.366,,GF,9,77.4,82.76,73.0,False,363
imsa,2024,Watkins Glen,Watkins Glen International,race,621,80,GTD,Rui Pinto de Andrade,rui pinto de andrade,110,2.0,55,108.446,25.099,41.111,42.236,,GF,10,77.4,82.58,74.0,False,363
imsa,2024,Watkins Glen,Watkins Glen International,race,621,80,GTD,Rui Pinto de Andrade,rui pinto de andrade,111,2.0,56,108.428,25.039,41.368,42.021,,GF,11,77.3,82.58,74.0,False,363
imsa,2024,Watkins Glen,Watkins Glen International,race,621,80,GTD,Rui Pinto de Andrade,rui pinto de andrade,112,2.0,57,107.941,25.056,40.891,41.994,,GF,12,77.2,82.76,74.0,False,363
imsa,2024,Watkins Glen,Watkins Glen International,race,621,80,GTD,Rui Pinto de Andrade,rui pinto de andrade,113,2.0,58,107.561,25.056,40.49,42.015,,GF,13,77.1,82.76,74.0,False,363
imsa,2024,Watkins Glen,Watkins Glen International,race,621,80,GTD,Rui Pinto de Andrade,rui pinto de andrade,114,2.0,59,107.757,25.057,40.66,42.04,,GF,14,77.1,82.94,75.0,False,363
imsa,2024,Watkins Glen,Watkins Glen International,race,621,80,GTD,Rui Pinto de Andrade,rui pinto de andrade,115,2.0,60,107.838,24.901,40.406,42.531,,GF,15,77.0,82.94,75.0,False,363
imsa,2024,Watkins Glen,Watkins Glen International,race,621,80,GTD,Rui Pinto de Andrade,rui pinto de andrade,116,2.0,61,108.103,25.154,40.659,42.29,,GF,16,76.8,83.12,75.0,False,363
imsa,2024,Watkins Glen,Watkins Glen International,race,621,80,GTD,Rui Pinto de Andrade,rui pinto de andrade,117,2.0,62,107.881,24.983,40.685,42.213,,GF,17,76.7,82.76,75.0,False,363
imsa,2024,Watkins Glen,Watkins Glen International,race,621,80,GTD,Rui Pinto de Andrade,rui pinto de andrade,118,2.0,63,183.426,24.995,40.698,117.733,,FCY,18,75.9,80.24,78.0,False,363
imsa,2024,Watkins Glen,Watkins Glen International,race,621,80,GTD,Scott Andrews,scott andrews,119,3.0,0,301.455,80.363,111.41,109.682,84.329,FCY,0,73.7,78.8,82.0,False,363
imsa,2024,Watkins Glen,Watkins Glen International,race,621,80,GTD,Scott Andrews,scott andrews,120,3.0,1,264.073,75.832,93.826,94.415,,FCY,0,73.1,78.62,84.0,False,363
imsa,2024,Watkins Glen,Watkins Glen International,race,621,80,GTD,Scott Andrews,scott andrews,121,3.0,2,276.802,64.024,88.197,124.581,,FCY,0,72.7,77.72,85.0,False,363
imsa,2024,Watkins Glen,Watkins Glen International,race,621,80,GTD,Scott Andrews,scott andrews,122,3.0,3,382.098,108.209,128.391,145.498,,FCY,0,72.2,75.92,86.0,False,363
imsa,2024,Watkins Glen,Watkins Glen International,race,621,80,GTD,Scott Andrews,scott andrews,123,3.0,4,2950.428,107.525,2773.888,69.015,2184.895,FCY,0,75.8,83.84,82.0,False,363
imsa,2024,Watkins Glen,Watkins Glen International,race,621,80,GTD,Scott Andrews,scott andrews,124,3.0,5,199.998,32.855,50.761,116.382,,FCY,0,76.0,84.56,81.0,False,363
imsa,2024,Watkins Glen,Watkins Glen International,race,621,80,GTD,Scott Andrews,scott andrews,125,3.0,6,146.706,40.753,47.245,58.708,76.336,FCY,0,76.2,85.46,81.0,False,363
imsa,2024,Watkins Glen,Watkins Glen International,race,621,80,GTD,Scott Andrews,scott andrews,126,3.0,7,203.131,51.078,70.107,81.946,,FCY,0,76.6,87.08,80.0,False,363
imsa,2024,Watkins Glen,Watkins Glen International,race,621,80,GTD,Scott Andrews,scott andrews,127,3.0,8,209.128,64.126,66.644,78.358,,FCY,0,77.2,88.52,80.0,False,363
imsa,2024,Watkins Glen,Watkins Glen International,race,621,80,GTD,Scott Andrews,scott andrews,128,3.0,9,205.244,59.703,74.101,71.44,,FCY,0,77.3,88.16,79.0,False,363
imsa,2024,Watkins Glen,Watkins Glen International,race,621,80,GTD,Scott Andrews,scott andrews,129,3.0,10,188.075,59.186,76.486,52.403,,GF,0,77.2,88.52,79.0,False,363
imsa,2024,Watkins Glen,Watkins Glen International,race,621,80,GTD,Scott Andrews,scott andrews,130,3.0,11,107.912,25.39,40.973,41.549,,GF,1,77.0,87.98,78.0,False,363
imsa,2024,Watkins Glen,Watkins Glen International,race,621,80,GTD,Scott Andrews,scott andrews,131,3.0,12,109.915,25.085,41.332,43.498,,GF,2,77.0,88.34,79.0,False,363
imsa,2024,Watkins Glen,Watkins Glen International,race,621,80,GTD,Scott Andrews,scott andrews,132,3.0,13,107.224,25.106,40.305,41.813,,GF,3,77.0,87.98,79.0,False,363
imsa,2024,Watkins Glen,Watkins Glen International,race,621,80,GTD,Scott Andrews,scott andrews,133,3.0,14,106.801,25.041,40.087,41.673,,GF,4,77.0,87.62,79.0,False,363
imsa,2024,Watkins Glen,Watkins Glen International,race,621,80,GTD,Scott Andrews,scott andrews,134,3.0,15,106.639,24.997,39.975,41.667,,GF,5,76.8,87.08,79.0,False,363
imsa,2024,Watkins Glen,Watkins Glen International,race,621,80,GTD,Scott Andrews,scott andrews,135,3.0,16,107.651,25.04,40.648,41.963,,GF,6,76.7,86.72,79.0,False,363
imsa,2024,Watkins Glen,Watkins Glen International,race,621,80,GTD,Scott Andrews,scott andrews,136,3.0,17,108.809,25.308,41.489,42.012,,GF,7,76.6,86.72,79.0,False,363
imsa,2024,Watkins Glen,Watkins Glen International,race,621,80,GTD,Scott Andrews,scott andrews,137,3.0,18,108.366,25.068,41.359,41.939,,GF,8,76.5,86.18,79.0,False,363
imsa,2024,Watkins Glen,Watkins Glen International,race,621,80,GTD,Scott Andrews,scott andrews,138,3.0,19,108.245,25.128,40.572,42.545,,GF,9,76.5,86.0,80.0,False,363
imsa,2024,Watkins Glen,Watkins Glen International,race,621,80,GTD,Scott Andrews,scott andrews,139,3.0,20,107.892,25.142,40.742,42.008,,FF,10,76.5,86.0,80.0,False,363
imsa,2024,Watkins Glen,Watkins Glen International,race,621,83,GTD,Rahel Frey,rahel frey,1,1.0,0,156.175,67.948,44.661,43.566,,GF,0,79.9,88.7,72.0,False,363
imsa,2024,Watkins Glen,Watkins Glen International,race,621,83,GTD,Rahel Frey,rahel frey,2,1.0,1,111.307,25.764,42.505,43.038,,GF,0,80.0,88.52,72.0,False,363
imsa,2024,Watkins Glen,Watkins Glen International,race,621,83,GTD,Rahel Frey,rahel frey,3,1.0,2,128.782,25.61,43.896,59.276,,FCY,1,80.0,88.7,72.0,False,363
imsa,2024,Watkins Glen,Watkins Glen International,race,621,83,GTD,Rahel Frey,rahel frey,4,1.0,3,146.212,37.822,55.833,52.557,,FCY,1,80.0,88.88,72.0,False,363
imsa,2024,Watkins Glen,Watkins Glen International,race,621,83,GTD,Rahel Frey,rahel frey,5,1.0,4,151.922,28.793,53.207,69.922,,FCY,1,80.1,89.06,73.0,False,363
imsa,2024,Watkins Glen,Watkins Glen International,race,621,83,GTD,Rahel Frey,rahel frey,6,1.0,5,183.233,68.168,68.589,46.476,,GF,1,80.2,89.78,72.0,False,363
imsa,2024,Watkins Glen,Watkins Glen International,race,621,83,GTD,Rahel Frey,rahel frey,7,1.0,6,109.818,25.609,41.628,42.581,,GF,2,80.3,90.5,72.0,False,363
imsa,2024,Watkins Glen,Watkins Glen International,race,621,83,GTD,Rahel Frey,rahel frey,8,1.0,7,109.725,25.421,41.88,42.424,,GF,3,80.3,90.68,72.0,False,363
imsa,2024,Watkins Glen,Watkins Glen International,race,621,83,GTD,Rahel Frey,rahel frey,9,1.0,8,108.605,25.291,40.961,42.353,,GF,4,80.3,91.4,72.0,False,363
imsa,2024,Watkins Glen,Watkins Glen International,race,621,83,GTD,Rahel Frey,rahel frey,10,1.0,9,109.25,25.351,40.937,42.962,,GF,5,80.5,91.94,72.0,False,363
imsa,2024,Watkins Glen,Watkins Glen International,race,621,83,GTD,Rahel Frey,rahel frey,11,1.0,10,109.538,25.368,41.122,43.048,,GF,6,80.7,93.02,72.0,False,363
imsa,2024,Watkins Glen,Watkins Glen International,race,621,83,GTD,Rahel Frey,rahel frey,12,1.0,11,111.311,25.556,43.343,42.412,,GF,7,81.1,93.92,72.0,False,363
imsa,2024,Watkins Glen,Watkins Glen International,race,621,83,GTD,Rahel Frey,rahel frey,13,1.0,12,109.717,25.419,41.46,42.838,,GF,8,81.2,93.74,72.0,False,363
imsa,2024,Watkins Glen,Watkins Glen International,race,621,83,GTD,Rahel Frey,rahel frey,14,1.0,13,111.193,25.472,41.624,44.097,,GF,9,81.4,93.92,71.0,False,363
imsa,2024,Watkins Glen,Watkins Glen International,race,621,83,GTD,Rahel Frey,rahel frey,15,1.0,14,110.562,26.01,41.474,43.078,,GF,10,81.5,94.1,71.0,False,363
imsa,2024,Watkins Glen,Watkins Glen International,race,621,83,GTD,Rahel Frey,rahel frey,16,1.0,15,116.559,25.519,43.099,47.941,,FCY,11,81.4,94.1,71.0,False,363
imsa,2024,Watkins Glen,Watkins Glen International,race,621,83,GTD,Rahel Frey,rahel frey,17,1.0,16,135.002,31.526,47.289,56.187,,FCY,11,81.3,94.1,71.0,False,363
imsa,2024,Watkins Glen,Watkins Glen International,race,621,83,GTD,Rahel Frey,rahel frey,18,1.0,17,192.129,32.588,81.98,77.561,,FCY,11,81.3,94.28,71.0,False,363
imsa,2024,Watkins Glen,Watkins Glen International,race,621,83,GTD,Rahel Frey,rahel frey,19,1.0,18,197.786,55.046,73.437,69.303,,FCY,11,81.3,94.1,71.0,False,363
imsa,2024,Watkins Glen,Watkins Glen International,race,621,83,GTD,Rahel Frey,rahel frey,20,1.0,19,150.367,28.359,49.486,72.522,,FCY,11,81.2,93.92,71.0,False,363
imsa,2024,Watkins Glen,Watkins Glen International,race,621,83,GTD,Sarah Bovy,sarah bovy,21,2.0,0,194.946,80.211,58.593,56.142,64.035,FCY,0,81.3,93.74,71.0,False,363
imsa,2024,Watkins Glen,Watkins Glen International,race,621,83,GTD,Sarah Bovy,sarah bovy,22,2.0,1,198.248,45.328,80.836,72.084,,FCY,0,81.2,93.2,71.0,False,363
imsa,2024,Watkins Glen,Watkins Glen International,race,621,83,GTD,Sarah Bovy,sarah bovy,23,2.0,2,216.04,61.59,72.071,82.379,,FCY,0,81.0,92.84,71.0,False,363
imsa,2024,Watkins Glen,Watkins Glen International,race,621,83,GTD,Sarah Bovy,sarah bovy,24,2.0,3,175.852,62.843,65.034,47.975,,GF,0,80.8,92.48,72.0,False,363
imsa,2024,Watkins Glen,Watkins Glen International,race,621,83,GTD,Sarah Bovy,sarah bovy,25,2.0,4,109.202,25.519,41.214,42.469,,GF,1,80.8,92.3,72.0,False,363
imsa,2024,Watkins Glen,Watkins Glen International,race,621,83,GTD,Sarah Bovy,sarah bovy,26,2.0,5,109.357,25.554,41.325,42.478,,GF,2,80.8,92.3,72.0,False,363
imsa,2024,Watkins Glen,Watkins Glen International,race,621,83,GTD,Sarah Bovy,sarah bovy,27,2.0,6,109.034,25.449,41.317,42.268,,GF,3,80.8,92.3,72.0,False,363
imsa,2024,Watkins Glen,Watkins Glen International,race,621,83,GTD,Sarah Bovy,sarah bovy,28,2.0,7,108.608,25.404,40.977,42.227,,GF,4,80.8,92.48,71.0,False,363
imsa,2024,Watkins Glen,Watkins Glen International,race,621,83,GTD,Sarah Bovy,sarah bovy,29,2.0,8,108.501,25.355,40.964,42.182,,GF,5,80.8,92.3,71.0,False,363
imsa,2024,Watkins Glen,Watkins Glen International,race,621,83,GTD,Sarah Bovy,sarah bovy,30,2.0,9,109.707,25.357,41.087,43.263,,GF,6,80.7,92.12,72.0,False,363
imsa,2024,Watkins Glen,Watkins Glen International,race,621,83,GTD,Sarah Bovy,sarah bovy,31,2.0,10,112.565,26.038,43.206,43.321,,GF,7,80.7,92.12,72.0,False,363
imsa,2024,Watkins Glen,Watkins Glen International,race,621,83,GTD,Sarah Bovy,sarah bovy,32,2.0,11,109.244,25.987,41.04,42.217,,GF,8,80.8,92.3,72.0,False,363
imsa,2024,Watkins Glen,Watkins Glen International,race,621,83,GTD,Sarah Bovy,sarah bovy,33,2.0,12,108.809,25.333,40.938,42.538,,GF,9,80.9,92.66,71.0,False,363
imsa,2024,Watkins Glen,Watkins Glen International,race,621,83,GTD,Sarah Bovy,sarah bovy,34,2.0,13,112.073,25.421,41.505,45.147,,GF,10,80.9,92.84,71.0,False,363
imsa,2024,Watkins Glen,Watkins Glen International,race,621,83,GTD,Sarah Bovy,sarah bovy,35,2.0,14,110.602,26.555,41.412,42.635,,GF,11,81.0,93.2,70.0,False,363
imsa,2024,Watkins Glen,Watkins Glen International,race,621,83,GTD,Sarah Bovy,sarah bovy,36,2.0,15,109.043,25.466,41.127,42.45,,GF,12,81.1,93.38,71.0,False,363
imsa,2024,Watkins Glen,Watkins Glen International,race,621,83,GTD,Sarah Bovy,sarah bovy,37,2.0,16,109.453,25.521,41.082,42.85,,GF,13,81.3,93.38,71.0,False,363
imsa,2024,Watkins Glen,Watkins Glen International,race,621,83,GTD,Sarah Bovy,sarah bovy,38,2.0,17,110.129,25.618,41.536,42.975,,GF,14,81.4,93.2,71.0,False,363
imsa,2024,Watkins Glen,Watkins Glen International,race,621,83,GTD,Sarah Bovy,sarah bovy,39,2.0,18,111.322,25.431,42.313,43.578,,GF,15,81.5,93.2,71.0,False,363
imsa,2024,Watkins Glen,Watkins Glen International,race,621,83,GTD,Sarah Bovy,sarah bovy,40,2.0,19,111.119,26.368,41.506,43.245,,GF,16,81.6,93.2,70.0,False,363
imsa,2024,Watkins Glen,Watkins Glen International,race,621,83,GTD,Sarah Bovy,sarah bovy,41,2.0,20,109.117,25.725,41.105,42.287,,GF,17,81.7,93.56,70.0,False,363
imsa,2024,Watkins Glen,Watkins Glen International,race,621,83,GTD,Sarah Bovy,sarah bovy,42,2.0,21,108.825,25.48,41.029,42.316,,GF,18,81.8,93.56,70.0,False,363
imsa,2024,Watkins Glen,Watkins Glen International,race,621,83,GTD,Sarah Bovy,sarah bovy,43,2.0,22,108.397,25.358,40.79,42.249,,GF,19,81.8,93.74,69.0,False,363
imsa,2024,Watkins Glen,Watkins Glen International,race,621,83,GTD,Sarah Bovy,sarah bovy,44,2.0,23,110.114,25.363,41.462,43.289,,GF,20,81.7,93.74,69.0,False,363
imsa,2024,Watkins Glen,Watkins Glen International,race,621,83,GTD,Sarah Bovy,sarah bovy,45,2.0,24,109.127,25.498,41.153,42.476,,GF,21,81.7,93.56,68.0,False,363
imsa,2024,Watkins Glen,Watkins Glen International,race,621,83,GTD,Sarah Bovy,sarah bovy,46,2.0,25,112.404,26.314,43.537,42.553,,GF,22,81.6,93.38,68.0,False,363
imsa,2024,Watkins Glen,Watkins Glen International,race,621,83,GTD,Sarah Bovy,sarah bovy,47,2.0,26,110.016,25.535,42.108,42.373,,GF,23,81.8,93.2,69.0,False,363
imsa,2024,Watkins Glen,Watkins Glen International,race,621,83,GTD,Sarah Bovy,sarah bovy,48,2.0,27,108.583,25.435,41.001,42.147,,GF,24,81.8,92.66,68.0,False,363
imsa,2024,Watkins Glen,Watkins Glen International,race,621,83,GTD,Sarah Bovy,sarah bovy,49,2.0,28,108.298,25.478,40.777,42.043,,GF,25,81.8,92.3,68.0,False,363
imsa,2024,Watkins Glen,Watkins Glen International,race,621,83,GTD,Sarah Bovy,sarah bovy,50,2.0,29,108.391,25.405,40.919,42.067,,GF,26,81.5,91.76,67.0,False,363
imsa,2024,Watkins Glen,Watkins Glen International,race,621,83,GTD,Sarah Bovy,sarah bovy,51,2.0,30,108.317,25.213,40.83,42.274,,GF,27,81.4,91.76,68.0,False,363
imsa,2024,Watkins Glen,Watkins Glen International,race,621,83,GTD,Sarah Bovy,sarah bovy,52,2.0,31,108.461,25.373,40.922,42.166,,GF,28,81.2,91.4,68.0,False,363
imsa,2024,Watkins Glen,Watkins Glen International,race,621,83,GTD,Sarah Bovy,sarah bovy,53,2.0,32,109.793,25.31,41.612,42.871,,GF,29,81.2,91.4,68.0,False,363
imsa,2024,Watkins Glen,Watkins Glen International,race,621,83,GTD,Sarah Bovy,sarah bovy,54,2.0,33,110.573,26.12,41.69,42.763,,GF,30,81.2,91.4,68.0,False,363
imsa,2024,Watkins Glen,Watkins Glen International,race,621,83,GTD,Sarah Bovy,sarah bovy,55,2.0,34,109.177,25.361,41.248,42.568,,GF,31,81.3,91.94,67.0,False,363
imsa,2024,Watkins Glen,Watkins Glen International,race,621,83,GTD,Sarah Bovy,sarah bovy,56,2.0,35,121.635,25.438,40.909,55.288,,GF,32,81.4,93.02,67.0,False,363
imsa,2024,Watkins Glen,Watkins Glen International,race,621,83,GTD,Michelle Gatting,michelle gatting,57,3.0,0,171.218,84.746,43.338,43.134,75.445,GF,0,81.8,95.36,67.0,False,363
imsa,2024,Watkins Glen,Watkins Glen International,race,621,83,GTD,Michelle Gatting,michelle gatting,58,3.0,1,109.267,25.713,41.06,42.494,,GF,0,82.2,96.26,67.0,False,363
imsa,2024,Watkins Glen,Watkins Glen International,race,621,83,GTD,Michelle Gatting,michelle gatting,59,3.0,2,109.115,25.577,40.959,42.579,,GF,1,82.4,96.44,67.0,False,363
imsa,2024,Watkins Glen,Watkins Glen International,race,621,83,GTD,Michelle Gatting,michelle gatting,60,3.0,3,108.798,25.422,41.102,42.274,,GF,2,82.5,96.62,66.0,False,363
imsa,2024,Watkins Glen,Watkins Glen International,race,621,83,GTD,Michelle Gatting,michelle gatting,61,3.0,4,108.683,25.521,40.941,42.221,,GF,3,82.6,96.8,67.0,False,363
imsa,2024,Watkins Glen,Watkins Glen International,race,621,83,GTD,Michelle Gatting,michelle gatting,62,3.0,5,109.478,25.385,40.503,43.59,,FCY,4,82.8,96.98,66.0,False,363
imsa,2024,Watkins Glen,Watkins Glen International,race,621,83,GTD,Michelle Gatting,michelle gatting,63,3.0,6,141.542,34.162,52.666,54.714,,FCY,4,82.9,97.16,65.0,False,363
imsa,2024,Watkins Glen,Watkins Glen International,race,621,83,GTD,Michelle Gatting,michelle gatting,64,3.0,7,222.736,64.679,90.079,67.978,,FCY,4,83.0,97.52,65.0,False,363
imsa,2024,Watkins Glen,Watkins Glen International,race,621,83,GTD,Michelle Gatting,michelle gatting,65,3.0,8,114.956,28.739,43.061,43.156,,FCY,4,83.0,97.52,65.0,False,363
imsa,2024,Watkins Glen,Watkins Glen International,race,621,83,GTD,Michelle Gatting,michelle gatting,66,3.0,9,155.3,30.232,59.316,65.752,,FCY,4,82.7,97.16,64.0,False,363
imsa,2024,Watkins Glen,Watkins Glen International,race,621,83,GTD,Michelle Gatting,michelle gatting,67,3.0,10,152.237,28.659,60.038,63.54,,FCY,4,82.7,96.62,64.0,False,363
imsa,2024,Watkins Glen,Watkins Glen International,race,621,83,GTD,Michelle Gatting,michelle gatting,68,3.0,11,176.968,36.301,65.932,74.735,,FCY,4,82.6,95.9,65.0,False,363
imsa,2024,Watkins Glen,Watkins Glen International,race,621,83,GTD,Michelle Gatting,michelle gatting,69,3.0,12,213.792,66.428,79.629,67.735,,FCY,4,82.5,95.72,64.0,False,363
imsa,2024,Watkins Glen,Watkins Glen International,race,621,83,GTD,Michelle Gatting,michelle gatting,70,3.0,13,160.405,41.177,62.986,56.242,,GF,4,82.5,95.9,64.0,False,363
imsa,2024,Watkins Glen,Watkins Glen International,race,621,83,GTD,Michelle Gatting,michelle gatting,71,3.0,14,112.738,26.364,43.023,43.351,,GF,5,82.6,96.08,64.0,False,363
imsa,2024,Watkins Glen,Watkins Glen International,race,621,83,GTD,Michelle Gatting,michelle gatting,72,3.0,15,109.833,25.601,41.163,43.069,,GF,6,82.6,96.08,65.0,False,363
imsa,2024,Watkins Glen,Watkins Glen International,race,621,83,GTD,Michelle Gatting,michelle gatting,73,3.0,16,111.663,25.894,41.862,43.907,,GF,7,82.6,96.08,65.0,False,363
imsa,2024,Watkins Glen,Watkins Glen International,race,621,83,GTD,Michelle Gatting,michelle gatting,74,3.0,17,109.133,25.352,41.321,42.46,,GF,8,82.7,95.54,65.0,False,363
imsa,2024,Watkins Glen,Watkins Glen International,race,621,83,GTD,Michelle Gatting,michelle gatting,75,3.0,18,108.864,25.411,40.96,42.493,,GF,9,82.6,95.18,65.0,False,363
imsa,2024,Watkins Glen,Watkins Glen International,race,621,83,GTD,Michelle Gatting,michelle gatting,76,3.0,19,115.401,25.39,43.389,46.622,,GF,10,82.5,94.28,67.0,False,363
imsa,2024,Watkins Glen,Watkins Glen International,race,621,83,GTD,Michelle Gatting,michelle gatting,77,3.0,20,111.887,26.065,42.866,42.956,,GF,11,82.5,94.1,67.0,False,363
imsa,2024,Watkins Glen,Watkins Glen International,race,621,83,GTD,Michelle Gatting,michelle gatting,78,3.0,21,109.98,26.116,41.285,42.579,,GF,12,82.3,93.74,66.0,False,363
imsa,2024,Watkins Glen,Watkins Glen International,race,621,83,GTD,Michelle Gatting,michelle gatting,79,3.0,22,110.296,25.511,41.641,43.144,,GF,13,82.0,93.02,66.0,False,363
imsa,2024,Watkins Glen,Watkins Glen International,race,621,83,GTD,Michelle Gatting,michelle gatting,80,3.0,23,112.158,25.588,43.788,42.782,,GF,14,81.0,92.48,67.0,False,363
imsa,2024,Watkins Glen,Watkins Glen International,race,621,83,GTD,Michelle Gatting,michelle gatting,81,3.0,24,109.005,25.688,41.209,42.108,,GF,15,80.7,91.94,68.0,False,363
imsa,2024,Watkins Glen,Watkins Glen International,race,621,83,GTD,Michelle Gatting,michelle gatting,82,3.0,25,111.563,25.65,41.583,44.33,,GF,16,79.9,91.76,69.0,False,363
imsa,2024,Watkins Glen,Watkins Glen International,race,621,83,GTD,Michelle Gatting,michelle gatting,83,3.0,26,122.845,29.627,43.093,50.125,,FCY,17,79.3,89.06,73.0,False,363
imsa,2024,Watkins Glen,Watkins Glen International,race,621,83,GTD,Michelle Gatting,michelle gatting,84,3.0,27,149.253,33.551,51.713,63.989,,FCY,17,78.1,86.9,74.0,False,363
imsa,2024,Watkins Glen,Watkins Glen International,race,621,83,GTD,Michelle Gatting,michelle gatting,85,3.0,28,136.446,31.143,46.608,58.695,,FCY,17,77.5,85.82,75.0,False,363
imsa,2024,Watkins Glen,Watkins Glen International,race,621,83,GTD,Michelle Gatting,michelle gatting,86,3.0,29,180.362,29.721,46.938,103.703,,FCY,17,77.0,85.46,76.0,False,363
imsa,2024,Watkins Glen,Watkins Glen International,race,621,83,GTD,Michelle Gatting,michelle gatting,87,3.0,30,197.424,31.428,68.335,97.661,,FCY,17,76.7,84.02,76.0,False,363
imsa,2024,Watkins Glen,Watkins Glen International,race,621,83,GTD,Michelle Gatting,michelle gatting,88,3.0,31,196.755,32.36,58.05,106.345,,FCY,17,76.4,82.76,77.0,False,363
imsa,2024,Watkins Glen,Watkins Glen International,race,621,83,GTD,Sarah Bovy,sarah bovy,89,4.0,0,200.072,85.386,49.052,65.634,72.594,FCY,0,76.0,82.4,78.0,False,363
imsa,2024,Watkins Glen,Watkins Glen International,race,621,83,GTD,Sarah Bovy,sarah bovy,90,4.0,1,189.238,43.772,61.146,84.32,,FCY,0,76.0,82.4,77.0,False,363
imsa,2024,Watkins Glen,Watkins Glen International,race,621,83,GTD,Sarah Bovy,sarah bovy,91,4.0,2,185.707,67.16,60.833,57.714,54.043,GF,0,76.0,82.04,77.0,False,363
imsa,2024,Watkins Glen,Watkins Glen International,race,621,83,GTD,Sarah Bovy,sarah bovy,92,4.0,3,112.938,28.12,42.34,42.478,,GF,0,76.0,81.68,78.0,False,363
imsa,2024,Watkins Glen,Watkins Glen International,race,621,83,GTD,Sarah Bovy,sarah bovy,93,4.0,4,109.517,25.505,40.934,43.078,,GF,1,76.0,81.5,77.0,False,363
imsa,2024,Watkins Glen,Watkins Glen International,race,621,83,GTD,Sarah Bovy,sarah bovy,94,4.0,5,110.213,25.883,41.089,43.241,,GF,2,76.1,81.14,77.0,False,363
imsa,2024,Watkins Glen,Watkins Glen International,race,621,86,GTD,Kerong Li,kerong li,1,1.0,0,157.785,68.685,44.868,44.232,,GF,0,79.9,88.7,72.0,False,363
imsa,2024,Watkins Glen,Watkins Glen International,race,621,86,GTD,Kerong Li,kerong li,2,1.0,1,113.866,25.923,44.101,43.842,,GF,0,80.0,88.52,72.0,False,363
imsa,2024,Watkins Glen,Watkins Glen International,race,621,86,GTD,Kerong Li,kerong li,3,1.0,2,127.232,25.953,43.674,57.605,,FCY,1,80.0,88.7,72.0,False,363
imsa,2024,Watkins Glen,Watkins Glen International,race,621,86,GTD,Kerong Li,kerong li,4,1.0,3,147.199,37.96,56.297,52.942,,FCY,1,80.0,88.88,72.0,False,363
imsa,2024,Watkins Glen,Watkins Glen International,race,621,86,GTD,Kerong Li,kerong li,5,1.0,4,151.672,28.931,52.531,70.21,,FCY,1,80.1,89.06,73.0,False,363
imsa,2024,Watkins Glen,Watkins Glen International,race,621,86,GTD,Kerong Li,kerong li,6,1.0,5,183.122,68.293,67.181,47.648,,GF,1,80.2,89.78,72.0,False,363
imsa,2024,Watkins Glen,Watkins Glen International,race,621,86,GTD,Kerong Li,kerong li,7,1.0,6,113.698,26.372,43.247,44.079,,GF,2,80.3,90.5,72.0,False,363
imsa,2024,Watkins Glen,Watkins Glen International,race,621,86,GTD,Kerong Li,kerong li,8,1.0,7,113.173,25.899,43.132,44.142,,GF,3,80.3,90.68,72.0,False,363
imsa,2024,Watkins Glen,Watkins Glen International,race,621,86,GTD,Kerong Li,kerong li,9,1.0,8,112.958,25.944,43.063,43.951,,GF,4,80.5,91.4,73.0,False,363
imsa,2024,Watkins Glen,Watkins Glen International,race,621,86,GTD,Kerong Li,kerong li,10,1.0,9,115.256,26.002,43.685,45.569,,GF,5,80.5,91.94,72.0,False,363
imsa,2024,Watkins Glen,Watkins Glen International,race,621,86,GTD,Kerong Li,kerong li,11,1.0,10,114.17,26.124,43.462,44.584,,GF,6,80.7,93.02,72.0,False,363
imsa,2024,Watkins Glen,Watkins Glen International,race,621,86,GTD,Kerong Li,kerong li,12,1.0,11,115.292,27.089,43.209,44.994,,GF,7,81.1,93.92,72.0,False,363
imsa,2024,Watkins Glen,Watkins Glen International,race,621,86,GTD,Kerong Li,kerong li,13,1.0,12,114.146,26.196,43.269,44.681,,GF,8,81.2,93.74,71.0,False,363
imsa,2024,Watkins Glen,Watkins Glen International,race,621,86,GTD,Kerong Li,kerong li,14,1.0,13,115.611,27.208,43.853,44.55,,GF,9,81.4,93.92,71.0,False,363
imsa,2024,Watkins Glen,Watkins Glen International,race,621,86,GTD,Kerong Li,kerong li,15,1.0,14,113.346,26.131,43.006,44.209,,GF,10,81.4,94.1,70.0,False,363
imsa,2024,Watkins Glen,Watkins Glen International,race,621,86,GTD,Kerong Li,kerong li,16,1.0,15,133.508,26.77,45.377,61.361,,FCY,11,81.3,93.92,71.0,False,363
imsa,2024,Watkins Glen,Watkins Glen International,race,621,86,GTD,Kerong Li,kerong li,17,1.0,16,168.51,53.593,67.254,47.663,,FCY,11,81.3,94.1,71.0,False,363
imsa,2024,Watkins Glen,Watkins Glen International,race,621,86,GTD,Kerong Li,kerong li,18,1.0,17,124.831,27.665,49.499,47.667,,FCY,11,81.3,94.28,71.0,False,363
imsa,2024,Watkins Glen,Watkins Glen International,race,621,86,GTD,Kerong Li,kerong li,19,1.0,18,188.447,43.872,73.562,71.013,,FCY,11,81.3,94.1,71.0,False,363
imsa,2024,Watkins Glen,Watkins Glen International,race,621,86,GTD,Kerong Li,kerong li,20,1.0,19,189.516,29.827,57.563,102.126,,FCY,11,81.2,93.92,71.0,False,363
imsa,2024,Watkins Glen,Watkins Glen International,race,621,86,GTD,Kerong Li,kerong li,21,1.0,20,150.032,39.563,52.078,58.391,60.259,FCY,0,81.3,93.74,71.0,False,363
imsa,2024,Watkins Glen,Watkins Glen International,race,621,86,GTD,Kerong Li,kerong li,22,1.0,21,196.63,47.581,79.44,69.609,,FCY,0,81.2,93.2,71.0,False,363
imsa,2024,Watkins Glen,Watkins Glen International,race,621,86,GTD,Kerong Li,kerong li,23,1.0,22,215.873,62.919,72.992,79.962,,FCY,0,81.0,92.84,71.0,False,363
imsa,2024,Watkins Glen,Watkins Glen International,race,621,86,GTD,Kerong Li,kerong li,24,1.0,23,174.102,64.887,62.091,47.124,,GF,0,80.8,92.48,72.0,False,363
imsa,2024,Watkins Glen,Watkins Glen International,race,621,86,GTD,Kerong Li,kerong li,25,1.0,24,114.176,26.671,43.632,43.873,,GF,1,80.8,92.3,72.0,False,363
imsa,2024,Watkins Glen,Watkins Glen International,race,621,86,GTD,Kerong Li,kerong li,26,1.0,25,113.542,26.561,42.818,44.163,,GF,2,80.8,92.3,72.0,False,363
imsa,2024,Watkins Glen,Watkins Glen International,race,621,86,GTD,Kerong Li,kerong li,27,1.0,26,112.402,26.028,42.501,43.873,,GF,3,80.8,92.3,72.0,False,363
imsa,2024,Watkins Glen,Watkins Glen International,race,621,86,GTD,Kerong Li,kerong li,28,1.0,27,114.739,26.98,43.202,44.557,,GF,4,80.8,92.48,71.0,False,363
imsa,2024,Watkins Glen,Watkins Glen International,race,621,86,GTD,Kerong Li,kerong li,29,1.0,28,118.24,30.329,43.556,44.355,,GF,5,80.7,92.12,71.0,False,363
imsa,2024,Watkins Glen,Watkins Glen International,race,621,86,GTD,Kerong Li,kerong li,30,1.0,29,116.094,26.649,44.285,45.16,,GF,6,80.7,92.12,71.0,False,363
imsa,2024,Watkins Glen,Watkins Glen International,race,621,86,GTD,Kerong Li,kerong li,31,1.0,30,115.503,27.673,43.544,44.286,,GF,7,80.7,92.3,72.0,False,363
imsa,2024,Watkins Glen,Watkins Glen International,race,621,86,GTD,Kerong Li,kerong li,32,1.0,31,114.804,26.612,43.569,44.623,,GF,8,80.8,92.66,71.0,False,363
imsa,2024,Watkins Glen,Watkins Glen International,race,621,86,GTD,Kerong Li,kerong li,33,1.0,32,114.001,26.028,43.238,44.735,,GF,9,80.9,92.66,71.0,False,363
imsa,2024,Watkins Glen,Watkins Glen International,race,621,86,GTD,Kerong Li,kerong li,34,1.0,33,115.304,26.535,43.854,44.915,,GF,10,81.0,93.2,72.0,False,363
imsa,2024,Watkins Glen,Watkins Glen International,race,621,86,GTD,Kerong Li,kerong li,35,1.0,34,116.26,27.601,43.954,44.705,,GF,11,81.0,93.2,71.0,False,363
imsa,2024,Watkins Glen,Watkins Glen International,race,621,86,GTD,Kerong Li,kerong li,36,1.0,35,113.399,26.085,42.987,44.327,,GF,12,81.2,93.38,71.0,False,363
imsa,2024,Watkins Glen,Watkins Glen International,race,621,86,GTD,Kerong Li,kerong li,37,1.0,36,116.599,26.854,45.389,44.356,,GF,13,81.4,93.2,71.0,False,363
imsa,2024,Watkins Glen,Watkins Glen International,race,621,86,GTD,Kerong Li,kerong li,38,1.0,37,117.848,27.021,43.376,47.451,,GF,14,81.5,93.2,71.0,False,363
imsa,2024,Watkins Glen,Watkins Glen International,race,621,86,GTD,Kerong Li,kerong li,39,1.0,38,118.342,26.742,46.153,45.447,,GF,15,81.6,93.2,70.0,False,363
imsa,2024,Watkins Glen,Watkins Glen International,race,621,86,GTD,Kerong Li,kerong li,40,1.0,39,115.692,26.257,43.285,46.15,,GF,16,81.6,93.38,70.0,False,363
imsa,2024,Watkins Glen,Watkins Glen International,race,621,86,GTD,Kerong Li,kerong li,41,1.0,40,114.91,26.786,43.499,44.625,,GF,17,81.8,93.56,70.0,False,363
imsa,2024,Watkins Glen,Watkins Glen International,race,621,86,GTD,Kerong Li,kerong li,42,1.0,41,173.44,26.768,43.588,103.084,,GF,18,81.8,93.92,69.0,False,363
imsa,2024,Watkins Glen,Watkins Glen International,race,621,86,GTD,Klaus Bachler,klaus bachler,43,2.0,0,123.522,38.139,42.527,42.856,76.495,GF,0,81.6,93.74,68.0,False,363
imsa,2024,Watkins Glen,Watkins Glen International,race,621,86,GTD,Klaus Bachler,klaus bachler,44,2.0,1,108.888,25.616,41.088,42.184,,GF,0,81.6,93.38,68.0,False,363
imsa,2024,Watkins Glen,Watkins Glen International,race,621,86,GTD,Klaus Bachler,klaus bachler,45,2.0,2,107.933,25.392,40.459,42.082,,GF,1,81.7,93.2,68.0,False,363
imsa,2024,Watkins Glen,Watkins Glen International,race,621,86,GTD,Klaus Bachler,klaus bachler,46,2.0,3,107.273,25.251,40.184,41.838,,GF,2,81.9,92.84,69.0,False,363
imsa,2024,Watkins Glen,Watkins Glen International,race,621,86,GTD,Klaus Bachler,klaus bachler,47,2.0,4,107.53,25.159,40.387,41.984,,GF,3,81.8,92.48,68.0,False,363
imsa,2024,Watkins Glen,Watkins Glen International,race,621,86,GTD,Klaus Bachler,klaus bachler,48,2.0,5,107.822,25.163,40.668,41.991,,GF,4,81.6,91.94,67.0,False,363
imsa,2024,Watkins Glen,Watkins Glen International,race,621,86,GTD,Klaus Bachler,klaus bachler,49,2.0,6,109.057,25.209,41.132,42.716,,GF,5,81.4,91.76,68.0,False,363
imsa,2024,Watkins Glen,Watkins Glen International,race,621,86,GTD,Klaus Bachler,klaus bachler,50,2.0,7,108.364,25.346,40.919,42.099,,GF,6,81.3,91.58,68.0,False,363
imsa,2024,Watkins Glen,Watkins Glen International,race,621,86,GTD,Klaus Bachler,klaus bachler,51,2.0,8,107.862,25.229,40.682,41.951,,GF,7,81.2,91.4,68.0,False,363
imsa,2024,Watkins Glen,Watkins Glen International,race,621,86,GTD,Klaus Bachler,klaus bachler,52,2.0,9,108.364,25.063,40.473,42.828,,GF,8,81.2,91.4,68.0,False,363
imsa,2024,Watkins Glen,Watkins Glen International,race,621,86,GTD,Klaus Bachler,klaus bachler,53,2.0,10,107.163,25.164,40.13,41.869,,GF,9,81.2,91.58,67.0,False,363
imsa,2024,Watkins Glen,Watkins Glen International,race,621,86,GTD,Klaus Bachler,klaus bachler,54,2.0,11,107.753,25.342,40.249,42.162,,GF,10,81.3,92.12,67.0,False,363
imsa,2024,Watkins Glen,Watkins Glen International,race,621,86,GTD,Klaus Bachler,klaus bachler,55,2.0,12,107.151,25.174,40.211,41.766,,GF,11,81.5,93.56,67.0,False,363
imsa,2024,Watkins Glen,Watkins Glen International,race,621,86,GTD,Klaus Bachler,klaus bachler,56,2.0,13,107.677,25.306,40.267,42.104,,GF,12,81.7,93.92,67.0,False,363
imsa,2024,Watkins Glen,Watkins Glen International,race,621,86,GTD,Klaus Bachler,klaus bachler,57,2.0,14,107.611,25.294,40.344,41.973,,GF,13,82.0,95.36,68.0,False,363
imsa,2024,Watkins Glen,Watkins Glen International,race,621,86,GTD,Klaus Bachler,klaus bachler,58,2.0,15,107.631,25.211,40.166,42.254,,GF,14,82.4,96.44,67.0,False,363
imsa,2024,Watkins Glen,Watkins Glen International,race,621,86,GTD,Klaus Bachler,klaus bachler,59,2.0,16,107.606,25.176,40.311,42.119,,GF,15,82.5,96.62,66.0,False,363
imsa,2024,Watkins Glen,Watkins Glen International,race,621,86,GTD,Klaus Bachler,klaus bachler,60,2.0,17,107.743,25.21,40.222,42.311,,GF,16,82.6,96.8,67.0,False,363
imsa,2024,Watkins Glen,Watkins Glen International,race,621,86,GTD,Klaus Bachler,klaus bachler,61,2.0,18,108.172,25.246,40.458,42.468,,FCY,17,82.7,96.8,66.0,False,363
imsa,2024,Watkins Glen,Watkins Glen International,race,621,86,GTD,Klaus Bachler,klaus bachler,62,2.0,19,133.226,31.512,51.389,50.325,,FCY,17,82.9,97.16,66.0,False,363
imsa,2024,Watkins Glen,Watkins Glen International,race,621,86,GTD,Klaus Bachler,klaus bachler,63,2.0,20,146.001,37.291,52.958,55.752,,FCY,17,83.0,97.34,66.0,False,363
imsa,2024,Watkins Glen,Watkins Glen International,race,621,86,GTD,Klaus Bachler,klaus bachler,64,2.0,21,172.834,41.657,58.865,72.312,,FCY,17,83.0,97.52,66.0,False,363
imsa,2024,Watkins Glen,Watkins Glen International,race,621,86,GTD,Klaus Bachler,klaus bachler,65,2.0,22,205.139,62.33,73.505,69.304,,FCY,17,82.7,97.16,64.0,False,363
imsa,2024,Watkins Glen,Watkins Glen International,race,621,86,GTD,Klaus Bachler,klaus bachler,66,2.0,23,199.547,29.483,61.177,108.887,,FCY,17,82.7,96.44,64.0,False,363
imsa,2024,Watkins Glen,Watkins Glen International,race,621,86,GTD,Anders Fjordbach,anders fjordbach,67,3.0,0,157.78,43.007,47.751,67.022,63.27,FCY,0,82.6,95.9,65.0,False,363
imsa,2024,Watkins Glen,Watkins Glen International,race,621,86,GTD,Anders Fjordbach,anders fjordbach,68,3.0,1,202.444,59.34,75.605,67.499,,FCY,0,82.5,95.72,64.0,False,363
imsa,2024,Watkins Glen,Watkins Glen International,race,621,86,GTD,Anders Fjordbach,anders fjordbach,69,3.0,2,152.659,40.684,60.949,51.026,,GF,0,82.5,95.9,64.0,False,363
imsa,2024,Watkins Glen,Watkins Glen International,race,621,86,GTD,Anders Fjordbach,anders fjordbach,70,3.0,3,113.19,25.925,43.626,43.639,,GF,1,82.6,96.08,64.0,False,363
imsa,2024,Watkins Glen,Watkins Glen International,race,621,86,GTD,Anders Fjordbach,anders fjordbach,71,3.0,4,116.385,25.531,48.407,42.447,,GF,2,82.6,96.08,65.0,False,363
imsa,2024,Watkins Glen,Watkins Glen International,race,621,86,GTD,Anders Fjordbach,anders fjordbach,72,3.0,5,108.176,25.259,40.738,42.179,,GF,3,82.6,96.08,65.0,False,363
imsa,2024,Watkins Glen,Watkins Glen International,race,621,86,GTD,Anders Fjordbach,anders fjordbach,73,3.0,6,108.531,25.454,40.8,42.277,,GF,4,82.7,95.54,65.0,False,363
imsa,2024,Watkins Glen,Watkins Glen International,race,621,86,GTD,Anders Fjordbach,anders fjordbach,74,3.0,7,108.383,25.36,40.787,42.236,,GF,5,82.6,95.18,65.0,False,363
imsa,2024,Watkins Glen,Watkins Glen International,race,621,86,GTD,Anders Fjordbach,anders fjordbach,75,3.0,8,114.454,25.321,43.534,45.599,,GF,6,82.5,94.28,67.0,False,363
imsa,2024,Watkins Glen,Watkins Glen International,race,621,86,GTD,Anders Fjordbach,anders fjordbach,76,3.0,9,112.367,25.594,43.802,42.971,,GF,7,82.5,94.1,67.0,False,363
imsa,2024,Watkins Glen,Watkins Glen International,race,621,86,GTD,Anders Fjordbach,anders fjordbach,77,3.0,10,109.956,25.553,41.931,42.472,,GF,8,82.3,93.74,66.0,False,363
imsa,2024,Watkins Glen,Watkins Glen International,race,621,86,GTD,Anders Fjordbach,anders fjordbach,78,3.0,11,111.275,25.61,41.887,43.778,,GF,9,82.0,93.02,66.0,False,363
imsa,2024,Watkins Glen,Watkins Glen International,race,621,86,GTD,Anders Fjordbach,anders fjordbach,79,3.0,12,110.746,25.436,43.037,42.273,,GF,10,81.0,92.48,67.0,False,363
imsa,2024,Watkins Glen,Watkins Glen International,race,621,86,GTD,Anders Fjordbach,anders fjordbach,80,3.0,13,109.225,25.409,41.471,42.345,,GF,11,80.7,91.94,68.0,False,363
imsa,2024,Watkins Glen,Watkins Glen International,race,621,86,GTD,Anders Fjordbach,anders fjordbach,81,3.0,14,110.561,25.278,41.608,43.675,,GF,12,79.9,91.76,69.0,False,363
imsa,2024,Watkins Glen,Watkins Glen International,race,621,86,GTD,Anders Fjordbach,anders fjordbach,82,3.0,15,123.956,30.391,43.586,49.979,,FCY,13,79.3,89.06,73.0,False,363
imsa,2024,Watkins Glen,Watkins Glen International,race,621,86,GTD,Anders Fjordbach,anders fjordbach,83,3.0,16,149.549,34.389,49.497,65.663,,FCY,13,78.1,86.9,74.0,False,363
imsa,2024,Watkins Glen,Watkins Glen International,race,621,86,GTD,Anders Fjordbach,anders fjordbach,84,3.0,17,138.17,32.448,45.24,60.482,,FCY,13,77.5,85.82,75.0,False,363
imsa,2024,Watkins Glen,Watkins Glen International,race,621,86,GTD,Anders Fjordbach,anders fjordbach,85,3.0,18,178.038,30.915,44.197,102.926,,FCY,13,77.0,85.46,76.0,False,363
imsa,2024,Watkins Glen,Watkins Glen International,race,621,86,GTD,Anders Fjordbach,anders fjordbach,86,3.0,19,197.51,33.89,66.194,97.426,,FCY,13,76.7,84.02,76.0,False,363
imsa,2024,Watkins Glen,Watkins Glen International,race,621,86,GTD,Anders Fjordbach,anders fjordbach,87,3.0,20,183.92,32.569,58.043,93.308,,FCY,13,76.4,82.76,77.0,False,363
imsa,2024,Watkins Glen,Watkins Glen International,race,621,86,GTD,Anders Fjordbach,anders fjordbach,88,3.0,21,171.211,32.318,59.208,79.685,,FCY,13,76.1,82.4,77.0,False,363
imsa,2024,Watkins Glen,Watkins Glen International,race,621,86,GTD,Anders Fjordbach,anders fjordbach,89,3.0,22,244.288,47.704,78.313,118.271,,FCY,13,76.0,82.4,77.0,False,363
imsa,2024,Watkins Glen,Watkins Glen International,race,621,86,GTD,Anders Fjordbach,anders fjordbach,90,3.0,23,162.72,43.468,62.948,56.304,58.741,GF,0,76.0,82.04,77.0,False,363
imsa,2024,Watkins Glen,Watkins Glen International,race,621,86,GTD,Anders Fjordbach,anders fjordbach,91,3.0,24,111.272,27.175,41.32,42.777,,GF,0,76.0,81.68,78.0,False,363
imsa,2024,Watkins Glen,Watkins Glen International,race,621,86,GTD,Anders Fjordbach,anders fjordbach,92,3.0,25,112.768,26.389,43.31,43.069,,GF,1,76.0,81.5,77.0,False,363
imsa,2024,Watkins Glen,Watkins Glen International,race,621,86,GTD,Anders Fjordbach,anders fjordbach,93,3.0,26,109.337,25.401,40.884,43.052,,GF,2,76.0,81.32,77.0,False,363
imsa,2024,Watkins Glen,Watkins Glen International,race,621,86,GTD,Anders Fjordbach,anders fjordbach,94,3.0,27,110.882,25.959,41.8,43.123,,FCY,3,76.1,80.78,78.0,False,363
imsa,2024,Watkins Glen,Watkins Glen International,race,621,86,GTD,Anders Fjordbach,anders fjordbach,95,3.0,28,148.439,35.275,56.812,56.352,,FCY,3,76.0,80.42,78.0,False,363
imsa,2024,Watkins Glen,Watkins Glen International,race,621,86,GTD,Anders Fjordbach,anders fjordbach,96,3.0,29,182.539,35.711,59.127,87.701,,FCY,3,75.7,80.06,78.0,False,363
imsa,2024,Watkins Glen,Watkins Glen International,race,621,86,GTD,Anders Fjordbach,anders fjordbach,97,3.0,30,208.426,39.431,77.631,91.364,,FCY,3,75.5,79.88,79.0,False,363
imsa,2024,Watkins Glen,Watkins Glen International,race,621,86,GTD,Anders Fjordbach,anders fjordbach,98,3.0,31,209.428,44.289,75.252,89.887,,FCY,3,75.4,79.7,80.0,False,363
imsa,2024,Watkins Glen,Watkins Glen International,race,621,86,GTD,Anders Fjordbach,anders fjordbach,99,3.0,32,174.643,44.698,74.424,55.521,,GF,3,75.6,79.7,78.0,False,363
imsa,2024,Watkins Glen,Watkins Glen International,race,621,86,GTD,Anders Fjordbach,anders fjordbach,100,3.0,33,114.462,28.191,42.516,43.755,,GF,4,75.7,79.7,78.0,False,363
imsa,2024,Watkins Glen,Watkins Glen International,race,621,86,GTD,Anders Fjordbach,anders fjordbach,101,3.0,34,110.936,26.454,41.598,42.884,,GF,5,75.9,79.7,78.0,False,363
imsa,2024,Watkins Glen,Watkins Glen International,race,621,86,GTD,Anders Fjordbach,anders fjordbach,102,3.0,35,111.927,27.763,41.574,42.59,,GF,6,76.2,80.06,77.0,False,363
imsa,2024,Watkins Glen,Watkins Glen International,race,621,86,GTD,Anders Fjordbach,anders fjordbach,103,3.0,36,108.722,25.675,40.865,42.182,,GF,7,76.5,80.6,76.0,False,363
imsa,2024,Watkins Glen,Watkins Glen International,race,621,86,GTD,Anders Fjordbach,anders fjordbach,104,3.0,37,108.666,25.436,40.993,42.237,,GF,8,76.7,80.96,76.0,False,363
imsa,2024,Watkins Glen,Watkins Glen International,race,621,86,GTD,Anders Fjordbach,anders fjordbach,105,3.0,38,108.526,25.252,40.946,42.328,,GF,9,76.9,81.68,75.0,False,363
imsa,2024,Watkins Glen,Watkins Glen International,race,621,86,GTD,Anders Fjordbach,anders fjordbach,106,3.0,39,109.24,25.233,40.976,43.031,,GF,10,77.0,81.68,75.0,False,363
imsa,2024,Watkins Glen,Watkins Glen International,race,621,86,GTD,Anders Fjordbach,anders fjordbach,107,3.0,40,108.277,25.338,40.739,42.2,,GF,11,77.2,82.76,75.0,False,363
imsa,2024,Watkins Glen,Watkins Glen International,race,621,86,GTD,Anders Fjordbach,anders fjordbach,108,3.0,41,108.459,25.447,40.912,42.1,,GF,12,77.4,82.76,73.0,False,363
imsa,2024,Watkins Glen,Watkins Glen International,race,621,86,GTD,Anders Fjordbach,anders fjordbach,109,3.0,42,108.327,25.244,40.879,42.204,,GF,13,77.4,82.58,74.0,False,363
imsa,2024,Watkins Glen,Watkins Glen International,race,621,86,GTD,Anders Fjordbach,anders fjordbach,110,3.0,43,107.726,25.151,40.529,42.046,,GF,14,77.3,82.58,74.0,False,363
imsa,2024,Watkins Glen,Watkins Glen International,race,621,86,GTD,Anders Fjordbach,anders fjordbach,111,3.0,44,107.407,25.171,40.354,41.882,,GF,15,77.2,82.76,74.0,False,363
imsa,2024,Watkins Glen,Watkins Glen International,race,621,86,GTD,Anders Fjordbach,anders fjordbach,112,3.0,45,107.322,25.113,40.191,42.018,,GF,16,77.1,82.76,74.0,False,363
imsa,2024,Watkins Glen,Watkins Glen International,race,621,86,GTD,Anders Fjordbach,anders fjordbach,113,3.0,46,108.424,25.122,40.651,42.651,,GF,17,77.1,82.94,75.0,False,363
imsa,2024,Watkins Glen,Watkins Glen International,race,621,86,GTD,Anders Fjordbach,anders fjordbach,114,3.0,47,120.957,25.316,40.487,55.154,,GF,18,76.9,82.94,75.0,False,363
imsa,2024,Watkins Glen,Watkins Glen International,race,621,86,GTD,Anders Fjordbach,anders fjordbach,115,3.0,48,121.722,37.489,41.561,42.672,30.221,GF,0,76.8,83.12,75.0,False,363
imsa,2024,Watkins Glen,Watkins Glen International,race,621,86,GTD,Anders Fjordbach,anders fjordbach,116,3.0,49,107.55,25.154,40.328,42.068,,GF,0,76.7,82.76,75.0,False,363
imsa,2024,Watkins Glen,Watkins Glen International,race,621,86,GTD,Anders Fjordbach,anders fjordbach,117,3.0,50,138.236,25.191,40.408,72.637,,FCY,1,76.3,80.24,78.0,False,363
imsa,2024,Watkins Glen,Watkins Glen International,race,621,86,GTD,Anders Fjordbach,anders fjordbach,118,3.0,51,316.917,87.433,113.702,115.782,,FCY,1,74.0,78.8,81.0,False,363
imsa,2024,Watkins Glen,Watkins Glen International,race,621,86,GTD,Anders Fjordbach,anders fjordbach,119,3.0,52,262.096,73.278,95.462,93.356,,FCY,1,73.1,78.62,84.0,False,363
imsa,2024,Watkins Glen,Watkins Glen International,race,621,86,GTD,Anders Fjordbach,anders fjordbach,120,3.0,53,275.57,64.088,88.816,122.666,,FCY,1,72.7,77.72,85.0,False,363
imsa,2024,Watkins Glen,Watkins Glen International,race,621,86,GTD,Anders Fjordbach,anders fjordbach,121,3.0,54,380.964,103.522,134.645,142.797,,FCY,1,72.2,75.92,86.0,False,363
imsa,2024,Watkins Glen,Watkins Glen International,race,621,86,GTD,Anders Fjordbach,anders fjordbach,122,3.0,55,2959.447,106.416,2781.86,71.171,2221.484,FCY,0,75.8,83.84,82.0,False,363
imsa,2024,Watkins Glen,Watkins Glen International,race,621,86,GTD,Anders Fjordbach,anders fjordbach,123,3.0,56,144.926,33.423,50.521,60.982,,FCY,0,76.0,84.56,81.0,False,363
imsa,2024,Watkins Glen,Watkins Glen International,race,621,86,GTD,Anders Fjordbach,anders fjordbach,124,3.0,57,153.617,33.691,68.474,51.452,,FCY,0,76.2,85.46,81.0,False,363
imsa,2024,Watkins Glen,Watkins Glen International,race,621,86,GTD,Anders Fjordbach,anders fjordbach,125,3.0,58,157.398,27.465,45.966,83.967,,FCY,0,76.4,86.36,81.0,False,363
imsa,2024,Watkins Glen,Watkins Glen International,race,621,86,GTD,Klaus Bachler,klaus bachler,126,4.0,0,128.747,39.31,44.121,45.316,56.53,FCY,0,76.6,87.08,80.0,False,363
imsa,2024,Watkins Glen,Watkins Glen International,race,621,86,GTD,Klaus Bachler,klaus bachler,127,4.0,1,188.412,44.957,64.746,78.709,,FCY,0,77.2,88.52,80.0,False,363
imsa,2024,Watkins Glen,Watkins Glen International,race,621,86,GTD,Klaus Bachler,klaus bachler,128,4.0,2,205.253,63.296,70.175,71.782,,FCY,0,77.2,87.98,80.0,False,363
imsa,2024,Watkins Glen,Watkins Glen International,race,621,86,GTD,Klaus Bachler,klaus bachler,129,4.0,3,183.323,58.849,73.398,51.076,,GF,0,77.2,88.52,79.0,False,363
imsa,2024,Watkins Glen,Watkins Glen International,race,621,86,GTD,Klaus Bachler,klaus bachler,130,4.0,4,108.087,25.386,40.542,42.159,,GF,1,77.0,87.98,78.0,False,363
imsa,2024,Watkins Glen,Watkins Glen International,race,621,86,GTD,Klaus Bachler,klaus bachler,131,4.0,5,108.91,25.048,40.883,42.979,,GF,2,77.0,88.34,79.0,False,363
imsa,2024,Watkins Glen,Watkins Glen International,race,621,86,GTD,Klaus Bachler,klaus bachler,132,4.0,6,107.101,24.98,40.054,42.067,,GF,3,77.0,87.98,79.0,False,363
imsa,2024,Watkins Glen,Watkins Glen International,race,621,86,GTD,Klaus Bachler,klaus bachler,133,4.0,7,107.939,24.998,40.845,42.096,,GF,4,77.0,87.62,79.0,False,363
imsa,2024,Watkins Glen,Watkins Glen International,race,621,86,GTD,Klaus Bachler,klaus bachler,134,4.0,8,107.056,25.007,40.129,41.92,,GF,5,76.8,87.08,79.0,False,363
imsa,2024,Watkins Glen,Watkins Glen International,race,621,86,GTD,Klaus Bachler,klaus bachler,135,4.0,9,108.021,25.319,40.458,42.244,,GF,6,76.7,86.72,79.0,False,363
imsa,2024,Watkins Glen,Watkins Glen International,race,621,86,GTD,Klaus Bachler,klaus bachler,136,4.0,10,108.265,25.103,40.329,42.833,,GF,7,76.6,86.72,79.0,False,363
imsa,2024,Watkins Glen,Watkins Glen International,race,621,86,GTD,Klaus Bachler,klaus bachler,137,4.0,11,108.553,25.728,40.54,42.285,,GF,8,76.5,86.18,79.0,False,363
imsa,2024,Watkins Glen,Watkins Glen International,race,621,86,GTD,Klaus Bachler,klaus bachler,138,4.0,12,107.706,25.132,40.515,42.059,,GF,9,76.5,86.0,80.0,False,363
imsa,2024,Watkins Glen,Watkins Glen International,race,621,86,GTD,Klaus Bachler,klaus bachler,139,4.0,13,107.16,25.03,40.185,41.945,,FF,10,76.5,86.0,80.0,False,363
imsa,2024,Watkins Glen,Watkins Glen International,race,621,96,GTD,Patrick Gallagher,patrick gallagher,1,1.0,0,150.514,65.186,42.627,42.701,,GF,0,79.9,88.7,72.0,False,363
imsa,2024,Watkins Glen,Watkins Glen International,race,621,96,GTD,Patrick Gallagher,patrick gallagher,2,1.0,1,109.285,24.985,42.162,42.138,,GF,0,80.0,88.52,72.0,False,363
imsa,2024,Watkins Glen,Watkins Glen International,race,621,96,GTD,Patrick Gallagher,patrick gallagher,3,1.0,2,126.623,24.929,41.335,60.359,,FCY,1,80.0,88.7,72.0,False,363
imsa,2024,Watkins Glen,Watkins Glen International,race,621,96,GTD,Patrick Gallagher,patrick gallagher,4,1.0,3,141.62,35.757,53.857,52.006,,FCY,1,80.0,88.88,72.0,False,363
imsa,2024,Watkins Glen,Watkins Glen International,race,621,96,GTD,Patrick Gallagher,patrick gallagher,5,1.0,4,153.434,31.111,50.095,72.228,,FCY,1,80.1,89.06,73.0,False,363
imsa,2024,Watkins Glen,Watkins Glen International,race,621,96,GTD,Patrick Gallagher,patrick gallagher,6,1.0,5,187.571,66.544,73.48,47.547,,GF,1,80.2,89.78,72.0,False,363
imsa,2024,Watkins Glen,Watkins Glen International,race,621,96,GTD,Patrick Gallagher,patrick gallagher,7,1.0,6,107.506,24.95,40.633,41.923,,GF,2,80.3,90.5,72.0,False,363
imsa,2024,Watkins Glen,Watkins Glen International,race,621,96,GTD,Patrick Gallagher,patrick gallagher,8,1.0,7,107.494,24.905,40.447,42.142,,GF,3,80.3,90.5,72.0,False,363
imsa,2024,Watkins Glen,Watkins Glen International,race,621,96,GTD,Patrick Gallagher,patrick gallagher,9,1.0,8,107.63,24.827,40.752,42.051,,GF,4,80.3,91.4,72.0,False,363
imsa,2024,Watkins Glen,Watkins Glen International,race,621,96,GTD,Patrick Gallagher,patrick gallagher,10,1.0,9,107.811,24.847,40.715,42.249,,GF,5,80.5,91.94,72.0,False,363
imsa,2024,Watkins Glen,Watkins Glen International,race,621,96,GTD,Patrick Gallagher,patrick gallagher,11,1.0,10,108.387,24.915,41.368,42.104,,GF,6,80.7,93.02,72.0,False,363
imsa,2024,Watkins Glen,Watkins Glen International,race,621,96,GTD,Patrick Gallagher,patrick gallagher,12,1.0,11,107.834,24.994,40.788,42.052,,GF,7,80.9,93.38,72.0,False,363
imsa,2024,Watkins Glen,Watkins Glen International,race,621,96,GTD,Patrick Gallagher,patrick gallagher,13,1.0,12,108.544,24.981,41.472,42.091,,GF,8,81.2,93.74,72.0,False,363
imsa,2024,Watkins Glen,Watkins Glen International,race,621,96,GTD,Patrick Gallagher,patrick gallagher,14,1.0,13,109.752,25.032,42.179,42.541,,GF,9,81.4,93.92,71.0,False,363
imsa,2024,Watkins Glen,Watkins Glen International,race,621,96,GTD,Patrick Gallagher,patrick gallagher,15,1.0,14,108.173,25.055,40.967,42.151,,GF,10,81.4,93.92,71.0,False,363
imsa,2024,Watkins Glen,Watkins Glen International,race,621,96,GTD,Patrick Gallagher,patrick gallagher,16,1.0,15,107.78,25.005,40.724,42.051,,FCY,11,81.4,94.1,70.0,False,363
imsa,2024,Watkins Glen,Watkins Glen International,race,621,96,GTD,Patrick Gallagher,patrick gallagher,17,1.0,16,130.725,27.953,47.003,55.769,,FCY,11,81.3,93.92,71.0,False,363
imsa,2024,Watkins Glen,Watkins Glen International,race,621,96,GTD,Patrick Gallagher,patrick gallagher,18,1.0,17,210.746,48.012,84.069,78.665,,FCY,11,81.3,94.28,71.0,False,363
imsa,2024,Watkins Glen,Watkins Glen International,race,621,96,GTD,Patrick Gallagher,patrick gallagher,19,1.0,18,201.13,56.431,73.437,71.262,,FCY,11,81.3,94.1,71.0,False,363
imsa,2024,Watkins Glen,Watkins Glen International,race,621,96,GTD,Patrick Gallagher,patrick gallagher,20,1.0,19,160.829,35.606,50.593,74.63,,FCY,11,81.2,93.92,71.0,False,363
imsa,2024,Watkins Glen,Watkins Glen International,race,621,96,GTD,Jake Walker,jake walker,21,2.0,0,198.205,83.109,58.665,56.431,66.756,FCY,0,81.3,93.74,71.0,False,363
imsa,2024,Watkins Glen,Watkins Glen International,race,621,96,GTD,Jake Walker,jake walker,22,2.0,1,199.798,46.229,80.741,72.828,,FCY,0,81.2,93.2,71.0,False,363
imsa,2024,Watkins Glen,Watkins Glen International,race,621,96,GTD,Jake Walker,jake walker,23,2.0,2,216.148,61.247,72.08,82.821,,FCY,0,81.0,92.84,71.0,False,363
imsa,2024,Watkins Glen,Watkins Glen International,race,621,96,GTD,Jake Walker,jake walker,24,2.0,3,175.704,61.208,66.98,47.516,,GF,0,80.8,92.48,72.0,False,363
imsa,2024,Watkins Glen,Watkins Glen International,race,621,96,GTD,Jake Walker,jake walker,25,2.0,4,108.233,25.043,40.729,42.461,,GF,1,80.8,92.3,72.0,False,363
imsa,2024,Watkins Glen,Watkins Glen International,race,621,96,GTD,Jake Walker,jake walker,26,2.0,5,108.43,25.003,41.24,42.187,,GF,2,80.8,92.3,72.0,False,363
imsa,2024,Watkins Glen,Watkins Glen International,race,621,96,GTD,Jake Walker,jake walker,27,2.0,6,109.63,24.88,41.904,42.846,,GF,3,80.8,92.3,72.0,False,363
imsa,2024,Watkins Glen,Watkins Glen International,race,621,96,GTD,Jake Walker,jake walker,28,2.0,7,109.464,24.954,41.829,42.681,,GF,4,80.8,92.48,71.0,False,363
imsa,2024,Watkins Glen,Watkins Glen International,race,621,96,GTD,Jake Walker,jake walker,29,2.0,8,108.649,24.917,41.187,42.545,,GF,5,80.8,92.3,71.0,False,363
imsa,2024,Watkins Glen,Watkins Glen International,race,621,96,GTD,Jake Walker,jake walker,30,2.0,9,109.543,25.114,41.437,42.992,,GF,6,80.7,92.12,72.0,False,363
imsa,2024,Watkins Glen,Watkins Glen International,race,621,96,GTD,Jake Walker,jake walker,31,2.0,10,110.852,26.067,42.206,42.579,,GF,7,80.7,92.12,72.0,False,363
imsa,2024,Watkins Glen,Watkins Glen International,race,621,96,GTD,Jake Walker,jake walker,32,2.0,11,107.133,24.895,40.414,41.824,,GF,8,80.8,92.3,72.0,False,363
imsa,2024,Watkins Glen,Watkins Glen International,race,621,96,GTD,Jake Walker,jake walker,33,2.0,12,108.55,24.983,40.754,42.813,,GF,9,80.8,92.66,71.0,False,363
imsa,2024,Watkins Glen,Watkins Glen International,race,621,96,GTD,Jake Walker,jake walker,34,2.0,13,107.625,25.093,40.46,42.072,,GF,10,80.9,92.84,71.0,False,363
imsa,2024,Watkins Glen,Watkins Glen International,race,621,96,GTD,Jake Walker,jake walker,35,2.0,14,108.065,24.965,40.929,42.171,,GF,11,81.0,93.2,70.0,False,363
imsa,2024,Watkins Glen,Watkins Glen International,race,621,96,GTD,Jake Walker,jake walker,36,2.0,15,110.42,25.714,41.948,42.758,,GF,12,81.1,93.38,71.0,False,363
imsa,2024,Watkins Glen,Watkins Glen International,race,621,96,GTD,Jake Walker,jake walker,37,2.0,16,107.407,24.916,40.537,41.954,,GF,13,81.2,93.38,71.0,False,363
imsa,2024,Watkins Glen,Watkins Glen International,race,621,96,GTD,Jake Walker,jake walker,38,2.0,17,107.545,25.157,40.344,42.044,,GF,14,81.4,93.2,71.0,False,363
imsa,2024,Watkins Glen,Watkins Glen International,race,621,96,GTD,Jake Walker,jake walker,39,2.0,18,108.249,25.289,40.79,42.17,,GF,15,81.5,93.2,71.0,False,363
imsa,2024,Watkins Glen,Watkins Glen International,race,621,96,GTD,Jake Walker,jake walker,40,2.0,19,108.117,25.055,40.514,42.548,,GF,16,81.6,93.2,70.0,False,363
imsa,2024,Watkins Glen,Watkins Glen International,race,621,96,GTD,Jake Walker,jake walker,41,2.0,20,108.295,25.163,40.985,42.147,,GF,17,81.6,93.38,70.0,False,363
imsa,2024,Watkins Glen,Watkins Glen International,race,621,96,GTD,Jake Walker,jake walker,42,2.0,21,107.232,24.93,40.271,42.031,,GF,18,81.8,93.56,70.0,False,363
imsa,2024,Watkins Glen,Watkins Glen International,race,621,96,GTD,Jake Walker,jake walker,43,2.0,22,107.562,25.085,40.449,42.028,,GF,19,81.8,93.74,69.0,False,363
imsa,2024,Watkins Glen,Watkins Glen International,race,621,96,GTD,Jake Walker,jake walker,44,2.0,23,107.23,24.899,40.386,41.945,,GF,20,81.8,93.92,69.0,False,363
imsa,2024,Watkins Glen,Watkins Glen International,race,621,96,GTD,Jake Walker,jake walker,45,2.0,24,107.644,24.906,40.653,42.085,,GF,21,81.6,93.74,68.0,False,363
imsa,2024,Watkins Glen,Watkins Glen International,race,621,96,GTD,Jake Walker,jake walker,46,2.0,25,107.58,24.864,40.611,42.105,,GF,22,81.6,93.38,68.0,False,363
imsa,2024,Watkins Glen,Watkins Glen International,race,621,96,GTD,Jake Walker,jake walker,47,2.0,26,109.502,24.762,41.65,43.09,,GF,23,81.8,93.2,69.0,False,363
imsa,2024,Watkins Glen,Watkins Glen International,race,621,96,GTD,Jake Walker,jake walker,48,2.0,27,109.03,24.963,41.781,42.286,,GF,24,81.9,92.84,69.0,False,363
imsa,2024,Watkins Glen,Watkins Glen International,race,621,96,GTD,Jake Walker,jake walker,49,2.0,28,108.853,25.14,41.435,42.278,,GF,25,81.8,92.48,68.0,False,363
imsa,2024,Watkins Glen,Watkins Glen International,race,621,96,GTD,Jake Walker,jake walker,50,2.0,29,107.92,24.949,40.955,42.016,,GF,26,81.6,91.94,67.0,False,363
imsa,2024,Watkins Glen,Watkins Glen International,race,621,96,GTD,Jake Walker,jake walker,51,2.0,30,108.448,24.887,41.286,42.275,,GF,27,81.4,91.76,68.0,False,363
imsa,2024,Watkins Glen,Watkins Glen International,race,621,96,GTD,Jake Walker,jake walker,52,2.0,31,107.297,24.996,40.344,41.957,,GF,28,81.3,91.58,68.0,False,363
imsa,2024,Watkins Glen,Watkins Glen International,race,621,96,GTD,Jake Walker,jake walker,53,2.0,32,107.001,24.792,40.253,41.956,,GF,29,81.2,91.4,68.0,False,363
imsa,2024,Watkins Glen,Watkins Glen International,race,621,96,GTD,Jake Walker,jake walker,54,2.0,33,107.886,24.792,40.704,42.39,,GF,30,81.2,91.4,68.0,False,363
imsa,2024,Watkins Glen,Watkins Glen International,race,621,96,GTD,Jake Walker,jake walker,55,2.0,34,107.887,24.913,40.878,42.096,,GF,31,81.3,91.94,67.0,False,363
imsa,2024,Watkins Glen,Watkins Glen International,race,621,96,GTD,Jake Walker,jake walker,56,2.0,35,120.837,24.881,40.706,55.25,,GF,32,81.3,92.12,67.0,False,363
imsa,2024,Watkins Glen,Watkins Glen International,race,621,96,GTD,Jake Walker,jake walker,57,2.0,36,168.663,82.92,42.762,42.981,73.645,GF,0,81.7,93.92,67.0,False,363
imsa,2024,Watkins Glen,Watkins Glen International,race,621,96,GTD,Jake Walker,jake walker,58,2.0,37,108.465,25.178,41.315,41.972,,GF,0,82.0,95.36,68.0,False,363
imsa,2024,Watkins Glen,Watkins Glen International,race,621,96,GTD,Jake Walker,jake walker,59,2.0,38,106.996,24.877,40.134,41.985,,GF,1,82.4,96.44,67.0,False,363
imsa,2024,Watkins Glen,Watkins Glen International,race,621,96,GTD,Jake Walker,jake walker,60,2.0,39,106.508,24.904,39.873,41.731,,GF,2,82.5,96.62,67.0,False,363
imsa,2024,Watkins Glen,Watkins Glen International,race,621,96,GTD,Jake Walker,jake walker,61,2.0,40,106.795,25.02,40.031,41.744,,GF,3,82.5,96.62,66.0,False,363
imsa,2024,Watkins Glen,Watkins Glen International,race,621,96,GTD,Jake Walker,jake walker,62,2.0,41,107.852,24.958,40.95,41.944,,GF,4,82.7,96.8,66.0,False,363
imsa,2024,Watkins Glen,Watkins Glen International,race,621,96,GTD,Jake Walker,jake walker,63,2.0,42,123.725,26.581,44.027,53.117,,FCY,5,82.9,97.16,66.0,False,363
imsa,2024,Watkins Glen,Watkins Glen International,race,621,96,GTD,Jake Walker,jake walker,64,2.0,43,157.451,41.672,58.724,57.055,,FCY,5,82.9,97.34,65.0,False,363
imsa,2024,Watkins Glen,Watkins Glen International,race,621,96,GTD,Jake Walker,jake walker,65,2.0,44,173.891,39.06,65.087,69.744,,FCY,5,83.0,97.52,66.0,False,363
imsa,2024,Watkins Glen,Watkins Glen International,race,621,96,GTD,Jake Walker,jake walker,66,2.0,45,209.695,62.879,77.157,69.659,,FCY,5,82.8,97.34,66.0,False,363
imsa,2024,Watkins Glen,Watkins Glen International,race,621,96,GTD,Jake Walker,jake walker,67,2.0,46,165.097,30.914,64.104,70.079,,FCY,5,82.7,96.62,64.0,False,363
imsa,2024,Watkins Glen,Watkins Glen International,race,621,96,GTD,Jake Walker,jake walker,68,2.0,47,178.891,34.459,69.176,75.256,,FCY,5,82.6,95.9,65.0,False,363
imsa,2024,Watkins Glen,Watkins Glen International,race,621,96,GTD,Jake Walker,jake walker,69,2.0,48,214.374,63.499,82.388,68.487,,FCY,5,82.5,95.72,64.0,False,363
imsa,2024,Watkins Glen,Watkins Glen International,race,621,96,GTD,Jake Walker,jake walker,70,2.0,49,167.116,41.541,62.888,62.687,,GF,5,82.5,95.9,64.0,False,363
imsa,2024,Watkins Glen,Watkins Glen International,race,621,96,GTD,Jake Walker,jake walker,71,2.0,50,109.666,25.795,41.832,42.039,,GF,6,82.6,96.08,64.0,False,363
imsa,2024,Watkins Glen,Watkins Glen International,race,621,96,GTD,Jake Walker,jake walker,72,2.0,51,107.633,24.697,40.791,42.145,,GF,7,82.6,96.08,65.0,False,363
imsa,2024,Watkins Glen,Watkins Glen International,race,621,96,GTD,Jake Walker,jake walker,73,2.0,52,107.318,24.614,40.762,41.942,,GF,8,82.6,96.08,65.0,False,363
imsa,2024,Watkins Glen,Watkins Glen International,race,621,96,GTD,Jake Walker,jake walker,74,2.0,53,107.289,24.769,40.654,41.866,,GF,9,82.7,95.54,65.0,False,363
imsa,2024,Watkins Glen,Watkins Glen International,race,621,96,GTD,Jake Walker,jake walker,75,2.0,54,107.266,24.736,40.522,42.008,,GF,10,82.6,95.18,65.0,False,363
imsa,2024,Watkins Glen,Watkins Glen International,race,621,96,GTD,Jake Walker,jake walker,76,2.0,55,112.315,24.809,41.966,45.54,,GF,11,82.6,95.0,66.0,False,363
imsa,2024,Watkins Glen,Watkins Glen International,race,621,96,GTD,Jake Walker,jake walker,77,2.0,56,110.832,25.36,42.763,42.709,,GF,12,82.5,94.1,67.0,False,363
imsa,2024,Watkins Glen,Watkins Glen International,race,621,96,GTD,Jake Walker,jake walker,78,2.0,57,108.227,24.978,41.258,41.991,,GF,13,82.3,93.74,66.0,False,363
imsa,2024,Watkins Glen,Watkins Glen International,race,621,96,GTD,Jake Walker,jake walker,79,2.0,58,108.393,24.858,41.046,42.489,,GF,14,82.1,93.56,66.0,False,363
imsa,2024,Watkins Glen,Watkins Glen International,race,621,96,GTD,Jake Walker,jake walker,80,2.0,59,109.526,24.9,41.738,42.888,,GF,15,81.5,92.66,66.0,False,363
imsa,2024,Watkins Glen,Watkins Glen International,race,621,96,GTD,Jake Walker,jake walker,81,2.0,60,109.448,25.353,41.62,42.475,,GF,16,80.7,91.94,68.0,False,363
imsa,2024,Watkins Glen,Watkins Glen International,race,621,96,GTD,Jake Walker,jake walker,82,2.0,61,114.493,25.159,44.443,44.891,,GF,17,79.9,91.76,69.0,False,363
imsa,2024,Watkins Glen,Watkins Glen International,race,621,96,GTD,Jake Walker,jake walker,83,2.0,62,126.795,27.035,42.571,57.189,,FCY,18,79.3,89.06,73.0,False,363
imsa,2024,Watkins Glen,Watkins Glen International,race,621,96,GTD,Robby Foley,robby foley,84,3.0,0,210.383,78.086,60.266,72.031,62.116,FCY,0,78.1,86.9,74.0,False,363
imsa,2024,Watkins Glen,Watkins Glen International,race,621,96,GTD,Robby Foley,robby foley,85,3.0,1,201.747,31.796,69.998,99.953,,FCY,0,77.4,85.64,75.0,False,363
imsa,2024,Watkins Glen,Watkins Glen International,race,621,96,GTD,Robby Foley,robby foley,86,3.0,2,156.88,47.054,48.316,61.51,,FCY,0,76.9,85.1,76.0,False,363
imsa,2024,Watkins Glen,Watkins Glen International,race,621,96,GTD,Robby Foley,robby foley,87,3.0,3,135.653,31.383,47.887,56.383,,FCY,0,76.7,84.02,76.0,False,363
imsa,2024,Watkins Glen,Watkins Glen International,race,621,96,GTD,Robby Foley,robby foley,88,3.0,4,175.08,33.38,54.941,86.759,,FCY,0,76.4,82.76,77.0,False,363
imsa,2024,Watkins Glen,Watkins Glen International,race,621,96,GTD,Robby Foley,robby foley,89,3.0,5,168.024,34.915,53.047,80.062,,FCY,0,76.1,82.4,77.0,False,363
imsa,2024,Watkins Glen,Watkins Glen International,race,621,96,GTD,Robby Foley,robby foley,90,3.0,6,203.279,45.867,77.068,80.344,,FCY,0,76.0,82.4,77.0,False,363
imsa,2024,Watkins Glen,Watkins Glen International,race,621,96,GTD,Robby Foley,robby foley,91,3.0,7,186.547,53.136,74.184,59.227,,GF,0,76.0,82.04,77.0,False,363
imsa,2024,Watkins Glen,Watkins Glen International,race,621,96,GTD,Robby Foley,robby foley,92,3.0,8,119.316,27.564,45.766,45.986,,GF,1,76.0,81.68,78.0,False,363
imsa,2024,Watkins Glen,Watkins Glen International,race,621,96,GTD,Robby Foley,robby foley,93,3.0,9,129.791,26.507,44.875,58.409,,GF,2,76.0,81.5,77.0,False,363
imsa,2024,Watkins Glen,Watkins Glen International,race,621,96,GTD,Robby Foley,robby foley,94,3.0,10,179.42,77.313,45.24,56.867,66.315,GF,0,76.1,80.78,78.0,False,363
imsa,2024,Watkins Glen,Watkins Glen International,race,621,96,GTD,Robby Foley,robby foley,95,3.0,11,156.859,48.256,52.444,56.159,29.591,FCY,0,76.0,80.42,78.0,False,363
imsa,2024,Watkins Glen,Watkins Glen International,race,621,96,GTD,Robby Foley,robby foley,96,3.0,12,183.317,36.049,61.695,85.573,,FCY,0,75.7,80.06,78.0,False,363
imsa,2024,Watkins Glen,Watkins Glen International,race,621,96,GTD,Robby Foley,robby foley,97,3.0,13,208.012,43.205,77.073,87.734,,FCY,0,75.5,80.06,79.0,False,363
imsa,2024,Watkins Glen,Watkins Glen International,race,621,96,GTD,Robby Foley,robby foley,98,3.0,14,211.16,49.616,76.866,84.678,,FCY,0,75.4,79.7,80.0,False,363
imsa,2024,Watkins Glen,Watkins Glen International,race,621,96,GTD,Robby Foley,robby foley,99,3.0,15,186.493,48.749,77.936,59.808,,GF,0,75.6,79.7,78.0,False,363
imsa,2024,Watkins Glen,Watkins Glen International,race,621,96,GTD,Robby Foley,robby foley,100,3.0,16,110.8,27.282,41.366,42.152,,GF,1,75.7,79.7,78.0,False,363
imsa,2024,Watkins Glen,Watkins Glen International,race,621,96,GTD,Robby Foley,robby foley,101,3.0,17,107.722,25.511,40.518,41.693,,GF,2,75.9,79.7,78.0,False,363
imsa,2024,Watkins Glen,Watkins Glen International,race,621,96,GTD,Robby Foley,robby foley,102,3.0,18,109.867,27.843,40.368,41.656,,GF,3,76.2,80.06,77.0,False,363
imsa,2024,Watkins Glen,Watkins Glen International,race,621,96,GTD,Robby Foley,robby foley,103,3.0,19,107.337,25.359,40.247,41.731,,GF,4,76.5,80.6,76.0,False,363
imsa,2024,Watkins Glen,Watkins Glen International,race,621,96,GTD,Robby Foley,robby foley,104,3.0,20,106.785,24.954,40.206,41.625,,GF,5,76.7,80.96,76.0,False,363
imsa,2024,Watkins Glen,Watkins Glen International,race,621,96,GTD,Robby Foley,robby foley,105,3.0,21,106.804,24.921,40.231,41.652,,GF,6,76.8,81.32,76.0,False,363
imsa,2024,Watkins Glen,Watkins Glen International,race,621,96,GTD,Robby Foley,robby foley,106,3.0,22,109.09,26.584,40.485,42.021,,GF,7,77.0,81.68,75.0,False,363
imsa,2024,Watkins Glen,Watkins Glen International,race,621,96,GTD,Robby Foley,robby foley,107,3.0,23,107.121,24.926,40.267,41.928,,GF,8,77.2,82.76,75.0,False,363
imsa,2024,Watkins Glen,Watkins Glen International,race,621,96,GTD,Robby Foley,robby foley,108,3.0,24,121.618,24.893,40.83,55.895,,GF,9,77.4,82.76,73.0,False,363
imsa,2024,Watkins Glen,Watkins Glen International,race,621,96,GTD,Patrick Gallagher,patrick gallagher,109,4.0,0,142.393,59.558,40.784,42.051,51.078,GF,0,77.4,82.58,74.0,False,363
imsa,2024,Watkins Glen,Watkins Glen International,race,621,96,GTD,Patrick Gallagher,patrick gallagher,110,4.0,1,107.263,24.95,40.392,41.921,,GF,0,77.3,82.76,75.0,False,363
imsa,2024,Watkins Glen,Watkins Glen International,race,621,96,GTD,Patrick Gallagher,patrick gallagher,111,4.0,2,107.264,24.888,40.433,41.943,,GF,1,77.2,82.76,74.0,False,363
imsa,2024,Watkins Glen,Watkins Glen International,race,621,96,GTD,Patrick Gallagher,patrick gallagher,112,4.0,3,107.473,25.042,40.322,42.109,,GF,2,77.1,82.76,74.0,False,363
imsa,2024,Watkins Glen,Watkins Glen International,race,621,96,GTD,Patrick Gallagher,patrick gallagher,113,4.0,4,108.408,25.513,40.66,42.235,,GF,3,77.1,82.94,75.0,False,363
imsa,2024,Watkins Glen,Watkins Glen International,race,621,96,GTD,Patrick Gallagher,patrick gallagher,114,4.0,5,107.85,25.013,40.82,42.017,,GF,4,76.9,82.94,75.0,False,363
imsa,2024,Watkins Glen,Watkins Glen International,race,621,96,GTD,Patrick Gallagher,patrick gallagher,115,4.0,6,108.282,24.883,40.805,42.594,,GF,5,76.8,83.12,75.0,False,363
imsa,2024,Watkins Glen,Watkins Glen International,race,621,96,GTD,Patrick Gallagher,patrick gallagher,116,4.0,7,107.068,24.91,40.198,41.96,,GF,6,76.7,82.76,75.0,False,363
imsa,2024,Watkins Glen,Watkins Glen International,race,621,96,GTD,Patrick Gallagher,patrick gallagher,117,4.0,8,143.684,24.97,41.026,77.688,,FCY,7,76.3,80.24,78.0,False,363
imsa,2024,Watkins Glen,Watkins Glen International,race,621,96,GTD,Patrick Gallagher,patrick gallagher,118,4.0,9,314.952,93.951,111.618,109.383,,FCY,7,74.0,78.8,81.0,False,363
imsa,2024,Watkins Glen,Watkins Glen International,race,621,96,GTD,Patrick Gallagher,patrick gallagher,119,4.0,10,263.725,75.753,94.629,93.343,,FCY,7,73.1,78.62,84.0,False,363
imsa,2024,Watkins Glen,Watkins Glen International,race,621,96,GTD,Patrick Gallagher,patrick gallagher,120,4.0,11,275.718,64.285,88.472,122.961,,FCY,7,72.7,77.72,85.0,False,363
imsa,2024,Watkins Glen,Watkins Glen International,race,621,96,GTD,Patrick Gallagher,patrick gallagher,121,4.0,12,380.224,103.549,132.104,144.571,,FCY,7,72.2,75.92,86.0,False,363
imsa,2024,Watkins Glen,Watkins Glen International,race,621,96,GTD,Patrick Gallagher,patrick gallagher,122,4.0,13,2954.189,108.488,2776.455,69.246,2212.762,FCY,0,75.8,83.84,82.0,False,363
imsa,2024,Watkins Glen,Watkins Glen International,race,621,96,GTD,Patrick Gallagher,patrick gallagher,123,4.0,14,144.748,33.222,50.412,61.114,,FCY,0,76.0,84.56,81.0,False,363
imsa,2024,Watkins Glen,Watkins Glen International,race,621,96,GTD,Patrick Gallagher,patrick gallagher,124,4.0,15,152.636,33.14,68.191,51.305,,FCY,0,76.2,85.46,81.0,False,363
imsa,2024,Watkins Glen,Watkins Glen International,race,621,96,GTD,Patrick Gallagher,patrick gallagher,125,4.0,16,131.524,27.446,45.917,58.161,,FCY,0,76.4,86.36,81.0,False,363
imsa,2024,Watkins Glen,Watkins Glen International,race,621,96,GTD,Robby Foley,robby foley,126,5.0,0,154.038,63.7,44.982,45.356,53.25,FCY,0,76.6,87.08,80.0,False,363
imsa,2024,Watkins Glen,Watkins Glen International,race,621,96,GTD,Robby Foley,robby foley,127,5.0,1,186.918,44.025,64.638,78.255,,FCY,0,77.2,88.52,80.0,False,363
imsa,2024,Watkins Glen,Watkins Glen International,race,621,96,GTD,Robby Foley,robby foley,128,5.0,2,205.728,62.328,70.994,72.406,,FCY,0,77.2,87.98,80.0,False,363
imsa,2024,Watkins Glen,Watkins Glen International,race,621,96,GTD,Robby Foley,robby foley,129,5.0,3,184.136,57.938,74.825,51.373,,GF,0,77.2,88.52,79.0,False,363
imsa,2024,Watkins Glen,Watkins Glen International,race,621,96,GTD,Robby Foley,robby foley,130,5.0,4,107.769,25.09,40.712,41.967,,GF,1,77.0,87.98,78.0,False,363
imsa,2024,Watkins Glen,Watkins Glen International,race,621,96,GTD,Robby Foley,robby foley,131,5.0,5,107.799,24.782,40.85,42.167,,GF,2,77.0,88.34,79.0,False,363
imsa,2024,Watkins Glen,Watkins Glen International,race,621,96,GTD,Robby Foley,robby foley,132,5.0,6,107.373,24.881,40.666,41.826,,GF,3,77.0,87.98,79.0,False,363
imsa,2024,Watkins Glen,Watkins Glen International,race,621,96,GTD,Robby Foley,robby foley,133,5.0,7,106.469,24.891,39.95,41.628,,GF,4,77.0,87.62,79.0,False,363
imsa,2024,Watkins Glen,Watkins Glen International,race,621,96,GTD,Robby Foley,robby foley,134,5.0,8,106.82,24.768,40.333,41.719,,GF,5,76.8,87.08,79.0,False,363
imsa,2024,Watkins Glen,Watkins Glen International,race,621,96,GTD,Robby Foley,robby foley,135,5.0,9,106.82,24.755,40.312,41.753,,GF,6,76.7,86.72,79.0,False,363
imsa,2024,Watkins Glen,Watkins Glen International,race,621,96,GTD,Robby Foley,robby foley,136,5.0,10,107.672,24.93,40.901,41.841,,GF,7,76.6,86.72,79.0,False,363
imsa,2024,Watkins Glen,Watkins Glen International,race,621,96,GTD,Robby Foley,robby foley,137,5.0,11,108.395,24.944,41.498,41.953,,GF,8,76.5,86.18,79.0,False,363
imsa,2024,Watkins Glen,Watkins Glen International,race,621,96,GTD,Robby Foley,robby foley,138,5.0,12,108.014,24.733,41.049,42.232,,GF,9,76.5,86.0,80.0,False,363
imsa,2024,Watkins Glen,Watkins Glen International,race,621,96,GTD,Robby Foley,robby foley,139,5.0,13,108.178,24.914,40.824,42.44,,FF,10,76.5,86.0,80.0,False,363
