Driver,DriverNumber,Team,LapNumber,Stint,Compound,TyreLife,FreshTyre,Position,TrackStatus,lap_time_s,time_s,lap_start_time_s,air_temp_c,track_temp_c,humidity_pct,rainfall,is_in_lap,is_out_lap,is_missing_laptime,is_inaccurate,is_wet_compound,is_non_green,is_unknown_status,is_deleted,is_pace_lap,stint_crosses_red_flag
VER,1,Red Bull Racing,1.0,1.0,MEDIUM,1.0,True,1.0,1,83.08,3808.801,3725.478,18.3,32.2,64.0,False,False,False,False,True,False,False,False,False,False,False
VER,1,Red Bull Racing,2.0,1.0,MEDIUM,2.0,True,1.0,1,78.075,3886.876,3808.801,18.3,32.5,64.0,False,False,False,False,False,False,False,False,False,True,False
VER,1,Red Bull Racing,3.0,1.0,MEDIUM,3.0,True,1.0,1,77.767,3964.643,3886.876,18.5,32.5,63.0,False,False,False,False,False,False,False,False,False,True,False
VER,1,Red Bull Racing,4.0,1.0,MEDIUM,4.0,True,1.0,1,77.203,4041.846,3964.643,18.4,31.4,64.0,False,False,False,False,False,False,False,False,False,True,False
VER,1,Red Bull Racing,5.0,1.0,MEDIUM,5.0,True,1.0,1,77.371,4119.217,4041.846,18.5,31.1,65.0,False,False,False,False,False,False,False,False,False,True,False
VER,1,Red Bull Racing,6.0,1.0,MEDIUM,6.0,True,1.0,1,77.607,4196.824,4119.217,18.5,30.8,62.0,False,False,False,False,False,False,False,False,False,True,False
VER,1,Red Bull Racing,7.0,1.0,MEDIUM,7.0,True,1.0,12,77.565,4274.389,4196.824,18.5,30.8,62.0,False,False,False,False,False,False,True,False,False,False,False
VER,1,Red Bull Racing,8.0,1.0,MEDIUM,8.0,True,1.0,2671,92.655,4367.044,4274.389,18.6,30.8,62.0,False,False,False,False,True,False,True,False,False,False,False
VER,1,Red Bull Racing,9.0,1.0,MEDIUM,9.0,True,1.0,1,77.495,4444.539,4367.044,18.7,31.6,61.0,False,False,False,False,False,False,False,False,False,True,False
VER,1,Red Bull Racing,10.0,1.0,MEDIUM,10.0,True,1.0,1,77.359,4521.898,4444.539,18.7,31.9,61.0,False,False,False,False,False,False,False,False,False,True,False
VER,1,Red Bull Racing,11.0,1.0,MEDIUM,11.0,True,1.0,1,77.268,4599.166,4521.898,18.7,30.9,62.0,False,False,False,False,False,False,False,False,False,True,False
VER,1,Red Bull Racing,12.0,1.0,MEDIUM,12.0,True,1.0,124,93.192,4692.358,4599.166,18.8,32.8,63.0,False,True,False,False,True,False,True,False,False,False,False
VER,1,Red Bull Racing,13.0,2.0,HARD,1.0,True,1.0,4,149.911,4842.269,4692.358,19.0,33.0,61.0,False,False,True,False,True,False,True,False,False,False,False
VER,1,Red Bull Racing,14.0,2.0,HARD,2.0,True,1.0,4,124.639,4966.908,4842.269,19.0,34.3,60.0,False,False,False,False,True,False,True,False,False,False,False
VER,1,Red Bull Racing,15.0,2.0,HARD,3.0,True,1.0,4,114.677,5081.585,4966.908,19.3,34.0,60.0,False,False,False,False,True,False,True,False,False,False,False
VER,1,Red Bull Racing,16.0,2.0,HARD,4.0,True,1.0,41,134.905,5216.49,5081.585,19.4,34.1,61.0,False,False,False,False,True,False,True,False,False,False,False
VER,1,Red Bull Racing,17.0,2.0,HARD,5.0,True,1.0,1,77.145,5293.635,5216.49,19.4,33.1,60.0,False,False,False,False,False,False,False,False,False,True,False
VER,1,Red Bull Racing,18.0,2.0,HARD,6.0,True,1.0,1,76.682,5370.317,5293.635,19.4,33.0,61.0,False,False,False,False,False,False,False,False,False,True,False
VER,1,Red Bull Racing,19.0,2.0,HARD,7.0,True,1.0,1,76.63,5446.947,5370.317,19.3,32.3,61.0,False,False,False,False,False,False,False,False,False,True,False
VER,1,Red Bull Racing,20.0,2.0,HARD,8.0,True,1.0,1,76.607,5523.554,5446.947,19.0,31.3,62.0,False,False,False,False,False,False,False,False,False,True,False
VER,1,Red Bull Racing,21.0,2.0,HARD,9.0,True,1.0,1,76.652,5600.206,5523.554,18.9,31.3,62.0,False,False,False,False,False,False,False,False,False,True,False
VER,1,Red Bull Racing,22.0,2.0,HARD,10.0,True,1.0,1,76.697,5676.903,5600.206,18.9,31.3,62.0,False,False,False,False,False,False,False,False,False,True,False
VER,1,Red Bull Racing,23.0,2.0,HARD,11.0,True,1.0,1,76.946,5753.849,5676.903,18.7,30.8,64.0,False,False,False,False,False,False,False,False,False,True,False
VER,1,Red Bull Racing,24.0,2.0,HARD,12.0,True,1.0,1,76.641,5830.49,5753.849,18.8,30.5,64.0,False,False,False,False,False,False,False,False,False,True,False
VER,1,Red Bull Racing,25.0,2.0,HARD,13.0,True,1.0,1,76.643,5907.133,5830.49,18.9,30.5,64.0,False,False,False,False,False,False,False,False,False,True,False
VER,1,Red Bull Racing,26.0,2.0,HARD,14.0,True,1.0,1,76.785,5983.918,5907.133,18.8,30.5,64.0,False,False,False,False,False,False,False,False,False,True,False
VER,1,Red Bull Racing,27.0,2.0,HARD,15.0,True,1.0,1,76.928,6060.846,5983.918,19.0,31.2,62.0,False,False,False,False,False,False,False,False,False,True,False
VER,1,Red Bull Racing,28.0,2.0,HARD,16.0,True,1.0,1,77.004,6137.85,6060.846,19.0,31.2,62.0,False,False,False,False,False,False,False,False,False,True,False
VER,1,Red Bull Racing,29.0,2.0,HARD,17.0,True,1.0,12,76.807,6214.657,6137.85,19.1,30.4,61.0,False,False,False,False,False,False,True,False,False,False,False
VER,1,Red Bull Racing,30.0,2.0,HARD,18.0,True,1.0,1,77.016,6291.673,6214.657,19.1,29.8,62.0,False,False,False,False,False,False,False,False,False,True,False
VER,1,Red Bull Racing,31.0,2.0,HARD,19.0,True,1.0,1,76.849,6368.522,6291.673,19.1,29.5,63.0,False,False,False,False,False,False,False,False,False,True,False
VER,1,Red Bull Racing,32.0,2.0,HARD,20.0,True,1.0,1,76.918,6445.44,6368.522,19.1,30.5,64.0,False,False,False,False,False,False,False,False,False,True,False
VER,1,Red Bull Racing,33.0,2.0,HARD,21.0,True,1.0,1,76.83,6522.27,6445.44,19.0,30.5,63.0,False,False,False,False,False,False,False,False,False,True,False
VER,1,Red Bull Racing,34.0,2.0,HARD,22.0,True,1.0,1,77.054,6599.324,6522.27,19.1,30.7,64.0,False,False,False,False,False,False,False,False,False,True,False
VER,1,Red Bull Racing,35.0,2.0,HARD,23.0,True,1.0,12,77.225,6676.549,6599.324,19.4,32.3,61.0,False,False,False,False,False,False,True,False,False,False,False
VER,1,Red Bull Racing,36.0,2.0,HARD,24.0,True,1.0,21,77.765,6754.314,6676.549,19.5,32.3,61.0,False,False,False,False,False,False,True,False,False,False,False
VER,1,Red Bull Racing,37.0,2.0,HARD,25.0,True,1.0,1,77.094,6831.408,6754.314,19.4,32.3,61.0,False,False,False,False,False,False,False,False,False,True,False
VER,1,Red Bull Racing,38.0,2.0,HARD,26.0,True,1.0,1,77.011,6908.419,6831.408,19.3,32.3,62.0,False,False,False,False,False,False,False,False,False,True,False
VER,1,Red Bull Racing,39.0,2.0,HARD,27.0,True,1.0,1,77.273,6985.692,6908.419,19.3,31.6,62.0,False,False,False,False,False,False,False,False,False,True,False
VER,1,Red Bull Racing,40.0,2.0,HARD,28.0,True,1.0,1,77.4,7063.092,6985.692,19.3,31.6,62.0,False,False,False,False,False,False,False,False,False,True,False
VER,1,Red Bull Racing,41.0,2.0,HARD,29.0,True,1.0,1,77.017,7140.109,7063.092,19.3,31.3,62.0,False,False,False,False,False,False,False,False,False,True,False
VER,1,Red Bull Racing,42.0,2.0,HARD,30.0,True,1.0,1,93.273,7233.382,7140.109,19.3,31.7,61.0,False,True,False,False,True,False,False,False,False,False,False
VER,1,Red Bull Racing,43.0,3.0,MEDIUM,1.0,True,1.0,1,79.311,7312.693,7233.382,19.4,31.8,60.0,False,False,True,False,True,False,False,False,False,False,False
VER,1,Red Bull Racing,44.0,3.0,MEDIUM,2.0,True,1.0,1,76.322,7389.015,7312.693,19.1,30.9,61.0,False,False,False,False,False,False,False,False,False,True,False
VER,1,Red Bull Racing,45.0,3.0,MEDIUM,3.0,True,1.0,1,76.092,7465.107,7389.015,19.1,30.8,62.0,False,False,False,False,False,False,False,False,False,True,False
VER,1,Red Bull Racing,46.0,3.0,MEDIUM,4.0,True,1.0,1,76.204,7541.311,7465.107,19.1,30.7,64.0,False,False,False,False,False,False,False,False,False,True,False
VER,1,Red Bull Racing,47.0,3.0,MEDIUM,5.0,True,1.0,1,76.036,7617.347,7541.311,19.1,30.7,64.0,False,False,False,False,False,False,False,False,False,True,False
VER,1,Red Bull Racing,48.0,3.0,MEDIUM,6.0,True,1.0,1,76.109,7693.456,7617.347,19.1,30.7,61.0,False,False,False,False,False,False,False,False,False,True,False
VER,1,Red Bull Racing,49.0,3.0,MEDIUM,7.0,True,1.0,1,75.856,7769.312,7693.456,19.1,30.4,61.0,False,False,False,False,False,False,False,False,False,True,False
VER,1,Red Bull Racing,50.0,3.0,MEDIUM,8.0,True,1.0,1,75.919,7845.231,7769.312,19.2,30.2,62.0,False,False,False,False,False,False,False,False,False,True,False
VER,1,Red Bull Racing,51.0,3.0,MEDIUM,9.0,True,1.0,1,75.795,7921.026,7845.231,19.1,29.5,62.0,False,False,False,False,False,False,False,False,False,True,False
VER,1,Red Bull Racing,52.0,3.0,MEDIUM,10.0,True,1.0,1,76.103,7997.129,7921.026,19.1,29.3,63.0,False,False,False,False,False,False,False,False,False,True,False
VER,1,Red Bull Racing,53.0,3.0,MEDIUM,11.0,True,1.0,1,75.694,8072.823,7997.129,19.1,29.1,63.0,False,False,False,False,False,False,False,False,False,True,False
VER,1,Red Bull Racing,54.0,3.0,MEDIUM,12.0,True,1.0,1,75.732,8148.555,8072.823,19.0,29.1,64.0,False,False,False,False,False,False,False,False,False,True,False
VER,1,Red Bull Racing,55.0,3.0,MEDIUM,13.0,True,1.0,1,75.82,8224.375,8148.555,19.0,29.1,63.0,False,False,False,False,False,False,False,False,False,True,False
VER,1,Red Bull Racing,56.0,3.0,MEDIUM,14.0,True,1.0,1,75.888,8300.263,8224.375,19.0,29.2,64.0,False,False,False,False,False,False,False,False,False,True,False
VER,1,Red Bull Racing,57.0,3.0,MEDIUM,15.0,True,1.0,1,75.945,8376.208,8300.263,19.1,29.2,63.0,False,False,False,False,False,False,False,False,False,True,False
VER,1,Red Bull Racing,58.0,3.0,MEDIUM,16.0,True,1.0,1,75.957,8452.165,8376.208,19.0,29.3,63.0,False,False,False,False,False,False,False,False,False,True,False
VER,1,Red Bull Racing,59.0,3.0,MEDIUM,17.0,True,1.0,1,75.775,8527.94,8452.165,19.0,29.3,63.0,False,False,False,False,False,False,False,False,False,True,False
VER,1,Red Bull Racing,60.0,3.0,MEDIUM,18.0,True,1.0,1,75.866,8603.806,8527.94,19.0,29.3,63.0,False,False,False,False,False,False,False,False,False,True,False
VER,1,Red Bull Racing,61.0,3.0,MEDIUM,19.0,True,1.0,1,75.928,8679.734,8603.806,19.1,29.2,63.0,False,False,False,False,False,False,False,False,False,True,False
VER,1,Red Bull Racing,62.0,3.0,MEDIUM,20.0,True,1.0,1,75.933,8755.667,8679.734,19.1,29.2,63.0,False,False,False,False,False,False,False,False,False,True,False
VER,1,Red Bull Racing,63.0,3.0,MEDIUM,21.0,True,1.0,1,75.937,8831.604,8755.667,19.1,29.1,63.0,False,False,False,False,False,False,False,False,False,True,False
VER,1,Red Bull Racing,64.0,3.0,MEDIUM,22.0,True,1.0,1,76.214,8907.818,8831.604,19.2,29.7,63.0,False,False,False,False,False,False,False,False,False,True,False
VER,1,Red Bull Racing,65.0,3.0,MEDIUM,23.0,True,1.0,1,75.897,8983.715,8907.818,19.3,29.8,62.0,False,False,False,False,False,False,False,False,False,True,False
VER,1,Red Bull Racing,66.0,3.0,MEDIUM,24.0,True,1.0,1,76.233,9059.948,8983.715,19.3,29.7,61.0,False,False,False,False,False,False,False,False,False,True,False
VER,1,Red Bull Racing,67.0,3.0,MEDIUM,25.0,True,1.0,1,76.121,9136.069,9059.948,19.3,29.4,61.0,False,False,False,False,False,False,False,False,False,True,False
VER,1,Red Bull Racing,68.0,3.0,MEDIUM,26.0,True,1.0,1,75.594,9211.663,9136.069,19.2,29.3,61.0,False,False,False,False,False,False,False,False,False,True,False
VER,1,Red Bull Racing,69.0,3.0,MEDIUM,27.0,True,1.0,1,76.169,9287.832,9211.663,19.3,29.3,62.0,False,False,False,False,False,False,False,False,False,True,False
VER,1,Red Bull Racing,70.0,3.0,MEDIUM,28.0,True,1.0,1,76.237,9364.069,9287.832,19.1,29.4,61.0,False,False,False,False,False,False,False,False,False,True,False
GAS,10,Alpine,1.0,1.0,SOFT,1.0,True,13.0,1,91.271,3816.992,3725.478,18.3,32.2,64.0,False,False,False,False,True,False,False,False,False,False,False
GAS,10,Alpine,2.0,1.0,SOFT,2.0,True,13.0,1,79.34,3896.332,3816.992,18.3,32.5,64.0,False,False,False,False,False,False,False,False,False,True,False
GAS,10,Alpine,3.0,1.0,SOFT,3.0,True,13.0,1,78.7,3975.032,3896.332,18.5,32.5,63.0,False,False,False,False,False,False,False,False,False,True,False
GAS,10,Alpine,4.0,1.0,SOFT,4.0,True,13.0,1,78.514,4053.546,3975.032,18.4,31.4,64.0,False,False,False,False,False,False,False,False,False,True,False
GAS,10,Alpine,5.0,1.0,SOFT,5.0,True,13.0,1,78.963,4132.509,4053.546,18.5,31.1,65.0,False,False,False,False,False,False,False,False,False,True,False
GAS,10,Alpine,6.0,1.0,SOFT,6.0,True,13.0,1,78.298,4210.807,4132.509,18.5,30.8,62.0,False,False,False,False,False,False,False,False,False,True,False
GAS,10,Alpine,7.0,1.0,SOFT,7.0,True,13.0,126,79.107,4289.914,4210.807,18.5,30.8,62.0,False,False,False,False,True,False,True,False,False,False,False
GAS,10,Alpine,8.0,1.0,SOFT,8.0,True,13.0,671,93.842,4383.756,4289.914,18.6,31.1,63.0,False,False,False,False,True,False,True,False,False,False,False
GAS,10,Alpine,9.0,1.0,SOFT,9.0,True,13.0,1,78.674,4462.43,4383.756,18.7,31.6,61.0,False,False,False,False,False,False,False,False,False,True,False
GAS,10,Alpine,10.0,1.0,SOFT,10.0,True,19.0,1,100.116,4562.546,4462.43,18.7,30.9,62.0,False,True,False,False,True,False,False,False,False,False,False
GAS,10,Alpine,11.0,2.0,HARD,1.0,False,19.0,1,81.94,4644.486,4562.546,18.7,31.6,62.0,False,False,True,False,True,False,False,False,False,False,False
GAS,10,Alpine,12.0,2.0,HARD,2.0,False,18.0,124,101.814,4746.3,4644.486,18.9,32.9,61.0,False,False,False,False,True,False,True,False,False,False,False
GAS,10,Alpine,13.0,2.0,HARD,3.0,False,18.0,4,117.989,4864.289,4746.3,19.0,34.1,61.0,False,False,False,False,True,False,True,False,False,False,False
GAS,10,Alpine,14.0,2.0,HARD,4.0,False,18.0,4,126.442,4990.731,4864.289,19.2,34.0,60.0,False,False,False,False,True,False,True,False,False,False,False
GAS,10,Alpine,15.0,2.0,HARD,5.0,False,18.0,4,117.326,5108.057,4990.731,19.4,34.2,60.0,False,False,False,False,True,False,True,False,False,False,False
GAS,10,Alpine,16.0,2.0,HARD,6.0,False,18.0,41,116.432,5224.489,5108.057,19.4,33.8,61.0,False,False,False,False,True,False,True,False,False,False,False
GAS,10,Alpine,17.0,2.0,HARD,7.0,False,18.0,1,79.828,5304.317,5224.489,19.4,33.1,60.0,False,False,False,False,False,False,False,False,False,True,False
GAS,10,Alpine,18.0,2.0,HARD,8.0,False,18.0,1,79.35,5383.667,5304.317,19.4,33.0,61.0,False,False,False,False,False,False,False,False,False,True,False
GAS,10,Alpine,19.0,2.0,HARD,9.0,False,18.0,1,78.419,5462.086,5383.667,19.2,31.3,62.0,False,False,False,False,False,False,False,False,False,True,False
GAS,10,Alpine,20.0,2.0,HARD,10.0,False,18.0,1,78.491,5540.577,5462.086,19.0,31.3,62.0,False,False,False,False,False,False,False,False,False,True,False
GAS,10,Alpine,21.0,2.0,HARD,11.0,False,18.0,1,78.806,5619.383,5540.577,18.9,31.3,62.0,False,False,False,False,False,False,False,False,False,True,False
GAS,10,Alpine,22.0,2.0,HARD,12.0,False,18.0,1,78.438,5697.821,5619.383,18.9,31.3,62.0,False,False,False,False,False,False,False,False,False,True,False
GAS,10,Alpine,23.0,2.0,HARD,13.0,False,18.0,1,78.433,5776.254,5697.821,18.8,30.8,64.0,False,False,False,False,False,False,False,False,False,True,False
GAS,10,Alpine,24.0,2.0,HARD,14.0,False,18.0,1,78.667,5854.921,5776.254,18.8,30.5,64.0,False,False,False,False,False,False,False,False,False,True,False
GAS,10,Alpine,25.0,2.0,HARD,15.0,False,18.0,1,78.288,5933.209,5854.921,18.9,30.5,64.0,False,False,False,False,False,False,False,False,False,True,False
GAS,10,Alpine,26.0,2.0,HARD,16.0,False,18.0,1,78.723,6011.932,5933.209,18.9,31.6,64.0,False,False,False,False,False,False,False,False,False,True,False
GAS,10,Alpine,27.0,2.0,HARD,17.0,False,17.0,1,78.499,6090.431,6011.932,19.0,31.2,62.0,False,False,False,False,False,False,False,False,False,True,False
GAS,10,Alpine,28.0,2.0,HARD,18.0,False,17.0,12,78.338,6168.769,6090.431,19.0,31.2,62.0,False,False,False,False,False,False,True,False,False,False,False
GAS,10,Alpine,29.0,2.0,HARD,19.0,False,17.0,1,78.68,6247.449,6168.769,19.1,29.8,62.0,False,False,False,False,False,False,False,False,False,True,False
GAS,10,Alpine,30.0,2.0,HARD,20.0,False,17.0,1,78.481,6325.93,6247.449,19.1,29.5,63.0,False,False,False,False,False,False,False,False,False,True,False
GAS,10,Alpine,31.0,2.0,HARD,21.0,False,16.0,1,78.422,6404.352,6325.93,19.1,29.5,63.0,False,False,False,False,False,False,False,False,False,True,False
GAS,10,Alpine,32.0,2.0,HARD,22.0,False,15.0,1,78.126,6482.478,6404.352,19.0,30.5,63.0,False,False,False,False,False,False,False,False,False,True,False
GAS,10,Alpine,33.0,2.0,HARD,23.0,False,18.0,1,95.144,6577.622,6482.478,19.1,30.7,64.0,False,True,False,False,True,False,False,False,False,False,False
GAS,10,Alpine,34.0,3.0,HARD,1.0,True,18.0,12,80.911,6658.533,6577.622,19.1,31.3,62.0,False,False,True,False,True,False,True,False,False,False,False
GAS,10,Alpine,35.0,3.0,HARD,2.0,True,15.0,21,78.144,6736.677,6658.533,19.5,32.3,61.0,False,False,False,False,False,False,True,False,False,False,False
GAS,10,Alpine,36.0,3.0,HARD,3.0,True,15.0,1,77.305,6813.982,6736.677,19.4,32.3,61.0,False,False,False,False,False,False,False,False,False,True,False
GAS,10,Alpine,37.0,3.0,HARD,4.0,True,15.0,1,77.423,6891.405,6813.982,19.4,32.3,61.0,False,False,False,False,False,False,False,False,False,True,False
GAS,10,Alpine,38.0,3.0,HARD,5.0,True,15.0,1,77.251,6968.656,6891.405,19.3,31.6,62.0,False,False,False,False,False,False,False,False,False,True,False
GAS,10,Alpine,39.0,3.0,HARD,6.0,True,15.0,1,77.18,7045.836,6968.656,19.3,31.6,62.0,False,False,False,False,False,False,False,False,False,True,False
GAS,10,Alpine,40.0,3.0,HARD,7.0,True,15.0,1,77.277,7123.113,7045.836,19.4,31.6,62.0,False,False,False,False,False,False,False,False,False,True,False
GAS,10,Alpine,41.0,3.0,HARD,8.0,True,15.0,1,77.126,7200.239,7123.113,19.3,31.7,61.0,False,False,False,False,False,False,False,False,False,True,False
GAS,10,Alpine,42.0,3.0,HARD,9.0,True,15.0,1,77.323,7277.562,7200.239,19.4,31.8,60.0,False,False,False,False,False,False,False,False,False,True,False
GAS,10,Alpine,43.0,3.0,HARD,10.0,True,14.0,1,77.406,7354.968,7277.562,19.3,31.4,61.0,False,False,False,False,False,False,False,False,False,True,False
GAS,10,Alpine,44.0,3.0,HARD,11.0,True,14.0,1,76.924,7431.892,7354.968,19.1,30.9,61.0,False,False,False,False,False,False,False,False,False,True,False
GAS,10,Alpine,45.0,3.0,HARD,12.0,True,14.0,1,76.777,7508.669,7431.892,19.1,30.7,64.0,False,False,False,False,False,False,False,False,False,True,False
GAS,10,Alpine,46.0,3.0,HARD,13.0,True,14.0,1,76.752,7585.421,7508.669,19.1,30.7,64.0,False,False,False,False,False,False,False,False,False,True,False
GAS,10,Alpine,47.0,3.0,HARD,14.0,True,14.0,1,76.95,7662.371,7585.421,19.2,30.8,63.0,False,False,False,False,False,False,False,False,False,True,False
GAS,10,Alpine,48.0,3.0,HARD,15.0,True,14.0,1,77.015,7739.386,7662.371,19.1,30.7,61.0,False,False,False,False,False,False,False,False,False,True,False
GAS,10,Alpine,49.0,3.0,HARD,16.0,True,14.0,1,76.872,7816.258,7739.386,19.2,30.2,62.0,False,False,False,False,False,False,False,False,False,True,False
GAS,10,Alpine,50.0,3.0,HARD,17.0,True,14.0,1,77.012,7893.27,7816.258,19.1,29.9,62.0,False,False,False,False,False,False,False,False,False,True,False
GAS,10,Alpine,51.0,3.0,HARD,18.0,True,14.0,1,76.837,7970.107,7893.27,19.1,29.5,62.0,False,False,False,False,False,False,False,False,False,True,False
GAS,10,Alpine,52.0,3.0,HARD,19.0,True,14.0,1,76.913,8047.02,7970.107,19.1,29.1,63.0,False,False,False,False,False,False,False,False,False,True,False
GAS,10,Alpine,53.0,3.0,HARD,20.0,True,14.0,1,76.813,8123.833,8047.02,19.0,29.1,64.0,False,False,False,False,False,False,False,False,False,True,False
GAS,10,Alpine,54.0,3.0,HARD,21.0,True,14.0,1,76.993,8200.826,8123.833,19.0,29.1,64.0,False,False,False,False,False,False,False,False,False,True,False
GAS,10,Alpine,55.0,3.0,HARD,22.0,True,13.0,1,77.11,8277.936,8200.826,19.0,29.1,63.0,False,False,False,False,False,False,False,False,False,True,False
GAS,10,Alpine,56.0,3.0,HARD,23.0,True,13.0,1,76.987,8354.923,8277.936,19.1,29.2,63.0,False,False,False,False,False,False,False,False,False,True,False
GAS,10,Alpine,57.0,3.0,HARD,24.0,True,13.0,1,76.802,8431.725,8354.923,19.0,29.3,63.0,False,False,False,False,False,False,False,False,False,True,False
GAS,10,Alpine,58.0,3.0,HARD,25.0,True,13.0,1,76.725,8508.45,8431.725,19.0,29.3,64.0,False,False,False,False,False,False,False,False,False,True,False
GAS,10,Alpine,59.0,3.0,HARD,26.0,True,13.0,1,76.556,8585.006,8508.45,19.0,29.3,63.0,False,False,False,False,False,False,False,False,False,True,False
GAS,10,Alpine,60.0,3.0,HARD,27.0,True,13.0,1,76.641,8661.647,8585.006,19.1,29.2,63.0,False,False,False,False,False,False,False,False,False,True,False
GAS,10,Alpine,61.0,3.0,HARD,28.0,True,13.0,1,76.721,8738.368,8661.647,19.1,29.2,63.0,False,False,False,False,False,False,False,False,False,True,False
GAS,10,Alpine,62.0,3.0,HARD,29.0,True,13.0,1,76.66,8815.028,8738.368,19.1,29.1,63.0,False,False,False,False,False,False,False,False,False,True,False
GAS,10,Alpine,63.0,3.0,HARD,30.0,True,13.0,1,76.736,8891.764,8815.028,19.2,29.7,63.0,False,False,False,False,False,False,False,False,False,True,False
GAS,10,Alpine,64.0,3.0,HARD,31.0,True,13.0,1,76.734,8968.498,8891.764,19.3,29.8,62.0,False,False,False,False,False,False,False,False,False,True,False
GAS,10,Alpine,65.0,3.0,HARD,32.0,True,13.0,1,76.898,9045.396,8968.498,19.3,29.7,61.0,False,False,False,False,False,False,False,False,False,True,False
GAS,10,Alpine,66.0,3.0,HARD,33.0,True,13.0,1,76.627,9122.023,9045.396,19.3,29.4,61.0,False,False,False,False,False,False,False,False,False,True,False
GAS,10,Alpine,67.0,3.0,HARD,34.0,True,13.0,1,76.425,9198.448,9122.023,19.2,29.3,61.0,False,False,False,False,False,False,False,False,False,True,False
GAS,10,Alpine,68.0,3.0,HARD,35.0,True,13.0,1,76.896,9275.344,9198.448,19.3,29.3,62.0,False,False,False,False,False,False,False,False,False,True,False
GAS,10,Alpine,69.0,3.0,HARD,36.0,True,13.0,1,77.071,9352.415,9275.344,19.2,29.4,63.0,False,False,False,False,False,False,False,False,False,True,False
GAS,10,Alpine,70.0,3.0,HARD,37.0,True,13.0,1,76.903,9429.318,9352.415,19.1,29.4,61.0,False,False,False,False,False,False,False,False,False,True,False
PER,11,Red Bull Racing,1.0,1.0,HARD,1.0,True,12.0,1,90.734,3816.455,3725.478,18.3,32.2,64.0,False,False,False,False,True,False,False,False,False,False,False
PER,11,Red Bull Racing,2.0,1.0,HARD,2.0,True,12.0,1,79.273,3895.728,3816.455,18.3,32.5,64.0,False,False,False,False,False,False,False,False,False,True,False
PER,11,Red Bull Racing,3.0,1.0,HARD,3.0,True,12.0,1,78.51,3974.238,3895.728,18.5,32.5,63.0,False,False,False,False,False,False,False,False,False,True,False
PER,11,Red Bull Racing,4.0,1.0,HARD,4.0,True,12.0,1,78.656,4052.894,3974.238,18.4,31.4,64.0,False,False,False,False,False,False,False,False,False,True,False
PER,11,Red Bull Racing,5.0,1.0,HARD,5.0,True,12.0,1,78.45,4131.344,4052.894,18.5,31.1,65.0,False,False,False,False,False,False,False,False,False,True,False
PER,11,Red Bull Racing,6.0,1.0,HARD,6.0,True,12.0,1,78.734,4210.078,4131.344,18.5,30.8,62.0,False,False,False,False,False,False,False,False,False,True,False
PER,11,Red Bull Racing,7.0,1.0,HARD,7.0,True,12.0,126,79.228,4289.306,4210.078,18.5,30.8,62.0,False,False,False,False,True,False,True,False,False,False,False
PER,11,Red Bull Racing,8.0,1.0,HARD,8.0,True,12.0,671,93.707,4383.013,4289.306,18.6,31.1,63.0,False,False,False,False,True,False,True,False,False,False,False
PER,11,Red Bull Racing,9.0,1.0,HARD,9.0,True,12.0,1,78.635,4461.648,4383.013,18.7,31.6,61.0,False,False,False,False,False,False,False,False,False,True,False
PER,11,Red Bull Racing,10.0,1.0,HARD,10.0,True,12.0,1,79.279,4540.927,4461.648,18.7,31.9,61.0,False,False,False,False,False,False,False,False,False,True,False
PER,11,Red Bull Racing,11.0,1.0,HARD,11.0,True,11.0,1,78.748,4619.675,4540.927,18.7,30.9,62.0,False,False,False,False,False,False,False,False,False,True,False
PER,11,Red Bull Racing,12.0,1.0,HARD,12.0,True,6.0,124,94.04,4713.715,4619.675,18.8,32.8,63.0,False,False,False,False,True,False,True,False,False,False,False
PER,11,Red Bull Racing,13.0,1.0,HARD,13.0,True,6.0,4,134.77,4848.485,4713.715,19.0,33.0,61.0,False,False,False,False,True,False,True,False,False,False,False
PER,11,Red Bull Racing,14.0,1.0,HARD,14.0,True,6.0,4,124.543,4973.028,4848.485,19.0,34.3,60.0,False,False,False,False,True,False,True,False,False,False,False
PER,11,Red Bull Racing,15.0,1.0,HARD,15.0,True,6.0,4,114.242,5087.27,4973.028,19.3,34.0,60.0,False,False,False,False,True,False,True,False,False,False,False
PER,11,Red Bull Racing,16.0,1.0,HARD,16.0,True,6.0,41,131.415,5218.685,5087.27,19.4,34.1,61.0,False,False,False,False,True,False,True,False,False,False,False
PER,11,Red Bull Racing,17.0,1.0,HARD,17.0,True,6.0,1,79.091,5297.776,5218.685,19.4,33.1,60.0,False,False,False,False,False,False,False,False,False,True,False
PER,11,Red Bull Racing,18.0,1.0,HARD,18.0,True,6.0,1,77.813,5375.589,5297.776,19.4,33.0,61.0,False,False,False,False,False,False,False,False,False,True,False
PER,11,Red Bull Racing,19.0,1.0,HARD,19.0,True,6.0,1,77.754,5453.343,5375.589,19.3,32.3,61.0,False,False,False,False,False,False,False,False,False,True,False
PER,11,Red Bull Racing,20.0,1.0,HARD,20.0,True,6.0,1,77.725,5531.068,5453.343,19.0,31.3,62.0,False,False,False,False,False,False,False,False,False,True,False
PER,11,Red Bull Racing,21.0,1.0,HARD,21.0,True,6.0,1,77.406,5608.474,5531.068,18.9,31.3,62.0,False,False,False,False,False,False,False,False,False,True,False
PER,11,Red Bull Racing,22.0,1.0,HARD,22.0,True,6.0,1,77.701,5686.175,5608.474,18.9,31.3,62.0,False,False,False,False,False,False,False,False,False,True,False
PER,11,Red Bull Racing,23.0,1.0,HARD,23.0,True,6.0,1,77.596,5763.771,5686.175,18.8,30.8,64.0,False,False,False,False,False,False,False,False,False,True,False
PER,11,Red Bull Racing,24.0,1.0,HARD,24.0,True,6.0,1,77.435,5841.206,5763.771,18.8,30.5,64.0,False,False,False,False,False,False,False,False,False,True,False
PER,11,Red Bull Racing,25.0,1.0,HARD,25.0,True,6.0,1,77.545,5918.751,5841.206,18.9,30.5,64.0,False,False,False,False,False,False,False,False,False,True,False
PER,11,Red Bull Racing,26.0,1.0,HARD,26.0,True,6.0,1,77.495,5996.246,5918.751,18.8,30.5,64.0,False,False,False,False,False,False,False,False,False,True,False
PER,11,Red Bull Racing,27.0,1.0,HARD,27.0,True,6.0,1,77.822,6074.068,5996.246,19.0,31.2,62.0,False,False,False,False,False,False,False,False,False,True,False
PER,11,Red Bull Racing,28.0,1.0,HARD,28.0,True,6.0,1,77.642,6151.71,6074.068,19.0,31.2,62.0,False,False,False,False,False,False,False,False,False,True,False
PER,11,Red Bull Racing,29.0,1.0,HARD,29.0,True,6.0,12,77.698,6229.408,6151.71,19.1,30.4,61.0,False,False,False,False,False,False,True,False,False,False,False
PER,11,Red Bull Racing,30.0,1.0,HARD,30.0,True,6.0,1,77.574,6306.982,6229.408,19.1,29.5,63.0,False,False,False,False,False,False,False,False,False,True,False
PER,11,Red Bull Racing,31.0,1.0,HARD,31.0,True,6.0,1,77.742,6384.724,6306.982,19.1,29.5,63.0,False,False,False,False,False,False,False,False,False,True,False
PER,11,Red Bull Racing,32.0,1.0,HARD,32.0,True,6.0,1,77.721,6462.445,6384.724,19.1,30.5,64.0,False,False,False,False,False,False,False,False,False,True,False
PER,11,Red Bull Racing,33.0,1.0,HARD,33.0,True,6.0,1,77.986,6540.431,6462.445,19.1,30.7,64.0,False,False,False,False,False,False,False,False,False,True,False
PER,11,Red Bull Racing,34.0,1.0,HARD,34.0,True,6.0,1,77.967,6618.398,6540.431,19.1,31.3,62.0,False,False,False,False,False,False,False,False,False,True,False
PER,11,Red Bull Racing,35.0,1.0,HARD,35.0,True,6.0,12,77.742,6696.14,6618.398,19.4,32.3,61.0,False,False,False,False,False,False,True,False,False,False,False
PER,11,Red Bull Racing,36.0,1.0,HARD,36.0,True,6.0,21,78.47,6774.61,6696.14,19.5,32.3,61.0,False,False,False,False,False,False,True,False,False,False,False
PER,11,Red Bull Racing,37.0,1.0,HARD,37.0,True,6.0,1,93.65,6868.26,6774.61,19.4,32.3,61.0,False,True,False,False,True,False,False,False,False,False,False
PER,11,Red Bull Racing,38.0,2.0,MEDIUM,1.0,True,7.0,1,79.774,6948.034,6868.26,19.3,32.3,62.0,False,False,True,False,True,False,False,False,False,False,False
PER,11,Red Bull Racing,39.0,2.0,MEDIUM,2.0,True,6.0,1,76.704,7024.738,6948.034,19.3,31.6,62.0,False,False,False,False,False,False,False,False,False,True,False
PER,11,Red Bull Racing,40.0,2.0,MEDIUM,3.0,True,6.0,1,76.769,7101.507,7024.738,19.4,31.6,62.0,False,False,False,False,False,False,False,False,False,True,False
PER,11,Red Bull Racing,41.0,2.0,MEDIUM,4.0,True,6.0,1,76.41,7177.917,7101.507,19.3,31.3,62.0,False,False,False,False,False,False,False,False,False,True,False
PER,11,Red Bull Racing,42.0,2.0,MEDIUM,5.0,True,6.0,1,76.149,7254.066,7177.917,19.3,31.7,61.0,False,False,False,False,False,False,False,False,False,True,False
PER,11,Red Bull Racing,43.0,2.0,MEDIUM,6.0,True,6.0,1,76.601,7330.667,7254.066,19.3,31.4,61.0,False,False,False,False,False,False,False,False,False,True,False
PER,11,Red Bull Racing,44.0,2.0,MEDIUM,7.0,True,6.0,1,76.17,7406.837,7330.667,19.1,30.9,61.0,False,False,False,False,False,False,False,False,False,True,False
PER,11,Red Bull Racing,45.0,2.0,MEDIUM,8.0,True,6.0,1,76.445,7483.282,7406.837,19.1,30.8,62.0,False,False,False,False,False,False,False,False,False,True,False
PER,11,Red Bull Racing,46.0,2.0,MEDIUM,9.0,True,6.0,1,76.232,7559.514,7483.282,19.1,30.7,64.0,False,False,False,False,False,False,False,False,False,True,False
PER,11,Red Bull Racing,47.0,2.0,MEDIUM,10.0,True,6.0,1,76.288,7635.802,7559.514,19.2,30.8,63.0,False,False,False,False,False,False,False,False,False,True,False
PER,11,Red Bull Racing,48.0,2.0,MEDIUM,11.0,True,6.0,1,76.38,7712.182,7635.802,19.1,30.7,61.0,False,False,False,False,False,False,False,False,False,True,False
PER,11,Red Bull Racing,49.0,2.0,MEDIUM,12.0,True,6.0,1,76.084,7788.266,7712.182,19.1,30.4,61.0,False,False,False,False,False,False,False,False,False,True,False
PER,11,Red Bull Racing,50.0,2.0,MEDIUM,13.0,True,6.0,1,76.684,7864.95,7788.266,19.1,29.9,62.0,False,False,False,False,False,False,False,False,False,True,False
PER,11,Red Bull Racing,51.0,2.0,MEDIUM,14.0,True,6.0,1,76.751,7941.701,7864.95,19.1,29.5,62.0,False,False,False,False,False,False,False,False,False,True,False
PER,11,Red Bull Racing,52.0,2.0,MEDIUM,15.0,True,6.0,1,76.395,8018.096,7941.701,19.1,29.3,63.0,False,False,False,False,False,False,False,False,False,True,False
PER,11,Red Bull Racing,53.0,2.0,MEDIUM,16.0,True,6.0,1,76.774,8094.87,8018.096,19.1,29.1,63.0,False,False,False,False,False,False,False,False,False,True,False
PER,11,Red Bull Racing,54.0,2.0,MEDIUM,17.0,True,6.0,1,76.647,8171.517,8094.87,19.0,29.1,64.0,False,False,False,False,False,False,False,False,False,True,False
PER,11,Red Bull Racing,55.0,2.0,MEDIUM,18.0,True,6.0,1,76.962,8248.479,8171.517,19.0,29.1,63.0,False,False,False,False,False,False,False,False,False,True,False
PER,11,Red Bull Racing,56.0,2.0,MEDIUM,19.0,True,6.0,1,77.069,8325.548,8248.479,19.0,29.2,64.0,False,False,False,False,False,False,False,False,False,True,False
PER,11,Red Bull Racing,57.0,2.0,MEDIUM,20.0,True,6.0,1,76.813,8402.361,8325.548,19.0,29.3,63.0,False,False,False,False,False,False,False,False,False,True,False
PER,11,Red Bull Racing,58.0,2.0,MEDIUM,21.0,True,6.0,1,76.464,8478.825,8402.361,19.0,29.3,64.0,False,False,False,False,False,False,False,False,False,True,False
PER,11,Red Bull Racing,59.0,2.0,MEDIUM,22.0,True,6.0,1,76.468,8555.293,8478.825,19.0,29.3,63.0,False,False,False,False,False,False,False,False,False,True,False
PER,11,Red Bull Racing,60.0,2.0,MEDIUM,23.0,True,6.0,1,76.319,8631.612,8555.293,19.0,29.3,63.0,False,False,False,False,False,False,False,False,False,True,False
PER,11,Red Bull Racing,61.0,2.0,MEDIUM,24.0,True,6.0,1,76.352,8707.964,8631.612,19.1,29.2,63.0,False,False,False,False,False,False,False,False,False,True,False
PER,11,Red Bull Racing,62.0,2.0,MEDIUM,25.0,True,6.0,1,76.308,8784.272,8707.964,19.1,29.1,63.0,False,False,False,False,False,False,False,False,False,True,False
PER,11,Red Bull Racing,63.0,2.0,MEDIUM,26.0,True,6.0,1,76.395,8860.667,8784.272,19.1,29.1,63.0,False,False,False,False,False,False,False,False,False,True,False
PER,11,Red Bull Racing,64.0,2.0,MEDIUM,27.0,True,6.0,1,76.338,8937.005,8860.667,19.2,29.7,63.0,False,False,False,False,False,False,False,False,False,True,False
PER,11,Red Bull Racing,65.0,2.0,MEDIUM,28.0,True,6.0,1,76.57,9013.575,8937.005,19.3,29.7,61.0,False,False,False,False,False,False,False,False,False,True,False
PER,11,Red Bull Racing,66.0,2.0,MEDIUM,29.0,True,6.0,1,76.771,9090.346,9013.575,19.3,29.5,62.0,False,False,False,False,False,False,False,False,False,True,False
PER,11,Red Bull Racing,67.0,2.0,MEDIUM,30.0,True,6.0,1,76.513,9166.859,9090.346,19.3,29.4,61.0,False,False,False,False,False,False,False,False,False,True,False
PER,11,Red Bull Racing,68.0,2.0,MEDIUM,31.0,True,6.0,1,92.565,9259.424,9166.859,19.3,29.3,62.0,False,True,False,False,True,False,False,False,False,False,False
PER,11,Red Bull Racing,69.0,3.0,SOFT,1.0,True,6.0,1,81.192,9340.616,9259.424,19.2,29.4,63.0,False,False,True,False,True,False,False,False,False,False,False
PER,11,Red Bull Racing,70.0,3.0,SOFT,2.0,True,6.0,1,74.481,9415.097,9340.616,19.1,29.4,61.0,False,False,False,False,False,False,False,False,False,True,False
ALO,14,Aston Martin,1.0,1.0,MEDIUM,1.0,True,3.0,1,84.892,3810.613,3725.478,18.3,32.2,64.0,False,False,False,False,True,False,False,False,False,False,False
ALO,14,Aston Martin,2.0,1.0,MEDIUM,2.0,True,3.0,1,78.599,3889.212,3810.613,18.3,32.5,64.0,False,False,False,False,False,False,False,False,False,True,False
ALO,14,Aston Martin,3.0,1.0,MEDIUM,3.0,True,3.0,1,77.438,3966.65,3889.212,18.5,32.5,63.0,False,False,False,False,False,False,False,False,False,True,False
ALO,14,Aston Martin,4.0,1.0,MEDIUM,4.0,True,3.0,1,77.326,4043.976,3966.65,18.4,31.4,64.0,False,False,False,False,False,False,False,False,False,True,False
ALO,14,Aston Martin,5.0,1.0,MEDIUM,5.0,True,3.0,1,77.594,4121.57,4043.976,18.5,31.1,65.0,False,False,False,False,False,False,False,False,False,True,False
ALO,14,Aston Martin,6.0,1.0,MEDIUM,6.0,True,3.0,1,77.82,4199.39,4121.57,18.5,30.8,62.0,False,False,False,False,False,False,False,False,False,True,False
ALO,14,Aston Martin,7.0,1.0,MEDIUM,7.0,True,3.0,12,78.208,4277.598,4199.39,18.5,30.8,62.0,False,False,False,False,False,False,True,False,False,False,False
ALO,14,Aston Martin,8.0,1.0,MEDIUM,8.0,True,3.0,2671,93.379,4370.977,4277.598,18.6,30.8,62.0,False,False,False,False,True,False,True,False,False,False,False
ALO,14,Aston Martin,9.0,1.0,MEDIUM,9.0,True,3.0,1,77.68,4448.657,4370.977,18.7,31.6,61.0,False,False,False,False,False,False,False,False,False,True,False
ALO,14,Aston Martin,10.0,1.0,MEDIUM,10.0,True,3.0,1,77.789,4526.446,4448.657,18.7,31.9,61.0,False,False,False,False,False,False,False,False,False,True,False
ALO,14,Aston Martin,11.0,1.0,MEDIUM,11.0,True,3.0,1,77.393,4603.839,4526.446,18.7,30.9,62.0,False,False,False,False,False,False,False,False,False,True,False
ALO,14,Aston Martin,12.0,1.0,MEDIUM,12.0,True,3.0,124,99.554,4703.393,4603.839,18.8,32.8,63.0,False,True,False,False,True,False,True,False,False,False,False
ALO,14,Aston Martin,13.0,2.0,HARD,1.0,False,3.0,4,141.915,4845.308,4703.393,19.0,33.0,61.0,False,False,True,False,True,False,True,False,False,False,False
ALO,14,Aston Martin,14.0,2.0,HARD,2.0,False,3.0,4,124.288,4969.596,4845.308,19.0,34.3,60.0,False,False,False,False,True,False,True,False,False,False,False
ALO,14,Aston Martin,15.0,2.0,HARD,3.0,False,3.0,4,114.68,5084.276,4969.596,19.3,34.0,60.0,False,False,False,False,True,False,True,False,False,False,False
ALO,14,Aston Martin,16.0,2.0,HARD,4.0,False,3.0,41,132.916,5217.192,5084.276,19.4,34.1,61.0,False,False,False,False,True,False,True,False,False,False,False
ALO,14,Aston Martin,17.0,2.0,HARD,5.0,False,3.0,1,78.498,5295.69,5217.192,19.4,33.1,60.0,False,False,False,False,False,False,False,False,False,True,False
ALO,14,Aston Martin,18.0,2.0,HARD,6.0,False,3.0,1,77.073,5372.763,5295.69,19.4,33.0,61.0,False,False,False,False,False,False,False,False,False,True,False
ALO,14,Aston Martin,19.0,2.0,HARD,7.0,False,3.0,1,76.575,5449.338,5372.763,19.3,32.3,61.0,False,False,False,False,False,False,False,False,False,True,False
ALO,14,Aston Martin,20.0,2.0,HARD,8.0,False,3.0,1,76.767,5526.105,5449.338,19.0,31.3,62.0,False,False,False,False,False,False,False,False,False,True,False
ALO,14,Aston Martin,21.0,2.0,HARD,9.0,False,3.0,1,76.8,5602.905,5526.105,18.9,31.3,62.0,False,False,False,False,False,False,False,False,False,True,False
ALO,14,Aston Martin,22.0,2.0,HARD,10.0,False,2.0,1,76.755,5679.66,5602.905,18.9,31.3,62.0,False,False,False,False,False,False,False,False,False,True,False
ALO,14,Aston Martin,23.0,2.0,HARD,11.0,False,2.0,1,77.008,5756.668,5679.66,18.7,30.8,64.0,False,False,False,False,False,False,False,False,False,True,False
ALO,14,Aston Martin,24.0,2.0,HARD,12.0,False,2.0,1,76.929,5833.597,5756.668,18.8,30.5,64.0,False,False,False,False,False,False,False,False,False,True,False
ALO,14,Aston Martin,25.0,2.0,HARD,13.0,False,2.0,1,76.922,5910.519,5833.597,18.9,30.5,64.0,False,False,False,False,False,False,False,False,False,True,False
ALO,14,Aston Martin,26.0,2.0,HARD,14.0,False,2.0,1,76.979,5987.498,5910.519,18.8,30.5,64.0,False,False,False,False,False,False,False,False,False,True,False
ALO,14,Aston Martin,27.0,2.0,HARD,15.0,False,2.0,1,76.819,6064.317,5987.498,19.0,31.2,62.0,False,False,False,False,False,False,False,False,False,True,False
ALO,14,Aston Martin,28.0,2.0,HARD,16.0,False,2.0,1,77.01,6141.327,6064.317,19.0,31.2,62.0,False,False,False,False,False,False,False,False,False,True,False
ALO,14,Aston Martin,29.0,2.0,HARD,17.0,False,2.0,12,77.252,6218.579,6141.327,19.1,30.4,61.0,False,False,False,False,False,False,True,False,False,False,False
ALO,14,Aston Martin,30.0,2.0,HARD,18.0,False,2.0,1,77.295,6295.874,6218.579,19.1,29.8,62.0,False,False,False,False,False,False,False,False,False,True,False
ALO,14,Aston Martin,31.0,2.0,HARD,19.0,False,2.0,1,77.113,6372.987,6295.874,19.1,29.5,63.0,False,False,False,False,False,False,False,False,False,True,False
ALO,14,Aston Martin,32.0,2.0,HARD,20.0,False,2.0,1,77.667,6450.654,6372.987,19.1,30.5,64.0,False,False,False,False,False,False,False,False,False,True,False
ALO,14,Aston Martin,33.0,2.0,HARD,21.0,False,2.0,1,76.991,6527.645,6450.654,19.0,30.5,63.0,False,False,False,False,False,False,False,False,False,True,False
ALO,14,Aston Martin,34.0,2.0,HARD,22.0,False,2.0,1,77.069,6604.714,6527.645,19.1,31.3,62.0,False,False,False,False,False,False,False,False,False,True,False
ALO,14,Aston Martin,35.0,2.0,HARD,23.0,False,2.0,12,77.147,6681.861,6604.714,19.4,32.3,61.0,False,False,False,False,False,False,True,False,False,False,False
ALO,14,Aston Martin,36.0,2.0,HARD,24.0,False,2.0,21,77.649,6759.51,6681.861,19.5,32.3,61.0,False,False,False,False,False,False,True,False,False,False,False
ALO,14,Aston Martin,37.0,2.0,HARD,25.0,False,2.0,1,77.169,6836.679,6759.51,19.4,32.3,61.0,False,False,False,False,False,False,False,False,False,True,False
ALO,14,Aston Martin,38.0,2.0,HARD,26.0,False,2.0,1,77.077,6913.756,6836.679,19.3,32.3,62.0,False,False,False,False,False,False,False,False,False,True,False
ALO,14,Aston Martin,39.0,2.0,HARD,27.0,False,2.0,1,77.026,6990.782,6913.756,19.3,31.6,62.0,False,False,False,False,False,False,False,False,False,True,False
ALO,14,Aston Martin,40.0,2.0,HARD,28.0,False,2.0,1,77.255,7068.037,6990.782,19.3,31.6,62.0,False,False,False,False,False,False,False,False,False,True,False
ALO,14,Aston Martin,41.0,2.0,HARD,29.0,False,2.0,1,93.629,7161.666,7068.037,19.3,31.3,62.0,False,True,False,False,True,False,False,False,False,False,False
ALO,14,Aston Martin,42.0,3.0,HARD,1.0,True,2.0,1,79.272,7240.938,7161.666,19.3,31.7,61.0,False,False,True,False,True,False,False,False,False,False,False
ALO,14,Aston Martin,43.0,3.0,HARD,2.0,True,2.0,1,76.258,7317.196,7240.938,19.4,31.8,60.0,False,False,False,False,False,False,False,False,False,True,False
ALO,14,Aston Martin,44.0,3.0,HARD,3.0,True,2.0,1,76.368,7393.564,7317.196,19.1,30.9,61.0,False,False,False,False,False,False,False,False,False,True,False
ALO,14,Aston Martin,45.0,3.0,HARD,4.0,True,2.0,1,76.052,7469.616,7393.564,19.1,30.8,62.0,False,False,False,False,False,False,False,False,False,True,False
ALO,14,Aston Martin,46.0,3.0,HARD,5.0,True,2.0,1,75.891,7545.507,7469.616,19.1,30.7,64.0,False,False,False,False,False,False,False,False,False,True,False
ALO,14,Aston Martin,47.0,3.0,HARD,6.0,True,2.0,1,77.367,7622.874,7545.507,19.2,30.8,63.0,False,False,False,False,False,False,False,False,True,False,False
ALO,14,Aston Martin,48.0,3.0,HARD,7.0,True,2.0,1,76.045,7698.919,7622.874,19.1,30.7,61.0,False,False,False,False,False,False,False,False,False,True,False
ALO,14,Aston Martin,49.0,3.0,HARD,8.0,True,2.0,1,75.895,7774.814,7698.919,19.1,30.4,61.0,False,False,False,False,False,False,False,False,False,True,False
ALO,14,Aston Martin,50.0,3.0,HARD,9.0,True,2.0,1,76.264,7851.078,7774.814,19.2,30.2,62.0,False,False,False,False,False,False,False,False,False,True,False
ALO,14,Aston Martin,51.0,3.0,HARD,10.0,True,2.0,1,76.185,7927.263,7851.078,19.1,29.5,62.0,False,False,False,False,False,False,False,False,False,True,False
ALO,14,Aston Martin,52.0,3.0,HARD,11.0,True,2.0,1,76.197,8003.46,7927.263,19.1,29.3,63.0,False,False,False,False,False,False,False,False,False,True,False
ALO,14,Aston Martin,53.0,3.0,HARD,12.0,True,2.0,1,75.809,8079.269,8003.46,19.1,29.1,63.0,False,False,False,False,False,False,False,False,False,True,False
ALO,14,Aston Martin,54.0,3.0,HARD,13.0,True,2.0,1,76.219,8155.488,8079.269,19.0,29.1,64.0,False,False,False,False,False,False,False,False,False,True,False
ALO,14,Aston Martin,55.0,3.0,HARD,14.0,True,2.0,1,76.187,8231.675,8155.488,19.0,29.1,63.0,False,False,False,False,False,False,False,False,False,True,False
ALO,14,Aston Martin,56.0,3.0,HARD,15.0,True,2.0,1,76.164,8307.839,8231.675,19.0,29.2,64.0,False,False,False,False,False,False,False,False,False,True,False
ALO,14,Aston Martin,57.0,3.0,HARD,16.0,True,2.0,1,76.162,8384.001,8307.839,19.1,29.2,63.0,False,False,False,False,False,False,False,False,False,True,False
ALO,14,Aston Martin,58.0,3.0,HARD,17.0,True,2.0,1,75.97,8459.971,8384.001,19.0,29.3,63.0,False,False,False,False,False,False,False,False,False,True,False
ALO,14,Aston Martin,59.0,3.0,HARD,18.0,True,2.0,1,75.912,8535.883,8459.971,19.0,29.3,63.0,False,False,False,False,False,False,False,False,False,True,False
ALO,14,Aston Martin,60.0,3.0,HARD,19.0,True,2.0,1,76.19,8612.073,8535.883,19.0,29.3,63.0,False,False,False,False,False,False,False,False,False,True,False
ALO,14,Aston Martin,61.0,3.0,HARD,20.0,True,2.0,1,75.853,8687.926,8612.073,19.1,29.2,63.0,False,False,False,False,False,False,False,False,False,True,False
ALO,14,Aston Martin,62.0,3.0,HARD,21.0,True,2.0,1,75.779,8763.705,8687.926,19.1,29.1,63.0,False,False,False,False,False,False,False,False,False,True,False
ALO,14,Aston Martin,63.0,3.0,HARD,22.0,True,2.0,1,75.954,8839.659,8763.705,19.1,29.1,63.0,False,False,False,False,False,False,False,False,False,True,False
ALO,14,Aston Martin,64.0,3.0,HARD,23.0,True,2.0,1,75.938,8915.597,8839.659,19.2,29.7,63.0,False,False,False,False,False,False,False,False,False,True,False
ALO,14,Aston Martin,65.0,3.0,HARD,24.0,True,2.0,1,76.185,8991.782,8915.597,19.3,29.8,62.0,False,False,False,False,False,False,False,False,False,True,False
ALO,14,Aston Martin,66.0,3.0,HARD,25.0,True,2.0,1,76.284,9068.066,8991.782,19.3,29.5,62.0,False,False,False,False,False,False,False,False,False,True,False
ALO,14,Aston Martin,67.0,3.0,HARD,26.0,True,2.0,1,76.81,9144.876,9068.066,19.3,29.4,61.0,False,False,False,False,False,False,False,False,False,True,False
ALO,14,Aston Martin,68.0,3.0,HARD,27.0,True,2.0,1,76.607,9221.483,9144.876,19.2,29.3,61.0,False,False,False,False,False,False,False,False,False,True,False
ALO,14,Aston Martin,69.0,3.0,HARD,28.0,True,2.0,1,75.81,9297.293,9221.483,19.3,29.3,62.0,False,False,False,False,False,False,False,False,False,True,False
ALO,14,Aston Martin,70.0,3.0,HARD,29.0,True,2.0,1,76.346,9373.639,9297.293,19.1,29.4,61.0,False,False,False,False,False,False,False,False,False,True,False
LEC,16,Ferrari,1.0,1.0,MEDIUM,1.0,True,9.0,1,88.596,3814.317,3725.478,18.3,32.2,64.0,False,False,False,False,True,False,False,False,False,False,False
LEC,16,Ferrari,2.0,1.0,MEDIUM,2.0,True,9.0,1,79.777,3894.094,3814.317,18.3,32.5,64.0,False,False,False,False,False,False,False,False,False,True,False
LEC,16,Ferrari,3.0,1.0,MEDIUM,3.0,True,9.0,1,78.528,3972.622,3894.094,18.5,32.5,63.0,False,False,False,False,False,False,False,False,False,True,False
LEC,16,Ferrari,4.0,1.0,MEDIUM,4.0,True,9.0,1,78.648,4051.27,3972.622,18.4,31.4,64.0,False,False,False,False,False,False,False,False,False,True,False
LEC,16,Ferrari,5.0,1.0,MEDIUM,5.0,True,9.0,1,78.708,4129.978,4051.27,18.5,31.1,65.0,False,False,False,False,False,False,False,False,False,True,False
LEC,16,Ferrari,6.0,1.0,MEDIUM,6.0,True,9.0,1,78.561,4208.539,4129.978,18.5,30.8,62.0,False,False,False,False,False,False,False,False,False,True,False
LEC,16,Ferrari,7.0,1.0,MEDIUM,7.0,True,9.0,12,79.486,4288.025,4208.539,18.5,30.8,62.0,False,False,False,False,False,False,True,False,False,False,False
LEC,16,Ferrari,8.0,1.0,MEDIUM,8.0,True,9.0,2671,93.395,4381.42,4288.025,18.6,31.1,63.0,False,False,False,False,True,False,True,False,False,False,False
LEC,16,Ferrari,9.0,1.0,MEDIUM,9.0,True,9.0,1,78.714,4460.134,4381.42,18.7,31.6,61.0,False,False,False,False,False,False,False,False,False,True,False
LEC,16,Ferrari,10.0,1.0,MEDIUM,10.0,True,9.0,1,79.321,4539.455,4460.134,18.7,31.9,61.0,False,False,False,False,False,False,False,False,False,True,False
LEC,16,Ferrari,11.0,1.0,MEDIUM,11.0,True,8.0,1,78.254,4617.709,4539.455,18.7,30.9,62.0,False,False,False,False,False,False,False,False,False,True,False
LEC,16,Ferrari,12.0,1.0,MEDIUM,12.0,True,4.0,124,93.68,4711.389,4617.709,18.8,32.8,63.0,False,False,False,False,True,False,True,False,False,False,False
LEC,16,Ferrari,13.0,1.0,MEDIUM,13.0,True,4.0,4,135.744,4847.133,4711.389,19.0,33.0,61.0,False,False,False,False,True,False,True,False,False,False,False
LEC,16,Ferrari,14.0,1.0,MEDIUM,14.0,True,4.0,4,124.051,4971.184,4847.133,19.0,34.3,60.0,False,False,False,False,True,False,True,False,False,False,False
LEC,16,Ferrari,15.0,1.0,MEDIUM,15.0,True,4.0,4,114.498,5085.682,4971.184,19.3,34.0,60.0,False,False,False,False,True,False,True,False,False,False,False
LEC,16,Ferrari,16.0,1.0,MEDIUM,16.0,True,4.0,41,132.066,5217.748,5085.682,19.4,34.1,61.0,False,False,False,False,True,False,True,False,False,False,False
LEC,16,Ferrari,17.0,1.0,MEDIUM,17.0,True,4.0,1,78.548,5296.296,5217.748,19.4,33.1,60.0,False,False,False,False,False,False,False,False,False,True,False
LEC,16,Ferrari,18.0,1.0,MEDIUM,18.0,True,4.0,1,77.479,5373.775,5296.296,19.4,33.0,61.0,False,False,False,False,False,False,False,False,False,True,False
LEC,16,Ferrari,19.0,1.0,MEDIUM,19.0,True,4.0,1,77.003,5450.778,5373.775,19.3,32.3,61.0,False,False,False,False,False,False,False,False,False,True,False
LEC,16,Ferrari,20.0,1.0,MEDIUM,20.0,True,4.0,1,77.056,5527.834,5450.778,19.0,31.3,62.0,False,False,False,False,False,False,False,False,False,True,False
LEC,16,Ferrari,21.0,1.0,MEDIUM,21.0,True,4.0,1,77.03,5604.864,5527.834,18.9,31.3,62.0,False,False,False,False,False,False,False,False,False,True,False
LEC,16,Ferrari,22.0,1.0,MEDIUM,22.0,True,4.0,1,77.27,5682.134,5604.864,18.9,31.3,62.0,False,False,False,False,False,False,False,False,False,True,False
LEC,16,Ferrari,23.0,1.0,MEDIUM,23.0,True,4.0,1,77.188,5759.322,5682.134,18.7,30.8,64.0,False,False,False,False,False,False,False,False,False,True,False
LEC,16,Ferrari,24.0,1.0,MEDIUM,24.0,True,4.0,1,77.212,5836.534,5759.322,18.8,30.5,64.0,False,False,False,False,False,False,False,False,False,True,False
LEC,16,Ferrari,25.0,1.0,MEDIUM,25.0,True,4.0,1,77.21,5913.744,5836.534,18.9,30.5,64.0,False,False,False,False,False,False,False,False,False,True,False
LEC,16,Ferrari,26.0,1.0,MEDIUM,26.0,True,4.0,1,77.353,5991.097,5913.744,18.8,30.5,64.0,False,False,False,False,False,False,False,False,False,True,False
LEC,16,Ferrari,27.0,1.0,MEDIUM,27.0,True,4.0,1,77.606,6068.703,5991.097,19.0,31.2,62.0,False,False,False,False,False,False,False,False,False,True,False
LEC,16,Ferrari,28.0,1.0,MEDIUM,28.0,True,4.0,1,77.434,6146.137,6068.703,19.0,31.2,62.0,False,False,False,False,False,False,False,False,False,True,False
LEC,16,Ferrari,29.0,1.0,MEDIUM,29.0,True,4.0,12,77.54,6223.677,6146.137,19.1,30.4,61.0,False,False,False,False,False,False,True,False,False,False,False
LEC,16,Ferrari,30.0,1.0,MEDIUM,30.0,True,4.0,1,77.692,6301.369,6223.677,19.1,29.5,63.0,False,False,False,False,False,False,False,False,False,True,False
LEC,16,Ferrari,31.0,1.0,MEDIUM,31.0,True,4.0,1,77.382,6378.751,6301.369,19.1,29.5,63.0,False,False,False,False,False,False,False,False,False,True,False
LEC,16,Ferrari,32.0,1.0,MEDIUM,32.0,True,4.0,1,77.387,6456.138,6378.751,19.1,30.5,64.0,False,False,False,False,False,False,False,False,False,True,False
LEC,16,Ferrari,33.0,1.0,MEDIUM,33.0,True,4.0,1,77.189,6533.327,6456.138,19.0,30.5,63.0,False,False,False,False,False,False,False,False,False,True,False
LEC,16,Ferrari,34.0,1.0,MEDIUM,34.0,True,4.0,1,77.461,6610.788,6533.327,19.1,31.3,62.0,False,False,False,False,False,False,False,False,False,True,False
LEC,16,Ferrari,35.0,1.0,MEDIUM,35.0,True,4.0,12,77.742,6688.53,6610.788,19.4,32.3,61.0,False,False,False,False,False,False,True,False,False,False,False
LEC,16,Ferrari,36.0,1.0,MEDIUM,36.0,True,4.0,21,78.034,6766.564,6688.53,19.5,32.3,61.0,False,False,False,False,False,False,True,False,False,False,False
LEC,16,Ferrari,37.0,1.0,MEDIUM,37.0,True,4.0,1,77.421,6843.985,6766.564,19.4,32.3,61.0,False,False,False,False,False,False,False,False,False,True,False
LEC,16,Ferrari,38.0,1.0,MEDIUM,38.0,True,4.0,1,77.566,6921.551,6843.985,19.3,32.3,62.0,False,False,False,False,False,False,False,False,False,True,False
LEC,16,Ferrari,39.0,1.0,MEDIUM,39.0,True,4.0,1,94.031,7015.582,6921.551,19.3,31.6,62.0,False,True,False,False,True,False,False,False,False,False,False
LEC,16,Ferrari,40.0,2.0,HARD,1.0,True,4.0,1,80.182,7095.764,7015.582,19.4,31.6,62.0,False,False,True,False,True,False,False,False,False,False,False
LEC,16,Ferrari,41.0,2.0,HARD,2.0,True,4.0,1,77.006,7172.77,7095.764,19.3,31.3,62.0,False,False,False,False,False,False,False,False,False,True,False
LEC,16,Ferrari,42.0,2.0,HARD,3.0,True,4.0,1,76.18,7248.95,7172.77,19.3,31.7,61.0,False,False,False,False,False,False,False,False,False,True,False
LEC,16,Ferrari,43.0,2.0,HARD,4.0,True,4.0,1,76.3,7325.25,7248.95,19.3,31.4,61.0,False,False,False,False,False,False,False,False,False,True,False
LEC,16,Ferrari,44.0,2.0,HARD,5.0,True,4.0,1,76.143,7401.393,7325.25,19.1,30.9,61.0,False,False,False,False,False,False,False,False,False,True,False
LEC,16,Ferrari,45.0,2.0,HARD,6.0,True,4.0,1,76.401,7477.794,7401.393,19.1,30.8,62.0,False,False,False,False,False,False,False,False,False,True,False
LEC,16,Ferrari,46.0,2.0,HARD,7.0,True,4.0,1,76.131,7553.925,7477.794,19.1,30.7,64.0,False,False,False,False,False,False,False,False,False,True,False
LEC,16,Ferrari,47.0,2.0,HARD,8.0,True,4.0,1,75.907,7629.832,7553.925,19.2,30.8,63.0,False,False,False,False,False,False,False,False,False,True,False
LEC,16,Ferrari,48.0,2.0,HARD,9.0,True,4.0,1,75.959,7705.791,7629.832,19.1,30.7,61.0,False,False,False,False,False,False,False,False,False,True,False
LEC,16,Ferrari,49.0,2.0,HARD,10.0,True,4.0,1,75.968,7781.759,7705.791,19.1,30.4,61.0,False,False,False,False,False,False,False,False,False,True,False
LEC,16,Ferrari,50.0,2.0,HARD,11.0,True,4.0,1,76.275,7858.034,7781.759,19.2,30.2,62.0,False,False,False,False,False,False,False,False,False,True,False
LEC,16,Ferrari,51.0,2.0,HARD,12.0,True,4.0,1,76.191,7934.225,7858.034,19.1,29.5,62.0,False,False,False,False,False,False,False,False,False,True,False
LEC,16,Ferrari,52.0,2.0,HARD,13.0,True,4.0,1,76.125,8010.35,7934.225,19.1,29.3,63.0,False,False,False,False,False,False,False,False,False,True,False
LEC,16,Ferrari,53.0,2.0,HARD,14.0,True,4.0,1,75.96,8086.31,8010.35,19.1,29.1,63.0,False,False,False,False,False,False,False,False,False,True,False
LEC,16,Ferrari,54.0,2.0,HARD,15.0,True,4.0,1,76.126,8162.436,8086.31,19.0,29.1,64.0,False,False,False,False,False,False,False,False,False,True,False
LEC,16,Ferrari,55.0,2.0,HARD,16.0,True,4.0,1,76.045,8238.481,8162.436,19.0,29.1,63.0,False,False,False,False,False,False,False,False,False,True,False
LEC,16,Ferrari,56.0,2.0,HARD,17.0,True,4.0,1,76.213,8314.694,8238.481,19.0,29.2,64.0,False,False,False,False,False,False,False,False,False,True,False
LEC,16,Ferrari,57.0,2.0,HARD,18.0,True,4.0,1,75.968,8390.662,8314.694,19.1,29.2,63.0,False,False,False,False,False,False,False,False,False,True,False
LEC,16,Ferrari,58.0,2.0,HARD,19.0,True,4.0,1,76.304,8466.966,8390.662,19.0,29.3,64.0,False,False,False,False,False,False,False,False,False,True,False
LEC,16,Ferrari,59.0,2.0,HARD,20.0,True,4.0,1,75.961,8542.927,8466.966,19.0,29.3,63.0,False,False,False,False,False,False,False,False,False,True,False
LEC,16,Ferrari,60.0,2.0,HARD,21.0,True,4.0,1,76.241,8619.168,8542.927,19.0,29.3,63.0,False,False,False,False,False,False,False,False,False,True,False
LEC,16,Ferrari,61.0,2.0,HARD,22.0,True,4.0,1,76.075,8695.243,8619.168,19.1,29.2,63.0,False,False,False,False,False,False,False,False,False,True,False
LEC,16,Ferrari,62.0,2.0,HARD,23.0,True,4.0,1,76.2,8771.443,8695.243,19.1,29.1,63.0,False,False,False,False,False,False,False,False,False,True,False
LEC,16,Ferrari,63.0,2.0,HARD,24.0,True,4.0,1,76.135,8847.578,8771.443,19.1,29.1,63.0,False,False,False,False,False,False,False,False,False,True,False
LEC,16,Ferrari,64.0,2.0,HARD,25.0,True,4.0,1,75.946,8923.524,8847.578,19.2,29.7,63.0,False,False,False,False,False,False,False,False,False,True,False
LEC,16,Ferrari,65.0,2.0,HARD,26.0,True,4.0,1,76.266,8999.79,8923.524,19.3,29.8,62.0,False,False,False,False,False,False,False,False,False,True,False
LEC,16,Ferrari,66.0,2.0,HARD,27.0,True,4.0,1,76.241,9076.031,8999.79,19.3,29.5,62.0,False,False,False,False,False,False,False,False,False,True,False
LEC,16,Ferrari,67.0,2.0,HARD,28.0,True,4.0,1,76.717,9152.748,9076.031,19.3,29.4,61.0,False,False,False,False,False,False,False,False,False,True,False
LEC,16,Ferrari,68.0,2.0,HARD,29.0,True,4.0,1,76.275,9229.023,9152.748,19.2,29.3,61.0,False,False,False,False,False,False,False,False,False,True,False
LEC,16,Ferrari,69.0,2.0,HARD,30.0,True,4.0,1,76.497,9305.52,9229.023,19.2,29.4,63.0,False,False,False,False,False,False,False,False,False,True,False
LEC,16,Ferrari,70.0,2.0,HARD,31.0,True,4.0,1,77.197,9382.717,9305.52,19.1,29.4,61.0,False,False,False,False,False,False,False,False,False,True,False
STR,18,Aston Martin,1.0,1.0,MEDIUM,1.0,True,14.0,1,91.721,3817.442,3725.478,18.3,32.2,64.0,False,False,False,False,True,False,False,False,False,False,False
STR,18,Aston Martin,2.0,1.0,MEDIUM,2.0,True,14.0,1,79.609,3897.051,3817.442,18.3,32.5,64.0,False,False,False,False,False,False,False,False,False,True,False
STR,18,Aston Martin,3.0,1.0,MEDIUM,3.0,True,14.0,1,78.385,3975.436,3897.051,18.5,32.5,63.0,False,False,False,False,False,False,False,False,False,True,False
STR,18,Aston Martin,4.0,1.0,MEDIUM,4.0,True,14.0,1,78.693,4054.129,3975.436,18.4,31.4,64.0,False,False,False,False,False,False,False,False,False,True,False
STR,18,Aston Martin,5.0,1.0,MEDIUM,5.0,True,14.0,1,78.829,4132.958,4054.129,18.5,31.1,65.0,False,False,False,False,False,False,False,False,False,True,False
STR,18,Aston Martin,6.0,1.0,MEDIUM,6.0,True,14.0,1,78.383,4211.341,4132.958,18.5,30.8,62.0,False,False,False,False,False,False,False,False,False,True,False
STR,18,Aston Martin,7.0,1.0,MEDIUM,7.0,True,14.0,126,78.993,4290.334,4211.341,18.5,30.8,62.0,False,False,False,False,True,False,True,False,False,False,False
STR,18,Aston Martin,8.0,1.0,MEDIUM,8.0,True,14.0,671,93.751,4384.085,4290.334,18.6,31.1,63.0,False,False,False,False,True,False,True,False,False,False,False
STR,18,Aston Martin,9.0,1.0,MEDIUM,9.0,True,14.0,1,78.766,4462.851,4384.085,18.7,31.6,61.0,False,False,False,False,False,False,False,False,False,True,False
STR,18,Aston Martin,10.0,1.0,MEDIUM,10.0,True,13.0,1,79.107,4541.958,4462.851,18.7,31.9,61.0,False,False,False,False,False,False,False,False,False,True,False
STR,18,Aston Martin,11.0,1.0,MEDIUM,11.0,True,17.0,1,94.477,4636.435,4541.958,18.7,31.6,62.0,False,True,False,False,True,False,False,False,False,False,False
STR,18,Aston Martin,12.0,2.0,HARD,1.0,False,16.0,124,102.344,4738.779,4636.435,18.8,32.8,63.0,False,False,True,False,True,False,True,False,False,False,False
STR,18,Aston Martin,13.0,2.0,HARD,2.0,False,16.0,4,122.638,4861.417,4738.779,19.0,34.1,61.0,False,False,False,False,True,False,True,False,False,False,False
STR,18,Aston Martin,14.0,2.0,HARD,3.0,False,16.0,4,126.626,4988.043,4861.417,19.2,34.0,60.0,False,False,False,False,True,False,True,False,False,False,False
STR,18,Aston Martin,15.0,2.0,HARD,4.0,False,16.0,4,116.919,5104.962,4988.043,19.4,34.2,60.0,False,False,False,False,True,False,True,False,False,False,False
STR,18,Aston Martin,16.0,2.0,HARD,5.0,False,16.0,41,118.523,5223.485,5104.962,19.4,33.8,61.0,False,False,False,False,True,False,True,False,False,False,False
STR,18,Aston Martin,17.0,2.0,HARD,6.0,False,16.0,1,79.965,5303.45,5223.485,19.4,33.1,60.0,False,False,False,False,False,False,False,False,False,True,False
STR,18,Aston Martin,18.0,2.0,HARD,7.0,False,16.0,1,79.358,5382.808,5303.45,19.4,33.0,61.0,False,False,False,False,False,False,False,False,False,True,False
STR,18,Aston Martin,19.0,2.0,HARD,8.0,False,16.0,1,78.286,5461.094,5382.808,19.2,31.3,62.0,False,False,False,False,False,False,False,False,False,True,False
STR,18,Aston Martin,20.0,2.0,HARD,9.0,False,16.0,1,78.443,5539.537,5461.094,19.0,31.3,62.0,False,False,False,False,False,False,False,False,False,True,False
STR,18,Aston Martin,21.0,2.0,HARD,10.0,False,16.0,1,78.725,5618.262,5539.537,18.9,31.3,62.0,False,False,False,False,False,False,False,False,False,True,False
STR,18,Aston Martin,22.0,2.0,HARD,11.0,False,16.0,1,78.473,5696.735,5618.262,18.9,31.3,62.0,False,False,False,False,False,False,False,False,False,True,False
STR,18,Aston Martin,23.0,2.0,HARD,12.0,False,16.0,1,78.564,5775.299,5696.735,18.8,30.8,64.0,False,False,False,False,False,False,False,False,False,True,False
STR,18,Aston Martin,24.0,2.0,HARD,13.0,False,16.0,1,78.478,5853.777,5775.299,18.8,30.5,64.0,False,False,False,False,False,False,False,False,False,True,False
STR,18,Aston Martin,25.0,2.0,HARD,14.0,False,16.0,1,78.365,5932.142,5853.777,18.9,30.5,64.0,False,False,False,False,False,False,False,False,False,True,False
STR,18,Aston Martin,26.0,2.0,HARD,15.0,False,16.0,1,78.736,6010.878,5932.142,18.9,31.6,64.0,False,False,False,False,False,False,False,False,False,True,False
STR,18,Aston Martin,27.0,2.0,HARD,16.0,False,19.0,1,94.832,6105.71,6010.878,19.0,31.2,62.0,False,True,False,False,True,False,False,False,False,False,False
STR,18,Aston Martin,28.0,3.0,HARD,1.0,True,19.0,12,81.189,6186.899,6105.71,19.1,30.4,61.0,False,False,True,False,True,False,True,False,False,False,False
STR,18,Aston Martin,29.0,3.0,HARD,2.0,True,19.0,1,77.356,6264.255,6186.899,19.1,29.8,62.0,False,False,False,False,False,False,False,False,False,True,False
STR,18,Aston Martin,30.0,3.0,HARD,3.0,True,19.0,1,77.222,6341.477,6264.255,19.1,29.5,63.0,False,False,False,False,False,False,False,False,False,True,False
STR,18,Aston Martin,31.0,3.0,HARD,4.0,True,18.0,1,77.375,6418.852,6341.477,19.1,29.5,63.0,False,False,False,False,False,False,False,False,False,True,False
STR,18,Aston Martin,32.0,3.0,HARD,5.0,True,17.0,1,77.291,6496.143,6418.852,19.0,30.5,63.0,False,False,False,False,False,False,False,False,False,True,False
STR,18,Aston Martin,33.0,3.0,HARD,6.0,True,16.0,1,77.145,6573.288,6496.143,19.1,30.7,64.0,False,False,False,False,False,False,False,False,False,True,False
STR,18,Aston Martin,34.0,3.0,HARD,7.0,True,15.0,1,77.073,6650.361,6573.288,19.1,31.3,62.0,False,False,False,False,False,False,False,False,False,True,False
STR,18,Aston Martin,35.0,3.0,HARD,8.0,True,13.0,12,78.172,6728.533,6650.361,19.5,32.3,61.0,False,False,False,False,False,False,True,False,False,False,False
STR,18,Aston Martin,36.0,3.0,HARD,9.0,True,13.0,1,77.476,6806.009,6728.533,19.4,32.3,61.0,False,False,False,False,False,False,False,False,False,True,False
STR,18,Aston Martin,37.0,3.0,HARD,10.0,True,12.0,1,77.695,6883.704,6806.009,19.4,32.3,61.0,False,False,False,False,False,False,False,False,False,True,False
STR,18,Aston Martin,38.0,3.0,HARD,11.0,True,12.0,1,77.324,6961.028,6883.704,19.3,31.6,62.0,False,False,False,False,False,False,False,False,False,True,False
STR,18,Aston Martin,39.0,3.0,HARD,12.0,True,12.0,1,77.369,7038.397,6961.028,19.3,31.6,62.0,False,False,False,False,False,False,False,False,False,True,False
STR,18,Aston Martin,40.0,3.0,HARD,13.0,True,12.0,1,77.245,7115.642,7038.397,19.4,31.6,62.0,False,False,False,False,False,False,False,False,False,True,False
STR,18,Aston Martin,41.0,3.0,HARD,14.0,True,12.0,1,77.107,7192.749,7115.642,19.3,31.3,62.0,False,False,False,False,False,False,False,False,False,True,False
STR,18,Aston Martin,42.0,3.0,HARD,15.0,True,12.0,1,77.235,7269.984,7192.749,19.4,31.8,60.0,False,False,False,False,False,False,False,False,False,True,False
STR,18,Aston Martin,43.0,3.0,HARD,16.0,True,12.0,1,77.209,7347.193,7269.984,19.3,31.4,61.0,False,False,False,False,False,False,False,False,False,True,False
STR,18,Aston Martin,44.0,3.0,HARD,17.0,True,12.0,1,77.012,7424.205,7347.193,19.1,30.9,61.0,False,False,False,False,False,False,False,False,False,True,False
STR,18,Aston Martin,45.0,3.0,HARD,18.0,True,12.0,1,77.169,7501.374,7424.205,19.1,30.7,64.0,False,False,False,False,False,False,False,False,False,True,False
STR,18,Aston Martin,46.0,3.0,HARD,19.0,True,12.0,1,77.436,7578.81,7501.374,19.1,30.7,64.0,False,False,False,False,False,False,False,False,False,True,False
STR,18,Aston Martin,47.0,3.0,HARD,20.0,True,12.0,1,77.302,7656.112,7578.81,19.2,30.8,63.0,False,False,False,False,False,False,False,False,False,True,False
STR,18,Aston Martin,48.0,3.0,HARD,21.0,True,12.0,1,77.003,7733.115,7656.112,19.1,30.7,61.0,False,False,False,False,False,False,False,False,False,True,False
STR,18,Aston Martin,49.0,3.0,HARD,22.0,True,12.0,1,76.928,7810.043,7733.115,19.2,30.2,62.0,False,False,False,False,False,False,False,False,False,True,False
STR,18,Aston Martin,50.0,3.0,HARD,23.0,True,12.0,1,76.957,7887.0,7810.043,19.1,29.9,62.0,False,False,False,False,False,False,False,False,False,True,False
STR,18,Aston Martin,51.0,3.0,HARD,24.0,True,12.0,1,76.852,7963.852,7887.0,19.1,29.5,62.0,False,False,False,False,False,False,False,False,False,True,False
STR,18,Aston Martin,52.0,3.0,HARD,25.0,True,12.0,1,76.774,8040.626,7963.852,19.1,29.1,63.0,False,False,False,False,False,False,False,False,False,True,False
STR,18,Aston Martin,53.0,3.0,HARD,26.0,True,12.0,1,76.853,8117.479,8040.626,19.0,29.1,64.0,False,False,False,False,False,False,False,False,False,True,False
STR,18,Aston Martin,54.0,3.0,HARD,27.0,True,12.0,1,76.865,8194.344,8117.479,19.0,29.1,64.0,False,False,False,False,False,False,False,False,False,True,False
STR,18,Aston Martin,55.0,3.0,HARD,28.0,True,11.0,1,76.979,8271.323,8194.344,19.0,29.1,63.0,False,False,False,False,False,False,False,False,False,True,False
STR,18,Aston Martin,56.0,3.0,HARD,29.0,True,11.0,1,76.802,8348.125,8271.323,19.1,29.2,63.0,False,False,False,False,False,False,False,False,False,True,False
STR,18,Aston Martin,57.0,3.0,HARD,30.0,True,11.0,1,76.771,8424.896,8348.125,19.0,29.3,63.0,False,False,False,False,False,False,False,False,False,True,False
STR,18,Aston Martin,58.0,3.0,HARD,31.0,True,11.0,1,76.564,8501.46,8424.896,19.0,29.3,64.0,False,False,False,False,False,False,False,False,False,True,False
STR,18,Aston Martin,59.0,3.0,HARD,32.0,True,11.0,1,76.902,8578.362,8501.46,19.0,29.3,63.0,False,False,False,False,False,False,False,False,False,True,False
STR,18,Aston Martin,60.0,3.0,HARD,33.0,True,11.0,1,77.117,8655.479,8578.362,19.1,29.2,63.0,False,False,False,False,False,False,False,False,False,True,False
STR,18,Aston Martin,61.0,3.0,HARD,34.0,True,11.0,1,77.287,8732.766,8655.479,19.1,29.2,63.0,False,False,False,False,False,False,False,False,False,True,False
STR,18,Aston Martin,62.0,3.0,HARD,35.0,True,11.0,1,77.152,8809.918,8732.766,19.1,29.1,63.0,False,False,False,False,False,False,False,False,False,True,False
STR,18,Aston Martin,63.0,3.0,HARD,36.0,True,11.0,1,77.324,8887.242,8809.918,19.2,29.7,63.0,False,False,False,False,False,False,False,False,False,True,False
STR,18,Aston Martin,64.0,3.0,HARD,37.0,True,11.0,1,77.858,8965.1,8887.242,19.3,29.8,62.0,False,False,False,False,False,False,False,False,False,True,False
STR,18,Aston Martin,65.0,3.0,HARD,38.0,True,11.0,1,77.575,9042.675,8965.1,19.3,29.7,61.0,False,False,False,False,False,False,False,False,False,True,False
STR,18,Aston Martin,66.0,3.0,HARD,39.0,True,11.0,1,77.11,9119.785,9042.675,19.3,29.5,62.0,False,False,False,False,False,False,False,False,False,True,False
STR,18,Aston Martin,67.0,3.0,HARD,40.0,True,11.0,1,77.444,9197.229,9119.785,19.2,29.3,61.0,False,False,False,False,False,False,False,False,False,True,False
STR,18,Aston Martin,68.0,3.0,HARD,41.0,True,11.0,1,77.043,9274.272,9197.229,19.3,29.3,62.0,False,False,False,False,False,False,False,False,False,True,False
STR,18,Aston Martin,69.0,3.0,HARD,42.0,True,11.0,1,76.985,9351.257,9274.272,19.2,29.4,63.0,False,False,False,False,False,False,False,False,False,True,False
STR,18,Aston Martin,70.0,3.0,HARD,43.0,True,10.0,1,77.214,9428.471,9351.257,19.1,29.4,61.0,False,False,False,False,False,False,False,False,False,True,False
SAR,2,Williams,1.0,1.0,MEDIUM,1.0,True,18.0,1,93.033,3818.754,3725.478,18.3,32.2,64.0,False,False,False,False,True,False,False,False,False,False,False
SAR,2,Williams,2.0,1.0,MEDIUM,2.0,True,18.0,1,80.814,3899.568,3818.754,18.3,32.5,64.0,False,False,False,False,False,False,False,False,False,True,False
SAR,2,Williams,3.0,1.0,MEDIUM,3.0,True,18.0,1,79.105,3978.673,3899.568,18.5,32.5,63.0,False,False,False,False,False,False,False,False,False,True,False
SAR,2,Williams,4.0,1.0,MEDIUM,4.0,True,18.0,1,78.437,4057.11,3978.673,18.4,31.4,64.0,False,False,False,False,False,False,False,False,False,True,False
SAR,2,Williams,5.0,1.0,MEDIUM,5.0,True,18.0,1,79.517,4136.627,4057.11,18.5,31.1,65.0,False,False,False,False,False,False,False,False,False,True,False
SAR,2,Williams,6.0,1.0,MEDIUM,6.0,True,18.0,1,79.166,4215.793,4136.627,18.5,30.8,62.0,False,False,False,False,False,False,False,False,False,True,False
SAR,2,Williams,7.0,1.0,MEDIUM,7.0,True,,1267,,4365.793,4215.793,18.6,30.8,62.0,False,False,False,True,True,False,True,False,False,False,False
MAG,20,Haas F1 Team,1.0,1.0,HARD,1.0,True,15.0,1,92.026,3817.747,3725.478,18.3,32.2,64.0,False,False,False,False,True,False,False,False,False,False,False
MAG,20,Haas F1 Team,2.0,1.0,HARD,2.0,True,15.0,1,80.354,3898.101,3817.747,18.3,32.5,64.0,False,False,False,False,False,False,False,False,False,True,False
MAG,20,Haas F1 Team,3.0,1.0,HARD,3.0,True,15.0,1,78.742,3976.843,3898.101,18.5,32.5,63.0,False,False,False,False,False,False,False,False,False,True,False
MAG,20,Haas F1 Team,4.0,1.0,HARD,4.0,True,15.0,1,78.198,4055.041,3976.843,18.4,31.4,64.0,False,False,False,False,False,False,False,False,False,True,False
MAG,20,Haas F1 Team,5.0,1.0,HARD,5.0,True,15.0,1,78.466,4133.507,4055.041,18.5,31.1,65.0,False,False,False,False,False,False,False,False,False,True,False
MAG,20,Haas F1 Team,6.0,1.0,HARD,6.0,True,15.0,1,78.684,4212.191,4133.507,18.5,30.8,62.0,False,False,False,False,False,False,False,False,False,True,False
MAG,20,Haas F1 Team,7.0,1.0,HARD,7.0,True,15.0,126,79.376,4291.567,4212.191,18.5,30.8,62.0,False,False,False,False,True,False,True,False,False,False,False
MAG,20,Haas F1 Team,8.0,1.0,HARD,8.0,True,15.0,671,93.114,4384.681,4291.567,18.6,31.1,63.0,False,False,False,False,True,False,True,False,False,False,False
MAG,20,Haas F1 Team,9.0,1.0,HARD,9.0,True,15.0,1,78.76,4463.441,4384.681,18.7,31.6,61.0,False,False,False,False,False,False,False,False,False,True,False
MAG,20,Haas F1 Team,10.0,1.0,HARD,10.0,True,14.0,1,79.105,4542.546,4463.441,18.7,31.9,61.0,False,False,False,False,False,False,False,False,False,True,False
MAG,20,Haas F1 Team,11.0,1.0,HARD,11.0,True,12.0,1,78.601,4621.147,4542.546,18.7,31.6,62.0,False,False,False,False,False,False,False,False,False,True,False
MAG,20,Haas F1 Team,12.0,1.0,HARD,12.0,True,7.0,124,94.232,4715.379,4621.147,18.8,32.8,63.0,False,False,False,False,True,False,True,False,False,False,False
MAG,20,Haas F1 Team,13.0,1.0,HARD,13.0,True,7.0,4,134.339,4849.718,4715.379,19.0,33.0,61.0,False,False,False,False,True,False,True,False,False,False,False
MAG,20,Haas F1 Team,14.0,1.0,HARD,14.0,True,7.0,4,125.565,4975.283,4849.718,19.0,34.3,60.0,False,False,False,False,True,False,True,False,False,False,False
MAG,20,Haas F1 Team,15.0,1.0,HARD,15.0,True,7.0,4,114.154,5089.437,4975.283,19.3,34.0,60.0,False,False,False,False,True,False,True,False,False,False,False
MAG,20,Haas F1 Team,16.0,1.0,HARD,16.0,True,7.0,41,129.71,5219.147,5089.437,19.4,34.1,61.0,False,False,False,False,True,False,True,False,False,False,False
MAG,20,Haas F1 Team,17.0,1.0,HARD,17.0,True,7.0,1,79.884,5299.031,5219.147,19.4,33.1,60.0,False,False,False,False,False,False,False,False,False,True,False
MAG,20,Haas F1 Team,18.0,1.0,HARD,18.0,True,7.0,1,78.722,5377.753,5299.031,19.4,33.0,61.0,False,False,False,False,False,False,False,False,False,True,False
MAG,20,Haas F1 Team,19.0,1.0,HARD,19.0,True,7.0,1,78.253,5456.006,5377.753,19.3,32.3,61.0,False,False,False,False,False,False,False,False,False,True,False
MAG,20,Haas F1 Team,20.0,1.0,HARD,20.0,True,9.0,1,79.998,5536.004,5456.006,19.0,31.3,62.0,False,False,False,False,False,False,False,False,False,True,False
MAG,20,Haas F1 Team,21.0,1.0,HARD,21.0,True,10.0,1,79.305,5615.309,5536.004,18.9,31.3,62.0,False,False,False,False,False,False,False,False,False,True,False
MAG,20,Haas F1 Team,22.0,1.0,HARD,22.0,True,10.0,1,78.576,5693.885,5615.309,18.9,31.3,62.0,False,False,False,False,False,False,False,False,False,True,False
MAG,20,Haas F1 Team,23.0,1.0,HARD,23.0,True,10.0,1,78.495,5772.38,5693.885,18.8,30.8,64.0,False,False,False,False,False,False,False,False,False,True,False
MAG,20,Haas F1 Team,24.0,1.0,HARD,24.0,True,11.0,1,78.535,5850.915,5772.38,18.8,30.5,64.0,False,False,False,False,False,False,False,False,False,True,False
MAG,20,Haas F1 Team,25.0,1.0,HARD,25.0,True,11.0,1,78.916,5929.831,5850.915,18.9,30.5,64.0,False,False,False,False,False,False,False,False,False,True,False
MAG,20,Haas F1 Team,26.0,1.0,HARD,26.0,True,11.0,1,78.604,6008.435,5929.831,18.9,31.6,64.0,False,False,False,False,False,False,False,False,False,True,False
MAG,20,Haas F1 Team,27.0,1.0,HARD,27.0,True,11.0,1,78.494,6086.929,6008.435,19.0,31.2,62.0,False,False,False,False,False,False,False,False,False,True,False
MAG,20,Haas F1 Team,28.0,1.0,HARD,28.0,True,12.0,12,78.932,6165.861,6086.929,19.0,31.2,62.0,False,False,False,False,False,False,True,False,False,False,False
MAG,20,Haas F1 Team,29.0,1.0,HARD,29.0,True,12.0,1,78.838,6244.699,6165.861,19.1,29.8,62.0,False,False,False,False,False,False,False,False,False,True,False
MAG,20,Haas F1 Team,30.0,1.0,HARD,30.0,True,12.0,1,78.31,6323.009,6244.699,19.1,29.5,63.0,False,False,False,False,False,False,False,False,False,True,False
MAG,20,Haas F1 Team,31.0,1.0,HARD,31.0,True,12.0,1,78.534,6401.543,6323.009,19.1,29.5,63.0,False,False,False,False,False,False,False,False,False,True,False
MAG,20,Haas F1 Team,32.0,1.0,HARD,32.0,True,12.0,1,78.895,6480.438,6401.543,19.0,30.5,63.0,False,False,False,False,False,False,False,False,False,True,False
MAG,20,Haas F1 Team,33.0,1.0,HARD,33.0,True,12.0,1,78.707,6559.145,6480.438,19.1,30.7,64.0,False,False,False,False,False,False,False,False,False,True,False
MAG,20,Haas F1 Team,34.0,1.0,HARD,34.0,True,12.0,1,79.494,6638.639,6559.145,19.1,31.3,62.0,False,False,False,False,False,False,False,False,False,True,False
MAG,20,Haas F1 Team,35.0,1.0,HARD,35.0,True,18.0,12,139.693,6778.332,6638.639,19.5,32.3,61.0,False,True,False,False,True,False,True,False,False,False,False
MAG,20,Haas F1 Team,36.0,2.0,MEDIUM,1.0,True,19.0,1,82.185,6860.517,6778.332,19.4,32.3,61.0,False,False,True,False,True,False,False,False,False,False,False
MAG,20,Haas F1 Team,37.0,2.0,MEDIUM,2.0,True,19.0,1,78.693,6939.21,6860.517,19.3,32.3,62.0,False,False,False,False,False,False,False,False,False,True,False
MAG,20,Haas F1 Team,38.0,2.0,MEDIUM,3.0,True,19.0,1,77.415,7016.625,6939.21,19.3,31.6,62.0,False,False,False,False,False,False,False,False,False,True,False
MAG,20,Haas F1 Team,39.0,2.0,MEDIUM,4.0,True,19.0,1,77.602,7094.227,7016.625,19.4,31.6,62.0,False,False,False,False,False,False,False,False,False,True,False
MAG,20,Haas F1 Team,40.0,2.0,MEDIUM,5.0,True,19.0,1,77.053,7171.28,7094.227,19.3,31.3,62.0,False,False,False,False,False,False,False,False,False,True,False
MAG,20,Haas F1 Team,41.0,2.0,MEDIUM,6.0,True,19.0,1,79.79,7251.07,7171.28,19.3,31.7,61.0,False,False,False,False,False,False,False,False,False,True,False
MAG,20,Haas F1 Team,42.0,2.0,MEDIUM,7.0,True,19.0,1,78.044,7329.114,7251.07,19.3,31.4,61.0,False,False,False,False,False,False,False,False,False,True,False
MAG,20,Haas F1 Team,43.0,2.0,MEDIUM,8.0,True,19.0,1,79.123,7408.237,7329.114,19.1,30.9,61.0,False,False,False,False,False,False,False,False,False,True,False
MAG,20,Haas F1 Team,44.0,2.0,MEDIUM,9.0,True,18.0,1,77.638,7485.875,7408.237,19.1,30.8,62.0,False,False,False,False,False,False,False,False,False,True,False
MAG,20,Haas F1 Team,45.0,2.0,MEDIUM,10.0,True,18.0,1,77.966,7563.841,7485.875,19.1,30.7,64.0,False,False,False,False,False,False,False,False,False,True,False
MAG,20,Haas F1 Team,46.0,2.0,MEDIUM,11.0,True,18.0,1,77.68,7641.521,7563.841,19.2,30.8,63.0,False,False,False,False,False,False,False,False,False,True,False
MAG,20,Haas F1 Team,47.0,2.0,MEDIUM,12.0,True,18.0,1,77.44,7718.961,7641.521,19.1,30.7,61.0,False,False,False,False,False,False,False,False,False,True,False
MAG,20,Haas F1 Team,48.0,2.0,MEDIUM,13.0,True,18.0,1,77.635,7796.596,7718.961,19.1,30.4,61.0,False,False,False,False,False,False,False,False,False,True,False
MAG,20,Haas F1 Team,49.0,2.0,MEDIUM,14.0,True,18.0,1,77.695,7874.291,7796.596,19.1,29.9,62.0,False,False,False,False,False,False,False,False,False,True,False
MAG,20,Haas F1 Team,50.0,2.0,MEDIUM,15.0,True,18.0,1,77.705,7951.996,7874.291,19.1,29.5,62.0,False,False,False,False,False,False,False,False,False,True,False
MAG,20,Haas F1 Team,51.0,2.0,MEDIUM,16.0,True,18.0,1,77.485,8029.481,7951.996,19.1,29.3,63.0,False,False,False,False,False,False,False,False,False,True,False
MAG,20,Haas F1 Team,52.0,2.0,MEDIUM,17.0,True,18.0,1,77.423,8106.904,8029.481,19.0,29.1,64.0,False,False,False,False,False,False,False,False,False,True,False
MAG,20,Haas F1 Team,53.0,2.0,MEDIUM,18.0,True,18.0,1,94.636,8201.54,8106.904,19.0,29.1,64.0,False,True,False,False,True,False,False,False,False,False,False
MAG,20,Haas F1 Team,54.0,3.0,MEDIUM,1.0,True,18.0,1,81.837,8283.377,8201.54,19.0,29.2,64.0,False,False,True,False,True,False,False,False,False,False,False
MAG,20,Haas F1 Team,55.0,3.0,MEDIUM,2.0,True,17.0,1,76.126,8359.503,8283.377,19.1,29.2,63.0,False,False,False,False,False,False,False,False,False,True,False
MAG,20,Haas F1 Team,56.0,3.0,MEDIUM,3.0,True,17.0,1,76.852,8436.355,8359.503,19.0,29.3,63.0,False,False,False,False,False,False,False,False,False,True,False
MAG,20,Haas F1 Team,57.0,3.0,MEDIUM,4.0,True,17.0,1,77.045,8513.4,8436.355,19.0,29.3,64.0,False,False,False,False,False,False,False,False,False,True,False
MAG,20,Haas F1 Team,58.0,3.0,MEDIUM,5.0,True,17.0,1,76.883,8590.283,8513.4,19.0,29.3,63.0,False,False,False,False,False,False,False,False,False,True,False
MAG,20,Haas F1 Team,59.0,3.0,MEDIUM,6.0,True,17.0,1,76.739,8667.022,8590.283,19.1,29.2,63.0,False,False,False,False,False,False,False,False,False,True,False
MAG,20,Haas F1 Team,60.0,3.0,MEDIUM,7.0,True,17.0,1,76.722,8743.744,8667.022,19.1,29.2,63.0,False,False,False,False,False,False,False,False,False,True,False
MAG,20,Haas F1 Team,61.0,3.0,MEDIUM,8.0,True,17.0,1,76.778,8820.522,8743.744,19.1,29.1,63.0,False,False,False,False,False,False,False,False,False,True,False
MAG,20,Haas F1 Team,62.0,3.0,MEDIUM,9.0,True,17.0,1,76.875,8897.397,8820.522,19.2,29.7,63.0,False,False,False,False,False,False,False,False,False,True,False
MAG,20,Haas F1 Team,63.0,3.0,MEDIUM,10.0,True,17.0,1,77.057,8974.454,8897.397,19.3,29.8,62.0,False,False,False,False,False,False,False,False,False,True,False
MAG,20,Haas F1 Team,64.0,3.0,MEDIUM,11.0,True,17.0,1,76.729,9051.183,8974.454,19.3,29.7,61.0,False,False,False,False,False,False,False,False,False,True,False
MAG,20,Haas F1 Team,65.0,3.0,MEDIUM,12.0,True,17.0,1,76.974,9128.157,9051.183,19.3,29.4,61.0,False,False,False,False,False,False,False,False,False,True,False
MAG,20,Haas F1 Team,66.0,3.0,MEDIUM,13.0,True,17.0,1,76.791,9204.948,9128.157,19.2,29.3,61.0,False,False,False,False,False,False,False,False,False,True,False
MAG,20,Haas F1 Team,67.0,3.0,MEDIUM,14.0,True,17.0,1,76.522,9281.47,9204.948,19.3,29.3,62.0,False,False,False,False,False,False,False,False,False,True,False
MAG,20,Haas F1 Team,68.0,3.0,MEDIUM,15.0,True,17.0,1,76.421,9357.891,9281.47,19.2,29.4,63.0,False,False,False,False,False,False,False,False,False,True,False
MAG,20,Haas F1 Team,69.0,3.0,MEDIUM,16.0,True,17.0,1,76.437,9434.328,9357.891,19.1,29.4,61.0,False,False,False,False,False,False,False,False,False,True,False
DEV,21,AlphaTauri,1.0,1.0,MEDIUM,1.0,True,17.0,1,92.516,3818.237,3725.478,18.3,32.2,64.0,False,False,False,False,True,False,False,False,False,False,False
DEV,21,AlphaTauri,2.0,1.0,MEDIUM,2.0,True,17.0,1,80.694,3898.931,3818.237,18.3,32.5,64.0,False,False,False,False,False,False,False,False,False,True,False
DEV,21,AlphaTauri,3.0,1.0,MEDIUM,3.0,True,17.0,1,78.857,3977.788,3898.931,18.5,32.5,63.0,False,False,False,False,False,False,False,False,False,True,False
DEV,21,AlphaTauri,4.0,1.0,MEDIUM,4.0,True,17.0,1,79.152,4056.94,3977.788,18.4,31.4,64.0,False,False,False,False,False,False,False,False,True,False,False
DEV,21,AlphaTauri,5.0,1.0,MEDIUM,5.0,True,17.0,1,79.341,4136.281,4056.94,18.5,31.1,65.0,False,False,False,False,False,False,False,False,False,True,False
DEV,21,AlphaTauri,6.0,1.0,MEDIUM,6.0,True,17.0,1,79.234,4215.515,4136.281,18.5,30.8,62.0,False,False,False,False,False,False,False,False,False,True,False
DEV,21,AlphaTauri,7.0,1.0,MEDIUM,7.0,True,17.0,126,83.306,4298.821,4215.515,18.5,30.8,62.0,False,False,False,False,True,False,True,False,False,False,False
DEV,21,AlphaTauri,8.0,1.0,MEDIUM,8.0,True,17.0,671,87.164,4385.985,4298.821,18.6,31.1,63.0,False,False,False,False,True,False,True,False,False,False,False
DEV,21,AlphaTauri,9.0,1.0,MEDIUM,9.0,True,17.0,1,78.747,4464.732,4385.985,18.7,31.6,61.0,False,False,False,False,False,False,False,False,False,True,False
DEV,21,AlphaTauri,10.0,1.0,MEDIUM,10.0,True,16.0,1,79.008,4543.74,4464.732,18.7,31.9,61.0,False,False,False,False,False,False,False,False,False,True,False
DEV,21,AlphaTauri,11.0,1.0,MEDIUM,11.0,True,18.0,1,96.152,4639.892,4543.74,18.7,31.6,62.0,False,True,False,False,True,False,False,False,False,False,False
DEV,21,AlphaTauri,12.0,2.0,HARD,1.0,True,17.0,124,104.807,4744.699,4639.892,18.9,32.9,61.0,False,False,True,False,True,False,True,False,False,False,False
DEV,21,AlphaTauri,13.0,2.0,HARD,2.0,True,17.0,4,117.764,4862.463,4744.699,19.0,34.1,61.0,False,False,False,False,True,False,True,False,False,False,False
DEV,21,AlphaTauri,14.0,2.0,HARD,3.0,True,17.0,4,126.58,4989.043,4862.463,19.2,34.0,60.0,False,False,False,False,True,False,True,False,False,False,False
DEV,21,AlphaTauri,15.0,2.0,HARD,4.0,True,17.0,4,117.365,5106.408,4989.043,19.4,34.2,60.0,False,False,False,False,True,False,True,False,False,False,False
DEV,21,AlphaTauri,16.0,2.0,HARD,5.0,True,17.0,41,117.47,5223.878,5106.408,19.4,33.8,61.0,False,False,False,False,True,False,True,False,False,False,False
DEV,21,AlphaTauri,17.0,2.0,HARD,6.0,True,17.0,1,79.948,5303.826,5223.878,19.4,33.1,60.0,False,False,False,False,False,False,False,False,False,True,False
DEV,21,AlphaTauri,18.0,2.0,HARD,7.0,True,17.0,1,79.434,5383.26,5303.826,19.4,33.0,61.0,False,False,False,False,False,False,False,False,False,True,False
DEV,21,AlphaTauri,19.0,2.0,HARD,8.0,True,17.0,1,78.433,5461.693,5383.26,19.2,31.3,62.0,False,False,False,False,False,False,False,False,False,True,False
DEV,21,AlphaTauri,20.0,2.0,HARD,9.0,True,17.0,1,78.4,5540.093,5461.693,19.0,31.3,62.0,False,False,False,False,False,False,False,False,False,True,False
DEV,21,AlphaTauri,21.0,2.0,HARD,10.0,True,17.0,1,78.822,5618.915,5540.093,18.9,31.3,62.0,False,False,False,False,False,False,False,False,False,True,False
DEV,21,AlphaTauri,22.0,2.0,HARD,11.0,True,17.0,1,78.566,5697.481,5618.915,18.9,31.3,62.0,False,False,False,False,False,False,False,False,False,True,False
DEV,21,AlphaTauri,23.0,2.0,HARD,12.0,True,17.0,1,78.364,5775.845,5697.481,18.8,30.8,64.0,False,False,False,False,False,False,False,False,False,True,False
DEV,21,AlphaTauri,24.0,2.0,HARD,13.0,True,17.0,1,78.68,5854.525,5775.845,18.8,30.5,64.0,False,False,False,False,False,False,False,False,False,True,False
DEV,21,AlphaTauri,25.0,2.0,HARD,14.0,True,17.0,1,78.297,5932.822,5854.525,18.9,30.5,64.0,False,False,False,False,False,False,False,False,False,True,False
DEV,21,AlphaTauri,26.0,2.0,HARD,15.0,True,17.0,1,78.624,6011.446,5932.822,18.9,31.6,64.0,False,False,False,False,False,False,False,False,False,True,False
DEV,21,AlphaTauri,27.0,2.0,HARD,16.0,True,16.0,1,78.572,6090.018,6011.446,19.0,31.2,62.0,False,False,False,False,False,False,False,False,False,True,False
DEV,21,AlphaTauri,28.0,2.0,HARD,17.0,True,16.0,12,78.202,6168.22,6090.018,19.0,31.2,62.0,False,False,False,False,False,False,True,False,False,False,False
DEV,21,AlphaTauri,29.0,2.0,HARD,18.0,True,16.0,1,78.635,6246.855,6168.22,19.1,29.8,62.0,False,False,False,False,False,False,False,False,False,True,False
DEV,21,AlphaTauri,30.0,2.0,HARD,19.0,True,16.0,1,78.585,6325.44,6246.855,19.1,29.5,63.0,False,False,False,False,False,False,False,False,False,True,False
DEV,21,AlphaTauri,31.0,2.0,HARD,20.0,True,15.0,1,78.401,6403.841,6325.44,19.1,29.5,63.0,False,False,False,False,False,False,False,False,False,True,False
DEV,21,AlphaTauri,32.0,2.0,HARD,21.0,True,14.0,1,78.282,6482.123,6403.841,19.0,30.5,63.0,False,False,False,False,False,False,False,False,False,True,False
DEV,21,AlphaTauri,33.0,2.0,HARD,22.0,True,14.0,1,78.256,6560.379,6482.123,19.1,30.7,64.0,False,False,False,False,False,False,False,False,False,True,False
DEV,21,AlphaTauri,34.0,2.0,HARD,23.0,True,13.0,1,78.404,6638.783,6560.379,19.1,31.3,62.0,False,False,False,False,False,False,False,False,False,True,False
DEV,21,AlphaTauri,35.0,2.0,HARD,24.0,True,19.0,12,139.671,6778.454,6638.783,19.5,32.3,61.0,False,False,False,False,False,False,True,False,False,False,False
DEV,21,AlphaTauri,36.0,2.0,HARD,25.0,True,18.0,1,78.82,6857.274,6778.454,19.4,32.3,61.0,False,False,False,False,False,False,False,False,False,True,False
DEV,21,AlphaTauri,37.0,2.0,HARD,26.0,True,18.0,1,78.669,6935.943,6857.274,19.3,32.3,62.0,False,False,False,False,False,False,False,False,False,True,False
DEV,21,AlphaTauri,38.0,2.0,HARD,27.0,True,18.0,1,78.352,7014.295,6935.943,19.3,31.6,62.0,False,False,False,False,False,False,False,False,False,True,False
DEV,21,AlphaTauri,39.0,2.0,HARD,28.0,True,18.0,1,78.438,7092.733,7014.295,19.4,31.6,62.0,False,False,False,False,False,False,False,False,False,True,False
DEV,21,AlphaTauri,40.0,2.0,HARD,29.0,True,18.0,1,78.292,7171.025,7092.733,19.3,31.3,62.0,False,False,False,False,False,False,False,False,False,True,False
DEV,21,AlphaTauri,41.0,2.0,HARD,30.0,True,18.0,1,79.22,7250.245,7171.025,19.3,31.7,61.0,False,False,False,False,False,False,False,False,False,True,False
DEV,21,AlphaTauri,42.0,2.0,HARD,31.0,True,18.0,1,78.606,7328.851,7250.245,19.3,31.4,61.0,False,False,False,False,False,False,False,False,False,True,False
DEV,21,AlphaTauri,43.0,2.0,HARD,32.0,True,18.0,1,78.964,7407.815,7328.851,19.1,30.9,61.0,False,False,False,False,False,False,False,False,False,True,False
DEV,21,AlphaTauri,44.0,2.0,HARD,33.0,True,19.0,1,78.632,7486.447,7407.815,19.1,30.8,62.0,False,False,False,False,False,False,False,False,False,True,False
DEV,21,AlphaTauri,45.0,2.0,HARD,34.0,True,19.0,1,78.202,7564.649,7486.447,19.1,30.7,64.0,False,False,False,False,False,False,False,False,False,True,False
DEV,21,AlphaTauri,46.0,2.0,HARD,35.0,True,19.0,1,78.385,7643.034,7564.649,19.2,30.8,63.0,False,False,False,False,False,False,False,False,False,True,False
DEV,21,AlphaTauri,47.0,2.0,HARD,36.0,True,19.0,1,78.838,7721.872,7643.034,19.1,30.7,61.0,False,False,False,False,False,False,False,False,False,True,False
DEV,21,AlphaTauri,48.0,2.0,HARD,37.0,True,19.0,1,78.583,7800.455,7721.872,19.2,30.2,62.0,False,False,False,False,False,False,False,False,False,True,False
DEV,21,AlphaTauri,49.0,2.0,HARD,38.0,True,19.0,1,78.12,7878.575,7800.455,19.1,29.9,62.0,False,False,False,False,False,False,False,False,False,True,False
DEV,21,AlphaTauri,50.0,2.0,HARD,39.0,True,19.0,1,94.364,7972.939,7878.575,19.1,29.5,62.0,False,True,False,False,True,False,False,False,False,False,False
DEV,21,AlphaTauri,51.0,3.0,HARD,1.0,True,19.0,1,80.592,8053.531,7972.939,19.1,29.1,63.0,False,False,True,False,True,False,False,False,False,False,False
DEV,21,AlphaTauri,52.0,3.0,HARD,2.0,True,19.0,1,76.656,8130.187,8053.531,19.0,29.1,64.0,False,False,False,False,False,False,False,False,False,True,False
DEV,21,AlphaTauri,53.0,3.0,HARD,3.0,True,19.0,1,76.821,8207.008,8130.187,19.0,29.1,64.0,False,False,False,False,False,False,False,False,False,True,False
DEV,21,AlphaTauri,54.0,3.0,HARD,4.0,True,19.0,1,76.899,8283.907,8207.008,19.0,29.2,64.0,False,False,False,False,False,False,False,False,False,True,False
DEV,21,AlphaTauri,55.0,3.0,HARD,5.0,True,18.0,1,77.039,8360.946,8283.907,19.1,29.2,63.0,False,False,False,False,False,False,False,False,False,True,False
DEV,21,AlphaTauri,56.0,3.0,HARD,6.0,True,18.0,1,76.903,8437.849,8360.946,19.0,29.3,63.0,False,False,False,False,False,False,False,False,False,True,False
DEV,21,AlphaTauri,57.0,3.0,HARD,7.0,True,18.0,1,76.784,8514.633,8437.849,19.0,29.3,64.0,False,False,False,False,False,False,False,False,False,True,False
DEV,21,AlphaTauri,58.0,3.0,HARD,8.0,True,18.0,1,77.066,8591.699,8514.633,19.0,29.3,63.0,False,False,False,False,False,False,False,False,False,True,False
DEV,21,AlphaTauri,59.0,3.0,HARD,9.0,True,18.0,1,76.952,8668.651,8591.699,19.1,29.2,63.0,False,False,False,False,False,False,False,False,False,True,False
DEV,21,AlphaTauri,60.0,3.0,HARD,10.0,True,18.0,1,77.573,8746.224,8668.651,19.1,29.2,63.0,False,False,False,False,False,False,False,False,False,True,False
DEV,21,AlphaTauri,61.0,3.0,HARD,11.0,True,18.0,1,77.423,8823.647,8746.224,19.1,29.1,63.0,False,False,False,False,False,False,False,False,False,True,False
DEV,21,AlphaTauri,62.0,3.0,HARD,12.0,True,18.0,1,77.123,8900.77,8823.647,19.2,29.7,63.0,False,False,False,False,False,False,False,False,False,True,False
DEV,21,AlphaTauri,63.0,3.0,HARD,13.0,True,18.0,1,77.105,8977.875,8900.77,19.3,29.8,62.0,False,False,False,False,False,False,False,False,False,True,False
DEV,21,AlphaTauri,64.0,3.0,HARD,14.0,True,18.0,1,77.185,9055.06,8977.875,19.3,29.7,61.0,False,False,False,False,False,False,False,False,False,True,False
DEV,21,AlphaTauri,65.0,3.0,HARD,15.0,True,18.0,1,76.91,9131.97,9055.06,19.3,29.4,61.0,False,False,False,False,False,False,False,False,False,True,False
DEV,21,AlphaTauri,66.0,3.0,HARD,16.0,True,18.0,1,76.704,9208.674,9131.97,19.2,29.3,61.0,False,False,False,False,False,False,False,False,False,True,False
DEV,21,AlphaTauri,67.0,3.0,HARD,17.0,True,18.0,1,76.846,9285.52,9208.674,19.3,29.3,62.0,False,False,False,False,False,False,False,False,False,True,False
DEV,21,AlphaTauri,68.0,3.0,HARD,18.0,True,18.0,1,76.737,9362.257,9285.52,19.1,29.4,61.0,False,False,False,False,False,False,False,False,False,True,False
DEV,21,AlphaTauri,69.0,3.0,HARD,19.0,True,18.0,1,76.779,9439.036,9362.257,19.1,29.4,61.0,False,False,False,False,False,False,False,False,False,True,False
TSU,22,AlphaTauri,1.0,1.0,MEDIUM,1.0,True,20.0,1,109.276,3834.997,3725.478,18.3,32.2,64.0,False,True,False,False,True,False,False,False,False,False,False
TSU,22,AlphaTauri,2.0,2.0,HARD,1.0,True,20.0,1,82.407,3917.404,3834.997,18.5,32.5,63.0,False,False,True,False,True,False,False,False,False,False,False
TSU,22,AlphaTauri,3.0,2.0,HARD,2.0,True,20.0,1,78.117,3995.521,3917.404,18.5,32.5,63.0,False,False,False,False,False,False,False,False,False,True,False
TSU,22,AlphaTauri,4.0,2.0,HARD,3.0,True,20.0,1,78.038,4073.559,3995.521,18.4,31.4,64.0,False,False,False,False,False,False,False,False,False,True,False
TSU,22,AlphaTauri,5.0,2.0,HARD,4.0,True,20.0,1,78.051,4151.61,4073.559,18.5,30.8,62.0,False,False,False,False,False,False,False,False,False,True,False
TSU,22,AlphaTauri,6.0,2.0,HARD,5.0,True,20.0,1,78.401,4230.011,4151.61,18.5,30.8,62.0,False,False,False,False,False,False,False,False,False,True,False
TSU,22,AlphaTauri,7.0,2.0,HARD,6.0,True,19.0,126,91.754,4321.765,4230.011,18.6,30.8,62.0,False,False,False,False,True,False,True,False,False,False,False
TSU,22,AlphaTauri,8.0,2.0,HARD,7.0,True,19.0,671,79.515,4401.28,4321.765,18.6,31.1,63.0,False,False,False,False,True,False,True,False,False,False,False
TSU,22,AlphaTauri,9.0,2.0,HARD,8.0,True,19.0,1,78.209,4479.489,4401.28,18.7,31.6,61.0,False,False,False,False,False,False,False,False,False,True,False
TSU,22,AlphaTauri,10.0,2.0,HARD,9.0,True,18.0,1,78.063,4557.552,4479.489,18.7,31.9,61.0,False,False,False,False,False,False,False,False,False,True,False
TSU,22,AlphaTauri,11.0,2.0,HARD,10.0,True,16.0,1,78.045,4635.597,4557.552,18.7,31.6,62.0,False,False,False,False,False,False,False,False,False,True,False
TSU,22,AlphaTauri,12.0,2.0,HARD,11.0,True,14.0,124,98.704,4734.301,4635.597,18.8,32.8,63.0,False,False,False,False,True,False,True,False,False,False,False
TSU,22,AlphaTauri,13.0,2.0,HARD,12.0,True,13.0,4,122.936,4857.237,4734.301,19.0,33.0,61.0,False,False,False,False,True,False,True,False,False,False,False
TSU,22,AlphaTauri,14.0,2.0,HARD,13.0,True,13.0,4,127.199,4984.436,4857.237,19.2,34.0,60.0,False,False,False,False,True,False,True,False,False,False,False
TSU,22,AlphaTauri,15.0,2.0,HARD,14.0,True,13.0,4,114.993,5099.429,4984.436,19.3,34.0,60.0,False,False,False,False,True,False,True,False,False,False,False
TSU,22,AlphaTauri,16.0,2.0,HARD,15.0,True,13.0,41,122.457,5221.886,5099.429,19.4,33.8,61.0,False,False,False,False,True,False,True,False,False,False,False
TSU,22,AlphaTauri,17.0,2.0,HARD,16.0,True,13.0,1,79.922,5301.808,5221.886,19.4,33.1,60.0,False,False,False,False,False,False,False,False,False,True,False
TSU,22,AlphaTauri,18.0,2.0,HARD,17.0,True,13.0,1,79.207,5381.015,5301.808,19.4,33.0,61.0,False,False,False,False,False,False,False,False,False,True,False
TSU,22,AlphaTauri,19.0,2.0,HARD,18.0,True,13.0,1,78.282,5459.297,5381.015,19.3,32.3,61.0,False,False,False,False,False,False,False,False,False,True,False
TSU,22,AlphaTauri,20.0,2.0,HARD,19.0,True,13.0,1,78.525,5537.822,5459.297,19.0,31.3,62.0,False,False,False,False,False,False,False,False,False,True,False
TSU,22,AlphaTauri,21.0,2.0,HARD,20.0,True,13.0,1,78.982,5616.804,5537.822,18.9,31.3,62.0,False,False,False,False,False,False,False,False,False,True,False
TSU,22,AlphaTauri,22.0,2.0,HARD,21.0,True,13.0,1,78.264,5695.068,5616.804,18.9,31.3,62.0,False,False,False,False,False,False,False,False,False,True,False
TSU,22,AlphaTauri,23.0,2.0,HARD,22.0,True,13.0,1,78.688,5773.756,5695.068,18.8,30.8,64.0,False,False,False,False,False,False,False,False,False,True,False
TSU,22,AlphaTauri,24.0,2.0,HARD,23.0,True,13.0,1,78.273,5852.029,5773.756,18.8,30.5,64.0,False,False,False,False,False,False,False,False,False,True,False
TSU,22,AlphaTauri,25.0,2.0,HARD,24.0,True,13.0,1,78.716,5930.745,5852.029,18.9,30.5,64.0,False,False,False,False,False,False,False,False,False,True,False
TSU,22,AlphaTauri,26.0,2.0,HARD,25.0,True,13.0,1,78.665,6009.41,5930.745,18.9,31.6,64.0,False,False,False,False,False,False,False,False,False,True,False
TSU,22,AlphaTauri,27.0,2.0,HARD,26.0,True,13.0,1,78.503,6087.913,6009.41,19.0,31.2,62.0,False,False,False,False,False,False,False,False,False,True,False
TSU,22,AlphaTauri,28.0,2.0,HARD,27.0,True,13.0,12,78.426,6166.339,6087.913,19.0,31.2,62.0,False,False,False,False,False,False,True,False,False,False,False
TSU,22,AlphaTauri,29.0,2.0,HARD,28.0,True,13.0,1,78.779,6245.118,6166.339,19.1,29.8,62.0,False,False,False,False,False,False,False,False,False,True,False
TSU,22,AlphaTauri,30.0,2.0,HARD,29.0,True,13.0,1,78.493,6323.611,6245.118,19.1,29.5,63.0,False,False,False,False,False,False,False,False,False,True,False
TSU,22,AlphaTauri,31.0,2.0,HARD,30.0,True,13.0,1,78.383,6401.994,6323.611,19.1,29.5,63.0,False,False,False,False,False,False,False,False,False,True,False
TSU,22,AlphaTauri,32.0,2.0,HARD,31.0,True,13.0,1,78.732,6480.726,6401.994,19.0,30.5,63.0,False,False,False,False,False,False,False,False,False,True,False
TSU,22,AlphaTauri,33.0,2.0,HARD,32.0,True,13.0,1,78.852,6559.578,6480.726,19.1,30.7,64.0,False,False,False,False,False,False,False,False,False,True,False
TSU,22,AlphaTauri,34.0,2.0,HARD,33.0,True,17.0,12,98.07,6657.648,6559.578,19.1,31.3,62.0,False,True,False,False,True,False,True,False,False,False,False
TSU,22,AlphaTauri,35.0,2.0,HARD,34.0,True,16.0,21,80.934,6738.582,6657.648,19.5,32.3,61.0,False,False,True,False,True,False,True,False,False,False,False
TSU,22,AlphaTauri,36.0,3.0,None,,False,16.0,1,77.334,6815.916,6738.582,19.4,32.3,61.0,False,False,False,False,False,False,False,False,False,True,False
TSU,22,AlphaTauri,37.0,3.0,None,,False,16.0,1,77.398,6893.314,6815.916,19.4,32.3,61.0,False,False,False,False,False,False,False,False,False,True,False
TSU,22,AlphaTauri,38.0,3.0,None,,False,16.0,1,77.432,6970.746,6893.314,19.3,31.6,62.0,False,False,False,False,False,False,False,False,False,True,False
TSU,22,AlphaTauri,39.0,3.0,None,,False,16.0,1,77.2,7047.946,6970.746,19.3,31.6,62.0,False,False,False,False,False,False,False,False,False,True,False
TSU,22,AlphaTauri,40.0,3.0,None,,False,16.0,1,77.258,7125.204,7047.946,19.4,31.6,62.0,False,False,False,False,False,False,False,False,False,True,False
TSU,22,AlphaTauri,41.0,3.0,None,,False,16.0,1,77.222,7202.426,7125.204,19.3,31.7,61.0,False,False,False,False,False,False,False,False,False,True,False
TSU,22,AlphaTauri,42.0,3.0,None,,False,16.0,1,77.217,7279.643,7202.426,19.4,31.8,60.0,False,False,False,False,False,False,False,False,False,True,False
TSU,22,AlphaTauri,43.0,3.0,None,,False,16.0,1,77.383,7357.026,7279.643,19.3,31.4,61.0,False,False,False,False,False,False,False,False,False,True,False
TSU,22,AlphaTauri,44.0,3.0,None,,False,16.0,1,77.637,7434.663,7357.026,19.1,30.9,61.0,False,False,False,False,False,False,False,False,False,True,False
TSU,22,AlphaTauri,45.0,3.0,None,,False,16.0,1,77.706,7512.369,7434.663,19.1,30.7,64.0,False,False,False,False,False,False,False,False,False,True,False
TSU,22,AlphaTauri,46.0,3.0,None,,False,16.0,1,77.131,7589.5,7512.369,19.1,30.7,64.0,False,False,False,False,False,False,False,False,False,True,False
TSU,22,AlphaTauri,47.0,3.0,None,,False,16.0,1,76.967,7666.467,7589.5,19.2,30.8,63.0,False,False,False,False,False,False,False,False,False,True,False
TSU,22,AlphaTauri,48.0,3.0,None,,False,15.0,1,77.026,7743.493,7666.467,19.1,30.4,61.0,False,False,False,False,False,False,False,False,False,True,False
TSU,22,AlphaTauri,49.0,3.0,None,,False,15.0,1,77.204,7820.697,7743.493,19.2,30.2,62.0,False,False,False,False,False,False,False,False,False,True,False
TSU,22,AlphaTauri,50.0,3.0,None,,False,15.0,1,76.859,7897.556,7820.697,19.1,29.9,62.0,False,False,False,False,False,False,False,False,False,True,False
TSU,22,AlphaTauri,51.0,3.0,None,,False,15.0,1,76.781,7974.337,7897.556,19.1,29.5,62.0,False,False,False,False,False,False,False,False,False,True,False
TSU,22,AlphaTauri,52.0,3.0,None,,False,15.0,1,76.781,8051.118,7974.337,19.1,29.1,63.0,False,False,False,False,False,False,False,False,False,True,False
TSU,22,AlphaTauri,53.0,3.0,None,,False,15.0,1,76.743,8127.861,8051.118,19.0,29.1,64.0,False,False,False,False,False,False,False,False,False,True,False
TSU,22,AlphaTauri,54.0,3.0,None,,False,15.0,1,76.952,8204.813,8127.861,19.0,29.1,64.0,False,False,False,False,False,False,False,False,False,True,False
TSU,22,AlphaTauri,55.0,3.0,None,,False,14.0,1,77.393,8282.206,8204.813,19.0,29.2,64.0,False,False,False,False,False,False,False,False,False,True,False
TSU,22,AlphaTauri,56.0,3.0,None,,False,14.0,1,76.713,8358.919,8282.206,19.1,29.2,63.0,False,False,False,False,False,False,False,False,False,True,False
TSU,22,AlphaTauri,57.0,3.0,None,,False,14.0,1,77.006,8435.925,8358.919,19.0,29.3,63.0,False,False,False,False,False,False,False,False,False,True,False
TSU,22,AlphaTauri,58.0,3.0,None,,False,14.0,1,77.553,8513.478,8435.925,19.0,29.3,64.0,False,False,False,False,False,False,False,False,False,True,False
TSU,22,AlphaTauri,59.0,3.0,None,,False,14.0,1,77.599,8591.077,8513.478,19.0,29.3,63.0,False,False,False,False,False,False,False,False,False,True,False
TSU,22,AlphaTauri,60.0,3.0,None,,False,14.0,1,77.103,8668.18,8591.077,19.1,29.2,63.0,False,False,False,False,False,False,False,False,False,True,False
TSU,22,AlphaTauri,61.0,3.0,None,,False,14.0,1,76.941,8745.121,8668.18,19.1,29.2,63.0,False,False,False,False,False,False,False,False,False,True,False
TSU,22,AlphaTauri,62.0,3.0,None,,False,14.0,1,77.008,8822.129,8745.121,19.1,29.1,63.0,False,False,False,False,False,False,False,False,False,True,False
TSU,22,AlphaTauri,63.0,3.0,None,,False,14.0,1,76.93,8899.059,8822.129,19.2,29.7,63.0,False,False,False,False,False,False,False,False,False,True,False
TSU,22,AlphaTauri,64.0,3.0,None,,False,14.0,1,77.143,8976.202,8899.059,19.3,29.8,62.0,False,False,False,False,False,False,False,False,False,True,False
TSU,22,AlphaTauri,65.0,3.0,None,,False,14.0,1,76.984,9053.186,8976.202,19.3,29.7,61.0,False,False,False,False,False,False,False,False,False,True,False
TSU,22,AlphaTauri,66.0,3.0,None,,False,14.0,1,77.01,9130.196,9053.186,19.3,29.4,61.0,False,False,False,False,False,False,False,False,False,True,False
TSU,22,AlphaTauri,67.0,3.0,None,,False,14.0,1,76.821,9207.017,9130.196,19.2,29.3,61.0,False,False,False,False,False,False,False,False,False,True,False
TSU,22,AlphaTauri,68.0,3.0,None,,False,14.0,1,76.666,9283.683,9207.017,19.3,29.3,62.0,False,False,False,False,False,False,False,False,False,True,False
TSU,22,AlphaTauri,69.0,3.0,None,,False,14.0,1,76.852,9360.535,9283.683,19.1,29.4,61.0,False,False,False,False,False,False,False,False,False,True,False
TSU,22,AlphaTauri,70.0,3.0,None,,False,14.0,1,76.957,9437.492,9360.535,19.1,29.4,61.0,False,False,False,False,False,False,False,False,False,True,False
ALB,23,Williams,1.0,1.0,MEDIUM,2.0,False,10.0,1,89.175,3814.896,3725.478,18.3,32.2,64.0,False,False,False,False,True,False,False,False,False,False,False
ALB,23,Williams,2.0,1.0,MEDIUM,3.0,False,10.0,1,79.63,3894.526,3814.896,18.3,32.5,64.0,False,False,False,False,False,False,False,False,False,True,False
ALB,23,Williams,3.0,1.0,MEDIUM,4.0,False,10.0,1,78.618,3973.144,3894.526,18.5,32.5,63.0,False,False,False,False,False,False,False,False,False,True,False
ALB,23,Williams,4.0,1.0,MEDIUM,5.0,False,10.0,1,78.78,4051.924,3973.144,18.4,31.4,64.0,False,False,False,False,False,False,False,False,False,True,False
ALB,23,Williams,5.0,1.0,MEDIUM,6.0,False,10.0,1,78.422,4130.346,4051.924,18.5,31.1,65.0,False,False,False,False,False,False,False,False,False,True,False
ALB,23,Williams,6.0,1.0,MEDIUM,7.0,False,10.0,1,78.745,4209.091,4130.346,18.5,30.8,62.0,False,False,False,False,False,False,False,False,False,True,False
ALB,23,Williams,7.0,1.0,MEDIUM,8.0,False,10.0,126,79.316,4288.407,4209.091,18.5,30.8,62.0,False,False,False,False,True,False,True,False,False,False,False
ALB,23,Williams,8.0,1.0,MEDIUM,9.0,False,10.0,671,93.687,4382.094,4288.407,18.6,31.1,63.0,False,False,False,False,True,False,True,False,False,False,False
ALB,23,Williams,9.0,1.0,MEDIUM,10.0,False,10.0,1,78.467,4460.561,4382.094,18.7,31.6,61.0,False,False,False,False,False,False,False,False,False,True,False
ALB,23,Williams,10.0,1.0,MEDIUM,11.0,False,10.0,1,79.319,4539.88,4460.561,18.7,31.9,61.0,False,False,False,False,False,False,False,False,False,True,False
ALB,23,Williams,11.0,1.0,MEDIUM,12.0,False,9.0,1,78.717,4618.597,4539.88,18.7,30.9,62.0,False,False,False,False,False,False,False,False,False,True,False
ALB,23,Williams,12.0,1.0,MEDIUM,13.0,False,12.0,124,110.487,4729.084,4618.597,18.8,32.8,63.0,False,True,False,False,True,False,True,False,False,False,False
ALB,23,Williams,13.0,2.0,HARD,1.0,True,12.0,4,125.716,4854.8,4729.084,19.0,33.0,61.0,False,False,True,False,True,False,True,False,False,False,False
ALB,23,Williams,14.0,2.0,HARD,2.0,True,12.0,4,127.268,4982.068,4854.8,19.2,34.0,60.0,False,False,False,False,True,False,True,False,False,False,False
ALB,23,Williams,15.0,2.0,HARD,3.0,True,12.0,4,114.151,5096.219,4982.068,19.3,34.0,60.0,False,False,False,False,True,False,True,False,False,False,False
ALB,23,Williams,16.0,2.0,HARD,4.0,True,12.0,41,124.986,5221.205,5096.219,19.4,33.8,61.0,False,False,False,False,True,False,True,False,False,False,False
ALB,23,Williams,17.0,2.0,HARD,5.0,True,12.0,1,80.042,5301.247,5221.205,19.4,33.1,60.0,False,False,False,False,False,False,False,False,False,True,False
ALB,23,Williams,18.0,2.0,HARD,6.0,True,12.0,1,79.275,5380.522,5301.247,19.4,33.0,61.0,False,False,False,False,False,False,False,False,False,True,False
ALB,23,Williams,19.0,2.0,HARD,7.0,True,11.0,1,77.882,5458.404,5380.522,19.3,32.3,61.0,False,False,False,False,False,False,False,False,False,True,False
ALB,23,Williams,20.0,2.0,HARD,8.0,True,11.0,1,78.055,5536.459,5458.404,19.0,31.3,62.0,False,False,False,False,False,False,False,False,False,True,False
ALB,23,Williams,21.0,2.0,HARD,9.0,True,11.0,1,79.16,5615.619,5536.459,18.9,31.3,62.0,False,False,False,False,False,False,False,False,False,True,False
ALB,23,Williams,22.0,2.0,HARD,10.0,True,12.0,1,78.868,5694.487,5615.619,18.9,31.3,62.0,False,False,False,False,False,False,False,False,True,False,False
ALB,23,Williams,23.0,2.0,HARD,11.0,True,12.0,1,78.718,5773.205,5694.487,18.8,30.8,64.0,False,False,False,False,False,False,False,False,False,True,False
ALB,23,Williams,24.0,2.0,HARD,12.0,True,12.0,1,78.162,5851.367,5773.205,18.8,30.5,64.0,False,False,False,False,False,False,False,False,False,True,False
ALB,23,Williams,25.0,2.0,HARD,13.0,True,12.0,1,78.775,5930.142,5851.367,18.9,30.5,64.0,False,False,False,False,False,False,False,False,False,True,False
ALB,23,Williams,26.0,2.0,HARD,14.0,True,12.0,1,78.351,6008.493,5930.142,18.9,31.6,64.0,False,False,False,False,False,False,False,False,False,True,False
ALB,23,Williams,27.0,2.0,HARD,15.0,True,12.0,1,78.603,6087.096,6008.493,19.0,31.2,62.0,False,False,False,False,False,False,False,False,False,True,False
ALB,23,Williams,28.0,2.0,HARD,16.0,True,11.0,12,78.563,6165.659,6087.096,19.0,31.2,62.0,False,False,False,False,False,False,True,False,False,False,False
ALB,23,Williams,29.0,2.0,HARD,17.0,True,11.0,1,78.168,6243.827,6165.659,19.1,29.8,62.0,False,False,False,False,False,False,False,False,False,True,False
ALB,23,Williams,30.0,2.0,HARD,18.0,True,11.0,1,78.21,6322.037,6243.827,19.1,29.5,63.0,False,False,False,False,False,False,False,False,False,True,False
ALB,23,Williams,31.0,2.0,HARD,19.0,True,11.0,1,78.12,6400.157,6322.037,19.1,29.5,63.0,False,False,False,False,False,False,False,False,False,True,False
ALB,23,Williams,32.0,2.0,HARD,20.0,True,11.0,1,78.008,6478.165,6400.157,19.1,30.5,64.0,False,False,False,False,False,False,False,False,False,True,False
ALB,23,Williams,33.0,2.0,HARD,21.0,True,11.0,1,78.019,6556.184,6478.165,19.1,30.7,64.0,False,False,False,False,False,False,False,False,False,True,False
ALB,23,Williams,34.0,2.0,HARD,22.0,True,11.0,1,78.271,6634.455,6556.184,19.1,31.3,62.0,False,False,False,False,False,False,False,False,False,True,False
ALB,23,Williams,35.0,2.0,HARD,23.0,True,10.0,12,78.426,6712.881,6634.455,19.4,32.3,61.0,False,False,False,False,False,False,True,False,False,False,False
ALB,23,Williams,36.0,2.0,HARD,24.0,True,8.0,21,78.005,6790.886,6712.881,19.4,32.3,61.0,False,False,False,False,False,False,True,False,False,False,False
ALB,23,Williams,37.0,2.0,HARD,25.0,True,7.0,1,78.128,6869.014,6790.886,19.4,32.3,61.0,False,False,False,False,False,False,False,False,False,True,False
ALB,23,Williams,38.0,2.0,HARD,26.0,True,6.0,1,77.782,6946.796,6869.014,19.3,32.3,62.0,False,False,False,False,False,False,False,False,False,True,False
ALB,23,Williams,39.0,2.0,HARD,27.0,True,7.0,1,78.441,7025.237,6946.796,19.3,31.6,62.0,False,False,False,False,False,False,False,False,False,True,False
ALB,23,Williams,40.0,2.0,HARD,28.0,True,7.0,1,78.091,7103.328,7025.237,19.4,31.6,62.0,False,False,False,False,False,False,False,False,False,True,False
ALB,23,Williams,41.0,2.0,HARD,29.0,True,7.0,1,78.003,7181.331,7103.328,19.3,31.3,62.0,False,False,False,False,False,False,False,False,False,True,False
ALB,23,Williams,42.0,2.0,HARD,30.0,True,7.0,1,77.724,7259.055,7181.331,19.3,31.7,61.0,False,False,False,False,False,False,False,False,False,True,False
ALB,23,Williams,43.0,2.0,HARD,31.0,True,7.0,1,77.673,7336.728,7259.055,19.3,31.4,61.0,False,False,False,False,False,False,False,False,False,True,False
ALB,23,Williams,44.0,2.0,HARD,32.0,True,7.0,1,77.554,7414.282,7336.728,19.1,30.9,61.0,False,False,False,False,False,False,False,False,False,True,False
ALB,23,Williams,45.0,2.0,HARD,33.0,True,7.0,1,77.655,7491.937,7414.282,19.1,30.8,62.0,False,False,False,False,False,False,False,False,False,True,False
ALB,23,Williams,46.0,2.0,HARD,34.0,True,7.0,1,77.657,7569.594,7491.937,19.1,30.7,64.0,False,False,False,False,False,False,False,False,False,True,False
ALB,23,Williams,47.0,2.0,HARD,35.0,True,7.0,1,77.452,7647.046,7569.594,19.2,30.8,63.0,False,False,False,False,False,False,False,False,False,True,False
ALB,23,Williams,48.0,2.0,HARD,36.0,True,7.0,1,77.76,7724.806,7647.046,19.1,30.7,61.0,False,False,False,False,False,False,False,False,False,True,False
ALB,23,Williams,49.0,2.0,HARD,37.0,True,7.0,1,77.687,7802.493,7724.806,19.2,30.2,62.0,False,False,False,False,False,False,False,False,False,True,False
ALB,23,Williams,50.0,2.0,HARD,38.0,True,7.0,1,77.606,7880.099,7802.493,19.1,29.9,62.0,False,False,False,False,False,False,False,False,False,True,False
ALB,23,Williams,51.0,2.0,HARD,39.0,True,7.0,1,77.611,7957.71,7880.099,19.1,29.5,62.0,False,False,False,False,False,False,False,False,False,True,False
ALB,23,Williams,52.0,2.0,HARD,40.0,True,7.0,1,77.421,8035.131,7957.71,19.1,29.3,63.0,False,False,False,False,False,False,False,False,False,True,False
ALB,23,Williams,53.0,2.0,HARD,41.0,True,7.0,1,77.522,8112.653,8035.131,19.0,29.1,64.0,False,False,False,False,False,False,False,False,False,True,False
ALB,23,Williams,54.0,2.0,HARD,42.0,True,7.0,1,77.445,8190.098,8112.653,19.0,29.1,64.0,False,False,False,False,False,False,False,False,False,True,False
ALB,23,Williams,55.0,2.0,HARD,43.0,True,7.0,1,77.418,8267.516,8190.098,19.0,29.1,63.0,False,False,False,False,False,False,False,False,False,True,False
ALB,23,Williams,56.0,2.0,HARD,44.0,True,7.0,1,77.314,8344.83,8267.516,19.1,29.2,63.0,False,False,False,False,False,False,False,False,False,True,False
ALB,23,Williams,57.0,2.0,HARD,45.0,True,7.0,1,77.148,8421.978,8344.83,19.0,29.3,63.0,False,False,False,False,False,False,False,False,False,True,False
ALB,23,Williams,58.0,2.0,HARD,46.0,True,7.0,1,77.384,8499.362,8421.978,19.0,29.3,64.0,False,False,False,False,False,False,False,False,False,True,False
ALB,23,Williams,59.0,2.0,HARD,47.0,True,7.0,1,77.084,8576.446,8499.362,19.0,29.3,63.0,False,False,False,False,False,False,False,False,False,True,False
ALB,23,Williams,60.0,2.0,HARD,48.0,True,7.0,1,77.152,8653.598,8576.446,19.1,29.2,63.0,False,False,False,False,False,False,False,False,False,True,False
ALB,23,Williams,61.0,2.0,HARD,49.0,True,7.0,1,77.208,8730.806,8653.598,19.1,29.2,63.0,False,False,False,False,False,False,False,False,False,True,False
ALB,23,Williams,62.0,2.0,HARD,50.0,True,7.0,1,77.014,8807.82,8730.806,19.1,29.1,63.0,False,False,False,False,False,False,False,False,False,True,False
ALB,23,Williams,63.0,2.0,HARD,51.0,True,7.0,1,76.952,8884.772,8807.82,19.2,29.7,63.0,False,False,False,False,False,False,False,False,False,True,False
ALB,23,Williams,64.0,2.0,HARD,52.0,True,7.0,1,77.129,8961.901,8884.772,19.3,29.8,62.0,False,False,False,False,False,False,False,False,False,True,False
ALB,23,Williams,65.0,2.0,HARD,53.0,True,7.0,1,77.18,9039.081,8961.901,19.3,29.7,61.0,False,False,False,False,False,False,False,False,False,True,False
ALB,23,Williams,66.0,2.0,HARD,54.0,True,7.0,1,77.341,9116.422,9039.081,19.3,29.5,62.0,False,False,False,False,False,False,False,False,False,True,False
ALB,23,Williams,67.0,2.0,HARD,55.0,True,7.0,1,77.213,9193.635,9116.422,19.2,29.3,61.0,False,False,False,False,False,False,False,False,False,True,False
ALB,23,Williams,68.0,2.0,HARD,56.0,True,7.0,1,76.917,9270.552,9193.635,19.3,29.3,62.0,False,False,False,False,False,False,False,False,False,True,False
ALB,23,Williams,69.0,2.0,HARD,57.0,True,7.0,1,77.072,9347.624,9270.552,19.2,29.4,63.0,False,False,False,False,False,False,False,False,False,True,False
ALB,23,Williams,70.0,2.0,HARD,58.0,True,7.0,1,77.258,9424.882,9347.624,19.1,29.4,61.0,False,False,False,False,False,False,False,False,False,True,False
ZHO,24,Alfa Romeo,1.0,1.0,MEDIUM,1.0,True,19.0,1,93.913,3819.634,3725.478,18.3,32.2,64.0,False,False,False,False,True,False,False,False,False,False,False
ZHO,24,Alfa Romeo,2.0,1.0,MEDIUM,2.0,True,19.0,1,80.515,3900.149,3819.634,18.5,32.5,63.0,False,False,False,False,False,False,False,False,False,True,False
ZHO,24,Alfa Romeo,3.0,1.0,MEDIUM,3.0,True,19.0,1,78.964,3979.113,3900.149,18.5,32.5,63.0,False,False,False,False,False,False,False,False,False,True,False
ZHO,24,Alfa Romeo,4.0,1.0,MEDIUM,4.0,True,19.0,1,78.749,4057.862,3979.113,18.4,31.4,64.0,False,False,False,False,False,False,False,False,False,True,False
ZHO,24,Alfa Romeo,5.0,1.0,MEDIUM,5.0,True,19.0,1,79.443,4137.305,4057.862,18.5,31.1,65.0,False,False,False,False,False,False,False,False,False,True,False
ZHO,24,Alfa Romeo,6.0,1.0,MEDIUM,6.0,True,19.0,1,79.469,4216.774,4137.305,18.5,30.8,62.0,False,False,False,False,False,False,False,False,False,True,False
ZHO,24,Alfa Romeo,7.0,1.0,MEDIUM,7.0,True,18.0,126,85.975,4302.749,4216.774,18.5,30.8,62.0,False,False,False,False,True,False,True,False,False,False,False
ZHO,24,Alfa Romeo,8.0,1.0,MEDIUM,8.0,True,18.0,671,86.453,4389.202,4302.749,18.6,31.1,63.0,False,False,False,False,True,False,True,False,False,False,False
ZHO,24,Alfa Romeo,9.0,1.0,MEDIUM,9.0,True,18.0,1,78.601,4467.803,4389.202,18.7,31.6,61.0,False,False,False,False,False,False,False,False,False,True,False
ZHO,24,Alfa Romeo,10.0,1.0,MEDIUM,10.0,True,17.0,1,78.941,4546.744,4467.803,18.7,31.9,61.0,False,False,False,False,False,False,False,False,False,True,False
ZHO,24,Alfa Romeo,11.0,1.0,MEDIUM,11.0,True,14.0,1,78.531,4625.275,4546.744,18.7,31.6,62.0,False,False,False,False,False,False,False,False,False,True,False
ZHO,24,Alfa Romeo,12.0,1.0,MEDIUM,12.0,True,13.0,124,108.723,4733.998,4625.275,18.8,32.8,63.0,False,True,False,False,True,False,True,False,False,False,False
ZHO,24,Alfa Romeo,13.0,2.0,HARD,1.0,True,14.0,4,124.45,4858.448,4733.998,19.0,33.0,61.0,False,False,True,False,True,False,True,False,False,False,False
ZHO,24,Alfa Romeo,14.0,2.0,HARD,2.0,True,14.0,4,127.167,4985.615,4858.448,19.2,34.0,60.0,False,False,False,False,True,False,True,False,False,False,False
ZHO,24,Alfa Romeo,15.0,2.0,HARD,3.0,True,14.0,4,115.94,5101.555,4985.615,19.4,34.2,60.0,False,False,False,False,True,False,True,False,False,False,False
ZHO,24,Alfa Romeo,16.0,2.0,HARD,4.0,True,14.0,41,120.909,5222.464,5101.555,19.4,33.8,61.0,False,False,False,False,True,False,True,False,False,False,False
ZHO,24,Alfa Romeo,17.0,2.0,HARD,5.0,True,14.0,1,79.911,5302.375,5222.464,19.4,33.1,60.0,False,False,False,False,False,False,False,False,False,True,False
ZHO,24,Alfa Romeo,18.0,2.0,HARD,6.0,True,14.0,1,79.316,5381.691,5302.375,19.4,33.0,61.0,False,False,False,False,False,False,False,False,False,True,False
ZHO,24,Alfa Romeo,19.0,2.0,HARD,7.0,True,14.0,1,78.036,5459.727,5381.691,19.3,32.3,61.0,False,False,False,False,False,False,False,False,False,True,False
ZHO,24,Alfa Romeo,20.0,2.0,HARD,8.0,True,14.0,1,78.76,5538.487,5459.727,19.0,31.3,62.0,False,False,False,False,False,False,False,False,False,True,False
ZHO,24,Alfa Romeo,21.0,2.0,HARD,9.0,True,14.0,1,78.793,5617.28,5538.487,18.9,31.3,62.0,False,False,False,False,False,False,False,False,False,True,False
ZHO,24,Alfa Romeo,22.0,2.0,HARD,10.0,True,14.0,1,78.385,5695.665,5617.28,18.9,31.3,62.0,False,False,False,False,False,False,False,False,False,True,False
ZHO,24,Alfa Romeo,23.0,2.0,HARD,11.0,True,14.0,1,78.673,5774.338,5695.665,18.8,30.8,64.0,False,False,False,False,False,False,False,False,False,True,False
ZHO,24,Alfa Romeo,24.0,2.0,HARD,12.0,True,14.0,1,78.359,5852.697,5774.338,18.8,30.5,64.0,False,False,False,False,False,False,False,False,False,True,False
ZHO,24,Alfa Romeo,25.0,2.0,HARD,13.0,True,14.0,1,78.584,5931.281,5852.697,18.9,30.5,64.0,False,False,False,False,False,False,False,False,False,True,False
ZHO,24,Alfa Romeo,26.0,2.0,HARD,14.0,True,14.0,1,78.734,6010.015,5931.281,18.9,31.6,64.0,False,False,False,False,False,False,False,False,False,True,False
ZHO,24,Alfa Romeo,27.0,2.0,HARD,15.0,True,14.0,1,78.448,6088.463,6010.015,19.0,31.2,62.0,False,False,False,False,False,False,False,False,False,True,False
ZHO,24,Alfa Romeo,28.0,2.0,HARD,16.0,True,14.0,12,78.322,6166.785,6088.463,19.0,31.2,62.0,False,False,False,False,False,False,True,False,False,False,False
ZHO,24,Alfa Romeo,29.0,2.0,HARD,17.0,True,14.0,1,78.94,6245.725,6166.785,19.1,29.8,62.0,False,False,False,False,False,False,False,False,False,True,False
ZHO,24,Alfa Romeo,30.0,2.0,HARD,18.0,True,14.0,1,78.634,6324.359,6245.725,19.1,29.5,63.0,False,False,False,False,False,False,False,False,False,True,False
ZHO,24,Alfa Romeo,31.0,2.0,HARD,19.0,True,14.0,1,78.441,6402.8,6324.359,19.1,29.5,63.0,False,False,False,False,False,False,False,False,False,True,False
ZHO,24,Alfa Romeo,32.0,2.0,HARD,20.0,True,19.0,1,98.634,6501.434,6402.8,19.0,30.5,63.0,False,True,False,False,True,False,False,False,False,False,False
ZHO,24,Alfa Romeo,33.0,3.0,HARD,1.0,True,19.0,1,81.363,6582.797,6501.434,19.1,30.7,64.0,False,False,True,False,True,False,False,False,False,False,False
ZHO,24,Alfa Romeo,34.0,3.0,HARD,2.0,True,19.0,12,78.009,6660.806,6582.797,19.4,32.3,61.0,False,False,False,False,False,False,True,False,False,False,False
ZHO,24,Alfa Romeo,35.0,3.0,HARD,3.0,True,17.0,21,78.402,6739.208,6660.806,19.5,32.3,61.0,False,False,False,False,False,False,True,False,False,False,False
ZHO,24,Alfa Romeo,36.0,3.0,HARD,4.0,True,17.0,1,78.055,6817.263,6739.208,19.4,32.3,61.0,False,False,False,False,False,False,False,False,False,True,False
ZHO,24,Alfa Romeo,37.0,3.0,HARD,5.0,True,17.0,1,77.836,6895.099,6817.263,19.4,32.3,61.0,False,False,False,False,False,False,False,False,False,True,False
ZHO,24,Alfa Romeo,38.0,3.0,HARD,6.0,True,17.0,1,77.634,6972.733,6895.099,19.3,31.6,62.0,False,False,False,False,False,False,False,False,False,True,False
ZHO,24,Alfa Romeo,39.0,3.0,HARD,7.0,True,17.0,1,77.219,7049.952,6972.733,19.3,31.6,62.0,False,False,False,False,False,False,False,False,False,True,False
ZHO,24,Alfa Romeo,40.0,3.0,HARD,8.0,True,17.0,1,77.8,7127.752,7049.952,19.4,31.6,62.0,False,False,False,False,False,False,False,False,False,True,False
ZHO,24,Alfa Romeo,41.0,3.0,HARD,9.0,True,17.0,1,77.431,7205.183,7127.752,19.3,31.7,61.0,False,False,False,False,False,False,False,False,False,True,False
ZHO,24,Alfa Romeo,42.0,3.0,HARD,10.0,True,17.0,1,79.675,7284.858,7205.183,19.4,31.8,60.0,False,False,False,False,False,False,False,False,True,False,False
ZHO,24,Alfa Romeo,43.0,3.0,HARD,11.0,True,17.0,1,78.558,7363.416,7284.858,19.3,31.4,61.0,False,False,False,False,False,False,False,False,False,True,False
ZHO,24,Alfa Romeo,44.0,3.0,HARD,12.0,True,17.0,1,77.694,7441.11,7363.416,19.1,30.8,62.0,False,False,False,False,False,False,False,False,False,True,False
ZHO,24,Alfa Romeo,45.0,3.0,HARD,13.0,True,17.0,1,77.575,7518.685,7441.11,19.1,30.7,64.0,False,False,False,False,False,False,False,False,False,True,False
ZHO,24,Alfa Romeo,46.0,3.0,HARD,14.0,True,17.0,1,77.141,7595.826,7518.685,19.1,30.7,64.0,False,False,False,False,False,False,False,False,False,True,False
ZHO,24,Alfa Romeo,47.0,3.0,HARD,15.0,True,17.0,1,77.373,7673.199,7595.826,19.2,30.8,63.0,False,False,False,False,False,False,False,False,False,True,False
ZHO,24,Alfa Romeo,48.0,3.0,HARD,16.0,True,17.0,1,77.366,7750.565,7673.199,19.1,30.4,61.0,False,False,False,False,False,False,False,False,False,True,False
ZHO,24,Alfa Romeo,49.0,3.0,HARD,17.0,True,17.0,1,77.412,7827.977,7750.565,19.2,30.2,62.0,False,False,False,False,False,False,False,False,False,True,False
ZHO,24,Alfa Romeo,50.0,3.0,HARD,18.0,True,17.0,1,77.249,7905.226,7827.977,19.1,29.9,62.0,False,False,False,False,False,False,False,False,False,True,False
ZHO,24,Alfa Romeo,51.0,3.0,HARD,19.0,True,17.0,1,77.503,7982.729,7905.226,19.1,29.3,63.0,False,False,False,False,False,False,False,False,False,True,False
ZHO,24,Alfa Romeo,52.0,3.0,HARD,20.0,True,17.0,1,77.354,8060.083,7982.729,19.1,29.1,63.0,False,False,False,False,False,False,False,False,False,True,False
ZHO,24,Alfa Romeo,53.0,3.0,HARD,21.0,True,17.0,1,77.236,8137.319,8060.083,19.0,29.1,64.0,False,False,False,False,False,False,False,False,False,True,False
ZHO,24,Alfa Romeo,54.0,3.0,HARD,22.0,True,17.0,1,77.404,8214.723,8137.319,19.0,29.1,64.0,False,False,False,False,False,False,False,False,False,True,False
ZHO,24,Alfa Romeo,55.0,3.0,HARD,23.0,True,16.0,1,77.523,8292.246,8214.723,19.0,29.2,64.0,False,False,False,False,False,False,False,False,False,True,False
ZHO,24,Alfa Romeo,56.0,3.0,HARD,24.0,True,16.0,1,77.311,8369.557,8292.246,19.1,29.2,63.0,False,False,False,False,False,False,False,False,False,True,False
ZHO,24,Alfa Romeo,57.0,3.0,HARD,25.0,True,16.0,1,77.237,8446.794,8369.557,19.0,29.3,63.0,False,False,False,False,False,False,False,False,False,True,False
ZHO,24,Alfa Romeo,58.0,3.0,HARD,26.0,True,16.0,1,77.09,8523.884,8446.794,19.0,29.3,63.0,False,False,False,False,False,False,False,False,False,True,False
ZHO,24,Alfa Romeo,59.0,3.0,HARD,27.0,True,16.0,1,77.196,8601.08,8523.884,19.0,29.3,63.0,False,False,False,False,False,False,False,False,False,True,False
ZHO,24,Alfa Romeo,60.0,3.0,HARD,28.0,True,16.0,1,77.227,8678.307,8601.08,19.1,29.2,63.0,False,False,False,False,False,False,False,False,False,True,False
ZHO,24,Alfa Romeo,61.0,3.0,HARD,29.0,True,16.0,1,78.766,8757.073,8678.307,19.1,29.2,63.0,False,False,False,False,False,False,False,False,False,True,False
ZHO,24,Alfa Romeo,62.0,3.0,HARD,30.0,True,16.0,1,77.205,8834.278,8757.073,19.1,29.1,63.0,False,False,False,False,False,False,False,False,False,True,False
ZHO,24,Alfa Romeo,63.0,3.0,HARD,31.0,True,16.0,1,77.721,8911.999,8834.278,19.2,29.7,63.0,False,False,False,False,False,False,False,False,False,True,False
ZHO,24,Alfa Romeo,64.0,3.0,HARD,32.0,True,16.0,1,77.508,8989.507,8911.999,19.3,29.8,62.0,False,False,False,False,False,False,False,False,False,True,False
ZHO,24,Alfa Romeo,65.0,3.0,HARD,33.0,True,16.0,1,78.724,9068.231,8989.507,19.3,29.5,62.0,False,False,False,False,False,False,False,False,False,True,False
ZHO,24,Alfa Romeo,66.0,3.0,HARD,34.0,True,16.0,1,78.688,9146.919,9068.231,19.3,29.4,61.0,False,False,False,False,False,False,False,False,False,True,False
ZHO,24,Alfa Romeo,67.0,3.0,HARD,35.0,True,16.0,1,79.04,9225.959,9146.919,19.2,29.3,61.0,False,False,False,False,False,False,False,False,False,True,False
ZHO,24,Alfa Romeo,68.0,3.0,HARD,36.0,True,16.0,1,77.447,9303.406,9225.959,19.2,29.4,63.0,False,False,False,False,False,False,False,False,False,True,False
ZHO,24,Alfa Romeo,69.0,3.0,HARD,37.0,True,16.0,1,78.04,9381.446,9303.406,19.1,29.4,61.0,False,False,False,False,False,False,False,False,False,True,False
HUL,27,Haas F1 Team,1.0,1.0,MEDIUM,1.0,True,6.0,1,87.105,3812.826,3725.478,18.3,32.2,64.0,False,False,False,False,True,False,False,False,False,False,False
HUL,27,Haas F1 Team,2.0,1.0,MEDIUM,2.0,True,6.0,1,79.51,3892.336,3812.826,18.3,32.5,64.0,False,False,False,False,False,False,False,False,False,True,False
HUL,27,Haas F1 Team,3.0,1.0,MEDIUM,3.0,True,6.0,1,78.703,3971.039,3892.336,18.5,32.5,63.0,False,False,False,False,False,False,False,False,False,True,False
HUL,27,Haas F1 Team,4.0,1.0,MEDIUM,4.0,True,6.0,1,78.696,4049.735,3971.039,18.4,31.4,64.0,False,False,False,False,False,False,False,False,False,True,False
HUL,27,Haas F1 Team,5.0,1.0,MEDIUM,5.0,True,6.0,1,78.471,4128.206,4049.735,18.5,31.1,65.0,False,False,False,False,False,False,False,False,False,True,False
HUL,27,Haas F1 Team,6.0,1.0,MEDIUM,6.0,True,6.0,1,78.726,4206.932,4128.206,18.5,30.8,62.0,False,False,False,False,False,False,False,False,False,True,False
HUL,27,Haas F1 Team,7.0,1.0,MEDIUM,7.0,True,7.0,12,80.594,4287.526,4206.932,18.5,30.8,62.0,False,False,False,False,False,False,True,False,False,False,False
HUL,27,Haas F1 Team,8.0,1.0,MEDIUM,8.0,True,7.0,2671,93.225,4380.751,4287.526,18.6,31.1,63.0,False,False,False,False,True,False,True,False,False,False,False
HUL,27,Haas F1 Team,9.0,1.0,MEDIUM,9.0,True,7.0,1,78.866,4459.617,4380.751,18.7,31.6,61.0,False,False,False,False,False,False,False,False,False,True,False
HUL,27,Haas F1 Team,10.0,1.0,MEDIUM,10.0,True,7.0,1,79.083,4538.7,4459.617,18.7,31.9,61.0,False,False,False,False,False,False,False,False,False,True,False
HUL,27,Haas F1 Team,11.0,1.0,MEDIUM,11.0,True,15.0,1,95.932,4634.632,4538.7,18.7,31.6,62.0,False,True,False,False,True,False,False,False,False,False,False
HUL,27,Haas F1 Team,12.0,2.0,HARD,1.0,True,15.0,124,101.519,4736.151,4634.632,18.8,32.8,63.0,False,False,True,False,True,False,True,False,False,False,False
HUL,27,Haas F1 Team,13.0,2.0,HARD,2.0,True,15.0,4,124.074,4860.225,4736.151,19.0,34.1,61.0,False,False,False,False,True,False,True,False,False,False,False
HUL,27,Haas F1 Team,14.0,2.0,HARD,3.0,True,15.0,4,126.389,4986.614,4860.225,19.2,34.0,60.0,False,False,False,False,True,False,True,False,False,False,False
HUL,27,Haas F1 Team,15.0,2.0,HARD,4.0,True,15.0,4,116.87,5103.484,4986.614,19.4,34.2,60.0,False,False,False,False,True,False,True,False,False,False,False
HUL,27,Haas F1 Team,16.0,2.0,HARD,5.0,True,15.0,41,119.366,5222.85,5103.484,19.4,33.8,61.0,False,False,False,False,True,False,True,False,False,False,False
HUL,27,Haas F1 Team,17.0,2.0,HARD,6.0,True,15.0,1,80.153,5303.003,5222.85,19.4,33.1,60.0,False,False,False,False,False,False,False,False,False,True,False
HUL,27,Haas F1 Team,18.0,2.0,HARD,7.0,True,15.0,1,79.371,5382.374,5303.003,19.4,33.0,61.0,False,False,False,False,False,False,False,False,False,True,False
HUL,27,Haas F1 Team,19.0,2.0,HARD,8.0,True,15.0,1,78.199,5460.573,5382.374,19.2,31.3,62.0,False,False,False,False,False,False,False,False,False,True,False
HUL,27,Haas F1 Team,20.0,2.0,HARD,9.0,True,15.0,1,78.555,5539.128,5460.573,19.0,31.3,62.0,False,False,False,False,False,False,False,False,False,True,False
HUL,27,Haas F1 Team,21.0,2.0,HARD,10.0,True,15.0,1,78.786,5617.914,5539.128,18.9,31.3,62.0,False,False,False,False,False,False,False,False,False,True,False
HUL,27,Haas F1 Team,22.0,2.0,HARD,11.0,True,15.0,1,78.348,5696.262,5617.914,18.9,31.3,62.0,False,False,False,False,False,False,False,False,False,True,False
HUL,27,Haas F1 Team,23.0,2.0,HARD,12.0,True,15.0,1,78.695,5774.957,5696.262,18.8,30.8,64.0,False,False,False,False,False,False,False,False,False,True,False
HUL,27,Haas F1 Team,24.0,2.0,HARD,13.0,True,15.0,1,78.391,5853.348,5774.957,18.8,30.5,64.0,False,False,False,False,False,False,False,False,False,True,False
HUL,27,Haas F1 Team,25.0,2.0,HARD,14.0,True,15.0,1,78.537,5931.885,5853.348,18.9,30.5,64.0,False,False,False,False,False,False,False,False,False,True,False
HUL,27,Haas F1 Team,26.0,2.0,HARD,15.0,True,15.0,1,78.69,6010.575,5931.885,18.9,31.6,64.0,False,False,False,False,False,False,False,False,False,True,False
HUL,27,Haas F1 Team,27.0,2.0,HARD,16.0,True,15.0,1,78.597,6089.172,6010.575,19.0,31.2,62.0,False,False,False,False,False,False,False,False,False,True,False
HUL,27,Haas F1 Team,28.0,2.0,HARD,17.0,True,15.0,12,78.49,6167.662,6089.172,19.0,31.2,62.0,False,False,False,False,False,False,True,False,False,False,False
HUL,27,Haas F1 Team,29.0,2.0,HARD,18.0,True,15.0,1,78.755,6246.417,6167.662,19.1,29.8,62.0,False,False,False,False,False,False,False,False,False,True,False
HUL,27,Haas F1 Team,30.0,2.0,HARD,19.0,True,15.0,1,78.564,6324.981,6246.417,19.1,29.5,63.0,False,False,False,False,False,False,False,False,False,True,False
HUL,27,Haas F1 Team,31.0,2.0,HARD,20.0,True,19.0,1,95.3,6420.281,6324.981,19.1,30.5,64.0,False,True,False,False,True,False,False,False,False,False,False
HUL,27,Haas F1 Team,32.0,3.0,HARD,1.0,True,18.0,1,79.532,6499.813,6420.281,19.0,30.5,63.0,False,False,True,False,True,False,False,False,False,False,False
HUL,27,Haas F1 Team,33.0,3.0,HARD,2.0,True,17.0,1,77.294,6577.107,6499.813,19.1,30.7,64.0,False,False,False,False,False,False,False,False,False,True,False
HUL,27,Haas F1 Team,34.0,3.0,HARD,3.0,True,16.0,1,77.692,6654.799,6577.107,19.1,31.3,62.0,False,False,False,False,False,False,False,False,False,True,False
HUL,27,Haas F1 Team,35.0,3.0,HARD,4.0,True,14.0,12,78.484,6733.283,6654.799,19.5,32.3,61.0,False,False,False,False,False,False,True,False,False,False,False
HUL,27,Haas F1 Team,36.0,3.0,HARD,5.0,True,14.0,1,77.306,6810.589,6733.283,19.4,32.3,61.0,False,False,False,False,False,False,False,False,False,True,False
HUL,27,Haas F1 Team,37.0,3.0,HARD,6.0,True,14.0,1,77.232,6887.821,6810.589,19.4,32.3,61.0,False,False,False,False,False,False,False,False,False,True,False
HUL,27,Haas F1 Team,38.0,3.0,HARD,7.0,True,14.0,1,77.889,6965.71,6887.821,19.3,31.6,62.0,False,False,False,False,False,False,False,False,False,True,False
HUL,27,Haas F1 Team,39.0,3.0,HARD,8.0,True,14.0,1,77.588,7043.298,6965.71,19.3,31.6,62.0,False,False,False,False,False,False,False,False,False,True,False
HUL,27,Haas F1 Team,40.0,3.0,HARD,9.0,True,14.0,1,78.104,7121.402,7043.298,19.4,31.6,62.0,False,False,False,False,False,False,False,False,False,True,False
HUL,27,Haas F1 Team,41.0,3.0,HARD,10.0,True,14.0,1,78.009,7199.411,7121.402,19.3,31.3,62.0,False,False,False,False,False,False,False,False,False,True,False
HUL,27,Haas F1 Team,42.0,3.0,HARD,11.0,True,14.0,1,77.718,7277.129,7199.411,19.4,31.8,60.0,False,False,False,False,False,False,False,False,False,True,False
HUL,27,Haas F1 Team,43.0,3.0,HARD,12.0,True,15.0,1,78.463,7355.592,7277.129,19.3,31.4,61.0,False,False,False,False,False,False,False,False,False,True,False
HUL,27,Haas F1 Team,44.0,3.0,HARD,13.0,True,15.0,1,77.961,7433.553,7355.592,19.1,30.9,61.0,False,False,False,False,False,False,False,False,False,True,False
HUL,27,Haas F1 Team,45.0,3.0,HARD,14.0,True,15.0,1,77.533,7511.086,7433.553,19.1,30.7,64.0,False,False,False,False,False,False,False,False,False,True,False
HUL,27,Haas F1 Team,46.0,3.0,HARD,15.0,True,15.0,1,77.379,7588.465,7511.086,19.1,30.7,64.0,False,False,False,False,False,False,False,False,False,True,False
HUL,27,Haas F1 Team,47.0,3.0,HARD,16.0,True,15.0,1,77.6,7666.065,7588.465,19.2,30.8,63.0,False,False,False,False,False,False,False,False,False,True,False
HUL,27,Haas F1 Team,48.0,3.0,HARD,17.0,True,16.0,1,77.959,7744.024,7666.065,19.1,30.4,61.0,False,False,False,False,False,False,False,False,False,True,False
HUL,27,Haas F1 Team,49.0,3.0,HARD,18.0,True,16.0,1,78.135,7822.159,7744.024,19.2,30.2,62.0,False,False,False,False,False,False,False,False,False,True,False
HUL,27,Haas F1 Team,50.0,3.0,HARD,19.0,True,16.0,1,78.019,7900.178,7822.159,19.1,29.9,62.0,False,False,False,False,False,False,False,False,False,True,False
HUL,27,Haas F1 Team,51.0,3.0,HARD,20.0,True,16.0,1,77.666,7977.844,7900.178,19.1,29.5,62.0,False,False,False,False,False,False,False,False,False,True,False
HUL,27,Haas F1 Team,52.0,3.0,HARD,21.0,True,16.0,1,77.906,8055.75,7977.844,19.1,29.1,63.0,False,False,False,False,False,False,False,False,False,True,False
HUL,27,Haas F1 Team,53.0,3.0,HARD,22.0,True,16.0,1,77.449,8133.199,8055.75,19.0,29.1,64.0,False,False,False,False,False,False,False,False,False,True,False
HUL,27,Haas F1 Team,54.0,3.0,HARD,23.0,True,16.0,1,78.491,8211.69,8133.199,19.0,29.1,64.0,False,False,False,False,False,False,False,False,False,True,False
HUL,27,Haas F1 Team,55.0,3.0,HARD,24.0,True,15.0,1,77.896,8289.586,8211.69,19.0,29.2,64.0,False,False,False,False,False,False,False,False,False,True,False
HUL,27,Haas F1 Team,56.0,3.0,HARD,25.0,True,15.0,1,77.498,8367.084,8289.586,19.1,29.2,63.0,False,False,False,False,False,False,False,False,False,True,False
HUL,27,Haas F1 Team,57.0,3.0,HARD,26.0,True,15.0,1,77.588,8444.672,8367.084,19.0,29.3,63.0,False,False,False,False,False,False,False,False,False,True,False
HUL,27,Haas F1 Team,58.0,3.0,HARD,27.0,True,15.0,1,77.376,8522.048,8444.672,19.0,29.3,63.0,False,False,False,False,False,False,False,False,False,True,False
HUL,27,Haas F1 Team,59.0,3.0,HARD,28.0,True,15.0,1,77.427,8599.475,8522.048,19.0,29.3,63.0,False,False,False,False,False,False,False,False,False,True,False
HUL,27,Haas F1 Team,60.0,3.0,HARD,29.0,True,15.0,1,77.474,8676.949,8599.475,19.1,29.2,63.0,False,False,False,False,False,False,False,False,False,True,False
HUL,27,Haas F1 Team,61.0,3.0,HARD,30.0,True,15.0,1,77.764,8754.713,8676.949,19.1,29.2,63.0,False,False,False,False,False,False,False,False,False,True,False
HUL,27,Haas F1 Team,62.0,3.0,HARD,31.0,True,15.0,1,79.143,8833.856,8754.713,19.1,29.1,63.0,False,False,False,False,False,False,False,False,False,True,False
HUL,27,Haas F1 Team,63.0,3.0,HARD,32.0,True,15.0,1,77.615,8911.471,8833.856,19.2,29.7,63.0,False,False,False,False,False,False,False,False,False,True,False
HUL,27,Haas F1 Team,64.0,3.0,HARD,33.0,True,15.0,1,77.576,8989.047,8911.471,19.3,29.8,62.0,False,False,False,False,False,False,False,False,False,True,False
HUL,27,Haas F1 Team,65.0,3.0,HARD,34.0,True,15.0,1,78.148,9067.195,8989.047,19.3,29.5,62.0,False,False,False,False,False,False,False,False,False,True,False
HUL,27,Haas F1 Team,66.0,3.0,HARD,35.0,True,15.0,1,79.315,9146.51,9067.195,19.3,29.4,61.0,False,False,False,False,False,False,False,False,False,True,False
HUL,27,Haas F1 Team,67.0,3.0,HARD,36.0,True,15.0,1,78.976,9225.486,9146.51,19.2,29.3,61.0,False,False,False,False,False,False,False,False,False,True,False
HUL,27,Haas F1 Team,68.0,3.0,HARD,37.0,True,15.0,1,77.562,9303.048,9225.486,19.2,29.4,63.0,False,False,False,False,False,False,False,False,False,True,False
HUL,27,Haas F1 Team,69.0,3.0,HARD,38.0,True,15.0,1,77.964,9381.012,9303.048,19.1,29.4,61.0,False,False,False,False,False,False,False,False,False,True,False
OCO,31,Alpine,1.0,1.0,MEDIUM,1.0,True,5.0,1,86.367,3812.088,3725.478,18.3,32.2,64.0,False,False,False,False,True,False,False,False,False,False,False
OCO,31,Alpine,2.0,1.0,MEDIUM,2.0,True,5.0,1,79.331,3891.419,3812.088,18.3,32.5,64.0,False,False,False,False,False,False,False,False,False,True,False
OCO,31,Alpine,3.0,1.0,MEDIUM,3.0,True,5.0,1,78.462,3969.881,3891.419,18.5,32.5,63.0,False,False,False,False,False,False,False,False,False,True,False
OCO,31,Alpine,4.0,1.0,MEDIUM,4.0,True,5.0,1,78.494,4048.375,3969.881,18.4,31.4,64.0,False,False,False,False,False,False,False,False,False,True,False
OCO,31,Alpine,5.0,1.0,MEDIUM,5.0,True,5.0,1,78.419,4126.794,4048.375,18.5,31.1,65.0,False,False,False,False,False,False,False,False,False,True,False
OCO,31,Alpine,6.0,1.0,MEDIUM,6.0,True,5.0,1,78.462,4205.256,4126.794,18.5,30.8,62.0,False,False,False,False,False,False,False,False,False,True,False
OCO,31,Alpine,7.0,1.0,MEDIUM,7.0,True,5.0,12,78.441,4283.697,4205.256,18.5,30.8,62.0,False,False,False,False,False,False,True,False,False,False,False
OCO,31,Alpine,8.0,1.0,MEDIUM,8.0,True,5.0,2671,92.641,4376.338,4283.697,18.6,30.8,62.0,False,False,False,False,True,False,True,False,False,False,False
OCO,31,Alpine,9.0,1.0,MEDIUM,9.0,True,5.0,1,78.0,4454.338,4376.338,18.7,31.6,61.0,False,False,False,False,False,False,False,False,False,True,False
OCO,31,Alpine,10.0,1.0,MEDIUM,10.0,True,5.0,1,78.4,4532.738,4454.338,18.7,31.9,61.0,False,False,False,False,False,False,False,False,False,True,False
OCO,31,Alpine,11.0,1.0,MEDIUM,11.0,True,5.0,1,78.335,4611.073,4532.738,18.7,30.9,62.0,False,False,False,False,False,False,False,False,False,True,False
OCO,31,Alpine,12.0,1.0,MEDIUM,12.0,True,8.0,124,104.968,4716.041,4611.073,18.8,32.8,63.0,False,True,False,False,True,False,True,False,False,False,False
OCO,31,Alpine,13.0,2.0,HARD,1.0,True,9.0,4,135.376,4851.417,4716.041,19.0,33.0,61.0,False,False,True,False,True,False,True,False,False,False,False
OCO,31,Alpine,14.0,2.0,HARD,2.0,True,9.0,4,125.785,4977.202,4851.417,19.0,34.3,60.0,False,False,False,False,True,False,True,False,False,False,False
OCO,31,Alpine,15.0,2.0,HARD,3.0,True,9.0,4,114.063,5091.265,4977.202,19.3,34.0,60.0,False,False,False,False,True,False,True,False,False,False,False
OCO,31,Alpine,16.0,2.0,HARD,4.0,True,9.0,41,128.502,5219.767,5091.265,19.4,34.1,61.0,False,False,False,False,True,False,True,False,False,False,False
OCO,31,Alpine,17.0,2.0,HARD,5.0,True,9.0,1,80.127,5299.894,5219.767,19.4,33.1,60.0,False,False,False,False,False,False,False,False,False,True,False
OCO,31,Alpine,18.0,2.0,HARD,6.0,True,9.0,1,78.855,5378.749,5299.894,19.4,33.0,61.0,False,False,False,False,False,False,False,False,False,True,False
OCO,31,Alpine,19.0,2.0,HARD,7.0,True,8.0,1,77.984,5456.733,5378.749,19.3,32.3,61.0,False,False,False,False,False,False,False,False,False,True,False
OCO,31,Alpine,20.0,2.0,HARD,8.0,True,7.0,1,78.038,5534.771,5456.733,19.0,31.3,62.0,False,False,False,False,False,False,False,False,False,True,False
OCO,31,Alpine,21.0,2.0,HARD,9.0,True,7.0,1,77.951,5612.722,5534.771,18.9,31.3,62.0,False,False,False,False,False,False,False,False,False,True,False
OCO,31,Alpine,22.0,2.0,HARD,10.0,True,7.0,1,77.803,5690.525,5612.722,18.9,31.3,62.0,False,False,False,False,False,False,False,False,False,True,False
OCO,31,Alpine,23.0,2.0,HARD,11.0,True,7.0,1,77.847,5768.372,5690.525,18.8,30.8,64.0,False,False,False,False,False,False,False,False,False,True,False
OCO,31,Alpine,24.0,2.0,HARD,12.0,True,7.0,1,77.982,5846.354,5768.372,18.8,30.5,64.0,False,False,False,False,False,False,False,False,False,True,False
OCO,31,Alpine,25.0,2.0,HARD,13.0,True,7.0,1,77.747,5924.101,5846.354,18.9,30.5,64.0,False,False,False,False,False,False,False,False,False,True,False
OCO,31,Alpine,26.0,2.0,HARD,14.0,True,7.0,1,77.904,6002.005,5924.101,18.9,31.6,64.0,False,False,False,False,False,False,False,False,False,True,False
OCO,31,Alpine,27.0,2.0,HARD,15.0,True,7.0,1,77.971,6079.976,6002.005,19.0,31.2,62.0,False,False,False,False,False,False,False,False,False,True,False
OCO,31,Alpine,28.0,2.0,HARD,16.0,True,7.0,1,77.884,6157.86,6079.976,19.0,31.2,62.0,False,False,False,False,False,False,False,False,False,True,False
OCO,31,Alpine,29.0,2.0,HARD,17.0,True,7.0,12,77.937,6235.797,6157.86,19.1,30.4,61.0,False,False,False,False,False,False,True,False,False,False,False
OCO,31,Alpine,30.0,2.0,HARD,18.0,True,7.0,1,78.025,6313.822,6235.797,19.1,29.5,63.0,False,False,False,False,False,False,False,False,False,True,False
OCO,31,Alpine,31.0,2.0,HARD,19.0,True,7.0,1,77.861,6391.683,6313.822,19.1,29.5,63.0,False,False,False,False,False,False,False,False,False,True,False
OCO,31,Alpine,32.0,2.0,HARD,20.0,True,7.0,1,78.069,6469.752,6391.683,19.1,30.5,64.0,False,False,False,False,False,False,False,False,False,True,False
OCO,31,Alpine,33.0,2.0,HARD,21.0,True,7.0,1,78.029,6547.781,6469.752,19.1,30.7,64.0,False,False,False,False,False,False,False,False,False,True,False
OCO,31,Alpine,34.0,2.0,HARD,22.0,True,7.0,1,78.097,6625.878,6547.781,19.1,31.3,62.0,False,False,False,False,False,False,False,False,False,True,False
OCO,31,Alpine,35.0,2.0,HARD,23.0,True,7.0,12,78.236,6704.114,6625.878,19.4,32.3,61.0,False,False,False,False,False,False,True,False,False,False,False
OCO,31,Alpine,36.0,2.0,HARD,24.0,True,10.0,21,94.988,6799.102,6704.114,19.4,32.3,61.0,False,True,False,False,True,False,True,False,False,False,False
OCO,31,Alpine,37.0,3.0,HARD,1.0,True,9.0,1,80.851,6879.953,6799.102,19.4,32.3,61.0,False,False,True,False,True,False,False,False,False,False,False
OCO,31,Alpine,38.0,3.0,HARD,2.0,True,9.0,1,77.334,6957.287,6879.953,19.3,32.3,62.0,False,False,False,False,False,False,False,False,False,True,False
OCO,31,Alpine,39.0,3.0,HARD,3.0,True,9.0,1,77.173,7034.46,6957.287,19.3,31.6,62.0,False,False,False,False,False,False,False,False,False,True,False
OCO,31,Alpine,40.0,3.0,HARD,4.0,True,9.0,1,77.071,7111.531,7034.46,19.4,31.6,62.0,False,False,False,False,False,False,False,False,False,True,False
OCO,31,Alpine,41.0,3.0,HARD,5.0,True,9.0,1,77.074,7188.605,7111.531,19.3,31.3,62.0,False,False,False,False,False,False,False,False,False,True,False
OCO,31,Alpine,42.0,3.0,HARD,6.0,True,9.0,1,77.059,7265.664,7188.605,19.4,31.8,60.0,False,False,False,False,False,False,False,False,False,True,False
OCO,31,Alpine,43.0,3.0,HARD,7.0,True,9.0,1,77.13,7342.794,7265.664,19.3,31.4,61.0,False,False,False,False,False,False,False,False,False,True,False
OCO,31,Alpine,44.0,3.0,HARD,8.0,True,9.0,1,77.067,7419.861,7342.794,19.1,30.9,61.0,False,False,False,False,False,False,False,False,False,True,False
OCO,31,Alpine,45.0,3.0,HARD,9.0,True,9.0,1,76.869,7496.73,7419.861,19.1,30.8,62.0,False,False,False,False,False,False,False,False,False,True,False
OCO,31,Alpine,46.0,3.0,HARD,10.0,True,9.0,1,76.855,7573.585,7496.73,19.1,30.7,64.0,False,False,False,False,False,False,False,False,False,True,False
OCO,31,Alpine,47.0,3.0,HARD,11.0,True,9.0,1,76.972,7650.557,7573.585,19.2,30.8,63.0,False,False,False,False,False,False,False,False,False,True,False
OCO,31,Alpine,48.0,3.0,HARD,12.0,True,9.0,1,77.109,7727.666,7650.557,19.1,30.7,61.0,False,False,False,False,False,False,False,False,False,True,False
OCO,31,Alpine,49.0,3.0,HARD,13.0,True,9.0,1,77.392,7805.058,7727.666,19.2,30.2,62.0,False,False,False,False,False,False,False,False,False,True,False
OCO,31,Alpine,50.0,3.0,HARD,14.0,True,9.0,1,77.427,7882.485,7805.058,19.1,29.9,62.0,False,False,False,False,False,False,False,False,False,True,False
OCO,31,Alpine,51.0,3.0,HARD,15.0,True,9.0,1,77.339,7959.824,7882.485,19.1,29.5,62.0,False,False,False,False,False,False,False,False,False,True,False
OCO,31,Alpine,52.0,3.0,HARD,16.0,True,9.0,1,77.124,8036.948,7959.824,19.1,29.3,63.0,False,False,False,False,False,False,False,False,False,True,False
OCO,31,Alpine,53.0,3.0,HARD,17.0,True,9.0,1,77.16,8114.108,8036.948,19.0,29.1,64.0,False,False,False,False,False,False,False,False,False,True,False
OCO,31,Alpine,54.0,3.0,HARD,18.0,True,9.0,1,77.068,8191.176,8114.108,19.0,29.1,64.0,False,False,False,False,False,False,False,False,False,True,False
OCO,31,Alpine,55.0,3.0,HARD,19.0,True,8.0,1,77.056,8268.232,8191.176,19.0,29.1,63.0,False,False,False,False,False,False,False,False,False,True,False
OCO,31,Alpine,56.0,3.0,HARD,20.0,True,8.0,1,77.229,8345.461,8268.232,19.1,29.2,63.0,False,False,False,False,False,False,False,False,False,True,False
OCO,31,Alpine,57.0,3.0,HARD,21.0,True,8.0,1,77.057,8422.518,8345.461,19.0,29.3,63.0,False,False,False,False,False,False,False,False,False,True,False
OCO,31,Alpine,58.0,3.0,HARD,22.0,True,8.0,1,77.266,8499.784,8422.518,19.0,29.3,64.0,False,False,False,False,False,False,False,False,False,True,False
OCO,31,Alpine,59.0,3.0,HARD,23.0,True,8.0,1,77.127,8576.911,8499.784,19.0,29.3,63.0,False,False,False,False,False,False,False,False,False,True,False
OCO,31,Alpine,60.0,3.0,HARD,24.0,True,8.0,1,77.272,8654.183,8576.911,19.1,29.2,63.0,False,False,False,False,False,False,False,False,False,True,False
OCO,31,Alpine,61.0,3.0,HARD,25.0,True,8.0,1,77.235,8731.418,8654.183,19.1,29.2,63.0,False,False,False,False,False,False,False,False,False,True,False
OCO,31,Alpine,62.0,3.0,HARD,26.0,True,8.0,1,77.037,8808.455,8731.418,19.1,29.1,63.0,False,False,False,False,False,False,False,False,False,True,False
OCO,31,Alpine,63.0,3.0,HARD,27.0,True,8.0,1,76.782,8885.237,8808.455,19.2,29.7,63.0,False,False,False,False,False,False,False,False,False,True,False
OCO,31,Alpine,64.0,3.0,HARD,28.0,True,8.0,1,77.271,8962.508,8885.237,19.3,29.8,62.0,False,False,False,False,False,False,False,False,False,True,False
OCO,31,Alpine,65.0,3.0,HARD,29.0,True,8.0,1,77.091,9039.599,8962.508,19.3,29.7,61.0,False,False,False,False,False,False,False,False,False,True,False
OCO,31,Alpine,66.0,3.0,HARD,30.0,True,8.0,1,77.31,9116.909,9039.599,19.3,29.5,62.0,False,False,False,False,False,False,False,False,False,True,False
OCO,31,Alpine,67.0,3.0,HARD,31.0,True,8.0,1,77.28,9194.189,9116.909,19.2,29.3,61.0,False,False,False,False,False,False,False,False,False,True,False
OCO,31,Alpine,68.0,3.0,HARD,32.0,True,8.0,1,76.819,9271.008,9194.189,19.3,29.3,62.0,False,False,False,False,False,False,False,False,False,True,False
OCO,31,Alpine,69.0,3.0,HARD,33.0,True,8.0,1,77.073,9348.081,9271.008,19.2,29.4,63.0,False,False,False,False,False,False,False,False,False,True,False
OCO,31,Alpine,70.0,3.0,HARD,34.0,True,8.0,1,77.68,9425.761,9348.081,19.1,29.4,61.0,False,False,False,False,False,False,False,False,False,True,False
NOR,4,McLaren,1.0,1.0,MEDIUM,1.0,True,8.0,1,88.099,3813.82,3725.478,18.3,32.2,64.0,False,False,False,False,True,False,False,False,False,False,False
NOR,4,McLaren,2.0,1.0,MEDIUM,2.0,True,8.0,1,79.916,3893.736,3813.82,18.3,32.5,64.0,False,False,False,False,False,False,False,False,False,True,False
NOR,4,McLaren,3.0,1.0,MEDIUM,3.0,True,8.0,1,78.491,3972.227,3893.736,18.5,32.5,63.0,False,False,False,False,False,False,False,False,False,True,False
NOR,4,McLaren,4.0,1.0,MEDIUM,4.0,True,8.0,1,78.782,4051.009,3972.227,18.4,31.4,64.0,False,False,False,False,False,False,False,False,False,True,False
NOR,4,McLaren,5.0,1.0,MEDIUM,5.0,True,8.0,1,78.33,4129.339,4051.009,18.5,31.1,65.0,False,False,False,False,False,False,False,False,False,True,False
NOR,4,McLaren,6.0,1.0,MEDIUM,6.0,True,8.0,1,78.713,4208.052,4129.339,18.5,30.8,62.0,False,False,False,False,False,False,False,False,False,True,False
NOR,4,McLaren,7.0,1.0,MEDIUM,7.0,True,8.0,12,79.697,4287.749,4208.052,18.5,30.8,62.0,False,False,False,False,False,False,True,False,False,False,False
NOR,4,McLaren,8.0,1.0,MEDIUM,8.0,True,8.0,2671,93.402,4381.151,4287.749,18.6,31.1,63.0,False,False,False,False,True,False,True,False,False,False,False
NOR,4,McLaren,9.0,1.0,MEDIUM,9.0,True,8.0,1,78.58,4459.731,4381.151,18.7,31.6,61.0,False,False,False,False,False,False,False,False,False,True,False
NOR,4,McLaren,10.0,1.0,MEDIUM,10.0,True,8.0,1,79.405,4539.136,4459.731,18.7,31.9,61.0,False,False,False,False,False,False,False,False,False,True,False
NOR,4,McLaren,11.0,1.0,MEDIUM,11.0,True,7.0,1,78.491,4617.627,4539.136,18.7,30.9,62.0,False,False,False,False,False,False,False,False,False,True,False
NOR,4,McLaren,12.0,1.0,MEDIUM,12.0,True,11.0,124,111.157,4728.784,4617.627,18.8,32.8,63.0,False,True,False,False,True,False,True,False,False,False,False
NOR,4,McLaren,13.0,2.0,HARD,1.0,True,11.0,4,125.08,4853.864,4728.784,19.0,33.0,61.0,False,False,True,False,True,False,True,False,False,False,False
NOR,4,McLaren,14.0,2.0,HARD,2.0,True,11.0,4,126.4,4980.264,4853.864,19.2,34.0,60.0,False,False,False,False,True,False,True,False,False,False,False
NOR,4,McLaren,15.0,2.0,HARD,3.0,True,11.0,4,114.368,5094.632,4980.264,19.3,34.0,60.0,False,False,False,False,True,False,True,False,False,False,False
NOR,4,McLaren,16.0,2.0,HARD,4.0,True,11.0,41,126.06,5220.692,5094.632,19.4,33.8,61.0,False,False,False,False,True,False,True,False,False,False,False
NOR,4,McLaren,17.0,2.0,HARD,5.0,True,10.0,1,80.066,5300.758,5220.692,19.4,33.1,60.0,False,False,False,False,False,False,False,False,False,True,False
NOR,4,McLaren,18.0,2.0,HARD,6.0,True,10.0,1,78.706,5379.464,5300.758,19.4,33.0,61.0,False,False,False,False,False,False,False,False,False,True,False
NOR,4,McLaren,19.0,2.0,HARD,7.0,True,10.0,1,78.075,5457.539,5379.464,19.3,32.3,61.0,False,False,False,False,False,False,False,False,False,True,False
NOR,4,McLaren,20.0,2.0,HARD,8.0,True,10.0,1,78.544,5536.083,5457.539,19.0,31.3,62.0,False,False,False,False,False,False,False,False,False,True,False
NOR,4,McLaren,21.0,2.0,HARD,9.0,True,9.0,1,78.406,5614.489,5536.083,18.9,31.3,62.0,False,False,False,False,False,False,False,False,False,True,False
NOR,4,McLaren,22.0,2.0,HARD,10.0,True,9.0,1,77.979,5692.468,5614.489,18.9,31.3,62.0,False,False,False,False,False,False,False,False,False,True,False
NOR,4,McLaren,23.0,2.0,HARD,11.0,True,9.0,1,77.896,5770.364,5692.468,18.8,30.8,64.0,False,False,False,False,False,False,False,False,False,True,False
NOR,4,McLaren,24.0,2.0,HARD,12.0,True,9.0,1,77.908,5848.272,5770.364,18.8,30.5,64.0,False,False,False,False,False,False,False,False,False,True,False
NOR,4,McLaren,25.0,2.0,HARD,13.0,True,9.0,1,77.821,5926.093,5848.272,18.9,30.5,64.0,False,False,False,False,False,False,False,False,False,True,False
NOR,4,McLaren,26.0,2.0,HARD,14.0,True,9.0,1,78.108,6004.201,5926.093,18.9,31.6,64.0,False,False,False,False,False,False,False,False,False,True,False
NOR,4,McLaren,27.0,2.0,HARD,15.0,True,9.0,1,78.102,6082.303,6004.201,19.0,31.2,62.0,False,False,False,False,False,False,False,False,False,True,False
NOR,4,McLaren,28.0,2.0,HARD,16.0,True,9.0,12,78.137,6160.44,6082.303,19.0,31.2,62.0,False,False,False,False,False,False,True,False,False,False,False
NOR,4,McLaren,29.0,2.0,HARD,17.0,True,9.0,21,77.973,6238.413,6160.44,19.1,30.4,61.0,False,False,False,False,False,False,True,False,False,False,False
NOR,4,McLaren,30.0,2.0,HARD,18.0,True,9.0,1,78.547,6316.96,6238.413,19.1,29.5,63.0,False,False,False,False,False,False,False,False,False,True,False
NOR,4,McLaren,31.0,2.0,HARD,19.0,True,9.0,1,78.246,6395.206,6316.96,19.1,29.5,63.0,False,False,False,False,False,False,False,False,False,True,False
NOR,4,McLaren,32.0,2.0,HARD,20.0,True,9.0,1,78.478,6473.684,6395.206,19.1,30.5,64.0,False,False,False,False,False,False,False,False,False,True,False
NOR,4,McLaren,33.0,2.0,HARD,21.0,True,9.0,1,78.473,6552.157,6473.684,19.1,30.7,64.0,False,False,False,False,False,False,False,False,False,True,False
NOR,4,McLaren,34.0,2.0,HARD,22.0,True,9.0,1,78.487,6630.644,6552.157,19.1,31.3,62.0,False,False,False,False,False,False,False,False,False,True,False
NOR,4,McLaren,35.0,2.0,HARD,23.0,True,12.0,12,93.992,6724.636,6630.644,19.5,32.3,61.0,False,True,False,False,True,False,True,False,False,False,False
NOR,4,McLaren,36.0,3.0,HARD,2.0,False,12.0,1,80.153,6804.789,6724.636,19.4,32.3,61.0,False,False,True,False,True,False,False,False,False,False,False
NOR,4,McLaren,37.0,3.0,HARD,3.0,False,11.0,1,77.03,6881.819,6804.789,19.4,32.3,61.0,False,False,False,False,False,False,False,False,False,True,False
NOR,4,McLaren,38.0,3.0,HARD,4.0,False,11.0,1,77.462,6959.281,6881.819,19.3,32.3,62.0,False,False,False,False,False,False,False,False,False,True,False
NOR,4,McLaren,39.0,3.0,HARD,5.0,False,11.0,1,77.843,7037.124,6959.281,19.3,31.6,62.0,False,False,False,False,False,False,False,False,False,True,False
NOR,4,McLaren,40.0,3.0,HARD,6.0,False,11.0,1,77.281,7114.405,7037.124,19.4,31.6,62.0,False,False,False,False,False,False,False,False,False,True,False
NOR,4,McLaren,41.0,3.0,HARD,7.0,False,11.0,1,77.13,7191.535,7114.405,19.3,31.3,62.0,False,False,False,False,False,False,False,False,False,True,False
NOR,4,McLaren,42.0,3.0,HARD,8.0,False,11.0,1,77.05,7268.585,7191.535,19.4,31.8,60.0,False,False,False,False,False,False,False,False,False,True,False
NOR,4,McLaren,43.0,3.0,HARD,9.0,False,11.0,1,77.021,7345.606,7268.585,19.3,31.4,61.0,False,False,False,False,False,False,False,False,False,True,False
NOR,4,McLaren,44.0,3.0,HARD,10.0,False,11.0,1,77.014,7422.62,7345.606,19.1,30.9,61.0,False,False,False,False,False,False,False,False,False,True,False
NOR,4,McLaren,45.0,3.0,HARD,11.0,False,11.0,1,76.968,7499.588,7422.62,19.1,30.8,62.0,False,False,False,False,False,False,False,False,False,True,False
NOR,4,McLaren,46.0,3.0,HARD,12.0,False,11.0,1,76.699,7576.287,7499.588,19.1,30.7,64.0,False,False,False,False,False,False,False,False,False,True,False
NOR,4,McLaren,47.0,3.0,HARD,13.0,False,11.0,1,76.92,7653.207,7576.287,19.2,30.8,63.0,False,False,False,False,False,False,False,False,False,True,False
NOR,4,McLaren,48.0,3.0,HARD,14.0,False,11.0,1,77.088,7730.295,7653.207,19.1,30.7,61.0,False,False,False,False,False,False,False,False,False,True,False
NOR,4,McLaren,49.0,3.0,HARD,15.0,False,11.0,1,76.984,7807.279,7730.295,19.2,30.2,62.0,False,False,False,False,False,False,False,False,False,True,False
NOR,4,McLaren,50.0,3.0,HARD,16.0,False,11.0,1,76.53,7883.809,7807.279,19.1,29.9,62.0,False,False,False,False,False,False,False,False,False,True,False
NOR,4,McLaren,51.0,3.0,HARD,17.0,False,11.0,1,77.2,7961.009,7883.809,19.1,29.5,62.0,False,False,False,False,False,False,False,False,False,True,False
NOR,4,McLaren,52.0,3.0,HARD,18.0,False,11.0,1,76.978,8037.987,7961.009,19.1,29.3,63.0,False,False,False,False,False,False,False,False,False,True,False
NOR,4,McLaren,53.0,3.0,HARD,19.0,False,11.0,1,77.019,8115.006,8037.987,19.0,29.1,64.0,False,False,False,False,False,False,False,False,False,True,False
NOR,4,McLaren,54.0,3.0,HARD,20.0,False,11.0,1,77.229,8192.235,8115.006,19.0,29.1,64.0,False,False,False,False,False,False,False,False,False,True,False
NOR,4,McLaren,55.0,3.0,HARD,21.0,False,10.0,1,77.092,8269.327,8192.235,19.0,29.1,63.0,False,False,False,False,False,False,False,False,False,True,False
NOR,4,McLaren,56.0,3.0,HARD,22.0,False,10.0,1,77.006,8346.333,8269.327,19.1,29.2,63.0,False,False,False,False,False,False,False,False,False,True,False
NOR,4,McLaren,57.0,3.0,HARD,23.0,False,10.0,1,77.008,8423.341,8346.333,19.0,29.3,63.0,False,False,False,False,False,False,False,False,False,True,False
NOR,4,McLaren,58.0,3.0,HARD,24.0,False,10.0,1,77.426,8500.767,8423.341,19.0,29.3,64.0,False,False,False,False,False,False,False,False,False,True,False
NOR,4,McLaren,59.0,3.0,HARD,25.0,False,10.0,1,76.885,8577.652,8500.767,19.0,29.3,63.0,False,False,False,False,False,False,False,False,False,True,False
NOR,4,McLaren,60.0,3.0,HARD,26.0,False,10.0,1,77.155,8654.807,8577.652,19.1,29.2,63.0,False,False,False,False,False,False,False,False,False,True,False
NOR,4,McLaren,61.0,3.0,HARD,27.0,False,10.0,1,77.329,8732.136,8654.807,19.1,29.2,63.0,False,False,False,False,False,False,False,False,False,True,False
NOR,4,McLaren,62.0,3.0,HARD,28.0,False,10.0,1,77.217,8809.353,8732.136,19.1,29.1,63.0,False,False,False,False,False,False,False,False,False,True,False
NOR,4,McLaren,63.0,3.0,HARD,29.0,False,9.0,1,77.304,8886.657,8809.353,19.2,29.7,63.0,False,False,False,False,False,False,False,False,False,True,False
NOR,4,McLaren,64.0,3.0,HARD,30.0,False,9.0,1,76.982,8963.639,8886.657,19.3,29.8,62.0,False,False,False,False,False,False,False,False,False,True,False
NOR,4,McLaren,65.0,3.0,HARD,31.0,False,9.0,1,76.374,9040.013,8963.639,19.3,29.7,61.0,False,False,False,False,False,False,False,False,False,True,False
NOR,4,McLaren,66.0,3.0,HARD,32.0,False,9.0,1,77.203,9117.216,9040.013,19.3,29.5,62.0,False,False,False,False,False,False,False,False,False,True,False
NOR,4,McLaren,67.0,3.0,HARD,33.0,False,9.0,1,77.204,9194.42,9117.216,19.2,29.3,61.0,False,False,False,False,False,False,False,False,False,True,False
NOR,4,McLaren,68.0,3.0,HARD,34.0,False,9.0,1,76.9,9271.32,9194.42,19.3,29.3,62.0,False,False,False,False,False,False,False,False,False,True,False
NOR,4,McLaren,69.0,3.0,HARD,35.0,False,9.0,1,77.072,9348.392,9271.32,19.2,29.4,63.0,False,False,False,False,False,False,False,False,False,True,False
NOR,4,McLaren,70.0,3.0,HARD,36.0,False,9.0,1,79.04,9427.432,9348.392,19.1,29.4,61.0,False,False,False,False,False,False,False,False,True,False,False
HAM,44,Mercedes,1.0,1.0,MEDIUM,1.0,True,2.0,1,83.978,3809.699,3725.478,18.3,32.2,64.0,False,False,False,False,True,False,False,False,False,False,False
HAM,44,Mercedes,2.0,1.0,MEDIUM,2.0,True,2.0,1,78.397,3888.096,3809.699,18.3,32.5,64.0,False,False,False,False,False,False,False,False,False,True,False
HAM,44,Mercedes,3.0,1.0,MEDIUM,3.0,True,2.0,1,77.732,3965.828,3888.096,18.5,32.5,63.0,False,False,False,False,False,False,False,False,False,True,False
HAM,44,Mercedes,4.0,1.0,MEDIUM,4.0,True,2.0,1,77.558,4043.386,3965.828,18.4,31.4,64.0,False,False,False,False,False,False,False,False,False,True,False
HAM,44,Mercedes,5.0,1.0,MEDIUM,5.0,True,2.0,1,77.686,4121.072,4043.386,18.5,31.1,65.0,False,False,False,False,False,False,False,False,False,True,False
HAM,44,Mercedes,6.0,1.0,MEDIUM,6.0,True,2.0,1,77.78,4198.852,4121.072,18.5,30.8,62.0,False,False,False,False,False,False,False,False,False,True,False
HAM,44,Mercedes,7.0,1.0,MEDIUM,7.0,True,2.0,12,77.955,4276.807,4198.852,18.5,30.8,62.0,False,False,False,False,False,False,True,False,False,False,False
HAM,44,Mercedes,8.0,1.0,MEDIUM,8.0,True,2.0,2671,93.462,4370.269,4276.807,18.6,30.8,62.0,False,False,False,False,True,False,True,False,False,False,False
HAM,44,Mercedes,9.0,1.0,MEDIUM,9.0,True,2.0,1,77.616,4447.885,4370.269,18.7,31.6,61.0,False,False,False,False,False,False,False,False,False,True,False
HAM,44,Mercedes,10.0,1.0,MEDIUM,10.0,True,2.0,1,77.597,4525.482,4447.885,18.7,31.9,61.0,False,False,False,False,False,False,False,False,False,True,False
HAM,44,Mercedes,11.0,1.0,MEDIUM,11.0,True,2.0,1,77.692,4603.174,4525.482,18.7,30.9,62.0,False,False,False,False,False,False,False,False,False,True,False
HAM,44,Mercedes,12.0,1.0,MEDIUM,12.0,True,2.0,124,99.747,4702.921,4603.174,18.8,32.8,63.0,False,True,False,False,True,False,True,False,False,False,False
HAM,44,Mercedes,13.0,2.0,HARD,1.0,True,2.0,4,141.261,4844.182,4702.921,19.0,33.0,61.0,False,False,True,False,True,False,True,False,False,False,False
HAM,44,Mercedes,14.0,2.0,HARD,2.0,True,2.0,4,124.238,4968.42,4844.182,19.0,34.3,60.0,False,False,False,False,True,False,True,False,False,False,False
HAM,44,Mercedes,15.0,2.0,HARD,3.0,True,2.0,4,114.617,5083.037,4968.42,19.3,34.0,60.0,False,False,False,False,True,False,True,False,False,False,False
HAM,44,Mercedes,16.0,2.0,HARD,4.0,True,2.0,41,133.896,5216.933,5083.037,19.4,34.1,61.0,False,False,False,False,True,False,True,False,False,False,False
HAM,44,Mercedes,17.0,2.0,HARD,5.0,True,2.0,1,77.873,5294.806,5216.933,19.4,33.1,60.0,False,False,False,False,False,False,False,False,False,True,False
HAM,44,Mercedes,18.0,2.0,HARD,6.0,True,2.0,1,77.081,5371.887,5294.806,19.4,33.0,61.0,False,False,False,False,False,False,False,False,False,True,False
HAM,44,Mercedes,19.0,2.0,HARD,7.0,True,2.0,1,76.786,5448.673,5371.887,19.3,32.3,61.0,False,False,False,False,False,False,False,False,False,True,False
HAM,44,Mercedes,20.0,2.0,HARD,8.0,True,2.0,1,76.799,5525.472,5448.673,19.0,31.3,62.0,False,False,False,False,False,False,False,False,False,True,False
HAM,44,Mercedes,21.0,2.0,HARD,9.0,True,2.0,1,76.848,5602.32,5525.472,18.9,31.3,62.0,False,False,False,False,False,False,False,False,False,True,False
HAM,44,Mercedes,22.0,2.0,HARD,10.0,True,3.0,1,77.475,5679.795,5602.32,18.9,31.3,62.0,False,False,False,False,False,False,False,False,False,True,False
HAM,44,Mercedes,23.0,2.0,HARD,11.0,True,3.0,1,77.694,5757.489,5679.795,18.7,30.8,64.0,False,False,False,False,False,False,False,False,False,True,False
HAM,44,Mercedes,24.0,2.0,HARD,12.0,True,3.0,1,77.241,5834.73,5757.489,18.8,30.5,64.0,False,False,False,False,False,False,False,False,False,True,False
HAM,44,Mercedes,25.0,2.0,HARD,13.0,True,3.0,1,77.042,5911.772,5834.73,18.9,30.5,64.0,False,False,False,False,False,False,False,False,False,True,False
HAM,44,Mercedes,26.0,2.0,HARD,14.0,True,3.0,1,77.15,5988.922,5911.772,18.8,30.5,64.0,False,False,False,False,False,False,False,False,False,True,False
HAM,44,Mercedes,27.0,2.0,HARD,15.0,True,3.0,1,77.051,6065.973,5988.922,19.0,31.2,62.0,False,False,False,False,False,False,False,False,False,True,False
HAM,44,Mercedes,28.0,2.0,HARD,16.0,True,3.0,1,77.401,6143.374,6065.973,19.0,31.2,62.0,False,False,False,False,False,False,False,False,False,True,False
HAM,44,Mercedes,29.0,2.0,HARD,17.0,True,3.0,12,77.79,6221.164,6143.374,19.1,30.4,61.0,False,False,False,False,False,False,True,False,False,False,False
HAM,44,Mercedes,30.0,2.0,HARD,18.0,True,3.0,1,77.176,6298.34,6221.164,19.1,29.8,62.0,False,False,False,False,False,False,False,False,False,True,False
HAM,44,Mercedes,31.0,2.0,HARD,19.0,True,3.0,1,77.251,6375.591,6298.34,19.1,29.5,63.0,False,False,False,False,False,False,False,False,False,True,False
HAM,44,Mercedes,32.0,2.0,HARD,20.0,True,3.0,1,77.599,6453.19,6375.591,19.1,30.5,64.0,False,False,False,False,False,False,False,False,False,True,False
HAM,44,Mercedes,33.0,2.0,HARD,21.0,True,3.0,1,77.279,6530.469,6453.19,19.0,30.5,63.0,False,False,False,False,False,False,False,False,False,True,False
HAM,44,Mercedes,34.0,2.0,HARD,22.0,True,3.0,1,77.5,6607.969,6530.469,19.1,31.3,62.0,False,False,False,False,False,False,False,False,False,True,False
HAM,44,Mercedes,35.0,2.0,HARD,23.0,True,3.0,12,77.65,6685.619,6607.969,19.4,32.3,61.0,False,False,False,False,False,False,True,False,False,False,False
HAM,44,Mercedes,36.0,2.0,HARD,24.0,True,3.0,21,77.875,6763.494,6685.619,19.5,32.3,61.0,False,False,False,False,False,False,True,False,False,False,False
HAM,44,Mercedes,37.0,2.0,HARD,25.0,True,3.0,1,77.036,6840.53,6763.494,19.4,32.3,61.0,False,False,False,False,False,False,False,False,False,True,False
HAM,44,Mercedes,38.0,2.0,HARD,26.0,True,3.0,1,77.438,6917.968,6840.53,19.3,32.3,62.0,False,False,False,False,False,False,False,False,False,True,False
HAM,44,Mercedes,39.0,2.0,HARD,27.0,True,3.0,1,77.517,6995.485,6917.968,19.3,31.6,62.0,False,False,False,False,False,False,False,False,False,True,False
HAM,44,Mercedes,40.0,2.0,HARD,28.0,True,3.0,1,93.525,7089.01,6995.485,19.4,31.6,62.0,False,True,False,False,True,False,False,False,False,False,False
HAM,44,Mercedes,41.0,3.0,MEDIUM,1.0,True,3.0,1,80.396,7169.406,7089.01,19.3,31.3,62.0,False,False,True,False,True,False,False,False,False,False,False
HAM,44,Mercedes,42.0,3.0,MEDIUM,2.0,True,3.0,1,76.905,7246.311,7169.406,19.3,31.7,61.0,False,False,False,False,False,False,False,False,False,True,False
HAM,44,Mercedes,43.0,3.0,MEDIUM,3.0,True,3.0,1,76.281,7322.592,7246.311,19.3,31.4,61.0,False,False,False,False,False,False,False,False,False,True,False
HAM,44,Mercedes,44.0,3.0,MEDIUM,4.0,True,3.0,1,76.003,7398.595,7322.592,19.1,30.9,61.0,False,False,False,False,False,False,False,False,False,True,False
HAM,44,Mercedes,45.0,3.0,MEDIUM,5.0,True,3.0,1,76.005,7474.6,7398.595,19.1,30.8,62.0,False,False,False,False,False,False,False,False,False,True,False
HAM,44,Mercedes,46.0,3.0,MEDIUM,6.0,True,3.0,1,75.879,7550.479,7474.6,19.1,30.7,64.0,False,False,False,False,False,False,False,False,False,True,False
HAM,44,Mercedes,47.0,3.0,MEDIUM,7.0,True,3.0,1,75.396,7625.875,7550.479,19.2,30.8,63.0,False,False,False,False,False,False,False,False,False,True,False
HAM,44,Mercedes,48.0,3.0,MEDIUM,8.0,True,3.0,1,76.311,7702.186,7625.875,19.1,30.7,61.0,False,False,False,False,False,False,False,False,False,True,False
HAM,44,Mercedes,49.0,3.0,MEDIUM,9.0,True,3.0,1,76.114,7778.3,7702.186,19.1,30.4,61.0,False,False,False,False,False,False,False,False,False,True,False
HAM,44,Mercedes,50.0,3.0,MEDIUM,10.0,True,3.0,1,76.246,7854.546,7778.3,19.2,30.2,62.0,False,False,False,False,False,False,False,False,False,True,False
HAM,44,Mercedes,51.0,3.0,MEDIUM,11.0,True,3.0,1,76.102,7930.648,7854.546,19.1,29.5,62.0,False,False,False,False,False,False,False,False,False,True,False
HAM,44,Mercedes,52.0,3.0,MEDIUM,12.0,True,3.0,1,75.691,8006.339,7930.648,19.1,29.3,63.0,False,False,False,False,False,False,False,False,False,True,False
HAM,44,Mercedes,53.0,3.0,MEDIUM,13.0,True,3.0,1,76.019,8082.358,8006.339,19.1,29.1,63.0,False,False,False,False,False,False,False,False,False,True,False
HAM,44,Mercedes,54.0,3.0,MEDIUM,14.0,True,3.0,1,75.541,8157.899,8082.358,19.0,29.1,64.0,False,False,False,False,False,False,False,False,False,True,False
HAM,44,Mercedes,55.0,3.0,MEDIUM,15.0,True,3.0,1,76.102,8234.001,8157.899,19.0,29.1,63.0,False,False,False,False,False,False,False,False,False,True,False
HAM,44,Mercedes,56.0,3.0,MEDIUM,16.0,True,3.0,1,75.793,8309.794,8234.001,19.0,29.2,64.0,False,False,False,False,False,False,False,False,False,True,False
HAM,44,Mercedes,57.0,3.0,MEDIUM,17.0,True,3.0,1,75.81,8385.604,8309.794,19.1,29.2,63.0,False,False,False,False,False,False,False,False,False,True,False
HAM,44,Mercedes,58.0,3.0,MEDIUM,18.0,True,3.0,1,75.802,8461.406,8385.604,19.0,29.3,64.0,False,False,False,False,False,False,False,False,False,True,False
HAM,44,Mercedes,59.0,3.0,MEDIUM,19.0,True,3.0,1,75.972,8537.378,8461.406,19.0,29.3,63.0,False,False,False,False,False,False,False,False,False,True,False
HAM,44,Mercedes,60.0,3.0,MEDIUM,20.0,True,3.0,1,76.133,8613.511,8537.378,19.0,29.3,63.0,False,False,False,False,False,False,False,False,False,True,False
HAM,44,Mercedes,61.0,3.0,MEDIUM,21.0,True,3.0,1,76.292,8689.803,8613.511,19.1,29.2,63.0,False,False,False,False,False,False,False,False,False,True,False
HAM,44,Mercedes,62.0,3.0,MEDIUM,22.0,True,3.0,1,76.027,8765.83,8689.803,19.1,29.1,63.0,False,False,False,False,False,False,False,False,False,True,False
HAM,44,Mercedes,63.0,3.0,MEDIUM,23.0,True,3.0,1,76.368,8842.198,8765.83,19.1,29.1,63.0,False,False,False,False,False,False,False,False,False,True,False
HAM,44,Mercedes,64.0,3.0,MEDIUM,24.0,True,3.0,1,76.316,8918.514,8842.198,19.2,29.7,63.0,False,False,False,False,False,False,False,False,False,True,False
HAM,44,Mercedes,65.0,3.0,MEDIUM,25.0,True,3.0,1,76.121,8994.635,8918.514,19.3,29.8,62.0,False,False,False,False,False,False,False,False,False,True,False
HAM,44,Mercedes,66.0,3.0,MEDIUM,26.0,True,3.0,1,76.537,9071.172,8994.635,19.3,29.5,62.0,False,False,False,False,False,False,False,False,False,True,False
HAM,44,Mercedes,67.0,3.0,MEDIUM,27.0,True,3.0,1,76.651,9147.823,9071.172,19.3,29.4,61.0,False,False,False,False,False,False,False,False,False,True,False
HAM,44,Mercedes,68.0,3.0,MEDIUM,28.0,True,3.0,1,76.854,9224.677,9147.823,19.2,29.3,61.0,False,False,False,False,False,False,False,False,False,True,False
HAM,44,Mercedes,69.0,3.0,MEDIUM,29.0,True,3.0,1,76.391,9301.068,9224.677,19.2,29.4,63.0,False,False,False,False,False,False,False,False,False,True,False
HAM,44,Mercedes,70.0,3.0,MEDIUM,30.0,True,3.0,1,77.169,9378.237,9301.068,19.1,29.4,61.0,False,False,False,False,False,False,False,False,False,True,False
SAI,55,Ferrari,1.0,1.0,MEDIUM,1.0,True,11.0,1,90.282,3816.003,3725.478,18.3,32.2,64.0,False,False,False,False,True,False,False,False,False,False,False
SAI,55,Ferrari,2.0,1.0,MEDIUM,2.0,True,11.0,1,78.944,3894.947,3816.003,18.3,32.5,64.0,False,False,False,False,False,False,False,False,False,True,False
SAI,55,Ferrari,3.0,1.0,MEDIUM,3.0,True,11.0,1,78.86,3973.807,3894.947,18.5,32.5,63.0,False,False,False,False,False,False,False,False,False,True,False
SAI,55,Ferrari,4.0,1.0,MEDIUM,4.0,True,11.0,1,78.579,4052.386,3973.807,18.4,31.4,64.0,False,False,False,False,False,False,False,False,False,True,False
SAI,55,Ferrari,5.0,1.0,MEDIUM,5.0,True,11.0,1,78.539,4130.925,4052.386,18.5,31.1,65.0,False,False,False,False,False,False,False,False,False,True,False
SAI,55,Ferrari,6.0,1.0,MEDIUM,6.0,True,11.0,1,78.599,4209.524,4130.925,18.5,30.8,62.0,False,False,False,False,False,False,False,False,False,True,False
SAI,55,Ferrari,7.0,1.0,MEDIUM,7.0,True,11.0,126,79.321,4288.845,4209.524,18.5,30.8,62.0,False,False,False,False,True,False,True,False,False,False,False
SAI,55,Ferrari,8.0,1.0,MEDIUM,8.0,True,11.0,671,93.566,4382.411,4288.845,18.6,31.1,63.0,False,False,False,False,True,False,True,False,False,False,False
SAI,55,Ferrari,9.0,1.0,MEDIUM,9.0,True,11.0,1,78.749,4461.16,4382.411,18.7,31.6,61.0,False,False,False,False,False,False,False,False,False,True,False
SAI,55,Ferrari,10.0,1.0,MEDIUM,10.0,True,11.0,1,79.26,4540.42,4461.16,18.7,31.9,61.0,False,False,False,False,False,False,False,False,False,True,False
SAI,55,Ferrari,11.0,1.0,MEDIUM,11.0,True,10.0,1,78.723,4619.143,4540.42,18.7,30.9,62.0,False,False,False,False,False,False,False,False,False,True,False
SAI,55,Ferrari,12.0,1.0,MEDIUM,12.0,True,5.0,124,93.796,4712.939,4619.143,18.8,32.8,63.0,False,False,False,False,True,False,True,False,False,False,False
SAI,55,Ferrari,13.0,1.0,MEDIUM,13.0,True,5.0,4,134.981,4847.92,4712.939,19.0,33.0,61.0,False,False,False,False,True,False,True,False,False,False,False
SAI,55,Ferrari,14.0,1.0,MEDIUM,14.0,True,5.0,4,124.561,4972.481,4847.92,19.0,34.3,60.0,False,False,False,False,True,False,True,False,False,False,False
SAI,55,Ferrari,15.0,1.0,MEDIUM,15.0,True,5.0,4,114.358,5086.839,4972.481,19.3,34.0,60.0,False,False,False,False,True,False,True,False,False,False,False
SAI,55,Ferrari,16.0,1.0,MEDIUM,16.0,True,5.0,41,131.509,5218.348,5086.839,19.4,34.1,61.0,False,False,False,False,True,False,True,False,False,False,False
SAI,55,Ferrari,17.0,1.0,MEDIUM,17.0,True,5.0,1,78.682,5297.03,5218.348,19.4,33.1,60.0,False,False,False,False,False,False,False,False,False,True,False
SAI,55,Ferrari,18.0,1.0,MEDIUM,18.0,True,5.0,1,77.425,5374.455,5297.03,19.4,33.0,61.0,False,False,False,False,False,False,False,False,False,True,False
SAI,55,Ferrari,19.0,1.0,MEDIUM,19.0,True,5.0,1,76.829,5451.284,5374.455,19.3,32.3,61.0,False,False,False,False,False,False,False,False,False,True,False
SAI,55,Ferrari,20.0,1.0,MEDIUM,20.0,True,5.0,1,76.961,5528.245,5451.284,19.0,31.3,62.0,False,False,False,False,False,False,False,False,False,True,False
SAI,55,Ferrari,21.0,1.0,MEDIUM,21.0,True,5.0,1,77.337,5605.582,5528.245,18.9,31.3,62.0,False,False,False,False,False,False,False,False,False,True,False
SAI,55,Ferrari,22.0,1.0,MEDIUM,22.0,True,5.0,1,77.036,5682.618,5605.582,18.9,31.3,62.0,False,False,False,False,False,False,False,False,False,True,False
SAI,55,Ferrari,23.0,1.0,MEDIUM,23.0,True,5.0,1,77.353,5759.971,5682.618,18.8,30.8,64.0,False,False,False,False,False,False,False,False,False,True,False
SAI,55,Ferrari,24.0,1.0,MEDIUM,24.0,True,5.0,1,77.238,5837.209,5759.971,18.8,30.5,64.0,False,False,False,False,False,False,False,False,False,True,False
SAI,55,Ferrari,25.0,1.0,MEDIUM,25.0,True,5.0,1,77.854,5915.063,5837.209,18.9,30.5,64.0,False,False,False,False,False,False,False,False,False,True,False
SAI,55,Ferrari,26.0,1.0,MEDIUM,26.0,True,5.0,1,77.87,5992.933,5915.063,18.8,30.5,64.0,False,False,False,False,False,False,False,False,False,True,False
SAI,55,Ferrari,27.0,1.0,MEDIUM,27.0,True,5.0,1,77.643,6070.576,5992.933,19.0,31.2,62.0,False,False,False,False,False,False,False,False,False,True,False
SAI,55,Ferrari,28.0,1.0,MEDIUM,28.0,True,5.0,1,77.569,6148.145,6070.576,19.0,31.2,62.0,False,False,False,False,False,False,False,False,False,True,False
SAI,55,Ferrari,29.0,1.0,MEDIUM,29.0,True,5.0,12,77.432,6225.577,6148.145,19.1,30.4,61.0,False,False,False,False,False,False,True,False,False,False,False
SAI,55,Ferrari,30.0,1.0,MEDIUM,30.0,True,5.0,1,77.421,6302.998,6225.577,19.1,29.5,63.0,False,False,False,False,False,False,False,False,False,True,False
SAI,55,Ferrari,31.0,1.0,MEDIUM,31.0,True,5.0,1,77.44,6380.438,6302.998,19.1,29.5,63.0,False,False,False,False,False,False,False,False,False,True,False
SAI,55,Ferrari,32.0,1.0,MEDIUM,32.0,True,5.0,1,77.359,6457.797,6380.438,19.1,30.5,64.0,False,False,False,False,False,False,False,False,False,True,False
SAI,55,Ferrari,33.0,1.0,MEDIUM,33.0,True,5.0,1,77.533,6535.33,6457.797,19.0,30.5,63.0,False,False,False,False,False,False,False,False,False,True,False
SAI,55,Ferrari,34.0,1.0,MEDIUM,34.0,True,5.0,1,77.636,6612.966,6535.33,19.1,31.3,62.0,False,False,False,False,False,False,False,False,False,True,False
SAI,55,Ferrari,35.0,1.0,MEDIUM,35.0,True,5.0,12,77.452,6690.418,6612.966,19.4,32.3,61.0,False,False,False,False,False,False,True,False,False,False,False
SAI,55,Ferrari,36.0,1.0,MEDIUM,36.0,True,5.0,21,77.854,6768.272,6690.418,19.5,32.3,61.0,False,False,False,False,False,False,True,False,False,False,False
SAI,55,Ferrari,37.0,1.0,MEDIUM,37.0,True,5.0,1,77.495,6845.767,6768.272,19.4,32.3,61.0,False,False,False,False,False,False,False,False,False,True,False
SAI,55,Ferrari,38.0,1.0,MEDIUM,38.0,True,5.0,1,94.125,6939.892,6845.767,19.3,32.3,62.0,False,True,False,False,True,False,False,False,False,False,False
SAI,55,Ferrari,39.0,2.0,HARD,1.0,True,5.0,1,80.059,7019.951,6939.892,19.3,31.6,62.0,False,False,True,False,True,False,False,False,False,False,False
SAI,55,Ferrari,40.0,2.0,HARD,2.0,True,5.0,1,77.039,7096.99,7019.951,19.4,31.6,62.0,False,False,False,False,False,False,False,False,False,True,False
SAI,55,Ferrari,41.0,2.0,HARD,3.0,True,5.0,1,76.43,7173.42,7096.99,19.3,31.3,62.0,False,False,False,False,False,False,False,False,False,True,False
SAI,55,Ferrari,42.0,2.0,HARD,4.0,True,5.0,1,76.722,7250.142,7173.42,19.3,31.7,61.0,False,False,False,False,False,False,False,False,False,True,False
SAI,55,Ferrari,43.0,2.0,HARD,5.0,True,5.0,1,77.079,7327.221,7250.142,19.3,31.4,61.0,False,False,False,False,False,False,False,False,False,True,False
SAI,55,Ferrari,44.0,2.0,HARD,6.0,True,5.0,1,76.525,7403.746,7327.221,19.1,30.9,61.0,False,False,False,False,False,False,False,False,False,True,False
SAI,55,Ferrari,45.0,2.0,HARD,7.0,True,5.0,1,76.099,7479.845,7403.746,19.1,30.8,62.0,False,False,False,False,False,False,False,False,False,True,False
SAI,55,Ferrari,46.0,2.0,HARD,8.0,True,5.0,1,76.1,7555.945,7479.845,19.1,30.7,64.0,False,False,False,False,False,False,False,False,False,True,False
SAI,55,Ferrari,47.0,2.0,HARD,9.0,True,5.0,1,75.911,7631.856,7555.945,19.2,30.8,63.0,False,False,False,False,False,False,False,False,False,True,False
SAI,55,Ferrari,48.0,2.0,HARD,10.0,True,5.0,1,76.195,7708.051,7631.856,19.1,30.7,61.0,False,False,False,False,False,False,False,False,False,True,False
SAI,55,Ferrari,49.0,2.0,HARD,11.0,True,5.0,1,76.062,7784.113,7708.051,19.1,30.4,61.0,False,False,False,False,False,False,False,False,False,True,False
SAI,55,Ferrari,50.0,2.0,HARD,12.0,True,5.0,1,76.304,7860.417,7784.113,19.1,29.9,62.0,False,False,False,False,False,False,False,False,False,True,False
SAI,55,Ferrari,51.0,2.0,HARD,13.0,True,5.0,1,76.188,7936.605,7860.417,19.1,29.5,62.0,False,False,False,False,False,False,False,False,False,True,False
SAI,55,Ferrari,52.0,2.0,HARD,14.0,True,5.0,1,76.091,8012.696,7936.605,19.1,29.3,63.0,False,False,False,False,False,False,False,False,False,True,False
SAI,55,Ferrari,53.0,2.0,HARD,15.0,True,5.0,1,76.058,8088.754,8012.696,19.1,29.1,63.0,False,False,False,False,False,False,False,False,False,True,False
SAI,55,Ferrari,54.0,2.0,HARD,16.0,True,5.0,1,76.321,8165.075,8088.754,19.0,29.1,64.0,False,False,False,False,False,False,False,False,False,True,False
SAI,55,Ferrari,55.0,2.0,HARD,17.0,True,5.0,1,75.954,8241.029,8165.075,19.0,29.1,63.0,False,False,False,False,False,False,False,False,False,True,False
SAI,55,Ferrari,56.0,2.0,HARD,18.0,True,5.0,1,76.357,8317.386,8241.029,19.0,29.2,64.0,False,False,False,False,False,False,False,False,True,False,False
SAI,55,Ferrari,57.0,2.0,HARD,19.0,True,5.0,1,76.802,8394.188,8317.386,19.1,29.2,63.0,False,False,False,False,False,False,False,False,False,True,False
SAI,55,Ferrari,58.0,2.0,HARD,20.0,True,5.0,1,76.14,8470.328,8394.188,19.0,29.3,64.0,False,False,False,False,False,False,False,False,False,True,False
SAI,55,Ferrari,59.0,2.0,HARD,21.0,True,5.0,1,75.966,8546.294,8470.328,19.0,29.3,63.0,False,False,False,False,False,False,False,False,False,True,False
SAI,55,Ferrari,60.0,2.0,HARD,22.0,True,5.0,1,75.947,8622.241,8546.294,19.0,29.3,63.0,False,False,False,False,False,False,False,False,False,True,False
SAI,55,Ferrari,61.0,2.0,HARD,23.0,True,5.0,1,76.007,8698.248,8622.241,19.1,29.2,63.0,False,False,False,False,False,False,False,False,False,True,False
SAI,55,Ferrari,62.0,2.0,HARD,24.0,True,5.0,1,76.186,8774.434,8698.248,19.1,29.1,63.0,False,False,False,False,False,False,False,False,False,True,False
SAI,55,Ferrari,63.0,2.0,HARD,25.0,True,5.0,1,76.045,8850.479,8774.434,19.1,29.1,63.0,False,False,False,False,False,False,False,False,False,True,False
SAI,55,Ferrari,64.0,2.0,HARD,26.0,True,5.0,1,76.028,8926.507,8850.479,19.2,29.7,63.0,False,False,False,False,False,False,False,False,False,True,False
SAI,55,Ferrari,65.0,2.0,HARD,27.0,True,5.0,1,76.328,9002.835,8926.507,19.3,29.7,61.0,False,False,False,False,False,False,False,False,False,True,False
SAI,55,Ferrari,66.0,2.0,HARD,28.0,True,5.0,1,76.672,9079.507,9002.835,19.3,29.5,62.0,False,False,False,False,False,False,False,False,False,True,False
SAI,55,Ferrari,67.0,2.0,HARD,29.0,True,5.0,1,76.307,9155.814,9079.507,19.3,29.4,61.0,False,False,False,False,False,False,False,False,False,True,False
SAI,55,Ferrari,68.0,2.0,HARD,30.0,True,5.0,1,76.541,9232.355,9155.814,19.2,29.3,61.0,False,False,False,False,False,False,False,False,False,True,False
SAI,55,Ferrari,69.0,2.0,HARD,31.0,True,5.0,1,76.349,9308.704,9232.355,19.2,29.4,63.0,False,False,False,False,False,False,False,False,False,True,False
SAI,55,Ferrari,70.0,2.0,HARD,32.0,True,5.0,1,76.905,9385.609,9308.704,19.1,29.4,61.0,False,False,False,False,False,False,False,False,False,True,False
RUS,63,Mercedes,1.0,1.0,MEDIUM,1.0,True,4.0,1,85.376,3811.097,3725.478,18.3,32.2,64.0,False,False,False,False,True,False,False,False,False,False,False
RUS,63,Mercedes,2.0,1.0,MEDIUM,2.0,True,4.0,1,78.882,3889.979,3811.097,18.3,32.5,64.0,False,False,False,False,False,False,False,False,False,True,False
RUS,63,Mercedes,3.0,1.0,MEDIUM,3.0,True,4.0,1,77.996,3967.975,3889.979,18.5,32.5,63.0,False,False,False,False,False,False,False,False,False,True,False
RUS,63,Mercedes,4.0,1.0,MEDIUM,4.0,True,4.0,1,77.594,4045.569,3967.975,18.4,31.4,64.0,False,False,False,False,False,False,False,False,False,True,False
RUS,63,Mercedes,5.0,1.0,MEDIUM,5.0,True,4.0,1,77.64,4123.209,4045.569,18.5,31.1,65.0,False,False,False,False,False,False,False,False,False,True,False
RUS,63,Mercedes,6.0,1.0,MEDIUM,6.0,True,4.0,1,77.659,4200.868,4123.209,18.5,30.8,62.0,False,False,False,False,False,False,False,False,False,True,False
RUS,63,Mercedes,7.0,1.0,MEDIUM,7.0,True,4.0,12,77.63,4278.498,4200.868,18.5,30.8,62.0,False,False,False,False,False,False,True,False,False,False,False
RUS,63,Mercedes,8.0,1.0,MEDIUM,8.0,True,4.0,2671,93.289,4371.787,4278.498,18.6,30.8,62.0,False,False,False,False,True,False,True,False,False,False,False
RUS,63,Mercedes,9.0,1.0,MEDIUM,9.0,True,4.0,1,77.463,4449.25,4371.787,18.7,31.6,61.0,False,False,False,False,False,False,False,False,False,True,False
RUS,63,Mercedes,10.0,1.0,MEDIUM,10.0,True,4.0,1,77.968,4527.218,4449.25,18.7,31.9,61.0,False,False,False,False,False,False,False,False,False,True,False
RUS,63,Mercedes,11.0,1.0,MEDIUM,11.0,True,4.0,1,77.917,4605.135,4527.218,18.7,30.9,62.0,False,False,False,False,False,False,False,False,False,True,False
RUS,63,Mercedes,12.0,1.0,MEDIUM,12.0,True,19.0,124,,4823.545,4605.135,19.0,33.0,61.0,False,True,False,True,True,False,True,False,False,False,False
RUS,63,Mercedes,13.0,2.0,HARD,1.0,True,19.0,4,86.211,4909.756,4823.545,19.0,34.1,61.0,False,False,True,False,True,False,True,False,False,False,False
RUS,63,Mercedes,14.0,2.0,HARD,2.0,True,19.0,4,84.964,4994.72,4909.756,19.2,34.0,60.0,False,False,False,False,True,False,True,False,False,False,False
RUS,63,Mercedes,15.0,2.0,HARD,3.0,True,19.0,4,115.105,5109.825,4994.72,19.4,34.2,60.0,False,False,False,False,True,False,True,False,False,False,False
RUS,63,Mercedes,16.0,2.0,HARD,4.0,True,19.0,41,115.028,5224.853,5109.825,19.4,33.8,61.0,False,False,False,False,True,False,True,False,False,False,False
RUS,63,Mercedes,17.0,2.0,HARD,5.0,True,19.0,1,80.013,5304.866,5224.853,19.4,33.1,60.0,False,False,False,False,False,False,False,False,False,True,False
RUS,63,Mercedes,18.0,2.0,HARD,6.0,True,19.0,1,79.23,5384.096,5304.866,19.4,33.0,61.0,False,False,False,False,False,False,False,False,False,True,False
RUS,63,Mercedes,19.0,2.0,HARD,7.0,True,19.0,1,78.853,5462.949,5384.096,19.2,31.3,62.0,False,False,False,False,False,False,False,False,False,True,False
RUS,63,Mercedes,20.0,2.0,HARD,8.0,True,19.0,1,78.285,5541.234,5462.949,19.0,31.3,62.0,False,False,False,False,False,False,False,False,False,True,False
RUS,63,Mercedes,21.0,2.0,HARD,9.0,True,19.0,1,78.664,5619.898,5541.234,18.9,31.3,62.0,False,False,False,False,False,False,False,False,False,True,False
RUS,63,Mercedes,22.0,2.0,HARD,10.0,True,19.0,1,78.499,5698.397,5619.898,18.9,31.3,62.0,False,False,False,False,False,False,False,False,False,True,False
RUS,63,Mercedes,23.0,2.0,HARD,11.0,True,19.0,1,78.546,5776.943,5698.397,18.8,30.8,64.0,False,False,False,False,False,False,False,False,False,True,False
RUS,63,Mercedes,24.0,2.0,HARD,12.0,True,19.0,1,78.527,5855.47,5776.943,18.8,30.5,64.0,False,False,False,False,False,False,False,False,False,True,False
RUS,63,Mercedes,25.0,2.0,HARD,13.0,True,19.0,1,78.428,5933.898,5855.47,18.9,30.5,64.0,False,False,False,False,False,False,False,False,False,True,False
RUS,63,Mercedes,26.0,2.0,HARD,14.0,True,19.0,1,78.416,6012.314,5933.898,18.9,31.6,64.0,False,False,False,False,False,False,False,False,False,True,False
RUS,63,Mercedes,27.0,2.0,HARD,15.0,True,18.0,1,78.965,6091.279,6012.314,19.0,31.2,62.0,False,False,False,False,False,False,False,False,False,True,False
RUS,63,Mercedes,28.0,2.0,HARD,16.0,True,18.0,12,78.265,6169.544,6091.279,19.0,31.2,62.0,False,False,False,False,False,False,True,False,False,False,False
RUS,63,Mercedes,29.0,2.0,HARD,17.0,True,18.0,1,78.39,6247.934,6169.544,19.1,29.8,62.0,False,False,False,False,False,False,False,False,False,True,False
RUS,63,Mercedes,30.0,2.0,HARD,18.0,True,18.0,1,78.882,6326.816,6247.934,19.1,29.5,63.0,False,False,False,False,False,False,False,False,False,True,False
RUS,63,Mercedes,31.0,2.0,HARD,19.0,True,17.0,1,78.326,6405.142,6326.816,19.1,29.5,63.0,False,False,False,False,False,False,False,False,False,True,False
RUS,63,Mercedes,32.0,2.0,HARD,20.0,True,16.0,1,78.308,6483.45,6405.142,19.0,30.5,63.0,False,False,False,False,False,False,False,False,False,True,False
RUS,63,Mercedes,33.0,2.0,HARD,21.0,True,15.0,1,77.94,6561.39,6483.45,19.1,30.7,64.0,False,False,False,False,False,False,False,False,False,True,False
RUS,63,Mercedes,34.0,2.0,HARD,22.0,True,14.0,1,77.868,6639.258,6561.39,19.1,31.3,62.0,False,False,False,False,False,False,False,False,False,True,False
RUS,63,Mercedes,35.0,2.0,HARD,23.0,True,11.0,12,78.314,6717.572,6639.258,19.4,32.3,61.0,False,False,False,False,False,False,True,False,False,False,False
RUS,63,Mercedes,36.0,2.0,HARD,24.0,True,9.0,1,77.626,6795.198,6717.572,19.4,32.3,61.0,False,False,False,False,False,False,False,False,False,True,False
RUS,63,Mercedes,37.0,2.0,HARD,25.0,True,8.0,1,77.619,6872.817,6795.198,19.4,32.3,61.0,False,False,False,False,False,False,False,False,False,True,False
RUS,63,Mercedes,38.0,2.0,HARD,26.0,True,8.0,1,78.02,6950.837,6872.817,19.3,32.3,62.0,False,False,False,False,False,False,False,False,False,True,False
RUS,63,Mercedes,39.0,2.0,HARD,27.0,True,8.0,1,77.436,7028.273,6950.837,19.3,31.6,62.0,False,False,False,False,False,False,False,False,False,True,False
RUS,63,Mercedes,40.0,2.0,HARD,28.0,True,8.0,1,77.645,7105.918,7028.273,19.4,31.6,62.0,False,False,False,False,False,False,False,False,False,True,False
RUS,63,Mercedes,41.0,2.0,HARD,29.0,True,8.0,1,77.818,7183.736,7105.918,19.3,31.3,62.0,False,False,False,False,False,False,False,False,False,True,False
RUS,63,Mercedes,42.0,2.0,HARD,30.0,True,8.0,1,77.676,7261.412,7183.736,19.4,31.8,60.0,False,False,False,False,False,False,False,False,False,True,False
RUS,63,Mercedes,43.0,2.0,HARD,31.0,True,8.0,1,77.393,7338.805,7261.412,19.3,31.4,61.0,False,False,False,False,False,False,False,False,False,True,False
RUS,63,Mercedes,44.0,2.0,HARD,32.0,True,8.0,1,77.097,7415.902,7338.805,19.1,30.9,61.0,False,False,False,False,False,False,False,False,False,True,False
RUS,63,Mercedes,45.0,2.0,HARD,33.0,True,8.0,1,77.114,7493.016,7415.902,19.1,30.8,62.0,False,False,False,False,False,False,False,False,False,True,False
RUS,63,Mercedes,46.0,2.0,HARD,34.0,True,8.0,1,77.387,7570.403,7493.016,19.1,30.7,64.0,False,False,False,False,False,False,False,False,False,True,False
RUS,63,Mercedes,47.0,2.0,HARD,35.0,True,8.0,1,77.358,7647.761,7570.403,19.2,30.8,63.0,False,False,False,False,False,False,False,False,False,True,False
RUS,63,Mercedes,48.0,2.0,HARD,36.0,True,8.0,1,77.711,7725.472,7647.761,19.1,30.7,61.0,False,False,False,False,False,False,False,False,False,True,False
RUS,63,Mercedes,49.0,2.0,HARD,37.0,True,8.0,1,77.886,7803.358,7725.472,19.2,30.2,62.0,False,False,False,False,False,False,False,False,False,True,False
RUS,63,Mercedes,50.0,2.0,HARD,38.0,True,8.0,1,77.63,7880.988,7803.358,19.1,29.9,62.0,False,False,False,False,False,False,False,False,False,True,False
RUS,63,Mercedes,51.0,2.0,HARD,39.0,True,8.0,1,77.337,7958.325,7880.988,19.1,29.5,62.0,False,False,False,False,False,False,False,False,False,True,False
RUS,63,Mercedes,52.0,2.0,HARD,40.0,True,8.0,1,77.582,8035.907,7958.325,19.1,29.3,63.0,False,False,False,False,False,False,False,False,False,True,False
RUS,63,Mercedes,53.0,2.0,HARD,41.0,True,8.0,1,77.576,8113.483,8035.907,19.0,29.1,64.0,False,False,False,False,False,False,False,False,False,True,False
RUS,63,Mercedes,54.0,2.0,HARD,42.0,True,8.0,1,,8190.751,8113.483,19.0,29.1,64.0,False,True,False,True,True,False,False,False,False,False,False
BOT,77,Alfa Romeo,1.0,1.0,HARD,1.0,True,16.0,1,92.12,3817.841,3725.478,18.3,32.2,64.0,False,False,False,False,True,False,False,False,False,False,False
BOT,77,Alfa Romeo,2.0,1.0,HARD,2.0,True,16.0,1,80.588,3898.429,3817.841,18.3,32.5,64.0,False,False,False,False,False,False,False,False,False,True,False
BOT,77,Alfa Romeo,3.0,1.0,HARD,3.0,True,16.0,1,78.791,3977.22,3898.429,18.5,32.5,63.0,False,False,False,False,False,False,False,False,False,True,False
BOT,77,Alfa Romeo,4.0,1.0,HARD,4.0,True,16.0,1,78.629,4055.849,3977.22,18.4,31.4,64.0,False,False,False,False,False,False,False,False,False,True,False
BOT,77,Alfa Romeo,5.0,1.0,HARD,5.0,True,16.0,1,79.448,4135.297,4055.849,18.5,31.1,65.0,False,False,False,False,False,False,False,False,False,True,False
BOT,77,Alfa Romeo,6.0,1.0,HARD,6.0,True,16.0,1,78.775,4214.072,4135.297,18.5,30.8,62.0,False,False,False,False,False,False,False,False,False,True,False
BOT,77,Alfa Romeo,7.0,1.0,HARD,7.0,True,16.0,126,80.352,4294.424,4214.072,18.5,30.8,62.0,False,False,False,False,True,False,True,False,False,False,False
BOT,77,Alfa Romeo,8.0,1.0,HARD,8.0,True,16.0,671,90.942,4385.366,4294.424,18.6,31.1,63.0,False,False,False,False,True,False,True,False,False,False,False
BOT,77,Alfa Romeo,9.0,1.0,HARD,9.0,True,16.0,1,78.676,4464.042,4385.366,18.7,31.6,61.0,False,False,False,False,False,False,False,False,False,True,False
BOT,77,Alfa Romeo,10.0,1.0,HARD,10.0,True,15.0,1,79.076,4543.118,4464.042,18.7,31.9,61.0,False,False,False,False,False,False,False,False,False,True,False
BOT,77,Alfa Romeo,11.0,1.0,HARD,11.0,True,13.0,1,78.722,4621.84,4543.118,18.7,31.6,62.0,False,False,False,False,False,False,False,False,False,True,False
BOT,77,Alfa Romeo,12.0,1.0,HARD,12.0,True,9.0,124,95.179,4717.019,4621.84,18.8,32.8,63.0,False,False,False,False,True,False,True,False,False,False,False
BOT,77,Alfa Romeo,13.0,1.0,HARD,13.0,True,8.0,4,133.525,4850.544,4717.019,19.0,33.0,61.0,False,False,False,False,True,False,True,False,False,False,False
BOT,77,Alfa Romeo,14.0,1.0,HARD,14.0,True,8.0,4,125.785,4976.329,4850.544,19.0,34.3,60.0,False,False,False,False,True,False,True,False,False,False,False
BOT,77,Alfa Romeo,15.0,1.0,HARD,15.0,True,8.0,4,113.889,5090.218,4976.329,19.3,34.0,60.0,False,False,False,False,True,False,True,False,False,False,False
BOT,77,Alfa Romeo,16.0,1.0,HARD,16.0,True,8.0,41,129.016,5219.234,5090.218,19.4,34.1,61.0,False,False,False,False,True,False,True,False,False,False,False
BOT,77,Alfa Romeo,17.0,1.0,HARD,17.0,True,8.0,1,80.209,5299.443,5219.234,19.4,33.1,60.0,False,False,False,False,False,False,False,False,False,True,False
BOT,77,Alfa Romeo,18.0,1.0,HARD,18.0,True,8.0,1,78.647,5378.09,5299.443,19.4,33.0,61.0,False,False,False,False,False,False,False,False,False,True,False
BOT,77,Alfa Romeo,19.0,1.0,HARD,19.0,True,9.0,1,79.098,5457.188,5378.09,19.3,32.3,61.0,False,False,False,False,False,False,False,False,False,True,False
BOT,77,Alfa Romeo,20.0,1.0,HARD,20.0,True,8.0,1,78.637,5535.825,5457.188,19.0,31.3,62.0,False,False,False,False,False,False,False,False,False,True,False
BOT,77,Alfa Romeo,21.0,1.0,HARD,21.0,True,8.0,1,78.254,5614.079,5535.825,18.9,31.3,62.0,False,False,False,False,False,False,False,False,False,True,False
BOT,77,Alfa Romeo,22.0,1.0,HARD,22.0,True,8.0,1,77.856,5691.935,5614.079,18.9,31.3,62.0,False,False,False,False,False,False,False,False,False,True,False
BOT,77,Alfa Romeo,23.0,1.0,HARD,23.0,True,8.0,1,77.955,5769.89,5691.935,18.8,30.8,64.0,False,False,False,False,False,False,False,False,False,True,False
BOT,77,Alfa Romeo,24.0,1.0,HARD,24.0,True,8.0,1,77.801,5847.691,5769.89,18.8,30.5,64.0,False,False,False,False,False,False,False,False,False,True,False
BOT,77,Alfa Romeo,25.0,1.0,HARD,25.0,True,8.0,1,77.974,5925.665,5847.691,18.9,30.5,64.0,False,False,False,False,False,False,False,False,False,True,False
BOT,77,Alfa Romeo,26.0,1.0,HARD,26.0,True,8.0,1,78.074,6003.739,5925.665,18.9,31.6,64.0,False,False,False,False,False,False,False,False,False,True,False
BOT,77,Alfa Romeo,27.0,1.0,HARD,27.0,True,8.0,1,78.115,6081.854,6003.739,19.0,31.2,62.0,False,False,False,False,False,False,False,False,False,True,False
BOT,77,Alfa Romeo,28.0,1.0,HARD,28.0,True,8.0,1,78.066,6159.92,6081.854,19.0,31.2,62.0,False,False,False,False,False,False,False,False,False,True,False
BOT,77,Alfa Romeo,29.0,1.0,HARD,29.0,True,8.0,12,77.951,6237.871,6159.92,19.1,30.4,61.0,False,False,False,False,False,False,True,False,False,False,False
BOT,77,Alfa Romeo,30.0,1.0,HARD,30.0,True,8.0,1,78.248,6316.119,6237.871,19.1,29.5,63.0,False,False,False,False,False,False,False,False,False,True,False
BOT,77,Alfa Romeo,31.0,1.0,HARD,31.0,True,8.0,1,77.864,6393.983,6316.119,19.1,29.5,63.0,False,False,False,False,False,False,False,False,False,True,False
BOT,77,Alfa Romeo,32.0,1.0,HARD,32.0,True,8.0,1,78.405,6472.388,6393.983,19.1,30.5,64.0,False,False,False,False,False,False,False,False,False,True,False
BOT,77,Alfa Romeo,33.0,1.0,HARD,33.0,True,8.0,1,78.009,6550.397,6472.388,19.1,30.7,64.0,False,False,False,False,False,False,False,False,False,True,False
BOT,77,Alfa Romeo,34.0,1.0,HARD,34.0,True,8.0,1,78.247,6628.644,6550.397,19.1,31.3,62.0,False,False,False,False,False,False,False,False,False,True,False
BOT,77,Alfa Romeo,35.0,1.0,HARD,35.0,True,8.0,12,78.167,6706.811,6628.644,19.4,32.3,61.0,False,False,False,False,False,False,True,False,False,False,False
BOT,77,Alfa Romeo,36.0,1.0,HARD,36.0,True,11.0,21,94.981,6801.792,6706.811,19.4,32.3,61.0,False,True,False,False,True,False,True,False,False,False,False
BOT,77,Alfa Romeo,37.0,2.0,MEDIUM,1.0,True,10.0,1,79.412,6881.204,6801.792,19.4,32.3,61.0,False,False,True,False,True,False,False,False,False,False,False
BOT,77,Alfa Romeo,38.0,2.0,MEDIUM,2.0,True,10.0,1,77.246,6958.45,6881.204,19.3,32.3,62.0,False,False,False,False,False,False,False,False,False,True,False
BOT,77,Alfa Romeo,39.0,2.0,MEDIUM,3.0,True,10.0,1,77.146,7035.596,6958.45,19.3,31.6,62.0,False,False,False,False,False,False,False,False,False,True,False
BOT,77,Alfa Romeo,40.0,2.0,MEDIUM,4.0,True,10.0,1,76.993,7112.589,7035.596,19.4,31.6,62.0,False,False,False,False,False,False,False,False,False,True,False
BOT,77,Alfa Romeo,41.0,2.0,MEDIUM,5.0,True,10.0,1,77.131,7189.72,7112.589,19.3,31.3,62.0,False,False,False,False,False,False,False,False,False,True,False
BOT,77,Alfa Romeo,42.0,2.0,MEDIUM,6.0,True,10.0,1,77.289,7267.009,7189.72,19.4,31.8,60.0,False,False,False,False,False,False,False,False,False,True,False
BOT,77,Alfa Romeo,43.0,2.0,MEDIUM,7.0,True,10.0,1,77.022,7344.031,7267.009,19.3,31.4,61.0,False,False,False,False,False,False,False,False,False,True,False
BOT,77,Alfa Romeo,44.0,2.0,MEDIUM,8.0,True,10.0,1,76.993,7421.024,7344.031,19.1,30.9,61.0,False,False,False,False,False,False,False,False,False,True,False
BOT,77,Alfa Romeo,45.0,2.0,MEDIUM,9.0,True,10.0,1,76.931,7497.955,7421.024,19.1,30.8,62.0,False,False,False,False,False,False,False,False,False,True,False
BOT,77,Alfa Romeo,46.0,2.0,MEDIUM,10.0,True,10.0,1,76.818,7574.773,7497.955,19.1,30.7,64.0,False,False,False,False,False,False,False,False,False,True,False
BOT,77,Alfa Romeo,47.0,2.0,MEDIUM,11.0,True,10.0,1,77.045,7651.818,7574.773,19.2,30.8,63.0,False,False,False,False,False,False,False,False,False,True,False
BOT,77,Alfa Romeo,48.0,2.0,MEDIUM,12.0,True,10.0,1,77.235,7729.053,7651.818,19.1,30.7,61.0,False,False,False,False,False,False,False,False,False,True,False
BOT,77,Alfa Romeo,49.0,2.0,MEDIUM,13.0,True,10.0,1,77.272,7806.325,7729.053,19.2,30.2,62.0,False,False,False,False,False,False,False,False,False,True,False
BOT,77,Alfa Romeo,50.0,2.0,MEDIUM,14.0,True,10.0,1,77.201,7883.526,7806.325,19.1,29.9,62.0,False,False,False,False,False,False,False,False,False,True,False
BOT,77,Alfa Romeo,51.0,2.0,MEDIUM,15.0,True,10.0,1,77.201,7960.727,7883.526,19.1,29.5,62.0,False,False,False,False,False,False,False,False,False,True,False
BOT,77,Alfa Romeo,52.0,2.0,MEDIUM,16.0,True,10.0,1,76.625,8037.352,7960.727,19.1,29.3,63.0,False,False,False,False,False,False,False,False,False,True,False
BOT,77,Alfa Romeo,53.0,2.0,MEDIUM,17.0,True,10.0,1,77.114,8114.466,8037.352,19.0,29.1,64.0,False,False,False,False,False,False,False,False,False,True,False
BOT,77,Alfa Romeo,54.0,2.0,MEDIUM,18.0,True,10.0,1,77.298,8191.764,8114.466,19.0,29.1,64.0,False,False,False,False,False,False,False,False,False,True,False
BOT,77,Alfa Romeo,55.0,2.0,MEDIUM,19.0,True,9.0,1,77.004,8268.768,8191.764,19.0,29.1,63.0,False,False,False,False,False,False,False,False,False,True,False
BOT,77,Alfa Romeo,56.0,2.0,MEDIUM,20.0,True,9.0,1,77.129,8345.897,8268.768,19.1,29.2,63.0,False,False,False,False,False,False,False,False,False,True,False
BOT,77,Alfa Romeo,57.0,2.0,MEDIUM,21.0,True,9.0,1,77.047,8422.944,8345.897,19.0,29.3,63.0,False,False,False,False,False,False,False,False,False,True,False
BOT,77,Alfa Romeo,58.0,2.0,MEDIUM,22.0,True,9.0,1,77.323,8500.267,8422.944,19.0,29.3,64.0,False,False,False,False,False,False,False,False,False,True,False
BOT,77,Alfa Romeo,59.0,2.0,MEDIUM,23.0,True,9.0,1,77.052,8577.319,8500.267,19.0,29.3,63.0,False,False,False,False,False,False,False,False,False,True,False
BOT,77,Alfa Romeo,60.0,2.0,MEDIUM,24.0,True,9.0,1,77.238,8654.557,8577.319,19.1,29.2,63.0,False,False,False,False,False,False,False,False,False,True,False
BOT,77,Alfa Romeo,61.0,2.0,MEDIUM,25.0,True,9.0,1,77.377,8731.934,8654.557,19.1,29.2,63.0,False,False,False,False,False,False,False,False,False,True,False
BOT,77,Alfa Romeo,62.0,2.0,MEDIUM,26.0,True,9.0,1,77.146,8809.08,8731.934,19.1,29.1,63.0,False,False,False,False,False,False,False,False,False,True,False
BOT,77,Alfa Romeo,63.0,2.0,MEDIUM,27.0,True,10.0,1,78.018,8887.098,8809.08,19.2,29.7,63.0,False,False,False,False,False,False,False,False,False,True,False
BOT,77,Alfa Romeo,64.0,2.0,MEDIUM,28.0,True,10.0,1,77.359,8964.457,8887.098,19.3,29.8,62.0,False,False,False,False,False,False,False,False,False,True,False
BOT,77,Alfa Romeo,65.0,2.0,MEDIUM,29.0,True,10.0,1,77.495,9041.952,8964.457,19.3,29.7,61.0,False,False,False,False,False,False,False,False,False,True,False
BOT,77,Alfa Romeo,66.0,2.0,MEDIUM,30.0,True,10.0,1,77.296,9119.248,9041.952,19.3,29.5,62.0,False,False,False,False,False,False,False,False,False,True,False
BOT,77,Alfa Romeo,67.0,2.0,MEDIUM,31.0,True,10.0,1,77.363,9196.611,9119.248,19.2,29.3,61.0,False,False,False,False,False,False,False,False,False,True,False
BOT,77,Alfa Romeo,68.0,2.0,MEDIUM,32.0,True,10.0,1,77.137,9273.748,9196.611,19.3,29.3,62.0,False,False,False,False,False,False,False,False,False,True,False
BOT,77,Alfa Romeo,69.0,2.0,MEDIUM,33.0,True,10.0,1,77.054,9350.802,9273.748,19.2,29.4,63.0,False,False,False,False,False,False,False,False,False,True,False
BOT,77,Alfa Romeo,70.0,2.0,MEDIUM,34.0,True,11.0,1,77.699,9428.501,9350.802,19.1,29.4,61.0,False,False,False,False,False,False,False,False,False,True,False
PIA,81,McLaren,1.0,1.0,MEDIUM,1.0,True,7.0,1,87.463,3813.184,3725.478,18.3,32.2,64.0,False,False,False,False,True,False,False,False,False,False,False
PIA,81,McLaren,2.0,1.0,MEDIUM,2.0,True,7.0,1,79.753,3892.937,3813.184,18.3,32.5,64.0,False,False,False,False,False,False,False,False,False,True,False
PIA,81,McLaren,3.0,1.0,MEDIUM,3.0,True,7.0,1,78.489,3971.426,3892.937,18.5,32.5,63.0,False,False,False,False,False,False,False,False,False,True,False
PIA,81,McLaren,4.0,1.0,MEDIUM,4.0,True,7.0,1,78.94,4050.366,3971.426,18.4,31.4,64.0,False,False,False,False,False,False,False,False,False,True,False
PIA,81,McLaren,5.0,1.0,MEDIUM,5.0,True,7.0,1,78.182,4128.548,4050.366,18.5,31.1,65.0,False,False,False,False,False,False,False,False,False,True,False
PIA,81,McLaren,6.0,1.0,MEDIUM,6.0,True,7.0,1,78.615,4207.163,4128.548,18.5,30.8,62.0,False,False,False,False,False,False,False,False,False,True,False
PIA,81,McLaren,7.0,1.0,MEDIUM,7.0,True,6.0,12,79.158,4286.321,4207.163,18.5,30.8,62.0,False,False,False,False,False,False,True,False,False,False,False
PIA,81,McLaren,8.0,1.0,MEDIUM,8.0,True,6.0,2671,92.925,4379.246,4286.321,18.6,30.8,62.0,False,False,False,False,True,False,True,False,False,False,False
PIA,81,McLaren,9.0,1.0,MEDIUM,9.0,True,6.0,1,78.486,4457.732,4379.246,18.7,31.6,61.0,False,False,False,False,False,False,False,False,False,True,False
PIA,81,McLaren,10.0,1.0,MEDIUM,10.0,True,6.0,1,78.511,4536.243,4457.732,18.7,31.9,61.0,False,False,False,False,False,False,False,False,False,True,False
PIA,81,McLaren,11.0,1.0,MEDIUM,11.0,True,6.0,1,78.429,4614.672,4536.243,18.7,30.9,62.0,False,False,False,False,False,False,False,False,False,True,False
PIA,81,McLaren,12.0,1.0,MEDIUM,12.0,True,10.0,124,105.429,4720.101,4614.672,18.8,32.8,63.0,False,True,False,False,True,False,True,False,False,False,False
PIA,81,McLaren,13.0,2.0,HARD,1.0,True,10.0,4,131.956,4852.057,4720.101,19.0,33.0,61.0,False,False,True,False,True,False,True,False,False,False,False
PIA,81,McLaren,14.0,2.0,HARD,2.0,True,10.0,4,126.175,4978.232,4852.057,19.0,34.3,60.0,False,False,False,False,True,False,True,False,False,False,False
PIA,81,McLaren,15.0,2.0,HARD,3.0,True,10.0,4,114.272,5092.504,4978.232,19.3,34.0,60.0,False,False,False,False,True,False,True,False,False,False,False
PIA,81,McLaren,16.0,2.0,HARD,4.0,True,10.0,41,127.645,5220.149,5092.504,19.4,33.8,61.0,False,False,False,False,True,False,True,False,False,False,False
PIA,81,McLaren,17.0,2.0,HARD,5.0,True,11.0,1,80.768,5300.917,5220.149,19.4,33.1,60.0,False,False,False,False,False,False,False,False,False,True,False
PIA,81,McLaren,18.0,2.0,HARD,6.0,True,11.0,1,79.24,5380.157,5300.917,19.4,33.0,61.0,False,False,False,False,False,False,False,False,False,True,False
PIA,81,McLaren,19.0,2.0,HARD,7.0,True,12.0,1,78.501,5458.658,5380.157,19.3,32.3,61.0,False,False,False,False,False,False,False,False,True,False,False
PIA,81,McLaren,20.0,2.0,HARD,8.0,True,12.0,1,78.533,5537.191,5458.658,19.0,31.3,62.0,False,False,False,False,False,False,False,False,False,True,False
PIA,81,McLaren,21.0,2.0,HARD,9.0,True,12.0,1,78.974,5616.165,5537.191,18.9,31.3,62.0,False,False,False,False,False,False,False,False,False,True,False
PIA,81,McLaren,22.0,2.0,HARD,10.0,True,11.0,1,78.056,5694.221,5616.165,18.9,31.3,62.0,False,False,False,False,False,False,False,False,False,True,False
PIA,81,McLaren,23.0,2.0,HARD,11.0,True,11.0,1,78.557,5772.778,5694.221,18.8,30.8,64.0,False,False,False,False,False,False,False,False,False,True,False
PIA,81,McLaren,24.0,2.0,HARD,12.0,True,10.0,1,78.114,5850.892,5772.778,18.8,30.5,64.0,False,False,False,False,False,False,False,False,False,True,False
PIA,81,McLaren,25.0,2.0,HARD,13.0,True,10.0,1,78.308,5929.2,5850.892,18.9,30.5,64.0,False,False,False,False,False,False,False,False,False,True,False
PIA,81,McLaren,26.0,2.0,HARD,14.0,True,10.0,1,78.235,6007.435,5929.2,18.9,31.6,64.0,False,False,False,False,False,False,False,False,False,True,False
PIA,81,McLaren,27.0,2.0,HARD,15.0,True,10.0,1,78.041,6085.476,6007.435,19.0,31.2,62.0,False,False,False,False,False,False,False,False,False,True,False
PIA,81,McLaren,28.0,2.0,HARD,16.0,True,10.0,12,78.06,6163.536,6085.476,19.0,31.2,62.0,False,False,False,False,False,False,True,False,False,False,False
PIA,81,McLaren,29.0,2.0,HARD,17.0,True,10.0,1,78.216,6241.752,6163.536,19.1,29.8,62.0,False,False,False,False,False,False,False,False,False,True,False
PIA,81,McLaren,30.0,2.0,HARD,18.0,True,10.0,1,78.192,6319.944,6241.752,19.1,29.5,63.0,False,False,False,False,False,False,False,False,False,True,False
PIA,81,McLaren,31.0,2.0,HARD,19.0,True,10.0,1,78.209,6398.153,6319.944,19.1,29.5,63.0,False,False,False,False,False,False,False,False,False,True,False
PIA,81,McLaren,32.0,2.0,HARD,20.0,True,10.0,1,78.169,6476.322,6398.153,19.1,30.5,64.0,False,False,False,False,False,False,False,False,False,True,False
PIA,81,McLaren,33.0,2.0,HARD,21.0,True,10.0,1,78.386,6554.708,6476.322,19.1,30.7,64.0,False,False,False,False,False,False,False,False,False,True,False
PIA,81,McLaren,34.0,2.0,HARD,22.0,True,10.0,1,78.37,6633.078,6554.708,19.1,31.3,62.0,False,False,False,False,False,False,False,False,False,True,False
PIA,81,McLaren,35.0,2.0,HARD,23.0,True,9.0,12,78.493,6711.571,6633.078,19.4,32.3,61.0,False,False,False,False,False,False,True,False,False,False,False
PIA,81,McLaren,36.0,2.0,HARD,24.0,True,7.0,21,78.609,6790.18,6711.571,19.4,32.3,61.0,False,False,False,False,False,False,True,False,False,False,False
PIA,81,McLaren,37.0,2.0,HARD,25.0,True,13.0,1,94.059,6884.239,6790.18,19.4,32.3,61.0,False,True,False,False,True,False,False,False,False,False,False
PIA,81,McLaren,38.0,3.0,HARD,1.0,False,13.0,1,80.869,6965.108,6884.239,19.3,31.6,62.0,False,False,True,False,True,False,False,False,False,False,False
PIA,81,McLaren,39.0,3.0,HARD,2.0,False,13.0,1,77.308,7042.416,6965.108,19.3,31.6,62.0,False,False,False,False,False,False,False,False,False,True,False
PIA,81,McLaren,40.0,3.0,HARD,3.0,False,13.0,1,77.192,7119.608,7042.416,19.4,31.6,62.0,False,False,False,False,False,False,False,False,False,True,False
PIA,81,McLaren,41.0,3.0,HARD,4.0,False,13.0,1,77.35,7196.958,7119.608,19.3,31.3,62.0,False,False,False,False,False,False,False,False,False,True,False
PIA,81,McLaren,42.0,3.0,HARD,5.0,False,13.0,1,77.355,7274.313,7196.958,19.4,31.8,60.0,False,False,False,False,False,False,False,False,False,True,False
PIA,81,McLaren,43.0,3.0,HARD,6.0,False,13.0,1,77.202,7351.515,7274.313,19.3,31.4,61.0,False,False,False,False,False,False,False,False,False,True,False
PIA,81,McLaren,44.0,3.0,HARD,7.0,False,13.0,1,77.106,7428.621,7351.515,19.1,30.9,61.0,False,False,False,False,False,False,False,False,False,True,False
PIA,81,McLaren,45.0,3.0,HARD,8.0,False,13.0,1,76.874,7505.495,7428.621,19.1,30.7,64.0,False,False,False,False,False,False,False,False,False,True,False
PIA,81,McLaren,46.0,3.0,HARD,9.0,False,13.0,1,76.812,7582.307,7505.495,19.1,30.7,64.0,False,False,False,False,False,False,False,False,False,True,False
PIA,81,McLaren,47.0,3.0,HARD,10.0,False,13.0,1,77.022,7659.329,7582.307,19.2,30.8,63.0,False,False,False,False,False,False,False,False,False,True,False
PIA,81,McLaren,48.0,3.0,HARD,11.0,False,13.0,1,77.081,7736.41,7659.329,19.1,30.7,61.0,False,False,False,False,False,False,False,False,False,True,False
PIA,81,McLaren,49.0,3.0,HARD,12.0,False,13.0,1,77.164,7813.574,7736.41,19.2,30.2,62.0,False,False,False,False,False,False,False,False,False,True,False
PIA,81,McLaren,50.0,3.0,HARD,13.0,False,13.0,1,77.357,7890.931,7813.574,19.1,29.9,62.0,False,False,False,False,False,False,False,False,False,True,False
PIA,81,McLaren,51.0,3.0,HARD,14.0,False,13.0,1,77.173,7968.104,7890.931,19.1,29.5,62.0,False,False,False,False,False,False,False,False,False,True,False
PIA,81,McLaren,52.0,3.0,HARD,15.0,False,13.0,1,76.906,8045.01,7968.104,19.1,29.1,63.0,False,False,False,False,False,False,False,False,False,True,False
PIA,81,McLaren,53.0,3.0,HARD,16.0,False,13.0,1,76.712,8121.722,8045.01,19.0,29.1,64.0,False,False,False,False,False,False,False,False,False,True,False
PIA,81,McLaren,54.0,3.0,HARD,17.0,False,13.0,1,76.87,8198.592,8121.722,19.0,29.1,64.0,False,False,False,False,False,False,False,False,False,True,False
PIA,81,McLaren,55.0,3.0,HARD,18.0,False,12.0,1,76.95,8275.542,8198.592,19.0,29.1,63.0,False,False,False,False,False,False,False,False,False,True,False
PIA,81,McLaren,56.0,3.0,HARD,19.0,False,12.0,1,76.826,8352.368,8275.542,19.1,29.2,63.0,False,False,False,False,False,False,False,False,False,True,False
PIA,81,McLaren,57.0,3.0,HARD,20.0,False,12.0,1,76.895,8429.263,8352.368,19.0,29.3,63.0,False,False,False,False,False,False,False,False,False,True,False
PIA,81,McLaren,58.0,3.0,HARD,21.0,False,12.0,1,76.68,8505.943,8429.263,19.0,29.3,64.0,False,False,False,False,False,False,False,False,False,True,False
PIA,81,McLaren,59.0,3.0,HARD,22.0,False,12.0,1,76.598,8582.541,8505.943,19.0,29.3,63.0,False,False,False,False,False,False,False,False,False,True,False
PIA,81,McLaren,60.0,3.0,HARD,23.0,False,12.0,1,76.716,8659.257,8582.541,19.1,29.2,63.0,False,False,False,False,False,False,False,False,False,True,False
PIA,81,McLaren,61.0,3.0,HARD,24.0,False,12.0,1,76.781,8736.038,8659.257,19.1,29.2,63.0,False,False,False,False,False,False,False,False,False,True,False
PIA,81,McLaren,62.0,3.0,HARD,25.0,False,12.0,1,76.805,8812.843,8736.038,19.1,29.1,63.0,False,False,False,False,False,False,False,False,False,True,False
PIA,81,McLaren,63.0,3.0,HARD,26.0,False,12.0,1,77.242,8890.085,8812.843,19.2,29.7,63.0,False,False,False,False,False,False,False,False,False,True,False
PIA,81,McLaren,64.0,3.0,HARD,27.0,False,12.0,1,76.935,8967.02,8890.085,19.3,29.8,62.0,False,False,False,False,False,False,False,False,False,True,False
PIA,81,McLaren,65.0,3.0,HARD,28.0,False,12.0,1,76.853,9043.873,8967.02,19.3,29.7,61.0,False,False,False,False,False,False,False,False,False,True,False
PIA,81,McLaren,66.0,3.0,HARD,29.0,False,12.0,1,76.711,9120.584,9043.873,19.3,29.4,61.0,False,False,False,False,False,False,False,False,False,True,False
PIA,81,McLaren,67.0,3.0,HARD,30.0,False,12.0,1,77.2,9197.784,9120.584,19.2,29.3,61.0,False,False,False,False,False,False,False,False,False,True,False
PIA,81,McLaren,68.0,3.0,HARD,31.0,False,12.0,1,77.0,9274.784,9197.784,19.3,29.3,62.0,False,False,False,False,False,False,False,False,False,True,False
PIA,81,McLaren,69.0,3.0,HARD,32.0,False,12.0,1,77.09,9351.874,9274.784,19.2,29.4,63.0,False,False,False,False,False,False,False,False,False,True,False
PIA,81,McLaren,70.0,3.0,HARD,33.0,False,12.0,1,77.296,9429.17,9351.874,19.1,29.4,61.0,False,False,False,False,False,False,False,False,True,False,False
