Driver,DriverNumber,Team,LapNumber,Stint,Compound,TyreLife,FreshTyre,Position,TrackStatus,lap_time_s,time_s,lap_start_time_s,air_temp_c,track_temp_c,humidity_pct,rainfall,is_in_lap,is_out_lap,is_missing_laptime,is_inaccurate,is_wet_compound,is_non_green,is_unknown_status,is_deleted,is_pace_lap,stint_crosses_red_flag
VER,1,Red Bull Racing,1.0,1.0,MEDIUM,1.0,True,1.0,1,101.528,3419.963,3318.169,18.8,31.1,66.0,False,False,False,False,True,False,False,False,False,False,False
VER,1,Red Bull Racing,2.0,1.0,MEDIUM,2.0,True,1.0,1,100.103,3520.066,3419.963,18.7,31.3,66.0,False,False,False,False,False,False,False,False,False,True,False
VER,1,Red Bull Racing,3.0,1.0,MEDIUM,3.0,True,1.0,1,100.494,3620.56,3520.066,18.8,30.4,65.0,False,False,False,False,False,False,False,False,False,True,False
VER,1,Red Bull Racing,4.0,1.0,MEDIUM,4.0,True,1.0,1,100.573,3721.133,3620.56,18.9,30.6,65.0,False,False,False,False,False,False,False,False,False,True,False
VER,1,Red Bull Racing,5.0,1.0,MEDIUM,5.0,True,1.0,1,100.919,3822.052,3721.133,19.0,30.5,65.0,False,False,False,False,False,False,False,False,False,True,False
VER,1,Red Bull Racing,6.0,1.0,MEDIUM,6.0,True,1.0,1,101.147,3923.199,3822.052,19.0,30.7,66.0,False,False,False,False,False,False,False,False,False,True,False
VER,1,Red Bull Racing,7.0,1.0,MEDIUM,7.0,True,1.0,1,101.118,4024.317,3923.199,19.0,30.7,66.0,False,False,False,False,False,False,False,False,False,True,False
VER,1,Red Bull Racing,8.0,1.0,MEDIUM,8.0,True,1.0,1,101.11,4125.427,4024.317,19.0,30.7,65.0,False,False,False,False,False,False,False,False,False,True,False
VER,1,Red Bull Racing,9.0,1.0,MEDIUM,9.0,True,1.0,1,101.155,4226.582,4125.427,19.0,30.7,65.0,False,False,False,False,False,False,False,False,False,True,False
VER,1,Red Bull Racing,10.0,1.0,MEDIUM,10.0,True,1.0,1,101.424,4328.006,4226.582,19.0,30.6,65.0,False,False,False,False,False,False,False,False,False,True,False
VER,1,Red Bull Racing,11.0,1.0,MEDIUM,11.0,True,1.0,1,101.401,4429.407,4328.006,18.9,30.2,65.0,False,False,False,False,False,False,False,False,False,True,False
VER,1,Red Bull Racing,12.0,1.0,MEDIUM,12.0,True,1.0,1,101.318,4530.725,4429.407,18.9,30.2,66.0,False,False,False,False,False,False,False,False,False,True,False
VER,1,Red Bull Racing,13.0,1.0,MEDIUM,13.0,True,1.0,1,106.526,4637.251,4530.725,18.8,30.5,66.0,False,True,False,False,True,False,False,False,False,False,False
VER,1,Red Bull Racing,14.0,2.0,HARD,1.0,True,3.0,1,119.074,4756.325,4637.251,18.9,30.3,66.0,False,False,True,False,True,False,False,False,False,False,False
VER,1,Red Bull Racing,15.0,2.0,HARD,2.0,True,3.0,1,99.591,4855.916,4756.325,18.8,30.1,66.0,False,False,False,False,False,False,False,False,False,True,False
VER,1,Red Bull Racing,16.0,2.0,HARD,3.0,True,2.0,1,99.985,4955.901,4855.916,18.8,30.1,65.0,False,False,False,False,False,False,False,False,False,True,False
VER,1,Red Bull Racing,17.0,2.0,HARD,4.0,True,2.0,1,99.519,5055.42,4955.901,18.6,29.8,66.0,False,False,False,False,False,False,False,False,False,True,False
VER,1,Red Bull Racing,18.0,2.0,HARD,5.0,True,2.0,1,100.07,5155.49,5055.42,18.6,29.7,66.0,False,False,False,False,False,False,False,False,False,True,False
VER,1,Red Bull Racing,19.0,2.0,HARD,6.0,True,1.0,1,100.139,5255.629,5155.49,18.6,29.9,67.0,False,False,False,False,False,False,False,False,False,True,False
VER,1,Red Bull Racing,20.0,2.0,HARD,7.0,True,1.0,1,100.081,5355.71,5255.629,18.6,29.9,67.0,False,False,False,False,False,False,False,False,False,True,False
VER,1,Red Bull Racing,21.0,2.0,HARD,8.0,True,1.0,12,100.49,5456.2,5355.71,18.7,29.6,66.0,False,False,False,False,False,False,True,False,False,False,False
VER,1,Red Bull Racing,22.0,2.0,HARD,9.0,True,1.0,26,134.296,5590.496,5456.2,18.6,29.5,66.0,False,False,False,False,True,False,True,False,False,False,False
VER,1,Red Bull Racing,23.0,2.0,HARD,10.0,True,1.0,64,137.938,5728.434,5590.496,18.6,29.4,66.0,False,True,False,False,True,False,True,False,False,False,False
VER,1,Red Bull Racing,24.0,3.0,HARD,1.0,True,1.0,4,,5894.743,5728.434,18.6,29.7,67.0,False,False,True,True,True,False,True,False,False,False,False
VER,1,Red Bull Racing,25.0,3.0,HARD,2.0,True,1.0,4,145.05,6039.793,5894.743,18.6,29.4,66.0,False,False,False,False,True,False,True,False,False,False,False
VER,1,Red Bull Racing,26.0,3.0,HARD,3.0,True,1.0,41,,6197.156,6039.793,18.7,29.6,66.0,False,False,False,True,True,False,True,False,False,False,False
VER,1,Red Bull Racing,27.0,3.0,HARD,4.0,True,1.0,124,107.123,6304.279,6197.156,18.6,29.2,66.0,False,False,False,False,True,False,True,False,False,False,False
VER,1,Red Bull Racing,28.0,3.0,HARD,5.0,True,1.0,4,,6455.67,6304.279,18.6,29.2,66.0,False,False,False,True,True,False,True,False,False,False,False
VER,1,Red Bull Racing,29.0,3.0,HARD,6.0,True,1.0,4,146.57,6602.24,6455.67,18.6,29.2,67.0,False,False,False,False,True,False,True,False,False,False,False
VER,1,Red Bull Racing,30.0,3.0,HARD,7.0,True,1.0,4,140.118,6742.358,6602.24,18.5,29.1,67.0,False,False,False,False,True,False,True,False,False,False,False
VER,1,Red Bull Racing,31.0,3.0,HARD,8.0,True,1.0,41,148.77,6891.128,6742.358,18.5,29.1,67.0,False,False,False,False,True,False,True,False,False,False,False
VER,1,Red Bull Racing,32.0,3.0,HARD,9.0,True,1.0,1,98.604,6989.732,6891.128,18.5,28.8,66.0,False,False,False,False,False,False,False,False,False,True,False
VER,1,Red Bull Racing,33.0,3.0,HARD,10.0,True,1.0,1,98.406,7088.138,6989.732,18.3,28.8,67.0,False,False,False,False,False,False,False,False,False,True,False
VER,1,Red Bull Racing,34.0,3.0,HARD,11.0,True,1.0,1,98.426,7186.564,7088.138,18.4,28.9,67.0,False,False,False,False,False,False,False,False,False,True,False
VER,1,Red Bull Racing,35.0,3.0,HARD,12.0,True,1.0,1,98.765,7285.329,7186.564,18.3,28.9,67.0,False,False,False,False,False,False,False,False,False,True,False
VER,1,Red Bull Racing,36.0,3.0,HARD,13.0,True,1.0,1,98.825,7384.154,7285.329,18.4,28.7,67.0,False,False,False,False,False,False,False,False,False,True,False
VER,1,Red Bull Racing,37.0,3.0,HARD,14.0,True,1.0,1,98.801,7482.955,7384.154,18.4,28.7,67.0,False,False,False,False,False,False,False,False,False,True,False
VER,1,Red Bull Racing,38.0,3.0,HARD,15.0,True,1.0,1,98.855,7581.81,7482.955,18.4,28.5,67.0,False,False,False,False,False,False,False,False,False,True,False
VER,1,Red Bull Racing,39.0,3.0,HARD,16.0,True,1.0,1,98.742,7680.552,7581.81,18.4,28.4,68.0,False,False,False,False,False,False,False,False,False,True,False
VER,1,Red Bull Racing,40.0,3.0,HARD,17.0,True,1.0,1,98.956,7779.508,7680.552,18.4,28.5,68.0,False,False,False,False,False,False,False,False,False,True,False
VER,1,Red Bull Racing,41.0,3.0,HARD,18.0,True,1.0,1,99.067,7878.575,7779.508,18.4,28.3,68.0,False,False,False,False,False,False,False,False,False,True,False
VER,1,Red Bull Racing,42.0,3.0,HARD,19.0,True,1.0,1,99.227,7977.802,7878.575,18.4,28.1,67.0,False,False,False,False,False,False,False,False,False,True,False
VER,1,Red Bull Racing,43.0,3.0,HARD,20.0,True,1.0,1,99.224,8077.026,7977.802,18.4,28.2,67.0,False,False,False,False,False,False,False,False,False,True,False
VER,1,Red Bull Racing,44.0,3.0,HARD,21.0,True,1.0,1,99.305,8176.331,8077.026,18.4,27.9,67.0,False,False,False,False,False,False,False,False,False,True,False
VER,1,Red Bull Racing,45.0,3.0,HARD,22.0,True,1.0,1,99.216,8275.547,8176.331,18.3,27.7,67.0,False,False,False,False,False,False,False,False,False,True,False
VER,1,Red Bull Racing,46.0,3.0,HARD,23.0,True,1.0,1,99.433,8374.98,8275.547,18.3,27.7,67.0,False,False,False,False,False,False,False,False,False,True,False
VER,1,Red Bull Racing,47.0,3.0,HARD,24.0,True,1.0,1,99.422,8474.402,8374.98,18.2,27.4,67.0,False,False,False,False,False,False,False,False,False,True,False
VER,1,Red Bull Racing,48.0,3.0,HARD,25.0,True,1.0,1,99.325,8573.727,8474.402,18.2,27.9,68.0,False,False,False,False,False,False,False,False,False,True,False
VER,1,Red Bull Racing,49.0,3.0,HARD,26.0,True,1.0,1,99.35,8673.077,8573.727,18.2,28.0,68.0,False,False,False,False,False,False,False,False,False,True,False
VER,1,Red Bull Racing,50.0,3.0,HARD,27.0,True,1.0,1,99.445,8772.522,8673.077,18.2,27.7,68.0,False,False,False,False,False,False,False,False,False,True,False
VER,1,Red Bull Racing,51.0,3.0,HARD,28.0,True,1.0,1,99.276,8871.798,8772.522,18.2,27.6,68.0,False,False,False,False,False,False,False,False,False,True,False
VER,1,Red Bull Racing,52.0,3.0,HARD,29.0,True,1.0,1,99.694,8971.492,8871.798,18.2,27.7,68.0,False,False,False,False,False,False,False,False,False,True,False
VER,1,Red Bull Racing,53.0,3.0,HARD,30.0,True,1.0,1,99.654,9071.146,8971.492,18.2,27.7,68.0,False,False,False,False,False,False,False,False,False,True,False
VER,1,Red Bull Racing,54.0,3.0,HARD,31.0,True,1.0,1,99.773,9170.919,9071.146,18.2,27.5,68.0,False,False,False,False,False,False,False,False,False,True,False
VER,1,Red Bull Racing,55.0,3.0,HARD,32.0,True,1.0,1,99.805,9270.724,9170.919,18.2,27.4,67.0,False,False,False,False,False,False,False,False,False,True,False
VER,1,Red Bull Racing,56.0,3.0,HARD,33.0,True,1.0,1,100.253,9370.977,9270.724,18.2,27.3,68.0,False,False,False,False,False,False,False,False,False,True,False
GAS,10,Alpine,1.0,1.0,MEDIUM,1.0,True,14.0,1,109.907,3428.342,3318.169,18.8,31.1,66.0,False,False,False,False,True,False,False,False,False,False,False
GAS,10,Alpine,2.0,1.0,MEDIUM,2.0,True,14.0,1,103.179,3531.521,3428.342,18.7,31.0,65.0,False,False,False,False,False,False,False,False,False,True,False
GAS,10,Alpine,3.0,1.0,MEDIUM,3.0,True,14.0,1,103.012,3634.533,3531.521,18.8,30.4,65.0,False,False,False,False,False,False,False,False,False,True,False
GAS,10,Alpine,4.0,1.0,MEDIUM,4.0,True,14.0,1,102.847,3737.38,3634.533,18.9,30.6,65.0,False,False,False,False,False,False,False,False,True,False,False
GAS,10,Alpine,5.0,1.0,MEDIUM,5.0,True,14.0,1,103.552,3840.932,3737.38,19.0,30.7,66.0,False,False,False,False,False,False,False,False,False,True,False
GAS,10,Alpine,6.0,1.0,MEDIUM,6.0,True,14.0,1,103.494,3944.426,3840.932,19.0,30.7,66.0,False,False,False,False,False,False,False,False,False,True,False
GAS,10,Alpine,7.0,1.0,MEDIUM,7.0,True,14.0,1,103.352,4047.778,3944.426,19.0,30.7,66.0,False,False,False,False,False,False,False,False,False,True,False
GAS,10,Alpine,8.0,1.0,MEDIUM,8.0,True,13.0,1,103.871,4151.649,4047.778,19.0,30.9,65.0,False,False,False,False,False,False,False,False,False,True,False
GAS,10,Alpine,9.0,1.0,MEDIUM,9.0,True,10.0,1,103.691,4255.34,4151.649,19.0,30.7,65.0,False,False,False,False,False,False,False,False,False,True,False
GAS,10,Alpine,10.0,1.0,MEDIUM,10.0,True,9.0,1,103.435,4358.775,4255.34,19.0,30.6,65.0,False,False,False,False,False,False,False,False,False,True,False
GAS,10,Alpine,11.0,1.0,MEDIUM,11.0,True,11.0,1,108.722,4467.497,4358.775,18.9,30.2,65.0,False,True,False,False,True,False,False,False,False,False,False
GAS,10,Alpine,12.0,2.0,HARD,1.0,True,20.0,1,137.655,4605.152,4467.497,18.8,30.5,66.0,False,False,True,False,True,False,False,False,False,False,False
GAS,10,Alpine,13.0,2.0,HARD,2.0,True,20.0,1,101.071,4706.223,4605.152,18.8,30.5,65.0,False,False,False,False,False,False,False,False,False,True,False
GAS,10,Alpine,14.0,2.0,HARD,3.0,True,20.0,1,101.893,4808.116,4706.223,18.9,30.3,65.0,False,False,False,False,False,False,False,False,False,True,False
GAS,10,Alpine,15.0,2.0,HARD,4.0,True,20.0,1,101.679,4909.795,4808.116,18.8,30.1,65.0,False,False,False,False,False,False,False,False,False,True,False
GAS,10,Alpine,16.0,2.0,HARD,5.0,True,20.0,1,102.107,5011.902,4909.795,18.8,29.8,66.0,False,False,False,False,False,False,False,False,False,True,False
GAS,10,Alpine,17.0,2.0,HARD,6.0,True,20.0,1,101.956,5113.858,5011.902,18.6,29.9,67.0,False,False,False,False,False,False,False,False,False,True,False
GAS,10,Alpine,18.0,2.0,HARD,7.0,True,19.0,1,101.812,5215.67,5113.858,18.6,29.9,67.0,False,False,False,False,False,False,False,False,False,True,False
GAS,10,Alpine,19.0,2.0,HARD,8.0,True,19.0,1,102.136,5317.806,5215.67,18.5,29.9,67.0,False,False,False,False,False,False,False,False,False,True,False
GAS,10,Alpine,20.0,2.0,HARD,9.0,True,18.0,12,102.229,5420.035,5317.806,18.6,29.9,66.0,False,False,False,False,False,False,True,False,False,False,False
GAS,10,Alpine,21.0,2.0,HARD,10.0,True,18.0,26,123.25,5543.285,5420.035,18.6,29.6,66.0,False,False,False,False,True,False,True,False,False,False,False
GAS,10,Alpine,22.0,2.0,HARD,11.0,True,18.0,6,134.094,5677.379,5543.285,18.6,29.5,66.0,False,False,False,False,True,False,True,False,False,False,False
GAS,10,Alpine,23.0,2.0,HARD,12.0,True,19.0,64,138.481,5815.86,5677.379,18.6,29.7,67.0,False,True,False,False,True,False,True,False,False,False,False
GAS,10,Alpine,24.0,3.0,HARD,1.0,True,19.0,4,149.898,5965.758,5815.86,18.6,29.4,67.0,False,False,True,False,True,False,True,False,False,False,False
GAS,10,Alpine,25.0,3.0,HARD,2.0,True,19.0,4,109.465,6075.223,5965.758,18.6,29.4,66.0,False,False,False,False,True,False,True,False,False,False,False
GAS,10,Alpine,26.0,3.0,HARD,3.0,True,18.0,41,132.45,6207.673,6075.223,18.7,29.6,66.0,False,False,False,False,True,False,True,False,False,False,False
GAS,10,Alpine,27.0,3.0,HARD,4.0,True,16.0,124,118.826,6326.499,6207.673,18.6,29.2,66.0,False,False,False,False,True,False,True,False,False,False,False
GAS,10,Alpine,28.0,3.0,HARD,5.0,True,16.0,4,146.862,6473.361,6326.499,18.6,29.2,67.0,False,False,False,False,True,False,True,False,False,False,False
GAS,10,Alpine,29.0,3.0,HARD,6.0,True,16.0,4,146.365,6619.726,6473.361,18.6,29.2,67.0,False,False,False,False,True,False,True,False,False,False,False
GAS,10,Alpine,30.0,3.0,HARD,7.0,True,16.0,4,140.888,6760.614,6619.726,18.5,29.1,67.0,False,False,False,False,True,False,True,False,False,False,False
GAS,10,Alpine,31.0,3.0,HARD,8.0,True,16.0,41,139.27,6899.884,6760.614,18.5,29.1,67.0,False,False,False,False,True,False,True,False,False,False,False
GAS,10,Alpine,32.0,3.0,HARD,9.0,True,16.0,1,101.886,7001.77,6899.884,18.5,28.8,66.0,False,False,False,False,False,False,False,False,False,True,False
GAS,10,Alpine,33.0,3.0,HARD,10.0,True,14.0,1,102.047,7103.817,7001.77,18.3,28.8,67.0,False,False,False,False,False,False,False,False,False,True,False
GAS,10,Alpine,34.0,3.0,HARD,11.0,True,14.0,1,101.522,7205.339,7103.817,18.3,28.9,67.0,False,False,False,False,False,False,False,False,False,True,False
GAS,10,Alpine,35.0,3.0,HARD,12.0,True,14.0,1,101.078,7306.417,7205.339,18.3,28.9,67.0,False,False,False,False,False,False,False,False,False,True,False
GAS,10,Alpine,36.0,3.0,HARD,13.0,True,14.0,1,101.311,7407.728,7306.417,18.4,28.7,67.0,False,False,False,False,False,False,False,False,False,True,False
GAS,10,Alpine,37.0,3.0,HARD,14.0,True,13.0,1,101.071,7508.799,7407.728,18.4,28.8,67.0,False,False,False,False,False,False,False,False,False,True,False
GAS,10,Alpine,38.0,3.0,HARD,15.0,True,16.0,1,106.348,7615.147,7508.799,18.4,28.5,67.0,False,True,False,False,True,False,False,False,False,False,False
GAS,10,Alpine,39.0,4.0,MEDIUM,1.0,True,16.0,1,118.239,7733.386,7615.147,18.4,28.5,68.0,False,False,True,False,True,False,False,False,False,False,False
GAS,10,Alpine,40.0,4.0,MEDIUM,2.0,True,16.0,1,99.198,7832.584,7733.386,18.4,28.3,68.0,False,False,False,False,False,False,False,False,False,True,False
GAS,10,Alpine,41.0,4.0,MEDIUM,3.0,True,15.0,1,99.758,7932.342,7832.584,18.4,28.4,67.0,False,False,False,False,False,False,False,False,False,True,False
GAS,10,Alpine,42.0,4.0,MEDIUM,4.0,True,15.0,1,100.024,8032.366,7932.342,18.4,28.2,67.0,False,False,False,False,False,False,False,False,False,True,False
GAS,10,Alpine,43.0,4.0,MEDIUM,5.0,True,15.0,1,100.029,8132.395,8032.366,18.4,28.1,67.0,False,False,False,False,False,False,False,False,False,True,False
GAS,10,Alpine,44.0,4.0,MEDIUM,6.0,True,15.0,1,99.906,8232.301,8132.395,18.4,27.8,67.0,False,False,False,False,False,False,False,False,False,True,False
GAS,10,Alpine,45.0,4.0,MEDIUM,7.0,True,15.0,1,100.065,8332.366,8232.301,18.3,27.7,67.0,False,False,False,False,False,False,False,False,False,True,False
GAS,10,Alpine,46.0,4.0,MEDIUM,8.0,True,15.0,1,100.25,8432.616,8332.366,18.2,27.6,67.0,False,False,False,False,False,False,False,False,False,True,False
GAS,10,Alpine,47.0,4.0,MEDIUM,9.0,True,15.0,1,100.397,8533.013,8432.616,18.2,27.4,67.0,False,False,False,False,False,False,False,False,False,True,False
GAS,10,Alpine,48.0,4.0,MEDIUM,10.0,True,14.0,1,101.551,8634.564,8533.013,18.2,28.0,68.0,False,False,False,False,False,False,False,False,True,False,False
GAS,10,Alpine,49.0,4.0,MEDIUM,11.0,True,14.0,1,100.305,8734.869,8634.564,18.2,28.0,68.0,False,False,False,False,False,False,False,False,False,True,False
GAS,10,Alpine,50.0,4.0,MEDIUM,12.0,True,14.0,1,100.138,8835.007,8734.869,18.2,27.6,67.0,False,False,False,False,False,False,False,False,False,True,False
GAS,10,Alpine,51.0,4.0,MEDIUM,13.0,True,14.0,1,100.497,8935.504,8835.007,18.2,27.7,68.0,False,False,False,False,False,False,False,False,False,True,False
GAS,10,Alpine,52.0,4.0,MEDIUM,14.0,True,14.0,1,101.052,9036.556,8935.504,18.2,27.6,68.0,False,False,False,False,False,False,False,False,False,True,False
GAS,10,Alpine,53.0,4.0,MEDIUM,15.0,True,13.0,1,101.373,9137.929,9036.556,18.2,27.9,68.0,False,False,False,False,False,False,False,False,False,True,False
GAS,10,Alpine,54.0,4.0,MEDIUM,16.0,True,13.0,1,100.727,9238.656,9137.929,18.2,27.4,67.0,False,False,False,False,False,False,False,False,False,True,False
GAS,10,Alpine,55.0,4.0,MEDIUM,17.0,True,13.0,1,100.737,9339.393,9238.656,18.2,27.4,67.0,False,False,False,False,False,False,False,False,False,True,False
GAS,10,Alpine,56.0,4.0,MEDIUM,18.0,True,13.0,1,100.819,9440.212,9339.393,18.1,27.3,68.0,False,False,False,False,False,False,False,False,False,True,False
PER,11,Red Bull Racing,1.0,1.0,MEDIUM,1.0,True,3.0,1,103.97,3422.405,3318.169,18.8,31.1,66.0,False,False,False,False,True,False,False,False,False,False,False
PER,11,Red Bull Racing,2.0,1.0,MEDIUM,2.0,True,3.0,1,100.881,3523.286,3422.405,18.7,31.3,66.0,False,False,False,False,False,False,False,False,False,True,False
PER,11,Red Bull Racing,3.0,1.0,MEDIUM,3.0,True,3.0,1,100.973,3624.259,3523.286,18.8,30.4,65.0,False,False,False,False,False,False,False,False,False,True,False
PER,11,Red Bull Racing,4.0,1.0,MEDIUM,4.0,True,3.0,1,101.604,3725.863,3624.259,18.9,30.6,65.0,False,False,False,False,False,False,False,False,False,True,False
PER,11,Red Bull Racing,5.0,1.0,MEDIUM,5.0,True,2.0,1,101.625,3827.488,3725.863,19.0,30.5,65.0,False,False,False,False,False,False,False,False,False,True,False
PER,11,Red Bull Racing,6.0,1.0,MEDIUM,6.0,True,2.0,1,101.656,3929.144,3827.488,19.0,30.7,66.0,False,False,False,False,False,False,False,False,False,True,False
PER,11,Red Bull Racing,7.0,1.0,MEDIUM,7.0,True,2.0,1,101.583,4030.727,3929.144,19.0,30.7,66.0,False,False,False,False,False,False,False,False,False,True,False
PER,11,Red Bull Racing,8.0,1.0,MEDIUM,8.0,True,2.0,1,101.713,4132.44,4030.727,19.0,30.9,65.0,False,False,False,False,False,False,False,False,False,True,False
PER,11,Red Bull Racing,9.0,1.0,MEDIUM,9.0,True,2.0,1,101.768,4234.208,4132.44,19.0,30.7,65.0,False,False,False,False,False,False,False,False,False,True,False
PER,11,Red Bull Racing,10.0,1.0,MEDIUM,10.0,True,2.0,1,101.84,4336.048,4234.208,19.0,30.6,65.0,False,False,False,False,False,False,False,False,False,True,False
PER,11,Red Bull Racing,11.0,1.0,MEDIUM,11.0,True,2.0,1,101.767,4437.815,4336.048,18.9,30.2,65.0,False,False,False,False,False,False,False,False,False,True,False
PER,11,Red Bull Racing,12.0,1.0,MEDIUM,12.0,True,2.0,1,102.266,4540.081,4437.815,18.9,30.2,66.0,False,False,False,False,False,False,False,False,False,True,False
PER,11,Red Bull Racing,13.0,1.0,MEDIUM,13.0,True,3.0,1,106.866,4646.947,4540.081,18.8,30.5,66.0,False,True,False,False,True,False,False,False,False,False,False
PER,11,Red Bull Racing,14.0,2.0,HARD,1.0,True,6.0,1,118.255,4765.202,4646.947,18.9,30.3,66.0,False,False,True,False,True,False,False,False,False,False,False
PER,11,Red Bull Racing,15.0,2.0,HARD,2.0,True,6.0,1,100.038,4865.24,4765.202,18.8,30.1,66.0,False,False,False,False,False,False,False,False,False,True,False
PER,11,Red Bull Racing,16.0,2.0,HARD,3.0,True,5.0,1,100.556,4965.796,4865.24,18.8,30.1,65.0,False,False,False,False,False,False,False,False,False,True,False
PER,11,Red Bull Racing,17.0,2.0,HARD,4.0,True,4.0,1,102.103,5067.899,4965.796,18.6,29.8,66.0,False,False,False,False,False,False,False,False,False,True,False
PER,11,Red Bull Racing,18.0,2.0,HARD,5.0,True,4.0,1,100.199,5168.098,5067.899,18.6,29.7,66.0,False,False,False,False,False,False,False,False,False,True,False
PER,11,Red Bull Racing,19.0,2.0,HARD,6.0,True,4.0,1,100.313,5268.411,5168.098,18.5,29.9,67.0,False,False,False,False,False,False,False,False,False,True,False
PER,11,Red Bull Racing,20.0,2.0,HARD,7.0,True,4.0,12,100.522,5368.933,5268.411,18.6,29.9,67.0,False,False,False,False,False,False,True,False,False,False,False
PER,11,Red Bull Racing,21.0,2.0,HARD,8.0,True,3.0,26,107.126,5476.059,5368.933,18.7,29.6,66.0,False,False,False,False,True,False,True,False,False,False,False
PER,11,Red Bull Racing,22.0,2.0,HARD,9.0,True,3.0,6,133.674,5609.733,5476.059,18.6,29.5,66.0,False,False,False,False,True,False,True,False,False,False,False
PER,11,Red Bull Racing,23.0,2.0,HARD,10.0,True,2.0,64,137.492,5747.225,5609.733,18.6,29.4,66.0,False,True,False,False,True,False,True,False,False,False,False
PER,11,Red Bull Racing,24.0,3.0,HARD,1.0,True,4.0,4,,5899.753,5747.225,18.6,29.7,67.0,False,False,True,True,True,False,True,False,False,False,False
PER,11,Red Bull Racing,25.0,3.0,HARD,2.0,True,4.0,4,144.356,6044.109,5899.753,18.6,29.4,66.0,False,False,False,False,True,False,True,False,False,False,False
PER,11,Red Bull Racing,26.0,3.0,HARD,3.0,True,4.0,41,,6199.345,6044.109,18.7,29.6,66.0,False,False,False,True,True,False,True,False,False,False,False
PER,11,Red Bull Racing,27.0,3.0,HARD,4.0,True,4.0,124,109.072,6308.417,6199.345,18.6,29.2,66.0,False,False,False,False,True,False,True,False,False,False,False
PER,11,Red Bull Racing,28.0,3.0,HARD,5.0,True,4.0,4,,6459.69,6308.417,18.6,29.2,66.0,False,False,False,True,True,False,True,False,False,False,False
PER,11,Red Bull Racing,29.0,3.0,HARD,6.0,True,4.0,4,145.947,6605.637,6459.69,18.6,29.2,67.0,False,False,False,False,True,False,True,False,False,False,False
PER,11,Red Bull Racing,30.0,3.0,HARD,7.0,True,4.0,4,141.644,6747.281,6605.637,18.5,29.1,67.0,False,False,False,False,True,False,True,False,False,False,False
PER,11,Red Bull Racing,31.0,3.0,HARD,8.0,True,4.0,41,145.856,6893.137,6747.281,18.5,29.1,67.0,False,False,False,False,True,False,True,False,False,False,False
PER,11,Red Bull Racing,32.0,3.0,HARD,9.0,True,4.0,1,99.731,6992.868,6893.137,18.5,28.8,66.0,False,False,False,False,False,False,False,False,False,True,False
PER,11,Red Bull Racing,33.0,3.0,HARD,10.0,True,4.0,1,99.388,7092.256,6992.868,18.3,28.8,67.0,False,False,False,False,False,False,False,False,False,True,False
PER,11,Red Bull Racing,34.0,3.0,HARD,11.0,True,4.0,1,99.512,7191.768,7092.256,18.3,28.9,67.0,False,False,False,False,False,False,False,False,False,True,False
PER,11,Red Bull Racing,35.0,3.0,HARD,12.0,True,4.0,1,99.698,7291.466,7191.768,18.3,28.9,67.0,False,False,False,False,False,False,False,False,False,True,False
PER,11,Red Bull Racing,36.0,3.0,HARD,13.0,True,4.0,1,99.68,7391.146,7291.466,18.4,28.7,67.0,False,False,False,False,False,False,False,False,False,True,False
PER,11,Red Bull Racing,37.0,3.0,HARD,14.0,True,4.0,1,100.005,7491.151,7391.146,18.4,28.8,67.0,False,False,False,False,False,False,False,False,False,True,False
PER,11,Red Bull Racing,38.0,3.0,HARD,15.0,True,4.0,1,100.068,7591.219,7491.151,18.4,28.5,67.0,False,False,False,False,False,False,False,False,False,True,False
PER,11,Red Bull Racing,39.0,3.0,HARD,16.0,True,3.0,1,99.409,7690.628,7591.219,18.4,28.4,68.0,False,False,False,False,False,False,False,False,False,True,False
PER,11,Red Bull Racing,40.0,3.0,HARD,17.0,True,3.0,1,99.687,7790.315,7690.628,18.4,28.3,68.0,False,False,False,False,False,False,False,False,False,True,False
PER,11,Red Bull Racing,41.0,3.0,HARD,18.0,True,3.0,1,99.599,7889.914,7790.315,18.4,28.3,68.0,False,False,False,False,False,False,False,False,False,True,False
PER,11,Red Bull Racing,42.0,3.0,HARD,19.0,True,3.0,1,99.521,7989.435,7889.914,18.4,28.1,67.0,False,False,False,False,False,False,False,False,False,True,False
PER,11,Red Bull Racing,43.0,3.0,HARD,20.0,True,3.0,1,99.607,8089.042,7989.435,18.4,28.1,67.0,False,False,False,False,False,False,False,False,False,True,False
PER,11,Red Bull Racing,44.0,3.0,HARD,21.0,True,3.0,1,99.722,8188.764,8089.042,18.4,27.9,67.0,False,False,False,False,False,False,False,False,False,True,False
PER,11,Red Bull Racing,45.0,3.0,HARD,22.0,True,3.0,1,99.849,8288.613,8188.764,18.3,27.7,67.0,False,False,False,False,False,False,False,False,False,True,False
PER,11,Red Bull Racing,46.0,3.0,HARD,23.0,True,3.0,1,99.966,8388.579,8288.613,18.2,27.6,67.0,False,False,False,False,False,False,False,False,False,True,False
PER,11,Red Bull Racing,47.0,3.0,HARD,24.0,True,3.0,1,99.955,8488.534,8388.579,18.2,27.4,67.0,False,False,False,False,False,False,False,False,False,True,False
PER,11,Red Bull Racing,48.0,3.0,HARD,25.0,True,3.0,1,99.961,8588.495,8488.534,18.2,27.9,68.0,False,False,False,False,False,False,False,False,False,True,False
PER,11,Red Bull Racing,49.0,3.0,HARD,26.0,True,3.0,1,99.903,8688.398,8588.495,18.2,28.0,68.0,False,False,False,False,False,False,False,False,False,True,False
PER,11,Red Bull Racing,50.0,3.0,HARD,27.0,True,3.0,1,100.052,8788.45,8688.398,18.2,27.7,68.0,False,False,False,False,False,False,False,False,False,True,False
PER,11,Red Bull Racing,51.0,3.0,HARD,28.0,True,3.0,1,99.906,8888.356,8788.45,18.2,27.6,68.0,False,False,False,False,False,False,False,False,False,True,False
PER,11,Red Bull Racing,52.0,3.0,HARD,29.0,True,3.0,1,100.123,8988.479,8888.356,18.2,27.6,68.0,False,False,False,False,False,False,False,False,False,True,False
PER,11,Red Bull Racing,53.0,3.0,HARD,30.0,True,3.0,1,100.196,9088.675,8988.479,18.2,27.7,68.0,False,False,False,False,False,False,False,False,False,True,False
PER,11,Red Bull Racing,54.0,3.0,HARD,31.0,True,3.0,1,100.228,9188.903,9088.675,18.2,27.5,68.0,False,False,False,False,False,False,False,False,False,True,False
PER,11,Red Bull Racing,55.0,3.0,HARD,32.0,True,3.0,1,100.593,9289.496,9188.903,18.2,27.4,67.0,False,False,False,False,False,False,False,False,False,True,False
PER,11,Red Bull Racing,56.0,3.0,HARD,33.0,True,3.0,1,100.65,9390.146,9289.496,18.2,27.3,68.0,False,False,False,False,False,False,False,False,False,True,False
ALO,14,Aston Martin,1.0,1.0,MEDIUM,1.0,True,2.0,1,103.173,3421.608,3318.169,18.8,31.1,66.0,False,False,False,False,True,False,False,False,False,False,False
ALO,14,Aston Martin,2.0,1.0,MEDIUM,2.0,True,2.0,1,101.128,3522.736,3421.608,18.7,31.3,66.0,False,False,False,False,False,False,False,False,False,True,False
ALO,14,Aston Martin,3.0,1.0,MEDIUM,3.0,True,2.0,1,100.988,3623.724,3522.736,18.8,30.4,65.0,False,False,False,False,False,False,False,False,False,True,False
ALO,14,Aston Martin,4.0,1.0,MEDIUM,4.0,True,2.0,1,101.579,3725.303,3623.724,18.9,30.6,65.0,False,False,False,False,False,False,False,False,False,True,False
ALO,14,Aston Martin,5.0,1.0,MEDIUM,5.0,True,3.0,1,103.06,3828.363,3725.303,19.0,30.7,66.0,False,False,False,False,False,False,False,False,False,True,False
ALO,14,Aston Martin,6.0,1.0,MEDIUM,6.0,True,3.0,1,102.363,3930.726,3828.363,19.0,30.7,66.0,False,False,False,False,False,False,False,False,False,True,False
ALO,14,Aston Martin,7.0,1.0,MEDIUM,7.0,True,4.0,1,103.817,4034.543,3930.726,19.0,30.7,66.0,False,False,False,False,False,False,False,False,False,True,False
ALO,14,Aston Martin,8.0,1.0,MEDIUM,8.0,True,4.0,1,103.132,4137.675,4034.543,19.0,30.9,65.0,False,False,False,False,False,False,False,False,False,True,False
ALO,14,Aston Martin,9.0,1.0,MEDIUM,9.0,True,4.0,1,102.946,4240.621,4137.675,19.0,30.7,65.0,False,False,False,False,False,False,False,False,False,True,False
ALO,14,Aston Martin,10.0,1.0,MEDIUM,10.0,True,4.0,1,103.083,4343.704,4240.621,19.0,30.6,65.0,False,False,False,False,False,False,False,False,False,True,False
ALO,14,Aston Martin,11.0,1.0,MEDIUM,11.0,True,7.0,1,108.048,4451.752,4343.704,18.9,30.2,65.0,False,True,False,False,True,False,False,False,False,False,False
ALO,14,Aston Martin,12.0,2.0,HARD,1.0,True,9.0,1,120.05,4571.802,4451.752,18.8,30.5,66.0,False,False,True,False,True,False,False,False,False,False,False
ALO,14,Aston Martin,13.0,2.0,HARD,2.0,True,8.0,1,102.256,4674.058,4571.802,18.8,30.5,65.0,False,False,False,False,False,False,False,False,False,True,False
ALO,14,Aston Martin,14.0,2.0,HARD,3.0,True,7.0,1,100.944,4775.002,4674.058,18.9,30.3,66.0,False,False,False,False,False,False,False,False,False,True,False
ALO,14,Aston Martin,15.0,2.0,HARD,4.0,True,7.0,1,100.983,4875.985,4775.002,18.8,30.1,66.0,False,False,False,False,False,False,False,False,False,True,False
ALO,14,Aston Martin,16.0,2.0,HARD,5.0,True,7.0,1,101.274,4977.259,4875.985,18.8,29.8,66.0,False,False,False,False,False,False,False,False,False,True,False
ALO,14,Aston Martin,17.0,2.0,HARD,6.0,True,6.0,1,101.251,5078.51,4977.259,18.6,29.8,66.0,False,False,False,False,False,False,False,False,False,True,False
ALO,14,Aston Martin,18.0,2.0,HARD,7.0,True,5.0,1,101.229,5179.739,5078.51,18.6,29.7,66.0,False,False,False,False,False,False,False,False,False,True,False
ALO,14,Aston Martin,19.0,2.0,HARD,8.0,True,5.0,1,101.459,5281.198,5179.739,18.5,29.9,67.0,False,False,False,False,False,False,False,False,False,True,False
ALO,14,Aston Martin,20.0,2.0,HARD,9.0,True,5.0,12,101.64,5382.838,5281.198,18.6,29.9,67.0,False,False,False,False,False,False,True,False,False,False,False
ALO,14,Aston Martin,21.0,2.0,HARD,10.0,True,5.0,26,110.904,5493.742,5382.838,18.7,29.6,66.0,False,False,False,False,True,False,True,False,False,False,False
ALO,14,Aston Martin,22.0,2.0,HARD,11.0,True,4.0,6,133.864,5627.606,5493.742,18.6,29.5,66.0,False,False,False,False,True,False,True,False,False,False,False
ALO,14,Aston Martin,23.0,2.0,HARD,12.0,True,5.0,64,137.153,5764.759,5627.606,18.6,29.4,66.0,False,True,False,False,True,False,True,False,False,False,False
ALO,14,Aston Martin,24.0,3.0,SOFT,1.0,True,7.0,4,148.542,5913.301,5764.759,18.6,29.7,67.0,False,False,True,False,True,False,True,False,False,False,False
ALO,14,Aston Martin,25.0,3.0,SOFT,2.0,True,6.0,4,135.201,6048.502,5913.301,18.6,29.4,66.0,False,False,False,False,True,False,True,False,False,False,False
ALO,14,Aston Martin,26.0,3.0,SOFT,3.0,True,6.0,41,,6200.272,6048.502,18.7,29.6,66.0,False,False,False,True,True,False,True,False,False,False,False
ALO,14,Aston Martin,27.0,3.0,SOFT,4.0,True,5.0,124,110.392,6310.664,6200.272,18.6,29.2,66.0,False,False,False,False,True,False,True,False,False,False,False
ALO,14,Aston Martin,28.0,3.0,SOFT,5.0,True,5.0,4,,6460.674,6310.664,18.6,29.2,66.0,False,False,False,True,True,False,True,False,False,False,False
ALO,14,Aston Martin,29.0,3.0,SOFT,6.0,True,5.0,4,145.818,6606.492,6460.674,18.6,29.2,67.0,False,False,False,False,True,False,True,False,False,False,False
ALO,14,Aston Martin,30.0,3.0,SOFT,7.0,True,5.0,4,142.1,6748.592,6606.492,18.5,29.1,67.0,False,False,False,False,True,False,True,False,False,False,False
ALO,14,Aston Martin,31.0,3.0,SOFT,8.0,True,5.0,41,144.857,6893.449,6748.592,18.5,29.1,67.0,False,False,False,False,True,False,True,False,False,False,False
ALO,14,Aston Martin,32.0,3.0,SOFT,9.0,True,5.0,1,100.19,6993.639,6893.449,18.5,28.8,66.0,False,False,False,False,False,False,False,False,False,True,False
ALO,14,Aston Martin,33.0,3.0,SOFT,10.0,True,5.0,1,99.48,7093.119,6993.639,18.3,28.8,67.0,False,False,False,False,False,False,False,False,False,True,False
ALO,14,Aston Martin,34.0,3.0,SOFT,11.0,True,5.0,1,99.452,7192.571,7093.119,18.3,28.9,67.0,False,False,False,False,False,False,False,False,False,True,False
ALO,14,Aston Martin,35.0,3.0,SOFT,12.0,True,5.0,1,99.817,7292.388,7192.571,18.3,28.9,67.0,False,False,False,False,False,False,False,False,False,True,False
ALO,14,Aston Martin,36.0,3.0,SOFT,13.0,True,5.0,1,100.638,7393.026,7292.388,18.4,28.7,67.0,False,False,False,False,False,False,False,False,False,True,False
ALO,14,Aston Martin,37.0,3.0,SOFT,14.0,True,5.0,1,100.4,7493.426,7393.026,18.4,28.8,67.0,False,False,False,False,False,False,False,False,False,True,False
ALO,14,Aston Martin,38.0,3.0,SOFT,15.0,True,5.0,1,100.119,7593.545,7493.426,18.4,28.5,67.0,False,False,False,False,False,False,False,False,False,True,False
ALO,14,Aston Martin,39.0,3.0,SOFT,16.0,True,5.0,1,100.447,7693.992,7593.545,18.4,28.4,68.0,False,False,False,False,False,False,False,False,False,True,False
ALO,14,Aston Martin,40.0,3.0,SOFT,17.0,True,5.0,1,100.693,7794.685,7693.992,18.4,28.3,68.0,False,False,False,False,False,False,False,False,False,True,False
ALO,14,Aston Martin,41.0,3.0,SOFT,18.0,True,5.0,1,100.819,7895.504,7794.685,18.4,28.3,68.0,False,False,False,False,False,False,False,False,False,True,False
ALO,14,Aston Martin,42.0,3.0,SOFT,19.0,True,5.0,1,100.794,7996.298,7895.504,18.4,28.1,67.0,False,False,False,False,False,False,False,False,False,True,False
ALO,14,Aston Martin,43.0,3.0,SOFT,20.0,True,7.0,1,105.953,8102.251,7996.298,18.4,28.1,67.0,False,True,False,False,True,False,False,False,False,False,False
ALO,14,Aston Martin,44.0,4.0,MEDIUM,1.0,True,12.0,1,117.277,8219.528,8102.251,18.4,27.8,67.0,False,False,True,False,True,False,False,False,False,False,False
ALO,14,Aston Martin,45.0,4.0,MEDIUM,2.0,True,11.0,1,97.81,8317.338,8219.528,18.3,27.7,67.0,False,False,False,False,False,False,False,False,False,True,False
ALO,14,Aston Martin,46.0,4.0,MEDIUM,3.0,True,10.0,1,99.559,8416.897,8317.338,18.2,27.6,67.0,False,False,False,False,False,False,False,False,False,True,False
ALO,14,Aston Martin,47.0,4.0,MEDIUM,4.0,True,9.0,1,99.963,8516.86,8416.897,18.2,27.4,67.0,False,False,False,False,False,False,False,False,False,True,False
ALO,14,Aston Martin,48.0,4.0,MEDIUM,5.0,True,9.0,1,99.837,8616.697,8516.86,18.2,27.9,68.0,False,False,False,False,False,False,False,False,False,True,False
ALO,14,Aston Martin,49.0,4.0,MEDIUM,6.0,True,7.0,1,99.403,8716.1,8616.697,18.2,28.0,68.0,False,False,False,False,False,False,False,False,False,True,False
ALO,14,Aston Martin,50.0,4.0,MEDIUM,7.0,True,7.0,1,99.174,8815.274,8716.1,18.2,27.6,67.0,False,False,False,False,False,False,False,False,False,True,False
ALO,14,Aston Martin,51.0,4.0,MEDIUM,8.0,True,7.0,1,99.487,8914.761,8815.274,18.2,27.6,68.0,False,False,False,False,False,False,False,False,False,True,False
ALO,14,Aston Martin,52.0,4.0,MEDIUM,9.0,True,7.0,1,99.396,9014.157,8914.761,18.2,27.6,68.0,False,False,False,False,False,False,False,False,False,True,False
ALO,14,Aston Martin,53.0,4.0,MEDIUM,10.0,True,7.0,1,99.557,9113.714,9014.157,18.2,27.9,68.0,False,False,False,False,False,False,False,False,False,True,False
ALO,14,Aston Martin,54.0,4.0,MEDIUM,11.0,True,7.0,1,100.377,9214.091,9113.714,18.2,27.5,68.0,False,False,False,False,False,False,False,False,False,True,False
ALO,14,Aston Martin,55.0,4.0,MEDIUM,12.0,True,7.0,1,100.056,9314.147,9214.091,18.2,27.4,67.0,False,False,False,False,False,False,False,False,False,True,False
ALO,14,Aston Martin,56.0,4.0,MEDIUM,13.0,True,7.0,1,100.249,9414.396,9314.147,18.1,27.3,68.0,False,False,False,False,False,False,False,False,False,True,False
LEC,16,Ferrari,1.0,1.0,MEDIUM,1.0,True,7.0,1,106.488,3424.923,3318.169,18.8,31.1,66.0,False,False,False,False,True,False,False,False,False,False,False
LEC,16,Ferrari,2.0,1.0,MEDIUM,2.0,True,7.0,1,101.812,3526.735,3424.923,18.7,31.3,66.0,False,False,False,False,False,False,False,False,False,True,False
LEC,16,Ferrari,3.0,1.0,MEDIUM,3.0,True,7.0,1,102.09,3628.825,3526.735,18.8,30.4,65.0,False,False,False,False,False,False,False,False,False,True,False
LEC,16,Ferrari,4.0,1.0,MEDIUM,4.0,True,7.0,1,102.22,3731.045,3628.825,18.9,30.6,65.0,False,False,False,False,False,False,False,False,False,True,False
LEC,16,Ferrari,5.0,1.0,MEDIUM,5.0,True,7.0,1,102.095,3833.14,3731.045,19.0,30.7,66.0,False,False,False,False,False,False,False,False,False,True,False
LEC,16,Ferrari,6.0,1.0,MEDIUM,6.0,True,7.0,1,102.322,3935.462,3833.14,19.0,30.7,66.0,False,False,False,False,False,False,False,False,False,True,False
LEC,16,Ferrari,7.0,1.0,MEDIUM,7.0,True,7.0,1,102.417,4037.879,3935.462,19.0,30.7,66.0,False,False,False,False,False,False,False,False,False,True,False
LEC,16,Ferrari,8.0,1.0,MEDIUM,8.0,True,7.0,1,102.969,4140.848,4037.879,19.0,30.9,65.0,False,False,False,False,False,False,False,False,False,True,False
LEC,16,Ferrari,9.0,1.0,MEDIUM,9.0,True,6.0,1,102.189,4243.037,4140.848,19.0,30.7,65.0,False,False,False,False,False,False,False,False,False,True,False
LEC,16,Ferrari,10.0,1.0,MEDIUM,10.0,True,6.0,1,102.324,4345.361,4243.037,19.0,30.6,65.0,False,False,False,False,False,False,False,False,False,True,False
LEC,16,Ferrari,11.0,1.0,MEDIUM,11.0,True,4.0,1,102.128,4447.489,4345.361,18.9,30.2,65.0,False,False,False,False,False,False,False,False,False,True,False
LEC,16,Ferrari,12.0,1.0,MEDIUM,12.0,True,4.0,1,101.939,4549.428,4447.489,18.8,30.5,66.0,False,False,False,False,False,False,False,False,False,True,False
LEC,16,Ferrari,13.0,1.0,MEDIUM,13.0,True,4.0,1,102.079,4651.507,4549.428,18.8,30.5,66.0,False,False,False,False,False,False,False,False,False,True,False
LEC,16,Ferrari,14.0,1.0,MEDIUM,14.0,True,2.0,1,101.812,4753.319,4651.507,18.9,30.3,66.0,False,False,False,False,False,False,False,False,False,True,False
LEC,16,Ferrari,15.0,1.0,MEDIUM,15.0,True,2.0,1,101.864,4855.183,4753.319,18.8,30.1,66.0,False,False,False,False,False,False,False,False,False,True,False
LEC,16,Ferrari,16.0,1.0,MEDIUM,16.0,True,3.0,1,102.729,4957.912,4855.183,18.8,30.1,65.0,False,False,False,False,False,False,False,False,False,True,False
LEC,16,Ferrari,17.0,1.0,MEDIUM,17.0,True,3.0,1,101.979,5059.891,4957.912,18.6,29.8,66.0,False,False,False,False,False,False,False,False,False,True,False
LEC,16,Ferrari,18.0,1.0,MEDIUM,18.0,True,3.0,1,102.114,5162.005,5059.891,18.6,29.7,66.0,False,False,False,False,False,False,False,False,False,True,False
LEC,16,Ferrari,19.0,1.0,MEDIUM,19.0,True,3.0,1,101.982,5263.987,5162.005,18.6,29.9,67.0,False,False,False,False,False,False,False,False,False,True,False
LEC,16,Ferrari,20.0,1.0,MEDIUM,20.0,True,3.0,12,102.041,5366.028,5263.987,18.6,29.9,67.0,False,False,False,False,False,False,True,False,False,False,False
LEC,16,Ferrari,21.0,1.0,MEDIUM,21.0,True,4.0,26,111.969,5477.997,5366.028,18.7,29.6,66.0,False,True,False,False,True,False,True,False,False,False,False
LEC,16,Ferrari,22.0,2.0,HARD,1.0,True,5.0,6,,5628.238,5477.997,18.6,29.5,66.0,False,False,True,True,True,False,True,False,False,False,False
LEC,16,Ferrari,23.0,2.0,HARD,2.0,True,4.0,64,132.911,5761.149,5628.238,18.6,29.4,66.0,False,False,False,False,True,False,True,False,False,False,False
LEC,16,Ferrari,24.0,2.0,HARD,3.0,True,3.0,4,136.842,5897.991,5761.149,18.6,29.7,67.0,False,False,False,False,True,False,True,False,False,False,False
LEC,16,Ferrari,25.0,2.0,HARD,4.0,True,3.0,4,145.209,6043.2,5897.991,18.6,29.4,66.0,False,False,False,False,True,False,True,False,False,False,False
LEC,16,Ferrari,26.0,2.0,HARD,5.0,True,3.0,41,,6198.896,6043.2,18.7,29.6,66.0,False,False,False,True,True,False,True,False,False,False,False
LEC,16,Ferrari,27.0,2.0,HARD,6.0,True,3.0,124,108.724,6307.62,6198.896,18.6,29.2,66.0,False,False,False,False,True,False,True,False,False,False,False
LEC,16,Ferrari,28.0,2.0,HARD,7.0,True,3.0,4,,6458.759,6307.62,18.6,29.2,66.0,False,False,False,True,True,False,True,False,False,False,False
LEC,16,Ferrari,29.0,2.0,HARD,8.0,True,3.0,4,146.334,6605.093,6458.759,18.6,29.2,67.0,False,False,False,False,True,False,True,False,False,False,False
LEC,16,Ferrari,30.0,2.0,HARD,9.0,True,3.0,4,140.784,6745.877,6605.093,18.5,29.1,67.0,False,False,False,False,True,False,True,False,False,False,False
LEC,16,Ferrari,31.0,2.0,HARD,10.0,True,3.0,41,146.766,6892.643,6745.877,18.5,29.1,67.0,False,False,False,False,True,False,True,False,False,False,False
LEC,16,Ferrari,32.0,2.0,HARD,11.0,True,3.0,1,99.525,6992.168,6892.643,18.5,28.8,66.0,False,False,False,False,False,False,False,False,False,True,False
LEC,16,Ferrari,33.0,2.0,HARD,12.0,True,3.0,1,99.384,7091.552,6992.168,18.3,28.8,67.0,False,False,False,False,False,False,False,False,False,True,False
LEC,16,Ferrari,34.0,2.0,HARD,13.0,True,3.0,1,99.561,7191.113,7091.552,18.3,28.9,67.0,False,False,False,False,False,False,False,False,False,True,False
LEC,16,Ferrari,35.0,2.0,HARD,14.0,True,3.0,1,99.707,7290.82,7191.113,18.3,28.9,67.0,False,False,False,False,False,False,False,False,False,True,False
LEC,16,Ferrari,36.0,2.0,HARD,15.0,True,3.0,1,99.775,7390.595,7290.82,18.4,28.7,67.0,False,False,False,False,False,False,False,False,False,True,False
LEC,16,Ferrari,37.0,2.0,HARD,16.0,True,3.0,1,100.04,7490.635,7390.595,18.4,28.8,67.0,False,False,False,False,False,False,False,False,False,True,False
LEC,16,Ferrari,38.0,2.0,HARD,17.0,True,3.0,1,100.058,7590.693,7490.635,18.4,28.5,67.0,False,False,False,False,False,False,False,False,False,True,False
LEC,16,Ferrari,39.0,2.0,HARD,18.0,True,4.0,1,100.789,7691.482,7590.693,18.4,28.4,68.0,False,False,False,False,False,False,False,False,False,True,False
LEC,16,Ferrari,40.0,2.0,HARD,19.0,True,4.0,1,99.731,7791.213,7691.482,18.4,28.3,68.0,False,False,False,False,False,False,False,False,False,True,False
LEC,16,Ferrari,41.0,2.0,HARD,20.0,True,4.0,1,99.625,7890.838,7791.213,18.4,28.3,68.0,False,False,False,False,False,False,False,False,False,True,False
LEC,16,Ferrari,42.0,2.0,HARD,21.0,True,4.0,1,99.906,7990.744,7890.838,18.4,28.1,67.0,False,False,False,False,False,False,False,False,False,True,False
LEC,16,Ferrari,43.0,2.0,HARD,22.0,True,4.0,1,99.908,8090.652,7990.744,18.4,28.1,67.0,False,False,False,False,False,False,False,False,False,True,False
LEC,16,Ferrari,44.0,2.0,HARD,23.0,True,4.0,1,99.841,8190.493,8090.652,18.4,27.9,67.0,False,False,False,False,False,False,False,False,False,True,False
LEC,16,Ferrari,45.0,2.0,HARD,24.0,True,4.0,1,100.025,8290.518,8190.493,18.3,27.7,67.0,False,False,False,False,False,False,False,False,False,True,False
LEC,16,Ferrari,46.0,2.0,HARD,25.0,True,4.0,1,100.224,8390.742,8290.518,18.2,27.6,67.0,False,False,False,False,False,False,False,False,False,True,False
LEC,16,Ferrari,47.0,2.0,HARD,26.0,True,4.0,1,100.316,8491.058,8390.742,18.2,27.4,67.0,False,False,False,False,False,False,False,False,False,True,False
LEC,16,Ferrari,48.0,2.0,HARD,27.0,True,4.0,1,100.158,8591.216,8491.058,18.2,27.9,68.0,False,False,False,False,False,False,False,False,False,True,False
LEC,16,Ferrari,49.0,2.0,HARD,28.0,True,4.0,1,100.423,8691.639,8591.216,18.2,28.0,68.0,False,False,False,False,False,False,False,False,False,True,False
LEC,16,Ferrari,50.0,2.0,HARD,29.0,True,4.0,1,100.337,8791.976,8691.639,18.2,27.7,68.0,False,False,False,False,False,False,False,False,False,True,False
LEC,16,Ferrari,51.0,2.0,HARD,30.0,True,4.0,1,100.205,8892.181,8791.976,18.2,27.6,68.0,False,False,False,False,False,False,False,False,False,True,False
LEC,16,Ferrari,52.0,2.0,HARD,31.0,True,4.0,1,100.453,8992.634,8892.181,18.2,27.6,68.0,False,False,False,False,False,False,False,False,False,True,False
LEC,16,Ferrari,53.0,2.0,HARD,32.0,True,4.0,1,100.366,9093.0,8992.634,18.2,27.7,68.0,False,False,False,False,False,False,False,False,False,True,False
LEC,16,Ferrari,54.0,2.0,HARD,33.0,True,4.0,1,100.171,9193.171,9093.0,18.2,27.5,68.0,False,False,False,False,False,False,False,False,False,True,False
LEC,16,Ferrari,55.0,2.0,HARD,34.0,True,4.0,1,100.882,9294.053,9193.171,18.2,27.4,67.0,False,False,False,False,False,False,False,False,False,True,False
LEC,16,Ferrari,56.0,2.0,HARD,35.0,True,4.0,1,100.568,9394.621,9294.053,18.2,27.3,68.0,False,False,False,False,False,False,False,False,False,True,False
STR,18,Aston Martin,1.0,1.0,SOFT,1.0,True,10.0,1,107.73,3426.165,3318.169,18.8,31.1,66.0,False,False,False,False,True,False,False,False,False,False,False
STR,18,Aston Martin,2.0,1.0,SOFT,2.0,True,9.0,1,102.326,3528.491,3426.165,18.7,31.0,65.0,False,False,False,False,False,False,False,False,False,True,False
STR,18,Aston Martin,3.0,1.0,SOFT,3.0,True,9.0,1,102.305,3630.796,3528.491,18.8,30.4,65.0,False,False,False,False,False,False,False,False,False,True,False
STR,18,Aston Martin,4.0,1.0,SOFT,4.0,True,9.0,1,102.556,3733.352,3630.796,18.9,30.6,65.0,False,False,False,False,False,False,False,False,False,True,False
STR,18,Aston Martin,5.0,1.0,SOFT,5.0,True,9.0,1,102.984,3836.336,3733.352,19.0,30.7,66.0,False,False,False,False,False,False,False,False,False,True,False
STR,18,Aston Martin,6.0,1.0,SOFT,6.0,True,9.0,1,103.277,3939.613,3836.336,19.0,30.7,66.0,False,False,False,False,False,False,False,False,False,True,False
STR,18,Aston Martin,7.0,1.0,SOFT,7.0,True,9.0,1,103.261,4042.874,3939.613,19.0,30.7,66.0,False,False,False,False,False,False,False,False,False,True,False
STR,18,Aston Martin,8.0,1.0,SOFT,8.0,True,9.0,1,103.068,4145.942,4042.874,19.0,30.9,65.0,False,False,False,False,False,False,False,False,False,True,False
STR,18,Aston Martin,9.0,1.0,SOFT,9.0,True,9.0,1,107.714,4253.656,4145.942,19.0,30.7,65.0,False,True,False,False,True,False,False,False,False,False,False
STR,18,Aston Martin,10.0,2.0,MEDIUM,1.0,True,13.0,1,119.726,4373.382,4253.656,19.0,30.3,65.0,False,False,True,False,True,False,False,False,False,False,False
STR,18,Aston Martin,11.0,2.0,MEDIUM,2.0,True,13.0,1,101.281,4474.663,4373.382,18.9,30.2,65.0,False,False,False,False,False,False,False,False,False,True,False
STR,18,Aston Martin,12.0,2.0,MEDIUM,3.0,True,11.0,1,102.009,4576.672,4474.663,18.8,30.5,66.0,False,False,False,False,False,False,False,False,False,True,False
STR,18,Aston Martin,13.0,2.0,MEDIUM,4.0,True,11.0,1,101.472,4678.144,4576.672,18.8,30.5,65.0,False,False,False,False,False,False,False,False,False,True,False
STR,18,Aston Martin,14.0,2.0,MEDIUM,5.0,True,11.0,1,101.825,4779.969,4678.144,18.9,30.3,66.0,False,False,False,False,False,False,False,False,False,True,False
STR,18,Aston Martin,15.0,2.0,MEDIUM,6.0,True,9.0,1,101.47,4881.439,4779.969,18.8,30.1,66.0,False,False,False,False,False,False,False,False,False,True,False
STR,18,Aston Martin,16.0,2.0,MEDIUM,7.0,True,9.0,1,101.816,4983.255,4881.439,18.8,29.8,66.0,False,False,False,False,False,False,False,False,False,True,False
STR,18,Aston Martin,17.0,2.0,MEDIUM,8.0,True,8.0,1,101.721,5084.976,4983.255,18.6,29.8,66.0,False,False,False,False,False,False,False,False,False,True,False
STR,18,Aston Martin,18.0,2.0,MEDIUM,9.0,True,8.0,1,102.436,5187.412,5084.976,18.6,29.7,66.0,False,False,False,False,False,False,False,False,False,True,False
STR,18,Aston Martin,19.0,2.0,MEDIUM,10.0,True,8.0,1,102.334,5289.746,5187.412,18.5,29.9,67.0,False,False,False,False,False,False,False,False,False,True,False
STR,18,Aston Martin,20.0,2.0,MEDIUM,11.0,True,8.0,12,102.095,5391.841,5289.746,18.6,29.9,66.0,False,False,False,False,False,False,True,False,False,False,False
STR,18,Aston Martin,21.0,2.0,MEDIUM,12.0,True,9.0,26,118.981,5510.822,5391.841,18.6,29.6,66.0,False,True,False,False,True,False,True,False,False,False,False
STR,18,Aston Martin,22.0,3.0,HARD,1.0,True,13.0,6,,5661.668,5510.822,18.6,29.5,66.0,False,False,True,True,True,False,True,False,False,False,False
STR,18,Aston Martin,23.0,3.0,HARD,2.0,True,12.0,64,132.612,5794.28,5661.668,18.6,29.4,66.0,False,False,False,False,True,False,True,False,False,False,False
STR,18,Aston Martin,24.0,3.0,HARD,3.0,True,10.0,4,132.862,5927.142,5794.28,18.6,29.7,67.0,False,False,False,False,True,False,True,False,False,False,False
STR,18,Aston Martin,25.0,3.0,HARD,4.0,True,10.0,4,127.034,6054.176,5927.142,18.6,29.4,66.0,False,False,False,False,True,False,True,False,False,False,False
STR,18,Aston Martin,26.0,3.0,HARD,5.0,True,19.0,41,,6209.645,6054.176,18.7,29.6,66.0,False,True,False,True,True,False,True,False,False,False,False
STR,18,Aston Martin,27.0,4.0,MEDIUM,1.0,True,18.0,124,,6431.079,6209.645,18.6,29.2,66.0,False,False,True,True,True,False,True,False,False,False,False
STR,18,Aston Martin,28.0,4.0,MEDIUM,2.0,True,18.0,4,138.015,6569.094,6431.079,18.6,29.2,67.0,False,False,False,False,True,False,True,False,False,False,False
STR,18,Aston Martin,29.0,4.0,MEDIUM,3.0,True,18.0,4,104.547,6673.641,6569.094,18.5,29.2,67.0,False,False,False,False,True,False,True,False,False,False,False
STR,18,Aston Martin,30.0,4.0,MEDIUM,4.0,True,18.0,4,103.268,6776.909,6673.641,18.4,28.9,67.0,False,False,False,False,True,False,True,False,False,False,False
STR,18,Aston Martin,31.0,4.0,MEDIUM,5.0,True,18.0,41,124.24,6901.149,6776.909,18.5,29.1,67.0,False,False,False,False,True,False,True,False,False,False,False
STR,18,Aston Martin,32.0,4.0,MEDIUM,6.0,True,18.0,1,101.485,7002.634,6901.149,18.5,28.8,66.0,False,False,False,False,False,False,False,False,False,True,False
STR,18,Aston Martin,33.0,4.0,MEDIUM,7.0,True,17.0,1,102.201,7104.835,7002.634,18.3,28.8,67.0,False,False,False,False,False,False,False,False,False,True,False
STR,18,Aston Martin,34.0,4.0,MEDIUM,8.0,True,16.0,1,102.969,7207.804,7104.835,18.3,28.9,67.0,False,False,False,False,False,False,False,False,False,True,False
STR,18,Aston Martin,35.0,4.0,MEDIUM,9.0,True,17.0,1,105.678,7313.482,7207.804,18.3,28.9,67.0,False,True,False,False,True,False,False,False,False,False,False
STR,18,Aston Martin,36.0,5.0,HARD,6.0,False,17.0,1,130.576,7444.058,7313.482,18.4,28.7,67.0,False,False,True,False,True,False,False,False,False,False,False
STR,18,Aston Martin,37.0,5.0,HARD,7.0,False,17.0,1,99.444,7543.502,7444.058,18.4,28.8,67.0,False,False,False,False,False,False,False,False,False,True,False
STR,18,Aston Martin,38.0,5.0,HARD,8.0,False,17.0,1,99.449,7642.951,7543.502,18.4,28.5,67.0,False,False,False,False,False,False,False,False,False,True,False
STR,18,Aston Martin,39.0,5.0,HARD,9.0,False,17.0,1,99.639,7742.59,7642.951,18.4,28.5,68.0,False,False,False,False,False,False,False,False,False,True,False
STR,18,Aston Martin,40.0,5.0,HARD,10.0,False,17.0,1,99.905,7842.495,7742.59,18.4,28.3,68.0,False,False,False,False,False,False,False,False,False,True,False
STR,18,Aston Martin,41.0,5.0,HARD,11.0,False,17.0,1,100.145,7942.64,7842.495,18.4,28.4,67.0,False,False,False,False,False,False,False,False,False,True,False
STR,18,Aston Martin,42.0,5.0,HARD,12.0,False,17.0,1,99.953,8042.593,7942.64,18.4,28.2,67.0,False,False,False,False,False,False,False,False,False,True,False
STR,18,Aston Martin,43.0,5.0,HARD,13.0,False,17.0,1,100.351,8142.944,8042.593,18.4,28.1,67.0,False,False,False,False,False,False,False,False,False,True,False
STR,18,Aston Martin,44.0,5.0,HARD,14.0,False,17.0,1,100.358,8243.302,8142.944,18.4,27.8,67.0,False,False,False,False,False,False,False,False,False,True,False
STR,18,Aston Martin,45.0,5.0,HARD,15.0,False,17.0,1,100.291,8343.593,8243.302,18.3,27.7,67.0,False,False,False,False,False,False,False,False,False,True,False
STR,18,Aston Martin,46.0,5.0,HARD,16.0,False,17.0,1,100.736,8444.329,8343.593,18.2,27.6,67.0,False,False,False,False,False,False,False,False,False,True,False
STR,18,Aston Martin,47.0,5.0,HARD,17.0,False,17.0,1,100.654,8544.983,8444.329,18.2,27.4,67.0,False,False,False,False,False,False,False,False,False,True,False
STR,18,Aston Martin,48.0,5.0,HARD,18.0,False,17.0,1,100.297,8645.28,8544.983,18.2,28.0,68.0,False,False,False,False,False,False,False,False,False,True,False
STR,18,Aston Martin,49.0,5.0,HARD,19.0,False,17.0,1,100.569,8745.849,8645.28,18.2,28.0,68.0,False,False,False,False,False,False,False,False,False,True,False
STR,18,Aston Martin,50.0,5.0,HARD,20.0,False,17.0,1,100.588,8846.437,8745.849,18.2,27.6,67.0,False,False,False,False,False,False,False,False,False,True,False
STR,18,Aston Martin,51.0,5.0,HARD,21.0,False,17.0,1,100.717,8947.154,8846.437,18.2,27.7,68.0,False,False,False,False,False,False,False,False,False,True,False
STR,18,Aston Martin,52.0,5.0,HARD,22.0,False,17.0,1,100.988,9048.142,8947.154,18.2,27.6,68.0,False,False,False,False,False,False,False,False,False,True,False
STR,18,Aston Martin,53.0,5.0,HARD,23.0,False,17.0,1,101.402,9149.544,9048.142,18.2,27.9,68.0,False,False,False,False,False,False,False,False,False,True,False
STR,18,Aston Martin,54.0,5.0,HARD,24.0,False,17.0,1,101.571,9251.115,9149.544,18.2,27.4,67.0,False,False,False,False,False,False,False,False,False,True,False
STR,18,Aston Martin,55.0,5.0,HARD,25.0,False,16.0,1,101.143,9352.258,9251.115,18.2,27.3,68.0,False,False,False,False,False,False,False,False,False,True,False
STR,18,Aston Martin,56.0,5.0,HARD,26.0,False,16.0,1,101.502,9453.76,9352.258,18.1,27.3,68.0,False,False,False,False,False,False,False,False,False,True,False
SAR,2,Williams,1.0,1.0,SOFT,1.0,True,20.0,1,112.13,3430.565,3318.169,18.8,31.1,66.0,False,False,True,False,True,False,False,False,False,False,False
SAR,2,Williams,2.0,1.0,SOFT,2.0,True,20.0,1,104.088,3534.653,3430.565,18.7,31.0,65.0,False,False,False,False,False,False,False,False,False,True,False
SAR,2,Williams,3.0,1.0,SOFT,3.0,True,20.0,1,103.644,3638.297,3534.653,18.8,30.4,65.0,False,False,False,False,False,False,False,False,False,True,False
SAR,2,Williams,4.0,1.0,SOFT,4.0,True,20.0,1,104.226,3742.523,3638.297,18.9,30.6,65.0,False,False,False,False,False,False,False,False,False,True,False
SAR,2,Williams,5.0,1.0,SOFT,5.0,True,20.0,1,103.516,3846.039,3742.523,19.0,30.7,66.0,False,False,False,False,False,False,False,False,False,True,False
SAR,2,Williams,6.0,1.0,SOFT,6.0,True,20.0,1,103.726,3949.765,3846.039,19.0,31.0,66.0,False,False,False,False,False,False,False,False,False,True,False
SAR,2,Williams,7.0,1.0,SOFT,7.0,True,20.0,1,104.084,4053.849,3949.765,19.0,30.7,66.0,False,False,False,False,False,False,False,False,False,True,False
SAR,2,Williams,8.0,1.0,SOFT,8.0,True,18.0,1,104.213,4158.062,4053.849,19.0,30.9,65.0,False,False,False,False,False,False,False,False,True,False,False
SAR,2,Williams,9.0,1.0,SOFT,9.0,True,16.0,1,103.236,4261.298,4158.062,19.0,30.7,65.0,False,False,False,False,False,False,False,False,False,True,False
SAR,2,Williams,10.0,1.0,SOFT,10.0,True,12.0,1,103.684,4364.982,4261.298,19.0,30.6,65.0,False,False,False,False,False,False,False,False,False,True,False
SAR,2,Williams,11.0,1.0,SOFT,11.0,True,12.0,1,103.575,4468.557,4364.982,18.9,30.2,65.0,False,False,False,False,False,False,False,False,False,True,False
SAR,2,Williams,12.0,1.0,SOFT,12.0,True,12.0,1,109.069,4577.626,4468.557,18.8,30.5,66.0,False,True,False,False,True,False,False,False,False,False,False
SAR,2,Williams,13.0,2.0,MEDIUM,1.0,True,19.0,1,120.228,4697.854,4577.626,18.8,30.5,65.0,False,False,True,False,True,False,False,False,False,False,False
SAR,2,Williams,14.0,2.0,MEDIUM,2.0,True,19.0,1,101.0,4798.854,4697.854,18.9,30.3,65.0,False,False,False,False,False,False,False,False,False,True,False
SAR,2,Williams,15.0,2.0,MEDIUM,3.0,True,19.0,1,101.741,4900.595,4798.854,18.8,30.1,66.0,False,False,False,False,False,False,False,False,False,True,False
SAR,2,Williams,16.0,2.0,MEDIUM,4.0,True,19.0,1,102.441,5003.036,4900.595,18.8,29.8,66.0,False,False,False,False,False,False,False,False,False,True,False
SAR,2,Williams,17.0,2.0,MEDIUM,5.0,True,19.0,1,102.275,5105.311,5003.036,18.6,29.9,67.0,False,False,False,False,False,False,False,False,False,True,False
SAR,2,Williams,18.0,2.0,MEDIUM,6.0,True,18.0,1,102.301,5207.612,5105.311,18.6,29.7,66.0,False,False,False,False,False,False,False,False,False,True,False
SAR,2,Williams,19.0,2.0,MEDIUM,7.0,True,18.0,1,102.59,5310.202,5207.612,18.5,29.9,67.0,False,False,False,False,False,False,False,False,False,True,False
SAR,2,Williams,20.0,2.0,MEDIUM,8.0,True,17.0,12,103.203,5413.405,5310.202,18.6,29.9,66.0,False,False,False,False,False,False,True,False,False,False,False
SAR,2,Williams,21.0,2.0,MEDIUM,9.0,True,17.0,26,122.122,5535.527,5413.405,18.6,29.6,66.0,False,False,False,False,True,False,True,False,False,False,False
SAR,2,Williams,22.0,2.0,MEDIUM,10.0,True,16.0,6,133.694,5669.221,5535.527,18.6,29.5,66.0,False,False,False,False,True,False,True,False,False,False,False
SAR,2,Williams,23.0,2.0,MEDIUM,11.0,True,15.0,64,133.935,5803.156,5669.221,18.6,29.4,66.0,False,False,False,False,True,False,True,False,False,False,False
SAR,2,Williams,24.0,2.0,MEDIUM,12.0,True,12.0,4,135.351,5938.507,5803.156,18.6,29.4,67.0,False,True,False,False,True,False,True,False,False,False,False
SAR,2,Williams,25.0,3.0,HARD,1.0,True,17.0,4,126.753,6065.26,5938.507,18.6,29.4,66.0,False,False,True,False,True,False,True,False,False,False,False
SAR,2,Williams,26.0,3.0,HARD,2.0,True,16.0,41,141.458,6206.718,6065.26,18.7,29.6,66.0,False,False,False,False,True,False,True,False,False,False,False
SAR,2,Williams,27.0,3.0,HARD,3.0,True,14.0,124,117.209,6323.927,6206.718,18.6,29.2,66.0,False,False,False,False,True,False,True,False,False,False,False
SAR,2,Williams,28.0,3.0,HARD,4.0,True,14.0,4,146.89,6470.817,6323.927,18.6,29.2,67.0,False,False,False,False,True,False,True,False,False,False,False
SAR,2,Williams,29.0,3.0,HARD,5.0,True,14.0,4,144.794,6615.611,6470.817,18.6,29.2,67.0,False,False,False,False,True,False,True,False,False,False,False
SAR,2,Williams,30.0,3.0,HARD,6.0,True,14.0,4,141.607,6757.218,6615.611,18.5,29.1,67.0,False,False,False,False,True,False,True,False,False,False,False
SAR,2,Williams,31.0,3.0,HARD,7.0,True,14.0,41,141.503,6898.721,6757.218,18.5,29.1,67.0,False,False,False,False,True,False,True,False,False,False,False
SAR,2,Williams,32.0,3.0,HARD,8.0,True,14.0,1,102.185,7000.906,6898.721,18.5,28.8,66.0,False,False,False,False,False,False,False,False,False,True,False
SAR,2,Williams,33.0,3.0,HARD,9.0,True,13.0,1,102.482,7103.388,7000.906,18.3,28.8,67.0,False,False,False,False,False,False,False,False,False,True,False
SAR,2,Williams,34.0,3.0,HARD,10.0,True,13.0,1,101.233,7204.621,7103.388,18.3,28.9,67.0,False,False,False,False,False,False,False,False,False,True,False
SAR,2,Williams,35.0,3.0,HARD,11.0,True,13.0,1,101.096,7305.717,7204.621,18.3,28.9,67.0,False,False,False,False,False,False,False,False,False,True,False
SAR,2,Williams,36.0,3.0,HARD,12.0,True,13.0,1,101.518,7407.235,7305.717,18.4,28.7,67.0,False,False,False,False,False,False,False,False,False,True,False
SAR,2,Williams,37.0,3.0,HARD,13.0,True,14.0,1,102.43,7509.665,7407.235,18.4,28.8,67.0,False,False,False,False,False,False,False,False,False,True,False
SAR,2,Williams,38.0,3.0,HARD,14.0,True,14.0,1,102.347,7612.012,7509.665,18.4,28.5,67.0,False,False,False,False,False,False,False,False,False,True,False
SAR,2,Williams,39.0,3.0,HARD,15.0,True,14.0,1,102.346,7714.358,7612.012,18.4,28.4,68.0,False,False,False,False,False,False,False,False,False,True,False
SAR,2,Williams,40.0,3.0,HARD,16.0,True,13.0,1,102.428,7816.786,7714.358,18.4,28.3,68.0,False,False,False,False,False,False,False,False,False,True,False
SAR,2,Williams,41.0,3.0,HARD,17.0,True,13.0,1,101.943,7918.729,7816.786,18.4,28.4,67.0,False,False,False,False,False,False,False,False,False,True,False
SAR,2,Williams,42.0,3.0,HARD,18.0,True,13.0,1,101.894,8020.623,7918.729,18.4,28.1,67.0,False,False,False,False,False,False,False,False,False,True,False
SAR,2,Williams,43.0,3.0,HARD,19.0,True,14.0,1,103.096,8123.719,8020.623,18.4,28.1,67.0,False,False,False,False,False,False,False,False,False,True,False
SAR,2,Williams,44.0,3.0,HARD,20.0,True,14.0,1,102.394,8226.113,8123.719,18.4,27.8,67.0,False,False,False,False,False,False,False,False,False,True,False
SAR,2,Williams,45.0,3.0,HARD,21.0,True,14.0,1,101.914,8328.027,8226.113,18.3,27.7,67.0,False,False,False,False,False,False,False,False,False,True,False
SAR,2,Williams,46.0,3.0,HARD,22.0,True,14.0,1,102.396,8430.423,8328.027,18.2,27.6,67.0,False,False,False,False,False,False,False,False,False,True,False
SAR,2,Williams,47.0,3.0,HARD,23.0,True,14.0,1,101.914,8532.337,8430.423,18.2,27.4,67.0,False,False,False,False,False,False,False,False,False,True,False
SAR,2,Williams,48.0,3.0,HARD,24.0,True,15.0,1,102.767,8635.104,8532.337,18.2,28.0,68.0,False,False,False,False,False,False,False,False,False,True,False
SAR,2,Williams,49.0,3.0,HARD,25.0,True,16.0,1,102.743,8737.847,8635.104,18.2,28.0,68.0,False,False,False,False,False,False,False,False,False,True,False
SAR,2,Williams,50.0,3.0,HARD,26.0,True,16.0,1,102.645,8840.492,8737.847,18.2,27.6,67.0,False,False,False,False,False,False,False,False,False,True,False
SAR,2,Williams,51.0,3.0,HARD,27.0,True,16.0,1,102.32,8942.812,8840.492,18.2,27.7,68.0,False,False,False,False,False,False,False,False,False,True,False
SAR,2,Williams,52.0,3.0,HARD,28.0,True,16.0,1,102.55,9045.362,8942.812,18.2,27.6,68.0,False,False,False,False,False,False,False,False,False,True,False
SAR,2,Williams,53.0,3.0,HARD,29.0,True,16.0,1,102.274,9147.636,9045.362,18.2,27.9,68.0,False,False,False,False,False,False,False,False,False,True,False
SAR,2,Williams,54.0,3.0,HARD,30.0,True,16.0,1,102.402,9250.038,9147.636,18.2,27.4,67.0,False,False,False,False,False,False,False,False,False,True,False
SAR,2,Williams,55.0,3.0,HARD,31.0,True,17.0,1,102.913,9352.951,9250.038,18.2,27.3,68.0,False,False,False,False,False,False,False,False,False,True,False
SAR,2,Williams,56.0,3.0,HARD,32.0,True,17.0,1,103.148,9456.099,9352.951,18.1,27.3,68.0,False,False,False,False,False,False,False,False,False,True,False
MAG,20,Haas F1 Team,1.0,1.0,HARD,1.0,True,18.0,1,111.086,3429.521,3318.169,18.8,31.1,66.0,False,False,False,False,True,False,False,False,False,False,False
MAG,20,Haas F1 Team,2.0,1.0,HARD,2.0,True,17.0,1,103.907,3533.428,3429.521,18.7,31.0,65.0,False,False,False,False,False,False,False,False,False,True,False
MAG,20,Haas F1 Team,3.0,1.0,HARD,3.0,True,17.0,1,103.179,3636.607,3533.428,18.8,30.4,65.0,False,False,False,False,False,False,False,False,False,True,False
MAG,20,Haas F1 Team,4.0,1.0,HARD,4.0,True,18.0,1,104.116,3740.723,3636.607,18.9,30.6,65.0,False,False,False,False,False,False,False,False,False,True,False
MAG,20,Haas F1 Team,5.0,1.0,HARD,5.0,True,18.0,1,103.797,3844.52,3740.723,19.0,30.7,66.0,False,False,False,False,False,False,False,False,False,True,False
MAG,20,Haas F1 Team,6.0,1.0,HARD,6.0,True,18.0,1,103.899,3948.419,3844.52,19.0,31.0,66.0,False,False,False,False,False,False,False,False,False,True,False
MAG,20,Haas F1 Team,7.0,1.0,HARD,7.0,True,18.0,1,103.93,4052.349,3948.419,19.0,30.7,66.0,False,False,False,False,False,False,False,False,False,True,False
MAG,20,Haas F1 Team,8.0,1.0,HARD,8.0,True,17.0,1,104.239,4156.588,4052.349,19.0,30.9,65.0,False,False,False,False,False,False,False,False,False,True,False
MAG,20,Haas F1 Team,9.0,1.0,HARD,9.0,True,15.0,1,103.461,4260.049,4156.588,19.0,30.7,65.0,False,False,False,False,False,False,False,False,False,True,False
MAG,20,Haas F1 Team,10.0,1.0,HARD,10.0,True,11.0,1,103.28,4363.329,4260.049,19.0,30.6,65.0,False,False,False,False,False,False,False,False,False,True,False
MAG,20,Haas F1 Team,11.0,1.0,HARD,11.0,True,10.0,1,103.549,4466.878,4363.329,18.9,30.2,65.0,False,False,False,False,False,False,False,False,False,True,False
MAG,20,Haas F1 Team,12.0,1.0,HARD,12.0,True,8.0,1,103.665,4570.543,4466.878,18.8,30.5,66.0,False,False,False,False,False,False,False,False,False,True,False
MAG,20,Haas F1 Team,13.0,1.0,HARD,13.0,True,10.0,1,104.59,4675.133,4570.543,18.8,30.5,65.0,False,False,False,False,False,False,False,False,False,True,False
MAG,20,Haas F1 Team,14.0,1.0,HARD,14.0,True,10.0,1,103.959,4779.092,4675.133,18.9,30.3,66.0,False,False,False,False,False,False,False,False,False,True,False
MAG,20,Haas F1 Team,15.0,1.0,HARD,15.0,True,10.0,1,104.466,4883.558,4779.092,18.8,30.1,66.0,False,False,False,False,False,False,False,False,False,True,False
MAG,20,Haas F1 Team,16.0,1.0,HARD,16.0,True,10.0,1,103.648,4987.206,4883.558,18.8,29.8,66.0,False,False,False,False,False,False,False,False,False,True,False
MAG,20,Haas F1 Team,17.0,1.0,HARD,17.0,True,14.0,1,110.262,5097.468,4987.206,18.6,29.9,67.0,False,True,False,False,True,False,False,False,False,False,False
MAG,20,Haas F1 Team,18.0,2.0,HARD,1.0,True,20.0,1,120.904,5218.372,5097.468,18.6,29.9,67.0,False,False,True,False,True,False,False,False,False,False,False
MAG,20,Haas F1 Team,19.0,2.0,HARD,2.0,True,20.0,1,101.106,5319.478,5218.372,18.5,29.9,67.0,False,False,False,False,False,False,False,False,False,True,False
MAG,20,Haas F1 Team,20.0,2.0,HARD,3.0,True,19.0,12,101.312,5420.79,5319.478,18.6,29.9,66.0,False,False,False,False,False,False,True,False,False,False,False
MAG,20,Haas F1 Team,21.0,2.0,HARD,4.0,True,19.0,26,123.843,5544.633,5420.79,18.6,29.6,66.0,False,False,False,False,True,False,True,False,False,False,False
MAG,20,Haas F1 Team,22.0,2.0,HARD,5.0,True,19.0,6,135.385,5680.018,5544.633,18.6,29.5,66.0,False,False,False,False,True,False,True,False,False,False,False
MAG,20,Haas F1 Team,23.0,2.0,HARD,6.0,True,18.0,64,132.117,5812.135,5680.018,18.6,29.7,67.0,False,False,False,False,True,False,True,False,False,False,False
MAG,20,Haas F1 Team,24.0,2.0,HARD,7.0,True,15.0,4,132.967,5945.102,5812.135,18.6,29.4,67.0,False,False,False,False,True,False,True,False,False,False,False
MAG,20,Haas F1 Team,25.0,2.0,HARD,8.0,True,14.0,4,114.289,6059.391,5945.102,18.6,29.4,66.0,False,False,False,False,True,False,True,False,False,False,False
MAG,20,Haas F1 Team,26.0,2.0,HARD,9.0,True,13.0,41,146.068,6205.459,6059.391,18.7,29.6,66.0,False,False,False,False,True,False,True,False,False,False,False
MAG,20,Haas F1 Team,27.0,2.0,HARD,10.0,True,17.0,124,,6366.055,6205.459,18.6,29.2,67.0,False,True,False,True,True,False,True,False,False,False,False
MAG,20,Haas F1 Team,28.0,3.0,MEDIUM,1.0,True,17.0,4,137.066,6503.121,6366.055,18.6,29.2,67.0,False,False,True,False,True,False,True,False,False,False,False
MAG,20,Haas F1 Team,29.0,3.0,MEDIUM,2.0,True,17.0,4,117.805,6620.926,6503.121,18.6,29.2,67.0,False,False,False,False,True,False,True,False,False,False,False
MAG,20,Haas F1 Team,30.0,3.0,MEDIUM,3.0,True,17.0,4,141.596,6762.522,6620.926,18.5,29.1,67.0,False,False,False,False,True,False,True,False,False,False,False
MAG,20,Haas F1 Team,31.0,3.0,MEDIUM,4.0,True,17.0,41,137.804,6900.326,6762.522,18.5,29.1,67.0,False,False,False,False,True,False,True,False,False,False,False
MAG,20,Haas F1 Team,32.0,3.0,MEDIUM,5.0,True,17.0,1,101.74,7002.066,6900.326,18.5,28.8,66.0,False,False,False,False,False,False,False,False,False,True,False
MAG,20,Haas F1 Team,33.0,3.0,MEDIUM,6.0,True,16.0,1,102.473,7104.539,7002.066,18.3,28.8,67.0,False,False,False,False,False,False,False,False,False,True,False
MAG,20,Haas F1 Team,34.0,3.0,MEDIUM,7.0,True,17.0,1,103.518,7208.057,7104.539,18.3,28.9,67.0,False,False,False,False,False,False,False,False,False,True,False
MAG,20,Haas F1 Team,35.0,3.0,MEDIUM,8.0,True,16.0,1,102.616,7310.673,7208.057,18.3,28.9,67.0,False,False,False,False,False,False,False,False,False,True,False
MAG,20,Haas F1 Team,36.0,3.0,MEDIUM,9.0,True,16.0,1,101.298,7411.971,7310.673,18.4,28.7,67.0,False,False,False,False,False,False,False,False,False,True,False
MAG,20,Haas F1 Team,37.0,3.0,MEDIUM,10.0,True,16.0,1,101.42,7513.391,7411.971,18.4,28.8,67.0,False,False,False,False,False,False,False,False,False,True,False
MAG,20,Haas F1 Team,38.0,3.0,MEDIUM,11.0,True,15.0,1,101.36,7614.751,7513.391,18.4,28.5,67.0,False,False,False,False,False,False,False,False,False,True,False
MAG,20,Haas F1 Team,39.0,3.0,MEDIUM,12.0,True,15.0,1,101.28,7716.031,7614.751,18.4,28.4,68.0,False,False,False,False,False,False,False,False,False,True,False
MAG,20,Haas F1 Team,40.0,3.0,MEDIUM,13.0,True,14.0,1,101.754,7817.785,7716.031,18.4,28.3,68.0,False,False,False,False,False,False,False,False,False,True,False
MAG,20,Haas F1 Team,41.0,3.0,MEDIUM,14.0,True,14.0,1,101.84,7919.625,7817.785,18.4,28.4,67.0,False,False,False,False,False,False,False,False,False,True,False
MAG,20,Haas F1 Team,42.0,3.0,MEDIUM,15.0,True,14.0,1,101.513,8021.138,7919.625,18.4,28.1,67.0,False,False,False,False,False,False,False,False,False,True,False
MAG,20,Haas F1 Team,43.0,3.0,MEDIUM,16.0,True,13.0,1,101.245,8122.383,8021.138,18.4,28.1,67.0,False,False,False,False,False,False,False,False,False,True,False
MAG,20,Haas F1 Team,44.0,3.0,MEDIUM,17.0,True,13.0,1,101.324,8223.707,8122.383,18.4,27.8,67.0,False,False,False,False,False,False,False,False,False,True,False
MAG,20,Haas F1 Team,45.0,3.0,MEDIUM,18.0,True,13.0,1,101.077,8324.784,8223.707,18.3,27.7,67.0,False,False,False,False,False,False,False,False,False,True,False
MAG,20,Haas F1 Team,46.0,3.0,MEDIUM,19.0,True,13.0,1,101.498,8426.282,8324.784,18.2,27.6,67.0,False,False,False,False,False,False,False,False,False,True,False
MAG,20,Haas F1 Team,47.0,3.0,MEDIUM,20.0,True,13.0,1,101.366,8527.648,8426.282,18.2,27.4,67.0,False,False,False,False,False,False,False,False,False,True,False
MAG,20,Haas F1 Team,48.0,3.0,MEDIUM,21.0,True,13.0,1,101.603,8629.251,8527.648,18.2,28.0,68.0,False,False,False,False,False,False,False,False,False,True,False
MAG,20,Haas F1 Team,49.0,3.0,MEDIUM,22.0,True,13.0,1,101.355,8730.606,8629.251,18.2,28.0,68.0,False,False,False,False,False,False,False,False,False,True,False
MAG,20,Haas F1 Team,50.0,3.0,MEDIUM,23.0,True,13.0,1,101.376,8831.982,8730.606,18.2,27.6,67.0,False,False,False,False,False,False,False,False,False,True,False
MAG,20,Haas F1 Team,51.0,3.0,MEDIUM,24.0,True,13.0,1,101.879,8933.861,8831.982,18.2,27.7,68.0,False,False,False,False,False,False,False,False,False,True,False
MAG,20,Haas F1 Team,52.0,3.0,MEDIUM,25.0,True,13.0,1,102.059,9035.92,8933.861,18.2,27.6,68.0,False,False,False,False,False,False,False,False,False,True,False
MAG,20,Haas F1 Team,53.0,3.0,MEDIUM,26.0,True,15.0,1,104.013,9139.933,9035.92,18.2,27.9,68.0,False,False,False,False,False,False,False,False,False,True,False
MAG,20,Haas F1 Team,54.0,3.0,MEDIUM,27.0,True,15.0,1,102.863,9242.796,9139.933,18.2,27.4,67.0,False,False,False,False,False,False,False,False,False,True,False
MAG,20,Haas F1 Team,55.0,3.0,MEDIUM,28.0,True,15.0,1,102.864,9345.66,9242.796,18.2,27.4,67.0,False,False,False,False,False,False,False,False,False,True,False
MAG,20,Haas F1 Team,56.0,3.0,MEDIUM,29.0,True,15.0,1,102.87,9448.53,9345.66,18.1,27.3,68.0,False,False,False,False,False,False,False,False,False,True,False
TSU,22,RB,1.0,1.0,SOFT,1.0,True,16.0,1,110.625,3429.06,3318.169,18.8,31.1,66.0,False,False,False,False,True,False,False,False,False,False,False
TSU,22,RB,2.0,1.0,SOFT,2.0,True,16.0,1,103.674,3532.734,3429.06,18.7,31.0,65.0,False,False,False,False,False,False,False,False,False,True,False
TSU,22,RB,3.0,1.0,SOFT,3.0,True,16.0,1,103.136,3635.87,3532.734,18.8,30.4,65.0,False,False,False,False,False,False,False,False,False,True,False
TSU,22,RB,4.0,1.0,SOFT,4.0,True,16.0,1,103.095,3738.965,3635.87,18.9,30.6,65.0,False,False,False,False,False,False,False,False,False,True,False
TSU,22,RB,5.0,1.0,SOFT,5.0,True,16.0,1,103.657,3842.622,3738.965,19.0,30.7,66.0,False,False,False,False,False,False,False,False,False,True,False
TSU,22,RB,6.0,1.0,SOFT,6.0,True,16.0,1,103.669,3946.291,3842.622,19.0,30.7,66.0,False,False,False,False,False,False,False,False,False,True,False
TSU,22,RB,7.0,1.0,SOFT,7.0,True,16.0,1,103.951,4050.242,3946.291,19.0,30.7,66.0,False,False,False,False,False,False,False,False,False,True,False
TSU,22,RB,8.0,1.0,SOFT,8.0,True,19.0,1,108.43,4158.672,4050.242,19.0,30.9,65.0,False,True,False,False,True,False,False,False,False,False,False
TSU,22,RB,9.0,2.0,MEDIUM,1.0,True,19.0,1,119.845,4278.517,4158.672,19.0,30.7,65.0,False,False,True,False,True,False,False,False,False,False,False
TSU,22,RB,10.0,2.0,MEDIUM,2.0,True,17.0,1,102.171,4380.688,4278.517,19.0,30.3,65.0,False,False,False,False,False,False,False,False,False,True,False
TSU,22,RB,11.0,2.0,MEDIUM,3.0,True,17.0,1,101.593,4482.281,4380.688,18.9,30.2,65.0,False,False,False,False,False,False,False,False,False,True,False
TSU,22,RB,12.0,2.0,MEDIUM,4.0,True,16.0,1,102.304,4584.585,4482.281,18.8,30.5,66.0,False,False,False,False,False,False,False,False,False,True,False
TSU,22,RB,13.0,2.0,MEDIUM,5.0,True,16.0,1,103.531,4688.116,4584.585,18.8,30.5,65.0,False,False,False,False,False,False,False,False,False,True,False
TSU,22,RB,14.0,2.0,MEDIUM,6.0,True,16.0,1,102.51,4790.626,4688.116,18.9,30.3,65.0,False,False,False,False,False,False,False,False,False,True,False
TSU,22,RB,15.0,2.0,MEDIUM,7.0,True,15.0,1,102.294,4892.92,4790.626,18.8,30.1,66.0,False,False,False,False,False,False,False,False,False,True,False
TSU,22,RB,16.0,2.0,MEDIUM,8.0,True,15.0,1,102.528,4995.448,4892.92,18.8,29.8,66.0,False,False,False,False,False,False,False,False,False,True,False
TSU,22,RB,17.0,2.0,MEDIUM,9.0,True,15.0,1,102.441,5097.889,4995.448,18.6,29.9,67.0,False,False,False,False,False,False,False,False,False,True,False
TSU,22,RB,18.0,2.0,MEDIUM,10.0,True,14.0,1,102.628,5200.517,5097.889,18.6,29.7,66.0,False,False,False,False,False,False,False,False,False,True,False
TSU,22,RB,19.0,2.0,MEDIUM,11.0,True,15.0,1,103.224,5303.741,5200.517,18.5,29.9,67.0,False,False,False,False,False,False,False,False,False,True,False
TSU,22,RB,20.0,2.0,MEDIUM,12.0,True,14.0,12,103.174,5406.915,5303.741,18.6,29.9,66.0,False,False,False,False,False,False,True,False,False,False,False
TSU,22,RB,21.0,2.0,MEDIUM,13.0,True,13.0,26,119.83,5526.745,5406.915,18.6,29.6,66.0,False,False,False,False,True,False,True,False,False,False,False
TSU,22,RB,22.0,2.0,MEDIUM,14.0,True,12.0,6,133.79,5660.535,5526.745,18.6,29.5,66.0,False,False,False,False,True,False,True,False,False,False,False
TSU,22,RB,23.0,2.0,MEDIUM,15.0,True,13.0,64,137.702,5798.237,5660.535,18.6,29.4,66.0,False,True,False,False,True,False,True,False,False,False,False
TSU,22,RB,24.0,3.0,HARD,1.0,True,16.0,4,149.433,5947.67,5798.237,18.6,29.4,67.0,False,False,True,False,True,False,True,False,False,False,False
TSU,22,RB,25.0,3.0,HARD,2.0,True,15.0,4,114.27,6061.94,5947.67,18.6,29.4,66.0,False,False,False,False,True,False,True,False,False,False,False
TSU,22,RB,26.0,3.0,HARD,3.0,True,14.0,41,143.71,6205.65,6061.94,18.7,29.6,66.0,False,False,False,False,True,False,True,False,False,False,False
TSU,22,RB,27.0,3.0,HARD,4.0,True,,124,,6355.65,6205.65,18.6,29.2,67.0,False,False,False,True,True,False,True,False,False,False,False
ALB,23,Williams,1.0,1.0,MEDIUM,1.0,True,13.0,1,109.364,3427.799,3318.169,18.8,31.1,66.0,False,False,False,False,True,False,False,False,False,False,False
ALB,23,Williams,2.0,1.0,MEDIUM,2.0,True,13.0,1,103.157,3530.956,3427.799,18.7,31.0,65.0,False,False,False,False,False,False,False,False,False,True,False
ALB,23,Williams,3.0,1.0,MEDIUM,3.0,True,13.0,1,103.014,3633.97,3530.956,18.8,30.4,65.0,False,False,False,False,False,False,False,False,False,True,False
ALB,23,Williams,4.0,1.0,MEDIUM,4.0,True,13.0,1,102.975,3736.945,3633.97,18.9,30.6,65.0,False,False,False,False,False,False,False,False,False,True,False
ALB,23,Williams,5.0,1.0,MEDIUM,5.0,True,13.0,1,103.392,3840.337,3736.945,19.0,30.7,66.0,False,False,False,False,False,False,False,False,False,True,False
ALB,23,Williams,6.0,1.0,MEDIUM,6.0,True,13.0,1,103.353,3943.69,3840.337,19.0,30.7,66.0,False,False,False,False,False,False,False,False,False,True,False
ALB,23,Williams,7.0,1.0,MEDIUM,7.0,True,13.0,1,103.361,4047.051,3943.69,19.0,30.7,66.0,False,False,False,False,False,False,False,False,False,True,False
ALB,23,Williams,8.0,1.0,MEDIUM,8.0,True,12.0,1,103.991,4151.042,4047.051,19.0,30.9,65.0,False,False,False,False,False,False,False,False,False,True,False
ALB,23,Williams,9.0,1.0,MEDIUM,9.0,True,14.0,1,108.371,4259.413,4151.042,19.0,30.7,65.0,False,True,False,False,True,False,False,False,False,False,False
ALB,23,Williams,10.0,2.0,MEDIUM,1.0,True,18.0,1,121.494,4380.907,4259.413,19.0,30.3,65.0,False,False,True,False,True,False,False,False,False,False,False
ALB,23,Williams,11.0,2.0,MEDIUM,2.0,True,19.0,1,102.937,4483.844,4380.907,18.9,30.2,65.0,False,False,False,False,False,False,False,False,False,True,False
ALB,23,Williams,12.0,2.0,MEDIUM,3.0,True,18.0,1,102.151,4585.995,4483.844,18.8,30.5,66.0,False,False,False,False,False,False,False,False,False,True,False
ALB,23,Williams,13.0,2.0,MEDIUM,4.0,True,17.0,1,102.608,4688.603,4585.995,18.8,30.5,65.0,False,False,False,False,False,False,False,False,False,True,False
ALB,23,Williams,14.0,2.0,MEDIUM,5.0,True,17.0,1,103.274,4791.877,4688.603,18.9,30.3,65.0,False,False,False,False,False,False,False,False,False,True,False
ALB,23,Williams,15.0,2.0,MEDIUM,6.0,True,16.0,1,102.762,4894.639,4791.877,18.8,30.1,66.0,False,False,False,False,False,False,False,False,False,True,False
ALB,23,Williams,16.0,2.0,MEDIUM,7.0,True,16.0,1,102.611,4997.25,4894.639,18.8,29.8,66.0,False,False,False,False,False,False,False,False,False,True,False
ALB,23,Williams,17.0,2.0,MEDIUM,8.0,True,17.0,1,103.118,5100.368,4997.25,18.6,29.9,67.0,False,False,False,False,False,False,False,False,False,True,False
ALB,23,Williams,18.0,2.0,MEDIUM,9.0,True,16.0,1,103.004,5203.372,5100.368,18.6,29.7,66.0,False,False,False,False,False,False,False,False,False,True,False
ALB,23,Williams,19.0,2.0,MEDIUM,10.0,True,16.0,1,103.187,5306.559,5203.372,18.5,29.9,67.0,False,False,False,False,False,False,False,False,False,True,False
ALB,23,Williams,20.0,2.0,MEDIUM,11.0,True,15.0,12,103.186,5409.745,5306.559,18.6,29.9,66.0,False,False,False,False,False,False,True,False,False,False,False
ALB,23,Williams,21.0,2.0,MEDIUM,12.0,True,15.0,26,120.728,5530.473,5409.745,18.6,29.6,66.0,False,False,False,False,True,False,True,False,False,False,False
ALB,23,Williams,22.0,2.0,MEDIUM,13.0,True,14.0,6,133.878,5664.351,5530.473,18.6,29.5,66.0,False,False,False,False,True,False,True,False,False,False,False
ALB,23,Williams,23.0,2.0,MEDIUM,14.0,True,14.0,64,136.59,5800.941,5664.351,18.6,29.4,66.0,False,True,False,False,True,False,True,False,False,False,False
ALB,23,Williams,24.0,3.0,HARD,1.0,True,17.0,4,149.799,5950.74,5800.941,18.6,29.4,67.0,False,False,True,False,True,False,True,False,False,False,False
ALB,23,Williams,25.0,3.0,HARD,2.0,True,16.0,4,111.954,6062.694,5950.74,18.6,29.4,66.0,False,False,False,False,True,False,True,False,False,False,False
ALB,23,Williams,26.0,3.0,HARD,3.0,True,15.0,41,143.336,6206.03,6062.694,18.7,29.6,66.0,False,False,False,False,True,False,True,False,False,False,False
ALB,23,Williams,27.0,3.0,HARD,4.0,True,13.0,124,116.85,6322.88,6206.03,18.6,29.2,66.0,False,False,False,False,True,False,True,False,False,False,False
ALB,23,Williams,28.0,3.0,HARD,5.0,True,13.0,4,146.979,6469.859,6322.88,18.6,29.2,67.0,False,False,False,False,True,False,True,False,False,False,False
ALB,23,Williams,29.0,3.0,HARD,6.0,True,13.0,4,144.784,6614.643,6469.859,18.6,29.2,67.0,False,False,False,False,True,False,True,False,False,False,False
ALB,23,Williams,30.0,3.0,HARD,7.0,True,13.0,4,141.349,6755.992,6614.643,18.5,29.1,67.0,False,False,False,False,True,False,True,False,False,False,False
ALB,23,Williams,31.0,3.0,HARD,8.0,True,13.0,41,142.128,6898.12,6755.992,18.5,29.1,67.0,False,False,False,False,True,False,True,False,False,False,False
ALB,23,Williams,32.0,3.0,HARD,9.0,True,13.0,1,102.221,7000.341,6898.12,18.5,28.8,66.0,False,False,False,False,False,False,False,False,False,True,False
ALB,23,Williams,33.0,3.0,HARD,10.0,True,12.0,1,101.269,7101.61,7000.341,18.3,28.8,67.0,False,False,False,False,False,False,False,False,False,True,False
ALB,23,Williams,34.0,3.0,HARD,11.0,True,12.0,1,100.79,7202.4,7101.61,18.3,28.9,67.0,False,False,False,False,False,False,False,False,False,True,False
ALB,23,Williams,35.0,3.0,HARD,12.0,True,12.0,1,101.335,7303.735,7202.4,18.3,28.9,67.0,False,False,False,False,False,False,False,False,False,True,False
ALB,23,Williams,36.0,3.0,HARD,13.0,True,12.0,1,101.38,7405.115,7303.735,18.4,28.7,67.0,False,False,False,False,False,False,False,False,False,True,False
ALB,23,Williams,37.0,3.0,HARD,14.0,True,12.0,1,101.261,7506.376,7405.115,18.4,28.8,67.0,False,False,False,False,False,False,False,False,False,True,False
ALB,23,Williams,38.0,3.0,HARD,15.0,True,12.0,1,101.088,7607.464,7506.376,18.4,28.5,67.0,False,False,False,False,False,False,False,False,False,True,False
ALB,23,Williams,39.0,3.0,HARD,16.0,True,12.0,1,101.341,7708.805,7607.464,18.4,28.4,68.0,False,False,False,False,False,False,False,False,False,True,False
ALB,23,Williams,40.0,3.0,HARD,17.0,True,12.0,1,101.672,7810.477,7708.805,18.4,28.3,68.0,False,False,False,False,False,False,False,False,False,True,False
ALB,23,Williams,41.0,3.0,HARD,18.0,True,12.0,1,101.755,7912.232,7810.477,18.4,28.4,67.0,False,False,False,False,False,False,False,False,False,True,False
ALB,23,Williams,42.0,3.0,HARD,19.0,True,12.0,1,101.558,8013.79,7912.232,18.4,28.1,67.0,False,False,False,False,False,False,False,False,False,True,False
ALB,23,Williams,43.0,3.0,HARD,20.0,True,12.0,1,101.423,8115.213,8013.79,18.4,28.1,67.0,False,False,False,False,False,False,False,False,False,True,False
ALB,23,Williams,44.0,3.0,HARD,21.0,True,11.0,1,101.504,8216.717,8115.213,18.4,27.8,67.0,False,False,False,False,False,False,False,False,False,True,False
ALB,23,Williams,45.0,3.0,HARD,22.0,True,12.0,1,101.66,8318.377,8216.717,18.3,27.7,67.0,False,False,False,False,False,False,False,False,False,True,False
ALB,23,Williams,46.0,3.0,HARD,23.0,True,12.0,1,101.776,8420.153,8318.377,18.2,27.6,67.0,False,False,False,False,False,False,False,False,False,True,False
ALB,23,Williams,47.0,3.0,HARD,24.0,True,12.0,1,101.584,8521.737,8420.153,18.2,27.4,67.0,False,False,False,False,False,False,False,False,False,True,False
ALB,23,Williams,48.0,3.0,HARD,25.0,True,12.0,1,101.509,8623.246,8521.737,18.2,27.9,68.0,False,False,False,False,False,False,False,False,False,True,False
ALB,23,Williams,49.0,3.0,HARD,26.0,True,12.0,1,101.404,8724.65,8623.246,18.2,28.0,68.0,False,False,False,False,False,False,False,False,False,True,False
ALB,23,Williams,50.0,3.0,HARD,27.0,True,12.0,1,101.438,8826.088,8724.65,18.2,27.6,67.0,False,False,False,False,False,False,False,False,False,True,False
ALB,23,Williams,51.0,3.0,HARD,28.0,True,12.0,1,101.437,8927.525,8826.088,18.2,27.6,68.0,False,False,False,False,False,False,False,False,False,True,False
ALB,23,Williams,52.0,3.0,HARD,29.0,True,12.0,1,101.67,9029.195,8927.525,18.2,27.6,68.0,False,False,False,False,False,False,False,False,False,True,False
ALB,23,Williams,53.0,3.0,HARD,30.0,True,12.0,1,101.354,9130.549,9029.195,18.2,27.9,68.0,False,False,False,False,False,False,False,False,False,True,False
ALB,23,Williams,54.0,3.0,HARD,31.0,True,12.0,1,102.424,9232.973,9130.549,18.2,27.4,67.0,False,False,False,False,False,False,False,False,True,False,False
ALB,23,Williams,55.0,3.0,HARD,32.0,True,12.0,1,101.998,9334.971,9232.973,18.2,27.4,67.0,False,False,False,False,False,False,False,False,False,True,False
ALB,23,Williams,56.0,3.0,HARD,33.0,True,12.0,1,101.524,9436.495,9334.971,18.1,27.3,68.0,False,False,False,False,False,False,False,False,False,True,False
ZHO,24,Kick Sauber,1.0,1.0,MEDIUM,1.0,True,17.0,1,110.671,3429.106,3318.169,18.8,31.1,66.0,False,False,False,False,True,False,False,False,False,False,False
ZHO,24,Kick Sauber,2.0,1.0,MEDIUM,2.0,True,18.0,1,104.398,3533.504,3429.106,18.7,31.0,65.0,False,False,False,False,False,False,False,False,False,True,False
ZHO,24,Kick Sauber,3.0,1.0,MEDIUM,3.0,True,19.0,1,103.991,3637.495,3533.504,18.8,30.4,65.0,False,False,False,False,False,False,False,False,False,True,False
ZHO,24,Kick Sauber,4.0,1.0,MEDIUM,4.0,True,19.0,1,103.484,3740.979,3637.495,18.9,30.6,65.0,False,False,False,False,False,False,False,False,False,True,False
ZHO,24,Kick Sauber,5.0,1.0,MEDIUM,5.0,True,19.0,1,104.018,3844.997,3740.979,19.0,30.7,66.0,False,False,False,False,False,False,False,False,False,True,False
ZHO,24,Kick Sauber,6.0,1.0,MEDIUM,6.0,True,19.0,1,104.212,3949.209,3844.997,19.0,31.0,66.0,False,False,False,False,False,False,False,False,False,True,False
ZHO,24,Kick Sauber,7.0,1.0,MEDIUM,7.0,True,19.0,1,104.073,4053.282,3949.209,19.0,30.7,66.0,False,False,False,False,False,False,False,False,False,True,False
ZHO,24,Kick Sauber,8.0,1.0,MEDIUM,8.0,True,20.0,1,109.478,4162.76,4053.282,19.0,30.9,65.0,False,True,False,False,True,False,False,False,False,False,False
ZHO,24,Kick Sauber,9.0,2.0,HARD,1.0,True,20.0,1,121.214,4283.974,4162.76,19.0,30.7,65.0,False,False,True,False,True,False,False,False,False,False,False
ZHO,24,Kick Sauber,10.0,2.0,HARD,2.0,True,20.0,1,101.765,4385.739,4283.974,19.0,30.3,65.0,False,False,False,False,False,False,False,False,False,True,False
ZHO,24,Kick Sauber,11.0,2.0,HARD,3.0,True,20.0,1,101.833,4487.572,4385.739,18.9,30.2,65.0,False,False,False,False,False,False,False,False,False,True,False
ZHO,24,Kick Sauber,12.0,2.0,HARD,4.0,True,19.0,1,101.928,4589.5,4487.572,18.8,30.5,66.0,False,False,False,False,False,False,False,False,False,True,False
ZHO,24,Kick Sauber,13.0,2.0,HARD,5.0,True,18.0,1,102.212,4691.712,4589.5,18.8,30.5,65.0,False,False,False,False,False,False,False,False,False,True,False
ZHO,24,Kick Sauber,14.0,2.0,HARD,6.0,True,18.0,1,102.626,4794.338,4691.712,18.9,30.3,65.0,False,False,False,False,False,False,False,False,False,True,False
ZHO,24,Kick Sauber,15.0,2.0,HARD,7.0,True,17.0,1,102.994,4897.332,4794.338,18.8,30.1,66.0,False,False,False,False,False,False,False,False,False,True,False
ZHO,24,Kick Sauber,16.0,2.0,HARD,8.0,True,18.0,1,103.24,5000.572,4897.332,18.8,29.8,66.0,False,False,False,False,False,False,False,False,False,True,False
ZHO,24,Kick Sauber,17.0,2.0,HARD,9.0,True,18.0,1,103.189,5103.761,5000.572,18.6,29.9,67.0,False,False,False,False,False,False,False,False,False,True,False
ZHO,24,Kick Sauber,18.0,2.0,HARD,10.0,True,17.0,1,102.887,5206.648,5103.761,18.6,29.7,66.0,False,False,False,False,False,False,False,False,False,True,False
ZHO,24,Kick Sauber,19.0,2.0,HARD,11.0,True,17.0,1,102.827,5309.475,5206.648,18.5,29.9,67.0,False,False,False,False,False,False,False,False,False,True,False
ZHO,24,Kick Sauber,20.0,2.0,HARD,12.0,True,16.0,12,103.17,5412.645,5309.475,18.6,29.9,66.0,False,False,False,False,False,False,True,False,False,False,False
ZHO,24,Kick Sauber,21.0,2.0,HARD,13.0,True,16.0,26,121.981,5534.626,5412.645,18.6,29.6,66.0,False,False,False,False,True,False,True,False,False,False,False
ZHO,24,Kick Sauber,22.0,2.0,HARD,14.0,True,15.0,6,133.883,5668.509,5534.626,18.6,29.5,66.0,False,False,False,False,True,False,True,False,False,False,False
ZHO,24,Kick Sauber,23.0,2.0,HARD,15.0,True,16.0,64,137.614,5806.123,5668.509,18.6,29.4,66.0,False,True,False,False,True,False,True,False,False,False,False
ZHO,24,Kick Sauber,24.0,3.0,HARD,1.0,True,18.0,4,,5958.559,5806.123,18.6,29.4,67.0,False,False,True,True,True,False,True,False,False,False,False
ZHO,24,Kick Sauber,25.0,3.0,HARD,2.0,True,18.0,4,109.955,6068.514,5958.559,18.6,29.4,66.0,False,False,False,False,True,False,True,False,False,False,False
ZHO,24,Kick Sauber,26.0,3.0,HARD,3.0,True,17.0,41,138.497,6207.011,6068.514,18.7,29.6,66.0,False,False,False,False,True,False,True,False,False,False,False
ZHO,24,Kick Sauber,27.0,3.0,HARD,4.0,True,15.0,124,118.405,6325.416,6207.011,18.6,29.2,66.0,False,False,False,False,True,False,True,False,False,False,False
ZHO,24,Kick Sauber,28.0,3.0,HARD,5.0,True,15.0,4,147.061,6472.477,6325.416,18.6,29.2,67.0,False,False,False,False,True,False,True,False,False,False,False
ZHO,24,Kick Sauber,29.0,3.0,HARD,6.0,True,15.0,4,146.076,6618.553,6472.477,18.6,29.2,67.0,False,False,False,False,True,False,True,False,False,False,False
ZHO,24,Kick Sauber,30.0,3.0,HARD,7.0,True,15.0,4,141.354,6759.907,6618.553,18.5,29.1,67.0,False,False,False,False,True,False,True,False,False,False,False
ZHO,24,Kick Sauber,31.0,3.0,HARD,8.0,True,15.0,41,139.42,6899.327,6759.907,18.5,29.1,67.0,False,False,False,False,True,False,True,False,False,False,False
ZHO,24,Kick Sauber,32.0,3.0,HARD,9.0,True,15.0,1,102.002,7001.329,6899.327,18.5,28.8,66.0,False,False,False,False,False,False,False,False,False,True,False
ZHO,24,Kick Sauber,33.0,3.0,HARD,10.0,True,15.0,1,102.746,7104.075,7001.329,18.3,28.8,67.0,False,False,False,False,False,False,False,False,False,True,False
ZHO,24,Kick Sauber,34.0,3.0,HARD,11.0,True,15.0,1,101.72,7205.795,7104.075,18.3,28.9,67.0,False,False,False,False,False,False,False,False,False,True,False
ZHO,24,Kick Sauber,35.0,3.0,HARD,12.0,True,15.0,1,101.366,7307.161,7205.795,18.3,28.9,67.0,False,False,False,False,False,False,False,False,False,True,False
ZHO,24,Kick Sauber,36.0,3.0,HARD,13.0,True,15.0,1,101.283,7408.444,7307.161,18.4,28.7,67.0,False,False,False,False,False,False,False,False,False,True,False
ZHO,24,Kick Sauber,37.0,3.0,HARD,14.0,True,15.0,1,101.738,7510.182,7408.444,18.4,28.8,67.0,False,False,False,False,False,False,False,False,False,True,False
ZHO,24,Kick Sauber,38.0,3.0,HARD,15.0,True,13.0,1,101.311,7611.493,7510.182,18.4,28.5,67.0,False,False,False,False,False,False,False,False,False,True,False
ZHO,24,Kick Sauber,39.0,3.0,HARD,16.0,True,13.0,1,101.749,7713.242,7611.493,18.4,28.4,68.0,False,False,False,False,False,False,False,False,False,True,False
ZHO,24,Kick Sauber,40.0,3.0,HARD,17.0,True,15.0,1,106.271,7819.513,7713.242,18.4,28.3,68.0,False,True,False,False,True,False,False,False,False,False,False
ZHO,24,Kick Sauber,41.0,4.0,SOFT,1.0,True,16.0,1,118.828,7938.341,7819.513,18.4,28.4,67.0,False,False,True,False,True,False,False,False,False,False,False
ZHO,24,Kick Sauber,42.0,4.0,SOFT,2.0,True,16.0,1,98.633,8036.974,7938.341,18.4,28.2,67.0,False,False,False,False,False,False,False,False,False,True,False
ZHO,24,Kick Sauber,43.0,4.0,SOFT,3.0,True,16.0,1,99.32,8136.294,8036.974,18.4,28.1,67.0,False,False,False,False,False,False,False,False,False,True,False
ZHO,24,Kick Sauber,44.0,4.0,SOFT,4.0,True,16.0,1,99.682,8235.976,8136.294,18.4,27.8,67.0,False,False,False,False,False,False,False,False,False,True,False
ZHO,24,Kick Sauber,45.0,4.0,SOFT,5.0,True,16.0,1,99.553,8335.529,8235.976,18.3,27.7,67.0,False,False,False,False,False,False,False,False,False,True,False
ZHO,24,Kick Sauber,46.0,4.0,SOFT,6.0,True,16.0,1,99.636,8435.165,8335.529,18.2,27.6,67.0,False,False,False,False,False,False,False,False,False,True,False
ZHO,24,Kick Sauber,47.0,4.0,SOFT,7.0,True,16.0,1,100.046,8535.211,8435.165,18.2,27.4,67.0,False,False,False,False,False,False,False,False,False,True,False
ZHO,24,Kick Sauber,48.0,4.0,SOFT,8.0,True,16.0,1,100.391,8635.602,8535.211,18.2,28.0,68.0,False,False,False,False,False,False,False,False,False,True,False
ZHO,24,Kick Sauber,49.0,4.0,SOFT,9.0,True,15.0,1,101.502,8737.104,8635.602,18.2,28.0,68.0,False,False,False,False,False,False,False,False,False,True,False
ZHO,24,Kick Sauber,50.0,4.0,SOFT,10.0,True,15.0,1,100.534,8837.638,8737.104,18.2,27.6,67.0,False,False,False,False,False,False,False,False,False,True,False
ZHO,24,Kick Sauber,51.0,4.0,SOFT,11.0,True,15.0,1,100.179,8937.817,8837.638,18.2,27.7,68.0,False,False,False,False,False,False,False,False,False,True,False
ZHO,24,Kick Sauber,52.0,4.0,SOFT,12.0,True,15.0,1,100.542,9038.359,8937.817,18.2,27.6,68.0,False,False,False,False,False,False,False,False,False,True,False
ZHO,24,Kick Sauber,53.0,4.0,SOFT,13.0,True,14.0,1,101.049,9139.408,9038.359,18.2,27.9,68.0,False,False,False,False,False,False,False,False,False,True,False
ZHO,24,Kick Sauber,54.0,4.0,SOFT,14.0,True,14.0,1,101.258,9240.666,9139.408,18.2,27.4,67.0,False,False,False,False,False,False,False,False,False,True,False
ZHO,24,Kick Sauber,55.0,4.0,SOFT,15.0,True,14.0,1,100.785,9341.451,9240.666,18.2,27.4,67.0,False,False,False,False,False,False,False,False,False,True,False
ZHO,24,Kick Sauber,56.0,4.0,SOFT,16.0,True,14.0,1,101.192,9442.643,9341.451,18.1,27.3,68.0,False,False,False,False,False,False,False,False,False,True,False
HUL,27,Haas F1 Team,1.0,1.0,MEDIUM,1.0,True,8.0,1,107.041,3425.476,3318.169,18.8,31.1,66.0,False,False,False,False,True,False,False,False,False,False,False
HUL,27,Haas F1 Team,2.0,1.0,MEDIUM,2.0,True,10.0,1,103.687,3529.163,3425.476,18.7,31.0,65.0,False,False,False,False,False,False,False,False,True,False,False
HUL,27,Haas F1 Team,3.0,1.0,MEDIUM,3.0,True,10.0,1,102.347,3631.51,3529.163,18.8,30.4,65.0,False,False,False,False,False,False,False,False,False,True,False
HUL,27,Haas F1 Team,4.0,1.0,MEDIUM,4.0,True,10.0,1,102.824,3734.334,3631.51,18.9,30.6,65.0,False,False,False,False,False,False,False,False,False,True,False
HUL,27,Haas F1 Team,5.0,1.0,MEDIUM,5.0,True,10.0,1,103.331,3837.665,3734.334,19.0,30.7,66.0,False,False,False,False,False,False,False,False,False,True,False
HUL,27,Haas F1 Team,6.0,1.0,MEDIUM,6.0,True,10.0,1,103.384,3941.049,3837.665,19.0,30.7,66.0,False,False,False,False,False,False,False,False,False,True,False
HUL,27,Haas F1 Team,7.0,1.0,MEDIUM,7.0,True,11.0,1,104.061,4045.11,3941.049,19.0,30.7,66.0,False,False,False,False,False,False,False,False,False,True,False
HUL,27,Haas F1 Team,8.0,1.0,MEDIUM,8.0,True,15.0,1,109.064,4154.174,4045.11,19.0,30.9,65.0,False,True,False,False,True,False,False,False,False,False,False
HUL,27,Haas F1 Team,9.0,2.0,HARD,1.0,True,18.0,1,119.939,4274.113,4154.174,19.0,30.7,65.0,False,False,True,False,True,False,False,False,False,False,False
HUL,27,Haas F1 Team,10.0,2.0,HARD,2.0,True,14.0,1,101.429,4375.542,4274.113,19.0,30.3,65.0,False,False,False,False,False,False,False,False,False,True,False
HUL,27,Haas F1 Team,11.0,2.0,HARD,3.0,True,14.0,1,101.42,4476.962,4375.542,18.9,30.2,65.0,False,False,False,False,False,False,False,False,False,True,False
HUL,27,Haas F1 Team,12.0,2.0,HARD,4.0,True,13.0,1,101.821,4578.783,4476.962,18.8,30.5,66.0,False,False,False,False,False,False,False,False,False,True,False
HUL,27,Haas F1 Team,13.0,2.0,HARD,5.0,True,12.0,1,102.061,4680.844,4578.783,18.8,30.5,65.0,False,False,False,False,False,False,False,False,False,True,False
HUL,27,Haas F1 Team,14.0,2.0,HARD,6.0,True,12.0,1,102.123,4782.967,4680.844,18.9,30.3,66.0,False,False,False,False,False,False,False,False,False,True,False
HUL,27,Haas F1 Team,15.0,2.0,HARD,7.0,True,11.0,1,102.408,4885.375,4782.967,18.8,30.1,66.0,False,False,False,False,False,False,False,False,False,True,False
HUL,27,Haas F1 Team,16.0,2.0,HARD,8.0,True,11.0,1,102.5,4987.875,4885.375,18.8,29.8,66.0,False,False,False,False,False,False,False,False,False,True,False
HUL,27,Haas F1 Team,17.0,2.0,HARD,9.0,True,10.0,1,101.955,5089.83,4987.875,18.6,29.9,67.0,False,False,False,False,False,False,False,False,False,True,False
HUL,27,Haas F1 Team,18.0,2.0,HARD,10.0,True,10.0,1,103.019,5192.849,5089.83,18.6,29.7,66.0,False,False,False,False,False,False,False,False,False,True,False
HUL,27,Haas F1 Team,19.0,2.0,HARD,11.0,True,10.0,1,102.465,5295.314,5192.849,18.5,29.9,67.0,False,False,False,False,False,False,False,False,False,True,False
HUL,27,Haas F1 Team,20.0,2.0,HARD,12.0,True,10.0,12,102.187,5397.501,5295.314,18.6,29.9,66.0,False,False,False,False,False,False,True,False,False,False,False
HUL,27,Haas F1 Team,21.0,2.0,HARD,13.0,True,10.0,26,117.611,5515.112,5397.501,18.6,29.6,66.0,False,False,False,False,True,False,True,False,False,False,False
HUL,27,Haas F1 Team,22.0,2.0,HARD,14.0,True,9.0,6,132.713,5647.825,5515.112,18.6,29.5,66.0,False,False,False,False,True,False,True,False,False,False,False
HUL,27,Haas F1 Team,23.0,2.0,HARD,15.0,True,9.0,64,137.671,5785.496,5647.825,18.6,29.4,66.0,False,True,False,False,True,False,True,False,False,False,False
HUL,27,Haas F1 Team,24.0,3.0,HARD,1.0,True,11.0,4,,5935.923,5785.496,18.6,29.4,67.0,False,False,True,True,True,False,True,False,False,False,False
HUL,27,Haas F1 Team,25.0,3.0,HARD,2.0,True,11.0,4,119.529,6055.452,5935.923,18.6,29.4,66.0,False,False,False,False,True,False,True,False,False,False,False
HUL,27,Haas F1 Team,26.0,3.0,HARD,3.0,True,9.0,41,147.733,6203.185,6055.452,18.7,29.6,66.0,False,False,False,False,True,False,True,False,False,False,False
HUL,27,Haas F1 Team,27.0,3.0,HARD,4.0,True,9.0,124,114.261,6317.446,6203.185,18.6,29.2,66.0,False,False,False,False,True,False,True,False,False,False,False
HUL,27,Haas F1 Team,28.0,3.0,HARD,5.0,True,10.0,4,149.564,6467.01,6317.446,18.6,29.2,66.0,False,False,False,False,True,False,True,False,False,False,False
HUL,27,Haas F1 Team,29.0,3.0,HARD,6.0,True,10.0,4,145.148,6612.158,6467.01,18.6,29.2,67.0,False,False,False,False,True,False,True,False,False,False,False
HUL,27,Haas F1 Team,30.0,3.0,HARD,7.0,True,10.0,4,141.361,6753.519,6612.158,18.5,29.1,67.0,False,False,False,False,True,False,True,False,False,False,False
HUL,27,Haas F1 Team,31.0,3.0,HARD,8.0,True,10.0,41,143.141,6896.66,6753.519,18.5,29.1,67.0,False,False,False,False,True,False,True,False,False,False,False
HUL,27,Haas F1 Team,32.0,3.0,HARD,9.0,True,9.0,1,100.815,6997.475,6896.66,18.5,28.8,66.0,False,False,False,False,False,False,False,False,False,True,False
HUL,27,Haas F1 Team,33.0,3.0,HARD,10.0,True,9.0,1,100.879,7098.354,6997.475,18.3,28.8,67.0,False,False,False,False,False,False,False,False,False,True,False
HUL,27,Haas F1 Team,34.0,3.0,HARD,11.0,True,9.0,1,100.864,7199.218,7098.354,18.3,28.9,67.0,False,False,False,False,False,False,False,False,False,True,False
HUL,27,Haas F1 Team,35.0,3.0,HARD,12.0,True,9.0,1,101.035,7300.253,7199.218,18.3,28.9,67.0,False,False,False,False,False,False,False,False,False,True,False
HUL,27,Haas F1 Team,36.0,3.0,HARD,13.0,True,9.0,1,101.223,7401.476,7300.253,18.4,28.7,67.0,False,False,False,False,False,False,False,False,False,True,False
HUL,27,Haas F1 Team,37.0,3.0,HARD,14.0,True,9.0,1,101.127,7502.603,7401.476,18.4,28.8,67.0,False,False,False,False,False,False,False,False,False,True,False
HUL,27,Haas F1 Team,38.0,3.0,HARD,15.0,True,9.0,1,100.998,7603.601,7502.603,18.4,28.5,67.0,False,False,False,False,False,False,False,False,False,True,False
HUL,27,Haas F1 Team,39.0,3.0,HARD,16.0,True,9.0,1,101.268,7704.869,7603.601,18.4,28.4,68.0,False,False,False,False,False,False,False,False,False,True,False
HUL,27,Haas F1 Team,40.0,3.0,HARD,17.0,True,9.0,1,101.593,7806.462,7704.869,18.4,28.3,68.0,False,False,False,False,False,False,False,False,False,True,False
HUL,27,Haas F1 Team,41.0,3.0,HARD,18.0,True,10.0,1,102.174,7908.636,7806.462,18.4,28.4,67.0,False,False,False,False,False,False,False,False,False,True,False
HUL,27,Haas F1 Team,42.0,3.0,HARD,19.0,True,10.0,1,101.672,8010.308,7908.636,18.4,28.1,67.0,False,False,False,False,False,False,False,False,False,True,False
HUL,27,Haas F1 Team,43.0,3.0,HARD,20.0,True,10.0,1,101.373,8111.681,8010.308,18.4,28.1,67.0,False,False,False,False,False,False,False,False,False,True,False
HUL,27,Haas F1 Team,44.0,3.0,HARD,21.0,True,9.0,1,101.346,8213.027,8111.681,18.4,27.8,67.0,False,False,False,False,False,False,False,False,False,True,False
HUL,27,Haas F1 Team,45.0,3.0,HARD,22.0,True,9.0,1,101.234,8314.261,8213.027,18.3,27.7,67.0,False,False,False,False,False,False,False,False,False,True,False
HUL,27,Haas F1 Team,46.0,3.0,HARD,23.0,True,9.0,1,101.518,8415.779,8314.261,18.2,27.6,67.0,False,False,False,False,False,False,False,False,False,True,False
HUL,27,Haas F1 Team,47.0,3.0,HARD,24.0,True,10.0,1,101.998,8517.777,8415.779,18.2,27.4,67.0,False,False,False,False,False,False,False,False,False,True,False
HUL,27,Haas F1 Team,48.0,3.0,HARD,25.0,True,10.0,1,101.196,8618.973,8517.777,18.2,27.9,68.0,False,False,False,False,False,False,False,False,False,True,False
HUL,27,Haas F1 Team,49.0,3.0,HARD,26.0,True,10.0,1,101.241,8720.214,8618.973,18.2,28.0,68.0,False,False,False,False,False,False,False,False,False,True,False
HUL,27,Haas F1 Team,50.0,3.0,HARD,27.0,True,10.0,1,101.331,8821.545,8720.214,18.2,27.6,67.0,False,False,False,False,False,False,False,False,False,True,False
HUL,27,Haas F1 Team,51.0,3.0,HARD,28.0,True,10.0,1,101.549,8923.094,8821.545,18.2,27.6,68.0,False,False,False,False,False,False,False,False,False,True,False
HUL,27,Haas F1 Team,52.0,3.0,HARD,29.0,True,10.0,1,101.625,9024.719,8923.094,18.2,27.6,68.0,False,False,False,False,False,False,False,False,False,True,False
HUL,27,Haas F1 Team,53.0,3.0,HARD,30.0,True,10.0,1,101.543,9126.262,9024.719,18.2,27.9,68.0,False,False,False,False,False,False,False,False,False,True,False
HUL,27,Haas F1 Team,54.0,3.0,HARD,31.0,True,10.0,1,101.646,9227.908,9126.262,18.2,27.5,68.0,False,False,False,False,False,False,False,False,False,True,False
HUL,27,Haas F1 Team,55.0,3.0,HARD,32.0,True,10.0,1,101.705,9329.613,9227.908,18.2,27.4,67.0,False,False,False,False,False,False,False,False,False,True,False
HUL,27,Haas F1 Team,56.0,3.0,HARD,33.0,True,10.0,1,101.904,9431.517,9329.613,18.1,27.3,68.0,False,False,False,False,False,False,False,False,False,True,False
RIC,3,RB,1.0,1.0,MEDIUM,1.0,True,15.0,1,110.255,3428.69,3318.169,18.8,31.1,66.0,False,False,False,False,True,False,False,False,False,False,False
RIC,3,RB,2.0,1.0,MEDIUM,2.0,True,15.0,1,103.47,3532.16,3428.69,18.7,31.0,65.0,False,False,False,False,False,False,False,False,False,True,False
RIC,3,RB,3.0,1.0,MEDIUM,3.0,True,15.0,1,103.073,3635.233,3532.16,18.8,30.4,65.0,False,False,False,False,False,False,False,False,False,True,False
RIC,3,RB,4.0,1.0,MEDIUM,4.0,True,15.0,1,102.976,3738.209,3635.233,18.9,30.6,65.0,False,False,False,False,False,False,False,False,False,True,False
RIC,3,RB,5.0,1.0,MEDIUM,5.0,True,15.0,1,103.449,3841.658,3738.209,19.0,30.7,66.0,False,False,False,False,False,False,False,False,False,True,False
RIC,3,RB,6.0,1.0,MEDIUM,6.0,True,15.0,1,103.613,3945.271,3841.658,19.0,30.7,66.0,False,False,False,False,False,False,False,False,False,True,False
RIC,3,RB,7.0,1.0,MEDIUM,7.0,True,15.0,1,103.798,4049.069,3945.271,19.0,30.7,66.0,False,False,False,False,False,False,False,False,False,True,False
RIC,3,RB,8.0,1.0,MEDIUM,8.0,True,14.0,1,103.843,4152.912,4049.069,19.0,30.9,65.0,False,False,False,False,False,False,False,False,False,True,False
RIC,3,RB,9.0,1.0,MEDIUM,9.0,True,12.0,1,103.605,4256.517,4152.912,19.0,30.7,65.0,False,False,False,False,False,False,False,False,False,True,False
RIC,3,RB,10.0,1.0,MEDIUM,10.0,True,10.0,1,103.309,4359.826,4256.517,19.0,30.6,65.0,False,False,False,False,False,False,False,False,False,True,False
RIC,3,RB,11.0,1.0,MEDIUM,11.0,True,9.0,1,103.487,4463.313,4359.826,18.9,30.2,65.0,False,False,False,False,False,False,False,False,False,True,False
RIC,3,RB,12.0,1.0,MEDIUM,12.0,True,7.0,1,103.115,4566.428,4463.313,18.8,30.5,66.0,False,False,False,False,False,False,False,False,False,True,False
RIC,3,RB,13.0,1.0,MEDIUM,13.0,True,7.0,1,103.016,4669.444,4566.428,18.8,30.5,65.0,False,False,False,False,False,False,False,False,False,True,False
RIC,3,RB,14.0,1.0,MEDIUM,14.0,True,9.0,1,107.802,4777.246,4669.444,18.9,30.3,66.0,False,True,False,False,True,False,False,False,False,False,False
RIC,3,RB,15.0,2.0,MEDIUM,1.0,True,18.0,1,120.257,4897.503,4777.246,18.8,30.1,66.0,False,False,True,False,True,False,False,False,False,False,False
RIC,3,RB,16.0,2.0,MEDIUM,2.0,True,17.0,1,100.994,4998.497,4897.503,18.8,29.8,66.0,False,False,False,False,False,False,False,False,False,True,False
RIC,3,RB,17.0,2.0,MEDIUM,3.0,True,16.0,1,101.077,5099.574,4998.497,18.6,29.9,67.0,False,False,False,False,False,False,False,False,False,True,False
RIC,3,RB,18.0,2.0,MEDIUM,4.0,True,15.0,1,101.542,5201.116,5099.574,18.6,29.7,66.0,False,False,False,False,False,False,False,False,False,True,False
RIC,3,RB,19.0,2.0,MEDIUM,5.0,True,14.0,1,101.955,5303.071,5201.116,18.5,29.9,67.0,False,False,False,False,False,False,False,False,False,True,False
RIC,3,RB,20.0,2.0,MEDIUM,6.0,True,13.0,12,101.817,5404.888,5303.071,18.6,29.9,66.0,False,False,False,False,False,False,True,False,False,False,False
RIC,3,RB,21.0,2.0,MEDIUM,7.0,True,12.0,26,119.371,5524.259,5404.888,18.6,29.6,66.0,False,False,False,False,True,False,True,False,False,False,False
RIC,3,RB,22.0,2.0,MEDIUM,8.0,True,11.0,6,134.125,5658.384,5524.259,18.6,29.5,66.0,False,False,False,False,True,False,True,False,False,False,False
RIC,3,RB,23.0,2.0,MEDIUM,9.0,True,10.0,64,132.827,5791.211,5658.384,18.6,29.4,66.0,False,False,False,False,True,False,True,False,False,False,False
RIC,3,RB,24.0,2.0,MEDIUM,10.0,True,9.0,4,132.652,5923.863,5791.211,18.6,29.7,67.0,False,False,False,False,True,False,True,False,False,False,False
RIC,3,RB,25.0,2.0,MEDIUM,11.0,True,9.0,4,128.183,6052.046,5923.863,18.6,29.4,66.0,False,False,False,False,True,False,True,False,False,False,False
RIC,3,RB,26.0,2.0,MEDIUM,12.0,True,10.0,41,,6204.404,6052.046,18.7,29.6,66.0,False,False,False,True,True,False,True,False,False,False,False
RIC,3,RB,27.0,2.0,MEDIUM,13.0,True,10.0,124,114.803,6319.207,6204.404,18.6,29.2,66.0,False,False,False,False,True,False,True,False,False,False,False
RIC,3,RB,28.0,2.0,MEDIUM,14.0,True,9.0,4,146.589,6465.796,6319.207,18.6,29.2,66.0,False,False,False,False,True,False,True,False,False,False,False
RIC,3,RB,29.0,2.0,MEDIUM,15.0,True,9.0,4,145.366,6611.162,6465.796,18.6,29.2,67.0,False,False,False,False,True,False,True,False,False,False,False
RIC,3,RB,30.0,2.0,MEDIUM,16.0,True,9.0,4,141.054,6752.216,6611.162,18.5,29.1,67.0,False,False,False,False,True,False,True,False,False,False,False
RIC,3,RB,31.0,2.0,MEDIUM,17.0,True,9.0,41,143.797,6896.013,6752.216,18.5,29.1,67.0,False,False,False,False,True,False,True,False,False,False,False
RIC,3,RB,32.0,2.0,MEDIUM,18.0,True,12.0,1,104.075,7000.088,6896.013,18.5,28.8,66.0,False,False,False,False,False,False,False,False,False,True,False
RIC,3,RB,33.0,2.0,MEDIUM,19.0,True,18.0,1,115.415,7115.503,7000.088,18.3,28.8,67.0,False,True,False,False,True,False,False,False,False,False,False
OCO,31,Alpine,1.0,1.0,MEDIUM,1.0,True,12.0,1,108.897,3427.332,3318.169,18.8,31.1,66.0,False,False,False,False,True,False,False,False,False,False,False
OCO,31,Alpine,2.0,1.0,MEDIUM,2.0,True,12.0,1,103.022,3530.354,3427.332,18.7,31.0,65.0,False,False,False,False,False,False,False,False,False,True,False
OCO,31,Alpine,3.0,1.0,MEDIUM,3.0,True,12.0,1,102.807,3633.161,3530.354,18.8,30.4,65.0,False,False,False,False,False,False,False,False,False,True,False
OCO,31,Alpine,4.0,1.0,MEDIUM,4.0,True,12.0,1,103.002,3736.163,3633.161,18.9,30.6,65.0,False,False,False,False,False,False,False,False,False,True,False
OCO,31,Alpine,5.0,1.0,MEDIUM,5.0,True,12.0,1,103.105,3839.268,3736.163,19.0,30.7,66.0,False,False,False,False,False,False,False,False,False,True,False
OCO,31,Alpine,6.0,1.0,MEDIUM,6.0,True,12.0,1,103.212,3942.48,3839.268,19.0,30.7,66.0,False,False,False,False,False,False,False,False,False,True,False
OCO,31,Alpine,7.0,1.0,MEDIUM,7.0,True,12.0,1,103.549,4046.029,3942.48,19.0,30.7,66.0,False,False,False,False,False,False,False,False,False,True,False
OCO,31,Alpine,8.0,1.0,MEDIUM,8.0,True,11.0,1,104.045,4150.074,4046.029,19.0,30.9,65.0,False,False,False,False,False,False,False,False,False,True,False
OCO,31,Alpine,9.0,1.0,MEDIUM,9.0,True,13.0,1,108.29,4258.364,4150.074,19.0,30.7,65.0,False,True,False,False,True,False,False,False,False,False,False
OCO,31,Alpine,10.0,2.0,HARD,1.0,True,16.0,1,120.652,4379.016,4258.364,19.0,30.3,65.0,False,False,True,False,True,False,False,False,False,False,False
OCO,31,Alpine,11.0,2.0,HARD,2.0,True,16.0,1,101.472,4480.488,4379.016,18.9,30.2,65.0,False,False,False,False,False,False,False,False,False,True,False
OCO,31,Alpine,12.0,2.0,HARD,3.0,True,15.0,1,101.793,4582.281,4480.488,18.8,30.5,66.0,False,False,False,False,False,False,False,False,False,True,False
OCO,31,Alpine,13.0,2.0,HARD,4.0,True,14.0,1,102.193,4684.474,4582.281,18.8,30.5,65.0,False,False,False,False,False,False,False,False,False,True,False
OCO,31,Alpine,14.0,2.0,HARD,5.0,True,14.0,1,102.112,4786.586,4684.474,18.9,30.3,66.0,False,False,False,False,False,False,False,False,False,True,False
OCO,31,Alpine,15.0,2.0,HARD,6.0,True,13.0,1,102.357,4888.943,4786.586,18.8,30.1,66.0,False,False,False,False,False,False,False,False,False,True,False
OCO,31,Alpine,16.0,2.0,HARD,7.0,True,13.0,1,102.443,4991.386,4888.943,18.8,29.8,66.0,False,False,False,False,False,False,False,False,False,True,False
OCO,31,Alpine,17.0,2.0,HARD,8.0,True,12.0,1,102.55,5093.936,4991.386,18.6,29.9,67.0,False,False,False,False,False,False,False,False,False,True,False
OCO,31,Alpine,18.0,2.0,HARD,9.0,True,12.0,1,102.486,5196.422,5093.936,18.6,29.7,66.0,False,False,False,False,False,False,False,False,False,True,False
OCO,31,Alpine,19.0,2.0,HARD,10.0,True,12.0,1,102.544,5298.966,5196.422,18.5,29.9,67.0,False,False,False,False,False,False,False,False,False,True,False
OCO,31,Alpine,20.0,2.0,HARD,11.0,True,11.0,12,102.599,5401.565,5298.966,18.6,29.9,66.0,False,False,False,False,False,False,True,False,False,False,False
OCO,31,Alpine,21.0,2.0,HARD,12.0,True,11.0,26,117.545,5519.11,5401.565,18.6,29.6,66.0,False,False,False,False,True,False,True,False,False,False,False
OCO,31,Alpine,22.0,2.0,HARD,13.0,True,10.0,6,135.159,5654.269,5519.11,18.6,29.5,66.0,False,False,False,False,True,False,True,False,False,False,False
OCO,31,Alpine,23.0,2.0,HARD,14.0,True,11.0,64,137.613,5791.882,5654.269,18.6,29.4,66.0,False,True,False,False,True,False,True,False,False,False,False
OCO,31,Alpine,24.0,3.0,HARD,1.0,True,13.0,4,148.655,5940.537,5791.882,18.6,29.4,67.0,False,False,True,False,True,False,True,False,False,False,False
OCO,31,Alpine,25.0,3.0,HARD,2.0,True,12.0,4,116.221,6056.758,5940.537,18.6,29.4,66.0,False,False,False,False,True,False,True,False,False,False,False
OCO,31,Alpine,26.0,3.0,HARD,3.0,True,11.0,41,147.921,6204.679,6056.758,18.7,29.6,66.0,False,False,False,False,True,False,True,False,False,False,False
OCO,31,Alpine,27.0,3.0,HARD,4.0,True,12.0,124,116.712,6321.391,6204.679,18.6,29.2,66.0,False,False,False,False,True,False,True,False,False,False,False
OCO,31,Alpine,28.0,3.0,HARD,5.0,True,12.0,4,147.622,6469.013,6321.391,18.6,29.2,67.0,False,False,False,False,True,False,True,False,False,False,False
OCO,31,Alpine,29.0,3.0,HARD,6.0,True,12.0,4,144.917,6613.93,6469.013,18.6,29.2,67.0,False,False,False,False,True,False,True,False,False,False,False
OCO,31,Alpine,30.0,3.0,HARD,7.0,True,12.0,4,141.322,6755.252,6613.93,18.5,29.1,67.0,False,False,False,False,True,False,True,False,False,False,False
OCO,31,Alpine,31.0,3.0,HARD,8.0,True,12.0,41,142.345,6897.597,6755.252,18.5,29.1,67.0,False,False,False,False,True,False,True,False,False,False,False
OCO,31,Alpine,32.0,3.0,HARD,9.0,True,11.0,1,101.902,6999.499,6897.597,18.5,28.8,66.0,False,False,False,False,False,False,False,False,False,True,False
OCO,31,Alpine,33.0,3.0,HARD,10.0,True,11.0,1,100.937,7100.436,6999.499,18.3,28.8,67.0,False,False,False,False,False,False,False,False,False,True,False
OCO,31,Alpine,34.0,3.0,HARD,11.0,True,11.0,1,100.972,7201.408,7100.436,18.3,28.9,67.0,False,False,False,False,False,False,False,False,False,True,False
OCO,31,Alpine,35.0,3.0,HARD,12.0,True,11.0,1,101.009,7302.417,7201.408,18.3,28.9,67.0,False,False,False,False,False,False,False,False,False,True,False
OCO,31,Alpine,36.0,3.0,HARD,13.0,True,11.0,1,101.194,7403.611,7302.417,18.4,28.7,67.0,False,False,False,False,False,False,False,False,False,True,False
OCO,31,Alpine,37.0,3.0,HARD,14.0,True,11.0,1,101.361,7504.972,7403.611,18.4,28.8,67.0,False,False,False,False,False,False,False,False,False,True,False
OCO,31,Alpine,38.0,3.0,HARD,15.0,True,11.0,1,101.131,7606.103,7504.972,18.4,28.5,67.0,False,False,False,False,False,False,False,False,False,True,False
OCO,31,Alpine,39.0,3.0,HARD,16.0,True,11.0,1,101.313,7707.416,7606.103,18.4,28.4,68.0,False,False,False,False,False,False,False,False,False,True,False
OCO,31,Alpine,40.0,3.0,HARD,17.0,True,11.0,1,101.592,7809.008,7707.416,18.4,28.3,68.0,False,False,False,False,False,False,False,False,False,True,False
OCO,31,Alpine,41.0,3.0,HARD,18.0,True,11.0,1,101.653,7910.661,7809.008,18.4,28.4,67.0,False,False,False,False,False,False,False,False,False,True,False
OCO,31,Alpine,42.0,3.0,HARD,19.0,True,11.0,1,101.515,8012.176,7910.661,18.4,28.1,67.0,False,False,False,False,False,False,False,False,False,True,False
OCO,31,Alpine,43.0,3.0,HARD,20.0,True,11.0,1,101.535,8113.711,8012.176,18.4,28.1,67.0,False,False,False,False,False,False,False,False,False,True,False
OCO,31,Alpine,44.0,3.0,HARD,21.0,True,10.0,1,101.24,8214.951,8113.711,18.4,27.8,67.0,False,False,False,False,False,False,False,False,False,True,False
OCO,31,Alpine,45.0,3.0,HARD,22.0,True,10.0,1,101.423,8316.374,8214.951,18.3,27.7,67.0,False,False,False,False,False,False,False,False,False,True,False
OCO,31,Alpine,46.0,3.0,HARD,23.0,True,11.0,1,102.084,8418.458,8316.374,18.2,27.6,67.0,False,False,False,False,False,False,False,False,False,True,False
OCO,31,Alpine,47.0,3.0,HARD,24.0,True,11.0,1,101.743,8520.201,8418.458,18.2,27.4,67.0,False,False,False,False,False,False,False,False,False,True,False
OCO,31,Alpine,48.0,3.0,HARD,25.0,True,11.0,1,101.301,8621.502,8520.201,18.2,27.9,68.0,False,False,False,False,False,False,False,False,False,True,False
OCO,31,Alpine,49.0,3.0,HARD,26.0,True,11.0,1,101.297,8722.799,8621.502,18.2,28.0,68.0,False,False,False,False,False,False,False,False,False,True,False
OCO,31,Alpine,50.0,3.0,HARD,27.0,True,11.0,1,101.567,8824.366,8722.799,18.2,27.6,67.0,False,False,False,False,False,False,False,False,False,True,False
OCO,31,Alpine,51.0,3.0,HARD,28.0,True,11.0,1,101.477,8925.843,8824.366,18.2,27.6,68.0,False,False,False,False,False,False,False,False,False,True,False
OCO,31,Alpine,52.0,3.0,HARD,29.0,True,11.0,1,101.559,9027.402,8925.843,18.2,27.6,68.0,False,False,False,False,False,False,False,False,False,True,False
OCO,31,Alpine,53.0,3.0,HARD,30.0,True,11.0,1,101.652,9129.054,9027.402,18.2,27.9,68.0,False,False,False,False,False,False,False,False,False,True,False
OCO,31,Alpine,54.0,3.0,HARD,31.0,True,11.0,1,101.522,9230.576,9129.054,18.2,27.4,67.0,False,False,False,False,False,False,False,False,False,True,False
OCO,31,Alpine,55.0,3.0,HARD,32.0,True,11.0,1,101.574,9332.15,9230.576,18.2,27.4,67.0,False,False,False,False,False,False,False,False,False,True,False
OCO,31,Alpine,56.0,3.0,HARD,33.0,True,11.0,1,101.651,9433.801,9332.15,18.1,27.3,68.0,False,False,False,False,False,False,False,False,False,True,False
NOR,4,McLaren,1.0,1.0,MEDIUM,1.0,True,4.0,1,104.524,3422.959,3318.169,18.8,31.1,66.0,False,False,False,False,True,False,False,False,False,False,False
NOR,4,McLaren,2.0,1.0,MEDIUM,2.0,True,4.0,1,101.267,3524.226,3422.959,18.7,31.3,66.0,False,False,False,False,False,False,False,False,False,True,False
NOR,4,McLaren,3.0,1.0,MEDIUM,3.0,True,4.0,1,101.282,3625.508,3524.226,18.8,30.4,65.0,False,False,False,False,False,False,False,False,False,True,False
NOR,4,McLaren,4.0,1.0,MEDIUM,4.0,True,4.0,1,101.929,3727.437,3625.508,18.9,30.6,65.0,False,False,False,False,False,False,False,False,False,True,False
NOR,4,McLaren,5.0,1.0,MEDIUM,5.0,True,4.0,1,101.94,3829.377,3727.437,19.0,30.7,66.0,False,False,False,False,False,False,False,False,False,True,False
NOR,4,McLaren,6.0,1.0,MEDIUM,6.0,True,4.0,1,102.009,3931.386,3829.377,19.0,30.7,66.0,False,False,False,False,False,False,False,False,False,True,False
NOR,4,McLaren,7.0,1.0,MEDIUM,7.0,True,3.0,1,102.403,4033.789,3931.386,19.0,30.7,66.0,False,False,False,False,False,False,False,False,False,True,False
NOR,4,McLaren,8.0,1.0,MEDIUM,8.0,True,3.0,1,101.756,4135.545,4033.789,19.0,30.9,65.0,False,False,False,False,False,False,False,False,False,True,False
NOR,4,McLaren,9.0,1.0,MEDIUM,9.0,True,3.0,1,101.688,4237.233,4135.545,19.0,30.7,65.0,False,False,False,False,False,False,False,False,False,True,False
NOR,4,McLaren,10.0,1.0,MEDIUM,10.0,True,3.0,1,101.695,4338.928,4237.233,19.0,30.6,65.0,False,False,False,False,False,False,False,False,False,True,False
NOR,4,McLaren,11.0,1.0,MEDIUM,11.0,True,3.0,1,101.828,4440.756,4338.928,18.9,30.2,65.0,False,False,False,False,False,False,False,False,False,True,False
NOR,4,McLaren,12.0,1.0,MEDIUM,12.0,True,3.0,1,102.007,4542.763,4440.756,18.9,30.2,66.0,False,False,False,False,False,False,False,False,False,True,False
NOR,4,McLaren,13.0,1.0,MEDIUM,13.0,True,2.0,1,101.805,4644.568,4542.763,18.8,30.5,66.0,False,False,False,False,False,False,False,False,False,True,False
NOR,4,McLaren,14.0,1.0,MEDIUM,14.0,True,1.0,1,101.656,4746.224,4644.568,18.9,30.3,66.0,False,False,False,False,False,False,False,False,False,True,False
NOR,4,McLaren,15.0,1.0,MEDIUM,15.0,True,1.0,1,102.04,4848.264,4746.224,18.9,30.3,65.0,False,False,False,False,False,False,False,False,False,True,False
NOR,4,McLaren,16.0,1.0,MEDIUM,16.0,True,1.0,1,101.795,4950.059,4848.264,18.8,30.1,65.0,False,False,False,False,False,False,False,False,False,True,False
NOR,4,McLaren,17.0,1.0,MEDIUM,17.0,True,1.0,1,101.7,5051.759,4950.059,18.6,29.8,66.0,False,False,False,False,False,False,False,False,False,True,False
NOR,4,McLaren,18.0,1.0,MEDIUM,18.0,True,1.0,1,101.994,5153.753,5051.759,18.6,29.7,66.0,False,False,False,False,False,False,False,False,False,True,False
NOR,4,McLaren,19.0,1.0,MEDIUM,19.0,True,2.0,1,102.658,5256.411,5153.753,18.6,29.9,67.0,False,False,False,False,False,False,False,False,False,True,False
NOR,4,McLaren,20.0,1.0,MEDIUM,20.0,True,2.0,1,102.167,5358.578,5256.411,18.6,29.9,67.0,False,False,False,False,False,False,False,False,False,True,False
NOR,4,McLaren,21.0,1.0,MEDIUM,21.0,True,2.0,126,103.566,5462.144,5358.578,18.7,29.6,66.0,False,False,False,False,True,False,True,False,False,False,False
NOR,4,McLaren,22.0,1.0,MEDIUM,22.0,True,2.0,6,138.646,5600.79,5462.144,18.6,29.5,66.0,False,True,False,False,True,False,True,False,False,False,False
NOR,4,McLaren,23.0,2.0,HARD,1.0,True,3.0,64,148.677,5749.467,5600.79,18.6,29.4,66.0,False,False,True,False,True,False,True,False,False,False,False
NOR,4,McLaren,24.0,2.0,HARD,2.0,True,2.0,4,146.575,5896.042,5749.467,18.6,29.7,67.0,False,False,False,False,True,False,True,False,False,False,False
NOR,4,McLaren,25.0,2.0,HARD,3.0,True,2.0,4,145.105,6041.147,5896.042,18.6,29.4,66.0,False,False,False,False,True,False,True,False,False,False,False
NOR,4,McLaren,26.0,2.0,HARD,4.0,True,2.0,41,,6198.026,6041.147,18.7,29.6,66.0,False,False,False,True,True,False,True,False,False,False,False
NOR,4,McLaren,27.0,2.0,HARD,5.0,True,2.0,124,108.631,6306.657,6198.026,18.6,29.2,66.0,False,False,False,False,True,False,True,False,False,False,False
NOR,4,McLaren,28.0,2.0,HARD,6.0,True,2.0,4,149.965,6456.622,6306.657,18.6,29.2,66.0,False,False,False,False,True,False,True,False,False,False,False
NOR,4,McLaren,29.0,2.0,HARD,7.0,True,2.0,4,147.449,6604.071,6456.622,18.6,29.2,67.0,False,False,False,False,True,False,True,False,False,False,False
NOR,4,McLaren,30.0,2.0,HARD,8.0,True,2.0,4,139.874,6743.945,6604.071,18.5,29.1,67.0,False,False,False,False,True,False,True,False,False,False,False
NOR,4,McLaren,31.0,2.0,HARD,9.0,True,2.0,41,148.01,6891.955,6743.945,18.5,29.1,67.0,False,False,False,False,True,False,True,False,False,False,False
NOR,4,McLaren,32.0,2.0,HARD,10.0,True,2.0,1,98.957,6990.912,6891.955,18.5,28.8,66.0,False,False,False,False,False,False,False,False,False,True,False
NOR,4,McLaren,33.0,2.0,HARD,11.0,True,2.0,1,98.751,7089.663,6990.912,18.3,28.8,67.0,False,False,False,False,False,False,False,False,False,True,False
NOR,4,McLaren,34.0,2.0,HARD,12.0,True,2.0,1,99.022,7188.685,7089.663,18.3,28.9,67.0,False,False,False,False,False,False,False,False,False,True,False
NOR,4,McLaren,35.0,2.0,HARD,13.0,True,2.0,1,99.094,7287.779,7188.685,18.3,28.9,67.0,False,False,False,False,False,False,False,False,False,True,False
NOR,4,McLaren,36.0,2.0,HARD,14.0,True,2.0,1,99.166,7386.945,7287.779,18.4,28.7,67.0,False,False,False,False,False,False,False,False,False,True,False
NOR,4,McLaren,37.0,2.0,HARD,15.0,True,2.0,1,99.3,7486.245,7386.945,18.4,28.7,67.0,False,False,False,False,False,False,False,False,False,True,False
NOR,4,McLaren,38.0,2.0,HARD,16.0,True,2.0,1,99.28,7585.525,7486.245,18.4,28.5,67.0,False,False,False,False,False,False,False,False,False,True,False
NOR,4,McLaren,39.0,2.0,HARD,17.0,True,2.0,1,99.501,7685.026,7585.525,18.4,28.4,68.0,False,False,False,False,False,False,False,False,False,True,False
NOR,4,McLaren,40.0,2.0,HARD,18.0,True,2.0,1,99.854,7784.88,7685.026,18.4,28.5,68.0,False,False,False,False,False,False,False,False,False,True,False
NOR,4,McLaren,41.0,2.0,HARD,19.0,True,2.0,1,99.721,7884.601,7784.88,18.4,28.3,68.0,False,False,False,False,False,False,False,False,False,True,False
NOR,4,McLaren,42.0,2.0,HARD,20.0,True,2.0,1,100.701,7985.302,7884.601,18.4,28.1,67.0,False,False,False,False,False,False,False,False,False,True,False
NOR,4,McLaren,43.0,2.0,HARD,21.0,True,2.0,1,99.932,8085.234,7985.302,18.4,28.2,67.0,False,False,False,False,False,False,False,False,False,True,False
NOR,4,McLaren,44.0,2.0,HARD,22.0,True,2.0,1,99.435,8184.669,8085.234,18.4,27.9,67.0,False,False,False,False,False,False,False,False,False,True,False
NOR,4,McLaren,45.0,2.0,HARD,23.0,True,2.0,1,99.437,8284.106,8184.669,18.3,27.7,67.0,False,False,False,False,False,False,False,False,False,True,False
NOR,4,McLaren,46.0,2.0,HARD,24.0,True,2.0,1,99.718,8383.824,8284.106,18.3,27.7,67.0,False,False,False,False,False,False,False,False,False,True,False
NOR,4,McLaren,47.0,2.0,HARD,25.0,True,2.0,1,100.113,8483.937,8383.824,18.2,27.4,67.0,False,False,False,False,False,False,False,False,False,True,False
NOR,4,McLaren,48.0,2.0,HARD,26.0,True,2.0,1,99.646,8583.583,8483.937,18.2,27.9,68.0,False,False,False,False,False,False,False,False,False,True,False
NOR,4,McLaren,49.0,2.0,HARD,27.0,True,2.0,1,99.716,8683.299,8583.583,18.2,28.0,68.0,False,False,False,False,False,False,False,False,False,True,False
NOR,4,McLaren,50.0,2.0,HARD,28.0,True,2.0,1,100.177,8783.476,8683.299,18.2,27.7,68.0,False,False,False,False,False,False,False,False,False,True,False
NOR,4,McLaren,51.0,2.0,HARD,29.0,True,2.0,1,99.949,8883.425,8783.476,18.2,27.6,68.0,False,False,False,False,False,False,False,False,False,True,False
NOR,4,McLaren,52.0,2.0,HARD,30.0,True,2.0,1,99.944,8983.369,8883.425,18.2,27.7,68.0,False,False,False,False,False,False,False,False,False,True,False
NOR,4,McLaren,53.0,2.0,HARD,31.0,True,2.0,1,100.208,9083.577,8983.369,18.2,27.7,68.0,False,False,False,False,False,False,False,False,False,True,False
NOR,4,McLaren,54.0,2.0,HARD,32.0,True,2.0,1,100.217,9183.794,9083.577,18.2,27.5,68.0,False,False,False,False,False,False,False,False,False,True,False
NOR,4,McLaren,55.0,2.0,HARD,33.0,True,2.0,1,100.686,9284.48,9183.794,18.2,27.4,67.0,False,False,False,False,False,False,False,False,False,True,False
NOR,4,McLaren,56.0,2.0,HARD,34.0,True,2.0,1,100.284,9384.764,9284.48,18.2,27.3,68.0,False,False,False,False,False,False,False,False,False,True,False
HAM,44,Mercedes,1.0,1.0,SOFT,1.0,True,19.0,1,111.502,3429.937,3318.169,18.8,31.1,66.0,False,False,False,False,True,False,False,False,False,False,False
HAM,44,Mercedes,2.0,1.0,SOFT,2.0,True,19.0,1,104.135,3534.072,3429.937,18.7,31.0,65.0,False,False,False,False,False,False,False,False,False,True,False
HAM,44,Mercedes,3.0,1.0,SOFT,3.0,True,18.0,1,102.906,3636.978,3534.072,18.8,30.4,65.0,False,False,False,False,False,False,False,False,False,True,False
HAM,44,Mercedes,4.0,1.0,SOFT,4.0,True,17.0,1,103.013,3739.991,3636.978,18.9,30.6,65.0,False,False,False,False,False,False,False,False,False,True,False
HAM,44,Mercedes,5.0,1.0,SOFT,5.0,True,17.0,1,103.499,3843.49,3739.991,19.0,30.7,66.0,False,False,False,False,False,False,False,False,False,True,False
HAM,44,Mercedes,6.0,1.0,SOFT,6.0,True,17.0,1,103.467,3946.957,3843.49,19.0,30.7,66.0,False,False,False,False,False,False,False,False,False,True,False
HAM,44,Mercedes,7.0,1.0,SOFT,7.0,True,17.0,1,104.056,4051.013,3946.957,19.0,30.7,66.0,False,False,False,False,False,False,False,False,False,True,False
HAM,44,Mercedes,8.0,1.0,SOFT,8.0,True,16.0,1,103.769,4154.782,4051.013,19.0,30.9,65.0,False,False,False,False,False,False,False,False,False,True,False
HAM,44,Mercedes,9.0,1.0,SOFT,9.0,True,17.0,1,107.942,4262.724,4154.782,19.0,30.7,65.0,False,True,False,False,True,False,False,False,False,False,False
HAM,44,Mercedes,10.0,2.0,MEDIUM,1.0,True,19.0,1,118.909,4381.633,4262.724,19.0,30.3,65.0,False,False,True,False,True,False,False,False,False,False,False
HAM,44,Mercedes,11.0,2.0,MEDIUM,2.0,True,18.0,1,101.409,4483.042,4381.633,18.9,30.2,65.0,False,False,False,False,False,False,False,False,False,True,False
HAM,44,Mercedes,12.0,2.0,MEDIUM,3.0,True,17.0,1,101.904,4584.946,4483.042,18.8,30.5,66.0,False,False,False,False,False,False,False,False,False,True,False
HAM,44,Mercedes,13.0,2.0,MEDIUM,4.0,True,15.0,1,101.927,4686.873,4584.946,18.8,30.5,65.0,False,False,False,False,False,False,False,False,False,True,False
HAM,44,Mercedes,14.0,2.0,MEDIUM,5.0,True,15.0,1,101.72,4788.593,4686.873,18.9,30.3,65.0,False,False,False,False,False,False,False,False,False,True,False
HAM,44,Mercedes,15.0,2.0,MEDIUM,6.0,True,14.0,1,102.314,4890.907,4788.593,18.8,30.1,66.0,False,False,False,False,False,False,False,False,False,True,False
HAM,44,Mercedes,16.0,2.0,MEDIUM,7.0,True,14.0,1,102.531,4993.438,4890.907,18.8,29.8,66.0,False,False,False,False,False,False,False,False,False,True,False
HAM,44,Mercedes,17.0,2.0,MEDIUM,8.0,True,13.0,1,102.223,5095.661,4993.438,18.6,29.9,67.0,False,False,False,False,False,False,False,False,False,True,False
HAM,44,Mercedes,18.0,2.0,MEDIUM,9.0,True,13.0,1,102.564,5198.225,5095.661,18.6,29.7,66.0,False,False,False,False,False,False,False,False,False,True,False
HAM,44,Mercedes,19.0,2.0,MEDIUM,10.0,True,13.0,1,102.854,5301.079,5198.225,18.5,29.9,67.0,False,False,False,False,False,False,False,False,False,True,False
HAM,44,Mercedes,20.0,2.0,MEDIUM,11.0,True,12.0,12,103.115,5404.194,5301.079,18.6,29.9,66.0,False,False,False,False,False,False,True,False,False,False,False
HAM,44,Mercedes,21.0,2.0,MEDIUM,12.0,True,14.0,26,122.779,5526.973,5404.194,18.6,29.6,66.0,False,True,False,False,True,False,True,False,False,False,False
HAM,44,Mercedes,22.0,3.0,HARD,1.0,True,17.0,6,149.397,5676.37,5526.973,18.6,29.5,66.0,False,False,True,False,True,False,True,False,False,False,False
HAM,44,Mercedes,23.0,3.0,HARD,2.0,True,17.0,64,133.536,5809.906,5676.37,18.6,29.7,67.0,False,False,False,False,True,False,True,False,False,False,False
HAM,44,Mercedes,24.0,3.0,HARD,3.0,True,14.0,4,133.117,5943.023,5809.906,18.6,29.4,67.0,False,False,False,False,True,False,True,False,False,False,False
HAM,44,Mercedes,25.0,3.0,HARD,4.0,True,13.0,4,114.977,6058.0,5943.023,18.6,29.4,66.0,False,False,False,False,True,False,True,False,False,False,False
HAM,44,Mercedes,26.0,3.0,HARD,5.0,True,12.0,41,147.219,6205.219,6058.0,18.7,29.6,66.0,False,False,False,False,True,False,True,False,False,False,False
HAM,44,Mercedes,27.0,3.0,HARD,6.0,True,11.0,124,115.435,6320.654,6205.219,18.6,29.2,66.0,False,False,False,False,True,False,True,False,False,False,False
HAM,44,Mercedes,28.0,3.0,HARD,7.0,True,11.0,4,147.598,6468.252,6320.654,18.6,29.2,66.0,False,False,False,False,True,False,True,False,False,False,False
HAM,44,Mercedes,29.0,3.0,HARD,8.0,True,11.0,4,144.889,6613.141,6468.252,18.6,29.2,67.0,False,False,False,False,True,False,True,False,False,False,False
HAM,44,Mercedes,30.0,3.0,HARD,9.0,True,11.0,4,141.1,6754.241,6613.141,18.5,29.1,67.0,False,False,False,False,True,False,True,False,False,False,False
HAM,44,Mercedes,31.0,3.0,HARD,10.0,True,11.0,41,142.834,6897.075,6754.241,18.5,29.1,67.0,False,False,False,False,True,False,True,False,False,False,False
HAM,44,Mercedes,32.0,3.0,HARD,11.0,True,10.0,1,101.118,6998.193,6897.075,18.5,28.8,66.0,False,False,False,False,False,False,False,False,False,True,False
HAM,44,Mercedes,33.0,3.0,HARD,12.0,True,10.0,1,100.857,7099.05,6998.193,18.3,28.8,67.0,False,False,False,False,False,False,False,False,False,True,False
HAM,44,Mercedes,34.0,3.0,HARD,13.0,True,10.0,1,100.835,7199.885,7099.05,18.3,28.9,67.0,False,False,False,False,False,False,False,False,False,True,False
HAM,44,Mercedes,35.0,3.0,HARD,14.0,True,10.0,1,100.908,7300.793,7199.885,18.3,28.9,67.0,False,False,False,False,False,False,False,False,False,True,False
HAM,44,Mercedes,36.0,3.0,HARD,15.0,True,10.0,1,101.289,7402.082,7300.793,18.4,28.7,67.0,False,False,False,False,False,False,False,False,False,True,False
HAM,44,Mercedes,37.0,3.0,HARD,16.0,True,10.0,1,101.215,7503.297,7402.082,18.4,28.8,67.0,False,False,False,False,False,False,False,False,False,True,False
HAM,44,Mercedes,38.0,3.0,HARD,17.0,True,10.0,1,100.974,7604.271,7503.297,18.4,28.5,67.0,False,False,False,False,False,False,False,False,False,True,False
HAM,44,Mercedes,39.0,3.0,HARD,18.0,True,10.0,1,101.113,7705.384,7604.271,18.4,28.4,68.0,False,False,False,False,False,False,False,False,False,True,False
HAM,44,Mercedes,40.0,3.0,HARD,19.0,True,10.0,1,101.5,7806.884,7705.384,18.4,28.3,68.0,False,False,False,False,False,False,False,False,False,True,False
HAM,44,Mercedes,41.0,3.0,HARD,20.0,True,9.0,1,100.882,7907.766,7806.884,18.4,28.3,68.0,False,False,False,False,False,False,False,False,False,True,False
HAM,44,Mercedes,42.0,3.0,HARD,21.0,True,9.0,1,101.068,8008.834,7907.766,18.4,28.1,67.0,False,False,False,False,False,False,False,False,False,True,False
HAM,44,Mercedes,43.0,3.0,HARD,22.0,True,9.0,1,101.222,8110.056,8008.834,18.4,28.1,67.0,False,False,False,False,False,False,False,False,False,True,False
HAM,44,Mercedes,44.0,3.0,HARD,23.0,True,8.0,1,100.915,8210.971,8110.056,18.4,27.8,67.0,False,False,False,False,False,False,False,False,False,True,False
HAM,44,Mercedes,45.0,3.0,HARD,24.0,True,8.0,1,101.098,8312.069,8210.971,18.3,27.7,67.0,False,False,False,False,False,False,False,False,False,True,False
HAM,44,Mercedes,46.0,3.0,HARD,25.0,True,8.0,1,101.341,8413.41,8312.069,18.2,27.6,67.0,False,False,False,False,False,False,False,False,False,True,False
HAM,44,Mercedes,47.0,3.0,HARD,26.0,True,8.0,1,101.376,8514.786,8413.41,18.2,27.4,67.0,False,False,False,False,False,False,False,False,False,True,False
HAM,44,Mercedes,48.0,3.0,HARD,27.0,True,8.0,1,101.315,8616.101,8514.786,18.2,27.9,68.0,False,False,False,False,False,False,False,False,False,True,False
HAM,44,Mercedes,49.0,3.0,HARD,28.0,True,9.0,1,101.92,8718.021,8616.101,18.2,28.0,68.0,False,False,False,False,False,False,False,False,False,True,False
HAM,44,Mercedes,50.0,3.0,HARD,29.0,True,9.0,1,101.306,8819.327,8718.021,18.2,27.6,67.0,False,False,False,False,False,False,False,False,False,True,False
HAM,44,Mercedes,51.0,3.0,HARD,30.0,True,9.0,1,101.485,8920.812,8819.327,18.2,27.6,68.0,False,False,False,False,False,False,False,False,False,True,False
HAM,44,Mercedes,52.0,3.0,HARD,31.0,True,9.0,1,101.461,9022.273,8920.812,18.2,27.6,68.0,False,False,False,False,False,False,False,False,False,True,False
HAM,44,Mercedes,53.0,3.0,HARD,32.0,True,9.0,1,101.521,9123.794,9022.273,18.2,27.9,68.0,False,False,False,False,False,False,False,False,False,True,False
HAM,44,Mercedes,54.0,3.0,HARD,33.0,True,9.0,1,101.493,9225.287,9123.794,18.2,27.5,68.0,False,False,False,False,False,False,False,False,False,True,False
HAM,44,Mercedes,55.0,3.0,HARD,34.0,True,9.0,1,101.604,9326.891,9225.287,18.2,27.4,67.0,False,False,False,False,False,False,False,False,False,True,False
HAM,44,Mercedes,56.0,3.0,HARD,35.0,True,9.0,1,102.084,9428.975,9326.891,18.1,27.3,68.0,False,False,False,False,False,False,False,False,False,True,False
SAI,55,Ferrari,1.0,1.0,MEDIUM,1.0,True,9.0,1,107.147,3425.582,3318.169,18.8,31.1,66.0,False,False,False,False,True,False,False,False,False,False,False
SAI,55,Ferrari,2.0,1.0,MEDIUM,2.0,True,8.0,1,102.115,3527.697,3425.582,18.7,31.3,66.0,False,False,False,False,False,False,False,False,False,True,False
SAI,55,Ferrari,3.0,1.0,MEDIUM,3.0,True,8.0,1,101.979,3629.676,3527.697,18.8,30.4,65.0,False,False,False,False,False,False,False,False,False,True,False
SAI,55,Ferrari,4.0,1.0,MEDIUM,4.0,True,8.0,1,102.145,3731.821,3629.676,18.9,30.6,65.0,False,False,False,False,False,False,False,False,False,True,False
SAI,55,Ferrari,5.0,1.0,MEDIUM,5.0,True,8.0,1,102.21,3834.031,3731.821,19.0,30.7,66.0,False,False,False,False,False,False,False,False,False,True,False
SAI,55,Ferrari,6.0,1.0,MEDIUM,6.0,True,8.0,1,102.409,3936.44,3834.031,19.0,30.7,66.0,False,False,False,False,False,False,False,False,False,True,False
SAI,55,Ferrari,7.0,1.0,MEDIUM,7.0,True,8.0,1,102.783,4039.223,3936.44,19.0,30.7,66.0,False,False,False,False,False,False,False,False,False,True,False
SAI,55,Ferrari,8.0,1.0,MEDIUM,8.0,True,8.0,1,102.951,4142.174,4039.223,19.0,30.9,65.0,False,False,False,False,False,False,False,False,False,True,False
SAI,55,Ferrari,9.0,1.0,MEDIUM,9.0,True,8.0,1,102.8,4244.974,4142.174,19.0,30.7,65.0,False,False,False,False,False,False,False,False,False,True,False
SAI,55,Ferrari,10.0,1.0,MEDIUM,10.0,True,8.0,1,103.238,4348.212,4244.974,19.0,30.6,65.0,False,False,False,False,False,False,False,False,False,True,False
SAI,55,Ferrari,11.0,1.0,MEDIUM,11.0,True,6.0,1,103.299,4451.511,4348.212,18.9,30.2,65.0,False,False,False,False,False,False,False,False,False,True,False
SAI,55,Ferrari,12.0,1.0,MEDIUM,12.0,True,6.0,1,102.603,4554.114,4451.511,18.8,30.5,66.0,False,False,False,False,False,False,False,False,False,True,False
SAI,55,Ferrari,13.0,1.0,MEDIUM,13.0,True,6.0,1,102.4,4656.514,4554.114,18.8,30.5,66.0,False,False,False,False,False,False,False,False,False,True,False
SAI,55,Ferrari,14.0,1.0,MEDIUM,14.0,True,5.0,1,103.087,4759.601,4656.514,18.9,30.3,66.0,False,False,False,False,False,False,False,False,False,True,False
SAI,55,Ferrari,15.0,1.0,MEDIUM,15.0,True,5.0,1,102.792,4862.393,4759.601,18.8,30.1,66.0,False,False,False,False,False,False,False,False,False,True,False
SAI,55,Ferrari,16.0,1.0,MEDIUM,16.0,True,4.0,1,102.693,4965.086,4862.393,18.8,30.1,65.0,False,False,False,False,False,False,False,False,False,True,False
SAI,55,Ferrari,17.0,1.0,MEDIUM,17.0,True,5.0,1,107.863,5072.949,4965.086,18.6,29.8,66.0,False,True,False,False,True,False,False,False,False,False,False
SAI,55,Ferrari,18.0,2.0,HARD,1.0,True,9.0,1,118.852,5191.801,5072.949,18.6,29.7,66.0,False,False,True,False,True,False,False,False,False,False,False
SAI,55,Ferrari,19.0,2.0,HARD,2.0,True,9.0,1,99.764,5291.565,5191.801,18.5,29.9,67.0,False,False,False,False,False,False,False,False,False,True,False
SAI,55,Ferrari,20.0,2.0,HARD,3.0,True,9.0,12,100.661,5392.226,5291.565,18.6,29.9,66.0,False,False,False,False,False,False,True,False,False,False,False
SAI,55,Ferrari,21.0,2.0,HARD,4.0,True,8.0,26,115.808,5508.034,5392.226,18.7,29.6,66.0,False,False,False,False,True,False,True,False,False,False,False
SAI,55,Ferrari,22.0,2.0,HARD,5.0,True,8.0,6,134.775,5642.809,5508.034,18.6,29.5,66.0,False,False,False,False,True,False,True,False,False,False,False
SAI,55,Ferrari,23.0,2.0,HARD,6.0,True,8.0,64,133.108,5775.917,5642.809,18.6,29.4,66.0,False,False,False,False,True,False,True,False,False,False,False
SAI,55,Ferrari,24.0,2.0,HARD,7.0,True,6.0,4,133.409,5909.326,5775.917,18.6,29.7,67.0,False,False,False,False,True,False,True,False,False,False,False
SAI,55,Ferrari,25.0,2.0,HARD,8.0,True,5.0,4,136.459,6045.785,5909.326,18.6,29.4,66.0,False,False,False,False,True,False,True,False,False,False,False
SAI,55,Ferrari,26.0,2.0,HARD,9.0,True,5.0,41,,6199.653,6045.785,18.7,29.6,66.0,False,False,False,True,True,False,True,False,False,False,False
SAI,55,Ferrari,27.0,2.0,HARD,10.0,True,6.0,124,112.235,6311.888,6199.653,18.6,29.2,66.0,False,False,False,False,True,False,True,False,False,False,False
SAI,55,Ferrari,28.0,2.0,HARD,11.0,True,6.0,4,,6461.942,6311.888,18.6,29.2,66.0,False,False,False,True,True,False,True,False,False,False,False
SAI,55,Ferrari,29.0,2.0,HARD,12.0,True,6.0,4,145.926,6607.868,6461.942,18.6,29.2,67.0,False,False,False,False,True,False,True,False,False,False,False
SAI,55,Ferrari,30.0,2.0,HARD,13.0,True,6.0,4,141.876,6749.744,6607.868,18.5,29.1,67.0,False,False,False,False,True,False,True,False,False,False,False
SAI,55,Ferrari,31.0,2.0,HARD,14.0,True,6.0,41,144.652,6894.396,6749.744,18.5,29.1,67.0,False,False,False,False,True,False,True,False,False,False,False
SAI,55,Ferrari,32.0,2.0,HARD,15.0,True,6.0,1,100.401,6994.797,6894.396,18.5,28.8,66.0,False,False,False,False,False,False,False,False,False,True,False
SAI,55,Ferrari,33.0,2.0,HARD,16.0,True,6.0,1,100.048,7094.845,6994.797,18.3,28.8,67.0,False,False,False,False,False,False,False,False,False,True,False
SAI,55,Ferrari,34.0,2.0,HARD,17.0,True,6.0,1,100.416,7195.261,7094.845,18.3,28.9,67.0,False,False,False,False,False,False,False,False,False,True,False
SAI,55,Ferrari,35.0,2.0,HARD,18.0,True,6.0,1,100.311,7295.572,7195.261,18.3,28.9,67.0,False,False,False,False,False,False,False,False,False,True,False
SAI,55,Ferrari,36.0,2.0,HARD,19.0,True,6.0,1,100.615,7396.187,7295.572,18.4,28.7,67.0,False,False,False,False,False,False,False,False,False,True,False
SAI,55,Ferrari,37.0,2.0,HARD,20.0,True,6.0,1,100.726,7496.913,7396.187,18.4,28.8,67.0,False,False,False,False,False,False,False,False,False,True,False
SAI,55,Ferrari,38.0,2.0,HARD,21.0,True,6.0,1,100.603,7597.516,7496.913,18.4,28.5,67.0,False,False,False,False,False,False,False,False,False,True,False
SAI,55,Ferrari,39.0,2.0,HARD,22.0,True,6.0,1,100.497,7698.013,7597.516,18.4,28.4,68.0,False,False,False,False,False,False,False,False,False,True,False
SAI,55,Ferrari,40.0,2.0,HARD,23.0,True,6.0,1,100.875,7798.888,7698.013,18.4,28.3,68.0,False,False,False,False,False,False,False,False,False,True,False
SAI,55,Ferrari,41.0,2.0,HARD,24.0,True,6.0,1,100.299,7899.187,7798.888,18.4,28.3,68.0,False,False,False,False,False,False,False,False,False,True,False
SAI,55,Ferrari,42.0,2.0,HARD,25.0,True,6.0,1,100.756,7999.943,7899.187,18.4,28.1,67.0,False,False,False,False,False,False,False,False,False,True,False
SAI,55,Ferrari,43.0,2.0,HARD,26.0,True,5.0,1,100.345,8100.288,7999.943,18.4,28.1,67.0,False,False,False,False,False,False,False,False,False,True,False
SAI,55,Ferrari,44.0,2.0,HARD,27.0,True,5.0,1,100.109,8200.397,8100.288,18.4,27.9,67.0,False,False,False,False,False,False,False,False,False,True,False
SAI,55,Ferrari,45.0,2.0,HARD,28.0,True,5.0,1,100.22,8300.617,8200.397,18.3,27.7,67.0,False,False,False,False,False,False,False,False,False,True,False
SAI,55,Ferrari,46.0,2.0,HARD,29.0,True,5.0,1,100.227,8400.844,8300.617,18.2,27.6,67.0,False,False,False,False,False,False,False,False,False,True,False
SAI,55,Ferrari,47.0,2.0,HARD,30.0,True,5.0,1,100.602,8501.446,8400.844,18.2,27.4,67.0,False,False,False,False,False,False,False,False,False,True,False
SAI,55,Ferrari,48.0,2.0,HARD,31.0,True,5.0,1,100.471,8601.917,8501.446,18.2,27.9,68.0,False,False,False,False,False,False,False,False,False,True,False
SAI,55,Ferrari,49.0,2.0,HARD,32.0,True,5.0,1,100.109,8702.026,8601.917,18.2,28.0,68.0,False,False,False,False,False,False,False,False,False,True,False
SAI,55,Ferrari,50.0,2.0,HARD,33.0,True,5.0,1,100.352,8802.378,8702.026,18.2,27.7,68.0,False,False,False,False,False,False,False,False,False,True,False
SAI,55,Ferrari,51.0,2.0,HARD,34.0,True,5.0,1,100.239,8902.617,8802.378,18.2,27.6,68.0,False,False,False,False,False,False,False,False,False,True,False
SAI,55,Ferrari,52.0,2.0,HARD,35.0,True,5.0,1,100.413,9003.03,8902.617,18.2,27.6,68.0,False,False,False,False,False,False,False,False,False,True,False
SAI,55,Ferrari,53.0,2.0,HARD,36.0,True,5.0,1,100.561,9103.591,9003.03,18.2,27.7,68.0,False,False,False,False,False,False,False,False,False,True,False
SAI,55,Ferrari,54.0,2.0,HARD,37.0,True,5.0,1,100.281,9203.872,9103.591,18.2,27.5,68.0,False,False,False,False,False,False,False,False,False,True,False
SAI,55,Ferrari,55.0,2.0,HARD,38.0,True,5.0,1,100.711,9304.583,9203.872,18.2,27.4,67.0,False,False,False,False,False,False,False,False,False,True,False
SAI,55,Ferrari,56.0,2.0,HARD,39.0,True,5.0,1,100.41,9404.993,9304.583,18.2,27.3,68.0,False,False,False,False,False,False,False,False,False,True,False
RUS,63,Mercedes,1.0,1.0,MEDIUM,1.0,True,6.0,1,105.746,3424.181,3318.169,18.8,31.1,66.0,False,False,False,False,True,False,False,False,False,False,False
RUS,63,Mercedes,2.0,1.0,MEDIUM,2.0,True,6.0,1,101.696,3525.877,3424.181,18.7,31.3,66.0,False,False,False,False,False,False,False,False,False,True,False
RUS,63,Mercedes,3.0,1.0,MEDIUM,3.0,True,6.0,1,101.771,3627.648,3525.877,18.8,30.4,65.0,False,False,False,False,False,False,False,False,False,True,False
RUS,63,Mercedes,4.0,1.0,MEDIUM,4.0,True,6.0,1,102.413,3730.061,3627.648,18.9,30.6,65.0,False,False,False,False,False,False,False,False,False,True,False
RUS,63,Mercedes,5.0,1.0,MEDIUM,5.0,True,6.0,1,102.185,3832.246,3730.061,19.0,30.7,66.0,False,False,False,False,False,False,False,False,False,True,False
RUS,63,Mercedes,6.0,1.0,MEDIUM,6.0,True,6.0,1,102.597,3934.843,3832.246,19.0,30.7,66.0,False,False,False,False,False,False,False,False,False,True,False
RUS,63,Mercedes,7.0,1.0,MEDIUM,7.0,True,6.0,1,102.589,4037.432,3934.843,19.0,30.7,66.0,False,False,False,False,False,False,False,False,False,True,False
RUS,63,Mercedes,8.0,1.0,MEDIUM,8.0,True,6.0,1,103.114,4140.546,4037.432,19.0,30.9,65.0,False,False,False,False,False,False,False,False,False,True,False
RUS,63,Mercedes,9.0,1.0,MEDIUM,9.0,True,7.0,1,103.985,4244.531,4140.546,19.0,30.7,65.0,False,False,False,False,False,False,False,False,False,True,False
RUS,63,Mercedes,10.0,1.0,MEDIUM,10.0,True,7.0,1,103.227,4347.758,4244.531,19.0,30.6,65.0,False,False,False,False,False,False,False,False,False,True,False
RUS,63,Mercedes,11.0,1.0,MEDIUM,11.0,True,8.0,1,108.016,4455.774,4347.758,18.9,30.2,65.0,False,True,False,False,True,False,False,False,False,False,False
RUS,63,Mercedes,12.0,2.0,MEDIUM,1.0,True,10.0,1,118.003,4573.777,4455.774,18.8,30.5,66.0,False,False,True,False,True,False,False,False,False,False,False
RUS,63,Mercedes,13.0,2.0,MEDIUM,2.0,True,9.0,1,100.785,4674.562,4573.777,18.8,30.5,65.0,False,False,False,False,False,False,False,False,False,True,False
RUS,63,Mercedes,14.0,2.0,MEDIUM,3.0,True,8.0,1,101.754,4776.316,4674.562,18.9,30.3,66.0,False,False,False,False,False,False,False,False,False,True,False
RUS,63,Mercedes,15.0,2.0,MEDIUM,4.0,True,8.0,1,101.308,4877.624,4776.316,18.8,30.1,66.0,False,False,False,False,False,False,False,False,False,True,False
RUS,63,Mercedes,16.0,2.0,MEDIUM,5.0,True,8.0,1,101.4,4979.024,4877.624,18.8,29.8,66.0,False,False,False,False,False,False,False,False,False,True,False
RUS,63,Mercedes,17.0,2.0,MEDIUM,6.0,True,7.0,1,101.376,5080.4,4979.024,18.6,29.8,66.0,False,False,False,False,False,False,False,False,False,True,False
RUS,63,Mercedes,18.0,2.0,MEDIUM,7.0,True,6.0,1,101.491,5181.891,5080.4,18.6,29.7,66.0,False,False,False,False,False,False,False,False,False,True,False
RUS,63,Mercedes,19.0,2.0,MEDIUM,8.0,True,6.0,1,101.416,5283.307,5181.891,18.5,29.9,67.0,False,False,False,False,False,False,False,False,False,True,False
RUS,63,Mercedes,20.0,2.0,MEDIUM,9.0,True,6.0,12,102.067,5385.374,5283.307,18.6,29.9,67.0,False,False,False,False,False,False,True,False,False,False,False
RUS,63,Mercedes,21.0,2.0,MEDIUM,10.0,True,6.0,26,112.13,5497.504,5385.374,18.7,29.6,66.0,False,False,False,False,True,False,True,False,False,False,False
RUS,63,Mercedes,22.0,2.0,MEDIUM,11.0,True,6.0,6,133.433,5630.937,5497.504,18.6,29.5,66.0,False,False,False,False,True,False,True,False,False,False,False
RUS,63,Mercedes,23.0,2.0,MEDIUM,12.0,True,7.0,64,138.074,5769.011,5630.937,18.6,29.4,66.0,False,True,False,False,True,False,True,False,False,False,False
RUS,63,Mercedes,24.0,3.0,HARD,1.0,True,8.0,4,148.872,5917.883,5769.011,18.6,29.7,67.0,False,False,True,False,True,False,True,False,False,False,False
RUS,63,Mercedes,25.0,3.0,HARD,2.0,True,7.0,4,131.356,6049.239,5917.883,18.6,29.4,66.0,False,False,False,False,True,False,True,False,False,False,False
RUS,63,Mercedes,26.0,3.0,HARD,3.0,True,7.0,41,,6201.197,6049.239,18.7,29.6,66.0,False,False,False,True,True,False,True,False,False,False,False
RUS,63,Mercedes,27.0,3.0,HARD,4.0,True,7.0,124,113.377,6314.574,6201.197,18.6,29.2,66.0,False,False,False,False,True,False,True,False,False,False,False
RUS,63,Mercedes,28.0,3.0,HARD,5.0,True,7.0,4,149.234,6463.808,6314.574,18.6,29.2,66.0,False,False,False,False,True,False,True,False,False,False,False
RUS,63,Mercedes,29.0,3.0,HARD,6.0,True,7.0,4,145.225,6609.033,6463.808,18.6,29.2,67.0,False,False,False,False,True,False,True,False,False,False,False
RUS,63,Mercedes,30.0,3.0,HARD,7.0,True,7.0,4,141.655,6750.688,6609.033,18.5,29.1,67.0,False,False,False,False,True,False,True,False,False,False,False
RUS,63,Mercedes,31.0,3.0,HARD,8.0,True,7.0,41,144.253,6894.941,6750.688,18.5,29.1,67.0,False,False,False,False,True,False,True,False,False,False,False
RUS,63,Mercedes,32.0,3.0,HARD,9.0,True,7.0,1,100.69,6995.631,6894.941,18.5,28.8,66.0,False,False,False,False,False,False,False,False,False,True,False
RUS,63,Mercedes,33.0,3.0,HARD,10.0,True,7.0,1,100.476,7096.107,6995.631,18.3,28.8,67.0,False,False,False,False,False,False,False,False,False,True,False
RUS,63,Mercedes,34.0,3.0,HARD,11.0,True,7.0,1,100.467,7196.574,7096.107,18.3,28.9,67.0,False,False,False,False,False,False,False,False,False,True,False
RUS,63,Mercedes,35.0,3.0,HARD,12.0,True,7.0,1,100.493,7297.067,7196.574,18.3,28.9,67.0,False,False,False,False,False,False,False,False,False,True,False
RUS,63,Mercedes,36.0,3.0,HARD,13.0,True,7.0,1,100.496,7397.563,7297.067,18.4,28.7,67.0,False,False,False,False,False,False,False,False,False,True,False
RUS,63,Mercedes,37.0,3.0,HARD,14.0,True,7.0,1,100.687,7498.25,7397.563,18.4,28.8,67.0,False,False,False,False,False,False,False,False,False,True,False
RUS,63,Mercedes,38.0,3.0,HARD,15.0,True,7.0,1,100.451,7598.701,7498.25,18.4,28.5,67.0,False,False,False,False,False,False,False,False,False,True,False
RUS,63,Mercedes,39.0,3.0,HARD,16.0,True,7.0,1,100.112,7698.813,7598.701,18.4,28.4,68.0,False,False,False,False,False,False,False,False,False,True,False
RUS,63,Mercedes,40.0,3.0,HARD,17.0,True,7.0,1,100.78,7799.593,7698.813,18.4,28.3,68.0,False,False,False,False,False,False,False,False,False,True,False
RUS,63,Mercedes,41.0,3.0,HARD,18.0,True,7.0,1,101.024,7900.617,7799.593,18.4,28.3,68.0,False,False,False,False,False,False,False,False,False,True,False
RUS,63,Mercedes,42.0,3.0,HARD,19.0,True,7.0,1,100.772,8001.389,7900.617,18.4,28.1,67.0,False,False,False,False,False,False,False,False,False,True,False
RUS,63,Mercedes,43.0,3.0,HARD,20.0,True,6.0,1,100.681,8102.07,8001.389,18.4,28.1,67.0,False,False,False,False,False,False,False,False,False,True,False
RUS,63,Mercedes,44.0,3.0,HARD,21.0,True,6.0,1,100.38,8202.45,8102.07,18.4,27.9,67.0,False,False,False,False,False,False,False,False,False,True,False
RUS,63,Mercedes,45.0,3.0,HARD,22.0,True,6.0,1,100.619,8303.069,8202.45,18.3,27.7,67.0,False,False,False,False,False,False,False,False,False,True,False
RUS,63,Mercedes,46.0,3.0,HARD,23.0,True,6.0,1,100.38,8403.449,8303.069,18.2,27.6,67.0,False,False,False,False,False,False,False,False,False,True,False
RUS,63,Mercedes,47.0,3.0,HARD,24.0,True,6.0,1,100.404,8503.853,8403.449,18.2,27.4,67.0,False,False,False,False,False,False,False,False,False,True,False
RUS,63,Mercedes,48.0,3.0,HARD,25.0,True,6.0,1,100.394,8604.247,8503.853,18.2,27.9,68.0,False,False,False,False,False,False,False,False,False,True,False
RUS,63,Mercedes,49.0,3.0,HARD,26.0,True,6.0,1,100.218,8704.465,8604.247,18.2,28.0,68.0,False,False,False,False,False,False,False,False,False,True,False
RUS,63,Mercedes,50.0,3.0,HARD,27.0,True,6.0,1,100.466,8804.931,8704.465,18.2,27.7,68.0,False,False,False,False,False,False,False,False,False,True,False
RUS,63,Mercedes,51.0,3.0,HARD,28.0,True,6.0,1,100.334,8905.265,8804.931,18.2,27.6,68.0,False,False,False,False,False,False,False,False,False,True,False
RUS,63,Mercedes,52.0,3.0,HARD,29.0,True,6.0,1,100.731,9005.996,8905.265,18.2,27.6,68.0,False,False,False,False,False,False,False,False,False,True,False
RUS,63,Mercedes,53.0,3.0,HARD,30.0,True,6.0,1,100.67,9106.666,9005.996,18.2,27.7,68.0,False,False,False,False,False,False,False,False,False,True,False
RUS,63,Mercedes,54.0,3.0,HARD,31.0,True,6.0,1,100.84,9207.506,9106.666,18.2,27.5,68.0,False,False,False,False,False,False,False,False,False,True,False
RUS,63,Mercedes,55.0,3.0,HARD,32.0,True,6.0,1,101.429,9308.935,9207.506,18.2,27.4,67.0,False,False,False,False,False,False,False,False,False,True,False
RUS,63,Mercedes,56.0,3.0,HARD,33.0,True,6.0,1,100.793,9409.728,9308.935,18.1,27.3,68.0,False,False,False,False,False,False,False,False,False,True,False
BOT,77,Kick Sauber,1.0,1.0,MEDIUM,1.0,True,11.0,1,108.149,3426.584,3318.169,18.8,31.1,66.0,False,False,False,False,True,False,False,False,False,False,False
BOT,77,Kick Sauber,2.0,1.0,MEDIUM,2.0,True,11.0,1,103.041,3529.625,3426.584,18.7,31.0,65.0,False,False,False,False,False,False,False,False,False,True,False
BOT,77,Kick Sauber,3.0,1.0,MEDIUM,3.0,True,11.0,1,102.548,3632.173,3529.625,18.8,30.4,65.0,False,False,False,False,False,False,False,False,False,True,False
BOT,77,Kick Sauber,4.0,1.0,MEDIUM,4.0,True,11.0,1,103.032,3735.205,3632.173,18.9,30.6,65.0,False,False,False,False,False,False,False,False,False,True,False
BOT,77,Kick Sauber,5.0,1.0,MEDIUM,5.0,True,11.0,1,103.192,3838.397,3735.205,19.0,30.7,66.0,False,False,False,False,False,False,False,False,False,True,False
BOT,77,Kick Sauber,6.0,1.0,MEDIUM,6.0,True,11.0,1,103.151,3941.548,3838.397,19.0,30.7,66.0,False,False,False,False,False,False,False,False,False,True,False
BOT,77,Kick Sauber,7.0,1.0,MEDIUM,7.0,True,10.0,1,102.959,4044.507,3941.548,19.0,30.7,66.0,False,False,False,False,False,False,False,False,False,True,False
BOT,77,Kick Sauber,8.0,1.0,MEDIUM,8.0,True,10.0,1,103.45,4147.957,4044.507,19.0,30.9,65.0,False,False,False,False,False,False,False,False,False,True,False
BOT,77,Kick Sauber,9.0,1.0,MEDIUM,9.0,True,11.0,1,107.977,4255.934,4147.957,19.0,30.7,65.0,False,True,False,False,True,False,False,False,False,False,False
BOT,77,Kick Sauber,10.0,2.0,HARD,1.0,True,15.0,1,121.016,4376.95,4255.934,19.0,30.3,65.0,False,False,True,False,True,False,False,False,False,False,False
BOT,77,Kick Sauber,11.0,2.0,HARD,2.0,True,15.0,1,101.276,4478.226,4376.95,18.9,30.2,65.0,False,False,False,False,False,False,False,False,False,True,False
BOT,77,Kick Sauber,12.0,2.0,HARD,3.0,True,14.0,1,101.994,4580.22,4478.226,18.8,30.5,66.0,False,False,False,False,False,False,False,False,False,True,False
BOT,77,Kick Sauber,13.0,2.0,HARD,4.0,True,13.0,1,102.144,4682.364,4580.22,18.8,30.5,65.0,False,False,False,False,False,False,False,False,False,True,False
BOT,77,Kick Sauber,14.0,2.0,HARD,5.0,True,13.0,1,102.359,4784.723,4682.364,18.9,30.3,66.0,False,False,False,False,False,False,False,False,False,True,False
BOT,77,Kick Sauber,15.0,2.0,HARD,6.0,True,12.0,1,102.391,4887.114,4784.723,18.8,30.1,66.0,False,False,False,False,False,False,False,False,False,True,False
BOT,77,Kick Sauber,16.0,2.0,HARD,7.0,True,12.0,1,102.215,4989.329,4887.114,18.8,29.8,66.0,False,False,False,False,False,False,False,False,False,True,False
BOT,77,Kick Sauber,17.0,2.0,HARD,8.0,True,11.0,1,102.606,5091.935,4989.329,18.6,29.9,67.0,False,False,False,False,False,False,False,False,False,True,False
BOT,77,Kick Sauber,18.0,2.0,HARD,9.0,True,11.0,1,102.768,5194.703,5091.935,18.6,29.7,66.0,False,False,False,False,False,False,False,False,False,True,False
BOT,77,Kick Sauber,19.0,2.0,HARD,10.0,True,11.0,1,102.252,5296.955,5194.703,18.5,29.9,67.0,False,False,False,False,False,False,False,False,False,True,False
BOT,77,Kick Sauber,20.0,2.0,HARD,11.0,True,,12,,5446.955,5296.955,18.6,29.9,66.0,False,False,False,True,True,False,True,False,False,False,False
PIA,81,McLaren,1.0,1.0,MEDIUM,1.0,True,5.0,1,105.121,3423.556,3318.169,18.8,31.1,66.0,False,False,False,False,True,False,False,False,False,False,False
PIA,81,McLaren,2.0,1.0,MEDIUM,2.0,True,5.0,1,101.607,3525.163,3423.556,18.7,31.3,66.0,False,False,False,False,False,False,False,False,False,True,False
PIA,81,McLaren,3.0,1.0,MEDIUM,3.0,True,5.0,1,101.754,3626.917,3525.163,18.8,30.4,65.0,False,False,False,False,False,False,False,False,False,True,False
PIA,81,McLaren,4.0,1.0,MEDIUM,4.0,True,5.0,1,102.247,3729.164,3626.917,18.9,30.6,65.0,False,False,False,False,False,False,False,False,False,True,False
PIA,81,McLaren,5.0,1.0,MEDIUM,5.0,True,5.0,1,102.227,3831.391,3729.164,19.0,30.7,66.0,False,False,False,False,False,False,False,False,False,True,False
PIA,81,McLaren,6.0,1.0,MEDIUM,6.0,True,5.0,1,102.608,3933.999,3831.391,19.0,30.7,66.0,False,False,False,False,False,False,False,False,False,True,False
PIA,81,McLaren,7.0,1.0,MEDIUM,7.0,True,5.0,1,102.376,4036.375,3933.999,19.0,30.7,66.0,False,False,False,False,False,False,False,False,False,True,False
PIA,81,McLaren,8.0,1.0,MEDIUM,8.0,True,5.0,1,102.627,4139.002,4036.375,19.0,30.9,65.0,False,False,False,False,False,False,False,False,False,True,False
PIA,81,McLaren,9.0,1.0,MEDIUM,9.0,True,5.0,1,102.976,4241.978,4139.002,19.0,30.7,65.0,False,False,False,False,False,False,False,False,False,True,False
PIA,81,McLaren,10.0,1.0,MEDIUM,10.0,True,5.0,1,102.658,4344.636,4241.978,19.0,30.6,65.0,False,False,False,False,False,False,False,False,False,True,False
PIA,81,McLaren,11.0,1.0,MEDIUM,11.0,True,5.0,1,103.456,4448.092,4344.636,18.9,30.2,65.0,False,False,False,False,False,False,False,False,False,True,False
PIA,81,McLaren,12.0,1.0,MEDIUM,12.0,True,5.0,1,102.975,4551.067,4448.092,18.8,30.5,66.0,False,False,False,False,False,False,False,False,False,True,False
PIA,81,McLaren,13.0,1.0,MEDIUM,13.0,True,5.0,1,102.871,4653.938,4551.067,18.8,30.5,66.0,False,False,False,False,False,False,False,False,False,True,False
PIA,81,McLaren,14.0,1.0,MEDIUM,14.0,True,4.0,1,103.139,4757.077,4653.938,18.9,30.3,66.0,False,False,False,False,False,False,False,False,False,True,False
PIA,81,McLaren,15.0,1.0,MEDIUM,15.0,True,4.0,1,102.645,4859.722,4757.077,18.8,30.1,66.0,False,False,False,False,False,False,False,False,False,True,False
PIA,81,McLaren,16.0,1.0,MEDIUM,16.0,True,6.0,1,107.643,4967.365,4859.722,18.8,30.1,65.0,False,True,False,False,True,False,False,False,False,False,False
PIA,81,McLaren,17.0,2.0,MEDIUM,2.0,False,9.0,1,119.282,5086.647,4967.365,18.6,29.8,66.0,False,False,True,False,True,False,False,False,False,False,False
PIA,81,McLaren,18.0,2.0,MEDIUM,3.0,False,7.0,1,99.739,5186.386,5086.647,18.6,29.7,66.0,False,False,False,False,False,False,False,False,False,True,False
PIA,81,McLaren,19.0,2.0,MEDIUM,4.0,False,7.0,1,100.632,5287.018,5186.386,18.5,29.9,67.0,False,False,False,False,False,False,False,False,False,True,False
PIA,81,McLaren,20.0,2.0,MEDIUM,5.0,False,7.0,12,100.478,5387.496,5287.018,18.6,29.9,67.0,False,False,False,False,False,False,True,False,False,False,False
PIA,81,McLaren,21.0,2.0,MEDIUM,6.0,False,7.0,26,112.541,5500.037,5387.496,18.7,29.6,66.0,False,False,False,False,True,False,True,False,False,False,False
PIA,81,McLaren,22.0,2.0,MEDIUM,7.0,False,7.0,6,135.352,5635.389,5500.037,18.6,29.5,66.0,False,False,False,False,True,False,True,False,False,False,False
PIA,81,McLaren,23.0,2.0,MEDIUM,8.0,False,6.0,64,132.376,5767.765,5635.389,18.6,29.4,66.0,False,False,False,False,True,False,True,False,False,False,False
PIA,81,McLaren,24.0,2.0,MEDIUM,9.0,False,5.0,4,137.575,5905.34,5767.765,18.6,29.7,67.0,False,True,False,False,True,False,True,False,False,False,False
PIA,81,McLaren,25.0,3.0,HARD,1.0,True,8.0,4,145.072,6050.412,5905.34,18.6,29.4,66.0,False,False,True,False,True,False,True,False,False,False,False
PIA,81,McLaren,26.0,3.0,HARD,2.0,True,8.0,41,,6201.517,6050.412,18.7,29.6,66.0,False,False,False,True,True,False,True,False,False,False,False
PIA,81,McLaren,27.0,3.0,HARD,3.0,True,8.0,124,114.121,6315.638,6201.517,18.6,29.2,66.0,False,False,False,False,True,False,True,False,False,False,False
PIA,81,McLaren,28.0,3.0,HARD,4.0,True,8.0,4,149.005,6464.643,6315.638,18.6,29.2,66.0,False,False,False,False,True,False,True,False,False,False,False
PIA,81,McLaren,29.0,3.0,HARD,5.0,True,8.0,4,145.655,6610.298,6464.643,18.6,29.2,67.0,False,False,False,False,True,False,True,False,False,False,False
PIA,81,McLaren,30.0,3.0,HARD,6.0,True,8.0,4,141.071,6751.369,6610.298,18.5,29.1,67.0,False,False,False,False,True,False,True,False,False,False,False
PIA,81,McLaren,31.0,3.0,HARD,7.0,True,8.0,41,144.001,6895.37,6751.369,18.5,29.1,67.0,False,False,False,False,True,False,True,False,False,False,False
PIA,81,McLaren,32.0,3.0,HARD,8.0,True,8.0,1,101.017,6996.387,6895.37,18.5,28.8,66.0,False,False,False,False,False,False,False,False,False,True,False
PIA,81,McLaren,33.0,3.0,HARD,9.0,True,8.0,1,100.725,7097.112,6996.387,18.3,28.8,67.0,False,False,False,False,False,False,False,False,False,True,False
PIA,81,McLaren,34.0,3.0,HARD,10.0,True,8.0,1,100.748,7197.86,7097.112,18.3,28.9,67.0,False,False,False,False,False,False,False,False,False,True,False
PIA,81,McLaren,35.0,3.0,HARD,11.0,True,8.0,1,100.397,7298.257,7197.86,18.3,28.9,67.0,False,False,False,False,False,False,False,False,False,True,False
PIA,81,McLaren,36.0,3.0,HARD,12.0,True,8.0,1,101.5,7399.757,7298.257,18.4,28.7,67.0,False,False,False,False,False,False,False,False,False,True,False
PIA,81,McLaren,37.0,3.0,HARD,13.0,True,8.0,1,101.45,7501.207,7399.757,18.4,28.8,67.0,False,False,False,False,False,False,False,False,False,True,False
PIA,81,McLaren,38.0,3.0,HARD,14.0,True,8.0,1,100.946,7602.153,7501.207,18.4,28.5,67.0,False,False,False,False,False,False,False,False,False,True,False
PIA,81,McLaren,39.0,3.0,HARD,15.0,True,8.0,1,101.496,7703.649,7602.153,18.4,28.4,68.0,False,False,False,False,False,False,False,False,False,True,False
PIA,81,McLaren,40.0,3.0,HARD,16.0,True,8.0,1,101.119,7804.768,7703.649,18.4,28.3,68.0,False,False,False,False,False,False,False,False,False,True,False
PIA,81,McLaren,41.0,3.0,HARD,17.0,True,8.0,1,101.621,7906.389,7804.768,18.4,28.3,68.0,False,False,False,False,False,False,False,False,False,True,False
PIA,81,McLaren,42.0,3.0,HARD,18.0,True,8.0,1,101.01,8007.399,7906.389,18.4,28.1,67.0,False,False,False,False,False,False,False,False,False,True,False
PIA,81,McLaren,43.0,3.0,HARD,19.0,True,8.0,1,100.876,8108.275,8007.399,18.4,28.1,67.0,False,False,False,False,False,False,False,False,False,True,False
PIA,81,McLaren,44.0,3.0,HARD,20.0,True,7.0,1,101.004,8209.279,8108.275,18.4,27.8,67.0,False,False,False,False,False,False,False,False,False,True,False
PIA,81,McLaren,45.0,3.0,HARD,21.0,True,7.0,1,101.301,8310.58,8209.279,18.3,27.7,67.0,False,False,False,False,False,False,False,False,False,True,False
PIA,81,McLaren,46.0,3.0,HARD,22.0,True,7.0,1,101.294,8411.874,8310.58,18.2,27.6,67.0,False,False,False,False,False,False,False,False,False,True,False
PIA,81,McLaren,47.0,3.0,HARD,23.0,True,7.0,1,101.45,8513.324,8411.874,18.2,27.4,67.0,False,False,False,False,False,False,False,False,False,True,False
PIA,81,McLaren,48.0,3.0,HARD,24.0,True,7.0,1,101.437,8614.761,8513.324,18.2,27.9,68.0,False,False,False,False,False,False,False,False,False,True,False
PIA,81,McLaren,49.0,3.0,HARD,25.0,True,8.0,1,102.046,8716.807,8614.761,18.2,28.0,68.0,False,False,False,False,False,False,False,False,False,True,False
PIA,81,McLaren,50.0,3.0,HARD,26.0,True,8.0,1,101.297,8818.104,8716.807,18.2,27.6,67.0,False,False,False,False,False,False,False,False,False,True,False
PIA,81,McLaren,51.0,3.0,HARD,27.0,True,8.0,1,101.331,8919.435,8818.104,18.2,27.6,68.0,False,False,False,False,False,False,False,False,False,True,False
PIA,81,McLaren,52.0,3.0,HARD,28.0,True,8.0,1,101.602,9021.037,8919.435,18.2,27.6,68.0,False,False,False,False,False,False,False,False,False,True,False
PIA,81,McLaren,53.0,3.0,HARD,29.0,True,8.0,1,101.471,9122.508,9021.037,18.2,27.9,68.0,False,False,False,False,False,False,False,False,False,True,False
PIA,81,McLaren,54.0,3.0,HARD,30.0,True,8.0,1,101.647,9224.155,9122.508,18.2,27.5,68.0,False,False,False,False,False,False,False,False,False,True,False
PIA,81,McLaren,55.0,3.0,HARD,31.0,True,8.0,1,101.45,9325.605,9224.155,18.2,27.4,67.0,False,False,False,False,False,False,False,False,False,True,False
PIA,81,McLaren,56.0,3.0,HARD,32.0,True,8.0,1,101.61,9427.215,9325.605,18.1,27.3,68.0,False,False,False,False,False,False,False,False,False,True,False
