Driver,DriverNumber,Team,LapNumber,Stint,Compound,TyreLife,FreshTyre,Position,TrackStatus,lap_time_s,time_s,lap_start_time_s,air_temp_c,track_temp_c,humidity_pct,rainfall,is_in_lap,is_out_lap,is_missing_laptime,is_inaccurate,is_wet_compound,is_non_green,is_unknown_status,is_deleted,is_pace_lap,stint_crosses_red_flag
PIA,81,McLaren,1.0,1.0,MEDIUM,1.0,True,1.0,12,98.344,3641.446,3542.863,27.3,35.8,18.0,False,False,False,False,True,False,True,False,False,False,False
PIA,81,McLaren,2.0,1.0,MEDIUM,2.0,True,1.0,1,97.551,3738.997,3641.446,27.4,35.6,18.0,False,False,False,False,False,False,False,False,False,True,False
PIA,81,McLaren,3.0,1.0,MEDIUM,3.0,True,1.0,12,97.689,3836.686,3738.997,27.3,35.1,18.0,False,False,False,False,False,False,True,False,False,False,False
PIA,81,McLaren,4.0,1.0,MEDIUM,4.0,True,1.0,1,97.804,3934.49,3836.686,27.3,35.0,18.0,False,False,False,False,False,False,False,False,False,True,False
PIA,81,McLaren,5.0,1.0,MEDIUM,5.0,True,1.0,1,98.082,4032.572,3934.49,27.3,34.9,18.0,False,False,False,False,False,False,False,False,False,True,False
PIA,81,McLaren,6.0,1.0,MEDIUM,6.0,True,1.0,12,97.539,4130.111,4032.572,27.3,35.0,18.0,False,False,False,False,False,False,True,False,False,False,False
PIA,81,McLaren,7.0,1.0,MEDIUM,7.0,True,1.0,1,97.898,4228.009,4130.111,27.3,35.0,18.0,False,False,False,False,False,False,False,False,False,True,False
PIA,81,McLaren,8.0,1.0,MEDIUM,8.0,True,1.0,1,98.193,4326.202,4228.009,27.4,35.4,18.0,False,False,False,False,False,False,False,False,False,True,False
PIA,81,McLaren,9.0,1.0,MEDIUM,9.0,True,1.0,1,98.199,4424.401,4326.202,27.5,35.4,17.0,False,False,False,False,False,False,False,False,False,True,False
PIA,81,McLaren,10.0,1.0,MEDIUM,10.0,True,1.0,1,97.994,4522.395,4424.401,27.5,35.3,18.0,False,False,False,False,False,False,False,False,False,True,False
PIA,81,McLaren,11.0,1.0,MEDIUM,11.0,True,1.0,1,98.124,4620.519,4522.395,27.5,35.0,18.0,False,False,False,False,False,False,False,False,False,True,False
PIA,81,McLaren,12.0,1.0,MEDIUM,12.0,True,1.0,1,98.113,4718.632,4620.519,27.6,34.6,17.0,False,False,False,False,False,False,False,False,False,True,False
PIA,81,McLaren,13.0,1.0,MEDIUM,13.0,True,1.0,1,97.955,4816.587,4718.632,27.5,34.4,18.0,False,False,False,False,False,False,False,False,False,True,False
PIA,81,McLaren,14.0,1.0,MEDIUM,14.0,True,2.0,1,102.626,4919.213,4816.587,27.4,34.2,18.0,False,True,False,False,True,False,False,False,False,False,False
PIA,81,McLaren,15.0,2.0,HARD,1.0,True,4.0,1,117.53,5036.743,4919.213,27.2,34.0,18.0,False,False,True,False,True,False,False,False,False,False,False
PIA,81,McLaren,16.0,2.0,HARD,2.0,True,2.0,1,97.407,5134.15,5036.743,27.2,33.9,18.0,False,False,False,False,False,False,False,False,False,True,False
PIA,81,McLaren,17.0,2.0,HARD,3.0,True,1.0,1,96.891,5231.041,5134.15,27.2,34.6,18.0,False,False,False,False,False,False,False,False,False,True,False
PIA,81,McLaren,18.0,2.0,HARD,4.0,True,1.0,1,97.171,5328.212,5231.041,27.3,34.8,18.0,False,False,False,False,False,False,False,False,False,True,False
PIA,81,McLaren,19.0,2.0,HARD,5.0,True,1.0,1,97.211,5425.423,5328.212,27.3,34.8,19.0,False,False,False,False,False,False,False,False,False,True,False
PIA,81,McLaren,20.0,2.0,HARD,6.0,True,1.0,1,97.408,5522.831,5425.423,27.4,35.0,18.0,False,False,False,False,False,False,False,False,False,True,False
PIA,81,McLaren,21.0,2.0,HARD,7.0,True,1.0,1,97.985,5620.816,5522.831,27.4,35.2,19.0,False,False,False,False,False,False,False,False,False,True,False
PIA,81,McLaren,22.0,2.0,HARD,8.0,True,1.0,1,97.738,5718.554,5620.816,27.4,35.6,18.0,False,False,False,False,False,False,False,False,False,True,False
PIA,81,McLaren,23.0,2.0,HARD,9.0,True,1.0,1,97.232,5815.786,5718.554,27.4,35.6,19.0,False,False,False,False,False,False,False,False,False,True,False
PIA,81,McLaren,24.0,2.0,HARD,10.0,True,1.0,1,96.97,5912.756,5815.786,27.4,35.6,19.0,False,False,False,False,False,False,False,False,False,True,False
PIA,81,McLaren,25.0,2.0,HARD,11.0,True,1.0,1,97.185,6009.941,5912.756,27.4,35.4,19.0,False,False,False,False,False,False,False,False,False,True,False
PIA,81,McLaren,26.0,2.0,HARD,12.0,True,1.0,1,97.186,6107.127,6009.941,27.5,35.0,19.0,False,False,False,False,False,False,False,False,False,True,False
PIA,81,McLaren,27.0,2.0,HARD,13.0,True,1.0,1,97.112,6204.239,6107.127,27.5,34.7,19.0,False,False,False,False,False,False,False,False,False,True,False
PIA,81,McLaren,28.0,2.0,HARD,14.0,True,1.0,1,97.001,6301.24,6204.239,27.1,34.3,19.0,False,False,False,False,False,False,False,False,False,True,False
PIA,81,McLaren,29.0,2.0,HARD,15.0,True,1.0,1,96.533,6397.773,6301.24,27.1,34.1,19.0,False,False,False,False,False,False,False,False,False,True,False
PIA,81,McLaren,30.0,2.0,HARD,16.0,True,1.0,1,96.81,6494.583,6397.773,26.9,33.8,20.0,False,False,False,False,False,False,False,False,False,True,False
PIA,81,McLaren,31.0,2.0,HARD,17.0,True,1.0,1,96.662,6591.245,6494.583,26.9,33.7,20.0,False,False,False,False,False,False,False,False,False,True,False
PIA,81,McLaren,32.0,2.0,HARD,18.0,True,1.0,1,96.698,6687.943,6591.245,27.0,33.5,20.0,False,False,False,False,False,False,False,False,False,True,False
PIA,81,McLaren,33.0,2.0,HARD,19.0,True,1.0,1,96.449,6784.392,6687.943,26.8,33.2,20.0,False,False,False,False,False,False,False,False,False,True,False
PIA,81,McLaren,34.0,2.0,HARD,20.0,True,1.0,1,96.804,6881.196,6784.392,26.8,33.2,20.0,False,False,False,False,False,False,False,False,False,True,False
PIA,81,McLaren,35.0,2.0,HARD,21.0,True,1.0,1,96.64,6977.836,6881.196,26.8,33.0,20.0,False,False,False,False,False,False,False,False,False,True,False
PIA,81,McLaren,36.0,2.0,HARD,22.0,True,1.0,1,96.795,7074.631,6977.836,26.8,32.9,20.0,False,False,False,False,False,False,False,False,False,True,False
PIA,81,McLaren,37.0,2.0,HARD,23.0,True,1.0,1,96.69,7171.321,7074.631,26.8,32.9,20.0,False,False,False,False,False,False,False,False,False,True,False
PIA,81,McLaren,38.0,2.0,HARD,24.0,True,1.0,1,96.527,7267.848,7171.321,26.8,32.7,21.0,False,False,False,False,False,False,False,False,False,True,False
PIA,81,McLaren,39.0,2.0,HARD,25.0,True,1.0,1,96.2,7364.048,7267.848,26.8,32.7,20.0,False,False,False,False,False,False,False,False,False,True,False
PIA,81,McLaren,40.0,2.0,HARD,26.0,True,1.0,1,96.009,7460.057,7364.048,26.8,32.5,21.0,False,False,False,False,False,False,False,False,False,True,False
PIA,81,McLaren,41.0,2.0,HARD,27.0,True,1.0,1,96.028,7556.085,7460.057,26.8,32.3,21.0,False,False,False,False,False,False,False,False,False,True,False
PIA,81,McLaren,42.0,2.0,HARD,28.0,True,1.0,1,96.319,7652.404,7556.085,26.8,32.2,20.0,False,False,False,False,False,False,False,False,False,True,False
PIA,81,McLaren,43.0,2.0,HARD,29.0,True,1.0,1,96.366,7748.77,7652.404,26.7,32.1,21.0,False,False,False,False,False,False,False,False,False,True,False
PIA,81,McLaren,44.0,2.0,HARD,30.0,True,1.0,1,96.533,7845.303,7748.77,26.7,32.1,21.0,False,False,False,False,False,False,False,False,False,True,False
PIA,81,McLaren,45.0,2.0,HARD,31.0,True,1.0,1,96.674,7941.977,7845.303,26.6,32.0,20.0,False,False,False,False,False,False,False,False,False,True,False
PIA,81,McLaren,46.0,2.0,HARD,32.0,True,1.0,1,96.46,8038.437,7941.977,26.6,31.8,21.0,False,False,False,False,False,False,False,False,False,True,False
PIA,81,McLaren,47.0,2.0,HARD,33.0,True,1.0,1,96.139,8134.576,8038.437,26.5,31.7,21.0,False,False,False,False,False,False,False,False,False,True,False
PIA,81,McLaren,48.0,2.0,HARD,34.0,True,1.0,1,96.002,8230.578,8134.576,26.5,31.7,21.0,False,False,False,False,False,False,False,False,False,True,False
PIA,81,McLaren,49.0,2.0,HARD,35.0,True,1.0,1,95.968,8326.546,8230.578,26.6,31.6,21.0,False,False,False,False,False,False,False,False,False,True,False
PIA,81,McLaren,50.0,2.0,HARD,36.0,True,1.0,1,95.624,8422.17,8326.546,26.5,31.6,21.0,False,False,False,False,False,False,False,False,False,True,False
PIA,81,McLaren,51.0,2.0,HARD,37.0,True,1.0,1,96.107,8518.277,8422.17,26.6,31.4,21.0,False,False,False,False,False,False,False,False,False,True,False
PIA,81,McLaren,52.0,2.0,HARD,38.0,True,1.0,1,95.78,8614.057,8518.277,26.6,31.3,21.0,False,False,False,False,False,False,False,False,False,True,False
PIA,81,McLaren,53.0,2.0,HARD,39.0,True,1.0,1,95.52,8709.577,8614.057,26.5,31.2,21.0,False,False,False,False,False,False,False,False,False,True,False
PIA,81,McLaren,54.0,2.0,HARD,40.0,True,1.0,1,95.641,8805.218,8709.577,26.5,31.2,21.0,False,False,False,False,False,False,False,False,False,True,False
PIA,81,McLaren,55.0,2.0,HARD,41.0,True,1.0,1,95.976,8901.194,8805.218,26.5,31.0,21.0,False,False,False,False,False,False,False,False,False,True,False
PIA,81,McLaren,56.0,2.0,HARD,42.0,True,1.0,1,96.934,8998.128,8901.194,26.5,30.7,21.0,False,False,False,False,False,False,False,False,False,True,False
NOR,4,McLaren,1.0,1.0,MEDIUM,1.0,True,2.0,12,99.268,3642.37,3542.863,27.3,35.8,18.0,False,False,False,False,True,False,True,False,False,False,False
NOR,4,McLaren,2.0,1.0,MEDIUM,2.0,True,2.0,1,97.713,3740.083,3642.37,27.4,35.6,18.0,False,False,False,False,False,False,False,False,False,True,False
NOR,4,McLaren,3.0,1.0,MEDIUM,3.0,True,2.0,12,97.597,3837.68,3740.083,27.3,35.1,18.0,False,False,False,False,False,False,True,False,False,False,False
NOR,4,McLaren,4.0,1.0,MEDIUM,4.0,True,2.0,1,97.719,3935.399,3837.68,27.3,35.0,18.0,False,False,False,False,False,False,False,False,False,True,False
NOR,4,McLaren,5.0,1.0,MEDIUM,5.0,True,2.0,1,97.917,4033.316,3935.399,27.3,34.9,18.0,False,False,False,False,False,False,False,False,False,True,False
NOR,4,McLaren,6.0,1.0,MEDIUM,6.0,True,2.0,12,97.856,4131.172,4033.316,27.3,35.0,18.0,False,False,False,False,False,False,True,False,False,False,False
NOR,4,McLaren,7.0,1.0,MEDIUM,7.0,True,2.0,1,98.174,4229.346,4131.172,27.3,35.0,18.0,False,False,False,False,False,False,False,False,False,True,False
NOR,4,McLaren,8.0,1.0,MEDIUM,8.0,True,2.0,1,98.287,4327.633,4229.346,27.4,35.4,18.0,False,False,False,False,False,False,False,False,False,True,False
NOR,4,McLaren,9.0,1.0,MEDIUM,9.0,True,2.0,1,98.514,4426.147,4327.633,27.5,35.3,18.0,False,False,False,False,False,False,False,False,False,True,False
NOR,4,McLaren,10.0,1.0,MEDIUM,10.0,True,2.0,1,98.316,4524.463,4426.147,27.5,35.3,18.0,False,False,False,False,False,False,False,False,False,True,False
NOR,4,McLaren,11.0,1.0,MEDIUM,11.0,True,2.0,1,98.118,4622.581,4524.463,27.5,35.0,18.0,False,False,False,False,False,False,False,False,False,True,False
NOR,4,McLaren,12.0,1.0,MEDIUM,12.0,True,2.0,1,98.197,4720.778,4622.581,27.6,34.6,17.0,False,False,False,False,False,False,False,False,False,True,False
NOR,4,McLaren,13.0,1.0,MEDIUM,13.0,True,2.0,1,98.349,4819.127,4720.778,27.5,34.4,18.0,False,False,False,False,False,False,False,False,False,True,False
NOR,4,McLaren,14.0,1.0,MEDIUM,14.0,True,1.0,1,98.389,4917.516,4819.127,27.4,34.2,18.0,False,False,False,False,False,False,False,False,False,True,False
NOR,4,McLaren,15.0,1.0,MEDIUM,15.0,True,1.0,1,103.269,5020.785,4917.516,27.3,34.1,18.0,False,True,False,False,True,False,False,False,False,False,False
NOR,4,McLaren,16.0,2.0,HARD,1.0,True,4.0,1,115.657,5136.442,5020.785,27.2,33.9,18.0,False,False,True,False,True,False,False,False,False,False,False
NOR,4,McLaren,17.0,2.0,HARD,2.0,True,4.0,1,97.432,5233.874,5136.442,27.2,34.6,18.0,False,False,False,False,False,False,False,False,False,True,False
NOR,4,McLaren,18.0,2.0,HARD,3.0,True,3.0,1,97.477,5331.351,5233.874,27.3,34.8,18.0,False,False,False,False,False,False,False,False,False,True,False
NOR,4,McLaren,19.0,2.0,HARD,4.0,True,2.0,1,97.679,5429.03,5331.351,27.3,34.8,19.0,False,False,False,False,False,False,False,False,False,True,False
NOR,4,McLaren,20.0,2.0,HARD,5.0,True,2.0,1,98.122,5527.152,5429.03,27.4,35.0,18.0,False,False,False,False,False,False,False,False,False,True,False
NOR,4,McLaren,21.0,2.0,HARD,6.0,True,2.0,1,97.979,5625.131,5527.152,27.4,35.2,19.0,False,False,False,False,False,False,False,False,False,True,False
NOR,4,McLaren,22.0,2.0,HARD,7.0,True,2.0,1,97.336,5722.467,5625.131,27.4,35.6,18.0,False,False,False,False,False,False,False,False,False,True,False
NOR,4,McLaren,23.0,2.0,HARD,8.0,True,2.0,1,97.321,5819.788,5722.467,27.4,35.6,19.0,False,False,False,False,False,False,False,False,False,True,False
NOR,4,McLaren,24.0,2.0,HARD,9.0,True,2.0,1,96.952,5916.74,5819.788,27.4,35.6,19.0,False,False,False,False,False,False,False,False,False,True,False
NOR,4,McLaren,25.0,2.0,HARD,10.0,True,2.0,1,97.357,6014.097,5916.74,27.4,35.4,19.0,False,False,False,False,False,False,False,False,False,True,False
NOR,4,McLaren,26.0,2.0,HARD,11.0,True,2.0,1,97.132,6111.229,6014.097,27.5,35.0,19.0,False,False,False,False,False,False,False,False,False,True,False
NOR,4,McLaren,27.0,2.0,HARD,12.0,True,2.0,1,96.754,6207.983,6111.229,27.5,34.7,19.0,False,False,False,False,False,False,False,False,False,True,False
NOR,4,McLaren,28.0,2.0,HARD,13.0,True,2.0,1,96.509,6304.492,6207.983,27.1,34.3,19.0,False,False,False,False,False,False,False,False,False,True,False
NOR,4,McLaren,29.0,2.0,HARD,14.0,True,2.0,1,96.531,6401.023,6304.492,27.1,34.1,19.0,False,False,False,False,False,False,False,False,False,True,False
NOR,4,McLaren,30.0,2.0,HARD,15.0,True,2.0,1,96.335,6497.358,6401.023,26.9,33.8,20.0,False,False,False,False,False,False,False,False,False,True,False
NOR,4,McLaren,31.0,2.0,HARD,16.0,True,2.0,1,96.367,6593.725,6497.358,26.9,33.7,20.0,False,False,False,False,False,False,False,False,False,True,False
NOR,4,McLaren,32.0,2.0,HARD,17.0,True,2.0,1,96.862,6690.587,6593.725,27.0,33.5,20.0,False,False,False,False,False,False,False,False,False,True,False
NOR,4,McLaren,33.0,2.0,HARD,18.0,True,2.0,1,96.774,6787.361,6690.587,26.8,33.2,20.0,False,False,False,False,False,False,False,False,False,True,False
NOR,4,McLaren,34.0,2.0,HARD,19.0,True,2.0,1,97.195,6884.556,6787.361,26.8,33.2,20.0,False,False,False,False,False,False,False,False,False,True,False
NOR,4,McLaren,35.0,2.0,HARD,20.0,True,2.0,1,96.854,6981.41,6884.556,26.8,33.0,20.0,False,False,False,False,False,False,False,False,False,True,False
NOR,4,McLaren,36.0,2.0,HARD,21.0,True,2.0,1,96.316,7077.726,6981.41,26.8,32.9,20.0,False,False,False,False,False,False,False,False,False,True,False
NOR,4,McLaren,37.0,2.0,HARD,22.0,True,2.0,1,96.274,7174.0,7077.726,26.8,32.9,20.0,False,False,False,False,False,False,False,False,False,True,False
NOR,4,McLaren,38.0,2.0,HARD,23.0,True,2.0,1,96.192,7270.192,7174.0,26.8,32.7,21.0,False,False,False,False,False,False,False,False,False,True,False
NOR,4,McLaren,39.0,2.0,HARD,24.0,True,2.0,1,96.217,7366.409,7270.192,26.8,32.6,20.0,False,False,False,False,False,False,False,False,False,True,False
NOR,4,McLaren,40.0,2.0,HARD,25.0,True,2.0,1,96.397,7462.806,7366.409,26.8,32.5,21.0,False,False,False,False,False,False,False,False,False,True,False
NOR,4,McLaren,41.0,2.0,HARD,26.0,True,2.0,1,96.661,7559.467,7462.806,26.8,32.3,21.0,False,False,False,False,False,False,False,False,False,True,False
NOR,4,McLaren,42.0,2.0,HARD,27.0,True,2.0,1,96.868,7656.335,7559.467,26.8,32.2,20.0,False,False,False,False,False,False,False,False,False,True,False
NOR,4,McLaren,43.0,2.0,HARD,28.0,True,2.0,1,96.971,7753.306,7656.335,26.7,32.1,21.0,False,False,False,False,False,False,False,False,False,True,False
NOR,4,McLaren,44.0,2.0,HARD,29.0,True,2.0,1,96.743,7850.049,7753.306,26.7,32.1,20.0,False,False,False,False,False,False,False,False,False,True,False
NOR,4,McLaren,45.0,2.0,HARD,30.0,True,2.0,1,96.396,7946.445,7850.049,26.6,32.0,20.0,False,False,False,False,False,False,False,False,False,True,False
NOR,4,McLaren,46.0,2.0,HARD,31.0,True,2.0,1,96.07,8042.515,7946.445,26.6,31.8,21.0,False,False,False,False,False,False,False,False,False,True,False
NOR,4,McLaren,47.0,2.0,HARD,32.0,True,2.0,1,95.857,8138.372,8042.515,26.5,31.7,21.0,False,False,False,False,False,False,False,False,False,True,False
NOR,4,McLaren,48.0,2.0,HARD,33.0,True,2.0,1,95.708,8234.08,8138.372,26.5,31.7,21.0,False,False,False,False,False,False,False,False,False,True,False
NOR,4,McLaren,49.0,2.0,HARD,34.0,True,2.0,1,95.666,8329.746,8234.08,26.6,31.6,21.0,False,False,False,False,False,False,False,False,False,True,False
NOR,4,McLaren,50.0,2.0,HARD,35.0,True,2.0,1,95.675,8425.421,8329.746,26.5,31.6,21.0,False,False,False,False,False,False,False,False,False,True,False
NOR,4,McLaren,51.0,2.0,HARD,36.0,True,2.0,1,95.9,8521.321,8425.421,26.6,31.4,21.0,False,False,False,False,False,False,False,False,False,True,False
NOR,4,McLaren,52.0,2.0,HARD,37.0,True,2.0,1,95.851,8617.172,8521.321,26.6,31.3,21.0,False,False,False,False,False,False,False,False,False,True,False
NOR,4,McLaren,53.0,2.0,HARD,38.0,True,2.0,1,95.454,8712.626,8617.172,26.5,31.2,21.0,False,False,False,False,False,False,False,False,False,True,False
NOR,4,McLaren,54.0,2.0,HARD,39.0,True,2.0,1,96.872,8809.498,8712.626,26.6,31.2,21.0,False,False,False,False,False,False,False,False,False,True,False
NOR,4,McLaren,55.0,2.0,HARD,40.0,True,2.0,1,98.96,8908.458,8809.498,26.5,31.0,21.0,False,False,False,False,False,False,False,False,False,True,False
NOR,4,McLaren,56.0,2.0,HARD,41.0,True,2.0,1,99.418,9007.876,8908.458,26.5,30.7,21.0,False,False,False,False,False,False,False,False,False,True,False
RUS,63,Mercedes,1.0,1.0,MEDIUM,1.0,True,3.0,12,100.282,3643.384,3542.863,27.3,35.8,18.0,False,False,False,False,True,False,True,False,False,False,False
RUS,63,Mercedes,2.0,1.0,MEDIUM,2.0,True,3.0,1,97.463,3740.847,3643.384,27.4,35.6,18.0,False,False,False,False,False,False,False,False,False,True,False
RUS,63,Mercedes,3.0,1.0,MEDIUM,3.0,True,3.0,12,97.774,3838.621,3740.847,27.3,35.1,18.0,False,False,False,False,False,False,True,False,False,False,False
RUS,63,Mercedes,4.0,1.0,MEDIUM,4.0,True,3.0,1,97.643,3936.264,3838.621,27.3,35.0,18.0,False,False,False,False,False,False,False,False,False,True,False
RUS,63,Mercedes,5.0,1.0,MEDIUM,5.0,True,3.0,1,97.821,4034.085,3936.264,27.3,34.9,18.0,False,False,False,False,False,False,False,False,False,True,False
RUS,63,Mercedes,6.0,1.0,MEDIUM,6.0,True,3.0,12,98.463,4132.548,4034.085,27.3,35.0,18.0,False,False,False,False,False,False,True,False,False,False,False
RUS,63,Mercedes,7.0,1.0,MEDIUM,7.0,True,3.0,1,98.464,4231.012,4132.548,27.3,35.0,18.0,False,False,False,False,False,False,False,False,False,True,False
RUS,63,Mercedes,8.0,1.0,MEDIUM,8.0,True,3.0,1,98.715,4329.727,4231.012,27.4,35.4,18.0,False,False,False,False,False,False,False,False,False,True,False
RUS,63,Mercedes,9.0,1.0,MEDIUM,9.0,True,3.0,1,98.557,4428.284,4329.727,27.5,35.3,18.0,False,False,False,False,False,False,False,False,False,True,False
RUS,63,Mercedes,10.0,1.0,MEDIUM,10.0,True,3.0,1,98.438,4526.722,4428.284,27.5,35.3,18.0,False,False,False,False,False,False,False,False,False,True,False
RUS,63,Mercedes,11.0,1.0,MEDIUM,11.0,True,3.0,1,98.375,4625.097,4526.722,27.5,35.0,18.0,False,False,False,False,False,False,False,False,False,True,False
RUS,63,Mercedes,12.0,1.0,MEDIUM,12.0,True,3.0,1,98.391,4723.488,4625.097,27.6,34.6,17.0,False,False,False,False,False,False,False,False,False,True,False
RUS,63,Mercedes,13.0,1.0,MEDIUM,13.0,True,3.0,1,98.211,4821.699,4723.488,27.5,34.4,18.0,False,False,False,False,False,False,False,False,False,True,False
RUS,63,Mercedes,14.0,1.0,MEDIUM,14.0,True,4.0,1,103.046,4924.745,4821.699,27.4,34.2,18.0,False,True,False,False,True,False,False,False,False,False,False
RUS,63,Mercedes,15.0,2.0,HARD,1.0,True,6.0,1,114.236,5038.981,4924.745,27.2,34.0,18.0,False,False,True,False,True,False,False,False,False,False,False
RUS,63,Mercedes,16.0,2.0,HARD,2.0,True,3.0,1,96.812,5135.793,5038.981,27.2,33.9,18.0,False,False,False,False,False,False,False,False,False,True,False
RUS,63,Mercedes,17.0,2.0,HARD,3.0,True,3.0,1,97.85,5233.643,5135.793,27.2,34.6,18.0,False,False,False,False,False,False,False,False,False,True,False
RUS,63,Mercedes,18.0,2.0,HARD,4.0,True,4.0,1,98.865,5332.508,5233.643,27.3,34.8,18.0,False,False,False,False,False,False,False,False,False,True,False
RUS,63,Mercedes,19.0,2.0,HARD,5.0,True,4.0,1,97.929,5430.437,5332.508,27.3,34.8,19.0,False,False,False,False,False,False,False,False,False,True,False
RUS,63,Mercedes,20.0,2.0,HARD,6.0,True,3.0,1,98.472,5528.909,5430.437,27.4,35.0,18.0,False,False,False,False,False,False,False,False,False,True,False
RUS,63,Mercedes,21.0,2.0,HARD,7.0,True,3.0,1,97.964,5626.873,5528.909,27.4,35.3,18.0,False,False,False,False,False,False,False,False,False,True,False
RUS,63,Mercedes,22.0,2.0,HARD,8.0,True,3.0,1,97.335,5724.208,5626.873,27.4,35.6,18.0,False,False,False,False,False,False,False,False,False,True,False
RUS,63,Mercedes,23.0,2.0,HARD,9.0,True,3.0,1,97.155,5821.363,5724.208,27.4,35.6,19.0,False,False,False,False,False,False,False,False,False,True,False
RUS,63,Mercedes,24.0,2.0,HARD,10.0,True,3.0,1,97.334,5918.697,5821.363,27.4,35.6,19.0,False,False,False,False,False,False,False,False,False,True,False
RUS,63,Mercedes,25.0,2.0,HARD,11.0,True,3.0,1,97.399,6016.096,5918.697,27.4,35.4,19.0,False,False,False,False,False,False,False,False,False,True,False
RUS,63,Mercedes,26.0,2.0,HARD,12.0,True,3.0,1,97.284,6113.38,6016.096,27.5,35.0,19.0,False,False,False,False,False,False,False,False,False,True,False
RUS,63,Mercedes,27.0,2.0,HARD,13.0,True,3.0,1,97.057,6210.437,6113.38,27.5,34.7,19.0,False,False,False,False,False,False,False,False,False,True,False
RUS,63,Mercedes,28.0,2.0,HARD,14.0,True,3.0,1,96.908,6307.345,6210.437,27.1,34.3,19.0,False,False,False,False,False,False,False,False,False,True,False
RUS,63,Mercedes,29.0,2.0,HARD,15.0,True,3.0,1,96.661,6404.006,6307.345,27.1,34.1,19.0,False,False,False,False,False,False,False,False,False,True,False
RUS,63,Mercedes,30.0,2.0,HARD,16.0,True,3.0,1,97.19,6501.196,6404.006,26.9,33.8,20.0,False,False,False,False,False,False,False,False,False,True,False
RUS,63,Mercedes,31.0,2.0,HARD,17.0,True,3.0,1,96.983,6598.179,6501.196,26.9,33.7,20.0,False,False,False,False,False,False,False,False,False,True,False
RUS,63,Mercedes,32.0,2.0,HARD,18.0,True,3.0,1,97.2,6695.379,6598.179,27.0,33.5,20.0,False,False,False,False,False,False,False,False,False,True,False
RUS,63,Mercedes,33.0,2.0,HARD,19.0,True,3.0,1,97.1,6792.479,6695.379,26.8,33.2,20.0,False,False,False,False,False,False,False,False,False,True,False
RUS,63,Mercedes,34.0,2.0,HARD,20.0,True,3.0,1,96.853,6889.332,6792.479,26.8,33.1,20.0,False,False,False,False,False,False,False,False,False,True,False
RUS,63,Mercedes,35.0,2.0,HARD,21.0,True,3.0,1,96.664,6985.996,6889.332,26.8,33.0,20.0,False,False,False,False,False,False,False,False,False,True,False
RUS,63,Mercedes,36.0,2.0,HARD,22.0,True,3.0,1,96.688,7082.684,6985.996,26.8,32.9,20.0,False,False,False,False,False,False,False,False,False,True,False
RUS,63,Mercedes,37.0,2.0,HARD,23.0,True,3.0,1,96.739,7179.423,7082.684,26.8,32.9,20.0,False,False,False,False,False,False,False,False,False,True,False
RUS,63,Mercedes,38.0,2.0,HARD,24.0,True,3.0,1,96.581,7276.004,7179.423,26.8,32.7,21.0,False,False,False,False,False,False,False,False,False,True,False
RUS,63,Mercedes,39.0,2.0,HARD,25.0,True,3.0,1,96.548,7372.552,7276.004,26.8,32.6,20.0,False,False,False,False,False,False,False,False,False,True,False
RUS,63,Mercedes,40.0,2.0,HARD,26.0,True,3.0,1,96.488,7469.04,7372.552,26.8,32.5,21.0,False,False,False,False,False,False,False,False,False,True,False
RUS,63,Mercedes,41.0,2.0,HARD,27.0,True,3.0,1,96.471,7565.511,7469.04,26.8,32.3,21.0,False,False,False,False,False,False,False,False,False,True,False
RUS,63,Mercedes,42.0,2.0,HARD,28.0,True,3.0,1,96.337,7661.848,7565.511,26.8,32.2,20.0,False,False,False,False,False,False,False,False,False,True,False
RUS,63,Mercedes,43.0,2.0,HARD,29.0,True,3.0,1,96.459,7758.307,7661.848,26.7,32.1,21.0,False,False,False,False,False,False,False,False,False,True,False
RUS,63,Mercedes,44.0,2.0,HARD,30.0,True,3.0,1,96.576,7854.883,7758.307,26.7,32.1,20.0,False,False,False,False,False,False,False,False,False,True,False
RUS,63,Mercedes,45.0,2.0,HARD,31.0,True,3.0,1,96.574,7951.457,7854.883,26.6,32.0,20.0,False,False,False,False,False,False,False,False,False,True,False
RUS,63,Mercedes,46.0,2.0,HARD,32.0,True,3.0,1,96.3,8047.757,7951.457,26.6,31.8,21.0,False,False,False,False,False,False,False,False,False,True,False
RUS,63,Mercedes,47.0,2.0,HARD,33.0,True,3.0,1,96.283,8144.04,8047.757,26.5,31.7,21.0,False,False,False,False,False,False,False,False,False,True,False
RUS,63,Mercedes,48.0,2.0,HARD,34.0,True,3.0,1,96.192,8240.232,8144.04,26.5,31.7,21.0,False,False,False,False,False,False,False,False,False,True,False
RUS,63,Mercedes,49.0,2.0,HARD,35.0,True,3.0,1,96.106,8336.338,8240.232,26.6,31.6,21.0,False,False,False,False,False,False,False,False,False,True,False
RUS,63,Mercedes,50.0,2.0,HARD,36.0,True,3.0,1,96.166,8432.504,8336.338,26.5,31.6,21.0,False,False,False,False,False,False,False,False,False,True,False
RUS,63,Mercedes,51.0,2.0,HARD,37.0,True,3.0,1,96.208,8528.712,8432.504,26.6,31.4,21.0,False,False,False,False,False,False,False,False,False,True,False
RUS,63,Mercedes,52.0,2.0,HARD,38.0,True,3.0,1,96.385,8625.097,8528.712,26.6,31.3,21.0,False,False,False,False,False,False,False,False,False,True,False
RUS,63,Mercedes,53.0,2.0,HARD,39.0,True,3.0,1,96.504,8721.601,8625.097,26.5,31.2,21.0,False,False,False,False,False,False,False,False,False,True,False
RUS,63,Mercedes,54.0,2.0,HARD,40.0,True,3.0,1,95.9,8817.501,8721.601,26.6,31.2,21.0,False,False,False,False,False,False,False,False,False,True,False
RUS,63,Mercedes,55.0,2.0,HARD,41.0,True,3.0,1,95.816,8913.317,8817.501,26.5,31.0,21.0,False,False,False,False,False,False,False,False,False,True,False
RUS,63,Mercedes,56.0,2.0,HARD,42.0,True,3.0,1,95.908,9009.225,8913.317,26.5,30.7,21.0,False,False,False,False,False,False,False,False,False,True,False
VER,1,Red Bull Racing,1.0,1.0,MEDIUM,1.0,True,6.0,12,102.249,3645.351,3542.863,27.3,35.6,18.0,False,False,False,False,True,False,True,False,False,False,False
VER,1,Red Bull Racing,2.0,1.0,MEDIUM,2.0,True,6.0,1,98.304,3743.655,3645.351,27.4,35.6,18.0,False,False,False,False,False,False,False,False,False,True,False
VER,1,Red Bull Racing,3.0,1.0,MEDIUM,3.0,True,6.0,12,98.302,3841.957,3743.655,27.3,35.1,18.0,False,False,False,False,False,False,True,False,False,False,False
VER,1,Red Bull Racing,4.0,1.0,MEDIUM,4.0,True,6.0,1,98.614,3940.571,3841.957,27.3,35.0,18.0,False,False,False,False,False,False,False,False,False,True,False
VER,1,Red Bull Racing,5.0,1.0,MEDIUM,5.0,True,6.0,1,98.895,4039.466,3940.571,27.3,34.9,18.0,False,False,False,False,False,False,False,False,False,True,False
VER,1,Red Bull Racing,6.0,1.0,MEDIUM,6.0,True,6.0,12,98.779,4138.245,4039.466,27.3,35.0,18.0,False,False,False,False,False,False,True,False,False,False,False
VER,1,Red Bull Racing,7.0,1.0,MEDIUM,7.0,True,6.0,1,98.692,4236.937,4138.245,27.3,35.0,18.0,False,False,False,False,False,False,False,False,False,True,False
VER,1,Red Bull Racing,8.0,1.0,MEDIUM,8.0,True,6.0,1,99.084,4336.021,4236.937,27.4,35.4,18.0,False,False,False,False,False,False,False,False,False,True,False
VER,1,Red Bull Racing,9.0,1.0,MEDIUM,9.0,True,6.0,1,99.229,4435.25,4336.021,27.5,35.3,18.0,False,False,False,False,False,False,False,False,False,True,False
VER,1,Red Bull Racing,10.0,1.0,MEDIUM,10.0,True,6.0,1,99.064,4534.314,4435.25,27.5,35.3,18.0,False,False,False,False,False,False,False,False,False,True,False
VER,1,Red Bull Racing,11.0,1.0,MEDIUM,11.0,True,6.0,1,99.154,4633.468,4534.314,27.5,35.0,18.0,False,False,False,False,False,False,False,False,False,True,False
VER,1,Red Bull Racing,12.0,1.0,MEDIUM,12.0,True,6.0,1,98.627,4732.095,4633.468,27.6,34.5,18.0,False,False,False,False,False,False,False,False,False,True,False
VER,1,Red Bull Racing,13.0,1.0,MEDIUM,13.0,True,6.0,1,102.61,4834.705,4732.095,27.5,34.4,18.0,False,True,False,False,True,False,False,False,False,False,False
VER,1,Red Bull Racing,14.0,2.0,HARD,1.0,True,11.0,1,115.252,4949.957,4834.705,27.4,34.2,18.0,False,False,True,False,True,False,False,False,False,False,False
VER,1,Red Bull Racing,15.0,2.0,HARD,2.0,True,11.0,1,97.322,5047.279,4949.957,27.2,34.0,18.0,False,False,False,False,False,False,False,False,False,True,False
VER,1,Red Bull Racing,16.0,2.0,HARD,3.0,True,11.0,1,97.024,5144.303,5047.279,27.2,33.9,18.0,False,False,False,False,False,False,False,False,False,True,False
VER,1,Red Bull Racing,17.0,2.0,HARD,4.0,True,9.0,1,97.369,5241.672,5144.303,27.2,34.6,18.0,False,False,False,False,False,False,False,False,False,True,False
VER,1,Red Bull Racing,18.0,2.0,HARD,5.0,True,8.0,1,97.847,5339.519,5241.672,27.3,34.8,18.0,False,False,False,False,False,False,False,False,False,True,False
VER,1,Red Bull Racing,19.0,2.0,HARD,6.0,True,8.0,1,97.85,5437.369,5339.519,27.3,34.8,19.0,False,False,False,False,False,False,False,False,False,True,False
VER,1,Red Bull Racing,20.0,2.0,HARD,7.0,True,7.0,1,97.733,5535.102,5437.369,27.4,35.0,18.0,False,False,False,False,False,False,False,False,False,True,False
VER,1,Red Bull Racing,21.0,2.0,HARD,8.0,True,6.0,1,97.908,5633.01,5535.102,27.4,35.3,18.0,False,False,False,False,False,False,False,False,False,True,False
VER,1,Red Bull Racing,22.0,2.0,HARD,9.0,True,6.0,1,97.543,5730.553,5633.01,27.4,35.6,18.0,False,False,False,False,False,False,False,False,False,True,False
VER,1,Red Bull Racing,23.0,2.0,HARD,10.0,True,6.0,1,97.442,5827.995,5730.553,27.4,35.6,19.0,False,False,False,False,False,False,False,False,False,True,False
VER,1,Red Bull Racing,24.0,2.0,HARD,11.0,True,6.0,1,97.25,5925.245,5827.995,27.4,35.6,19.0,False,False,False,False,False,False,False,False,False,True,False
VER,1,Red Bull Racing,25.0,2.0,HARD,12.0,True,6.0,1,97.722,6022.967,5925.245,27.4,35.4,19.0,False,False,False,False,False,False,False,False,False,True,False
VER,1,Red Bull Racing,26.0,2.0,HARD,13.0,True,6.0,1,97.645,6120.612,6022.967,27.5,35.0,19.0,False,False,False,False,False,False,False,False,False,True,False
VER,1,Red Bull Racing,27.0,2.0,HARD,14.0,True,6.0,1,97.964,6218.576,6120.612,27.5,34.7,19.0,False,False,False,False,False,False,False,False,False,True,False
VER,1,Red Bull Racing,28.0,2.0,HARD,15.0,True,6.0,1,97.318,6315.894,6218.576,27.1,34.3,19.0,False,False,False,False,False,False,False,False,False,True,False
VER,1,Red Bull Racing,29.0,2.0,HARD,16.0,True,6.0,1,97.084,6412.978,6315.894,27.0,33.9,19.0,False,False,False,False,False,False,False,False,False,True,False
VER,1,Red Bull Racing,30.0,2.0,HARD,17.0,True,6.0,1,97.35,6510.328,6412.978,26.9,33.8,20.0,False,False,False,False,False,False,False,False,False,True,False
VER,1,Red Bull Racing,31.0,2.0,HARD,18.0,True,6.0,1,97.084,6607.412,6510.328,26.9,33.7,20.0,False,False,False,False,False,False,False,False,False,True,False
VER,1,Red Bull Racing,32.0,2.0,HARD,19.0,True,6.0,1,97.202,6704.614,6607.412,27.0,33.5,20.0,False,False,False,False,False,False,False,False,False,True,False
VER,1,Red Bull Racing,33.0,2.0,HARD,20.0,True,6.0,1,97.1,6801.714,6704.614,26.8,33.2,20.0,False,False,False,False,False,False,False,False,False,True,False
VER,1,Red Bull Racing,34.0,2.0,HARD,21.0,True,6.0,1,96.922,6898.636,6801.714,26.8,33.1,20.0,False,False,False,False,False,False,False,False,False,True,False
VER,1,Red Bull Racing,35.0,2.0,HARD,22.0,True,6.0,1,96.7,6995.336,6898.636,26.8,33.0,20.0,False,False,False,False,False,False,False,False,False,True,False
VER,1,Red Bull Racing,36.0,2.0,HARD,23.0,True,6.0,1,96.646,7091.982,6995.336,26.8,32.9,20.0,False,False,False,False,False,False,False,False,False,True,False
VER,1,Red Bull Racing,37.0,2.0,HARD,24.0,True,5.0,1,96.835,7188.817,7091.982,26.8,32.8,20.0,False,False,False,False,False,False,False,False,False,True,False
VER,1,Red Bull Racing,38.0,2.0,HARD,25.0,True,5.0,1,96.616,7285.433,7188.817,26.8,32.7,21.0,False,False,False,False,False,False,False,False,False,True,False
VER,1,Red Bull Racing,39.0,2.0,HARD,26.0,True,5.0,1,96.457,7381.89,7285.433,26.8,32.6,20.0,False,False,False,False,False,False,False,False,False,True,False
VER,1,Red Bull Racing,40.0,2.0,HARD,27.0,True,5.0,1,96.44,7478.33,7381.89,26.8,32.5,21.0,False,False,False,False,False,False,False,False,False,True,False
VER,1,Red Bull Racing,41.0,2.0,HARD,28.0,True,5.0,1,96.137,7574.467,7478.33,26.8,32.3,21.0,False,False,False,False,False,False,False,False,False,True,False
VER,1,Red Bull Racing,42.0,2.0,HARD,29.0,True,5.0,1,96.216,7670.683,7574.467,26.8,32.2,21.0,False,False,False,False,False,False,False,False,False,True,False
VER,1,Red Bull Racing,43.0,2.0,HARD,30.0,True,5.0,1,96.242,7766.925,7670.683,26.7,32.1,21.0,False,False,False,False,False,False,False,False,False,True,False
VER,1,Red Bull Racing,44.0,2.0,HARD,31.0,True,5.0,1,96.221,7863.146,7766.925,26.7,32.1,20.0,False,False,False,False,False,False,False,False,False,True,False
VER,1,Red Bull Racing,45.0,2.0,HARD,32.0,True,5.0,1,96.182,7959.328,7863.146,26.6,32.0,20.0,False,False,False,False,False,False,False,False,False,True,False
VER,1,Red Bull Racing,46.0,2.0,HARD,33.0,True,5.0,1,96.188,8055.516,7959.328,26.6,31.8,21.0,False,False,False,False,False,False,False,False,False,True,False
VER,1,Red Bull Racing,47.0,2.0,HARD,34.0,True,5.0,1,96.135,8151.651,8055.516,26.5,31.7,21.0,False,False,False,False,False,False,False,False,False,True,False
VER,1,Red Bull Racing,48.0,2.0,HARD,35.0,True,5.0,1,96.023,8247.674,8151.651,26.5,31.7,21.0,False,False,False,False,False,False,False,False,False,True,False
VER,1,Red Bull Racing,49.0,2.0,HARD,36.0,True,5.0,1,95.898,8343.572,8247.674,26.6,31.6,21.0,False,False,False,False,False,False,False,False,False,True,False
VER,1,Red Bull Racing,50.0,2.0,HARD,37.0,True,5.0,1,95.699,8439.271,8343.572,26.5,31.6,21.0,False,False,False,False,False,False,False,False,False,True,False
VER,1,Red Bull Racing,51.0,2.0,HARD,38.0,True,5.0,1,95.71,8534.981,8439.271,26.6,31.4,21.0,False,False,False,False,False,False,False,False,False,True,False
VER,1,Red Bull Racing,52.0,2.0,HARD,39.0,True,5.0,1,96.563,8631.544,8534.981,26.5,31.3,21.0,False,False,False,False,False,False,False,False,False,True,False
VER,1,Red Bull Racing,53.0,2.0,HARD,40.0,True,4.0,1,96.175,8727.719,8631.544,26.5,31.2,21.0,False,False,False,False,False,False,False,False,False,True,False
VER,1,Red Bull Racing,54.0,2.0,HARD,41.0,True,4.0,1,95.78,8823.499,8727.719,26.6,31.2,21.0,False,False,False,False,False,False,False,False,False,True,False
VER,1,Red Bull Racing,55.0,2.0,HARD,42.0,True,4.0,1,95.797,8919.296,8823.499,26.5,31.0,21.0,False,False,False,False,False,False,False,False,False,True,False
VER,1,Red Bull Racing,56.0,2.0,HARD,43.0,True,4.0,1,95.488,9014.784,8919.296,26.5,30.7,21.0,False,False,False,False,False,False,False,False,False,True,False
OCO,31,Haas F1 Team,1.0,1.0,MEDIUM,1.0,True,10.0,12,104.831,3647.933,3542.863,27.3,35.6,18.0,False,False,False,False,True,False,True,False,False,False,False
OCO,31,Haas F1 Team,2.0,1.0,MEDIUM,2.0,True,10.0,12,99.106,3747.039,3647.933,27.4,35.6,18.0,False,False,False,False,False,False,True,False,False,False,False
OCO,31,Haas F1 Team,3.0,1.0,MEDIUM,3.0,True,10.0,21,99.048,3846.087,3747.039,27.3,35.1,18.0,False,False,False,False,False,False,True,False,False,False,False
OCO,31,Haas F1 Team,4.0,1.0,MEDIUM,4.0,True,10.0,1,98.921,3945.008,3846.087,27.3,35.0,18.0,False,False,False,False,False,False,False,False,False,True,False
OCO,31,Haas F1 Team,5.0,1.0,MEDIUM,5.0,True,10.0,1,98.906,4043.914,3945.008,27.3,34.9,18.0,False,False,False,False,False,False,False,False,False,True,False
OCO,31,Haas F1 Team,6.0,1.0,MEDIUM,6.0,True,10.0,12,98.964,4142.878,4043.914,27.3,35.0,18.0,False,False,False,False,False,False,True,False,False,False,False
OCO,31,Haas F1 Team,7.0,1.0,MEDIUM,7.0,True,10.0,1,99.181,4242.059,4142.878,27.3,35.0,18.0,False,False,False,False,False,False,False,False,False,True,False
OCO,31,Haas F1 Team,8.0,1.0,MEDIUM,8.0,True,10.0,1,99.346,4341.405,4242.059,27.4,35.4,18.0,False,False,False,False,False,False,False,False,False,True,False
OCO,31,Haas F1 Team,9.0,1.0,MEDIUM,9.0,True,10.0,1,99.336,4440.741,4341.405,27.5,35.3,18.0,False,False,False,False,False,False,False,False,False,True,False
OCO,31,Haas F1 Team,10.0,1.0,MEDIUM,10.0,True,10.0,1,99.223,4539.964,4440.741,27.5,35.3,18.0,False,False,False,False,False,False,False,False,False,True,False
OCO,31,Haas F1 Team,11.0,1.0,MEDIUM,11.0,True,13.0,1,104.123,4644.087,4539.964,27.5,35.0,18.0,False,True,False,False,True,False,False,False,False,False,False
OCO,31,Haas F1 Team,12.0,2.0,HARD,1.0,True,16.0,1,115.057,4759.144,4644.087,27.6,34.5,18.0,False,False,True,False,True,False,False,False,False,False,False
OCO,31,Haas F1 Team,13.0,2.0,HARD,2.0,True,15.0,1,97.837,4856.981,4759.144,27.4,34.4,18.0,False,False,False,False,False,False,False,False,False,True,False
OCO,31,Haas F1 Team,14.0,2.0,HARD,3.0,True,14.0,1,98.512,4955.493,4856.981,27.4,34.2,18.0,False,False,False,False,False,False,False,False,False,True,False
OCO,31,Haas F1 Team,15.0,2.0,HARD,4.0,True,14.0,1,98.568,5054.061,4955.493,27.2,34.0,18.0,False,False,False,False,False,False,False,False,False,True,False
OCO,31,Haas F1 Team,16.0,2.0,HARD,5.0,True,14.0,1,99.41,5153.471,5054.061,27.1,33.9,18.0,False,False,False,False,False,False,False,False,False,True,False
OCO,31,Haas F1 Team,17.0,2.0,HARD,6.0,True,13.0,1,99.514,5252.985,5153.471,27.2,34.6,18.0,False,False,False,False,False,False,False,False,False,True,False
OCO,31,Haas F1 Team,18.0,2.0,HARD,7.0,True,12.0,1,98.405,5351.39,5252.985,27.3,34.8,18.0,False,False,False,False,False,False,False,False,False,True,False
OCO,31,Haas F1 Team,19.0,2.0,HARD,8.0,True,11.0,1,98.041,5449.431,5351.39,27.3,34.8,19.0,False,False,False,False,False,False,False,False,False,True,False
OCO,31,Haas F1 Team,20.0,2.0,HARD,9.0,True,11.0,1,98.086,5547.517,5449.431,27.4,35.0,18.0,False,False,False,False,False,False,False,False,False,True,False
OCO,31,Haas F1 Team,21.0,2.0,HARD,10.0,True,10.0,1,97.918,5645.435,5547.517,27.4,35.3,18.0,False,False,False,False,False,False,False,False,False,True,False
OCO,31,Haas F1 Team,22.0,2.0,HARD,11.0,True,10.0,1,98.16,5743.595,5645.435,27.4,35.6,18.0,False,False,False,False,False,False,False,False,False,True,False
OCO,31,Haas F1 Team,23.0,2.0,HARD,12.0,True,10.0,1,97.73,5841.325,5743.595,27.4,35.6,19.0,False,False,False,False,False,False,False,False,False,True,False
OCO,31,Haas F1 Team,24.0,2.0,HARD,13.0,True,10.0,1,97.865,5939.19,5841.325,27.4,35.6,19.0,False,False,False,False,False,False,False,False,False,True,False
OCO,31,Haas F1 Team,25.0,2.0,HARD,14.0,True,10.0,1,98.099,6037.289,5939.19,27.4,35.4,19.0,False,False,False,False,False,False,False,False,False,True,False
OCO,31,Haas F1 Team,26.0,2.0,HARD,15.0,True,10.0,1,98.381,6135.67,6037.289,27.5,35.0,19.0,False,False,False,False,False,False,False,False,False,True,False
OCO,31,Haas F1 Team,27.0,2.0,HARD,16.0,True,9.0,1,97.806,6233.476,6135.67,27.3,34.4,19.0,False,False,False,False,False,False,False,False,False,True,False
OCO,31,Haas F1 Team,28.0,2.0,HARD,17.0,True,9.0,1,97.916,6331.392,6233.476,27.1,34.3,19.0,False,False,False,False,False,False,False,False,False,True,False
OCO,31,Haas F1 Team,29.0,2.0,HARD,18.0,True,9.0,1,97.57,6428.962,6331.392,27.0,33.9,19.0,False,False,False,False,False,False,False,False,False,True,False
OCO,31,Haas F1 Team,30.0,2.0,HARD,19.0,True,9.0,1,98.017,6526.979,6428.962,26.9,33.7,20.0,False,False,False,False,False,False,False,False,False,True,False
OCO,31,Haas F1 Team,31.0,2.0,HARD,20.0,True,9.0,1,98.005,6624.984,6526.979,26.9,33.7,20.0,False,False,False,False,False,False,False,False,False,True,False
OCO,31,Haas F1 Team,32.0,2.0,HARD,21.0,True,9.0,1,97.87,6722.854,6624.984,26.9,33.3,20.0,False,False,False,False,False,False,False,False,False,True,False
OCO,31,Haas F1 Team,33.0,2.0,HARD,22.0,True,9.0,1,97.755,6820.609,6722.854,26.8,33.2,20.0,False,False,False,False,False,False,False,False,False,True,False
OCO,31,Haas F1 Team,34.0,2.0,HARD,23.0,True,9.0,1,97.764,6918.373,6820.609,26.8,33.1,20.0,False,False,False,False,False,False,False,False,False,True,False
OCO,31,Haas F1 Team,35.0,2.0,HARD,24.0,True,8.0,1,97.728,7016.101,6918.373,26.8,33.0,20.0,False,False,False,False,False,False,False,False,False,True,False
OCO,31,Haas F1 Team,36.0,2.0,HARD,25.0,True,7.0,1,97.527,7113.628,7016.101,26.8,32.9,20.0,False,False,False,False,False,False,False,False,False,True,False
OCO,31,Haas F1 Team,37.0,2.0,HARD,26.0,True,7.0,1,97.333,7210.961,7113.628,26.8,32.8,20.0,False,False,False,False,False,False,False,False,False,True,False
OCO,31,Haas F1 Team,38.0,2.0,HARD,27.0,True,7.0,1,97.848,7308.809,7210.961,26.8,32.7,20.0,False,False,False,False,False,False,False,False,False,True,False
OCO,31,Haas F1 Team,39.0,2.0,HARD,28.0,True,7.0,1,96.98,7405.789,7308.809,26.8,32.6,20.0,False,False,False,False,False,False,False,False,False,True,False
OCO,31,Haas F1 Team,40.0,2.0,HARD,29.0,True,7.0,1,97.269,7503.058,7405.789,26.8,32.4,21.0,False,False,False,False,False,False,False,False,False,True,False
OCO,31,Haas F1 Team,41.0,2.0,HARD,30.0,True,7.0,1,97.141,7600.199,7503.058,26.8,32.3,21.0,False,False,False,False,False,False,False,False,False,True,False
OCO,31,Haas F1 Team,42.0,2.0,HARD,31.0,True,7.0,1,97.133,7697.332,7600.199,26.8,32.2,21.0,False,False,False,False,False,False,False,False,False,True,False
OCO,31,Haas F1 Team,43.0,2.0,HARD,32.0,True,7.0,1,97.087,7794.419,7697.332,26.7,32.1,21.0,False,False,False,False,False,False,False,False,False,True,False
OCO,31,Haas F1 Team,44.0,2.0,HARD,33.0,True,7.0,1,97.168,7891.587,7794.419,26.7,32.1,20.0,False,False,False,False,False,False,False,False,False,True,False
OCO,31,Haas F1 Team,45.0,2.0,HARD,34.0,True,7.0,1,96.929,7988.516,7891.587,26.6,31.9,21.0,False,False,False,False,False,False,False,False,False,True,False
OCO,31,Haas F1 Team,46.0,2.0,HARD,35.0,True,7.0,1,96.993,8085.509,7988.516,26.6,31.8,21.0,False,False,False,False,False,False,False,False,False,True,False
OCO,31,Haas F1 Team,47.0,2.0,HARD,36.0,True,7.0,1,96.841,8182.35,8085.509,26.5,31.7,21.0,False,False,False,False,False,False,False,False,False,True,False
OCO,31,Haas F1 Team,48.0,2.0,HARD,37.0,True,7.0,1,96.432,8278.782,8182.35,26.6,31.6,21.0,False,False,False,False,False,False,False,False,False,True,False
OCO,31,Haas F1 Team,49.0,2.0,HARD,38.0,True,7.0,1,96.509,8375.291,8278.782,26.6,31.6,21.0,False,False,False,False,False,False,False,False,False,True,False
OCO,31,Haas F1 Team,50.0,2.0,HARD,39.0,True,7.0,1,96.317,8471.608,8375.291,26.6,31.5,21.0,False,False,False,False,False,False,False,False,False,True,False
OCO,31,Haas F1 Team,51.0,2.0,HARD,40.0,True,7.0,1,96.221,8567.829,8471.608,26.6,31.3,21.0,False,False,False,False,False,False,False,False,False,True,False
OCO,31,Haas F1 Team,52.0,2.0,HARD,41.0,True,7.0,1,96.167,8663.996,8567.829,26.5,31.3,21.0,False,False,False,False,False,False,False,False,False,True,False
OCO,31,Haas F1 Team,53.0,2.0,HARD,42.0,True,7.0,1,96.381,8760.377,8663.996,26.5,31.2,21.0,False,False,False,False,False,False,False,False,False,True,False
OCO,31,Haas F1 Team,54.0,2.0,HARD,43.0,True,7.0,1,96.002,8856.379,8760.377,26.6,31.2,21.0,False,False,False,False,False,False,False,False,False,True,False
OCO,31,Haas F1 Team,55.0,2.0,HARD,44.0,True,7.0,1,95.978,8952.357,8856.379,26.5,30.8,21.0,False,False,False,False,False,False,False,False,False,True,False
OCO,31,Haas F1 Team,56.0,2.0,HARD,45.0,True,7.0,1,95.74,9048.097,8952.357,26.5,30.7,22.0,False,False,False,False,False,False,False,False,False,True,False
ANT,12,Mercedes,1.0,1.0,MEDIUM,1.0,True,7.0,12,103.008,3646.11,3542.863,27.3,35.6,18.0,False,False,False,False,True,False,True,False,False,False,False
ANT,12,Mercedes,2.0,1.0,MEDIUM,2.0,True,7.0,1,98.347,3744.457,3646.11,27.4,35.6,18.0,False,False,False,False,False,False,False,False,False,True,False
ANT,12,Mercedes,3.0,1.0,MEDIUM,3.0,True,7.0,12,98.503,3842.96,3744.457,27.3,35.1,18.0,False,False,False,False,False,False,True,False,False,False,False
ANT,12,Mercedes,4.0,1.0,MEDIUM,4.0,True,7.0,1,98.824,3941.784,3842.96,27.3,35.0,18.0,False,False,False,False,False,False,False,False,False,True,False
ANT,12,Mercedes,5.0,1.0,MEDIUM,5.0,True,7.0,1,98.797,4040.581,3941.784,27.3,34.9,18.0,False,False,False,False,False,False,False,False,False,True,False
ANT,12,Mercedes,6.0,1.0,MEDIUM,6.0,True,7.0,12,98.911,4139.492,4040.581,27.3,35.0,18.0,False,False,False,False,False,False,True,False,False,False,False
ANT,12,Mercedes,7.0,1.0,MEDIUM,7.0,True,7.0,1,98.965,4238.457,4139.492,27.3,35.0,18.0,False,False,False,False,False,False,False,False,False,True,False
ANT,12,Mercedes,8.0,1.0,MEDIUM,8.0,True,7.0,1,99.118,4337.575,4238.457,27.4,35.4,18.0,False,False,False,False,False,False,False,False,False,True,False
ANT,12,Mercedes,9.0,1.0,MEDIUM,9.0,True,7.0,1,99.284,4436.859,4337.575,27.5,35.3,18.0,False,False,False,False,False,False,False,False,False,True,False
ANT,12,Mercedes,10.0,1.0,MEDIUM,10.0,True,7.0,1,99.198,4536.057,4436.859,27.5,35.3,18.0,False,False,False,False,False,False,False,False,False,True,False
ANT,12,Mercedes,11.0,1.0,MEDIUM,11.0,True,7.0,1,99.213,4635.27,4536.057,27.5,35.0,18.0,False,False,False,False,False,False,False,False,False,True,False
ANT,12,Mercedes,12.0,1.0,MEDIUM,12.0,True,8.0,1,104.27,4739.54,4635.27,27.6,34.5,18.0,False,True,False,False,True,False,False,False,False,False,False
ANT,12,Mercedes,13.0,2.0,HARD,1.0,True,14.0,1,117.008,4856.548,4739.54,27.4,34.4,18.0,False,False,True,False,True,False,False,False,False,False,False
ANT,12,Mercedes,14.0,2.0,HARD,2.0,True,15.0,1,99.226,4955.774,4856.548,27.4,34.2,18.0,False,False,False,False,False,False,False,False,False,True,False
ANT,12,Mercedes,15.0,2.0,HARD,3.0,True,15.0,1,98.781,5054.555,4955.774,27.2,34.0,18.0,False,False,False,False,False,False,False,False,False,True,False
ANT,12,Mercedes,16.0,2.0,HARD,4.0,True,15.0,1,99.177,5153.732,5054.555,27.1,33.9,18.0,False,False,False,False,False,False,False,False,False,True,False
ANT,12,Mercedes,17.0,2.0,HARD,5.0,True,15.0,1,100.229,5253.961,5153.732,27.2,34.6,18.0,False,False,False,False,False,False,False,False,False,True,False
ANT,12,Mercedes,18.0,2.0,HARD,6.0,True,13.0,1,100.23,5354.191,5253.961,27.3,34.8,18.0,False,False,False,False,False,False,False,False,False,True,False
ANT,12,Mercedes,19.0,2.0,HARD,7.0,True,12.0,1,98.032,5452.223,5354.191,27.3,34.8,19.0,False,False,False,False,False,False,False,False,False,True,False
ANT,12,Mercedes,20.0,2.0,HARD,8.0,True,12.0,1,98.137,5550.36,5452.223,27.4,35.0,18.0,False,False,False,False,False,False,False,False,False,True,False
ANT,12,Mercedes,21.0,2.0,HARD,9.0,True,11.0,1,97.657,5648.017,5550.36,27.4,35.3,18.0,False,False,False,False,False,False,False,False,False,True,False
ANT,12,Mercedes,22.0,2.0,HARD,10.0,True,11.0,1,97.875,5745.892,5648.017,27.4,35.6,18.0,False,False,False,False,False,False,False,False,False,True,False
ANT,12,Mercedes,23.0,2.0,HARD,11.0,True,11.0,1,97.782,5843.674,5745.892,27.4,35.6,19.0,False,False,False,False,False,False,False,False,False,True,False
ANT,12,Mercedes,24.0,2.0,HARD,12.0,True,11.0,1,98.134,5941.808,5843.674,27.4,35.6,19.0,False,False,False,False,False,False,False,False,False,True,False
ANT,12,Mercedes,25.0,2.0,HARD,13.0,True,11.0,1,98.163,6039.971,5941.808,27.4,35.4,19.0,False,False,False,False,False,False,False,False,False,True,False
ANT,12,Mercedes,26.0,2.0,HARD,14.0,True,11.0,1,98.226,6138.197,6039.971,27.5,35.0,19.0,False,False,False,False,False,False,False,False,False,True,False
ANT,12,Mercedes,27.0,2.0,HARD,15.0,True,10.0,1,97.965,6236.162,6138.197,27.3,34.4,19.0,False,False,False,False,False,False,False,False,False,True,False
ANT,12,Mercedes,28.0,2.0,HARD,16.0,True,10.0,1,97.894,6334.056,6236.162,27.1,34.3,19.0,False,False,False,False,False,False,False,False,False,True,False
ANT,12,Mercedes,29.0,2.0,HARD,17.0,True,10.0,1,97.867,6431.923,6334.056,27.0,33.9,19.0,False,False,False,False,False,False,False,False,False,True,False
ANT,12,Mercedes,30.0,2.0,HARD,18.0,True,10.0,1,97.759,6529.682,6431.923,26.9,33.7,20.0,False,False,False,False,False,False,False,False,False,True,False
ANT,12,Mercedes,31.0,2.0,HARD,19.0,True,10.0,1,97.855,6627.537,6529.682,26.9,33.7,20.0,False,False,False,False,False,False,False,False,False,True,False
ANT,12,Mercedes,32.0,2.0,HARD,20.0,True,10.0,1,97.619,6725.156,6627.537,26.9,33.3,20.0,False,False,False,False,False,False,False,False,False,True,False
ANT,12,Mercedes,33.0,2.0,HARD,21.0,True,10.0,1,97.819,6822.975,6725.156,26.8,33.2,20.0,False,False,False,False,False,False,False,False,False,True,False
ANT,12,Mercedes,34.0,2.0,HARD,22.0,True,10.0,1,97.863,6920.838,6822.975,26.8,33.1,20.0,False,False,False,False,False,False,False,False,False,True,False
ANT,12,Mercedes,35.0,2.0,HARD,23.0,True,9.0,1,97.708,7018.546,6920.838,26.8,33.0,20.0,False,False,False,False,False,False,False,False,False,True,False
ANT,12,Mercedes,36.0,2.0,HARD,24.0,True,9.0,1,97.546,7116.092,7018.546,26.8,32.9,20.0,False,False,False,False,False,False,False,False,False,True,False
ANT,12,Mercedes,37.0,2.0,HARD,25.0,True,8.0,1,97.414,7213.506,7116.092,26.8,32.8,20.0,False,False,False,False,False,False,False,False,False,True,False
ANT,12,Mercedes,38.0,2.0,HARD,26.0,True,8.0,1,97.718,7311.224,7213.506,26.8,32.7,20.0,False,False,False,False,False,False,False,False,False,True,False
ANT,12,Mercedes,39.0,2.0,HARD,27.0,True,8.0,1,97.084,7408.308,7311.224,26.8,32.6,20.0,False,False,False,False,False,False,False,False,False,True,False
ANT,12,Mercedes,40.0,2.0,HARD,28.0,True,8.0,1,97.145,7505.453,7408.308,26.8,32.4,21.0,False,False,False,False,False,False,False,False,False,True,False
ANT,12,Mercedes,41.0,2.0,HARD,29.0,True,8.0,1,97.218,7602.671,7505.453,26.8,32.3,21.0,False,False,False,False,False,False,False,False,False,True,False
ANT,12,Mercedes,42.0,2.0,HARD,30.0,True,8.0,1,97.235,7699.906,7602.671,26.8,32.2,21.0,False,False,False,False,False,False,False,False,False,True,False
ANT,12,Mercedes,43.0,2.0,HARD,31.0,True,8.0,1,97.114,7797.02,7699.906,26.7,32.1,21.0,False,False,False,False,False,False,False,False,False,True,False
ANT,12,Mercedes,44.0,2.0,HARD,32.0,True,8.0,1,96.882,7893.902,7797.02,26.7,32.1,20.0,False,False,False,False,False,False,False,False,False,True,False
ANT,12,Mercedes,45.0,2.0,HARD,33.0,True,8.0,1,96.96,7990.862,7893.902,26.6,31.9,21.0,False,False,False,False,False,False,False,False,False,True,False
ANT,12,Mercedes,46.0,2.0,HARD,34.0,True,8.0,1,96.725,8087.587,7990.862,26.5,31.7,21.0,False,False,False,False,False,False,False,False,False,True,False
ANT,12,Mercedes,47.0,2.0,HARD,35.0,True,8.0,1,96.851,8184.438,8087.587,26.5,31.7,21.0,False,False,False,False,False,False,False,False,False,True,False
ANT,12,Mercedes,48.0,2.0,HARD,36.0,True,8.0,1,96.431,8280.869,8184.438,26.6,31.6,21.0,False,False,False,False,False,False,False,False,False,True,False
ANT,12,Mercedes,49.0,2.0,HARD,37.0,True,8.0,1,96.342,8377.211,8280.869,26.6,31.6,21.0,False,False,False,False,False,False,False,False,False,True,False
ANT,12,Mercedes,50.0,2.0,HARD,38.0,True,8.0,1,96.24,8473.451,8377.211,26.6,31.5,21.0,False,False,False,False,False,False,False,False,False,True,False
ANT,12,Mercedes,51.0,2.0,HARD,39.0,True,8.0,1,96.436,8569.887,8473.451,26.6,31.3,21.0,False,False,False,False,False,False,False,False,False,True,False
ANT,12,Mercedes,52.0,2.0,HARD,40.0,True,8.0,1,96.37,8666.257,8569.887,26.5,31.3,21.0,False,False,False,False,False,False,False,False,False,True,False
ANT,12,Mercedes,53.0,2.0,HARD,41.0,True,8.0,1,96.582,8762.839,8666.257,26.5,31.2,21.0,False,False,False,False,False,False,False,False,False,True,False
ANT,12,Mercedes,54.0,2.0,HARD,42.0,True,8.0,1,96.638,8859.477,8762.839,26.6,31.2,21.0,False,False,False,False,False,False,False,False,False,True,False
ANT,12,Mercedes,55.0,2.0,HARD,43.0,True,8.0,1,96.353,8955.83,8859.477,26.5,30.8,21.0,False,False,False,False,False,False,False,False,False,True,False
ANT,12,Mercedes,56.0,2.0,HARD,44.0,True,8.0,1,96.046,9051.876,8955.83,26.5,30.7,22.0,False,False,False,False,False,False,False,False,False,True,False
ALB,23,Williams,1.0,1.0,MEDIUM,1.0,True,11.0,12,105.273,3648.375,3542.863,27.3,35.6,18.0,False,False,False,False,True,False,True,False,False,False,False
ALB,23,Williams,2.0,1.0,MEDIUM,2.0,True,11.0,12,99.443,3747.818,3648.375,27.4,35.6,18.0,False,False,False,False,False,False,True,False,False,False,False
ALB,23,Williams,3.0,1.0,MEDIUM,3.0,True,11.0,21,99.095,3846.913,3747.818,27.3,35.1,18.0,False,False,False,False,False,False,True,False,False,False,False
ALB,23,Williams,4.0,1.0,MEDIUM,4.0,True,11.0,1,99.046,3945.959,3846.913,27.4,35.0,18.0,False,False,False,False,False,False,False,False,False,True,False
ALB,23,Williams,5.0,1.0,MEDIUM,5.0,True,11.0,1,98.546,4044.505,3945.959,27.3,34.9,18.0,False,False,False,False,False,False,False,False,False,True,False
ALB,23,Williams,6.0,1.0,MEDIUM,6.0,True,11.0,12,99.123,4143.628,4044.505,27.3,35.0,18.0,False,False,False,False,False,False,True,False,False,False,False
ALB,23,Williams,7.0,1.0,MEDIUM,7.0,True,11.0,1,99.091,4242.719,4143.628,27.3,35.0,18.0,False,False,False,False,False,False,False,False,False,True,False
ALB,23,Williams,8.0,1.0,MEDIUM,8.0,True,11.0,1,99.34,4342.059,4242.719,27.4,35.4,18.0,False,False,False,False,False,False,False,False,False,True,False
ALB,23,Williams,9.0,1.0,MEDIUM,9.0,True,11.0,1,99.523,4441.582,4342.059,27.5,35.3,18.0,False,False,False,False,False,False,False,False,False,True,False
ALB,23,Williams,10.0,1.0,MEDIUM,10.0,True,11.0,1,99.11,4540.692,4441.582,27.5,35.3,18.0,False,False,False,False,False,False,False,False,False,True,False
ALB,23,Williams,11.0,1.0,MEDIUM,11.0,True,9.0,1,99.0,4639.692,4540.692,27.5,35.0,18.0,False,False,False,False,False,False,False,False,False,True,False
ALB,23,Williams,12.0,1.0,MEDIUM,12.0,True,7.0,1,98.876,4738.568,4639.692,27.6,34.5,18.0,False,False,False,False,False,False,False,False,False,True,False
ALB,23,Williams,13.0,1.0,MEDIUM,13.0,True,7.0,1,98.311,4836.879,4738.568,27.5,34.4,18.0,False,False,False,False,False,False,False,False,False,True,False
ALB,23,Williams,14.0,1.0,MEDIUM,14.0,True,5.0,1,98.46,4935.339,4836.879,27.4,34.2,18.0,False,False,False,False,False,False,False,False,False,True,False
ALB,23,Williams,15.0,1.0,MEDIUM,15.0,True,3.0,1,98.689,5034.028,4935.339,27.2,34.0,18.0,False,False,False,False,False,False,False,False,False,True,False
ALB,23,Williams,16.0,1.0,MEDIUM,16.0,True,1.0,1,98.504,5132.532,5034.028,27.2,33.9,18.0,False,False,False,False,False,False,False,False,False,True,False
ALB,23,Williams,17.0,1.0,MEDIUM,17.0,True,2.0,1,99.199,5231.731,5132.532,27.2,34.6,18.0,False,False,False,False,False,False,False,False,False,True,False
ALB,23,Williams,18.0,1.0,MEDIUM,18.0,True,2.0,1,98.941,5330.672,5231.731,27.3,34.8,18.0,False,False,False,False,False,False,False,False,False,True,False
ALB,23,Williams,19.0,1.0,MEDIUM,19.0,True,3.0,1,98.977,5429.649,5330.672,27.3,34.8,19.0,False,False,False,False,False,False,False,False,False,True,False
ALB,23,Williams,20.0,1.0,MEDIUM,20.0,True,6.0,1,104.708,5534.357,5429.649,27.4,35.0,18.0,False,True,False,False,True,False,False,False,False,False,False
ALB,23,Williams,21.0,2.0,HARD,1.0,True,14.0,1,118.149,5652.506,5534.357,27.4,35.3,18.0,False,False,True,False,True,False,False,False,False,False,False
ALB,23,Williams,22.0,2.0,HARD,2.0,True,13.0,1,97.285,5749.791,5652.506,27.4,35.6,18.0,False,False,False,False,False,False,False,False,False,True,False
ALB,23,Williams,23.0,2.0,HARD,3.0,True,13.0,1,97.647,5847.438,5749.791,27.4,35.6,19.0,False,False,False,False,False,False,False,False,False,True,False
ALB,23,Williams,24.0,2.0,HARD,4.0,True,13.0,1,97.772,5945.21,5847.438,27.4,35.6,19.0,False,False,False,False,False,False,False,False,False,True,False
ALB,23,Williams,25.0,2.0,HARD,5.0,True,13.0,1,97.774,6042.984,5945.21,27.4,35.4,19.0,False,False,False,False,False,False,False,False,False,True,False
ALB,23,Williams,26.0,2.0,HARD,6.0,True,13.0,1,98.2,6141.184,6042.984,27.5,35.0,19.0,False,False,False,False,False,False,False,False,False,True,False
ALB,23,Williams,27.0,2.0,HARD,7.0,True,12.0,1,98.136,6239.32,6141.184,27.3,34.4,19.0,False,False,False,False,False,False,False,False,False,True,False
ALB,23,Williams,28.0,2.0,HARD,8.0,True,12.0,1,98.59,6337.91,6239.32,27.1,34.3,19.0,False,False,False,False,False,False,False,False,False,True,False
ALB,23,Williams,29.0,2.0,HARD,9.0,True,12.0,1,98.071,6435.981,6337.91,27.0,33.9,19.0,False,False,False,False,False,False,False,False,False,True,False
ALB,23,Williams,30.0,2.0,HARD,10.0,True,12.0,1,97.854,6533.835,6435.981,26.9,33.7,20.0,False,False,False,False,False,False,False,False,False,True,False
ALB,23,Williams,31.0,2.0,HARD,11.0,True,12.0,1,97.823,6631.658,6533.835,26.9,33.7,20.0,False,False,False,False,False,False,False,False,False,True,False
ALB,23,Williams,32.0,2.0,HARD,12.0,True,12.0,1,97.916,6729.574,6631.658,26.9,33.3,20.0,False,False,False,False,False,False,False,False,False,True,False
ALB,23,Williams,33.0,2.0,HARD,13.0,True,11.0,1,97.59,6827.164,6729.574,26.8,33.2,20.0,False,False,False,False,False,False,False,False,False,True,False
ALB,23,Williams,34.0,2.0,HARD,14.0,True,11.0,1,97.471,6924.635,6827.164,26.8,33.1,20.0,False,False,False,False,False,False,False,False,False,True,False
ALB,23,Williams,35.0,2.0,HARD,15.0,True,11.0,1,97.453,7022.088,6924.635,26.8,33.0,20.0,False,False,False,False,False,False,False,False,False,True,False
ALB,23,Williams,36.0,2.0,HARD,16.0,True,10.0,1,97.37,7119.458,7022.088,26.8,32.9,20.0,False,False,False,False,False,False,False,False,False,True,False
ALB,23,Williams,37.0,2.0,HARD,17.0,True,9.0,1,97.539,7216.997,7119.458,26.8,32.8,20.0,False,False,False,False,False,False,False,False,False,True,False
ALB,23,Williams,38.0,2.0,HARD,18.0,True,9.0,1,97.249,7314.246,7216.997,26.8,32.7,20.0,False,False,False,False,False,False,False,False,False,True,False
ALB,23,Williams,39.0,2.0,HARD,19.0,True,9.0,1,97.199,7411.445,7314.246,26.8,32.6,20.0,False,False,False,False,False,False,False,False,False,True,False
ALB,23,Williams,40.0,2.0,HARD,20.0,True,9.0,1,97.211,7508.656,7411.445,26.8,32.4,21.0,False,False,False,False,False,False,False,False,False,True,False
ALB,23,Williams,41.0,2.0,HARD,21.0,True,9.0,1,97.26,7605.916,7508.656,26.8,32.2,20.0,False,False,False,False,False,False,False,False,False,True,False
ALB,23,Williams,42.0,2.0,HARD,22.0,True,9.0,1,96.968,7702.884,7605.916,26.8,32.2,21.0,False,False,False,False,False,False,False,False,False,True,False
ALB,23,Williams,43.0,2.0,HARD,23.0,True,9.0,1,96.875,7799.759,7702.884,26.7,32.1,21.0,False,False,False,False,False,False,False,False,False,True,False
ALB,23,Williams,44.0,2.0,HARD,24.0,True,9.0,1,96.863,7896.622,7799.759,26.7,32.1,20.0,False,False,False,False,False,False,False,False,False,True,False
ALB,23,Williams,45.0,2.0,HARD,25.0,True,9.0,1,96.876,7993.498,7896.622,26.6,31.9,21.0,False,False,False,False,False,False,False,False,False,True,False
ALB,23,Williams,46.0,2.0,HARD,26.0,True,9.0,1,96.57,8090.068,7993.498,26.5,31.7,21.0,False,False,False,False,False,False,False,False,False,True,False
ALB,23,Williams,47.0,2.0,HARD,27.0,True,9.0,1,96.534,8186.602,8090.068,26.5,31.7,21.0,False,False,False,False,False,False,False,False,False,True,False
ALB,23,Williams,48.0,2.0,HARD,28.0,True,9.0,1,96.373,8282.975,8186.602,26.6,31.6,21.0,False,False,False,False,False,False,False,False,False,True,False
ALB,23,Williams,49.0,2.0,HARD,29.0,True,9.0,1,96.481,8379.456,8282.975,26.6,31.6,21.0,False,False,False,False,False,False,False,False,False,True,False
ALB,23,Williams,50.0,2.0,HARD,30.0,True,9.0,1,96.285,8475.741,8379.456,26.6,31.5,21.0,False,False,False,False,False,False,False,False,False,True,False
ALB,23,Williams,51.0,2.0,HARD,31.0,True,9.0,1,96.294,8572.035,8475.741,26.6,31.3,21.0,False,False,False,False,False,False,False,False,False,True,False
ALB,23,Williams,52.0,2.0,HARD,32.0,True,9.0,1,96.254,8668.289,8572.035,26.5,31.3,21.0,False,False,False,False,False,False,False,False,False,True,False
ALB,23,Williams,53.0,2.0,HARD,33.0,True,9.0,1,96.617,8764.906,8668.289,26.5,31.2,21.0,False,False,False,False,False,False,False,False,False,True,False
ALB,23,Williams,54.0,2.0,HARD,34.0,True,9.0,1,96.628,8861.534,8764.906,26.6,31.2,21.0,False,False,False,False,False,False,False,False,False,True,False
ALB,23,Williams,55.0,2.0,HARD,35.0,True,9.0,1,96.563,8958.097,8861.534,26.5,30.8,21.0,False,False,False,False,False,False,False,False,False,True,False
ALB,23,Williams,56.0,2.0,HARD,36.0,True,9.0,1,96.352,9054.449,8958.097,26.5,30.7,22.0,False,False,False,False,False,False,False,False,False,True,False
BEA,87,Haas F1 Team,1.0,1.0,HARD,1.0,True,16.0,12,107.687,3650.789,3542.863,27.3,35.6,18.0,False,False,False,False,True,False,True,False,False,False,False
BEA,87,Haas F1 Team,2.0,1.0,HARD,2.0,True,16.0,12,99.977,3750.766,3650.789,27.4,35.6,18.0,False,False,False,False,False,False,True,False,False,False,False
BEA,87,Haas F1 Team,3.0,1.0,HARD,3.0,True,16.0,21,99.087,3849.853,3750.766,27.3,35.1,18.0,False,False,False,False,False,False,True,False,False,False,False
BEA,87,Haas F1 Team,4.0,1.0,HARD,4.0,True,15.0,1,99.75,3949.603,3849.853,27.4,35.0,18.0,False,False,False,False,False,False,False,False,False,True,False
BEA,87,Haas F1 Team,5.0,1.0,HARD,5.0,True,15.0,1,99.058,4048.661,3949.603,27.3,34.9,18.0,False,False,False,False,False,False,False,False,False,True,False
BEA,87,Haas F1 Team,6.0,1.0,HARD,6.0,True,15.0,12,99.229,4147.89,4048.661,27.3,35.0,18.0,False,False,False,False,False,False,True,False,False,False,False
BEA,87,Haas F1 Team,7.0,1.0,HARD,7.0,True,15.0,1,99.493,4247.383,4147.89,27.4,35.3,18.0,False,False,False,False,False,False,False,False,False,True,False
BEA,87,Haas F1 Team,8.0,1.0,HARD,8.0,True,15.0,1,99.391,4346.774,4247.383,27.4,35.4,18.0,False,False,False,False,False,False,False,False,False,True,False
BEA,87,Haas F1 Team,9.0,1.0,HARD,9.0,True,15.0,1,99.354,4446.128,4346.774,27.5,35.3,18.0,False,False,False,False,False,False,False,False,False,True,False
BEA,87,Haas F1 Team,10.0,1.0,HARD,10.0,True,14.0,1,99.401,4545.529,4446.128,27.5,35.0,17.0,False,False,False,False,False,False,False,False,False,True,False
BEA,87,Haas F1 Team,11.0,1.0,HARD,11.0,True,14.0,1,99.144,4644.673,4545.529,27.5,35.0,18.0,False,False,False,False,False,False,False,False,False,True,False
BEA,87,Haas F1 Team,12.0,1.0,HARD,12.0,True,12.0,1,99.239,4743.912,4644.673,27.6,34.5,18.0,False,False,False,False,False,False,False,False,False,True,False
BEA,87,Haas F1 Team,13.0,1.0,HARD,13.0,True,10.0,1,99.158,4843.07,4743.912,27.5,34.4,18.0,False,False,False,False,False,False,False,False,False,True,False
BEA,87,Haas F1 Team,14.0,1.0,HARD,14.0,True,8.0,1,99.012,4942.082,4843.07,27.4,34.2,18.0,False,False,False,False,False,False,False,False,False,True,False
BEA,87,Haas F1 Team,15.0,1.0,HARD,15.0,True,8.0,1,99.941,5042.023,4942.082,27.2,34.0,18.0,False,False,False,False,False,False,False,False,False,True,False
BEA,87,Haas F1 Team,16.0,1.0,HARD,16.0,True,9.0,1,99.595,5141.618,5042.023,27.2,33.9,18.0,False,False,False,False,False,False,False,False,False,True,False
BEA,87,Haas F1 Team,17.0,1.0,HARD,17.0,True,8.0,1,98.915,5240.533,5141.618,27.2,34.6,18.0,False,False,False,False,False,False,False,False,False,True,False
BEA,87,Haas F1 Team,18.0,1.0,HARD,18.0,True,9.0,1,99.296,5339.829,5240.533,27.3,34.8,18.0,False,False,False,False,False,False,False,False,False,True,False
BEA,87,Haas F1 Team,19.0,1.0,HARD,19.0,True,9.0,1,98.925,5438.754,5339.829,27.3,34.8,19.0,False,False,False,False,False,False,False,False,False,True,False
BEA,87,Haas F1 Team,20.0,1.0,HARD,20.0,True,9.0,1,98.391,5537.145,5438.754,27.4,35.0,18.0,False,False,False,False,False,False,False,False,False,True,False
BEA,87,Haas F1 Team,21.0,1.0,HARD,21.0,True,8.0,1,98.787,5635.932,5537.145,27.4,35.3,18.0,False,False,False,False,False,False,False,False,False,True,False
BEA,87,Haas F1 Team,22.0,1.0,HARD,22.0,True,8.0,1,98.371,5734.303,5635.932,27.4,35.6,18.0,False,False,False,False,False,False,False,False,False,True,False
BEA,87,Haas F1 Team,23.0,1.0,HARD,23.0,True,8.0,1,98.873,5833.176,5734.303,27.4,35.6,19.0,False,False,False,False,False,False,False,False,False,True,False
BEA,87,Haas F1 Team,24.0,1.0,HARD,24.0,True,8.0,1,98.762,5931.938,5833.176,27.4,35.6,19.0,False,False,False,False,False,False,False,False,False,True,False
BEA,87,Haas F1 Team,25.0,1.0,HARD,25.0,True,8.0,1,98.933,6030.871,5931.938,27.4,35.4,19.0,False,False,False,False,False,False,False,False,False,True,False
BEA,87,Haas F1 Team,26.0,1.0,HARD,26.0,True,9.0,1,103.8,6134.671,6030.871,27.5,35.0,19.0,False,True,False,False,True,False,False,False,False,False,False
BEA,87,Haas F1 Team,27.0,2.0,MEDIUM,1.0,True,17.0,1,114.879,6249.55,6134.671,27.3,34.4,19.0,False,False,True,False,True,False,False,False,False,False,False
BEA,87,Haas F1 Team,28.0,2.0,MEDIUM,2.0,True,17.0,1,96.89,6346.44,6249.55,27.1,34.1,19.0,False,False,False,False,False,False,False,False,False,True,False
BEA,87,Haas F1 Team,29.0,2.0,MEDIUM,3.0,True,17.0,1,96.976,6443.416,6346.44,27.0,33.9,19.0,False,False,False,False,False,False,False,False,False,True,False
BEA,87,Haas F1 Team,30.0,2.0,MEDIUM,4.0,True,16.0,1,97.339,6540.755,6443.416,26.9,33.7,20.0,False,False,False,False,False,False,False,False,False,True,False
BEA,87,Haas F1 Team,31.0,2.0,MEDIUM,5.0,True,16.0,1,97.426,6638.181,6540.755,26.9,33.7,20.0,False,False,False,False,False,False,False,False,False,True,False
BEA,87,Haas F1 Team,32.0,2.0,MEDIUM,6.0,True,15.0,1,97.387,6735.568,6638.181,26.9,33.3,20.0,False,False,False,False,False,False,False,False,False,True,False
BEA,87,Haas F1 Team,33.0,2.0,MEDIUM,7.0,True,15.0,1,97.496,6833.064,6735.568,26.8,33.2,20.0,False,False,False,False,False,False,False,False,False,True,False
BEA,87,Haas F1 Team,34.0,2.0,MEDIUM,8.0,True,14.0,1,97.008,6930.072,6833.064,26.8,33.1,20.0,False,False,False,False,False,False,False,False,False,True,False
BEA,87,Haas F1 Team,35.0,2.0,MEDIUM,9.0,True,13.0,1,97.797,7027.869,6930.072,26.8,33.0,20.0,False,False,False,False,False,False,False,False,False,True,False
BEA,87,Haas F1 Team,36.0,2.0,MEDIUM,10.0,True,12.0,1,96.792,7124.661,7027.869,26.8,32.9,20.0,False,False,False,False,False,False,False,False,False,True,False
BEA,87,Haas F1 Team,37.0,2.0,MEDIUM,11.0,True,11.0,1,96.64,7221.301,7124.661,26.8,32.8,20.0,False,False,False,False,False,False,False,False,False,True,False
BEA,87,Haas F1 Team,38.0,2.0,MEDIUM,12.0,True,11.0,1,97.281,7318.582,7221.301,26.8,32.7,20.0,False,False,False,False,False,False,False,False,False,True,False
BEA,87,Haas F1 Team,39.0,2.0,MEDIUM,13.0,True,11.0,1,98.133,7416.715,7318.582,26.8,32.6,20.0,False,False,False,False,False,False,False,False,False,True,False
BEA,87,Haas F1 Team,40.0,2.0,MEDIUM,14.0,True,10.0,1,96.691,7513.406,7416.715,26.8,32.4,21.0,False,False,False,False,False,False,False,False,False,True,False
BEA,87,Haas F1 Team,41.0,2.0,MEDIUM,15.0,True,10.0,1,96.582,7609.988,7513.406,26.8,32.2,20.0,False,False,False,False,False,False,False,False,False,True,False
BEA,87,Haas F1 Team,42.0,2.0,MEDIUM,16.0,True,10.0,1,96.386,7706.374,7609.988,26.8,32.2,21.0,False,False,False,False,False,False,False,False,False,True,False
BEA,87,Haas F1 Team,43.0,2.0,MEDIUM,17.0,True,10.0,1,96.543,7802.917,7706.374,26.7,32.1,21.0,False,False,False,False,False,False,False,False,False,True,False
BEA,87,Haas F1 Team,44.0,2.0,MEDIUM,18.0,True,10.0,1,96.621,7899.538,7802.917,26.7,32.1,20.0,False,False,False,False,False,False,False,False,False,True,False
BEA,87,Haas F1 Team,45.0,2.0,MEDIUM,19.0,True,10.0,1,96.726,7996.264,7899.538,26.6,31.9,21.0,False,False,False,False,False,False,False,False,False,True,False
BEA,87,Haas F1 Team,46.0,2.0,MEDIUM,20.0,True,10.0,1,96.553,8092.817,7996.264,26.5,31.7,21.0,False,False,False,False,False,False,False,False,False,True,False
BEA,87,Haas F1 Team,47.0,2.0,MEDIUM,21.0,True,10.0,1,96.642,8189.459,8092.817,26.5,31.7,21.0,False,False,False,False,False,False,False,False,False,True,False
BEA,87,Haas F1 Team,48.0,2.0,MEDIUM,22.0,True,10.0,1,96.836,8286.295,8189.459,26.6,31.6,21.0,False,False,False,False,False,False,False,False,False,True,False
BEA,87,Haas F1 Team,49.0,2.0,MEDIUM,23.0,True,10.0,1,96.813,8383.108,8286.295,26.6,31.6,21.0,False,False,False,False,False,False,False,False,False,True,False
BEA,87,Haas F1 Team,50.0,2.0,MEDIUM,24.0,True,10.0,1,96.739,8479.847,8383.108,26.6,31.5,21.0,False,False,False,False,False,False,False,False,False,True,False
BEA,87,Haas F1 Team,51.0,2.0,MEDIUM,25.0,True,10.0,1,96.504,8576.351,8479.847,26.6,31.3,21.0,False,False,False,False,False,False,False,False,False,True,False
BEA,87,Haas F1 Team,52.0,2.0,MEDIUM,26.0,True,10.0,1,96.363,8672.714,8576.351,26.5,31.3,21.0,False,False,False,False,False,False,False,False,False,True,False
BEA,87,Haas F1 Team,53.0,2.0,MEDIUM,27.0,True,10.0,1,96.859,8769.573,8672.714,26.5,31.2,21.0,False,False,False,False,False,False,False,False,False,True,False
BEA,87,Haas F1 Team,54.0,2.0,MEDIUM,28.0,True,10.0,1,96.434,8866.007,8769.573,26.5,31.0,21.0,False,False,False,False,False,False,False,False,False,True,False
BEA,87,Haas F1 Team,55.0,2.0,MEDIUM,29.0,True,10.0,1,96.576,8962.583,8866.007,26.5,30.8,21.0,False,False,False,False,False,False,False,False,False,True,False
BEA,87,Haas F1 Team,56.0,2.0,MEDIUM,30.0,True,10.0,1,96.848,9059.431,8962.583,26.5,30.7,22.0,False,False,False,False,False,False,False,False,False,True,False
STR,18,Aston Martin,1.0,1.0,HARD,1.0,True,14.0,12,106.646,3649.748,3542.863,27.3,35.6,18.0,False,False,False,False,True,False,True,False,False,False,False
STR,18,Aston Martin,2.0,1.0,HARD,2.0,True,14.0,12,99.741,3749.489,3649.748,27.4,35.6,18.0,False,False,False,False,False,False,True,False,False,False,False
STR,18,Aston Martin,3.0,1.0,HARD,3.0,True,14.0,21,99.242,3848.731,3749.489,27.3,35.1,18.0,False,False,False,False,False,False,True,False,False,False,False
STR,18,Aston Martin,4.0,1.0,HARD,4.0,True,13.0,1,98.655,3947.386,3848.731,27.4,35.0,18.0,False,False,False,False,False,False,False,False,False,True,False
STR,18,Aston Martin,5.0,1.0,HARD,5.0,True,13.0,1,98.801,4046.187,3947.386,27.3,34.9,18.0,False,False,False,False,False,False,False,False,False,True,False
STR,18,Aston Martin,6.0,1.0,HARD,6.0,True,13.0,12,99.16,4145.347,4046.187,27.3,35.0,18.0,False,False,False,False,False,False,True,False,False,False,False
STR,18,Aston Martin,7.0,1.0,HARD,7.0,True,13.0,1,99.039,4244.386,4145.347,27.3,35.0,18.0,False,False,False,False,False,False,False,False,False,True,False
STR,18,Aston Martin,8.0,1.0,HARD,8.0,True,13.0,1,99.532,4343.918,4244.386,27.4,35.4,18.0,False,False,False,False,False,False,False,False,False,True,False
STR,18,Aston Martin,9.0,1.0,HARD,9.0,True,13.0,1,99.172,4443.09,4343.918,27.5,35.3,18.0,False,False,False,False,False,False,False,False,False,True,False
STR,18,Aston Martin,10.0,1.0,HARD,10.0,True,12.0,1,99.344,4542.434,4443.09,27.5,35.3,18.0,False,False,False,False,False,False,False,False,False,True,False
STR,18,Aston Martin,11.0,1.0,HARD,11.0,True,10.0,1,99.101,4641.535,4542.434,27.5,35.0,18.0,False,False,False,False,False,False,False,False,False,True,False
STR,18,Aston Martin,12.0,1.0,HARD,12.0,True,9.0,1,99.259,4740.794,4641.535,27.6,34.5,18.0,False,False,False,False,False,False,False,False,False,True,False
STR,18,Aston Martin,13.0,1.0,HARD,13.0,True,8.0,1,98.963,4839.757,4740.794,27.5,34.4,18.0,False,False,False,False,False,False,False,False,False,True,False
STR,18,Aston Martin,14.0,1.0,HARD,14.0,True,6.0,1,99.108,4938.865,4839.757,27.4,34.2,18.0,False,False,False,False,False,False,False,False,False,True,False
STR,18,Aston Martin,15.0,1.0,HARD,15.0,True,5.0,1,99.583,5038.448,4938.865,27.2,34.0,18.0,False,False,False,False,False,False,False,False,False,True,False
STR,18,Aston Martin,16.0,1.0,HARD,16.0,True,5.0,1,99.612,5138.06,5038.448,27.2,33.9,18.0,False,False,False,False,False,False,False,False,False,True,False
STR,18,Aston Martin,17.0,1.0,HARD,17.0,True,5.0,1,98.905,5236.965,5138.06,27.2,34.6,18.0,False,False,False,False,False,False,False,False,False,True,False
STR,18,Aston Martin,18.0,1.0,HARD,18.0,True,6.0,1,99.894,5336.859,5236.965,27.3,34.8,18.0,False,False,False,False,False,False,False,False,False,True,False
STR,18,Aston Martin,19.0,1.0,HARD,19.0,True,7.0,1,99.558,5436.417,5336.859,27.3,34.8,19.0,False,False,False,False,False,False,False,False,False,True,False
STR,18,Aston Martin,20.0,1.0,HARD,20.0,True,8.0,1,99.33,5535.747,5436.417,27.4,35.0,18.0,False,False,False,False,False,False,False,False,False,True,False
STR,18,Aston Martin,21.0,1.0,HARD,21.0,True,7.0,1,99.383,5635.13,5535.747,27.4,35.3,18.0,False,False,False,False,False,False,False,False,False,True,False
STR,18,Aston Martin,22.0,1.0,HARD,22.0,True,7.0,1,98.686,5733.816,5635.13,27.4,35.6,18.0,False,False,False,False,False,False,False,False,False,True,False
STR,18,Aston Martin,23.0,1.0,HARD,23.0,True,7.0,1,98.773,5832.589,5733.816,27.4,35.6,19.0,False,False,False,False,False,False,False,False,False,True,False
STR,18,Aston Martin,24.0,1.0,HARD,24.0,True,7.0,1,98.747,5931.336,5832.589,27.4,35.6,19.0,False,False,False,False,False,False,False,False,False,True,False
STR,18,Aston Martin,25.0,1.0,HARD,25.0,True,7.0,1,98.884,6030.22,5931.336,27.4,35.4,19.0,False,False,False,False,False,False,False,False,False,True,False
STR,18,Aston Martin,26.0,1.0,HARD,26.0,True,7.0,1,98.845,6129.065,6030.22,27.5,35.0,19.0,False,False,False,False,False,False,False,False,False,True,False
STR,18,Aston Martin,27.0,1.0,HARD,27.0,True,7.0,1,98.537,6227.602,6129.065,27.3,34.4,19.0,False,False,False,False,False,False,False,False,False,True,False
STR,18,Aston Martin,28.0,1.0,HARD,28.0,True,7.0,1,98.214,6325.816,6227.602,27.1,34.3,19.0,False,False,False,False,False,False,False,False,False,True,False
STR,18,Aston Martin,29.0,1.0,HARD,29.0,True,7.0,1,98.102,6423.918,6325.816,27.0,33.9,19.0,False,False,False,False,False,False,False,False,False,True,False
STR,18,Aston Martin,30.0,1.0,HARD,30.0,True,7.0,1,98.178,6522.096,6423.918,26.9,33.8,20.0,False,False,False,False,False,False,False,False,False,True,False
STR,18,Aston Martin,31.0,1.0,HARD,31.0,True,7.0,1,98.159,6620.255,6522.096,26.9,33.7,20.0,False,False,False,False,False,False,False,False,False,True,False
STR,18,Aston Martin,32.0,1.0,HARD,32.0,True,7.0,1,98.149,6718.404,6620.255,26.9,33.3,20.0,False,False,False,False,False,False,False,False,False,True,False
STR,18,Aston Martin,33.0,1.0,HARD,33.0,True,7.0,1,98.22,6816.624,6718.404,26.8,33.2,20.0,False,False,False,False,False,False,False,False,False,True,False
STR,18,Aston Martin,34.0,1.0,HARD,34.0,True,7.0,1,97.928,6914.552,6816.624,26.8,33.1,20.0,False,False,False,False,False,False,False,False,False,True,False
STR,18,Aston Martin,35.0,1.0,HARD,35.0,True,7.0,1,97.867,7012.419,6914.552,26.8,33.0,20.0,False,False,False,False,False,False,False,False,False,True,False
STR,18,Aston Martin,36.0,1.0,HARD,36.0,True,8.0,1,102.687,7115.106,7012.419,26.8,32.9,20.0,False,True,False,False,True,False,False,False,False,False,False
STR,18,Aston Martin,37.0,2.0,MEDIUM,1.0,False,14.0,1,114.242,7229.348,7115.106,26.8,32.8,20.0,False,False,True,False,True,False,False,False,False,False,False
STR,18,Aston Martin,38.0,2.0,MEDIUM,2.0,False,14.0,1,96.567,7325.915,7229.348,26.8,32.7,20.0,False,False,False,False,False,False,False,False,False,True,False
STR,18,Aston Martin,39.0,2.0,MEDIUM,3.0,False,13.0,1,96.044,7421.959,7325.915,26.8,32.6,20.0,False,False,False,False,False,False,False,False,False,True,False
STR,18,Aston Martin,40.0,2.0,MEDIUM,4.0,False,13.0,1,97.018,7518.977,7421.959,26.8,32.4,21.0,False,False,False,False,False,False,False,False,False,True,False
STR,18,Aston Martin,41.0,2.0,MEDIUM,5.0,False,13.0,1,96.964,7615.941,7518.977,26.8,32.2,20.0,False,False,False,False,False,False,False,False,False,True,False
STR,18,Aston Martin,42.0,2.0,MEDIUM,6.0,False,13.0,1,96.445,7712.386,7615.941,26.8,32.2,21.0,False,False,False,False,False,False,False,False,False,True,False
STR,18,Aston Martin,43.0,2.0,MEDIUM,7.0,False,12.0,1,96.493,7808.879,7712.386,26.7,32.1,21.0,False,False,False,False,False,False,False,False,False,True,False
STR,18,Aston Martin,44.0,2.0,MEDIUM,8.0,False,12.0,1,96.569,7905.448,7808.879,26.7,32.1,20.0,False,False,False,False,False,False,False,False,False,True,False
STR,18,Aston Martin,45.0,2.0,MEDIUM,9.0,False,12.0,1,97.086,8002.534,7905.448,26.6,31.9,21.0,False,False,False,False,False,False,False,False,False,True,False
STR,18,Aston Martin,46.0,2.0,MEDIUM,10.0,False,12.0,1,96.644,8099.178,8002.534,26.5,31.7,21.0,False,False,False,False,False,False,False,False,False,True,False
STR,18,Aston Martin,47.0,2.0,MEDIUM,11.0,False,12.0,1,96.913,8196.091,8099.178,26.5,31.7,21.0,False,False,False,False,False,False,False,False,False,True,False
STR,18,Aston Martin,48.0,2.0,MEDIUM,12.0,False,12.0,1,96.645,8292.736,8196.091,26.6,31.6,21.0,False,False,False,False,False,False,False,False,False,True,False
STR,18,Aston Martin,49.0,2.0,MEDIUM,13.0,False,12.0,1,96.662,8389.398,8292.736,26.5,31.6,21.0,False,False,False,False,False,False,False,False,False,True,False
STR,18,Aston Martin,50.0,2.0,MEDIUM,14.0,False,12.0,1,96.883,8486.281,8389.398,26.6,31.5,21.0,False,False,False,False,False,False,False,False,False,True,False
STR,18,Aston Martin,51.0,2.0,MEDIUM,15.0,False,12.0,1,96.957,8583.238,8486.281,26.6,31.3,21.0,False,False,False,False,False,False,False,False,False,True,False
STR,18,Aston Martin,52.0,2.0,MEDIUM,16.0,False,12.0,1,97.012,8680.25,8583.238,26.5,31.3,21.0,False,False,False,False,False,False,False,False,False,True,False
STR,18,Aston Martin,53.0,2.0,MEDIUM,17.0,False,12.0,1,97.219,8777.469,8680.25,26.5,31.2,21.0,False,False,False,False,False,False,False,False,False,True,False
STR,18,Aston Martin,54.0,2.0,MEDIUM,18.0,False,12.0,1,96.984,8874.453,8777.469,26.5,31.0,21.0,False,False,False,False,False,False,False,False,False,True,False
STR,18,Aston Martin,55.0,2.0,MEDIUM,19.0,False,12.0,1,97.018,8971.471,8874.453,26.5,30.8,21.0,False,False,False,False,False,False,False,False,False,True,False
STR,18,Aston Martin,56.0,2.0,MEDIUM,20.0,False,12.0,1,96.861,9068.332,8971.471,26.5,30.7,22.0,False,False,False,False,False,False,False,False,False,True,False
SAI,55,Williams,1.0,1.0,MEDIUM,1.0,True,15.0,12,107.312,3650.414,3542.863,27.3,35.6,18.0,False,False,False,False,True,False,True,False,False,False,False
SAI,55,Williams,2.0,1.0,MEDIUM,2.0,True,15.0,12,99.718,3750.132,3650.414,27.4,35.6,18.0,False,False,False,False,False,False,True,False,False,False,False
SAI,55,Williams,3.0,1.0,MEDIUM,3.0,True,15.0,21,99.27,3849.402,3750.132,27.3,35.1,18.0,False,False,False,False,False,False,True,False,False,False,False
SAI,55,Williams,4.0,1.0,MEDIUM,4.0,True,14.0,1,98.789,3948.191,3849.402,27.4,35.0,18.0,False,False,False,False,False,False,False,False,False,True,False
SAI,55,Williams,5.0,1.0,MEDIUM,5.0,True,14.0,1,98.787,4046.978,3948.191,27.3,34.9,18.0,False,False,False,False,False,False,False,False,False,True,False
SAI,55,Williams,6.0,1.0,MEDIUM,6.0,True,14.0,12,99.179,4146.157,4046.978,27.3,35.0,18.0,False,False,False,False,False,False,True,False,False,False,False
SAI,55,Williams,7.0,1.0,MEDIUM,7.0,True,14.0,1,99.075,4245.232,4146.157,27.4,35.3,18.0,False,False,False,False,False,False,False,False,False,True,False
SAI,55,Williams,8.0,1.0,MEDIUM,8.0,True,14.0,1,99.548,4344.78,4245.232,27.4,35.4,18.0,False,False,False,False,False,False,False,False,False,True,False
SAI,55,Williams,9.0,1.0,MEDIUM,9.0,True,14.0,1,99.237,4444.017,4344.78,27.5,35.3,18.0,False,False,False,False,False,False,False,False,False,True,False
SAI,55,Williams,10.0,1.0,MEDIUM,10.0,True,13.0,1,99.225,4543.242,4444.017,27.5,35.3,18.0,False,False,False,False,False,False,False,False,False,True,False
SAI,55,Williams,11.0,1.0,MEDIUM,11.0,True,12.0,1,99.057,4642.299,4543.242,27.5,35.0,18.0,False,False,False,False,False,False,False,False,False,True,False
SAI,55,Williams,12.0,1.0,MEDIUM,12.0,True,11.0,1,99.643,4741.942,4642.299,27.6,34.5,18.0,False,False,False,False,False,False,False,False,False,True,False
SAI,55,Williams,13.0,1.0,MEDIUM,13.0,True,9.0,1,99.276,4841.218,4741.942,27.5,34.4,18.0,False,False,False,False,False,False,False,False,False,True,False
SAI,55,Williams,14.0,1.0,MEDIUM,14.0,True,7.0,1,99.023,4940.241,4841.218,27.4,34.2,18.0,False,False,False,False,False,False,False,False,False,True,False
SAI,55,Williams,15.0,1.0,MEDIUM,15.0,True,7.0,1,99.451,5039.692,4940.241,27.2,34.0,18.0,False,False,False,False,False,False,False,False,False,True,False
SAI,55,Williams,16.0,1.0,MEDIUM,16.0,True,6.0,1,99.094,5138.786,5039.692,27.2,33.9,18.0,False,False,False,False,False,False,False,False,False,True,False
SAI,55,Williams,17.0,1.0,MEDIUM,17.0,True,10.0,1,105.121,5243.907,5138.786,27.2,34.6,18.0,False,True,False,False,True,False,False,False,False,False,False
SAI,55,Williams,18.0,2.0,HARD,1.0,True,18.0,1,116.375,5360.282,5243.907,27.3,34.8,18.0,False,False,True,False,True,False,False,False,False,False,False
SAI,55,Williams,19.0,2.0,HARD,2.0,True,17.0,1,97.924,5458.206,5360.282,27.3,34.8,19.0,False,False,False,False,False,False,False,False,False,True,False
SAI,55,Williams,20.0,2.0,HARD,3.0,True,16.0,1,98.739,5556.945,5458.206,27.4,35.0,18.0,False,False,False,False,False,False,False,False,False,True,False
SAI,55,Williams,21.0,2.0,HARD,4.0,True,16.0,1,98.151,5655.096,5556.945,27.4,35.3,18.0,False,False,False,False,False,False,False,False,False,True,False
SAI,55,Williams,22.0,2.0,HARD,5.0,True,16.0,1,98.143,5753.239,5655.096,27.4,35.6,18.0,False,False,False,False,False,False,False,False,False,True,False
SAI,55,Williams,23.0,2.0,HARD,6.0,True,16.0,1,97.758,5850.997,5753.239,27.4,35.6,19.0,False,False,False,False,False,False,False,False,False,True,False
SAI,55,Williams,24.0,2.0,HARD,7.0,True,15.0,1,98.047,5949.044,5850.997,27.4,35.6,19.0,False,False,False,False,False,False,False,False,False,True,False
SAI,55,Williams,25.0,2.0,HARD,8.0,True,15.0,1,98.187,6047.231,5949.044,27.4,35.3,19.0,False,False,False,False,False,False,False,False,False,True,False
SAI,55,Williams,26.0,2.0,HARD,9.0,True,15.0,1,98.346,6145.577,6047.231,27.5,35.0,19.0,False,False,False,False,False,False,False,False,False,True,False
SAI,55,Williams,27.0,2.0,HARD,10.0,True,14.0,1,98.083,6243.66,6145.577,27.3,34.4,19.0,False,False,False,False,False,False,False,False,False,True,False
SAI,55,Williams,28.0,2.0,HARD,11.0,True,14.0,1,98.196,6341.856,6243.66,27.1,34.3,19.0,False,False,False,False,False,False,False,False,False,True,False
SAI,55,Williams,29.0,2.0,HARD,12.0,True,14.0,1,97.951,6439.807,6341.856,27.0,33.9,19.0,False,False,False,False,False,False,False,False,False,True,False
SAI,55,Williams,30.0,2.0,HARD,13.0,True,14.0,1,97.762,6537.569,6439.807,26.9,33.7,20.0,False,False,False,False,False,False,False,False,False,True,False
SAI,55,Williams,31.0,2.0,HARD,14.0,True,14.0,1,98.252,6635.821,6537.569,26.9,33.7,20.0,False,False,False,False,False,False,False,False,False,True,False
SAI,55,Williams,32.0,2.0,HARD,15.0,True,14.0,1,97.904,6733.725,6635.821,26.9,33.3,20.0,False,False,False,False,False,False,False,False,False,True,False
SAI,55,Williams,33.0,2.0,HARD,16.0,True,14.0,1,97.783,6831.508,6733.725,26.8,33.2,20.0,False,False,False,False,False,False,False,False,False,True,False
SAI,55,Williams,34.0,2.0,HARD,17.0,True,13.0,1,98.061,6929.569,6831.508,26.8,33.1,20.0,False,False,False,False,False,False,False,False,False,True,False
SAI,55,Williams,35.0,2.0,HARD,18.0,True,14.0,1,98.752,7028.321,6929.569,26.8,33.0,20.0,False,False,False,False,False,False,False,False,False,True,False
SAI,55,Williams,36.0,2.0,HARD,19.0,True,13.0,1,98.984,7127.305,7028.321,26.8,32.9,20.0,False,False,False,False,False,False,False,False,False,True,False
SAI,55,Williams,37.0,2.0,HARD,20.0,True,12.0,1,97.803,7225.108,7127.305,26.8,32.8,20.0,False,False,False,False,False,False,False,False,False,True,False
SAI,55,Williams,38.0,2.0,HARD,21.0,True,12.0,1,97.364,7322.472,7225.108,26.8,32.7,20.0,False,False,False,False,False,False,False,False,False,True,False
SAI,55,Williams,39.0,2.0,HARD,22.0,True,12.0,1,97.18,7419.652,7322.472,26.8,32.6,20.0,False,False,False,False,False,False,False,False,False,True,False
SAI,55,Williams,40.0,2.0,HARD,23.0,True,12.0,1,97.55,7517.202,7419.652,26.8,32.4,21.0,False,False,False,False,False,False,False,False,False,True,False
SAI,55,Williams,41.0,2.0,HARD,24.0,True,12.0,1,97.462,7614.664,7517.202,26.8,32.2,20.0,False,False,False,False,False,False,False,False,False,True,False
SAI,55,Williams,42.0,2.0,HARD,25.0,True,12.0,1,97.379,7712.043,7614.664,26.8,32.2,21.0,False,False,False,False,False,False,False,False,False,True,False
SAI,55,Williams,43.0,2.0,HARD,26.0,True,13.0,1,98.879,7810.922,7712.043,26.7,32.1,21.0,False,False,False,False,False,False,False,False,False,True,False
SAI,55,Williams,44.0,2.0,HARD,27.0,True,13.0,1,97.55,7908.472,7810.922,26.6,32.0,20.0,False,False,False,False,False,False,False,False,False,True,False
SAI,55,Williams,45.0,2.0,HARD,28.0,True,13.0,1,97.193,8005.665,7908.472,26.6,31.9,21.0,False,False,False,False,False,False,False,False,False,True,False
SAI,55,Williams,46.0,2.0,HARD,29.0,True,13.0,1,97.355,8103.02,8005.665,26.5,31.7,21.0,False,False,False,False,False,False,False,False,False,True,False
SAI,55,Williams,47.0,2.0,HARD,30.0,True,13.0,1,97.144,8200.164,8103.02,26.5,31.7,21.0,False,False,False,False,False,False,False,False,False,True,False
SAI,55,Williams,48.0,2.0,HARD,31.0,True,13.0,1,97.349,8297.513,8200.164,26.6,31.6,21.0,False,False,False,False,False,False,False,False,False,True,False
SAI,55,Williams,49.0,2.0,HARD,32.0,True,13.0,1,96.891,8394.404,8297.513,26.5,31.6,21.0,False,False,False,False,False,False,False,False,False,True,False
SAI,55,Williams,50.0,2.0,HARD,33.0,True,13.0,1,96.779,8491.183,8394.404,26.6,31.5,21.0,False,False,False,False,False,False,False,False,False,True,False
SAI,55,Williams,51.0,2.0,HARD,34.0,True,13.0,1,96.854,8588.037,8491.183,26.6,31.3,21.0,False,False,False,False,False,False,False,False,False,True,False
SAI,55,Williams,52.0,2.0,HARD,35.0,True,13.0,1,96.965,8685.002,8588.037,26.5,31.3,21.0,False,False,False,False,False,False,False,False,False,True,False
SAI,55,Williams,53.0,2.0,HARD,36.0,True,13.0,1,97.581,8782.583,8685.002,26.5,31.2,21.0,False,False,False,False,False,False,False,False,False,True,False
SAI,55,Williams,54.0,2.0,HARD,37.0,True,13.0,1,97.092,8879.675,8782.583,26.5,31.0,21.0,False,False,False,False,False,False,False,False,False,True,False
SAI,55,Williams,55.0,2.0,HARD,38.0,True,13.0,1,97.429,8977.104,8879.675,26.5,30.8,21.0,False,False,False,False,False,False,False,False,False,True,False
SAI,55,Williams,56.0,2.0,HARD,39.0,True,13.0,1,97.411,9074.515,8977.104,26.5,30.7,22.0,False,False,False,False,False,False,False,False,False,True,False
HAD,6,Racing Bulls,1.0,1.0,MEDIUM,1.0,True,9.0,12,104.196,3647.298,3542.863,27.3,35.6,18.0,False,False,False,False,True,False,True,False,False,False,False
HAD,6,Racing Bulls,2.0,1.0,MEDIUM,2.0,True,9.0,12,99.261,3746.559,3647.298,27.4,35.6,18.0,False,False,False,False,False,False,True,False,False,False,False
HAD,6,Racing Bulls,3.0,1.0,MEDIUM,3.0,True,9.0,21,99.05,3845.609,3746.559,27.3,35.1,18.0,False,False,False,False,False,False,True,False,False,False,False
HAD,6,Racing Bulls,4.0,1.0,MEDIUM,4.0,True,9.0,1,98.895,3944.504,3845.609,27.3,35.0,18.0,False,False,False,False,False,False,False,False,False,True,False
HAD,6,Racing Bulls,5.0,1.0,MEDIUM,5.0,True,9.0,1,98.746,4043.25,3944.504,27.3,34.9,18.0,False,False,False,False,False,False,False,False,False,True,False
HAD,6,Racing Bulls,6.0,1.0,MEDIUM,6.0,True,9.0,12,98.814,4142.064,4043.25,27.3,35.0,18.0,False,False,False,False,False,False,True,False,False,False,False
HAD,6,Racing Bulls,7.0,1.0,MEDIUM,7.0,True,9.0,1,99.252,4241.316,4142.064,27.3,35.0,18.0,False,False,False,False,False,False,False,False,False,True,False
HAD,6,Racing Bulls,8.0,1.0,MEDIUM,8.0,True,9.0,1,99.361,4340.677,4241.316,27.4,35.4,18.0,False,False,False,False,False,False,False,False,False,True,False
HAD,6,Racing Bulls,9.0,1.0,MEDIUM,9.0,True,9.0,1,99.249,4439.926,4340.677,27.5,35.3,18.0,False,False,False,False,False,False,False,False,False,True,False
HAD,6,Racing Bulls,10.0,1.0,MEDIUM,10.0,True,9.0,1,98.937,4538.863,4439.926,27.5,35.3,18.0,False,False,False,False,False,False,False,False,False,True,False
HAD,6,Racing Bulls,11.0,1.0,MEDIUM,11.0,True,8.0,1,99.235,4638.098,4538.863,27.5,35.0,18.0,False,False,False,False,False,False,False,False,False,True,False
HAD,6,Racing Bulls,12.0,1.0,MEDIUM,12.0,True,10.0,1,103.647,4741.745,4638.098,27.6,34.5,18.0,False,True,False,False,True,False,False,False,False,False,False
HAD,6,Racing Bulls,13.0,2.0,HARD,1.0,True,17.0,1,116.943,4858.688,4741.745,27.4,34.4,18.0,False,False,True,False,True,False,False,False,False,False,False
HAD,6,Racing Bulls,14.0,2.0,HARD,2.0,True,16.0,1,97.871,4956.559,4858.688,27.4,34.2,18.0,False,False,False,False,False,False,False,False,False,True,False
HAD,6,Racing Bulls,15.0,2.0,HARD,3.0,True,16.0,1,98.97,5055.529,4956.559,27.2,34.0,18.0,False,False,False,False,False,False,False,False,False,True,False
HAD,6,Racing Bulls,16.0,2.0,HARD,4.0,True,16.0,1,98.619,5154.148,5055.529,27.1,33.9,18.0,False,False,False,False,False,False,False,False,False,True,False
HAD,6,Racing Bulls,17.0,2.0,HARD,5.0,True,16.0,1,100.103,5254.251,5154.148,27.2,34.6,18.0,False,False,False,False,False,False,False,False,False,True,False
HAD,6,Racing Bulls,18.0,2.0,HARD,6.0,True,14.0,1,100.391,5354.642,5254.251,27.3,34.8,18.0,False,False,False,False,False,False,False,False,False,True,False
HAD,6,Racing Bulls,19.0,2.0,HARD,7.0,True,13.0,1,98.218,5452.86,5354.642,27.3,34.8,19.0,False,False,False,False,False,False,False,False,False,True,False
HAD,6,Racing Bulls,20.0,2.0,HARD,8.0,True,13.0,1,97.952,5550.812,5452.86,27.4,35.0,18.0,False,False,False,False,False,False,False,False,False,True,False
HAD,6,Racing Bulls,21.0,2.0,HARD,9.0,True,12.0,1,97.875,5648.687,5550.812,27.4,35.3,18.0,False,False,False,False,False,False,False,False,False,True,False
HAD,6,Racing Bulls,22.0,2.0,HARD,10.0,True,12.0,1,98.073,5746.76,5648.687,27.4,35.6,18.0,False,False,False,False,False,False,False,False,False,True,False
HAD,6,Racing Bulls,23.0,2.0,HARD,11.0,True,12.0,1,97.89,5844.65,5746.76,27.4,35.6,19.0,False,False,False,False,False,False,False,False,False,True,False
HAD,6,Racing Bulls,24.0,2.0,HARD,12.0,True,12.0,1,98.056,5942.706,5844.65,27.4,35.6,19.0,False,False,False,False,False,False,False,False,False,True,False
HAD,6,Racing Bulls,25.0,2.0,HARD,13.0,True,12.0,1,98.263,6040.969,5942.706,27.4,35.4,19.0,False,False,False,False,False,False,False,False,False,True,False
HAD,6,Racing Bulls,26.0,2.0,HARD,14.0,True,12.0,1,98.268,6139.237,6040.969,27.5,35.0,19.0,False,False,False,False,False,False,False,False,False,True,False
HAD,6,Racing Bulls,27.0,2.0,HARD,15.0,True,11.0,1,98.034,6237.271,6139.237,27.3,34.4,19.0,False,False,False,False,False,False,False,False,False,True,False
HAD,6,Racing Bulls,28.0,2.0,HARD,16.0,True,11.0,1,97.675,6334.946,6237.271,27.1,34.3,19.0,False,False,False,False,False,False,False,False,False,True,False
HAD,6,Racing Bulls,29.0,2.0,HARD,17.0,True,11.0,1,97.698,6432.644,6334.946,27.0,33.9,19.0,False,False,False,False,False,False,False,False,False,True,False
HAD,6,Racing Bulls,30.0,2.0,HARD,18.0,True,11.0,1,98.049,6530.693,6432.644,26.9,33.7,20.0,False,False,False,False,False,False,False,False,False,True,False
HAD,6,Racing Bulls,31.0,2.0,HARD,19.0,True,11.0,1,98.002,6628.695,6530.693,26.9,33.7,20.0,False,False,False,False,False,False,False,False,False,True,False
HAD,6,Racing Bulls,32.0,2.0,HARD,20.0,True,11.0,1,98.078,6726.773,6628.695,26.9,33.3,20.0,False,False,False,False,False,False,False,False,False,True,False
HAD,6,Racing Bulls,33.0,2.0,HARD,21.0,True,12.0,1,102.744,6829.517,6726.773,26.8,33.2,20.0,False,True,False,False,True,False,False,False,False,False,False
HAD,6,Racing Bulls,34.0,3.0,HARD,1.0,True,16.0,1,113.785,6943.302,6829.517,26.8,33.1,20.0,False,False,True,False,True,False,False,False,False,False,False
HAD,6,Racing Bulls,35.0,3.0,HARD,2.0,True,16.0,1,95.868,7039.17,6943.302,26.8,33.0,20.0,False,False,False,False,False,False,False,False,False,True,False
HAD,6,Racing Bulls,36.0,3.0,HARD,3.0,True,16.0,1,97.111,7136.281,7039.17,26.8,32.9,20.0,False,False,False,False,False,False,False,False,False,True,False
HAD,6,Racing Bulls,37.0,3.0,HARD,4.0,True,16.0,1,97.506,7233.787,7136.281,26.8,32.8,20.0,False,False,False,False,False,False,False,False,False,True,False
HAD,6,Racing Bulls,38.0,3.0,HARD,5.0,True,16.0,1,96.832,7330.619,7233.787,26.8,32.7,20.0,False,False,False,False,False,False,False,False,False,True,False
HAD,6,Racing Bulls,39.0,3.0,HARD,6.0,True,16.0,1,96.708,7427.327,7330.619,26.8,32.5,21.0,False,False,False,False,False,False,False,False,False,True,False
HAD,6,Racing Bulls,40.0,3.0,HARD,7.0,True,16.0,1,96.73,7524.057,7427.327,26.8,32.4,21.0,False,False,False,False,False,False,False,False,False,True,False
HAD,6,Racing Bulls,41.0,3.0,HARD,8.0,True,16.0,1,96.502,7620.559,7524.057,26.8,32.2,20.0,False,False,False,False,False,False,False,False,False,True,False
HAD,6,Racing Bulls,42.0,3.0,HARD,9.0,True,16.0,1,96.572,7717.131,7620.559,26.8,32.2,21.0,False,False,False,False,False,False,False,False,False,True,False
HAD,6,Racing Bulls,43.0,3.0,HARD,10.0,True,16.0,1,97.282,7814.413,7717.131,26.7,32.1,21.0,False,False,False,False,False,False,False,False,False,True,False
HAD,6,Racing Bulls,44.0,3.0,HARD,11.0,True,16.0,1,97.109,7911.522,7814.413,26.6,32.0,20.0,False,False,False,False,False,False,False,False,False,True,False
HAD,6,Racing Bulls,45.0,3.0,HARD,12.0,True,16.0,1,98.6,8010.122,7911.522,26.6,31.9,21.0,False,False,False,False,False,False,False,False,True,False,False
HAD,6,Racing Bulls,46.0,3.0,HARD,13.0,True,15.0,1,97.096,8107.218,8010.122,26.5,31.7,21.0,False,False,False,False,False,False,False,False,False,True,False
HAD,6,Racing Bulls,47.0,3.0,HARD,14.0,True,15.0,1,96.672,8203.89,8107.218,26.5,31.7,21.0,False,False,False,False,False,False,False,False,False,True,False
HAD,6,Racing Bulls,48.0,3.0,HARD,15.0,True,15.0,1,97.194,8301.084,8203.89,26.6,31.6,21.0,False,False,False,False,False,False,False,False,False,True,False
HAD,6,Racing Bulls,49.0,3.0,HARD,16.0,True,15.0,1,97.753,8398.837,8301.084,26.5,31.6,21.0,False,False,False,False,False,False,False,False,False,True,False
HAD,6,Racing Bulls,50.0,3.0,HARD,17.0,True,15.0,1,97.293,8496.13,8398.837,26.6,31.5,21.0,False,False,False,False,False,False,False,False,False,True,False
HAD,6,Racing Bulls,51.0,3.0,HARD,18.0,True,15.0,1,96.503,8592.633,8496.13,26.6,31.3,21.0,False,False,False,False,False,False,False,False,False,True,False
HAD,6,Racing Bulls,52.0,3.0,HARD,19.0,True,15.0,1,96.335,8688.968,8592.633,26.5,31.2,21.0,False,False,False,False,False,False,False,False,False,True,False
HAD,6,Racing Bulls,53.0,3.0,HARD,20.0,True,15.0,1,96.682,8785.65,8688.968,26.5,31.2,21.0,False,False,False,False,False,False,False,False,False,True,False
HAD,6,Racing Bulls,54.0,3.0,HARD,21.0,True,15.0,1,97.23,8882.88,8785.65,26.5,31.0,21.0,False,False,False,False,False,False,False,False,False,True,False
HAD,6,Racing Bulls,55.0,3.0,HARD,22.0,True,15.0,1,96.428,8979.308,8882.88,26.5,30.8,21.0,False,False,False,False,False,False,False,False,False,True,False
HAD,6,Racing Bulls,56.0,3.0,HARD,23.0,True,15.0,1,97.695,9077.003,8979.308,26.5,30.7,22.0,False,False,False,False,False,False,False,False,False,True,False
LAW,30,Red Bull Racing,1.0,1.0,HARD,1.0,True,18.0,12,108.928,3652.03,3542.863,27.3,35.6,18.0,False,False,True,False,True,False,True,False,False,False,False
LAW,30,Red Bull Racing,2.0,1.0,HARD,2.0,True,18.0,12,99.64,3751.67,3652.03,27.4,35.6,18.0,False,False,False,False,False,False,True,False,False,False,False
LAW,30,Red Bull Racing,3.0,1.0,HARD,3.0,True,18.0,21,99.738,3851.408,3751.67,27.3,35.1,18.0,False,False,False,False,False,False,True,False,False,False,False
LAW,30,Red Bull Racing,4.0,1.0,HARD,4.0,True,17.0,1,99.614,3951.022,3851.408,27.4,35.0,18.0,False,False,False,False,False,False,False,False,False,True,False
LAW,30,Red Bull Racing,5.0,1.0,HARD,5.0,True,17.0,1,99.228,4050.25,3951.022,27.3,34.9,18.0,False,False,False,False,False,False,False,False,False,True,False
LAW,30,Red Bull Racing,6.0,1.0,HARD,6.0,True,17.0,12,99.342,4149.592,4050.25,27.3,35.0,18.0,False,False,False,False,False,False,True,False,False,False,False
LAW,30,Red Bull Racing,7.0,1.0,HARD,7.0,True,17.0,1,99.525,4249.117,4149.592,27.4,35.3,18.0,False,False,False,False,False,False,False,False,False,True,False
LAW,30,Red Bull Racing,8.0,1.0,HARD,8.0,True,17.0,1,99.177,4348.294,4249.117,27.4,35.4,18.0,False,False,False,False,False,False,False,False,False,True,False
LAW,30,Red Bull Racing,9.0,1.0,HARD,9.0,True,17.0,1,99.743,4448.037,4348.294,27.5,35.3,18.0,False,False,False,False,False,False,False,False,False,True,False
LAW,30,Red Bull Racing,10.0,1.0,HARD,10.0,True,17.0,1,99.587,4547.624,4448.037,27.5,35.0,17.0,False,False,False,False,False,False,False,False,False,True,False
LAW,30,Red Bull Racing,11.0,1.0,HARD,11.0,True,15.0,1,99.152,4646.776,4547.624,27.5,35.0,18.0,False,False,False,False,False,False,False,False,False,True,False
LAW,30,Red Bull Racing,12.0,1.0,HARD,12.0,True,13.0,1,98.927,4745.703,4646.776,27.6,34.5,18.0,False,False,False,False,False,False,False,False,False,True,False
LAW,30,Red Bull Racing,13.0,1.0,HARD,13.0,True,11.0,1,99.135,4844.838,4745.703,27.5,34.4,18.0,False,False,False,False,False,False,False,False,False,True,False
LAW,30,Red Bull Racing,14.0,1.0,HARD,14.0,True,9.0,1,98.801,4943.639,4844.838,27.4,34.2,18.0,False,False,False,False,False,False,False,False,False,True,False
LAW,30,Red Bull Racing,15.0,1.0,HARD,15.0,True,10.0,1,99.705,5043.344,4943.639,27.2,34.0,18.0,False,False,False,False,False,False,False,False,False,True,False
LAW,30,Red Bull Racing,16.0,1.0,HARD,16.0,True,10.0,1,100.219,5143.563,5043.344,27.2,33.9,18.0,False,False,False,False,False,False,False,False,False,True,False
LAW,30,Red Bull Racing,17.0,1.0,HARD,17.0,True,11.0,1,100.405,5243.968,5143.563,27.2,34.6,18.0,False,False,False,False,False,False,False,False,False,True,False
LAW,30,Red Bull Racing,18.0,1.0,HARD,18.0,True,10.0,1,103.77,5347.738,5243.968,27.3,34.8,18.0,False,True,False,False,True,False,False,False,False,False,False
LAW,30,Red Bull Racing,19.0,2.0,MEDIUM,1.0,True,18.0,1,116.168,5463.906,5347.738,27.3,34.8,19.0,False,False,True,False,True,False,False,False,False,False,False
LAW,30,Red Bull Racing,20.0,2.0,MEDIUM,2.0,True,17.0,1,97.699,5561.605,5463.906,27.4,35.0,18.0,False,False,False,False,False,False,False,False,False,True,False
LAW,30,Red Bull Racing,21.0,2.0,MEDIUM,3.0,True,17.0,1,97.825,5659.43,5561.605,27.4,35.3,18.0,False,False,False,False,False,False,False,False,False,True,False
LAW,30,Red Bull Racing,22.0,2.0,MEDIUM,4.0,True,17.0,1,97.882,5757.312,5659.43,27.4,35.6,18.0,False,False,False,False,False,False,False,False,False,True,False
LAW,30,Red Bull Racing,23.0,2.0,MEDIUM,5.0,True,17.0,1,97.642,5854.954,5757.312,27.4,35.6,19.0,False,False,False,False,False,False,False,False,False,True,False
LAW,30,Red Bull Racing,24.0,2.0,MEDIUM,6.0,True,17.0,1,98.033,5952.987,5854.954,27.4,35.6,19.0,False,False,False,False,False,False,False,False,False,True,False
LAW,30,Red Bull Racing,25.0,2.0,MEDIUM,7.0,True,17.0,1,98.337,6051.324,5952.987,27.4,35.3,19.0,False,False,False,False,False,False,False,False,False,True,False
LAW,30,Red Bull Racing,26.0,2.0,MEDIUM,8.0,True,17.0,1,97.994,6149.318,6051.324,27.5,35.0,19.0,False,False,False,False,False,False,False,False,False,True,False
LAW,30,Red Bull Racing,27.0,2.0,MEDIUM,9.0,True,16.0,1,98.117,6247.435,6149.318,27.3,34.4,19.0,False,False,False,False,False,False,False,False,False,True,False
LAW,30,Red Bull Racing,28.0,2.0,MEDIUM,10.0,True,16.0,1,97.626,6345.061,6247.435,27.1,34.3,19.0,False,False,False,False,False,False,False,False,False,True,False
LAW,30,Red Bull Racing,29.0,2.0,MEDIUM,11.0,True,16.0,1,97.787,6442.848,6345.061,27.0,33.9,19.0,False,False,False,False,False,False,False,False,False,True,False
LAW,30,Red Bull Racing,30.0,2.0,MEDIUM,12.0,True,17.0,1,102.962,6545.81,6442.848,26.9,33.7,20.0,False,True,False,False,True,False,False,False,False,False,False
LAW,30,Red Bull Racing,31.0,3.0,HARD,1.0,True,18.0,1,115.338,6661.148,6545.81,27.0,33.5,20.0,False,False,True,False,True,False,False,False,False,False,False
LAW,30,Red Bull Racing,32.0,3.0,HARD,2.0,True,17.0,1,95.985,6757.133,6661.148,26.9,33.3,20.0,False,False,False,False,False,False,False,False,False,True,False
LAW,30,Red Bull Racing,33.0,3.0,HARD,3.0,True,17.0,1,96.308,6853.441,6757.133,26.8,33.2,20.0,False,False,False,False,False,False,False,False,False,True,False
LAW,30,Red Bull Racing,34.0,3.0,HARD,4.0,True,17.0,1,96.627,6950.068,6853.441,26.8,33.0,20.0,False,False,False,False,False,False,False,False,False,True,False
LAW,30,Red Bull Racing,35.0,3.0,HARD,5.0,True,17.0,1,96.267,7046.335,6950.068,26.8,33.0,20.0,False,False,False,False,False,False,False,False,False,True,False
LAW,30,Red Bull Racing,36.0,3.0,HARD,6.0,True,17.0,1,96.474,7142.809,7046.335,26.8,32.9,20.0,False,False,False,False,False,False,False,False,False,True,False
LAW,30,Red Bull Racing,37.0,3.0,HARD,7.0,True,17.0,1,96.496,7239.305,7142.809,26.8,32.8,20.0,False,False,False,False,False,False,False,False,False,True,False
LAW,30,Red Bull Racing,38.0,3.0,HARD,8.0,True,17.0,1,96.656,7335.961,7239.305,26.8,32.7,20.0,False,False,False,False,False,False,False,False,False,True,False
LAW,30,Red Bull Racing,39.0,3.0,HARD,9.0,True,17.0,1,96.552,7432.513,7335.961,26.8,32.5,21.0,False,False,False,False,False,False,False,False,False,True,False
LAW,30,Red Bull Racing,40.0,3.0,HARD,10.0,True,17.0,1,96.654,7529.167,7432.513,26.8,32.4,21.0,False,False,False,False,False,False,False,False,False,True,False
LAW,30,Red Bull Racing,41.0,3.0,HARD,11.0,True,17.0,1,96.697,7625.864,7529.167,26.8,32.2,20.0,False,False,False,False,False,False,False,False,False,True,False
LAW,30,Red Bull Racing,42.0,3.0,HARD,12.0,True,17.0,1,96.627,7722.491,7625.864,26.8,32.2,21.0,False,False,False,False,False,False,False,False,False,True,False
LAW,30,Red Bull Racing,43.0,3.0,HARD,13.0,True,17.0,1,96.653,7819.144,7722.491,26.7,32.1,21.0,False,False,False,False,False,False,False,False,False,True,False
LAW,30,Red Bull Racing,44.0,3.0,HARD,14.0,True,17.0,1,96.655,7915.799,7819.144,26.6,32.0,20.0,False,False,False,False,False,False,False,False,False,True,False
LAW,30,Red Bull Racing,45.0,3.0,HARD,15.0,True,17.0,1,96.932,8012.731,7915.799,26.6,31.9,21.0,False,False,False,False,False,False,False,False,False,True,False
LAW,30,Red Bull Racing,46.0,3.0,HARD,16.0,True,16.0,1,97.36,8110.091,8012.731,26.5,31.7,21.0,False,False,False,False,False,False,False,False,False,True,False
LAW,30,Red Bull Racing,47.0,3.0,HARD,17.0,True,16.0,1,96.804,8206.895,8110.091,26.5,31.7,21.0,False,False,False,False,False,False,False,False,False,True,False
LAW,30,Red Bull Racing,48.0,3.0,HARD,18.0,True,16.0,1,96.501,8303.396,8206.895,26.6,31.6,21.0,False,False,False,False,False,False,False,False,False,True,False
LAW,30,Red Bull Racing,49.0,3.0,HARD,19.0,True,16.0,1,96.884,8400.28,8303.396,26.5,31.6,21.0,False,False,False,False,False,False,False,False,False,True,False
LAW,30,Red Bull Racing,50.0,3.0,HARD,20.0,True,16.0,1,97.441,8497.721,8400.28,26.6,31.5,21.0,False,False,False,False,False,False,False,False,False,True,False
LAW,30,Red Bull Racing,51.0,3.0,HARD,21.0,True,16.0,1,96.747,8594.468,8497.721,26.6,31.3,21.0,False,False,False,False,False,False,False,False,False,True,False
LAW,30,Red Bull Racing,52.0,3.0,HARD,22.0,True,16.0,1,96.437,8690.905,8594.468,26.5,31.2,21.0,False,False,False,False,False,False,False,False,False,True,False
LAW,30,Red Bull Racing,53.0,3.0,HARD,23.0,True,16.0,1,97.14,8788.045,8690.905,26.5,31.2,21.0,False,False,False,False,False,False,False,False,False,True,False
LAW,30,Red Bull Racing,54.0,3.0,HARD,24.0,True,16.0,1,97.246,8885.291,8788.045,26.5,31.0,21.0,False,False,False,False,False,False,False,False,False,True,False
LAW,30,Red Bull Racing,55.0,3.0,HARD,25.0,True,16.0,1,96.788,8982.079,8885.291,26.5,30.8,21.0,False,False,False,False,False,False,False,False,False,True,False
LAW,30,Red Bull Racing,56.0,3.0,HARD,26.0,True,16.0,1,97.196,9079.275,8982.079,26.5,30.7,22.0,False,False,False,False,False,False,False,False,False,True,False
DOO,7,Alpine,1.0,1.0,MEDIUM,1.0,False,17.0,12,107.904,3651.006,3542.863,27.3,35.6,18.0,False,False,False,False,True,False,True,False,False,False,False
DOO,7,Alpine,2.0,1.0,MEDIUM,2.0,False,17.0,12,100.079,3751.085,3651.006,27.4,35.6,18.0,False,False,False,False,False,False,True,False,False,False,False
DOO,7,Alpine,3.0,1.0,MEDIUM,3.0,False,17.0,21,99.483,3850.568,3751.085,27.3,35.1,18.0,False,False,False,False,False,False,True,False,False,False,False
DOO,7,Alpine,4.0,1.0,MEDIUM,4.0,False,16.0,1,99.522,3950.09,3850.568,27.4,35.0,18.0,False,False,False,False,False,False,False,False,False,True,False
DOO,7,Alpine,5.0,1.0,MEDIUM,5.0,False,16.0,1,99.179,4049.269,3950.09,27.3,34.9,18.0,False,False,False,False,False,False,False,False,False,True,False
DOO,7,Alpine,6.0,1.0,MEDIUM,6.0,False,16.0,12,99.533,4148.802,4049.269,27.3,35.0,18.0,False,False,False,False,False,False,True,False,False,False,False
DOO,7,Alpine,7.0,1.0,MEDIUM,7.0,False,16.0,1,99.396,4248.198,4148.802,27.4,35.3,18.0,False,False,False,False,False,False,False,False,False,True,False
DOO,7,Alpine,8.0,1.0,MEDIUM,8.0,False,16.0,1,99.322,4347.52,4248.198,27.4,35.4,18.0,False,False,False,False,False,False,False,False,False,True,False
DOO,7,Alpine,9.0,1.0,MEDIUM,9.0,False,16.0,1,99.531,4447.051,4347.52,27.5,35.3,18.0,False,False,False,False,False,False,False,False,False,True,False
DOO,7,Alpine,10.0,1.0,MEDIUM,10.0,False,15.0,1,99.384,4546.435,4447.051,27.5,35.0,17.0,False,False,False,False,False,False,False,False,False,True,False
DOO,7,Alpine,11.0,1.0,MEDIUM,11.0,False,16.0,1,103.65,4650.085,4546.435,27.5,35.0,18.0,False,True,False,False,True,False,False,False,False,False,False
DOO,7,Alpine,12.0,2.0,HARD,1.0,True,18.0,1,115.619,4765.704,4650.085,27.6,34.5,18.0,False,False,True,False,True,False,False,False,False,False,False
DOO,7,Alpine,13.0,2.0,HARD,2.0,True,18.0,1,97.762,4863.466,4765.704,27.4,34.4,18.0,False,False,False,False,False,False,False,False,False,True,False
DOO,7,Alpine,14.0,2.0,HARD,3.0,True,18.0,1,98.315,4961.781,4863.466,27.4,34.2,18.0,False,False,False,False,False,False,False,False,False,True,False
DOO,7,Alpine,15.0,2.0,HARD,4.0,True,18.0,1,98.207,5059.988,4961.781,27.2,34.0,18.0,False,False,False,False,False,False,False,False,False,True,False
DOO,7,Alpine,16.0,2.0,HARD,5.0,True,18.0,1,98.361,5158.349,5059.988,27.1,33.9,18.0,False,False,False,False,False,False,False,False,False,True,False
DOO,7,Alpine,17.0,2.0,HARD,6.0,True,18.0,1,98.628,5256.977,5158.349,27.2,34.6,18.0,False,False,False,False,False,False,False,False,False,True,False
DOO,7,Alpine,18.0,2.0,HARD,7.0,True,17.0,1,99.864,5356.841,5256.977,27.3,34.8,18.0,False,False,False,False,False,False,False,False,False,True,False
DOO,7,Alpine,19.0,2.0,HARD,8.0,True,15.0,1,99.572,5456.413,5356.841,27.3,34.8,19.0,False,False,False,False,False,False,False,False,False,True,False
DOO,7,Alpine,20.0,2.0,HARD,9.0,True,15.0,1,98.324,5554.737,5456.413,27.4,35.0,18.0,False,False,False,False,False,False,False,False,False,True,False
DOO,7,Alpine,21.0,2.0,HARD,10.0,True,15.0,1,98.669,5653.406,5554.737,27.4,35.3,18.0,False,False,False,False,False,False,False,False,False,True,False
DOO,7,Alpine,22.0,2.0,HARD,11.0,True,15.0,1,98.525,5751.931,5653.406,27.4,35.6,18.0,False,False,False,False,False,False,False,False,False,True,False
DOO,7,Alpine,23.0,2.0,HARD,12.0,True,15.0,1,98.356,5850.287,5751.931,27.4,35.6,19.0,False,False,False,False,False,False,False,False,False,True,False
DOO,7,Alpine,24.0,2.0,HARD,13.0,True,16.0,1,99.423,5949.71,5850.287,27.4,35.6,19.0,False,False,False,False,False,False,False,False,False,True,False
DOO,7,Alpine,25.0,2.0,HARD,14.0,True,16.0,1,98.407,6048.117,5949.71,27.4,35.3,19.0,False,False,False,False,False,False,False,False,False,True,False
DOO,7,Alpine,26.0,2.0,HARD,15.0,True,16.0,1,98.144,6146.261,6048.117,27.5,35.0,19.0,False,False,False,False,False,False,False,False,False,True,False
DOO,7,Alpine,27.0,2.0,HARD,16.0,True,15.0,1,98.024,6244.285,6146.261,27.3,34.4,19.0,False,False,False,False,False,False,False,False,False,True,False
DOO,7,Alpine,28.0,2.0,HARD,17.0,True,15.0,1,98.331,6342.616,6244.285,27.1,34.3,19.0,False,False,False,False,False,False,False,False,False,True,False
DOO,7,Alpine,29.0,2.0,HARD,18.0,True,15.0,1,98.554,6441.17,6342.616,27.0,33.9,19.0,False,False,False,False,False,False,False,False,False,True,False
DOO,7,Alpine,30.0,2.0,HARD,19.0,True,15.0,1,98.091,6539.261,6441.17,26.9,33.7,20.0,False,False,False,False,False,False,False,False,False,True,False
DOO,7,Alpine,31.0,2.0,HARD,20.0,True,15.0,1,98.422,6637.683,6539.261,26.9,33.7,20.0,False,False,False,False,False,False,False,False,False,True,False
DOO,7,Alpine,32.0,2.0,HARD,21.0,True,16.0,1,98.455,6736.138,6637.683,26.9,33.3,20.0,False,False,False,False,False,False,False,False,False,True,False
DOO,7,Alpine,33.0,2.0,HARD,22.0,True,16.0,1,98.451,6834.589,6736.138,26.8,33.2,20.0,False,False,False,False,False,False,False,False,False,True,False
DOO,7,Alpine,34.0,2.0,HARD,23.0,True,15.0,1,98.127,6932.716,6834.589,26.8,33.1,20.0,False,False,False,False,False,False,False,False,False,True,False
DOO,7,Alpine,35.0,2.0,HARD,24.0,True,15.0,1,98.627,7031.343,6932.716,26.8,33.0,20.0,False,False,False,False,False,False,False,False,False,True,False
DOO,7,Alpine,36.0,2.0,HARD,25.0,True,14.0,1,97.837,7129.18,7031.343,26.8,32.9,20.0,False,False,False,False,False,False,False,False,False,True,False
DOO,7,Alpine,37.0,2.0,HARD,26.0,True,13.0,1,97.896,7227.076,7129.18,26.8,32.8,20.0,False,False,False,False,False,False,False,False,False,True,False
DOO,7,Alpine,38.0,2.0,HARD,27.0,True,13.0,1,97.502,7324.578,7227.076,26.8,32.7,20.0,False,False,False,False,False,False,False,False,False,True,False
DOO,7,Alpine,39.0,2.0,HARD,28.0,True,14.0,1,97.861,7422.439,7324.578,26.8,32.6,20.0,False,False,False,False,False,False,False,False,False,True,False
DOO,7,Alpine,40.0,2.0,HARD,29.0,True,14.0,1,97.89,7520.329,7422.439,26.8,32.4,21.0,False,False,False,False,False,False,False,False,False,True,False
DOO,7,Alpine,41.0,2.0,HARD,30.0,True,14.0,1,97.365,7617.694,7520.329,26.8,32.2,20.0,False,False,False,False,False,False,False,False,False,True,False
DOO,7,Alpine,42.0,2.0,HARD,31.0,True,14.0,1,97.163,7714.857,7617.694,26.8,32.2,21.0,False,False,False,False,False,False,False,False,False,True,False
DOO,7,Alpine,43.0,2.0,HARD,32.0,True,15.0,1,98.288,7813.145,7714.857,26.7,32.1,21.0,False,False,False,False,False,False,False,False,False,True,False
DOO,7,Alpine,44.0,2.0,HARD,33.0,True,15.0,1,97.855,7911.0,7813.145,26.6,32.0,20.0,False,False,False,False,False,False,False,False,False,True,False
DOO,7,Alpine,45.0,2.0,HARD,34.0,True,15.0,1,98.345,8009.345,7911.0,26.6,31.9,21.0,False,False,False,False,False,False,False,False,True,False,False
DOO,7,Alpine,46.0,2.0,HARD,35.0,True,14.0,1,97.288,8106.633,8009.345,26.5,31.7,21.0,False,False,False,False,False,False,False,False,False,True,False
DOO,7,Alpine,47.0,2.0,HARD,36.0,True,14.0,1,96.642,8203.275,8106.633,26.5,31.7,21.0,False,False,False,False,False,False,False,False,False,True,False
DOO,7,Alpine,48.0,2.0,HARD,37.0,True,14.0,1,97.317,8300.592,8203.275,26.6,31.6,21.0,False,False,False,False,False,False,False,False,False,True,False
DOO,7,Alpine,49.0,2.0,HARD,38.0,True,14.0,1,97.748,8398.34,8300.592,26.5,31.6,21.0,False,False,False,False,False,False,False,False,False,True,False
DOO,7,Alpine,50.0,2.0,HARD,39.0,True,14.0,1,96.99,8495.33,8398.34,26.6,31.5,21.0,False,False,False,False,False,False,False,False,False,True,False
DOO,7,Alpine,51.0,2.0,HARD,40.0,True,14.0,1,96.704,8592.034,8495.33,26.6,31.3,21.0,False,False,False,False,False,False,False,False,False,True,False
DOO,7,Alpine,52.0,2.0,HARD,41.0,True,14.0,1,96.424,8688.458,8592.034,26.5,31.2,21.0,False,False,False,False,False,False,False,False,False,True,False
DOO,7,Alpine,53.0,2.0,HARD,42.0,True,14.0,1,96.729,8785.187,8688.458,26.5,31.2,21.0,False,False,False,False,False,False,False,False,False,True,False
DOO,7,Alpine,54.0,2.0,HARD,43.0,True,14.0,1,97.192,8882.379,8785.187,26.5,31.0,21.0,False,False,False,False,False,False,False,False,False,True,False
DOO,7,Alpine,55.0,2.0,HARD,44.0,True,14.0,1,96.628,8979.007,8882.379,26.5,30.8,21.0,False,False,False,False,False,False,False,False,False,True,False
DOO,7,Alpine,56.0,2.0,HARD,45.0,True,14.0,1,97.522,9076.529,8979.007,26.5,30.7,22.0,False,False,False,False,False,False,False,False,False,True,False
BOR,5,Kick Sauber,1.0,1.0,MEDIUM,1.0,True,20.0,12,123.657,3666.759,3542.863,27.3,35.6,18.0,False,True,False,False,True,False,True,False,False,False,False
BOR,5,Kick Sauber,2.0,2.0,HARD,1.0,True,20.0,12,117.115,3783.874,3666.759,27.4,35.5,18.0,False,False,True,False,True,False,True,False,False,False,False
BOR,5,Kick Sauber,3.0,2.0,HARD,2.0,True,20.0,1,97.965,3881.839,3783.874,27.3,35.1,18.0,False,False,False,False,False,False,False,False,False,True,False
BOR,5,Kick Sauber,4.0,2.0,HARD,3.0,True,19.0,1,98.425,3980.264,3881.839,27.4,35.0,18.0,False,False,False,False,False,False,False,False,False,True,False
BOR,5,Kick Sauber,5.0,2.0,HARD,4.0,True,19.0,1,98.892,4079.156,3980.264,27.3,34.9,18.0,False,False,False,False,False,False,False,False,False,True,False
BOR,5,Kick Sauber,6.0,2.0,HARD,5.0,True,19.0,12,99.136,4178.292,4079.156,27.3,35.0,18.0,False,False,False,False,False,False,True,False,False,False,False
BOR,5,Kick Sauber,7.0,2.0,HARD,6.0,True,19.0,1,99.1,4277.392,4178.292,27.4,35.3,18.0,False,False,False,False,False,False,False,False,False,True,False
BOR,5,Kick Sauber,8.0,2.0,HARD,7.0,True,19.0,1,99.052,4376.444,4277.392,27.5,35.4,17.0,False,False,False,False,False,False,False,False,False,True,False
BOR,5,Kick Sauber,9.0,2.0,HARD,8.0,True,19.0,1,98.897,4475.341,4376.444,27.5,35.3,18.0,False,False,False,False,False,False,False,False,False,True,False
BOR,5,Kick Sauber,10.0,2.0,HARD,9.0,True,19.0,1,99.098,4574.439,4475.341,27.5,35.0,17.0,False,False,False,False,False,False,False,False,False,True,False
BOR,5,Kick Sauber,11.0,2.0,HARD,10.0,True,19.0,1,98.607,4673.046,4574.439,27.6,34.6,17.0,False,False,False,False,False,False,False,False,False,True,False
BOR,5,Kick Sauber,12.0,2.0,HARD,11.0,True,19.0,1,98.87,4771.916,4673.046,27.6,34.5,18.0,False,False,False,False,False,False,False,False,False,True,False
BOR,5,Kick Sauber,13.0,2.0,HARD,12.0,True,19.0,1,98.706,4870.622,4771.916,27.4,34.4,18.0,False,False,False,False,False,False,False,False,False,True,False
BOR,5,Kick Sauber,14.0,2.0,HARD,13.0,True,19.0,1,99.144,4969.766,4870.622,27.3,34.1,18.0,False,False,False,False,False,False,False,False,False,True,False
BOR,5,Kick Sauber,15.0,2.0,HARD,14.0,True,19.0,1,99.065,5068.831,4969.766,27.2,34.0,18.0,False,False,False,False,False,False,False,False,False,True,False
BOR,5,Kick Sauber,16.0,2.0,HARD,15.0,True,19.0,1,99.183,5168.014,5068.831,27.1,33.9,18.0,False,False,False,False,False,False,False,False,False,True,False
BOR,5,Kick Sauber,17.0,2.0,HARD,16.0,True,19.0,1,99.141,5267.155,5168.014,27.2,34.7,18.0,False,False,False,False,False,False,False,False,False,True,False
BOR,5,Kick Sauber,18.0,2.0,HARD,17.0,True,19.0,1,99.415,5366.57,5267.155,27.3,34.8,18.0,False,False,False,False,False,False,False,False,False,True,False
BOR,5,Kick Sauber,19.0,2.0,HARD,18.0,True,19.0,1,100.268,5466.838,5366.57,27.3,34.8,19.0,False,False,False,False,False,False,False,False,False,True,False
BOR,5,Kick Sauber,20.0,2.0,HARD,19.0,True,19.0,1,99.675,5566.513,5466.838,27.4,35.2,19.0,False,False,False,False,False,False,False,False,False,True,False
BOR,5,Kick Sauber,21.0,2.0,HARD,20.0,True,18.0,1,99.738,5666.251,5566.513,27.4,35.3,18.0,False,False,False,False,False,False,False,False,False,True,False
BOR,5,Kick Sauber,22.0,2.0,HARD,21.0,True,18.0,1,99.654,5765.905,5666.251,27.4,35.6,18.0,False,False,False,False,False,False,False,False,False,True,False
BOR,5,Kick Sauber,23.0,2.0,HARD,22.0,True,18.0,1,99.788,5865.693,5765.905,27.4,35.6,19.0,False,False,False,False,False,False,False,False,False,True,False
BOR,5,Kick Sauber,24.0,2.0,HARD,23.0,True,18.0,1,99.89,5965.583,5865.693,27.4,35.6,19.0,False,False,False,False,False,False,False,False,False,True,False
BOR,5,Kick Sauber,25.0,2.0,HARD,24.0,True,18.0,1,99.815,6065.398,5965.583,27.4,35.3,19.0,False,False,False,False,False,False,False,False,False,True,False
BOR,5,Kick Sauber,26.0,2.0,HARD,25.0,True,18.0,1,103.974,6169.372,6065.398,27.5,34.7,19.0,False,True,False,False,True,False,False,False,False,False,False
BOR,5,Kick Sauber,27.0,3.0,HARD,1.0,True,19.0,1,116.241,6285.613,6169.372,27.1,34.3,19.0,False,False,True,False,True,False,False,False,False,False,False
BOR,5,Kick Sauber,28.0,3.0,HARD,2.0,True,19.0,1,95.874,6381.487,6285.613,27.1,34.1,19.0,False,False,False,False,False,False,False,False,False,True,False
BOR,5,Kick Sauber,29.0,3.0,HARD,3.0,True,19.0,1,96.949,6478.436,6381.487,26.9,33.8,20.0,False,False,False,False,False,False,False,False,False,True,False
BOR,5,Kick Sauber,30.0,3.0,HARD,4.0,True,19.0,1,97.278,6575.714,6478.436,26.9,33.7,20.0,False,False,False,False,False,False,False,False,False,True,False
BOR,5,Kick Sauber,31.0,3.0,HARD,5.0,True,19.0,1,97.206,6672.92,6575.714,27.0,33.5,20.0,False,False,False,False,False,False,False,False,False,True,False
BOR,5,Kick Sauber,32.0,3.0,HARD,6.0,True,19.0,1,96.85,6769.77,6672.92,26.8,33.2,20.0,False,False,False,False,False,False,False,False,False,True,False
BOR,5,Kick Sauber,33.0,3.0,HARD,7.0,True,19.0,1,97.106,6866.876,6769.77,26.8,33.2,20.0,False,False,False,False,False,False,False,False,False,True,False
BOR,5,Kick Sauber,34.0,3.0,HARD,8.0,True,19.0,1,96.966,6963.842,6866.876,26.8,33.0,20.0,False,False,False,False,False,False,False,False,False,True,False
BOR,5,Kick Sauber,35.0,3.0,HARD,9.0,True,19.0,1,96.868,7060.71,6963.842,26.8,33.0,20.0,False,False,False,False,False,False,False,False,False,True,False
BOR,5,Kick Sauber,36.0,3.0,HARD,10.0,True,19.0,1,96.71,7157.42,7060.71,26.8,32.9,20.0,False,False,False,False,False,False,False,False,False,True,False
BOR,5,Kick Sauber,37.0,3.0,HARD,11.0,True,19.0,1,96.456,7253.876,7157.42,26.8,32.7,21.0,False,False,False,False,False,False,False,False,False,True,False
BOR,5,Kick Sauber,38.0,3.0,HARD,12.0,True,19.0,1,96.439,7350.315,7253.876,26.8,32.7,20.0,False,False,False,False,False,False,False,False,False,True,False
BOR,5,Kick Sauber,39.0,3.0,HARD,13.0,True,19.0,1,96.853,7447.168,7350.315,26.8,32.5,21.0,False,False,False,False,False,False,False,False,False,True,False
BOR,5,Kick Sauber,40.0,3.0,HARD,14.0,True,19.0,1,96.629,7543.797,7447.168,26.8,32.4,21.0,False,False,False,False,False,False,False,False,False,True,False
BOR,5,Kick Sauber,41.0,3.0,HARD,15.0,True,19.0,1,96.69,7640.487,7543.797,26.8,32.2,20.0,False,False,False,False,False,False,False,False,False,True,False
BOR,5,Kick Sauber,42.0,3.0,HARD,16.0,True,19.0,1,97.06,7737.547,7640.487,26.7,32.1,21.0,False,False,False,False,False,False,False,False,False,True,False
BOR,5,Kick Sauber,43.0,3.0,HARD,17.0,True,19.0,1,97.608,7835.155,7737.547,26.7,32.1,21.0,False,False,False,False,False,False,False,False,False,True,False
BOR,5,Kick Sauber,44.0,3.0,HARD,18.0,True,19.0,1,97.469,7932.624,7835.155,26.6,32.0,20.0,False,False,False,False,False,False,False,False,False,True,False
BOR,5,Kick Sauber,45.0,3.0,HARD,19.0,True,18.0,1,97.58,8030.204,7932.624,26.6,31.8,21.0,False,False,False,False,False,False,False,False,False,True,False
BOR,5,Kick Sauber,46.0,3.0,HARD,20.0,True,18.0,1,97.449,8127.653,8030.204,26.5,31.7,21.0,False,False,False,False,False,False,False,False,False,True,False
BOR,5,Kick Sauber,47.0,3.0,HARD,21.0,True,17.0,1,97.54,8225.193,8127.653,26.5,31.7,21.0,False,False,False,False,False,False,False,False,False,True,False
BOR,5,Kick Sauber,48.0,3.0,HARD,22.0,True,17.0,1,97.492,8322.685,8225.193,26.6,31.6,21.0,False,False,False,False,False,False,False,False,False,True,False
BOR,5,Kick Sauber,49.0,3.0,HARD,23.0,True,17.0,1,97.555,8420.24,8322.685,26.5,31.6,21.0,False,False,False,False,False,False,False,False,False,True,False
BOR,5,Kick Sauber,50.0,3.0,HARD,24.0,True,17.0,1,98.987,8519.227,8420.24,26.6,31.4,21.0,False,False,False,False,False,False,False,False,False,True,False
BOR,5,Kick Sauber,51.0,3.0,HARD,25.0,True,17.0,1,99.008,8618.235,8519.227,26.6,31.3,21.0,False,False,False,False,False,False,False,False,False,True,False
BOR,5,Kick Sauber,52.0,3.0,HARD,26.0,True,17.0,1,97.384,8715.619,8618.235,26.5,31.2,21.0,False,False,False,False,False,False,False,False,False,True,False
BOR,5,Kick Sauber,53.0,3.0,HARD,27.0,True,17.0,1,97.134,8812.753,8715.619,26.6,31.2,21.0,False,False,False,False,False,False,False,False,False,True,False
BOR,5,Kick Sauber,54.0,3.0,HARD,28.0,True,17.0,1,97.541,8910.294,8812.753,26.5,31.0,21.0,False,False,False,False,False,False,False,False,False,True,False
BOR,5,Kick Sauber,55.0,3.0,HARD,29.0,True,17.0,1,98.59,9008.884,8910.294,26.5,30.7,21.0,False,False,False,False,False,False,False,False,False,True,False
HUL,27,Kick Sauber,1.0,1.0,MEDIUM,1.0,True,19.0,12,109.895,3652.997,3542.863,27.3,35.6,18.0,False,False,False,False,True,False,True,False,False,False,False
HUL,27,Kick Sauber,2.0,1.0,MEDIUM,2.0,True,19.0,12,99.965,3752.962,3652.997,27.4,35.6,18.0,False,False,False,False,False,False,True,False,False,False,False
HUL,27,Kick Sauber,3.0,1.0,MEDIUM,3.0,True,19.0,21,100.588,3853.55,3752.962,27.3,35.1,18.0,False,False,False,False,False,False,True,False,False,False,False
HUL,27,Kick Sauber,4.0,1.0,MEDIUM,4.0,True,18.0,1,99.987,3953.537,3853.55,27.4,35.0,18.0,False,False,False,False,False,False,False,False,False,True,False
HUL,27,Kick Sauber,5.0,1.0,MEDIUM,5.0,True,18.0,1,99.806,4053.343,3953.537,27.3,34.9,18.0,False,False,False,False,False,False,False,False,False,True,False
HUL,27,Kick Sauber,6.0,1.0,MEDIUM,6.0,True,18.0,12,99.681,4153.024,4053.343,27.3,35.0,18.0,False,False,False,False,False,False,True,False,False,False,False
HUL,27,Kick Sauber,7.0,1.0,MEDIUM,7.0,True,18.0,1,99.922,4252.946,4153.024,27.4,35.3,18.0,False,False,False,False,False,False,False,False,False,True,False
HUL,27,Kick Sauber,8.0,1.0,MEDIUM,8.0,True,18.0,1,100.043,4352.989,4252.946,27.4,35.4,18.0,False,False,False,False,False,False,False,False,False,True,False
HUL,27,Kick Sauber,9.0,1.0,MEDIUM,9.0,True,18.0,1,100.042,4453.031,4352.989,27.5,35.3,18.0,False,False,False,False,False,False,False,False,False,True,False
HUL,27,Kick Sauber,10.0,1.0,MEDIUM,10.0,True,18.0,1,99.715,4552.746,4453.031,27.5,35.0,17.0,False,False,False,False,False,False,False,False,False,True,False
HUL,27,Kick Sauber,11.0,1.0,MEDIUM,11.0,True,17.0,1,99.498,4652.244,4552.746,27.5,35.0,18.0,False,False,False,False,False,False,False,False,False,True,False
HUL,27,Kick Sauber,12.0,1.0,MEDIUM,12.0,True,14.0,1,99.459,4751.703,4652.244,27.6,34.5,18.0,False,False,False,False,False,False,False,False,False,True,False
HUL,27,Kick Sauber,13.0,1.0,MEDIUM,13.0,True,12.0,1,99.772,4851.475,4751.703,27.4,34.4,18.0,False,False,False,False,False,False,False,False,False,True,False
HUL,27,Kick Sauber,14.0,1.0,MEDIUM,14.0,True,12.0,1,100.998,4952.473,4851.475,27.4,34.2,18.0,False,False,False,False,False,False,False,False,False,True,False
HUL,27,Kick Sauber,15.0,1.0,MEDIUM,15.0,True,12.0,1,99.823,5052.296,4952.473,27.2,34.0,18.0,False,False,False,False,False,False,False,False,False,True,False
HUL,27,Kick Sauber,16.0,1.0,MEDIUM,16.0,True,12.0,1,100.523,5152.819,5052.296,27.1,33.9,18.0,False,False,False,False,False,False,False,False,False,True,False
HUL,27,Kick Sauber,17.0,1.0,MEDIUM,17.0,True,14.0,1,100.832,5253.651,5152.819,27.2,34.6,18.0,False,False,False,False,False,False,False,False,False,True,False
HUL,27,Kick Sauber,18.0,1.0,MEDIUM,18.0,True,15.0,1,101.542,5355.193,5253.651,27.3,34.8,18.0,False,False,False,False,False,False,False,False,False,True,False
HUL,27,Kick Sauber,19.0,1.0,MEDIUM,19.0,True,16.0,1,102.079,5457.272,5355.193,27.3,34.8,19.0,False,False,False,False,False,False,False,False,False,True,False
HUL,27,Kick Sauber,20.0,1.0,MEDIUM,20.0,True,18.0,1,105.305,5562.577,5457.272,27.4,35.0,18.0,False,True,False,False,True,False,False,False,False,False,False
HUL,27,Kick Sauber,21.0,2.0,HARD,1.0,True,19.0,1,117.795,5680.372,5562.577,27.4,35.3,18.0,False,False,True,False,True,False,False,False,False,False,False
HUL,27,Kick Sauber,22.0,2.0,HARD,2.0,True,19.0,1,97.703,5778.075,5680.372,27.4,35.6,18.0,False,False,False,False,False,False,False,False,False,True,False
HUL,27,Kick Sauber,23.0,2.0,HARD,3.0,True,19.0,1,98.192,5876.267,5778.075,27.4,35.6,19.0,False,False,False,False,False,False,False,False,False,True,False
HUL,27,Kick Sauber,24.0,2.0,HARD,4.0,True,19.0,1,98.457,5974.724,5876.267,27.4,35.6,19.0,False,False,False,False,False,False,False,False,False,True,False
HUL,27,Kick Sauber,25.0,2.0,HARD,5.0,True,19.0,1,98.62,6073.344,5974.724,27.4,35.3,19.0,False,False,False,False,False,False,False,False,False,True,False
HUL,27,Kick Sauber,26.0,2.0,HARD,6.0,True,19.0,1,97.673,6171.017,6073.344,27.5,34.7,19.0,False,False,False,False,False,False,False,False,False,True,False
HUL,27,Kick Sauber,27.0,2.0,HARD,7.0,True,18.0,1,97.713,6268.73,6171.017,27.3,34.4,19.0,False,False,False,False,False,False,False,False,False,True,False
HUL,27,Kick Sauber,28.0,2.0,HARD,8.0,True,18.0,1,97.797,6366.527,6268.73,27.1,34.1,19.0,False,False,False,False,False,False,False,False,False,True,False
HUL,27,Kick Sauber,29.0,2.0,HARD,9.0,True,18.0,1,97.777,6464.304,6366.527,27.0,33.9,19.0,False,False,False,False,False,False,False,False,False,True,False
HUL,27,Kick Sauber,30.0,2.0,HARD,10.0,True,18.0,1,98.208,6562.512,6464.304,26.9,33.7,20.0,False,False,False,False,False,False,False,False,False,True,False
HUL,27,Kick Sauber,31.0,2.0,HARD,11.0,True,17.0,1,97.821,6660.333,6562.512,27.0,33.5,20.0,False,False,False,False,False,False,False,False,False,True,False
HUL,27,Kick Sauber,32.0,2.0,HARD,12.0,True,18.0,1,98.736,6759.069,6660.333,26.9,33.3,20.0,False,False,False,False,False,False,False,False,False,True,False
HUL,27,Kick Sauber,33.0,2.0,HARD,13.0,True,18.0,1,97.894,6856.963,6759.069,26.8,33.2,20.0,False,False,False,False,False,False,False,False,False,True,False
HUL,27,Kick Sauber,34.0,2.0,HARD,14.0,True,18.0,1,97.899,6954.862,6856.963,26.8,33.0,20.0,False,False,False,False,False,False,False,False,False,True,False
HUL,27,Kick Sauber,35.0,2.0,HARD,15.0,True,18.0,1,97.275,7052.137,6954.862,26.8,33.0,20.0,False,False,False,False,False,False,False,False,False,True,False
HUL,27,Kick Sauber,36.0,2.0,HARD,16.0,True,18.0,1,97.807,7149.944,7052.137,26.8,32.9,20.0,False,False,False,False,False,False,False,False,False,True,False
HUL,27,Kick Sauber,37.0,2.0,HARD,17.0,True,18.0,1,97.423,7247.367,7149.944,26.8,32.7,21.0,False,False,False,False,False,False,False,False,False,True,False
HUL,27,Kick Sauber,38.0,2.0,HARD,18.0,True,18.0,1,97.583,7344.95,7247.367,26.8,32.7,20.0,False,False,False,False,False,False,False,False,False,True,False
HUL,27,Kick Sauber,39.0,2.0,HARD,19.0,True,18.0,1,97.615,7442.565,7344.95,26.8,32.5,21.0,False,False,False,False,False,False,False,False,False,True,False
HUL,27,Kick Sauber,40.0,2.0,HARD,20.0,True,18.0,1,97.541,7540.106,7442.565,26.8,32.4,21.0,False,False,False,False,False,False,False,False,False,True,False
HUL,27,Kick Sauber,41.0,2.0,HARD,21.0,True,18.0,1,98.021,7638.127,7540.106,26.8,32.2,20.0,False,False,False,False,False,False,False,False,False,True,False
HUL,27,Kick Sauber,42.0,2.0,HARD,22.0,True,18.0,1,97.765,7735.892,7638.127,26.7,32.1,21.0,False,False,False,False,False,False,False,False,False,True,False
HUL,27,Kick Sauber,43.0,2.0,HARD,23.0,True,18.0,1,98.262,7834.154,7735.892,26.7,32.1,21.0,False,False,False,False,False,False,False,False,False,True,False
HUL,27,Kick Sauber,44.0,2.0,HARD,24.0,True,18.0,1,97.843,7931.997,7834.154,26.6,32.0,20.0,False,False,False,False,False,False,False,False,False,True,False
HUL,27,Kick Sauber,45.0,2.0,HARD,25.0,True,19.0,1,98.797,8030.794,7931.997,26.6,31.8,21.0,False,False,False,False,False,False,False,False,False,True,False
HUL,27,Kick Sauber,46.0,2.0,HARD,26.0,True,19.0,1,99.162,8129.956,8030.794,26.5,31.7,21.0,False,False,False,False,False,False,False,False,False,True,False
HUL,27,Kick Sauber,47.0,2.0,HARD,27.0,True,18.0,1,98.576,8228.532,8129.956,26.5,31.7,21.0,False,False,False,False,False,False,False,False,False,True,False
HUL,27,Kick Sauber,48.0,2.0,HARD,28.0,True,18.0,1,99.121,8327.653,8228.532,26.6,31.6,21.0,False,False,False,False,False,False,False,False,False,True,False
HUL,27,Kick Sauber,49.0,2.0,HARD,29.0,True,18.0,1,99.139,8426.792,8327.653,26.5,31.6,21.0,False,False,False,False,False,False,False,False,False,True,False
HUL,27,Kick Sauber,50.0,2.0,HARD,30.0,True,18.0,1,98.193,8524.985,8426.792,26.6,31.4,21.0,False,False,False,False,False,False,False,False,False,True,False
HUL,27,Kick Sauber,51.0,2.0,HARD,31.0,True,18.0,1,97.992,8622.977,8524.985,26.6,31.3,21.0,False,False,False,False,False,False,False,False,False,True,False
HUL,27,Kick Sauber,52.0,2.0,HARD,32.0,True,18.0,1,97.483,8720.46,8622.977,26.5,31.2,21.0,False,False,False,False,False,False,False,False,False,True,False
HUL,27,Kick Sauber,53.0,2.0,HARD,33.0,True,18.0,1,100.313,8820.773,8720.46,26.6,31.2,21.0,False,False,False,False,False,False,False,False,False,True,False
HUL,27,Kick Sauber,54.0,2.0,HARD,34.0,True,18.0,1,97.838,8918.611,8820.773,26.5,31.0,21.0,False,False,False,False,False,False,False,False,False,True,False
HUL,27,Kick Sauber,55.0,2.0,HARD,35.0,True,18.0,1,99.743,9018.354,8918.611,26.5,30.7,21.0,False,False,False,False,False,False,False,False,False,True,False
TSU,22,Racing Bulls,1.0,1.0,MEDIUM,1.0,True,8.0,12,103.656,3646.758,3542.863,27.3,35.6,18.0,False,False,False,False,True,False,True,False,False,False,False
TSU,22,Racing Bulls,2.0,1.0,MEDIUM,2.0,True,8.0,12,98.748,3745.506,3646.758,27.4,35.6,18.0,False,False,False,False,False,False,True,False,False,False,False
TSU,22,Racing Bulls,3.0,1.0,MEDIUM,3.0,True,8.0,21,98.943,3844.449,3745.506,27.3,35.1,18.0,False,False,False,False,False,False,True,False,False,False,False
TSU,22,Racing Bulls,4.0,1.0,MEDIUM,4.0,True,8.0,1,98.762,3943.211,3844.449,27.3,35.0,18.0,False,False,False,False,False,False,False,False,False,True,False
TSU,22,Racing Bulls,5.0,1.0,MEDIUM,5.0,True,8.0,1,98.855,4042.066,3943.211,27.3,34.9,18.0,False,False,False,False,False,False,False,False,False,True,False
TSU,22,Racing Bulls,6.0,1.0,MEDIUM,6.0,True,8.0,12,99.055,4141.121,4042.066,27.3,35.0,18.0,False,False,False,False,False,False,True,False,False,False,False
TSU,22,Racing Bulls,7.0,1.0,MEDIUM,7.0,True,8.0,1,98.893,4240.014,4141.121,27.3,35.0,18.0,False,False,False,False,False,False,False,False,False,True,False
TSU,22,Racing Bulls,8.0,1.0,MEDIUM,8.0,True,8.0,1,99.399,4339.413,4240.014,27.4,35.4,18.0,False,False,False,False,False,False,False,False,False,True,False
TSU,22,Racing Bulls,9.0,1.0,MEDIUM,9.0,True,8.0,1,99.293,4438.706,4339.413,27.5,35.3,18.0,False,False,False,False,False,False,False,False,False,True,False
TSU,22,Racing Bulls,10.0,1.0,MEDIUM,10.0,True,8.0,1,99.107,4537.813,4438.706,27.5,35.3,18.0,False,False,False,False,False,False,False,False,False,True,False
TSU,22,Racing Bulls,11.0,1.0,MEDIUM,11.0,True,11.0,1,103.845,4641.658,4537.813,27.5,35.0,18.0,False,True,False,False,True,False,False,False,False,False,False
TSU,22,Racing Bulls,12.0,2.0,HARD,1.0,True,15.0,1,116.346,4758.004,4641.658,27.6,34.5,18.0,False,False,True,False,True,False,False,False,False,False,False
TSU,22,Racing Bulls,13.0,2.0,HARD,2.0,True,13.0,1,98.122,4856.126,4758.004,27.4,34.4,18.0,False,False,False,False,False,False,False,False,False,True,False
TSU,22,Racing Bulls,14.0,2.0,HARD,3.0,True,13.0,1,98.784,4954.91,4856.126,27.4,34.2,18.0,False,False,False,False,False,False,False,False,False,True,False
TSU,22,Racing Bulls,15.0,2.0,HARD,4.0,True,13.0,1,98.439,5053.349,4954.91,27.2,34.0,18.0,False,False,False,False,False,False,False,False,False,True,False
TSU,22,Racing Bulls,16.0,2.0,HARD,5.0,True,13.0,1,99.932,5153.281,5053.349,27.1,33.9,18.0,False,False,False,False,False,False,False,False,True,False,False
TSU,22,Racing Bulls,17.0,2.0,HARD,6.0,True,12.0,1,99.23,5252.511,5153.281,27.2,34.6,18.0,False,False,False,False,False,False,False,False,False,True,False
TSU,22,Racing Bulls,18.0,2.0,HARD,7.0,True,11.0,1,98.236,5350.747,5252.511,27.3,34.8,18.0,False,False,False,False,False,False,False,False,False,True,False
TSU,22,Racing Bulls,19.0,2.0,HARD,8.0,True,10.0,1,97.679,5448.426,5350.747,27.3,34.8,19.0,False,False,False,False,False,False,False,False,False,True,False
TSU,22,Racing Bulls,20.0,2.0,HARD,9.0,True,10.0,1,97.646,5546.072,5448.426,27.4,35.0,18.0,False,False,False,False,False,False,False,False,False,True,False
TSU,22,Racing Bulls,21.0,2.0,HARD,10.0,True,9.0,1,97.716,5643.788,5546.072,27.4,35.3,18.0,False,False,False,False,False,False,False,False,False,True,False
TSU,22,Racing Bulls,22.0,2.0,HARD,11.0,True,9.0,1,97.903,5741.691,5643.788,27.4,35.6,18.0,False,False,False,False,False,False,False,False,False,True,False
TSU,22,Racing Bulls,23.0,2.0,HARD,12.0,True,9.0,1,97.673,5839.364,5741.691,27.4,35.6,19.0,False,False,False,False,False,False,False,False,False,True,False
TSU,22,Racing Bulls,24.0,2.0,HARD,13.0,True,9.0,1,97.922,5937.286,5839.364,27.4,35.6,19.0,False,False,False,False,False,False,False,False,False,True,False
TSU,22,Racing Bulls,25.0,2.0,HARD,14.0,True,9.0,1,98.042,6035.328,5937.286,27.4,35.4,19.0,False,False,False,False,False,False,False,False,False,True,False
TSU,22,Racing Bulls,26.0,2.0,HARD,15.0,True,8.0,1,97.844,6133.172,6035.328,27.5,35.0,19.0,False,False,False,False,False,False,False,False,False,True,False
TSU,22,Racing Bulls,27.0,2.0,HARD,16.0,True,8.0,1,97.802,6230.974,6133.172,27.3,34.4,19.0,False,False,False,False,False,False,False,False,False,True,False
TSU,22,Racing Bulls,28.0,2.0,HARD,17.0,True,8.0,1,97.755,6328.729,6230.974,27.1,34.3,19.0,False,False,False,False,False,False,False,False,False,True,False
TSU,22,Racing Bulls,29.0,2.0,HARD,18.0,True,8.0,1,97.905,6426.634,6328.729,27.0,33.9,19.0,False,False,False,False,False,False,False,False,False,True,False
TSU,22,Racing Bulls,30.0,2.0,HARD,19.0,True,8.0,1,97.995,6524.629,6426.634,26.9,33.8,20.0,False,False,False,False,False,False,False,False,False,True,False
TSU,22,Racing Bulls,31.0,2.0,HARD,20.0,True,8.0,1,98.331,6622.96,6524.629,26.9,33.7,20.0,False,False,False,False,False,False,False,False,False,True,False
TSU,22,Racing Bulls,32.0,2.0,HARD,21.0,True,8.0,1,98.193,6721.153,6622.96,26.9,33.3,20.0,False,False,False,False,False,False,False,False,False,True,False
TSU,22,Racing Bulls,33.0,2.0,HARD,22.0,True,8.0,1,97.807,6818.96,6721.153,26.8,33.2,20.0,False,False,False,False,False,False,False,False,False,True,False
TSU,22,Racing Bulls,34.0,2.0,HARD,23.0,True,8.0,1,98.095,6917.055,6818.96,26.8,33.1,20.0,False,False,False,False,False,False,False,False,False,True,False
TSU,22,Racing Bulls,35.0,2.0,HARD,24.0,True,10.0,1,102.522,7019.577,6917.055,26.8,33.0,20.0,False,True,False,False,True,False,False,False,False,False,False
TSU,22,Racing Bulls,36.0,3.0,HARD,1.0,True,15.0,1,115.006,7134.583,7019.577,26.8,32.9,20.0,False,False,True,False,True,False,False,False,False,False,False
TSU,22,Racing Bulls,37.0,3.0,HARD,2.0,True,15.0,1,97.005,7231.588,7134.583,26.8,32.8,20.0,False,False,False,False,False,False,False,False,False,True,False
TSU,22,Racing Bulls,38.0,3.0,HARD,3.0,True,15.0,1,96.725,7328.313,7231.588,26.8,32.7,20.0,False,False,False,False,False,False,False,False,False,True,False
TSU,22,Racing Bulls,39.0,3.0,HARD,4.0,True,15.0,1,96.499,7424.812,7328.313,26.8,32.6,20.0,False,False,False,False,False,False,False,False,False,True,False
TSU,22,Racing Bulls,40.0,3.0,HARD,5.0,True,15.0,1,96.976,7521.788,7424.812,26.8,32.4,21.0,False,False,False,False,False,False,False,False,False,True,False
TSU,22,Racing Bulls,41.0,3.0,HARD,6.0,True,15.0,1,96.734,7618.522,7521.788,26.8,32.2,20.0,False,False,False,False,False,False,False,False,False,True,False
TSU,22,Racing Bulls,42.0,3.0,HARD,7.0,True,15.0,1,97.033,7715.555,7618.522,26.8,32.2,21.0,False,False,False,False,False,False,False,False,False,True,False
TSU,22,Racing Bulls,43.0,3.0,HARD,8.0,True,14.0,1,96.933,7812.488,7715.555,26.7,32.1,21.0,False,False,False,False,False,False,False,False,False,True,False
TSU,22,Racing Bulls,44.0,3.0,HARD,9.0,True,14.0,1,96.889,7909.377,7812.488,26.6,32.0,20.0,False,False,False,False,False,False,False,False,False,True,False
TSU,22,Racing Bulls,45.0,3.0,HARD,10.0,True,14.0,1,96.783,8006.16,7909.377,26.6,31.9,21.0,False,False,False,False,False,False,False,False,False,True,False
TSU,22,Racing Bulls,46.0,3.0,HARD,11.0,True,17.0,1,106.754,8112.914,8006.16,26.5,31.7,21.0,False,True,False,False,True,False,False,False,False,False,False
TSU,22,Racing Bulls,47.0,4.0,MEDIUM,7.0,False,19.0,1,135.867,8248.781,8112.914,26.5,31.7,21.0,False,False,True,False,True,False,False,False,False,False,False
TSU,22,Racing Bulls,48.0,4.0,MEDIUM,8.0,False,19.0,1,96.162,8344.943,8248.781,26.6,31.6,21.0,False,False,False,False,False,False,False,False,False,True,False
TSU,22,Racing Bulls,49.0,4.0,MEDIUM,9.0,False,19.0,1,95.871,8440.814,8344.943,26.5,31.6,21.0,False,False,False,False,False,False,False,False,False,True,False
TSU,22,Racing Bulls,50.0,4.0,MEDIUM,10.0,False,19.0,1,96.008,8536.822,8440.814,26.6,31.4,21.0,False,False,False,False,False,False,False,False,False,True,False
TSU,22,Racing Bulls,51.0,4.0,MEDIUM,11.0,False,19.0,1,96.22,8633.042,8536.822,26.5,31.3,21.0,False,False,False,False,False,False,False,False,False,True,False
TSU,22,Racing Bulls,52.0,4.0,MEDIUM,12.0,False,19.0,1,96.777,8729.819,8633.042,26.5,31.2,21.0,False,False,False,False,False,False,False,False,False,True,False
TSU,22,Racing Bulls,53.0,4.0,MEDIUM,13.0,False,19.0,1,97.446,8827.265,8729.819,26.6,31.2,21.0,False,False,False,False,False,False,False,False,False,True,False
TSU,22,Racing Bulls,54.0,4.0,MEDIUM,14.0,False,19.0,1,97.074,8924.339,8827.265,26.5,31.0,21.0,False,False,False,False,False,False,False,False,False,True,False
TSU,22,Racing Bulls,55.0,4.0,MEDIUM,15.0,False,19.0,1,97.3,9021.639,8924.339,26.5,30.7,21.0,False,False,False,False,False,False,False,False,False,True,False
ALO,14,Aston Martin,1.0,1.0,MEDIUM,6.0,False,12.0,12,105.761,3648.863,3542.863,27.3,35.6,18.0,False,False,False,False,True,False,True,False,False,False,False
ALO,14,Aston Martin,2.0,1.0,MEDIUM,7.0,False,12.0,12,99.591,3748.454,3648.863,27.4,35.6,18.0,False,False,False,False,False,False,True,False,False,False,False
ALO,14,Aston Martin,3.0,1.0,MEDIUM,8.0,False,12.0,21,99.256,3847.71,3748.454,27.3,35.1,18.0,False,False,False,False,False,False,True,False,False,False,False
ALO,14,Aston Martin,4.0,1.0,MEDIUM,9.0,False,20.0,1,140.966,3988.676,3847.71,27.4,35.0,18.0,False,True,False,False,True,False,False,False,False,False,False
LEC,16,Ferrari,1.0,1.0,MEDIUM,1.0,True,5.0,12,101.763,3644.865,3542.863,27.3,35.8,18.0,False,False,False,False,True,False,True,False,False,False,False
LEC,16,Ferrari,2.0,1.0,MEDIUM,2.0,True,5.0,1,98.184,3743.049,3644.865,27.4,35.6,18.0,False,False,False,False,False,False,False,False,False,True,False
LEC,16,Ferrari,3.0,1.0,MEDIUM,3.0,True,5.0,12,98.087,3841.136,3743.049,27.3,35.1,18.0,False,False,False,False,False,False,True,False,False,False,False
LEC,16,Ferrari,4.0,1.0,MEDIUM,4.0,True,5.0,1,97.648,3938.784,3841.136,27.3,35.0,18.0,False,False,False,False,False,False,False,False,False,True,False
LEC,16,Ferrari,5.0,1.0,MEDIUM,5.0,True,5.0,1,98.253,4037.037,3938.784,27.3,34.9,18.0,False,False,False,False,False,False,False,False,False,True,False
LEC,16,Ferrari,6.0,1.0,MEDIUM,6.0,True,5.0,12,98.286,4135.323,4037.037,27.3,35.0,18.0,False,False,False,False,False,False,True,False,False,False,False
LEC,16,Ferrari,7.0,1.0,MEDIUM,7.0,True,5.0,1,98.458,4233.781,4135.323,27.3,35.0,18.0,False,False,False,False,False,False,False,False,False,True,False
LEC,16,Ferrari,8.0,1.0,MEDIUM,8.0,True,5.0,1,98.478,4332.259,4233.781,27.4,35.4,18.0,False,False,False,False,False,False,False,False,False,True,False
LEC,16,Ferrari,9.0,1.0,MEDIUM,9.0,True,5.0,1,98.592,4430.851,4332.259,27.5,35.3,18.0,False,False,False,False,False,False,False,False,False,True,False
LEC,16,Ferrari,10.0,1.0,MEDIUM,10.0,True,5.0,1,98.561,4529.412,4430.851,27.5,35.3,18.0,False,False,False,False,False,False,False,False,False,True,False
LEC,16,Ferrari,11.0,1.0,MEDIUM,11.0,True,5.0,1,98.422,4627.834,4529.412,27.5,35.0,18.0,False,False,False,False,False,False,False,False,False,True,False
LEC,16,Ferrari,12.0,1.0,MEDIUM,12.0,True,5.0,1,98.682,4726.516,4627.834,27.6,34.5,18.0,False,False,False,False,False,False,False,False,False,True,False
LEC,16,Ferrari,13.0,1.0,MEDIUM,13.0,True,4.0,1,98.514,4825.03,4726.516,27.5,34.4,18.0,False,False,False,False,False,False,False,False,False,True,False
LEC,16,Ferrari,14.0,1.0,MEDIUM,14.0,True,3.0,1,98.112,4923.142,4825.03,27.4,34.2,18.0,False,False,False,False,False,False,False,False,False,True,False
LEC,16,Ferrari,15.0,1.0,MEDIUM,15.0,True,2.0,1,102.863,5026.005,4923.142,27.2,34.0,18.0,False,True,False,False,True,False,False,False,False,False,False
LEC,16,Ferrari,16.0,2.0,HARD,1.0,True,8.0,1,115.134,5141.139,5026.005,27.2,33.9,18.0,False,False,True,False,True,False,False,False,False,False,False
LEC,16,Ferrari,17.0,2.0,HARD,2.0,True,7.0,1,97.426,5238.565,5141.139,27.2,34.6,18.0,False,False,False,False,False,False,False,False,False,True,False
LEC,16,Ferrari,18.0,2.0,HARD,3.0,True,7.0,1,98.38,5336.945,5238.565,27.3,34.8,18.0,False,False,False,False,False,False,False,False,False,True,False
LEC,16,Ferrari,19.0,2.0,HARD,4.0,True,6.0,1,96.907,5433.852,5336.945,27.3,34.8,19.0,False,False,False,False,False,False,False,False,False,True,False
LEC,16,Ferrari,20.0,2.0,HARD,5.0,True,5.0,1,97.299,5531.151,5433.852,27.4,35.0,18.0,False,False,False,False,False,False,False,False,False,True,False
LEC,16,Ferrari,21.0,2.0,HARD,6.0,True,4.0,1,97.16,5628.311,5531.151,27.4,35.3,18.0,False,False,False,False,False,False,False,False,False,True,False
LEC,16,Ferrari,22.0,2.0,HARD,7.0,True,4.0,1,96.975,5725.286,5628.311,27.4,35.6,18.0,False,False,False,False,False,False,False,False,False,True,False
LEC,16,Ferrari,23.0,2.0,HARD,8.0,True,4.0,1,97.212,5822.498,5725.286,27.4,35.6,19.0,False,False,False,False,False,False,False,False,False,True,False
LEC,16,Ferrari,24.0,2.0,HARD,9.0,True,4.0,1,97.36,5919.858,5822.498,27.4,35.6,19.0,False,False,False,False,False,False,False,False,False,True,False
LEC,16,Ferrari,25.0,2.0,HARD,10.0,True,4.0,1,96.901,6016.759,5919.858,27.4,35.4,19.0,False,False,False,False,False,False,False,False,False,True,False
LEC,16,Ferrari,26.0,2.0,HARD,11.0,True,4.0,1,97.364,6114.123,6016.759,27.5,35.0,19.0,False,False,False,False,False,False,False,False,False,True,False
LEC,16,Ferrari,27.0,2.0,HARD,12.0,True,4.0,1,97.087,6211.21,6114.123,27.5,34.7,19.0,False,False,False,False,False,False,False,False,False,True,False
LEC,16,Ferrari,28.0,2.0,HARD,13.0,True,4.0,1,96.992,6308.202,6211.21,27.1,34.3,19.0,False,False,False,False,False,False,False,False,False,True,False
LEC,16,Ferrari,29.0,2.0,HARD,14.0,True,4.0,1,97.461,6405.663,6308.202,27.0,33.9,19.0,False,False,False,False,False,False,False,False,False,True,False
LEC,16,Ferrari,30.0,2.0,HARD,15.0,True,4.0,1,97.474,6503.137,6405.663,26.9,33.8,20.0,False,False,False,False,False,False,False,False,False,True,False
LEC,16,Ferrari,31.0,2.0,HARD,16.0,True,4.0,1,97.18,6600.317,6503.137,26.9,33.7,20.0,False,False,False,False,False,False,False,False,False,True,False
LEC,16,Ferrari,32.0,2.0,HARD,17.0,True,4.0,1,97.184,6697.501,6600.317,27.0,33.5,20.0,False,False,False,False,False,False,False,False,False,True,False
LEC,16,Ferrari,33.0,2.0,HARD,18.0,True,4.0,1,97.283,6794.784,6697.501,26.8,33.2,20.0,False,False,False,False,False,False,False,False,False,True,False
LEC,16,Ferrari,34.0,2.0,HARD,19.0,True,4.0,1,97.094,6891.878,6794.784,26.8,33.1,20.0,False,False,False,False,False,False,False,False,False,True,False
LEC,16,Ferrari,35.0,2.0,HARD,20.0,True,4.0,1,97.169,6989.047,6891.878,26.8,33.0,20.0,False,False,False,False,False,False,False,False,False,True,False
LEC,16,Ferrari,36.0,2.0,HARD,21.0,True,4.0,1,97.167,7086.214,6989.047,26.8,32.9,20.0,False,False,False,False,False,False,False,False,False,True,False
LEC,16,Ferrari,37.0,2.0,HARD,22.0,True,4.0,1,97.108,7183.322,7086.214,26.8,32.9,20.0,False,False,False,False,False,False,False,False,False,True,False
LEC,16,Ferrari,38.0,2.0,HARD,23.0,True,4.0,1,96.877,7280.199,7183.322,26.8,32.7,21.0,False,False,False,False,False,False,False,False,False,True,False
LEC,16,Ferrari,39.0,2.0,HARD,24.0,True,4.0,1,96.922,7377.121,7280.199,26.8,32.6,20.0,False,False,False,False,False,False,False,False,False,True,False
LEC,16,Ferrari,40.0,2.0,HARD,25.0,True,4.0,1,96.678,7473.799,7377.121,26.8,32.5,21.0,False,False,False,False,False,False,False,False,False,True,False
LEC,16,Ferrari,41.0,2.0,HARD,26.0,True,4.0,1,96.517,7570.316,7473.799,26.8,32.3,21.0,False,False,False,False,False,False,False,False,False,True,False
LEC,16,Ferrari,42.0,2.0,HARD,27.0,True,4.0,1,96.501,7666.817,7570.316,26.8,32.2,21.0,False,False,False,False,False,False,False,False,False,True,False
LEC,16,Ferrari,43.0,2.0,HARD,28.0,True,4.0,1,96.496,7763.313,7666.817,26.7,32.1,21.0,False,False,False,False,False,False,False,False,False,True,False
LEC,16,Ferrari,44.0,2.0,HARD,29.0,True,4.0,1,96.462,7859.775,7763.313,26.7,32.1,20.0,False,False,False,False,False,False,False,False,False,True,False
LEC,16,Ferrari,45.0,2.0,HARD,30.0,True,4.0,1,96.435,7956.21,7859.775,26.6,32.0,20.0,False,False,False,False,False,False,False,False,False,True,False
LEC,16,Ferrari,46.0,2.0,HARD,31.0,True,4.0,1,96.318,8052.528,7956.21,26.6,31.8,21.0,False,False,False,False,False,False,False,False,False,True,False
LEC,16,Ferrari,47.0,2.0,HARD,32.0,True,4.0,1,96.311,8148.839,8052.528,26.5,31.7,21.0,False,False,False,False,False,False,False,False,False,True,False
LEC,16,Ferrari,48.0,2.0,HARD,33.0,True,4.0,1,96.541,8245.38,8148.839,26.5,31.7,21.0,False,False,False,False,False,False,False,False,False,True,False
LEC,16,Ferrari,49.0,2.0,HARD,34.0,True,4.0,1,96.157,8341.537,8245.38,26.6,31.6,21.0,False,False,False,False,False,False,False,False,False,True,False
LEC,16,Ferrari,50.0,2.0,HARD,35.0,True,4.0,1,96.263,8437.8,8341.537,26.5,31.6,21.0,False,False,False,False,False,False,False,False,False,True,False
LEC,16,Ferrari,51.0,2.0,HARD,36.0,True,4.0,1,96.756,8534.556,8437.8,26.6,31.4,21.0,False,False,False,False,False,False,False,False,False,True,False
LEC,16,Ferrari,52.0,2.0,HARD,37.0,True,4.0,1,96.583,8631.139,8534.556,26.5,31.3,21.0,False,False,False,False,False,False,False,False,False,True,False
LEC,16,Ferrari,53.0,2.0,HARD,38.0,True,5.0,1,98.091,8729.23,8631.139,26.5,31.2,21.0,False,False,False,False,False,False,False,False,False,True,False
LEC,16,Ferrari,54.0,2.0,HARD,39.0,True,5.0,1,97.678,8826.908,8729.23,26.6,31.2,21.0,False,False,False,False,False,False,False,False,False,True,False
LEC,16,Ferrari,55.0,2.0,HARD,40.0,True,5.0,1,97.116,8924.024,8826.908,26.5,31.0,21.0,False,False,False,False,False,False,False,False,False,True,False
LEC,16,Ferrari,56.0,2.0,HARD,41.0,True,5.0,1,97.315,9021.339,8924.024,26.5,30.7,21.0,False,False,False,False,False,False,False,False,False,True,False
HAM,44,Ferrari,1.0,1.0,MEDIUM,1.0,True,4.0,12,100.792,3643.894,3542.863,27.3,35.8,18.0,False,False,False,False,True,False,True,False,False,False,False
HAM,44,Ferrari,2.0,1.0,MEDIUM,2.0,True,4.0,1,98.172,3742.066,3643.894,27.4,35.6,18.0,False,False,False,False,False,False,False,False,False,True,False
HAM,44,Ferrari,3.0,1.0,MEDIUM,3.0,True,4.0,12,97.853,3839.919,3742.066,27.3,35.1,18.0,False,False,False,False,False,False,True,False,False,False,False
HAM,44,Ferrari,4.0,1.0,MEDIUM,4.0,True,4.0,1,98.087,3938.006,3839.919,27.3,35.0,18.0,False,False,False,False,False,False,False,False,False,True,False
HAM,44,Ferrari,5.0,1.0,MEDIUM,5.0,True,4.0,1,97.802,4035.808,3938.006,27.3,34.9,18.0,False,False,False,False,False,False,False,False,False,True,False
HAM,44,Ferrari,6.0,1.0,MEDIUM,6.0,True,4.0,12,98.221,4134.029,4035.808,27.3,35.0,18.0,False,False,False,False,False,False,True,False,False,False,False
HAM,44,Ferrari,7.0,1.0,MEDIUM,7.0,True,4.0,1,98.866,4232.895,4134.029,27.3,35.0,18.0,False,False,False,False,False,False,False,False,False,True,False
HAM,44,Ferrari,8.0,1.0,MEDIUM,8.0,True,4.0,1,98.652,4331.547,4232.895,27.4,35.4,18.0,False,False,False,False,False,False,False,False,False,True,False
HAM,44,Ferrari,9.0,1.0,MEDIUM,9.0,True,4.0,1,98.56,4430.107,4331.547,27.5,35.3,18.0,False,False,False,False,False,False,False,False,False,True,False
HAM,44,Ferrari,10.0,1.0,MEDIUM,10.0,True,4.0,1,98.566,4528.673,4430.107,27.5,35.3,18.0,False,False,False,False,False,False,False,False,False,True,False
HAM,44,Ferrari,11.0,1.0,MEDIUM,11.0,True,4.0,1,98.505,4627.178,4528.673,27.5,35.0,18.0,False,False,False,False,False,False,False,False,False,True,False
HAM,44,Ferrari,12.0,1.0,MEDIUM,12.0,True,4.0,1,98.73,4725.908,4627.178,27.6,34.5,18.0,False,False,False,False,False,False,False,False,False,True,False
HAM,44,Ferrari,13.0,1.0,MEDIUM,13.0,True,5.0,1,103.379,4829.287,4725.908,27.5,34.4,18.0,False,True,False,False,True,False,False,False,False,False,False
HAM,44,Ferrari,14.0,2.0,HARD,1.0,True,10.0,1,115.737,4945.024,4829.287,27.4,34.2,18.0,False,False,True,False,True,False,False,False,False,False,False
HAM,44,Ferrari,15.0,2.0,HARD,2.0,True,9.0,1,97.695,5042.719,4945.024,27.2,34.0,18.0,False,False,False,False,False,False,False,False,False,True,False
HAM,44,Ferrari,16.0,2.0,HARD,3.0,True,7.0,1,97.942,5140.661,5042.719,27.2,33.9,18.0,False,False,False,False,False,False,False,False,False,True,False
HAM,44,Ferrari,17.0,2.0,HARD,4.0,True,6.0,1,97.531,5238.192,5140.661,27.2,34.6,18.0,False,False,False,False,False,False,False,False,False,True,False
HAM,44,Ferrari,18.0,2.0,HARD,5.0,True,5.0,1,97.834,5336.026,5238.192,27.3,34.8,18.0,False,False,False,False,False,False,False,False,False,True,False
HAM,44,Ferrari,19.0,2.0,HARD,6.0,True,5.0,1,97.075,5433.101,5336.026,27.3,34.8,19.0,False,False,False,False,False,False,False,False,False,True,False
HAM,44,Ferrari,20.0,2.0,HARD,7.0,True,4.0,1,97.469,5530.57,5433.101,27.4,35.0,18.0,False,False,False,False,False,False,False,False,False,True,False
HAM,44,Ferrari,21.0,2.0,HARD,8.0,True,5.0,1,99.319,5629.889,5530.57,27.4,35.3,18.0,False,False,False,False,False,False,False,False,False,True,False
HAM,44,Ferrari,22.0,2.0,HARD,9.0,True,5.0,1,97.457,5727.346,5629.889,27.4,35.6,18.0,False,False,False,False,False,False,False,False,False,True,False
HAM,44,Ferrari,23.0,2.0,HARD,10.0,True,5.0,1,97.3,5824.646,5727.346,27.4,35.6,19.0,False,False,False,False,False,False,False,False,False,True,False
HAM,44,Ferrari,24.0,2.0,HARD,11.0,True,5.0,1,97.197,5921.843,5824.646,27.4,35.6,19.0,False,False,False,False,False,False,False,False,False,True,False
HAM,44,Ferrari,25.0,2.0,HARD,12.0,True,5.0,1,97.504,6019.347,5921.843,27.4,35.4,19.0,False,False,False,False,False,False,False,False,False,True,False
HAM,44,Ferrari,26.0,2.0,HARD,13.0,True,5.0,1,97.555,6116.902,6019.347,27.5,35.0,19.0,False,False,False,False,False,False,False,False,False,True,False
HAM,44,Ferrari,27.0,2.0,HARD,14.0,True,5.0,1,97.41,6214.312,6116.902,27.5,34.7,19.0,False,False,False,False,False,False,False,False,False,True,False
HAM,44,Ferrari,28.0,2.0,HARD,15.0,True,5.0,1,96.989,6311.301,6214.312,27.1,34.3,19.0,False,False,False,False,False,False,False,False,False,True,False
HAM,44,Ferrari,29.0,2.0,HARD,16.0,True,5.0,1,97.23,6408.531,6311.301,27.0,33.9,19.0,False,False,False,False,False,False,False,False,False,True,False
HAM,44,Ferrari,30.0,2.0,HARD,17.0,True,5.0,1,97.447,6505.978,6408.531,26.9,33.8,20.0,False,False,False,False,False,False,False,False,False,True,False
HAM,44,Ferrari,31.0,2.0,HARD,18.0,True,5.0,1,97.482,6603.46,6505.978,26.9,33.7,20.0,False,False,False,False,False,False,False,False,False,True,False
HAM,44,Ferrari,32.0,2.0,HARD,19.0,True,5.0,1,97.038,6700.498,6603.46,27.0,33.5,20.0,False,False,False,False,False,False,False,False,False,True,False
HAM,44,Ferrari,33.0,2.0,HARD,20.0,True,5.0,1,97.572,6798.07,6700.498,26.8,33.2,20.0,False,False,False,False,False,False,False,False,False,True,False
HAM,44,Ferrari,34.0,2.0,HARD,21.0,True,5.0,1,97.29,6895.36,6798.07,26.8,33.1,20.0,False,False,False,False,False,False,False,False,False,True,False
HAM,44,Ferrari,35.0,2.0,HARD,22.0,True,5.0,1,96.957,6992.317,6895.36,26.8,33.0,20.0,False,False,False,False,False,False,False,False,False,True,False
HAM,44,Ferrari,36.0,2.0,HARD,23.0,True,5.0,1,97.346,7089.663,6992.317,26.8,32.9,20.0,False,False,False,False,False,False,False,False,False,True,False
HAM,44,Ferrari,37.0,2.0,HARD,24.0,True,6.0,1,102.451,7192.114,7089.663,26.8,32.8,20.0,False,True,False,False,True,False,False,False,False,False,False
HAM,44,Ferrari,38.0,3.0,HARD,1.0,True,6.0,1,113.502,7305.616,7192.114,26.8,32.7,20.0,False,False,True,False,True,False,False,False,False,False,False
HAM,44,Ferrari,39.0,3.0,HARD,2.0,True,6.0,1,95.839,7401.455,7305.616,26.8,32.6,20.0,False,False,False,False,False,False,False,False,False,True,False
HAM,44,Ferrari,40.0,3.0,HARD,3.0,True,6.0,1,95.487,7496.942,7401.455,26.8,32.4,21.0,False,False,False,False,False,False,False,False,False,True,False
HAM,44,Ferrari,41.0,3.0,HARD,4.0,True,6.0,1,95.069,7592.011,7496.942,26.8,32.3,21.0,False,False,False,False,False,False,False,False,False,True,False
HAM,44,Ferrari,42.0,3.0,HARD,5.0,True,6.0,1,95.569,7687.58,7592.011,26.8,32.2,21.0,False,False,False,False,False,False,False,False,False,True,False
HAM,44,Ferrari,43.0,3.0,HARD,6.0,True,6.0,1,95.526,7783.106,7687.58,26.7,32.1,21.0,False,False,False,False,False,False,False,False,False,True,False
HAM,44,Ferrari,44.0,3.0,HARD,7.0,True,6.0,1,95.862,7878.968,7783.106,26.7,32.1,20.0,False,False,False,False,False,False,False,False,False,True,False
HAM,44,Ferrari,45.0,3.0,HARD,8.0,True,6.0,1,95.349,7974.317,7878.968,26.6,31.9,21.0,False,False,False,False,False,False,False,False,False,True,False
HAM,44,Ferrari,46.0,3.0,HARD,9.0,True,6.0,1,95.533,8069.85,7974.317,26.6,31.8,21.0,False,False,False,False,False,False,False,False,False,True,False
HAM,44,Ferrari,47.0,3.0,HARD,10.0,True,6.0,1,95.77,8165.62,8069.85,26.5,31.7,21.0,False,False,False,False,False,False,False,False,False,True,False
HAM,44,Ferrari,48.0,3.0,HARD,11.0,True,6.0,1,95.26,8260.88,8165.62,26.5,31.7,21.0,False,False,False,False,False,False,False,False,False,True,False
HAM,44,Ferrari,49.0,3.0,HARD,12.0,True,6.0,1,95.077,8355.957,8260.88,26.6,31.6,21.0,False,False,False,False,False,False,False,False,False,True,False
HAM,44,Ferrari,50.0,3.0,HARD,13.0,True,6.0,1,95.244,8451.201,8355.957,26.6,31.5,21.0,False,False,False,False,False,False,False,False,False,True,False
HAM,44,Ferrari,51.0,3.0,HARD,14.0,True,6.0,1,95.465,8546.666,8451.201,26.6,31.4,21.0,False,False,False,False,False,False,False,False,False,True,False
HAM,44,Ferrari,52.0,3.0,HARD,15.0,True,6.0,1,95.211,8641.877,8546.666,26.5,31.3,21.0,False,False,False,False,False,False,False,False,False,True,False
HAM,44,Ferrari,53.0,3.0,HARD,16.0,True,6.0,1,95.462,8737.339,8641.877,26.5,31.2,21.0,False,False,False,False,False,False,False,False,False,True,False
HAM,44,Ferrari,54.0,3.0,HARD,17.0,True,6.0,1,95.257,8832.596,8737.339,26.6,31.2,21.0,False,False,False,False,False,False,False,False,False,True,False
HAM,44,Ferrari,55.0,3.0,HARD,18.0,True,6.0,1,95.232,8927.828,8832.596,26.5,30.8,21.0,False,False,False,False,False,False,False,False,False,True,False
HAM,44,Ferrari,56.0,3.0,HARD,19.0,True,6.0,1,95.681,9023.509,8927.828,26.5,30.7,21.0,False,False,False,False,False,False,False,False,False,True,False
GAS,10,Alpine,1.0,1.0,MEDIUM,1.0,False,13.0,12,106.04,3649.142,3542.863,27.3,35.6,18.0,False,False,False,False,True,False,True,False,False,False,False
GAS,10,Alpine,2.0,1.0,MEDIUM,2.0,False,13.0,12,99.805,3748.947,3649.142,27.4,35.6,18.0,False,False,False,False,False,False,True,False,False,False,False
GAS,10,Alpine,3.0,1.0,MEDIUM,3.0,False,13.0,21,99.125,3848.072,3748.947,27.3,35.1,18.0,False,False,False,False,False,False,True,False,False,False,False
GAS,10,Alpine,4.0,1.0,MEDIUM,4.0,False,12.0,1,98.701,3946.773,3848.072,27.4,35.0,18.0,False,False,False,False,False,False,False,False,False,True,False
GAS,10,Alpine,5.0,1.0,MEDIUM,5.0,False,12.0,1,98.528,4045.301,3946.773,27.3,34.9,18.0,False,False,False,False,False,False,False,False,False,True,False
GAS,10,Alpine,6.0,1.0,MEDIUM,6.0,False,12.0,12,99.162,4144.463,4045.301,27.3,35.0,18.0,False,False,False,False,False,False,True,False,False,False,False
GAS,10,Alpine,7.0,1.0,MEDIUM,7.0,False,12.0,1,99.09,4243.553,4144.463,27.3,35.0,18.0,False,False,False,False,False,False,False,False,False,True,False
GAS,10,Alpine,8.0,1.0,MEDIUM,8.0,False,12.0,1,99.374,4342.927,4243.553,27.4,35.4,18.0,False,False,False,False,False,False,False,False,False,True,False
GAS,10,Alpine,9.0,1.0,MEDIUM,9.0,False,12.0,1,99.38,4442.307,4342.927,27.5,35.3,18.0,False,False,False,False,False,False,False,False,False,True,False
GAS,10,Alpine,10.0,1.0,MEDIUM,10.0,False,16.0,1,104.157,4546.464,4442.307,27.5,35.0,17.0,False,True,False,False,True,False,False,False,False,False,False
GAS,10,Alpine,11.0,2.0,HARD,1.0,True,18.0,1,115.41,4661.874,4546.464,27.5,35.0,18.0,False,False,True,False,True,False,False,False,False,False,False
GAS,10,Alpine,12.0,2.0,HARD,2.0,True,17.0,1,97.84,4759.714,4661.874,27.6,34.5,18.0,False,False,False,False,False,False,False,False,False,True,False
GAS,10,Alpine,13.0,2.0,HARD,3.0,True,16.0,1,98.231,4857.945,4759.714,27.4,34.4,18.0,False,False,False,False,False,False,False,False,False,True,False
GAS,10,Alpine,14.0,2.0,HARD,4.0,True,17.0,1,99.145,4957.09,4857.945,27.4,34.2,18.0,False,False,False,False,False,False,False,False,False,True,False
GAS,10,Alpine,15.0,2.0,HARD,5.0,True,17.0,1,99.079,5056.169,4957.09,27.2,34.0,18.0,False,False,False,False,False,False,False,False,False,True,False
GAS,10,Alpine,16.0,2.0,HARD,6.0,True,17.0,1,98.629,5154.798,5056.169,27.1,33.9,18.0,False,False,False,False,False,False,False,False,False,True,False
GAS,10,Alpine,17.0,2.0,HARD,7.0,True,17.0,1,100.054,5254.852,5154.798,27.2,34.6,18.0,False,False,False,False,False,False,False,False,False,True,False
GAS,10,Alpine,18.0,2.0,HARD,8.0,True,16.0,1,100.672,5355.524,5254.852,27.3,34.8,18.0,False,False,False,False,False,False,False,False,False,True,False
GAS,10,Alpine,19.0,2.0,HARD,9.0,True,14.0,1,98.351,5453.875,5355.524,27.3,34.8,19.0,False,False,False,False,False,False,False,False,False,True,False
GAS,10,Alpine,20.0,2.0,HARD,10.0,True,14.0,1,98.619,5552.494,5453.875,27.4,35.0,18.0,False,False,False,False,False,False,False,False,False,True,False
GAS,10,Alpine,21.0,2.0,HARD,11.0,True,13.0,1,98.898,5651.392,5552.494,27.4,35.3,18.0,False,False,False,False,False,False,False,False,False,True,False
GAS,10,Alpine,22.0,2.0,HARD,12.0,True,14.0,1,99.014,5750.406,5651.392,27.4,35.6,18.0,False,False,False,False,False,False,False,False,False,True,False
GAS,10,Alpine,23.0,2.0,HARD,13.0,True,14.0,1,98.775,5849.181,5750.406,27.4,35.6,19.0,False,False,False,False,False,False,False,False,False,True,False
GAS,10,Alpine,24.0,2.0,HARD,14.0,True,14.0,1,98.561,5947.742,5849.181,27.4,35.6,19.0,False,False,False,False,False,False,False,False,False,True,False
GAS,10,Alpine,25.0,2.0,HARD,15.0,True,14.0,1,98.373,6046.115,5947.742,27.4,35.3,19.0,False,False,False,False,False,False,False,False,False,True,False
GAS,10,Alpine,26.0,2.0,HARD,16.0,True,14.0,1,98.169,6144.284,6046.115,27.5,35.0,19.0,False,False,False,False,False,False,False,False,False,True,False
GAS,10,Alpine,27.0,2.0,HARD,17.0,True,13.0,1,98.009,6242.293,6144.284,27.3,34.4,19.0,False,False,False,False,False,False,False,False,False,True,False
GAS,10,Alpine,28.0,2.0,HARD,18.0,True,13.0,1,98.073,6340.366,6242.293,27.1,34.3,19.0,False,False,False,False,False,False,False,False,False,True,False
GAS,10,Alpine,29.0,2.0,HARD,19.0,True,13.0,1,97.958,6438.324,6340.366,27.0,33.9,19.0,False,False,False,False,False,False,False,False,False,True,False
GAS,10,Alpine,30.0,2.0,HARD,20.0,True,13.0,1,97.974,6536.298,6438.324,26.9,33.7,20.0,False,False,False,False,False,False,False,False,False,True,False
GAS,10,Alpine,31.0,2.0,HARD,21.0,True,13.0,1,97.906,6634.204,6536.298,26.9,33.7,20.0,False,False,False,False,False,False,False,False,False,True,False
GAS,10,Alpine,32.0,2.0,HARD,22.0,True,13.0,1,97.836,6732.04,6634.204,26.9,33.3,20.0,False,False,False,False,False,False,False,False,False,True,False
GAS,10,Alpine,33.0,2.0,HARD,23.0,True,13.0,1,97.905,6829.945,6732.04,26.8,33.2,20.0,False,False,False,False,False,False,False,False,False,True,False
GAS,10,Alpine,34.0,2.0,HARD,24.0,True,12.0,1,97.868,6927.813,6829.945,26.8,33.1,20.0,False,False,False,False,False,False,False,False,False,True,False
GAS,10,Alpine,35.0,2.0,HARD,25.0,True,12.0,1,97.441,7025.254,6927.813,26.8,33.0,20.0,False,False,False,False,False,False,False,False,False,True,False
GAS,10,Alpine,36.0,2.0,HARD,26.0,True,11.0,1,97.366,7122.62,7025.254,26.8,32.9,20.0,False,False,False,False,False,False,False,False,False,True,False
GAS,10,Alpine,37.0,2.0,HARD,27.0,True,10.0,1,97.412,7220.032,7122.62,26.8,32.8,20.0,False,False,False,False,False,False,False,False,False,True,False
GAS,10,Alpine,38.0,2.0,HARD,28.0,True,10.0,1,98.247,7318.279,7220.032,26.8,32.7,20.0,False,False,False,False,False,False,False,False,False,True,False
GAS,10,Alpine,39.0,2.0,HARD,29.0,True,10.0,1,98.248,7416.527,7318.279,26.8,32.6,20.0,False,False,False,False,False,False,False,False,False,True,False
GAS,10,Alpine,40.0,2.0,HARD,30.0,True,11.0,1,99.021,7515.548,7416.527,26.8,32.4,21.0,False,False,False,False,False,False,False,False,False,True,False
GAS,10,Alpine,41.0,2.0,HARD,31.0,True,11.0,1,97.241,7612.789,7515.548,26.8,32.2,20.0,False,False,False,False,False,False,False,False,False,True,False
GAS,10,Alpine,42.0,2.0,HARD,32.0,True,11.0,1,97.175,7709.964,7612.789,26.8,32.2,21.0,False,False,False,False,False,False,False,False,False,True,False
GAS,10,Alpine,43.0,2.0,HARD,33.0,True,11.0,1,97.015,7806.979,7709.964,26.7,32.1,21.0,False,False,False,False,False,False,False,False,False,True,False
GAS,10,Alpine,44.0,2.0,HARD,34.0,True,11.0,1,96.993,7903.972,7806.979,26.7,32.1,20.0,False,False,False,False,False,False,False,False,False,True,False
GAS,10,Alpine,45.0,2.0,HARD,35.0,True,11.0,1,96.881,8000.853,7903.972,26.6,31.9,21.0,False,False,False,False,False,False,False,False,False,True,False
GAS,10,Alpine,46.0,2.0,HARD,36.0,True,11.0,1,96.888,8097.741,8000.853,26.5,31.7,21.0,False,False,False,False,False,False,False,False,False,True,False
GAS,10,Alpine,47.0,2.0,HARD,37.0,True,11.0,1,96.596,8194.337,8097.741,26.5,31.7,21.0,False,False,False,False,False,False,False,False,False,True,False
GAS,10,Alpine,48.0,2.0,HARD,38.0,True,11.0,1,96.551,8290.888,8194.337,26.6,31.6,21.0,False,False,False,False,False,False,False,False,False,True,False
GAS,10,Alpine,49.0,2.0,HARD,39.0,True,11.0,1,96.425,8387.313,8290.888,26.5,31.6,21.0,False,False,False,False,False,False,False,False,False,True,False
GAS,10,Alpine,50.0,2.0,HARD,40.0,True,11.0,1,96.784,8484.097,8387.313,26.6,31.5,21.0,False,False,False,False,False,False,False,False,False,True,False
GAS,10,Alpine,51.0,2.0,HARD,41.0,True,11.0,1,96.52,8580.617,8484.097,26.6,31.3,21.0,False,False,False,False,False,False,False,False,False,True,False
GAS,10,Alpine,52.0,2.0,HARD,42.0,True,11.0,1,96.556,8677.173,8580.617,26.5,31.3,21.0,False,False,False,False,False,False,False,False,False,True,False
GAS,10,Alpine,53.0,2.0,HARD,43.0,True,11.0,1,97.22,8774.393,8677.173,26.5,31.2,21.0,False,False,False,False,False,False,False,False,False,True,False
GAS,10,Alpine,54.0,2.0,HARD,44.0,True,11.0,1,97.275,8871.668,8774.393,26.5,31.0,21.0,False,False,False,False,False,False,False,False,False,True,False
GAS,10,Alpine,55.0,2.0,HARD,45.0,True,11.0,1,96.805,8968.473,8871.668,26.5,30.8,21.0,False,False,False,False,False,False,False,False,False,True,False
GAS,10,Alpine,56.0,2.0,HARD,46.0,True,11.0,1,96.85,9065.323,8968.473,26.5,30.7,22.0,False,False,False,False,False,False,False,False,False,True,False
