Driver,DriverNumber,Team,LapNumber,Stint,Compound,TyreLife,FreshTyre,Position,TrackStatus,lap_time_s,time_s,lap_start_time_s,air_temp_c,track_temp_c,humidity_pct,rainfall,is_in_lap,is_out_lap,is_missing_laptime,is_inaccurate,is_wet_compound,is_non_green,is_unknown_status,is_deleted,is_pace_lap,stint_crosses_red_flag
VER,1,Red Bull Racing,1.0,1.0,SOFT,4.0,False,1.0,124,119.857,3862.976,3742.839,20.6,48.5,59.0,False,True,False,False,True,False,True,False,False,False,False
VER,1,Red Bull Racing,2.0,2.0,SOFT,5.0,False,1.0,45,143.356,4006.332,3862.976,20.6,45.3,60.0,False,True,True,False,True,False,True,False,False,False,True
VER,1,Red Bull Racing,3.0,3.0,SOFT,4.0,False,1.0,1,,5531.454,5400.364,20.7,49.1,56.0,False,False,True,True,True,False,False,False,False,False,False
VER,1,Red Bull Racing,4.0,3.0,SOFT,5.0,False,1.0,1,132.67,5664.124,5531.454,20.9,49.7,54.0,False,False,False,False,False,False,False,False,False,True,False
VER,1,Red Bull Racing,5.0,3.0,SOFT,6.0,False,1.0,1,75.745,5739.869,5664.124,21.0,50.2,55.0,False,False,False,False,False,False,False,False,False,True,False
VER,1,Red Bull Racing,6.0,3.0,SOFT,7.0,False,1.0,1,75.547,5815.416,5739.869,20.9,49.8,55.0,False,False,False,False,False,False,False,False,False,True,False
VER,1,Red Bull Racing,7.0,3.0,SOFT,8.0,False,1.0,1,75.591,5891.007,5815.416,21.1,49.6,57.0,False,False,False,False,False,False,False,False,False,True,False
VER,1,Red Bull Racing,8.0,3.0,SOFT,9.0,False,1.0,1,75.864,5966.871,5891.007,21.1,49.7,58.0,False,False,False,False,False,False,False,False,False,True,False
VER,1,Red Bull Racing,9.0,3.0,SOFT,10.0,False,1.0,1,76.169,6043.04,5966.871,21.1,49.3,58.0,False,False,False,False,False,False,False,False,False,True,False
VER,1,Red Bull Racing,10.0,3.0,SOFT,11.0,False,1.0,1,75.989,6119.029,6043.04,21.0,49.4,58.0,False,False,False,False,False,False,False,False,False,True,False
VER,1,Red Bull Racing,11.0,3.0,SOFT,12.0,False,1.0,1,76.272,6195.301,6119.029,20.9,49.2,58.0,False,False,False,False,False,False,False,False,False,True,False
VER,1,Red Bull Racing,12.0,3.0,SOFT,13.0,False,1.0,1,75.879,6271.18,6195.301,20.8,48.9,57.0,False,False,False,False,False,False,False,False,False,True,False
VER,1,Red Bull Racing,13.0,3.0,SOFT,14.0,False,1.0,1,76.299,6347.479,6271.18,20.8,49.1,55.0,False,False,False,False,False,False,False,False,False,True,False
VER,1,Red Bull Racing,14.0,3.0,SOFT,15.0,False,1.0,1,76.08,6423.559,6347.479,20.6,49.1,57.0,False,False,False,False,False,False,False,False,False,True,False
VER,1,Red Bull Racing,15.0,3.0,SOFT,16.0,False,1.0,1,76.408,6499.967,6423.559,20.6,48.9,56.0,False,False,False,False,False,False,False,False,False,True,False
VER,1,Red Bull Racing,16.0,3.0,SOFT,17.0,False,1.0,1,76.305,6576.272,6499.967,20.8,48.9,55.0,False,False,False,False,False,False,False,False,False,True,False
VER,1,Red Bull Racing,17.0,3.0,SOFT,18.0,False,1.0,1,76.17,6652.442,6576.272,20.9,49.0,55.0,False,False,False,False,False,False,False,False,False,True,False
VER,1,Red Bull Racing,18.0,3.0,SOFT,19.0,False,1.0,1,76.341,6728.783,6652.442,21.0,48.7,56.0,False,False,False,False,False,False,False,False,False,True,False
VER,1,Red Bull Racing,19.0,3.0,SOFT,20.0,False,1.0,1,76.047,6804.83,6728.783,20.9,48.8,57.0,False,False,False,False,False,False,False,False,False,True,False
VER,1,Red Bull Racing,20.0,3.0,SOFT,21.0,False,1.0,1,75.996,6880.826,6804.83,20.8,48.9,57.0,False,False,False,False,False,False,False,False,False,True,False
VER,1,Red Bull Racing,21.0,3.0,SOFT,22.0,False,1.0,1,76.207,6957.033,6880.826,20.6,48.9,58.0,False,False,False,False,False,False,False,False,False,True,False
VER,1,Red Bull Racing,22.0,3.0,SOFT,23.0,False,1.0,1,76.206,7033.239,6957.033,20.6,48.3,59.0,False,False,False,False,False,False,False,False,False,True,False
VER,1,Red Bull Racing,23.0,3.0,SOFT,24.0,False,1.0,1,76.026,7109.265,7033.239,20.4,48.3,59.0,False,False,False,False,False,False,False,False,False,True,False
VER,1,Red Bull Racing,24.0,3.0,SOFT,25.0,False,1.0,1,76.397,7185.662,7109.265,20.5,48.5,59.0,False,False,False,False,False,False,False,False,False,True,False
VER,1,Red Bull Racing,25.0,3.0,SOFT,26.0,False,1.0,1,76.269,7261.931,7185.662,20.5,48.1,58.0,False,False,False,False,False,False,False,False,False,True,False
VER,1,Red Bull Racing,26.0,3.0,SOFT,27.0,False,1.0,1,76.435,7338.366,7261.931,20.5,47.8,58.0,False,False,False,False,False,False,False,False,False,True,False
VER,1,Red Bull Racing,27.0,3.0,SOFT,28.0,False,1.0,1,80.264,7418.63,7338.366,20.5,48.4,57.0,False,True,False,False,True,False,False,False,False,False,False
VER,1,Red Bull Racing,28.0,4.0,MEDIUM,1.0,True,1.0,1,92.801,7511.431,7418.63,20.7,48.8,56.0,False,False,True,False,True,False,False,False,False,False,False
VER,1,Red Bull Racing,29.0,4.0,MEDIUM,2.0,True,1.0,1,75.713,7587.144,7511.431,20.5,48.8,57.0,False,False,False,False,False,False,False,False,False,True,False
VER,1,Red Bull Racing,30.0,4.0,MEDIUM,3.0,True,1.0,1,75.799,7662.943,7587.144,20.4,48.4,57.0,False,False,False,False,False,False,False,False,False,True,False
VER,1,Red Bull Racing,31.0,4.0,MEDIUM,4.0,True,1.0,1,75.787,7738.73,7662.943,20.5,48.0,57.0,False,False,False,False,False,False,False,False,False,True,False
VER,1,Red Bull Racing,32.0,4.0,MEDIUM,5.0,True,1.0,1,75.439,7814.169,7738.73,20.5,47.8,58.0,False,False,False,False,False,False,False,False,False,True,False
VER,1,Red Bull Racing,33.0,4.0,MEDIUM,6.0,True,1.0,1,75.174,7889.343,7814.169,20.4,47.4,58.0,False,False,False,False,False,False,False,False,False,True,False
VER,1,Red Bull Racing,34.0,4.0,MEDIUM,7.0,True,1.0,1,75.115,7964.458,7889.343,20.3,47.3,59.0,False,False,False,False,False,False,False,False,False,True,False
VER,1,Red Bull Racing,35.0,4.0,MEDIUM,8.0,True,1.0,1,75.157,8039.615,7964.458,20.2,47.2,60.0,False,False,False,False,False,False,False,False,False,True,False
VER,1,Red Bull Racing,36.0,4.0,MEDIUM,9.0,True,1.0,1,75.125,8114.74,8039.615,20.2,47.2,59.0,False,False,False,False,False,False,False,False,False,True,False
VER,1,Red Bull Racing,37.0,4.0,MEDIUM,10.0,True,1.0,1,74.682,8189.422,8114.74,20.3,47.3,58.0,False,False,False,False,False,False,False,False,False,True,False
VER,1,Red Bull Racing,38.0,4.0,MEDIUM,11.0,True,1.0,1,74.954,8264.376,8189.422,20.4,47.4,58.0,False,False,False,False,False,False,False,False,False,True,False
VER,1,Red Bull Racing,39.0,4.0,MEDIUM,12.0,True,1.0,1,74.974,8339.35,8264.376,20.5,47.5,58.0,False,False,False,False,False,False,False,False,False,True,False
VER,1,Red Bull Racing,40.0,4.0,MEDIUM,13.0,True,1.0,1,75.218,8414.568,8339.35,20.4,47.2,58.0,False,False,False,False,False,False,False,False,False,True,False
VER,1,Red Bull Racing,41.0,4.0,MEDIUM,14.0,True,1.0,1,75.355,8489.923,8414.568,20.4,47.0,59.0,False,False,False,False,False,False,False,False,False,True,False
VER,1,Red Bull Racing,42.0,4.0,MEDIUM,15.0,True,1.0,1,75.202,8565.125,8489.923,20.5,46.6,59.0,False,False,False,False,False,False,False,False,False,True,False
VER,1,Red Bull Racing,43.0,4.0,MEDIUM,16.0,True,1.0,1,75.052,8640.177,8565.125,20.5,46.9,59.0,False,False,False,False,False,False,False,False,False,True,False
VER,1,Red Bull Racing,44.0,4.0,MEDIUM,17.0,True,1.0,1,75.32,8715.497,8640.177,20.4,47.1,59.0,False,False,False,False,False,False,False,False,False,True,False
VER,1,Red Bull Racing,45.0,4.0,MEDIUM,18.0,True,1.0,1,75.471,8790.968,8715.497,20.3,47.1,59.0,False,False,False,False,False,False,False,False,False,True,False
VER,1,Red Bull Racing,46.0,4.0,MEDIUM,19.0,True,1.0,1,75.329,8866.297,8790.968,20.3,47.1,59.0,False,False,False,False,False,False,False,False,False,True,False
VER,1,Red Bull Racing,47.0,4.0,MEDIUM,20.0,True,1.0,1,75.362,8941.659,8866.297,20.3,46.7,58.0,False,False,False,False,False,False,False,False,False,True,False
VER,1,Red Bull Racing,48.0,4.0,MEDIUM,21.0,True,1.0,1,75.524,9017.183,8941.659,20.3,46.7,59.0,False,False,False,False,False,False,False,False,False,True,False
VER,1,Red Bull Racing,49.0,4.0,MEDIUM,22.0,True,1.0,1,75.442,9092.625,9017.183,20.3,46.2,58.0,False,False,False,False,False,False,False,False,False,True,False
VER,1,Red Bull Racing,50.0,4.0,MEDIUM,23.0,True,1.0,1,75.436,9168.061,9092.625,20.2,45.4,58.0,False,False,False,False,False,False,False,False,False,True,False
VER,1,Red Bull Racing,51.0,4.0,MEDIUM,24.0,True,1.0,1,75.44,9243.501,9168.061,20.3,43.2,59.0,False,False,False,False,False,False,False,False,False,True,False
VER,1,Red Bull Racing,52.0,4.0,MEDIUM,25.0,True,1.0,1,75.39,9318.891,9243.501,20.3,42.5,58.0,False,False,False,False,False,False,False,False,False,True,False
VER,1,Red Bull Racing,53.0,4.0,MEDIUM,26.0,True,1.0,1,75.306,9394.197,9318.891,20.3,41.8,59.0,False,False,False,False,False,False,False,False,False,True,False
VER,1,Red Bull Racing,54.0,4.0,MEDIUM,27.0,True,1.0,1,75.388,9469.585,9394.197,20.3,41.1,58.0,False,False,False,False,False,False,False,False,False,True,False
VER,1,Red Bull Racing,55.0,4.0,MEDIUM,28.0,True,1.0,1,75.521,9545.106,9469.585,20.2,40.5,59.0,False,False,False,False,False,False,False,False,False,True,False
VER,1,Red Bull Racing,56.0,4.0,MEDIUM,29.0,True,1.0,1,79.309,9624.415,9545.106,20.0,40.0,59.0,False,True,False,False,True,False,False,False,False,False,False
VER,1,Red Bull Racing,57.0,5.0,SOFT,1.0,True,2.0,1,91.318,9715.733,9624.415,20.0,39.6,58.0,False,False,True,False,True,False,False,False,False,False,False
VER,1,Red Bull Racing,58.0,5.0,SOFT,2.0,True,2.0,1,74.044,9789.777,9715.733,20.0,38.8,59.0,False,False,False,False,False,False,False,False,False,True,False
VER,1,Red Bull Racing,59.0,5.0,SOFT,3.0,True,2.0,1,74.089,9863.866,9789.777,19.9,38.7,58.0,False,False,False,False,False,False,False,False,False,True,False
VER,1,Red Bull Racing,60.0,5.0,SOFT,4.0,True,1.0,1,74.265,9938.131,9863.866,19.9,38.4,59.0,False,False,False,False,False,False,False,False,False,True,False
VER,1,Red Bull Racing,61.0,5.0,SOFT,5.0,True,1.0,1,74.584,10012.715,9938.131,19.8,38.0,58.0,False,False,False,False,False,False,False,False,False,True,False
VER,1,Red Bull Racing,62.0,5.0,SOFT,6.0,True,1.0,1,74.512,10087.227,10012.715,19.8,37.8,59.0,False,False,False,False,False,False,False,False,False,True,False
VER,1,Red Bull Racing,63.0,5.0,SOFT,7.0,True,1.0,1,74.349,10161.576,10087.227,19.9,37.6,60.0,False,False,False,False,False,False,False,False,False,True,False
VER,1,Red Bull Racing,64.0,5.0,SOFT,8.0,True,1.0,1,74.093,10235.669,10161.576,19.8,37.6,59.0,False,False,False,False,False,False,False,False,False,True,False
VER,1,Red Bull Racing,65.0,5.0,SOFT,9.0,True,1.0,1,74.016,10309.685,10235.669,19.9,37.8,59.0,False,False,False,False,False,False,False,False,False,True,False
VER,1,Red Bull Racing,66.0,5.0,SOFT,10.0,True,1.0,1,73.766,10383.451,10309.685,19.8,37.1,60.0,False,False,False,False,False,False,False,False,False,True,False
VER,1,Red Bull Racing,67.0,5.0,SOFT,11.0,True,1.0,1,73.53,10456.981,10383.451,19.7,37.1,59.0,False,False,False,False,False,False,False,False,False,True,False
VER,1,Red Bull Racing,68.0,5.0,SOFT,12.0,True,1.0,1,73.422,10530.403,10456.981,19.7,37.0,60.0,False,False,False,False,False,False,False,False,False,True,False
VER,1,Red Bull Racing,69.0,5.0,SOFT,13.0,True,1.0,1,74.059,10604.462,10530.403,19.7,36.8,60.0,False,False,False,False,False,False,False,False,False,True,False
VER,1,Red Bull Racing,70.0,5.0,SOFT,14.0,True,1.0,1,73.568,10678.03,10604.462,19.6,36.6,61.0,False,False,False,False,False,False,False,False,False,True,False
VER,1,Red Bull Racing,71.0,5.0,SOFT,15.0,True,1.0,1,73.935,10751.965,10678.03,19.8,36.5,60.0,False,False,False,False,False,False,False,False,False,True,False
NOR,4,McLaren,1.0,1.0,SOFT,4.0,False,2.0,124,121.881,3864.991,3742.839,20.6,48.5,59.0,False,True,False,False,True,False,True,False,False,False,False
NOR,4,McLaren,2.0,2.0,SOFT,5.0,False,2.0,45,142.52,4007.511,3864.991,20.6,45.3,60.0,False,True,True,False,True,False,True,False,False,False,True
NOR,4,McLaren,3.0,3.0,SOFT,1.0,True,2.0,1,,5533.915,5400.364,20.7,49.1,56.0,False,False,True,True,True,False,False,False,False,False,False
NOR,4,McLaren,4.0,3.0,SOFT,2.0,True,2.0,1,130.857,5664.772,5533.915,20.9,49.7,54.0,False,False,False,False,False,False,False,False,False,True,False
NOR,4,McLaren,5.0,3.0,SOFT,3.0,True,2.0,1,76.231,5741.003,5664.772,21.0,50.2,55.0,False,False,False,False,False,False,False,False,False,True,False
NOR,4,McLaren,6.0,3.0,SOFT,4.0,True,2.0,1,74.94,5815.943,5741.003,20.9,49.8,55.0,False,False,False,False,False,False,False,False,False,True,False
NOR,4,McLaren,7.0,3.0,SOFT,5.0,True,2.0,1,75.428,5891.371,5815.943,21.1,49.6,57.0,False,False,False,False,False,False,False,False,False,True,False
NOR,4,McLaren,8.0,3.0,SOFT,6.0,True,2.0,1,76.737,5968.108,5891.371,21.1,49.7,58.0,False,False,False,False,False,False,False,False,False,True,False
NOR,4,McLaren,9.0,3.0,SOFT,7.0,True,2.0,1,76.576,6044.684,5968.108,21.1,49.3,58.0,False,False,False,False,False,False,False,False,False,True,False
NOR,4,McLaren,10.0,3.0,SOFT,8.0,True,2.0,1,76.671,6121.355,6044.684,21.0,49.4,58.0,False,False,False,False,False,False,False,False,False,True,False
NOR,4,McLaren,11.0,3.0,SOFT,9.0,True,2.0,1,76.043,6197.398,6121.355,20.9,49.2,58.0,False,False,False,False,False,False,False,False,False,True,False
NOR,4,McLaren,12.0,3.0,SOFT,10.0,True,2.0,1,76.015,6273.413,6197.398,20.8,48.9,57.0,False,False,False,False,False,False,False,False,False,True,False
NOR,4,McLaren,13.0,3.0,SOFT,11.0,True,2.0,1,76.365,6349.778,6273.413,20.8,49.1,55.0,False,False,False,False,False,False,False,False,False,True,False
NOR,4,McLaren,14.0,3.0,SOFT,12.0,True,2.0,1,76.27,6426.048,6349.778,20.6,49.1,57.0,False,False,False,False,False,False,False,False,False,True,False
NOR,4,McLaren,15.0,3.0,SOFT,13.0,True,2.0,1,76.174,6502.222,6426.048,20.6,48.9,56.0,False,False,False,False,False,False,False,False,False,True,False
NOR,4,McLaren,16.0,3.0,SOFT,14.0,True,2.0,1,76.504,6578.726,6502.222,20.8,48.9,55.0,False,False,False,False,False,False,False,False,False,True,False
NOR,4,McLaren,17.0,3.0,SOFT,15.0,True,2.0,1,76.515,6655.241,6578.726,20.9,49.0,55.0,False,False,False,False,False,False,False,False,False,True,False
NOR,4,McLaren,18.0,3.0,SOFT,16.0,True,2.0,1,76.267,6731.508,6655.241,21.0,48.7,56.0,False,False,False,False,False,False,False,False,False,True,False
NOR,4,McLaren,19.0,3.0,SOFT,17.0,True,2.0,1,76.058,6807.566,6731.508,20.9,48.8,57.0,False,False,False,False,False,False,False,False,False,True,False
NOR,4,McLaren,20.0,3.0,SOFT,18.0,True,2.0,1,76.33,6883.896,6807.566,20.8,48.9,57.0,False,False,False,False,False,False,False,False,False,True,False
NOR,4,McLaren,21.0,3.0,SOFT,19.0,True,2.0,1,76.355,6960.251,6883.896,20.5,48.3,59.0,False,False,False,False,False,False,False,False,False,True,False
NOR,4,McLaren,22.0,3.0,SOFT,20.0,True,2.0,1,76.196,7036.447,6960.251,20.6,48.3,59.0,False,False,False,False,False,False,False,False,False,True,False
NOR,4,McLaren,23.0,3.0,SOFT,21.0,True,2.0,1,76.343,7112.79,7036.447,20.4,48.3,59.0,False,False,False,False,False,False,False,False,False,True,False
NOR,4,McLaren,24.0,3.0,SOFT,22.0,True,2.0,1,76.512,7189.302,7112.79,20.5,48.5,59.0,False,False,False,False,False,False,False,False,False,True,False
NOR,4,McLaren,25.0,3.0,SOFT,23.0,True,2.0,1,76.315,7265.617,7189.302,20.5,48.1,58.0,False,False,False,False,False,False,False,False,False,True,False
NOR,4,McLaren,26.0,3.0,SOFT,24.0,True,2.0,1,76.264,7341.881,7265.617,20.5,47.8,58.0,False,False,False,False,False,False,False,False,False,True,False
NOR,4,McLaren,27.0,3.0,SOFT,25.0,True,2.0,1,80.818,7422.699,7341.881,20.5,48.4,57.0,False,True,False,False,True,False,False,False,False,False,False
NOR,4,McLaren,28.0,4.0,MEDIUM,1.0,True,2.0,1,93.952,7516.651,7422.699,20.7,48.8,56.0,False,False,True,False,True,False,False,False,False,False,False
NOR,4,McLaren,29.0,4.0,MEDIUM,2.0,True,2.0,1,75.691,7592.342,7516.651,20.5,48.8,57.0,False,False,False,False,False,False,False,False,False,True,False
NOR,4,McLaren,30.0,4.0,MEDIUM,3.0,True,2.0,1,76.2,7668.542,7592.342,20.4,48.4,57.0,False,False,False,False,False,False,False,False,False,True,False
NOR,4,McLaren,31.0,4.0,MEDIUM,4.0,True,2.0,1,75.553,7744.095,7668.542,20.5,48.0,57.0,False,False,False,False,False,False,False,False,False,True,False
NOR,4,McLaren,32.0,4.0,MEDIUM,5.0,True,2.0,1,75.333,7819.428,7744.095,20.5,47.8,58.0,False,False,False,False,False,False,False,False,False,True,False
NOR,4,McLaren,33.0,4.0,MEDIUM,6.0,True,2.0,1,75.266,7894.694,7819.428,20.4,47.4,58.0,False,False,False,False,False,False,False,False,False,True,False
NOR,4,McLaren,34.0,4.0,MEDIUM,7.0,True,2.0,1,75.053,7969.747,7894.694,20.3,47.3,59.0,False,False,False,False,False,False,False,False,False,True,False
NOR,4,McLaren,35.0,4.0,MEDIUM,8.0,True,2.0,1,74.985,8044.732,7969.747,20.2,47.2,60.0,False,False,False,False,False,False,False,False,False,True,False
NOR,4,McLaren,36.0,4.0,MEDIUM,9.0,True,2.0,1,74.845,8119.577,8044.732,20.2,47.2,59.0,False,False,False,False,False,False,False,False,False,True,False
NOR,4,McLaren,37.0,4.0,MEDIUM,10.0,True,2.0,1,74.927,8194.504,8119.577,20.3,47.3,58.0,False,False,False,False,False,False,False,False,False,True,False
NOR,4,McLaren,38.0,4.0,MEDIUM,11.0,True,2.0,1,74.94,8269.444,8194.504,20.4,47.4,58.0,False,False,False,False,False,False,False,False,False,True,False
NOR,4,McLaren,39.0,4.0,MEDIUM,12.0,True,2.0,1,75.071,8344.515,8269.444,20.5,47.5,58.0,False,False,False,False,False,False,False,False,False,True,False
NOR,4,McLaren,40.0,4.0,MEDIUM,13.0,True,2.0,1,75.273,8419.788,8344.515,20.4,47.2,58.0,False,False,False,False,False,False,False,False,False,True,False
NOR,4,McLaren,41.0,4.0,MEDIUM,14.0,True,2.0,1,75.427,8495.215,8419.788,20.4,47.0,59.0,False,False,False,False,False,False,False,False,False,True,False
NOR,4,McLaren,42.0,4.0,MEDIUM,15.0,True,2.0,1,75.502,8570.717,8495.215,20.5,46.6,59.0,False,False,False,False,False,False,False,False,False,True,False
NOR,4,McLaren,43.0,4.0,MEDIUM,16.0,True,2.0,1,75.199,8645.916,8570.717,20.5,46.9,59.0,False,False,False,False,False,False,False,False,False,True,False
NOR,4,McLaren,44.0,4.0,MEDIUM,17.0,True,2.0,1,75.62,8721.536,8645.916,20.4,47.1,59.0,False,False,False,False,False,False,False,False,False,True,False
NOR,4,McLaren,45.0,4.0,MEDIUM,18.0,True,2.0,1,75.651,8797.187,8721.536,20.3,47.1,59.0,False,False,False,False,False,False,False,False,False,True,False
NOR,4,McLaren,46.0,4.0,MEDIUM,19.0,True,2.0,1,75.585,8872.772,8797.187,20.3,47.1,59.0,False,False,False,False,False,False,False,False,False,True,False
NOR,4,McLaren,47.0,4.0,MEDIUM,20.0,True,2.0,1,75.572,8948.344,8872.772,20.3,46.7,58.0,False,False,False,False,False,False,False,False,False,True,False
NOR,4,McLaren,48.0,4.0,MEDIUM,21.0,True,2.0,1,75.496,9023.84,8948.344,20.3,46.7,59.0,False,False,False,False,False,False,False,False,False,True,False
NOR,4,McLaren,49.0,4.0,MEDIUM,22.0,True,2.0,1,75.655,9099.495,9023.84,20.3,46.2,58.0,False,False,False,False,False,False,False,False,False,True,False
NOR,4,McLaren,50.0,4.0,MEDIUM,23.0,True,2.0,1,75.696,9175.191,9099.495,20.2,45.4,58.0,False,False,False,False,False,False,False,False,False,True,False
NOR,4,McLaren,51.0,4.0,MEDIUM,24.0,True,2.0,1,75.819,9251.01,9175.191,20.3,43.2,59.0,False,False,False,False,False,False,False,False,False,True,False
NOR,4,McLaren,52.0,4.0,MEDIUM,25.0,True,2.0,1,75.414,9326.424,9251.01,20.3,42.5,58.0,False,False,False,False,False,False,False,False,False,True,False
NOR,4,McLaren,53.0,4.0,MEDIUM,26.0,True,2.0,1,75.323,9401.747,9326.424,20.3,41.8,59.0,False,False,False,False,False,False,False,False,False,True,False
NOR,4,McLaren,54.0,4.0,MEDIUM,27.0,True,2.0,1,75.513,9477.26,9401.747,20.3,41.1,58.0,False,False,False,False,False,False,False,False,False,True,False
NOR,4,McLaren,55.0,4.0,MEDIUM,28.0,True,2.0,1,75.643,9552.903,9477.26,20.2,40.5,59.0,False,False,False,False,False,False,False,False,False,True,False
NOR,4,McLaren,56.0,4.0,MEDIUM,29.0,True,2.0,1,75.709,9628.612,9552.903,20.0,40.0,59.0,False,False,False,False,False,False,False,False,False,True,False
NOR,4,McLaren,57.0,4.0,MEDIUM,30.0,True,1.0,1,75.629,9704.241,9628.612,20.0,39.6,58.0,False,False,False,False,False,False,False,False,False,True,False
NOR,4,McLaren,58.0,4.0,MEDIUM,31.0,True,1.0,1,75.813,9780.054,9704.241,20.0,38.8,59.0,False,False,False,False,False,False,False,False,False,True,False
NOR,4,McLaren,59.0,4.0,MEDIUM,32.0,True,1.0,1,79.796,9859.85,9780.054,19.9,38.7,58.0,False,True,False,False,True,False,False,False,False,False,False
NOR,4,McLaren,60.0,5.0,SOFT,4.0,False,2.0,1,91.709,9951.559,9859.85,19.9,38.4,59.0,False,False,True,False,True,False,False,False,False,False,False
NOR,4,McLaren,61.0,5.0,SOFT,5.0,False,2.0,1,72.486,10024.045,9951.559,19.8,37.9,58.0,False,False,False,False,False,False,False,False,False,True,False
NOR,4,McLaren,62.0,5.0,SOFT,6.0,False,2.0,1,73.81,10097.855,10024.045,19.8,37.8,59.0,False,False,False,False,False,False,False,False,False,True,False
NOR,4,McLaren,63.0,5.0,SOFT,7.0,False,2.0,1,73.367,10171.222,10097.855,19.9,37.6,60.0,False,False,False,False,False,False,False,False,False,True,False
NOR,4,McLaren,64.0,5.0,SOFT,8.0,False,2.0,1,73.668,10244.89,10171.222,19.8,37.6,59.0,False,False,False,False,False,False,False,False,False,True,False
NOR,4,McLaren,65.0,5.0,SOFT,9.0,False,2.0,1,73.676,10318.566,10244.89,19.8,37.8,60.0,False,False,False,False,False,False,False,False,False,True,False
NOR,4,McLaren,66.0,5.0,SOFT,10.0,False,2.0,1,73.373,10391.939,10318.566,19.8,37.1,60.0,False,False,False,False,False,False,False,False,False,True,False
NOR,4,McLaren,67.0,5.0,SOFT,11.0,False,2.0,1,73.323,10465.262,10391.939,19.7,37.1,59.0,False,False,False,False,False,False,False,False,False,True,False
NOR,4,McLaren,68.0,5.0,SOFT,12.0,False,2.0,1,73.586,10538.848,10465.262,19.7,37.0,60.0,False,False,False,False,False,False,False,False,False,True,False
NOR,4,McLaren,69.0,5.0,SOFT,13.0,False,2.0,1,73.687,10612.535,10538.848,19.7,36.8,60.0,False,False,False,False,False,False,False,False,False,True,False
NOR,4,McLaren,70.0,5.0,SOFT,14.0,False,2.0,1,73.462,10685.997,10612.535,19.7,36.4,61.0,False,False,False,False,False,False,False,False,False,True,False
NOR,4,McLaren,71.0,5.0,SOFT,15.0,False,2.0,1,74.245,10760.242,10685.997,19.8,36.5,60.0,False,False,False,False,False,False,False,False,False,True,False
ALO,14,Aston Martin,1.0,1.0,SOFT,4.0,False,4.0,124,127.301,3870.422,3742.839,20.6,48.5,59.0,False,True,False,False,True,False,True,False,False,False,False
ALO,14,Aston Martin,2.0,2.0,SOFT,5.0,False,4.0,45,141.143,4011.565,3870.422,20.6,45.3,60.0,False,True,True,False,True,False,True,False,False,False,True
ALO,14,Aston Martin,3.0,3.0,SOFT,4.0,False,4.0,1,,5542.541,5400.364,20.7,49.1,56.0,False,False,True,True,True,False,False,False,False,False,False
ALO,14,Aston Martin,4.0,3.0,SOFT,5.0,False,3.0,1,123.054,5665.595,5542.541,20.9,49.7,54.0,False,False,False,False,False,False,False,False,False,True,False
ALO,14,Aston Martin,5.0,3.0,SOFT,6.0,False,3.0,1,76.483,5742.078,5665.595,21.0,50.2,55.0,False,False,False,False,False,False,False,False,False,True,False
ALO,14,Aston Martin,6.0,3.0,SOFT,7.0,False,3.0,1,75.925,5818.003,5742.078,21.0,49.8,57.0,False,False,False,False,False,False,False,False,False,True,False
ALO,14,Aston Martin,7.0,3.0,SOFT,8.0,False,3.0,1,75.972,5893.975,5818.003,21.1,49.6,57.0,False,False,False,False,False,False,False,False,False,True,False
ALO,14,Aston Martin,8.0,3.0,SOFT,9.0,False,3.0,1,76.111,5970.086,5893.975,21.1,49.7,58.0,False,False,False,False,False,False,False,False,False,True,False
ALO,14,Aston Martin,9.0,3.0,SOFT,10.0,False,3.0,1,76.277,6046.363,5970.086,21.1,49.3,58.0,False,False,False,False,False,False,False,False,False,True,False
ALO,14,Aston Martin,10.0,3.0,SOFT,11.0,False,3.0,1,76.25,6122.613,6046.363,21.0,49.4,58.0,False,False,False,False,False,False,False,False,False,True,False
ALO,14,Aston Martin,11.0,3.0,SOFT,12.0,False,3.0,1,76.412,6199.025,6122.613,20.9,49.2,58.0,False,False,False,False,False,False,False,False,False,True,False
ALO,14,Aston Martin,12.0,3.0,SOFT,13.0,False,3.0,1,76.484,6275.509,6199.025,20.8,48.9,57.0,False,False,False,False,False,False,False,False,False,True,False
ALO,14,Aston Martin,13.0,3.0,SOFT,14.0,False,3.0,1,76.336,6351.845,6275.509,20.8,49.1,55.0,False,False,False,False,False,False,False,False,False,True,False
ALO,14,Aston Martin,14.0,3.0,SOFT,15.0,False,3.0,1,76.341,6428.186,6351.845,20.6,49.1,57.0,False,False,False,False,False,False,False,False,False,True,False
ALO,14,Aston Martin,15.0,3.0,SOFT,16.0,False,3.0,1,76.398,6504.584,6428.186,20.6,48.9,56.0,False,False,False,False,False,False,False,False,False,True,False
ALO,14,Aston Martin,16.0,3.0,SOFT,17.0,False,3.0,1,76.388,6580.972,6504.584,20.8,48.9,55.0,False,False,False,False,False,False,False,False,False,True,False
ALO,14,Aston Martin,17.0,3.0,SOFT,18.0,False,3.0,1,76.617,6657.589,6580.972,20.9,49.0,55.0,False,False,False,False,False,False,False,False,False,True,False
ALO,14,Aston Martin,18.0,3.0,SOFT,19.0,False,3.0,1,76.954,6734.543,6657.589,21.0,48.7,56.0,False,False,False,False,False,False,False,False,False,True,False
ALO,14,Aston Martin,19.0,3.0,SOFT,20.0,False,3.0,1,76.51,6811.053,6734.543,20.9,48.8,57.0,False,False,False,False,False,False,False,False,False,True,False
ALO,14,Aston Martin,20.0,3.0,SOFT,21.0,False,3.0,1,76.853,6887.906,6811.053,20.8,48.9,57.0,False,False,False,False,False,False,False,False,False,True,False
ALO,14,Aston Martin,21.0,3.0,SOFT,22.0,False,3.0,1,76.615,6964.521,6887.906,20.5,48.3,59.0,False,False,False,False,False,False,False,False,False,True,False
ALO,14,Aston Martin,22.0,3.0,SOFT,23.0,False,3.0,1,76.5,7041.021,6964.521,20.6,48.3,59.0,False,False,False,False,False,False,False,False,False,True,False
ALO,14,Aston Martin,23.0,3.0,SOFT,24.0,False,3.0,1,76.687,7117.708,7041.021,20.4,48.3,59.0,False,False,False,False,False,False,False,False,False,True,False
ALO,14,Aston Martin,24.0,3.0,SOFT,25.0,False,3.0,1,77.281,7194.989,7117.708,20.5,48.5,59.0,False,False,False,False,False,False,False,False,False,True,False
ALO,14,Aston Martin,25.0,3.0,SOFT,26.0,False,3.0,1,80.972,7275.961,7194.989,20.5,48.1,58.0,False,True,False,False,True,False,False,False,False,False,False
ALO,14,Aston Martin,26.0,4.0,MEDIUM,1.0,True,4.0,1,93.588,7369.549,7275.961,20.5,47.8,58.0,False,False,True,False,True,False,False,False,False,False,False
ALO,14,Aston Martin,27.0,4.0,MEDIUM,2.0,True,3.0,1,76.331,7445.88,7369.549,20.6,48.7,57.0,False,False,False,False,False,False,False,False,False,True,False
ALO,14,Aston Martin,28.0,4.0,MEDIUM,3.0,True,3.0,1,76.202,7522.082,7445.88,20.7,48.8,56.0,False,False,False,False,False,False,False,False,False,True,False
ALO,14,Aston Martin,29.0,4.0,MEDIUM,4.0,True,3.0,1,76.128,7598.21,7522.082,20.5,48.8,57.0,False,False,False,False,False,False,False,False,False,True,False
ALO,14,Aston Martin,30.0,4.0,MEDIUM,5.0,True,3.0,1,76.059,7674.269,7598.21,20.4,48.4,57.0,False,False,False,False,False,False,False,False,False,True,False
ALO,14,Aston Martin,31.0,4.0,MEDIUM,6.0,True,3.0,1,76.095,7750.364,7674.269,20.5,48.0,57.0,False,False,False,False,False,False,False,False,False,True,False
ALO,14,Aston Martin,32.0,4.0,MEDIUM,7.0,True,3.0,1,76.028,7826.392,7750.364,20.5,47.8,58.0,False,False,False,False,False,False,False,False,False,True,False
ALO,14,Aston Martin,33.0,4.0,MEDIUM,8.0,True,3.0,1,75.836,7902.228,7826.392,20.4,47.4,58.0,False,False,False,False,False,False,False,False,False,True,False
ALO,14,Aston Martin,34.0,4.0,MEDIUM,9.0,True,3.0,1,75.849,7978.077,7902.228,20.3,47.3,60.0,False,False,False,False,False,False,False,False,False,True,False
ALO,14,Aston Martin,35.0,4.0,MEDIUM,10.0,True,3.0,1,75.721,8053.798,7978.077,20.2,47.2,60.0,False,False,False,False,False,False,False,False,False,True,False
ALO,14,Aston Martin,36.0,4.0,MEDIUM,11.0,True,3.0,1,75.944,8129.742,8053.798,20.2,47.2,59.0,False,False,False,False,False,False,False,False,False,True,False
ALO,14,Aston Martin,37.0,4.0,MEDIUM,12.0,True,3.0,1,75.701,8205.443,8129.742,20.3,47.3,58.0,False,False,False,False,False,False,False,False,False,True,False
ALO,14,Aston Martin,38.0,4.0,MEDIUM,13.0,True,3.0,1,75.949,8281.392,8205.443,20.5,47.5,59.0,False,False,False,False,False,False,False,False,False,True,False
ALO,14,Aston Martin,39.0,4.0,MEDIUM,14.0,True,3.0,1,76.015,8357.407,8281.392,20.5,47.5,58.0,False,False,False,False,False,False,False,False,False,True,False
ALO,14,Aston Martin,40.0,4.0,MEDIUM,15.0,True,3.0,1,76.07,8433.477,8357.407,20.4,47.2,58.0,False,False,False,False,False,False,False,False,False,True,False
ALO,14,Aston Martin,41.0,4.0,MEDIUM,16.0,True,3.0,1,76.136,8509.613,8433.477,20.4,47.0,59.0,False,False,False,False,False,False,False,False,False,True,False
ALO,14,Aston Martin,42.0,4.0,MEDIUM,17.0,True,3.0,1,76.262,8585.875,8509.613,20.5,47.1,58.0,False,False,False,False,False,False,False,False,False,True,False
ALO,14,Aston Martin,43.0,4.0,MEDIUM,18.0,True,3.0,1,75.773,8661.648,8585.875,20.5,46.9,59.0,False,False,False,False,False,False,False,False,False,True,False
ALO,14,Aston Martin,44.0,4.0,MEDIUM,19.0,True,3.0,1,75.836,8737.484,8661.648,20.4,47.1,59.0,False,False,False,False,False,False,False,False,False,True,False
ALO,14,Aston Martin,45.0,4.0,MEDIUM,20.0,True,3.0,1,75.912,8813.396,8737.484,20.3,47.1,59.0,False,False,False,False,False,False,False,False,False,True,False
ALO,14,Aston Martin,46.0,4.0,MEDIUM,21.0,True,3.0,1,75.74,8889.136,8813.396,20.3,46.8,59.0,False,False,False,False,False,False,False,False,False,True,False
ALO,14,Aston Martin,47.0,4.0,MEDIUM,22.0,True,3.0,1,79.763,8968.899,8889.136,20.3,46.7,58.0,False,True,False,False,True,False,False,False,False,False,False
ALO,14,Aston Martin,48.0,5.0,SOFT,1.0,True,5.0,1,93.326,9062.225,8968.899,20.3,46.2,58.0,False,False,True,False,True,False,False,False,False,False,False
ALO,14,Aston Martin,49.0,5.0,SOFT,2.0,True,5.0,1,75.582,9137.807,9062.225,20.2,45.4,58.0,False,False,False,False,False,False,False,False,False,True,False
ALO,14,Aston Martin,50.0,5.0,SOFT,3.0,True,5.0,1,75.783,9213.59,9137.807,20.2,44.9,58.0,False,False,False,False,False,False,False,False,False,True,False
ALO,14,Aston Martin,51.0,5.0,SOFT,4.0,True,5.0,1,75.39,9288.98,9213.59,20.3,43.2,59.0,False,False,False,False,False,False,False,False,False,True,False
ALO,14,Aston Martin,52.0,5.0,SOFT,5.0,True,4.0,1,75.345,9364.325,9288.98,20.3,41.8,59.0,False,False,False,False,False,False,False,False,False,True,False
ALO,14,Aston Martin,53.0,5.0,SOFT,6.0,True,3.0,1,74.796,9439.121,9364.325,20.3,41.1,58.0,False,False,False,False,False,False,False,False,False,True,False
ALO,14,Aston Martin,54.0,5.0,SOFT,7.0,True,3.0,1,74.442,9513.563,9439.121,20.3,40.5,59.0,False,False,False,False,False,False,False,False,False,True,False
ALO,14,Aston Martin,55.0,5.0,SOFT,8.0,True,3.0,1,74.695,9588.258,9513.563,20.2,40.5,59.0,False,False,False,False,False,False,False,False,False,True,False
ALO,14,Aston Martin,56.0,5.0,SOFT,9.0,True,3.0,1,74.765,9663.023,9588.258,20.0,39.6,58.0,False,False,False,False,False,False,False,False,False,True,False
ALO,14,Aston Martin,57.0,5.0,SOFT,10.0,True,3.0,1,74.694,9737.717,9663.023,20.0,39.6,59.0,False,False,False,False,False,False,False,False,False,True,False
ALO,14,Aston Martin,58.0,5.0,SOFT,11.0,True,3.0,1,74.523,9812.24,9737.717,20.0,38.8,59.0,False,False,False,False,False,False,False,False,False,True,False
ALO,14,Aston Martin,59.0,5.0,SOFT,12.0,True,3.0,1,74.677,9886.917,9812.24,19.9,38.7,58.0,False,False,False,False,False,False,False,False,False,True,False
ALO,14,Aston Martin,60.0,5.0,SOFT,13.0,True,3.0,1,74.999,9961.916,9886.917,19.8,38.0,58.0,False,False,False,False,False,False,False,False,False,True,False
ALO,14,Aston Martin,61.0,5.0,SOFT,14.0,True,3.0,1,74.912,10036.828,9961.916,19.8,37.9,58.0,False,False,False,False,False,False,False,False,False,True,False
ALO,14,Aston Martin,62.0,5.0,SOFT,15.0,True,3.0,1,74.674,10111.502,10036.828,19.8,37.8,59.0,False,False,False,False,False,False,False,False,False,True,False
ALO,14,Aston Martin,63.0,5.0,SOFT,16.0,True,3.0,1,74.652,10186.154,10111.502,19.9,37.6,60.0,False,False,False,False,False,False,False,False,False,True,False
ALO,14,Aston Martin,64.0,5.0,SOFT,17.0,True,3.0,1,74.517,10260.671,10186.154,19.9,37.8,59.0,False,False,False,False,False,False,False,False,False,True,False
ALO,14,Aston Martin,65.0,5.0,SOFT,18.0,True,3.0,1,74.601,10335.272,10260.671,19.8,37.8,60.0,False,False,False,False,False,False,False,False,False,True,False
ALO,14,Aston Martin,66.0,5.0,SOFT,19.0,True,3.0,1,74.556,10409.828,10335.272,19.8,37.1,60.0,False,False,False,False,False,False,False,False,False,True,False
ALO,14,Aston Martin,67.0,5.0,SOFT,20.0,True,3.0,1,74.526,10484.354,10409.828,19.7,37.1,59.0,False,False,False,False,False,False,False,False,False,True,False
ALO,14,Aston Martin,68.0,5.0,SOFT,21.0,True,3.0,1,74.943,10559.297,10484.354,19.7,36.8,60.0,False,False,False,False,False,False,False,False,False,True,False
ALO,14,Aston Martin,69.0,5.0,SOFT,22.0,True,3.0,1,75.011,10634.308,10559.297,19.6,36.6,61.0,False,False,False,False,False,False,False,False,False,True,False
ALO,14,Aston Martin,70.0,5.0,SOFT,23.0,True,4.0,1,76.364,10710.672,10634.308,19.7,36.4,61.0,False,False,False,False,False,False,False,False,False,True,False
ALO,14,Aston Martin,71.0,5.0,SOFT,24.0,True,3.0,1,75.448,10786.12,10710.672,19.8,36.5,60.0,False,False,False,False,False,False,False,False,False,True,False
PER,11,Red Bull Racing,1.0,1.0,SOFT,4.0,False,7.0,124,133.14,3876.253,3742.839,20.6,48.5,59.0,False,True,False,False,True,False,True,False,False,False,False
PER,11,Red Bull Racing,2.0,2.0,SOFT,5.0,False,7.0,45,144.049,4020.302,3876.253,20.5,45.3,60.0,False,True,True,False,True,False,True,False,False,False,True
PER,11,Red Bull Racing,3.0,3.0,SOFT,4.0,False,7.0,1,,5551.506,5400.364,20.7,49.1,56.0,False,False,True,True,True,False,False,False,False,False,False
PER,11,Red Bull Racing,4.0,3.0,SOFT,5.0,False,6.0,1,115.677,5667.183,5551.506,20.9,49.7,54.0,False,False,False,False,False,False,False,False,False,True,False
PER,11,Red Bull Racing,5.0,3.0,SOFT,6.0,False,6.0,1,77.043,5744.226,5667.183,21.0,50.2,55.0,False,False,False,False,False,False,False,False,False,True,False
PER,11,Red Bull Racing,6.0,3.0,SOFT,7.0,False,6.0,1,76.294,5820.52,5744.226,21.0,49.8,57.0,False,False,False,False,False,False,False,False,False,True,False
PER,11,Red Bull Racing,7.0,3.0,SOFT,8.0,False,6.0,1,76.365,5896.885,5820.52,21.1,49.6,57.0,False,False,False,False,False,False,False,False,False,True,False
PER,11,Red Bull Racing,8.0,3.0,SOFT,9.0,False,6.0,1,76.762,5973.647,5896.885,21.1,49.7,58.0,False,False,False,False,False,False,False,False,False,True,False
PER,11,Red Bull Racing,9.0,3.0,SOFT,10.0,False,6.0,1,76.54,6050.187,5973.647,21.1,49.3,58.0,False,False,False,False,False,False,False,False,False,True,False
PER,11,Red Bull Racing,10.0,3.0,SOFT,11.0,False,6.0,1,76.541,6126.728,6050.187,21.0,49.4,58.0,False,False,False,False,False,False,False,False,False,True,False
PER,11,Red Bull Racing,11.0,3.0,SOFT,12.0,False,6.0,1,77.152,6203.88,6126.728,20.9,49.2,58.0,False,False,False,False,False,False,False,False,False,True,False
PER,11,Red Bull Racing,12.0,3.0,SOFT,13.0,False,6.0,1,76.878,6280.758,6203.88,20.8,48.9,57.0,False,False,False,False,False,False,False,False,False,True,False
PER,11,Red Bull Racing,13.0,3.0,SOFT,14.0,False,6.0,1,76.966,6357.724,6280.758,20.8,49.1,55.0,False,False,False,False,False,False,False,False,False,True,False
PER,11,Red Bull Racing,14.0,3.0,SOFT,15.0,False,5.0,1,77.24,6434.964,6357.724,20.6,49.1,57.0,False,False,False,False,False,False,False,False,False,True,False
PER,11,Red Bull Racing,15.0,3.0,SOFT,16.0,False,5.0,1,76.7,6511.664,6434.964,20.6,48.9,56.0,False,False,False,False,False,False,False,False,False,True,False
PER,11,Red Bull Racing,16.0,3.0,SOFT,17.0,False,5.0,1,76.547,6588.211,6511.664,20.8,48.9,55.0,False,False,False,False,False,False,False,False,False,True,False
PER,11,Red Bull Racing,17.0,3.0,SOFT,18.0,False,5.0,1,77.27,6665.481,6588.211,21.0,48.7,56.0,False,False,False,False,False,False,False,False,False,True,False
PER,11,Red Bull Racing,18.0,3.0,SOFT,19.0,False,4.0,1,77.261,6742.742,6665.481,21.0,48.7,56.0,False,False,False,False,False,False,False,False,False,True,False
PER,11,Red Bull Racing,19.0,3.0,SOFT,20.0,False,4.0,1,76.93,6819.672,6742.742,20.9,48.8,57.0,False,False,False,False,False,False,False,False,False,True,False
PER,11,Red Bull Racing,20.0,3.0,SOFT,21.0,False,6.0,1,80.985,6900.657,6819.672,20.6,48.9,58.0,False,True,False,False,True,False,False,False,False,False,False
PER,11,Red Bull Racing,21.0,4.0,MEDIUM,1.0,True,9.0,1,92.885,6993.542,6900.657,20.5,48.3,59.0,False,False,True,False,True,False,False,False,False,False,False
PER,11,Red Bull Racing,22.0,4.0,MEDIUM,2.0,True,9.0,1,75.998,7069.54,6993.542,20.6,48.3,59.0,False,False,False,False,False,False,False,False,False,True,False
PER,11,Red Bull Racing,23.0,4.0,MEDIUM,3.0,True,7.0,1,76.388,7145.928,7069.54,20.5,48.5,59.0,False,False,False,False,False,False,False,False,False,True,False
PER,11,Red Bull Racing,24.0,4.0,MEDIUM,4.0,True,7.0,1,76.056,7221.984,7145.928,20.5,48.1,58.0,False,False,False,False,False,False,False,False,False,True,False
PER,11,Red Bull Racing,25.0,4.0,MEDIUM,5.0,True,7.0,1,75.969,7297.953,7221.984,20.5,48.1,58.0,False,False,False,False,False,False,False,False,False,True,False
PER,11,Red Bull Racing,26.0,4.0,MEDIUM,6.0,True,7.0,1,75.791,7373.744,7297.953,20.5,47.8,58.0,False,False,False,False,False,False,False,False,False,True,False
PER,11,Red Bull Racing,27.0,4.0,MEDIUM,7.0,True,4.0,1,75.463,7449.207,7373.744,20.6,48.7,57.0,False,False,False,False,False,False,False,False,False,True,False
PER,11,Red Bull Racing,28.0,4.0,MEDIUM,8.0,True,4.0,1,75.654,7524.861,7449.207,20.7,48.8,56.0,False,False,False,False,False,False,False,False,False,True,False
PER,11,Red Bull Racing,29.0,4.0,MEDIUM,9.0,True,4.0,1,75.842,7600.703,7524.861,20.5,48.8,57.0,False,False,False,False,False,False,False,False,False,True,False
PER,11,Red Bull Racing,30.0,4.0,MEDIUM,10.0,True,4.0,1,75.848,7676.551,7600.703,20.4,48.4,57.0,False,False,False,False,False,False,False,False,False,True,False
PER,11,Red Bull Racing,31.0,4.0,MEDIUM,11.0,True,4.0,1,75.778,7752.329,7676.551,20.5,48.0,57.0,False,False,False,False,False,False,False,False,False,True,False
PER,11,Red Bull Racing,32.0,4.0,MEDIUM,12.0,True,4.0,1,75.759,7828.088,7752.329,20.5,47.8,58.0,False,False,False,False,False,False,False,False,False,True,False
PER,11,Red Bull Racing,33.0,4.0,MEDIUM,13.0,True,4.0,1,75.641,7903.729,7828.088,20.4,47.4,58.0,False,False,False,False,False,False,False,False,False,True,False
PER,11,Red Bull Racing,34.0,4.0,MEDIUM,14.0,True,4.0,1,75.732,7979.461,7903.729,20.3,47.3,60.0,False,False,False,False,False,False,False,False,False,True,False
PER,11,Red Bull Racing,35.0,4.0,MEDIUM,15.0,True,4.0,1,75.527,8054.988,7979.461,20.2,47.2,60.0,False,False,False,False,False,False,False,False,False,True,False
PER,11,Red Bull Racing,36.0,4.0,MEDIUM,16.0,True,4.0,1,75.996,8130.984,8054.988,20.2,47.2,59.0,False,False,False,False,False,False,False,False,False,True,False
PER,11,Red Bull Racing,37.0,4.0,MEDIUM,17.0,True,4.0,1,76.062,8207.046,8130.984,20.3,47.3,58.0,False,False,False,False,False,False,False,False,False,True,False
PER,11,Red Bull Racing,38.0,4.0,MEDIUM,18.0,True,4.0,1,76.028,8283.074,8207.046,20.5,47.5,59.0,False,False,False,False,False,False,False,False,False,True,False
PER,11,Red Bull Racing,39.0,4.0,MEDIUM,19.0,True,4.0,1,76.126,8359.2,8283.074,20.5,47.5,58.0,False,False,False,False,False,False,False,False,False,True,False
PER,11,Red Bull Racing,40.0,4.0,MEDIUM,20.0,True,4.0,1,76.415,8435.615,8359.2,20.4,47.2,58.0,False,False,False,False,False,False,False,False,False,True,False
PER,11,Red Bull Racing,41.0,4.0,MEDIUM,21.0,True,4.0,1,76.078,8511.693,8435.615,20.4,47.0,59.0,False,False,False,False,False,False,False,False,False,True,False
PER,11,Red Bull Racing,42.0,4.0,MEDIUM,22.0,True,4.0,1,76.038,8587.731,8511.693,20.5,47.1,58.0,False,False,False,False,False,False,False,False,False,True,False
PER,11,Red Bull Racing,43.0,4.0,MEDIUM,23.0,True,4.0,1,76.308,8664.039,8587.731,20.5,46.9,59.0,False,False,False,False,False,False,False,False,False,True,False
PER,11,Red Bull Racing,44.0,4.0,MEDIUM,24.0,True,4.0,1,76.369,8740.408,8664.039,20.4,47.1,59.0,False,False,False,False,False,False,False,False,False,True,False
PER,11,Red Bull Racing,45.0,4.0,MEDIUM,25.0,True,4.0,1,76.32,8816.728,8740.408,20.3,47.1,59.0,False,False,False,False,False,False,False,False,False,True,False
PER,11,Red Bull Racing,46.0,4.0,MEDIUM,26.0,True,4.0,1,80.234,8896.962,8816.728,20.3,46.8,59.0,False,True,False,False,True,False,False,False,False,False,False
PER,11,Red Bull Racing,47.0,5.0,SOFT,4.0,False,7.0,1,93.339,8990.301,8896.962,20.3,46.7,58.0,False,False,True,False,True,False,False,False,False,False,False
PER,11,Red Bull Racing,48.0,5.0,SOFT,5.0,False,6.0,1,75.224,9065.525,8990.301,20.3,46.2,58.0,False,False,False,False,False,False,False,False,False,True,False
PER,11,Red Bull Racing,49.0,5.0,SOFT,6.0,False,6.0,1,74.977,9140.502,9065.525,20.2,45.4,58.0,False,False,False,False,False,False,False,False,False,True,False
PER,11,Red Bull Racing,50.0,5.0,SOFT,7.0,False,6.0,1,75.34,9215.842,9140.502,20.2,44.9,58.0,False,False,False,False,False,False,False,False,False,True,False
PER,11,Red Bull Racing,51.0,5.0,SOFT,8.0,False,6.0,1,74.778,9290.62,9215.842,20.3,43.2,59.0,False,False,False,False,False,False,False,False,False,True,False
PER,11,Red Bull Racing,52.0,5.0,SOFT,9.0,False,5.0,1,74.749,9365.369,9290.62,20.3,41.8,59.0,False,False,False,False,False,False,False,False,False,True,False
PER,11,Red Bull Racing,53.0,5.0,SOFT,10.0,False,4.0,1,74.759,9440.128,9365.369,20.3,41.1,58.0,False,False,False,False,False,False,False,False,False,True,False
PER,11,Red Bull Racing,54.0,5.0,SOFT,11.0,False,4.0,1,74.477,9514.605,9440.128,20.3,40.5,59.0,False,False,False,False,False,False,False,False,False,True,False
PER,11,Red Bull Racing,55.0,5.0,SOFT,12.0,False,4.0,1,74.124,9588.729,9514.605,20.2,40.5,59.0,False,False,False,False,False,False,False,False,False,True,False
PER,11,Red Bull Racing,56.0,5.0,SOFT,13.0,False,4.0,1,74.956,9663.685,9588.729,20.0,39.6,58.0,False,False,False,False,False,False,False,False,False,True,False
PER,11,Red Bull Racing,57.0,5.0,SOFT,14.0,False,4.0,1,74.686,9738.371,9663.685,20.0,39.6,59.0,False,False,False,False,False,False,False,False,False,True,False
PER,11,Red Bull Racing,58.0,5.0,SOFT,15.0,False,4.0,1,74.36,9812.731,9738.371,20.0,38.8,59.0,False,False,False,False,False,False,False,False,False,True,False
PER,11,Red Bull Racing,59.0,5.0,SOFT,16.0,False,4.0,1,74.543,9887.274,9812.731,19.9,38.7,58.0,False,False,False,False,False,False,False,False,False,True,False
PER,11,Red Bull Racing,60.0,5.0,SOFT,17.0,False,4.0,1,75.126,9962.4,9887.274,19.8,38.0,58.0,False,False,False,False,False,False,False,False,False,True,False
PER,11,Red Bull Racing,61.0,5.0,SOFT,18.0,False,4.0,1,75.048,10037.448,9962.4,19.8,37.9,58.0,False,False,False,False,False,False,False,False,False,True,False
PER,11,Red Bull Racing,62.0,5.0,SOFT,19.0,False,4.0,1,74.771,10112.219,10037.448,19.8,37.8,59.0,False,False,False,False,False,False,False,False,False,True,False
PER,11,Red Bull Racing,63.0,5.0,SOFT,20.0,False,4.0,1,74.638,10186.857,10112.219,19.9,37.6,60.0,False,False,False,False,False,False,False,False,False,True,False
PER,11,Red Bull Racing,64.0,5.0,SOFT,21.0,False,4.0,1,74.349,10261.206,10186.857,19.9,37.8,59.0,False,False,False,False,False,False,False,False,False,True,False
PER,11,Red Bull Racing,65.0,5.0,SOFT,22.0,False,4.0,1,74.757,10335.963,10261.206,19.8,37.8,60.0,False,False,False,False,False,False,False,False,False,True,False
PER,11,Red Bull Racing,66.0,5.0,SOFT,23.0,False,4.0,1,74.44,10410.403,10335.963,19.8,37.1,60.0,False,False,False,False,False,False,False,False,False,True,False
PER,11,Red Bull Racing,67.0,5.0,SOFT,24.0,False,4.0,1,74.712,10485.115,10410.403,19.7,37.1,59.0,False,False,False,False,False,False,False,False,False,True,False
PER,11,Red Bull Racing,68.0,5.0,SOFT,25.0,False,4.0,1,74.699,10559.814,10485.115,19.7,36.8,60.0,False,False,False,False,False,False,False,False,False,True,False
PER,11,Red Bull Racing,69.0,5.0,SOFT,26.0,False,4.0,1,74.768,10634.582,10559.814,19.6,36.6,61.0,False,False,False,False,False,False,False,False,False,True,False
PER,11,Red Bull Racing,70.0,5.0,SOFT,27.0,False,3.0,1,75.652,10710.234,10634.582,19.7,36.4,61.0,False,False,False,False,False,False,False,False,False,True,False
PER,11,Red Bull Racing,71.0,5.0,SOFT,28.0,False,4.0,1,75.939,10786.173,10710.234,19.8,36.5,60.0,False,False,False,False,False,False,False,False,False,True,False
STR,18,Aston Martin,1.0,1.0,SOFT,1.0,True,5.0,124,128.727,3871.861,3742.839,20.6,48.5,59.0,False,True,False,False,True,False,True,False,False,False,False
STR,18,Aston Martin,2.0,2.0,SOFT,2.0,False,5.0,45,142.163,4014.024,3871.861,20.6,45.3,60.0,False,True,True,False,True,False,True,False,False,False,True
STR,18,Aston Martin,3.0,3.0,SOFT,4.0,False,5.0,1,,5544.445,5400.364,20.7,49.1,56.0,False,False,True,True,True,False,False,False,False,False,False
STR,18,Aston Martin,4.0,3.0,SOFT,5.0,False,7.0,1,123.17,5667.615,5544.445,20.9,49.7,54.0,False,False,False,False,False,False,False,False,False,True,False
STR,18,Aston Martin,5.0,3.0,SOFT,6.0,False,7.0,1,76.959,5744.574,5667.615,21.0,50.2,55.0,False,False,False,False,False,False,False,False,False,True,False
STR,18,Aston Martin,6.0,3.0,SOFT,7.0,False,7.0,1,76.443,5821.017,5744.574,21.0,49.8,57.0,False,False,False,False,False,False,False,False,False,True,False
STR,18,Aston Martin,7.0,3.0,SOFT,8.0,False,7.0,1,76.455,5897.472,5821.017,21.1,49.6,57.0,False,False,False,False,False,False,False,False,False,True,False
STR,18,Aston Martin,8.0,3.0,SOFT,9.0,False,7.0,1,76.467,5973.939,5897.472,21.1,49.7,58.0,False,False,False,False,False,False,False,False,False,True,False
STR,18,Aston Martin,9.0,3.0,SOFT,10.0,False,7.0,1,76.7,6050.639,5973.939,21.1,49.3,58.0,False,False,False,False,False,False,False,False,False,True,False
STR,18,Aston Martin,10.0,3.0,SOFT,11.0,False,7.0,1,76.915,6127.554,6050.639,21.0,49.4,58.0,False,False,False,False,False,False,False,False,False,True,False
STR,18,Aston Martin,11.0,3.0,SOFT,12.0,False,7.0,1,76.932,6204.486,6127.554,20.9,49.2,58.0,False,False,False,False,False,False,False,False,False,True,False
STR,18,Aston Martin,12.0,3.0,SOFT,13.0,False,7.0,1,77.048,6281.534,6204.486,20.8,48.9,57.0,False,False,False,False,False,False,False,False,False,True,False
STR,18,Aston Martin,13.0,3.0,SOFT,14.0,False,7.0,1,77.079,6358.613,6281.534,20.6,48.8,56.0,False,False,False,False,False,False,False,False,False,True,False
STR,18,Aston Martin,14.0,3.0,SOFT,15.0,False,7.0,1,77.417,6436.03,6358.613,20.6,49.1,57.0,False,False,False,False,False,False,False,False,False,True,False
STR,18,Aston Martin,15.0,3.0,SOFT,16.0,False,7.0,1,77.253,6513.283,6436.03,20.6,48.9,56.0,False,False,False,False,False,False,False,False,False,True,False
STR,18,Aston Martin,16.0,3.0,SOFT,17.0,False,7.0,1,77.281,6590.564,6513.283,20.8,48.9,55.0,False,False,False,False,False,False,False,False,False,True,False
STR,18,Aston Martin,17.0,3.0,SOFT,18.0,False,7.0,1,77.275,6667.839,6590.564,21.0,48.7,56.0,False,False,False,False,False,False,False,False,False,True,False
STR,18,Aston Martin,18.0,3.0,SOFT,19.0,False,6.0,1,77.406,6745.245,6667.839,21.0,48.7,56.0,False,False,False,False,False,False,False,False,False,True,False
STR,18,Aston Martin,19.0,3.0,SOFT,20.0,False,5.0,1,77.276,6822.521,6745.245,20.9,48.8,57.0,False,False,False,False,False,False,False,False,False,True,False
STR,18,Aston Martin,20.0,3.0,SOFT,21.0,False,4.0,1,77.197,6899.718,6822.521,20.6,48.9,58.0,False,False,False,False,False,False,False,False,False,True,False
STR,18,Aston Martin,21.0,3.0,SOFT,22.0,False,4.0,1,77.361,6977.079,6899.718,20.5,48.3,59.0,False,False,False,False,False,False,False,False,False,True,False
STR,18,Aston Martin,22.0,3.0,SOFT,23.0,False,6.0,1,80.608,7057.687,6977.079,20.6,48.3,59.0,False,True,False,False,True,False,False,False,False,False,False
STR,18,Aston Martin,23.0,4.0,MEDIUM,1.0,True,10.0,1,92.681,7150.368,7057.687,20.5,48.5,59.0,False,False,True,False,True,False,False,False,False,False,False
STR,18,Aston Martin,24.0,4.0,MEDIUM,2.0,True,9.0,1,75.676,7226.044,7150.368,20.5,48.1,58.0,False,False,False,False,False,False,False,False,False,True,False
STR,18,Aston Martin,25.0,4.0,MEDIUM,3.0,True,9.0,1,75.797,7301.841,7226.044,20.5,48.1,58.0,False,False,False,False,False,False,False,False,False,True,False
STR,18,Aston Martin,26.0,4.0,MEDIUM,4.0,True,8.0,1,75.772,7377.613,7301.841,20.5,47.8,58.0,False,False,False,False,False,False,False,False,False,True,False
STR,18,Aston Martin,27.0,4.0,MEDIUM,5.0,True,5.0,1,75.879,7453.492,7377.613,20.6,48.7,57.0,False,False,False,False,False,False,False,False,False,True,False
STR,18,Aston Martin,28.0,4.0,MEDIUM,6.0,True,5.0,1,76.038,7529.53,7453.492,20.7,48.8,56.0,False,False,False,False,False,False,False,False,False,True,False
STR,18,Aston Martin,29.0,4.0,MEDIUM,7.0,True,5.0,1,75.929,7605.459,7529.53,20.5,48.8,57.0,False,False,False,False,False,False,False,False,False,True,False
STR,18,Aston Martin,30.0,4.0,MEDIUM,8.0,True,5.0,1,75.913,7681.372,7605.459,20.4,48.0,57.0,False,False,False,False,False,False,False,False,False,True,False
STR,18,Aston Martin,31.0,4.0,MEDIUM,9.0,True,5.0,1,75.905,7757.277,7681.372,20.5,48.0,57.0,False,False,False,False,False,False,False,False,False,True,False
STR,18,Aston Martin,32.0,4.0,MEDIUM,10.0,True,5.0,1,76.093,7833.37,7757.277,20.5,47.8,58.0,False,False,False,False,False,False,False,False,False,True,False
STR,18,Aston Martin,33.0,4.0,MEDIUM,11.0,True,5.0,1,75.843,7909.213,7833.37,20.4,47.4,58.0,False,False,False,False,False,False,False,False,False,True,False
STR,18,Aston Martin,34.0,4.0,MEDIUM,12.0,True,5.0,1,76.135,7985.348,7909.213,20.3,47.3,60.0,False,False,False,False,False,False,False,False,False,True,False
STR,18,Aston Martin,35.0,4.0,MEDIUM,13.0,True,5.0,1,75.73,8061.078,7985.348,20.2,47.2,60.0,False,False,False,False,False,False,False,False,False,True,False
STR,18,Aston Martin,36.0,4.0,MEDIUM,14.0,True,5.0,1,75.565,8136.643,8061.078,20.2,47.2,59.0,False,False,False,False,False,False,False,False,False,True,False
STR,18,Aston Martin,37.0,4.0,MEDIUM,15.0,True,5.0,1,75.93,8212.573,8136.643,20.3,47.3,58.0,False,False,False,False,False,False,False,False,False,True,False
STR,18,Aston Martin,38.0,4.0,MEDIUM,16.0,True,5.0,1,75.822,8288.395,8212.573,20.5,47.5,59.0,False,False,False,False,False,False,False,False,False,True,False
STR,18,Aston Martin,39.0,4.0,MEDIUM,17.0,True,5.0,1,76.176,8364.571,8288.395,20.5,47.5,58.0,False,False,False,False,False,False,False,False,False,True,False
STR,18,Aston Martin,40.0,4.0,MEDIUM,18.0,True,5.0,1,75.99,8440.561,8364.571,20.4,47.2,58.0,False,False,False,False,False,False,False,False,False,True,False
STR,18,Aston Martin,41.0,4.0,MEDIUM,19.0,True,5.0,1,75.944,8516.505,8440.561,20.4,47.0,59.0,False,False,False,False,False,False,False,False,False,True,False
STR,18,Aston Martin,42.0,4.0,MEDIUM,20.0,True,5.0,1,76.185,8592.69,8516.505,20.5,47.1,58.0,False,False,False,False,False,False,False,False,False,True,False
STR,18,Aston Martin,43.0,4.0,MEDIUM,21.0,True,5.0,1,76.266,8668.956,8592.69,20.5,46.9,59.0,False,False,False,False,False,False,False,False,False,True,False
STR,18,Aston Martin,44.0,4.0,MEDIUM,22.0,True,5.0,1,76.56,8745.516,8668.956,20.4,47.1,59.0,False,False,False,False,False,False,False,False,False,True,False
STR,18,Aston Martin,45.0,4.0,MEDIUM,23.0,True,5.0,1,76.481,8821.997,8745.516,20.3,47.1,59.0,False,False,False,False,False,False,False,False,False,True,False
STR,18,Aston Martin,46.0,4.0,MEDIUM,24.0,True,5.0,1,76.191,8898.188,8821.997,20.3,46.8,59.0,False,False,False,False,False,False,False,False,False,True,False
STR,18,Aston Martin,47.0,4.0,MEDIUM,25.0,True,4.0,1,76.258,8974.446,8898.188,20.3,46.7,58.0,False,False,False,False,False,False,False,False,False,True,False
STR,18,Aston Martin,48.0,4.0,MEDIUM,26.0,True,3.0,1,76.149,9050.595,8974.446,20.3,46.7,59.0,False,False,False,False,False,False,False,False,False,True,False
STR,18,Aston Martin,49.0,4.0,MEDIUM,27.0,True,3.0,1,76.198,9126.793,9050.595,20.2,45.4,58.0,False,False,False,False,False,False,False,False,False,True,False
STR,18,Aston Martin,50.0,4.0,MEDIUM,28.0,True,3.0,1,75.943,9202.736,9126.793,20.2,44.9,58.0,False,False,False,False,False,False,False,False,False,True,False
STR,18,Aston Martin,51.0,4.0,MEDIUM,29.0,True,3.0,1,76.442,9279.178,9202.736,20.3,43.2,59.0,False,False,False,False,False,False,False,False,False,True,False
STR,18,Aston Martin,52.0,4.0,MEDIUM,30.0,True,3.0,1,79.716,9358.894,9279.178,20.3,41.8,59.0,False,True,False,False,True,False,False,False,False,False,False
STR,18,Aston Martin,53.0,5.0,SOFT,3.0,False,6.0,1,94.137,9453.031,9358.894,20.3,41.1,58.0,False,False,True,False,True,False,False,False,False,False,False
STR,18,Aston Martin,54.0,5.0,SOFT,4.0,False,6.0,1,74.408,9527.439,9453.031,20.3,40.5,59.0,False,False,False,False,False,False,False,False,False,True,False
STR,18,Aston Martin,55.0,5.0,SOFT,5.0,False,5.0,1,75.148,9602.587,9527.439,20.0,40.0,59.0,False,False,False,False,False,False,False,False,False,True,False
STR,18,Aston Martin,56.0,5.0,SOFT,6.0,False,5.0,1,74.729,9677.316,9602.587,20.0,39.6,58.0,False,False,False,False,False,False,False,False,False,True,False
STR,18,Aston Martin,57.0,5.0,SOFT,7.0,False,5.0,1,74.646,9751.962,9677.316,20.0,39.6,59.0,False,False,False,False,False,False,False,False,False,True,False
STR,18,Aston Martin,58.0,5.0,SOFT,8.0,False,5.0,1,74.522,9826.484,9751.962,20.0,38.8,59.0,False,False,False,False,False,False,False,False,False,True,False
STR,18,Aston Martin,59.0,5.0,SOFT,9.0,False,5.0,1,74.13,9900.614,9826.484,19.9,38.4,59.0,False,False,False,False,False,False,False,False,False,True,False
STR,18,Aston Martin,60.0,5.0,SOFT,10.0,False,5.0,1,74.409,9975.023,9900.614,19.8,38.0,58.0,False,False,False,False,False,False,False,False,False,True,False
STR,18,Aston Martin,61.0,5.0,SOFT,11.0,False,5.0,1,74.477,10049.5,9975.023,19.8,37.9,58.0,False,False,False,False,False,False,False,False,False,True,False
STR,18,Aston Martin,62.0,5.0,SOFT,12.0,False,5.0,1,74.34,10123.84,10049.5,19.8,37.8,59.0,False,False,False,False,False,False,False,False,False,True,False
STR,18,Aston Martin,63.0,5.0,SOFT,13.0,False,5.0,1,74.282,10198.122,10123.84,19.8,37.6,59.0,False,False,False,False,False,False,False,False,False,True,False
STR,18,Aston Martin,64.0,5.0,SOFT,14.0,False,5.0,1,74.085,10272.207,10198.122,19.9,37.8,59.0,False,False,False,False,False,False,False,False,False,True,False
STR,18,Aston Martin,65.0,5.0,SOFT,15.0,False,5.0,1,74.231,10346.438,10272.207,19.8,37.8,60.0,False,False,False,False,False,False,False,False,False,True,False
STR,18,Aston Martin,66.0,5.0,SOFT,16.0,False,5.0,1,74.366,10420.804,10346.438,19.8,37.1,60.0,False,False,False,False,False,False,False,False,False,True,False
STR,18,Aston Martin,67.0,5.0,SOFT,17.0,False,5.0,1,74.007,10494.811,10420.804,19.7,37.1,59.0,False,False,False,False,False,False,False,False,False,True,False
STR,18,Aston Martin,68.0,5.0,SOFT,18.0,False,5.0,1,74.396,10569.207,10494.811,19.7,36.8,60.0,False,False,False,False,False,False,False,False,False,True,False
STR,18,Aston Martin,69.0,5.0,SOFT,19.0,False,5.0,1,74.338,10643.545,10569.207,19.6,36.6,61.0,False,False,False,False,False,False,False,False,False,True,False
STR,18,Aston Martin,70.0,5.0,SOFT,20.0,False,5.0,1,74.508,10718.053,10643.545,19.7,36.4,61.0,False,False,False,False,False,False,False,False,False,True,False
STR,18,Aston Martin,71.0,5.0,SOFT,21.0,False,5.0,1,74.757,10792.81,10718.053,19.8,36.5,60.0,False,False,False,False,False,False,False,False,False,True,False
SAI,55,Ferrari,1.0,1.0,SOFT,3.0,False,8.0,124,134.431,3877.538,3742.839,20.6,48.5,59.0,False,True,False,False,True,False,True,False,False,False,False
SAI,55,Ferrari,2.0,2.0,SOFT,4.0,False,8.0,45,144.671,4022.209,3877.538,20.5,45.3,60.0,False,True,True,False,True,False,True,False,False,False,True
SAI,55,Ferrari,3.0,3.0,SOFT,5.0,False,8.0,1,,5555.576,5400.364,20.7,49.1,56.0,False,False,True,True,True,False,False,False,False,False,False
SAI,55,Ferrari,4.0,3.0,SOFT,6.0,False,8.0,1,112.248,5667.824,5555.576,20.9,49.7,54.0,False,False,False,False,False,False,False,False,False,True,False
SAI,55,Ferrari,5.0,3.0,SOFT,7.0,False,8.0,1,77.24,5745.064,5667.824,21.0,50.2,55.0,False,False,False,False,False,False,False,False,False,True,False
SAI,55,Ferrari,6.0,3.0,SOFT,8.0,False,8.0,1,76.543,5821.607,5745.064,21.0,49.8,57.0,False,False,False,False,False,False,False,False,False,True,False
SAI,55,Ferrari,7.0,3.0,SOFT,9.0,False,8.0,1,76.465,5898.072,5821.607,21.1,49.6,57.0,False,False,False,False,False,False,False,False,False,True,False
SAI,55,Ferrari,8.0,3.0,SOFT,10.0,False,8.0,1,76.539,5974.611,5898.072,21.1,49.7,58.0,False,False,False,False,False,False,False,False,False,True,False
SAI,55,Ferrari,9.0,3.0,SOFT,11.0,False,8.0,1,76.623,6051.234,5974.611,21.1,49.3,58.0,False,False,False,False,False,False,False,False,False,True,False
SAI,55,Ferrari,10.0,3.0,SOFT,12.0,False,8.0,1,76.844,6128.078,6051.234,21.0,49.4,58.0,False,False,False,False,False,False,False,False,False,True,False
SAI,55,Ferrari,11.0,3.0,SOFT,13.0,False,8.0,1,76.897,6204.975,6128.078,20.9,49.2,58.0,False,False,False,False,False,False,False,False,False,True,False
SAI,55,Ferrari,12.0,3.0,SOFT,14.0,False,8.0,1,77.19,6282.165,6204.975,20.8,48.9,57.0,False,False,False,False,False,False,False,False,False,True,False
SAI,55,Ferrari,13.0,3.0,SOFT,15.0,False,8.0,1,76.895,6359.06,6282.165,20.6,48.8,56.0,False,False,False,False,False,False,False,False,False,True,False
SAI,55,Ferrari,14.0,3.0,SOFT,16.0,False,8.0,1,77.355,6436.415,6359.06,20.6,49.1,57.0,False,False,False,False,False,False,False,False,False,True,False
SAI,55,Ferrari,15.0,3.0,SOFT,17.0,False,8.0,1,77.383,6513.798,6436.415,20.6,48.9,56.0,False,False,False,False,False,False,False,False,False,True,False
SAI,55,Ferrari,16.0,3.0,SOFT,18.0,False,8.0,1,77.506,6591.304,6513.798,20.8,48.9,55.0,False,False,False,False,False,False,False,False,False,True,False
SAI,55,Ferrari,17.0,3.0,SOFT,19.0,False,8.0,1,77.265,6668.569,6591.304,21.0,48.7,56.0,False,False,False,False,False,False,False,False,False,True,False
SAI,55,Ferrari,18.0,3.0,SOFT,20.0,False,7.0,1,77.343,6745.912,6668.569,21.0,48.7,56.0,False,False,False,False,False,False,False,False,False,True,False
SAI,55,Ferrari,19.0,3.0,SOFT,21.0,False,6.0,1,77.221,6823.133,6745.912,20.9,48.8,57.0,False,False,False,False,False,False,False,False,False,True,False
SAI,55,Ferrari,20.0,3.0,SOFT,22.0,False,5.0,1,77.229,6900.362,6823.133,20.6,48.9,58.0,False,False,False,False,False,False,False,False,False,True,False
SAI,55,Ferrari,21.0,3.0,SOFT,23.0,False,5.0,1,77.36,6977.722,6900.362,20.5,48.3,59.0,False,False,False,False,False,False,False,False,False,True,False
SAI,55,Ferrari,22.0,3.0,SOFT,24.0,False,4.0,1,77.022,7054.744,6977.722,20.6,48.3,59.0,False,False,False,False,False,False,False,False,False,True,False
SAI,55,Ferrari,23.0,3.0,SOFT,25.0,False,4.0,1,76.752,7131.496,7054.744,20.4,48.3,59.0,False,False,False,False,False,False,False,False,False,True,False
SAI,55,Ferrari,24.0,3.0,SOFT,26.0,False,4.0,1,77.139,7208.635,7131.496,20.5,48.1,58.0,False,False,False,False,False,False,False,False,False,True,False
SAI,55,Ferrari,25.0,3.0,SOFT,27.0,False,4.0,1,77.424,7286.059,7208.635,20.5,48.1,58.0,False,False,False,False,False,False,False,False,False,True,False
SAI,55,Ferrari,26.0,3.0,SOFT,28.0,False,3.0,1,81.058,7367.117,7286.059,20.5,47.8,58.0,False,True,False,False,True,False,False,False,False,False,False
SAI,55,Ferrari,27.0,4.0,MEDIUM,1.0,True,9.0,1,92.852,7459.969,7367.117,20.6,48.7,57.0,False,False,True,False,True,False,False,False,False,False,False
SAI,55,Ferrari,28.0,4.0,MEDIUM,2.0,True,8.0,1,75.399,7535.368,7459.969,20.7,48.8,56.0,False,False,False,False,False,False,False,False,False,True,False
SAI,55,Ferrari,29.0,4.0,MEDIUM,3.0,True,8.0,1,75.836,7611.204,7535.368,20.5,48.8,57.0,False,False,False,False,False,False,False,False,False,True,False
SAI,55,Ferrari,30.0,4.0,MEDIUM,4.0,True,8.0,1,75.758,7686.962,7611.204,20.4,48.0,57.0,False,False,False,False,False,False,False,False,False,True,False
SAI,55,Ferrari,31.0,4.0,MEDIUM,5.0,True,8.0,1,75.59,7762.552,7686.962,20.5,48.0,57.0,False,False,False,False,False,False,False,False,False,True,False
SAI,55,Ferrari,32.0,4.0,MEDIUM,6.0,True,8.0,1,75.5,7838.052,7762.552,20.5,47.8,58.0,False,False,False,False,False,False,False,False,False,True,False
SAI,55,Ferrari,33.0,4.0,MEDIUM,7.0,True,8.0,1,75.638,7913.69,7838.052,20.4,47.4,58.0,False,False,False,False,False,False,False,False,False,True,False
SAI,55,Ferrari,34.0,4.0,MEDIUM,8.0,True,7.0,1,76.049,7989.739,7913.69,20.3,47.3,60.0,False,False,False,False,False,False,False,False,False,True,False
SAI,55,Ferrari,35.0,4.0,MEDIUM,9.0,True,7.0,1,75.913,8065.652,7989.739,20.2,47.2,60.0,False,False,False,False,False,False,False,False,False,True,False
SAI,55,Ferrari,36.0,4.0,MEDIUM,10.0,True,7.0,1,75.603,8141.255,8065.652,20.2,47.2,59.0,False,False,False,False,False,False,False,False,False,True,False
SAI,55,Ferrari,37.0,4.0,MEDIUM,11.0,True,6.0,1,75.948,8217.203,8141.255,20.3,47.3,58.0,False,False,False,False,False,False,False,False,False,True,False
SAI,55,Ferrari,38.0,4.0,MEDIUM,12.0,True,6.0,1,75.977,8293.18,8217.203,20.5,47.5,59.0,False,False,False,False,False,False,False,False,False,True,False
SAI,55,Ferrari,39.0,4.0,MEDIUM,13.0,True,6.0,1,75.962,8369.142,8293.18,20.5,47.5,58.0,False,False,False,False,False,False,False,False,False,True,False
SAI,55,Ferrari,40.0,4.0,MEDIUM,14.0,True,6.0,1,75.862,8445.004,8369.142,20.4,47.2,58.0,False,False,False,False,False,False,False,False,False,True,False
SAI,55,Ferrari,41.0,4.0,MEDIUM,15.0,True,6.0,1,75.97,8520.974,8445.004,20.5,46.6,59.0,False,False,False,False,False,False,False,False,False,True,False
SAI,55,Ferrari,42.0,4.0,MEDIUM,16.0,True,6.0,1,76.167,8597.141,8520.974,20.5,47.1,58.0,False,False,False,False,False,False,False,False,False,True,False
SAI,55,Ferrari,43.0,4.0,MEDIUM,17.0,True,6.0,1,76.198,8673.339,8597.141,20.5,46.9,59.0,False,False,False,False,False,False,False,False,False,True,False
SAI,55,Ferrari,44.0,4.0,MEDIUM,18.0,True,6.0,1,76.545,8749.884,8673.339,20.4,47.1,59.0,False,False,False,False,False,False,False,False,False,True,False
SAI,55,Ferrari,45.0,4.0,MEDIUM,19.0,True,6.0,1,76.526,8826.41,8749.884,20.3,47.1,59.0,False,False,False,False,False,False,False,False,False,True,False
SAI,55,Ferrari,46.0,4.0,MEDIUM,20.0,True,6.0,1,76.521,8902.931,8826.41,20.3,46.8,59.0,False,False,False,False,False,False,False,False,False,True,False
SAI,55,Ferrari,47.0,4.0,MEDIUM,21.0,True,5.0,1,76.247,8979.178,8902.931,20.3,46.7,58.0,False,False,False,False,False,False,False,False,False,True,False
SAI,55,Ferrari,48.0,4.0,MEDIUM,22.0,True,4.0,1,76.291,9055.469,8979.178,20.3,46.7,59.0,False,False,False,False,False,False,False,False,False,True,False
SAI,55,Ferrari,49.0,4.0,MEDIUM,23.0,True,4.0,1,76.166,9131.635,9055.469,20.2,45.4,58.0,False,False,False,False,False,False,False,False,False,True,False
SAI,55,Ferrari,50.0,4.0,MEDIUM,24.0,True,4.0,1,75.997,9207.632,9131.635,20.2,44.9,58.0,False,False,False,False,False,False,False,False,False,True,False
SAI,55,Ferrari,51.0,4.0,MEDIUM,25.0,True,4.0,1,80.341,9287.973,9207.632,20.3,43.2,59.0,False,True,False,False,True,False,False,False,False,False,False
SAI,55,Ferrari,52.0,5.0,SOFT,4.0,False,7.0,1,92.328,9380.301,9287.973,20.3,41.8,59.0,False,False,True,False,True,False,False,False,False,False,False
SAI,55,Ferrari,53.0,5.0,SOFT,5.0,False,7.0,1,75.008,9455.309,9380.301,20.3,41.1,58.0,False,False,False,False,False,False,False,False,False,True,False
SAI,55,Ferrari,54.0,5.0,SOFT,6.0,False,7.0,1,75.069,9530.378,9455.309,20.3,40.5,59.0,False,False,False,False,False,False,False,False,False,True,False
SAI,55,Ferrari,55.0,5.0,SOFT,7.0,False,7.0,1,75.193,9605.571,9530.378,20.0,40.0,59.0,False,False,False,False,False,False,False,False,False,True,False
SAI,55,Ferrari,56.0,5.0,SOFT,8.0,False,6.0,1,75.148,9680.719,9605.571,20.0,39.6,58.0,False,False,False,False,False,False,False,False,False,True,False
SAI,55,Ferrari,57.0,5.0,SOFT,9.0,False,6.0,1,74.611,9755.33,9680.719,20.0,39.6,59.0,False,False,False,False,False,False,False,False,False,True,False
SAI,55,Ferrari,58.0,5.0,SOFT,10.0,False,6.0,1,74.687,9830.017,9755.33,20.0,38.8,59.0,False,False,False,False,False,False,False,False,False,True,False
SAI,55,Ferrari,59.0,5.0,SOFT,11.0,False,6.0,1,74.406,9904.423,9830.017,19.9,38.4,59.0,False,False,False,False,False,False,False,False,False,True,False
SAI,55,Ferrari,60.0,5.0,SOFT,12.0,False,6.0,1,74.569,9978.992,9904.423,19.8,38.0,58.0,False,False,False,False,False,False,False,False,False,True,False
SAI,55,Ferrari,61.0,5.0,SOFT,13.0,False,6.0,1,74.671,10053.663,9978.992,19.8,37.9,58.0,False,False,False,False,False,False,False,False,False,True,False
SAI,55,Ferrari,62.0,5.0,SOFT,14.0,False,6.0,1,74.581,10128.244,10053.663,19.8,37.8,59.0,False,False,False,False,False,False,False,False,False,True,False
SAI,55,Ferrari,63.0,5.0,SOFT,15.0,False,6.0,1,74.676,10202.92,10128.244,19.8,37.6,59.0,False,False,False,False,False,False,False,False,False,True,False
SAI,55,Ferrari,64.0,5.0,SOFT,16.0,False,6.0,1,74.699,10277.619,10202.92,19.9,37.8,59.0,False,False,False,False,False,False,False,False,False,True,False
SAI,55,Ferrari,65.0,5.0,SOFT,17.0,False,6.0,1,74.827,10352.446,10277.619,19.8,37.8,60.0,False,False,False,False,False,False,False,False,False,True,False
SAI,55,Ferrari,66.0,5.0,SOFT,18.0,False,6.0,1,74.782,10427.228,10352.446,19.8,37.1,60.0,False,False,False,False,False,False,False,False,False,True,False
SAI,55,Ferrari,67.0,5.0,SOFT,19.0,False,6.0,1,74.811,10502.039,10427.228,19.7,37.0,60.0,False,False,False,False,False,False,False,False,False,True,False
SAI,55,Ferrari,68.0,5.0,SOFT,20.0,False,6.0,1,74.913,10576.952,10502.039,19.7,36.8,60.0,False,False,False,False,False,False,False,False,False,True,False
SAI,55,Ferrari,69.0,5.0,SOFT,21.0,False,6.0,1,74.977,10651.929,10576.952,19.6,36.6,61.0,False,False,False,False,False,False,False,False,False,True,False
SAI,55,Ferrari,70.0,5.0,SOFT,22.0,False,6.0,1,74.875,10726.804,10651.929,19.7,36.4,61.0,False,False,False,False,False,False,False,False,False,True,False
SAI,55,Ferrari,71.0,5.0,SOFT,23.0,False,6.0,1,75.349,10802.153,10726.804,19.8,36.5,60.0,False,False,False,False,False,False,False,False,False,True,False
GAS,10,Alpine,1.0,1.0,SOFT,3.0,False,12.0,124,141.63,3884.75,3742.839,20.6,48.5,59.0,False,True,False,False,True,False,True,False,False,False,False
GAS,10,Alpine,2.0,2.0,SOFT,4.0,False,11.0,45,144.561,4029.311,3884.75,20.5,45.3,60.0,False,True,True,False,True,False,True,False,False,False,True
GAS,10,Alpine,3.0,3.0,SOFT,4.0,False,11.0,1,,5587.259,5400.364,20.8,48.7,56.0,False,False,True,True,True,False,False,False,False,False,False
GAS,10,Alpine,4.0,3.0,SOFT,5.0,False,9.0,1,80.965,5668.224,5587.259,20.9,49.7,54.0,False,False,False,False,False,False,False,False,False,True,False
GAS,10,Alpine,5.0,3.0,SOFT,6.0,False,9.0,1,77.261,5745.485,5668.224,21.0,50.2,55.0,False,False,False,False,False,False,False,False,False,True,False
GAS,10,Alpine,6.0,3.0,SOFT,7.0,False,9.0,1,76.677,5822.162,5745.485,21.0,49.8,57.0,False,False,False,False,False,False,False,False,False,True,False
GAS,10,Alpine,7.0,3.0,SOFT,8.0,False,9.0,1,76.437,5898.599,5822.162,21.1,49.6,57.0,False,False,False,False,False,False,False,False,False,True,False
GAS,10,Alpine,8.0,3.0,SOFT,9.0,False,9.0,1,76.558,5975.157,5898.599,21.1,49.7,58.0,False,False,False,False,False,False,False,False,False,True,False
GAS,10,Alpine,9.0,3.0,SOFT,10.0,False,9.0,1,76.531,6051.688,5975.157,21.1,49.3,58.0,False,False,False,False,False,False,False,False,False,True,False
GAS,10,Alpine,10.0,3.0,SOFT,11.0,False,9.0,1,76.971,6128.659,6051.688,21.0,49.4,58.0,False,False,False,False,False,False,False,False,False,True,False
GAS,10,Alpine,11.0,3.0,SOFT,12.0,False,9.0,1,76.882,6205.541,6128.659,20.9,49.2,58.0,False,False,False,False,False,False,False,False,False,True,False
GAS,10,Alpine,12.0,3.0,SOFT,13.0,False,9.0,1,77.203,6282.744,6205.541,20.8,48.9,57.0,False,False,False,False,False,False,False,False,False,True,False
GAS,10,Alpine,13.0,3.0,SOFT,14.0,False,9.0,1,77.076,6359.82,6282.744,20.6,48.8,56.0,False,False,False,False,False,False,False,False,False,True,False
GAS,10,Alpine,14.0,3.0,SOFT,15.0,False,9.0,1,77.282,6437.102,6359.82,20.6,49.1,57.0,False,False,False,False,False,False,False,False,False,True,False
GAS,10,Alpine,15.0,3.0,SOFT,16.0,False,9.0,1,77.196,6514.298,6437.102,20.6,48.9,56.0,False,False,False,False,False,False,False,False,False,True,False
GAS,10,Alpine,16.0,3.0,SOFT,17.0,False,9.0,1,77.744,6592.042,6514.298,20.8,48.9,55.0,False,False,False,False,False,False,False,False,False,True,False
GAS,10,Alpine,17.0,3.0,SOFT,18.0,False,9.0,1,77.444,6669.486,6592.042,21.0,48.7,56.0,False,False,False,False,False,False,False,False,False,True,False
GAS,10,Alpine,18.0,3.0,SOFT,19.0,False,8.0,1,77.301,6746.787,6669.486,21.0,48.7,56.0,False,False,False,False,False,False,False,False,False,True,False
GAS,10,Alpine,19.0,3.0,SOFT,20.0,False,7.0,1,77.205,6823.992,6746.787,20.9,48.8,57.0,False,False,False,False,False,False,False,False,False,True,False
GAS,10,Alpine,20.0,3.0,SOFT,21.0,False,7.0,1,77.174,6901.166,6823.992,20.6,48.9,58.0,False,False,False,False,False,False,False,False,False,True,False
GAS,10,Alpine,21.0,3.0,SOFT,22.0,False,6.0,1,77.411,6978.577,6901.166,20.5,48.3,59.0,False,False,False,False,False,False,False,False,False,True,False
GAS,10,Alpine,22.0,3.0,SOFT,23.0,False,5.0,1,77.363,7055.94,6978.577,20.6,48.3,59.0,False,False,False,False,False,False,False,False,False,True,False
GAS,10,Alpine,23.0,3.0,SOFT,24.0,False,5.0,1,77.383,7133.323,7055.94,20.4,48.3,59.0,False,False,False,False,False,False,False,False,False,True,False
GAS,10,Alpine,24.0,3.0,SOFT,25.0,False,5.0,1,77.474,7210.797,7133.323,20.5,48.1,58.0,False,False,False,False,False,False,False,False,False,True,False
GAS,10,Alpine,25.0,3.0,SOFT,26.0,False,5.0,1,78.007,7288.804,7210.797,20.5,48.1,58.0,False,False,False,False,False,False,False,False,False,True,False
GAS,10,Alpine,26.0,3.0,SOFT,27.0,False,5.0,1,81.513,7370.317,7288.804,20.5,47.8,58.0,False,True,False,False,True,False,False,False,False,False,False
GAS,10,Alpine,27.0,4.0,MEDIUM,1.0,True,12.0,1,95.176,7465.493,7370.317,20.6,48.7,57.0,False,False,True,False,True,False,False,False,False,False,False
GAS,10,Alpine,28.0,4.0,MEDIUM,2.0,True,12.0,1,75.215,7540.708,7465.493,20.7,48.8,56.0,False,False,False,False,False,False,False,False,False,True,False
GAS,10,Alpine,29.0,4.0,MEDIUM,3.0,True,11.0,1,76.408,7617.116,7540.708,20.5,48.8,57.0,False,False,False,False,False,False,False,False,False,True,False
GAS,10,Alpine,30.0,4.0,MEDIUM,4.0,True,11.0,1,75.602,7692.718,7617.116,20.4,48.0,57.0,False,False,False,False,False,False,False,False,False,True,False
GAS,10,Alpine,31.0,4.0,MEDIUM,5.0,True,10.0,1,76.162,7768.88,7692.718,20.5,48.0,57.0,False,False,False,False,False,False,False,False,False,True,False
GAS,10,Alpine,32.0,4.0,MEDIUM,6.0,True,9.0,1,75.63,7844.51,7768.88,20.5,47.8,58.0,False,False,False,False,False,False,False,False,False,True,False
GAS,10,Alpine,33.0,4.0,MEDIUM,7.0,True,9.0,1,75.443,7919.953,7844.51,20.3,47.3,59.0,False,False,False,False,False,False,False,False,False,True,False
GAS,10,Alpine,34.0,4.0,MEDIUM,8.0,True,9.0,1,75.679,7995.632,7919.953,20.3,47.3,60.0,False,False,False,False,False,False,False,False,False,True,False
GAS,10,Alpine,35.0,4.0,MEDIUM,9.0,True,9.0,1,75.73,8071.362,7995.632,20.2,47.2,60.0,False,False,False,False,False,False,False,False,False,True,False
GAS,10,Alpine,36.0,4.0,MEDIUM,10.0,True,9.0,1,75.71,8147.072,8071.362,20.2,47.2,59.0,False,False,False,False,False,False,False,False,False,True,False
GAS,10,Alpine,37.0,4.0,MEDIUM,11.0,True,9.0,1,75.961,8223.033,8147.072,20.4,47.4,58.0,False,False,False,False,False,False,False,False,False,True,False
GAS,10,Alpine,38.0,4.0,MEDIUM,12.0,True,9.0,1,76.002,8299.035,8223.033,20.5,47.5,59.0,False,False,False,False,False,False,False,False,False,True,False
GAS,10,Alpine,39.0,4.0,MEDIUM,13.0,True,9.0,1,76.446,8375.481,8299.035,20.5,47.5,58.0,False,False,False,False,False,False,False,False,False,True,False
GAS,10,Alpine,40.0,4.0,MEDIUM,14.0,True,9.0,1,76.385,8451.866,8375.481,20.4,47.2,58.0,False,False,False,False,False,False,False,False,False,True,False
GAS,10,Alpine,41.0,4.0,MEDIUM,15.0,True,9.0,1,76.515,8528.381,8451.866,20.5,46.6,59.0,False,False,False,False,False,False,False,False,False,True,False
GAS,10,Alpine,42.0,4.0,MEDIUM,16.0,True,9.0,1,76.263,8604.644,8528.381,20.5,47.1,58.0,False,False,False,False,False,False,False,False,False,True,False
GAS,10,Alpine,43.0,4.0,MEDIUM,17.0,True,8.0,1,76.63,8681.274,8604.644,20.5,46.9,59.0,False,False,False,False,False,False,False,False,False,True,False
GAS,10,Alpine,44.0,4.0,MEDIUM,18.0,True,8.0,1,77.03,8758.304,8681.274,20.3,47.1,59.0,False,False,False,False,False,False,False,False,False,True,False
GAS,10,Alpine,45.0,4.0,MEDIUM,19.0,True,8.0,1,76.619,8834.923,8758.304,20.3,47.1,59.0,False,False,False,False,False,False,False,False,False,True,False
GAS,10,Alpine,46.0,4.0,MEDIUM,20.0,True,9.0,1,80.564,8915.487,8834.923,20.3,46.8,59.0,False,True,False,False,True,False,False,False,False,False,False
GAS,10,Alpine,47.0,5.0,SOFT,1.0,True,10.0,1,92.202,9007.689,8915.487,20.3,46.7,59.0,False,False,True,False,True,False,False,False,False,False,False
GAS,10,Alpine,48.0,5.0,SOFT,2.0,True,9.0,1,74.521,9082.21,9007.689,20.3,46.2,58.0,False,False,False,False,False,False,False,False,False,True,False
GAS,10,Alpine,49.0,5.0,SOFT,3.0,True,9.0,1,74.703,9156.913,9082.21,20.2,45.4,58.0,False,False,False,False,False,False,False,False,False,True,False
GAS,10,Alpine,50.0,5.0,SOFT,4.0,True,8.0,1,74.969,9231.882,9156.913,20.2,44.9,58.0,False,False,False,False,False,False,False,False,False,True,False
GAS,10,Alpine,51.0,5.0,SOFT,5.0,True,8.0,1,75.114,9306.996,9231.882,20.3,42.5,58.0,False,False,False,False,False,False,False,False,False,True,False
GAS,10,Alpine,52.0,5.0,SOFT,6.0,True,8.0,1,75.036,9382.032,9306.996,20.3,41.8,59.0,False,False,False,False,False,False,False,False,False,True,False
GAS,10,Alpine,53.0,5.0,SOFT,7.0,True,8.0,1,75.031,9457.063,9382.032,20.3,41.1,58.0,False,False,False,False,False,False,False,False,False,True,False
GAS,10,Alpine,54.0,5.0,SOFT,8.0,True,8.0,1,75.064,9532.127,9457.063,20.3,40.5,59.0,False,False,False,False,False,False,False,False,False,True,False
GAS,10,Alpine,55.0,5.0,SOFT,9.0,True,8.0,1,75.306,9607.433,9532.127,20.0,40.0,59.0,False,False,False,False,False,False,False,False,False,True,False
GAS,10,Alpine,56.0,5.0,SOFT,10.0,True,7.0,1,75.325,9682.758,9607.433,20.0,39.6,58.0,False,False,False,False,False,False,False,False,False,True,False
GAS,10,Alpine,57.0,5.0,SOFT,11.0,True,7.0,1,75.059,9757.817,9682.758,20.0,39.6,59.0,False,False,False,False,False,False,False,False,False,True,False
GAS,10,Alpine,58.0,5.0,SOFT,12.0,True,7.0,1,74.917,9832.734,9757.817,20.0,38.8,59.0,False,False,False,False,False,False,False,False,False,True,False
GAS,10,Alpine,59.0,5.0,SOFT,13.0,True,7.0,1,74.794,9907.528,9832.734,19.9,38.4,59.0,False,False,False,False,False,False,False,False,False,True,False
GAS,10,Alpine,60.0,5.0,SOFT,14.0,True,7.0,1,74.618,9982.146,9907.528,19.8,38.0,58.0,False,False,False,False,False,False,False,False,False,True,False
GAS,10,Alpine,61.0,5.0,SOFT,15.0,True,7.0,1,74.727,10056.873,9982.146,19.8,37.9,58.0,False,False,False,False,False,False,False,False,False,True,False
GAS,10,Alpine,62.0,5.0,SOFT,16.0,True,7.0,1,74.671,10131.544,10056.873,19.8,37.8,59.0,False,False,False,False,False,False,False,False,False,True,False
GAS,10,Alpine,63.0,5.0,SOFT,17.0,True,7.0,1,74.654,10206.198,10131.544,19.8,37.6,59.0,False,False,False,False,False,False,False,False,False,True,False
GAS,10,Alpine,64.0,5.0,SOFT,18.0,True,7.0,1,74.9,10281.098,10206.198,19.9,37.8,59.0,False,False,False,False,False,False,False,False,False,True,False
GAS,10,Alpine,65.0,5.0,SOFT,19.0,True,7.0,1,74.938,10356.036,10281.098,19.8,37.8,60.0,False,False,False,False,False,False,False,False,False,True,False
GAS,10,Alpine,66.0,5.0,SOFT,20.0,True,7.0,1,75.017,10431.053,10356.036,19.8,37.1,60.0,False,False,False,False,False,False,False,False,False,True,False
GAS,10,Alpine,67.0,5.0,SOFT,21.0,True,7.0,1,74.967,10506.02,10431.053,19.7,37.0,60.0,False,False,False,False,False,False,False,False,False,True,False
GAS,10,Alpine,68.0,5.0,SOFT,22.0,True,7.0,1,75.247,10581.267,10506.02,19.7,36.8,60.0,False,False,False,False,False,False,False,False,False,True,False
GAS,10,Alpine,69.0,5.0,SOFT,23.0,True,7.0,1,75.095,10656.362,10581.267,19.6,36.6,61.0,False,False,False,False,False,False,False,False,False,True,False
GAS,10,Alpine,70.0,5.0,SOFT,24.0,True,7.0,1,75.113,10731.475,10656.362,19.7,36.4,61.0,False,False,False,False,False,False,False,False,False,True,False
GAS,10,Alpine,71.0,5.0,SOFT,25.0,True,7.0,1,76.583,10808.058,10731.475,19.8,36.5,60.0,False,False,False,False,False,False,False,False,False,True,False
HAM,44,Mercedes,1.0,1.0,SOFT,4.0,False,3.0,124,124.866,3868.0,3742.839,20.6,48.5,59.0,False,True,False,False,True,False,True,False,False,False,False
HAM,44,Mercedes,2.0,2.0,SOFT,5.0,False,3.0,45,141.894,4009.894,3868.0,20.6,45.3,60.0,False,True,True,False,True,False,True,False,False,False,True
HAM,44,Mercedes,3.0,3.0,SOFT,4.0,False,3.0,1,,5540.698,5400.364,20.7,49.1,56.0,False,False,True,True,True,False,False,False,False,False,False
HAM,44,Mercedes,4.0,3.0,SOFT,5.0,False,4.0,1,125.489,5666.187,5540.698,20.9,49.7,54.0,False,False,False,False,False,False,False,False,False,True,False
HAM,44,Mercedes,5.0,3.0,SOFT,6.0,False,4.0,1,76.838,5743.025,5666.187,21.0,50.2,55.0,False,False,False,False,False,False,False,False,False,True,False
HAM,44,Mercedes,6.0,3.0,SOFT,7.0,False,4.0,1,76.481,5819.506,5743.025,21.0,49.8,57.0,False,False,False,False,False,False,False,False,False,True,False
HAM,44,Mercedes,7.0,3.0,SOFT,8.0,False,4.0,1,76.474,5895.98,5819.506,21.1,49.6,57.0,False,False,False,False,False,False,False,False,False,True,False
HAM,44,Mercedes,8.0,3.0,SOFT,9.0,False,4.0,1,76.57,5972.55,5895.98,21.1,49.7,58.0,False,False,False,False,False,False,False,False,False,True,False
HAM,44,Mercedes,9.0,3.0,SOFT,10.0,False,4.0,1,76.543,6049.093,5972.55,21.1,49.3,58.0,False,False,False,False,False,False,False,False,False,True,False
HAM,44,Mercedes,10.0,3.0,SOFT,11.0,False,4.0,1,76.739,6125.832,6049.093,21.0,49.4,58.0,False,False,False,False,False,False,False,False,False,True,False
HAM,44,Mercedes,11.0,3.0,SOFT,12.0,False,4.0,1,76.599,6202.431,6125.832,20.9,49.2,58.0,False,False,False,False,False,False,False,False,False,True,False
HAM,44,Mercedes,12.0,3.0,SOFT,13.0,False,4.0,1,76.951,6279.382,6202.431,20.8,48.9,57.0,False,False,False,False,False,False,False,False,False,True,False
HAM,44,Mercedes,13.0,3.0,SOFT,14.0,False,4.0,1,76.996,6356.378,6279.382,20.8,49.1,55.0,False,False,False,False,False,False,False,False,False,True,False
HAM,44,Mercedes,14.0,3.0,SOFT,15.0,False,4.0,1,77.096,6433.474,6356.378,20.6,49.1,57.0,False,False,False,False,False,False,False,False,False,True,False
HAM,44,Mercedes,15.0,3.0,SOFT,16.0,False,4.0,1,76.977,6510.451,6433.474,20.6,48.9,56.0,False,False,False,False,False,False,False,False,False,True,False
HAM,44,Mercedes,16.0,3.0,SOFT,17.0,False,4.0,1,77.252,6587.703,6510.451,20.8,48.9,55.0,False,False,False,False,False,False,False,False,False,True,False
HAM,44,Mercedes,17.0,3.0,SOFT,18.0,False,4.0,1,77.36,6665.063,6587.703,21.0,48.7,56.0,False,False,False,False,False,False,False,False,False,True,False
HAM,44,Mercedes,18.0,3.0,SOFT,19.0,False,9.0,1,82.182,6747.245,6665.063,21.0,48.7,56.0,False,True,False,False,True,False,False,False,False,False,False
HAM,44,Mercedes,19.0,4.0,MEDIUM,1.0,True,11.0,1,93.995,6841.24,6747.245,20.8,48.9,57.0,False,False,True,False,True,False,False,False,False,False,False
HAM,44,Mercedes,20.0,4.0,MEDIUM,2.0,True,10.0,1,76.419,6917.659,6841.24,20.6,48.9,58.0,False,False,False,False,False,False,False,False,False,True,False
HAM,44,Mercedes,21.0,4.0,MEDIUM,3.0,True,8.0,1,75.516,6993.175,6917.659,20.5,48.3,59.0,False,False,False,False,False,False,False,False,False,True,False
HAM,44,Mercedes,22.0,4.0,MEDIUM,4.0,True,8.0,1,76.146,7069.321,6993.175,20.6,48.3,59.0,False,False,False,False,False,False,False,False,False,True,False
HAM,44,Mercedes,23.0,4.0,MEDIUM,5.0,True,8.0,1,77.773,7147.094,7069.321,20.5,48.5,59.0,False,False,False,False,False,False,False,False,False,True,False
HAM,44,Mercedes,24.0,4.0,MEDIUM,6.0,True,8.0,1,76.884,7223.978,7147.094,20.5,48.1,58.0,False,False,False,False,False,False,False,False,False,True,False
HAM,44,Mercedes,25.0,4.0,MEDIUM,7.0,True,8.0,1,77.027,7301.005,7223.978,20.5,48.1,58.0,False,False,False,False,False,False,False,False,False,True,False
HAM,44,Mercedes,26.0,4.0,MEDIUM,8.0,True,9.0,1,76.74,7377.745,7301.005,20.5,47.8,58.0,False,False,False,False,False,False,False,False,False,True,False
HAM,44,Mercedes,27.0,4.0,MEDIUM,9.0,True,6.0,1,77.041,7454.786,7377.745,20.6,48.7,57.0,False,False,False,False,False,False,False,False,False,True,False
HAM,44,Mercedes,28.0,4.0,MEDIUM,10.0,True,6.0,1,76.465,7531.251,7454.786,20.7,48.8,56.0,False,False,False,False,False,False,False,False,False,True,False
HAM,44,Mercedes,29.0,4.0,MEDIUM,11.0,True,6.0,1,76.207,7607.458,7531.251,20.5,48.8,57.0,False,False,False,False,False,False,False,False,False,True,False
HAM,44,Mercedes,30.0,4.0,MEDIUM,12.0,True,6.0,1,76.274,7683.732,7607.458,20.4,48.0,57.0,False,False,False,False,False,False,False,False,False,True,False
HAM,44,Mercedes,31.0,4.0,MEDIUM,13.0,True,6.0,1,76.179,7759.911,7683.732,20.5,48.0,57.0,False,False,False,False,False,False,False,False,False,True,False
HAM,44,Mercedes,32.0,4.0,MEDIUM,14.0,True,6.0,1,76.077,7835.988,7759.911,20.5,47.8,58.0,False,False,False,False,False,False,False,False,False,True,False
HAM,44,Mercedes,33.0,4.0,MEDIUM,15.0,True,6.0,1,76.089,7912.077,7835.988,20.4,47.4,58.0,False,False,False,False,False,False,False,False,False,True,False
HAM,44,Mercedes,34.0,4.0,MEDIUM,16.0,True,6.0,1,76.382,7988.459,7912.077,20.3,47.3,60.0,False,False,False,False,False,False,False,False,False,True,False
HAM,44,Mercedes,35.0,4.0,MEDIUM,17.0,True,6.0,1,76.146,8064.605,7988.459,20.2,47.2,60.0,False,False,False,False,False,False,False,False,False,True,False
HAM,44,Mercedes,36.0,4.0,MEDIUM,18.0,True,6.0,1,76.283,8140.888,8064.605,20.2,47.2,59.0,False,False,False,False,False,False,False,False,False,True,False
HAM,44,Mercedes,37.0,4.0,MEDIUM,19.0,True,7.0,1,77.544,8218.432,8140.888,20.4,47.4,58.0,False,False,False,False,False,False,False,False,False,True,False
HAM,44,Mercedes,38.0,4.0,MEDIUM,20.0,True,7.0,1,76.327,8294.759,8218.432,20.5,47.5,59.0,False,False,False,False,False,False,False,False,False,True,False
HAM,44,Mercedes,39.0,4.0,MEDIUM,21.0,True,7.0,1,76.616,8371.375,8294.759,20.5,47.5,58.0,False,False,False,False,False,False,False,False,False,True,False
HAM,44,Mercedes,40.0,4.0,MEDIUM,22.0,True,7.0,1,76.363,8447.738,8371.375,20.4,47.2,58.0,False,False,False,False,False,False,False,False,False,True,False
HAM,44,Mercedes,41.0,4.0,MEDIUM,23.0,True,7.0,1,76.389,8524.127,8447.738,20.5,46.6,59.0,False,False,False,False,False,False,False,False,False,True,False
HAM,44,Mercedes,42.0,4.0,MEDIUM,24.0,True,7.0,1,76.426,8600.553,8524.127,20.5,47.1,58.0,False,False,False,False,False,False,False,False,False,True,False
HAM,44,Mercedes,43.0,4.0,MEDIUM,25.0,True,7.0,1,76.54,8677.093,8600.553,20.5,46.9,59.0,False,False,False,False,False,False,False,False,False,True,False
HAM,44,Mercedes,44.0,4.0,MEDIUM,26.0,True,7.0,1,77.225,8754.318,8677.093,20.4,47.1,59.0,False,False,False,False,False,False,False,False,False,True,False
HAM,44,Mercedes,45.0,4.0,MEDIUM,27.0,True,7.0,1,76.975,8831.293,8754.318,20.3,47.1,59.0,False,False,False,False,False,False,False,False,False,True,False
HAM,44,Mercedes,46.0,4.0,MEDIUM,28.0,True,7.0,1,80.492,8911.785,8831.293,20.3,46.8,59.0,False,True,False,False,True,False,False,False,False,False,False
HAM,44,Mercedes,47.0,5.0,SOFT,4.0,False,9.0,1,93.529,9005.314,8911.785,20.3,46.7,59.0,False,False,True,False,True,False,False,False,False,False,False
HAM,44,Mercedes,48.0,5.0,SOFT,5.0,False,8.0,1,75.758,9081.072,9005.314,20.3,46.2,58.0,False,False,False,False,False,False,False,False,False,True,False
HAM,44,Mercedes,49.0,5.0,SOFT,6.0,False,8.0,1,75.821,9156.893,9081.072,20.2,45.4,58.0,False,False,False,False,False,False,False,False,False,True,False
HAM,44,Mercedes,50.0,5.0,SOFT,7.0,False,9.0,1,75.945,9232.838,9156.893,20.2,44.9,58.0,False,False,False,False,False,False,False,False,False,True,False
HAM,44,Mercedes,51.0,5.0,SOFT,8.0,False,9.0,1,75.764,9308.602,9232.838,20.3,42.5,58.0,False,False,False,False,False,False,False,False,False,True,False
HAM,44,Mercedes,52.0,5.0,SOFT,9.0,False,9.0,1,75.696,9384.298,9308.602,20.3,41.8,59.0,False,False,False,False,False,False,False,False,False,True,False
HAM,44,Mercedes,53.0,5.0,SOFT,10.0,False,9.0,1,75.416,9459.714,9384.298,20.3,41.1,58.0,False,False,False,False,False,False,False,False,False,True,False
HAM,44,Mercedes,54.0,5.0,SOFT,11.0,False,9.0,1,75.205,9534.919,9459.714,20.3,40.5,59.0,False,False,False,False,False,False,False,False,False,True,False
HAM,44,Mercedes,55.0,5.0,SOFT,12.0,False,9.0,1,75.17,9610.089,9534.919,20.0,40.0,59.0,False,False,False,False,False,False,False,False,False,True,False
HAM,44,Mercedes,56.0,5.0,SOFT,13.0,False,8.0,1,75.313,9685.402,9610.089,20.0,39.6,58.0,False,False,False,False,False,False,False,False,False,True,False
HAM,44,Mercedes,57.0,5.0,SOFT,14.0,False,8.0,1,75.031,9760.433,9685.402,20.0,39.6,59.0,False,False,False,False,False,False,False,False,False,True,False
HAM,44,Mercedes,58.0,5.0,SOFT,15.0,False,8.0,1,74.905,9835.338,9760.433,20.0,38.8,59.0,False,False,False,False,False,False,False,False,False,True,False
HAM,44,Mercedes,59.0,5.0,SOFT,16.0,False,8.0,1,74.739,9910.077,9835.338,19.9,38.4,59.0,False,False,False,False,False,False,False,False,False,True,False
HAM,44,Mercedes,60.0,5.0,SOFT,17.0,False,8.0,1,75.173,9985.25,9910.077,19.8,38.0,58.0,False,False,False,False,False,False,False,False,False,True,False
HAM,44,Mercedes,61.0,5.0,SOFT,18.0,False,8.0,1,75.299,10060.549,9985.25,19.8,37.9,58.0,False,False,False,False,False,False,False,False,False,True,False
HAM,44,Mercedes,62.0,5.0,SOFT,19.0,False,8.0,1,75.358,10135.907,10060.549,19.8,37.8,59.0,False,False,False,False,False,False,False,False,False,True,False
HAM,44,Mercedes,63.0,5.0,SOFT,20.0,False,8.0,1,75.131,10211.038,10135.907,19.8,37.6,59.0,False,False,False,False,False,False,False,False,False,True,False
HAM,44,Mercedes,64.0,5.0,SOFT,21.0,False,8.0,1,75.17,10286.208,10211.038,19.9,37.8,59.0,False,False,False,False,False,False,False,False,False,True,False
HAM,44,Mercedes,65.0,5.0,SOFT,22.0,False,8.0,1,75.345,10361.553,10286.208,19.8,37.8,60.0,False,False,False,False,False,False,False,False,False,True,False
HAM,44,Mercedes,66.0,5.0,SOFT,23.0,False,8.0,1,75.123,10436.676,10361.553,19.8,37.1,60.0,False,False,False,False,False,False,False,False,False,True,False
HAM,44,Mercedes,67.0,5.0,SOFT,24.0,False,8.0,1,75.415,10512.091,10436.676,19.7,37.0,60.0,False,False,False,False,False,False,False,False,False,True,False
HAM,44,Mercedes,68.0,5.0,SOFT,25.0,False,8.0,1,75.465,10587.556,10512.091,19.7,36.8,60.0,False,False,False,False,False,False,False,False,False,True,False
HAM,44,Mercedes,69.0,5.0,SOFT,26.0,False,8.0,1,75.482,10663.038,10587.556,19.6,36.6,61.0,False,False,False,False,False,False,False,False,False,True,False
HAM,44,Mercedes,70.0,5.0,SOFT,27.0,False,8.0,1,75.701,10738.739,10663.038,19.8,36.5,60.0,False,False,False,False,False,False,False,False,False,True,False
HAM,44,Mercedes,71.0,5.0,SOFT,28.0,False,8.0,1,76.085,10814.824,10738.739,19.8,36.5,60.0,False,False,False,False,False,False,False,False,False,True,False
TSU,22,AlphaTauri,1.0,1.0,SOFT,4.0,False,11.0,124,139.969,3883.108,3742.839,20.6,48.5,59.0,False,True,False,False,True,False,True,False,False,False,False
TSU,22,AlphaTauri,2.0,2.0,SOFT,5.0,False,10.0,45,144.126,4027.234,3883.108,20.5,45.3,60.0,False,True,True,False,True,False,True,False,False,False,True
TSU,22,AlphaTauri,3.0,3.0,SOFT,1.0,True,10.0,1,,5587.11,5400.364,20.8,48.7,56.0,False,False,True,True,True,False,False,False,False,False,False
TSU,22,AlphaTauri,4.0,3.0,SOFT,2.0,True,11.0,1,81.84,5668.95,5587.11,20.9,49.7,54.0,False,False,False,False,False,False,False,False,False,True,False
TSU,22,AlphaTauri,5.0,3.0,SOFT,3.0,True,11.0,1,77.524,5746.474,5668.95,21.0,50.2,55.0,False,False,False,False,False,False,False,False,False,True,False
TSU,22,AlphaTauri,6.0,3.0,SOFT,4.0,True,11.0,1,76.953,5823.427,5746.474,21.0,49.8,57.0,False,False,False,False,False,False,False,False,False,True,False
TSU,22,AlphaTauri,7.0,3.0,SOFT,5.0,True,11.0,1,76.656,5900.083,5823.427,21.1,49.6,57.0,False,False,False,False,False,False,False,False,False,True,False
TSU,22,AlphaTauri,8.0,3.0,SOFT,6.0,True,11.0,1,76.679,5976.762,5900.083,21.1,49.7,58.0,False,False,False,False,False,False,False,False,False,True,False
TSU,22,AlphaTauri,9.0,3.0,SOFT,7.0,True,11.0,1,76.792,6053.554,5976.762,21.1,49.3,58.0,False,False,False,False,False,False,False,False,False,True,False
TSU,22,AlphaTauri,10.0,3.0,SOFT,8.0,True,11.0,1,77.038,6130.592,6053.554,21.0,49.4,58.0,False,False,False,False,False,False,False,False,False,True,False
TSU,22,AlphaTauri,11.0,3.0,SOFT,9.0,True,11.0,1,76.956,6207.548,6130.592,20.9,49.2,58.0,False,False,False,False,False,False,False,False,False,True,False
TSU,22,AlphaTauri,12.0,3.0,SOFT,10.0,True,11.0,1,77.146,6284.694,6207.548,20.8,48.9,57.0,False,False,False,False,False,False,False,False,False,True,False
TSU,22,AlphaTauri,13.0,3.0,SOFT,11.0,True,10.0,1,77.042,6361.736,6284.694,20.6,48.8,56.0,False,False,False,False,False,False,False,False,False,True,False
TSU,22,AlphaTauri,14.0,3.0,SOFT,12.0,True,10.0,1,77.333,6439.069,6361.736,20.6,49.1,57.0,False,False,False,False,False,False,False,False,False,True,False
TSU,22,AlphaTauri,15.0,3.0,SOFT,13.0,True,10.0,1,77.272,6516.341,6439.069,20.6,48.9,56.0,False,False,False,False,False,False,False,False,False,True,False
TSU,22,AlphaTauri,16.0,3.0,SOFT,14.0,True,11.0,1,82.255,6598.596,6516.341,20.9,49.0,55.0,False,False,False,False,False,False,False,False,False,True,False
TSU,22,AlphaTauri,17.0,3.0,SOFT,15.0,True,11.0,1,77.044,6675.64,6598.596,21.0,48.7,56.0,False,False,False,False,False,False,False,False,False,True,False
TSU,22,AlphaTauri,18.0,3.0,SOFT,16.0,True,10.0,1,77.018,6752.658,6675.64,21.0,48.7,56.0,False,False,False,False,False,False,False,False,False,True,False
TSU,22,AlphaTauri,19.0,3.0,SOFT,17.0,True,9.0,1,77.177,6829.835,6752.658,20.9,48.8,57.0,False,False,False,False,False,False,False,False,False,True,False
TSU,22,AlphaTauri,20.0,3.0,SOFT,18.0,True,8.0,1,76.725,6906.56,6829.835,20.6,48.9,58.0,False,False,False,False,False,False,False,False,False,True,False
TSU,22,AlphaTauri,21.0,3.0,SOFT,19.0,True,7.0,1,77.119,6983.679,6906.56,20.5,48.3,59.0,False,False,False,False,False,False,False,False,False,True,False
TSU,22,AlphaTauri,22.0,3.0,SOFT,20.0,True,7.0,1,76.752,7060.431,6983.679,20.6,48.3,59.0,False,False,False,False,False,False,False,False,False,True,False
TSU,22,AlphaTauri,23.0,3.0,SOFT,21.0,True,6.0,1,77.095,7137.526,7060.431,20.4,48.3,59.0,False,False,False,False,False,False,False,False,False,True,False
TSU,22,AlphaTauri,24.0,3.0,SOFT,22.0,True,6.0,1,76.936,7214.462,7137.526,20.5,48.1,58.0,False,False,False,False,False,False,False,False,False,True,False
TSU,22,AlphaTauri,25.0,3.0,SOFT,23.0,True,6.0,1,77.048,7291.51,7214.462,20.5,48.1,58.0,False,False,False,False,False,False,False,False,False,True,False
TSU,22,AlphaTauri,26.0,3.0,SOFT,24.0,True,6.0,1,80.763,7372.273,7291.51,20.5,47.8,58.0,False,True,False,False,True,False,False,False,False,False,False
TSU,22,AlphaTauri,27.0,4.0,MEDIUM,1.0,True,13.0,1,98.254,7470.527,7372.273,20.6,48.7,57.0,False,False,True,False,True,False,False,False,False,False,False
TSU,22,AlphaTauri,28.0,4.0,MEDIUM,2.0,True,13.0,1,76.133,7546.66,7470.527,20.7,48.8,56.0,False,False,False,False,False,False,False,False,False,True,False
TSU,22,AlphaTauri,29.0,4.0,MEDIUM,3.0,True,13.0,1,75.599,7622.259,7546.66,20.4,48.4,57.0,False,False,False,False,False,False,False,False,False,True,False
TSU,22,AlphaTauri,30.0,4.0,MEDIUM,4.0,True,13.0,1,75.716,7697.975,7622.259,20.4,48.0,57.0,False,False,False,False,False,False,False,False,False,True,False
TSU,22,AlphaTauri,31.0,4.0,MEDIUM,5.0,True,13.0,1,75.677,7773.652,7697.975,20.5,48.0,57.0,False,False,False,False,False,False,False,False,False,True,False
TSU,22,AlphaTauri,32.0,4.0,MEDIUM,6.0,True,12.0,1,75.613,7849.265,7773.652,20.5,47.8,58.0,False,False,False,False,False,False,False,False,False,True,False
TSU,22,AlphaTauri,33.0,4.0,MEDIUM,7.0,True,12.0,1,76.113,7925.378,7849.265,20.3,47.3,59.0,False,False,False,False,False,False,False,False,False,True,False
TSU,22,AlphaTauri,34.0,4.0,MEDIUM,8.0,True,11.0,1,76.088,8001.466,7925.378,20.3,47.3,60.0,False,False,False,False,False,False,False,False,False,True,False
TSU,22,AlphaTauri,35.0,4.0,MEDIUM,9.0,True,11.0,1,76.167,8077.633,8001.466,20.2,47.2,60.0,False,False,False,False,False,False,False,False,False,True,False
TSU,22,AlphaTauri,36.0,4.0,MEDIUM,10.0,True,10.0,1,75.664,8153.297,8077.633,20.2,47.2,59.0,False,False,False,False,False,False,False,False,False,True,False
TSU,22,AlphaTauri,37.0,4.0,MEDIUM,11.0,True,10.0,1,75.685,8228.982,8153.297,20.4,47.4,58.0,False,False,False,False,False,False,False,False,False,True,False
TSU,22,AlphaTauri,38.0,4.0,MEDIUM,12.0,True,10.0,1,75.826,8304.808,8228.982,20.5,47.5,59.0,False,False,False,False,False,False,False,False,False,True,False
TSU,22,AlphaTauri,39.0,4.0,MEDIUM,13.0,True,10.0,1,76.007,8380.815,8304.808,20.5,47.5,58.0,False,False,False,False,False,False,False,False,False,True,False
TSU,22,AlphaTauri,40.0,4.0,MEDIUM,14.0,True,10.0,1,76.011,8456.826,8380.815,20.4,47.2,58.0,False,False,False,False,False,False,False,False,False,True,False
TSU,22,AlphaTauri,41.0,4.0,MEDIUM,15.0,True,10.0,1,76.088,8532.914,8456.826,20.5,46.6,59.0,False,False,False,False,False,False,False,False,False,True,False
TSU,22,AlphaTauri,42.0,4.0,MEDIUM,16.0,True,10.0,1,75.852,8608.766,8532.914,20.5,47.1,58.0,False,False,False,False,False,False,False,False,False,True,False
TSU,22,AlphaTauri,43.0,4.0,MEDIUM,17.0,True,10.0,1,76.24,8685.006,8608.766,20.5,46.9,59.0,False,False,False,False,False,False,False,False,False,True,False
TSU,22,AlphaTauri,44.0,4.0,MEDIUM,18.0,True,10.0,1,76.178,8761.184,8685.006,20.3,47.1,59.0,False,False,False,False,False,False,False,False,False,True,False
TSU,22,AlphaTauri,45.0,4.0,MEDIUM,19.0,True,9.0,1,76.425,8837.609,8761.184,20.3,47.1,59.0,False,False,False,False,False,False,False,False,False,True,False
TSU,22,AlphaTauri,46.0,4.0,MEDIUM,20.0,True,8.0,1,76.302,8913.911,8837.609,20.3,46.8,59.0,False,False,False,False,False,False,False,False,False,True,False
TSU,22,AlphaTauri,47.0,4.0,MEDIUM,21.0,True,6.0,1,76.304,8990.215,8913.911,20.3,46.7,58.0,False,False,False,False,False,False,False,False,False,True,False
TSU,22,AlphaTauri,48.0,4.0,MEDIUM,22.0,True,7.0,1,76.815,9067.03,8990.215,20.3,46.2,58.0,False,False,False,False,False,False,False,False,False,True,False
TSU,22,AlphaTauri,49.0,4.0,MEDIUM,23.0,True,7.0,1,76.414,9143.444,9067.03,20.2,45.4,58.0,False,False,False,False,False,False,False,False,False,True,False
TSU,22,AlphaTauri,50.0,4.0,MEDIUM,24.0,True,7.0,1,76.362,9219.806,9143.444,20.2,44.9,58.0,False,False,False,False,False,False,False,False,False,True,False
TSU,22,AlphaTauri,51.0,4.0,MEDIUM,25.0,True,7.0,1,76.094,9295.9,9219.806,20.3,43.2,59.0,False,False,False,False,False,False,False,False,False,True,False
TSU,22,AlphaTauri,52.0,4.0,MEDIUM,26.0,True,6.0,1,76.016,9371.916,9295.9,20.3,41.8,59.0,False,False,False,False,False,False,False,False,False,True,False
TSU,22,AlphaTauri,53.0,4.0,MEDIUM,27.0,True,5.0,1,76.053,9447.969,9371.916,20.3,41.1,58.0,False,False,False,False,False,False,False,False,False,True,False
TSU,22,AlphaTauri,54.0,4.0,MEDIUM,28.0,True,5.0,1,76.151,9524.12,9447.969,20.3,40.5,59.0,False,False,False,False,False,False,False,False,False,True,False
TSU,22,AlphaTauri,55.0,4.0,MEDIUM,29.0,True,6.0,1,79.809,9603.929,9524.12,20.0,40.0,59.0,False,True,False,False,True,False,False,False,False,False,False
TSU,22,AlphaTauri,56.0,5.0,SOFT,4.0,False,10.0,1,94.303,9698.232,9603.929,20.0,39.6,58.0,False,False,True,False,True,False,False,False,False,False,False
TSU,22,AlphaTauri,57.0,5.0,SOFT,5.0,False,9.0,1,75.502,9773.734,9698.232,20.0,39.6,59.0,False,False,False,False,False,False,False,False,False,True,False
TSU,22,AlphaTauri,58.0,5.0,SOFT,6.0,False,9.0,1,75.204,9848.938,9773.734,19.9,38.7,58.0,False,False,False,False,False,False,False,False,False,True,False
TSU,22,AlphaTauri,59.0,5.0,SOFT,7.0,False,9.0,1,75.063,9924.001,9848.938,19.9,38.4,59.0,False,False,False,False,False,False,False,False,False,True,False
TSU,22,AlphaTauri,60.0,5.0,SOFT,8.0,False,9.0,1,74.789,9998.79,9924.001,19.8,38.0,58.0,False,False,False,False,False,False,False,False,False,True,False
TSU,22,AlphaTauri,61.0,5.0,SOFT,9.0,False,9.0,1,74.664,10073.454,9998.79,19.8,37.9,58.0,False,False,False,False,False,False,False,False,False,True,False
TSU,22,AlphaTauri,62.0,5.0,SOFT,10.0,False,9.0,1,74.366,10147.82,10073.454,19.9,37.6,60.0,False,False,False,False,False,False,False,False,False,True,False
TSU,22,AlphaTauri,63.0,5.0,SOFT,11.0,False,9.0,1,74.49,10222.31,10147.82,19.8,37.6,59.0,False,False,False,False,False,False,False,False,False,True,False
TSU,22,AlphaTauri,64.0,5.0,SOFT,12.0,False,9.0,1,74.231,10296.541,10222.31,19.9,37.8,59.0,False,False,False,False,False,False,False,False,False,True,False
TSU,22,AlphaTauri,65.0,5.0,SOFT,13.0,False,9.0,1,75.087,10371.628,10296.541,19.8,37.8,60.0,False,False,False,False,False,False,False,False,False,True,False
TSU,22,AlphaTauri,66.0,5.0,SOFT,14.0,False,9.0,1,75.036,10446.664,10371.628,19.7,37.1,59.0,False,False,False,False,False,False,False,False,False,True,False
TSU,22,AlphaTauri,67.0,5.0,SOFT,15.0,False,9.0,1,74.884,10521.548,10446.664,19.7,37.0,60.0,False,False,False,False,False,False,False,False,False,True,False
TSU,22,AlphaTauri,68.0,5.0,SOFT,16.0,False,9.0,1,75.023,10596.571,10521.548,19.7,36.8,60.0,False,False,False,False,False,False,False,False,False,True,False
TSU,22,AlphaTauri,69.0,5.0,SOFT,17.0,False,9.0,1,75.024,10671.595,10596.571,19.6,36.6,61.0,False,False,False,False,False,False,False,False,False,True,False
TSU,22,AlphaTauri,70.0,5.0,SOFT,18.0,False,9.0,1,75.119,10746.714,10671.595,19.8,36.5,60.0,False,False,False,False,False,False,False,False,False,True,False
TSU,22,AlphaTauri,71.0,5.0,SOFT,19.0,False,9.0,1,75.131,10821.845,10746.714,19.8,36.5,60.0,False,False,False,False,False,False,False,False,False,True,False
OCO,31,Alpine,1.0,1.0,SOFT,4.0,False,9.0,124,135.909,3879.051,3742.839,20.6,48.5,59.0,False,True,False,False,True,False,True,False,False,False,False
OCO,31,Alpine,2.0,2.0,SOFT,5.0,False,9.0,45,144.717,4023.768,3879.051,20.5,45.3,60.0,False,True,True,False,True,False,True,False,False,False,True
OCO,31,Alpine,3.0,3.0,SOFT,4.0,False,9.0,1,,5586.548,5400.364,20.8,48.7,56.0,False,False,True,True,True,False,False,False,False,False,False
OCO,31,Alpine,4.0,3.0,SOFT,5.0,False,10.0,1,82.275,5668.823,5586.548,20.9,49.7,54.0,False,False,False,False,False,False,False,False,False,True,False
OCO,31,Alpine,5.0,3.0,SOFT,6.0,False,10.0,1,77.111,5745.934,5668.823,21.0,50.2,55.0,False,False,False,False,False,False,False,False,False,True,False
OCO,31,Alpine,6.0,3.0,SOFT,7.0,False,10.0,1,76.927,5822.861,5745.934,21.0,49.8,57.0,False,False,False,False,False,False,False,False,False,True,False
OCO,31,Alpine,7.0,3.0,SOFT,8.0,False,10.0,1,76.597,5899.458,5822.861,21.1,49.6,57.0,False,False,False,False,False,False,False,False,False,True,False
OCO,31,Alpine,8.0,3.0,SOFT,9.0,False,10.0,1,76.626,5976.084,5899.458,21.1,49.7,58.0,False,False,False,False,False,False,False,False,False,True,False
OCO,31,Alpine,9.0,3.0,SOFT,10.0,False,10.0,1,76.818,6052.902,5976.084,21.1,49.3,58.0,False,False,False,False,False,False,False,False,False,True,False
OCO,31,Alpine,10.0,3.0,SOFT,11.0,False,10.0,1,77.076,6129.978,6052.902,21.0,49.4,58.0,False,False,False,False,False,False,False,False,False,True,False
OCO,31,Alpine,11.0,3.0,SOFT,12.0,False,10.0,1,77.131,6207.109,6129.978,20.9,49.2,58.0,False,False,False,False,False,False,False,False,False,True,False
OCO,31,Alpine,12.0,3.0,SOFT,13.0,False,10.0,1,77.312,6284.421,6207.109,20.8,48.9,57.0,False,False,False,False,False,False,False,False,False,True,False
OCO,31,Alpine,13.0,3.0,SOFT,14.0,False,11.0,1,78.248,6362.669,6284.421,20.6,48.8,56.0,False,False,False,False,False,False,False,False,False,True,False
OCO,31,Alpine,14.0,3.0,SOFT,15.0,False,14.0,1,81.41,6444.079,6362.669,20.6,49.1,57.0,False,True,False,False,True,False,False,False,False,False,False
OCO,31,Alpine,15.0,4.0,MEDIUM,1.0,True,15.0,1,93.781,6537.86,6444.079,20.6,48.9,56.0,False,False,True,False,True,False,False,False,False,False,False
OCO,31,Alpine,16.0,4.0,MEDIUM,2.0,True,14.0,1,76.085,6613.945,6537.86,20.9,49.0,55.0,False,False,False,False,False,False,False,False,False,True,False
OCO,31,Alpine,17.0,4.0,MEDIUM,3.0,True,14.0,1,76.385,6690.33,6613.945,21.0,48.7,56.0,False,False,False,False,False,False,False,False,False,True,False
OCO,31,Alpine,18.0,4.0,MEDIUM,4.0,True,13.0,1,76.451,6766.781,6690.33,21.0,48.7,56.0,False,False,False,False,False,False,False,False,False,True,False
OCO,31,Alpine,19.0,4.0,MEDIUM,5.0,True,12.0,1,77.08,6843.861,6766.781,20.8,48.9,57.0,False,False,False,False,False,False,False,False,False,True,False
OCO,31,Alpine,20.0,4.0,MEDIUM,6.0,True,12.0,1,77.138,6920.999,6843.861,20.6,48.9,58.0,False,False,False,False,False,False,False,False,False,True,False
OCO,31,Alpine,21.0,4.0,MEDIUM,7.0,True,12.0,1,77.151,6998.15,6920.999,20.5,48.3,59.0,False,False,False,False,False,False,False,False,False,True,False
OCO,31,Alpine,22.0,4.0,MEDIUM,8.0,True,11.0,1,76.969,7075.119,6998.15,20.6,48.3,59.0,False,False,False,False,False,False,False,False,False,True,False
OCO,31,Alpine,23.0,4.0,MEDIUM,9.0,True,11.0,1,77.299,7152.418,7075.119,20.5,48.5,59.0,False,False,False,False,False,False,False,False,False,True,False
OCO,31,Alpine,24.0,4.0,MEDIUM,10.0,True,11.0,1,76.942,7229.36,7152.418,20.5,48.1,58.0,False,False,False,False,False,False,False,False,False,True,False
OCO,31,Alpine,25.0,4.0,MEDIUM,11.0,True,11.0,1,76.894,7306.254,7229.36,20.5,48.1,58.0,False,False,False,False,False,False,False,False,False,True,False
OCO,31,Alpine,26.0,4.0,MEDIUM,12.0,True,11.0,1,76.737,7382.991,7306.254,20.5,48.4,57.0,False,False,False,False,False,False,False,False,False,True,False
OCO,31,Alpine,27.0,4.0,MEDIUM,13.0,True,8.0,1,76.74,7459.731,7382.991,20.6,48.7,57.0,False,False,False,False,False,False,False,False,False,True,False
OCO,31,Alpine,28.0,4.0,MEDIUM,14.0,True,9.0,1,77.432,7537.163,7459.731,20.7,48.8,56.0,False,False,False,False,False,False,False,False,False,True,False
OCO,31,Alpine,29.0,4.0,MEDIUM,15.0,True,9.0,1,77.23,7614.393,7537.163,20.5,48.8,57.0,False,False,False,False,False,False,False,False,False,True,False
OCO,31,Alpine,30.0,4.0,MEDIUM,16.0,True,9.0,1,77.164,7691.557,7614.393,20.4,48.0,57.0,False,False,False,False,False,False,False,False,False,True,False
OCO,31,Alpine,31.0,4.0,MEDIUM,17.0,True,12.0,1,80.584,7772.141,7691.557,20.5,48.0,57.0,False,True,False,False,True,False,False,False,False,False,False
OCO,31,Alpine,32.0,5.0,SOFT,4.0,False,14.0,1,94.638,7866.779,7772.141,20.4,47.4,58.0,False,False,True,False,True,False,False,False,False,False,False
OCO,31,Alpine,33.0,5.0,SOFT,5.0,False,14.0,1,75.442,7942.221,7866.779,20.3,47.3,59.0,False,False,False,False,False,False,False,False,False,True,False
OCO,31,Alpine,34.0,5.0,SOFT,6.0,False,14.0,1,75.365,8017.586,7942.221,20.3,47.3,60.0,False,False,False,False,False,False,False,False,False,True,False
OCO,31,Alpine,35.0,5.0,SOFT,7.0,False,14.0,1,75.403,8092.989,8017.586,20.2,47.2,60.0,False,False,False,False,False,False,False,False,False,True,False
OCO,31,Alpine,36.0,5.0,SOFT,8.0,False,14.0,1,75.538,8168.527,8092.989,20.3,47.3,58.0,False,False,False,False,False,False,False,False,False,True,False
OCO,31,Alpine,37.0,5.0,SOFT,9.0,False,14.0,1,75.83,8244.357,8168.527,20.4,47.4,58.0,False,False,False,False,False,False,False,False,False,True,False
OCO,31,Alpine,38.0,5.0,SOFT,10.0,False,13.0,1,75.902,8320.259,8244.357,20.5,47.5,59.0,False,False,False,False,False,False,False,False,False,True,False
OCO,31,Alpine,39.0,5.0,SOFT,11.0,False,13.0,1,75.77,8396.029,8320.259,20.5,47.5,58.0,False,False,False,False,False,False,False,False,False,True,False
OCO,31,Alpine,40.0,5.0,SOFT,12.0,False,12.0,1,75.85,8471.879,8396.029,20.4,47.0,59.0,False,False,False,False,False,False,False,False,False,True,False
OCO,31,Alpine,41.0,5.0,SOFT,13.0,False,12.0,1,75.841,8547.72,8471.879,20.5,46.6,59.0,False,False,False,False,False,False,False,False,False,True,False
OCO,31,Alpine,42.0,5.0,SOFT,14.0,False,12.0,1,76.032,8623.752,8547.72,20.5,47.1,58.0,False,False,False,False,False,False,False,False,False,True,False
OCO,31,Alpine,43.0,5.0,SOFT,15.0,False,12.0,1,76.252,8700.004,8623.752,20.4,47.1,59.0,False,False,False,False,False,False,False,False,False,True,False
OCO,31,Alpine,44.0,5.0,SOFT,16.0,False,11.0,1,76.176,8776.18,8700.004,20.3,47.1,59.0,False,False,False,False,False,False,False,False,False,True,False
OCO,31,Alpine,45.0,5.0,SOFT,17.0,False,11.0,1,76.384,8852.564,8776.18,20.3,47.1,59.0,False,False,False,False,False,False,False,False,False,True,False
OCO,31,Alpine,46.0,5.0,SOFT,18.0,False,10.0,1,76.219,8928.783,8852.564,20.3,46.8,59.0,False,False,False,False,False,False,False,False,False,True,False
OCO,31,Alpine,47.0,5.0,SOFT,19.0,False,8.0,1,76.35,9005.133,8928.783,20.3,46.7,59.0,False,False,False,False,False,False,False,False,False,True,False
OCO,31,Alpine,48.0,5.0,SOFT,20.0,False,10.0,1,77.24,9082.373,9005.133,20.3,46.2,58.0,False,False,False,False,False,False,False,False,False,True,False
OCO,31,Alpine,49.0,5.0,SOFT,21.0,False,10.0,1,76.844,9159.217,9082.373,20.2,45.4,58.0,False,False,False,False,False,False,False,False,False,True,False
OCO,31,Alpine,50.0,5.0,SOFT,22.0,False,10.0,1,76.554,9235.771,9159.217,20.2,44.9,58.0,False,False,False,False,False,False,False,False,False,True,False
OCO,31,Alpine,51.0,5.0,SOFT,23.0,False,10.0,1,80.059,9315.83,9235.771,20.3,42.5,58.0,False,True,False,False,True,False,False,False,False,False,False
OCO,31,Alpine,52.0,6.0,SOFT,1.0,True,12.0,1,92.038,9407.868,9315.83,20.3,41.8,59.0,False,False,True,False,True,False,False,False,False,False,False
OCO,31,Alpine,53.0,6.0,SOFT,2.0,True,12.0,1,74.206,9482.074,9407.868,20.3,40.5,59.0,False,False,False,False,False,False,False,False,False,True,False
OCO,31,Alpine,54.0,6.0,SOFT,3.0,True,11.0,1,74.52,9556.594,9482.074,20.2,40.5,59.0,False,False,False,False,False,False,False,False,False,True,False
OCO,31,Alpine,55.0,6.0,SOFT,4.0,True,11.0,1,74.81,9631.404,9556.594,20.0,40.0,59.0,False,False,False,False,False,False,False,False,False,True,False
OCO,31,Alpine,56.0,6.0,SOFT,5.0,True,11.0,1,75.007,9706.411,9631.404,20.0,39.6,58.0,False,False,False,False,False,False,False,False,False,True,False
OCO,31,Alpine,57.0,6.0,SOFT,6.0,True,10.0,1,75.291,9781.702,9706.411,20.0,38.8,59.0,False,False,False,False,False,False,False,False,False,True,False
OCO,31,Alpine,58.0,6.0,SOFT,7.0,True,10.0,1,75.272,9856.974,9781.702,19.9,38.7,58.0,False,False,False,False,False,False,False,False,False,True,False
OCO,31,Alpine,59.0,6.0,SOFT,8.0,True,10.0,1,74.576,9931.55,9856.974,19.9,38.4,59.0,False,False,False,False,False,False,False,False,False,True,False
OCO,31,Alpine,60.0,6.0,SOFT,9.0,True,10.0,1,75.156,10006.706,9931.55,19.8,38.0,58.0,False,False,False,False,False,False,False,False,False,True,False
OCO,31,Alpine,61.0,6.0,SOFT,10.0,True,10.0,1,74.925,10081.631,10006.706,19.8,37.8,59.0,False,False,False,False,False,False,False,False,False,True,False
OCO,31,Alpine,62.0,6.0,SOFT,11.0,True,10.0,1,75.047,10156.678,10081.631,19.9,37.6,60.0,False,False,False,False,False,False,False,False,False,True,False
OCO,31,Alpine,63.0,6.0,SOFT,12.0,True,10.0,1,75.76,10232.438,10156.678,19.8,37.6,59.0,False,False,False,False,False,False,False,False,False,True,False
OCO,31,Alpine,64.0,6.0,SOFT,13.0,True,10.0,1,75.132,10307.57,10232.438,19.9,37.8,59.0,False,False,False,False,False,False,False,False,False,True,False
OCO,31,Alpine,65.0,6.0,SOFT,14.0,True,10.0,1,75.974,10383.544,10307.57,19.8,37.1,60.0,False,False,False,False,False,False,False,False,False,True,False
OCO,31,Alpine,66.0,6.0,SOFT,15.0,True,10.0,1,75.823,10459.367,10383.544,19.7,37.1,59.0,False,False,False,False,False,False,False,False,False,True,False
OCO,31,Alpine,67.0,6.0,SOFT,16.0,True,10.0,1,75.383,10534.75,10459.367,19.7,37.0,60.0,False,False,False,False,False,False,False,False,False,True,False
OCO,31,Alpine,68.0,6.0,SOFT,17.0,True,10.0,1,75.237,10609.987,10534.75,19.7,36.8,60.0,False,False,False,False,False,False,False,False,False,True,False
OCO,31,Alpine,69.0,6.0,SOFT,18.0,True,10.0,1,75.205,10685.192,10609.987,19.7,36.4,61.0,False,False,False,False,False,False,False,False,False,True,False
OCO,31,Alpine,70.0,6.0,SOFT,19.0,True,10.0,1,76.614,10761.806,10685.192,19.8,36.5,60.0,False,False,False,False,False,False,False,False,False,True,False
SAR,2,Williams,1.0,1.0,MEDIUM,1.0,True,15.0,124,147.935,3891.044,3742.839,20.6,48.5,59.0,False,True,False,False,True,False,True,False,False,False,False
SAR,2,Williams,2.0,2.0,MEDIUM,2.0,False,14.0,45,145.35,4036.394,3891.044,20.5,45.3,60.0,False,True,True,False,True,False,True,False,False,False,True
SAR,2,Williams,3.0,3.0,SOFT,1.0,True,14.0,1,,5588.3,5400.364,20.8,48.7,56.0,False,False,True,True,True,False,False,False,False,False,False
SAR,2,Williams,4.0,3.0,SOFT,2.0,True,15.0,1,81.801,5670.101,5588.3,20.9,49.7,54.0,False,False,False,False,False,False,False,False,False,True,False
SAR,2,Williams,5.0,3.0,SOFT,3.0,True,15.0,1,78.262,5748.363,5670.101,21.0,50.2,55.0,False,False,False,False,False,False,False,False,False,True,False
SAR,2,Williams,6.0,3.0,SOFT,4.0,True,15.0,1,77.247,5825.61,5748.363,21.0,49.8,57.0,False,False,False,False,False,False,False,False,False,True,False
SAR,2,Williams,7.0,3.0,SOFT,5.0,True,15.0,1,77.182,5902.792,5825.61,21.1,49.6,57.0,False,False,False,False,False,False,False,False,False,True,False
SAR,2,Williams,8.0,3.0,SOFT,6.0,True,15.0,1,76.798,5979.59,5902.792,21.1,49.7,58.0,False,False,False,False,False,False,False,False,False,True,False
SAR,2,Williams,9.0,3.0,SOFT,7.0,True,15.0,1,76.854,6056.444,5979.59,21.1,49.3,58.0,False,False,False,False,False,False,False,False,False,True,False
SAR,2,Williams,10.0,3.0,SOFT,8.0,True,15.0,1,76.934,6133.378,6056.444,21.0,49.4,58.0,False,False,False,False,False,False,False,False,False,True,False
SAR,2,Williams,11.0,3.0,SOFT,9.0,True,15.0,1,77.295,6210.673,6133.378,20.9,49.2,58.0,False,False,False,False,False,False,False,False,False,True,False
SAR,2,Williams,12.0,3.0,SOFT,10.0,True,15.0,1,77.66,6288.333,6210.673,20.8,48.9,57.0,False,False,False,False,False,False,False,False,False,True,False
SAR,2,Williams,13.0,3.0,SOFT,11.0,True,14.0,1,77.921,6366.254,6288.333,20.6,48.8,56.0,False,False,False,False,False,False,False,False,False,True,False
SAR,2,Williams,14.0,3.0,SOFT,12.0,True,13.0,1,77.587,6443.841,6366.254,20.6,49.1,57.0,False,False,False,False,False,False,False,False,False,True,False
SAR,2,Williams,15.0,3.0,SOFT,13.0,True,12.0,1,77.85,6521.691,6443.841,20.6,48.9,56.0,False,False,False,False,False,False,False,False,False,True,False
SAR,2,Williams,16.0,3.0,SOFT,14.0,True,12.0,1,77.485,6599.176,6521.691,20.9,49.0,55.0,False,False,False,False,False,False,False,False,False,True,False
SAR,2,Williams,17.0,3.0,SOFT,15.0,True,12.0,1,82.426,6681.602,6599.176,21.0,48.7,56.0,False,True,False,False,True,False,False,False,False,False,False
SAR,2,Williams,18.0,4.0,SOFT,1.0,True,15.0,1,93.757,6775.359,6681.602,21.0,48.7,56.0,False,False,True,False,True,False,False,False,False,False,False
SAR,2,Williams,19.0,4.0,SOFT,2.0,True,15.0,1,76.235,6851.594,6775.359,20.8,48.9,57.0,False,False,False,False,False,False,False,False,False,True,False
SAR,2,Williams,20.0,4.0,SOFT,3.0,True,15.0,1,76.379,6927.973,6851.594,20.6,48.9,58.0,False,False,False,False,False,False,False,False,False,True,False
SAR,2,Williams,21.0,4.0,SOFT,4.0,True,15.0,1,76.288,7004.261,6927.973,20.5,48.3,59.0,False,False,False,False,False,False,False,False,False,True,False
SAR,2,Williams,22.0,4.0,SOFT,5.0,True,13.0,1,76.101,7080.362,7004.261,20.4,48.3,59.0,False,False,False,False,False,False,False,False,False,True,False
SAR,2,Williams,23.0,4.0,SOFT,6.0,True,13.0,1,76.358,7156.72,7080.362,20.5,48.5,59.0,False,False,False,False,False,False,False,False,False,True,False
SAR,2,Williams,24.0,4.0,SOFT,7.0,True,13.0,1,76.537,7233.257,7156.72,20.5,48.1,58.0,False,False,False,False,False,False,False,False,False,True,False
SAR,2,Williams,25.0,4.0,SOFT,8.0,True,13.0,1,76.793,7310.05,7233.257,20.5,48.1,58.0,False,False,False,False,False,False,False,False,False,True,False
SAR,2,Williams,26.0,4.0,SOFT,9.0,True,13.0,1,76.766,7386.816,7310.05,20.5,48.4,57.0,False,False,False,False,False,False,False,False,False,True,False
SAR,2,Williams,27.0,4.0,SOFT,10.0,True,11.0,1,76.648,7463.464,7386.816,20.6,48.7,57.0,False,False,False,False,False,False,False,False,False,True,False
SAR,2,Williams,28.0,4.0,SOFT,11.0,True,11.0,1,76.658,7540.122,7463.464,20.7,48.8,56.0,False,False,False,False,False,False,False,False,False,True,False
SAR,2,Williams,29.0,4.0,SOFT,12.0,True,12.0,1,77.001,7617.123,7540.122,20.5,48.8,57.0,False,False,False,False,False,False,False,False,False,True,False
SAR,2,Williams,30.0,4.0,SOFT,13.0,True,12.0,1,77.475,7694.598,7617.123,20.4,48.0,57.0,False,False,False,False,False,False,False,False,False,True,False
SAR,2,Williams,31.0,4.0,SOFT,14.0,True,11.0,1,76.951,7771.549,7694.598,20.5,48.0,57.0,False,False,False,False,False,False,False,False,False,True,False
SAR,2,Williams,32.0,4.0,SOFT,15.0,True,11.0,1,77.025,7848.574,7771.549,20.5,47.8,58.0,False,False,False,False,False,False,False,False,False,True,False
SAR,2,Williams,33.0,4.0,SOFT,16.0,True,11.0,1,76.648,7925.222,7848.574,20.3,47.3,59.0,False,False,False,False,False,False,False,False,False,True,False
SAR,2,Williams,34.0,4.0,SOFT,17.0,True,12.0,1,77.558,8002.78,7925.222,20.3,47.3,60.0,False,False,False,False,False,False,False,False,False,True,False
SAR,2,Williams,35.0,4.0,SOFT,18.0,True,12.0,1,77.703,8080.483,8002.78,20.2,47.2,60.0,False,False,False,False,False,False,False,False,False,True,False
SAR,2,Williams,36.0,4.0,SOFT,19.0,True,12.0,1,77.192,8157.675,8080.483,20.2,47.2,59.0,False,False,False,False,False,False,False,False,False,True,False
SAR,2,Williams,37.0,4.0,SOFT,20.0,True,12.0,1,76.997,8234.672,8157.675,20.4,47.4,58.0,False,False,False,False,False,False,False,False,False,True,False
SAR,2,Williams,38.0,4.0,SOFT,21.0,True,12.0,1,77.392,8312.064,8234.672,20.5,47.5,59.0,False,False,False,False,False,False,False,False,False,True,False
SAR,2,Williams,39.0,4.0,SOFT,22.0,True,11.0,1,77.24,8389.304,8312.064,20.5,47.5,58.0,False,False,False,False,False,False,False,False,False,True,False
SAR,2,Williams,40.0,4.0,SOFT,23.0,True,11.0,1,76.904,8466.208,8389.304,20.4,47.0,59.0,False,False,False,False,False,False,False,False,False,True,False
SAR,2,Williams,41.0,4.0,SOFT,24.0,True,11.0,1,76.909,8543.117,8466.208,20.5,46.6,59.0,False,False,False,False,False,False,False,False,False,True,False
SAR,2,Williams,42.0,4.0,SOFT,25.0,True,11.0,1,77.047,8620.164,8543.117,20.5,47.1,58.0,False,False,False,False,False,False,False,False,False,True,False
SAR,2,Williams,43.0,4.0,SOFT,26.0,True,11.0,1,77.625,8697.789,8620.164,20.5,46.9,59.0,False,False,False,False,False,False,False,False,False,True,False
SAR,2,Williams,44.0,4.0,SOFT,27.0,True,12.0,1,81.995,8779.784,8697.789,20.3,47.1,59.0,False,True,False,False,True,False,False,False,False,False,False
SAR,2,Williams,45.0,5.0,SOFT,1.0,True,13.0,1,94.677,8874.461,8779.784,20.3,47.1,59.0,False,False,True,False,True,False,False,False,False,False,False
SAR,2,Williams,46.0,5.0,SOFT,2.0,True,13.0,1,76.117,8950.578,8874.461,20.3,46.7,58.0,False,False,False,False,False,False,False,False,False,True,False
SAR,2,Williams,47.0,5.0,SOFT,3.0,True,12.0,1,76.051,9026.629,8950.578,20.3,46.7,59.0,False,False,False,False,False,False,False,False,False,True,False
SAR,2,Williams,48.0,5.0,SOFT,4.0,True,12.0,1,75.808,9102.437,9026.629,20.3,46.2,58.0,False,False,False,False,False,False,False,False,False,True,False
SAR,2,Williams,49.0,5.0,SOFT,5.0,True,12.0,1,75.988,9178.425,9102.437,20.2,44.9,58.0,False,False,False,False,False,False,False,False,False,True,False
SAR,2,Williams,50.0,5.0,SOFT,6.0,True,12.0,1,76.153,9254.578,9178.425,20.3,43.2,59.0,False,False,False,False,False,False,False,False,False,True,False
SAR,2,Williams,51.0,5.0,SOFT,7.0,True,12.0,1,75.738,9330.316,9254.578,20.3,42.5,58.0,False,False,False,False,False,False,False,False,False,True,False
SAR,2,Williams,52.0,5.0,SOFT,8.0,True,11.0,1,75.795,9406.111,9330.316,20.3,41.8,59.0,False,False,False,False,False,False,False,False,False,True,False
SAR,2,Williams,53.0,5.0,SOFT,9.0,True,11.0,1,75.878,9481.989,9406.111,20.3,40.5,59.0,False,False,False,False,False,False,False,False,False,True,False
SAR,2,Williams,54.0,5.0,SOFT,10.0,True,12.0,1,76.802,9558.791,9481.989,20.2,40.5,59.0,False,False,False,False,False,False,False,False,False,True,False
SAR,2,Williams,55.0,5.0,SOFT,11.0,True,12.0,1,76.286,9635.077,9558.791,20.0,40.0,59.0,False,False,False,False,False,False,False,False,False,True,False
SAR,2,Williams,56.0,5.0,SOFT,12.0,True,12.0,1,75.969,9711.046,9635.077,20.0,39.6,58.0,False,False,False,False,False,False,False,False,False,True,False
SAR,2,Williams,57.0,5.0,SOFT,13.0,True,11.0,1,76.053,9787.099,9711.046,20.0,38.8,59.0,False,False,False,False,False,False,False,False,False,True,False
SAR,2,Williams,58.0,5.0,SOFT,14.0,True,11.0,1,76.513,9863.612,9787.099,19.9,38.7,58.0,False,False,False,False,False,False,False,False,False,True,False
SAR,2,Williams,59.0,5.0,SOFT,15.0,True,11.0,1,76.419,9940.031,9863.612,19.9,38.4,59.0,False,False,False,False,False,False,False,False,False,True,False
SAR,2,Williams,60.0,5.0,SOFT,16.0,True,11.0,1,76.017,10016.048,9940.031,19.8,38.0,58.0,False,False,False,False,False,False,False,False,False,True,False
SAR,2,Williams,61.0,5.0,SOFT,17.0,True,11.0,1,75.819,10091.867,10016.048,19.8,37.8,59.0,False,False,False,False,False,False,False,False,False,True,False
SAR,2,Williams,62.0,5.0,SOFT,18.0,True,11.0,1,75.942,10167.809,10091.867,19.9,37.6,60.0,False,False,False,False,False,False,False,False,False,True,False
SAR,2,Williams,63.0,5.0,SOFT,19.0,True,11.0,1,75.789,10243.598,10167.809,19.8,37.6,59.0,False,False,False,False,False,False,False,False,False,True,False
SAR,2,Williams,64.0,5.0,SOFT,20.0,True,11.0,1,77.584,10321.182,10243.598,19.8,37.8,60.0,False,False,False,False,False,False,False,False,False,True,False
SAR,2,Williams,65.0,5.0,SOFT,21.0,True,11.0,1,76.226,10397.408,10321.182,19.8,37.1,60.0,False,False,False,False,False,False,False,False,False,True,False
SAR,2,Williams,66.0,5.0,SOFT,22.0,True,11.0,1,76.477,10473.885,10397.408,19.7,37.1,59.0,False,False,False,False,False,False,False,False,False,True,False
SAR,2,Williams,67.0,5.0,SOFT,23.0,True,11.0,1,76.333,10550.218,10473.885,19.7,37.0,60.0,False,False,False,False,False,False,False,False,False,True,False
SAR,2,Williams,68.0,5.0,SOFT,24.0,True,11.0,1,76.091,10626.309,10550.218,19.6,36.6,61.0,False,False,False,False,False,False,False,False,False,True,False
SAR,2,Williams,69.0,5.0,SOFT,25.0,True,11.0,1,75.904,10702.213,10626.309,19.7,36.4,61.0,False,False,False,False,False,False,False,False,False,True,False
SAR,2,Williams,70.0,5.0,SOFT,26.0,True,11.0,1,75.96,10778.173,10702.213,19.8,36.5,60.0,False,False,False,False,False,False,False,False,False,True,False
HUL,27,Haas F1 Team,1.0,1.0,SOFT,1.0,True,17.0,124,151.032,3894.149,3742.839,20.6,48.5,59.0,False,True,False,False,True,False,True,False,False,False,False
HUL,27,Haas F1 Team,2.0,2.0,MEDIUM,1.0,True,15.0,45,146.238,4040.387,3894.149,20.5,45.3,60.0,False,True,True,False,True,False,True,False,False,False,True
HUL,27,Haas F1 Team,3.0,3.0,SOFT,4.0,False,15.0,1,,5588.393,5400.364,20.8,48.7,56.0,False,False,True,True,True,False,False,False,False,False,False
HUL,27,Haas F1 Team,4.0,3.0,SOFT,5.0,False,12.0,1,80.643,5669.036,5588.393,20.9,49.7,54.0,False,False,False,False,False,False,False,False,False,True,False
HUL,27,Haas F1 Team,5.0,3.0,SOFT,6.0,False,12.0,1,78.04,5747.076,5669.036,21.0,50.2,55.0,False,False,False,False,False,False,False,False,False,True,False
HUL,27,Haas F1 Team,6.0,3.0,SOFT,7.0,False,12.0,1,77.201,5824.277,5747.076,21.0,49.8,57.0,False,False,False,False,False,False,False,False,False,True,False
HUL,27,Haas F1 Team,7.0,3.0,SOFT,8.0,False,12.0,1,76.791,5901.068,5824.277,21.1,49.6,57.0,False,False,False,False,False,False,False,False,False,True,False
HUL,27,Haas F1 Team,8.0,3.0,SOFT,9.0,False,12.0,1,76.784,5977.852,5901.068,21.1,49.7,58.0,False,False,False,False,False,False,False,False,False,True,False
HUL,27,Haas F1 Team,9.0,3.0,SOFT,10.0,False,12.0,1,76.675,6054.527,5977.852,21.1,49.3,58.0,False,False,False,False,False,False,False,False,False,True,False
HUL,27,Haas F1 Team,10.0,3.0,SOFT,11.0,False,13.0,1,77.366,6131.893,6054.527,21.0,49.4,58.0,False,False,False,False,False,False,False,False,False,True,False
HUL,27,Haas F1 Team,11.0,3.0,SOFT,12.0,False,13.0,1,77.757,6209.65,6131.893,20.9,49.2,58.0,False,False,False,False,False,False,False,False,False,True,False
HUL,27,Haas F1 Team,12.0,3.0,SOFT,13.0,False,13.0,1,77.567,6287.217,6209.65,20.8,48.9,57.0,False,False,False,False,False,False,False,False,False,True,False
HUL,27,Haas F1 Team,13.0,3.0,SOFT,14.0,False,15.0,1,79.149,6366.366,6287.217,20.6,48.8,56.0,False,False,False,False,False,False,False,False,False,True,False
HUL,27,Haas F1 Team,14.0,3.0,SOFT,15.0,False,15.0,1,78.87,6445.236,6366.366,20.6,49.1,57.0,False,False,False,False,False,False,False,False,False,True,False
HUL,27,Haas F1 Team,15.0,3.0,SOFT,16.0,False,14.0,1,79.055,6524.291,6445.236,20.6,48.9,56.0,False,False,False,False,False,False,False,False,False,True,False
HUL,27,Haas F1 Team,16.0,3.0,SOFT,17.0,False,13.0,1,79.325,6603.616,6524.291,20.9,49.0,55.0,False,False,False,False,False,False,False,False,False,True,False
HUL,27,Haas F1 Team,17.0,3.0,SOFT,18.0,False,13.0,1,78.976,6682.592,6603.616,21.0,48.7,56.0,False,False,False,False,False,False,False,False,False,True,False
HUL,27,Haas F1 Team,18.0,3.0,SOFT,19.0,False,12.0,1,78.039,6760.631,6682.592,21.0,48.7,56.0,False,False,False,False,False,False,False,False,False,True,False
HUL,27,Haas F1 Team,19.0,3.0,SOFT,20.0,False,10.0,1,77.581,6838.212,6760.631,20.8,48.9,57.0,False,False,False,False,False,False,False,False,False,True,False
HUL,27,Haas F1 Team,20.0,3.0,SOFT,21.0,False,9.0,1,77.392,6915.604,6838.212,20.6,48.9,58.0,False,False,False,False,False,False,False,False,False,True,False
HUL,27,Haas F1 Team,21.0,3.0,SOFT,22.0,False,11.0,1,81.052,6996.656,6915.604,20.5,48.3,59.0,False,True,False,False,True,False,False,False,False,False,False
HUL,27,Haas F1 Team,22.0,4.0,SOFT,4.0,False,15.0,1,96.993,7093.649,6996.656,20.4,48.3,59.0,False,False,True,False,True,False,False,False,False,False,False
HUL,27,Haas F1 Team,23.0,4.0,SOFT,5.0,False,14.0,1,77.992,7171.641,7093.649,20.5,48.5,59.0,False,False,False,False,False,False,False,False,False,True,False
HUL,27,Haas F1 Team,24.0,4.0,SOFT,6.0,False,14.0,1,77.227,7248.868,7171.641,20.5,48.1,58.0,False,False,False,False,False,False,False,False,False,True,False
HUL,27,Haas F1 Team,25.0,4.0,SOFT,7.0,False,14.0,1,77.17,7326.038,7248.868,20.5,47.8,58.0,False,False,False,False,False,False,False,False,False,True,False
HUL,27,Haas F1 Team,26.0,4.0,SOFT,8.0,False,14.0,1,77.282,7403.32,7326.038,20.5,48.4,57.0,False,False,False,False,False,False,False,False,False,True,False
HUL,27,Haas F1 Team,27.0,4.0,SOFT,9.0,False,14.0,1,76.181,7479.501,7403.32,20.6,48.7,57.0,False,False,False,False,False,False,False,False,False,True,False
HUL,27,Haas F1 Team,28.0,4.0,SOFT,10.0,False,14.0,1,76.019,7555.52,7479.501,20.7,48.8,56.0,False,False,False,False,False,False,False,False,False,True,False
HUL,27,Haas F1 Team,29.0,4.0,SOFT,11.0,False,14.0,1,75.818,7631.338,7555.52,20.4,48.4,57.0,False,False,False,False,False,False,False,False,False,True,False
HUL,27,Haas F1 Team,30.0,4.0,SOFT,12.0,False,14.0,1,76.166,7707.504,7631.338,20.4,48.0,57.0,False,False,False,False,False,False,False,False,False,True,False
HUL,27,Haas F1 Team,31.0,4.0,SOFT,13.0,False,14.0,1,76.363,7783.867,7707.504,20.5,48.0,57.0,False,False,False,False,False,False,False,False,False,True,False
HUL,27,Haas F1 Team,32.0,4.0,SOFT,14.0,False,13.0,1,76.843,7860.71,7783.867,20.4,47.4,58.0,False,False,False,False,False,False,False,False,False,True,False
HUL,27,Haas F1 Team,33.0,4.0,SOFT,15.0,False,13.0,1,76.885,7937.595,7860.71,20.3,47.3,59.0,False,False,False,False,False,False,False,False,False,True,False
HUL,27,Haas F1 Team,34.0,4.0,SOFT,16.0,False,13.0,1,76.463,8014.058,7937.595,20.3,47.3,60.0,False,False,False,False,False,False,False,False,False,True,False
HUL,27,Haas F1 Team,35.0,4.0,SOFT,17.0,False,13.0,1,76.365,8090.423,8014.058,20.2,47.2,60.0,False,False,False,False,False,False,False,False,False,True,False
HUL,27,Haas F1 Team,36.0,4.0,SOFT,18.0,False,13.0,1,76.781,8167.204,8090.423,20.3,47.3,58.0,False,False,False,False,False,False,False,False,False,True,False
HUL,27,Haas F1 Team,37.0,4.0,SOFT,19.0,False,13.0,1,76.836,8244.04,8167.204,20.4,47.4,58.0,False,False,False,False,False,False,False,False,False,True,False
HUL,27,Haas F1 Team,38.0,4.0,SOFT,20.0,False,14.0,1,78.957,8322.997,8244.04,20.5,47.5,59.0,False,False,False,False,False,False,False,False,False,True,False
HUL,27,Haas F1 Team,39.0,4.0,SOFT,21.0,False,14.0,1,77.679,8400.676,8322.997,20.4,47.2,58.0,False,False,False,False,False,False,False,False,False,True,False
HUL,27,Haas F1 Team,40.0,4.0,SOFT,22.0,False,13.0,1,77.277,8477.953,8400.676,20.4,47.0,59.0,False,False,False,False,False,False,False,False,False,True,False
HUL,27,Haas F1 Team,41.0,4.0,SOFT,23.0,False,13.0,1,77.034,8554.987,8477.953,20.5,46.6,59.0,False,False,False,False,False,False,False,False,False,True,False
HUL,27,Haas F1 Team,42.0,4.0,SOFT,24.0,False,13.0,1,76.821,8631.808,8554.987,20.5,47.1,58.0,False,False,False,False,False,False,False,False,False,True,False
HUL,27,Haas F1 Team,43.0,4.0,SOFT,25.0,False,13.0,1,76.796,8708.604,8631.808,20.4,47.1,59.0,False,False,False,False,False,False,False,False,False,True,False
HUL,27,Haas F1 Team,44.0,4.0,SOFT,26.0,False,13.0,1,76.924,8785.528,8708.604,20.3,47.1,59.0,False,False,False,False,False,False,False,False,False,True,False
HUL,27,Haas F1 Team,45.0,4.0,SOFT,27.0,False,12.0,1,77.384,8862.912,8785.528,20.3,47.1,59.0,False,False,False,False,False,False,False,False,False,True,False
HUL,27,Haas F1 Team,46.0,4.0,SOFT,28.0,False,12.0,1,80.729,8943.641,8862.912,20.3,46.7,58.0,False,True,False,False,True,False,False,False,False,False,False
HUL,27,Haas F1 Team,47.0,5.0,SOFT,4.0,False,13.0,1,95.519,9039.16,8943.641,20.3,46.7,59.0,False,False,True,False,True,False,False,False,False,False,False
HUL,27,Haas F1 Team,48.0,5.0,SOFT,5.0,False,13.0,1,76.991,9116.151,9039.16,20.3,46.2,58.0,False,False,False,False,False,False,False,False,False,True,False
HUL,27,Haas F1 Team,49.0,5.0,SOFT,6.0,False,13.0,1,76.892,9193.043,9116.151,20.2,44.9,58.0,False,False,False,False,False,False,False,False,False,True,False
HUL,27,Haas F1 Team,50.0,5.0,SOFT,7.0,False,13.0,1,76.522,9269.565,9193.043,20.3,43.2,59.0,False,False,False,False,False,False,False,False,False,True,False
HUL,27,Haas F1 Team,51.0,5.0,SOFT,8.0,False,13.0,1,76.566,9346.131,9269.565,20.3,42.5,58.0,False,False,False,False,False,False,False,False,False,True,False
HUL,27,Haas F1 Team,52.0,5.0,SOFT,9.0,False,13.0,1,76.229,9422.36,9346.131,20.3,41.1,58.0,False,False,False,False,False,False,False,False,False,True,False
HUL,27,Haas F1 Team,53.0,5.0,SOFT,10.0,False,13.0,1,76.391,9498.751,9422.36,20.3,40.5,59.0,False,False,False,False,False,False,False,False,False,True,False
HUL,27,Haas F1 Team,54.0,5.0,SOFT,11.0,False,13.0,1,75.721,9574.472,9498.751,20.2,40.5,59.0,False,False,False,False,False,False,False,False,False,True,False
HUL,27,Haas F1 Team,55.0,5.0,SOFT,12.0,False,13.0,1,76.005,9650.477,9574.472,20.0,40.0,59.0,False,False,False,False,False,False,False,False,False,True,False
HUL,27,Haas F1 Team,56.0,5.0,SOFT,13.0,False,13.0,1,75.81,9726.287,9650.477,20.0,39.6,59.0,False,False,False,False,False,False,False,False,False,True,False
HUL,27,Haas F1 Team,57.0,5.0,SOFT,14.0,False,13.0,1,75.511,9801.798,9726.287,20.0,38.8,59.0,False,False,False,False,False,False,False,False,False,True,False
HUL,27,Haas F1 Team,58.0,5.0,SOFT,15.0,False,12.0,1,75.639,9877.437,9801.798,19.9,38.7,58.0,False,False,False,False,False,False,False,False,False,True,False
HUL,27,Haas F1 Team,59.0,5.0,SOFT,16.0,False,12.0,1,76.343,9953.78,9877.437,19.9,38.4,59.0,False,False,False,False,False,False,False,False,False,True,False
HUL,27,Haas F1 Team,60.0,5.0,SOFT,17.0,False,12.0,1,75.252,10029.032,9953.78,19.8,37.9,58.0,False,False,False,False,False,False,False,False,False,True,False
HUL,27,Haas F1 Team,61.0,5.0,SOFT,18.0,False,12.0,1,75.357,10104.389,10029.032,19.8,37.8,59.0,False,False,False,False,False,False,False,False,False,True,False
HUL,27,Haas F1 Team,62.0,5.0,SOFT,19.0,False,12.0,1,75.312,10179.701,10104.389,19.9,37.6,60.0,False,False,False,False,False,False,False,False,False,True,False
HUL,27,Haas F1 Team,63.0,5.0,SOFT,20.0,False,12.0,1,75.178,10254.879,10179.701,19.8,37.6,59.0,False,False,False,False,False,False,False,False,False,True,False
HUL,27,Haas F1 Team,64.0,5.0,SOFT,21.0,False,12.0,1,75.404,10330.283,10254.879,19.8,37.8,60.0,False,False,False,False,False,False,False,False,False,True,False
HUL,27,Haas F1 Team,65.0,5.0,SOFT,22.0,False,12.0,1,75.198,10405.481,10330.283,19.8,37.1,60.0,False,False,False,False,False,False,False,False,False,True,False
HUL,27,Haas F1 Team,66.0,5.0,SOFT,23.0,False,12.0,1,75.036,10480.517,10405.481,19.7,37.1,59.0,False,False,False,False,False,False,False,False,False,True,False
HUL,27,Haas F1 Team,67.0,5.0,SOFT,24.0,False,12.0,1,75.343,10555.86,10480.517,19.7,37.0,60.0,False,False,False,False,False,False,False,False,False,True,False
HUL,27,Haas F1 Team,68.0,5.0,SOFT,25.0,False,12.0,1,75.162,10631.022,10555.86,19.6,36.6,61.0,False,False,False,False,False,False,False,False,False,True,False
HUL,27,Haas F1 Team,69.0,5.0,SOFT,26.0,False,12.0,1,75.308,10706.33,10631.022,19.7,36.4,61.0,False,False,False,False,False,False,False,False,False,True,False
HUL,27,Haas F1 Team,70.0,5.0,SOFT,27.0,False,12.0,1,75.595,10781.925,10706.33,19.8,36.5,60.0,False,False,False,False,False,False,False,False,False,True,False
RIC,3,AlphaTauri,1.0,1.0,SOFT,1.0,True,16.0,124,149.416,3892.553,3742.839,20.6,48.5,59.0,False,True,False,False,True,False,True,False,False,False,False
RIC,3,AlphaTauri,2.0,2.0,SOFT,4.0,False,17.0,1,,5571.633,5400.364,20.7,49.1,56.0,False,True,True,True,True,False,False,False,False,False,False
RIC,3,AlphaTauri,3.0,3.0,SOFT,5.0,False,17.0,1,103.821,5675.454,5571.633,20.9,49.7,54.0,False,False,True,False,True,False,False,False,False,False,False
RIC,3,AlphaTauri,4.0,3.0,SOFT,6.0,False,17.0,1,76.78,5752.234,5675.454,21.0,50.2,55.0,False,False,False,False,False,False,False,False,False,True,False
RIC,3,AlphaTauri,5.0,3.0,SOFT,7.0,False,17.0,1,76.723,5828.957,5752.234,21.0,49.8,57.0,False,False,False,False,False,False,False,False,False,True,False
RIC,3,AlphaTauri,6.0,3.0,SOFT,8.0,False,17.0,1,76.401,5905.358,5828.957,21.1,49.6,57.0,False,False,False,False,False,False,False,False,False,True,False
RIC,3,AlphaTauri,7.0,3.0,SOFT,9.0,False,17.0,1,76.608,5981.966,5905.358,21.1,49.7,58.0,False,False,False,False,False,False,False,False,False,True,False
RIC,3,AlphaTauri,8.0,3.0,SOFT,10.0,False,17.0,1,76.491,6058.457,5981.966,21.0,49.4,58.0,False,False,False,False,False,False,False,False,False,True,False
RIC,3,AlphaTauri,9.0,3.0,SOFT,11.0,False,16.0,1,77.118,6135.575,6058.457,21.0,49.4,58.0,False,False,False,False,False,False,False,False,False,True,False
RIC,3,AlphaTauri,10.0,3.0,SOFT,12.0,False,16.0,1,76.836,6212.411,6135.575,20.9,49.2,58.0,False,False,False,False,False,False,False,False,False,True,False
RIC,3,AlphaTauri,11.0,3.0,SOFT,13.0,False,16.0,1,76.864,6289.275,6212.411,20.8,48.9,57.0,False,False,False,False,False,False,False,False,False,True,False
RIC,3,AlphaTauri,12.0,3.0,SOFT,14.0,False,16.0,1,77.5,6366.775,6289.275,20.6,48.8,56.0,False,False,False,False,False,False,False,False,False,True,False
RIC,3,AlphaTauri,13.0,3.0,SOFT,15.0,False,16.0,1,78.34,6445.115,6366.775,20.6,49.1,57.0,False,False,False,False,False,False,False,False,False,True,False
RIC,3,AlphaTauri,14.0,3.0,SOFT,16.0,False,16.0,1,76.968,6522.083,6445.115,20.6,48.9,56.0,False,False,False,False,False,False,False,False,False,True,False
RIC,3,AlphaTauri,15.0,3.0,SOFT,17.0,False,16.0,1,77.407,6599.49,6522.083,20.9,49.0,55.0,False,False,False,False,False,False,False,False,False,True,False
RIC,3,AlphaTauri,16.0,3.0,SOFT,18.0,False,16.0,1,77.982,6677.472,6599.49,21.0,48.7,56.0,False,False,False,False,False,False,False,False,False,True,False
RIC,3,AlphaTauri,17.0,3.0,SOFT,19.0,False,16.0,1,76.812,6754.284,6677.472,21.0,48.7,56.0,False,False,False,False,False,False,False,False,False,True,False
RIC,3,AlphaTauri,18.0,3.0,SOFT,20.0,False,16.0,1,77.202,6831.486,6754.284,20.9,48.8,57.0,False,False,False,False,False,False,False,False,False,True,False
RIC,3,AlphaTauri,19.0,3.0,SOFT,21.0,False,16.0,1,76.756,6908.242,6831.486,20.6,48.9,58.0,False,False,False,False,False,False,False,False,False,True,False
RIC,3,AlphaTauri,20.0,3.0,SOFT,22.0,False,16.0,1,76.859,6985.101,6908.242,20.5,48.3,59.0,False,False,False,False,False,False,False,False,False,True,False
RIC,3,AlphaTauri,21.0,3.0,SOFT,23.0,False,16.0,1,76.686,7061.787,6985.101,20.6,48.3,59.0,False,False,False,False,False,False,False,False,False,True,False
RIC,3,AlphaTauri,22.0,3.0,SOFT,24.0,False,16.0,1,76.993,7138.78,7061.787,20.5,48.5,59.0,False,False,False,False,False,False,False,False,False,True,False
RIC,3,AlphaTauri,23.0,3.0,SOFT,25.0,False,15.0,1,76.771,7215.551,7138.78,20.5,48.1,58.0,False,False,False,False,False,False,False,False,False,True,False
RIC,3,AlphaTauri,24.0,3.0,SOFT,26.0,False,15.0,1,76.604,7292.155,7215.551,20.5,48.1,58.0,False,False,False,False,False,False,False,False,False,True,False
RIC,3,AlphaTauri,25.0,3.0,SOFT,27.0,False,15.0,1,78.439,7370.594,7292.155,20.5,47.8,58.0,False,False,False,False,False,False,False,False,False,True,False
RIC,3,AlphaTauri,26.0,3.0,SOFT,28.0,False,15.0,1,80.591,7451.185,7370.594,20.6,48.7,57.0,False,True,False,False,True,False,False,False,False,False,False
RIC,3,AlphaTauri,27.0,4.0,MEDIUM,1.0,True,15.0,1,95.968,7547.153,7451.185,20.7,48.8,56.0,False,False,True,False,True,False,False,False,False,False,False
RIC,3,AlphaTauri,28.0,4.0,MEDIUM,2.0,True,15.0,1,75.837,7622.99,7547.153,20.4,48.4,57.0,False,False,False,False,False,False,False,False,False,True,False
RIC,3,AlphaTauri,29.0,4.0,MEDIUM,3.0,True,15.0,1,75.648,7698.638,7622.99,20.4,48.0,57.0,False,False,False,False,False,False,False,False,False,True,False
RIC,3,AlphaTauri,30.0,4.0,MEDIUM,4.0,True,15.0,1,75.407,7774.045,7698.638,20.5,48.0,57.0,False,False,False,False,False,False,False,False,False,True,False
RIC,3,AlphaTauri,31.0,4.0,MEDIUM,5.0,True,15.0,1,76.03,7850.075,7774.045,20.5,47.8,58.0,False,False,False,False,False,False,False,False,False,True,False
RIC,3,AlphaTauri,32.0,4.0,MEDIUM,6.0,True,15.0,1,76.127,7926.202,7850.075,20.3,47.3,59.0,False,False,False,False,False,False,False,False,False,True,False
RIC,3,AlphaTauri,33.0,4.0,MEDIUM,7.0,True,15.0,1,76.614,8002.816,7926.202,20.3,47.3,60.0,False,False,False,False,False,False,False,False,False,True,False
RIC,3,AlphaTauri,34.0,4.0,MEDIUM,8.0,True,15.0,1,75.536,8078.352,8002.816,20.2,47.2,60.0,False,False,False,False,False,False,False,False,False,True,False
RIC,3,AlphaTauri,35.0,4.0,MEDIUM,9.0,True,15.0,1,76.636,8154.988,8078.352,20.2,47.2,59.0,False,False,False,False,False,False,False,False,False,True,False
RIC,3,AlphaTauri,36.0,4.0,MEDIUM,10.0,True,15.0,1,75.488,8230.476,8154.988,20.4,47.4,58.0,False,False,False,False,False,False,False,False,False,True,False
RIC,3,AlphaTauri,37.0,4.0,MEDIUM,11.0,True,15.0,1,75.63,8306.106,8230.476,20.5,47.5,59.0,False,False,False,False,False,False,False,False,False,True,False
RIC,3,AlphaTauri,38.0,4.0,MEDIUM,12.0,True,15.0,1,75.839,8381.945,8306.106,20.5,47.5,58.0,False,False,False,False,False,False,False,False,False,True,False
RIC,3,AlphaTauri,39.0,4.0,MEDIUM,13.0,True,15.0,1,76.094,8458.039,8381.945,20.4,47.2,58.0,False,False,False,False,False,False,False,False,False,True,False
RIC,3,AlphaTauri,40.0,4.0,MEDIUM,14.0,True,14.0,1,75.94,8533.979,8458.039,20.5,46.6,59.0,False,False,False,False,False,False,False,False,False,True,False
RIC,3,AlphaTauri,41.0,4.0,MEDIUM,15.0,True,14.0,1,75.85,8609.829,8533.979,20.5,47.1,58.0,False,False,False,False,False,False,False,False,False,True,False
RIC,3,AlphaTauri,42.0,4.0,MEDIUM,16.0,True,14.0,1,76.559,8686.388,8609.829,20.5,46.9,59.0,False,False,False,False,False,False,False,False,False,True,False
RIC,3,AlphaTauri,43.0,4.0,MEDIUM,17.0,True,14.0,1,76.781,8763.169,8686.388,20.3,47.1,59.0,False,False,False,False,False,False,False,False,False,True,False
RIC,3,AlphaTauri,44.0,4.0,MEDIUM,18.0,True,14.0,1,76.733,8839.902,8763.169,20.3,47.1,59.0,False,False,False,False,False,False,False,False,False,True,False
RIC,3,AlphaTauri,45.0,4.0,MEDIUM,19.0,True,14.0,1,76.1,8916.002,8839.902,20.3,46.8,59.0,False,False,False,False,False,False,False,False,False,True,False
RIC,3,AlphaTauri,46.0,4.0,MEDIUM,20.0,True,14.0,1,76.275,8992.277,8916.002,20.3,46.7,58.0,False,False,False,False,False,False,False,False,False,True,False
RIC,3,AlphaTauri,47.0,4.0,MEDIUM,21.0,True,14.0,1,76.139,9068.416,8992.277,20.3,46.2,58.0,False,False,False,False,False,False,False,False,False,True,False
RIC,3,AlphaTauri,48.0,4.0,MEDIUM,22.0,True,14.0,1,76.206,9144.622,9068.416,20.2,45.4,58.0,False,False,False,False,False,False,False,False,False,True,False
RIC,3,AlphaTauri,49.0,4.0,MEDIUM,23.0,True,14.0,1,75.849,9220.471,9144.622,20.2,44.9,58.0,False,False,False,False,False,False,False,False,False,True,False
RIC,3,AlphaTauri,50.0,4.0,MEDIUM,24.0,True,14.0,1,76.126,9296.597,9220.471,20.3,43.2,59.0,False,False,False,False,False,False,False,False,False,True,False
RIC,3,AlphaTauri,51.0,4.0,MEDIUM,25.0,True,14.0,1,75.947,9372.544,9296.597,20.3,41.8,59.0,False,False,False,False,False,False,False,False,False,True,False
RIC,3,AlphaTauri,52.0,4.0,MEDIUM,26.0,True,14.0,1,76.087,9448.631,9372.544,20.3,41.1,58.0,False,False,False,False,False,False,False,False,False,True,False
RIC,3,AlphaTauri,53.0,4.0,MEDIUM,27.0,True,14.0,1,75.955,9524.586,9448.631,20.3,40.5,59.0,False,False,False,False,False,False,False,False,False,True,False
RIC,3,AlphaTauri,54.0,4.0,MEDIUM,28.0,True,14.0,1,76.251,9600.837,9524.586,20.0,40.0,59.0,False,False,False,False,False,False,False,False,False,True,False
RIC,3,AlphaTauri,55.0,4.0,MEDIUM,29.0,True,14.0,1,79.237,9680.074,9600.837,20.0,39.6,58.0,False,True,False,False,True,False,False,False,False,False,False
RIC,3,AlphaTauri,56.0,5.0,SOFT,1.0,True,14.0,1,94.215,9774.289,9680.074,20.0,39.6,59.0,False,False,True,False,True,False,False,False,False,False,False
RIC,3,AlphaTauri,57.0,5.0,SOFT,2.0,True,14.0,1,75.323,9849.612,9774.289,19.9,38.7,58.0,False,False,False,False,False,False,False,False,False,True,False
RIC,3,AlphaTauri,58.0,5.0,SOFT,3.0,True,13.0,1,74.99,9924.602,9849.612,19.9,38.4,59.0,False,False,False,False,False,False,False,False,False,True,False
RIC,3,AlphaTauri,59.0,5.0,SOFT,4.0,True,13.0,1,74.788,9999.39,9924.602,19.8,38.0,58.0,False,False,False,False,False,False,False,False,False,True,False
RIC,3,AlphaTauri,60.0,5.0,SOFT,5.0,True,13.0,1,74.724,10074.114,9999.39,19.8,37.9,58.0,False,False,False,False,False,False,False,False,False,True,False
RIC,3,AlphaTauri,61.0,5.0,SOFT,6.0,True,13.0,1,74.788,10148.902,10074.114,19.9,37.6,60.0,False,False,False,False,False,False,False,False,False,True,False
RIC,3,AlphaTauri,62.0,5.0,SOFT,7.0,True,13.0,1,74.129,10223.031,10148.902,19.8,37.6,59.0,False,False,False,False,False,False,False,False,False,True,False
RIC,3,AlphaTauri,63.0,5.0,SOFT,8.0,True,13.0,1,74.04,10297.071,10223.031,19.9,37.8,59.0,False,False,False,False,False,False,False,False,False,True,False
RIC,3,AlphaTauri,64.0,5.0,SOFT,9.0,True,13.0,1,74.846,10371.917,10297.071,19.8,37.8,60.0,False,False,False,False,False,False,False,False,False,True,False
RIC,3,AlphaTauri,65.0,5.0,SOFT,10.0,True,13.0,1,74.913,10446.83,10371.917,19.7,37.1,59.0,False,False,False,False,False,False,False,False,False,True,False
RIC,3,AlphaTauri,66.0,5.0,SOFT,11.0,True,13.0,1,74.99,10521.82,10446.83,19.7,37.0,60.0,False,False,False,False,False,False,False,False,False,True,False
RIC,3,AlphaTauri,67.0,5.0,SOFT,12.0,True,13.0,1,77.933,10599.753,10521.82,19.7,36.8,60.0,False,False,False,False,False,False,False,False,False,True,False
RIC,3,AlphaTauri,68.0,5.0,SOFT,13.0,True,13.0,1,73.866,10673.619,10599.753,19.6,36.6,61.0,False,False,False,False,False,False,False,False,False,True,False
RIC,3,AlphaTauri,69.0,5.0,SOFT,14.0,True,13.0,1,74.015,10747.634,10673.619,19.8,36.5,60.0,False,False,False,False,False,False,False,False,False,True,False
RIC,3,AlphaTauri,70.0,5.0,SOFT,15.0,True,13.0,1,74.326,10821.96,10747.634,19.8,36.5,60.0,False,False,False,False,False,False,False,False,False,True,False
PIA,81,McLaren,1.0,1.0,SOFT,3.0,False,10.0,124,137.108,3880.269,3742.839,20.6,48.5,59.0,False,True,False,False,True,False,True,False,False,False,False
PIA,81,McLaren,2.0,2.0,MEDIUM,1.0,True,16.0,1,,5565.035,5400.364,20.7,49.1,56.0,False,True,True,True,True,False,False,False,False,False,False
PIA,81,McLaren,3.0,3.0,MEDIUM,2.0,False,16.0,1,109.154,5674.189,5565.035,20.9,49.7,54.0,False,False,True,False,True,False,False,False,False,False,False
PIA,81,McLaren,4.0,3.0,MEDIUM,3.0,False,16.0,1,77.084,5751.273,5674.189,21.0,50.2,55.0,False,False,False,False,False,False,False,False,False,True,False
PIA,81,McLaren,5.0,3.0,MEDIUM,4.0,False,16.0,1,76.932,5828.205,5751.273,21.0,49.8,57.0,False,False,False,False,False,False,False,False,False,True,False
PIA,81,McLaren,6.0,3.0,MEDIUM,5.0,False,16.0,1,76.738,5904.943,5828.205,21.1,49.6,57.0,False,False,False,False,False,False,False,False,False,True,False
PIA,81,McLaren,7.0,3.0,MEDIUM,6.0,False,16.0,1,76.713,5981.656,5904.943,21.1,49.7,58.0,False,False,False,False,False,False,False,False,False,True,False
PIA,81,McLaren,8.0,3.0,MEDIUM,7.0,False,16.0,1,76.641,6058.297,5981.656,21.0,49.4,58.0,False,False,False,False,False,False,False,False,False,True,False
PIA,81,McLaren,9.0,3.0,MEDIUM,8.0,False,17.0,1,77.289,6135.586,6058.297,21.0,49.4,58.0,False,False,False,False,False,False,False,False,False,True,False
PIA,81,McLaren,10.0,3.0,MEDIUM,9.0,False,17.0,1,78.311,6213.897,6135.586,20.9,49.2,58.0,False,False,False,False,False,False,False,False,False,True,False
PIA,81,McLaren,11.0,3.0,MEDIUM,10.0,False,17.0,1,77.211,6291.108,6213.897,20.8,48.9,57.0,False,False,False,False,False,False,False,False,False,True,False
PIA,81,McLaren,12.0,3.0,MEDIUM,11.0,False,17.0,1,77.478,6368.586,6291.108,20.6,48.8,56.0,False,False,False,False,False,False,False,False,False,True,False
PIA,81,McLaren,13.0,3.0,MEDIUM,12.0,False,17.0,1,77.977,6446.563,6368.586,20.6,49.1,57.0,False,False,False,False,False,False,False,False,False,True,False
PIA,81,McLaren,14.0,3.0,MEDIUM,13.0,False,17.0,1,77.698,6524.261,6446.563,20.6,48.9,56.0,False,False,False,False,False,False,False,False,False,True,False
PIA,81,McLaren,15.0,3.0,MEDIUM,14.0,False,17.0,1,77.526,6601.787,6524.261,20.9,49.0,55.0,False,False,False,False,False,False,False,False,False,True,False
PIA,81,McLaren,16.0,3.0,MEDIUM,15.0,False,17.0,1,77.442,6679.229,6601.787,21.0,48.7,56.0,False,False,False,False,False,False,False,False,False,True,False
PIA,81,McLaren,17.0,3.0,MEDIUM,16.0,False,17.0,1,77.265,6756.494,6679.229,21.0,48.7,56.0,False,False,False,False,False,False,False,False,False,True,False
PIA,81,McLaren,18.0,3.0,MEDIUM,17.0,False,17.0,1,77.583,6834.077,6756.494,20.9,48.8,57.0,False,False,False,False,False,False,False,False,False,True,False
PIA,81,McLaren,19.0,3.0,MEDIUM,18.0,False,17.0,1,77.096,6911.173,6834.077,20.6,48.9,58.0,False,False,False,False,False,False,False,False,False,True,False
PIA,81,McLaren,20.0,3.0,MEDIUM,19.0,False,17.0,1,77.433,6988.606,6911.173,20.5,48.3,59.0,False,False,False,False,False,False,False,False,False,True,False
PIA,81,McLaren,21.0,3.0,MEDIUM,20.0,False,17.0,1,77.043,7065.649,6988.606,20.6,48.3,59.0,False,False,False,False,False,False,False,False,False,True,False
PIA,81,McLaren,22.0,3.0,MEDIUM,21.0,False,17.0,1,77.435,7143.084,7065.649,20.5,48.5,59.0,False,False,False,False,False,False,False,False,False,True,False
PIA,81,McLaren,23.0,3.0,MEDIUM,22.0,False,16.0,1,77.143,7220.227,7143.084,20.5,48.1,58.0,False,False,False,False,False,False,False,False,False,True,False
PIA,81,McLaren,24.0,3.0,MEDIUM,23.0,False,16.0,1,81.76,7301.987,7220.227,20.5,48.1,58.0,False,True,False,False,True,False,False,False,False,False,False
PIA,81,McLaren,25.0,4.0,SOFT,4.0,False,16.0,1,94.16,7396.147,7301.987,20.5,48.4,57.0,False,False,True,False,True,False,False,False,False,False,False
PIA,81,McLaren,26.0,4.0,SOFT,5.0,False,16.0,1,76.368,7472.515,7396.147,20.6,48.7,57.0,False,False,False,False,False,False,False,False,False,True,False
PIA,81,McLaren,27.0,4.0,SOFT,6.0,False,16.0,1,76.27,7548.785,7472.515,20.7,48.8,56.0,False,False,False,False,False,False,False,False,False,True,False
PIA,81,McLaren,28.0,4.0,SOFT,7.0,False,16.0,1,76.269,7625.054,7548.785,20.4,48.4,57.0,False,False,False,False,False,False,False,False,False,True,False
PIA,81,McLaren,29.0,4.0,SOFT,8.0,False,16.0,1,75.859,7700.913,7625.054,20.4,48.0,57.0,False,False,False,False,False,False,False,False,False,True,False
PIA,81,McLaren,30.0,4.0,SOFT,9.0,False,16.0,1,75.68,7776.593,7700.913,20.5,48.0,57.0,False,False,False,False,False,False,False,False,False,True,False
PIA,81,McLaren,31.0,4.0,SOFT,10.0,False,16.0,1,75.558,7852.151,7776.593,20.5,47.8,58.0,False,False,False,False,False,False,False,False,False,True,False
PIA,81,McLaren,32.0,4.0,SOFT,11.0,False,16.0,1,75.866,7928.017,7852.151,20.3,47.3,59.0,False,False,False,False,False,False,False,False,False,True,False
PIA,81,McLaren,33.0,4.0,SOFT,12.0,False,16.0,1,75.656,8003.673,7928.017,20.3,47.3,60.0,False,False,False,False,False,False,False,False,False,True,False
PIA,81,McLaren,34.0,4.0,SOFT,13.0,False,16.0,1,76.492,8080.165,8003.673,20.2,47.2,60.0,False,False,False,False,False,False,False,False,False,True,False
PIA,81,McLaren,35.0,4.0,SOFT,14.0,False,16.0,1,76.179,8156.344,8080.165,20.2,47.2,59.0,False,False,False,False,False,False,False,False,False,True,False
PIA,81,McLaren,36.0,4.0,SOFT,15.0,False,16.0,1,76.314,8232.658,8156.344,20.4,47.4,58.0,False,False,False,False,False,False,False,False,False,True,False
PIA,81,McLaren,37.0,4.0,SOFT,16.0,False,16.0,1,76.048,8308.706,8232.658,20.5,47.5,59.0,False,False,False,False,False,False,False,False,False,True,False
PIA,81,McLaren,38.0,4.0,SOFT,17.0,False,16.0,1,76.075,8384.781,8308.706,20.5,47.5,58.0,False,False,False,False,False,False,False,False,False,True,False
PIA,81,McLaren,39.0,4.0,SOFT,18.0,False,16.0,1,76.099,8460.88,8384.781,20.4,47.0,59.0,False,False,False,False,False,False,False,False,False,True,False
PIA,81,McLaren,40.0,4.0,SOFT,19.0,False,15.0,1,76.585,8537.465,8460.88,20.5,46.6,59.0,False,False,False,False,False,False,False,False,False,True,False
PIA,81,McLaren,41.0,4.0,SOFT,20.0,False,15.0,1,76.198,8613.663,8537.465,20.5,47.1,58.0,False,False,False,False,False,False,False,False,False,True,False
PIA,81,McLaren,42.0,4.0,SOFT,21.0,False,15.0,1,76.355,8690.018,8613.663,20.5,46.9,59.0,False,False,False,False,False,False,False,False,False,True,False
PIA,81,McLaren,43.0,4.0,SOFT,22.0,False,15.0,1,76.708,8766.726,8690.018,20.3,47.1,59.0,False,False,False,False,False,False,False,False,False,True,False
PIA,81,McLaren,44.0,4.0,SOFT,23.0,False,15.0,1,76.378,8843.104,8766.726,20.3,47.1,59.0,False,False,False,False,False,False,False,False,False,True,False
PIA,81,McLaren,45.0,4.0,SOFT,24.0,False,15.0,1,76.452,8919.556,8843.104,20.3,46.8,59.0,False,False,False,False,False,False,False,False,False,True,False
PIA,81,McLaren,46.0,4.0,SOFT,25.0,False,15.0,1,76.655,8996.211,8919.556,20.3,46.7,58.0,False,False,False,False,False,False,False,False,False,True,False
PIA,81,McLaren,47.0,4.0,SOFT,26.0,False,15.0,1,76.306,9072.517,8996.211,20.3,46.2,58.0,False,False,False,False,False,False,False,False,False,True,False
PIA,81,McLaren,48.0,4.0,SOFT,27.0,False,15.0,1,76.466,9148.983,9072.517,20.2,45.4,58.0,False,False,False,False,False,False,False,False,False,True,False
PIA,81,McLaren,49.0,4.0,SOFT,28.0,False,15.0,1,76.245,9225.228,9148.983,20.2,44.9,58.0,False,False,False,False,False,False,False,False,False,True,False
PIA,81,McLaren,50.0,4.0,SOFT,29.0,False,15.0,1,76.415,9301.643,9225.228,20.3,42.5,58.0,False,False,False,False,False,False,False,False,False,True,False
PIA,81,McLaren,51.0,4.0,SOFT,30.0,False,15.0,1,76.104,9377.747,9301.643,20.3,41.8,59.0,False,False,False,False,False,False,False,False,False,True,False
PIA,81,McLaren,52.0,4.0,SOFT,31.0,False,15.0,1,82.846,9460.593,9377.747,20.3,41.1,58.0,False,True,False,False,True,False,False,False,False,False,False
PIA,81,McLaren,53.0,5.0,SOFT,6.0,False,15.0,1,93.762,9554.355,9460.593,20.2,40.5,59.0,False,False,True,False,True,False,False,False,False,False,False
PIA,81,McLaren,54.0,5.0,SOFT,7.0,False,15.0,1,75.576,9629.931,9554.355,20.0,40.0,59.0,False,False,False,False,False,False,False,False,False,True,False
PIA,81,McLaren,55.0,5.0,SOFT,8.0,False,15.0,1,74.951,9704.882,9629.931,20.0,39.6,58.0,False,False,False,False,False,False,False,False,False,True,False
PIA,81,McLaren,56.0,5.0,SOFT,9.0,False,15.0,1,75.933,9780.815,9704.882,20.0,38.8,59.0,False,False,False,False,False,False,False,False,False,True,False
PIA,81,McLaren,57.0,5.0,SOFT,10.0,False,15.0,1,77.651,9858.466,9780.815,19.9,38.7,58.0,False,False,False,False,False,False,False,False,False,True,False
PIA,81,McLaren,58.0,5.0,SOFT,11.0,False,14.0,1,74.533,9932.999,9858.466,19.9,38.4,59.0,False,False,False,False,False,False,False,False,False,True,False
PIA,81,McLaren,59.0,5.0,SOFT,12.0,False,14.0,1,74.402,10007.401,9932.999,19.8,38.0,58.0,False,False,False,False,False,False,False,False,False,True,False
PIA,81,McLaren,60.0,5.0,SOFT,13.0,False,14.0,1,74.625,10082.026,10007.401,19.8,37.8,59.0,False,False,False,False,False,False,False,False,False,True,False
PIA,81,McLaren,61.0,5.0,SOFT,14.0,False,14.0,1,74.791,10156.817,10082.026,19.9,37.6,60.0,False,False,False,False,False,False,False,False,False,True,False
PIA,81,McLaren,62.0,5.0,SOFT,15.0,False,14.0,1,74.342,10231.159,10156.817,19.8,37.6,59.0,False,False,False,False,False,False,False,False,False,True,False
PIA,81,McLaren,63.0,5.0,SOFT,16.0,False,14.0,1,74.615,10305.774,10231.159,19.9,37.8,59.0,False,False,False,False,False,False,False,False,False,True,False
PIA,81,McLaren,64.0,5.0,SOFT,17.0,False,14.0,1,74.393,10380.167,10305.774,19.8,37.1,60.0,False,False,False,False,False,False,False,False,False,True,False
PIA,81,McLaren,65.0,5.0,SOFT,18.0,False,14.0,1,74.391,10454.558,10380.167,19.7,37.1,59.0,False,False,False,False,False,False,False,False,False,True,False
PIA,81,McLaren,66.0,5.0,SOFT,19.0,False,14.0,1,74.31,10528.868,10454.558,19.7,37.0,60.0,False,False,False,False,False,False,False,False,False,True,False
PIA,81,McLaren,67.0,5.0,SOFT,20.0,False,14.0,1,77.524,10606.392,10528.868,19.7,36.8,60.0,False,False,False,False,False,False,False,False,False,True,False
PIA,81,McLaren,68.0,5.0,SOFT,21.0,False,14.0,1,74.445,10680.837,10606.392,19.7,36.4,61.0,False,False,False,False,False,False,False,False,False,True,False
PIA,81,McLaren,69.0,5.0,SOFT,22.0,False,14.0,1,74.799,10755.636,10680.837,19.8,36.5,60.0,False,False,False,False,False,False,False,False,False,True,False
RUS,63,Mercedes,1.0,1.0,SOFT,4.0,False,6.0,124,131.238,3874.376,3742.839,20.6,48.5,59.0,False,True,False,False,True,False,True,False,False,False,False
RUS,63,Mercedes,2.0,2.0,SOFT,5.0,False,6.0,45,143.59,4017.966,3874.376,20.5,45.3,60.0,False,True,True,False,True,False,True,False,False,False,True
RUS,63,Mercedes,3.0,3.0,SOFT,4.0,False,6.0,1,,5550.878,5400.364,20.7,49.1,56.0,False,False,True,True,True,False,False,False,False,False,False
RUS,63,Mercedes,4.0,3.0,SOFT,5.0,False,5.0,1,115.704,5666.582,5550.878,20.9,49.7,54.0,False,False,False,False,False,False,False,False,False,True,False
RUS,63,Mercedes,5.0,3.0,SOFT,6.0,False,5.0,1,76.921,5743.503,5666.582,21.0,50.2,55.0,False,False,False,False,False,False,False,False,False,True,False
RUS,63,Mercedes,6.0,3.0,SOFT,7.0,False,5.0,1,76.431,5819.934,5743.503,21.0,49.8,57.0,False,False,False,False,False,False,False,False,False,True,False
RUS,63,Mercedes,7.0,3.0,SOFT,8.0,False,5.0,1,76.483,5896.417,5819.934,21.1,49.6,57.0,False,False,False,False,False,False,False,False,False,True,False
RUS,63,Mercedes,8.0,3.0,SOFT,9.0,False,5.0,1,76.659,5973.076,5896.417,21.1,49.7,58.0,False,False,False,False,False,False,False,False,False,True,False
RUS,63,Mercedes,9.0,3.0,SOFT,10.0,False,5.0,1,76.663,6049.739,5973.076,21.1,49.3,58.0,False,False,False,False,False,False,False,False,False,True,False
RUS,63,Mercedes,10.0,3.0,SOFT,11.0,False,5.0,1,76.721,6126.46,6049.739,21.0,49.4,58.0,False,False,False,False,False,False,False,False,False,True,False
RUS,63,Mercedes,11.0,3.0,SOFT,12.0,False,5.0,1,76.933,6203.393,6126.46,20.9,49.2,58.0,False,False,False,False,False,False,False,False,False,True,False
RUS,63,Mercedes,12.0,3.0,SOFT,13.0,False,5.0,1,76.977,6280.37,6203.393,20.8,48.9,57.0,False,False,False,False,False,False,False,False,False,True,False
RUS,63,Mercedes,13.0,3.0,SOFT,14.0,False,5.0,1,77.056,6357.426,6280.37,20.8,49.1,55.0,False,False,False,False,False,False,False,False,False,True,False
RUS,63,Mercedes,14.0,3.0,SOFT,15.0,False,6.0,1,78.041,6435.467,6357.426,20.6,49.1,57.0,False,False,False,False,False,False,False,False,False,True,False
RUS,63,Mercedes,15.0,3.0,SOFT,16.0,False,6.0,1,77.315,6512.782,6435.467,20.6,48.9,56.0,False,False,False,False,False,False,False,False,False,True,False
RUS,63,Mercedes,16.0,3.0,SOFT,17.0,False,6.0,1,77.196,6589.978,6512.782,20.8,48.9,55.0,False,False,False,False,False,False,False,False,False,True,False
RUS,63,Mercedes,17.0,3.0,SOFT,18.0,False,6.0,1,77.392,6667.37,6589.978,21.0,48.7,56.0,False,False,False,False,False,False,False,False,False,True,False
RUS,63,Mercedes,18.0,3.0,SOFT,19.0,False,5.0,1,77.319,6744.689,6667.37,21.0,48.7,56.0,False,False,False,False,False,False,False,False,False,True,False
RUS,63,Mercedes,19.0,3.0,SOFT,20.0,False,8.0,1,80.533,6825.222,6744.689,20.9,48.8,57.0,False,True,False,False,True,False,False,False,False,False,False
RUS,63,Mercedes,20.0,4.0,MEDIUM,1.0,True,11.0,1,93.721,6918.943,6825.222,20.6,48.9,58.0,False,False,True,False,True,False,False,False,False,False,False
RUS,63,Mercedes,21.0,4.0,MEDIUM,2.0,True,10.0,1,76.573,6995.516,6918.943,20.5,48.3,59.0,False,False,False,False,False,False,False,False,False,True,False
RUS,63,Mercedes,22.0,4.0,MEDIUM,3.0,True,10.0,1,76.653,7072.169,6995.516,20.6,48.3,59.0,False,False,False,False,False,False,False,False,False,True,False
RUS,63,Mercedes,23.0,4.0,MEDIUM,4.0,True,9.0,1,77.088,7149.257,7072.169,20.5,48.5,59.0,False,False,False,False,False,False,False,False,False,True,False
RUS,63,Mercedes,24.0,4.0,MEDIUM,5.0,True,10.0,1,76.9,7226.157,7149.257,20.5,48.1,58.0,False,False,False,False,False,False,False,False,False,True,False
RUS,63,Mercedes,25.0,4.0,MEDIUM,6.0,True,10.0,1,77.08,7303.237,7226.157,20.5,48.1,58.0,False,False,False,False,False,False,False,False,False,True,False
RUS,63,Mercedes,26.0,4.0,MEDIUM,7.0,True,10.0,1,76.495,7379.732,7303.237,20.5,48.4,57.0,False,False,False,False,False,False,False,False,False,True,False
RUS,63,Mercedes,27.0,4.0,MEDIUM,8.0,True,7.0,1,75.628,7455.36,7379.732,20.6,48.7,57.0,False,False,False,False,False,False,False,False,False,True,False
RUS,63,Mercedes,28.0,4.0,MEDIUM,9.0,True,7.0,1,76.262,7531.622,7455.36,20.7,48.8,56.0,False,False,False,False,False,False,False,False,False,True,False
RUS,63,Mercedes,29.0,4.0,MEDIUM,10.0,True,7.0,1,76.305,7607.927,7531.622,20.5,48.8,57.0,False,False,False,False,False,False,False,False,False,True,False
RUS,63,Mercedes,30.0,4.0,MEDIUM,11.0,True,7.0,1,76.294,7684.221,7607.927,20.4,48.0,57.0,False,False,False,False,False,False,False,False,False,True,False
RUS,63,Mercedes,31.0,4.0,MEDIUM,12.0,True,7.0,1,76.298,7760.519,7684.221,20.5,48.0,57.0,False,False,False,False,False,False,False,False,False,True,False
RUS,63,Mercedes,32.0,4.0,MEDIUM,13.0,True,7.0,1,76.161,7836.68,7760.519,20.5,47.8,58.0,False,False,False,False,False,False,False,False,False,True,False
RUS,63,Mercedes,33.0,4.0,MEDIUM,14.0,True,7.0,1,76.433,7913.113,7836.68,20.4,47.4,58.0,False,False,False,False,False,False,False,False,False,True,False
RUS,63,Mercedes,34.0,4.0,MEDIUM,15.0,True,8.0,1,76.636,7989.749,7913.113,20.3,47.3,60.0,False,False,False,False,False,False,False,False,False,True,False
RUS,63,Mercedes,35.0,4.0,MEDIUM,16.0,True,8.0,1,77.27,8067.019,7989.749,20.2,47.2,60.0,False,False,False,False,False,False,False,False,False,True,False
RUS,63,Mercedes,36.0,4.0,MEDIUM,17.0,True,8.0,1,76.831,8143.85,8067.019,20.2,47.2,59.0,False,False,False,False,False,False,False,False,False,True,False
RUS,63,Mercedes,37.0,4.0,MEDIUM,18.0,True,8.0,1,76.742,8220.592,8143.85,20.4,47.4,58.0,False,False,False,False,False,False,False,False,False,True,False
RUS,63,Mercedes,38.0,4.0,MEDIUM,19.0,True,8.0,1,76.644,8297.236,8220.592,20.5,47.5,59.0,False,False,False,False,False,False,False,False,False,True,False
RUS,63,Mercedes,39.0,4.0,MEDIUM,20.0,True,8.0,1,76.674,8373.91,8297.236,20.5,47.5,58.0,False,False,False,False,False,False,False,False,False,True,False
RUS,63,Mercedes,40.0,4.0,MEDIUM,21.0,True,8.0,1,76.906,8450.816,8373.91,20.4,47.2,58.0,False,False,False,False,False,False,False,False,False,True,False
RUS,63,Mercedes,41.0,4.0,MEDIUM,22.0,True,8.0,1,76.709,8527.525,8450.816,20.5,46.6,59.0,False,False,False,False,False,False,False,False,False,True,False
RUS,63,Mercedes,42.0,4.0,MEDIUM,23.0,True,8.0,1,77.0,8604.525,8527.525,20.5,47.1,58.0,False,False,False,False,False,False,False,False,False,True,False
RUS,63,Mercedes,43.0,4.0,MEDIUM,24.0,True,9.0,1,77.74,8682.265,8604.525,20.5,46.9,59.0,False,False,False,False,False,False,False,False,False,True,False
RUS,63,Mercedes,44.0,4.0,MEDIUM,25.0,True,9.0,1,77.422,8759.687,8682.265,20.3,47.1,59.0,False,False,False,False,False,False,False,False,False,True,False
RUS,63,Mercedes,45.0,4.0,MEDIUM,26.0,True,10.0,1,81.183,8840.87,8759.687,20.3,47.1,59.0,False,True,False,False,True,False,False,False,False,False,False
RUS,63,Mercedes,46.0,5.0,SOFT,4.0,False,11.0,1,94.153,8935.023,8840.87,20.3,46.8,59.0,False,False,True,False,True,False,False,False,False,False,False
RUS,63,Mercedes,47.0,5.0,SOFT,5.0,False,11.0,1,76.534,9011.557,8935.023,20.3,46.7,59.0,False,False,False,False,False,False,False,False,False,True,False
RUS,63,Mercedes,48.0,5.0,SOFT,6.0,False,11.0,1,76.373,9087.93,9011.557,20.3,46.2,58.0,False,False,False,False,False,False,False,False,False,True,False
RUS,63,Mercedes,49.0,5.0,SOFT,7.0,False,11.0,1,76.313,9164.243,9087.93,20.2,45.4,58.0,False,False,False,False,False,False,False,False,False,True,False
RUS,63,Mercedes,50.0,5.0,SOFT,8.0,False,11.0,1,76.424,9240.667,9164.243,20.3,43.2,59.0,False,False,False,False,False,False,False,False,False,True,False
RUS,63,Mercedes,51.0,5.0,SOFT,9.0,False,11.0,1,75.936,9316.603,9240.667,20.3,42.5,58.0,False,False,False,False,False,False,False,False,False,True,False
RUS,63,Mercedes,52.0,5.0,SOFT,10.0,False,10.0,1,75.633,9392.236,9316.603,20.3,41.8,59.0,False,False,False,False,False,False,False,False,False,True,False
RUS,63,Mercedes,53.0,5.0,SOFT,11.0,False,10.0,1,75.478,9467.714,9392.236,20.3,41.1,58.0,False,False,False,False,False,False,False,False,False,True,False
RUS,63,Mercedes,54.0,5.0,SOFT,12.0,False,10.0,1,75.063,9542.777,9467.714,20.2,40.5,59.0,False,False,False,False,False,False,False,False,False,True,False
RUS,63,Mercedes,55.0,5.0,SOFT,13.0,False,10.0,1,74.934,9617.711,9542.777,20.0,40.0,59.0,False,False,False,False,False,False,False,False,False,True,False
RUS,63,Mercedes,56.0,5.0,SOFT,14.0,False,9.0,1,75.128,9692.839,9617.711,20.0,39.6,58.0,False,False,False,False,False,False,False,False,False,True,False
RUS,63,Mercedes,57.0,5.0,SOFT,15.0,False,12.0,1,104.13,9796.969,9692.839,20.0,38.8,59.0,False,True,False,False,True,False,False,False,False,False,False
BOT,77,Alfa Romeo,1.0,1.0,SOFT,1.0,True,13.0,124,142.202,3885.332,3742.839,20.6,48.5,59.0,False,True,False,False,True,False,True,False,False,False,False
BOT,77,Alfa Romeo,2.0,2.0,SOFT,2.0,False,12.0,45,146.231,4031.563,3885.332,20.5,45.3,60.0,False,True,True,False,True,False,True,False,False,False,True
BOT,77,Alfa Romeo,3.0,3.0,SOFT,1.0,True,12.0,1,,5587.634,5400.364,20.8,48.7,56.0,False,False,True,True,True,False,False,False,False,False,False
BOT,77,Alfa Romeo,4.0,3.0,SOFT,2.0,True,13.0,1,81.758,5669.392,5587.634,20.9,49.7,54.0,False,False,False,False,False,False,False,False,False,True,False
BOT,77,Alfa Romeo,5.0,3.0,SOFT,3.0,True,13.0,1,77.774,5747.166,5669.392,21.0,50.2,55.0,False,False,False,False,False,False,False,False,False,True,False
BOT,77,Alfa Romeo,6.0,3.0,SOFT,4.0,True,13.0,1,77.239,5824.405,5747.166,21.0,49.8,57.0,False,False,False,False,False,False,False,False,False,True,False
BOT,77,Alfa Romeo,7.0,3.0,SOFT,5.0,True,13.0,1,77.161,5901.566,5824.405,21.1,49.6,57.0,False,False,False,False,False,False,False,False,False,True,False
BOT,77,Alfa Romeo,8.0,3.0,SOFT,6.0,True,13.0,1,76.64,5978.206,5901.566,21.1,49.7,58.0,False,False,False,False,False,False,False,False,False,True,False
BOT,77,Alfa Romeo,9.0,3.0,SOFT,7.0,True,13.0,1,76.902,6055.108,5978.206,21.1,49.3,58.0,False,False,False,False,False,False,False,False,False,True,False
BOT,77,Alfa Romeo,10.0,3.0,SOFT,8.0,True,12.0,1,76.759,6131.867,6055.108,21.0,49.4,58.0,False,False,False,False,False,False,False,False,False,True,False
BOT,77,Alfa Romeo,11.0,3.0,SOFT,9.0,True,12.0,1,77.131,6208.998,6131.867,20.9,49.2,58.0,False,False,False,False,False,False,False,False,False,True,False
BOT,77,Alfa Romeo,12.0,3.0,SOFT,10.0,True,12.0,1,76.837,6285.835,6208.998,20.8,48.9,57.0,False,False,False,False,False,False,False,False,False,True,False
BOT,77,Alfa Romeo,13.0,3.0,SOFT,11.0,True,12.0,1,77.559,6363.394,6285.835,20.6,48.8,56.0,False,False,False,False,False,False,False,False,False,True,False
BOT,77,Alfa Romeo,14.0,3.0,SOFT,12.0,True,11.0,1,77.377,6440.771,6363.394,20.6,49.1,57.0,False,False,False,False,False,False,False,False,False,True,False
BOT,77,Alfa Romeo,15.0,3.0,SOFT,13.0,True,11.0,1,77.343,6518.114,6440.771,20.6,48.9,56.0,False,False,False,False,False,False,False,False,False,True,False
BOT,77,Alfa Romeo,16.0,3.0,SOFT,14.0,True,10.0,1,77.765,6595.879,6518.114,20.8,48.9,55.0,False,False,False,False,False,False,False,False,False,True,False
BOT,77,Alfa Romeo,17.0,3.0,SOFT,15.0,True,10.0,1,77.431,6673.31,6595.879,21.0,48.7,56.0,False,False,False,False,False,False,False,False,False,True,False
BOT,77,Alfa Romeo,18.0,3.0,SOFT,16.0,True,11.0,1,81.363,6754.673,6673.31,21.0,48.7,56.0,False,True,False,False,True,False,False,False,False,False,False
BOT,77,Alfa Romeo,19.0,4.0,MEDIUM,1.0,True,13.0,1,94.722,6849.395,6754.673,20.8,48.9,57.0,False,False,True,False,True,False,False,False,False,False,False
BOT,77,Alfa Romeo,20.0,4.0,MEDIUM,2.0,True,13.0,1,75.731,6925.126,6849.395,20.6,48.9,58.0,False,False,False,False,False,False,False,False,False,True,False
BOT,77,Alfa Romeo,21.0,4.0,MEDIUM,3.0,True,13.0,1,76.452,7001.578,6925.126,20.5,48.3,59.0,False,False,False,False,False,False,False,False,False,True,False
BOT,77,Alfa Romeo,22.0,4.0,MEDIUM,4.0,True,12.0,1,76.21,7077.788,7001.578,20.6,48.3,59.0,False,False,False,False,False,False,False,False,False,True,False
BOT,77,Alfa Romeo,23.0,4.0,MEDIUM,5.0,True,12.0,1,76.522,7154.31,7077.788,20.5,48.5,59.0,False,False,False,False,False,False,False,False,False,True,False
BOT,77,Alfa Romeo,24.0,4.0,MEDIUM,6.0,True,12.0,1,76.898,7231.208,7154.31,20.5,48.1,58.0,False,False,False,False,False,False,False,False,False,True,False
BOT,77,Alfa Romeo,25.0,4.0,MEDIUM,7.0,True,12.0,1,76.827,7308.035,7231.208,20.5,48.1,58.0,False,False,False,False,False,False,False,False,False,True,False
BOT,77,Alfa Romeo,26.0,4.0,MEDIUM,8.0,True,12.0,1,76.628,7384.663,7308.035,20.5,48.4,57.0,False,False,False,False,False,False,False,False,False,True,False
BOT,77,Alfa Romeo,27.0,4.0,MEDIUM,9.0,True,10.0,1,77.081,7461.744,7384.663,20.6,48.7,57.0,False,False,False,False,False,False,False,False,False,True,False
BOT,77,Alfa Romeo,28.0,4.0,MEDIUM,10.0,True,10.0,1,77.111,7538.855,7461.744,20.7,48.8,56.0,False,False,False,False,False,False,False,False,False,True,False
BOT,77,Alfa Romeo,29.0,4.0,MEDIUM,11.0,True,10.0,1,76.921,7615.776,7538.855,20.5,48.8,57.0,False,False,False,False,False,False,False,False,False,True,False
BOT,77,Alfa Romeo,30.0,4.0,MEDIUM,12.0,True,10.0,1,76.549,7692.325,7615.776,20.4,48.0,57.0,False,False,False,False,False,False,False,False,False,True,False
BOT,77,Alfa Romeo,31.0,4.0,MEDIUM,13.0,True,9.0,1,76.502,7768.827,7692.325,20.5,48.0,57.0,False,False,False,False,False,False,False,False,False,True,False
BOT,77,Alfa Romeo,32.0,4.0,MEDIUM,14.0,True,10.0,1,77.597,7846.424,7768.827,20.5,47.8,58.0,False,False,False,False,False,False,False,False,False,True,False
BOT,77,Alfa Romeo,33.0,4.0,MEDIUM,15.0,True,10.0,1,76.853,7923.277,7846.424,20.3,47.3,59.0,False,False,False,False,False,False,False,False,False,True,False
BOT,77,Alfa Romeo,34.0,4.0,MEDIUM,16.0,True,10.0,1,76.94,8000.217,7923.277,20.3,47.3,60.0,False,False,False,False,False,False,False,False,False,True,False
BOT,77,Alfa Romeo,35.0,4.0,MEDIUM,17.0,True,10.0,1,77.022,8077.239,8000.217,20.2,47.2,60.0,False,False,False,False,False,False,False,False,False,True,False
BOT,77,Alfa Romeo,36.0,4.0,MEDIUM,18.0,True,11.0,1,77.879,8155.118,8077.239,20.2,47.2,59.0,False,False,False,False,False,False,False,False,False,True,False
BOT,77,Alfa Romeo,37.0,4.0,MEDIUM,19.0,True,11.0,1,77.615,8232.733,8155.118,20.4,47.4,58.0,False,False,False,False,False,False,False,False,False,True,False
BOT,77,Alfa Romeo,38.0,4.0,MEDIUM,20.0,True,11.0,1,77.876,8310.609,8232.733,20.5,47.5,59.0,False,False,False,False,False,False,False,False,False,True,False
BOT,77,Alfa Romeo,39.0,4.0,MEDIUM,21.0,True,12.0,1,83.295,8393.904,8310.609,20.5,47.5,58.0,False,True,False,False,True,False,False,False,False,False,False
ZHO,24,Alfa Romeo,1.0,1.0,SOFT,1.0,True,14.0,124,146.873,3890.022,3742.839,20.6,48.5,59.0,False,True,False,False,True,False,True,False,False,False,False
ZHO,24,Alfa Romeo,2.0,2.0,SOFT,2.0,False,13.0,45,144.885,4034.907,3890.022,20.5,45.3,60.0,False,True,True,False,True,False,True,False,False,False,True
ZHO,24,Alfa Romeo,3.0,3.0,SOFT,1.0,True,13.0,1,,5588.017,5400.364,20.8,48.7,56.0,False,False,True,True,True,False,False,False,False,False,False
ZHO,24,Alfa Romeo,4.0,3.0,SOFT,2.0,True,14.0,1,81.539,5669.556,5588.017,20.9,49.7,54.0,False,False,False,False,False,False,False,False,False,True,False
ZHO,24,Alfa Romeo,5.0,3.0,SOFT,3.0,True,14.0,1,78.239,5747.795,5669.556,21.0,50.2,55.0,False,False,False,False,False,False,False,False,False,True,False
ZHO,24,Alfa Romeo,6.0,3.0,SOFT,4.0,True,14.0,1,77.289,5825.084,5747.795,21.0,49.8,57.0,False,False,False,False,False,False,False,False,False,True,False
ZHO,24,Alfa Romeo,7.0,3.0,SOFT,5.0,True,14.0,1,77.106,5902.19,5825.084,21.1,49.6,57.0,False,False,False,False,False,False,False,False,False,True,False
ZHO,24,Alfa Romeo,8.0,3.0,SOFT,6.0,True,14.0,1,76.881,5979.071,5902.19,21.1,49.7,58.0,False,False,False,False,False,False,False,False,False,True,False
ZHO,24,Alfa Romeo,9.0,3.0,SOFT,7.0,True,14.0,1,76.977,6056.048,5979.071,21.1,49.3,58.0,False,False,False,False,False,False,False,False,False,True,False
ZHO,24,Alfa Romeo,10.0,3.0,SOFT,8.0,True,14.0,1,76.752,6132.8,6056.048,21.0,49.4,58.0,False,False,False,False,False,False,False,False,False,True,False
ZHO,24,Alfa Romeo,11.0,3.0,SOFT,9.0,True,14.0,1,77.043,6209.843,6132.8,20.9,49.2,58.0,False,False,False,False,False,False,False,False,False,True,False
ZHO,24,Alfa Romeo,12.0,3.0,SOFT,10.0,True,14.0,1,77.567,6287.41,6209.843,20.8,48.9,57.0,False,False,False,False,False,False,False,False,False,True,False
ZHO,24,Alfa Romeo,13.0,3.0,SOFT,11.0,True,13.0,1,77.642,6365.052,6287.41,20.6,48.8,56.0,False,False,False,False,False,False,False,False,False,True,False
ZHO,24,Alfa Romeo,14.0,3.0,SOFT,12.0,True,12.0,1,77.484,6442.536,6365.052,20.6,49.1,57.0,False,False,False,False,False,False,False,False,False,True,False
ZHO,24,Alfa Romeo,15.0,3.0,SOFT,13.0,True,13.0,1,81.661,6524.197,6442.536,20.6,48.9,56.0,False,True,False,False,True,False,False,False,False,False,False
ZHO,24,Alfa Romeo,16.0,4.0,MEDIUM,1.0,True,15.0,1,94.953,6619.15,6524.197,20.9,49.0,55.0,False,False,True,False,True,False,False,False,False,False,False
ZHO,24,Alfa Romeo,17.0,4.0,MEDIUM,2.0,True,15.0,1,76.232,6695.382,6619.15,21.0,48.7,56.0,False,False,False,False,False,False,False,False,False,True,False
ZHO,24,Alfa Romeo,18.0,4.0,MEDIUM,3.0,True,14.0,1,76.639,6772.021,6695.382,21.0,48.7,56.0,False,False,False,False,False,False,False,False,False,True,False
ZHO,24,Alfa Romeo,19.0,4.0,MEDIUM,4.0,True,14.0,1,77.406,6849.427,6772.021,20.8,48.9,57.0,False,False,False,False,False,False,False,False,False,True,False
ZHO,24,Alfa Romeo,20.0,4.0,MEDIUM,5.0,True,14.0,1,76.914,6926.341,6849.427,20.6,48.9,58.0,False,False,False,False,False,False,False,False,False,True,False
ZHO,24,Alfa Romeo,21.0,4.0,MEDIUM,6.0,True,14.0,1,76.767,7003.108,6926.341,20.5,48.3,59.0,False,False,False,False,False,False,False,False,False,True,False
ZHO,24,Alfa Romeo,22.0,4.0,MEDIUM,7.0,True,14.0,1,90.346,7093.454,7003.108,20.4,48.3,59.0,False,True,False,False,True,False,False,False,False,False,False
MAG,20,Haas F1 Team,1.0,1.0,SOFT,1.0,True,,124,,3862.976,3742.839,20.6,48.5,59.0,False,False,False,True,True,False,True,False,False,False,False
ALB,23,Williams,1.0,1.0,SOFT,4.0,False,,124,,3862.976,3742.839,20.6,48.5,59.0,False,False,False,True,True,False,True,False,False,False,False
