Driver,DriverNumber,Team,LapNumber,Stint,Compound,TyreLife,FreshTyre,Position,TrackStatus,lap_time_s,time_s,lap_start_time_s,air_temp_c,track_temp_c,humidity_pct,rainfall,is_in_lap,is_out_lap,is_missing_laptime,is_inaccurate,is_wet_compound,is_non_green,is_unknown_status,is_deleted,is_pace_lap,stint_crosses_red_flag
VER,1,Red Bull Racing,1.0,1.0,SOFT,4.0,False,1.0,1,85.253,3812.254,3726.736,25.5,47.8,34.0,False,False,False,False,True,False,False,False,False,False,False
VER,1,Red Bull Racing,2.0,1.0,SOFT,5.0,False,1.0,1,83.247,3895.501,3812.254,25.3,47.7,34.0,False,False,False,False,False,False,False,False,False,True,False
VER,1,Red Bull Racing,3.0,1.0,SOFT,6.0,False,1.0,1,83.079,3978.58,3895.501,25.2,47.2,34.0,False,False,False,False,False,False,False,False,False,True,False
VER,1,Red Bull Racing,4.0,1.0,SOFT,7.0,False,1.0,1,83.566,4062.146,3978.58,25.0,47.1,34.0,False,False,False,False,False,False,False,False,False,True,False
VER,1,Red Bull Racing,5.0,1.0,SOFT,8.0,False,1.0,1,83.226,4145.372,4062.146,24.9,47.0,34.0,False,False,False,False,False,False,False,False,False,True,False
VER,1,Red Bull Racing,6.0,1.0,SOFT,9.0,False,1.0,1,83.294,4228.666,4145.372,24.8,45.6,34.0,False,False,False,False,False,False,False,False,False,True,False
VER,1,Red Bull Racing,7.0,1.0,SOFT,10.0,False,1.0,1,83.115,4311.781,4228.666,24.7,44.1,34.0,False,False,False,False,False,False,False,False,False,True,False
VER,1,Red Bull Racing,8.0,1.0,SOFT,11.0,False,1.0,1,83.292,4395.073,4311.781,24.4,42.8,35.0,False,False,False,False,False,False,False,False,False,True,False
VER,1,Red Bull Racing,9.0,1.0,SOFT,12.0,False,1.0,1,83.246,4478.319,4395.073,24.3,42.6,35.0,False,False,False,False,False,False,False,False,False,True,False
VER,1,Red Bull Racing,10.0,1.0,SOFT,13.0,False,1.0,1,83.257,4561.576,4478.319,24.2,42.6,34.0,False,False,False,False,False,False,False,False,False,True,False
VER,1,Red Bull Racing,11.0,1.0,SOFT,14.0,False,1.0,1,83.164,4644.74,4561.576,24.4,42.1,34.0,False,False,False,False,False,False,False,False,False,True,False
VER,1,Red Bull Racing,12.0,1.0,SOFT,15.0,False,1.0,1,83.076,4727.816,4644.74,24.4,42.1,33.0,False,False,False,False,False,False,False,False,False,True,False
VER,1,Red Bull Racing,13.0,1.0,SOFT,16.0,False,1.0,1,83.109,4810.925,4727.816,24.2,40.8,34.0,False,False,False,False,False,False,False,False,False,True,False
VER,1,Red Bull Racing,14.0,1.0,SOFT,17.0,False,1.0,1,83.056,4893.981,4810.925,24.2,40.8,34.0,False,False,False,False,False,False,False,False,False,True,False
VER,1,Red Bull Racing,15.0,1.0,SOFT,18.0,False,1.0,1,82.971,4976.952,4893.981,24.2,40.4,33.0,False,False,False,False,False,False,False,False,False,True,False
VER,1,Red Bull Racing,16.0,1.0,SOFT,19.0,False,1.0,1,83.076,5060.028,4976.952,24.2,40.2,33.0,False,False,False,False,False,False,False,False,False,True,False
VER,1,Red Bull Racing,17.0,1.0,SOFT,20.0,False,1.0,1,83.161,5143.189,5060.028,24.1,40.0,33.0,False,False,False,False,False,False,False,False,False,True,False
VER,1,Red Bull Racing,18.0,1.0,SOFT,21.0,False,1.0,1,83.288,5226.477,5143.189,24.0,39.8,34.0,False,False,False,False,False,False,False,False,False,True,False
VER,1,Red Bull Racing,19.0,1.0,SOFT,22.0,False,1.0,1,83.432,5309.909,5226.477,24.2,39.8,33.0,False,False,False,False,False,False,False,False,False,True,False
VER,1,Red Bull Racing,20.0,1.0,SOFT,23.0,False,1.0,1,83.674,5393.583,5309.909,24.2,39.6,33.0,False,False,False,False,False,False,False,False,False,True,False
VER,1,Red Bull Racing,21.0,1.0,SOFT,24.0,False,1.0,1,83.295,5476.878,5393.583,24.2,39.5,33.0,False,False,False,False,False,False,False,False,False,True,False
VER,1,Red Bull Racing,22.0,1.0,SOFT,25.0,False,1.0,1,83.597,5560.475,5476.878,24.3,39.5,33.0,False,False,False,False,False,False,False,False,False,True,False
VER,1,Red Bull Racing,23.0,1.0,SOFT,26.0,False,1.0,1,83.655,5644.13,5560.475,24.3,39.6,33.0,False,False,False,False,False,False,False,False,False,True,False
VER,1,Red Bull Racing,24.0,1.0,SOFT,27.0,False,1.0,1,83.861,5727.991,5644.13,24.5,39.8,32.0,False,False,False,False,False,False,False,False,False,True,False
VER,1,Red Bull Racing,25.0,1.0,SOFT,28.0,False,2.0,1,86.845,5814.836,5727.991,24.6,39.8,32.0,False,True,False,False,True,False,False,False,False,False,False
VER,1,Red Bull Racing,26.0,2.0,MEDIUM,1.0,True,3.0,1,101.339,5916.175,5814.836,24.6,39.4,33.0,False,False,True,False,True,False,False,False,False,False,False
VER,1,Red Bull Racing,27.0,2.0,MEDIUM,2.0,True,3.0,1,82.494,5998.669,5916.175,24.6,39.4,33.0,False,False,False,False,False,False,False,False,False,True,False
VER,1,Red Bull Racing,28.0,2.0,MEDIUM,3.0,True,3.0,1,82.54,6081.209,5998.669,24.6,39.4,33.0,False,False,False,False,False,False,False,False,False,True,False
VER,1,Red Bull Racing,29.0,2.0,MEDIUM,4.0,True,3.0,1,82.472,6163.681,6081.209,24.7,39.1,33.0,False,False,False,False,False,False,False,False,False,True,False
VER,1,Red Bull Racing,30.0,2.0,MEDIUM,5.0,True,2.0,1,82.289,6245.97,6163.681,24.5,38.9,33.0,False,False,False,False,False,False,False,False,False,True,False
VER,1,Red Bull Racing,31.0,2.0,MEDIUM,6.0,True,2.0,1,82.365,6328.335,6245.97,24.4,38.8,34.0,False,False,False,False,False,False,False,False,False,True,False
VER,1,Red Bull Racing,32.0,2.0,MEDIUM,7.0,True,2.0,1,82.166,6410.501,6328.335,24.4,38.7,34.0,False,False,False,False,False,False,False,False,False,True,False
VER,1,Red Bull Racing,33.0,2.0,MEDIUM,8.0,True,2.0,1,82.316,6492.817,6410.501,24.4,38.4,34.0,False,False,False,False,False,False,False,False,False,True,False
VER,1,Red Bull Racing,34.0,2.0,MEDIUM,9.0,True,2.0,1,82.188,6575.005,6492.817,24.3,38.4,34.0,False,False,False,False,False,False,False,False,False,True,False
VER,1,Red Bull Racing,35.0,2.0,MEDIUM,10.0,True,1.0,1,82.054,6657.059,6575.005,24.3,38.5,34.0,False,False,False,False,False,False,False,False,False,True,False
VER,1,Red Bull Racing,36.0,2.0,MEDIUM,11.0,True,1.0,1,82.046,6739.105,6657.059,24.5,38.5,33.0,False,False,False,False,False,False,False,False,False,True,False
VER,1,Red Bull Racing,37.0,2.0,MEDIUM,12.0,True,1.0,1,82.329,6821.434,6739.105,24.5,38.5,33.0,False,False,False,False,False,False,False,False,False,True,False
VER,1,Red Bull Racing,38.0,2.0,MEDIUM,13.0,True,1.0,1,82.685,6904.119,6821.434,24.6,38.5,33.0,False,False,False,False,False,False,False,False,False,True,False
VER,1,Red Bull Racing,39.0,2.0,MEDIUM,14.0,True,1.0,1,82.382,6986.501,6904.119,24.6,38.6,33.0,False,False,False,False,False,False,False,False,False,True,False
VER,1,Red Bull Racing,40.0,2.0,MEDIUM,15.0,True,1.0,1,82.466,7068.967,6986.501,24.6,38.4,33.0,False,False,False,False,False,False,False,False,False,True,False
VER,1,Red Bull Racing,41.0,2.0,MEDIUM,16.0,True,1.0,1,82.436,7151.403,7068.967,24.3,38.1,33.0,False,False,False,False,False,False,False,False,False,True,False
VER,1,Red Bull Racing,42.0,2.0,MEDIUM,17.0,True,1.0,1,82.465,7233.868,7151.403,24.3,38.1,33.0,False,False,False,False,False,False,False,False,False,True,False
VER,1,Red Bull Racing,43.0,2.0,MEDIUM,18.0,True,1.0,1,82.405,7316.273,7233.868,24.4,38.0,33.0,False,False,False,False,False,False,False,False,False,True,False
VER,1,Red Bull Racing,44.0,2.0,MEDIUM,19.0,True,1.0,1,82.285,7398.558,7316.273,24.5,38.2,33.0,False,False,False,False,False,False,False,False,False,True,False
VER,1,Red Bull Racing,45.0,2.0,MEDIUM,20.0,True,1.0,1,82.426,7480.984,7398.558,24.5,38.0,33.0,False,False,False,False,False,False,False,False,False,True,False
VER,1,Red Bull Racing,46.0,2.0,MEDIUM,21.0,True,1.0,1,82.568,7563.552,7480.984,24.4,38.0,32.0,False,False,False,False,False,False,False,False,False,True,False
VER,1,Red Bull Racing,47.0,2.0,MEDIUM,22.0,True,1.0,1,82.468,7646.02,7563.552,24.3,37.9,31.0,False,False,False,False,False,False,False,False,False,True,False
VER,1,Red Bull Racing,48.0,2.0,MEDIUM,23.0,True,1.0,1,82.733,7728.753,7646.02,24.5,37.9,31.0,False,False,False,False,False,False,False,False,False,True,False
VER,1,Red Bull Racing,49.0,2.0,MEDIUM,24.0,True,1.0,1,82.544,7811.297,7728.753,24.5,38.0,31.0,False,False,False,False,False,False,False,False,False,True,False
VER,1,Red Bull Racing,50.0,2.0,MEDIUM,25.0,True,1.0,1,82.576,7893.873,7811.297,24.5,37.9,31.0,False,False,False,False,False,False,False,False,False,True,False
VER,1,Red Bull Racing,51.0,2.0,MEDIUM,26.0,True,1.0,1,82.308,7976.181,7893.873,24.5,37.9,31.0,False,False,False,False,False,False,False,False,False,True,False
VER,1,Red Bull Racing,52.0,2.0,MEDIUM,27.0,True,1.0,1,82.497,8058.678,7976.181,24.4,37.7,31.0,False,False,False,False,False,False,False,False,False,True,False
VER,1,Red Bull Racing,53.0,2.0,MEDIUM,28.0,True,1.0,1,82.502,8141.18,8058.678,24.4,37.8,31.0,False,False,False,False,False,False,False,False,False,True,False
VER,1,Red Bull Racing,54.0,2.0,MEDIUM,29.0,True,1.0,1,82.515,8223.695,8141.18,24.4,37.8,31.0,False,False,False,False,False,False,False,False,False,True,False
VER,1,Red Bull Racing,55.0,2.0,MEDIUM,30.0,True,1.0,1,82.786,8306.481,8223.695,24.3,37.8,31.0,False,False,False,False,False,False,False,False,False,True,False
VER,1,Red Bull Racing,56.0,2.0,MEDIUM,31.0,True,1.0,1,82.105,8388.586,8306.481,24.4,37.6,32.0,False,False,False,False,False,False,False,False,False,True,False
VER,1,Red Bull Racing,57.0,2.0,MEDIUM,32.0,True,1.0,1,82.425,8471.011,8388.586,24.3,37.3,31.0,False,False,False,False,False,False,False,False,False,True,False
VER,1,Red Bull Racing,58.0,2.0,MEDIUM,33.0,True,1.0,1,82.313,8553.324,8471.011,24.3,37.2,32.0,False,False,False,False,False,False,False,False,False,True,False
VER,1,Red Bull Racing,59.0,2.0,MEDIUM,34.0,True,1.0,1,82.428,8635.752,8553.324,24.4,37.2,32.0,False,False,False,False,False,False,False,False,False,True,False
VER,1,Red Bull Racing,60.0,2.0,MEDIUM,35.0,True,1.0,1,82.698,8718.45,8635.752,24.3,37.2,32.0,False,False,False,False,False,False,False,False,False,True,False
VER,1,Red Bull Racing,61.0,2.0,MEDIUM,36.0,True,1.0,1,82.4,8800.85,8718.45,24.3,37.1,32.0,False,False,False,False,False,False,False,False,False,True,False
VER,1,Red Bull Racing,62.0,2.0,MEDIUM,37.0,True,1.0,1,82.51,8883.36,8800.85,24.4,37.0,32.0,False,False,False,False,False,False,False,False,False,True,False
VER,1,Red Bull Racing,63.0,2.0,MEDIUM,38.0,True,1.0,1,82.72,8966.08,8883.36,24.4,37.0,32.0,False,False,False,False,False,False,False,False,False,True,False
VER,1,Red Bull Racing,64.0,2.0,MEDIUM,39.0,True,1.0,1,82.476,9048.556,8966.08,24.4,37.0,32.0,False,False,False,False,False,False,False,False,False,True,False
VER,1,Red Bull Racing,65.0,2.0,MEDIUM,40.0,True,1.0,126,89.023,9137.579,9048.556,24.6,37.3,32.0,False,False,False,False,True,False,True,False,False,False,False
VER,1,Red Bull Racing,66.0,2.0,MEDIUM,41.0,True,1.0,671,92.908,9230.487,9137.579,24.7,37.2,32.0,False,False,False,False,True,False,True,False,False,False,False
VER,1,Red Bull Racing,67.0,2.0,MEDIUM,42.0,True,1.0,1,82.302,9312.789,9230.487,24.8,37.2,32.0,False,False,False,False,False,False,False,False,False,True,False
VER,1,Red Bull Racing,68.0,2.0,MEDIUM,43.0,True,1.0,1,82.549,9395.338,9312.789,24.7,37.2,32.0,False,False,False,False,False,False,False,False,False,True,False
VER,1,Red Bull Racing,69.0,2.0,MEDIUM,44.0,True,1.0,1,82.794,9478.132,9395.338,24.7,37.3,32.0,False,False,False,False,False,False,False,False,False,True,False
VER,1,Red Bull Racing,70.0,2.0,MEDIUM,45.0,True,1.0,1,82.681,9560.813,9478.132,24.8,37.4,31.0,False,False,False,False,False,False,False,False,False,True,False
VER,1,Red Bull Racing,71.0,2.0,MEDIUM,46.0,True,1.0,1,82.917,9643.73,9560.813,24.8,37.8,31.0,False,False,False,False,False,False,False,False,False,True,False
GAS,10,AlphaTauri,1.0,1.0,MEDIUM,1.0,True,16.0,1,95.417,3822.418,3726.736,25.5,47.8,34.0,False,False,False,False,True,False,False,False,False,False,False
GAS,10,AlphaTauri,2.0,1.0,MEDIUM,2.0,True,16.0,1,86.197,3908.615,3822.418,25.3,47.7,34.0,False,False,False,False,False,False,False,False,False,True,False
GAS,10,AlphaTauri,3.0,1.0,MEDIUM,3.0,True,16.0,1,86.285,3994.9,3908.615,25.2,47.2,34.0,False,False,False,False,False,False,False,False,False,True,False
GAS,10,AlphaTauri,4.0,1.0,MEDIUM,4.0,True,16.0,1,85.87,4080.77,3994.9,25.0,47.1,34.0,False,False,False,False,False,False,False,False,False,True,False
GAS,10,AlphaTauri,5.0,1.0,MEDIUM,5.0,True,16.0,1,85.322,4166.092,4080.77,24.8,46.2,33.0,False,False,False,False,False,False,False,False,False,True,False
GAS,10,AlphaTauri,6.0,1.0,MEDIUM,6.0,True,16.0,1,84.622,4250.714,4166.092,24.8,45.6,34.0,False,False,False,False,False,False,False,False,False,True,False
GAS,10,AlphaTauri,7.0,1.0,MEDIUM,7.0,True,16.0,1,85.334,4336.048,4250.714,24.5,43.6,35.0,False,False,False,False,False,False,False,False,False,True,False
GAS,10,AlphaTauri,8.0,1.0,MEDIUM,8.0,True,16.0,1,85.472,4421.52,4336.048,24.4,42.8,35.0,False,False,False,False,False,False,False,False,False,True,False
GAS,10,AlphaTauri,9.0,1.0,MEDIUM,9.0,True,16.0,1,85.934,4507.454,4421.52,24.3,42.6,35.0,False,False,False,False,False,False,False,False,False,True,False
GAS,10,AlphaTauri,10.0,1.0,MEDIUM,10.0,True,16.0,1,85.042,4592.496,4507.454,24.4,42.6,34.0,False,False,False,False,False,False,False,False,False,True,False
GAS,10,AlphaTauri,11.0,1.0,MEDIUM,11.0,True,16.0,1,85.1,4677.596,4592.496,24.4,42.1,34.0,False,False,False,False,False,False,False,False,False,True,False
GAS,10,AlphaTauri,12.0,1.0,MEDIUM,12.0,True,16.0,1,84.951,4762.547,4677.596,24.3,41.2,34.0,False,False,False,False,False,False,False,False,False,True,False
GAS,10,AlphaTauri,13.0,1.0,MEDIUM,13.0,True,15.0,1,86.906,4849.453,4762.547,24.2,40.8,34.0,False,False,False,False,False,False,False,False,False,True,False
GAS,10,AlphaTauri,14.0,1.0,MEDIUM,14.0,True,15.0,1,84.587,4934.04,4849.453,24.2,40.4,33.0,False,False,False,False,False,False,False,False,False,True,False
GAS,10,AlphaTauri,15.0,1.0,MEDIUM,15.0,True,15.0,1,84.446,5018.486,4934.04,24.2,40.2,33.0,False,False,False,False,False,False,False,False,False,True,False
GAS,10,AlphaTauri,16.0,1.0,MEDIUM,16.0,True,15.0,1,84.679,5103.165,5018.486,24.2,40.2,33.0,False,False,False,False,False,False,False,False,False,True,False
GAS,10,AlphaTauri,17.0,1.0,MEDIUM,17.0,True,15.0,1,84.621,5187.786,5103.165,24.0,39.8,34.0,False,False,False,False,False,False,False,False,False,True,False
GAS,10,AlphaTauri,18.0,1.0,MEDIUM,18.0,True,15.0,1,85.048,5272.834,5187.786,24.0,39.9,33.0,False,False,False,False,False,False,False,False,False,True,False
GAS,10,AlphaTauri,19.0,1.0,MEDIUM,19.0,True,15.0,1,84.923,5357.757,5272.834,24.2,39.6,33.0,False,False,False,False,False,False,False,False,False,True,False
GAS,10,AlphaTauri,20.0,1.0,MEDIUM,20.0,True,15.0,1,84.532,5442.289,5357.757,24.2,39.6,33.0,False,False,False,False,False,False,False,False,False,True,False
GAS,10,AlphaTauri,21.0,1.0,MEDIUM,21.0,True,15.0,1,84.756,5527.045,5442.289,24.2,39.5,33.0,False,False,False,False,False,False,False,False,False,True,False
GAS,10,AlphaTauri,22.0,1.0,MEDIUM,22.0,True,15.0,1,84.691,5611.736,5527.045,24.3,39.6,33.0,False,False,False,False,False,False,False,False,False,True,False
GAS,10,AlphaTauri,23.0,1.0,MEDIUM,23.0,True,15.0,1,84.895,5696.631,5611.736,24.3,39.8,32.0,False,False,False,False,False,False,False,False,False,True,False
GAS,10,AlphaTauri,24.0,1.0,MEDIUM,24.0,True,15.0,1,84.896,5781.527,5696.631,24.6,39.8,32.0,False,False,False,False,False,False,False,False,False,True,False
GAS,10,AlphaTauri,25.0,1.0,MEDIUM,25.0,True,15.0,1,84.998,5866.525,5781.527,24.6,39.4,33.0,False,False,False,False,False,False,False,False,False,True,False
GAS,10,AlphaTauri,26.0,1.0,MEDIUM,26.0,True,15.0,1,85.01,5951.535,5866.525,24.6,39.4,33.0,False,False,False,False,False,False,False,False,False,True,False
GAS,10,AlphaTauri,27.0,1.0,MEDIUM,27.0,True,15.0,1,84.913,6036.448,5951.535,24.6,39.4,33.0,False,False,False,False,False,False,False,False,False,True,False
GAS,10,AlphaTauri,28.0,1.0,MEDIUM,28.0,True,15.0,1,84.788,6121.236,6036.448,24.6,39.4,33.0,False,False,False,False,False,False,False,False,False,True,False
GAS,10,AlphaTauri,29.0,1.0,MEDIUM,29.0,True,15.0,1,84.747,6205.983,6121.236,24.5,38.9,33.0,False,False,False,False,False,False,False,False,False,True,False
GAS,10,AlphaTauri,30.0,1.0,MEDIUM,30.0,True,14.0,1,85.024,6291.007,6205.983,24.5,38.8,34.0,False,False,False,False,False,False,False,False,False,True,False
GAS,10,AlphaTauri,31.0,1.0,MEDIUM,31.0,True,14.0,1,84.992,6375.999,6291.007,24.4,38.7,34.0,False,False,False,False,False,False,False,False,False,True,False
GAS,10,AlphaTauri,32.0,1.0,MEDIUM,32.0,True,13.0,1,84.961,6460.96,6375.999,24.4,38.5,33.0,False,False,False,False,False,False,False,False,False,True,False
GAS,10,AlphaTauri,33.0,1.0,MEDIUM,33.0,True,13.0,1,85.061,6546.021,6460.96,24.4,38.4,34.0,False,False,False,False,False,False,False,False,False,True,False
GAS,10,AlphaTauri,34.0,1.0,MEDIUM,34.0,True,12.0,1,84.938,6630.959,6546.021,24.3,38.5,34.0,False,False,False,False,False,False,False,False,False,True,False
GAS,10,AlphaTauri,35.0,1.0,MEDIUM,35.0,True,12.0,1,84.934,6715.893,6630.959,24.4,38.7,33.0,False,False,False,False,False,False,False,False,False,True,False
GAS,10,AlphaTauri,36.0,1.0,MEDIUM,36.0,True,12.0,1,84.857,6800.75,6715.893,24.5,38.5,33.0,False,False,False,False,False,False,False,False,False,True,False
GAS,10,AlphaTauri,37.0,1.0,MEDIUM,37.0,True,12.0,1,84.935,6885.685,6800.75,24.6,38.5,33.0,False,False,False,False,False,False,False,False,False,True,False
GAS,10,AlphaTauri,38.0,1.0,MEDIUM,38.0,True,12.0,1,85.872,6971.557,6885.685,24.6,38.6,33.0,False,False,False,False,False,False,False,False,False,True,False
GAS,10,AlphaTauri,39.0,1.0,MEDIUM,39.0,True,12.0,1,85.351,7056.908,6971.557,24.6,38.4,33.0,False,False,False,False,False,False,False,False,False,True,False
GAS,10,AlphaTauri,40.0,1.0,MEDIUM,40.0,True,14.0,1,88.285,7145.193,7056.908,24.5,38.3,33.0,False,True,False,False,True,False,False,False,False,False,False
GAS,10,AlphaTauri,41.0,2.0,SOFT,1.0,True,16.0,1,109.022,7254.215,7145.193,24.3,38.1,33.0,False,False,True,False,True,False,False,False,False,False,False
GAS,10,AlphaTauri,42.0,2.0,SOFT,2.0,True,16.0,1,82.277,7336.492,7254.215,24.5,38.2,33.0,False,False,False,False,False,False,False,False,False,True,False
GAS,10,AlphaTauri,43.0,2.0,SOFT,3.0,True,16.0,1,82.568,7419.06,7336.492,24.5,38.2,33.0,False,False,False,False,False,False,False,False,False,True,False
GAS,10,AlphaTauri,44.0,2.0,SOFT,4.0,True,16.0,1,82.562,7501.622,7419.06,24.5,38.0,33.0,False,False,False,False,False,False,False,False,False,True,False
GAS,10,AlphaTauri,45.0,2.0,SOFT,5.0,True,16.0,1,82.846,7584.468,7501.622,24.4,37.9,32.0,False,False,False,False,False,False,False,False,False,True,False
GAS,10,AlphaTauri,46.0,2.0,SOFT,6.0,True,15.0,1,82.674,7667.142,7584.468,24.3,37.9,31.0,False,False,False,False,False,False,False,False,False,True,False
GAS,10,AlphaTauri,47.0,2.0,SOFT,7.0,True,15.0,1,83.124,7750.266,7667.142,24.5,38.0,31.0,False,False,False,False,False,False,False,False,False,True,False
GAS,10,AlphaTauri,48.0,2.0,SOFT,8.0,True,15.0,1,82.95,7833.216,7750.266,24.5,38.0,31.0,False,False,False,False,False,False,False,False,False,True,False
GAS,10,AlphaTauri,49.0,2.0,SOFT,9.0,True,15.0,1,82.975,7916.191,7833.216,24.5,37.9,31.0,False,False,False,False,False,False,False,False,False,True,False
GAS,10,AlphaTauri,50.0,2.0,SOFT,10.0,True,14.0,1,84.872,8001.063,7916.191,24.5,37.9,31.0,False,False,False,False,False,False,False,False,False,True,False
GAS,10,AlphaTauri,51.0,2.0,SOFT,11.0,True,14.0,1,84.135,8085.198,8001.063,24.4,37.7,31.0,False,False,False,False,False,False,False,False,False,True,False
GAS,10,AlphaTauri,52.0,2.0,SOFT,12.0,True,14.0,1,83.623,8168.821,8085.198,24.4,37.8,31.0,False,False,False,False,False,False,False,False,False,True,False
GAS,10,AlphaTauri,53.0,2.0,SOFT,13.0,True,13.0,1,84.904,8253.725,8168.821,24.4,37.7,32.0,False,False,False,False,False,False,False,False,False,True,False
GAS,10,AlphaTauri,54.0,2.0,SOFT,14.0,True,13.0,1,83.076,8336.801,8253.725,24.3,37.8,31.0,False,False,False,False,False,False,False,False,False,True,False
GAS,10,AlphaTauri,55.0,2.0,SOFT,15.0,True,13.0,1,82.875,8419.676,8336.801,24.4,37.6,31.0,False,False,False,False,False,False,False,False,False,True,False
GAS,10,AlphaTauri,56.0,2.0,SOFT,16.0,True,13.0,1,82.91,8502.586,8419.676,24.3,37.3,31.0,False,False,False,False,False,False,False,False,False,True,False
GAS,10,AlphaTauri,57.0,2.0,SOFT,17.0,True,13.0,1,82.842,8585.428,8502.586,24.3,37.2,32.0,False,False,False,False,False,False,False,False,False,True,False
GAS,10,AlphaTauri,58.0,2.0,SOFT,18.0,True,13.0,1,83.061,8668.489,8585.428,24.4,37.2,32.0,False,False,False,False,False,False,False,False,False,True,False
GAS,10,AlphaTauri,59.0,2.0,SOFT,19.0,True,13.0,1,83.264,8751.753,8668.489,24.3,37.2,32.0,False,False,False,False,False,False,False,False,False,True,False
GAS,10,AlphaTauri,60.0,2.0,SOFT,20.0,True,13.0,1,83.177,8834.93,8751.753,24.4,37.0,32.0,False,False,False,False,False,False,False,False,False,True,False
GAS,10,AlphaTauri,61.0,2.0,SOFT,21.0,True,13.0,1,83.479,8918.409,8834.93,24.4,37.1,32.0,False,False,False,False,False,False,False,False,False,True,False
GAS,10,AlphaTauri,62.0,2.0,SOFT,22.0,True,13.0,1,83.519,9001.928,8918.409,24.4,37.0,32.0,False,False,False,False,False,False,False,False,False,True,False
GAS,10,AlphaTauri,63.0,2.0,SOFT,23.0,True,13.0,1,83.298,9085.226,9001.928,24.5,37.0,32.0,False,False,False,False,False,False,False,False,False,True,False
GAS,10,AlphaTauri,64.0,2.0,SOFT,24.0,True,12.0,1267,99.969,9185.195,9085.226,24.6,37.3,32.0,False,False,False,False,True,False,True,False,False,False,False
GAS,10,AlphaTauri,65.0,2.0,SOFT,25.0,True,12.0,1,84.154,9269.349,9185.195,24.7,37.1,32.0,False,False,False,False,False,False,False,False,False,True,False
GAS,10,AlphaTauri,66.0,2.0,SOFT,26.0,True,12.0,1,83.094,9352.443,9269.349,24.8,37.2,32.0,False,False,False,False,False,False,False,False,False,True,False
GAS,10,AlphaTauri,67.0,2.0,SOFT,27.0,True,12.0,1,83.503,9435.946,9352.443,24.7,37.3,32.0,False,False,False,False,False,False,False,False,False,True,False
GAS,10,AlphaTauri,68.0,2.0,SOFT,28.0,True,11.0,1,83.487,9519.433,9435.946,24.8,37.3,32.0,False,False,False,False,False,False,False,False,False,True,False
GAS,10,AlphaTauri,69.0,2.0,SOFT,29.0,True,11.0,1,83.45,9602.883,9519.433,24.8,37.4,31.0,False,False,False,False,False,False,False,False,False,True,False
GAS,10,AlphaTauri,70.0,2.0,SOFT,30.0,True,11.0,1,83.851,9686.734,9602.883,25.0,37.8,31.0,False,False,False,False,False,False,False,False,False,True,False
PER,11,Red Bull Racing,1.0,1.0,SOFT,4.0,False,3.0,1,87.95,3814.951,3726.736,25.5,47.8,34.0,False,False,False,False,True,False,False,False,False,False,False
PER,11,Red Bull Racing,2.0,1.0,SOFT,5.0,False,3.0,1,83.436,3898.387,3814.951,25.3,47.7,34.0,False,False,False,False,False,False,False,False,False,True,False
PER,11,Red Bull Racing,3.0,1.0,SOFT,6.0,False,3.0,1,83.343,3981.73,3898.387,25.2,47.2,34.0,False,False,False,False,False,False,False,False,False,True,False
PER,11,Red Bull Racing,4.0,1.0,SOFT,7.0,False,3.0,1,83.207,4064.937,3981.73,25.0,47.1,34.0,False,False,False,False,False,False,False,False,False,True,False
PER,11,Red Bull Racing,5.0,1.0,SOFT,8.0,False,3.0,1,83.231,4148.168,4064.937,24.9,47.0,34.0,False,False,False,False,False,False,False,False,False,True,False
PER,11,Red Bull Racing,6.0,1.0,SOFT,9.0,False,3.0,1,83.285,4231.453,4148.168,24.8,45.6,34.0,False,False,False,False,False,False,False,False,False,True,False
PER,11,Red Bull Racing,7.0,1.0,SOFT,10.0,False,3.0,1,83.409,4314.862,4231.453,24.7,44.1,34.0,False,False,False,False,False,False,False,False,False,True,False
PER,11,Red Bull Racing,8.0,1.0,SOFT,11.0,False,3.0,1,83.277,4398.139,4314.862,24.4,42.8,35.0,False,False,False,False,False,False,False,False,False,True,False
PER,11,Red Bull Racing,9.0,1.0,SOFT,12.0,False,3.0,1,83.538,4481.677,4398.139,24.3,42.6,35.0,False,False,False,False,False,False,False,False,False,True,False
PER,11,Red Bull Racing,10.0,1.0,SOFT,13.0,False,3.0,1,83.761,4565.438,4481.677,24.2,42.6,34.0,False,False,False,False,False,False,False,False,False,True,False
PER,11,Red Bull Racing,11.0,1.0,SOFT,14.0,False,3.0,1,83.37,4648.808,4565.438,24.4,42.1,34.0,False,False,False,False,False,False,False,False,False,True,False
PER,11,Red Bull Racing,12.0,1.0,SOFT,15.0,False,3.0,1,83.918,4732.726,4648.808,24.4,42.1,33.0,False,False,False,False,False,False,False,False,False,True,False
PER,11,Red Bull Racing,13.0,1.0,SOFT,16.0,False,3.0,1,83.202,4815.928,4732.726,24.2,40.8,34.0,False,False,False,False,False,False,False,False,False,True,False
PER,11,Red Bull Racing,14.0,1.0,SOFT,17.0,False,3.0,1,83.298,4899.226,4815.928,24.2,40.8,34.0,False,False,False,False,False,False,False,False,False,True,False
PER,11,Red Bull Racing,15.0,1.0,SOFT,18.0,False,3.0,1,82.991,4982.217,4899.226,24.2,40.4,33.0,False,False,False,False,False,False,False,False,False,True,False
PER,11,Red Bull Racing,16.0,1.0,SOFT,19.0,False,3.0,1,83.29,5065.507,4982.217,24.2,40.2,33.0,False,False,False,False,False,False,False,False,False,True,False
PER,11,Red Bull Racing,17.0,1.0,SOFT,20.0,False,3.0,1,83.59,5149.097,5065.507,24.1,40.0,33.0,False,False,False,False,False,False,False,False,False,True,False
PER,11,Red Bull Racing,18.0,1.0,SOFT,21.0,False,3.0,1,83.498,5232.595,5149.097,24.0,39.9,33.0,False,False,False,False,False,False,False,False,False,True,False
PER,11,Red Bull Racing,19.0,1.0,SOFT,22.0,False,3.0,1,83.533,5316.128,5232.595,24.2,39.8,33.0,False,False,False,False,False,False,False,False,False,True,False
PER,11,Red Bull Racing,20.0,1.0,SOFT,23.0,False,3.0,1,83.496,5399.624,5316.128,24.2,39.6,33.0,False,False,False,False,False,False,False,False,False,True,False
PER,11,Red Bull Racing,21.0,1.0,SOFT,24.0,False,3.0,1,83.461,5483.085,5399.624,24.2,39.5,33.0,False,False,False,False,False,False,False,False,False,True,False
PER,11,Red Bull Racing,22.0,1.0,SOFT,25.0,False,3.0,1,83.566,5566.651,5483.085,24.3,39.5,33.0,False,False,False,False,False,False,False,False,False,True,False
PER,11,Red Bull Racing,23.0,1.0,SOFT,26.0,False,4.0,1,87.186,5653.837,5566.651,24.3,39.8,32.0,False,True,False,False,True,False,False,False,False,False,False
PER,11,Red Bull Racing,24.0,2.0,MEDIUM,1.0,True,6.0,1,104.038,5757.875,5653.837,24.5,39.8,32.0,False,False,True,False,True,False,False,False,False,False,False
PER,11,Red Bull Racing,25.0,2.0,MEDIUM,2.0,True,6.0,1,81.995,5839.87,5757.875,24.6,39.4,33.0,False,False,False,False,False,False,False,False,False,True,False
PER,11,Red Bull Racing,26.0,2.0,MEDIUM,3.0,True,6.0,1,84.557,5924.427,5839.87,24.6,39.4,33.0,False,False,False,False,False,False,False,False,False,True,False
PER,11,Red Bull Racing,27.0,2.0,MEDIUM,4.0,True,5.0,1,82.251,6006.678,5924.427,24.6,39.4,33.0,False,False,False,False,False,False,False,False,False,True,False
PER,11,Red Bull Racing,28.0,2.0,MEDIUM,5.0,True,5.0,1,82.192,6088.87,6006.678,24.6,39.4,33.0,False,False,False,False,False,False,False,False,False,True,False
PER,11,Red Bull Racing,29.0,2.0,MEDIUM,6.0,True,4.0,1,83.818,6172.688,6088.87,24.7,39.1,33.0,False,False,False,False,False,False,False,False,False,True,False
PER,11,Red Bull Racing,30.0,2.0,MEDIUM,7.0,True,4.0,1,81.775,6254.463,6172.688,24.5,38.8,34.0,False,False,False,False,False,False,False,False,False,True,False
PER,11,Red Bull Racing,31.0,2.0,MEDIUM,8.0,True,4.0,1,82.756,6337.219,6254.463,24.4,38.8,34.0,False,False,False,False,False,False,False,False,False,True,False
PER,11,Red Bull Racing,32.0,2.0,MEDIUM,9.0,True,4.0,1,81.82,6419.039,6337.219,24.4,38.7,34.0,False,False,False,False,False,False,False,False,False,True,False
PER,11,Red Bull Racing,33.0,2.0,MEDIUM,10.0,True,4.0,1,82.437,6501.476,6419.039,24.4,38.4,34.0,False,False,False,False,False,False,False,False,False,True,False
PER,11,Red Bull Racing,34.0,2.0,MEDIUM,11.0,True,4.0,1,82.268,6583.744,6501.476,24.3,38.4,34.0,False,False,False,False,False,False,False,False,False,True,False
PER,11,Red Bull Racing,35.0,2.0,MEDIUM,12.0,True,3.0,1,82.277,6666.021,6583.744,24.3,38.5,34.0,False,False,False,False,False,False,False,False,False,True,False
PER,11,Red Bull Racing,36.0,2.0,MEDIUM,13.0,True,3.0,1,82.169,6748.19,6666.021,24.5,38.5,33.0,False,False,False,False,False,False,False,False,False,True,False
PER,11,Red Bull Racing,37.0,2.0,MEDIUM,14.0,True,3.0,1,82.298,6830.488,6748.19,24.5,38.5,33.0,False,False,False,False,False,False,False,False,False,True,False
PER,11,Red Bull Racing,38.0,2.0,MEDIUM,15.0,True,3.0,1,83.023,6913.511,6830.488,24.7,38.6,32.0,False,False,False,False,False,False,False,False,False,True,False
PER,11,Red Bull Racing,39.0,2.0,MEDIUM,16.0,True,3.0,1,82.683,6996.194,6913.511,24.6,38.6,33.0,False,False,False,False,False,False,False,False,False,True,False
PER,11,Red Bull Racing,40.0,2.0,MEDIUM,17.0,True,3.0,1,83.141,7079.335,6996.194,24.6,38.4,33.0,False,False,False,False,False,False,False,False,False,True,False
PER,11,Red Bull Racing,41.0,2.0,MEDIUM,18.0,True,3.0,1,83.441,7162.776,7079.335,24.3,38.1,33.0,False,False,False,False,False,False,False,False,False,True,False
PER,11,Red Bull Racing,42.0,2.0,MEDIUM,19.0,True,3.0,1,82.57,7245.346,7162.776,24.3,38.1,33.0,False,False,False,False,False,False,False,False,False,True,False
PER,11,Red Bull Racing,43.0,2.0,MEDIUM,20.0,True,3.0,1,82.534,7327.88,7245.346,24.4,38.0,33.0,False,False,False,False,False,False,False,False,False,True,False
PER,11,Red Bull Racing,44.0,2.0,MEDIUM,21.0,True,3.0,1,82.18,7410.06,7327.88,24.5,38.2,33.0,False,False,False,False,False,False,False,False,False,True,False
PER,11,Red Bull Racing,45.0,2.0,MEDIUM,22.0,True,3.0,1,82.609,7492.669,7410.06,24.5,38.0,33.0,False,False,False,False,False,False,False,False,False,True,False
PER,11,Red Bull Racing,46.0,2.0,MEDIUM,23.0,True,3.0,1,82.731,7575.4,7492.669,24.4,37.9,32.0,False,False,False,False,False,False,False,False,False,True,False
PER,11,Red Bull Racing,47.0,2.0,MEDIUM,24.0,True,3.0,1,82.652,7658.052,7575.4,24.3,37.9,31.0,False,False,False,False,False,False,False,False,False,True,False
PER,11,Red Bull Racing,48.0,2.0,MEDIUM,25.0,True,3.0,1,82.299,7740.351,7658.052,24.5,37.9,31.0,False,False,False,False,False,False,False,False,False,True,False
PER,11,Red Bull Racing,49.0,2.0,MEDIUM,26.0,True,3.0,1,82.252,7822.603,7740.351,24.5,38.0,31.0,False,False,False,False,False,False,False,False,False,True,False
PER,11,Red Bull Racing,50.0,2.0,MEDIUM,27.0,True,3.0,1,82.554,7905.157,7822.603,24.5,37.9,31.0,False,False,False,False,False,False,False,False,False,True,False
PER,11,Red Bull Racing,51.0,2.0,MEDIUM,28.0,True,3.0,1,83.187,7988.344,7905.157,24.5,37.9,31.0,False,False,False,False,False,False,False,False,False,True,False
PER,11,Red Bull Racing,52.0,2.0,MEDIUM,29.0,True,3.0,1,82.725,8071.069,7988.344,24.4,37.7,31.0,False,False,False,False,False,False,False,False,False,True,False
PER,11,Red Bull Racing,53.0,2.0,MEDIUM,30.0,True,3.0,1,82.558,8153.627,8071.069,24.4,37.8,31.0,False,False,False,False,False,False,False,False,False,True,False
PER,11,Red Bull Racing,54.0,2.0,MEDIUM,31.0,True,3.0,1,82.801,8236.428,8153.627,24.4,37.7,32.0,False,False,False,False,False,False,False,False,False,True,False
PER,11,Red Bull Racing,55.0,2.0,MEDIUM,32.0,True,3.0,1,83.202,8319.63,8236.428,24.3,37.8,31.0,False,False,False,False,False,False,False,False,False,True,False
PER,11,Red Bull Racing,56.0,2.0,MEDIUM,33.0,True,3.0,1,82.526,8402.156,8319.63,24.4,37.6,32.0,False,False,False,False,False,False,False,False,False,True,False
PER,11,Red Bull Racing,57.0,2.0,MEDIUM,34.0,True,3.0,1,82.662,8484.818,8402.156,24.3,37.3,31.0,False,False,False,False,False,False,False,False,False,True,False
PER,11,Red Bull Racing,58.0,2.0,MEDIUM,35.0,True,3.0,1,82.792,8567.61,8484.818,24.3,37.2,32.0,False,False,False,False,False,False,False,False,False,True,False
PER,11,Red Bull Racing,59.0,2.0,MEDIUM,36.0,True,3.0,1,83.125,8650.735,8567.61,24.4,37.2,32.0,False,False,False,False,False,False,False,False,False,True,False
PER,11,Red Bull Racing,60.0,2.0,MEDIUM,37.0,True,3.0,1,83.701,8734.436,8650.735,24.3,37.2,32.0,False,False,False,False,False,False,False,False,False,True,False
PER,11,Red Bull Racing,61.0,2.0,MEDIUM,38.0,True,3.0,1,82.954,8817.39,8734.436,24.3,37.1,32.0,False,False,False,False,False,False,False,False,False,True,False
PER,11,Red Bull Racing,62.0,2.0,MEDIUM,39.0,True,3.0,1,83.328,8900.718,8817.39,24.4,37.1,32.0,False,False,False,False,False,False,False,False,False,True,False
PER,11,Red Bull Racing,63.0,2.0,MEDIUM,40.0,True,3.0,1,83.045,8983.763,8900.718,24.4,37.0,32.0,False,False,False,False,False,False,False,False,False,True,False
PER,11,Red Bull Racing,64.0,2.0,MEDIUM,41.0,True,3.0,1,82.848,9066.611,8983.763,24.4,37.0,32.0,False,False,False,False,False,False,False,False,False,True,False
PER,11,Red Bull Racing,65.0,2.0,MEDIUM,42.0,True,3.0,126,95.91,9162.521,9066.611,24.6,37.3,32.0,False,False,False,False,True,False,True,False,False,False,False
PER,11,Red Bull Racing,66.0,2.0,MEDIUM,43.0,True,3.0,671,86.403,9248.924,9162.521,24.7,37.2,32.0,False,False,False,False,True,False,True,False,False,False,False
PER,11,Red Bull Racing,67.0,2.0,MEDIUM,44.0,True,3.0,1,82.666,9331.59,9248.924,24.8,37.2,32.0,False,False,False,False,False,False,False,False,False,True,False
PER,11,Red Bull Racing,68.0,2.0,MEDIUM,45.0,True,3.0,1,82.321,9413.911,9331.59,24.7,37.2,32.0,False,False,False,False,False,False,False,False,False,True,False
PER,11,Red Bull Racing,69.0,2.0,MEDIUM,46.0,True,3.0,1,82.718,9496.629,9413.911,24.8,37.3,32.0,False,False,False,False,False,False,False,False,False,True,False
PER,11,Red Bull Racing,70.0,2.0,MEDIUM,47.0,True,3.0,1,82.491,9579.12,9496.629,24.8,37.4,31.0,False,False,False,False,False,False,False,False,False,True,False
PER,11,Red Bull Racing,71.0,2.0,MEDIUM,48.0,True,3.0,1,82.707,9661.827,9579.12,24.8,37.8,31.0,False,False,False,False,False,False,False,False,False,True,False
ALO,14,Alpine,1.0,1.0,MEDIUM,1.0,True,7.0,1,91.059,3818.06,3726.736,25.5,47.8,34.0,False,False,False,False,True,False,False,False,False,False,False
ALO,14,Alpine,2.0,1.0,MEDIUM,2.0,True,7.0,1,85.187,3903.247,3818.06,25.3,47.7,34.0,False,False,False,False,False,False,False,False,False,True,False
ALO,14,Alpine,3.0,1.0,MEDIUM,3.0,True,7.0,1,84.778,3988.025,3903.247,25.2,47.2,34.0,False,False,False,False,False,False,False,False,False,True,False
ALO,14,Alpine,4.0,1.0,MEDIUM,4.0,True,7.0,1,84.854,4072.879,3988.025,25.0,47.1,34.0,False,False,False,False,False,False,False,False,False,True,False
ALO,14,Alpine,5.0,1.0,MEDIUM,5.0,True,7.0,1,84.856,4157.735,4072.879,24.8,46.2,33.0,False,False,False,False,False,False,False,False,False,True,False
ALO,14,Alpine,6.0,1.0,MEDIUM,6.0,True,7.0,1,84.426,4242.161,4157.735,24.8,45.6,34.0,False,False,False,False,False,False,False,False,False,True,False
ALO,14,Alpine,7.0,1.0,MEDIUM,7.0,True,7.0,1,84.53,4326.691,4242.161,24.7,44.1,34.0,False,False,False,False,False,False,False,False,False,True,False
ALO,14,Alpine,8.0,1.0,MEDIUM,8.0,True,7.0,1,84.461,4411.152,4326.691,24.4,42.8,35.0,False,False,False,False,False,False,False,False,False,True,False
ALO,14,Alpine,9.0,1.0,MEDIUM,9.0,True,7.0,1,84.397,4495.549,4411.152,24.3,42.6,35.0,False,False,False,False,False,False,False,False,False,True,False
ALO,14,Alpine,10.0,1.0,MEDIUM,10.0,True,7.0,1,84.486,4580.035,4495.549,24.4,42.6,34.0,False,False,False,False,False,False,False,False,False,True,False
ALO,14,Alpine,11.0,1.0,MEDIUM,11.0,True,7.0,1,84.396,4664.431,4580.035,24.4,42.1,34.0,False,False,False,False,False,False,False,False,False,True,False
ALO,14,Alpine,12.0,1.0,MEDIUM,12.0,True,7.0,1,84.717,4749.148,4664.431,24.4,42.1,33.0,False,False,False,False,False,False,False,False,False,True,False
ALO,14,Alpine,13.0,1.0,MEDIUM,13.0,True,7.0,1,84.474,4833.622,4749.148,24.2,40.8,34.0,False,False,False,False,False,False,False,False,False,True,False
ALO,14,Alpine,14.0,1.0,MEDIUM,14.0,True,7.0,1,84.266,4917.888,4833.622,24.2,40.8,34.0,False,False,False,False,False,False,False,False,False,True,False
ALO,14,Alpine,15.0,1.0,MEDIUM,15.0,True,7.0,1,84.48,5002.368,4917.888,24.2,40.2,33.0,False,False,False,False,False,False,False,False,False,True,False
ALO,14,Alpine,16.0,1.0,MEDIUM,16.0,True,7.0,1,84.472,5086.84,5002.368,24.2,40.2,33.0,False,False,False,False,False,False,False,False,False,True,False
ALO,14,Alpine,17.0,1.0,MEDIUM,17.0,True,7.0,1,84.271,5171.111,5086.84,24.0,39.8,34.0,False,False,False,False,False,False,False,False,False,True,False
ALO,14,Alpine,18.0,1.0,MEDIUM,18.0,True,7.0,1,84.209,5255.32,5171.111,24.0,39.9,33.0,False,False,False,False,False,False,False,False,False,True,False
ALO,14,Alpine,19.0,1.0,MEDIUM,19.0,True,7.0,1,84.179,5339.499,5255.32,24.2,39.8,33.0,False,False,False,False,False,False,False,False,False,True,False
ALO,14,Alpine,20.0,1.0,MEDIUM,20.0,True,7.0,1,84.196,5423.695,5339.499,24.2,39.6,33.0,False,False,False,False,False,False,False,False,False,True,False
ALO,14,Alpine,21.0,1.0,MEDIUM,21.0,True,7.0,1,84.387,5508.082,5423.695,24.2,39.5,33.0,False,False,False,False,False,False,False,False,False,True,False
ALO,14,Alpine,22.0,1.0,MEDIUM,22.0,True,7.0,1,84.222,5592.304,5508.082,24.3,39.6,33.0,False,False,False,False,False,False,False,False,False,True,False
ALO,14,Alpine,23.0,1.0,MEDIUM,23.0,True,7.0,1,84.555,5676.859,5592.304,24.3,39.8,32.0,False,False,False,False,False,False,False,False,False,True,False
ALO,14,Alpine,24.0,1.0,MEDIUM,24.0,True,7.0,1,84.526,5761.385,5676.859,24.5,39.8,32.0,False,False,False,False,False,False,False,False,False,True,False
ALO,14,Alpine,25.0,1.0,MEDIUM,25.0,True,7.0,1,84.44,5845.825,5761.385,24.6,39.4,33.0,False,False,False,False,False,False,False,False,False,True,False
ALO,14,Alpine,26.0,1.0,MEDIUM,26.0,True,7.0,1,84.506,5930.331,5845.825,24.6,39.4,33.0,False,False,False,False,False,False,False,False,False,True,False
ALO,14,Alpine,27.0,1.0,MEDIUM,27.0,True,7.0,1,84.208,6014.539,5930.331,24.6,39.4,33.0,False,False,False,False,False,False,False,False,False,True,False
ALO,14,Alpine,28.0,1.0,MEDIUM,28.0,True,7.0,1,84.268,6098.807,6014.539,24.6,39.4,33.0,False,False,False,False,False,False,False,False,False,True,False
ALO,14,Alpine,29.0,1.0,MEDIUM,29.0,True,6.0,1,84.026,6182.833,6098.807,24.7,39.1,33.0,False,False,False,False,False,False,False,False,False,True,False
ALO,14,Alpine,30.0,1.0,MEDIUM,30.0,True,5.0,1,84.074,6266.907,6182.833,24.5,38.8,34.0,False,False,False,False,False,False,False,False,False,True,False
ALO,14,Alpine,31.0,1.0,MEDIUM,31.0,True,5.0,1,84.099,6351.006,6266.907,24.4,38.8,34.0,False,False,False,False,False,False,False,False,False,True,False
ALO,14,Alpine,32.0,1.0,MEDIUM,32.0,True,5.0,1,83.876,6434.882,6351.006,24.4,38.5,33.0,False,False,False,False,False,False,False,False,False,True,False
ALO,14,Alpine,33.0,1.0,MEDIUM,33.0,True,5.0,1,84.285,6519.167,6434.882,24.4,38.4,34.0,False,False,False,False,False,False,False,False,False,True,False
ALO,14,Alpine,34.0,1.0,MEDIUM,34.0,True,5.0,1,84.297,6603.464,6519.167,24.3,38.4,34.0,False,False,False,False,False,False,False,False,False,True,False
ALO,14,Alpine,35.0,1.0,MEDIUM,35.0,True,5.0,1,84.051,6687.515,6603.464,24.4,38.7,33.0,False,False,False,False,False,False,False,False,False,True,False
ALO,14,Alpine,36.0,1.0,MEDIUM,36.0,True,5.0,1,84.001,6771.516,6687.515,24.5,38.5,33.0,False,False,False,False,False,False,False,False,False,True,False
ALO,14,Alpine,37.0,1.0,MEDIUM,37.0,True,5.0,1,84.342,6855.858,6771.516,24.6,38.5,33.0,False,False,False,False,False,False,False,False,False,True,False
ALO,14,Alpine,38.0,1.0,MEDIUM,38.0,True,5.0,1,84.276,6940.134,6855.858,24.7,38.6,32.0,False,False,False,False,False,False,False,False,False,True,False
ALO,14,Alpine,39.0,1.0,MEDIUM,39.0,True,5.0,1,84.391,7024.525,6940.134,24.6,38.6,33.0,False,False,False,False,False,False,False,False,False,True,False
ALO,14,Alpine,40.0,1.0,MEDIUM,40.0,True,7.0,1,89.42,7113.945,7024.525,24.5,38.3,33.0,False,True,False,False,True,False,False,False,False,False,False
ALO,14,Alpine,41.0,2.0,HARD,1.0,True,8.0,1,104.059,7218.004,7113.945,24.3,38.1,33.0,False,False,True,False,True,False,False,False,False,False,False
ALO,14,Alpine,42.0,2.0,HARD,2.0,True,8.0,1,83.79,7301.794,7218.004,24.4,38.0,33.0,False,False,False,False,False,False,False,False,False,True,False
ALO,14,Alpine,43.0,2.0,HARD,3.0,True,8.0,1,83.56,7385.354,7301.794,24.5,38.2,33.0,False,False,False,False,False,False,False,False,False,True,False
ALO,14,Alpine,44.0,2.0,HARD,4.0,True,7.0,1,83.527,7468.881,7385.354,24.5,38.0,33.0,False,False,False,False,False,False,False,False,False,True,False
ALO,14,Alpine,45.0,2.0,HARD,5.0,True,7.0,1,83.568,7552.449,7468.881,24.4,38.0,32.0,False,False,False,False,False,False,False,False,False,True,False
ALO,14,Alpine,46.0,2.0,HARD,6.0,True,7.0,1,83.87,7636.319,7552.449,24.3,37.9,31.0,False,False,False,False,False,False,False,False,False,True,False
ALO,14,Alpine,47.0,2.0,HARD,7.0,True,7.0,1,83.515,7719.834,7636.319,24.5,37.9,31.0,False,False,False,False,False,False,False,False,False,True,False
ALO,14,Alpine,48.0,2.0,HARD,8.0,True,7.0,1,82.866,7802.7,7719.834,24.5,38.0,31.0,False,False,False,False,False,False,False,False,False,True,False
ALO,14,Alpine,49.0,2.0,HARD,9.0,True,7.0,1,82.893,7885.593,7802.7,24.5,37.9,31.0,False,False,False,False,False,False,False,False,False,True,False
ALO,14,Alpine,50.0,2.0,HARD,10.0,True,7.0,1,82.933,7968.526,7885.593,24.5,37.9,31.0,False,False,False,False,False,False,False,False,False,True,False
ALO,14,Alpine,51.0,2.0,HARD,11.0,True,7.0,1,83.213,8051.739,7968.526,24.4,37.7,31.0,False,False,False,False,False,False,False,False,False,True,False
ALO,14,Alpine,52.0,2.0,HARD,12.0,True,7.0,1,83.393,8135.132,8051.739,24.4,37.8,31.0,False,False,False,False,False,False,False,False,False,True,False
ALO,14,Alpine,53.0,2.0,HARD,13.0,True,7.0,1,85.177,8220.309,8135.132,24.4,37.8,31.0,False,False,False,False,False,False,False,False,False,True,False
ALO,14,Alpine,54.0,2.0,HARD,14.0,True,7.0,1,85.278,8305.587,8220.309,24.3,37.8,31.0,False,False,False,False,False,False,False,False,False,True,False
ALO,14,Alpine,55.0,2.0,HARD,15.0,True,7.0,1,86.008,8391.595,8305.587,24.4,37.6,32.0,False,False,False,False,False,False,False,False,False,True,False
ALO,14,Alpine,56.0,2.0,HARD,16.0,True,7.0,1,85.661,8477.256,8391.595,24.3,37.3,31.0,False,False,False,False,False,False,False,False,False,True,False
ALO,14,Alpine,57.0,2.0,HARD,17.0,True,7.0,1,84.974,8562.23,8477.256,24.3,37.2,32.0,False,False,False,False,False,False,False,False,False,True,False
ALO,14,Alpine,58.0,2.0,HARD,18.0,True,7.0,1,85.028,8647.258,8562.23,24.4,37.2,32.0,False,False,False,False,False,False,False,False,True,False,False
ALO,14,Alpine,59.0,2.0,HARD,19.0,True,7.0,1,87.928,8735.186,8647.258,24.3,37.2,32.0,False,False,False,False,False,False,False,False,False,True,False
ALO,14,Alpine,60.0,2.0,HARD,20.0,True,9.0,1,86.416,8821.602,8735.186,24.3,37.1,32.0,False,False,False,False,False,False,False,False,False,True,False
ALO,14,Alpine,61.0,2.0,HARD,21.0,True,9.0,1,85.66,8907.262,8821.602,24.4,37.1,32.0,False,False,False,False,False,False,False,False,False,True,False
ALO,14,Alpine,62.0,2.0,HARD,22.0,True,9.0,1,84.927,8992.189,8907.262,24.4,37.0,32.0,False,False,False,False,False,False,False,False,False,True,False
ALO,14,Alpine,63.0,2.0,HARD,23.0,True,9.0,1,84.876,9077.065,8992.189,24.5,37.0,32.0,False,False,False,False,False,False,False,False,False,True,False
ALO,14,Alpine,64.0,2.0,HARD,24.0,True,,1267,,9227.065,9077.065,24.7,37.2,32.0,False,False,False,True,True,False,True,False,False,False,False
LEC,16,Ferrari,1.0,1.0,SOFT,3.0,False,6.0,1,90.438,3817.439,3726.736,25.5,47.8,34.0,False,False,False,False,True,False,False,False,False,False,False
LEC,16,Ferrari,2.0,1.0,SOFT,4.0,False,6.0,1,84.71,3902.149,3817.439,25.3,47.7,34.0,False,False,False,False,False,False,False,False,False,True,False
LEC,16,Ferrari,3.0,1.0,SOFT,5.0,False,6.0,1,83.814,3985.963,3902.149,25.2,47.2,34.0,False,False,False,False,False,False,False,False,False,True,False
LEC,16,Ferrari,4.0,1.0,SOFT,6.0,False,6.0,1,83.858,4069.821,3985.963,25.0,47.1,34.0,False,False,False,False,False,False,False,False,False,True,False
LEC,16,Ferrari,5.0,1.0,SOFT,7.0,False,6.0,1,84.039,4153.86,4069.821,24.8,46.2,33.0,False,False,False,False,False,False,False,False,False,True,False
LEC,16,Ferrari,6.0,1.0,SOFT,8.0,False,6.0,1,83.934,4237.794,4153.86,24.8,45.6,34.0,False,False,False,False,False,False,False,False,False,True,False
LEC,16,Ferrari,7.0,1.0,SOFT,9.0,False,6.0,1,84.002,4321.796,4237.794,24.7,44.1,34.0,False,False,False,False,False,False,False,False,False,True,False
LEC,16,Ferrari,8.0,1.0,SOFT,10.0,False,6.0,1,84.299,4406.095,4321.796,24.4,42.8,35.0,False,False,False,False,False,False,False,False,False,True,False
LEC,16,Ferrari,9.0,1.0,SOFT,11.0,False,6.0,1,84.157,4490.252,4406.095,24.3,42.6,35.0,False,False,False,False,False,False,False,False,False,True,False
LEC,16,Ferrari,10.0,1.0,SOFT,12.0,False,6.0,1,83.822,4574.074,4490.252,24.4,42.6,34.0,False,False,False,False,False,False,False,False,False,True,False
LEC,16,Ferrari,11.0,1.0,SOFT,13.0,False,6.0,1,84.238,4658.312,4574.074,24.4,42.1,34.0,False,False,False,False,False,False,False,False,True,False,False
LEC,16,Ferrari,12.0,1.0,SOFT,14.0,False,6.0,1,84.151,4742.463,4658.312,24.4,42.1,33.0,False,False,False,False,False,False,False,False,False,True,False
LEC,16,Ferrari,13.0,1.0,SOFT,15.0,False,6.0,1,83.818,4826.281,4742.463,24.2,40.8,34.0,False,False,False,False,False,False,False,False,False,True,False
LEC,16,Ferrari,14.0,1.0,SOFT,16.0,False,6.0,1,83.971,4910.252,4826.281,24.2,40.8,34.0,False,False,False,False,False,False,False,False,False,True,False
LEC,16,Ferrari,15.0,1.0,SOFT,17.0,False,6.0,1,84.107,4994.359,4910.252,24.2,40.2,33.0,False,False,False,False,False,False,False,False,False,True,False
LEC,16,Ferrari,16.0,1.0,SOFT,18.0,False,6.0,1,84.578,5078.937,4994.359,24.2,40.2,33.0,False,False,False,False,False,False,False,False,False,True,False
LEC,16,Ferrari,17.0,1.0,SOFT,19.0,False,6.0,1,84.204,5163.141,5078.937,24.1,40.0,33.0,False,False,False,False,False,False,False,False,False,True,False
LEC,16,Ferrari,18.0,1.0,SOFT,20.0,False,6.0,1,84.227,5247.368,5163.141,24.0,39.9,33.0,False,False,False,False,False,False,False,False,False,True,False
LEC,16,Ferrari,19.0,1.0,SOFT,21.0,False,6.0,1,84.215,5331.583,5247.368,24.2,39.8,33.0,False,False,False,False,False,False,False,False,False,True,False
LEC,16,Ferrari,20.0,1.0,SOFT,22.0,False,6.0,1,84.263,5415.846,5331.583,24.2,39.6,33.0,False,False,False,False,False,False,False,False,False,True,False
LEC,16,Ferrari,21.0,1.0,SOFT,23.0,False,6.0,1,84.598,5500.444,5415.846,24.2,39.5,33.0,False,False,False,False,False,False,False,False,False,True,False
LEC,16,Ferrari,22.0,1.0,SOFT,24.0,False,6.0,1,84.358,5584.802,5500.444,24.3,39.5,33.0,False,False,False,False,False,False,False,False,False,True,False
LEC,16,Ferrari,23.0,1.0,SOFT,25.0,False,6.0,1,84.491,5669.293,5584.802,24.3,39.8,32.0,False,False,False,False,False,False,False,False,False,True,False
LEC,16,Ferrari,24.0,1.0,SOFT,26.0,False,5.0,1,84.775,5754.068,5669.293,24.5,39.8,32.0,False,False,False,False,False,False,False,False,False,True,False
LEC,16,Ferrari,25.0,1.0,SOFT,27.0,False,5.0,1,84.875,5838.943,5754.068,24.6,39.4,33.0,False,False,False,False,False,False,False,False,False,True,False
LEC,16,Ferrari,26.0,1.0,SOFT,28.0,False,5.0,1,84.998,5923.941,5838.943,24.6,39.4,33.0,False,False,False,False,False,False,False,False,False,True,False
LEC,16,Ferrari,27.0,1.0,SOFT,29.0,False,6.0,1,85.165,6009.106,5923.941,24.6,39.4,33.0,False,False,False,False,False,False,False,False,False,True,False
LEC,16,Ferrari,28.0,1.0,SOFT,30.0,False,6.0,1,87.759,6096.865,6009.106,24.6,39.4,33.0,False,True,False,False,True,False,False,False,False,False,False
LEC,16,Ferrari,29.0,2.0,MEDIUM,1.0,True,11.0,1,101.971,6198.836,6096.865,24.5,38.9,33.0,False,False,True,False,True,False,False,False,False,False,False
LEC,16,Ferrari,30.0,2.0,MEDIUM,2.0,True,11.0,1,83.469,6282.305,6198.836,24.5,38.8,34.0,False,False,False,False,False,False,False,False,False,True,False
LEC,16,Ferrari,31.0,2.0,MEDIUM,3.0,True,9.0,1,82.699,6365.004,6282.305,24.4,38.8,34.0,False,False,False,False,False,False,False,False,False,True,False
LEC,16,Ferrari,32.0,2.0,MEDIUM,4.0,True,9.0,1,83.058,6448.062,6365.004,24.4,38.5,33.0,False,False,False,False,False,False,False,False,False,True,False
LEC,16,Ferrari,33.0,2.0,MEDIUM,5.0,True,9.0,1,83.106,6531.168,6448.062,24.4,38.4,34.0,False,False,False,False,False,False,False,False,False,True,False
LEC,16,Ferrari,34.0,2.0,MEDIUM,6.0,True,8.0,1,82.878,6614.046,6531.168,24.3,38.5,34.0,False,False,False,False,False,False,False,False,False,True,False
LEC,16,Ferrari,35.0,2.0,MEDIUM,7.0,True,8.0,1,83.149,6697.195,6614.046,24.4,38.7,33.0,False,False,False,False,False,False,False,False,False,True,False
LEC,16,Ferrari,36.0,2.0,MEDIUM,8.0,True,8.0,1,82.92,6780.115,6697.195,24.5,38.5,33.0,False,False,False,False,False,False,False,False,False,True,False
LEC,16,Ferrari,37.0,2.0,MEDIUM,9.0,True,8.0,1,83.348,6863.463,6780.115,24.6,38.5,33.0,False,False,False,False,False,False,False,False,False,True,False
LEC,16,Ferrari,38.0,2.0,MEDIUM,10.0,True,8.0,1,83.258,6946.721,6863.463,24.7,38.6,32.0,False,False,False,False,False,False,False,False,False,True,False
LEC,16,Ferrari,39.0,2.0,MEDIUM,11.0,True,7.0,1,83.417,7030.138,6946.721,24.6,38.4,33.0,False,False,False,False,False,False,False,False,False,True,False
LEC,16,Ferrari,40.0,2.0,MEDIUM,12.0,True,6.0,1,82.958,7113.096,7030.138,24.5,38.3,33.0,False,False,False,False,False,False,False,False,False,True,False
LEC,16,Ferrari,41.0,2.0,MEDIUM,13.0,True,6.0,1,83.087,7196.183,7113.096,24.3,38.1,33.0,False,False,False,False,False,False,False,False,False,True,False
LEC,16,Ferrari,42.0,2.0,MEDIUM,14.0,True,6.0,1,83.189,7279.372,7196.183,24.4,38.0,33.0,False,False,False,False,False,False,False,False,False,True,False
LEC,16,Ferrari,43.0,2.0,MEDIUM,15.0,True,6.0,1,82.966,7362.338,7279.372,24.5,38.2,33.0,False,False,False,False,False,False,False,False,False,True,False
LEC,16,Ferrari,44.0,2.0,MEDIUM,16.0,True,6.0,1,82.688,7445.026,7362.338,24.5,38.2,33.0,False,False,False,False,False,False,False,False,False,True,False
LEC,16,Ferrari,45.0,2.0,MEDIUM,17.0,True,6.0,1,82.748,7527.774,7445.026,24.4,38.0,32.0,False,False,False,False,False,False,False,False,False,True,False
LEC,16,Ferrari,46.0,2.0,MEDIUM,18.0,True,6.0,1,82.905,7610.679,7527.774,24.4,37.9,32.0,False,False,False,False,False,False,False,False,False,True,False
LEC,16,Ferrari,47.0,2.0,MEDIUM,19.0,True,6.0,1,82.631,7693.31,7610.679,24.5,37.9,31.0,False,False,False,False,False,False,False,False,False,True,False
LEC,16,Ferrari,48.0,2.0,MEDIUM,20.0,True,6.0,1,82.603,7775.913,7693.31,24.5,38.0,31.0,False,False,False,False,False,False,False,False,False,True,False
LEC,16,Ferrari,49.0,2.0,MEDIUM,21.0,True,6.0,1,82.76,7858.673,7775.913,24.5,38.0,31.0,False,False,False,False,False,False,False,False,False,True,False
LEC,16,Ferrari,50.0,2.0,MEDIUM,22.0,True,6.0,1,82.968,7941.641,7858.673,24.5,37.9,31.0,False,False,False,False,False,False,False,False,False,True,False
LEC,16,Ferrari,51.0,2.0,MEDIUM,23.0,True,6.0,1,82.913,8024.554,7941.641,24.5,37.9,31.0,False,False,False,False,False,False,False,False,False,True,False
LEC,16,Ferrari,52.0,2.0,MEDIUM,24.0,True,6.0,1,83.187,8107.741,8024.554,24.4,37.7,31.0,False,False,False,False,False,False,False,False,False,True,False
LEC,16,Ferrari,53.0,2.0,MEDIUM,25.0,True,6.0,1,83.086,8190.827,8107.741,24.4,37.8,31.0,False,False,False,False,False,False,False,False,False,True,False
LEC,16,Ferrari,54.0,2.0,MEDIUM,26.0,True,6.0,1,83.099,8273.926,8190.827,24.4,37.7,32.0,False,False,False,False,False,False,False,False,False,True,False
LEC,16,Ferrari,55.0,2.0,MEDIUM,27.0,True,6.0,1,82.97,8356.896,8273.926,24.4,37.6,32.0,False,False,False,False,False,False,False,False,False,True,False
LEC,16,Ferrari,56.0,2.0,MEDIUM,28.0,True,6.0,1,83.172,8440.068,8356.896,24.4,37.6,31.0,False,False,False,False,False,False,False,False,False,True,False
LEC,16,Ferrari,57.0,2.0,MEDIUM,29.0,True,6.0,1,82.987,8523.055,8440.068,24.3,37.3,31.0,False,False,False,False,False,False,False,False,False,True,False
LEC,16,Ferrari,58.0,2.0,MEDIUM,30.0,True,6.0,1,83.738,8606.793,8523.055,24.4,37.2,32.0,False,False,False,False,False,False,False,False,False,True,False
LEC,16,Ferrari,59.0,2.0,MEDIUM,31.0,True,6.0,1,83.488,8690.281,8606.793,24.4,37.2,32.0,False,False,False,False,False,False,False,False,False,True,False
LEC,16,Ferrari,60.0,2.0,MEDIUM,32.0,True,6.0,1,83.332,8773.613,8690.281,24.3,37.1,32.0,False,False,False,False,False,False,False,False,False,True,False
LEC,16,Ferrari,61.0,2.0,MEDIUM,33.0,True,6.0,1,83.289,8856.902,8773.613,24.4,37.0,32.0,False,False,False,False,False,False,False,False,False,True,False
LEC,16,Ferrari,62.0,2.0,MEDIUM,34.0,True,6.0,1,83.341,8940.243,8856.902,24.4,37.1,32.0,False,False,False,False,False,False,False,False,False,True,False
LEC,16,Ferrari,63.0,2.0,MEDIUM,35.0,True,6.0,1,83.835,9024.078,8940.243,24.4,37.0,32.0,False,False,False,False,False,False,False,False,False,True,False
LEC,16,Ferrari,64.0,2.0,MEDIUM,36.0,True,6.0,12,83.743,9107.821,9024.078,24.5,37.0,32.0,False,False,False,False,False,False,True,False,False,False,False
LEC,16,Ferrari,65.0,2.0,MEDIUM,37.0,True,6.0,2671,100.442,9208.263,9107.821,24.7,37.2,32.0,False,False,False,False,True,False,True,False,False,False,False
LEC,16,Ferrari,66.0,2.0,MEDIUM,38.0,True,6.0,1,83.342,9291.605,9208.263,24.7,37.1,32.0,False,False,False,False,False,False,False,False,False,True,False
LEC,16,Ferrari,67.0,2.0,MEDIUM,39.0,True,6.0,1,83.86,9375.465,9291.605,24.7,37.2,32.0,False,False,False,False,False,False,False,False,False,True,False
LEC,16,Ferrari,68.0,2.0,MEDIUM,40.0,True,6.0,1,83.511,9458.976,9375.465,24.7,37.3,32.0,False,False,False,False,False,False,False,False,False,True,False
LEC,16,Ferrari,69.0,2.0,MEDIUM,41.0,True,6.0,1,83.869,9542.845,9458.976,24.8,37.3,32.0,False,False,False,False,False,False,False,False,False,True,False
LEC,16,Ferrari,70.0,2.0,MEDIUM,42.0,True,6.0,1,83.799,9626.644,9542.845,24.8,37.8,31.0,False,False,False,False,False,False,False,False,False,True,False
LEC,16,Ferrari,71.0,2.0,MEDIUM,43.0,True,6.0,1,85.86,9712.504,9626.644,25.0,37.8,31.0,False,False,False,False,False,False,False,False,False,True,False
STR,18,Aston Martin,1.0,1.0,MEDIUM,2.0,False,15.0,1,94.964,3821.965,3726.736,25.5,47.8,34.0,False,False,False,False,True,False,False,False,False,False,False
STR,18,Aston Martin,2.0,1.0,MEDIUM,3.0,False,15.0,1,86.209,3908.174,3821.965,25.3,47.7,34.0,False,False,False,False,False,False,False,False,False,True,False
STR,18,Aston Martin,3.0,1.0,MEDIUM,4.0,False,15.0,1,86.244,3994.418,3908.174,25.2,47.2,34.0,False,False,False,False,False,False,False,False,False,True,False
STR,18,Aston Martin,4.0,1.0,MEDIUM,5.0,False,15.0,1,85.688,4080.106,3994.418,25.0,47.1,34.0,False,False,False,False,False,False,False,False,False,True,False
STR,18,Aston Martin,5.0,1.0,MEDIUM,6.0,False,15.0,1,85.089,4165.195,4080.106,24.8,46.2,33.0,False,False,False,False,False,False,False,False,False,True,False
STR,18,Aston Martin,6.0,1.0,MEDIUM,7.0,False,15.0,1,84.711,4249.906,4165.195,24.8,45.6,34.0,False,False,False,False,False,False,False,False,False,True,False
STR,18,Aston Martin,7.0,1.0,MEDIUM,8.0,False,15.0,1,85.471,4335.377,4249.906,24.5,43.6,35.0,False,False,False,False,False,False,False,False,False,True,False
STR,18,Aston Martin,8.0,1.0,MEDIUM,9.0,False,15.0,1,85.51,4420.887,4335.377,24.4,42.8,35.0,False,False,False,False,False,False,False,False,False,True,False
STR,18,Aston Martin,9.0,1.0,MEDIUM,10.0,False,15.0,1,85.458,4506.345,4420.887,24.3,42.6,35.0,False,False,False,False,False,False,False,False,False,True,False
STR,18,Aston Martin,10.0,1.0,MEDIUM,11.0,False,15.0,1,85.155,4591.5,4506.345,24.4,42.6,34.0,False,False,False,False,False,False,False,False,False,True,False
STR,18,Aston Martin,11.0,1.0,MEDIUM,12.0,False,15.0,1,85.035,4676.535,4591.5,24.4,42.1,34.0,False,False,False,False,False,False,False,False,False,True,False
STR,18,Aston Martin,12.0,1.0,MEDIUM,13.0,False,15.0,1,85.397,4761.932,4676.535,24.3,41.2,34.0,False,False,False,False,False,False,False,False,False,True,False
STR,18,Aston Martin,13.0,1.0,MEDIUM,14.0,False,16.0,1,88.394,4850.326,4761.932,24.2,40.8,34.0,False,False,False,False,False,False,False,False,False,True,False
STR,18,Aston Martin,14.0,1.0,MEDIUM,15.0,False,16.0,1,85.144,4935.47,4850.326,24.2,40.4,33.0,False,False,False,False,False,False,False,False,False,True,False
STR,18,Aston Martin,15.0,1.0,MEDIUM,16.0,False,16.0,1,84.965,5020.435,4935.47,24.2,40.2,33.0,False,False,False,False,False,False,False,False,False,True,False
STR,18,Aston Martin,16.0,1.0,MEDIUM,17.0,False,16.0,1,85.322,5105.757,5020.435,24.2,40.2,33.0,False,False,False,False,False,False,False,False,False,True,False
STR,18,Aston Martin,17.0,1.0,MEDIUM,18.0,False,17.0,1,88.797,5194.554,5105.757,24.0,39.8,34.0,False,True,False,False,True,False,False,False,False,False,False
STR,18,Aston Martin,18.0,2.0,SOFT,1.0,False,20.0,1,104.546,5299.1,5194.554,24.2,39.8,33.0,False,False,True,False,True,False,False,False,False,False,False
STR,18,Aston Martin,19.0,2.0,SOFT,2.0,False,20.0,1,84.433,5383.533,5299.1,24.2,39.6,33.0,False,False,False,False,False,False,False,False,False,True,False
STR,18,Aston Martin,20.0,2.0,SOFT,3.0,False,20.0,1,84.454,5467.987,5383.533,24.2,39.6,33.0,False,False,False,False,False,False,False,False,False,True,False
STR,18,Aston Martin,21.0,2.0,SOFT,4.0,False,20.0,1,84.505,5552.492,5467.987,24.3,39.5,33.0,False,False,False,False,False,False,False,False,False,True,False
STR,18,Aston Martin,22.0,2.0,SOFT,5.0,False,20.0,1,84.494,5636.986,5552.492,24.3,39.6,33.0,False,False,False,False,False,False,False,False,False,True,False
STR,18,Aston Martin,23.0,2.0,SOFT,6.0,False,20.0,1,84.8,5721.786,5636.986,24.5,39.8,32.0,False,False,False,False,False,False,False,False,False,True,False
STR,18,Aston Martin,24.0,2.0,SOFT,7.0,False,19.0,1,84.629,5806.415,5721.786,24.6,39.8,32.0,False,False,False,False,False,False,False,False,False,True,False
STR,18,Aston Martin,25.0,2.0,SOFT,8.0,False,18.0,1,84.391,5890.806,5806.415,24.6,39.4,33.0,False,False,False,False,False,False,False,False,False,True,False
STR,18,Aston Martin,26.0,2.0,SOFT,9.0,False,18.0,1,84.39,5975.196,5890.806,24.6,39.4,33.0,False,False,False,False,False,False,False,False,False,True,False
STR,18,Aston Martin,27.0,2.0,SOFT,10.0,False,18.0,1,84.277,6059.473,5975.196,24.6,39.4,33.0,False,False,False,False,False,False,False,False,False,True,False
STR,18,Aston Martin,28.0,2.0,SOFT,11.0,False,18.0,1,84.421,6143.894,6059.473,24.7,39.1,33.0,False,False,False,False,False,False,False,False,False,True,False
STR,18,Aston Martin,29.0,2.0,SOFT,12.0,False,18.0,1,84.218,6228.112,6143.894,24.5,38.9,33.0,False,False,False,False,False,False,False,False,False,True,False
STR,18,Aston Martin,30.0,2.0,SOFT,13.0,False,18.0,1,84.116,6312.228,6228.112,24.4,38.8,34.0,False,False,False,False,False,False,False,False,False,True,False
STR,18,Aston Martin,31.0,2.0,SOFT,14.0,False,18.0,1,84.269,6396.497,6312.228,24.4,38.7,34.0,False,False,False,False,False,False,False,False,False,True,False
STR,18,Aston Martin,32.0,2.0,SOFT,15.0,False,18.0,1,84.457,6480.954,6396.497,24.4,38.5,33.0,False,False,False,False,False,False,False,False,False,True,False
STR,18,Aston Martin,33.0,2.0,SOFT,16.0,False,17.0,1,84.069,6565.023,6480.954,24.3,38.4,34.0,False,False,False,False,False,False,False,False,False,True,False
STR,18,Aston Martin,34.0,2.0,SOFT,17.0,False,17.0,1,84.51,6649.533,6565.023,24.3,38.5,34.0,False,False,False,False,False,False,False,False,False,True,False
STR,18,Aston Martin,35.0,2.0,SOFT,18.0,False,17.0,1,84.396,6733.929,6649.533,24.5,38.5,33.0,False,False,False,False,False,False,False,False,False,True,False
STR,18,Aston Martin,36.0,2.0,SOFT,19.0,False,17.0,1,84.679,6818.608,6733.929,24.5,38.5,33.0,False,False,False,False,False,False,False,False,False,True,False
STR,18,Aston Martin,37.0,2.0,SOFT,20.0,False,17.0,1,86.687,6905.295,6818.608,24.6,38.5,33.0,False,False,False,False,False,False,False,False,False,True,False
STR,18,Aston Martin,38.0,2.0,SOFT,21.0,False,17.0,1,84.858,6990.153,6905.295,24.6,38.6,33.0,False,False,False,False,False,False,False,False,False,True,False
STR,18,Aston Martin,39.0,2.0,SOFT,22.0,False,15.0,1,85.299,7075.452,6990.153,24.6,38.4,33.0,False,False,False,False,False,False,False,False,False,True,False
STR,18,Aston Martin,40.0,2.0,SOFT,23.0,False,16.0,1,88.255,7163.707,7075.452,24.3,38.1,33.0,False,True,False,False,True,False,False,False,False,False,False
STR,18,Aston Martin,41.0,3.0,SOFT,1.0,True,18.0,1,102.768,7266.475,7163.707,24.3,38.1,33.0,False,False,True,False,True,False,False,False,False,False,False
STR,18,Aston Martin,42.0,3.0,SOFT,2.0,True,18.0,1,82.463,7348.938,7266.475,24.5,38.2,33.0,False,False,False,False,False,False,False,False,False,True,False
STR,18,Aston Martin,43.0,3.0,SOFT,3.0,True,18.0,1,82.805,7431.743,7348.938,24.5,38.2,33.0,False,False,False,False,False,False,False,False,False,True,False
STR,18,Aston Martin,44.0,3.0,SOFT,4.0,True,18.0,1,82.994,7514.737,7431.743,24.4,38.0,32.0,False,False,False,False,False,False,False,False,False,True,False
STR,18,Aston Martin,45.0,3.0,SOFT,5.0,True,18.0,1,83.338,7598.075,7514.737,24.4,37.9,32.0,False,False,False,False,False,False,False,False,False,True,False
STR,18,Aston Martin,46.0,3.0,SOFT,6.0,True,18.0,1,83.518,7681.593,7598.075,24.3,37.9,31.0,False,False,False,False,False,False,False,False,False,True,False
STR,18,Aston Martin,47.0,3.0,SOFT,7.0,True,18.0,1,83.775,7765.368,7681.593,24.5,38.0,31.0,False,False,False,False,False,False,False,False,False,True,False
STR,18,Aston Martin,48.0,3.0,SOFT,8.0,True,18.0,1,83.652,7849.02,7765.368,24.5,38.0,31.0,False,False,False,False,False,False,False,False,False,True,False
STR,18,Aston Martin,49.0,3.0,SOFT,9.0,True,18.0,1,83.587,7932.607,7849.02,24.5,37.9,31.0,False,False,False,False,False,False,False,False,False,True,False
STR,18,Aston Martin,50.0,3.0,SOFT,10.0,True,18.0,1,84.106,8016.713,7932.607,24.5,37.9,31.0,False,False,False,False,False,False,False,False,False,True,False
STR,18,Aston Martin,51.0,3.0,SOFT,11.0,True,16.0,1,83.287,8100.0,8016.713,24.4,37.7,31.0,False,False,False,False,False,False,False,False,False,True,False
STR,18,Aston Martin,52.0,3.0,SOFT,12.0,True,16.0,1,83.341,8183.341,8100.0,24.4,37.8,31.0,False,False,False,False,False,False,False,False,False,True,False
STR,18,Aston Martin,53.0,3.0,SOFT,13.0,True,16.0,1,83.593,8266.934,8183.341,24.4,37.7,32.0,False,False,False,False,False,False,False,False,False,True,False
STR,18,Aston Martin,54.0,3.0,SOFT,14.0,True,16.0,1,83.526,8350.46,8266.934,24.4,37.6,32.0,False,False,False,False,False,False,False,False,False,True,False
STR,18,Aston Martin,55.0,3.0,SOFT,15.0,True,16.0,1,83.458,8433.918,8350.46,24.4,37.6,31.0,False,False,False,False,False,False,False,False,False,True,False
STR,18,Aston Martin,56.0,3.0,SOFT,16.0,True,16.0,1,83.341,8517.259,8433.918,24.3,37.3,31.0,False,False,False,False,False,False,False,False,False,True,False
STR,18,Aston Martin,57.0,3.0,SOFT,17.0,True,16.0,1,83.526,8600.785,8517.259,24.4,37.2,32.0,False,False,False,False,False,False,False,False,False,True,False
STR,18,Aston Martin,58.0,3.0,SOFT,18.0,True,16.0,1,83.553,8684.338,8600.785,24.4,37.2,32.0,False,False,False,False,False,False,False,False,False,True,False
STR,18,Aston Martin,59.0,3.0,SOFT,19.0,True,16.0,1,83.645,8767.983,8684.338,24.3,37.2,32.0,False,False,False,False,False,False,False,False,False,True,False
STR,18,Aston Martin,60.0,3.0,SOFT,20.0,True,16.0,1,83.605,8851.588,8767.983,24.4,37.0,32.0,False,False,False,False,False,False,False,False,False,True,False
STR,18,Aston Martin,61.0,3.0,SOFT,21.0,True,16.0,1,86.058,8937.646,8851.588,24.4,37.1,32.0,False,False,False,False,False,False,False,False,False,True,False
STR,18,Aston Martin,62.0,3.0,SOFT,22.0,True,16.0,1,84.045,9021.691,8937.646,24.4,37.0,32.0,False,False,False,False,False,False,False,False,False,True,False
STR,18,Aston Martin,63.0,3.0,SOFT,23.0,True,16.0,12,83.946,9105.637,9021.691,24.5,37.0,32.0,False,False,False,False,False,False,True,False,False,False,False
STR,18,Aston Martin,64.0,3.0,SOFT,24.0,True,15.0,2671,100.359,9205.996,9105.637,24.7,37.2,32.0,False,False,False,False,True,False,True,False,False,False,False
STR,18,Aston Martin,65.0,3.0,SOFT,25.0,True,15.0,1,83.984,9289.98,9205.996,24.7,37.1,32.0,False,False,False,False,False,False,False,False,False,True,False
STR,18,Aston Martin,66.0,3.0,SOFT,26.0,True,15.0,1,83.659,9373.639,9289.98,24.7,37.2,32.0,False,False,False,False,False,False,False,False,False,True,False
STR,18,Aston Martin,67.0,3.0,SOFT,27.0,True,15.0,1,83.766,9457.405,9373.639,24.7,37.3,32.0,False,False,False,False,False,False,False,False,False,True,False
STR,18,Aston Martin,68.0,3.0,SOFT,28.0,True,15.0,1,83.751,9541.156,9457.405,24.8,37.3,32.0,False,False,False,False,False,False,False,False,False,True,False
STR,18,Aston Martin,69.0,3.0,SOFT,29.0,True,15.0,1,84.086,9625.242,9541.156,24.8,37.8,31.0,False,False,False,False,False,False,False,False,False,True,False
STR,18,Aston Martin,70.0,3.0,SOFT,30.0,True,15.0,1,88.441,9713.683,9625.242,25.0,37.8,31.0,False,False,False,False,False,False,False,False,False,True,False
MAG,20,Haas F1 Team,1.0,1.0,MEDIUM,1.0,True,18.0,1,96.469,3823.47,3726.736,25.5,47.8,34.0,False,False,False,False,True,False,False,False,False,False,False
MAG,20,Haas F1 Team,2.0,1.0,MEDIUM,2.0,True,18.0,1,86.763,3910.233,3823.47,25.2,47.2,35.0,False,False,False,False,False,False,False,False,False,True,False
MAG,20,Haas F1 Team,3.0,1.0,MEDIUM,3.0,True,18.0,1,86.414,3996.647,3910.233,25.2,47.2,34.0,False,False,False,False,False,False,False,False,False,True,False
MAG,20,Haas F1 Team,4.0,1.0,MEDIUM,4.0,True,18.0,1,85.794,4082.441,3996.647,25.0,47.1,34.0,False,False,False,False,False,False,False,False,False,True,False
MAG,20,Haas F1 Team,5.0,1.0,MEDIUM,5.0,True,19.0,1,87.429,4169.87,4082.441,24.8,46.2,33.0,False,False,False,False,False,False,False,False,False,True,False
MAG,20,Haas F1 Team,6.0,1.0,MEDIUM,6.0,True,19.0,1,85.904,4255.774,4169.87,24.8,45.6,34.0,False,False,False,False,False,False,False,False,False,True,False
MAG,20,Haas F1 Team,7.0,1.0,MEDIUM,7.0,True,20.0,1,87.503,4343.277,4255.774,24.5,43.6,35.0,False,False,False,False,False,False,False,False,False,True,False
MAG,20,Haas F1 Team,8.0,1.0,MEDIUM,8.0,True,20.0,1,86.109,4429.386,4343.277,24.4,42.8,35.0,False,False,False,False,False,False,False,False,False,True,False
MAG,20,Haas F1 Team,9.0,1.0,MEDIUM,9.0,True,20.0,1,86.207,4515.593,4429.386,24.2,42.6,34.0,False,False,False,False,False,False,False,False,False,True,False
MAG,20,Haas F1 Team,10.0,1.0,MEDIUM,10.0,True,20.0,1,85.689,4601.282,4515.593,24.4,42.6,34.0,False,False,False,False,False,False,False,False,False,True,False
MAG,20,Haas F1 Team,11.0,1.0,MEDIUM,11.0,True,20.0,1,85.874,4687.156,4601.282,24.4,42.1,34.0,False,False,False,False,False,False,False,False,False,True,False
MAG,20,Haas F1 Team,12.0,1.0,MEDIUM,12.0,True,20.0,1,85.63,4772.786,4687.156,24.3,41.2,34.0,False,False,False,False,False,False,False,False,False,True,False
MAG,20,Haas F1 Team,13.0,1.0,MEDIUM,13.0,True,20.0,1,85.357,4858.143,4772.786,24.2,40.8,34.0,False,False,False,False,False,False,False,False,False,True,False
MAG,20,Haas F1 Team,14.0,1.0,MEDIUM,14.0,True,20.0,1,85.438,4943.581,4858.143,24.2,40.4,33.0,False,False,False,False,False,False,False,False,False,True,False
MAG,20,Haas F1 Team,15.0,1.0,MEDIUM,15.0,True,20.0,1,85.305,5028.886,4943.581,24.2,40.2,33.0,False,False,False,False,False,False,False,False,False,True,False
MAG,20,Haas F1 Team,16.0,1.0,MEDIUM,16.0,True,20.0,1,85.147,5114.033,5028.886,24.1,40.0,33.0,False,False,False,False,False,False,False,False,False,True,False
MAG,20,Haas F1 Team,17.0,1.0,MEDIUM,17.0,True,20.0,1,85.403,5199.436,5114.033,24.0,39.8,34.0,False,False,False,False,False,False,False,False,False,True,False
MAG,20,Haas F1 Team,18.0,1.0,MEDIUM,18.0,True,19.0,1,85.744,5285.18,5199.436,24.0,39.9,33.0,False,False,False,False,False,False,False,False,False,True,False
MAG,20,Haas F1 Team,19.0,1.0,MEDIUM,19.0,True,19.0,1,85.579,5370.759,5285.18,24.2,39.6,33.0,False,False,False,False,False,False,False,False,False,True,False
MAG,20,Haas F1 Team,20.0,1.0,MEDIUM,20.0,True,19.0,1,85.447,5456.206,5370.759,24.2,39.6,33.0,False,False,False,False,False,False,False,False,False,True,False
MAG,20,Haas F1 Team,21.0,1.0,MEDIUM,21.0,True,19.0,1,85.88,5542.086,5456.206,24.3,39.5,33.0,False,False,False,False,False,False,False,False,False,True,False
MAG,20,Haas F1 Team,22.0,1.0,MEDIUM,22.0,True,19.0,1,86.266,5628.352,5542.086,24.3,39.6,33.0,False,False,False,False,False,False,False,False,False,True,False
MAG,20,Haas F1 Team,23.0,1.0,MEDIUM,23.0,True,18.0,1,86.512,5714.864,5628.352,24.5,39.8,32.0,False,False,False,False,False,False,False,False,False,True,False
MAG,20,Haas F1 Team,24.0,1.0,MEDIUM,24.0,True,17.0,1,85.092,5799.956,5714.864,24.6,39.8,32.0,False,False,False,False,False,False,False,False,False,True,False
MAG,20,Haas F1 Team,25.0,1.0,MEDIUM,25.0,True,17.0,1,85.169,5885.125,5799.956,24.6,39.4,33.0,False,False,False,False,False,False,False,False,False,True,False
MAG,20,Haas F1 Team,26.0,1.0,MEDIUM,26.0,True,17.0,1,85.166,5970.291,5885.125,24.6,39.4,33.0,False,False,False,False,False,False,False,False,False,True,False
MAG,20,Haas F1 Team,27.0,1.0,MEDIUM,27.0,True,17.0,1,85.017,6055.308,5970.291,24.6,39.4,33.0,False,False,False,False,False,False,False,False,False,True,False
MAG,20,Haas F1 Team,28.0,1.0,MEDIUM,28.0,True,17.0,1,84.991,6140.299,6055.308,24.7,39.1,33.0,False,False,False,False,False,False,False,False,False,True,False
MAG,20,Haas F1 Team,29.0,1.0,MEDIUM,29.0,True,17.0,1,84.958,6225.257,6140.299,24.5,38.9,33.0,False,False,False,False,False,False,False,False,False,True,False
MAG,20,Haas F1 Team,30.0,1.0,MEDIUM,30.0,True,17.0,1,85.105,6310.362,6225.257,24.4,38.8,34.0,False,False,False,False,False,False,False,False,False,True,False
MAG,20,Haas F1 Team,31.0,1.0,MEDIUM,31.0,True,17.0,1,84.862,6395.224,6310.362,24.4,38.7,34.0,False,False,False,False,False,False,False,False,False,True,False
MAG,20,Haas F1 Team,32.0,1.0,MEDIUM,32.0,True,17.0,1,85.048,6480.272,6395.224,24.4,38.5,33.0,False,False,False,False,False,False,False,False,False,True,False
MAG,20,Haas F1 Team,33.0,1.0,MEDIUM,33.0,True,18.0,1,86.579,6566.851,6480.272,24.3,38.4,34.0,False,False,False,False,False,False,False,False,False,True,False
MAG,20,Haas F1 Team,34.0,1.0,MEDIUM,34.0,True,18.0,1,85.39,6652.241,6566.851,24.3,38.5,34.0,False,False,False,False,False,False,False,False,False,True,False
MAG,20,Haas F1 Team,35.0,1.0,MEDIUM,35.0,True,18.0,1,84.924,6737.165,6652.241,24.5,38.5,33.0,False,False,False,False,False,False,False,False,False,True,False
MAG,20,Haas F1 Team,36.0,1.0,MEDIUM,36.0,True,18.0,1,85.933,6823.098,6737.165,24.5,38.5,33.0,False,False,False,False,False,False,False,False,False,True,False
MAG,20,Haas F1 Team,37.0,1.0,MEDIUM,37.0,True,18.0,1,85.584,6908.682,6823.098,24.6,38.5,33.0,False,False,False,False,False,False,False,False,False,True,False
MAG,20,Haas F1 Team,38.0,1.0,MEDIUM,38.0,True,18.0,1,88.642,6997.324,6908.682,24.6,38.6,33.0,False,True,False,False,True,False,False,False,False,False,False
MAG,20,Haas F1 Team,39.0,2.0,SOFT,4.0,False,19.0,1,105.105,7102.429,6997.324,24.5,38.3,33.0,False,False,True,False,True,False,False,False,False,False,False
MAG,20,Haas F1 Team,40.0,2.0,SOFT,5.0,False,19.0,1,85.009,7187.438,7102.429,24.3,38.1,33.0,False,False,False,False,False,False,False,False,False,True,False
MAG,20,Haas F1 Team,41.0,2.0,SOFT,6.0,False,19.0,1,85.221,7272.659,7187.438,24.4,38.0,33.0,False,False,False,False,False,False,False,False,False,True,False
MAG,20,Haas F1 Team,42.0,2.0,SOFT,7.0,False,19.0,1,84.638,7357.297,7272.659,24.5,38.2,33.0,False,False,False,False,False,False,False,False,False,True,False
MAG,20,Haas F1 Team,43.0,2.0,SOFT,8.0,False,19.0,1,83.817,7441.114,7357.297,24.5,38.2,33.0,False,False,False,False,False,False,False,False,False,True,False
MAG,20,Haas F1 Team,44.0,2.0,SOFT,9.0,False,19.0,1,84.919,7526.033,7441.114,24.4,38.0,32.0,False,False,False,False,False,False,False,False,False,True,False
MAG,20,Haas F1 Team,45.0,2.0,SOFT,10.0,False,19.0,1,83.683,7609.716,7526.033,24.4,37.9,32.0,False,False,False,False,False,False,False,False,False,True,False
MAG,20,Haas F1 Team,46.0,2.0,SOFT,11.0,False,19.0,1,85.445,7695.161,7609.716,24.5,37.9,31.0,False,False,False,False,False,False,False,False,False,True,False
MAG,20,Haas F1 Team,47.0,2.0,SOFT,12.0,False,19.0,1,83.793,7778.954,7695.161,24.5,38.0,31.0,False,False,False,False,False,False,False,False,False,True,False
MAG,20,Haas F1 Team,48.0,2.0,SOFT,13.0,False,19.0,1,83.611,7862.565,7778.954,24.5,38.0,31.0,False,False,False,False,False,False,False,False,False,True,False
MAG,20,Haas F1 Team,49.0,2.0,SOFT,14.0,False,19.0,1,83.3,7945.865,7862.565,24.5,37.9,31.0,False,False,False,False,False,False,False,False,False,True,False
MAG,20,Haas F1 Team,50.0,2.0,SOFT,15.0,False,19.0,1,83.658,8029.523,7945.865,24.5,37.9,31.0,False,False,False,False,False,False,False,False,False,True,False
MAG,20,Haas F1 Team,51.0,2.0,SOFT,16.0,False,18.0,1,83.672,8113.195,8029.523,24.4,37.8,31.0,False,False,False,False,False,False,False,False,False,True,False
MAG,20,Haas F1 Team,52.0,2.0,SOFT,17.0,False,18.0,1,83.736,8196.931,8113.195,24.4,37.8,31.0,False,False,False,False,False,False,False,False,False,True,False
MAG,20,Haas F1 Team,53.0,2.0,SOFT,18.0,False,18.0,1,83.728,8280.659,8196.931,24.4,37.7,32.0,False,False,False,False,False,False,False,False,False,True,False
MAG,20,Haas F1 Team,54.0,2.0,SOFT,19.0,False,18.0,1,83.721,8364.38,8280.659,24.4,37.6,32.0,False,False,False,False,False,False,False,False,False,True,False
MAG,20,Haas F1 Team,55.0,2.0,SOFT,20.0,False,18.0,1,83.828,8448.208,8364.38,24.4,37.6,31.0,False,False,False,False,False,False,False,False,False,True,False
MAG,20,Haas F1 Team,56.0,2.0,SOFT,21.0,False,18.0,1,83.598,8531.806,8448.208,24.3,37.2,32.0,False,False,False,False,False,False,False,False,False,True,False
MAG,20,Haas F1 Team,57.0,2.0,SOFT,22.0,False,18.0,1,83.623,8615.429,8531.806,24.4,37.2,32.0,False,False,False,False,False,False,False,False,False,True,False
MAG,20,Haas F1 Team,58.0,2.0,SOFT,23.0,False,18.0,1,83.92,8699.349,8615.429,24.4,37.2,32.0,False,False,False,False,False,False,False,False,False,True,False
MAG,20,Haas F1 Team,59.0,2.0,SOFT,24.0,False,18.0,1,83.96,8783.309,8699.349,24.3,37.1,32.0,False,False,False,False,False,False,False,False,False,True,False
MAG,20,Haas F1 Team,60.0,2.0,SOFT,25.0,False,18.0,1,83.845,8867.154,8783.309,24.4,37.0,32.0,False,False,False,False,False,False,False,False,False,True,False
MAG,20,Haas F1 Team,61.0,2.0,SOFT,26.0,False,18.0,1,83.888,8951.042,8867.154,24.4,37.0,32.0,False,False,False,False,False,False,False,False,False,True,False
MAG,20,Haas F1 Team,62.0,2.0,SOFT,27.0,False,18.0,1,83.902,9034.944,8951.042,24.4,37.0,32.0,False,False,False,False,False,False,False,False,False,True,False
MAG,20,Haas F1 Team,63.0,2.0,SOFT,28.0,False,18.0,126,84.169,9119.113,9034.944,24.5,37.0,32.0,False,False,False,False,True,False,True,False,False,False,False
MAG,20,Haas F1 Team,64.0,2.0,SOFT,29.0,False,17.0,671,101.125,9220.238,9119.113,24.7,37.2,32.0,False,False,False,False,True,False,True,False,False,False,False
MAG,20,Haas F1 Team,65.0,2.0,SOFT,30.0,False,17.0,1,83.387,9303.625,9220.238,24.7,37.1,32.0,False,False,False,False,False,False,False,False,False,True,False
MAG,20,Haas F1 Team,66.0,2.0,SOFT,31.0,False,17.0,1,84.066,9387.691,9303.625,24.7,37.2,32.0,False,False,False,False,False,False,False,False,False,True,False
MAG,20,Haas F1 Team,67.0,2.0,SOFT,32.0,False,17.0,1,84.001,9471.692,9387.691,24.7,37.3,32.0,False,False,False,False,False,False,False,False,False,True,False
MAG,20,Haas F1 Team,68.0,2.0,SOFT,33.0,False,17.0,1,83.823,9555.515,9471.692,24.8,37.4,31.0,False,False,False,False,False,False,False,False,False,True,False
MAG,20,Haas F1 Team,69.0,2.0,SOFT,34.0,False,17.0,1,84.307,9639.822,9555.515,24.8,37.8,31.0,False,False,False,False,False,False,False,False,False,True,False
MAG,20,Haas F1 Team,70.0,2.0,SOFT,35.0,False,17.0,1,84.324,9724.146,9639.822,25.0,37.8,31.0,False,False,False,False,False,False,False,False,False,True,False
TSU,22,AlphaTauri,1.0,1.0,SOFT,1.0,True,11.0,1,92.981,3819.982,3726.736,25.5,47.8,34.0,False,False,False,False,True,False,False,False,False,False,False
TSU,22,AlphaTauri,2.0,1.0,SOFT,2.0,True,11.0,1,85.857,3905.839,3819.982,25.3,47.7,34.0,False,False,False,False,False,False,False,False,False,True,False
TSU,22,AlphaTauri,3.0,1.0,SOFT,3.0,True,11.0,1,85.315,3991.154,3905.839,25.2,47.2,34.0,False,False,False,False,False,False,False,False,False,True,False
TSU,22,AlphaTauri,4.0,1.0,SOFT,4.0,True,11.0,1,84.8,4075.954,3991.154,25.0,47.1,34.0,False,False,False,False,False,False,False,False,False,True,False
TSU,22,AlphaTauri,5.0,1.0,SOFT,5.0,True,11.0,1,84.943,4160.897,4075.954,24.8,46.2,33.0,False,False,False,False,False,False,False,False,False,True,False
TSU,22,AlphaTauri,6.0,1.0,SOFT,6.0,True,11.0,1,85.123,4246.02,4160.897,24.8,45.6,34.0,False,False,False,False,False,False,False,False,False,True,False
TSU,22,AlphaTauri,7.0,1.0,SOFT,7.0,True,11.0,1,85.002,4331.022,4246.02,24.5,43.6,35.0,False,False,False,False,False,False,False,False,False,True,False
TSU,22,AlphaTauri,8.0,1.0,SOFT,8.0,True,11.0,1,84.857,4415.879,4331.022,24.4,42.8,35.0,False,False,False,False,False,False,False,False,False,True,False
TSU,22,AlphaTauri,9.0,1.0,SOFT,9.0,True,11.0,1,84.902,4500.781,4415.879,24.3,42.6,35.0,False,False,False,False,False,False,False,False,False,True,False
TSU,22,AlphaTauri,10.0,1.0,SOFT,10.0,True,11.0,1,84.909,4585.69,4500.781,24.4,42.6,34.0,False,False,False,False,False,False,False,False,False,True,False
TSU,22,AlphaTauri,11.0,1.0,SOFT,11.0,True,11.0,1,84.597,4670.287,4585.69,24.4,42.1,34.0,False,False,False,False,False,False,False,False,False,True,False
TSU,22,AlphaTauri,12.0,1.0,SOFT,12.0,True,11.0,1,84.922,4755.209,4670.287,24.3,41.2,34.0,False,False,False,False,False,False,False,False,False,True,False
TSU,22,AlphaTauri,13.0,1.0,SOFT,13.0,True,11.0,1,84.728,4839.937,4755.209,24.2,40.8,34.0,False,False,False,False,False,False,False,False,False,True,False
TSU,22,AlphaTauri,14.0,1.0,SOFT,14.0,True,11.0,1,84.754,4924.691,4839.937,24.2,40.8,34.0,False,False,False,False,False,False,False,False,False,True,False
TSU,22,AlphaTauri,15.0,1.0,SOFT,15.0,True,11.0,1,84.691,5009.382,4924.691,24.2,40.2,33.0,False,False,False,False,False,False,False,False,False,True,False
TSU,22,AlphaTauri,16.0,1.0,SOFT,16.0,True,11.0,1,84.58,5093.962,5009.382,24.2,40.2,33.0,False,False,False,False,False,False,False,False,False,True,False
TSU,22,AlphaTauri,17.0,1.0,SOFT,17.0,True,11.0,1,84.679,5178.641,5093.962,24.0,39.8,34.0,False,False,False,False,False,False,False,False,False,True,False
TSU,22,AlphaTauri,18.0,1.0,SOFT,18.0,True,11.0,1,84.775,5263.416,5178.641,24.0,39.9,33.0,False,False,False,False,False,False,False,False,False,True,False
TSU,22,AlphaTauri,19.0,1.0,SOFT,19.0,True,11.0,1,84.626,5348.042,5263.416,24.2,39.8,33.0,False,False,False,False,False,False,False,False,False,True,False
TSU,22,AlphaTauri,20.0,1.0,SOFT,20.0,True,11.0,1,84.659,5432.701,5348.042,24.2,39.6,33.0,False,False,False,False,False,False,False,False,False,True,False
TSU,22,AlphaTauri,21.0,1.0,SOFT,21.0,True,11.0,1,84.973,5517.674,5432.701,24.2,39.5,33.0,False,False,False,False,False,False,False,False,False,True,False
TSU,22,AlphaTauri,22.0,1.0,SOFT,22.0,True,11.0,1,84.731,5602.405,5517.674,24.3,39.6,33.0,False,False,False,False,False,False,False,False,False,True,False
TSU,22,AlphaTauri,23.0,1.0,SOFT,23.0,True,11.0,1,84.686,5687.091,5602.405,24.3,39.8,32.0,False,False,False,False,False,False,False,False,False,True,False
TSU,22,AlphaTauri,24.0,1.0,SOFT,24.0,True,11.0,1,84.986,5772.077,5687.091,24.6,39.8,32.0,False,False,False,False,False,False,False,False,False,True,False
TSU,22,AlphaTauri,25.0,1.0,SOFT,25.0,True,11.0,1,85.023,5857.1,5772.077,24.6,39.4,33.0,False,False,False,False,False,False,False,False,False,True,False
TSU,22,AlphaTauri,26.0,1.0,SOFT,26.0,True,11.0,1,84.789,5941.889,5857.1,24.6,39.4,33.0,False,False,False,False,False,False,False,False,False,True,False
TSU,22,AlphaTauri,27.0,1.0,SOFT,27.0,True,11.0,1,84.748,6026.637,5941.889,24.6,39.4,33.0,False,False,False,False,False,False,False,False,False,True,False
TSU,22,AlphaTauri,28.0,1.0,SOFT,28.0,True,11.0,1,84.954,6111.591,6026.637,24.6,39.4,33.0,False,False,False,False,False,False,False,False,False,True,False
TSU,22,AlphaTauri,29.0,1.0,SOFT,29.0,True,12.0,1,88.031,6199.622,6111.591,24.5,38.9,33.0,False,True,False,False,True,False,False,False,False,False,False
TSU,22,AlphaTauri,30.0,2.0,MEDIUM,1.0,True,16.0,1,103.104,6302.726,6199.622,24.5,38.8,34.0,False,False,True,False,True,False,False,False,False,False,False
TSU,22,AlphaTauri,31.0,2.0,MEDIUM,2.0,True,16.0,1,83.617,6386.343,6302.726,24.4,38.7,34.0,False,False,False,False,False,False,False,False,False,True,False
TSU,22,AlphaTauri,32.0,2.0,MEDIUM,3.0,True,16.0,1,84.123,6470.466,6386.343,24.4,38.5,33.0,False,False,False,False,False,False,False,False,False,True,False
TSU,22,AlphaTauri,33.0,2.0,MEDIUM,4.0,True,16.0,1,84.598,6555.064,6470.466,24.3,38.4,34.0,False,False,False,False,False,False,False,False,False,True,False
TSU,22,AlphaTauri,34.0,2.0,MEDIUM,5.0,True,16.0,1,84.209,6639.273,6555.064,24.3,38.5,34.0,False,False,False,False,False,False,False,False,False,True,False
TSU,22,AlphaTauri,35.0,2.0,MEDIUM,6.0,True,16.0,1,84.188,6723.461,6639.273,24.4,38.7,33.0,False,False,False,False,False,False,False,False,False,True,False
TSU,22,AlphaTauri,36.0,2.0,MEDIUM,7.0,True,16.0,1,83.976,6807.437,6723.461,24.5,38.5,33.0,False,False,False,False,False,False,False,False,False,True,False
TSU,22,AlphaTauri,37.0,2.0,MEDIUM,8.0,True,16.0,1,84.047,6891.484,6807.437,24.6,38.5,33.0,False,False,False,False,False,False,False,False,False,True,False
TSU,22,AlphaTauri,38.0,2.0,MEDIUM,9.0,True,15.0,1,84.96,6976.444,6891.484,24.6,38.6,33.0,False,False,False,False,False,False,False,False,False,True,False
TSU,22,AlphaTauri,39.0,2.0,MEDIUM,10.0,True,14.0,1,83.794,7060.238,6976.444,24.6,38.4,33.0,False,False,False,False,False,False,False,False,False,True,False
TSU,22,AlphaTauri,40.0,2.0,MEDIUM,11.0,True,13.0,1,84.279,7144.517,7060.238,24.5,38.3,33.0,False,False,False,False,False,False,False,False,False,True,False
TSU,22,AlphaTauri,41.0,2.0,MEDIUM,12.0,True,13.0,1,83.914,7228.431,7144.517,24.3,38.1,33.0,False,False,False,False,False,False,False,False,False,True,False
TSU,22,AlphaTauri,42.0,2.0,MEDIUM,13.0,True,13.0,1,84.149,7312.58,7228.431,24.4,38.0,33.0,False,False,False,False,False,False,False,False,False,True,False
TSU,22,AlphaTauri,43.0,2.0,MEDIUM,14.0,True,13.0,1,84.165,7396.745,7312.58,24.5,38.2,33.0,False,False,False,False,False,False,False,False,False,True,False
TSU,22,AlphaTauri,44.0,2.0,MEDIUM,15.0,True,13.0,1,85.308,7482.053,7396.745,24.5,38.0,33.0,False,False,False,False,False,False,False,False,False,True,False
TSU,22,AlphaTauri,45.0,2.0,MEDIUM,16.0,True,12.0,1,83.673,7565.726,7482.053,24.4,38.0,32.0,False,False,False,False,False,False,False,False,False,True,False
TSU,22,AlphaTauri,46.0,2.0,MEDIUM,17.0,True,11.0,1,84.129,7649.855,7565.726,24.3,37.9,31.0,False,False,False,False,False,False,False,False,False,True,False
TSU,22,AlphaTauri,47.0,2.0,MEDIUM,18.0,True,11.0,1,83.72,7733.575,7649.855,24.5,37.9,31.0,False,False,False,False,False,False,False,False,False,True,False
TSU,22,AlphaTauri,48.0,2.0,MEDIUM,19.0,True,11.0,1,83.403,7816.978,7733.575,24.5,38.0,31.0,False,False,False,False,False,False,False,False,False,True,False
TSU,22,AlphaTauri,49.0,2.0,MEDIUM,20.0,True,11.0,1,83.589,7900.567,7816.978,24.5,37.9,31.0,False,False,False,False,False,False,False,False,False,True,False
TSU,22,AlphaTauri,50.0,2.0,MEDIUM,21.0,True,16.0,1,107.784,8008.351,7900.567,24.5,37.9,31.0,False,True,False,False,True,False,False,False,False,False,False
ALB,23,Williams,1.0,1.0,MEDIUM,1.0,True,19.0,1,96.903,3823.904,3726.736,25.5,47.8,34.0,False,False,False,False,True,False,False,False,False,False,False
ALB,23,Williams,2.0,1.0,MEDIUM,2.0,True,19.0,1,86.789,3910.693,3823.904,25.2,47.2,35.0,False,False,False,False,False,False,False,False,False,True,False
ALB,23,Williams,3.0,1.0,MEDIUM,3.0,True,19.0,1,86.695,3997.388,3910.693,25.2,47.2,34.0,False,False,False,False,False,False,False,False,False,True,False
ALB,23,Williams,4.0,1.0,MEDIUM,4.0,True,19.0,1,85.629,4083.017,3997.388,25.0,47.1,34.0,False,False,False,False,False,False,False,False,False,True,False
ALB,23,Williams,5.0,1.0,MEDIUM,5.0,True,18.0,1,85.875,4168.892,4083.017,24.8,46.2,33.0,False,False,False,False,False,False,False,False,False,True,False
ALB,23,Williams,6.0,1.0,MEDIUM,6.0,True,18.0,1,85.108,4254.0,4168.892,24.8,45.6,34.0,False,False,False,False,False,False,False,False,False,True,False
ALB,23,Williams,7.0,1.0,MEDIUM,7.0,True,18.0,1,85.05,4339.05,4254.0,24.5,43.6,35.0,False,False,False,False,False,False,False,False,False,True,False
ALB,23,Williams,8.0,1.0,MEDIUM,8.0,True,18.0,1,85.265,4424.315,4339.05,24.4,42.8,35.0,False,False,False,False,False,False,False,False,False,True,False
ALB,23,Williams,9.0,1.0,MEDIUM,9.0,True,17.0,1,84.996,4509.311,4424.315,24.2,42.6,34.0,False,False,False,False,False,False,False,False,False,True,False
ALB,23,Williams,10.0,1.0,MEDIUM,10.0,True,17.0,1,84.96,4594.271,4509.311,24.4,42.6,34.0,False,False,False,False,False,False,False,False,False,True,False
ALB,23,Williams,11.0,1.0,MEDIUM,11.0,True,17.0,1,85.159,4679.43,4594.271,24.4,42.1,34.0,False,False,False,False,False,False,False,False,False,True,False
ALB,23,Williams,12.0,1.0,MEDIUM,12.0,True,17.0,1,85.312,4764.742,4679.43,24.3,41.2,34.0,False,False,False,False,False,False,False,False,False,True,False
ALB,23,Williams,13.0,1.0,MEDIUM,13.0,True,17.0,1,86.206,4850.948,4764.742,24.2,40.8,34.0,False,False,False,False,False,False,False,False,False,True,False
ALB,23,Williams,14.0,1.0,MEDIUM,14.0,True,17.0,1,85.301,4936.249,4850.948,24.2,40.4,33.0,False,False,False,False,False,False,False,False,False,True,False
ALB,23,Williams,15.0,1.0,MEDIUM,15.0,True,17.0,1,85.141,5021.39,4936.249,24.2,40.2,33.0,False,False,False,False,False,False,False,False,False,True,False
ALB,23,Williams,16.0,1.0,MEDIUM,16.0,True,17.0,1,85.269,5106.659,5021.39,24.2,40.2,33.0,False,False,False,False,False,False,False,False,False,True,False
ALB,23,Williams,17.0,1.0,MEDIUM,17.0,True,16.0,1,85.978,5192.637,5106.659,24.0,39.8,34.0,False,False,False,False,False,False,False,False,False,True,False
ALB,23,Williams,18.0,1.0,MEDIUM,18.0,True,16.0,1,84.55,5277.187,5192.637,24.0,39.9,33.0,False,False,False,False,False,False,False,False,False,True,False
ALB,23,Williams,19.0,1.0,MEDIUM,19.0,True,16.0,1,84.92,5362.107,5277.187,24.2,39.6,33.0,False,False,False,False,False,False,False,False,False,True,False
ALB,23,Williams,20.0,1.0,MEDIUM,20.0,True,16.0,1,84.983,5447.09,5362.107,24.2,39.6,33.0,False,False,False,False,False,False,False,False,False,True,False
ALB,23,Williams,21.0,1.0,MEDIUM,21.0,True,16.0,1,85.024,5532.114,5447.09,24.3,39.5,33.0,False,False,False,False,False,False,False,False,False,True,False
ALB,23,Williams,22.0,1.0,MEDIUM,22.0,True,16.0,1,84.896,5617.01,5532.114,24.3,39.6,33.0,False,False,False,False,False,False,False,False,False,True,False
ALB,23,Williams,23.0,1.0,MEDIUM,23.0,True,16.0,1,84.857,5701.867,5617.01,24.3,39.8,32.0,False,False,False,False,False,False,False,False,False,True,False
ALB,23,Williams,24.0,1.0,MEDIUM,24.0,True,16.0,1,84.898,5786.765,5701.867,24.6,39.8,32.0,False,False,False,False,False,False,False,False,False,True,False
ALB,23,Williams,25.0,1.0,MEDIUM,25.0,True,16.0,1,85.111,5871.876,5786.765,24.6,39.4,33.0,False,False,False,False,False,False,False,False,False,True,False
ALB,23,Williams,26.0,1.0,MEDIUM,26.0,True,16.0,1,84.804,5956.68,5871.876,24.6,39.4,33.0,False,False,False,False,False,False,False,False,False,True,False
ALB,23,Williams,27.0,1.0,MEDIUM,27.0,True,16.0,1,84.654,6041.334,5956.68,24.6,39.4,33.0,False,False,False,False,False,False,False,False,False,True,False
ALB,23,Williams,28.0,1.0,MEDIUM,28.0,True,16.0,1,85.128,6126.462,6041.334,24.6,39.4,33.0,False,False,False,False,False,False,False,False,False,True,False
ALB,23,Williams,29.0,1.0,MEDIUM,29.0,True,16.0,1,84.824,6211.286,6126.462,24.5,38.9,33.0,False,False,False,False,False,False,False,False,False,True,False
ALB,23,Williams,30.0,1.0,MEDIUM,30.0,True,15.0,1,84.76,6296.046,6211.286,24.5,38.8,34.0,False,False,False,False,False,False,False,False,False,True,False
ALB,23,Williams,31.0,1.0,MEDIUM,31.0,True,15.0,1,84.979,6381.025,6296.046,24.4,38.7,34.0,False,False,False,False,False,False,False,False,False,True,False
ALB,23,Williams,32.0,1.0,MEDIUM,32.0,True,14.0,1,84.629,6465.654,6381.025,24.4,38.5,33.0,False,False,False,False,False,False,False,False,False,True,False
ALB,23,Williams,33.0,1.0,MEDIUM,33.0,True,14.0,1,84.815,6550.469,6465.654,24.3,38.4,34.0,False,False,False,False,False,False,False,False,False,True,False
ALB,23,Williams,34.0,1.0,MEDIUM,34.0,True,14.0,1,85.114,6635.583,6550.469,24.3,38.5,34.0,False,False,False,False,False,False,False,False,False,True,False
ALB,23,Williams,35.0,1.0,MEDIUM,35.0,True,14.0,1,84.79,6720.373,6635.583,24.4,38.7,33.0,False,False,False,False,False,False,False,False,False,True,False
ALB,23,Williams,36.0,1.0,MEDIUM,36.0,True,14.0,1,84.678,6805.051,6720.373,24.5,38.5,33.0,False,False,False,False,False,False,False,False,False,True,False
ALB,23,Williams,37.0,1.0,MEDIUM,37.0,True,14.0,1,84.765,6889.816,6805.051,24.6,38.5,33.0,False,False,False,False,False,False,False,False,False,True,False
ALB,23,Williams,38.0,1.0,MEDIUM,38.0,True,16.0,1,89.558,6979.374,6889.816,24.6,38.6,33.0,False,True,False,False,True,False,False,False,False,False,False
ALB,23,Williams,39.0,2.0,SOFT,1.0,True,17.0,1,102.895,7082.269,6979.374,24.6,38.4,33.0,False,False,True,False,True,False,False,False,False,False,False
ALB,23,Williams,40.0,2.0,SOFT,2.0,True,17.0,1,83.297,7165.566,7082.269,24.3,38.1,33.0,False,False,False,False,False,False,False,False,False,True,False
ALB,23,Williams,41.0,2.0,SOFT,3.0,True,15.0,1,82.995,7248.561,7165.566,24.3,38.1,33.0,False,False,False,False,False,False,False,False,False,True,False
ALB,23,Williams,42.0,2.0,SOFT,4.0,True,15.0,1,83.361,7331.922,7248.561,24.5,38.2,33.0,False,False,False,False,False,False,False,False,False,True,False
ALB,23,Williams,43.0,2.0,SOFT,5.0,True,15.0,1,83.134,7415.056,7331.922,24.5,38.2,33.0,False,False,False,False,False,False,False,False,False,True,False
ALB,23,Williams,44.0,2.0,SOFT,6.0,True,15.0,1,83.119,7498.175,7415.056,24.5,38.0,33.0,False,False,False,False,False,False,False,False,False,True,False
ALB,23,Williams,45.0,2.0,SOFT,7.0,True,15.0,1,85.318,7583.493,7498.175,24.4,37.9,32.0,False,False,False,False,False,False,False,False,False,True,False
ALB,23,Williams,46.0,2.0,SOFT,8.0,True,14.0,1,82.987,7666.48,7583.493,24.3,37.9,31.0,False,False,False,False,False,False,False,False,False,True,False
ALB,23,Williams,47.0,2.0,SOFT,9.0,True,14.0,1,83.046,7749.526,7666.48,24.5,38.0,31.0,False,False,False,False,False,False,False,False,False,True,False
ALB,23,Williams,48.0,2.0,SOFT,10.0,True,14.0,1,82.914,7832.44,7749.526,24.5,38.0,31.0,False,False,False,False,False,False,False,False,False,True,False
ALB,23,Williams,49.0,2.0,SOFT,11.0,True,14.0,1,83.071,7915.511,7832.44,24.5,37.9,31.0,False,False,False,False,False,False,False,False,False,True,False
ALB,23,Williams,50.0,2.0,SOFT,12.0,True,13.0,1,84.411,7999.922,7915.511,24.5,37.9,31.0,False,False,False,False,False,False,False,False,False,True,False
ALB,23,Williams,51.0,2.0,SOFT,13.0,True,12.0,1,83.726,8083.648,7999.922,24.4,37.7,31.0,False,False,False,False,False,False,False,False,False,True,False
ALB,23,Williams,52.0,2.0,SOFT,14.0,True,12.0,1,83.141,8166.789,8083.648,24.4,37.8,31.0,False,False,False,False,False,False,False,False,False,True,False
ALB,23,Williams,53.0,2.0,SOFT,15.0,True,12.0,1,83.254,8250.043,8166.789,24.4,37.7,32.0,False,False,False,False,False,False,False,False,False,True,False
ALB,23,Williams,54.0,2.0,SOFT,16.0,True,12.0,1,83.04,8333.083,8250.043,24.3,37.8,31.0,False,False,False,False,False,False,False,False,False,True,False
ALB,23,Williams,55.0,2.0,SOFT,17.0,True,12.0,1,83.186,8416.269,8333.083,24.4,37.6,31.0,False,False,False,False,False,False,False,False,False,True,False
ALB,23,Williams,56.0,2.0,SOFT,18.0,True,12.0,1,83.45,8499.719,8416.269,24.3,37.3,31.0,False,False,False,False,False,False,False,False,False,True,False
ALB,23,Williams,57.0,2.0,SOFT,19.0,True,12.0,1,83.345,8583.064,8499.719,24.3,37.2,32.0,False,False,False,False,False,False,False,False,False,True,False
ALB,23,Williams,58.0,2.0,SOFT,20.0,True,12.0,1,83.557,8666.621,8583.064,24.4,37.2,32.0,False,False,False,False,False,False,False,False,False,True,False
ALB,23,Williams,59.0,2.0,SOFT,21.0,True,12.0,1,83.519,8750.14,8666.621,24.3,37.2,32.0,False,False,False,False,False,False,False,False,False,True,False
ALB,23,Williams,60.0,2.0,SOFT,22.0,True,12.0,1,83.4,8833.54,8750.14,24.4,37.0,32.0,False,False,False,False,False,False,False,False,False,True,False
ALB,23,Williams,61.0,2.0,SOFT,23.0,True,12.0,1,83.697,8917.237,8833.54,24.4,37.1,32.0,False,False,False,False,False,False,False,False,False,True,False
ALB,23,Williams,62.0,2.0,SOFT,24.0,True,12.0,1,83.631,9000.868,8917.237,24.4,37.0,32.0,False,False,False,False,False,False,False,False,False,True,False
ALB,23,Williams,63.0,2.0,SOFT,25.0,True,12.0,1,83.344,9084.212,9000.868,24.5,37.0,32.0,False,False,False,False,False,False,False,False,False,True,False
ALB,23,Williams,64.0,2.0,SOFT,26.0,True,11.0,1267,99.438,9183.65,9084.212,24.6,37.3,32.0,False,False,False,False,True,False,True,False,False,False,False
ALB,23,Williams,65.0,2.0,SOFT,27.0,True,11.0,1,84.868,9268.518,9183.65,24.7,37.1,32.0,False,False,False,False,False,False,False,False,False,True,False
ALB,23,Williams,66.0,2.0,SOFT,28.0,True,11.0,1,83.205,9351.723,9268.518,24.8,37.2,32.0,False,False,False,False,False,False,False,False,False,True,False
ALB,23,Williams,67.0,2.0,SOFT,29.0,True,11.0,1,83.891,9435.614,9351.723,24.7,37.3,32.0,False,False,False,False,False,False,False,False,False,True,False
ALB,23,Williams,68.0,2.0,SOFT,30.0,True,12.0,1,85.115,9520.729,9435.614,24.8,37.3,32.0,False,False,False,False,False,False,False,False,False,True,False
ALB,23,Williams,69.0,2.0,SOFT,31.0,True,12.0,1,83.907,9604.636,9520.729,24.8,37.4,31.0,False,False,False,False,False,False,False,False,False,True,False
ALB,23,Williams,70.0,2.0,SOFT,32.0,True,12.0,1,83.997,9688.633,9604.636,25.0,37.8,31.0,False,False,False,False,False,False,False,False,False,True,False
ZHO,24,Alfa Romeo,1.0,1.0,MEDIUM,1.0,True,12.0,1,93.553,3820.554,3726.736,25.5,47.8,34.0,False,False,False,False,True,False,False,False,False,False,False
ZHO,24,Alfa Romeo,2.0,1.0,MEDIUM,2.0,True,12.0,1,85.89,3906.444,3820.554,25.3,47.7,34.0,False,False,False,False,False,False,False,False,False,True,False
ZHO,24,Alfa Romeo,3.0,1.0,MEDIUM,3.0,True,12.0,1,85.938,3992.382,3906.444,25.2,47.2,34.0,False,False,False,False,False,False,False,False,False,True,False
ZHO,24,Alfa Romeo,4.0,1.0,MEDIUM,4.0,True,12.0,1,85.401,4077.783,3992.382,25.0,47.1,34.0,False,False,False,False,False,False,False,False,False,True,False
ZHO,24,Alfa Romeo,5.0,1.0,MEDIUM,5.0,True,12.0,1,84.652,4162.435,4077.783,24.8,46.2,33.0,False,False,False,False,False,False,False,False,False,True,False
ZHO,24,Alfa Romeo,6.0,1.0,MEDIUM,6.0,True,12.0,1,84.795,4247.23,4162.435,24.8,45.6,34.0,False,False,False,False,False,False,False,False,False,True,False
ZHO,24,Alfa Romeo,7.0,1.0,MEDIUM,7.0,True,12.0,1,85.524,4332.754,4247.23,24.5,43.6,35.0,False,False,False,False,False,False,False,False,False,True,False
ZHO,24,Alfa Romeo,8.0,1.0,MEDIUM,8.0,True,12.0,1,85.166,4417.92,4332.754,24.4,42.8,35.0,False,False,False,False,False,False,False,False,False,True,False
ZHO,24,Alfa Romeo,9.0,1.0,MEDIUM,9.0,True,13.0,1,86.05,4503.97,4417.92,24.3,42.6,35.0,False,False,False,False,False,False,False,False,False,True,False
ZHO,24,Alfa Romeo,10.0,1.0,MEDIUM,10.0,True,13.0,1,84.82,4588.79,4503.97,24.4,42.6,34.0,False,False,False,False,False,False,False,False,False,True,False
ZHO,24,Alfa Romeo,11.0,1.0,MEDIUM,11.0,True,13.0,1,84.805,4673.595,4588.79,24.4,42.1,34.0,False,False,False,False,False,False,False,False,False,True,False
ZHO,24,Alfa Romeo,12.0,1.0,MEDIUM,12.0,True,13.0,1,84.675,4758.27,4673.595,24.3,41.2,34.0,False,False,False,False,False,False,False,False,False,True,False
ZHO,24,Alfa Romeo,13.0,1.0,MEDIUM,13.0,True,13.0,1,84.471,4842.741,4758.27,24.2,40.8,34.0,False,False,False,False,False,False,False,False,False,True,False
ZHO,24,Alfa Romeo,14.0,1.0,MEDIUM,14.0,True,13.0,1,84.737,4927.478,4842.741,24.2,40.8,34.0,False,False,False,False,False,False,False,False,False,True,False
ZHO,24,Alfa Romeo,15.0,1.0,MEDIUM,15.0,True,13.0,1,84.705,5012.183,4927.478,24.2,40.2,33.0,False,False,False,False,False,False,False,False,False,True,False
ZHO,24,Alfa Romeo,16.0,1.0,MEDIUM,16.0,True,13.0,1,84.632,5096.815,5012.183,24.2,40.2,33.0,False,False,False,False,False,False,False,False,False,True,False
ZHO,24,Alfa Romeo,17.0,1.0,MEDIUM,17.0,True,13.0,1,85.071,5181.886,5096.815,24.0,39.8,34.0,False,False,False,False,False,False,False,False,False,True,False
ZHO,24,Alfa Romeo,18.0,1.0,MEDIUM,18.0,True,13.0,1,85.112,5266.998,5181.886,24.0,39.9,33.0,False,False,False,False,False,False,False,False,False,True,False
ZHO,24,Alfa Romeo,19.0,1.0,MEDIUM,19.0,True,13.0,1,85.035,5352.033,5266.998,24.2,39.6,33.0,False,False,False,False,False,False,False,False,False,True,False
ZHO,24,Alfa Romeo,20.0,1.0,MEDIUM,20.0,True,13.0,1,84.965,5436.998,5352.033,24.2,39.6,33.0,False,False,False,False,False,False,False,False,False,True,False
ZHO,24,Alfa Romeo,21.0,1.0,MEDIUM,21.0,True,13.0,1,85.018,5522.016,5436.998,24.2,39.5,33.0,False,False,False,False,False,False,False,False,False,True,False
ZHO,24,Alfa Romeo,22.0,1.0,MEDIUM,22.0,True,13.0,1,85.054,5607.07,5522.016,24.3,39.6,33.0,False,False,False,False,False,False,False,False,False,True,False
ZHO,24,Alfa Romeo,23.0,1.0,MEDIUM,23.0,True,13.0,1,85.493,5692.563,5607.07,24.3,39.8,32.0,False,False,False,False,False,False,False,False,False,True,False
ZHO,24,Alfa Romeo,24.0,1.0,MEDIUM,24.0,True,13.0,1,85.671,5778.234,5692.563,24.6,39.8,32.0,False,False,False,False,False,False,False,False,False,True,False
ZHO,24,Alfa Romeo,25.0,1.0,MEDIUM,25.0,True,13.0,1,85.069,5863.303,5778.234,24.6,39.4,33.0,False,False,False,False,False,False,False,False,False,True,False
ZHO,24,Alfa Romeo,26.0,1.0,MEDIUM,26.0,True,13.0,1,85.13,5948.433,5863.303,24.6,39.4,33.0,False,False,False,False,False,False,False,False,False,True,False
ZHO,24,Alfa Romeo,27.0,1.0,MEDIUM,27.0,True,13.0,1,84.687,6033.12,5948.433,24.6,39.4,33.0,False,False,False,False,False,False,False,False,False,True,False
ZHO,24,Alfa Romeo,28.0,1.0,MEDIUM,28.0,True,13.0,1,84.54,6117.66,6033.12,24.6,39.4,33.0,False,False,False,False,False,False,False,False,False,True,False
ZHO,24,Alfa Romeo,29.0,1.0,MEDIUM,29.0,True,13.0,1,84.875,6202.535,6117.66,24.5,38.9,33.0,False,False,False,False,False,False,False,False,False,True,False
ZHO,24,Alfa Romeo,30.0,1.0,MEDIUM,30.0,True,12.0,1,84.712,6287.247,6202.535,24.5,38.8,34.0,False,False,False,False,False,False,False,False,False,True,False
ZHO,24,Alfa Romeo,31.0,1.0,MEDIUM,31.0,True,12.0,1,84.919,6372.166,6287.247,24.4,38.7,34.0,False,False,False,False,False,False,False,False,False,True,False
ZHO,24,Alfa Romeo,32.0,1.0,MEDIUM,32.0,True,11.0,1,84.677,6456.843,6372.166,24.4,38.5,33.0,False,False,False,False,False,False,False,False,False,True,False
ZHO,24,Alfa Romeo,33.0,1.0,MEDIUM,33.0,True,11.0,1,84.639,6541.482,6456.843,24.4,38.4,34.0,False,False,False,False,False,False,False,False,False,True,False
ZHO,24,Alfa Romeo,34.0,1.0,MEDIUM,34.0,True,10.0,1,84.617,6626.099,6541.482,24.3,38.5,34.0,False,False,False,False,False,False,False,False,False,True,False
ZHO,24,Alfa Romeo,35.0,1.0,MEDIUM,35.0,True,10.0,1,84.791,6710.89,6626.099,24.4,38.7,33.0,False,False,False,False,False,False,False,False,False,True,False
ZHO,24,Alfa Romeo,36.0,1.0,MEDIUM,36.0,True,10.0,1,84.547,6795.437,6710.89,24.5,38.5,33.0,False,False,False,False,False,False,False,False,False,True,False
ZHO,24,Alfa Romeo,37.0,1.0,MEDIUM,37.0,True,10.0,1,84.735,6880.172,6795.437,24.6,38.5,33.0,False,False,False,False,False,False,False,False,False,True,False
ZHO,24,Alfa Romeo,38.0,1.0,MEDIUM,38.0,True,10.0,1,84.87,6965.042,6880.172,24.7,38.6,32.0,False,False,False,False,False,False,False,False,False,True,False
ZHO,24,Alfa Romeo,39.0,1.0,MEDIUM,39.0,True,10.0,1,84.989,7050.031,6965.042,24.6,38.4,33.0,False,False,False,False,False,False,False,False,False,True,False
ZHO,24,Alfa Romeo,40.0,1.0,MEDIUM,40.0,True,9.0,1,84.787,7134.818,7050.031,24.5,38.3,33.0,False,False,False,False,False,False,False,False,False,True,False
ZHO,24,Alfa Romeo,41.0,1.0,MEDIUM,41.0,True,9.0,1,85.234,7220.052,7134.818,24.3,38.1,33.0,False,False,False,False,False,False,False,False,False,True,False
ZHO,24,Alfa Romeo,42.0,1.0,MEDIUM,42.0,True,9.0,1,85.051,7305.103,7220.052,24.4,38.0,33.0,False,False,False,False,False,False,False,False,False,True,False
ZHO,24,Alfa Romeo,43.0,1.0,MEDIUM,43.0,True,9.0,1,85.102,7390.205,7305.103,24.5,38.2,33.0,False,False,False,False,False,False,False,False,False,True,False
ZHO,24,Alfa Romeo,44.0,1.0,MEDIUM,44.0,True,9.0,1,85.248,7475.453,7390.205,24.5,38.0,33.0,False,False,False,False,False,False,False,False,False,True,False
ZHO,24,Alfa Romeo,45.0,1.0,MEDIUM,45.0,True,11.0,1,89.926,7565.379,7475.453,24.4,38.0,32.0,False,True,False,False,True,False,False,False,False,False,False
ZHO,24,Alfa Romeo,46.0,2.0,SOFT,1.0,True,16.0,1,103.748,7669.127,7565.379,24.3,37.9,31.0,False,False,True,False,True,False,False,False,False,False,False
ZHO,24,Alfa Romeo,47.0,2.0,SOFT,2.0,True,16.0,1,82.26,7751.387,7669.127,24.5,38.0,31.0,False,False,False,False,False,False,False,False,False,True,False
ZHO,24,Alfa Romeo,48.0,2.0,SOFT,3.0,True,16.0,1,82.665,7834.052,7751.387,24.5,38.0,31.0,False,False,False,False,False,False,False,False,False,True,False
ZHO,24,Alfa Romeo,49.0,2.0,SOFT,4.0,True,16.0,1,82.878,7916.93,7834.052,24.5,37.9,31.0,False,False,False,False,False,False,False,False,False,True,False
ZHO,24,Alfa Romeo,50.0,2.0,SOFT,5.0,True,15.0,1,84.733,8001.663,7916.93,24.5,37.9,31.0,False,False,False,False,False,False,False,False,False,True,False
ZHO,24,Alfa Romeo,51.0,2.0,SOFT,6.0,True,15.0,1,84.111,8085.774,8001.663,24.4,37.7,31.0,False,False,False,False,False,False,False,False,False,True,False
ZHO,24,Alfa Romeo,52.0,2.0,SOFT,7.0,True,15.0,1,83.781,8169.555,8085.774,24.4,37.8,31.0,False,False,False,False,False,False,False,False,False,True,False
ZHO,24,Alfa Romeo,53.0,2.0,SOFT,8.0,True,15.0,1,85.729,8255.284,8169.555,24.4,37.7,32.0,False,False,False,False,False,False,False,False,False,True,False
ZHO,24,Alfa Romeo,54.0,2.0,SOFT,9.0,True,15.0,1,84.966,8340.25,8255.284,24.3,37.8,31.0,False,False,False,False,False,False,False,False,False,True,False
ZHO,24,Alfa Romeo,55.0,2.0,SOFT,10.0,True,15.0,1,83.699,8423.949,8340.25,24.4,37.6,31.0,False,False,False,False,False,False,False,False,False,True,False
ZHO,24,Alfa Romeo,56.0,2.0,SOFT,11.0,True,15.0,1,83.536,8507.485,8423.949,24.3,37.3,31.0,False,False,False,False,False,False,False,False,False,True,False
ZHO,24,Alfa Romeo,57.0,2.0,SOFT,12.0,True,14.0,1,85.147,8592.632,8507.485,24.4,37.2,32.0,False,False,False,False,False,False,False,False,False,True,False
ZHO,24,Alfa Romeo,58.0,2.0,SOFT,13.0,True,14.0,1,84.022,8676.654,8592.632,24.4,37.2,32.0,False,False,False,False,False,False,False,False,False,True,False
ZHO,24,Alfa Romeo,59.0,2.0,SOFT,14.0,True,14.0,1,83.709,8760.363,8676.654,24.3,37.2,32.0,False,False,False,False,False,False,False,False,False,True,False
ZHO,24,Alfa Romeo,60.0,2.0,SOFT,15.0,True,14.0,1,83.358,8843.721,8760.363,24.4,37.0,32.0,False,False,False,False,False,False,False,False,False,True,False
ZHO,24,Alfa Romeo,61.0,2.0,SOFT,16.0,True,14.0,1,83.544,8927.265,8843.721,24.4,37.1,32.0,False,False,False,False,False,False,False,False,False,True,False
ZHO,24,Alfa Romeo,62.0,2.0,SOFT,17.0,True,14.0,1,83.842,9011.107,8927.265,24.4,37.0,32.0,False,False,False,False,False,False,False,False,False,True,False
ZHO,24,Alfa Romeo,63.0,2.0,SOFT,18.0,True,14.0,12,83.998,9095.105,9011.107,24.5,37.0,32.0,False,False,False,False,False,False,True,False,False,False,False
ZHO,24,Alfa Romeo,64.0,2.0,SOFT,19.0,True,13.0,2671,100.114,9195.219,9095.105,24.7,37.2,32.0,False,False,False,False,True,False,True,False,False,False,False
ZHO,24,Alfa Romeo,65.0,2.0,SOFT,20.0,True,13.0,1,84.022,9279.241,9195.219,24.7,37.1,32.0,False,False,False,False,False,False,False,False,False,True,False
ZHO,24,Alfa Romeo,66.0,2.0,SOFT,21.0,True,13.0,1,83.864,9363.105,9279.241,24.8,37.2,32.0,False,False,False,False,False,False,False,False,False,True,False
ZHO,24,Alfa Romeo,67.0,2.0,SOFT,22.0,True,13.0,1,83.467,9446.572,9363.105,24.7,37.3,32.0,False,False,False,False,False,False,False,False,False,True,False
ZHO,24,Alfa Romeo,68.0,2.0,SOFT,23.0,True,13.0,1,83.571,9530.143,9446.572,24.8,37.3,32.0,False,False,False,False,False,False,False,False,False,True,False
ZHO,24,Alfa Romeo,69.0,2.0,SOFT,24.0,True,13.0,1,84.65,9614.793,9530.143,24.8,37.8,31.0,False,False,False,False,False,False,False,False,False,True,False
ZHO,24,Alfa Romeo,70.0,2.0,SOFT,25.0,True,13.0,1,84.969,9699.762,9614.793,25.0,37.8,31.0,False,False,False,False,False,False,False,False,False,True,False
RIC,3,McLaren,1.0,1.0,MEDIUM,1.0,True,13.0,1,93.983,3820.984,3726.736,25.5,47.8,34.0,False,False,False,False,True,False,False,False,False,False,False
RIC,3,McLaren,2.0,1.0,MEDIUM,2.0,True,13.0,1,85.959,3906.943,3820.984,25.3,47.7,34.0,False,False,False,False,False,False,False,False,False,True,False
RIC,3,McLaren,3.0,1.0,MEDIUM,3.0,True,13.0,1,86.17,3993.113,3906.943,25.2,47.2,34.0,False,False,False,False,False,False,False,False,False,True,False
RIC,3,McLaren,4.0,1.0,MEDIUM,4.0,True,13.0,1,85.498,4078.611,3993.113,25.0,47.1,34.0,False,False,False,False,False,False,False,False,False,True,False
RIC,3,McLaren,5.0,1.0,MEDIUM,5.0,True,13.0,1,84.721,4163.332,4078.611,24.8,46.2,33.0,False,False,False,False,False,False,False,False,False,True,False
RIC,3,McLaren,6.0,1.0,MEDIUM,6.0,True,13.0,1,84.629,4247.961,4163.332,24.8,45.6,34.0,False,False,False,False,False,False,False,False,False,True,False
RIC,3,McLaren,7.0,1.0,MEDIUM,7.0,True,13.0,1,85.571,4333.532,4247.961,24.5,43.6,35.0,False,False,False,False,False,False,False,False,False,True,False
RIC,3,McLaren,8.0,1.0,MEDIUM,8.0,True,13.0,1,85.076,4418.608,4333.532,24.4,42.8,35.0,False,False,False,False,False,False,False,False,False,True,False
RIC,3,McLaren,9.0,1.0,MEDIUM,9.0,True,12.0,1,84.528,4503.136,4418.608,24.3,42.6,35.0,False,False,False,False,False,False,False,False,False,True,False
RIC,3,McLaren,10.0,1.0,MEDIUM,10.0,True,12.0,1,84.666,4587.802,4503.136,24.4,42.6,34.0,False,False,False,False,False,False,False,False,False,True,False
RIC,3,McLaren,11.0,1.0,MEDIUM,11.0,True,12.0,1,84.77,4672.572,4587.802,24.4,42.1,34.0,False,False,False,False,False,False,False,False,False,True,False
RIC,3,McLaren,12.0,1.0,MEDIUM,12.0,True,12.0,1,84.745,4757.317,4672.572,24.3,41.2,34.0,False,False,False,False,False,False,False,False,False,True,False
RIC,3,McLaren,13.0,1.0,MEDIUM,13.0,True,12.0,1,84.321,4841.638,4757.317,24.2,40.8,34.0,False,False,False,False,False,False,False,False,False,True,False
RIC,3,McLaren,14.0,1.0,MEDIUM,14.0,True,12.0,1,84.495,4926.133,4841.638,24.2,40.8,34.0,False,False,False,False,False,False,False,False,False,True,False
RIC,3,McLaren,15.0,1.0,MEDIUM,15.0,True,12.0,1,84.664,5010.797,4926.133,24.2,40.2,33.0,False,False,False,False,False,False,False,False,False,True,False
RIC,3,McLaren,16.0,1.0,MEDIUM,16.0,True,12.0,1,84.713,5095.51,5010.797,24.2,40.2,33.0,False,False,False,False,False,False,False,False,False,True,False
RIC,3,McLaren,17.0,1.0,MEDIUM,17.0,True,12.0,1,84.675,5180.185,5095.51,24.0,39.8,34.0,False,False,False,False,False,False,False,False,False,True,False
RIC,3,McLaren,18.0,1.0,MEDIUM,18.0,True,12.0,1,84.886,5265.071,5180.185,24.0,39.9,33.0,False,False,False,False,False,False,False,False,False,True,False
RIC,3,McLaren,19.0,1.0,MEDIUM,19.0,True,12.0,1,84.787,5349.858,5265.071,24.2,39.6,33.0,False,False,False,False,False,False,False,False,False,True,False
RIC,3,McLaren,20.0,1.0,MEDIUM,20.0,True,12.0,1,84.687,5434.545,5349.858,24.2,39.6,33.0,False,False,False,False,False,False,False,False,False,True,False
RIC,3,McLaren,21.0,1.0,MEDIUM,21.0,True,12.0,1,84.649,5519.194,5434.545,24.2,39.5,33.0,False,False,False,False,False,False,False,False,False,True,False
RIC,3,McLaren,22.0,1.0,MEDIUM,22.0,True,12.0,1,84.73,5603.924,5519.194,24.3,39.6,33.0,False,False,False,False,False,False,False,False,False,True,False
RIC,3,McLaren,23.0,1.0,MEDIUM,23.0,True,12.0,1,84.559,5688.483,5603.924,24.3,39.8,32.0,False,False,False,False,False,False,False,False,False,True,False
RIC,3,McLaren,24.0,1.0,MEDIUM,24.0,True,12.0,1,84.922,5773.405,5688.483,24.6,39.8,32.0,False,False,False,False,False,False,False,False,False,True,False
RIC,3,McLaren,25.0,1.0,MEDIUM,25.0,True,12.0,1,84.823,5858.228,5773.405,24.6,39.4,33.0,False,False,False,False,False,False,False,False,False,True,False
RIC,3,McLaren,26.0,1.0,MEDIUM,26.0,True,12.0,1,84.789,5943.017,5858.228,24.6,39.4,33.0,False,False,False,False,False,False,False,False,False,True,False
RIC,3,McLaren,27.0,1.0,MEDIUM,27.0,True,12.0,1,84.53,6027.547,5943.017,24.6,39.4,33.0,False,False,False,False,False,False,False,False,False,True,False
RIC,3,McLaren,28.0,1.0,MEDIUM,28.0,True,12.0,1,84.886,6112.433,6027.547,24.6,39.4,33.0,False,False,False,False,False,False,False,False,False,True,False
RIC,3,McLaren,29.0,1.0,MEDIUM,29.0,True,10.0,1,84.919,6197.352,6112.433,24.5,38.9,33.0,False,False,False,False,False,False,False,False,False,True,False
RIC,3,McLaren,30.0,1.0,MEDIUM,30.0,True,10.0,1,84.744,6282.096,6197.352,24.5,38.8,34.0,False,False,False,False,False,False,False,False,False,True,False
RIC,3,McLaren,31.0,1.0,MEDIUM,31.0,True,11.0,1,85.432,6367.528,6282.096,24.4,38.8,34.0,False,False,False,False,False,False,False,False,False,True,False
RIC,3,McLaren,32.0,1.0,MEDIUM,32.0,True,10.0,1,84.527,6452.055,6367.528,24.4,38.5,33.0,False,False,False,False,False,False,False,False,False,True,False
RIC,3,McLaren,33.0,1.0,MEDIUM,33.0,True,10.0,1,84.526,6536.581,6452.055,24.4,38.4,34.0,False,False,False,False,False,False,False,False,False,True,False
RIC,3,McLaren,34.0,1.0,MEDIUM,34.0,True,9.0,1,84.473,6621.054,6536.581,24.3,38.5,34.0,False,False,False,False,False,False,False,False,False,True,False
RIC,3,McLaren,35.0,1.0,MEDIUM,35.0,True,9.0,1,84.297,6705.351,6621.054,24.4,38.7,33.0,False,False,False,False,False,False,False,False,False,True,False
RIC,3,McLaren,36.0,1.0,MEDIUM,36.0,True,9.0,1,84.408,6789.759,6705.351,24.5,38.5,33.0,False,False,False,False,False,False,False,False,False,True,False
RIC,3,McLaren,37.0,1.0,MEDIUM,37.0,True,9.0,1,84.328,6874.087,6789.759,24.6,38.5,33.0,False,False,False,False,False,False,False,False,False,True,False
RIC,3,McLaren,38.0,1.0,MEDIUM,38.0,True,9.0,1,84.435,6958.522,6874.087,24.7,38.6,32.0,False,False,False,False,False,False,False,False,False,True,False
RIC,3,McLaren,39.0,1.0,MEDIUM,39.0,True,9.0,1,84.631,7043.153,6958.522,24.6,38.4,33.0,False,False,False,False,False,False,False,False,False,True,False
RIC,3,McLaren,40.0,1.0,MEDIUM,40.0,True,8.0,1,84.537,7127.69,7043.153,24.5,38.3,33.0,False,False,False,False,False,False,False,False,False,True,False
RIC,3,McLaren,41.0,1.0,MEDIUM,41.0,True,7.0,1,84.508,7212.198,7127.69,24.3,38.1,33.0,False,False,False,False,False,False,False,False,False,True,False
RIC,3,McLaren,42.0,1.0,MEDIUM,42.0,True,7.0,1,84.986,7297.184,7212.198,24.4,38.0,33.0,False,False,False,False,False,False,False,False,False,True,False
RIC,3,McLaren,43.0,1.0,MEDIUM,43.0,True,7.0,1,84.601,7381.785,7297.184,24.5,38.2,33.0,False,False,False,False,False,False,False,False,False,True,False
RIC,3,McLaren,44.0,1.0,MEDIUM,44.0,True,8.0,1,87.285,7469.07,7381.785,24.5,38.0,33.0,False,True,False,False,True,False,False,False,False,False,False
RIC,3,McLaren,45.0,2.0,SOFT,1.0,True,13.0,1,102.369,7571.439,7469.07,24.4,37.9,32.0,False,False,True,False,True,False,False,False,False,False,False
RIC,3,McLaren,46.0,2.0,SOFT,2.0,True,12.0,1,82.232,7653.671,7571.439,24.3,37.9,31.0,False,False,False,False,False,False,False,False,False,True,False
RIC,3,McLaren,47.0,2.0,SOFT,3.0,True,12.0,1,82.22,7735.891,7653.671,24.5,37.9,31.0,False,False,False,False,False,False,False,False,False,True,False
RIC,3,McLaren,48.0,2.0,SOFT,4.0,True,12.0,1,82.022,7817.913,7735.891,24.5,38.0,31.0,False,False,False,False,False,False,False,False,False,True,False
RIC,3,McLaren,49.0,2.0,SOFT,5.0,True,12.0,1,83.189,7901.102,7817.913,24.5,37.9,31.0,False,False,False,False,False,False,False,False,False,True,False
RIC,3,McLaren,50.0,2.0,SOFT,6.0,True,11.0,1,86.383,7987.485,7901.102,24.5,37.9,31.0,False,False,False,False,False,False,False,False,False,True,False
RIC,3,McLaren,51.0,2.0,SOFT,7.0,True,11.0,1,84.887,8072.372,7987.485,24.4,37.7,31.0,False,False,False,False,False,False,False,False,False,True,False
RIC,3,McLaren,52.0,2.0,SOFT,8.0,True,11.0,1,82.817,8155.189,8072.372,24.4,37.8,31.0,False,False,False,False,False,False,False,False,False,True,False
RIC,3,McLaren,53.0,2.0,SOFT,9.0,True,11.0,1,82.722,8237.911,8155.189,24.4,37.7,32.0,False,False,False,False,False,False,False,False,False,True,False
RIC,3,McLaren,54.0,2.0,SOFT,10.0,True,11.0,1,82.836,8320.747,8237.911,24.3,37.8,31.0,False,False,False,False,False,False,False,False,False,True,False
RIC,3,McLaren,55.0,2.0,SOFT,11.0,True,10.0,1,82.859,8403.606,8320.747,24.4,37.6,32.0,False,False,False,False,False,False,False,False,False,True,False
RIC,3,McLaren,56.0,2.0,SOFT,12.0,True,10.0,1,83.428,8487.034,8403.606,24.3,37.3,31.0,False,False,False,False,False,False,False,False,False,True,False
RIC,3,McLaren,57.0,2.0,SOFT,13.0,True,9.0,1,82.616,8569.65,8487.034,24.3,37.2,32.0,False,False,False,False,False,False,False,False,False,True,False
RIC,3,McLaren,58.0,2.0,SOFT,14.0,True,9.0,1,83.016,8652.666,8569.65,24.4,37.2,32.0,False,False,False,False,False,False,False,False,False,True,False
RIC,3,McLaren,59.0,2.0,SOFT,15.0,True,9.0,1,83.458,8736.124,8652.666,24.3,37.2,32.0,False,False,False,False,False,False,False,False,False,True,False
RIC,3,McLaren,60.0,2.0,SOFT,16.0,True,8.0,1,84.437,8820.561,8736.124,24.3,37.1,32.0,False,False,False,False,False,False,False,False,False,True,False
RIC,3,McLaren,61.0,2.0,SOFT,17.0,True,7.0,1,82.804,8903.365,8820.561,24.4,37.1,32.0,False,False,False,False,False,False,False,False,False,True,False
RIC,3,McLaren,62.0,2.0,SOFT,18.0,True,7.0,1,82.74,8986.105,8903.365,24.4,37.0,32.0,False,False,False,False,False,False,False,False,False,True,False
RIC,3,McLaren,63.0,2.0,SOFT,19.0,True,7.0,1,82.735,9068.84,8986.105,24.4,37.0,32.0,False,False,False,False,False,False,False,False,False,True,False
RIC,3,McLaren,64.0,2.0,SOFT,20.0,True,7.0,126,96.245,9165.085,9068.84,24.6,37.3,32.0,False,False,False,False,True,False,True,False,False,False,False
RIC,3,McLaren,65.0,2.0,SOFT,21.0,True,7.0,671,86.779,9251.864,9165.085,24.7,37.1,32.0,False,False,False,False,True,False,True,False,False,False,False
RIC,3,McLaren,66.0,2.0,SOFT,22.0,True,7.0,1,82.662,9334.526,9251.864,24.8,37.2,32.0,False,False,False,False,False,False,False,False,False,True,False
RIC,3,McLaren,67.0,2.0,SOFT,23.0,True,7.0,1,82.667,9417.193,9334.526,24.7,37.2,32.0,False,False,False,False,False,False,False,False,False,True,False
RIC,3,McLaren,68.0,2.0,SOFT,24.0,True,7.0,1,82.801,9499.994,9417.193,24.8,37.3,32.0,False,False,False,False,False,False,False,False,False,True,False
RIC,3,McLaren,69.0,2.0,SOFT,25.0,True,7.0,1,82.955,9582.949,9499.994,24.8,37.4,31.0,False,False,False,False,False,False,False,False,False,True,False
RIC,3,McLaren,70.0,2.0,SOFT,26.0,True,7.0,1,83.318,9666.267,9582.949,24.8,37.8,31.0,False,False,False,False,False,False,False,False,False,True,False
OCO,31,Alpine,1.0,1.0,MEDIUM,1.0,True,9.0,1,92.046,3819.047,3726.736,25.5,47.8,34.0,False,False,False,False,True,False,False,False,False,False,False
OCO,31,Alpine,2.0,1.0,MEDIUM,2.0,True,9.0,1,85.677,3904.724,3819.047,25.3,47.7,34.0,False,False,False,False,False,False,False,False,False,True,False
OCO,31,Alpine,3.0,1.0,MEDIUM,3.0,True,9.0,1,84.898,3989.622,3904.724,25.2,47.2,34.0,False,False,False,False,False,False,False,False,False,True,False
OCO,31,Alpine,4.0,1.0,MEDIUM,4.0,True,9.0,1,84.861,4074.483,3989.622,25.0,47.1,34.0,False,False,False,False,False,False,False,False,False,True,False
OCO,31,Alpine,5.0,1.0,MEDIUM,5.0,True,9.0,1,85.03,4159.513,4074.483,24.8,46.2,33.0,False,False,False,False,False,False,False,False,False,True,False
OCO,31,Alpine,6.0,1.0,MEDIUM,6.0,True,9.0,1,84.604,4244.117,4159.513,24.8,45.6,34.0,False,False,False,False,False,False,False,False,False,True,False
OCO,31,Alpine,7.0,1.0,MEDIUM,7.0,True,9.0,1,84.597,4328.714,4244.117,24.7,44.1,34.0,False,False,False,False,False,False,False,False,False,True,False
OCO,31,Alpine,8.0,1.0,MEDIUM,8.0,True,9.0,1,84.559,4413.273,4328.714,24.4,42.8,35.0,False,False,False,False,False,False,False,False,False,True,False
OCO,31,Alpine,9.0,1.0,MEDIUM,9.0,True,9.0,1,84.714,4497.987,4413.273,24.3,42.6,35.0,False,False,False,False,False,False,False,False,False,True,False
OCO,31,Alpine,10.0,1.0,MEDIUM,10.0,True,9.0,1,84.622,4582.609,4497.987,24.4,42.6,34.0,False,False,False,False,False,False,False,False,False,True,False
OCO,31,Alpine,11.0,1.0,MEDIUM,11.0,True,9.0,1,84.714,4667.323,4582.609,24.4,42.1,34.0,False,False,False,False,False,False,False,False,False,True,False
OCO,31,Alpine,12.0,1.0,MEDIUM,12.0,True,9.0,1,84.77,4752.093,4667.323,24.3,41.2,34.0,False,False,False,False,False,False,False,False,False,True,False
OCO,31,Alpine,13.0,1.0,MEDIUM,13.0,True,9.0,1,84.547,4836.64,4752.093,24.2,40.8,34.0,False,False,False,False,False,False,False,False,False,True,False
OCO,31,Alpine,14.0,1.0,MEDIUM,14.0,True,9.0,1,84.555,4921.195,4836.64,24.2,40.8,34.0,False,False,False,False,False,False,False,False,False,True,False
OCO,31,Alpine,15.0,1.0,MEDIUM,15.0,True,9.0,1,84.514,5005.709,4921.195,24.2,40.2,33.0,False,False,False,False,False,False,False,False,False,True,False
OCO,31,Alpine,16.0,1.0,MEDIUM,16.0,True,9.0,1,84.455,5090.164,5005.709,24.2,40.2,33.0,False,False,False,False,False,False,False,False,False,True,False
OCO,31,Alpine,17.0,1.0,MEDIUM,17.0,True,9.0,1,84.728,5174.892,5090.164,24.0,39.8,34.0,False,False,False,False,False,False,False,False,False,True,False
OCO,31,Alpine,18.0,1.0,MEDIUM,18.0,True,9.0,1,84.519,5259.411,5174.892,24.0,39.9,33.0,False,False,False,False,False,False,False,False,False,True,False
OCO,31,Alpine,19.0,1.0,MEDIUM,19.0,True,9.0,1,84.398,5343.809,5259.411,24.2,39.8,33.0,False,False,False,False,False,False,False,False,False,True,False
OCO,31,Alpine,20.0,1.0,MEDIUM,20.0,True,9.0,1,84.724,5428.533,5343.809,24.2,39.6,33.0,False,False,False,False,False,False,False,False,False,True,False
OCO,31,Alpine,21.0,1.0,MEDIUM,21.0,True,9.0,1,84.627,5513.16,5428.533,24.2,39.5,33.0,False,False,False,False,False,False,False,False,False,True,False
OCO,31,Alpine,22.0,1.0,MEDIUM,22.0,True,9.0,1,84.55,5597.71,5513.16,24.3,39.6,33.0,False,False,False,False,False,False,False,False,False,True,False
OCO,31,Alpine,23.0,1.0,MEDIUM,23.0,True,9.0,1,84.693,5682.403,5597.71,24.3,39.8,32.0,False,False,False,False,False,False,False,False,False,True,False
OCO,31,Alpine,24.0,1.0,MEDIUM,24.0,True,9.0,1,84.531,5766.934,5682.403,24.5,39.8,32.0,False,False,False,False,False,False,False,False,False,True,False
OCO,31,Alpine,25.0,1.0,MEDIUM,25.0,True,9.0,1,84.6,5851.534,5766.934,24.6,39.4,33.0,False,False,False,False,False,False,False,False,False,True,False
OCO,31,Alpine,26.0,1.0,MEDIUM,26.0,True,9.0,1,84.636,5936.17,5851.534,24.6,39.4,33.0,False,False,False,False,False,False,False,False,False,True,False
OCO,31,Alpine,27.0,1.0,MEDIUM,27.0,True,9.0,1,84.398,6020.568,5936.17,24.6,39.4,33.0,False,False,False,False,False,False,False,False,False,True,False
OCO,31,Alpine,28.0,1.0,MEDIUM,28.0,True,9.0,1,84.528,6105.096,6020.568,24.6,39.4,33.0,False,False,False,False,False,False,False,False,False,True,False
OCO,31,Alpine,29.0,1.0,MEDIUM,29.0,True,8.0,1,84.444,6189.54,6105.096,24.5,38.9,33.0,False,False,False,False,False,False,False,False,False,True,False
OCO,31,Alpine,30.0,1.0,MEDIUM,30.0,True,7.0,1,84.442,6273.982,6189.54,24.5,38.8,34.0,False,False,False,False,False,False,False,False,False,True,False
OCO,31,Alpine,31.0,1.0,MEDIUM,31.0,True,7.0,1,84.391,6358.373,6273.982,24.4,38.8,34.0,False,False,False,False,False,False,False,False,False,True,False
OCO,31,Alpine,32.0,1.0,MEDIUM,32.0,True,7.0,1,84.299,6442.672,6358.373,24.4,38.5,33.0,False,False,False,False,False,False,False,False,False,True,False
OCO,31,Alpine,33.0,1.0,MEDIUM,33.0,True,8.0,1,87.662,6530.334,6442.672,24.4,38.4,34.0,False,True,False,False,True,False,False,False,False,False,False
OCO,31,Alpine,34.0,2.0,HARD,1.0,True,13.0,1,103.678,6634.012,6530.334,24.3,38.5,34.0,False,False,True,False,True,False,False,False,False,False,False
OCO,31,Alpine,35.0,2.0,HARD,2.0,True,13.0,1,83.737,6717.749,6634.012,24.4,38.7,33.0,False,False,False,False,False,False,False,False,False,True,False
OCO,31,Alpine,36.0,2.0,HARD,3.0,True,13.0,1,84.007,6801.756,6717.749,24.5,38.5,33.0,False,False,False,False,False,False,False,False,False,True,False
OCO,31,Alpine,37.0,2.0,HARD,4.0,True,13.0,1,84.439,6886.195,6801.756,24.6,38.5,33.0,False,False,False,False,False,False,False,False,False,True,False
OCO,31,Alpine,38.0,2.0,HARD,5.0,True,11.0,1,84.245,6970.44,6886.195,24.6,38.6,33.0,False,False,False,False,False,False,False,False,False,True,False
OCO,31,Alpine,39.0,2.0,HARD,6.0,True,11.0,1,83.324,7053.764,6970.44,24.6,38.4,33.0,False,False,False,False,False,False,False,False,False,True,False
OCO,31,Alpine,40.0,2.0,HARD,7.0,True,11.0,1,84.562,7138.326,7053.764,24.5,38.3,33.0,False,False,False,False,False,False,False,False,False,True,False
OCO,31,Alpine,41.0,2.0,HARD,8.0,True,10.0,1,85.219,7223.545,7138.326,24.3,38.1,33.0,False,False,False,False,False,False,False,False,False,True,False
OCO,31,Alpine,42.0,2.0,HARD,9.0,True,10.0,1,83.915,7307.46,7223.545,24.4,38.0,33.0,False,False,False,False,False,False,False,False,False,True,False
OCO,31,Alpine,43.0,2.0,HARD,10.0,True,10.0,1,83.696,7391.156,7307.46,24.5,38.2,33.0,False,False,False,False,False,False,False,False,False,True,False
OCO,31,Alpine,44.0,2.0,HARD,11.0,True,10.0,1,84.697,7475.853,7391.156,24.5,38.0,33.0,False,False,False,False,False,False,False,False,False,True,False
OCO,31,Alpine,45.0,2.0,HARD,12.0,True,8.0,1,83.384,7559.237,7475.853,24.4,38.0,32.0,False,False,False,False,False,False,False,False,False,True,False
OCO,31,Alpine,46.0,2.0,HARD,13.0,True,8.0,1,83.548,7642.785,7559.237,24.3,37.9,31.0,False,False,False,False,False,False,False,False,False,True,False
OCO,31,Alpine,47.0,2.0,HARD,14.0,True,8.0,1,83.448,7726.233,7642.785,24.5,37.9,31.0,False,False,False,False,False,False,False,False,False,True,False
OCO,31,Alpine,48.0,2.0,HARD,15.0,True,8.0,1,83.279,7809.512,7726.233,24.5,38.0,31.0,False,False,False,False,False,False,False,False,False,True,False
OCO,31,Alpine,49.0,2.0,HARD,16.0,True,8.0,1,85.271,7894.783,7809.512,24.5,37.9,31.0,False,False,False,False,False,False,False,False,False,True,False
OCO,31,Alpine,50.0,2.0,HARD,17.0,True,8.0,1,83.589,7978.372,7894.783,24.5,37.9,31.0,False,False,False,False,False,False,False,False,False,True,False
OCO,31,Alpine,51.0,2.0,HARD,18.0,True,8.0,1,83.584,8061.956,7978.372,24.4,37.7,31.0,False,False,False,False,False,False,False,False,False,True,False
OCO,31,Alpine,52.0,2.0,HARD,19.0,True,8.0,1,83.519,8145.475,8061.956,24.4,37.8,31.0,False,False,False,False,False,False,False,False,False,True,False
OCO,31,Alpine,53.0,2.0,HARD,20.0,True,8.0,1,83.652,8229.127,8145.475,24.4,37.8,31.0,False,False,False,False,False,False,False,False,False,True,False
OCO,31,Alpine,54.0,2.0,HARD,21.0,True,8.0,1,83.777,8312.904,8229.127,24.3,37.8,31.0,False,False,False,False,False,False,False,False,False,True,False
OCO,31,Alpine,55.0,2.0,HARD,22.0,True,8.0,1,83.7,8396.604,8312.904,24.4,37.6,32.0,False,False,False,False,False,False,False,False,False,True,False
OCO,31,Alpine,56.0,2.0,HARD,23.0,True,8.0,1,83.977,8480.581,8396.604,24.3,37.3,31.0,False,False,False,False,False,False,False,False,False,True,False
OCO,31,Alpine,57.0,2.0,HARD,24.0,True,8.0,1,83.801,8564.382,8480.581,24.3,37.2,32.0,False,False,False,False,False,False,False,False,False,True,False
OCO,31,Alpine,58.0,2.0,HARD,25.0,True,8.0,1,87.14,8651.522,8564.382,24.4,37.2,32.0,False,False,False,False,False,False,False,False,False,True,False
OCO,31,Alpine,59.0,2.0,HARD,26.0,True,8.0,1,84.139,8735.661,8651.522,24.3,37.2,32.0,False,False,False,False,False,False,False,False,False,True,False
OCO,31,Alpine,60.0,2.0,HARD,27.0,True,7.0,1,84.399,8820.06,8735.661,24.3,37.1,32.0,False,False,False,False,False,False,False,False,False,True,False
OCO,31,Alpine,61.0,2.0,HARD,28.0,True,8.0,1,86.165,8906.225,8820.06,24.4,37.1,32.0,False,False,False,False,False,False,False,False,False,True,False
OCO,31,Alpine,62.0,2.0,HARD,29.0,True,8.0,1,84.05,8990.275,8906.225,24.4,37.0,32.0,False,False,False,False,False,False,False,False,False,True,False
OCO,31,Alpine,63.0,2.0,HARD,30.0,True,8.0,1,84.122,9074.397,8990.275,24.5,37.0,32.0,False,False,False,False,False,False,False,False,False,True,False
OCO,31,Alpine,64.0,2.0,HARD,31.0,True,8.0,1267,97.709,9172.106,9074.397,24.6,37.3,32.0,False,False,False,False,True,False,True,False,False,False,False
OCO,31,Alpine,65.0,2.0,HARD,32.0,True,8.0,71,87.328,9259.434,9172.106,24.7,37.1,32.0,False,False,False,False,True,False,True,False,False,False,False
OCO,31,Alpine,66.0,2.0,HARD,33.0,True,8.0,1,83.827,9343.261,9259.434,24.8,37.2,32.0,False,False,False,False,False,False,False,False,False,True,False
OCO,31,Alpine,67.0,2.0,HARD,34.0,True,8.0,1,83.541,9426.802,9343.261,24.7,37.2,32.0,False,False,False,False,False,False,False,False,False,True,False
OCO,31,Alpine,68.0,2.0,HARD,35.0,True,8.0,1,83.766,9510.568,9426.802,24.8,37.3,32.0,False,False,False,False,False,False,False,False,False,True,False
OCO,31,Alpine,69.0,2.0,HARD,36.0,True,8.0,1,83.86,9594.428,9510.568,24.8,37.4,31.0,False,False,False,False,False,False,False,False,False,True,False
OCO,31,Alpine,70.0,2.0,HARD,37.0,True,8.0,1,84.031,9678.459,9594.428,25.0,37.8,31.0,False,False,False,False,False,False,False,False,False,True,False
NOR,4,McLaren,1.0,1.0,MEDIUM,1.0,True,10.0,1,92.431,3819.432,3726.736,25.5,47.8,34.0,False,False,False,False,True,False,False,False,False,False,False
NOR,4,McLaren,2.0,1.0,MEDIUM,2.0,True,10.0,1,85.709,3905.141,3819.432,25.3,47.7,34.0,False,False,False,False,False,False,False,False,False,True,False
NOR,4,McLaren,3.0,1.0,MEDIUM,3.0,True,10.0,1,85.201,3990.342,3905.141,25.2,47.2,34.0,False,False,False,False,False,False,False,False,False,True,False
NOR,4,McLaren,4.0,1.0,MEDIUM,4.0,True,10.0,1,84.748,4075.09,3990.342,25.0,47.1,34.0,False,False,False,False,False,False,False,False,False,True,False
NOR,4,McLaren,5.0,1.0,MEDIUM,5.0,True,10.0,1,84.904,4159.994,4075.09,24.8,46.2,33.0,False,False,False,False,False,False,False,False,False,True,False
NOR,4,McLaren,6.0,1.0,MEDIUM,6.0,True,10.0,1,84.702,4244.696,4159.994,24.8,45.6,34.0,False,False,False,False,False,False,False,False,False,True,False
NOR,4,McLaren,7.0,1.0,MEDIUM,7.0,True,10.0,1,85.211,4329.907,4244.696,24.5,43.6,35.0,False,False,False,False,False,False,False,False,False,True,False
NOR,4,McLaren,8.0,1.0,MEDIUM,8.0,True,10.0,1,84.816,4414.723,4329.907,24.4,42.8,35.0,False,False,False,False,False,False,False,False,False,True,False
NOR,4,McLaren,9.0,1.0,MEDIUM,9.0,True,10.0,1,84.942,4499.665,4414.723,24.3,42.6,35.0,False,False,False,False,False,False,False,False,False,True,False
NOR,4,McLaren,10.0,1.0,MEDIUM,10.0,True,10.0,1,84.584,4584.249,4499.665,24.4,42.6,34.0,False,False,False,False,False,False,False,False,False,True,False
NOR,4,McLaren,11.0,1.0,MEDIUM,11.0,True,10.0,1,84.503,4668.752,4584.249,24.4,42.1,34.0,False,False,False,False,False,False,False,False,False,True,False
NOR,4,McLaren,12.0,1.0,MEDIUM,12.0,True,10.0,1,85.093,4753.845,4668.752,24.3,41.2,34.0,False,False,False,False,False,False,False,False,False,True,False
NOR,4,McLaren,13.0,1.0,MEDIUM,13.0,True,10.0,1,84.664,4838.509,4753.845,24.2,40.8,34.0,False,False,False,False,False,False,False,False,False,True,False
NOR,4,McLaren,14.0,1.0,MEDIUM,14.0,True,10.0,1,84.698,4923.207,4838.509,24.2,40.8,34.0,False,False,False,False,False,False,False,False,False,True,False
NOR,4,McLaren,15.0,1.0,MEDIUM,15.0,True,10.0,1,84.75,5007.957,4923.207,24.2,40.2,33.0,False,False,False,False,False,False,False,False,False,True,False
NOR,4,McLaren,16.0,1.0,MEDIUM,16.0,True,10.0,1,84.463,5092.42,5007.957,24.2,40.2,33.0,False,False,False,False,False,False,False,False,False,True,False
NOR,4,McLaren,17.0,1.0,MEDIUM,17.0,True,10.0,1,84.357,5176.777,5092.42,24.0,39.8,34.0,False,False,False,False,False,False,False,False,False,True,False
NOR,4,McLaren,18.0,1.0,MEDIUM,18.0,True,10.0,1,84.446,5261.223,5176.777,24.0,39.9,33.0,False,False,False,False,False,False,False,False,False,True,False
NOR,4,McLaren,19.0,1.0,MEDIUM,19.0,True,10.0,1,84.544,5345.767,5261.223,24.2,39.8,33.0,False,False,False,False,False,False,False,False,False,True,False
NOR,4,McLaren,20.0,1.0,MEDIUM,20.0,True,10.0,1,84.659,5430.426,5345.767,24.2,39.6,33.0,False,False,False,False,False,False,False,False,False,True,False
NOR,4,McLaren,21.0,1.0,MEDIUM,21.0,True,10.0,1,84.496,5514.922,5430.426,24.2,39.5,33.0,False,False,False,False,False,False,False,False,False,True,False
NOR,4,McLaren,22.0,1.0,MEDIUM,22.0,True,10.0,1,84.64,5599.562,5514.922,24.3,39.6,33.0,False,False,False,False,False,False,False,False,False,True,False
NOR,4,McLaren,23.0,1.0,MEDIUM,23.0,True,10.0,1,84.535,5684.097,5599.562,24.3,39.8,32.0,False,False,False,False,False,False,False,False,False,True,False
NOR,4,McLaren,24.0,1.0,MEDIUM,24.0,True,10.0,1,85.077,5769.174,5684.097,24.6,39.8,32.0,False,False,False,False,False,False,False,False,False,True,False
NOR,4,McLaren,25.0,1.0,MEDIUM,25.0,True,10.0,1,84.894,5854.068,5769.174,24.6,39.4,33.0,False,False,False,False,False,False,False,False,False,True,False
NOR,4,McLaren,26.0,1.0,MEDIUM,26.0,True,10.0,1,85.066,5939.134,5854.068,24.6,39.4,33.0,False,False,False,False,False,False,False,False,False,True,False
NOR,4,McLaren,27.0,1.0,MEDIUM,27.0,True,10.0,1,84.807,6023.941,5939.134,24.6,39.4,33.0,False,False,False,False,False,False,False,False,False,True,False
NOR,4,McLaren,28.0,1.0,MEDIUM,28.0,True,10.0,1,84.746,6108.687,6023.941,24.6,39.4,33.0,False,False,False,False,False,False,False,False,False,True,False
NOR,4,McLaren,29.0,1.0,MEDIUM,29.0,True,9.0,1,84.57,6193.257,6108.687,24.5,38.9,33.0,False,False,False,False,False,False,False,False,False,True,False
NOR,4,McLaren,30.0,1.0,MEDIUM,30.0,True,8.0,1,84.282,6277.539,6193.257,24.5,38.8,34.0,False,False,False,False,False,False,False,False,False,True,False
NOR,4,McLaren,31.0,1.0,MEDIUM,31.0,True,10.0,1,87.562,6365.101,6277.539,24.4,38.8,34.0,False,True,False,False,True,False,False,False,False,False,False
NOR,4,McLaren,32.0,2.0,HARD,1.0,True,15.0,1,104.158,6469.259,6365.101,24.4,38.5,33.0,False,False,True,False,True,False,False,False,False,False,False
NOR,4,McLaren,33.0,2.0,HARD,2.0,True,15.0,1,84.075,6553.334,6469.259,24.3,38.4,34.0,False,False,False,False,False,False,False,False,False,True,False
NOR,4,McLaren,34.0,2.0,HARD,3.0,True,15.0,1,84.285,6637.619,6553.334,24.3,38.5,34.0,False,False,False,False,False,False,False,False,False,True,False
NOR,4,McLaren,35.0,2.0,HARD,4.0,True,15.0,1,84.012,6721.631,6637.619,24.4,38.7,33.0,False,False,False,False,False,False,False,False,False,True,False
NOR,4,McLaren,36.0,2.0,HARD,5.0,True,15.0,1,84.315,6805.946,6721.631,24.5,38.5,33.0,False,False,False,False,False,False,False,False,False,True,False
NOR,4,McLaren,37.0,2.0,HARD,6.0,True,15.0,1,84.212,6890.158,6805.946,24.6,38.5,33.0,False,False,False,False,False,False,False,False,False,True,False
NOR,4,McLaren,38.0,2.0,HARD,7.0,True,14.0,1,83.85,6974.008,6890.158,24.6,38.6,33.0,False,False,False,False,False,False,False,False,False,True,False
NOR,4,McLaren,39.0,2.0,HARD,8.0,True,13.0,1,84.433,7058.441,6974.008,24.6,38.4,33.0,False,False,False,False,False,False,False,False,False,True,False
NOR,4,McLaren,40.0,2.0,HARD,9.0,True,12.0,1,84.187,7142.628,7058.441,24.5,38.3,33.0,False,False,False,False,False,False,False,False,False,True,False
NOR,4,McLaren,41.0,2.0,HARD,10.0,True,12.0,1,83.675,7226.303,7142.628,24.3,38.1,33.0,False,False,False,False,False,False,False,False,False,True,False
NOR,4,McLaren,42.0,2.0,HARD,11.0,True,12.0,1,84.24,7310.543,7226.303,24.4,38.0,33.0,False,False,False,False,False,False,False,False,False,True,False
NOR,4,McLaren,43.0,2.0,HARD,12.0,True,12.0,1,83.767,7394.31,7310.543,24.5,38.2,33.0,False,False,False,False,False,False,False,False,False,True,False
NOR,4,McLaren,44.0,2.0,HARD,13.0,True,12.0,1,83.684,7477.994,7394.31,24.5,38.0,33.0,False,False,False,False,False,False,False,False,False,True,False
NOR,4,McLaren,45.0,2.0,HARD,14.0,True,10.0,1,84.546,7562.54,7477.994,24.4,38.0,32.0,False,False,False,False,False,False,False,False,False,True,False
NOR,4,McLaren,46.0,2.0,HARD,15.0,True,10.0,1,85.375,7647.915,7562.54,24.3,37.9,31.0,False,False,False,False,False,False,False,False,False,True,False
NOR,4,McLaren,47.0,2.0,HARD,16.0,True,10.0,1,83.614,7731.529,7647.915,24.5,37.9,31.0,False,False,False,False,False,False,False,False,False,True,False
NOR,4,McLaren,48.0,2.0,HARD,17.0,True,10.0,1,83.402,7814.931,7731.529,24.5,38.0,31.0,False,False,False,False,False,False,False,False,False,True,False
NOR,4,McLaren,49.0,2.0,HARD,18.0,True,10.0,1,83.645,7898.576,7814.931,24.5,37.9,31.0,False,False,False,False,False,False,False,False,False,True,False
NOR,4,McLaren,50.0,2.0,HARD,19.0,True,10.0,1,83.592,7982.168,7898.576,24.5,37.9,31.0,False,False,False,False,False,False,False,False,False,True,False
NOR,4,McLaren,51.0,2.0,HARD,20.0,True,10.0,1,83.556,8065.724,7982.168,24.4,37.7,31.0,False,False,False,False,False,False,False,False,False,True,False
NOR,4,McLaren,52.0,2.0,HARD,21.0,True,10.0,1,83.705,8149.429,8065.724,24.4,37.8,31.0,False,False,False,False,False,False,False,False,False,True,False
NOR,4,McLaren,53.0,2.0,HARD,22.0,True,10.0,1,83.989,8233.418,8149.429,24.4,37.7,32.0,False,False,False,False,False,False,False,False,False,True,False
NOR,4,McLaren,54.0,2.0,HARD,23.0,True,10.0,1,85.432,8318.85,8233.418,24.3,37.8,31.0,False,False,False,False,False,False,False,False,False,True,False
NOR,4,McLaren,55.0,2.0,HARD,24.0,True,11.0,1,87.196,8406.046,8318.85,24.4,37.6,32.0,False,False,False,False,False,False,False,False,False,True,False
NOR,4,McLaren,56.0,2.0,HARD,25.0,True,11.0,1,85.474,8491.52,8406.046,24.3,37.3,31.0,False,False,False,False,False,False,False,False,False,True,False
NOR,4,McLaren,57.0,2.0,HARD,26.0,True,11.0,1,83.573,8575.093,8491.52,24.3,37.2,32.0,False,False,False,False,False,False,False,False,False,True,False
NOR,4,McLaren,58.0,2.0,HARD,27.0,True,11.0,1,83.897,8658.99,8575.093,24.4,37.2,32.0,False,False,False,False,False,False,False,False,False,True,False
NOR,4,McLaren,59.0,2.0,HARD,28.0,True,11.0,1,83.956,8742.946,8658.99,24.3,37.2,32.0,False,False,False,False,False,False,False,False,False,True,False
NOR,4,McLaren,60.0,2.0,HARD,29.0,True,11.0,1,83.812,8826.758,8742.946,24.3,37.1,32.0,False,False,False,False,False,False,False,False,False,True,False
NOR,4,McLaren,61.0,2.0,HARD,30.0,True,11.0,1,84.113,8910.871,8826.758,24.4,37.1,32.0,False,False,False,False,False,False,False,False,False,True,False
NOR,4,McLaren,62.0,2.0,HARD,31.0,True,11.0,1,84.053,8994.924,8910.871,24.4,37.0,32.0,False,False,False,False,False,False,False,False,False,True,False
NOR,4,McLaren,63.0,2.0,HARD,32.0,True,11.0,1,84.136,9079.06,8994.924,24.5,37.0,32.0,False,False,False,False,False,False,False,False,False,True,False
NOR,4,McLaren,64.0,2.0,HARD,33.0,True,9.0,1267,98.511,9177.571,9079.06,24.6,37.3,32.0,False,False,False,False,True,False,True,False,False,False,False
NOR,4,McLaren,65.0,2.0,HARD,34.0,True,9.0,71,86.426,9263.997,9177.571,24.7,37.1,32.0,False,False,False,False,True,False,True,False,False,False,False
NOR,4,McLaren,66.0,2.0,HARD,35.0,True,9.0,1,83.462,9347.459,9263.997,24.8,37.2,32.0,False,False,False,False,False,False,False,False,False,True,False
NOR,4,McLaren,67.0,2.0,HARD,36.0,True,9.0,1,83.495,9430.954,9347.459,24.7,37.3,32.0,False,False,False,False,False,False,False,False,False,True,False
NOR,4,McLaren,68.0,2.0,HARD,37.0,True,9.0,1,83.582,9514.536,9430.954,24.8,37.3,32.0,False,False,False,False,False,False,False,False,False,True,False
NOR,4,McLaren,69.0,2.0,HARD,38.0,True,9.0,1,83.875,9598.411,9514.536,24.8,37.4,31.0,False,False,False,False,False,False,False,False,False,True,False
NOR,4,McLaren,70.0,2.0,HARD,39.0,True,9.0,1,84.313,9682.724,9598.411,25.0,37.8,31.0,False,False,False,False,False,False,False,False,False,True,False
HAM,44,Mercedes,1.0,1.0,MEDIUM,1.0,True,2.0,1,86.652,3813.653,3726.736,25.5,47.8,34.0,False,False,False,False,True,False,False,False,False,False,False
HAM,44,Mercedes,2.0,1.0,MEDIUM,2.0,True,2.0,1,83.313,3896.966,3813.653,25.3,47.7,34.0,False,False,False,False,False,False,False,False,False,True,False
HAM,44,Mercedes,3.0,1.0,MEDIUM,3.0,True,2.0,1,83.263,3980.229,3896.966,25.2,47.2,34.0,False,False,False,False,False,False,False,False,False,True,False
HAM,44,Mercedes,4.0,1.0,MEDIUM,4.0,True,2.0,1,83.407,4063.636,3980.229,25.0,47.1,34.0,False,False,False,False,False,False,False,False,False,True,False
HAM,44,Mercedes,5.0,1.0,MEDIUM,5.0,True,2.0,1,83.063,4146.699,4063.636,24.9,47.0,34.0,False,False,False,False,False,False,False,False,False,True,False
HAM,44,Mercedes,6.0,1.0,MEDIUM,6.0,True,2.0,1,83.218,4229.917,4146.699,24.8,45.6,34.0,False,False,False,False,False,False,False,False,False,True,False
HAM,44,Mercedes,7.0,1.0,MEDIUM,7.0,True,2.0,1,83.301,4313.218,4229.917,24.7,44.1,34.0,False,False,False,False,False,False,False,False,False,True,False
HAM,44,Mercedes,8.0,1.0,MEDIUM,8.0,True,2.0,1,83.539,4396.757,4313.218,24.4,42.8,35.0,False,False,False,False,False,False,False,False,False,True,False
HAM,44,Mercedes,9.0,1.0,MEDIUM,9.0,True,2.0,1,83.16,4479.917,4396.757,24.3,42.6,35.0,False,False,False,False,False,False,False,False,False,True,False
HAM,44,Mercedes,10.0,1.0,MEDIUM,10.0,True,2.0,1,83.256,4563.173,4479.917,24.2,42.6,34.0,False,False,False,False,False,False,False,False,False,True,False
HAM,44,Mercedes,11.0,1.0,MEDIUM,11.0,True,2.0,1,83.321,4646.494,4563.173,24.4,42.1,34.0,False,False,False,False,False,False,False,False,False,True,False
HAM,44,Mercedes,12.0,1.0,MEDIUM,12.0,True,2.0,1,83.047,4729.541,4646.494,24.4,42.1,33.0,False,False,False,False,False,False,False,False,False,True,False
HAM,44,Mercedes,13.0,1.0,MEDIUM,13.0,True,2.0,1,83.04,4812.581,4729.541,24.2,40.8,34.0,False,False,False,False,False,False,False,False,False,True,False
HAM,44,Mercedes,14.0,1.0,MEDIUM,14.0,True,2.0,1,83.08,4895.661,4812.581,24.2,40.8,34.0,False,False,False,False,False,False,False,False,False,True,False
HAM,44,Mercedes,15.0,1.0,MEDIUM,15.0,True,2.0,1,83.13,4978.791,4895.661,24.2,40.4,33.0,False,False,False,False,False,False,False,False,False,True,False
HAM,44,Mercedes,16.0,1.0,MEDIUM,16.0,True,2.0,1,83.282,5062.073,4978.791,24.2,40.2,33.0,False,False,False,False,False,False,False,False,False,True,False
HAM,44,Mercedes,17.0,1.0,MEDIUM,17.0,True,2.0,1,83.41,5145.483,5062.073,24.1,40.0,33.0,False,False,False,False,False,False,False,False,False,True,False
HAM,44,Mercedes,18.0,1.0,MEDIUM,18.0,True,2.0,1,83.434,5228.917,5145.483,24.0,39.8,34.0,False,False,False,False,False,False,False,False,False,True,False
HAM,44,Mercedes,19.0,1.0,MEDIUM,19.0,True,2.0,1,83.329,5312.246,5228.917,24.2,39.8,33.0,False,False,False,False,False,False,False,False,False,True,False
HAM,44,Mercedes,20.0,1.0,MEDIUM,20.0,True,2.0,1,83.498,5395.744,5312.246,24.2,39.6,33.0,False,False,False,False,False,False,False,False,False,True,False
HAM,44,Mercedes,21.0,1.0,MEDIUM,21.0,True,2.0,1,83.331,5479.075,5395.744,24.2,39.5,33.0,False,False,False,False,False,False,False,False,False,True,False
HAM,44,Mercedes,22.0,1.0,MEDIUM,22.0,True,2.0,1,83.496,5562.571,5479.075,24.3,39.5,33.0,False,False,False,False,False,False,False,False,False,True,False
HAM,44,Mercedes,23.0,1.0,MEDIUM,23.0,True,2.0,1,83.479,5646.05,5562.571,24.3,39.6,33.0,False,False,False,False,False,False,False,False,False,True,False
HAM,44,Mercedes,24.0,1.0,MEDIUM,24.0,True,2.0,1,83.64,5729.69,5646.05,24.5,39.8,32.0,False,False,False,False,False,False,False,False,False,True,False
HAM,44,Mercedes,25.0,1.0,MEDIUM,25.0,True,1.0,1,83.626,5813.316,5729.69,24.6,39.8,32.0,False,False,False,False,False,False,False,False,False,True,False
HAM,44,Mercedes,26.0,1.0,MEDIUM,26.0,True,1.0,1,83.307,5896.623,5813.316,24.6,39.4,33.0,False,False,False,False,False,False,False,False,False,True,False
HAM,44,Mercedes,27.0,1.0,MEDIUM,27.0,True,1.0,1,83.346,5979.969,5896.623,24.6,39.4,33.0,False,False,False,False,False,False,False,False,False,True,False
HAM,44,Mercedes,28.0,1.0,MEDIUM,28.0,True,1.0,1,83.261,6063.23,5979.969,24.6,39.4,33.0,False,False,False,False,False,False,False,False,False,True,False
HAM,44,Mercedes,29.0,1.0,MEDIUM,29.0,True,1.0,1,86.247,6149.477,6063.23,24.7,39.1,33.0,False,True,False,False,True,False,False,False,False,False,False
HAM,44,Mercedes,30.0,2.0,HARD,1.0,True,3.0,1,103.03,6252.507,6149.477,24.5,38.8,34.0,False,False,True,False,True,False,False,False,False,False,False
HAM,44,Mercedes,31.0,2.0,HARD,2.0,True,3.0,1,82.495,6335.002,6252.507,24.4,38.8,34.0,False,False,False,False,False,False,False,False,False,True,False
HAM,44,Mercedes,32.0,2.0,HARD,3.0,True,3.0,1,82.062,6417.064,6335.002,24.4,38.7,34.0,False,False,False,False,False,False,False,False,False,True,False
HAM,44,Mercedes,33.0,2.0,HARD,4.0,True,3.0,1,82.419,6499.483,6417.064,24.4,38.4,34.0,False,False,False,False,False,False,False,False,False,True,False
HAM,44,Mercedes,34.0,2.0,HARD,5.0,True,3.0,1,82.428,6581.911,6499.483,24.3,38.4,34.0,False,False,False,False,False,False,False,False,False,True,False
HAM,44,Mercedes,35.0,2.0,HARD,6.0,True,2.0,1,82.545,6664.456,6581.911,24.3,38.5,34.0,False,False,False,False,False,False,False,False,False,True,False
HAM,44,Mercedes,36.0,2.0,HARD,7.0,True,2.0,1,82.486,6746.942,6664.456,24.5,38.5,33.0,False,False,False,False,False,False,False,False,False,True,False
HAM,44,Mercedes,37.0,2.0,HARD,8.0,True,2.0,1,82.404,6829.346,6746.942,24.5,38.5,33.0,False,False,False,False,False,False,False,False,False,True,False
HAM,44,Mercedes,38.0,2.0,HARD,9.0,True,2.0,1,82.71,6912.056,6829.346,24.7,38.6,32.0,False,False,False,False,False,False,False,False,False,True,False
HAM,44,Mercedes,39.0,2.0,HARD,10.0,True,2.0,1,82.976,6995.032,6912.056,24.6,38.6,33.0,False,False,False,False,False,False,False,False,False,True,False
HAM,44,Mercedes,40.0,2.0,HARD,11.0,True,2.0,1,83.085,7078.117,6995.032,24.6,38.4,33.0,False,False,False,False,False,False,False,False,False,True,False
HAM,44,Mercedes,41.0,2.0,HARD,12.0,True,2.0,1,83.04,7161.157,7078.117,24.3,38.1,33.0,False,False,False,False,False,False,False,False,False,True,False
HAM,44,Mercedes,42.0,2.0,HARD,13.0,True,2.0,1,82.114,7243.271,7161.157,24.3,38.1,33.0,False,False,False,False,False,False,False,False,False,True,False
HAM,44,Mercedes,43.0,2.0,HARD,14.0,True,2.0,1,82.566,7325.837,7243.271,24.4,38.0,33.0,False,False,False,False,False,False,False,False,False,True,False
HAM,44,Mercedes,44.0,2.0,HARD,15.0,True,2.0,1,82.567,7408.404,7325.837,24.5,38.2,33.0,False,False,False,False,False,False,False,False,False,True,False
HAM,44,Mercedes,45.0,2.0,HARD,16.0,True,2.0,1,82.6,7491.004,7408.404,24.5,38.0,33.0,False,False,False,False,False,False,False,False,False,True,False
HAM,44,Mercedes,46.0,2.0,HARD,17.0,True,2.0,1,82.759,7573.763,7491.004,24.4,37.9,32.0,False,False,False,False,False,False,False,False,False,True,False
HAM,44,Mercedes,47.0,2.0,HARD,18.0,True,2.0,1,82.41,7656.173,7573.763,24.3,37.9,31.0,False,False,False,False,False,False,False,False,False,True,False
HAM,44,Mercedes,48.0,2.0,HARD,19.0,True,2.0,1,82.479,7738.652,7656.173,24.5,37.9,31.0,False,False,False,False,False,False,False,False,False,True,False
HAM,44,Mercedes,49.0,2.0,HARD,20.0,True,2.0,1,82.256,7820.908,7738.652,24.5,38.0,31.0,False,False,False,False,False,False,False,False,False,True,False
HAM,44,Mercedes,50.0,2.0,HARD,21.0,True,2.0,1,82.608,7903.516,7820.908,24.5,37.9,31.0,False,False,False,False,False,False,False,False,False,True,False
HAM,44,Mercedes,51.0,2.0,HARD,22.0,True,2.0,1,83.082,7986.598,7903.516,24.5,37.9,31.0,False,False,False,False,False,False,False,False,False,True,False
HAM,44,Mercedes,52.0,2.0,HARD,23.0,True,2.0,1,82.667,8069.265,7986.598,24.4,37.7,31.0,False,False,False,False,False,False,False,False,False,True,False
HAM,44,Mercedes,53.0,2.0,HARD,24.0,True,2.0,1,82.646,8151.911,8069.265,24.4,37.8,31.0,False,False,False,False,False,False,False,False,False,True,False
HAM,44,Mercedes,54.0,2.0,HARD,25.0,True,2.0,1,82.906,8234.817,8151.911,24.4,37.7,32.0,False,False,False,False,False,False,False,False,False,True,False
HAM,44,Mercedes,55.0,2.0,HARD,26.0,True,2.0,1,82.964,8317.781,8234.817,24.3,37.8,31.0,False,False,False,False,False,False,False,False,False,True,False
HAM,44,Mercedes,56.0,2.0,HARD,27.0,True,2.0,1,82.974,8400.755,8317.781,24.4,37.6,32.0,False,False,False,False,False,False,False,False,False,True,False
HAM,44,Mercedes,57.0,2.0,HARD,28.0,True,2.0,1,82.468,8483.223,8400.755,24.3,37.3,31.0,False,False,False,False,False,False,False,False,False,True,False
HAM,44,Mercedes,58.0,2.0,HARD,29.0,True,2.0,1,82.58,8565.803,8483.223,24.3,37.2,32.0,False,False,False,False,False,False,False,False,False,True,False
HAM,44,Mercedes,59.0,2.0,HARD,30.0,True,2.0,1,82.894,8648.697,8565.803,24.4,37.2,32.0,False,False,False,False,False,False,False,False,False,True,False
HAM,44,Mercedes,60.0,2.0,HARD,31.0,True,2.0,1,83.13,8731.827,8648.697,24.3,37.2,32.0,False,False,False,False,False,False,False,False,False,True,False
HAM,44,Mercedes,61.0,2.0,HARD,32.0,True,2.0,1,82.478,8814.305,8731.827,24.3,37.1,32.0,False,False,False,False,False,False,False,False,False,True,False
HAM,44,Mercedes,62.0,2.0,HARD,33.0,True,2.0,1,82.391,8896.696,8814.305,24.4,37.1,32.0,False,False,False,False,False,False,False,False,False,True,False
HAM,44,Mercedes,63.0,2.0,HARD,34.0,True,2.0,1,82.374,8979.07,8896.696,24.4,37.0,32.0,False,False,False,False,False,False,False,False,False,True,False
HAM,44,Mercedes,64.0,2.0,HARD,35.0,True,2.0,1,82.338,9061.408,8979.07,24.4,37.0,32.0,False,False,False,False,False,False,False,False,False,True,False
HAM,44,Mercedes,65.0,2.0,HARD,36.0,True,2.0,126,92.324,9153.732,9061.408,24.6,37.3,32.0,False,False,False,False,True,False,True,False,False,False,False
HAM,44,Mercedes,66.0,2.0,HARD,37.0,True,2.0,671,90.863,9244.595,9153.732,24.7,37.2,32.0,False,False,False,False,True,False,True,False,False,False,False
HAM,44,Mercedes,67.0,2.0,HARD,38.0,True,2.0,1,82.45,9327.045,9244.595,24.8,37.2,32.0,False,False,False,False,False,False,False,False,False,True,False
HAM,44,Mercedes,68.0,2.0,HARD,39.0,True,2.0,1,82.513,9409.558,9327.045,24.7,37.2,32.0,False,False,False,False,False,False,False,False,False,True,False
HAM,44,Mercedes,69.0,2.0,HARD,40.0,True,2.0,1,83.147,9492.705,9409.558,24.8,37.3,32.0,False,False,False,False,False,False,False,False,False,True,False
HAM,44,Mercedes,70.0,2.0,HARD,41.0,True,2.0,1,82.829,9575.534,9492.705,24.8,37.4,31.0,False,False,False,False,False,False,False,False,False,True,False
HAM,44,Mercedes,71.0,2.0,HARD,42.0,True,2.0,1,83.382,9658.916,9575.534,24.8,37.8,31.0,False,False,False,False,False,False,False,False,False,True,False
MSC,47,Haas F1 Team,1.0,1.0,SOFT,6.0,False,17.0,1,95.788,3822.789,3726.736,25.5,47.8,34.0,False,False,False,False,True,False,False,False,False,False,False
MSC,47,Haas F1 Team,2.0,1.0,SOFT,7.0,False,17.0,1,86.402,3909.191,3822.789,25.2,47.2,35.0,False,False,False,False,False,False,False,False,False,True,False
MSC,47,Haas F1 Team,3.0,1.0,SOFT,8.0,False,17.0,1,86.319,3995.51,3909.191,25.2,47.2,34.0,False,False,False,False,False,False,False,False,False,True,False
MSC,47,Haas F1 Team,4.0,1.0,SOFT,9.0,False,17.0,1,85.828,4081.338,3995.51,25.0,47.1,34.0,False,False,False,False,False,False,False,False,False,True,False
MSC,47,Haas F1 Team,5.0,1.0,SOFT,10.0,False,17.0,1,85.562,4166.9,4081.338,24.8,46.2,33.0,False,False,False,False,False,False,False,False,False,True,False
MSC,47,Haas F1 Team,6.0,1.0,SOFT,11.0,False,17.0,1,85.155,4252.055,4166.9,24.8,45.6,34.0,False,False,False,False,False,False,False,False,False,True,False
MSC,47,Haas F1 Team,7.0,1.0,SOFT,12.0,False,17.0,1,85.689,4337.744,4252.055,24.5,43.6,35.0,False,False,False,False,False,False,False,False,False,True,False
MSC,47,Haas F1 Team,8.0,1.0,SOFT,13.0,False,17.0,1,86.104,4423.848,4337.744,24.4,42.8,35.0,False,False,False,False,False,False,False,False,False,True,False
MSC,47,Haas F1 Team,9.0,1.0,SOFT,14.0,False,18.0,1,86.649,4510.497,4423.848,24.2,42.6,34.0,False,False,False,False,False,False,False,False,False,True,False
MSC,47,Haas F1 Team,10.0,1.0,SOFT,15.0,False,18.0,1,85.821,4596.318,4510.497,24.4,42.6,34.0,False,False,False,False,False,False,False,False,False,True,False
MSC,47,Haas F1 Team,11.0,1.0,SOFT,16.0,False,18.0,1,85.833,4682.151,4596.318,24.4,42.1,34.0,False,False,False,False,False,False,False,False,False,True,False
MSC,47,Haas F1 Team,12.0,1.0,SOFT,17.0,False,18.0,1,85.683,4767.834,4682.151,24.3,41.2,34.0,False,False,False,False,False,False,False,False,False,True,False
MSC,47,Haas F1 Team,13.0,1.0,SOFT,18.0,False,18.0,1,85.669,4853.503,4767.834,24.2,40.8,34.0,False,False,False,False,False,False,False,False,False,True,False
MSC,47,Haas F1 Team,14.0,1.0,SOFT,19.0,False,18.0,1,85.674,4939.177,4853.503,24.2,40.4,33.0,False,False,False,False,False,False,False,False,False,True,False
MSC,47,Haas F1 Team,15.0,1.0,SOFT,20.0,False,18.0,1,85.284,5024.461,4939.177,24.2,40.2,33.0,False,False,False,False,False,False,False,False,False,True,False
MSC,47,Haas F1 Team,16.0,1.0,SOFT,21.0,False,18.0,1,85.801,5110.262,5024.461,24.1,40.0,33.0,False,False,False,False,False,False,False,False,False,True,False
MSC,47,Haas F1 Team,17.0,1.0,SOFT,22.0,False,18.0,1,86.108,5196.37,5110.262,24.0,39.8,34.0,False,False,False,False,False,False,False,False,False,True,False
MSC,47,Haas F1 Team,18.0,1.0,SOFT,23.0,False,17.0,1,85.548,5281.918,5196.37,24.0,39.9,33.0,False,False,False,False,False,False,False,False,False,True,False
MSC,47,Haas F1 Team,19.0,1.0,SOFT,24.0,False,17.0,1,85.809,5367.727,5281.918,24.2,39.6,33.0,False,False,False,False,False,False,False,False,False,True,False
MSC,47,Haas F1 Team,20.0,1.0,SOFT,25.0,False,17.0,1,85.773,5453.5,5367.727,24.2,39.6,33.0,False,False,False,False,False,False,False,False,False,True,False
MSC,47,Haas F1 Team,21.0,1.0,SOFT,26.0,False,17.0,1,86.45,5539.95,5453.5,24.3,39.5,33.0,False,False,False,False,False,False,False,False,False,True,False
MSC,47,Haas F1 Team,22.0,1.0,SOFT,27.0,False,17.0,1,85.947,5625.897,5539.95,24.3,39.6,33.0,False,False,False,False,False,False,False,False,False,True,False
MSC,47,Haas F1 Team,23.0,1.0,SOFT,28.0,False,17.0,1,86.017,5711.914,5625.897,24.5,39.8,32.0,False,False,False,False,False,False,False,False,False,True,False
MSC,47,Haas F1 Team,24.0,1.0,SOFT,29.0,False,18.0,1,88.911,5800.825,5711.914,24.6,39.8,32.0,False,True,False,False,True,False,False,False,False,False,False
MSC,47,Haas F1 Team,25.0,2.0,MEDIUM,1.0,True,19.0,1,104.201,5905.026,5800.825,24.6,39.4,33.0,False,False,True,False,True,False,False,False,False,False,False
MSC,47,Haas F1 Team,26.0,2.0,MEDIUM,2.0,True,19.0,1,83.897,5988.923,5905.026,24.6,39.4,33.0,False,False,False,False,False,False,False,False,False,True,False
MSC,47,Haas F1 Team,27.0,2.0,MEDIUM,3.0,True,19.0,1,83.938,6072.861,5988.923,24.6,39.4,33.0,False,False,False,False,False,False,False,False,False,True,False
MSC,47,Haas F1 Team,28.0,2.0,MEDIUM,4.0,True,19.0,1,83.782,6156.643,6072.861,24.7,39.1,33.0,False,False,False,False,False,False,False,False,False,True,False
MSC,47,Haas F1 Team,29.0,2.0,MEDIUM,5.0,True,19.0,1,83.917,6240.56,6156.643,24.5,38.9,33.0,False,False,False,False,False,False,False,False,False,True,False
MSC,47,Haas F1 Team,30.0,2.0,MEDIUM,6.0,True,19.0,1,83.641,6324.201,6240.56,24.4,38.8,34.0,False,False,False,False,False,False,False,False,False,True,False
MSC,47,Haas F1 Team,31.0,2.0,MEDIUM,7.0,True,19.0,1,83.967,6408.168,6324.201,24.4,38.7,34.0,False,False,False,False,False,False,False,False,False,True,False
MSC,47,Haas F1 Team,32.0,2.0,MEDIUM,8.0,True,19.0,1,86.121,6494.289,6408.168,24.4,38.4,34.0,False,False,False,False,False,False,False,False,False,True,False
MSC,47,Haas F1 Team,33.0,2.0,MEDIUM,9.0,True,19.0,1,84.609,6578.898,6494.289,24.3,38.4,34.0,False,False,False,False,False,False,False,False,False,True,False
MSC,47,Haas F1 Team,34.0,2.0,MEDIUM,10.0,True,19.0,1,84.424,6663.322,6578.898,24.3,38.5,34.0,False,False,False,False,False,False,False,False,False,True,False
MSC,47,Haas F1 Team,35.0,2.0,MEDIUM,11.0,True,19.0,1,87.676,6750.998,6663.322,24.5,38.5,33.0,False,False,False,False,False,False,False,False,False,True,False
MSC,47,Haas F1 Team,36.0,2.0,MEDIUM,12.0,True,19.0,1,83.668,6834.666,6750.998,24.5,38.5,33.0,False,False,False,False,False,False,False,False,False,True,False
MSC,47,Haas F1 Team,37.0,2.0,MEDIUM,13.0,True,19.0,1,84.283,6918.949,6834.666,24.7,38.6,32.0,False,False,False,False,False,False,False,False,False,True,False
MSC,47,Haas F1 Team,38.0,2.0,MEDIUM,14.0,True,19.0,1,86.623,7005.572,6918.949,24.6,38.6,33.0,False,False,False,False,False,False,False,False,False,True,False
MSC,47,Haas F1 Team,39.0,2.0,MEDIUM,15.0,True,18.0,1,84.424,7089.996,7005.572,24.5,38.3,33.0,False,False,False,False,False,False,False,False,False,True,False
MSC,47,Haas F1 Team,40.0,2.0,MEDIUM,16.0,True,18.0,1,84.161,7174.157,7089.996,24.3,38.1,33.0,False,False,False,False,False,False,False,False,False,True,False
MSC,47,Haas F1 Team,41.0,2.0,MEDIUM,17.0,True,17.0,1,84.527,7258.684,7174.157,24.3,38.1,33.0,False,False,False,False,False,False,False,False,False,True,False
MSC,47,Haas F1 Team,42.0,2.0,MEDIUM,18.0,True,17.0,1,84.346,7343.03,7258.684,24.5,38.2,33.0,False,False,False,False,False,False,False,False,False,True,False
MSC,47,Haas F1 Team,43.0,2.0,MEDIUM,19.0,True,17.0,1,84.165,7427.195,7343.03,24.5,38.2,33.0,False,False,False,False,False,False,False,False,False,True,False
MSC,47,Haas F1 Team,44.0,2.0,MEDIUM,20.0,True,17.0,1,83.695,7510.89,7427.195,24.4,38.0,32.0,False,False,False,False,False,False,False,False,False,True,False
MSC,47,Haas F1 Team,45.0,2.0,MEDIUM,21.0,True,17.0,1,84.014,7594.904,7510.89,24.4,37.9,32.0,False,False,False,False,False,False,False,False,False,True,False
MSC,47,Haas F1 Team,46.0,2.0,MEDIUM,22.0,True,17.0,1,84.282,7679.186,7594.904,24.3,37.9,31.0,False,False,False,False,False,False,False,False,False,True,False
MSC,47,Haas F1 Team,47.0,2.0,MEDIUM,23.0,True,17.0,1,84.254,7763.44,7679.186,24.5,38.0,31.0,False,False,False,False,False,False,False,False,False,True,False
MSC,47,Haas F1 Team,48.0,2.0,MEDIUM,24.0,True,17.0,1,84.095,7847.535,7763.44,24.5,38.0,31.0,False,False,False,False,False,False,False,False,False,True,False
MSC,47,Haas F1 Team,49.0,2.0,MEDIUM,25.0,True,17.0,1,84.308,7931.843,7847.535,24.5,37.9,31.0,False,False,False,False,False,False,False,False,False,True,False
MSC,47,Haas F1 Team,50.0,2.0,MEDIUM,26.0,True,17.0,1,84.47,8016.313,7931.843,24.5,37.9,31.0,False,False,False,False,False,False,False,False,False,True,False
MSC,47,Haas F1 Team,51.0,2.0,MEDIUM,27.0,True,17.0,1,85.943,8102.256,8016.313,24.4,37.7,31.0,False,False,False,False,False,False,False,False,False,True,False
MSC,47,Haas F1 Team,52.0,2.0,MEDIUM,28.0,True,17.0,1,85.923,8188.179,8102.256,24.4,37.8,31.0,False,False,False,False,False,False,False,False,False,True,False
MSC,47,Haas F1 Team,53.0,2.0,MEDIUM,29.0,True,17.0,1,84.362,8272.541,8188.179,24.4,37.7,32.0,False,False,False,False,False,False,False,False,False,True,False
MSC,47,Haas F1 Team,54.0,2.0,MEDIUM,30.0,True,17.0,1,86.282,8358.823,8272.541,24.4,37.6,32.0,False,False,False,False,False,False,False,False,False,True,False
MSC,47,Haas F1 Team,55.0,2.0,MEDIUM,31.0,True,17.0,1,84.129,8442.952,8358.823,24.4,37.6,31.0,False,False,False,False,False,False,False,False,False,True,False
MSC,47,Haas F1 Team,56.0,2.0,MEDIUM,32.0,True,17.0,1,83.945,8526.897,8442.952,24.3,37.3,31.0,False,False,False,False,False,False,False,False,False,True,False
MSC,47,Haas F1 Team,57.0,2.0,MEDIUM,33.0,True,17.0,1,84.106,8611.003,8526.897,24.4,37.2,32.0,False,False,False,False,False,False,False,False,False,True,False
MSC,47,Haas F1 Team,58.0,2.0,MEDIUM,34.0,True,17.0,1,84.114,8695.117,8611.003,24.4,37.2,32.0,False,False,False,False,False,False,False,False,False,True,False
MSC,47,Haas F1 Team,59.0,2.0,MEDIUM,35.0,True,17.0,1,84.261,8779.378,8695.117,24.3,37.1,32.0,False,False,False,False,False,False,False,False,False,True,False
MSC,47,Haas F1 Team,60.0,2.0,MEDIUM,36.0,True,17.0,1,84.292,8863.67,8779.378,24.4,37.0,32.0,False,False,False,False,False,False,False,False,False,True,False
MSC,47,Haas F1 Team,61.0,2.0,MEDIUM,37.0,True,17.0,1,84.406,8948.076,8863.67,24.4,37.1,32.0,False,False,False,False,False,False,False,False,False,True,False
MSC,47,Haas F1 Team,62.0,2.0,MEDIUM,38.0,True,17.0,1,84.102,9032.178,8948.076,24.4,37.0,32.0,False,False,False,False,False,False,False,False,False,True,False
MSC,47,Haas F1 Team,63.0,2.0,MEDIUM,39.0,True,17.0,12,84.212,9116.39,9032.178,24.5,37.0,32.0,False,False,False,False,False,False,True,False,False,False,False
MSC,47,Haas F1 Team,64.0,2.0,MEDIUM,40.0,True,16.0,2671,100.864,9217.254,9116.39,24.7,37.2,32.0,False,False,False,False,True,False,True,False,False,False,False
MSC,47,Haas F1 Team,65.0,2.0,MEDIUM,41.0,True,16.0,1,83.717,9300.971,9217.254,24.7,37.1,32.0,False,False,False,False,False,False,False,False,False,True,False
MSC,47,Haas F1 Team,66.0,2.0,MEDIUM,42.0,True,16.0,1,84.005,9384.976,9300.971,24.7,37.2,32.0,False,False,False,False,False,False,False,False,False,True,False
MSC,47,Haas F1 Team,67.0,2.0,MEDIUM,43.0,True,16.0,1,84.157,9469.133,9384.976,24.7,37.3,32.0,False,False,False,False,False,False,False,False,False,True,False
MSC,47,Haas F1 Team,68.0,2.0,MEDIUM,44.0,True,16.0,1,84.168,9553.301,9469.133,24.8,37.4,31.0,False,False,False,False,False,False,False,False,False,True,False
MSC,47,Haas F1 Team,69.0,2.0,MEDIUM,45.0,True,16.0,1,84.558,9637.859,9553.301,24.8,37.8,31.0,False,False,False,False,False,False,False,False,False,True,False
MSC,47,Haas F1 Team,70.0,2.0,MEDIUM,46.0,True,16.0,1,84.755,9722.614,9637.859,25.0,37.8,31.0,False,False,False,False,False,False,False,False,False,True,False
VET,5,Aston Martin,1.0,1.0,SOFT,1.0,True,14.0,1,94.42,3821.421,3726.736,25.5,47.8,34.0,False,False,False,False,True,False,False,False,False,False,False
VET,5,Aston Martin,2.0,1.0,SOFT,2.0,True,14.0,1,85.968,3907.389,3821.421,25.3,47.7,34.0,False,False,False,False,False,False,False,False,False,True,False
VET,5,Aston Martin,3.0,1.0,SOFT,3.0,True,14.0,1,86.302,3993.691,3907.389,25.2,47.2,34.0,False,False,False,False,False,False,False,False,False,True,False
VET,5,Aston Martin,4.0,1.0,SOFT,4.0,True,14.0,1,85.418,4079.109,3993.691,25.0,47.1,34.0,False,False,False,False,False,False,False,False,False,True,False
VET,5,Aston Martin,5.0,1.0,SOFT,5.0,True,14.0,1,85.106,4164.215,4079.109,24.8,46.2,33.0,False,False,False,False,False,False,False,False,False,True,False
VET,5,Aston Martin,6.0,1.0,SOFT,6.0,True,14.0,1,84.607,4248.822,4164.215,24.8,45.6,34.0,False,False,False,False,False,False,False,False,False,True,False
VET,5,Aston Martin,7.0,1.0,SOFT,7.0,True,14.0,1,85.403,4334.225,4248.822,24.5,43.6,35.0,False,False,False,False,False,False,False,False,False,True,False
VET,5,Aston Martin,8.0,1.0,SOFT,8.0,True,14.0,1,85.273,4419.498,4334.225,24.4,42.8,35.0,False,False,False,False,False,False,False,False,False,True,False
VET,5,Aston Martin,9.0,1.0,SOFT,9.0,True,14.0,1,85.228,4504.726,4419.498,24.3,42.6,35.0,False,False,False,False,False,False,False,False,False,True,False
VET,5,Aston Martin,10.0,1.0,SOFT,10.0,True,14.0,1,84.965,4589.691,4504.726,24.4,42.6,34.0,False,False,False,False,False,False,False,False,False,True,False
VET,5,Aston Martin,11.0,1.0,SOFT,11.0,True,14.0,1,84.877,4674.568,4589.691,24.4,42.1,34.0,False,False,False,False,False,False,False,False,False,True,False
VET,5,Aston Martin,12.0,1.0,SOFT,12.0,True,14.0,1,84.829,4759.397,4674.568,24.3,41.2,34.0,False,False,False,False,False,False,False,False,False,True,False
VET,5,Aston Martin,13.0,1.0,SOFT,13.0,True,14.0,1,84.763,4844.16,4759.397,24.2,40.8,34.0,False,False,False,False,False,False,False,False,False,True,False
VET,5,Aston Martin,14.0,1.0,SOFT,14.0,True,14.0,1,84.661,4928.821,4844.16,24.2,40.8,34.0,False,False,False,False,False,False,False,False,False,True,False
VET,5,Aston Martin,15.0,1.0,SOFT,15.0,True,14.0,1,84.665,5013.486,4928.821,24.2,40.2,33.0,False,False,False,False,False,False,False,False,False,True,False
VET,5,Aston Martin,16.0,1.0,SOFT,16.0,True,14.0,1,84.615,5098.101,5013.486,24.2,40.2,33.0,False,False,False,False,False,False,False,False,False,True,False
VET,5,Aston Martin,17.0,1.0,SOFT,17.0,True,14.0,1,84.822,5182.923,5098.101,24.0,39.8,34.0,False,False,False,False,False,False,False,False,False,True,False
VET,5,Aston Martin,18.0,1.0,SOFT,18.0,True,14.0,1,84.962,5267.885,5182.923,24.0,39.9,33.0,False,False,False,False,False,False,False,False,False,True,False
VET,5,Aston Martin,19.0,1.0,SOFT,19.0,True,14.0,1,85.03,5352.915,5267.885,24.2,39.6,33.0,False,False,False,False,False,False,False,False,False,True,False
VET,5,Aston Martin,20.0,1.0,SOFT,20.0,True,14.0,1,84.898,5437.813,5352.915,24.2,39.6,33.0,False,False,False,False,False,False,False,False,False,True,False
VET,5,Aston Martin,21.0,1.0,SOFT,21.0,True,14.0,1,84.997,5522.81,5437.813,24.2,39.5,33.0,False,False,False,False,False,False,False,False,False,True,False
VET,5,Aston Martin,22.0,1.0,SOFT,22.0,True,14.0,1,84.933,5607.743,5522.81,24.3,39.6,33.0,False,False,False,False,False,False,False,False,False,True,False
VET,5,Aston Martin,23.0,1.0,SOFT,23.0,True,14.0,1,85.47,5693.213,5607.743,24.3,39.8,32.0,False,False,False,False,False,False,False,False,False,True,False
VET,5,Aston Martin,24.0,1.0,SOFT,24.0,True,14.0,1,85.966,5779.179,5693.213,24.6,39.8,32.0,False,False,False,False,False,False,False,False,False,True,False
VET,5,Aston Martin,25.0,1.0,SOFT,25.0,True,14.0,1,85.271,5864.45,5779.179,24.6,39.4,33.0,False,False,False,False,False,False,False,False,False,True,False
VET,5,Aston Martin,26.0,1.0,SOFT,26.0,True,14.0,1,85.303,5949.753,5864.45,24.6,39.4,33.0,False,False,False,False,False,False,False,False,False,True,False
VET,5,Aston Martin,27.0,1.0,SOFT,27.0,True,14.0,1,85.197,6034.95,5949.753,24.6,39.4,33.0,False,False,False,False,False,False,False,False,False,True,False
VET,5,Aston Martin,28.0,1.0,SOFT,28.0,True,14.0,1,84.863,6119.813,6034.95,24.6,39.4,33.0,False,False,False,False,False,False,False,False,False,True,False
VET,5,Aston Martin,29.0,1.0,SOFT,29.0,True,14.0,1,84.889,6204.702,6119.813,24.5,38.9,33.0,False,False,False,False,False,False,False,False,False,True,False
VET,5,Aston Martin,30.0,1.0,SOFT,30.0,True,13.0,1,84.912,6289.614,6204.702,24.5,38.8,34.0,False,False,False,False,False,False,False,False,False,True,False
VET,5,Aston Martin,31.0,1.0,SOFT,31.0,True,13.0,1,84.979,6374.593,6289.614,24.4,38.7,34.0,False,False,False,False,False,False,False,False,False,True,False
VET,5,Aston Martin,32.0,1.0,SOFT,32.0,True,12.0,1,84.904,6459.497,6374.593,24.4,38.5,33.0,False,False,False,False,False,False,False,False,False,True,False
VET,5,Aston Martin,33.0,1.0,SOFT,33.0,True,12.0,1,84.918,6544.415,6459.497,24.4,38.4,34.0,False,False,False,False,False,False,False,False,False,True,False
VET,5,Aston Martin,34.0,1.0,SOFT,34.0,True,11.0,1,84.83,6629.245,6544.415,24.3,38.5,34.0,False,False,False,False,False,False,False,False,False,True,False
VET,5,Aston Martin,35.0,1.0,SOFT,35.0,True,11.0,1,84.852,6714.097,6629.245,24.4,38.7,33.0,False,False,False,False,False,False,False,False,False,True,False
VET,5,Aston Martin,36.0,1.0,SOFT,36.0,True,11.0,1,84.971,6799.068,6714.097,24.5,38.5,33.0,False,False,False,False,False,False,False,False,False,True,False
VET,5,Aston Martin,37.0,1.0,SOFT,37.0,True,11.0,1,85.14,6884.208,6799.068,24.6,38.5,33.0,False,False,False,False,False,False,False,False,False,True,False
VET,5,Aston Martin,38.0,1.0,SOFT,38.0,True,13.0,1,88.89,6973.098,6884.208,24.6,38.6,33.0,False,True,False,False,True,False,False,False,False,False,False
VET,5,Aston Martin,39.0,2.0,MEDIUM,2.0,False,16.0,1,103.717,7076.815,6973.098,24.6,38.4,33.0,False,False,True,False,True,False,False,False,False,False,False
VET,5,Aston Martin,40.0,2.0,MEDIUM,3.0,False,15.0,1,86.757,7163.572,7076.815,24.3,38.1,33.0,False,False,False,False,False,False,False,False,False,True,False
VET,5,Aston Martin,41.0,2.0,MEDIUM,4.0,False,14.0,1,83.111,7246.683,7163.572,24.3,38.1,33.0,False,False,False,False,False,False,False,False,False,True,False
VET,5,Aston Martin,42.0,2.0,MEDIUM,5.0,False,14.0,1,83.129,7329.812,7246.683,24.5,38.2,33.0,False,False,False,False,False,False,False,False,False,True,False
VET,5,Aston Martin,43.0,2.0,MEDIUM,6.0,False,14.0,1,83.097,7412.909,7329.812,24.5,38.2,33.0,False,False,False,False,False,False,False,False,False,True,False
VET,5,Aston Martin,44.0,2.0,MEDIUM,7.0,False,14.0,1,83.17,7496.079,7412.909,24.5,38.0,33.0,False,False,False,False,False,False,False,False,False,True,False
VET,5,Aston Martin,45.0,2.0,MEDIUM,8.0,False,14.0,1,83.086,7579.165,7496.079,24.4,37.9,32.0,False,False,False,False,False,False,False,False,False,True,False
VET,5,Aston Martin,46.0,2.0,MEDIUM,9.0,False,13.0,1,83.285,7662.45,7579.165,24.3,37.9,31.0,False,False,False,False,False,False,False,False,False,True,False
VET,5,Aston Martin,47.0,2.0,MEDIUM,10.0,False,13.0,1,83.235,7745.685,7662.45,24.5,37.9,31.0,False,False,False,False,False,False,False,False,False,True,False
VET,5,Aston Martin,48.0,2.0,MEDIUM,11.0,False,13.0,1,85.227,7830.912,7745.685,24.5,38.0,31.0,False,False,False,False,False,False,False,False,False,True,False
VET,5,Aston Martin,49.0,2.0,MEDIUM,12.0,False,13.0,1,83.311,7914.223,7830.912,24.5,37.9,31.0,False,False,False,False,False,False,False,False,False,True,False
VET,5,Aston Martin,50.0,2.0,MEDIUM,13.0,False,12.0,1,84.908,7999.131,7914.223,24.5,37.9,31.0,False,False,False,False,False,False,False,False,False,True,False
VET,5,Aston Martin,51.0,2.0,MEDIUM,14.0,False,13.0,1,85.484,8084.615,7999.131,24.4,37.7,31.0,False,False,False,False,False,False,False,False,False,True,False
VET,5,Aston Martin,52.0,2.0,MEDIUM,15.0,False,13.0,1,83.401,8168.016,8084.615,24.4,37.8,31.0,False,False,False,False,False,False,False,False,False,True,False
VET,5,Aston Martin,53.0,2.0,MEDIUM,16.0,False,14.0,1,86.824,8254.84,8168.016,24.4,37.7,32.0,False,False,False,False,False,False,False,False,False,True,False
VET,5,Aston Martin,54.0,2.0,MEDIUM,17.0,False,14.0,1,84.626,8339.466,8254.84,24.3,37.8,31.0,False,False,False,False,False,False,False,False,False,True,False
VET,5,Aston Martin,55.0,2.0,MEDIUM,18.0,False,14.0,1,83.804,8423.27,8339.466,24.4,37.6,31.0,False,False,False,False,False,False,False,False,False,True,False
VET,5,Aston Martin,56.0,2.0,MEDIUM,19.0,False,14.0,1,83.693,8506.963,8423.27,24.3,37.3,31.0,False,False,False,False,False,False,False,False,False,True,False
VET,5,Aston Martin,57.0,2.0,MEDIUM,20.0,False,15.0,1,86.472,8593.435,8506.963,24.4,37.2,32.0,False,False,False,False,False,False,False,False,False,True,False
VET,5,Aston Martin,58.0,2.0,MEDIUM,21.0,False,15.0,1,84.262,8677.697,8593.435,24.4,37.2,32.0,False,False,False,False,False,False,False,False,False,True,False
VET,5,Aston Martin,59.0,2.0,MEDIUM,22.0,False,15.0,1,83.752,8761.449,8677.697,24.3,37.2,32.0,False,False,False,False,False,False,False,False,False,True,False
VET,5,Aston Martin,60.0,2.0,MEDIUM,23.0,False,15.0,1,83.815,8845.264,8761.449,24.4,37.0,32.0,False,False,False,False,False,False,False,False,False,True,False
VET,5,Aston Martin,61.0,2.0,MEDIUM,24.0,False,15.0,1,84.545,8929.809,8845.264,24.4,37.1,32.0,False,False,False,False,False,False,False,False,False,True,False
VET,5,Aston Martin,62.0,2.0,MEDIUM,25.0,False,15.0,1,84.463,9014.272,8929.809,24.4,37.0,32.0,False,False,False,False,False,False,False,False,False,True,False
VET,5,Aston Martin,63.0,2.0,MEDIUM,26.0,False,15.0,12,83.859,9098.131,9014.272,24.5,37.0,32.0,False,False,False,False,False,False,True,False,False,False,False
VET,5,Aston Martin,64.0,2.0,MEDIUM,27.0,False,14.0,2671,100.014,9198.145,9098.131,24.7,37.2,32.0,False,False,False,False,True,False,True,False,False,False,False
VET,5,Aston Martin,65.0,2.0,MEDIUM,28.0,False,14.0,1,83.702,9281.847,9198.145,24.7,37.1,32.0,False,False,False,False,False,False,False,False,False,True,False
VET,5,Aston Martin,66.0,2.0,MEDIUM,29.0,False,14.0,1,83.512,9365.359,9281.847,24.8,37.2,32.0,False,False,False,False,False,False,False,False,False,True,False
VET,5,Aston Martin,67.0,2.0,MEDIUM,30.0,False,14.0,1,83.546,9448.905,9365.359,24.7,37.3,32.0,False,False,False,False,False,False,False,False,False,True,False
VET,5,Aston Martin,68.0,2.0,MEDIUM,31.0,False,14.0,1,83.713,9532.618,9448.905,24.8,37.3,32.0,False,False,False,False,False,False,False,False,False,True,False
VET,5,Aston Martin,69.0,2.0,MEDIUM,32.0,False,14.0,1,86.578,9619.196,9532.618,24.8,37.8,31.0,False,False,False,False,False,False,False,False,False,True,False
VET,5,Aston Martin,70.0,2.0,MEDIUM,33.0,False,14.0,1,84.032,9703.228,9619.196,25.0,37.8,31.0,False,False,False,False,False,False,False,False,False,True,False
SAI,55,Ferrari,1.0,1.0,SOFT,4.0,False,5.0,1,89.763,3816.764,3726.736,25.5,47.8,34.0,False,False,False,False,True,False,False,False,False,False,False
SAI,55,Ferrari,2.0,1.0,SOFT,5.0,False,5.0,1,84.093,3900.857,3816.764,25.3,47.7,34.0,False,False,False,False,False,False,False,False,False,True,False
SAI,55,Ferrari,3.0,1.0,SOFT,6.0,False,5.0,1,83.868,3984.725,3900.857,25.2,47.2,34.0,False,False,False,False,False,False,False,False,False,True,False
SAI,55,Ferrari,4.0,1.0,SOFT,7.0,False,5.0,1,83.881,4068.606,3984.725,25.0,47.1,34.0,False,False,False,False,False,False,False,False,False,True,False
SAI,55,Ferrari,5.0,1.0,SOFT,8.0,False,5.0,1,83.797,4152.403,4068.606,24.8,46.2,33.0,False,False,False,False,False,False,False,False,False,True,False
SAI,55,Ferrari,6.0,1.0,SOFT,9.0,False,5.0,1,83.899,4236.302,4152.403,24.8,45.6,34.0,False,False,False,False,False,False,False,False,False,True,False
SAI,55,Ferrari,7.0,1.0,SOFT,10.0,False,5.0,1,83.787,4320.089,4236.302,24.7,44.1,34.0,False,False,False,False,False,False,False,False,False,True,False
SAI,55,Ferrari,8.0,1.0,SOFT,11.0,False,5.0,1,84.159,4404.248,4320.089,24.4,42.8,35.0,False,False,False,False,False,False,False,False,False,True,False
SAI,55,Ferrari,9.0,1.0,SOFT,12.0,False,5.0,1,84.067,4488.315,4404.248,24.3,42.6,35.0,False,False,False,False,False,False,False,False,False,True,False
SAI,55,Ferrari,10.0,1.0,SOFT,13.0,False,5.0,1,83.736,4572.051,4488.315,24.4,42.6,34.0,False,False,False,False,False,False,False,False,False,True,False
SAI,55,Ferrari,11.0,1.0,SOFT,14.0,False,5.0,1,83.825,4655.876,4572.051,24.4,42.1,34.0,False,False,False,False,False,False,False,False,False,True,False
SAI,55,Ferrari,12.0,1.0,SOFT,15.0,False,5.0,1,84.265,4740.141,4655.876,24.4,42.1,33.0,False,False,False,False,False,False,False,False,False,True,False
SAI,55,Ferrari,13.0,1.0,SOFT,16.0,False,5.0,1,84.221,4824.362,4740.141,24.2,40.8,34.0,False,False,False,False,False,False,False,False,False,True,False
SAI,55,Ferrari,14.0,1.0,SOFT,17.0,False,5.0,1,83.761,4908.123,4824.362,24.2,40.8,34.0,False,False,False,False,False,False,False,False,False,True,False
SAI,55,Ferrari,15.0,1.0,SOFT,18.0,False,5.0,1,83.695,4991.818,4908.123,24.2,40.2,33.0,False,False,False,False,False,False,False,False,False,True,False
SAI,55,Ferrari,16.0,1.0,SOFT,19.0,False,5.0,1,83.773,5075.591,4991.818,24.2,40.2,33.0,False,False,False,False,False,False,False,False,False,True,False
SAI,55,Ferrari,17.0,1.0,SOFT,20.0,False,5.0,1,84.043,5159.634,5075.591,24.1,40.0,33.0,False,False,False,False,False,False,False,False,False,True,False
SAI,55,Ferrari,18.0,1.0,SOFT,21.0,False,5.0,1,83.932,5243.566,5159.634,24.0,39.9,33.0,False,False,False,False,False,False,False,False,False,True,False
SAI,55,Ferrari,19.0,1.0,SOFT,22.0,False,5.0,1,84.009,5327.575,5243.566,24.2,39.8,33.0,False,False,False,False,False,False,False,False,False,True,False
SAI,55,Ferrari,20.0,1.0,SOFT,23.0,False,5.0,1,84.089,5411.664,5327.575,24.2,39.6,33.0,False,False,False,False,False,False,False,False,False,True,False
SAI,55,Ferrari,21.0,1.0,SOFT,24.0,False,5.0,1,84.338,5496.002,5411.664,24.2,39.5,33.0,False,False,False,False,False,False,False,False,False,True,False
SAI,55,Ferrari,22.0,1.0,SOFT,25.0,False,5.0,1,84.41,5580.412,5496.002,24.3,39.5,33.0,False,False,False,False,False,False,False,False,False,True,False
SAI,55,Ferrari,23.0,1.0,SOFT,26.0,False,5.0,1,84.518,5664.93,5580.412,24.3,39.8,32.0,False,False,False,False,False,False,False,False,False,True,False
SAI,55,Ferrari,24.0,1.0,SOFT,27.0,False,4.0,1,84.35,5749.28,5664.93,24.5,39.8,32.0,False,False,False,False,False,False,False,False,False,True,False
SAI,55,Ferrari,25.0,1.0,SOFT,28.0,False,4.0,1,84.558,5833.838,5749.28,24.6,39.4,33.0,False,False,False,False,False,False,False,False,False,True,False
SAI,55,Ferrari,26.0,1.0,SOFT,29.0,False,4.0,1,85.152,5918.99,5833.838,24.6,39.4,33.0,False,False,False,False,False,False,False,False,False,True,False
SAI,55,Ferrari,27.0,1.0,SOFT,30.0,False,4.0,1,84.414,6003.404,5918.99,24.6,39.4,33.0,False,False,False,False,False,False,False,False,False,True,False
SAI,55,Ferrari,28.0,1.0,SOFT,31.0,False,4.0,1,84.344,6087.748,6003.404,24.6,39.4,33.0,False,False,False,False,False,False,False,False,False,True,False
SAI,55,Ferrari,29.0,1.0,SOFT,32.0,False,5.0,1,87.56,6175.308,6087.748,24.7,39.1,33.0,False,True,False,False,True,False,False,False,False,False,False
SAI,55,Ferrari,30.0,2.0,MEDIUM,1.0,True,9.0,1,103.448,6278.756,6175.308,24.5,38.8,34.0,False,False,True,False,True,False,False,False,False,False,False
SAI,55,Ferrari,31.0,2.0,MEDIUM,2.0,True,8.0,1,83.485,6362.241,6278.756,24.4,38.8,34.0,False,False,False,False,False,False,False,False,False,True,False
SAI,55,Ferrari,32.0,2.0,MEDIUM,3.0,True,8.0,1,82.199,6444.44,6362.241,24.4,38.5,33.0,False,False,False,False,False,False,False,False,False,True,False
SAI,55,Ferrari,33.0,2.0,MEDIUM,4.0,True,7.0,1,83.096,6527.536,6444.44,24.4,38.4,34.0,False,False,False,False,False,False,False,False,False,True,False
SAI,55,Ferrari,34.0,2.0,MEDIUM,5.0,True,7.0,1,82.428,6609.964,6527.536,24.3,38.5,34.0,False,False,False,False,False,False,False,False,False,True,False
SAI,55,Ferrari,35.0,2.0,MEDIUM,6.0,True,7.0,1,83.082,6693.046,6609.964,24.4,38.7,33.0,False,False,False,False,False,False,False,False,False,True,False
SAI,55,Ferrari,36.0,2.0,MEDIUM,7.0,True,7.0,1,83.0,6776.046,6693.046,24.5,38.5,33.0,False,False,False,False,False,False,False,False,False,True,False
SAI,55,Ferrari,37.0,2.0,MEDIUM,8.0,True,7.0,1,83.362,6859.408,6776.046,24.6,38.5,33.0,False,False,False,False,False,False,False,False,False,True,False
SAI,55,Ferrari,38.0,2.0,MEDIUM,9.0,True,6.0,1,82.587,6941.995,6859.408,24.7,38.6,32.0,False,False,False,False,False,False,False,False,False,True,False
SAI,55,Ferrari,39.0,2.0,MEDIUM,10.0,True,6.0,1,83.336,7025.331,6941.995,24.6,38.6,33.0,False,False,False,False,False,False,False,False,False,True,False
SAI,55,Ferrari,40.0,2.0,MEDIUM,11.0,True,5.0,1,83.532,7108.863,7025.331,24.5,38.3,33.0,False,False,False,False,False,False,False,False,False,True,False
SAI,55,Ferrari,41.0,2.0,MEDIUM,12.0,True,5.0,1,83.429,7192.292,7108.863,24.3,38.1,33.0,False,False,False,False,False,False,False,False,False,True,False
SAI,55,Ferrari,42.0,2.0,MEDIUM,13.0,True,5.0,1,83.565,7275.857,7192.292,24.4,38.0,33.0,False,False,False,False,False,False,False,False,False,True,False
SAI,55,Ferrari,43.0,2.0,MEDIUM,14.0,True,5.0,1,83.061,7358.918,7275.857,24.5,38.2,33.0,False,False,False,False,False,False,False,False,False,True,False
SAI,55,Ferrari,44.0,2.0,MEDIUM,15.0,True,5.0,1,82.85,7441.768,7358.918,24.5,38.2,33.0,False,False,False,False,False,False,False,False,False,True,False
SAI,55,Ferrari,45.0,2.0,MEDIUM,16.0,True,5.0,1,82.225,7523.993,7441.768,24.4,38.0,32.0,False,False,False,False,False,False,False,False,False,True,False
SAI,55,Ferrari,46.0,2.0,MEDIUM,17.0,True,5.0,1,82.743,7606.736,7523.993,24.4,37.9,32.0,False,False,False,False,False,False,False,False,False,True,False
SAI,55,Ferrari,47.0,2.0,MEDIUM,18.0,True,5.0,1,82.597,7689.333,7606.736,24.5,37.9,31.0,False,False,False,False,False,False,False,False,False,True,False
SAI,55,Ferrari,48.0,2.0,MEDIUM,19.0,True,5.0,1,82.64,7771.973,7689.333,24.5,38.0,31.0,False,False,False,False,False,False,False,False,False,True,False
SAI,55,Ferrari,49.0,2.0,MEDIUM,20.0,True,5.0,1,82.624,7854.597,7771.973,24.5,38.0,31.0,False,False,False,False,False,False,False,False,False,True,False
SAI,55,Ferrari,50.0,2.0,MEDIUM,21.0,True,5.0,1,82.81,7937.407,7854.597,24.5,37.9,31.0,False,False,False,False,False,False,False,False,False,True,False
SAI,55,Ferrari,51.0,2.0,MEDIUM,22.0,True,5.0,1,83.175,8020.582,7937.407,24.5,37.9,31.0,False,False,False,False,False,False,False,False,False,True,False
SAI,55,Ferrari,52.0,2.0,MEDIUM,23.0,True,5.0,1,83.371,8103.953,8020.582,24.4,37.7,31.0,False,False,False,False,False,False,False,False,False,True,False
SAI,55,Ferrari,53.0,2.0,MEDIUM,24.0,True,5.0,1,83.251,8187.204,8103.953,24.4,37.8,31.0,False,False,False,False,False,False,False,False,False,True,False
SAI,55,Ferrari,54.0,2.0,MEDIUM,25.0,True,5.0,1,83.108,8270.312,8187.204,24.4,37.7,32.0,False,False,False,False,False,False,False,False,False,True,False
SAI,55,Ferrari,55.0,2.0,MEDIUM,26.0,True,5.0,1,83.06,8353.372,8270.312,24.4,37.6,32.0,False,False,False,False,False,False,False,False,False,True,False
SAI,55,Ferrari,56.0,2.0,MEDIUM,27.0,True,5.0,1,83.123,8436.495,8353.372,24.4,37.6,31.0,False,False,False,False,False,False,False,False,False,True,False
SAI,55,Ferrari,57.0,2.0,MEDIUM,28.0,True,5.0,1,83.029,8519.524,8436.495,24.3,37.3,31.0,False,False,False,False,False,False,False,False,False,True,False
SAI,55,Ferrari,58.0,2.0,MEDIUM,29.0,True,5.0,1,83.073,8602.597,8519.524,24.4,37.2,32.0,False,False,False,False,False,False,False,False,False,True,False
SAI,55,Ferrari,59.0,2.0,MEDIUM,30.0,True,5.0,1,83.32,8685.917,8602.597,24.4,37.2,32.0,False,False,False,False,False,False,False,False,False,True,False
SAI,55,Ferrari,60.0,2.0,MEDIUM,31.0,True,5.0,1,83.412,8769.329,8685.917,24.3,37.2,32.0,False,False,False,False,False,False,False,False,False,True,False
SAI,55,Ferrari,61.0,2.0,MEDIUM,32.0,True,5.0,1,83.383,8852.712,8769.329,24.4,37.0,32.0,False,False,False,False,False,False,False,False,False,True,False
SAI,55,Ferrari,62.0,2.0,MEDIUM,33.0,True,5.0,1,83.153,8935.865,8852.712,24.4,37.1,32.0,False,False,False,False,False,False,False,False,False,True,False
SAI,55,Ferrari,63.0,2.0,MEDIUM,34.0,True,5.0,1,83.117,9018.982,8935.865,24.4,37.0,32.0,False,False,False,False,False,False,False,False,False,True,False
SAI,55,Ferrari,64.0,2.0,MEDIUM,35.0,True,5.0,12,83.139,9102.121,9018.982,24.5,37.0,32.0,False,False,False,False,False,False,True,False,False,False,False
SAI,55,Ferrari,65.0,2.0,MEDIUM,36.0,True,5.0,2671,100.037,9202.158,9102.121,24.7,37.2,32.0,False,False,False,False,True,False,True,False,False,False,False
SAI,55,Ferrari,66.0,2.0,MEDIUM,37.0,True,5.0,1,82.903,9285.061,9202.158,24.7,37.1,32.0,False,False,False,False,False,False,False,False,False,True,False
SAI,55,Ferrari,67.0,2.0,MEDIUM,38.0,True,5.0,1,83.12,9368.181,9285.061,24.8,37.2,32.0,False,False,False,False,False,False,False,False,False,True,False
SAI,55,Ferrari,68.0,2.0,MEDIUM,39.0,True,5.0,1,83.047,9451.228,9368.181,24.7,37.3,32.0,False,False,False,False,False,False,False,False,False,True,False
SAI,55,Ferrari,69.0,2.0,MEDIUM,40.0,True,5.0,1,83.18,9534.408,9451.228,24.8,37.3,32.0,False,False,False,False,False,False,False,False,False,True,False
SAI,55,Ferrari,70.0,2.0,MEDIUM,41.0,True,5.0,1,83.746,9618.154,9534.408,24.8,37.8,31.0,False,False,False,False,False,False,False,False,False,True,False
SAI,55,Ferrari,71.0,2.0,MEDIUM,42.0,True,5.0,1,83.699,9701.853,9618.154,25.0,37.8,31.0,False,False,False,False,False,False,False,False,False,True,False
LAT,6,Williams,1.0,1.0,SOFT,1.0,True,20.0,1,97.282,3824.283,3726.736,25.5,47.8,34.0,False,False,False,False,True,False,False,False,False,False,False
LAT,6,Williams,2.0,1.0,SOFT,2.0,True,20.0,1,87.027,3911.31,3824.283,25.2,47.2,35.0,False,False,False,False,False,False,False,False,False,True,False
LAT,6,Williams,3.0,1.0,SOFT,3.0,True,20.0,1,86.576,3997.886,3911.31,25.2,47.2,34.0,False,False,False,False,False,False,False,False,False,True,False
LAT,6,Williams,4.0,1.0,SOFT,4.0,True,20.0,1,85.93,4083.816,3997.886,25.0,47.1,34.0,False,False,False,False,False,False,False,False,False,True,False
LAT,6,Williams,5.0,1.0,SOFT,5.0,True,20.0,1,86.477,4170.293,4083.816,24.8,46.2,33.0,False,False,False,False,False,False,False,False,False,True,False
LAT,6,Williams,6.0,1.0,SOFT,6.0,True,20.0,1,86.053,4256.346,4170.293,24.8,45.6,34.0,False,False,False,False,False,False,False,False,False,True,False
LAT,6,Williams,7.0,1.0,SOFT,7.0,True,19.0,1,85.484,4341.83,4256.346,24.5,43.6,35.0,False,False,False,False,False,False,False,False,False,True,False
LAT,6,Williams,8.0,1.0,SOFT,8.0,True,19.0,1,85.642,4427.472,4341.83,24.4,42.8,35.0,False,False,False,False,False,False,False,False,False,True,False
LAT,6,Williams,9.0,1.0,SOFT,9.0,True,19.0,1,86.479,4513.951,4427.472,24.2,42.6,34.0,False,False,False,False,False,False,False,False,False,True,False
LAT,6,Williams,10.0,1.0,SOFT,10.0,True,19.0,1,85.331,4599.282,4513.951,24.4,42.6,34.0,False,False,False,False,False,False,False,False,False,True,False
LAT,6,Williams,11.0,1.0,SOFT,11.0,True,19.0,1,85.413,4684.695,4599.282,24.4,42.1,34.0,False,False,False,False,False,False,False,False,False,True,False
LAT,6,Williams,12.0,1.0,SOFT,12.0,True,19.0,1,85.38,4770.075,4684.695,24.3,41.2,34.0,False,False,False,False,False,False,False,False,False,True,False
LAT,6,Williams,13.0,1.0,SOFT,13.0,True,19.0,1,85.389,4855.464,4770.075,24.2,40.8,34.0,False,False,False,False,False,False,False,False,False,True,False
LAT,6,Williams,14.0,1.0,SOFT,14.0,True,19.0,1,85.408,4940.872,4855.464,24.2,40.4,33.0,False,False,False,False,False,False,False,False,False,True,False
LAT,6,Williams,15.0,1.0,SOFT,15.0,True,19.0,1,85.223,5026.095,4940.872,24.2,40.2,33.0,False,False,False,False,False,False,False,False,False,True,False
LAT,6,Williams,16.0,1.0,SOFT,16.0,True,19.0,1,85.75,5111.845,5026.095,24.1,40.0,33.0,False,False,False,False,False,False,False,False,False,True,False
LAT,6,Williams,17.0,1.0,SOFT,17.0,True,19.0,1,85.483,5197.328,5111.845,24.0,39.8,34.0,False,False,False,False,False,False,False,False,False,True,False
LAT,6,Williams,18.0,1.0,SOFT,18.0,True,18.0,1,85.501,5282.829,5197.328,24.0,39.9,33.0,False,False,False,False,False,False,False,False,False,True,False
LAT,6,Williams,19.0,1.0,SOFT,19.0,True,18.0,1,85.667,5368.496,5282.829,24.2,39.6,33.0,False,False,False,False,False,False,False,False,False,True,False
LAT,6,Williams,20.0,1.0,SOFT,20.0,True,18.0,1,85.661,5454.157,5368.496,24.2,39.6,33.0,False,False,False,False,False,False,False,False,False,True,False
LAT,6,Williams,21.0,1.0,SOFT,21.0,True,18.0,1,87.125,5541.282,5454.157,24.3,39.5,33.0,False,False,False,False,False,False,False,False,False,True,False
LAT,6,Williams,22.0,1.0,SOFT,22.0,True,18.0,1,86.424,5627.706,5541.282,24.3,39.6,33.0,False,False,False,False,False,False,False,False,False,True,False
LAT,6,Williams,23.0,1.0,SOFT,23.0,True,19.0,1,89.76,5717.466,5627.706,24.5,39.8,32.0,False,True,False,False,True,False,False,False,False,False,False
LAT,6,Williams,24.0,2.0,HARD,1.0,True,20.0,1,106.197,5823.663,5717.466,24.6,39.8,32.0,False,False,True,False,True,False,False,False,False,False,False
LAT,6,Williams,25.0,2.0,HARD,2.0,True,20.0,1,85.057,5908.72,5823.663,24.6,39.4,33.0,False,False,False,False,False,False,False,False,False,True,False
LAT,6,Williams,26.0,2.0,HARD,3.0,True,20.0,1,85.078,5993.798,5908.72,24.6,39.4,33.0,False,False,False,False,False,False,False,False,False,True,False
LAT,6,Williams,27.0,2.0,HARD,4.0,True,20.0,1,84.982,6078.78,5993.798,24.6,39.4,33.0,False,False,False,False,False,False,False,False,False,True,False
LAT,6,Williams,28.0,2.0,HARD,5.0,True,20.0,1,86.416,6165.196,6078.78,24.7,39.1,33.0,False,False,False,False,False,False,False,False,False,True,False
LAT,6,Williams,29.0,2.0,HARD,6.0,True,20.0,1,84.986,6250.182,6165.196,24.5,38.8,34.0,False,False,False,False,False,False,False,False,False,True,False
LAT,6,Williams,30.0,2.0,HARD,7.0,True,20.0,1,86.492,6336.674,6250.182,24.4,38.8,34.0,False,False,False,False,False,False,False,False,False,True,False
LAT,6,Williams,31.0,2.0,HARD,8.0,True,20.0,1,85.77,6422.444,6336.674,24.4,38.7,34.0,False,False,False,False,False,False,False,False,False,True,False
LAT,6,Williams,32.0,2.0,HARD,9.0,True,20.0,1,85.534,6507.978,6422.444,24.4,38.4,34.0,False,False,False,False,False,False,False,False,False,True,False
LAT,6,Williams,33.0,2.0,HARD,10.0,True,20.0,1,84.878,6592.856,6507.978,24.3,38.4,34.0,False,False,False,False,False,False,False,False,False,True,False
LAT,6,Williams,34.0,2.0,HARD,11.0,True,20.0,1,85.297,6678.153,6592.856,24.4,38.7,33.0,False,False,False,False,False,False,False,False,False,True,False
LAT,6,Williams,35.0,2.0,HARD,12.0,True,20.0,1,84.755,6762.908,6678.153,24.5,38.5,33.0,False,False,False,False,False,False,False,False,False,True,False
LAT,6,Williams,36.0,2.0,HARD,13.0,True,20.0,1,84.983,6847.891,6762.908,24.5,38.5,33.0,False,False,False,False,False,False,False,False,False,True,False
LAT,6,Williams,37.0,2.0,HARD,14.0,True,20.0,1,85.461,6933.352,6847.891,24.7,38.6,32.0,False,False,False,False,False,False,False,False,False,True,False
LAT,6,Williams,38.0,2.0,HARD,15.0,True,20.0,1,85.193,7018.545,6933.352,24.6,38.6,33.0,False,False,False,False,False,False,False,False,False,True,False
LAT,6,Williams,39.0,2.0,HARD,16.0,True,20.0,1,86.091,7104.636,7018.545,24.5,38.3,33.0,False,False,False,False,False,False,False,False,False,True,False
LAT,6,Williams,40.0,2.0,HARD,17.0,True,20.0,1,85.397,7190.033,7104.636,24.3,38.1,33.0,False,False,False,False,False,False,False,False,False,True,False
LAT,6,Williams,41.0,2.0,HARD,18.0,True,20.0,1,87.221,7277.254,7190.033,24.4,38.0,33.0,False,False,False,False,False,False,False,False,False,True,False
LAT,6,Williams,42.0,2.0,HARD,19.0,True,20.0,1,86.306,7363.56,7277.254,24.5,38.2,33.0,False,False,False,False,False,False,False,False,False,True,False
LAT,6,Williams,43.0,2.0,HARD,20.0,True,20.0,1,85.186,7448.746,7363.56,24.5,38.2,33.0,False,False,False,False,False,False,False,False,False,True,False
LAT,6,Williams,44.0,2.0,HARD,21.0,True,20.0,1,84.931,7533.677,7448.746,24.4,38.0,32.0,False,False,False,False,False,False,False,False,False,True,False
LAT,6,Williams,45.0,2.0,HARD,22.0,True,20.0,1,85.163,7618.84,7533.677,24.4,37.9,32.0,False,False,False,False,False,False,False,False,False,True,False
LAT,6,Williams,46.0,2.0,HARD,23.0,True,20.0,1,85.07,7703.91,7618.84,24.5,37.9,31.0,False,False,False,False,False,False,False,False,False,True,False
LAT,6,Williams,47.0,2.0,HARD,24.0,True,20.0,1,85.135,7789.045,7703.91,24.5,38.0,31.0,False,False,False,False,False,False,False,False,False,True,False
LAT,6,Williams,48.0,2.0,HARD,25.0,True,20.0,1,85.057,7874.102,7789.045,24.5,37.9,31.0,False,False,False,False,False,False,False,False,False,True,False
LAT,6,Williams,49.0,2.0,HARD,26.0,True,20.0,1,85.21,7959.312,7874.102,24.5,37.9,31.0,False,False,False,False,False,False,False,False,False,True,False
LAT,6,Williams,50.0,2.0,HARD,27.0,True,20.0,1,85.068,8044.38,7959.312,24.5,37.9,31.0,False,False,False,False,False,False,False,False,False,True,False
LAT,6,Williams,51.0,2.0,HARD,28.0,True,19.0,1,85.562,8129.942,8044.38,24.4,37.8,31.0,False,False,False,False,False,False,False,False,False,True,False
LAT,6,Williams,52.0,2.0,HARD,29.0,True,19.0,1,88.407,8218.349,8129.942,24.4,37.8,31.0,False,True,False,False,True,False,False,False,False,False,False
LAT,6,Williams,53.0,3.0,SOFT,1.0,True,19.0,1,104.507,8322.856,8218.349,24.3,37.8,31.0,False,False,True,False,True,False,False,False,False,False,False
LAT,6,Williams,54.0,3.0,SOFT,2.0,True,19.0,1,85.321,8408.177,8322.856,24.4,37.6,32.0,False,False,False,False,False,False,False,False,False,True,False
LAT,6,Williams,55.0,3.0,SOFT,3.0,True,19.0,1,84.096,8492.273,8408.177,24.3,37.3,31.0,False,False,False,False,False,False,False,False,False,True,False
LAT,6,Williams,56.0,3.0,SOFT,4.0,True,19.0,1,83.709,8575.982,8492.273,24.3,37.2,32.0,False,False,False,False,False,False,False,False,False,True,False
LAT,6,Williams,57.0,3.0,SOFT,5.0,True,19.0,1,84.027,8660.009,8575.982,24.4,37.2,32.0,False,False,False,False,False,False,False,False,False,True,False
LAT,6,Williams,58.0,3.0,SOFT,6.0,True,19.0,1,84.718,8744.727,8660.009,24.3,37.2,32.0,False,False,False,False,False,False,False,False,False,True,False
LAT,6,Williams,59.0,3.0,SOFT,7.0,True,19.0,1,84.366,8829.093,8744.727,24.3,37.1,32.0,False,False,False,False,False,False,False,False,False,True,False
LAT,6,Williams,60.0,3.0,SOFT,8.0,True,19.0,1,84.896,8913.989,8829.093,24.4,37.1,32.0,False,False,False,False,False,False,False,False,False,True,False
LAT,6,Williams,61.0,3.0,SOFT,9.0,True,19.0,1,85.044,8999.033,8913.989,24.4,37.0,32.0,False,False,False,False,False,False,False,False,False,True,False
LAT,6,Williams,62.0,3.0,SOFT,10.0,True,19.0,1,88.969,9088.002,8999.033,24.5,37.0,32.0,False,False,False,False,False,False,False,False,False,True,False
LAT,6,Williams,63.0,3.0,SOFT,11.0,True,19.0,1267,99.112,9187.114,9088.002,24.6,37.3,32.0,False,False,False,False,True,False,True,False,False,False,False
LAT,6,Williams,64.0,3.0,SOFT,12.0,True,18.0,1,85.135,9272.249,9187.114,24.7,37.1,32.0,False,False,False,False,False,False,False,False,False,True,False
LAT,6,Williams,65.0,3.0,SOFT,13.0,True,18.0,1,83.894,9356.143,9272.249,24.8,37.2,32.0,False,False,False,False,False,False,False,False,False,True,False
LAT,6,Williams,66.0,3.0,SOFT,14.0,True,18.0,1,84.079,9440.222,9356.143,24.7,37.3,32.0,False,False,False,False,False,False,False,False,False,True,False
LAT,6,Williams,67.0,3.0,SOFT,15.0,True,18.0,1,84.438,9524.66,9440.222,24.8,37.3,32.0,False,False,False,False,False,False,False,False,False,True,False
LAT,6,Williams,68.0,3.0,SOFT,16.0,True,18.0,1,88.144,9612.804,9524.66,24.8,37.8,31.0,False,False,False,False,False,False,False,False,False,True,False
LAT,6,Williams,69.0,3.0,SOFT,17.0,True,18.0,1,85.849,9698.653,9612.804,25.0,37.8,31.0,False,False,False,False,False,False,False,False,False,True,False
RUS,63,Mercedes,1.0,1.0,MEDIUM,1.0,True,4.0,1,88.892,3815.893,3726.736,25.5,47.8,34.0,False,False,False,False,True,False,False,False,False,False,False
RUS,63,Mercedes,2.0,1.0,MEDIUM,2.0,True,4.0,1,83.76,3899.653,3815.893,25.3,47.7,34.0,False,False,False,False,False,False,False,False,False,True,False
RUS,63,Mercedes,3.0,1.0,MEDIUM,3.0,True,4.0,1,83.656,3983.309,3899.653,25.2,47.2,34.0,False,False,False,False,False,False,False,False,False,True,False
RUS,63,Mercedes,4.0,1.0,MEDIUM,4.0,True,4.0,1,83.549,4066.858,3983.309,25.0,47.1,34.0,False,False,False,False,False,False,False,False,False,True,False
RUS,63,Mercedes,5.0,1.0,MEDIUM,5.0,True,4.0,1,83.266,4150.124,4066.858,24.8,46.2,33.0,False,False,False,False,False,False,False,False,False,True,False
RUS,63,Mercedes,6.0,1.0,MEDIUM,6.0,True,4.0,1,83.549,4233.673,4150.124,24.8,45.6,34.0,False,False,False,False,False,False,False,False,False,True,False
RUS,63,Mercedes,7.0,1.0,MEDIUM,7.0,True,4.0,1,83.22,4316.893,4233.673,24.7,44.1,34.0,False,False,False,False,False,False,False,False,False,True,False
RUS,63,Mercedes,8.0,1.0,MEDIUM,8.0,True,4.0,1,83.481,4400.374,4316.893,24.4,42.8,35.0,False,False,False,False,False,False,False,False,False,True,False
RUS,63,Mercedes,9.0,1.0,MEDIUM,9.0,True,4.0,1,83.654,4484.028,4400.374,24.3,42.6,35.0,False,False,False,False,False,False,False,False,False,True,False
RUS,63,Mercedes,10.0,1.0,MEDIUM,10.0,True,4.0,1,83.487,4567.515,4484.028,24.2,42.6,34.0,False,False,False,False,False,False,False,False,False,True,False
RUS,63,Mercedes,11.0,1.0,MEDIUM,11.0,True,4.0,1,83.327,4650.842,4567.515,24.4,42.1,34.0,False,False,False,False,False,False,False,False,False,True,False
RUS,63,Mercedes,12.0,1.0,MEDIUM,12.0,True,4.0,1,83.42,4734.262,4650.842,24.4,42.1,33.0,False,False,False,False,False,False,False,False,False,True,False
RUS,63,Mercedes,13.0,1.0,MEDIUM,13.0,True,4.0,1,83.273,4817.535,4734.262,24.2,40.8,34.0,False,False,False,False,False,False,False,False,False,True,False
RUS,63,Mercedes,14.0,1.0,MEDIUM,14.0,True,4.0,1,83.413,4900.948,4817.535,24.2,40.8,34.0,False,False,False,False,False,False,False,False,False,True,False
RUS,63,Mercedes,15.0,1.0,MEDIUM,15.0,True,4.0,1,83.239,4984.187,4900.948,24.2,40.4,33.0,False,False,False,False,False,False,False,False,False,True,False
RUS,63,Mercedes,16.0,1.0,MEDIUM,16.0,True,4.0,1,83.155,5067.342,4984.187,24.2,40.2,33.0,False,False,False,False,False,False,False,False,False,True,False
RUS,63,Mercedes,17.0,1.0,MEDIUM,17.0,True,4.0,1,83.465,5150.807,5067.342,24.1,40.0,33.0,False,False,False,False,False,False,False,False,False,True,False
RUS,63,Mercedes,18.0,1.0,MEDIUM,18.0,True,4.0,1,83.316,5234.123,5150.807,24.0,39.9,33.0,False,False,False,False,False,False,False,False,False,True,False
RUS,63,Mercedes,19.0,1.0,MEDIUM,19.0,True,4.0,1,83.457,5317.58,5234.123,24.2,39.8,33.0,False,False,False,False,False,False,False,False,False,True,False
RUS,63,Mercedes,20.0,1.0,MEDIUM,20.0,True,4.0,1,83.645,5401.225,5317.58,24.2,39.6,33.0,False,False,False,False,False,False,False,False,False,True,False
RUS,63,Mercedes,21.0,1.0,MEDIUM,21.0,True,4.0,1,83.415,5484.64,5401.225,24.2,39.5,33.0,False,False,False,False,False,False,False,False,False,True,False
RUS,63,Mercedes,22.0,1.0,MEDIUM,22.0,True,4.0,1,83.769,5568.409,5484.64,24.3,39.5,33.0,False,False,False,False,False,False,False,False,False,True,False
RUS,63,Mercedes,23.0,1.0,MEDIUM,23.0,True,3.0,1,83.602,5652.011,5568.409,24.3,39.8,32.0,False,False,False,False,False,False,False,False,False,True,False
RUS,63,Mercedes,24.0,1.0,MEDIUM,24.0,True,3.0,1,83.46,5735.471,5652.011,24.5,39.8,32.0,False,False,False,False,False,False,False,False,False,True,False
RUS,63,Mercedes,25.0,1.0,MEDIUM,25.0,True,3.0,1,83.499,5818.97,5735.471,24.6,39.8,32.0,False,False,False,False,False,False,False,False,False,True,False
RUS,63,Mercedes,26.0,1.0,MEDIUM,26.0,True,2.0,1,83.227,5902.197,5818.97,24.6,39.4,33.0,False,False,False,False,False,False,False,False,False,True,False
RUS,63,Mercedes,27.0,1.0,MEDIUM,27.0,True,2.0,1,83.233,5985.43,5902.197,24.6,39.4,33.0,False,False,False,False,False,False,False,False,False,True,False
RUS,63,Mercedes,28.0,1.0,MEDIUM,28.0,True,2.0,1,83.052,6068.482,5985.43,24.6,39.4,33.0,False,False,False,False,False,False,False,False,False,True,False
RUS,63,Mercedes,29.0,1.0,MEDIUM,29.0,True,2.0,1,82.934,6151.416,6068.482,24.7,39.1,33.0,False,False,False,False,False,False,False,False,False,True,False
RUS,63,Mercedes,30.0,1.0,MEDIUM,30.0,True,1.0,1,82.934,6234.35,6151.416,24.5,38.9,33.0,False,False,False,False,False,False,False,False,False,True,False
RUS,63,Mercedes,31.0,1.0,MEDIUM,31.0,True,1.0,1,83.056,6317.406,6234.35,24.4,38.8,34.0,False,False,False,False,False,False,False,False,False,True,False
RUS,63,Mercedes,32.0,1.0,MEDIUM,32.0,True,1.0,1,83.275,6400.681,6317.406,24.4,38.7,34.0,False,False,False,False,False,False,False,False,False,True,False
RUS,63,Mercedes,33.0,1.0,MEDIUM,33.0,True,1.0,1,83.269,6483.95,6400.681,24.4,38.5,33.0,False,False,False,False,False,False,False,False,False,True,False
RUS,63,Mercedes,34.0,1.0,MEDIUM,34.0,True,1.0,1,86.763,6570.713,6483.95,24.3,38.4,34.0,False,True,False,False,True,False,False,False,False,False,False
RUS,63,Mercedes,35.0,2.0,HARD,1.0,True,4.0,1,102.467,6673.18,6570.713,24.4,38.7,33.0,False,False,True,False,True,False,False,False,False,False,False
RUS,63,Mercedes,36.0,2.0,HARD,2.0,True,4.0,1,81.956,6755.136,6673.18,24.5,38.5,33.0,False,False,False,False,False,False,False,False,False,True,False
RUS,63,Mercedes,37.0,2.0,HARD,3.0,True,4.0,1,82.248,6837.384,6755.136,24.5,38.5,33.0,False,False,False,False,False,False,False,False,False,True,False
RUS,63,Mercedes,38.0,2.0,HARD,4.0,True,4.0,1,82.641,6920.025,6837.384,24.7,38.6,32.0,False,False,False,False,False,False,False,False,False,True,False
RUS,63,Mercedes,39.0,2.0,HARD,5.0,True,4.0,1,83.018,7003.043,6920.025,24.6,38.6,33.0,False,False,False,False,False,False,False,False,False,True,False
RUS,63,Mercedes,40.0,2.0,HARD,6.0,True,4.0,1,83.341,7086.384,7003.043,24.6,38.4,33.0,False,False,False,False,False,False,False,False,False,True,False
RUS,63,Mercedes,41.0,2.0,HARD,7.0,True,4.0,1,82.858,7169.242,7086.384,24.3,38.1,33.0,False,False,False,False,False,False,False,False,False,True,False
RUS,63,Mercedes,42.0,2.0,HARD,8.0,True,4.0,1,82.793,7252.035,7169.242,24.3,38.1,33.0,False,False,False,False,False,False,False,False,False,True,False
RUS,63,Mercedes,43.0,2.0,HARD,9.0,True,4.0,1,82.522,7334.557,7252.035,24.5,38.2,33.0,False,False,False,False,False,False,False,False,False,True,False
RUS,63,Mercedes,44.0,2.0,HARD,10.0,True,4.0,1,82.366,7416.923,7334.557,24.5,38.2,33.0,False,False,False,False,False,False,False,False,False,True,False
RUS,63,Mercedes,45.0,2.0,HARD,11.0,True,4.0,1,82.418,7499.341,7416.923,24.5,38.0,33.0,False,False,False,False,False,False,False,False,False,True,False
RUS,63,Mercedes,46.0,2.0,HARD,12.0,True,4.0,1,82.536,7581.877,7499.341,24.4,37.9,32.0,False,False,False,False,False,False,False,False,False,True,False
RUS,63,Mercedes,47.0,2.0,HARD,13.0,True,4.0,1,82.369,7664.246,7581.877,24.3,37.9,31.0,False,False,False,False,False,False,False,False,False,True,False
RUS,63,Mercedes,48.0,2.0,HARD,14.0,True,4.0,1,82.452,7746.698,7664.246,24.5,37.9,31.0,False,False,False,False,False,False,False,False,False,True,False
RUS,63,Mercedes,49.0,2.0,HARD,15.0,True,4.0,1,83.079,7829.777,7746.698,24.5,38.0,31.0,False,False,False,False,False,False,False,False,False,True,False
RUS,63,Mercedes,50.0,2.0,HARD,16.0,True,4.0,1,82.246,7912.023,7829.777,24.5,37.9,31.0,False,False,False,False,False,False,False,False,False,True,False
RUS,63,Mercedes,51.0,2.0,HARD,17.0,True,4.0,1,82.682,7994.705,7912.023,24.5,37.9,31.0,False,False,False,False,False,False,False,False,False,True,False
RUS,63,Mercedes,52.0,2.0,HARD,18.0,True,4.0,1,82.356,8077.061,7994.705,24.4,37.7,31.0,False,False,False,False,False,False,False,False,False,True,False
RUS,63,Mercedes,53.0,2.0,HARD,19.0,True,4.0,1,82.256,8159.317,8077.061,24.4,37.8,31.0,False,False,False,False,False,False,False,False,False,True,False
RUS,63,Mercedes,54.0,2.0,HARD,20.0,True,4.0,1,82.537,8241.854,8159.317,24.4,37.7,32.0,False,False,False,False,False,False,False,False,False,True,False
RUS,63,Mercedes,55.0,2.0,HARD,21.0,True,4.0,1,82.518,8324.372,8241.854,24.3,37.8,31.0,False,False,False,False,False,False,False,False,False,True,False
RUS,63,Mercedes,56.0,2.0,HARD,22.0,True,4.0,1,82.816,8407.188,8324.372,24.4,37.6,32.0,False,False,False,False,False,False,False,False,False,True,False
RUS,63,Mercedes,57.0,2.0,HARD,23.0,True,4.0,1,82.749,8489.937,8407.188,24.3,37.3,31.0,False,False,False,False,False,False,False,False,False,True,False
RUS,63,Mercedes,58.0,2.0,HARD,24.0,True,4.0,1,83.123,8573.06,8489.937,24.3,37.2,32.0,False,False,False,False,False,False,False,False,False,True,False
RUS,63,Mercedes,59.0,2.0,HARD,25.0,True,4.0,1,82.894,8655.954,8573.06,24.4,37.2,32.0,False,False,False,False,False,False,False,False,False,True,False
RUS,63,Mercedes,60.0,2.0,HARD,26.0,True,4.0,1,82.908,8738.862,8655.954,24.3,37.2,32.0,False,False,False,False,False,False,False,False,False,True,False
RUS,63,Mercedes,61.0,2.0,HARD,27.0,True,4.0,1,83.342,8822.204,8738.862,24.3,37.1,32.0,False,False,False,False,False,False,False,False,False,True,False
RUS,63,Mercedes,62.0,2.0,HARD,28.0,True,4.0,1,83.049,8905.253,8822.204,24.4,37.1,32.0,False,False,False,False,False,False,False,False,False,True,False
RUS,63,Mercedes,63.0,2.0,HARD,29.0,True,4.0,1,82.763,8988.016,8905.253,24.4,37.0,32.0,False,False,False,False,False,False,False,False,False,True,False
RUS,63,Mercedes,64.0,2.0,HARD,30.0,True,4.0,1,82.393,9070.409,8988.016,24.5,37.0,32.0,False,False,False,False,False,False,False,False,False,True,False
RUS,63,Mercedes,65.0,2.0,HARD,31.0,True,4.0,126,97.061,9167.47,9070.409,24.6,37.3,32.0,False,False,False,False,True,False,True,False,False,False,False
RUS,63,Mercedes,66.0,2.0,HARD,32.0,True,4.0,671,86.925,9254.395,9167.47,24.7,37.1,32.0,False,False,False,False,True,False,True,False,False,False,False
RUS,63,Mercedes,67.0,2.0,HARD,33.0,True,4.0,1,82.271,9336.666,9254.395,24.8,37.2,32.0,False,False,False,False,False,False,False,False,False,True,False
RUS,63,Mercedes,68.0,2.0,HARD,34.0,True,4.0,1,82.566,9419.232,9336.666,24.7,37.2,32.0,False,False,False,False,False,False,False,False,False,True,False
RUS,63,Mercedes,69.0,2.0,HARD,35.0,True,4.0,1,85.973,9505.205,9419.232,24.8,37.3,32.0,False,True,False,False,True,False,False,False,False,False,False
RUS,63,Mercedes,70.0,3.0,SOFT,4.0,False,4.0,1,107.803,9613.008,9505.205,24.8,37.8,31.0,False,False,True,False,True,False,False,False,False,False,False
RUS,63,Mercedes,71.0,3.0,SOFT,5.0,False,4.0,1,80.153,9693.161,9613.008,25.0,37.8,31.0,False,False,False,False,False,False,False,False,False,True,False
BOT,77,Alfa Romeo,1.0,1.0,MEDIUM,1.0,True,8.0,1,91.463,3818.464,3726.736,25.5,47.8,34.0,False,False,False,False,True,False,False,False,False,False,False
BOT,77,Alfa Romeo,2.0,1.0,MEDIUM,2.0,True,8.0,1,85.388,3903.852,3818.464,25.3,47.7,34.0,False,False,False,False,False,False,False,False,False,True,False
BOT,77,Alfa Romeo,3.0,1.0,MEDIUM,3.0,True,8.0,1,84.837,3988.689,3903.852,25.2,47.2,34.0,False,False,False,False,False,False,False,False,False,True,False
BOT,77,Alfa Romeo,4.0,1.0,MEDIUM,4.0,True,8.0,1,84.805,4073.494,3988.689,25.0,47.1,34.0,False,False,False,False,False,False,False,False,False,True,False
BOT,77,Alfa Romeo,5.0,1.0,MEDIUM,5.0,True,8.0,1,85.064,4158.558,4073.494,24.8,46.2,33.0,False,False,False,False,False,False,False,False,False,True,False
BOT,77,Alfa Romeo,6.0,1.0,MEDIUM,6.0,True,8.0,1,84.671,4243.229,4158.558,24.8,45.6,34.0,False,False,False,False,False,False,False,False,False,True,False
BOT,77,Alfa Romeo,7.0,1.0,MEDIUM,7.0,True,8.0,1,84.431,4327.66,4243.229,24.7,44.1,34.0,False,False,False,False,False,False,False,False,False,True,False
BOT,77,Alfa Romeo,8.0,1.0,MEDIUM,8.0,True,8.0,1,84.531,4412.191,4327.66,24.4,42.8,35.0,False,False,False,False,False,False,False,False,False,True,False
BOT,77,Alfa Romeo,9.0,1.0,MEDIUM,9.0,True,8.0,1,84.353,4496.544,4412.191,24.3,42.6,35.0,False,False,False,False,False,False,False,False,False,True,False
BOT,77,Alfa Romeo,10.0,1.0,MEDIUM,10.0,True,8.0,1,84.443,4580.987,4496.544,24.4,42.6,34.0,False,False,False,False,False,False,False,False,False,True,False
BOT,77,Alfa Romeo,11.0,1.0,MEDIUM,11.0,True,8.0,1,84.676,4665.663,4580.987,24.4,42.1,34.0,False,False,False,False,False,False,False,False,False,True,False
BOT,77,Alfa Romeo,12.0,1.0,MEDIUM,12.0,True,8.0,1,84.792,4750.455,4665.663,24.3,41.2,34.0,False,False,False,False,False,False,False,False,False,True,False
BOT,77,Alfa Romeo,13.0,1.0,MEDIUM,13.0,True,8.0,1,84.474,4834.929,4750.455,24.2,40.8,34.0,False,False,False,False,False,False,False,False,False,True,False
BOT,77,Alfa Romeo,14.0,1.0,MEDIUM,14.0,True,8.0,1,84.354,4919.283,4834.929,24.2,40.8,34.0,False,False,False,False,False,False,False,False,False,True,False
BOT,77,Alfa Romeo,15.0,1.0,MEDIUM,15.0,True,8.0,1,84.252,5003.535,4919.283,24.2,40.2,33.0,False,False,False,False,False,False,False,False,False,True,False
BOT,77,Alfa Romeo,16.0,1.0,MEDIUM,16.0,True,8.0,1,84.433,5087.968,5003.535,24.2,40.2,33.0,False,False,False,False,False,False,False,False,False,True,False
BOT,77,Alfa Romeo,17.0,1.0,MEDIUM,17.0,True,8.0,1,84.483,5172.451,5087.968,24.0,39.8,34.0,False,False,False,False,False,False,False,False,False,True,False
BOT,77,Alfa Romeo,18.0,1.0,MEDIUM,18.0,True,8.0,1,84.407,5256.858,5172.451,24.0,39.9,33.0,False,False,False,False,False,False,False,False,False,True,False
BOT,77,Alfa Romeo,19.0,1.0,MEDIUM,19.0,True,8.0,1,84.303,5341.161,5256.858,24.2,39.8,33.0,False,False,False,False,False,False,False,False,False,True,False
BOT,77,Alfa Romeo,20.0,1.0,MEDIUM,20.0,True,8.0,1,84.464,5425.625,5341.161,24.2,39.6,33.0,False,False,False,False,False,False,False,False,False,True,False
BOT,77,Alfa Romeo,21.0,1.0,MEDIUM,21.0,True,8.0,1,84.346,5509.971,5425.625,24.2,39.5,33.0,False,False,False,False,False,False,False,False,False,True,False
BOT,77,Alfa Romeo,22.0,1.0,MEDIUM,22.0,True,8.0,1,84.376,5594.347,5509.971,24.3,39.6,33.0,False,False,False,False,False,False,False,False,False,True,False
BOT,77,Alfa Romeo,23.0,1.0,MEDIUM,23.0,True,8.0,1,84.528,5678.875,5594.347,24.3,39.8,32.0,False,False,False,False,False,False,False,False,False,True,False
BOT,77,Alfa Romeo,24.0,1.0,MEDIUM,24.0,True,8.0,1,84.569,5763.444,5678.875,24.5,39.8,32.0,False,False,False,False,False,False,False,False,False,True,False
BOT,77,Alfa Romeo,25.0,1.0,MEDIUM,25.0,True,8.0,1,84.526,5847.97,5763.444,24.6,39.4,33.0,False,False,False,False,False,False,False,False,False,True,False
BOT,77,Alfa Romeo,26.0,1.0,MEDIUM,26.0,True,8.0,1,84.758,5932.728,5847.97,24.6,39.4,33.0,False,False,False,False,False,False,False,False,False,True,False
BOT,77,Alfa Romeo,27.0,1.0,MEDIUM,27.0,True,8.0,1,84.347,6017.075,5932.728,24.6,39.4,33.0,False,False,False,False,False,False,False,False,False,True,False
BOT,77,Alfa Romeo,28.0,1.0,MEDIUM,28.0,True,8.0,1,84.24,6101.315,6017.075,24.6,39.4,33.0,False,False,False,False,False,False,False,False,False,True,False
BOT,77,Alfa Romeo,29.0,1.0,MEDIUM,29.0,True,7.0,1,84.229,6185.544,6101.315,24.7,39.1,33.0,False,False,False,False,False,False,False,False,False,True,False
BOT,77,Alfa Romeo,30.0,1.0,MEDIUM,30.0,True,6.0,1,84.394,6269.938,6185.544,24.5,38.8,34.0,False,False,False,False,False,False,False,False,False,True,False
BOT,77,Alfa Romeo,31.0,1.0,MEDIUM,31.0,True,6.0,1,83.933,6353.871,6269.938,24.4,38.8,34.0,False,False,False,False,False,False,False,False,False,True,False
BOT,77,Alfa Romeo,32.0,1.0,MEDIUM,32.0,True,6.0,1,84.012,6437.883,6353.871,24.4,38.5,33.0,False,False,False,False,False,False,False,False,False,True,False
BOT,77,Alfa Romeo,33.0,1.0,MEDIUM,33.0,True,6.0,1,84.146,6522.029,6437.883,24.4,38.4,34.0,False,False,False,False,False,False,False,False,False,True,False
BOT,77,Alfa Romeo,34.0,1.0,MEDIUM,34.0,True,6.0,1,84.376,6606.405,6522.029,24.3,38.4,34.0,False,False,False,False,False,False,False,False,False,True,False
BOT,77,Alfa Romeo,35.0,1.0,MEDIUM,35.0,True,6.0,1,84.105,6690.51,6606.405,24.4,38.7,33.0,False,False,False,False,False,False,False,False,False,True,False
BOT,77,Alfa Romeo,36.0,1.0,MEDIUM,36.0,True,6.0,1,84.169,6774.679,6690.51,24.5,38.5,33.0,False,False,False,False,False,False,False,False,False,True,False
BOT,77,Alfa Romeo,37.0,1.0,MEDIUM,37.0,True,6.0,1,84.41,6859.089,6774.679,24.6,38.5,33.0,False,False,False,False,False,False,False,False,False,True,False
BOT,77,Alfa Romeo,38.0,1.0,MEDIUM,38.0,True,7.0,1,85.151,6944.24,6859.089,24.7,38.6,32.0,False,False,False,False,False,False,False,False,False,True,False
BOT,77,Alfa Romeo,39.0,1.0,MEDIUM,39.0,True,8.0,1,88.292,7032.532,6944.24,24.6,38.4,33.0,False,True,False,False,True,False,False,False,False,False,False
BOT,77,Alfa Romeo,40.0,2.0,HARD,1.0,False,10.0,1,104.987,7137.519,7032.532,24.5,38.3,33.0,False,False,True,False,True,False,False,False,False,False,False
BOT,77,Alfa Romeo,41.0,2.0,HARD,2.0,False,11.0,1,86.967,7224.486,7137.519,24.3,38.1,33.0,False,False,False,False,False,False,False,False,False,True,False
BOT,77,Alfa Romeo,42.0,2.0,HARD,3.0,False,11.0,1,84.068,7308.554,7224.486,24.4,38.0,33.0,False,False,False,False,False,False,False,False,False,True,False
BOT,77,Alfa Romeo,43.0,2.0,HARD,4.0,False,11.0,1,83.363,7391.917,7308.554,24.5,38.2,33.0,False,False,False,False,False,False,False,False,False,True,False
BOT,77,Alfa Romeo,44.0,2.0,HARD,5.0,False,11.0,1,84.213,7476.13,7391.917,24.5,38.0,33.0,False,False,False,False,False,False,False,False,False,True,False
BOT,77,Alfa Romeo,45.0,2.0,HARD,6.0,False,9.0,1,83.889,7560.019,7476.13,24.4,38.0,32.0,False,False,False,False,False,False,False,False,False,True,False
BOT,77,Alfa Romeo,46.0,2.0,HARD,7.0,False,9.0,1,83.566,7643.585,7560.019,24.3,37.9,31.0,False,False,False,False,False,False,False,False,False,True,False
BOT,77,Alfa Romeo,47.0,2.0,HARD,8.0,False,9.0,1,83.572,7727.157,7643.585,24.5,37.9,31.0,False,False,False,False,False,False,False,False,False,True,False
BOT,77,Alfa Romeo,48.0,2.0,HARD,9.0,False,9.0,1,85.562,7812.719,7727.157,24.5,38.0,31.0,False,False,False,False,False,False,False,False,False,True,False
BOT,77,Alfa Romeo,49.0,2.0,HARD,10.0,False,9.0,1,84.228,7896.947,7812.719,24.5,37.9,31.0,False,False,False,False,False,False,False,False,False,True,False
BOT,77,Alfa Romeo,50.0,2.0,HARD,11.0,False,9.0,1,83.659,7980.606,7896.947,24.5,37.9,31.0,False,False,False,False,False,False,False,False,False,True,False
BOT,77,Alfa Romeo,51.0,2.0,HARD,12.0,False,9.0,1,83.873,8064.479,7980.606,24.4,37.7,31.0,False,False,False,False,False,False,False,False,False,True,False
BOT,77,Alfa Romeo,52.0,2.0,HARD,13.0,False,9.0,1,83.606,8148.085,8064.479,24.4,37.8,31.0,False,False,False,False,False,False,False,False,False,True,False
BOT,77,Alfa Romeo,53.0,2.0,HARD,14.0,False,9.0,1,83.602,8231.687,8148.085,24.4,37.7,32.0,False,False,False,False,False,False,False,False,False,True,False
BOT,77,Alfa Romeo,54.0,2.0,HARD,15.0,False,9.0,1,83.97,8315.657,8231.687,24.3,37.8,31.0,False,False,False,False,False,False,False,False,False,True,False
BOT,77,Alfa Romeo,55.0,2.0,HARD,16.0,False,9.0,1,84.124,8399.781,8315.657,24.4,37.6,32.0,False,False,False,False,False,False,False,False,False,True,False
BOT,77,Alfa Romeo,56.0,2.0,HARD,17.0,False,9.0,1,86.842,8486.623,8399.781,24.3,37.3,31.0,False,False,False,False,False,False,False,False,False,True,False
BOT,77,Alfa Romeo,57.0,2.0,HARD,18.0,False,10.0,1,85.427,8572.05,8486.623,24.3,37.2,32.0,False,False,False,False,False,False,False,False,False,True,False
BOT,77,Alfa Romeo,58.0,2.0,HARD,19.0,False,10.0,1,85.697,8657.747,8572.05,24.4,37.2,32.0,False,False,False,False,False,False,False,False,False,True,False
BOT,77,Alfa Romeo,59.0,2.0,HARD,20.0,False,10.0,1,83.921,8741.668,8657.747,24.3,37.2,32.0,False,False,False,False,False,False,False,False,False,True,False
BOT,77,Alfa Romeo,60.0,2.0,HARD,21.0,False,10.0,1,83.954,8825.622,8741.668,24.3,37.1,32.0,False,False,False,False,False,False,False,False,False,True,False
BOT,77,Alfa Romeo,61.0,2.0,HARD,22.0,False,10.0,1,84.067,8909.689,8825.622,24.4,37.1,32.0,False,False,False,False,False,False,False,False,False,True,False
BOT,77,Alfa Romeo,62.0,2.0,HARD,23.0,False,10.0,1,84.102,8993.791,8909.689,24.4,37.0,32.0,False,False,False,False,False,False,False,False,False,True,False
BOT,77,Alfa Romeo,63.0,2.0,HARD,24.0,False,10.0,1,84.616,9078.407,8993.791,24.5,37.0,32.0,False,False,False,False,False,False,False,False,False,True,False
BOT,77,Alfa Romeo,64.0,2.0,HARD,25.0,False,10.0,1267,100.13,9178.537,9078.407,24.6,37.3,32.0,False,False,False,False,True,False,True,False,False,False,False
BOT,77,Alfa Romeo,65.0,2.0,HARD,26.0,False,10.0,71,86.808,9265.345,9178.537,24.7,37.1,32.0,False,False,False,False,True,False,True,False,False,False,False
BOT,77,Alfa Romeo,66.0,2.0,HARD,27.0,False,10.0,1,84.514,9349.859,9265.345,24.8,37.2,32.0,False,False,False,False,False,False,False,False,False,True,False
BOT,77,Alfa Romeo,67.0,2.0,HARD,28.0,False,10.0,1,83.972,9433.831,9349.859,24.7,37.3,32.0,False,False,False,False,False,False,False,False,False,True,False
BOT,77,Alfa Romeo,68.0,2.0,HARD,29.0,False,10.0,1,84.44,9518.271,9433.831,24.8,37.3,32.0,False,False,False,False,False,False,False,False,False,True,False
BOT,77,Alfa Romeo,69.0,2.0,HARD,30.0,False,10.0,1,83.497,9601.768,9518.271,24.8,37.4,31.0,False,False,False,False,False,False,False,False,False,True,False
BOT,77,Alfa Romeo,70.0,2.0,HARD,31.0,False,10.0,1,84.341,9686.109,9601.768,25.0,37.8,31.0,False,False,False,False,False,False,False,False,False,True,False
