Driver,DriverNumber,Team,LapNumber,Stint,Compound,TyreLife,FreshTyre,Position,TrackStatus,lap_time_s,time_s,lap_start_time_s,air_temp_c,track_temp_c,humidity_pct,rainfall,is_in_lap,is_out_lap,is_missing_laptime,is_inaccurate,is_wet_compound,is_non_green,is_unknown_status,is_deleted,is_pace_lap,stint_crosses_red_flag
NOR,1,McLaren,1.0,1.0,MEDIUM,1.0,True,2.0,1,91.211,3339.455,3248.019,30.4,51.4,25.0,False,False,False,False,True,False,False,False,False,False,False
NOR,1,McLaren,2.0,1.0,MEDIUM,2.0,True,2.0,1,86.103,3425.558,3339.455,31.0,51.4,25.0,False,False,False,False,False,False,False,False,False,True,False
NOR,1,McLaren,3.0,1.0,MEDIUM,3.0,True,2.0,1,85.307,3510.865,3425.558,30.4,52.1,25.9,False,False,False,False,False,False,False,False,False,True,False
NOR,1,McLaren,4.0,1.0,MEDIUM,4.0,True,2.0,1,85.184,3596.049,3510.865,30.5,52.7,25.4,False,False,False,False,False,False,False,False,False,True,False
NOR,1,McLaren,5.0,1.0,MEDIUM,5.0,True,2.0,1,85.223,3681.272,3596.049,30.6,52.9,25.5,False,False,False,False,False,False,False,False,False,True,False
NOR,1,McLaren,6.0,1.0,MEDIUM,6.0,True,2.0,1,85.091,3766.363,3681.272,30.6,52.3,25.2,False,False,False,False,False,False,False,False,False,True,False
NOR,1,McLaren,7.0,1.0,MEDIUM,7.0,True,2.0,1,85.36,3851.723,3766.363,30.7,51.0,25.0,False,False,False,False,False,False,False,False,False,True,False
NOR,1,McLaren,8.0,1.0,MEDIUM,8.0,True,2.0,1,85.53,3937.253,3851.723,30.7,51.7,25.2,False,False,False,False,False,False,False,False,False,True,False
NOR,1,McLaren,9.0,1.0,MEDIUM,9.0,True,2.0,1,85.194,4022.447,3937.253,30.7,52.8,25.5,False,False,False,False,False,False,False,False,False,True,False
NOR,1,McLaren,10.0,1.0,MEDIUM,10.0,True,2.0,1,85.269,4107.716,4022.447,30.7,51.0,25.7,False,False,False,False,False,False,False,False,False,True,False
NOR,1,McLaren,11.0,1.0,MEDIUM,11.0,True,2.0,1,85.335,4193.051,4107.716,30.7,51.1,25.7,False,False,False,False,False,False,False,False,False,True,False
NOR,1,McLaren,12.0,1.0,MEDIUM,12.0,True,2.0,1,85.719,4278.77,4193.051,30.8,50.5,25.9,False,False,False,False,False,False,False,False,False,True,False
NOR,1,McLaren,13.0,1.0,MEDIUM,13.0,True,2.0,1,85.845,4364.615,4278.77,30.9,51.0,25.4,False,False,False,False,False,False,False,False,False,True,False
NOR,1,McLaren,14.0,1.0,MEDIUM,14.0,True,2.0,1,85.579,4450.194,4364.615,30.8,51.6,25.6,False,False,False,False,False,False,False,False,False,True,False
NOR,1,McLaren,15.0,1.0,MEDIUM,15.0,True,2.0,1,85.613,4535.807,4450.194,30.9,51.4,25.4,False,False,False,False,False,False,False,False,False,True,False
NOR,1,McLaren,16.0,1.0,MEDIUM,16.0,True,1.0,1,85.878,4621.685,4535.807,30.9,52.9,25.8,False,False,False,False,False,False,False,False,False,True,False
NOR,1,McLaren,17.0,1.0,MEDIUM,17.0,True,1.0,1,87.912,4709.597,4621.685,31.0,52.3,24.8,False,True,False,False,True,False,False,False,False,False,False
NOR,1,McLaren,18.0,2.0,HARD,1.0,True,4.0,1,105.312,4814.909,4709.597,31.1,52.3,25.1,False,False,True,False,True,False,False,False,False,False,False
NOR,1,McLaren,19.0,2.0,HARD,2.0,True,3.0,1,85.351,4900.26,4814.909,31.5,51.6,24.6,False,False,False,False,False,False,False,False,False,True,False
NOR,1,McLaren,20.0,2.0,HARD,3.0,True,3.0,1,84.374,4984.634,4900.26,31.1,52.4,24.7,False,False,False,False,False,False,False,False,False,True,False
NOR,1,McLaren,21.0,2.0,HARD,4.0,True,3.0,1,84.349,5068.983,4984.634,30.9,52.4,24.7,False,False,False,False,False,False,False,False,False,True,False
NOR,1,McLaren,22.0,2.0,HARD,5.0,True,3.0,1,84.689,5153.672,5068.983,30.8,52.1,25.1,False,False,False,False,False,False,False,False,False,True,False
NOR,1,McLaren,23.0,2.0,HARD,6.0,True,2.0,1,84.405,5238.077,5153.672,31.3,51.9,25.7,False,False,False,False,False,False,False,False,False,True,False
NOR,1,McLaren,24.0,2.0,HARD,7.0,True,2.0,1,84.496,5322.573,5238.077,31.3,49.6,25.5,False,False,False,False,False,False,False,False,False,True,False
NOR,1,McLaren,25.0,2.0,HARD,8.0,True,2.0,1,84.973,5407.546,5322.573,31.0,49.8,25.9,False,False,False,False,False,False,False,False,False,True,False
NOR,1,McLaren,26.0,2.0,HARD,9.0,True,2.0,1,85.464,5493.01,5407.546,30.9,50.7,26.1,False,False,False,False,False,False,False,False,False,True,False
NOR,1,McLaren,27.0,2.0,HARD,10.0,True,2.0,1,85.532,5578.542,5493.01,30.7,50.6,25.9,False,False,False,False,False,False,False,False,False,True,False
NOR,1,McLaren,28.0,2.0,HARD,11.0,True,2.0,1,85.071,5663.613,5578.542,30.8,51.3,26.2,False,False,False,False,False,False,False,False,False,True,False
NOR,1,McLaren,29.0,2.0,HARD,12.0,True,2.0,1,86.546,5750.159,5663.613,31.0,50.5,25.6,False,False,False,False,False,False,False,False,True,False,False
NOR,1,McLaren,30.0,2.0,HARD,13.0,True,2.0,1,85.241,5835.4,5750.159,31.1,51.2,25.8,False,False,False,False,False,False,False,False,False,True,False
NOR,1,McLaren,31.0,2.0,HARD,14.0,True,2.0,1,85.577,5920.977,5835.4,31.5,50.3,25.4,False,False,False,False,False,False,False,False,False,True,False
NOR,1,McLaren,32.0,2.0,HARD,15.0,True,2.0,1,85.882,6006.859,5920.977,31.0,51.1,25.9,False,False,False,False,False,False,False,False,False,True,False
NOR,1,McLaren,33.0,2.0,HARD,16.0,True,1.0,1,85.414,6092.273,6006.859,31.3,49.1,25.4,False,False,False,False,False,False,False,False,False,True,False
NOR,1,McLaren,34.0,2.0,HARD,17.0,True,1.0,1,84.624,6176.897,6092.273,31.1,49.2,25.4,False,False,False,False,False,False,False,False,False,True,False
NOR,1,McLaren,35.0,2.0,HARD,18.0,True,1.0,1,84.668,6261.565,6176.897,31.0,48.5,25.4,False,False,False,False,False,False,False,False,False,True,False
NOR,1,McLaren,36.0,2.0,HARD,19.0,True,1.0,1,84.736,6346.301,6261.565,30.4,48.7,25.9,False,False,False,False,False,False,False,False,False,True,False
NOR,1,McLaren,37.0,2.0,HARD,20.0,True,1.0,1,84.461,6430.762,6346.301,31.0,50.3,26.0,False,False,False,False,False,False,False,False,False,True,False
NOR,1,McLaren,38.0,2.0,HARD,21.0,True,1.0,1,84.507,6515.269,6430.762,31.0,49.8,25.8,False,False,False,False,False,False,False,False,False,True,False
NOR,1,McLaren,39.0,2.0,HARD,22.0,True,1.0,12,87.437,6602.706,6515.269,31.0,50.9,25.6,False,True,False,False,True,False,True,False,False,False,False
NOR,1,McLaren,40.0,3.0,HARD,1.0,True,3.0,1,102.596,6705.302,6602.706,31.0,49.3,25.7,False,False,True,False,True,False,False,False,False,False,False
NOR,1,McLaren,41.0,3.0,HARD,2.0,True,3.0,1,82.718,6788.02,6705.302,31.0,49.7,26.0,False,False,False,False,False,False,False,False,False,True,False
NOR,1,McLaren,42.0,3.0,HARD,3.0,True,2.0,1,83.051,6871.071,6788.02,31.0,49.6,26.0,False,False,False,False,False,False,False,False,False,True,False
NOR,1,McLaren,43.0,3.0,HARD,4.0,True,2.0,1,83.162,6954.233,6871.071,31.4,49.9,26.1,False,False,False,False,False,False,False,False,False,True,False
NOR,1,McLaren,44.0,3.0,HARD,5.0,True,2.0,1,83.392,7037.625,6954.233,31.1,50.3,26.0,False,False,False,False,False,False,False,False,False,True,False
NOR,1,McLaren,45.0,3.0,HARD,6.0,True,2.0,1,84.546,7122.171,7037.625,31.0,50.5,25.0,False,False,False,False,False,False,False,False,False,True,False
NOR,1,McLaren,46.0,3.0,HARD,7.0,True,1.0,1,83.423,7205.594,7122.171,31.1,50.4,24.7,False,False,False,False,False,False,False,False,False,True,False
NOR,1,McLaren,47.0,3.0,HARD,8.0,True,1.0,1,83.369,7288.963,7205.594,31.1,50.8,25.5,False,False,False,False,False,False,False,False,False,True,False
NOR,1,McLaren,48.0,3.0,HARD,9.0,True,1.0,1,84.421,7373.384,7288.963,31.2,50.5,25.1,False,False,False,False,False,False,False,False,False,True,False
NOR,1,McLaren,49.0,3.0,HARD,10.0,True,1.0,1,83.977,7457.361,7373.384,31.3,48.4,25.1,False,False,False,False,False,False,False,False,False,True,False
NOR,1,McLaren,50.0,3.0,HARD,11.0,True,1.0,12,83.783,7541.144,7457.361,31.3,49.4,25.7,False,False,False,False,False,False,True,False,False,False,False
NOR,1,McLaren,51.0,3.0,HARD,12.0,True,1.0,1,83.78,7624.924,7541.144,31.4,49.0,25.8,False,False,False,False,False,False,False,False,False,True,False
NOR,1,McLaren,52.0,3.0,HARD,13.0,True,1.0,1,84.12,7709.044,7624.924,31.3,49.4,25.2,False,False,False,False,False,False,False,False,False,True,False
NOR,1,McLaren,53.0,3.0,HARD,14.0,True,1.0,1,83.943,7792.987,7709.044,31.4,48.4,25.2,False,False,False,False,False,False,False,False,False,True,False
NOR,1,McLaren,54.0,3.0,HARD,15.0,True,1.0,1,84.437,7877.424,7792.987,31.3,47.2,25.6,False,False,False,False,False,False,False,False,False,True,False
NOR,1,McLaren,55.0,3.0,HARD,16.0,True,1.0,1,84.147,7961.571,7877.424,31.2,48.7,26.0,False,False,False,False,False,False,False,False,False,True,False
NOR,1,McLaren,56.0,3.0,HARD,17.0,True,1.0,126,92.344,8053.915,7961.571,31.3,48.7,26.0,False,True,False,False,True,False,True,False,False,False,False
NOR,1,McLaren,57.0,4.0,SOFT,4.0,False,1.0,671,111.054,8164.969,8053.915,31.3,46.6,25.5,False,False,True,False,True,False,True,False,False,False,False
NOR,1,McLaren,58.0,4.0,SOFT,5.0,False,1.0,1,82.928,8247.897,8164.969,31.1,46.6,26.1,False,False,False,False,False,False,False,False,False,True,False
NOR,1,McLaren,59.0,4.0,SOFT,6.0,False,1.0,1,83.671,8331.568,8247.897,31.1,48.0,26.3,False,False,False,False,False,False,False,False,False,True,False
NOR,1,McLaren,60.0,4.0,SOFT,7.0,False,1.0,1,83.616,8415.184,8331.568,31.1,48.3,26.2,False,False,False,False,False,False,False,False,True,False,False
NOR,1,McLaren,61.0,4.0,SOFT,8.0,False,1.0,1,82.562,8497.746,8415.184,31.1,48.5,26.2,False,False,False,False,False,False,False,False,False,True,False
NOR,1,McLaren,62.0,4.0,SOFT,9.0,False,1.0,1,82.659,8580.405,8497.746,31.1,48.6,26.1,False,False,False,False,False,False,False,False,False,True,False
NOR,1,McLaren,63.0,4.0,SOFT,10.0,False,1.0,1,82.722,8663.127,8580.405,31.2,48.5,26.4,False,False,False,False,False,False,False,False,False,True,False
NOR,1,McLaren,64.0,4.0,SOFT,11.0,False,1.0,1,82.491,8745.618,8663.127,31.3,49.3,25.9,False,False,False,False,False,False,False,False,False,True,False
NOR,1,McLaren,65.0,4.0,SOFT,12.0,False,1.0,1,83.104,8828.722,8745.618,31.3,48.1,26.2,False,False,False,False,False,False,False,False,False,True,False
NOR,1,McLaren,66.0,4.0,SOFT,13.0,False,1.0,1,82.901,8911.623,8828.722,31.4,49.2,26.0,False,False,False,False,False,False,False,False,False,True,False
NOR,1,McLaren,67.0,4.0,SOFT,14.0,False,1.0,1,83.016,8994.639,8911.623,31.6,48.5,25.6,False,False,False,False,False,False,False,False,False,True,False
NOR,1,McLaren,68.0,4.0,SOFT,15.0,False,1.0,1,82.796,9077.435,8994.639,31.5,47.8,25.9,False,False,False,False,False,False,False,False,False,True,False
NOR,1,McLaren,69.0,4.0,SOFT,16.0,False,1.0,1,83.364,9160.799,9077.435,31.5,46.6,25.7,False,False,False,False,False,False,False,False,False,True,False
NOR,1,McLaren,70.0,4.0,SOFT,17.0,False,1.0,1,83.625,9244.424,9160.799,31.4,46.5,26.4,False,False,False,False,False,False,False,False,False,True,False
GAS,10,Alpine,1.0,1.0,MEDIUM,1.0,True,11.0,1,96.301,3344.545,3248.019,30.4,51.4,25.0,False,False,False,False,True,False,False,False,False,False,False
GAS,10,Alpine,2.0,1.0,MEDIUM,2.0,True,11.0,1,88.584,3433.129,3344.545,31.0,51.4,25.0,False,False,False,False,False,False,False,False,False,True,False
GAS,10,Alpine,3.0,1.0,MEDIUM,3.0,True,11.0,1,87.125,3520.254,3433.129,30.5,53.1,25.9,False,False,False,False,False,False,False,False,False,True,False
GAS,10,Alpine,4.0,1.0,MEDIUM,4.0,True,11.0,1,87.581,3607.835,3520.254,30.5,52.7,25.4,False,False,False,False,False,False,False,False,False,True,False
GAS,10,Alpine,5.0,1.0,MEDIUM,5.0,True,11.0,1,87.127,3694.962,3607.835,30.6,52.7,25.2,False,False,False,False,False,False,False,False,False,True,False
GAS,10,Alpine,6.0,1.0,MEDIUM,6.0,True,11.0,1,87.415,3782.377,3694.962,30.6,52.3,25.2,False,False,False,False,False,False,False,False,False,True,False
GAS,10,Alpine,7.0,1.0,MEDIUM,7.0,True,11.0,1,87.468,3869.845,3782.377,30.7,51.0,25.0,False,False,False,False,False,False,False,False,False,True,False
GAS,10,Alpine,8.0,1.0,MEDIUM,8.0,True,11.0,1,87.215,3957.06,3869.845,30.7,51.7,25.2,False,False,False,False,False,False,False,False,False,True,False
GAS,10,Alpine,9.0,1.0,MEDIUM,9.0,True,11.0,1,87.361,4044.421,3957.06,30.7,52.8,25.5,False,False,False,False,False,False,False,False,False,True,False
GAS,10,Alpine,10.0,1.0,MEDIUM,10.0,True,11.0,1,87.485,4131.906,4044.421,30.8,51.4,25.2,False,False,False,False,False,False,False,False,False,True,False
GAS,10,Alpine,11.0,1.0,MEDIUM,11.0,True,11.0,1,88.245,4220.151,4131.906,30.7,51.1,25.7,False,False,False,False,False,False,False,False,False,True,False
GAS,10,Alpine,12.0,1.0,MEDIUM,12.0,True,12.0,1,89.116,4309.267,4220.151,30.9,52.4,26.3,False,False,False,False,False,False,False,False,False,True,False
GAS,10,Alpine,13.0,1.0,MEDIUM,13.0,True,12.0,1,88.596,4397.863,4309.267,30.9,51.0,25.4,False,False,False,False,False,False,False,False,False,True,False
GAS,10,Alpine,14.0,1.0,MEDIUM,14.0,True,12.0,1,87.522,4485.385,4397.863,30.8,52.5,25.8,False,False,False,False,False,False,False,False,False,True,False
GAS,10,Alpine,15.0,1.0,MEDIUM,15.0,True,12.0,1,88.083,4573.468,4485.385,30.9,51.4,25.4,False,False,False,False,False,False,False,False,False,True,False
GAS,10,Alpine,16.0,1.0,MEDIUM,16.0,True,13.0,1,91.103,4664.571,4573.468,31.0,52.3,24.8,False,True,False,False,True,False,False,False,False,False,False
GAS,10,Alpine,17.0,2.0,HARD,1.0,True,18.0,1,105.148,4769.719,4664.571,31.1,52.3,25.1,False,False,True,False,True,False,False,False,False,False,False
GAS,10,Alpine,18.0,2.0,HARD,2.0,True,17.0,1,86.756,4856.475,4769.719,31.3,51.6,24.6,False,False,False,False,False,False,False,False,False,True,False
GAS,10,Alpine,19.0,2.0,HARD,3.0,True,15.0,1,85.638,4942.113,4856.475,31.5,51.6,24.6,False,False,False,False,False,False,False,False,False,True,False
GAS,10,Alpine,20.0,2.0,HARD,4.0,True,15.0,1,85.992,5028.105,4942.113,30.9,52.4,24.7,False,False,False,False,False,False,False,False,False,True,False
GAS,10,Alpine,21.0,2.0,HARD,5.0,True,15.0,1,86.389,5114.494,5028.105,31.1,52.1,25.1,False,False,False,False,False,False,False,False,False,True,False
GAS,10,Alpine,22.0,2.0,HARD,6.0,True,14.0,1,86.352,5200.846,5114.494,31.3,51.9,25.7,False,False,False,False,False,False,False,False,False,True,False
GAS,10,Alpine,23.0,2.0,HARD,7.0,True,14.0,1,86.628,5287.474,5200.846,31.1,51.9,25.7,False,False,False,False,False,False,False,False,False,True,False
GAS,10,Alpine,24.0,2.0,HARD,8.0,True,14.0,1,86.636,5374.11,5287.474,31.0,49.8,25.9,False,False,False,False,False,False,False,False,False,True,False
GAS,10,Alpine,25.0,2.0,HARD,9.0,True,14.0,1,86.811,5460.921,5374.11,31.0,50.7,26.1,False,False,False,False,False,False,False,False,False,True,False
GAS,10,Alpine,26.0,2.0,HARD,10.0,True,13.0,1,87.338,5548.259,5460.921,30.9,50.7,26.1,False,False,False,False,False,False,False,False,False,True,False
GAS,10,Alpine,27.0,2.0,HARD,11.0,True,13.0,1,86.736,5634.995,5548.259,30.8,51.3,26.2,False,False,False,False,False,False,False,False,False,True,False
GAS,10,Alpine,28.0,2.0,HARD,12.0,True,13.0,1,87.407,5722.402,5634.995,30.9,50.0,25.6,False,False,False,False,False,False,False,False,False,True,False
GAS,10,Alpine,29.0,2.0,HARD,13.0,True,13.0,1,87.138,5809.54,5722.402,31.1,51.2,25.8,False,False,False,False,False,False,False,False,False,True,False
GAS,10,Alpine,30.0,2.0,HARD,14.0,True,12.0,1,86.768,5896.308,5809.54,31.1,50.3,25.4,False,False,False,False,False,False,False,False,False,True,False
GAS,10,Alpine,31.0,2.0,HARD,15.0,True,12.0,1,86.57,5982.878,5896.308,31.0,51.1,25.9,False,False,False,False,False,False,False,False,False,True,False
GAS,10,Alpine,32.0,2.0,HARD,16.0,True,12.0,1,86.907,6069.785,5982.878,31.2,51.1,25.2,False,False,False,False,False,False,False,False,False,True,False
GAS,10,Alpine,33.0,2.0,HARD,17.0,True,12.0,1,86.882,6156.667,6069.785,31.1,49.2,25.4,False,False,False,False,False,False,False,False,False,True,False
GAS,10,Alpine,34.0,2.0,HARD,18.0,True,12.0,1,86.888,6243.555,6156.667,31.0,48.5,25.4,False,False,False,False,False,False,False,False,False,True,False
GAS,10,Alpine,35.0,2.0,HARD,19.0,True,12.0,1,87.02,6330.575,6243.555,31.1,48.7,25.9,False,False,False,False,False,False,False,False,False,True,False
GAS,10,Alpine,36.0,2.0,HARD,20.0,True,12.0,1,87.538,6418.113,6330.575,31.0,50.3,26.0,False,False,False,False,False,False,False,False,False,True,False
GAS,10,Alpine,37.0,2.0,HARD,21.0,True,12.0,1,88.088,6506.201,6418.113,31.3,49.7,25.8,False,False,False,False,False,False,False,False,False,True,False
GAS,10,Alpine,38.0,2.0,HARD,22.0,True,13.0,12,89.252,6595.453,6506.201,31.0,50.9,25.6,False,False,False,False,False,False,True,False,True,False,False
GAS,10,Alpine,39.0,2.0,HARD,23.0,True,13.0,1,90.776,6686.229,6595.453,31.0,49.8,25.1,False,True,False,False,True,False,False,False,False,False,False
GAS,10,Alpine,40.0,3.0,HARD,1.0,True,13.0,1,108.555,6794.784,6686.229,31.0,49.7,26.0,False,False,True,False,True,False,False,False,False,False,False
GAS,10,Alpine,41.0,3.0,HARD,2.0,True,13.0,1,85.344,6880.128,6794.784,31.0,49.9,26.1,False,False,False,False,False,False,False,False,False,True,False
GAS,10,Alpine,42.0,3.0,HARD,3.0,True,13.0,1,84.863,6964.991,6880.128,31.4,49.9,26.1,False,False,False,False,False,False,False,False,False,True,False
GAS,10,Alpine,43.0,3.0,HARD,4.0,True,13.0,1,85.364,7050.355,6964.991,31.1,50.3,26.0,False,False,False,False,False,False,False,False,False,True,False
GAS,10,Alpine,44.0,3.0,HARD,5.0,True,13.0,1,85.026,7135.381,7050.355,31.0,50.5,25.0,False,False,False,False,False,False,False,False,False,True,False
GAS,10,Alpine,45.0,3.0,HARD,6.0,True,13.0,1,85.321,7220.702,7135.381,31.1,50.4,24.7,False,False,False,False,False,False,False,False,False,True,False
GAS,10,Alpine,46.0,3.0,HARD,7.0,True,13.0,1,85.235,7305.937,7220.702,31.2,50.4,24.8,False,False,False,False,False,False,False,False,False,True,False
GAS,10,Alpine,47.0,3.0,HARD,8.0,True,13.0,1,89.233,7395.17,7305.937,31.2,50.5,25.1,False,False,False,False,False,False,False,False,False,True,False
GAS,10,Alpine,48.0,3.0,HARD,9.0,True,13.0,1,86.043,7481.213,7395.17,31.3,47.8,25.5,False,False,False,False,False,False,False,False,False,True,False
GAS,10,Alpine,49.0,3.0,HARD,10.0,True,13.0,12,85.83,7567.043,7481.213,31.3,49.4,25.7,False,False,False,False,False,False,True,False,False,False,False
GAS,10,Alpine,50.0,3.0,HARD,11.0,True,13.0,1,85.629,7652.672,7567.043,31.3,49.4,25.2,False,False,False,False,False,False,False,False,False,True,False
GAS,10,Alpine,51.0,3.0,HARD,12.0,True,13.0,1,85.585,7738.257,7652.672,31.6,49.4,25.2,False,False,False,False,False,False,False,False,False,True,False
GAS,10,Alpine,52.0,3.0,HARD,13.0,True,13.0,1,85.521,7823.778,7738.257,31.4,48.4,25.2,False,False,False,False,False,False,False,False,False,True,False
GAS,10,Alpine,53.0,3.0,HARD,14.0,True,13.0,1,86.2,7909.978,7823.778,31.2,47.5,25.9,False,False,False,False,False,False,False,False,False,True,False
GAS,10,Alpine,54.0,3.0,HARD,15.0,True,13.0,1,85.597,7995.575,7909.978,31.2,48.7,26.0,False,False,False,False,False,False,False,False,False,True,False
GAS,10,Alpine,55.0,3.0,HARD,16.0,True,13.0,126,102.183,8097.758,7995.575,31.4,47.0,25.6,False,True,False,False,True,False,True,False,False,False,False
GAS,10,Alpine,56.0,4.0,SOFT,1.0,True,13.0,671,102.873,8200.631,8097.758,31.1,46.6,26.1,False,False,True,False,True,False,True,False,False,False,False
GAS,10,Alpine,57.0,4.0,SOFT,2.0,True,13.0,1,82.871,8283.502,8200.631,31.1,47.8,26.5,False,False,False,False,False,False,False,False,False,True,False
GAS,10,Alpine,58.0,4.0,SOFT,3.0,True,13.0,1,83.347,8366.849,8283.502,31.1,48.0,26.3,False,False,False,False,False,False,False,False,False,True,False
GAS,10,Alpine,59.0,4.0,SOFT,4.0,True,13.0,1,83.622,8450.471,8366.849,31.1,48.2,25.7,False,False,False,False,False,False,False,False,False,True,False
GAS,10,Alpine,60.0,4.0,SOFT,5.0,True,13.0,1,84.835,8535.306,8450.471,31.1,48.5,26.2,False,False,False,False,False,False,False,False,False,True,False
GAS,10,Alpine,61.0,4.0,SOFT,6.0,True,12.0,1,84.242,8619.548,8535.306,31.2,48.5,26.4,False,False,False,False,False,False,False,False,False,True,False
GAS,10,Alpine,62.0,4.0,SOFT,7.0,True,12.0,1,84.58,8704.128,8619.548,31.3,49.3,26.3,False,False,False,False,False,False,False,False,False,True,False
GAS,10,Alpine,63.0,4.0,SOFT,8.0,True,12.0,1,84.744,8788.872,8704.128,31.3,49.3,25.9,False,False,False,False,False,False,False,False,False,True,False
GAS,10,Alpine,64.0,4.0,SOFT,9.0,True,12.0,1,84.12,8872.992,8788.872,31.4,49.2,26.0,False,False,False,False,False,False,False,False,False,True,False
GAS,10,Alpine,65.0,4.0,SOFT,10.0,True,12.0,1,84.388,8957.38,8872.992,31.5,49.1,26.0,False,False,False,False,False,False,False,False,False,True,False
GAS,10,Alpine,66.0,4.0,SOFT,11.0,True,12.0,1,84.833,9042.213,8957.38,31.5,47.8,25.9,False,False,False,False,False,False,False,False,False,True,False
GAS,10,Alpine,67.0,4.0,SOFT,12.0,True,12.0,1,84.869,9127.082,9042.213,31.5,48.5,26.0,False,False,False,False,False,False,False,False,False,True,False
GAS,10,Alpine,68.0,4.0,SOFT,13.0,True,12.0,1,85.069,9212.151,9127.082,31.4,46.5,26.4,False,False,False,False,False,False,False,False,False,True,False
GAS,10,Alpine,69.0,4.0,SOFT,14.0,True,12.0,1,85.702,9297.853,9212.151,31.3,46.3,26.6,False,False,False,False,False,False,False,False,False,True,False
PER,11,Cadillac,1.0,1.0,MEDIUM,1.0,True,22.0,1,101.266,3349.51,3248.019,30.4,51.4,25.0,False,False,True,False,True,False,False,False,False,False,False
PER,11,Cadillac,2.0,1.0,MEDIUM,2.0,True,22.0,1,90.496,3440.006,3349.51,31.0,51.4,25.0,False,False,False,False,False,False,False,False,False,True,False
PER,11,Cadillac,3.0,1.0,MEDIUM,3.0,True,22.0,1,89.025,3529.031,3440.006,30.5,53.1,25.9,False,False,False,False,False,False,False,False,False,True,False
PER,11,Cadillac,4.0,1.0,MEDIUM,4.0,True,22.0,1,88.623,3617.654,3529.031,30.5,52.7,25.4,False,False,False,False,False,False,False,False,False,True,False
PER,11,Cadillac,5.0,1.0,MEDIUM,5.0,True,22.0,1,88.785,3706.439,3617.654,30.6,52.7,25.2,False,False,False,False,False,False,False,False,False,True,False
PER,11,Cadillac,6.0,1.0,MEDIUM,6.0,True,22.0,1,89.083,3795.522,3706.439,30.6,52.3,25.2,False,False,False,False,False,False,False,False,False,True,False
PER,11,Cadillac,7.0,1.0,MEDIUM,7.0,True,22.0,1,89.245,3884.767,3795.522,30.7,51.7,25.1,False,False,False,False,False,False,False,False,False,True,False
PER,11,Cadillac,8.0,1.0,MEDIUM,8.0,True,22.0,1,89.208,3973.975,3884.767,30.7,51.7,25.2,False,False,False,False,False,False,False,False,False,True,False
PER,11,Cadillac,9.0,1.0,MEDIUM,9.0,True,21.0,1,89.295,4063.27,3973.975,30.7,51.0,25.7,False,False,False,False,False,False,False,False,False,True,False
PER,11,Cadillac,10.0,1.0,MEDIUM,10.0,True,21.0,1,89.627,4152.897,4063.27,30.8,51.4,25.2,False,False,False,False,False,False,False,False,False,True,False
PER,11,Cadillac,11.0,1.0,MEDIUM,11.0,True,21.0,1,89.549,4242.446,4152.897,30.8,50.5,25.9,False,False,False,False,False,False,False,False,False,True,False
PER,11,Cadillac,12.0,1.0,MEDIUM,12.0,True,21.0,1,89.694,4332.14,4242.446,30.9,52.4,26.3,False,False,False,False,False,False,False,False,False,True,False
PER,11,Cadillac,13.0,1.0,MEDIUM,13.0,True,21.0,1,89.371,4421.511,4332.14,30.8,51.6,25.6,False,False,False,False,False,False,False,False,False,True,False
PER,11,Cadillac,14.0,1.0,MEDIUM,14.0,True,20.0,1,89.342,4510.853,4421.511,30.8,52.5,25.8,False,False,False,False,False,False,False,False,False,True,False
PER,11,Cadillac,15.0,1.0,MEDIUM,15.0,True,20.0,1,89.719,4600.572,4510.853,30.9,52.9,25.8,False,False,False,False,False,False,False,False,False,True,False
PER,11,Cadillac,16.0,1.0,MEDIUM,16.0,True,21.0,1,91.287,4691.859,4600.572,31.0,52.3,24.8,False,False,False,False,False,False,False,False,False,True,False
PER,11,Cadillac,17.0,1.0,MEDIUM,17.0,True,21.0,1,90.207,4782.066,4691.859,31.1,52.3,25.1,False,False,False,False,False,False,False,False,False,True,False
PER,11,Cadillac,18.0,1.0,MEDIUM,18.0,True,21.0,1,89.556,4871.622,4782.066,31.3,51.6,24.6,False,False,False,False,False,False,False,False,False,True,False
PER,11,Cadillac,19.0,1.0,MEDIUM,19.0,True,21.0,1,89.923,4961.545,4871.622,31.1,52.4,24.7,False,False,False,False,False,False,False,False,False,True,False
PER,11,Cadillac,20.0,1.0,MEDIUM,20.0,True,21.0,1,89.335,5050.88,4961.545,30.9,52.4,24.7,False,False,False,False,False,False,False,False,False,True,False
PER,11,Cadillac,21.0,1.0,MEDIUM,21.0,True,21.0,1,92.338,5143.218,5050.88,30.8,52.1,25.1,False,True,False,False,True,False,False,False,False,False,False
PER,11,Cadillac,22.0,2.0,None,,False,21.0,1,108.751,5251.969,5143.218,31.1,51.9,25.7,False,False,True,False,True,False,False,False,False,False,False
PER,11,Cadillac,23.0,2.0,None,,False,21.0,1,86.342,5338.311,5251.969,31.3,49.6,25.5,False,False,False,False,False,False,False,False,False,True,False
PER,11,Cadillac,24.0,2.0,None,,False,21.0,1,87.359,5425.67,5338.311,31.0,49.8,25.9,False,False,False,False,False,False,False,False,False,True,False
PER,11,Cadillac,25.0,2.0,None,,False,21.0,1,87.246,5512.916,5425.67,30.9,50.7,26.1,False,False,False,False,False,False,False,False,False,True,False
PER,11,Cadillac,26.0,2.0,None,,False,21.0,1,87.857,5600.773,5512.916,30.7,50.6,25.9,False,False,False,False,False,False,False,False,False,True,False
PER,11,Cadillac,27.0,2.0,None,,False,21.0,1,87.733,5688.506,5600.773,30.9,50.0,25.6,False,False,False,False,False,False,False,False,False,True,False
PER,11,Cadillac,28.0,2.0,None,,False,21.0,1,87.358,5775.864,5688.506,31.0,50.5,25.6,False,False,False,False,False,False,False,False,False,True,False
PER,11,Cadillac,29.0,2.0,None,,False,21.0,1,89.58,5865.444,5775.864,31.1,50.3,25.4,False,False,False,False,False,False,False,False,False,True,False
PER,11,Cadillac,30.0,2.0,None,,False,21.0,1,87.721,5953.165,5865.444,31.5,50.3,25.4,False,False,False,False,False,False,False,False,False,True,False
PER,11,Cadillac,31.0,2.0,None,,False,21.0,1,87.599,6040.764,5953.165,31.2,51.1,25.2,False,False,False,False,False,False,False,False,False,True,False
PER,11,Cadillac,32.0,2.0,None,,False,21.0,1,87.492,6128.256,6040.764,31.3,49.1,25.4,False,False,False,False,False,False,False,False,False,True,False
PER,11,Cadillac,33.0,2.0,None,,False,21.0,1,89.501,6217.757,6128.256,31.0,48.5,25.4,False,False,False,False,False,False,False,False,False,True,False
PER,11,Cadillac,34.0,2.0,None,,False,21.0,1,87.993,6305.75,6217.757,31.1,48.7,25.9,False,False,False,False,False,False,False,False,False,True,False
PER,11,Cadillac,35.0,2.0,None,,False,21.0,1,87.703,6393.453,6305.75,31.0,50.3,26.0,False,False,False,False,False,False,False,False,False,True,False
PER,11,Cadillac,36.0,2.0,None,,False,21.0,1,87.85,6481.303,6393.453,31.3,49.7,25.8,False,False,False,False,False,False,False,False,False,True,False
PER,11,Cadillac,37.0,2.0,None,,False,21.0,12,87.748,6569.051,6481.303,31.0,49.8,25.8,False,False,False,False,False,False,True,False,False,False,False
PER,11,Cadillac,38.0,2.0,None,,False,21.0,21,87.837,6656.888,6569.051,31.0,49.8,25.1,False,False,False,False,False,False,True,False,False,False,False
PER,11,Cadillac,39.0,2.0,None,,False,21.0,1,87.768,6744.656,6656.888,31.0,49.3,25.7,False,False,False,False,False,False,False,False,False,True,False
PER,11,Cadillac,40.0,2.0,None,,False,21.0,1,88.497,6833.153,6744.656,31.0,49.6,26.0,False,False,False,False,False,False,False,False,False,True,False
PER,11,Cadillac,41.0,2.0,None,,False,21.0,1,93.534,6926.687,6833.153,31.0,49.9,26.1,False,False,False,False,False,False,False,False,False,True,False
PER,11,Cadillac,42.0,2.0,None,,False,21.0,1,88.516,7015.203,6926.687,31.1,50.3,26.0,False,False,False,False,False,False,False,False,False,True,False
PER,11,Cadillac,43.0,2.0,None,,False,21.0,1,90.096,7105.299,7015.203,31.0,50.5,25.5,False,False,False,False,False,False,False,False,False,True,False
PER,11,Cadillac,44.0,2.0,None,,False,21.0,1,88.629,7193.928,7105.299,31.1,50.4,24.7,False,False,False,False,False,False,False,False,False,True,False
PER,11,Cadillac,45.0,2.0,None,,False,21.0,1,89.729,7283.657,7193.928,31.1,50.8,25.5,False,False,False,False,False,False,False,False,False,True,False
PER,11,Cadillac,46.0,2.0,None,,False,21.0,1,94.111,7377.768,7283.657,31.2,50.5,25.1,False,True,False,False,True,False,False,False,False,False,False
PER,11,Cadillac,47.0,3.0,SOFT,1.0,True,21.0,1,111.42,7489.188,7377.768,31.3,47.8,25.5,False,False,True,False,True,False,False,False,False,False,False
PER,11,Cadillac,48.0,3.0,SOFT,2.0,True,21.0,12,139.998,7629.186,7489.188,31.4,49.0,25.8,False,True,False,False,True,False,True,False,False,False,False
ANT,12,Mercedes,1.0,1.0,MEDIUM,1.0,True,6.0,1,93.893,3342.137,3248.019,30.4,51.4,25.0,False,False,False,False,True,False,False,False,False,False,False
ANT,12,Mercedes,2.0,1.0,MEDIUM,2.0,True,6.0,1,85.919,3428.056,3342.137,31.0,51.4,25.0,False,False,False,False,False,False,False,False,False,True,False
ANT,12,Mercedes,3.0,1.0,MEDIUM,3.0,True,6.0,1,85.93,3513.986,3428.056,30.5,53.1,25.9,False,False,False,False,False,False,False,False,False,True,False
ANT,12,Mercedes,4.0,1.0,MEDIUM,4.0,True,6.0,1,85.64,3599.626,3513.986,30.5,52.7,25.4,False,False,False,False,False,False,False,False,False,True,False
ANT,12,Mercedes,5.0,1.0,MEDIUM,5.0,True,6.0,1,85.817,3685.443,3599.626,30.6,52.9,25.5,False,False,False,False,False,False,False,False,False,True,False
ANT,12,Mercedes,6.0,1.0,MEDIUM,6.0,True,6.0,1,85.636,3771.079,3685.443,30.6,52.3,25.2,False,False,False,False,False,False,False,False,False,True,False
ANT,12,Mercedes,7.0,1.0,MEDIUM,7.0,True,6.0,1,85.751,3856.83,3771.079,30.7,51.0,25.0,False,False,False,False,False,False,False,False,False,True,False
ANT,12,Mercedes,8.0,1.0,MEDIUM,8.0,True,6.0,1,85.733,3942.563,3856.83,30.7,51.7,25.2,False,False,False,False,False,False,False,False,False,True,False
ANT,12,Mercedes,9.0,1.0,MEDIUM,9.0,True,6.0,1,85.491,4028.054,3942.563,30.7,52.8,25.5,False,False,False,False,False,False,False,False,False,True,False
ANT,12,Mercedes,10.0,1.0,MEDIUM,10.0,True,6.0,1,85.502,4113.556,4028.054,30.8,51.4,25.2,False,False,False,False,False,False,False,False,False,True,False
ANT,12,Mercedes,11.0,1.0,MEDIUM,11.0,True,6.0,1,85.972,4199.528,4113.556,30.7,51.1,25.7,False,False,False,False,False,False,False,False,False,True,False
ANT,12,Mercedes,12.0,1.0,MEDIUM,12.0,True,6.0,1,86.066,4285.594,4199.528,30.8,50.5,25.9,False,False,False,False,False,False,False,False,False,True,False
ANT,12,Mercedes,13.0,1.0,MEDIUM,13.0,True,6.0,1,86.163,4371.757,4285.594,30.9,51.0,25.4,False,False,False,False,False,False,False,False,False,True,False
ANT,12,Mercedes,14.0,1.0,MEDIUM,14.0,True,5.0,1,86.08,4457.837,4371.757,30.8,51.6,25.6,False,False,False,False,False,False,False,False,False,True,False
ANT,12,Mercedes,15.0,1.0,MEDIUM,15.0,True,4.0,1,86.052,4543.889,4457.837,30.9,51.4,25.4,False,False,False,False,False,False,False,False,False,True,False
ANT,12,Mercedes,16.0,1.0,MEDIUM,16.0,True,3.0,1,85.974,4629.863,4543.889,30.9,52.9,25.8,False,False,False,False,False,False,False,False,False,True,False
ANT,12,Mercedes,17.0,1.0,MEDIUM,17.0,True,2.0,1,85.77,4715.633,4629.863,31.1,52.3,25.1,False,False,False,False,False,False,False,False,False,True,False
ANT,12,Mercedes,18.0,1.0,MEDIUM,18.0,True,1.0,1,85.554,4801.187,4715.633,31.1,52.3,25.1,False,False,False,False,False,False,False,False,False,True,False
ANT,12,Mercedes,19.0,1.0,MEDIUM,19.0,True,1.0,1,85.632,4886.819,4801.187,31.3,51.6,24.6,False,False,False,False,False,False,False,False,True,False,False
ANT,12,Mercedes,20.0,1.0,MEDIUM,20.0,True,1.0,1,85.51,4972.329,4886.819,31.1,52.4,24.7,False,False,False,False,False,False,False,False,False,True,False
ANT,12,Mercedes,21.0,1.0,MEDIUM,21.0,True,1.0,1,85.702,5058.031,4972.329,30.9,52.4,24.7,False,False,False,False,False,False,False,False,False,True,False
ANT,12,Mercedes,22.0,1.0,MEDIUM,22.0,True,1.0,1,88.51,5146.541,5058.031,30.8,52.1,25.1,False,True,False,False,True,False,False,False,False,False,False
ANT,12,Mercedes,23.0,2.0,HARD,1.0,True,6.0,1,104.538,5251.079,5146.541,31.3,51.9,25.7,False,False,True,False,True,False,False,False,False,False,False
ANT,12,Mercedes,24.0,2.0,HARD,2.0,True,6.0,1,84.119,5335.198,5251.079,31.3,49.6,25.5,False,False,False,False,False,False,False,False,True,False,False
ANT,12,Mercedes,25.0,2.0,HARD,3.0,True,6.0,1,84.444,5419.642,5335.198,31.0,49.8,25.9,False,False,False,False,False,False,False,False,False,True,False
ANT,12,Mercedes,26.0,2.0,HARD,4.0,True,6.0,1,84.498,5504.14,5419.642,30.9,50.7,26.1,False,False,False,False,False,False,False,False,False,True,False
ANT,12,Mercedes,27.0,2.0,HARD,5.0,True,6.0,1,85.295,5589.435,5504.14,30.7,50.6,25.9,False,False,False,False,False,False,False,False,False,True,False
ANT,12,Mercedes,28.0,2.0,HARD,6.0,True,6.0,1,84.85,5674.285,5589.435,30.9,50.0,25.6,False,False,False,False,False,False,False,False,False,True,False
ANT,12,Mercedes,29.0,2.0,HARD,7.0,True,6.0,1,85.213,5759.498,5674.285,31.0,50.5,25.6,False,False,False,False,False,False,False,False,False,True,False
ANT,12,Mercedes,30.0,2.0,HARD,8.0,True,5.0,1,85.261,5844.759,5759.498,31.1,51.2,25.8,False,False,False,False,False,False,False,False,False,True,False
ANT,12,Mercedes,31.0,2.0,HARD,9.0,True,5.0,1,85.139,5929.898,5844.759,31.5,50.3,25.4,False,False,False,False,False,False,False,False,False,True,False
ANT,12,Mercedes,32.0,2.0,HARD,10.0,True,5.0,1,85.207,6015.105,5929.898,31.0,51.1,25.9,False,False,False,False,False,False,False,False,False,True,False
ANT,12,Mercedes,33.0,2.0,HARD,11.0,True,5.0,1,85.548,6100.653,6015.105,31.3,49.1,25.4,False,False,False,False,False,False,False,False,False,True,False
ANT,12,Mercedes,34.0,2.0,HARD,12.0,True,4.0,1,86.092,6186.745,6100.653,31.1,49.2,25.4,False,False,False,False,False,False,False,False,False,True,False
ANT,12,Mercedes,35.0,2.0,HARD,13.0,True,4.0,1,86.265,6273.01,6186.745,31.1,48.7,25.9,False,False,False,False,False,False,False,False,False,True,False
ANT,12,Mercedes,36.0,2.0,HARD,14.0,True,3.0,1,85.849,6358.859,6273.01,30.4,48.7,25.9,False,False,False,False,False,False,False,False,False,True,False
ANT,12,Mercedes,37.0,2.0,HARD,15.0,True,3.0,1,84.732,6443.591,6358.859,31.0,50.3,26.0,False,False,False,False,False,False,False,False,False,True,False
ANT,12,Mercedes,38.0,2.0,HARD,16.0,True,3.0,1,84.954,6528.545,6443.591,31.0,49.8,25.8,False,False,False,False,False,False,False,False,False,True,False
ANT,12,Mercedes,39.0,2.0,HARD,17.0,True,3.0,12,84.937,6613.482,6528.545,31.0,50.9,25.6,False,False,False,False,False,False,True,False,False,False,False
ANT,12,Mercedes,40.0,2.0,HARD,18.0,True,2.0,1,84.792,6698.274,6613.482,31.0,49.3,25.7,False,False,False,False,False,False,False,False,False,True,False
ANT,12,Mercedes,41.0,2.0,HARD,19.0,True,1.0,1,84.709,6782.983,6698.274,31.0,49.7,26.0,False,False,False,False,False,False,False,False,False,True,False
ANT,12,Mercedes,42.0,2.0,HARD,20.0,True,1.0,1,84.752,6867.735,6782.983,31.0,49.6,26.0,False,False,False,False,False,False,False,False,False,True,False
ANT,12,Mercedes,43.0,2.0,HARD,21.0,True,1.0,1,84.815,6952.55,6867.735,31.4,49.9,26.1,False,False,False,False,False,False,False,False,False,True,False
ANT,12,Mercedes,44.0,2.0,HARD,22.0,True,1.0,1,84.639,7037.189,6952.55,31.1,50.3,26.0,False,False,False,False,False,False,False,False,False,True,False
ANT,12,Mercedes,45.0,2.0,HARD,23.0,True,1.0,1,84.563,7121.752,7037.189,31.0,50.5,25.0,False,False,False,False,False,False,False,False,False,True,False
ANT,12,Mercedes,46.0,2.0,HARD,24.0,True,2.0,1,86.304,7208.056,7121.752,31.1,50.4,24.7,False,False,False,False,False,False,False,False,False,True,False
ANT,12,Mercedes,47.0,2.0,HARD,25.0,True,2.0,1,84.835,7292.891,7208.056,31.2,50.4,24.8,False,False,False,False,False,False,False,False,False,True,False
ANT,12,Mercedes,48.0,2.0,HARD,26.0,True,2.0,1,84.673,7377.564,7292.891,31.2,50.5,25.1,False,False,False,False,False,False,False,False,False,True,False
ANT,12,Mercedes,49.0,2.0,HARD,27.0,True,2.0,1,84.882,7462.446,7377.564,31.3,48.4,25.1,False,False,False,False,False,False,False,False,False,True,False
ANT,12,Mercedes,50.0,2.0,HARD,28.0,True,2.0,12,84.837,7547.283,7462.446,31.3,49.4,25.7,False,False,False,False,False,False,True,False,False,False,False
ANT,12,Mercedes,51.0,2.0,HARD,29.0,True,2.0,1,84.827,7632.11,7547.283,31.4,49.0,25.8,False,False,False,False,False,False,False,False,False,True,False
ANT,12,Mercedes,52.0,2.0,HARD,30.0,True,2.0,1,84.817,7716.927,7632.11,31.6,49.4,25.2,False,False,False,False,False,False,False,False,False,True,False
ANT,12,Mercedes,53.0,2.0,HARD,31.0,True,2.0,1,87.057,7803.984,7716.927,31.4,48.4,25.2,False,True,False,False,True,False,False,False,False,False,False
ANT,12,Mercedes,54.0,3.0,HARD,1.0,True,6.0,1,102.02,7906.004,7803.984,31.2,47.5,25.9,False,False,True,False,True,False,False,False,False,False,False
ANT,12,Mercedes,55.0,3.0,HARD,2.0,True,6.0,1,82.508,7988.512,7906.004,31.2,48.7,26.0,False,False,False,False,False,False,False,False,False,True,False
ANT,12,Mercedes,56.0,3.0,HARD,3.0,True,5.0,126,99.702,8088.214,7988.512,31.4,47.0,25.6,False,False,False,False,True,False,True,False,False,False,False
ANT,12,Mercedes,57.0,3.0,HARD,4.0,True,4.0,671,92.221,8180.435,8088.214,31.3,46.6,25.5,False,False,False,False,True,False,True,False,False,False,False
ANT,12,Mercedes,58.0,3.0,HARD,5.0,True,3.0,1,82.415,8262.85,8180.435,31.1,47.8,26.5,False,False,False,False,False,False,False,False,False,True,False
ANT,12,Mercedes,59.0,3.0,HARD,6.0,True,3.0,1,82.427,8345.277,8262.85,31.1,48.0,26.3,False,False,False,False,False,False,False,False,False,True,False
ANT,12,Mercedes,60.0,3.0,HARD,7.0,True,3.0,1,82.679,8427.956,8345.277,31.1,48.3,26.2,False,False,False,False,False,False,False,False,False,True,False
ANT,12,Mercedes,61.0,3.0,HARD,8.0,True,3.0,1,82.764,8510.72,8427.956,31.1,48.5,26.2,False,False,False,False,False,False,False,False,False,True,False
ANT,12,Mercedes,62.0,3.0,HARD,9.0,True,3.0,1,84.749,8595.469,8510.72,31.1,48.6,26.1,False,False,False,False,False,False,False,False,False,True,False
ANT,12,Mercedes,63.0,3.0,HARD,10.0,True,3.0,1,85.064,8680.533,8595.469,31.3,49.3,26.3,False,False,False,False,False,False,False,False,False,True,False
ANT,12,Mercedes,64.0,3.0,HARD,11.0,True,3.0,1,83.913,8764.446,8680.533,31.3,49.3,25.9,False,False,False,False,False,False,False,False,False,True,False
ANT,12,Mercedes,65.0,3.0,HARD,12.0,True,3.0,1,82.967,8847.413,8764.446,31.3,48.1,26.2,False,False,False,False,False,False,False,False,False,True,False
ANT,12,Mercedes,66.0,3.0,HARD,13.0,True,3.0,1,83.062,8930.475,8847.413,31.5,49.1,26.0,False,False,False,False,False,False,False,False,False,True,False
ANT,12,Mercedes,67.0,3.0,HARD,14.0,True,3.0,1,82.941,9013.416,8930.475,31.6,48.5,25.6,False,False,False,False,False,False,False,False,False,True,False
ANT,12,Mercedes,68.0,3.0,HARD,15.0,True,3.0,1,83.05,9096.466,9013.416,31.5,48.5,26.0,False,False,False,False,False,False,False,False,False,True,False
ANT,12,Mercedes,69.0,3.0,HARD,16.0,True,3.0,1,83.214,9179.68,9096.466,31.5,46.6,25.7,False,False,False,False,False,False,False,False,False,True,False
ANT,12,Mercedes,70.0,3.0,HARD,17.0,True,3.0,1,83.472,9263.152,9179.68,31.4,46.5,26.4,False,False,False,False,False,False,False,False,False,True,False
ALO,14,Aston Martin,1.0,1.0,SOFT,1.0,True,15.0,1,98.187,3346.431,3248.019,30.4,51.4,25.0,False,False,False,False,True,False,False,False,False,False,False
ALO,14,Aston Martin,2.0,1.0,SOFT,2.0,True,15.0,1,88.901,3435.332,3346.431,31.0,51.4,25.0,False,False,False,False,False,False,False,False,False,True,False
ALO,14,Aston Martin,3.0,1.0,SOFT,3.0,True,15.0,1,87.883,3523.215,3435.332,30.5,53.1,25.9,False,False,False,False,False,False,False,False,False,True,False
ALO,14,Aston Martin,4.0,1.0,SOFT,4.0,True,15.0,1,88.021,3611.236,3523.215,30.5,52.7,25.4,False,False,False,False,False,False,False,False,False,True,False
ALO,14,Aston Martin,5.0,1.0,SOFT,5.0,True,16.0,1,89.29,3700.526,3611.236,30.6,52.7,25.2,False,False,False,False,False,False,False,False,False,True,False
ALO,14,Aston Martin,6.0,1.0,SOFT,6.0,True,16.0,1,87.262,3787.788,3700.526,30.6,52.3,25.2,False,False,False,False,False,False,False,False,False,True,False
ALO,14,Aston Martin,7.0,1.0,SOFT,7.0,True,16.0,1,87.495,3875.283,3787.788,30.7,51.7,25.1,False,False,False,False,False,False,False,False,False,True,False
ALO,14,Aston Martin,8.0,1.0,SOFT,8.0,True,16.0,1,87.678,3962.961,3875.283,30.7,51.7,25.2,False,False,False,False,False,False,False,False,False,True,False
ALO,14,Aston Martin,9.0,1.0,SOFT,9.0,True,16.0,1,88.149,4051.11,3962.961,30.7,52.8,25.5,False,False,False,False,False,False,False,False,False,True,False
ALO,14,Aston Martin,10.0,1.0,SOFT,10.0,True,16.0,1,87.887,4138.997,4051.11,30.8,51.4,25.2,False,False,False,False,False,False,False,False,False,True,False
ALO,14,Aston Martin,11.0,1.0,SOFT,11.0,True,16.0,1,88.208,4227.205,4138.997,30.7,51.1,25.7,False,False,False,False,False,False,False,False,False,True,False
ALO,14,Aston Martin,12.0,1.0,SOFT,12.0,True,16.0,1,88.216,4315.421,4227.205,30.9,52.4,26.3,False,False,False,False,False,False,False,False,False,True,False
ALO,14,Aston Martin,13.0,1.0,SOFT,13.0,True,16.0,1,88.327,4403.748,4315.421,30.9,51.0,25.4,False,False,False,False,False,False,False,False,False,True,False
ALO,14,Aston Martin,14.0,1.0,SOFT,14.0,True,16.0,1,88.777,4492.525,4403.748,30.8,52.5,25.8,False,False,False,False,False,False,False,False,False,True,False
ALO,14,Aston Martin,15.0,1.0,SOFT,15.0,True,15.0,1,88.534,4581.059,4492.525,30.9,51.4,25.4,False,False,False,False,False,False,False,False,False,True,False
ALO,14,Aston Martin,16.0,1.0,SOFT,16.0,True,15.0,1,87.683,4668.742,4581.059,31.0,52.3,24.8,False,False,False,False,False,False,False,False,False,True,False
ALO,14,Aston Martin,17.0,1.0,SOFT,17.0,True,13.0,1,87.856,4756.598,4668.742,31.1,52.3,25.1,False,False,False,False,False,False,False,False,False,True,False
ALO,14,Aston Martin,18.0,1.0,SOFT,18.0,True,13.0,1,87.186,4843.784,4756.598,31.3,51.6,24.6,False,False,False,False,False,False,False,False,False,True,False
ALO,14,Aston Martin,19.0,1.0,SOFT,19.0,True,13.0,1,87.535,4931.319,4843.784,31.5,51.6,24.6,False,False,False,False,False,False,False,False,False,True,False
ALO,14,Aston Martin,20.0,1.0,SOFT,20.0,True,12.0,1,87.515,5018.834,4931.319,30.9,52.4,24.7,False,False,False,False,False,False,False,False,False,True,False
ALO,14,Aston Martin,21.0,1.0,SOFT,21.0,True,11.0,1,87.559,5106.393,5018.834,31.1,52.1,25.1,False,False,False,False,False,False,False,False,False,True,False
ALO,14,Aston Martin,22.0,1.0,SOFT,22.0,True,10.0,1,87.363,5193.756,5106.393,31.3,51.9,25.7,False,False,False,False,False,False,False,False,False,True,False
ALO,14,Aston Martin,23.0,1.0,SOFT,23.0,True,10.0,1,87.547,5281.303,5193.756,31.1,51.9,25.7,False,False,False,False,False,False,False,False,False,True,False
ALO,14,Aston Martin,24.0,1.0,SOFT,24.0,True,11.0,1,88.587,5369.89,5281.303,31.3,49.6,25.5,False,False,False,False,False,False,False,False,False,True,False
ALO,14,Aston Martin,25.0,1.0,SOFT,25.0,True,12.0,1,89.121,5459.011,5369.89,31.0,50.7,26.1,False,False,False,False,False,False,False,False,False,True,False
ALO,14,Aston Martin,26.0,1.0,SOFT,26.0,True,14.0,1,89.776,5548.787,5459.011,30.9,50.7,26.1,False,False,False,False,False,False,False,False,True,False,False
ALO,14,Aston Martin,27.0,1.0,SOFT,27.0,True,14.0,1,87.963,5636.75,5548.787,30.8,51.3,26.2,False,False,False,False,False,False,False,False,False,True,False
ALO,14,Aston Martin,28.0,1.0,SOFT,28.0,True,14.0,1,88.125,5724.875,5636.75,30.9,50.0,25.6,False,False,False,False,False,False,False,False,False,True,False
ALO,14,Aston Martin,29.0,1.0,SOFT,29.0,True,14.0,1,88.267,5813.142,5724.875,31.1,51.2,25.8,False,False,False,False,False,False,False,False,False,True,False
ALO,14,Aston Martin,30.0,1.0,SOFT,30.0,True,13.0,1,88.182,5901.324,5813.142,31.1,50.3,25.4,False,False,False,False,False,False,False,False,False,True,False
ALO,14,Aston Martin,31.0,1.0,SOFT,31.0,True,13.0,1,88.26,5989.584,5901.324,31.0,51.1,25.9,False,False,False,False,False,False,False,False,False,True,False
ALO,14,Aston Martin,32.0,1.0,SOFT,32.0,True,13.0,1,88.259,6077.843,5989.584,31.2,51.1,25.2,False,False,False,False,False,False,False,False,False,True,False
ALO,14,Aston Martin,33.0,1.0,SOFT,33.0,True,14.0,1,88.984,6166.827,6077.843,31.1,49.2,25.4,False,False,False,False,False,False,False,False,False,True,False
ALO,14,Aston Martin,34.0,1.0,SOFT,34.0,True,14.0,1,91.532,6258.359,6166.827,31.0,48.5,25.4,False,True,False,False,True,False,False,False,False,False,False
ALO,14,Aston Martin,35.0,2.0,MEDIUM,1.0,True,19.0,1,105.31,6363.669,6258.359,30.4,48.7,25.9,False,False,True,False,True,False,False,False,False,False,False
ALO,14,Aston Martin,36.0,2.0,MEDIUM,2.0,True,17.0,1,87.261,6450.93,6363.669,31.0,50.3,26.0,False,False,False,False,False,False,False,False,False,True,False
ALO,14,Aston Martin,37.0,2.0,MEDIUM,3.0,True,16.0,1,85.503,6536.433,6450.93,31.0,49.8,25.8,False,False,False,False,False,False,False,False,False,True,False
ALO,14,Aston Martin,38.0,2.0,MEDIUM,4.0,True,14.0,12,87.067,6623.5,6536.433,31.0,50.9,25.6,False,False,False,False,False,False,True,False,False,False,False
ALO,14,Aston Martin,39.0,2.0,MEDIUM,5.0,True,14.0,1,87.044,6710.544,6623.5,31.0,49.3,25.7,False,False,False,False,False,False,False,False,False,True,False
ALO,14,Aston Martin,40.0,2.0,MEDIUM,6.0,True,14.0,1,85.593,6796.137,6710.544,31.0,49.7,26.0,False,False,False,False,False,False,False,False,False,True,False
ALO,14,Aston Martin,41.0,2.0,MEDIUM,7.0,True,14.0,1,85.653,6881.79,6796.137,31.0,49.9,26.1,False,False,False,False,False,False,False,False,False,True,False
ALO,14,Aston Martin,42.0,2.0,MEDIUM,8.0,True,14.0,1,85.766,6967.556,6881.79,31.4,49.9,26.1,False,False,False,False,False,False,False,False,False,True,False
ALO,14,Aston Martin,43.0,2.0,MEDIUM,9.0,True,14.0,1,86.557,7054.113,6967.556,31.0,50.5,25.5,False,False,False,False,False,False,False,False,False,True,False
ALO,14,Aston Martin,44.0,2.0,MEDIUM,10.0,True,14.0,1,88.209,7142.322,7054.113,31.0,50.5,25.0,False,False,False,False,False,False,False,False,False,True,False
ALO,14,Aston Martin,45.0,2.0,MEDIUM,11.0,True,14.0,1,85.793,7228.115,7142.322,31.1,50.4,24.7,False,False,False,False,False,False,False,False,False,True,False
ALO,14,Aston Martin,46.0,2.0,MEDIUM,12.0,True,14.0,1,85.727,7313.842,7228.115,31.2,50.4,24.8,False,False,False,False,False,False,False,False,False,True,False
ALO,14,Aston Martin,47.0,2.0,MEDIUM,13.0,True,14.0,1,86.111,7399.953,7313.842,31.2,50.5,25.1,False,False,False,False,False,False,False,False,False,True,False
ALO,14,Aston Martin,48.0,2.0,MEDIUM,14.0,True,14.0,1,85.928,7485.881,7399.953,31.3,47.8,25.5,False,False,False,False,False,False,False,False,False,True,False
ALO,14,Aston Martin,49.0,2.0,MEDIUM,15.0,True,14.0,12,86.169,7572.05,7485.881,31.3,49.4,25.7,False,False,False,False,False,False,True,False,False,False,False
ALO,14,Aston Martin,50.0,2.0,MEDIUM,16.0,True,14.0,1,85.497,7657.547,7572.05,31.3,49.4,25.2,False,False,False,False,False,False,False,False,False,True,False
ALO,14,Aston Martin,51.0,2.0,MEDIUM,17.0,True,14.0,1,85.7,7743.247,7657.547,31.6,49.4,25.2,False,False,False,False,False,False,False,False,False,True,False
ALO,14,Aston Martin,52.0,2.0,MEDIUM,18.0,True,14.0,1,85.821,7829.068,7743.247,31.4,48.4,25.2,False,False,False,False,False,False,False,False,False,True,False
ALO,14,Aston Martin,53.0,2.0,MEDIUM,19.0,True,14.0,1,86.144,7915.212,7829.068,31.2,47.5,25.9,False,False,False,False,False,False,False,False,False,True,False
ALO,14,Aston Martin,54.0,2.0,MEDIUM,20.0,True,14.0,1,86.405,8001.617,7915.212,31.2,48.7,26.0,False,False,False,False,False,False,False,False,False,True,False
ALO,14,Aston Martin,55.0,2.0,MEDIUM,21.0,True,15.0,1267,105.78,8107.397,8001.617,31.4,47.0,25.6,False,True,False,False,True,False,True,False,False,False,False
ALO,14,Aston Martin,56.0,3.0,SOFT,4.0,False,15.0,71,104.109,8211.506,8107.397,31.1,46.6,26.1,False,False,True,False,True,False,True,False,False,False,False
ALO,14,Aston Martin,57.0,3.0,SOFT,5.0,False,15.0,1,83.679,8295.185,8211.506,31.1,47.8,26.5,False,False,False,False,False,False,False,False,False,True,False
ALO,14,Aston Martin,58.0,3.0,SOFT,6.0,False,15.0,1,83.711,8378.896,8295.185,31.1,48.3,26.2,False,False,False,False,False,False,False,False,False,True,False
ALO,14,Aston Martin,59.0,3.0,SOFT,7.0,False,15.0,1,84.748,8463.644,8378.896,31.1,48.2,25.7,False,False,False,False,False,False,False,False,False,True,False
ALO,14,Aston Martin,60.0,3.0,SOFT,8.0,False,14.0,1,84.079,8547.723,8463.644,31.1,48.5,26.2,False,False,False,False,False,False,False,False,False,True,False
ALO,14,Aston Martin,61.0,3.0,SOFT,9.0,False,14.0,1,84.456,8632.179,8547.723,31.2,48.5,26.4,False,False,False,False,False,False,False,False,False,True,False
ALO,14,Aston Martin,62.0,3.0,SOFT,10.0,False,14.0,1,85.047,8717.226,8632.179,31.3,49.3,26.3,False,False,False,False,False,False,False,False,False,True,False
ALO,14,Aston Martin,63.0,3.0,SOFT,11.0,False,14.0,1,86.2,8803.426,8717.226,31.3,48.1,26.2,False,False,False,False,False,False,False,False,False,True,False
ALO,14,Aston Martin,64.0,3.0,SOFT,12.0,False,14.0,1,84.033,8887.459,8803.426,31.4,49.2,26.0,False,False,False,False,False,False,False,False,False,True,False
ALO,14,Aston Martin,65.0,3.0,SOFT,13.0,False,14.0,1,84.682,8972.141,8887.459,31.6,48.5,25.6,False,False,False,False,False,False,False,False,False,True,False
ALO,14,Aston Martin,66.0,3.0,SOFT,14.0,False,14.0,1,84.289,9056.43,8972.141,31.5,47.8,25.9,False,False,False,False,False,False,False,False,False,True,False
ALO,14,Aston Martin,67.0,3.0,SOFT,15.0,False,14.0,1,84.684,9141.114,9056.43,31.5,48.5,26.0,False,False,False,False,False,False,False,False,False,True,False
ALO,14,Aston Martin,68.0,3.0,SOFT,16.0,False,14.0,1,84.649,9225.763,9141.114,31.4,46.5,26.4,False,False,False,False,False,False,False,False,False,True,False
ALO,14,Aston Martin,69.0,3.0,SOFT,17.0,False,14.0,1,84.713,9310.476,9225.763,31.3,46.3,26.6,False,False,False,False,False,False,False,False,False,True,False
LEC,16,Ferrari,1.0,1.0,SOFT,4.0,False,5.0,1,93.063,3341.307,3248.019,30.4,51.4,25.0,False,False,False,False,True,False,False,False,False,False,False
LEC,16,Ferrari,2.0,1.0,SOFT,5.0,False,5.0,1,85.916,3427.223,3341.307,31.0,51.4,25.0,False,False,False,False,False,False,False,False,False,True,False
LEC,16,Ferrari,3.0,1.0,SOFT,6.0,False,5.0,1,85.679,3512.902,3427.223,30.5,53.1,25.9,False,False,False,False,False,False,False,False,False,True,False
LEC,16,Ferrari,4.0,1.0,SOFT,7.0,False,5.0,1,85.701,3598.603,3512.902,30.5,52.7,25.4,False,False,False,False,False,False,False,False,False,True,False
LEC,16,Ferrari,5.0,1.0,SOFT,8.0,False,5.0,1,85.811,3684.414,3598.603,30.6,52.9,25.5,False,False,False,False,False,False,False,False,False,True,False
LEC,16,Ferrari,6.0,1.0,SOFT,9.0,False,5.0,1,85.434,3769.848,3684.414,30.6,52.3,25.2,False,False,False,False,False,False,False,False,False,True,False
LEC,16,Ferrari,7.0,1.0,SOFT,10.0,False,5.0,1,85.468,3855.316,3769.848,30.7,51.0,25.0,False,False,False,False,False,False,False,False,False,True,False
LEC,16,Ferrari,8.0,1.0,SOFT,11.0,False,5.0,1,85.435,3940.751,3855.316,30.7,51.7,25.2,False,False,False,False,False,False,False,False,False,True,False
LEC,16,Ferrari,9.0,1.0,SOFT,12.0,False,5.0,1,85.532,4026.283,3940.751,30.7,52.8,25.5,False,False,False,False,False,False,False,False,False,True,False
LEC,16,Ferrari,10.0,1.0,SOFT,13.0,False,5.0,1,85.797,4112.08,4026.283,30.8,51.4,25.2,False,False,False,False,False,False,False,False,False,True,False
LEC,16,Ferrari,11.0,1.0,SOFT,14.0,False,5.0,1,85.824,4197.904,4112.08,30.7,51.1,25.7,False,False,False,False,False,False,False,False,False,True,False
LEC,16,Ferrari,12.0,1.0,SOFT,15.0,False,5.0,1,86.055,4283.959,4197.904,30.8,50.5,25.9,False,False,False,False,False,False,False,False,False,True,False
LEC,16,Ferrari,13.0,1.0,SOFT,16.0,False,4.0,1,86.069,4370.028,4283.959,30.9,51.0,25.4,False,False,False,False,False,False,False,False,False,True,False
LEC,16,Ferrari,14.0,1.0,SOFT,17.0,False,3.0,1,86.049,4456.077,4370.028,30.8,51.6,25.6,False,False,False,False,False,False,False,False,False,True,False
LEC,16,Ferrari,15.0,1.0,SOFT,18.0,False,3.0,1,86.066,4542.143,4456.077,30.9,51.4,25.4,False,False,False,False,False,False,False,False,False,True,False
LEC,16,Ferrari,16.0,1.0,SOFT,19.0,False,4.0,1,88.909,4631.052,4542.143,30.9,52.9,25.8,False,True,False,False,True,False,False,False,False,False,False
LEC,16,Ferrari,17.0,2.0,HARD,1.0,True,7.0,1,104.646,4735.698,4631.052,31.1,52.3,25.1,False,False,True,False,True,False,False,False,False,False,False
LEC,16,Ferrari,18.0,2.0,HARD,2.0,True,7.0,1,84.536,4820.234,4735.698,31.1,52.3,25.1,False,False,False,False,False,False,False,False,False,True,False
LEC,16,Ferrari,19.0,2.0,HARD,3.0,True,6.0,1,84.876,4905.11,4820.234,31.5,51.6,24.6,False,False,False,False,False,False,False,False,False,True,False
LEC,16,Ferrari,20.0,2.0,HARD,4.0,True,6.0,1,85.034,4990.144,4905.11,31.1,52.4,24.7,False,False,False,False,False,False,False,False,False,True,False
LEC,16,Ferrari,21.0,2.0,HARD,5.0,True,6.0,1,84.871,5075.015,4990.144,31.1,52.1,25.1,False,False,False,False,False,False,False,False,False,True,False
LEC,16,Ferrari,22.0,2.0,HARD,6.0,True,6.0,1,84.869,5159.884,5075.015,30.8,52.1,25.1,False,False,False,False,False,False,False,False,False,True,False
LEC,16,Ferrari,23.0,2.0,HARD,7.0,True,5.0,1,84.944,5244.828,5159.884,31.3,51.9,25.7,False,False,False,False,False,False,False,False,False,True,False
LEC,16,Ferrari,24.0,2.0,HARD,8.0,True,5.0,1,84.989,5329.817,5244.828,31.3,49.6,25.5,False,False,False,False,False,False,False,False,False,True,False
LEC,16,Ferrari,25.0,2.0,HARD,9.0,True,5.0,1,85.074,5414.891,5329.817,31.0,49.8,25.9,False,False,False,False,False,False,False,False,False,True,False
LEC,16,Ferrari,26.0,2.0,HARD,10.0,True,5.0,1,85.75,5500.641,5414.891,30.9,50.7,26.1,False,False,False,False,False,False,False,False,False,True,False
LEC,16,Ferrari,27.0,2.0,HARD,11.0,True,5.0,1,85.974,5586.615,5500.641,30.7,50.6,25.9,False,False,False,False,False,False,False,False,False,True,False
LEC,16,Ferrari,28.0,2.0,HARD,12.0,True,5.0,1,85.156,5671.771,5586.615,30.9,50.0,25.6,False,False,False,False,False,False,False,False,False,True,False
LEC,16,Ferrari,29.0,2.0,HARD,13.0,True,5.0,1,85.633,5757.404,5671.771,31.0,50.5,25.6,False,False,False,False,False,False,False,False,False,True,False
LEC,16,Ferrari,30.0,2.0,HARD,14.0,True,4.0,1,85.781,5843.185,5757.404,31.1,51.2,25.8,False,False,False,False,False,False,False,False,False,True,False
LEC,16,Ferrari,31.0,2.0,HARD,15.0,True,4.0,1,85.357,5928.542,5843.185,31.5,50.3,25.4,False,False,False,False,False,False,False,False,False,True,False
LEC,16,Ferrari,32.0,2.0,HARD,16.0,True,4.0,1,85.531,6014.073,5928.542,31.0,51.1,25.9,False,False,False,False,False,False,False,False,False,True,False
LEC,16,Ferrari,33.0,2.0,HARD,17.0,True,4.0,1,85.782,6099.855,6014.073,31.3,49.1,25.4,False,False,False,False,False,False,False,False,False,True,False
LEC,16,Ferrari,34.0,2.0,HARD,18.0,True,3.0,1,86.27,6186.125,6099.855,31.1,49.2,25.4,False,False,False,False,False,False,False,False,False,True,False
LEC,16,Ferrari,35.0,2.0,HARD,19.0,True,3.0,1,86.394,6272.519,6186.125,31.1,48.7,25.9,False,False,False,False,False,False,False,False,False,True,False
LEC,16,Ferrari,36.0,2.0,HARD,20.0,True,4.0,1,88.451,6360.97,6272.519,30.4,48.7,25.9,False,True,False,False,True,False,False,False,False,False,False
LEC,16,Ferrari,37.0,3.0,HARD,1.0,True,7.0,1,104.285,6465.255,6360.97,31.3,49.7,25.8,False,False,True,False,True,False,False,False,False,False,False
LEC,16,Ferrari,38.0,3.0,HARD,2.0,True,6.0,1,84.77,6550.025,6465.255,31.0,49.8,25.8,False,False,False,False,False,False,False,False,False,True,False
LEC,16,Ferrari,39.0,3.0,HARD,3.0,True,6.0,12,84.108,6634.133,6550.025,31.0,49.8,25.1,False,False,False,False,False,False,True,False,False,False,False
LEC,16,Ferrari,40.0,3.0,HARD,4.0,True,6.0,1,84.198,6718.331,6634.133,31.0,49.3,25.7,False,False,False,False,False,False,False,False,False,True,False
LEC,16,Ferrari,41.0,3.0,HARD,5.0,True,6.0,1,83.789,6802.12,6718.331,31.0,49.7,26.0,False,False,False,False,False,False,False,False,False,True,False
LEC,16,Ferrari,42.0,3.0,HARD,6.0,True,6.0,1,85.41,6887.53,6802.12,31.0,49.9,26.1,False,False,False,False,False,False,False,False,False,True,False
LEC,16,Ferrari,43.0,3.0,HARD,7.0,True,6.0,1,84.266,6971.796,6887.53,31.4,49.9,26.1,False,False,False,False,False,False,False,False,False,True,False
LEC,16,Ferrari,44.0,3.0,HARD,8.0,True,6.0,1,84.421,7056.217,6971.796,31.0,50.5,25.5,False,False,False,False,False,False,False,False,False,True,False
LEC,16,Ferrari,45.0,3.0,HARD,9.0,True,6.0,1,84.141,7140.358,7056.217,31.0,50.5,25.0,False,False,False,False,False,False,False,False,False,True,False
LEC,16,Ferrari,46.0,3.0,HARD,10.0,True,6.0,1,84.611,7224.969,7140.358,31.1,50.4,24.7,False,False,False,False,False,False,False,False,False,True,False
LEC,16,Ferrari,47.0,3.0,HARD,11.0,True,6.0,1,84.174,7309.143,7224.969,31.2,50.4,24.8,False,False,False,False,False,False,False,False,False,True,False
LEC,16,Ferrari,48.0,3.0,HARD,12.0,True,6.0,1,84.95,7394.093,7309.143,31.2,50.5,25.1,False,False,False,False,False,False,False,False,False,True,False
LEC,16,Ferrari,49.0,3.0,HARD,13.0,True,6.0,1,84.92,7479.013,7394.093,31.3,47.8,25.5,False,False,False,False,False,False,False,False,False,True,False
LEC,16,Ferrari,50.0,3.0,HARD,14.0,True,6.0,12,84.662,7563.675,7479.013,31.3,49.4,25.7,False,False,False,False,False,False,True,False,False,False,False
LEC,16,Ferrari,51.0,3.0,HARD,15.0,True,6.0,1,84.365,7648.04,7563.675,31.4,49.0,25.8,False,False,False,False,False,False,False,False,False,True,False
LEC,16,Ferrari,52.0,3.0,HARD,16.0,True,6.0,1,84.693,7732.733,7648.04,31.6,49.4,25.2,False,False,False,False,False,False,False,False,False,True,False
LEC,16,Ferrari,53.0,3.0,HARD,17.0,True,6.0,1,84.873,7817.606,7732.733,31.4,48.4,25.2,False,False,False,False,False,False,False,False,False,True,False
LEC,16,Ferrari,54.0,3.0,HARD,18.0,True,5.0,1,84.648,7902.254,7817.606,31.2,47.5,25.9,False,False,False,False,False,False,False,False,False,True,False
LEC,16,Ferrari,55.0,3.0,HARD,19.0,True,5.0,1,84.738,7986.992,7902.254,31.2,48.7,26.0,False,False,False,False,False,False,False,False,False,True,False
LEC,16,Ferrari,56.0,3.0,HARD,20.0,True,4.0,126,100.087,8087.079,7986.992,31.4,47.0,25.6,False,True,False,False,True,False,True,False,False,False,False
LEC,16,Ferrari,57.0,4.0,SOFT,4.0,False,5.0,671,102.194,8189.273,8087.079,31.3,46.6,25.5,False,False,True,False,True,False,True,False,False,False,False
LEC,16,Ferrari,58.0,4.0,SOFT,5.0,False,5.0,1,82.0,8271.273,8189.273,31.1,47.8,26.5,False,False,False,False,False,False,False,False,False,True,False
LEC,16,Ferrari,59.0,4.0,SOFT,6.0,False,5.0,1,82.383,8353.656,8271.273,31.1,48.0,26.3,False,False,False,False,False,False,False,False,False,True,False
LEC,16,Ferrari,60.0,4.0,SOFT,7.0,False,5.0,1,82.34,8435.996,8353.656,31.1,48.2,25.7,False,False,False,False,False,False,False,False,False,True,False
LEC,16,Ferrari,61.0,4.0,SOFT,8.0,False,5.0,1,82.318,8518.314,8435.996,31.1,48.5,26.2,False,False,False,False,False,False,False,False,False,True,False
LEC,16,Ferrari,62.0,4.0,SOFT,9.0,False,5.0,1,82.661,8600.975,8518.314,31.1,48.6,26.1,False,False,False,False,False,False,False,False,False,True,False
LEC,16,Ferrari,63.0,4.0,SOFT,10.0,False,5.0,1,84.106,8685.081,8600.975,31.3,49.3,26.3,False,False,False,False,False,False,False,False,False,True,False
LEC,16,Ferrari,64.0,4.0,SOFT,11.0,False,5.0,1,84.57,8769.651,8685.081,31.3,49.3,25.9,False,False,False,False,False,False,False,False,False,True,False
LEC,16,Ferrari,65.0,4.0,SOFT,12.0,False,5.0,1,83.363,8853.014,8769.651,31.4,49.2,26.0,False,False,False,False,False,False,False,False,False,True,False
LEC,16,Ferrari,66.0,4.0,SOFT,13.0,False,5.0,1,82.927,8935.941,8853.014,31.5,49.1,26.0,False,False,False,False,False,False,False,False,False,True,False
LEC,16,Ferrari,67.0,4.0,SOFT,14.0,False,5.0,1,83.295,9019.236,8935.941,31.6,48.5,25.6,False,False,False,False,False,False,False,False,False,True,False
LEC,16,Ferrari,68.0,4.0,SOFT,15.0,False,5.0,1,82.927,9102.163,9019.236,31.5,48.5,26.0,False,False,False,False,False,False,False,False,False,True,False
LEC,16,Ferrari,69.0,4.0,SOFT,16.0,False,5.0,1,83.003,9185.166,9102.163,31.5,46.6,25.7,False,False,False,False,False,False,False,False,False,True,False
LEC,16,Ferrari,70.0,4.0,SOFT,17.0,False,5.0,1,83.098,9268.264,9185.166,31.4,46.5,26.4,False,False,False,False,False,False,False,False,False,True,False
STR,18,Aston Martin,1.0,1.0,SOFT,1.0,True,20.0,1,100.293,3348.537,3248.019,30.4,51.4,25.0,False,False,False,False,True,False,False,False,False,False,False
STR,18,Aston Martin,2.0,1.0,SOFT,2.0,True,21.0,1,90.751,3439.288,3348.537,31.0,51.4,25.0,False,False,False,False,False,False,False,False,False,True,False
STR,18,Aston Martin,3.0,1.0,SOFT,3.0,True,20.0,1,87.739,3527.027,3439.288,30.5,53.1,25.9,False,False,False,False,False,False,False,False,False,True,False
STR,18,Aston Martin,4.0,1.0,SOFT,4.0,True,20.0,1,88.366,3615.393,3527.027,30.5,52.7,25.4,False,False,False,False,False,False,False,False,False,True,False
STR,18,Aston Martin,5.0,1.0,SOFT,5.0,True,19.0,1,87.685,3703.078,3615.393,30.6,52.7,25.2,False,False,False,False,False,False,False,False,False,True,False
STR,18,Aston Martin,6.0,1.0,SOFT,6.0,True,19.0,1,88.365,3791.443,3703.078,30.6,52.3,25.2,False,False,False,False,False,False,False,False,False,True,False
STR,18,Aston Martin,7.0,1.0,SOFT,7.0,True,19.0,1,88.362,3879.805,3791.443,30.7,51.7,25.1,False,False,False,False,False,False,False,False,False,True,False
STR,18,Aston Martin,8.0,1.0,SOFT,8.0,True,20.0,1,91.065,3970.87,3879.805,30.7,51.7,25.2,False,True,False,False,True,False,False,False,False,False,False
STR,18,Aston Martin,9.0,2.0,MEDIUM,1.0,True,22.0,1,104.057,4074.927,3970.87,30.7,51.0,25.7,False,False,True,False,True,False,False,False,False,False,False
STR,18,Aston Martin,10.0,2.0,MEDIUM,2.0,True,22.0,1,86.397,4161.324,4074.927,30.8,51.4,25.2,False,False,False,False,False,False,False,False,False,True,False
STR,18,Aston Martin,11.0,2.0,MEDIUM,3.0,True,22.0,1,87.235,4248.559,4161.324,30.8,50.5,25.9,False,False,False,False,False,False,False,False,False,True,False
STR,18,Aston Martin,12.0,2.0,MEDIUM,4.0,True,22.0,1,87.803,4336.362,4248.559,30.9,52.4,26.3,False,False,False,False,False,False,False,False,False,True,False
STR,18,Aston Martin,13.0,2.0,MEDIUM,5.0,True,22.0,1,87.528,4423.89,4336.362,30.8,51.6,25.6,False,False,False,False,False,False,False,False,False,True,False
STR,18,Aston Martin,14.0,2.0,MEDIUM,6.0,True,21.0,1,88.174,4512.064,4423.89,30.8,52.5,25.8,False,False,False,False,False,False,False,False,False,True,False
STR,18,Aston Martin,15.0,2.0,MEDIUM,7.0,True,21.0,1,88.619,4600.683,4512.064,30.9,52.9,25.8,False,False,False,False,False,False,False,False,False,True,False
STR,18,Aston Martin,16.0,2.0,MEDIUM,8.0,True,19.0,1,87.72,4688.403,4600.683,31.0,52.3,24.8,False,False,False,False,False,False,False,False,False,True,False
STR,18,Aston Martin,17.0,2.0,MEDIUM,9.0,True,19.0,1,86.999,4775.402,4688.403,31.1,52.3,25.1,False,False,False,False,False,False,False,False,False,True,False
STR,18,Aston Martin,18.0,2.0,MEDIUM,10.0,True,18.0,1,86.951,4862.353,4775.402,31.3,51.6,24.6,False,False,False,False,False,False,False,False,False,True,False
STR,18,Aston Martin,19.0,2.0,MEDIUM,11.0,True,17.0,1,87.229,4949.582,4862.353,31.5,51.6,24.6,False,False,False,False,False,False,False,False,False,True,False
STR,18,Aston Martin,20.0,2.0,MEDIUM,12.0,True,17.0,1,87.3,5036.882,4949.582,30.9,52.4,24.7,False,False,False,False,False,False,False,False,False,True,False
STR,18,Aston Martin,21.0,2.0,MEDIUM,13.0,True,17.0,1,87.556,5124.438,5036.882,31.1,52.1,25.1,False,False,False,False,False,False,False,False,False,True,False
STR,18,Aston Martin,22.0,2.0,MEDIUM,14.0,True,17.0,1,87.15,5211.588,5124.438,31.3,51.9,25.7,False,False,False,False,False,False,False,False,False,True,False
STR,18,Aston Martin,23.0,2.0,MEDIUM,15.0,True,16.0,1,88.019,5299.607,5211.588,31.1,51.9,25.7,False,False,False,False,False,False,False,False,False,True,False
STR,18,Aston Martin,24.0,2.0,MEDIUM,16.0,True,16.0,1,88.086,5387.693,5299.607,31.0,49.8,25.9,False,False,False,False,False,False,False,False,False,True,False
STR,18,Aston Martin,25.0,2.0,MEDIUM,17.0,True,15.0,1,86.862,5474.555,5387.693,31.0,50.7,26.1,False,False,False,False,False,False,False,False,False,True,False
STR,18,Aston Martin,26.0,2.0,MEDIUM,18.0,True,15.0,1,87.172,5561.727,5474.555,30.7,50.6,25.9,False,False,False,False,False,False,False,False,False,True,False
STR,18,Aston Martin,27.0,2.0,MEDIUM,19.0,True,15.0,1,86.837,5648.564,5561.727,30.8,51.3,26.2,False,False,False,False,False,False,False,False,False,True,False
STR,18,Aston Martin,28.0,2.0,MEDIUM,20.0,True,15.0,1,87.302,5735.866,5648.564,31.0,50.5,25.6,False,False,False,False,False,False,False,False,False,True,False
STR,18,Aston Martin,29.0,2.0,MEDIUM,21.0,True,15.0,1,87.274,5823.14,5735.866,31.1,51.2,25.8,False,False,False,False,False,False,False,False,False,True,False
STR,18,Aston Martin,30.0,2.0,MEDIUM,22.0,True,15.0,1,87.296,5910.436,5823.14,31.1,50.3,25.4,False,False,False,False,False,False,False,False,False,True,False
STR,18,Aston Martin,31.0,2.0,MEDIUM,23.0,True,15.0,1,87.175,5997.611,5910.436,31.0,51.1,25.9,False,False,False,False,False,False,False,False,False,True,False
STR,18,Aston Martin,32.0,2.0,MEDIUM,24.0,True,15.0,1,86.847,6084.458,5997.611,31.2,51.1,25.2,False,False,False,False,False,False,False,False,False,True,False
STR,18,Aston Martin,33.0,2.0,MEDIUM,25.0,True,15.0,1,86.822,6171.28,6084.458,31.1,49.2,25.4,False,False,False,False,False,False,False,False,False,True,False
STR,18,Aston Martin,34.0,2.0,MEDIUM,26.0,True,15.0,1,87.17,6258.45,6171.28,31.0,48.5,25.4,False,False,False,False,False,False,False,False,False,True,False
STR,18,Aston Martin,35.0,2.0,MEDIUM,27.0,True,14.0,1,86.887,6345.337,6258.45,30.4,48.7,25.9,False,False,False,False,False,False,False,False,False,True,False
STR,18,Aston Martin,36.0,2.0,MEDIUM,28.0,True,14.0,1,89.001,6434.338,6345.337,31.0,50.3,26.0,False,False,False,False,False,False,False,False,False,True,False
STR,18,Aston Martin,37.0,2.0,MEDIUM,29.0,True,14.0,1,90.469,6524.807,6434.338,31.0,49.8,25.8,False,True,False,False,True,False,False,False,False,False,False
STR,18,Aston Martin,38.0,3.0,SOFT,1.0,True,16.0,12,105.698,6630.505,6524.807,31.0,50.9,25.6,False,False,True,False,True,False,True,False,False,False,False
STR,18,Aston Martin,39.0,3.0,SOFT,2.0,True,15.0,1,85.147,6715.652,6630.505,31.0,49.3,25.7,False,False,False,False,False,False,False,False,False,True,False
STR,18,Aston Martin,40.0,3.0,SOFT,3.0,True,15.0,1,84.989,6800.641,6715.652,31.0,49.7,26.0,False,False,False,False,False,False,False,False,False,True,False
STR,18,Aston Martin,41.0,3.0,SOFT,4.0,True,15.0,1,88.108,6888.749,6800.641,31.0,49.9,26.1,False,False,False,False,False,False,False,False,False,True,False
STR,18,Aston Martin,42.0,3.0,SOFT,5.0,True,15.0,1,85.438,6974.187,6888.749,31.4,49.9,26.1,False,False,False,False,False,False,False,False,False,True,False
STR,18,Aston Martin,43.0,3.0,SOFT,6.0,True,15.0,1,85.811,7059.998,6974.187,31.0,50.5,25.5,False,False,False,False,False,False,False,False,False,True,False
STR,18,Aston Martin,44.0,3.0,SOFT,7.0,True,15.0,1,85.47,7145.468,7059.998,31.0,50.5,25.0,False,False,False,False,False,False,False,False,False,True,False
STR,18,Aston Martin,45.0,3.0,SOFT,8.0,True,15.0,1,85.673,7231.141,7145.468,31.1,50.4,24.7,False,False,False,False,False,False,False,False,False,True,False
STR,18,Aston Martin,46.0,3.0,SOFT,9.0,True,15.0,1,85.218,7316.359,7231.141,31.2,50.4,24.8,False,False,False,False,False,False,False,False,False,True,False
STR,18,Aston Martin,47.0,3.0,SOFT,10.0,True,15.0,1,85.627,7401.986,7316.359,31.2,50.5,25.1,False,False,False,False,False,False,False,False,False,True,False
STR,18,Aston Martin,48.0,3.0,SOFT,11.0,True,15.0,1,86.628,7488.614,7401.986,31.3,47.8,25.5,False,False,False,False,False,False,False,False,False,True,False
STR,18,Aston Martin,49.0,3.0,SOFT,12.0,True,15.0,12,86.005,7574.619,7488.614,31.3,49.4,25.7,False,False,False,False,False,False,True,False,False,False,False
STR,18,Aston Martin,50.0,3.0,SOFT,13.0,True,15.0,1,85.191,7659.81,7574.619,31.3,49.4,25.2,False,False,False,False,False,False,False,False,False,True,False
STR,18,Aston Martin,51.0,3.0,SOFT,14.0,True,15.0,1,85.529,7745.339,7659.81,31.6,49.4,25.2,False,False,False,False,False,False,False,False,False,True,False
STR,18,Aston Martin,52.0,3.0,SOFT,15.0,True,15.0,1,85.342,7830.681,7745.339,31.4,48.4,25.2,False,False,False,False,False,False,False,False,False,True,False
STR,18,Aston Martin,53.0,3.0,SOFT,16.0,True,15.0,1,85.589,7916.27,7830.681,31.2,47.5,25.9,False,False,False,False,False,False,False,False,False,True,False
STR,18,Aston Martin,54.0,3.0,SOFT,17.0,True,15.0,1,85.805,8002.075,7916.27,31.2,48.7,26.0,False,False,False,False,False,False,False,False,False,True,False
STR,18,Aston Martin,55.0,3.0,SOFT,18.0,True,14.0,1267,103.984,8106.059,8002.075,31.4,47.0,25.6,False,False,False,False,True,False,True,False,False,False,False
STR,18,Aston Martin,56.0,3.0,SOFT,19.0,True,12.0,71,88.654,8194.713,8106.059,31.1,46.6,26.1,False,False,False,False,True,False,True,False,False,False,False
STR,18,Aston Martin,57.0,3.0,SOFT,20.0,True,12.0,1,84.718,8279.431,8194.713,31.1,47.8,26.5,False,False,False,False,False,False,False,False,False,True,False
STR,18,Aston Martin,58.0,3.0,SOFT,21.0,True,12.0,1,84.91,8364.341,8279.431,31.1,48.0,26.3,False,False,False,False,False,False,False,False,False,True,False
STR,18,Aston Martin,59.0,3.0,SOFT,22.0,True,12.0,1,85.07,8449.411,8364.341,31.1,48.2,25.7,False,False,False,False,False,False,False,False,False,True,False
STR,18,Aston Martin,60.0,3.0,SOFT,23.0,True,12.0,1,85.408,8534.819,8449.411,31.1,48.5,26.2,False,False,False,False,False,False,False,False,False,True,False
STR,18,Aston Martin,61.0,3.0,SOFT,24.0,True,13.0,1,86.4,8621.219,8534.819,31.2,48.5,26.4,False,False,False,False,False,False,False,False,False,True,False
STR,18,Aston Martin,62.0,3.0,SOFT,25.0,True,13.0,1,85.493,8706.712,8621.219,31.3,49.3,26.3,False,False,False,False,False,False,False,False,False,True,False
STR,18,Aston Martin,63.0,3.0,SOFT,26.0,True,13.0,1,85.404,8792.116,8706.712,31.3,48.1,26.2,False,False,False,False,False,False,False,False,False,True,False
STR,18,Aston Martin,64.0,3.0,SOFT,27.0,True,13.0,1,85.132,8877.248,8792.116,31.4,49.2,26.0,False,False,False,False,False,False,False,False,False,True,False
STR,18,Aston Martin,65.0,3.0,SOFT,28.0,True,13.0,1,87.497,8964.745,8877.248,31.5,49.1,26.0,False,False,False,False,False,False,False,False,False,True,False
STR,18,Aston Martin,66.0,3.0,SOFT,29.0,True,13.0,1,85.361,9050.106,8964.745,31.5,47.8,25.9,False,False,False,False,False,False,False,False,False,True,False
STR,18,Aston Martin,67.0,3.0,SOFT,30.0,True,13.0,1,86.989,9137.095,9050.106,31.5,48.5,26.0,False,False,False,False,False,False,False,False,False,True,False
STR,18,Aston Martin,68.0,3.0,SOFT,31.0,True,13.0,1,85.407,9222.502,9137.095,31.4,46.5,26.4,False,False,False,False,False,False,False,False,False,True,False
STR,18,Aston Martin,69.0,3.0,SOFT,32.0,True,13.0,1,85.75,9308.252,9222.502,31.3,46.3,26.6,False,False,False,False,False,False,False,False,False,True,False
ALB,23,Williams,1.0,1.0,MEDIUM,1.0,True,18.0,1,99.948,3348.192,3248.019,30.4,51.4,25.0,False,False,False,False,True,False,False,False,False,False,False
ALB,23,Williams,2.0,1.0,MEDIUM,2.0,True,19.0,1,89.851,3438.043,3348.192,31.0,51.4,25.0,False,False,False,False,False,False,False,False,False,True,False
ALB,23,Williams,3.0,1.0,MEDIUM,3.0,True,19.0,1,88.63,3526.673,3438.043,30.5,53.1,25.9,False,False,False,False,False,False,False,False,False,True,False
ALB,23,Williams,4.0,1.0,MEDIUM,4.0,True,19.0,1,88.479,3615.152,3526.673,30.5,52.7,25.4,False,False,False,False,False,False,False,False,False,True,False
ALB,23,Williams,5.0,1.0,MEDIUM,5.0,True,20.0,1,89.269,3704.421,3615.152,30.6,52.7,25.2,False,False,False,False,False,False,False,False,False,True,False
ALB,23,Williams,6.0,1.0,MEDIUM,6.0,True,20.0,1,88.665,3793.086,3704.421,30.6,52.3,25.2,False,False,False,False,False,False,False,False,False,True,False
ALB,23,Williams,7.0,1.0,MEDIUM,7.0,True,20.0,1,88.616,3881.702,3793.086,30.7,51.7,25.1,False,False,False,False,False,False,False,False,False,True,False
ALB,23,Williams,8.0,1.0,MEDIUM,8.0,True,19.0,1,88.46,3970.162,3881.702,30.7,51.7,25.2,False,False,False,False,False,False,False,False,False,True,False
ALB,23,Williams,9.0,1.0,MEDIUM,9.0,True,19.0,1,87.831,4057.993,3970.162,30.7,51.0,25.7,False,False,False,False,False,False,False,False,False,True,False
ALB,23,Williams,10.0,1.0,MEDIUM,10.0,True,19.0,1,88.497,4146.49,4057.993,30.8,51.4,25.2,False,False,False,False,False,False,False,False,False,True,False
ALB,23,Williams,11.0,1.0,MEDIUM,11.0,True,19.0,1,88.411,4234.901,4146.49,30.8,50.5,25.9,False,False,False,False,False,False,False,False,False,True,False
ALB,23,Williams,12.0,1.0,MEDIUM,12.0,True,19.0,1,91.197,4326.098,4234.901,30.9,52.4,26.3,False,False,False,False,False,False,False,False,True,False,False
ALB,23,Williams,13.0,1.0,MEDIUM,13.0,True,19.0,1,88.837,4414.935,4326.098,30.8,51.6,25.6,False,False,False,False,False,False,False,False,False,True,False
ALB,23,Williams,14.0,1.0,MEDIUM,14.0,True,19.0,1,88.248,4503.183,4414.935,30.8,52.5,25.8,False,False,False,False,False,False,False,False,False,True,False
ALB,23,Williams,15.0,1.0,MEDIUM,15.0,True,19.0,1,88.5,4591.683,4503.183,30.9,52.9,25.8,False,False,False,False,False,False,False,False,True,False,False
ALB,23,Williams,16.0,1.0,MEDIUM,16.0,True,18.0,1,88.309,4679.992,4591.683,31.0,52.3,24.8,False,False,False,False,False,False,False,False,True,False,False
ALB,23,Williams,17.0,1.0,MEDIUM,17.0,True,17.0,1,87.976,4767.968,4679.992,31.1,52.3,25.1,False,False,False,False,False,False,False,False,False,True,False
ALB,23,Williams,18.0,1.0,MEDIUM,18.0,True,16.0,1,88.214,4856.182,4767.968,31.3,51.6,24.6,False,False,False,False,False,False,False,False,False,True,False
ALB,23,Williams,19.0,1.0,MEDIUM,19.0,True,16.0,1,89.114,4945.296,4856.182,31.5,51.6,24.6,False,False,False,False,False,False,False,False,False,True,False
ALB,23,Williams,20.0,1.0,MEDIUM,20.0,True,16.0,1,88.621,5033.917,4945.296,30.9,52.4,24.7,False,False,False,False,False,False,False,False,False,True,False
ALB,23,Williams,21.0,1.0,MEDIUM,21.0,True,16.0,1,88.38,5122.297,5033.917,31.1,52.1,25.1,False,False,False,False,False,False,False,False,False,True,False
ALB,23,Williams,22.0,1.0,MEDIUM,22.0,True,16.0,1,88.341,5210.638,5122.297,31.3,51.9,25.7,False,False,False,False,False,False,False,False,False,True,False
ALB,23,Williams,23.0,1.0,MEDIUM,23.0,True,15.0,1,88.522,5299.16,5210.638,31.1,51.9,25.7,False,False,False,False,False,False,False,False,False,True,False
ALB,23,Williams,24.0,1.0,MEDIUM,24.0,True,15.0,1,88.227,5387.387,5299.16,31.0,49.8,25.9,False,False,False,False,False,False,False,False,False,True,False
ALB,23,Williams,25.0,1.0,MEDIUM,25.0,True,16.0,1,89.862,5477.249,5387.387,31.0,50.7,26.1,False,False,False,False,False,False,False,False,False,True,False
ALB,23,Williams,26.0,1.0,MEDIUM,26.0,True,19.0,1,91.997,5569.246,5477.249,30.7,50.6,25.9,False,True,False,False,True,False,False,False,False,False,False
ALB,23,Williams,27.0,2.0,HARD,1.0,True,20.0,1,108.303,5677.549,5569.246,30.9,50.0,25.6,False,False,True,False,True,False,False,False,False,False,False
ALB,23,Williams,28.0,2.0,HARD,2.0,True,20.0,1,86.44,5763.989,5677.549,31.0,50.5,25.6,False,False,False,False,False,False,False,False,False,True,False
ALB,23,Williams,29.0,2.0,HARD,3.0,True,20.0,1,86.54,5850.529,5763.989,31.1,51.2,25.8,False,False,False,False,False,False,False,False,False,True,False
ALB,23,Williams,30.0,2.0,HARD,4.0,True,20.0,1,87.067,5937.596,5850.529,31.5,50.3,25.4,False,False,False,False,False,False,False,False,False,True,False
ALB,23,Williams,31.0,2.0,HARD,5.0,True,20.0,1,87.04,6024.636,5937.596,31.0,51.1,25.9,False,False,False,False,False,False,False,False,False,True,False
ALB,23,Williams,32.0,2.0,HARD,6.0,True,20.0,1,86.949,6111.585,6024.636,31.3,49.1,25.4,False,False,False,False,False,False,False,False,False,True,False
ALB,23,Williams,33.0,2.0,HARD,7.0,True,20.0,1,88.193,6199.778,6111.585,31.1,49.2,25.4,False,False,False,False,False,False,False,False,False,True,False
ALB,23,Williams,34.0,2.0,HARD,8.0,True,20.0,1,88.019,6287.797,6199.778,31.1,48.7,25.9,False,False,False,False,False,False,False,False,False,True,False
ALB,23,Williams,35.0,2.0,HARD,9.0,True,20.0,1,87.007,6374.804,6287.797,30.4,48.7,25.9,False,False,False,False,False,False,False,False,False,True,False
ALB,23,Williams,36.0,2.0,HARD,10.0,True,19.0,1,87.404,6462.208,6374.804,31.3,49.7,25.8,False,False,False,False,False,False,False,False,False,True,False
ALB,23,Williams,37.0,2.0,HARD,11.0,True,19.0,1,87.576,6549.784,6462.208,31.0,49.8,25.8,False,False,False,False,False,False,False,False,False,True,False
ALB,23,Williams,38.0,2.0,HARD,12.0,True,19.0,12,90.378,6640.162,6549.784,31.0,49.8,25.1,False,False,False,False,False,False,True,False,False,False,False
ALB,23,Williams,39.0,2.0,HARD,13.0,True,20.0,1,90.084,6730.246,6640.162,31.0,49.3,25.7,False,False,False,False,False,False,False,False,False,True,False
ALB,23,Williams,40.0,2.0,HARD,14.0,True,20.0,1,87.699,6817.945,6730.246,31.0,49.6,26.0,False,False,False,False,False,False,False,False,False,True,False
ALB,23,Williams,41.0,2.0,HARD,15.0,True,20.0,1,87.863,6905.808,6817.945,31.0,49.9,26.1,False,False,False,False,False,False,False,False,False,True,False
ALB,23,Williams,42.0,2.0,HARD,16.0,True,19.0,1,87.796,6993.604,6905.808,31.1,50.3,26.0,False,False,False,False,False,False,False,False,False,True,False
ALB,23,Williams,43.0,2.0,HARD,17.0,True,19.0,1,87.666,7081.27,6993.604,31.0,50.5,25.5,False,False,False,False,False,False,False,False,False,True,False
ALB,23,Williams,44.0,2.0,HARD,18.0,True,18.0,1,87.155,7168.425,7081.27,31.0,50.5,25.0,False,False,False,False,False,False,False,False,False,True,False
ALB,23,Williams,45.0,2.0,HARD,19.0,True,18.0,1,87.117,7255.542,7168.425,31.1,50.8,25.5,False,False,False,False,False,False,False,False,False,True,False
ALB,23,Williams,46.0,2.0,HARD,20.0,True,18.0,1,88.224,7343.766,7255.542,31.2,50.4,24.8,False,False,False,False,False,False,False,False,False,True,False
ALB,23,Williams,47.0,2.0,HARD,21.0,True,18.0,1,87.559,7431.325,7343.766,31.3,48.4,25.1,False,False,False,False,False,False,False,False,False,True,False
ALB,23,Williams,48.0,2.0,HARD,22.0,True,18.0,1,87.462,7518.787,7431.325,31.3,47.8,25.5,False,False,False,False,False,False,False,False,False,True,False
ALB,23,Williams,49.0,2.0,HARD,23.0,True,18.0,12,87.265,7606.052,7518.787,31.4,49.0,25.8,False,False,False,False,False,False,True,False,False,False,False
ALB,23,Williams,50.0,2.0,HARD,24.0,True,18.0,1,87.205,7693.257,7606.052,31.3,49.4,25.2,False,False,False,False,False,False,False,False,False,True,False
ALB,23,Williams,51.0,2.0,HARD,25.0,True,18.0,1,87.191,7780.448,7693.257,31.4,48.4,25.2,False,False,False,False,False,False,False,False,False,True,False
ALB,23,Williams,52.0,2.0,HARD,26.0,True,18.0,1,87.378,7867.826,7780.448,31.3,47.2,25.6,False,False,False,False,False,False,False,False,False,True,False
ALB,23,Williams,53.0,2.0,HARD,27.0,True,18.0,1,87.047,7954.873,7867.826,31.2,48.7,26.0,False,False,False,False,False,False,False,False,False,True,False
ALB,23,Williams,54.0,2.0,HARD,28.0,True,18.0,126,92.938,8047.811,7954.873,31.3,48.7,26.0,False,True,False,False,True,False,True,False,False,False,False
ALB,23,Williams,55.0,3.0,SOFT,1.0,True,19.0,671,115.515,8163.326,8047.811,31.3,46.6,25.5,False,False,True,False,True,False,True,False,False,False,False
ALB,23,Williams,56.0,3.0,SOFT,2.0,True,18.0,1,86.109,8249.435,8163.326,31.1,46.6,26.1,False,False,False,False,False,False,False,False,False,True,False
ALB,23,Williams,57.0,3.0,SOFT,3.0,True,18.0,1,85.403,8334.838,8249.435,31.1,48.0,26.3,False,False,False,False,False,False,False,False,False,True,False
ALB,23,Williams,58.0,3.0,SOFT,4.0,True,18.0,1,86.21,8421.048,8334.838,31.1,48.3,26.2,False,False,False,False,False,False,False,False,False,True,False
ALB,23,Williams,59.0,3.0,SOFT,5.0,True,18.0,1,87.302,8508.35,8421.048,31.1,48.5,26.2,False,False,False,False,False,False,False,False,False,True,False
ALB,23,Williams,60.0,3.0,SOFT,6.0,True,18.0,1,86.88,8595.23,8508.35,31.1,48.6,26.1,False,False,False,False,False,False,False,False,False,True,False
ALB,23,Williams,61.0,3.0,SOFT,7.0,True,18.0,1,88.621,8683.851,8595.23,31.3,49.3,26.3,False,False,False,False,False,False,False,False,False,True,False
ALB,23,Williams,62.0,3.0,SOFT,8.0,True,18.0,1,87.195,8771.046,8683.851,31.3,49.3,25.9,False,False,False,False,False,False,False,False,False,True,False
ALB,23,Williams,63.0,3.0,SOFT,9.0,True,18.0,1,87.27,8858.316,8771.046,31.4,49.2,26.0,False,False,False,False,False,False,False,False,False,True,False
ALB,23,Williams,64.0,3.0,SOFT,10.0,True,18.0,1,87.094,8945.41,8858.316,31.5,49.1,26.0,False,False,False,False,False,False,False,False,False,True,False
ALB,23,Williams,65.0,3.0,SOFT,11.0,True,18.0,1,87.159,9032.569,8945.41,31.5,47.8,25.9,False,False,False,False,False,False,False,False,False,True,False
ALB,23,Williams,66.0,3.0,SOFT,12.0,True,18.0,1,87.7,9120.269,9032.569,31.5,48.5,26.0,False,False,False,False,False,False,False,False,False,True,False
ALB,23,Williams,67.0,3.0,SOFT,13.0,True,18.0,1,87.881,9208.15,9120.269,31.5,46.6,25.7,False,False,False,False,False,False,False,False,False,True,False
ALB,23,Williams,68.0,3.0,SOFT,14.0,True,18.0,1,89.003,9297.153,9208.15,31.3,46.3,26.6,False,False,False,False,False,False,False,False,False,True,False
HUL,27,Audi,1.0,1.0,MEDIUM,1.0,True,10.0,1,95.853,3344.097,3248.019,30.4,51.4,25.0,False,False,False,False,True,False,False,False,False,False,False
HUL,27,Audi,2.0,1.0,MEDIUM,2.0,True,10.0,1,88.356,3432.453,3344.097,31.0,51.4,25.0,False,False,False,False,False,False,False,False,False,True,False
HUL,27,Audi,3.0,1.0,MEDIUM,3.0,True,10.0,1,86.963,3519.416,3432.453,30.5,53.1,25.9,False,False,False,False,False,False,False,False,False,True,False
HUL,27,Audi,4.0,1.0,MEDIUM,4.0,True,10.0,1,87.4,3606.816,3519.416,30.5,52.7,25.4,False,False,False,False,False,False,False,False,False,True,False
HUL,27,Audi,5.0,1.0,MEDIUM,5.0,True,10.0,1,86.895,3693.711,3606.816,30.6,52.7,25.2,False,False,False,False,False,False,False,False,False,True,False
HUL,27,Audi,6.0,1.0,MEDIUM,6.0,True,10.0,1,86.842,3780.553,3693.711,30.6,52.3,25.2,False,False,False,False,False,False,False,False,False,True,False
HUL,27,Audi,7.0,1.0,MEDIUM,7.0,True,10.0,1,87.058,3867.611,3780.553,30.7,51.0,25.0,False,False,False,False,False,False,False,False,False,True,False
HUL,27,Audi,8.0,1.0,MEDIUM,8.0,True,10.0,1,86.943,3954.554,3867.611,30.7,51.7,25.2,False,False,False,False,False,False,False,False,False,True,False
HUL,27,Audi,9.0,1.0,MEDIUM,9.0,True,10.0,1,87.121,4041.675,3954.554,30.7,52.8,25.5,False,False,False,False,False,False,False,False,False,True,False
HUL,27,Audi,10.0,1.0,MEDIUM,10.0,True,10.0,1,87.206,4128.881,4041.675,30.8,51.4,25.2,False,False,False,False,False,False,False,False,False,True,False
HUL,27,Audi,11.0,1.0,MEDIUM,11.0,True,10.0,1,87.447,4216.328,4128.881,30.7,51.1,25.7,False,False,False,False,False,False,False,False,False,True,False
HUL,27,Audi,12.0,1.0,MEDIUM,12.0,True,10.0,1,87.325,4303.653,4216.328,30.9,52.4,26.3,False,False,False,False,False,False,False,False,False,True,False
HUL,27,Audi,13.0,1.0,MEDIUM,13.0,True,10.0,1,87.136,4390.789,4303.653,30.9,51.0,25.4,False,False,False,False,False,False,False,False,False,True,False
HUL,27,Audi,14.0,1.0,MEDIUM,14.0,True,10.0,1,87.745,4478.534,4390.789,30.8,52.5,25.8,False,False,False,False,False,False,False,False,False,True,False
HUL,27,Audi,15.0,1.0,MEDIUM,15.0,True,10.0,1,87.489,4566.023,4478.534,30.9,51.4,25.4,False,False,False,False,False,False,False,False,False,True,False
HUL,27,Audi,16.0,1.0,MEDIUM,16.0,True,10.0,1,87.626,4653.649,4566.023,31.0,52.3,24.8,False,False,False,False,False,False,False,False,False,True,False
HUL,27,Audi,17.0,1.0,MEDIUM,17.0,True,11.0,1,88.471,4742.12,4653.649,31.1,52.3,25.1,False,False,False,False,False,False,False,False,False,True,False
HUL,27,Audi,18.0,1.0,MEDIUM,18.0,True,11.0,1,87.673,4829.793,4742.12,31.1,52.3,25.1,False,False,False,False,False,False,False,False,False,True,False
HUL,27,Audi,19.0,1.0,MEDIUM,19.0,True,11.0,1,90.376,4920.169,4829.793,31.5,51.6,24.6,False,True,False,False,True,False,False,False,False,False,False
HUL,27,Audi,20.0,2.0,HARD,1.0,True,13.0,1,104.492,5024.661,4920.169,30.9,52.4,24.7,False,False,True,False,True,False,False,False,False,False,False
HUL,27,Audi,21.0,2.0,HARD,2.0,True,13.0,1,85.814,5110.475,5024.661,31.1,52.1,25.1,False,False,False,False,False,False,False,False,False,True,False
HUL,27,Audi,22.0,2.0,HARD,3.0,True,13.0,1,87.78,5198.255,5110.475,31.3,51.9,25.7,False,False,False,False,False,False,False,False,False,True,False
HUL,27,Audi,23.0,2.0,HARD,4.0,True,13.0,1,87.049,5285.304,5198.255,31.1,51.9,25.7,False,False,False,False,False,False,False,False,False,True,False
HUL,27,Audi,24.0,2.0,HARD,5.0,True,13.0,1,86.979,5372.283,5285.304,31.0,49.8,25.9,False,False,False,False,False,False,False,False,False,True,False
HUL,27,Audi,25.0,2.0,HARD,6.0,True,13.0,1,87.158,5459.441,5372.283,31.0,50.7,26.1,False,False,False,False,False,False,False,False,False,True,False
HUL,27,Audi,26.0,2.0,HARD,7.0,True,12.0,1,86.034,5545.475,5459.441,30.9,50.7,26.1,False,False,False,False,False,False,False,False,False,True,False
HUL,27,Audi,27.0,2.0,HARD,8.0,True,12.0,1,86.443,5631.918,5545.475,30.8,51.3,26.2,False,False,False,False,False,False,False,False,False,True,False
HUL,27,Audi,28.0,2.0,HARD,9.0,True,12.0,1,86.395,5718.313,5631.918,30.9,50.0,25.6,False,False,False,False,False,False,False,False,False,True,False
HUL,27,Audi,29.0,2.0,HARD,10.0,True,12.0,1,86.517,5804.83,5718.313,31.1,51.2,25.8,False,False,False,False,False,False,False,False,False,True,False
HUL,27,Audi,30.0,2.0,HARD,11.0,True,11.0,1,86.394,5891.224,5804.83,31.1,50.3,25.4,False,False,False,False,False,False,False,False,False,True,False
HUL,27,Audi,31.0,2.0,HARD,12.0,True,11.0,1,86.403,5977.627,5891.224,31.0,51.1,25.9,False,False,False,False,False,False,False,False,False,True,False
HUL,27,Audi,32.0,2.0,HARD,13.0,True,11.0,1,86.514,6064.141,5977.627,31.2,51.1,25.2,False,False,False,False,False,False,False,False,False,True,False
HUL,27,Audi,33.0,2.0,HARD,14.0,True,11.0,1,86.19,6150.331,6064.141,31.3,49.1,25.4,False,False,False,False,False,False,False,False,False,True,False
HUL,27,Audi,34.0,2.0,HARD,15.0,True,11.0,1,86.149,6236.48,6150.331,31.0,48.5,25.4,False,False,False,False,False,False,False,False,False,True,False
HUL,27,Audi,35.0,2.0,HARD,16.0,True,11.0,1,86.229,6322.709,6236.48,31.1,48.7,25.9,False,False,False,False,False,False,False,False,False,True,False
HUL,27,Audi,36.0,2.0,HARD,17.0,True,11.0,1,86.251,6408.96,6322.709,31.0,50.3,26.0,False,False,False,False,False,False,False,False,False,True,False
HUL,27,Audi,37.0,2.0,HARD,18.0,True,11.0,1,86.159,6495.119,6408.96,31.3,49.7,25.8,False,False,False,False,False,False,False,False,False,True,False
HUL,27,Audi,38.0,2.0,HARD,19.0,True,11.0,12,86.62,6581.739,6495.119,31.0,50.9,25.6,False,False,False,False,False,False,True,False,False,False,False
HUL,27,Audi,39.0,2.0,HARD,20.0,True,11.0,1,88.815,6670.554,6581.739,31.0,49.8,25.1,False,True,False,False,True,False,False,False,False,False,False
HUL,27,Audi,40.0,3.0,SOFT,4.0,False,12.0,1,103.396,6773.95,6670.554,31.0,49.7,26.0,False,False,True,False,True,False,False,False,False,False,False
HUL,27,Audi,41.0,3.0,SOFT,5.0,False,12.0,1,85.249,6859.199,6773.95,31.0,49.6,26.0,False,False,False,False,False,False,False,False,False,True,False
HUL,27,Audi,42.0,3.0,SOFT,6.0,False,12.0,1,84.588,6943.787,6859.199,31.4,49.9,26.1,False,False,False,False,False,False,False,False,False,True,False
HUL,27,Audi,43.0,3.0,SOFT,7.0,False,12.0,1,84.824,7028.611,6943.787,31.1,50.3,26.0,False,False,False,False,False,False,False,False,False,True,False
HUL,27,Audi,44.0,3.0,SOFT,8.0,False,12.0,1,85.283,7113.894,7028.611,31.0,50.5,25.0,False,False,False,False,False,False,False,False,False,True,False
HUL,27,Audi,45.0,3.0,SOFT,9.0,False,12.0,1,85.203,7199.097,7113.894,31.1,50.4,24.7,False,False,False,False,False,False,False,False,False,True,False
HUL,27,Audi,46.0,3.0,SOFT,10.0,False,12.0,1,85.365,7284.462,7199.097,31.1,50.8,25.5,False,False,False,False,False,False,False,False,False,True,False
HUL,27,Audi,47.0,3.0,SOFT,11.0,False,12.0,1,86.149,7370.611,7284.462,31.2,50.5,25.1,False,False,False,False,False,False,False,False,False,True,False
HUL,27,Audi,48.0,3.0,SOFT,12.0,False,12.0,1,85.623,7456.234,7370.611,31.3,48.4,25.1,False,False,False,False,False,False,False,False,False,True,False
HUL,27,Audi,49.0,3.0,SOFT,13.0,False,12.0,12,87.042,7543.276,7456.234,31.3,49.4,25.7,False,False,False,False,False,False,True,False,False,False,False
HUL,27,Audi,50.0,3.0,SOFT,14.0,False,12.0,1,84.942,7628.218,7543.276,31.4,49.0,25.8,False,False,False,False,False,False,False,False,False,True,False
HUL,27,Audi,51.0,3.0,SOFT,15.0,False,12.0,1,84.322,7712.54,7628.218,31.6,49.4,25.2,False,False,False,False,False,False,False,False,False,True,False
HUL,27,Audi,52.0,3.0,SOFT,16.0,False,12.0,1,84.953,7797.493,7712.54,31.4,48.4,25.2,False,False,False,False,False,False,False,False,False,True,False
HUL,27,Audi,53.0,3.0,SOFT,17.0,False,12.0,1,85.455,7882.948,7797.493,31.3,47.2,25.6,False,False,False,False,False,False,False,False,False,True,False
HUL,27,Audi,54.0,3.0,SOFT,18.0,False,12.0,1,85.439,7968.387,7882.948,31.2,48.7,26.0,False,False,False,False,False,False,False,False,False,True,False
HUL,27,Audi,55.0,3.0,SOFT,19.0,False,12.0,126,94.339,8062.726,7968.387,31.3,48.7,26.0,False,False,False,False,True,False,True,False,False,False,False
HUL,27,Audi,56.0,3.0,SOFT,20.0,False,11.0,671,98.422,8161.148,8062.726,31.3,46.6,25.5,False,False,False,False,True,False,True,False,False,False,False
HUL,27,Audi,57.0,3.0,SOFT,21.0,False,11.0,1,84.876,8246.024,8161.148,31.1,46.6,26.1,False,False,False,False,False,False,False,False,False,True,False
HUL,27,Audi,58.0,3.0,SOFT,22.0,False,11.0,1,85.367,8331.391,8246.024,31.1,48.0,26.3,False,False,False,False,False,False,False,False,False,True,False
HUL,27,Audi,59.0,3.0,SOFT,23.0,False,10.0,1,86.089,8417.48,8331.391,31.1,48.3,26.2,False,False,False,False,False,False,False,False,False,True,False
HUL,27,Audi,60.0,3.0,SOFT,24.0,False,10.0,1,85.188,8502.668,8417.48,31.1,48.5,26.2,False,False,False,False,False,False,False,False,False,True,False
HUL,27,Audi,61.0,3.0,SOFT,25.0,False,10.0,1,87.937,8590.605,8502.668,31.1,48.6,26.1,False,False,False,False,False,False,False,False,False,True,False
HUL,27,Audi,62.0,3.0,SOFT,26.0,False,10.0,1,87.15,8677.755,8590.605,31.3,49.3,26.3,False,False,False,False,False,False,False,False,False,True,False
HUL,27,Audi,63.0,3.0,SOFT,27.0,False,9.0,1,86.307,8764.062,8677.755,31.3,49.3,25.9,False,False,False,False,False,False,False,False,False,True,False
HUL,27,Audi,64.0,3.0,SOFT,28.0,False,9.0,1,86.245,8850.307,8764.062,31.3,48.1,26.2,False,False,False,False,False,False,False,False,False,True,False
HUL,27,Audi,65.0,3.0,SOFT,29.0,False,9.0,1,84.506,8934.813,8850.307,31.5,49.1,26.0,False,False,False,False,False,False,False,False,False,True,False
HUL,27,Audi,66.0,3.0,SOFT,30.0,False,9.0,1,86.472,9021.285,8934.813,31.6,48.5,25.6,False,False,False,False,False,False,False,False,False,True,False
HUL,27,Audi,67.0,3.0,SOFT,31.0,False,9.0,1,83.964,9105.249,9021.285,31.5,48.5,26.0,False,False,False,False,False,False,False,False,False,True,False
HUL,27,Audi,68.0,3.0,SOFT,32.0,False,9.0,1,84.258,9189.507,9105.249,31.5,46.6,25.7,False,False,False,False,False,False,False,False,False,True,False
HUL,27,Audi,69.0,3.0,SOFT,33.0,False,9.0,1,85.299,9274.806,9189.507,31.3,46.3,26.6,False,False,False,False,False,False,False,False,False,True,False
VER,3,Red Bull Racing,1.0,1.0,MEDIUM,1.0,True,3.0,1,92.03,3340.274,3248.019,30.4,51.4,25.0,False,False,False,False,True,False,False,False,False,False,False
VER,3,Red Bull Racing,2.0,1.0,MEDIUM,2.0,True,3.0,1,85.958,3426.232,3340.274,31.0,51.4,25.0,False,False,False,False,False,False,False,False,False,True,False
VER,3,Red Bull Racing,3.0,1.0,MEDIUM,3.0,True,3.0,1,85.597,3511.829,3426.232,30.5,53.1,25.9,False,False,False,False,False,False,False,False,False,True,False
VER,3,Red Bull Racing,4.0,1.0,MEDIUM,4.0,True,3.0,1,85.359,3597.188,3511.829,30.5,52.7,25.4,False,False,False,False,False,False,False,False,False,True,False
VER,3,Red Bull Racing,5.0,1.0,MEDIUM,5.0,True,3.0,1,85.743,3682.931,3597.188,30.6,52.9,25.5,False,False,False,False,False,False,False,False,False,True,False
VER,3,Red Bull Racing,6.0,1.0,MEDIUM,6.0,True,3.0,1,85.396,3768.327,3682.931,30.6,52.3,25.2,False,False,False,False,False,False,False,False,False,True,False
VER,3,Red Bull Racing,7.0,1.0,MEDIUM,7.0,True,3.0,1,85.388,3853.715,3768.327,30.7,51.0,25.0,False,False,False,False,False,False,False,False,False,True,False
VER,3,Red Bull Racing,8.0,1.0,MEDIUM,8.0,True,3.0,1,85.474,3939.189,3853.715,30.7,51.7,25.2,False,False,False,False,False,False,False,False,False,True,False
VER,3,Red Bull Racing,9.0,1.0,MEDIUM,9.0,True,3.0,1,85.635,4024.824,3939.189,30.7,52.8,25.5,False,False,False,False,False,False,False,False,False,True,False
VER,3,Red Bull Racing,10.0,1.0,MEDIUM,10.0,True,3.0,1,85.622,4110.446,4024.824,30.7,51.0,25.7,False,False,False,False,False,False,False,False,False,True,False
VER,3,Red Bull Racing,11.0,1.0,MEDIUM,11.0,True,3.0,1,85.627,4196.073,4110.446,30.7,51.1,25.7,False,False,False,False,False,False,False,False,False,True,False
VER,3,Red Bull Racing,12.0,1.0,MEDIUM,12.0,True,3.0,1,85.733,4281.806,4196.073,30.8,50.5,25.9,False,False,False,False,False,False,False,False,False,True,False
VER,3,Red Bull Racing,13.0,1.0,MEDIUM,13.0,True,3.0,1,85.957,4367.763,4281.806,30.9,51.0,25.4,False,False,False,False,False,False,False,False,False,True,False
VER,3,Red Bull Racing,14.0,1.0,MEDIUM,14.0,True,4.0,1,88.509,4456.272,4367.763,30.8,51.6,25.6,False,True,False,False,True,False,False,False,False,False,False
VER,3,Red Bull Racing,15.0,2.0,HARD,1.0,True,8.0,1,103.352,4559.624,4456.272,30.9,51.4,25.4,False,False,True,False,True,False,False,False,False,False,False
VER,3,Red Bull Racing,16.0,2.0,HARD,2.0,True,6.0,1,84.985,4644.609,4559.624,30.9,52.9,25.8,False,False,False,False,False,False,False,False,False,True,False
VER,3,Red Bull Racing,17.0,2.0,HARD,3.0,True,5.0,1,84.969,4729.578,4644.609,31.1,52.3,25.1,False,False,False,False,False,False,False,False,False,True,False
VER,3,Red Bull Racing,18.0,2.0,HARD,4.0,True,5.0,1,85.979,4815.557,4729.578,31.1,52.3,25.1,False,False,False,False,False,False,False,False,False,True,False
VER,3,Red Bull Racing,19.0,2.0,HARD,5.0,True,4.0,1,85.648,4901.205,4815.557,31.5,51.6,24.6,False,False,False,False,False,False,False,False,False,True,False
VER,3,Red Bull Racing,20.0,2.0,HARD,6.0,True,4.0,1,84.965,4986.17,4901.205,31.1,52.4,24.7,False,False,False,False,False,False,False,False,False,True,False
VER,3,Red Bull Racing,21.0,2.0,HARD,7.0,True,4.0,1,85.211,5071.381,4986.17,30.9,52.4,24.7,False,False,False,False,False,False,False,False,False,True,False
VER,3,Red Bull Racing,22.0,2.0,HARD,8.0,True,4.0,1,85.317,5156.698,5071.381,30.8,52.1,25.1,False,False,False,False,False,False,False,False,False,True,False
VER,3,Red Bull Racing,23.0,2.0,HARD,9.0,True,3.0,1,85.073,5241.771,5156.698,31.3,51.9,25.7,False,False,False,False,False,False,False,False,False,True,False
VER,3,Red Bull Racing,24.0,2.0,HARD,10.0,True,3.0,1,85.027,5326.798,5241.771,31.3,49.6,25.5,False,False,False,False,False,False,False,False,False,True,False
VER,3,Red Bull Racing,25.0,2.0,HARD,11.0,True,3.0,1,85.172,5411.97,5326.798,31.0,49.8,25.9,False,False,False,False,False,False,False,False,False,True,False
VER,3,Red Bull Racing,26.0,2.0,HARD,12.0,True,3.0,1,85.446,5497.416,5411.97,30.9,50.7,26.1,False,False,False,False,False,False,False,False,False,True,False
VER,3,Red Bull Racing,27.0,2.0,HARD,13.0,True,3.0,1,85.47,5582.886,5497.416,30.7,50.6,25.9,False,False,False,False,False,False,False,False,False,True,False
VER,3,Red Bull Racing,28.0,2.0,HARD,14.0,True,3.0,1,85.114,5668.0,5582.886,30.8,51.3,26.2,False,False,False,False,False,False,False,False,False,True,False
VER,3,Red Bull Racing,29.0,2.0,HARD,15.0,True,3.0,1,85.496,5753.496,5668.0,31.0,50.5,25.6,False,False,False,False,False,False,False,False,False,True,False
VER,3,Red Bull Racing,30.0,2.0,HARD,16.0,True,3.0,1,85.064,5838.56,5753.496,31.1,51.2,25.8,False,False,False,False,False,False,False,False,False,True,False
VER,3,Red Bull Racing,31.0,2.0,HARD,17.0,True,3.0,1,85.398,5923.958,5838.56,31.5,50.3,25.4,False,False,False,False,False,False,False,False,False,True,False
VER,3,Red Bull Racing,32.0,2.0,HARD,18.0,True,3.0,1,85.494,6009.452,5923.958,31.0,51.1,25.9,False,False,False,False,False,False,False,False,False,True,False
VER,3,Red Bull Racing,33.0,2.0,HARD,19.0,True,3.0,1,85.772,6095.224,6009.452,31.3,49.1,25.4,False,False,False,False,False,False,False,False,False,True,False
VER,3,Red Bull Racing,34.0,2.0,HARD,20.0,True,2.0,1,85.394,6180.618,6095.224,31.1,49.2,25.4,False,False,False,False,False,False,False,False,False,True,False
VER,3,Red Bull Racing,35.0,2.0,HARD,21.0,True,2.0,1,85.763,6266.381,6180.618,31.0,48.5,25.4,False,False,False,False,False,False,False,False,False,True,False
VER,3,Red Bull Racing,36.0,2.0,HARD,22.0,True,2.0,1,85.424,6351.805,6266.381,30.4,48.7,25.9,False,False,False,False,False,False,False,False,False,True,False
VER,3,Red Bull Racing,37.0,2.0,HARD,23.0,True,2.0,1,86.041,6437.846,6351.805,31.0,50.3,26.0,False,False,False,False,False,False,False,False,False,True,False
VER,3,Red Bull Racing,38.0,2.0,HARD,24.0,True,2.0,1,85.724,6523.57,6437.846,31.0,49.8,25.8,False,False,False,False,False,False,False,False,False,True,False
VER,3,Red Bull Racing,39.0,2.0,HARD,25.0,True,2.0,12,85.712,6609.282,6523.57,31.0,50.9,25.6,False,False,False,False,False,False,True,False,False,False,False
VER,3,Red Bull Racing,40.0,2.0,HARD,26.0,True,1.0,1,85.63,6694.912,6609.282,31.0,49.3,25.7,False,False,False,False,False,False,False,False,False,True,False
VER,3,Red Bull Racing,41.0,2.0,HARD,27.0,True,2.0,1,88.414,6783.326,6694.912,31.0,49.7,26.0,False,True,False,False,True,False,False,False,False,False,False
VER,3,Red Bull Racing,42.0,3.0,SOFT,4.0,False,5.0,1,103.103,6886.429,6783.326,31.0,49.9,26.1,False,False,True,False,True,False,False,False,False,False,False
VER,3,Red Bull Racing,43.0,3.0,SOFT,5.0,False,5.0,1,84.373,6970.802,6886.429,31.4,49.9,26.1,False,False,False,False,False,False,False,False,False,True,False
VER,3,Red Bull Racing,44.0,3.0,SOFT,6.0,False,5.0,1,84.514,7055.316,6970.802,31.0,50.5,25.5,False,False,False,False,False,False,False,False,False,True,False
VER,3,Red Bull Racing,45.0,3.0,SOFT,7.0,False,5.0,1,83.97,7139.286,7055.316,31.0,50.5,25.0,False,False,False,False,False,False,False,False,False,True,False
VER,3,Red Bull Racing,46.0,3.0,SOFT,8.0,False,5.0,1,84.094,7223.38,7139.286,31.1,50.4,24.7,False,False,False,False,False,False,False,False,False,True,False
VER,3,Red Bull Racing,47.0,3.0,SOFT,9.0,False,5.0,1,83.922,7307.302,7223.38,31.2,50.4,24.8,False,False,False,False,False,False,False,False,False,True,False
VER,3,Red Bull Racing,48.0,3.0,SOFT,10.0,False,5.0,1,83.783,7391.085,7307.302,31.2,50.5,25.1,False,False,False,False,False,False,False,False,False,True,False
VER,3,Red Bull Racing,49.0,3.0,SOFT,11.0,False,5.0,1,83.978,7475.063,7391.085,31.3,47.8,25.5,False,False,False,False,False,False,False,False,False,True,False
VER,3,Red Bull Racing,50.0,3.0,SOFT,12.0,False,5.0,12,83.888,7558.951,7475.063,31.3,49.4,25.7,False,False,False,False,False,False,True,False,False,False,False
VER,3,Red Bull Racing,51.0,3.0,SOFT,13.0,False,5.0,1,83.86,7642.811,7558.951,31.4,49.0,25.8,False,False,False,False,False,False,False,False,False,True,False
VER,3,Red Bull Racing,52.0,3.0,SOFT,14.0,False,5.0,1,83.925,7726.736,7642.811,31.6,49.4,25.2,False,False,False,False,False,False,False,False,False,True,False
VER,3,Red Bull Racing,53.0,3.0,SOFT,15.0,False,5.0,1,83.925,7810.661,7726.736,31.4,48.4,25.2,False,False,False,False,False,False,False,False,False,True,False
VER,3,Red Bull Racing,54.0,3.0,SOFT,16.0,False,4.0,1,83.954,7894.615,7810.661,31.2,47.5,25.9,False,False,False,False,False,False,False,False,False,True,False
VER,3,Red Bull Racing,55.0,3.0,SOFT,17.0,False,4.0,1,83.884,7978.499,7894.615,31.2,48.7,26.0,False,False,False,False,False,False,False,False,False,True,False
VER,3,Red Bull Racing,56.0,3.0,SOFT,18.0,False,3.0,126,97.468,8075.967,7978.499,31.4,47.0,25.6,False,False,False,False,True,False,True,False,False,False,False
VER,3,Red Bull Racing,57.0,3.0,SOFT,19.0,False,2.0,671,94.468,8170.435,8075.967,31.3,46.6,25.5,False,False,False,False,True,False,True,False,False,False,False
VER,3,Red Bull Racing,58.0,3.0,SOFT,20.0,False,2.0,1,83.652,8254.087,8170.435,31.1,47.8,26.5,False,False,False,False,False,False,False,False,False,True,False
VER,3,Red Bull Racing,59.0,3.0,SOFT,21.0,False,2.0,1,83.483,8337.57,8254.087,31.1,48.0,26.3,False,False,False,False,False,False,False,False,False,True,False
VER,3,Red Bull Racing,60.0,3.0,SOFT,22.0,False,2.0,1,83.995,8421.565,8337.57,31.1,48.3,26.2,False,False,False,False,False,False,False,False,False,True,False
VER,3,Red Bull Racing,61.0,3.0,SOFT,23.0,False,2.0,1,84.073,8505.638,8421.565,31.1,48.5,26.2,False,False,False,False,False,False,False,False,False,True,False
VER,3,Red Bull Racing,62.0,3.0,SOFT,24.0,False,2.0,1,84.262,8589.9,8505.638,31.1,48.6,26.1,False,False,False,False,False,False,False,False,False,True,False
VER,3,Red Bull Racing,63.0,3.0,SOFT,25.0,False,2.0,1,84.066,8673.966,8589.9,31.3,49.3,26.3,False,False,False,False,False,False,False,False,False,True,False
VER,3,Red Bull Racing,64.0,3.0,SOFT,26.0,False,2.0,1,83.587,8757.553,8673.966,31.3,49.3,25.9,False,False,False,False,False,False,False,False,False,True,False
VER,3,Red Bull Racing,65.0,3.0,SOFT,27.0,False,2.0,1,83.445,8840.998,8757.553,31.3,48.1,26.2,False,False,False,False,False,False,False,False,False,True,False
VER,3,Red Bull Racing,66.0,3.0,SOFT,28.0,False,2.0,1,83.433,8924.431,8840.998,31.5,49.1,26.0,False,False,False,False,False,False,False,False,False,True,False
VER,3,Red Bull Racing,67.0,3.0,SOFT,29.0,False,2.0,1,83.667,9008.098,8924.431,31.6,48.5,25.6,False,False,False,False,False,False,False,False,False,True,False
VER,3,Red Bull Racing,68.0,3.0,SOFT,30.0,False,2.0,1,83.477,9091.575,9008.098,31.5,47.8,25.9,False,False,False,False,False,False,False,False,False,True,False
VER,3,Red Bull Racing,69.0,3.0,SOFT,31.0,False,2.0,1,83.709,9175.284,9091.575,31.5,46.6,25.7,False,False,False,False,False,False,False,False,False,True,False
VER,3,Red Bull Racing,70.0,3.0,SOFT,32.0,False,2.0,1,84.22,9259.504,9175.284,31.4,46.5,26.4,False,False,False,False,False,False,False,False,False,True,False
LAW,30,Racing Bulls,1.0,1.0,MEDIUM,1.0,True,8.0,1,95.009,3343.253,3248.019,30.4,51.4,25.0,False,False,False,False,True,False,False,False,False,False,False
LAW,30,Racing Bulls,2.0,1.0,MEDIUM,2.0,True,8.0,1,87.163,3430.416,3343.253,31.0,51.4,25.0,False,False,False,False,False,False,False,False,False,True,False
LAW,30,Racing Bulls,3.0,1.0,MEDIUM,3.0,True,8.0,1,86.38,3516.796,3430.416,30.5,53.1,25.9,False,False,False,False,False,False,False,False,False,True,False
LAW,30,Racing Bulls,4.0,1.0,MEDIUM,4.0,True,8.0,1,86.605,3603.401,3516.796,30.5,52.7,25.4,False,False,False,False,False,False,False,False,False,True,False
LAW,30,Racing Bulls,5.0,1.0,MEDIUM,5.0,True,8.0,1,86.739,3690.14,3603.401,30.6,52.9,25.5,False,False,False,False,False,False,False,False,False,True,False
LAW,30,Racing Bulls,6.0,1.0,MEDIUM,6.0,True,8.0,1,86.82,3776.96,3690.14,30.6,52.3,25.2,False,False,False,False,False,False,False,False,False,True,False
LAW,30,Racing Bulls,7.0,1.0,MEDIUM,7.0,True,8.0,1,86.841,3863.801,3776.96,30.7,51.0,25.0,False,False,False,False,False,False,False,False,False,True,False
LAW,30,Racing Bulls,8.0,1.0,MEDIUM,8.0,True,8.0,1,86.608,3950.409,3863.801,30.7,51.7,25.2,False,False,False,False,False,False,False,False,False,True,False
LAW,30,Racing Bulls,9.0,1.0,MEDIUM,9.0,True,8.0,1,86.612,4037.021,3950.409,30.7,52.8,25.5,False,False,False,False,False,False,False,False,False,True,False
LAW,30,Racing Bulls,10.0,1.0,MEDIUM,10.0,True,8.0,1,86.939,4123.96,4037.021,30.8,51.4,25.2,False,False,False,False,False,False,False,False,False,True,False
LAW,30,Racing Bulls,11.0,1.0,MEDIUM,11.0,True,8.0,1,86.861,4210.821,4123.96,30.7,51.1,25.7,False,False,False,False,False,False,False,False,False,True,False
LAW,30,Racing Bulls,12.0,1.0,MEDIUM,12.0,True,8.0,1,87.095,4297.916,4210.821,30.9,52.4,26.3,False,False,False,False,False,False,False,False,False,True,False
LAW,30,Racing Bulls,13.0,1.0,MEDIUM,13.0,True,8.0,1,86.918,4384.834,4297.916,30.9,51.0,25.4,False,False,False,False,False,False,False,False,False,True,False
LAW,30,Racing Bulls,14.0,1.0,MEDIUM,14.0,True,7.0,1,87.111,4471.945,4384.834,30.8,52.5,25.8,False,False,False,False,False,False,False,False,False,True,False
LAW,30,Racing Bulls,15.0,1.0,MEDIUM,15.0,True,7.0,1,87.54,4559.485,4471.945,30.9,51.4,25.4,False,False,False,False,False,False,False,False,False,True,False
LAW,30,Racing Bulls,16.0,1.0,MEDIUM,16.0,True,8.0,1,88.845,4648.33,4559.485,30.9,52.9,25.8,False,False,False,False,False,False,False,False,False,True,False
LAW,30,Racing Bulls,17.0,1.0,MEDIUM,17.0,True,8.0,1,87.906,4736.236,4648.33,31.1,52.3,25.1,False,False,False,False,False,False,False,False,False,True,False
LAW,30,Racing Bulls,18.0,1.0,MEDIUM,18.0,True,8.0,1,87.701,4823.937,4736.236,31.1,52.3,25.1,False,False,False,False,False,False,False,False,False,True,False
LAW,30,Racing Bulls,19.0,1.0,MEDIUM,19.0,True,8.0,1,87.559,4911.496,4823.937,31.5,51.6,24.6,False,False,False,False,False,False,False,False,False,True,False
LAW,30,Racing Bulls,20.0,1.0,MEDIUM,20.0,True,7.0,1,87.683,4999.179,4911.496,31.1,52.4,24.7,False,False,False,False,False,False,False,False,False,True,False
LAW,30,Racing Bulls,21.0,1.0,MEDIUM,21.0,True,8.0,1,90.678,5089.857,4999.179,31.1,52.1,25.1,False,True,False,False,True,False,False,False,False,False,False
LAW,30,Racing Bulls,22.0,2.0,HARD,1.0,True,11.0,1,105.587,5195.444,5089.857,31.3,51.9,25.7,False,False,True,False,True,False,False,False,False,False,False
LAW,30,Racing Bulls,23.0,2.0,HARD,2.0,True,11.0,1,86.344,5281.788,5195.444,31.1,51.9,25.7,False,False,False,False,False,False,False,False,False,True,False
LAW,30,Racing Bulls,24.0,2.0,HARD,3.0,True,10.0,1,85.714,5367.502,5281.788,31.3,49.6,25.5,False,False,False,False,False,False,False,False,False,True,False
LAW,30,Racing Bulls,25.0,2.0,HARD,4.0,True,10.0,1,86.149,5453.651,5367.502,31.0,50.7,26.1,False,False,False,False,False,False,False,False,False,True,False
LAW,30,Racing Bulls,26.0,2.0,HARD,5.0,True,10.0,1,85.847,5539.498,5453.651,30.9,50.7,26.1,False,False,False,False,False,False,False,False,False,True,False
LAW,30,Racing Bulls,27.0,2.0,HARD,6.0,True,10.0,1,86.09,5625.588,5539.498,30.8,51.3,26.2,False,False,False,False,False,False,False,False,False,True,False
LAW,30,Racing Bulls,28.0,2.0,HARD,7.0,True,10.0,1,87.8,5713.388,5625.588,30.9,50.0,25.6,False,False,False,False,False,False,False,False,False,True,False
LAW,30,Racing Bulls,29.0,2.0,HARD,8.0,True,9.0,1,86.521,5799.909,5713.388,31.1,51.2,25.8,False,False,False,False,False,False,False,False,False,True,False
LAW,30,Racing Bulls,30.0,2.0,HARD,9.0,True,9.0,1,86.374,5886.283,5799.909,31.1,50.3,25.4,False,False,False,False,False,False,False,False,False,True,False
LAW,30,Racing Bulls,31.0,2.0,HARD,10.0,True,9.0,1,86.09,5972.373,5886.283,31.0,51.1,25.9,False,False,False,False,False,False,False,False,False,True,False
LAW,30,Racing Bulls,32.0,2.0,HARD,11.0,True,9.0,1,86.1,6058.473,5972.373,31.2,51.1,25.2,False,False,False,False,False,False,False,False,False,True,False
LAW,30,Racing Bulls,33.0,2.0,HARD,12.0,True,9.0,1,86.267,6144.74,6058.473,31.3,49.1,25.4,False,False,False,False,False,False,False,False,False,True,False
LAW,30,Racing Bulls,34.0,2.0,HARD,13.0,True,9.0,1,86.113,6230.853,6144.74,31.0,48.5,25.4,False,False,False,False,False,False,False,False,False,True,False
LAW,30,Racing Bulls,35.0,2.0,HARD,14.0,True,9.0,1,86.273,6317.126,6230.853,31.1,48.7,25.9,False,False,False,False,False,False,False,False,False,True,False
LAW,30,Racing Bulls,36.0,2.0,HARD,15.0,True,9.0,1,86.206,6403.332,6317.126,31.0,50.3,26.0,False,False,False,False,False,False,False,False,False,True,False
LAW,30,Racing Bulls,37.0,2.0,HARD,16.0,True,9.0,1,85.966,6489.298,6403.332,31.3,49.7,25.8,False,False,False,False,False,False,False,False,False,True,False
LAW,30,Racing Bulls,38.0,2.0,HARD,17.0,True,9.0,12,86.453,6575.751,6489.298,31.0,50.9,25.6,False,False,False,False,False,False,True,False,False,False,False
LAW,30,Racing Bulls,39.0,2.0,HARD,18.0,True,9.0,1,86.46,6662.211,6575.751,31.0,49.8,25.1,False,False,False,False,False,False,False,False,False,True,False
LAW,30,Racing Bulls,40.0,2.0,HARD,19.0,True,9.0,1,86.674,6748.885,6662.211,31.0,49.3,25.7,False,False,False,False,False,False,False,False,False,True,False
LAW,30,Racing Bulls,41.0,2.0,HARD,20.0,True,9.0,1,86.529,6835.414,6748.885,31.0,49.6,26.0,False,False,False,False,False,False,False,False,False,True,False
LAW,30,Racing Bulls,42.0,2.0,HARD,21.0,True,9.0,1,88.645,6924.059,6835.414,31.0,49.9,26.1,False,True,False,False,True,False,False,False,False,False,False
LAW,30,Racing Bulls,43.0,3.0,SOFT,1.0,True,11.0,1,103.497,7027.556,6924.059,31.1,50.3,26.0,False,False,True,False,True,False,False,False,False,False,False
LAW,30,Racing Bulls,44.0,3.0,SOFT,2.0,True,11.0,1,84.855,7112.411,7027.556,31.0,50.5,25.0,False,False,False,False,False,False,False,False,False,True,False
LAW,30,Racing Bulls,45.0,3.0,SOFT,3.0,True,11.0,1,85.023,7197.434,7112.411,31.1,50.4,24.7,False,False,False,False,False,False,False,False,False,True,False
LAW,30,Racing Bulls,46.0,3.0,SOFT,4.0,True,11.0,1,85.527,7282.961,7197.434,31.1,50.8,25.5,False,False,False,False,False,False,False,False,False,True,False
LAW,30,Racing Bulls,47.0,3.0,SOFT,5.0,True,11.0,1,85.276,7368.237,7282.961,31.2,50.5,25.1,False,False,False,False,False,False,False,False,False,True,False
LAW,30,Racing Bulls,48.0,3.0,SOFT,6.0,True,11.0,1,85.165,7453.402,7368.237,31.3,48.4,25.1,False,False,False,False,False,False,False,False,False,True,False
LAW,30,Racing Bulls,49.0,3.0,SOFT,7.0,True,11.0,12,85.209,7538.611,7453.402,31.3,49.4,25.7,False,False,False,False,False,False,True,False,False,False,False
LAW,30,Racing Bulls,50.0,3.0,SOFT,8.0,True,11.0,1,85.066,7623.677,7538.611,31.4,49.0,25.8,False,False,False,False,False,False,False,False,False,True,False
LAW,30,Racing Bulls,51.0,3.0,SOFT,9.0,True,11.0,1,87.413,7711.09,7623.677,31.3,49.4,25.2,False,False,False,False,False,False,False,False,False,True,False
LAW,30,Racing Bulls,52.0,3.0,SOFT,10.0,True,11.0,1,85.041,7796.131,7711.09,31.4,48.4,25.2,False,False,False,False,False,False,False,False,False,True,False
LAW,30,Racing Bulls,53.0,3.0,SOFT,11.0,True,11.0,1,86.116,7882.247,7796.131,31.3,47.2,25.6,False,False,False,False,False,False,False,False,False,True,False
LAW,30,Racing Bulls,54.0,3.0,SOFT,12.0,True,11.0,1,85.17,7967.417,7882.247,31.2,48.7,26.0,False,False,False,False,False,False,False,False,False,True,False
LAW,30,Racing Bulls,55.0,3.0,SOFT,13.0,True,11.0,126,94.166,8061.583,7967.417,31.3,48.7,26.0,False,False,False,False,True,False,True,False,False,False,False
LAW,30,Racing Bulls,56.0,3.0,SOFT,14.0,True,10.0,671,98.51,8160.093,8061.583,31.3,46.6,25.5,False,False,False,False,True,False,True,False,False,False,False
LAW,30,Racing Bulls,57.0,3.0,SOFT,15.0,True,10.0,1,85.011,8245.104,8160.093,31.1,46.6,26.1,False,False,False,False,False,False,False,False,False,True,False
LAW,30,Racing Bulls,58.0,3.0,SOFT,16.0,True,10.0,1,85.537,8330.641,8245.104,31.1,48.0,26.3,False,False,False,False,False,False,False,False,False,True,False
LAW,30,Racing Bulls,59.0,3.0,SOFT,17.0,True,9.0,1,85.955,8416.596,8330.641,31.1,48.3,26.2,False,False,False,False,False,False,False,False,False,True,False
LAW,30,Racing Bulls,60.0,3.0,SOFT,18.0,True,9.0,1,85.439,8502.035,8416.596,31.1,48.5,26.2,False,False,False,False,False,False,False,False,False,True,False
LAW,30,Racing Bulls,61.0,3.0,SOFT,19.0,True,9.0,1,87.178,8589.213,8502.035,31.1,48.6,26.1,False,False,False,False,False,False,False,False,False,True,False
LAW,30,Racing Bulls,62.0,3.0,SOFT,20.0,True,8.0,1,87.396,8676.609,8589.213,31.3,49.3,26.3,False,False,False,False,False,False,False,False,False,True,False
LAW,30,Racing Bulls,63.0,3.0,SOFT,21.0,True,8.0,1,85.422,8762.031,8676.609,31.3,49.3,25.9,False,False,False,False,False,False,False,False,False,True,False
LAW,30,Racing Bulls,64.0,3.0,SOFT,22.0,True,8.0,1,83.9,8845.931,8762.031,31.3,48.1,26.2,False,False,False,False,False,False,False,False,False,True,False
LAW,30,Racing Bulls,65.0,3.0,SOFT,23.0,True,8.0,1,86.929,8932.86,8845.931,31.5,49.1,26.0,False,False,False,False,False,False,False,False,False,True,False
LAW,30,Racing Bulls,66.0,3.0,SOFT,24.0,True,8.0,1,84.409,9017.269,8932.86,31.6,48.5,25.6,False,False,False,False,False,False,False,False,False,True,False
LAW,30,Racing Bulls,67.0,3.0,SOFT,25.0,True,8.0,1,86.07,9103.339,9017.269,31.5,48.5,26.0,False,False,False,False,False,False,False,False,False,True,False
LAW,30,Racing Bulls,68.0,3.0,SOFT,26.0,True,8.0,1,84.445,9187.784,9103.339,31.5,46.6,25.7,False,False,False,False,False,False,False,False,False,True,False
LAW,30,Racing Bulls,69.0,3.0,SOFT,27.0,True,8.0,1,84.673,9272.457,9187.784,31.3,46.3,26.6,False,False,False,False,False,False,False,False,False,True,False
OCO,31,Haas F1 Team,1.0,1.0,MEDIUM,1.0,True,12.0,1,96.871,3345.115,3248.019,30.4,51.4,25.0,False,False,False,False,True,False,False,False,False,False,False
OCO,31,Haas F1 Team,2.0,1.0,MEDIUM,2.0,True,12.0,1,88.696,3433.811,3345.115,31.0,51.4,25.0,False,False,False,False,False,False,False,False,False,True,False
OCO,31,Haas F1 Team,3.0,1.0,MEDIUM,3.0,True,12.0,1,87.489,3521.3,3433.811,30.5,53.1,25.9,False,False,False,False,False,False,False,False,False,True,False
OCO,31,Haas F1 Team,4.0,1.0,MEDIUM,4.0,True,12.0,1,87.649,3608.949,3521.3,30.5,52.7,25.4,False,False,False,False,False,False,False,False,False,True,False
OCO,31,Haas F1 Team,5.0,1.0,MEDIUM,5.0,True,12.0,1,87.493,3696.442,3608.949,30.6,52.7,25.2,False,False,False,False,False,False,False,False,False,True,False
OCO,31,Haas F1 Team,6.0,1.0,MEDIUM,6.0,True,12.0,1,87.68,3784.122,3696.442,30.6,52.3,25.2,False,False,False,False,False,False,False,False,False,True,False
OCO,31,Haas F1 Team,7.0,1.0,MEDIUM,7.0,True,12.0,1,87.684,3871.806,3784.122,30.7,51.7,25.1,False,False,False,False,False,False,False,False,False,True,False
OCO,31,Haas F1 Team,8.0,1.0,MEDIUM,8.0,True,12.0,1,87.924,3959.73,3871.806,30.7,51.7,25.2,False,False,False,False,False,False,False,False,False,True,False
OCO,31,Haas F1 Team,9.0,1.0,MEDIUM,9.0,True,13.0,1,88.719,4048.449,3959.73,30.7,52.8,25.5,False,False,False,False,False,False,False,False,False,True,False
OCO,31,Haas F1 Team,10.0,1.0,MEDIUM,10.0,True,13.0,1,87.806,4136.255,4048.449,30.8,51.4,25.2,False,False,False,False,False,False,False,False,False,True,False
OCO,31,Haas F1 Team,11.0,1.0,MEDIUM,11.0,True,13.0,1,88.194,4224.449,4136.255,30.7,51.1,25.7,False,False,False,False,False,False,False,False,False,True,False
OCO,31,Haas F1 Team,12.0,1.0,MEDIUM,12.0,True,13.0,1,88.685,4313.134,4224.449,30.9,52.4,26.3,False,False,False,False,False,False,False,False,False,True,False
OCO,31,Haas F1 Team,13.0,1.0,MEDIUM,13.0,True,13.0,1,88.311,4401.445,4313.134,30.9,51.0,25.4,False,False,False,False,False,False,False,False,False,True,False
OCO,31,Haas F1 Team,14.0,1.0,MEDIUM,14.0,True,14.0,1,89.762,4491.207,4401.445,30.8,52.5,25.8,False,False,False,False,False,False,False,False,False,True,False
OCO,31,Haas F1 Team,15.0,1.0,MEDIUM,15.0,True,14.0,1,88.193,4579.4,4491.207,30.9,51.4,25.4,False,False,False,False,False,False,False,False,False,True,False
OCO,31,Haas F1 Team,16.0,1.0,MEDIUM,16.0,True,14.0,1,88.293,4667.693,4579.4,31.0,52.3,24.8,False,False,False,False,False,False,False,False,False,True,False
OCO,31,Haas F1 Team,17.0,1.0,MEDIUM,17.0,True,14.0,1,90.958,4758.651,4667.693,31.1,52.3,25.1,False,True,False,False,True,False,False,False,False,False,False
OCO,31,Haas F1 Team,18.0,2.0,HARD,1.0,True,20.0,1,106.962,4865.613,4758.651,31.3,51.6,24.6,False,False,True,False,True,False,False,False,False,False,False
OCO,31,Haas F1 Team,19.0,2.0,HARD,2.0,True,19.0,1,86.962,4952.575,4865.613,31.1,52.4,24.7,False,False,False,False,False,False,False,False,False,True,False
OCO,31,Haas F1 Team,20.0,2.0,HARD,3.0,True,19.0,1,86.969,5039.544,4952.575,30.9,52.4,24.7,False,False,False,False,False,False,False,False,False,True,False
OCO,31,Haas F1 Team,21.0,2.0,HARD,4.0,True,19.0,1,87.405,5126.949,5039.544,31.1,52.1,25.1,False,False,False,False,False,False,False,False,False,True,False
OCO,31,Haas F1 Team,22.0,2.0,HARD,5.0,True,19.0,1,87.081,5214.03,5126.949,31.3,51.9,25.7,False,False,False,False,False,False,False,False,False,True,False
OCO,31,Haas F1 Team,23.0,2.0,HARD,6.0,True,18.0,1,87.428,5301.458,5214.03,31.1,51.9,25.7,False,False,False,False,False,False,False,False,False,True,False
OCO,31,Haas F1 Team,24.0,2.0,HARD,7.0,True,18.0,1,87.713,5389.171,5301.458,31.0,49.8,25.9,False,False,False,False,False,False,False,False,False,True,False
OCO,31,Haas F1 Team,25.0,2.0,HARD,8.0,True,18.0,1,88.689,5477.86,5389.171,31.0,50.7,26.1,False,False,False,False,False,False,False,False,False,True,False
OCO,31,Haas F1 Team,26.0,2.0,HARD,9.0,True,17.0,1,89.084,5566.944,5477.86,30.7,50.6,25.9,False,False,False,False,False,False,False,False,False,True,False
OCO,31,Haas F1 Team,27.0,2.0,HARD,10.0,True,17.0,1,87.112,5654.056,5566.944,30.8,51.3,26.2,False,False,False,False,False,False,False,False,False,True,False
OCO,31,Haas F1 Team,28.0,2.0,HARD,11.0,True,17.0,1,87.555,5741.611,5654.056,31.0,50.5,25.6,False,False,False,False,False,False,False,False,False,True,False
OCO,31,Haas F1 Team,29.0,2.0,HARD,12.0,True,17.0,1,87.057,5828.668,5741.611,31.1,51.2,25.8,False,False,False,False,False,False,False,False,False,True,False
OCO,31,Haas F1 Team,30.0,2.0,HARD,13.0,True,17.0,1,87.361,5916.029,5828.668,31.5,50.3,25.4,False,False,False,False,False,False,False,False,False,True,False
OCO,31,Haas F1 Team,31.0,2.0,HARD,14.0,True,17.0,1,87.608,6003.637,5916.029,31.0,51.1,25.9,False,False,False,False,False,False,False,False,False,True,False
OCO,31,Haas F1 Team,32.0,2.0,HARD,15.0,True,17.0,1,87.337,6090.974,6003.637,31.2,51.1,25.2,False,False,False,False,False,False,False,False,False,True,False
OCO,31,Haas F1 Team,33.0,2.0,HARD,16.0,True,17.0,1,88.298,6179.272,6090.974,31.1,49.2,25.4,False,False,False,False,False,False,False,False,False,True,False
OCO,31,Haas F1 Team,34.0,2.0,HARD,17.0,True,17.0,1,88.845,6268.117,6179.272,31.0,48.5,25.4,False,False,False,False,False,False,False,False,False,True,False
OCO,31,Haas F1 Team,35.0,2.0,HARD,18.0,True,16.0,1,89.788,6357.905,6268.117,30.4,48.7,25.9,False,True,False,False,True,False,False,False,False,False,False
OCO,31,Haas F1 Team,36.0,3.0,HARD,1.0,True,20.0,1,108.386,6466.291,6357.905,31.3,49.7,25.8,False,False,True,False,True,False,False,False,False,False,False
OCO,31,Haas F1 Team,37.0,3.0,HARD,2.0,True,20.0,1,86.882,6553.173,6466.291,31.0,49.8,25.8,False,False,False,False,False,False,False,False,False,True,False
OCO,31,Haas F1 Team,38.0,3.0,HARD,3.0,True,20.0,12,87.291,6640.464,6553.173,31.0,49.8,25.1,False,False,False,False,False,False,True,False,False,False,False
OCO,31,Haas F1 Team,39.0,3.0,HARD,4.0,True,19.0,1,87.19,6727.654,6640.464,31.0,49.3,25.7,False,False,False,False,False,False,False,False,False,True,False
OCO,31,Haas F1 Team,40.0,3.0,HARD,5.0,True,19.0,1,87.773,6815.427,6727.654,31.0,49.6,26.0,False,False,False,False,False,False,False,False,False,True,False
OCO,31,Haas F1 Team,41.0,3.0,HARD,6.0,True,18.0,1,87.462,6902.889,6815.427,31.0,49.9,26.1,False,False,False,False,False,False,False,False,False,True,False
OCO,31,Haas F1 Team,42.0,3.0,HARD,7.0,True,18.0,1,86.345,6989.234,6902.889,31.4,49.9,26.1,False,False,False,False,False,False,False,False,False,True,False
OCO,31,Haas F1 Team,43.0,3.0,HARD,8.0,True,18.0,1,86.119,7075.353,6989.234,31.0,50.5,25.5,False,False,False,False,False,False,False,False,False,True,False
OCO,31,Haas F1 Team,44.0,3.0,HARD,9.0,True,17.0,1,85.965,7161.318,7075.353,31.0,50.5,25.0,False,False,False,False,False,False,False,False,False,True,False
OCO,31,Haas F1 Team,45.0,3.0,HARD,10.0,True,17.0,1,86.247,7247.565,7161.318,31.1,50.8,25.5,False,False,False,False,False,False,False,False,False,True,False
OCO,31,Haas F1 Team,46.0,3.0,HARD,11.0,True,17.0,1,86.2,7333.765,7247.565,31.2,50.4,24.8,False,False,False,False,False,False,False,False,False,True,False
OCO,31,Haas F1 Team,47.0,3.0,HARD,12.0,True,17.0,1,86.331,7420.096,7333.765,31.3,48.4,25.1,False,False,False,False,False,False,False,False,False,True,False
OCO,31,Haas F1 Team,48.0,3.0,HARD,13.0,True,17.0,1,86.604,7506.7,7420.096,31.3,47.8,25.5,False,False,False,False,False,False,False,False,False,True,False
OCO,31,Haas F1 Team,49.0,3.0,HARD,14.0,True,17.0,12,88.334,7595.034,7506.7,31.4,49.0,25.8,False,False,False,False,False,False,True,False,False,False,False
OCO,31,Haas F1 Team,50.0,3.0,HARD,15.0,True,17.0,1,86.042,7681.076,7595.034,31.3,49.4,25.2,False,False,False,False,False,False,False,False,False,True,False
OCO,31,Haas F1 Team,51.0,3.0,HARD,16.0,True,17.0,1,86.148,7767.224,7681.076,31.6,49.4,25.2,False,False,False,False,False,False,False,False,False,True,False
OCO,31,Haas F1 Team,52.0,3.0,HARD,17.0,True,17.0,1,86.216,7853.44,7767.224,31.3,47.2,25.6,False,False,False,False,False,False,False,False,False,True,False
OCO,31,Haas F1 Team,53.0,3.0,HARD,18.0,True,17.0,1,86.657,7940.097,7853.44,31.2,47.5,25.9,False,False,False,False,False,False,False,False,False,True,False
OCO,31,Haas F1 Team,54.0,3.0,HARD,19.0,True,17.0,126,86.512,8026.609,7940.097,31.3,48.7,26.0,False,False,False,False,True,False,True,False,False,False,False
OCO,31,Haas F1 Team,55.0,3.0,HARD,20.0,True,17.0,671,106.932,8133.541,8026.609,31.3,46.6,25.5,False,False,False,False,True,False,True,False,False,False,False
OCO,31,Haas F1 Team,56.0,3.0,HARD,21.0,True,16.0,1,87.893,8221.434,8133.541,31.1,46.6,26.1,False,False,False,False,False,False,False,False,False,True,False
OCO,31,Haas F1 Team,57.0,3.0,HARD,22.0,True,16.0,1,86.012,8307.446,8221.434,31.1,47.8,26.5,False,False,False,False,False,False,False,False,False,True,False
OCO,31,Haas F1 Team,58.0,3.0,HARD,23.0,True,16.0,1,86.082,8393.528,8307.446,31.1,48.3,26.2,False,False,False,False,False,False,False,False,False,True,False
OCO,31,Haas F1 Team,59.0,3.0,HARD,24.0,True,16.0,1,86.328,8479.856,8393.528,31.1,48.2,25.7,False,False,False,False,False,False,False,False,False,True,False
OCO,31,Haas F1 Team,60.0,3.0,HARD,25.0,True,16.0,1,86.392,8566.248,8479.856,31.1,48.6,26.1,False,False,False,False,False,False,False,False,False,True,False
OCO,31,Haas F1 Team,61.0,3.0,HARD,26.0,True,16.0,1,86.254,8652.502,8566.248,31.2,48.5,26.4,False,False,False,False,False,False,False,False,False,True,False
OCO,31,Haas F1 Team,62.0,3.0,HARD,27.0,True,16.0,1,85.889,8738.391,8652.502,31.3,49.3,25.9,False,False,False,False,False,False,False,False,False,True,False
OCO,31,Haas F1 Team,63.0,3.0,HARD,28.0,True,16.0,1,86.14,8824.531,8738.391,31.3,48.1,26.2,False,False,False,False,False,False,False,False,False,True,False
OCO,31,Haas F1 Team,64.0,3.0,HARD,29.0,True,16.0,1,86.065,8910.596,8824.531,31.4,49.2,26.0,False,False,False,False,False,False,False,False,False,True,False
OCO,31,Haas F1 Team,65.0,3.0,HARD,30.0,True,16.0,1,87.916,8998.512,8910.596,31.6,48.5,25.6,False,False,False,False,False,False,False,False,False,True,False
OCO,31,Haas F1 Team,66.0,3.0,HARD,31.0,True,16.0,1,86.17,9084.682,8998.512,31.5,47.8,25.9,False,False,False,False,False,False,False,False,False,True,False
OCO,31,Haas F1 Team,67.0,3.0,HARD,32.0,True,16.0,1,86.194,9170.876,9084.682,31.5,46.6,25.7,False,False,False,False,False,False,False,False,False,True,False
OCO,31,Haas F1 Team,68.0,3.0,HARD,33.0,True,16.0,1,86.407,9257.283,9170.876,31.4,46.5,26.4,False,False,False,False,False,False,False,False,False,True,False
LIN,41,Racing Bulls,1.0,1.0,MEDIUM,1.0,True,9.0,1,95.383,3343.627,3248.019,30.4,51.4,25.0,False,False,False,False,True,False,False,False,False,False,False
LIN,41,Racing Bulls,2.0,1.0,MEDIUM,2.0,True,9.0,1,88.085,3431.712,3343.627,31.0,51.4,25.0,False,False,False,False,False,False,False,False,False,True,False
LIN,41,Racing Bulls,3.0,1.0,MEDIUM,3.0,True,9.0,1,87.001,3518.713,3431.712,30.5,53.1,25.9,False,False,False,False,False,False,False,False,False,True,False
LIN,41,Racing Bulls,4.0,1.0,MEDIUM,4.0,True,9.0,1,87.24,3605.953,3518.713,30.5,52.7,25.4,False,False,False,False,False,False,False,False,False,True,False
LIN,41,Racing Bulls,5.0,1.0,MEDIUM,5.0,True,9.0,1,86.822,3692.775,3605.953,30.6,52.7,25.2,False,False,False,False,False,False,False,False,False,True,False
LIN,41,Racing Bulls,6.0,1.0,MEDIUM,6.0,True,9.0,1,86.83,3779.605,3692.775,30.6,52.3,25.2,False,False,False,False,False,False,False,False,False,True,False
LIN,41,Racing Bulls,7.0,1.0,MEDIUM,7.0,True,9.0,1,86.902,3866.507,3779.605,30.7,51.0,25.0,False,False,False,False,False,False,False,False,False,True,False
LIN,41,Racing Bulls,8.0,1.0,MEDIUM,8.0,True,9.0,1,86.748,3953.255,3866.507,30.7,51.7,25.2,False,False,False,False,False,False,False,False,False,True,False
LIN,41,Racing Bulls,9.0,1.0,MEDIUM,9.0,True,9.0,1,87.044,4040.299,3953.255,30.7,52.8,25.5,False,False,False,False,False,False,False,False,False,True,False
LIN,41,Racing Bulls,10.0,1.0,MEDIUM,10.0,True,9.0,1,87.091,4127.39,4040.299,30.8,51.4,25.2,False,False,False,False,False,False,False,False,False,True,False
LIN,41,Racing Bulls,11.0,1.0,MEDIUM,11.0,True,9.0,1,87.056,4214.446,4127.39,30.7,51.1,25.7,False,False,False,False,False,False,False,False,False,True,False
LIN,41,Racing Bulls,12.0,1.0,MEDIUM,12.0,True,9.0,1,87.425,4301.871,4214.446,30.9,52.4,26.3,False,False,False,False,False,False,False,False,False,True,False
LIN,41,Racing Bulls,13.0,1.0,MEDIUM,13.0,True,9.0,1,87.268,4389.139,4301.871,30.9,51.0,25.4,False,False,False,False,False,False,False,False,False,True,False
LIN,41,Racing Bulls,14.0,1.0,MEDIUM,14.0,True,9.0,1,88.124,4477.263,4389.139,30.8,52.5,25.8,False,False,False,False,False,False,False,False,False,True,False
LIN,41,Racing Bulls,15.0,1.0,MEDIUM,15.0,True,9.0,1,87.494,4564.757,4477.263,30.9,51.4,25.4,False,False,False,False,False,False,False,False,False,True,False
LIN,41,Racing Bulls,16.0,1.0,MEDIUM,16.0,True,9.0,1,87.506,4652.263,4564.757,31.0,52.3,24.8,False,False,False,False,False,False,False,False,False,True,False
LIN,41,Racing Bulls,17.0,1.0,MEDIUM,17.0,True,9.0,1,87.76,4740.023,4652.263,31.1,52.3,25.1,False,False,False,False,False,False,False,False,True,False,False
LIN,41,Racing Bulls,18.0,1.0,MEDIUM,18.0,True,10.0,1,88.488,4828.511,4740.023,31.1,52.3,25.1,False,False,False,False,False,False,False,False,False,True,False
LIN,41,Racing Bulls,19.0,1.0,MEDIUM,19.0,True,10.0,1,87.365,4915.876,4828.511,31.5,51.6,24.6,False,False,False,False,False,False,False,False,False,True,False
LIN,41,Racing Bulls,20.0,1.0,MEDIUM,20.0,True,9.0,1,89.434,5005.31,4915.876,31.1,52.4,24.7,False,True,False,False,True,False,False,False,False,False,False
LIN,41,Racing Bulls,21.0,2.0,HARD,1.0,True,12.0,1,104.243,5109.553,5005.31,31.1,52.1,25.1,False,False,True,False,True,False,False,False,False,False,False
LIN,41,Racing Bulls,22.0,2.0,HARD,2.0,True,12.0,1,86.841,5196.394,5109.553,31.3,51.9,25.7,False,False,False,False,False,False,False,False,False,True,False
LIN,41,Racing Bulls,23.0,2.0,HARD,3.0,True,12.0,1,86.402,5282.796,5196.394,31.1,51.9,25.7,False,False,False,False,False,False,False,False,False,True,False
LIN,41,Racing Bulls,24.0,2.0,HARD,4.0,True,12.0,1,87.463,5370.259,5282.796,31.3,49.6,25.5,False,False,False,False,False,False,False,False,False,True,False
LIN,41,Racing Bulls,25.0,2.0,HARD,5.0,True,11.0,1,86.696,5456.955,5370.259,31.0,50.7,26.1,False,False,False,False,False,False,False,False,False,True,False
LIN,41,Racing Bulls,26.0,2.0,HARD,6.0,True,11.0,1,86.37,5543.325,5456.955,30.9,50.7,26.1,False,False,False,False,False,False,False,False,False,True,False
LIN,41,Racing Bulls,27.0,2.0,HARD,7.0,True,11.0,1,86.228,5629.553,5543.325,30.8,51.3,26.2,False,False,False,False,False,False,False,False,False,True,False
LIN,41,Racing Bulls,28.0,2.0,HARD,8.0,True,11.0,1,86.406,5715.959,5629.553,30.9,50.0,25.6,False,False,False,False,False,False,False,False,False,True,False
LIN,41,Racing Bulls,29.0,2.0,HARD,9.0,True,11.0,1,86.715,5802.674,5715.959,31.1,51.2,25.8,False,False,False,False,False,False,False,False,False,True,False
LIN,41,Racing Bulls,30.0,2.0,HARD,10.0,True,10.0,1,86.615,5889.289,5802.674,31.1,50.3,25.4,False,False,False,False,False,False,False,False,False,True,False
LIN,41,Racing Bulls,31.0,2.0,HARD,11.0,True,10.0,1,86.425,5975.714,5889.289,31.0,51.1,25.9,False,False,False,False,False,False,False,False,False,True,False
LIN,41,Racing Bulls,32.0,2.0,HARD,12.0,True,10.0,1,86.246,6061.96,5975.714,31.2,51.1,25.2,False,False,False,False,False,False,False,False,False,True,False
LIN,41,Racing Bulls,33.0,2.0,HARD,13.0,True,10.0,1,86.333,6148.293,6061.96,31.3,49.1,25.4,False,False,False,False,False,False,False,False,False,True,False
LIN,41,Racing Bulls,34.0,2.0,HARD,14.0,True,10.0,1,86.262,6234.555,6148.293,31.0,48.5,25.4,False,False,False,False,False,False,False,False,False,True,False
LIN,41,Racing Bulls,35.0,2.0,HARD,15.0,True,10.0,1,86.244,6320.799,6234.555,31.1,48.7,25.9,False,False,False,False,False,False,False,False,False,True,False
LIN,41,Racing Bulls,36.0,2.0,HARD,16.0,True,10.0,1,86.253,6407.052,6320.799,31.0,50.3,26.0,False,False,False,False,False,False,False,False,False,True,False
LIN,41,Racing Bulls,37.0,2.0,HARD,17.0,True,10.0,1,86.272,6493.324,6407.052,31.3,49.7,25.8,False,False,False,False,False,False,False,False,False,True,False
LIN,41,Racing Bulls,38.0,2.0,HARD,18.0,True,10.0,12,86.405,6579.729,6493.324,31.0,50.9,25.6,False,False,False,False,False,False,True,False,False,False,False
LIN,41,Racing Bulls,39.0,2.0,HARD,19.0,True,10.0,1,86.386,6666.115,6579.729,31.0,49.8,25.1,False,False,False,False,False,False,False,False,False,True,False
LIN,41,Racing Bulls,40.0,2.0,HARD,20.0,True,10.0,1,86.642,6752.757,6666.115,31.0,49.7,26.0,False,False,False,False,False,False,False,False,False,True,False
LIN,41,Racing Bulls,41.0,2.0,HARD,21.0,True,10.0,1,86.504,6839.261,6752.757,31.0,49.6,26.0,False,False,False,False,False,False,False,False,False,True,False
LIN,41,Racing Bulls,42.0,2.0,HARD,22.0,True,10.0,1,86.696,6925.957,6839.261,31.0,49.9,26.1,False,False,False,False,False,False,False,False,False,True,False
LIN,41,Racing Bulls,43.0,2.0,HARD,23.0,True,9.0,1,86.136,7012.093,6925.957,31.1,50.3,26.0,False,False,False,False,False,False,False,False,False,True,False
LIN,41,Racing Bulls,44.0,2.0,HARD,24.0,True,9.0,1,86.182,7098.275,7012.093,31.0,50.5,25.5,False,False,False,False,False,False,False,False,False,True,False
LIN,41,Racing Bulls,45.0,2.0,HARD,25.0,True,9.0,1,86.087,7184.362,7098.275,31.1,50.4,24.7,False,False,False,False,False,False,False,False,False,True,False
LIN,41,Racing Bulls,46.0,2.0,HARD,26.0,True,9.0,1,86.296,7270.658,7184.362,31.1,50.8,25.5,False,False,False,False,False,False,False,False,False,True,False
LIN,41,Racing Bulls,47.0,2.0,HARD,27.0,True,9.0,1,85.931,7356.589,7270.658,31.2,50.5,25.1,False,False,False,False,False,False,False,False,False,True,False
LIN,41,Racing Bulls,48.0,2.0,HARD,28.0,True,9.0,1,86.001,7442.59,7356.589,31.3,48.4,25.1,False,False,False,False,False,False,False,False,False,True,False
LIN,41,Racing Bulls,49.0,2.0,HARD,29.0,True,9.0,12,86.062,7528.652,7442.59,31.3,47.8,25.5,False,False,False,False,False,False,True,False,False,False,False
LIN,41,Racing Bulls,50.0,2.0,HARD,30.0,True,9.0,21,86.337,7614.989,7528.652,31.4,49.0,25.8,False,False,False,False,False,False,True,False,False,False,False
LIN,41,Racing Bulls,51.0,2.0,HARD,31.0,True,9.0,1,85.985,7700.974,7614.989,31.3,49.4,25.2,False,False,False,False,False,False,False,False,False,True,False
LIN,41,Racing Bulls,52.0,2.0,HARD,32.0,True,9.0,1,86.236,7787.21,7700.974,31.4,48.4,25.2,False,False,False,False,False,False,False,False,False,True,False
LIN,41,Racing Bulls,53.0,2.0,HARD,33.0,True,9.0,1,86.152,7873.362,7787.21,31.3,47.2,25.6,False,False,False,False,False,False,False,False,False,True,False
LIN,41,Racing Bulls,54.0,2.0,HARD,34.0,True,9.0,1,86.318,7959.68,7873.362,31.2,48.7,26.0,False,False,False,False,False,False,False,False,False,True,False
LIN,41,Racing Bulls,55.0,2.0,HARD,35.0,True,9.0,126,94.569,8054.249,7959.68,31.3,48.7,26.0,False,False,False,False,True,False,True,False,False,False,False
LIN,41,Racing Bulls,56.0,2.0,HARD,36.0,True,8.0,671,100.849,8155.098,8054.249,31.3,46.6,25.5,False,False,False,False,True,False,True,False,False,False,False
LIN,41,Racing Bulls,57.0,2.0,HARD,37.0,True,8.0,1,86.468,8241.566,8155.098,31.1,46.6,26.1,False,False,False,False,False,False,False,False,False,True,False
LIN,41,Racing Bulls,58.0,2.0,HARD,38.0,True,8.0,1,86.305,8327.871,8241.566,31.1,48.0,26.3,False,False,False,False,False,False,False,False,False,True,False
LIN,41,Racing Bulls,59.0,2.0,HARD,39.0,True,8.0,1,86.23,8414.101,8327.871,31.1,48.3,26.2,False,False,False,False,False,False,False,False,False,True,False
LIN,41,Racing Bulls,60.0,2.0,HARD,40.0,True,8.0,1,87.412,8501.513,8414.101,31.1,48.5,26.2,False,False,False,False,False,False,False,False,False,True,False
LIN,41,Racing Bulls,61.0,2.0,HARD,41.0,True,8.0,1,87.387,8588.9,8501.513,31.1,48.6,26.1,False,False,False,False,False,False,False,False,False,True,False
LIN,41,Racing Bulls,62.0,2.0,HARD,42.0,True,9.0,1,88.699,8677.599,8588.9,31.3,49.3,26.3,False,False,False,False,False,False,False,False,False,True,False
LIN,41,Racing Bulls,63.0,2.0,HARD,43.0,True,10.0,1,90.36,8767.959,8677.599,31.3,49.3,25.9,False,False,False,False,False,False,False,False,False,True,False
LIN,41,Racing Bulls,64.0,2.0,HARD,44.0,True,10.0,1,88.09,8856.049,8767.959,31.4,49.2,26.0,False,False,False,False,False,False,False,False,False,True,False
LIN,41,Racing Bulls,65.0,2.0,HARD,45.0,True,10.0,1,87.304,8943.353,8856.049,31.5,49.1,26.0,False,False,False,False,False,False,False,False,False,True,False
LIN,41,Racing Bulls,66.0,2.0,HARD,46.0,True,10.0,1,87.48,9030.833,8943.353,31.6,48.5,25.6,False,False,False,False,False,False,False,False,False,True,False
LIN,41,Racing Bulls,67.0,2.0,HARD,47.0,True,10.0,1,87.716,9118.549,9030.833,31.5,48.5,26.0,False,False,False,False,False,False,False,False,False,True,False
LIN,41,Racing Bulls,68.0,2.0,HARD,48.0,True,10.0,1,88.089,9206.638,9118.549,31.5,46.6,25.7,False,False,False,False,False,False,False,False,False,True,False
LIN,41,Racing Bulls,69.0,2.0,HARD,49.0,True,10.0,1,88.836,9295.474,9206.638,31.3,46.3,26.6,False,False,False,False,False,False,False,False,False,True,False
COL,43,Alpine,1.0,1.0,MEDIUM,1.0,True,14.0,1,97.708,3345.952,3248.019,30.4,51.4,25.0,False,False,False,False,True,False,False,False,False,False,False
COL,43,Alpine,2.0,1.0,MEDIUM,2.0,True,14.0,1,88.763,3434.715,3345.952,31.0,51.4,25.0,False,False,False,False,False,False,False,False,False,True,False
COL,43,Alpine,3.0,1.0,MEDIUM,3.0,True,14.0,1,88.069,3522.784,3434.715,30.5,53.1,25.9,False,False,False,False,False,False,False,False,False,True,False
COL,43,Alpine,4.0,1.0,MEDIUM,4.0,True,14.0,1,87.801,3610.585,3522.784,30.5,52.7,25.4,False,False,False,False,False,False,False,False,False,True,False
COL,43,Alpine,5.0,1.0,MEDIUM,5.0,True,14.0,1,88.168,3698.753,3610.585,30.6,52.7,25.2,False,False,False,False,False,False,False,False,False,True,False
COL,43,Alpine,6.0,1.0,MEDIUM,6.0,True,15.0,1,88.29,3787.043,3698.753,30.6,52.3,25.2,False,False,False,False,False,False,False,False,False,True,False
COL,43,Alpine,7.0,1.0,MEDIUM,7.0,True,15.0,1,87.505,3874.548,3787.043,30.7,51.7,25.1,False,False,False,False,False,False,False,False,False,True,False
COL,43,Alpine,8.0,1.0,MEDIUM,8.0,True,15.0,1,87.888,3962.436,3874.548,30.7,51.7,25.2,False,False,False,False,False,False,False,False,False,True,False
COL,43,Alpine,9.0,1.0,MEDIUM,9.0,True,15.0,1,88.032,4050.468,3962.436,30.7,52.8,25.5,False,False,False,False,False,False,False,False,False,True,False
COL,43,Alpine,10.0,1.0,MEDIUM,10.0,True,15.0,1,88.107,4138.575,4050.468,30.8,51.4,25.2,False,False,False,False,False,False,False,False,False,True,False
COL,43,Alpine,11.0,1.0,MEDIUM,11.0,True,15.0,1,87.978,4226.553,4138.575,30.7,51.1,25.7,False,False,False,False,False,False,False,False,False,True,False
COL,43,Alpine,12.0,1.0,MEDIUM,12.0,True,15.0,1,88.27,4314.823,4226.553,30.9,52.4,26.3,False,False,False,False,False,False,False,False,False,True,False
COL,43,Alpine,13.0,1.0,MEDIUM,13.0,True,15.0,1,88.351,4403.174,4314.823,30.9,51.0,25.4,False,False,False,False,False,False,False,False,False,True,False
COL,43,Alpine,14.0,1.0,MEDIUM,14.0,True,15.0,1,89.139,4492.313,4403.174,30.8,52.5,25.8,False,False,False,False,False,False,False,False,True,False,False
COL,43,Alpine,15.0,1.0,MEDIUM,15.0,True,16.0,1,90.993,4583.306,4492.313,30.9,51.4,25.4,False,True,False,False,True,False,False,False,False,False,False
COL,43,Alpine,16.0,2.0,HARD,1.0,True,20.0,1,107.212,4690.518,4583.306,31.0,52.3,24.8,False,False,True,False,True,False,False,False,False,False,False
COL,43,Alpine,17.0,2.0,HARD,2.0,True,20.0,1,86.011,4776.529,4690.518,31.1,52.3,25.1,False,False,False,False,False,False,False,False,False,True,False
COL,43,Alpine,18.0,2.0,HARD,3.0,True,19.0,1,86.559,4863.088,4776.529,31.3,51.6,24.6,False,False,False,False,False,False,False,False,False,True,False
COL,43,Alpine,19.0,2.0,HARD,4.0,True,18.0,1,87.255,4950.343,4863.088,31.5,51.6,24.6,False,False,False,False,False,False,False,False,False,True,False
COL,43,Alpine,20.0,2.0,HARD,5.0,True,18.0,1,87.245,5037.588,4950.343,30.9,52.4,24.7,False,False,False,False,False,False,False,False,False,True,False
COL,43,Alpine,21.0,2.0,HARD,6.0,True,18.0,1,87.607,5125.195,5037.588,31.1,52.1,25.1,False,False,False,False,False,False,False,False,False,True,False
COL,43,Alpine,22.0,2.0,HARD,7.0,True,18.0,1,87.103,5212.298,5125.195,31.3,51.9,25.7,False,False,False,False,False,False,False,False,False,True,False
COL,43,Alpine,23.0,2.0,HARD,8.0,True,17.0,1,88.139,5300.437,5212.298,31.1,51.9,25.7,False,False,False,False,False,False,False,False,False,True,False
COL,43,Alpine,24.0,2.0,HARD,9.0,True,17.0,1,88.095,5388.532,5300.437,31.0,49.8,25.9,False,False,False,False,False,False,False,False,False,True,False
COL,43,Alpine,25.0,2.0,HARD,10.0,True,17.0,1,88.963,5477.495,5388.532,31.0,50.7,26.1,False,False,False,False,False,False,False,False,False,True,False
COL,43,Alpine,26.0,2.0,HARD,11.0,True,16.0,1,87.096,5564.591,5477.495,30.7,50.6,25.9,False,False,False,False,False,False,False,False,False,True,False
COL,43,Alpine,27.0,2.0,HARD,12.0,True,16.0,1,87.138,5651.729,5564.591,30.8,51.3,26.2,False,False,False,False,False,False,False,False,False,True,False
COL,43,Alpine,28.0,2.0,HARD,13.0,True,16.0,1,88.224,5739.953,5651.729,31.0,50.5,25.6,False,False,False,False,False,False,False,False,False,True,False
COL,43,Alpine,29.0,2.0,HARD,14.0,True,16.0,1,87.1,5827.053,5739.953,31.1,51.2,25.8,False,False,False,False,False,False,False,False,False,True,False
COL,43,Alpine,30.0,2.0,HARD,15.0,True,16.0,1,87.347,5914.4,5827.053,31.5,50.3,25.4,False,False,False,False,False,False,False,False,False,True,False
COL,43,Alpine,31.0,2.0,HARD,16.0,True,16.0,1,87.411,6001.811,5914.4,31.0,51.1,25.9,False,False,False,False,False,False,False,False,False,True,False
COL,43,Alpine,32.0,2.0,HARD,17.0,True,16.0,1,87.092,6088.903,6001.811,31.2,51.1,25.2,False,False,False,False,False,False,False,False,False,True,False
COL,43,Alpine,33.0,2.0,HARD,18.0,True,16.0,1,86.926,6175.829,6088.903,31.1,49.2,25.4,False,False,False,False,False,False,False,False,False,True,False
COL,43,Alpine,34.0,2.0,HARD,19.0,True,16.0,1,88.936,6264.765,6175.829,31.0,48.5,25.4,False,False,False,False,False,False,False,False,False,True,False
COL,43,Alpine,35.0,2.0,HARD,20.0,True,15.0,1,88.116,6352.881,6264.765,30.4,48.7,25.9,False,False,False,False,False,False,False,False,False,True,False
COL,43,Alpine,36.0,2.0,HARD,21.0,True,15.0,1,87.416,6440.297,6352.881,31.0,50.3,26.0,False,False,False,False,False,False,False,False,False,True,False
COL,43,Alpine,37.0,2.0,HARD,22.0,True,15.0,1,89.389,6529.686,6440.297,31.0,49.8,25.8,False,True,False,False,True,False,False,False,False,False,False
COL,43,Alpine,38.0,3.0,HARD,1.0,True,17.0,12,107.418,6637.104,6529.686,31.0,49.8,25.1,False,False,True,False,True,False,True,False,False,False,False
COL,43,Alpine,39.0,3.0,HARD,2.0,True,17.0,1,84.932,6722.036,6637.104,31.0,49.3,25.7,False,False,False,False,False,False,False,False,False,True,False
COL,43,Alpine,40.0,3.0,HARD,3.0,True,17.0,1,84.624,6806.66,6722.036,31.0,49.7,26.0,False,False,False,False,False,False,False,False,False,True,False
COL,43,Alpine,41.0,3.0,HARD,4.0,True,16.0,1,85.664,6892.324,6806.66,31.0,49.9,26.1,False,False,False,False,False,False,False,False,False,True,False
COL,43,Alpine,42.0,3.0,HARD,5.0,True,16.0,1,85.631,6977.955,6892.324,31.4,49.9,26.1,False,False,False,False,False,False,False,False,False,True,False
COL,43,Alpine,43.0,3.0,HARD,6.0,True,16.0,1,86.2,7064.155,6977.955,31.0,50.5,25.5,False,False,False,False,False,False,False,False,False,True,False
COL,43,Alpine,44.0,3.0,HARD,7.0,True,16.0,1,85.577,7149.732,7064.155,31.0,50.5,25.0,False,False,False,False,False,False,False,False,False,True,False
COL,43,Alpine,45.0,3.0,HARD,8.0,True,16.0,1,85.96,7235.692,7149.732,31.1,50.8,25.5,False,False,False,False,False,False,False,False,False,True,False
COL,43,Alpine,46.0,3.0,HARD,9.0,True,16.0,1,85.745,7321.437,7235.692,31.2,50.4,24.8,False,False,False,False,False,False,False,False,False,True,False
COL,43,Alpine,47.0,3.0,HARD,10.0,True,16.0,1,85.996,7407.433,7321.437,31.2,50.5,25.1,False,False,False,False,False,False,False,False,False,True,False
COL,43,Alpine,48.0,3.0,HARD,11.0,True,16.0,1,86.055,7493.488,7407.433,31.3,47.8,25.5,False,False,False,False,False,False,False,False,False,True,False
COL,43,Alpine,49.0,3.0,HARD,12.0,True,16.0,12,86.283,7579.771,7493.488,31.3,49.4,25.7,False,False,False,False,False,False,True,False,False,False,False
COL,43,Alpine,50.0,3.0,HARD,13.0,True,16.0,1,85.707,7665.478,7579.771,31.3,49.4,25.2,False,False,False,False,False,False,False,False,False,True,False
COL,43,Alpine,51.0,3.0,HARD,14.0,True,16.0,1,85.744,7751.222,7665.478,31.6,49.4,25.2,False,False,False,False,False,False,False,False,False,True,False
COL,43,Alpine,52.0,3.0,HARD,15.0,True,16.0,1,88.475,7839.697,7751.222,31.3,47.2,25.6,False,False,False,False,False,False,False,False,False,True,False
COL,43,Alpine,53.0,3.0,HARD,16.0,True,16.0,1,86.112,7925.809,7839.697,31.2,47.5,25.9,False,False,False,False,False,False,False,False,False,True,False
COL,43,Alpine,54.0,3.0,HARD,17.0,True,16.0,12,86.049,8011.858,7925.809,31.2,48.7,26.0,False,False,False,False,False,False,True,False,False,False,False
COL,43,Alpine,55.0,3.0,HARD,18.0,True,16.0,2671,106.018,8117.876,8011.858,31.4,47.0,25.6,False,False,False,False,True,False,True,False,False,False,False
COL,43,Alpine,56.0,3.0,HARD,19.0,True,14.0,1,87.719,8205.595,8117.876,31.1,46.6,26.1,False,False,False,False,False,False,False,False,False,True,False
COL,43,Alpine,57.0,3.0,HARD,20.0,True,14.0,1,86.316,8291.911,8205.595,31.1,47.8,26.5,False,False,False,False,False,False,False,False,False,True,False
COL,43,Alpine,58.0,3.0,HARD,21.0,True,14.0,1,85.784,8377.695,8291.911,31.1,48.3,26.2,False,False,False,False,False,False,False,False,False,True,False
COL,43,Alpine,59.0,3.0,HARD,22.0,True,14.0,1,85.672,8463.367,8377.695,31.1,48.2,25.7,False,False,False,False,False,False,False,False,False,True,False
COL,43,Alpine,60.0,3.0,HARD,23.0,True,15.0,1,88.504,8551.871,8463.367,31.1,48.5,26.2,False,False,False,False,False,False,False,False,False,True,False
COL,43,Alpine,61.0,3.0,HARD,24.0,True,15.0,1,86.582,8638.453,8551.871,31.2,48.5,26.4,False,False,False,False,False,False,False,False,False,True,False
COL,43,Alpine,62.0,3.0,HARD,25.0,True,15.0,1,86.25,8724.703,8638.453,31.3,49.3,26.3,False,False,False,False,False,False,False,False,False,True,False
COL,43,Alpine,63.0,3.0,HARD,26.0,True,15.0,1,85.935,8810.638,8724.703,31.3,48.1,26.2,False,False,False,False,False,False,False,False,False,True,False
COL,43,Alpine,64.0,3.0,HARD,27.0,True,15.0,1,86.311,8896.949,8810.638,31.4,49.2,26.0,False,False,False,False,False,False,False,False,False,True,False
COL,43,Alpine,65.0,3.0,HARD,28.0,True,15.0,1,86.552,8983.501,8896.949,31.6,48.5,25.6,False,False,False,False,False,False,False,False,False,True,False
COL,43,Alpine,66.0,3.0,HARD,29.0,True,15.0,1,87.441,9070.942,8983.501,31.5,47.8,25.9,False,False,False,False,False,False,False,False,False,True,False
COL,43,Alpine,67.0,3.0,HARD,30.0,True,15.0,1,88.562,9159.504,9070.942,31.5,46.6,25.7,False,False,False,False,False,False,False,False,False,True,False
COL,43,Alpine,68.0,3.0,HARD,31.0,True,15.0,1,88.796,9248.3,9159.504,31.4,46.5,26.4,False,False,False,False,False,False,False,False,False,True,False
HAM,44,Ferrari,1.0,1.0,SOFT,1.0,True,4.0,1,92.42,3340.664,3248.019,30.4,51.4,25.0,False,False,False,False,True,False,False,False,False,False,False
HAM,44,Ferrari,2.0,1.0,SOFT,2.0,True,4.0,1,85.911,3426.575,3340.664,31.0,51.4,25.0,False,False,False,False,False,False,False,False,False,True,False
HAM,44,Ferrari,3.0,1.0,SOFT,3.0,True,4.0,1,85.598,3512.173,3426.575,30.5,53.1,25.9,False,False,False,False,False,False,False,False,False,True,False
HAM,44,Ferrari,4.0,1.0,SOFT,4.0,True,4.0,1,85.616,3597.789,3512.173,30.5,52.7,25.4,False,False,False,False,False,False,False,False,False,True,False
HAM,44,Ferrari,5.0,1.0,SOFT,5.0,True,4.0,1,85.806,3683.595,3597.789,30.6,52.9,25.5,False,False,False,False,False,False,False,False,False,True,False
HAM,44,Ferrari,6.0,1.0,SOFT,6.0,True,4.0,1,85.228,3768.823,3683.595,30.6,52.3,25.2,False,False,False,False,False,False,False,False,False,True,False
HAM,44,Ferrari,7.0,1.0,SOFT,7.0,True,4.0,1,85.474,3854.297,3768.823,30.7,51.0,25.0,False,False,False,False,False,False,False,False,False,True,False
HAM,44,Ferrari,8.0,1.0,SOFT,8.0,True,4.0,1,85.369,3939.666,3854.297,30.7,51.7,25.2,False,False,False,False,False,False,False,False,False,True,False
HAM,44,Ferrari,9.0,1.0,SOFT,9.0,True,4.0,1,85.91,4025.576,3939.666,30.7,52.8,25.5,False,False,False,False,False,False,False,False,False,True,False
HAM,44,Ferrari,10.0,1.0,SOFT,10.0,True,4.0,1,85.401,4110.977,4025.576,30.7,51.0,25.7,False,False,False,False,False,False,False,False,False,True,False
HAM,44,Ferrari,11.0,1.0,SOFT,11.0,True,4.0,1,85.732,4196.709,4110.977,30.7,51.1,25.7,False,False,False,False,False,False,False,False,False,True,False
HAM,44,Ferrari,12.0,1.0,SOFT,12.0,True,4.0,1,85.803,4282.512,4196.709,30.8,50.5,25.9,False,False,False,False,False,False,False,False,False,True,False
HAM,44,Ferrari,13.0,1.0,SOFT,13.0,True,5.0,1,88.64,4371.152,4282.512,30.9,51.0,25.4,False,True,False,False,True,False,False,False,False,False,False
HAM,44,Ferrari,14.0,2.0,HARD,1.0,True,8.0,1,103.085,4474.237,4371.152,30.8,52.5,25.8,False,False,True,False,True,False,False,False,False,False,False
HAM,44,Ferrari,15.0,2.0,HARD,2.0,True,6.0,1,84.937,4559.174,4474.237,30.9,51.4,25.4,False,False,False,False,False,False,False,False,False,True,False
HAM,44,Ferrari,16.0,2.0,HARD,3.0,True,7.0,1,86.092,4645.266,4559.174,30.9,52.9,25.8,False,False,False,False,False,False,False,False,False,True,False
HAM,44,Ferrari,17.0,2.0,HARD,4.0,True,6.0,1,85.064,4730.33,4645.266,31.1,52.3,25.1,False,False,False,False,False,False,False,False,False,True,False
HAM,44,Ferrari,18.0,2.0,HARD,5.0,True,6.0,1,85.654,4815.984,4730.33,31.1,52.3,25.1,False,False,False,False,False,False,False,False,False,True,False
HAM,44,Ferrari,19.0,2.0,HARD,6.0,True,5.0,1,86.384,4902.368,4815.984,31.5,51.6,24.6,False,False,False,False,False,False,False,False,False,True,False
HAM,44,Ferrari,20.0,2.0,HARD,7.0,True,5.0,1,85.255,4987.623,4902.368,31.1,52.4,24.7,False,False,False,False,False,False,False,False,False,True,False
HAM,44,Ferrari,21.0,2.0,HARD,8.0,True,5.0,1,85.207,5072.83,4987.623,31.1,52.1,25.1,False,False,False,False,False,False,False,False,False,True,False
HAM,44,Ferrari,22.0,2.0,HARD,9.0,True,5.0,1,85.231,5158.061,5072.83,30.8,52.1,25.1,False,False,False,False,False,False,False,False,False,True,False
HAM,44,Ferrari,23.0,2.0,HARD,10.0,True,4.0,1,85.575,5243.636,5158.061,31.3,51.9,25.7,False,False,False,False,False,False,False,False,False,True,False
HAM,44,Ferrari,24.0,2.0,HARD,11.0,True,4.0,1,85.25,5328.886,5243.636,31.3,49.6,25.5,False,False,False,False,False,False,False,False,False,True,False
HAM,44,Ferrari,25.0,2.0,HARD,12.0,True,4.0,1,85.153,5414.039,5328.886,31.0,49.8,25.9,False,False,False,False,False,False,False,False,False,True,False
HAM,44,Ferrari,26.0,2.0,HARD,13.0,True,4.0,1,85.54,5499.579,5414.039,30.9,50.7,26.1,False,False,False,False,False,False,False,False,False,True,False
HAM,44,Ferrari,27.0,2.0,HARD,14.0,True,4.0,1,85.926,5585.505,5499.579,30.7,50.6,25.9,False,False,False,False,False,False,False,False,False,True,False
HAM,44,Ferrari,28.0,2.0,HARD,15.0,True,4.0,1,85.511,5671.016,5585.505,30.8,51.3,26.2,False,False,False,False,False,False,False,False,False,True,False
HAM,44,Ferrari,29.0,2.0,HARD,16.0,True,4.0,1,85.619,5756.635,5671.016,31.0,50.5,25.6,False,False,False,False,False,False,False,False,False,True,False
HAM,44,Ferrari,30.0,2.0,HARD,17.0,True,6.0,1,88.24,5844.875,5756.635,31.1,51.2,25.8,False,True,False,False,True,False,False,False,False,False,False
HAM,44,Ferrari,31.0,3.0,HARD,1.0,True,7.0,1,103.95,5948.825,5844.875,31.5,50.3,25.4,False,False,True,False,True,False,False,False,False,False,False
HAM,44,Ferrari,32.0,3.0,HARD,2.0,True,6.0,1,83.671,6032.496,5948.825,31.2,51.1,25.2,False,False,False,False,False,False,False,False,False,True,False
HAM,44,Ferrari,33.0,3.0,HARD,3.0,True,6.0,1,84.184,6116.68,6032.496,31.3,49.1,25.4,False,False,False,False,False,False,False,False,False,True,False
HAM,44,Ferrari,34.0,3.0,HARD,4.0,True,6.0,1,84.224,6200.904,6116.68,31.1,49.2,25.4,False,False,False,False,False,False,False,False,False,True,False
HAM,44,Ferrari,35.0,3.0,HARD,5.0,True,6.0,1,84.27,6285.174,6200.904,31.1,48.7,25.9,False,False,False,False,False,False,False,False,False,True,False
HAM,44,Ferrari,36.0,3.0,HARD,6.0,True,6.0,1,84.239,6369.413,6285.174,30.4,48.7,25.9,False,False,False,False,False,False,False,False,False,True,False
HAM,44,Ferrari,37.0,3.0,HARD,7.0,True,5.0,1,84.789,6454.202,6369.413,31.3,49.7,25.8,False,False,False,False,False,False,False,False,False,True,False
HAM,44,Ferrari,38.0,3.0,HARD,8.0,True,5.0,1,85.685,6539.887,6454.202,31.0,49.8,25.8,False,False,False,False,False,False,False,False,False,True,False
HAM,44,Ferrari,39.0,3.0,HARD,9.0,True,5.0,12,84.42,6624.307,6539.887,31.0,50.9,25.6,False,False,False,False,False,False,True,False,False,False,False
HAM,44,Ferrari,40.0,3.0,HARD,10.0,True,5.0,1,84.617,6708.924,6624.307,31.0,49.3,25.7,False,False,False,False,False,False,False,False,False,True,False
HAM,44,Ferrari,41.0,3.0,HARD,11.0,True,5.0,1,84.748,6793.672,6708.924,31.0,49.7,26.0,False,False,False,False,False,False,False,False,False,True,False
HAM,44,Ferrari,42.0,3.0,HARD,12.0,True,4.0,1,84.743,6878.415,6793.672,31.0,49.9,26.1,False,False,False,False,False,False,False,False,False,True,False
HAM,44,Ferrari,43.0,3.0,HARD,13.0,True,4.0,1,84.697,6963.112,6878.415,31.4,49.9,26.1,False,False,False,False,False,False,False,False,False,True,False
HAM,44,Ferrari,44.0,3.0,HARD,14.0,True,4.0,1,84.445,7047.557,6963.112,31.1,50.3,26.0,False,False,False,False,False,False,False,False,False,True,False
HAM,44,Ferrari,45.0,3.0,HARD,15.0,True,4.0,1,84.665,7132.222,7047.557,31.0,50.5,25.0,False,False,False,False,False,False,False,False,False,True,False
HAM,44,Ferrari,46.0,3.0,HARD,16.0,True,4.0,1,84.536,7216.758,7132.222,31.1,50.4,24.7,False,False,False,False,False,False,False,False,False,True,False
HAM,44,Ferrari,47.0,3.0,HARD,17.0,True,4.0,1,84.049,7300.807,7216.758,31.2,50.4,24.8,False,False,False,False,False,False,False,False,False,True,False
HAM,44,Ferrari,48.0,3.0,HARD,18.0,True,4.0,1,84.404,7385.211,7300.807,31.2,50.5,25.1,False,False,False,False,False,False,False,False,False,True,False
HAM,44,Ferrari,49.0,3.0,HARD,19.0,True,4.0,1,84.786,7469.997,7385.211,31.3,48.4,25.1,False,False,False,False,False,False,False,False,False,True,False
HAM,44,Ferrari,50.0,3.0,HARD,20.0,True,4.0,12,84.311,7554.308,7469.997,31.3,49.4,25.7,False,False,False,False,False,False,True,False,False,False,False
HAM,44,Ferrari,51.0,3.0,HARD,21.0,True,4.0,1,84.214,7638.522,7554.308,31.4,49.0,25.8,False,False,False,False,False,False,False,False,False,True,False
HAM,44,Ferrari,52.0,3.0,HARD,22.0,True,4.0,1,84.407,7722.929,7638.522,31.6,49.4,25.2,False,False,False,False,False,False,False,False,False,True,False
HAM,44,Ferrari,53.0,3.0,HARD,23.0,True,4.0,1,84.295,7807.224,7722.929,31.4,48.4,25.2,False,False,False,False,False,False,False,False,False,True,False
HAM,44,Ferrari,54.0,3.0,HARD,24.0,True,3.0,1,84.59,7891.814,7807.224,31.3,47.2,25.6,False,False,False,False,False,False,False,False,False,True,False
HAM,44,Ferrari,55.0,3.0,HARD,25.0,True,3.0,1,84.403,7976.217,7891.814,31.2,48.7,26.0,False,False,False,False,False,False,False,False,False,True,False
HAM,44,Ferrari,56.0,3.0,HARD,26.0,True,2.0,126,96.308,8072.525,7976.217,31.4,47.0,25.6,False,True,False,False,True,False,True,False,False,False,False
HAM,44,Ferrari,57.0,4.0,SOFT,4.0,False,3.0,671,106.522,8179.047,8072.525,31.3,46.6,25.5,False,False,True,False,True,False,True,False,False,False,False
HAM,44,Ferrari,58.0,4.0,SOFT,5.0,False,4.0,1,84.461,8263.508,8179.047,31.1,47.8,26.5,False,False,False,False,False,False,False,False,False,True,False
HAM,44,Ferrari,59.0,4.0,SOFT,6.0,False,4.0,1,82.3,8345.808,8263.508,31.1,48.0,26.3,False,False,False,False,False,False,False,False,False,True,False
HAM,44,Ferrari,60.0,4.0,SOFT,7.0,False,4.0,1,83.832,8429.64,8345.808,31.1,48.3,26.2,False,False,False,False,False,False,False,False,False,True,False
HAM,44,Ferrari,61.0,4.0,SOFT,8.0,False,4.0,1,83.088,8512.728,8429.64,31.1,48.5,26.2,False,False,False,False,False,False,False,False,False,True,False
HAM,44,Ferrari,62.0,4.0,SOFT,9.0,False,4.0,1,83.291,8596.019,8512.728,31.1,48.6,26.1,False,False,False,False,False,False,False,False,False,True,False
HAM,44,Ferrari,63.0,4.0,SOFT,10.0,False,4.0,1,85.078,8681.097,8596.019,31.3,49.3,26.3,False,False,False,False,False,False,False,False,False,True,False
HAM,44,Ferrari,64.0,4.0,SOFT,11.0,False,4.0,1,83.842,8764.939,8681.097,31.3,49.3,25.9,False,False,False,False,False,False,False,False,False,True,False
HAM,44,Ferrari,65.0,4.0,SOFT,12.0,False,4.0,1,83.031,8847.97,8764.939,31.3,48.1,26.2,False,False,False,False,False,False,False,False,False,True,False
HAM,44,Ferrari,66.0,4.0,SOFT,13.0,False,4.0,1,83.401,8931.371,8847.97,31.5,49.1,26.0,False,False,False,False,False,False,False,False,False,True,False
HAM,44,Ferrari,67.0,4.0,SOFT,14.0,False,4.0,1,83.257,9014.628,8931.371,31.6,48.5,25.6,False,False,False,False,False,False,False,False,False,True,False
HAM,44,Ferrari,68.0,4.0,SOFT,15.0,False,4.0,1,83.128,9097.756,9014.628,31.5,48.5,26.0,False,False,False,False,False,False,False,False,False,True,False
HAM,44,Ferrari,69.0,4.0,SOFT,16.0,False,4.0,1,83.178,9180.934,9097.756,31.5,46.6,25.7,False,False,False,False,False,False,False,False,False,True,False
HAM,44,Ferrari,70.0,4.0,SOFT,17.0,False,4.0,1,83.03,9263.964,9180.934,31.4,46.5,26.4,False,False,False,False,False,False,False,False,False,True,False
BOR,5,Audi,1.0,1.0,SOFT,1.0,True,13.0,1,97.037,3345.281,3248.019,30.4,51.4,25.0,False,False,False,False,True,False,False,False,False,False,False
BOR,5,Audi,2.0,1.0,SOFT,2.0,True,13.0,1,88.743,3434.024,3345.281,31.0,51.4,25.0,False,False,False,False,False,False,False,False,False,True,False
BOR,5,Audi,3.0,1.0,SOFT,3.0,True,13.0,1,87.634,3521.658,3434.024,30.5,53.1,25.9,False,False,False,False,False,False,False,False,False,True,False
BOR,5,Audi,4.0,1.0,SOFT,4.0,True,13.0,1,87.566,3609.224,3521.658,30.5,52.7,25.4,False,False,False,False,False,False,False,False,False,True,False
BOR,5,Audi,5.0,1.0,SOFT,5.0,True,13.0,1,87.675,3696.899,3609.224,30.6,52.7,25.2,False,False,False,False,False,False,False,False,False,True,False
BOR,5,Audi,6.0,1.0,SOFT,6.0,True,13.0,1,87.668,3784.567,3696.899,30.6,52.3,25.2,False,False,False,False,False,False,False,False,False,True,False
BOR,5,Audi,7.0,1.0,SOFT,7.0,True,13.0,1,87.777,3872.344,3784.567,30.7,51.7,25.1,False,False,False,False,False,False,False,False,False,True,False
BOR,5,Audi,8.0,1.0,SOFT,8.0,True,14.0,1,88.395,3960.739,3872.344,30.7,51.7,25.2,False,False,False,False,False,False,False,False,False,True,False
BOR,5,Audi,9.0,1.0,SOFT,9.0,True,14.0,1,88.201,4048.94,3960.739,30.7,52.8,25.5,False,False,False,False,False,False,False,False,False,True,False
BOR,5,Audi,10.0,1.0,SOFT,10.0,True,14.0,1,87.953,4136.893,4048.94,30.8,51.4,25.2,False,False,False,False,False,False,False,False,False,True,False
BOR,5,Audi,11.0,1.0,SOFT,11.0,True,14.0,1,88.014,4224.907,4136.893,30.7,51.1,25.7,False,False,False,False,False,False,False,False,False,True,False
BOR,5,Audi,12.0,1.0,SOFT,12.0,True,14.0,1,88.717,4313.624,4224.907,30.9,52.4,26.3,False,False,False,False,False,False,False,False,False,True,False
BOR,5,Audi,13.0,1.0,SOFT,13.0,True,14.0,1,88.381,4402.005,4313.624,30.9,51.0,25.4,False,False,False,False,False,False,False,False,False,True,False
BOR,5,Audi,14.0,1.0,SOFT,14.0,True,13.0,1,88.119,4490.124,4402.005,30.8,52.5,25.8,False,False,False,False,False,False,False,False,False,True,False
BOR,5,Audi,15.0,1.0,SOFT,15.0,True,13.0,1,87.184,4577.308,4490.124,30.9,51.4,25.4,False,False,False,False,False,False,False,False,False,True,False
BOR,5,Audi,16.0,1.0,SOFT,16.0,True,12.0,1,87.128,4664.436,4577.308,31.0,52.3,24.8,False,False,False,False,False,False,False,False,False,True,False
BOR,5,Audi,17.0,1.0,SOFT,17.0,True,12.0,1,87.33,4751.766,4664.436,31.1,52.3,25.1,False,False,False,False,False,False,False,False,True,False,False
BOR,5,Audi,18.0,1.0,SOFT,18.0,True,12.0,1,86.797,4838.563,4751.766,31.3,51.6,24.6,False,False,False,False,False,False,False,False,False,True,False
BOR,5,Audi,19.0,1.0,SOFT,19.0,True,12.0,1,86.927,4925.49,4838.563,31.5,51.6,24.6,False,False,False,False,False,False,False,False,False,True,False
BOR,5,Audi,20.0,1.0,SOFT,20.0,True,11.0,1,87.548,5013.038,4925.49,30.9,52.4,24.7,False,False,False,False,False,False,False,False,False,True,False
BOR,5,Audi,21.0,1.0,SOFT,21.0,True,10.0,1,86.823,5099.861,5013.038,31.1,52.1,25.1,False,False,False,False,False,False,False,False,False,True,False
BOR,5,Audi,22.0,1.0,SOFT,22.0,True,9.0,1,86.79,5186.651,5099.861,30.8,52.1,25.1,False,False,False,False,False,False,False,False,False,True,False
BOR,5,Audi,23.0,1.0,SOFT,23.0,True,9.0,1,87.145,5273.796,5186.651,31.1,51.9,25.7,False,False,False,False,False,False,False,False,False,True,False
BOR,5,Audi,24.0,1.0,SOFT,24.0,True,9.0,1,87.27,5361.066,5273.796,31.3,49.6,25.5,False,False,False,False,False,False,False,False,False,True,False
BOR,5,Audi,25.0,1.0,SOFT,25.0,True,9.0,1,86.893,5447.959,5361.066,31.0,50.7,26.1,False,False,False,False,False,False,False,False,False,True,False
BOR,5,Audi,26.0,1.0,SOFT,26.0,True,9.0,1,87.243,5535.202,5447.959,30.9,50.7,26.1,False,False,False,False,False,False,False,False,False,True,False
BOR,5,Audi,27.0,1.0,SOFT,27.0,True,9.0,1,87.136,5622.338,5535.202,30.8,51.3,26.2,False,False,False,False,False,False,False,False,False,True,False
BOR,5,Audi,28.0,1.0,SOFT,28.0,True,8.0,1,87.68,5710.018,5622.338,30.9,50.0,25.6,False,False,False,False,False,False,False,False,False,True,False
BOR,5,Audi,29.0,1.0,SOFT,29.0,True,10.0,1,91.099,5801.117,5710.018,31.1,51.2,25.8,False,True,False,False,True,False,False,False,False,False,False
BOR,5,Audi,30.0,2.0,HARD,1.0,True,14.0,1,104.949,5906.066,5801.117,31.1,50.3,25.4,False,False,True,False,True,False,False,False,False,False,False
BOR,5,Audi,31.0,2.0,HARD,2.0,True,14.0,1,84.915,5990.981,5906.066,31.0,51.1,25.9,False,False,False,False,False,False,False,False,False,True,False
BOR,5,Audi,32.0,2.0,HARD,3.0,True,14.0,1,87.019,6078.0,5990.981,31.2,51.1,25.2,False,False,False,False,False,False,False,False,False,True,False
BOR,5,Audi,33.0,2.0,HARD,4.0,True,13.0,1,84.783,6162.783,6078.0,31.1,49.2,25.4,False,False,False,False,False,False,False,False,False,True,False
BOR,5,Audi,34.0,2.0,HARD,5.0,True,13.0,1,85.182,6247.965,6162.783,31.0,48.5,25.4,False,False,False,False,False,False,False,False,False,True,False
BOR,5,Audi,35.0,2.0,HARD,6.0,True,13.0,1,85.238,6333.203,6247.965,30.4,48.7,25.9,False,False,False,False,False,False,False,False,False,True,False
BOR,5,Audi,36.0,2.0,HARD,7.0,True,13.0,1,85.388,6418.591,6333.203,31.0,50.3,26.0,False,False,False,False,False,False,False,False,False,True,False
BOR,5,Audi,37.0,2.0,HARD,8.0,True,13.0,1,87.928,6506.519,6418.591,31.3,49.7,25.8,False,False,False,False,False,False,False,False,False,True,False
BOR,5,Audi,38.0,2.0,HARD,9.0,True,12.0,12,85.89,6592.409,6506.519,31.0,50.9,25.6,False,False,False,False,False,False,True,False,True,False,False
BOR,5,Audi,39.0,2.0,HARD,10.0,True,12.0,1,85.238,6677.647,6592.409,31.0,49.8,25.1,False,False,False,False,False,False,False,False,False,True,False
BOR,5,Audi,40.0,2.0,HARD,11.0,True,11.0,1,84.991,6762.638,6677.647,31.0,49.7,26.0,False,False,False,False,False,False,False,False,False,True,False
BOR,5,Audi,41.0,2.0,HARD,12.0,True,11.0,1,85.137,6847.775,6762.638,31.0,49.6,26.0,False,False,False,False,False,False,False,False,False,True,False
BOR,5,Audi,42.0,2.0,HARD,13.0,True,11.0,1,85.202,6932.977,6847.775,31.4,49.9,26.1,False,False,False,False,False,False,False,False,False,True,False
BOR,5,Audi,43.0,2.0,HARD,14.0,True,10.0,1,85.312,7018.289,6932.977,31.1,50.3,26.0,False,False,False,False,False,False,False,False,False,True,False
BOR,5,Audi,44.0,2.0,HARD,15.0,True,10.0,1,85.923,7104.212,7018.289,31.0,50.5,25.5,False,False,False,False,False,False,False,False,False,True,False
BOR,5,Audi,45.0,2.0,HARD,16.0,True,10.0,1,85.561,7189.773,7104.212,31.1,50.4,24.7,False,False,False,False,False,False,False,False,False,True,False
BOR,5,Audi,46.0,2.0,HARD,17.0,True,10.0,1,85.704,7275.477,7189.773,31.1,50.8,25.5,False,False,False,False,False,False,False,False,False,True,False
BOR,5,Audi,47.0,2.0,HARD,18.0,True,10.0,1,85.68,7361.157,7275.477,31.2,50.5,25.1,False,False,False,False,False,False,False,False,False,True,False
BOR,5,Audi,48.0,2.0,HARD,19.0,True,10.0,1,85.778,7446.935,7361.157,31.3,48.4,25.1,False,False,False,False,False,False,False,False,False,True,False
BOR,5,Audi,49.0,2.0,HARD,20.0,True,10.0,12,85.842,7532.777,7446.935,31.3,49.4,25.7,False,False,False,False,False,False,True,False,False,False,False
BOR,5,Audi,50.0,2.0,HARD,21.0,True,10.0,1,85.846,7618.623,7532.777,31.4,49.0,25.8,False,False,False,False,False,False,False,False,False,True,False
BOR,5,Audi,51.0,2.0,HARD,22.0,True,10.0,1,85.824,7704.447,7618.623,31.3,49.4,25.2,False,False,False,False,False,False,False,False,False,True,False
BOR,5,Audi,52.0,2.0,HARD,23.0,True,10.0,1,86.146,7790.593,7704.447,31.4,48.4,25.2,False,False,False,False,False,False,False,False,False,True,False
BOR,5,Audi,53.0,2.0,HARD,24.0,True,10.0,1,86.341,7876.934,7790.593,31.3,47.2,25.6,False,False,False,False,False,False,False,False,False,True,False
BOR,5,Audi,54.0,2.0,HARD,25.0,True,10.0,1,87.402,7964.336,7876.934,31.2,48.7,26.0,False,False,False,False,False,False,False,False,False,True,False
BOR,5,Audi,55.0,2.0,HARD,26.0,True,10.0,126,94.363,8058.699,7964.336,31.3,48.7,26.0,False,False,False,False,True,False,True,False,False,False,False
BOR,5,Audi,56.0,2.0,HARD,27.0,True,9.0,671,99.502,8158.201,8058.699,31.3,46.6,25.5,False,False,False,False,True,False,True,False,False,False,False
BOR,5,Audi,57.0,2.0,HARD,28.0,True,9.0,1,85.875,8244.076,8158.201,31.1,46.6,26.1,False,False,False,False,False,False,False,False,False,True,False
BOR,5,Audi,58.0,2.0,HARD,29.0,True,9.0,1,86.203,8330.279,8244.076,31.1,48.0,26.3,False,False,False,False,False,False,False,False,False,True,False
BOR,5,Audi,59.0,2.0,HARD,30.0,True,11.0,1,89.088,8419.367,8330.279,31.1,48.3,26.2,False,False,False,False,False,False,False,False,False,True,False
BOR,5,Audi,60.0,2.0,HARD,31.0,True,11.0,1,87.683,8507.05,8419.367,31.1,48.5,26.2,False,False,False,False,False,False,False,False,False,True,False
BOR,5,Audi,61.0,2.0,HARD,32.0,True,11.0,1,86.888,8593.938,8507.05,31.1,48.6,26.1,False,False,False,False,False,False,False,False,False,True,False
BOR,5,Audi,62.0,2.0,HARD,33.0,True,11.0,1,88.338,8682.276,8593.938,31.3,49.3,26.3,False,False,False,False,False,False,False,False,False,True,False
BOR,5,Audi,63.0,2.0,HARD,34.0,True,11.0,1,86.775,8769.051,8682.276,31.3,49.3,25.9,False,False,False,False,False,False,False,False,False,True,False
BOR,5,Audi,64.0,2.0,HARD,35.0,True,11.0,1,88.153,8857.204,8769.051,31.4,49.2,26.0,False,False,False,False,False,False,False,False,False,True,False
BOR,5,Audi,65.0,2.0,HARD,36.0,True,11.0,1,87.011,8944.215,8857.204,31.5,49.1,26.0,False,False,False,False,False,False,False,False,False,True,False
BOR,5,Audi,66.0,2.0,HARD,37.0,True,11.0,1,87.343,9031.558,8944.215,31.6,48.5,25.6,False,False,False,False,False,False,False,False,False,True,False
BOR,5,Audi,67.0,2.0,HARD,38.0,True,11.0,1,87.685,9119.243,9031.558,31.5,48.5,26.0,False,False,False,False,False,False,False,False,True,False,False
BOR,5,Audi,68.0,2.0,HARD,39.0,True,11.0,1,88.023,9207.266,9119.243,31.5,46.6,25.7,False,False,False,False,False,False,False,False,False,True,False
BOR,5,Audi,69.0,2.0,HARD,40.0,True,11.0,1,89.186,9296.452,9207.266,31.3,46.3,26.6,False,False,False,False,False,False,False,False,False,True,False
SAI,55,Williams,1.0,1.0,SOFT,1.0,True,17.0,1,99.271,3347.515,3248.019,30.4,51.4,25.0,False,False,False,False,True,False,False,False,False,False,False
SAI,55,Williams,2.0,1.0,SOFT,2.0,True,17.0,1,89.017,3436.532,3347.515,31.0,51.4,25.0,False,False,False,False,False,False,False,False,False,True,False
SAI,55,Williams,3.0,1.0,SOFT,3.0,True,18.0,1,89.138,3525.67,3436.532,30.5,53.1,25.9,False,False,False,False,False,False,False,False,False,True,False
SAI,55,Williams,4.0,1.0,SOFT,4.0,True,18.0,1,88.343,3614.013,3525.67,30.5,52.7,25.4,False,False,False,False,False,False,False,False,False,True,False
SAI,55,Williams,5.0,1.0,SOFT,5.0,True,18.0,1,88.488,3702.501,3614.013,30.6,52.7,25.2,False,False,False,False,False,False,False,False,False,True,False
SAI,55,Williams,6.0,1.0,SOFT,6.0,True,18.0,1,88.472,3790.973,3702.501,30.6,52.3,25.2,False,False,False,False,False,False,False,False,False,True,False
SAI,55,Williams,7.0,1.0,SOFT,7.0,True,18.0,1,88.328,3879.301,3790.973,30.7,51.7,25.1,False,False,False,False,False,False,False,False,False,True,False
SAI,55,Williams,8.0,1.0,SOFT,8.0,True,18.0,1,88.354,3967.655,3879.301,30.7,51.7,25.2,False,False,False,False,False,False,False,False,False,True,False
SAI,55,Williams,9.0,1.0,SOFT,9.0,True,18.0,1,88.193,4055.848,3967.655,30.7,51.0,25.7,False,False,False,False,False,False,False,False,False,True,False
SAI,55,Williams,10.0,1.0,SOFT,10.0,True,18.0,1,88.12,4143.968,4055.848,30.8,51.4,25.2,False,False,False,False,False,False,False,False,False,True,False
SAI,55,Williams,11.0,1.0,SOFT,11.0,True,18.0,1,87.946,4231.914,4143.968,30.8,50.5,25.9,False,False,False,False,False,False,False,False,False,True,False
SAI,55,Williams,12.0,1.0,SOFT,12.0,True,18.0,1,88.121,4320.035,4231.914,30.9,52.4,26.3,False,False,False,False,False,False,False,False,False,True,False
SAI,55,Williams,13.0,1.0,SOFT,13.0,True,18.0,1,88.374,4408.409,4320.035,30.9,51.0,25.4,False,False,False,False,False,False,False,False,False,True,False
SAI,55,Williams,14.0,1.0,SOFT,14.0,True,18.0,1,88.551,4496.96,4408.409,30.8,52.5,25.8,False,False,False,False,False,False,False,False,False,True,False
SAI,55,Williams,15.0,1.0,SOFT,15.0,True,18.0,1,88.658,4585.618,4496.96,30.9,51.4,25.4,False,False,False,False,False,False,False,False,False,True,False
SAI,55,Williams,16.0,1.0,SOFT,16.0,True,17.0,1,88.154,4673.772,4585.618,31.0,52.3,24.8,False,False,False,False,False,False,False,False,False,True,False
SAI,55,Williams,17.0,1.0,SOFT,17.0,True,16.0,1,88.082,4761.854,4673.772,31.1,52.3,25.1,False,False,False,False,False,False,False,False,False,True,False
SAI,55,Williams,18.0,1.0,SOFT,18.0,True,15.0,1,90.214,4852.068,4761.854,31.3,51.6,24.6,False,True,False,False,True,False,False,False,False,False,False
SAI,55,Williams,19.0,2.0,MEDIUM,1.0,True,20.0,1,104.718,4956.786,4852.068,31.1,52.4,24.7,False,False,True,False,True,False,False,False,False,False,False
SAI,55,Williams,20.0,2.0,MEDIUM,2.0,True,20.0,1,86.93,5043.716,4956.786,30.9,52.4,24.7,False,False,False,False,False,False,False,False,False,True,False
SAI,55,Williams,21.0,2.0,MEDIUM,3.0,True,20.0,1,86.948,5130.664,5043.716,31.1,52.1,25.1,False,False,False,False,False,False,False,False,False,True,False
SAI,55,Williams,22.0,2.0,MEDIUM,4.0,True,20.0,1,87.248,5217.912,5130.664,31.3,51.9,25.7,False,False,False,False,False,False,False,False,False,True,False
SAI,55,Williams,23.0,2.0,MEDIUM,5.0,True,19.0,1,87.563,5305.475,5217.912,31.1,51.9,25.7,False,False,False,False,False,False,False,False,False,True,False
SAI,55,Williams,24.0,2.0,MEDIUM,6.0,True,19.0,1,87.042,5392.517,5305.475,31.0,49.8,25.9,False,False,False,False,False,False,False,False,False,True,False
SAI,55,Williams,25.0,2.0,MEDIUM,7.0,True,19.0,1,87.484,5480.001,5392.517,31.0,50.7,26.1,False,False,False,False,False,False,False,False,False,True,False
SAI,55,Williams,26.0,2.0,MEDIUM,8.0,True,18.0,1,88.007,5568.008,5480.001,30.7,50.6,25.9,False,False,False,False,False,False,False,False,False,True,False
SAI,55,Williams,27.0,2.0,MEDIUM,9.0,True,18.0,1,87.684,5655.692,5568.008,30.8,51.3,26.2,False,False,False,False,False,False,False,False,False,True,False
SAI,55,Williams,28.0,2.0,MEDIUM,10.0,True,18.0,1,87.874,5743.566,5655.692,31.0,50.5,25.6,False,False,False,False,False,False,False,False,False,True,False
SAI,55,Williams,29.0,2.0,MEDIUM,11.0,True,18.0,1,87.271,5830.837,5743.566,31.1,51.2,25.8,False,False,False,False,False,False,False,False,False,True,False
SAI,55,Williams,30.0,2.0,MEDIUM,12.0,True,18.0,1,87.623,5918.46,5830.837,31.5,50.3,25.4,False,False,False,False,False,False,False,False,False,True,False
SAI,55,Williams,31.0,2.0,MEDIUM,13.0,True,18.0,1,89.766,6008.226,5918.46,31.0,51.1,25.9,False,False,False,False,False,False,False,False,False,True,False
SAI,55,Williams,32.0,2.0,MEDIUM,14.0,True,18.0,1,88.98,6097.206,6008.226,31.3,49.1,25.4,False,False,False,False,False,False,False,False,False,True,False
SAI,55,Williams,33.0,2.0,MEDIUM,15.0,True,18.0,1,87.529,6184.735,6097.206,31.1,49.2,25.4,False,False,False,False,False,False,False,False,False,True,False
SAI,55,Williams,34.0,2.0,MEDIUM,16.0,True,18.0,1,89.763,6274.498,6184.735,31.1,48.7,25.9,False,False,False,False,False,False,False,False,False,True,False
SAI,55,Williams,35.0,2.0,MEDIUM,17.0,True,17.0,1,88.412,6362.91,6274.498,30.4,48.7,25.9,False,False,False,False,False,False,False,False,False,True,False
SAI,55,Williams,36.0,2.0,MEDIUM,18.0,True,16.0,1,87.676,6450.586,6362.91,31.0,50.3,26.0,False,False,False,False,False,False,False,False,False,True,False
SAI,55,Williams,37.0,2.0,MEDIUM,19.0,True,17.0,1,91.701,6542.287,6450.586,31.0,49.8,25.8,False,False,False,False,False,False,False,False,True,False,False
SAI,55,Williams,38.0,2.0,MEDIUM,20.0,True,15.0,12,87.27,6629.557,6542.287,31.0,50.9,25.6,False,False,False,False,False,False,True,False,False,False,False
SAI,55,Williams,39.0,2.0,MEDIUM,21.0,True,16.0,1,88.473,6718.03,6629.557,31.0,49.3,25.7,False,False,False,False,False,False,False,False,False,True,False
SAI,55,Williams,40.0,2.0,MEDIUM,22.0,True,16.0,1,88.286,6806.316,6718.03,31.0,49.7,26.0,False,False,False,False,False,False,False,False,False,True,False
SAI,55,Williams,41.0,2.0,MEDIUM,23.0,True,17.0,1,88.622,6894.938,6806.316,31.0,49.9,26.1,False,False,False,False,False,False,False,False,False,True,False
SAI,55,Williams,42.0,2.0,MEDIUM,24.0,True,17.0,1,87.53,6982.468,6894.938,31.4,49.9,26.1,False,False,False,False,False,False,False,False,False,True,False
SAI,55,Williams,43.0,2.0,MEDIUM,25.0,True,17.0,1,90.441,7072.909,6982.468,31.0,50.5,25.5,False,True,False,False,True,False,False,False,False,False,False
SAI,55,Williams,44.0,3.0,SOFT,4.0,False,19.0,1,112.387,7185.296,7072.909,31.1,50.4,24.7,False,False,True,False,True,False,False,False,False,False,False
SAI,55,Williams,45.0,3.0,SOFT,5.0,False,19.0,1,86.384,7271.68,7185.296,31.1,50.8,25.5,False,False,False,False,False,False,False,False,False,True,False
SAI,55,Williams,46.0,3.0,SOFT,6.0,False,19.0,1,85.932,7357.612,7271.68,31.2,50.5,25.1,False,False,False,False,False,False,False,False,False,True,False
SAI,55,Williams,47.0,3.0,SOFT,7.0,False,19.0,1,86.285,7443.897,7357.612,31.3,48.4,25.1,False,False,False,False,False,False,False,False,False,True,False
SAI,55,Williams,48.0,3.0,SOFT,8.0,False,19.0,12,86.315,7530.212,7443.897,31.3,47.8,25.5,False,False,False,False,False,False,True,False,False,False,False
SAI,55,Williams,49.0,3.0,SOFT,9.0,False,19.0,21,86.285,7616.497,7530.212,31.4,49.0,25.8,False,False,False,False,False,False,True,False,False,False,False
SAI,55,Williams,50.0,3.0,SOFT,10.0,False,19.0,1,86.194,7702.691,7616.497,31.3,49.4,25.2,False,False,False,False,False,False,False,False,False,True,False
SAI,55,Williams,51.0,3.0,SOFT,11.0,False,19.0,1,86.243,7788.934,7702.691,31.4,48.4,25.2,False,False,False,False,False,False,False,False,False,True,False
SAI,55,Williams,52.0,3.0,SOFT,12.0,False,19.0,1,86.258,7875.192,7788.934,31.3,47.2,25.6,False,False,False,False,False,False,False,False,False,True,False
SAI,55,Williams,53.0,3.0,SOFT,13.0,False,19.0,1,87.332,7962.524,7875.192,31.2,48.7,26.0,False,False,False,False,False,False,False,False,False,True,False
SAI,55,Williams,54.0,3.0,SOFT,14.0,False,19.0,126,94.129,8056.653,7962.524,31.3,48.7,26.0,False,True,False,False,True,False,True,False,False,False,False
SAI,55,Williams,55.0,4.0,SOFT,4.0,False,20.0,671,111.75,8168.403,8056.653,31.3,46.6,25.5,False,False,True,False,True,False,True,False,False,False,False
SAI,55,Williams,56.0,4.0,SOFT,5.0,False,19.0,1,84.864,8253.267,8168.403,31.1,47.8,26.5,False,False,False,False,False,False,False,False,False,True,False
SAI,55,Williams,57.0,4.0,SOFT,6.0,False,19.0,1,86.311,8339.578,8253.267,31.1,48.0,26.3,False,False,False,False,False,False,False,False,False,True,False
SAI,55,Williams,58.0,4.0,SOFT,7.0,False,19.0,1,84.926,8424.504,8339.578,31.1,48.3,26.2,False,False,False,False,False,False,False,False,False,True,False
SAI,55,Williams,59.0,4.0,SOFT,8.0,False,19.0,1,85.194,8509.698,8424.504,31.1,48.5,26.2,False,False,False,False,False,False,False,False,False,True,False
SAI,55,Williams,60.0,4.0,SOFT,9.0,False,19.0,1,88.39,8598.088,8509.698,31.1,48.6,26.1,False,False,False,False,False,False,False,False,False,True,False
SAI,55,Williams,61.0,4.0,SOFT,10.0,False,19.0,1,87.539,8685.627,8598.088,31.3,49.3,26.3,False,False,False,False,False,False,False,False,False,True,False
SAI,55,Williams,62.0,4.0,SOFT,11.0,False,19.0,1,86.451,8772.078,8685.627,31.3,49.3,25.9,False,False,False,False,False,False,False,False,False,True,False
SAI,55,Williams,63.0,4.0,SOFT,12.0,False,19.0,1,86.504,8858.582,8772.078,31.4,49.2,26.0,False,False,False,False,False,False,False,False,False,True,False
SAI,55,Williams,64.0,4.0,SOFT,13.0,False,19.0,1,87.361,8945.943,8858.582,31.5,49.1,26.0,False,False,False,False,False,False,False,False,False,True,False
SAI,55,Williams,65.0,4.0,SOFT,14.0,False,19.0,1,87.185,9033.128,8945.943,31.5,47.8,25.9,False,False,False,False,False,False,False,False,False,True,False
SAI,55,Williams,66.0,4.0,SOFT,15.0,False,19.0,1,87.394,9120.522,9033.128,31.5,48.5,26.0,False,False,False,False,False,False,False,False,False,True,False
SAI,55,Williams,67.0,4.0,SOFT,16.0,False,19.0,1,88.185,9208.707,9120.522,31.5,46.6,25.7,False,False,False,False,False,False,False,False,False,True,False
SAI,55,Williams,68.0,4.0,SOFT,17.0,False,19.0,1,88.69,9297.397,9208.707,31.3,46.3,26.6,False,False,False,False,False,False,False,False,False,True,False
HAD,6,Red Bull Racing,1.0,1.0,MEDIUM,1.0,True,7.0,1,94.347,3342.591,3248.019,30.4,51.4,25.0,False,False,False,False,True,False,False,False,False,False,False
HAD,6,Red Bull Racing,2.0,1.0,MEDIUM,2.0,True,7.0,1,86.269,3428.86,3342.591,31.0,51.4,25.0,False,False,False,False,False,False,False,False,False,True,False
HAD,6,Red Bull Racing,3.0,1.0,MEDIUM,3.0,True,7.0,1,85.893,3514.753,3428.86,30.5,53.1,25.9,False,False,False,False,False,False,False,False,False,True,False
HAD,6,Red Bull Racing,4.0,1.0,MEDIUM,4.0,True,7.0,1,85.808,3600.561,3514.753,30.5,52.7,25.4,False,False,False,False,False,False,False,False,False,True,False
HAD,6,Red Bull Racing,5.0,1.0,MEDIUM,5.0,True,7.0,1,86.077,3686.638,3600.561,30.6,52.9,25.5,False,False,False,False,False,False,False,False,False,True,False
HAD,6,Red Bull Racing,6.0,1.0,MEDIUM,6.0,True,7.0,1,86.567,3773.205,3686.638,30.6,52.3,25.2,False,False,False,False,False,False,False,False,False,True,False
HAD,6,Red Bull Racing,7.0,1.0,MEDIUM,7.0,True,7.0,1,86.478,3859.683,3773.205,30.7,51.0,25.0,False,False,False,False,False,False,False,False,False,True,False
HAD,6,Red Bull Racing,8.0,1.0,MEDIUM,8.0,True,7.0,1,86.73,3946.413,3859.683,30.7,51.7,25.2,False,False,False,False,False,False,False,False,False,True,False
HAD,6,Red Bull Racing,9.0,1.0,MEDIUM,9.0,True,7.0,1,86.256,4032.669,3946.413,30.7,52.8,25.5,False,False,False,False,False,False,False,False,False,True,False
HAD,6,Red Bull Racing,10.0,1.0,MEDIUM,10.0,True,7.0,1,86.39,4119.059,4032.669,30.8,51.4,25.2,False,False,False,False,False,False,False,False,False,True,False
HAD,6,Red Bull Racing,11.0,1.0,MEDIUM,11.0,True,7.0,1,86.781,4205.84,4119.059,30.7,51.1,25.7,False,False,False,False,False,False,False,False,False,True,False
HAD,6,Red Bull Racing,12.0,1.0,MEDIUM,12.0,True,7.0,1,86.788,4292.628,4205.84,30.9,52.4,26.3,False,False,False,False,False,False,False,False,False,True,False
HAD,6,Red Bull Racing,13.0,1.0,MEDIUM,13.0,True,7.0,1,86.844,4379.472,4292.628,30.9,51.0,25.4,False,False,False,False,False,False,False,False,False,True,False
HAD,6,Red Bull Racing,14.0,1.0,MEDIUM,14.0,True,6.0,1,86.995,4466.467,4379.472,30.8,51.6,25.6,False,False,False,False,False,False,False,False,False,True,False
HAD,6,Red Bull Racing,15.0,1.0,MEDIUM,15.0,True,5.0,1,86.758,4553.225,4466.467,30.9,51.4,25.4,False,False,False,False,False,False,False,False,False,True,False
HAD,6,Red Bull Racing,16.0,1.0,MEDIUM,16.0,True,5.0,1,86.879,4640.104,4553.225,30.9,52.9,25.8,False,False,False,False,False,False,False,False,False,True,False
HAD,6,Red Bull Racing,17.0,1.0,MEDIUM,17.0,True,3.0,1,87.317,4727.421,4640.104,31.1,52.3,25.1,False,False,False,False,False,False,False,False,False,True,False
HAD,6,Red Bull Racing,18.0,1.0,MEDIUM,18.0,True,2.0,1,86.939,4814.36,4727.421,31.1,52.3,25.1,False,False,False,False,False,False,False,False,False,True,False
HAD,6,Red Bull Racing,19.0,1.0,MEDIUM,19.0,True,7.0,1,91.582,4905.942,4814.36,31.5,51.6,24.6,False,True,False,False,True,False,False,False,False,False,False
HAD,6,Red Bull Racing,20.0,2.0,HARD,1.0,True,10.0,1,104.672,5010.614,4905.942,31.1,52.4,24.7,False,False,True,False,True,False,False,False,False,False,False
HAD,6,Red Bull Racing,21.0,2.0,HARD,2.0,True,9.0,1,84.643,5095.257,5010.614,31.1,52.1,25.1,False,False,False,False,False,False,False,False,False,True,False
HAD,6,Red Bull Racing,22.0,2.0,HARD,3.0,True,8.0,1,84.783,5180.04,5095.257,30.8,52.1,25.1,False,False,False,False,False,False,False,False,False,True,False
HAD,6,Red Bull Racing,23.0,2.0,HARD,4.0,True,8.0,1,84.908,5264.948,5180.04,31.1,51.9,25.7,False,False,False,False,False,False,False,False,False,True,False
HAD,6,Red Bull Racing,24.0,2.0,HARD,5.0,True,8.0,1,84.942,5349.89,5264.948,31.3,49.6,25.5,False,False,False,False,False,False,False,False,False,True,False
HAD,6,Red Bull Racing,25.0,2.0,HARD,6.0,True,8.0,1,85.133,5435.023,5349.89,31.0,50.7,26.1,False,False,False,False,False,False,False,False,False,True,False
HAD,6,Red Bull Racing,26.0,2.0,HARD,7.0,True,8.0,1,85.546,5520.569,5435.023,30.9,50.7,26.1,False,False,False,False,False,False,False,False,False,True,False
HAD,6,Red Bull Racing,27.0,2.0,HARD,8.0,True,8.0,1,85.748,5606.317,5520.569,30.7,50.6,25.9,False,False,False,False,False,False,False,False,False,True,False
HAD,6,Red Bull Racing,28.0,2.0,HARD,9.0,True,7.0,1,85.569,5691.886,5606.317,30.9,50.0,25.6,False,False,False,False,False,False,False,False,False,True,False
HAD,6,Red Bull Racing,29.0,2.0,HARD,10.0,True,7.0,1,85.443,5777.329,5691.886,31.0,50.5,25.6,False,False,False,False,False,False,False,False,False,True,False
HAD,6,Red Bull Racing,30.0,2.0,HARD,11.0,True,7.0,1,85.566,5862.895,5777.329,31.1,50.3,25.4,False,False,False,False,False,False,False,False,False,True,False
HAD,6,Red Bull Racing,31.0,2.0,HARD,12.0,True,6.0,1,85.838,5948.733,5862.895,31.5,50.3,25.4,False,False,False,False,False,False,False,False,False,True,False
HAD,6,Red Bull Racing,32.0,2.0,HARD,13.0,True,7.0,1,86.388,6035.121,5948.733,31.2,51.1,25.2,False,False,False,False,False,False,False,False,False,True,False
HAD,6,Red Bull Racing,33.0,2.0,HARD,14.0,True,7.0,1,85.487,6120.608,6035.121,31.3,49.1,25.4,False,False,False,False,False,False,False,False,False,True,False
HAD,6,Red Bull Racing,34.0,2.0,HARD,15.0,True,7.0,1,85.493,6206.101,6120.608,31.1,49.2,25.4,False,False,False,False,False,False,False,False,False,True,False
HAD,6,Red Bull Racing,35.0,2.0,HARD,16.0,True,7.0,1,85.495,6291.596,6206.101,31.1,48.7,25.9,False,False,False,False,False,False,False,False,False,True,False
HAD,6,Red Bull Racing,36.0,2.0,HARD,17.0,True,7.0,1,85.648,6377.244,6291.596,30.4,48.7,25.9,False,False,False,False,False,False,False,False,False,True,False
HAD,6,Red Bull Racing,37.0,2.0,HARD,18.0,True,6.0,1,87.797,6465.041,6377.244,31.3,49.7,25.8,False,False,False,False,False,False,False,False,False,True,False
HAD,6,Red Bull Racing,38.0,2.0,HARD,19.0,True,7.0,1,86.934,6551.975,6465.041,31.0,49.8,25.8,False,False,False,False,False,False,False,False,False,True,False
HAD,6,Red Bull Racing,39.0,2.0,HARD,20.0,True,7.0,12,87.532,6639.507,6551.975,31.0,49.8,25.1,False,False,False,False,False,False,True,False,False,False,False
HAD,6,Red Bull Racing,40.0,2.0,HARD,21.0,True,7.0,1,87.587,6727.094,6639.507,31.0,49.3,25.7,False,False,False,False,False,False,False,False,False,True,False
HAD,6,Red Bull Racing,41.0,2.0,HARD,22.0,True,7.0,1,86.07,6813.164,6727.094,31.0,49.6,26.0,False,False,False,False,False,False,False,False,False,True,False
HAD,6,Red Bull Racing,42.0,2.0,HARD,23.0,True,7.0,1,87.928,6901.092,6813.164,31.0,49.9,26.1,False,True,False,False,True,False,False,False,False,False,False
HAD,6,Red Bull Racing,43.0,3.0,HARD,1.0,True,8.0,1,103.421,7004.513,6901.092,31.1,50.3,26.0,False,False,True,False,True,False,False,False,False,False,False
HAD,6,Red Bull Racing,44.0,3.0,HARD,2.0,True,8.0,1,83.63,7088.143,7004.513,31.0,50.5,25.5,False,False,False,False,False,False,False,False,False,True,False
HAD,6,Red Bull Racing,45.0,3.0,HARD,3.0,True,8.0,1,83.218,7171.361,7088.143,31.0,50.5,25.0,False,False,False,False,False,False,False,False,False,True,False
HAD,6,Red Bull Racing,46.0,3.0,HARD,4.0,True,8.0,1,84.545,7255.906,7171.361,31.1,50.8,25.5,False,False,False,False,False,False,False,False,False,True,False
HAD,6,Red Bull Racing,47.0,3.0,HARD,5.0,True,8.0,1,83.634,7339.54,7255.906,31.2,50.4,24.8,False,False,False,False,False,False,False,False,False,True,False
HAD,6,Red Bull Racing,48.0,3.0,HARD,6.0,True,8.0,1,83.948,7423.488,7339.54,31.3,48.4,25.1,False,False,False,False,False,False,False,False,False,True,False
HAD,6,Red Bull Racing,49.0,3.0,HARD,7.0,True,8.0,1,84.469,7507.957,7423.488,31.3,47.8,25.5,False,False,False,False,False,False,False,False,False,True,False
HAD,6,Red Bull Racing,50.0,3.0,HARD,8.0,True,8.0,12,84.604,7592.561,7507.957,31.4,49.0,25.8,False,False,False,False,False,False,True,False,False,False,False
HAD,6,Red Bull Racing,51.0,3.0,HARD,9.0,True,8.0,1,83.743,7676.304,7592.561,31.3,49.4,25.2,False,False,False,False,False,False,False,False,False,True,False
HAD,6,Red Bull Racing,52.0,3.0,HARD,10.0,True,8.0,1,84.122,7760.426,7676.304,31.6,49.4,25.2,False,False,False,False,False,False,False,False,False,True,False
HAD,6,Red Bull Racing,53.0,3.0,HARD,11.0,True,8.0,1,84.043,7844.469,7760.426,31.3,47.2,25.6,False,False,False,False,False,False,False,False,False,True,False
HAD,6,Red Bull Racing,54.0,3.0,HARD,12.0,True,8.0,1,84.314,7928.783,7844.469,31.2,47.5,25.9,False,False,False,False,False,False,False,False,False,True,False
HAD,6,Red Bull Racing,55.0,3.0,HARD,13.0,True,7.0,12,84.26,8013.043,7928.783,31.3,48.7,26.0,False,False,False,False,False,False,True,False,False,False,False
HAD,6,Red Bull Racing,56.0,3.0,HARD,14.0,True,6.0,2671,106.086,8119.129,8013.043,31.4,47.0,25.6,False,False,False,False,True,False,True,False,False,False,False
HAD,6,Red Bull Racing,57.0,3.0,HARD,15.0,True,6.0,1,85.35,8204.479,8119.129,31.1,46.6,26.1,False,False,False,False,False,False,False,False,False,True,False
HAD,6,Red Bull Racing,58.0,3.0,HARD,16.0,True,6.0,1,83.887,8288.366,8204.479,31.1,47.8,26.5,False,False,False,False,False,False,False,False,False,True,False
HAD,6,Red Bull Racing,59.0,3.0,HARD,17.0,True,6.0,1,83.886,8372.252,8288.366,31.1,48.3,26.2,False,False,False,False,False,False,False,False,False,True,False
HAD,6,Red Bull Racing,60.0,3.0,HARD,18.0,True,6.0,1,83.886,8456.138,8372.252,31.1,48.2,25.7,False,False,False,False,False,False,False,False,False,True,False
HAD,6,Red Bull Racing,61.0,3.0,HARD,19.0,True,6.0,1,84.214,8540.352,8456.138,31.1,48.5,26.2,False,False,False,False,False,False,False,False,False,True,False
HAD,6,Red Bull Racing,62.0,3.0,HARD,20.0,True,6.0,1,84.35,8624.702,8540.352,31.2,48.5,26.4,False,False,False,False,False,False,False,False,False,True,False
HAD,6,Red Bull Racing,63.0,3.0,HARD,21.0,True,6.0,1,84.704,8709.406,8624.702,31.3,49.3,26.3,False,False,False,False,False,False,False,False,False,True,False
HAD,6,Red Bull Racing,64.0,3.0,HARD,22.0,True,6.0,1,84.986,8794.392,8709.406,31.3,48.1,26.2,False,False,False,False,False,False,False,False,False,True,False
HAD,6,Red Bull Racing,65.0,3.0,HARD,23.0,True,6.0,1,84.509,8878.901,8794.392,31.4,49.2,26.0,False,False,False,False,False,False,False,False,False,True,False
HAD,6,Red Bull Racing,66.0,3.0,HARD,24.0,True,6.0,1,84.524,8963.425,8878.901,31.5,49.1,26.0,False,False,False,False,False,False,False,False,False,True,False
HAD,6,Red Bull Racing,67.0,3.0,HARD,25.0,True,6.0,1,84.21,9047.635,8963.425,31.5,47.8,25.9,False,False,False,False,False,False,False,False,False,True,False
HAD,6,Red Bull Racing,68.0,3.0,HARD,26.0,True,6.0,1,84.123,9131.758,9047.635,31.5,48.5,26.0,False,False,False,False,False,False,False,False,False,True,False
HAD,6,Red Bull Racing,69.0,3.0,HARD,27.0,True,6.0,1,84.032,9215.79,9131.758,31.4,46.5,26.4,False,False,False,False,False,False,False,False,False,True,False
HAD,6,Red Bull Racing,70.0,3.0,HARD,28.0,True,6.0,1,84.122,9299.912,9215.79,31.3,46.3,26.6,False,False,False,False,False,False,False,False,False,True,False
RUS,63,Mercedes,1.0,1.0,MEDIUM,1.0,True,19.0,1,100.218,3348.462,3248.019,30.4,51.4,25.0,False,False,False,False,True,False,False,False,False,False,False
RUS,63,Mercedes,2.0,1.0,MEDIUM,2.0,True,18.0,1,88.386,3436.848,3348.462,31.0,51.4,25.0,False,False,False,False,False,False,False,False,False,True,False
RUS,63,Mercedes,3.0,1.0,MEDIUM,3.0,True,17.0,1,87.407,3524.255,3436.848,30.5,53.1,25.9,False,False,False,False,False,False,False,False,False,True,False
RUS,63,Mercedes,4.0,1.0,MEDIUM,4.0,True,16.0,1,87.264,3611.519,3524.255,30.5,52.7,25.4,False,False,False,False,False,False,False,False,False,True,False
RUS,63,Mercedes,5.0,1.0,MEDIUM,5.0,True,15.0,1,87.339,3698.858,3611.519,30.6,52.7,25.2,False,False,False,False,False,False,False,False,False,True,False
RUS,63,Mercedes,6.0,1.0,MEDIUM,6.0,True,14.0,1,86.556,3785.414,3698.858,30.6,52.3,25.2,False,False,False,False,False,False,False,False,False,True,False
RUS,63,Mercedes,7.0,1.0,MEDIUM,7.0,True,14.0,1,87.165,3872.579,3785.414,30.7,51.7,25.1,False,False,False,False,False,False,False,False,False,True,False
RUS,63,Mercedes,8.0,1.0,MEDIUM,8.0,True,13.0,1,87.348,3959.927,3872.579,30.7,51.7,25.2,False,False,False,False,False,False,False,False,False,True,False
RUS,63,Mercedes,9.0,1.0,MEDIUM,9.0,True,12.0,1,86.075,4046.002,3959.927,30.7,52.8,25.5,False,False,False,False,False,False,False,False,False,True,False
RUS,63,Mercedes,10.0,1.0,MEDIUM,10.0,True,12.0,1,86.683,4132.685,4046.002,30.8,51.4,25.2,False,False,False,False,False,False,False,False,False,True,False
RUS,63,Mercedes,11.0,1.0,MEDIUM,11.0,True,12.0,1,87.622,4220.307,4132.685,30.7,51.1,25.7,False,False,False,False,False,False,False,False,False,True,False
RUS,63,Mercedes,12.0,1.0,MEDIUM,12.0,True,11.0,1,86.685,4306.992,4220.307,30.9,52.4,26.3,False,False,False,False,False,False,False,False,False,True,False
RUS,63,Mercedes,13.0,1.0,MEDIUM,13.0,True,11.0,1,86.257,4393.249,4306.992,30.9,51.0,25.4,False,False,False,False,False,False,False,False,False,True,False
RUS,63,Mercedes,14.0,1.0,MEDIUM,14.0,True,11.0,1,86.597,4479.846,4393.249,30.8,52.5,25.8,False,False,False,False,False,False,False,False,False,True,False
RUS,63,Mercedes,15.0,1.0,MEDIUM,15.0,True,11.0,1,86.714,4566.56,4479.846,30.9,51.4,25.4,False,False,False,False,False,False,False,False,False,True,False
RUS,63,Mercedes,16.0,1.0,MEDIUM,16.0,True,11.0,1,87.232,4653.792,4566.56,31.0,52.3,24.8,False,False,False,False,False,False,False,False,False,True,False
RUS,63,Mercedes,17.0,1.0,MEDIUM,17.0,True,10.0,1,86.514,4740.306,4653.792,31.1,52.3,25.1,False,False,False,False,False,False,False,False,False,True,False
RUS,63,Mercedes,18.0,1.0,MEDIUM,18.0,True,9.0,1,86.082,4826.388,4740.306,31.1,52.3,25.1,False,False,False,False,False,False,False,False,False,True,False
RUS,63,Mercedes,19.0,1.0,MEDIUM,19.0,True,9.0,1,86.246,4912.634,4826.388,31.5,51.6,24.6,False,False,False,False,False,False,False,False,False,True,False
RUS,63,Mercedes,20.0,1.0,MEDIUM,20.0,True,8.0,1,86.703,4999.337,4912.634,31.1,52.4,24.7,False,False,False,False,False,False,False,False,False,True,False
RUS,63,Mercedes,21.0,1.0,MEDIUM,21.0,True,7.0,1,85.954,5085.291,4999.337,31.1,52.1,25.1,False,False,False,False,False,False,False,False,False,True,False
RUS,63,Mercedes,22.0,1.0,MEDIUM,22.0,True,7.0,1,85.609,5170.9,5085.291,30.8,52.1,25.1,False,False,False,False,False,False,False,False,False,True,False
RUS,63,Mercedes,23.0,1.0,MEDIUM,23.0,True,7.0,1,86.076,5256.976,5170.9,31.1,51.9,25.7,False,False,False,False,False,False,False,False,False,True,False
RUS,63,Mercedes,24.0,1.0,MEDIUM,24.0,True,7.0,1,86.206,5343.182,5256.976,31.3,49.6,25.5,False,False,False,False,False,False,False,False,False,True,False
RUS,63,Mercedes,25.0,1.0,MEDIUM,25.0,True,7.0,1,86.324,5429.506,5343.182,31.0,49.8,25.9,False,False,False,False,False,False,False,False,False,True,False
RUS,63,Mercedes,26.0,1.0,MEDIUM,26.0,True,7.0,1,86.737,5516.243,5429.506,30.9,50.7,26.1,False,False,False,False,False,False,False,False,False,True,False
RUS,63,Mercedes,27.0,1.0,MEDIUM,27.0,True,7.0,1,89.524,5605.767,5516.243,30.7,50.6,25.9,False,True,False,False,True,False,False,False,False,False,False
RUS,63,Mercedes,28.0,2.0,HARD,1.0,True,9.0,1,105.061,5710.828,5605.767,30.9,50.0,25.6,False,False,True,False,True,False,False,False,False,False,False
RUS,63,Mercedes,29.0,2.0,HARD,2.0,True,8.0,1,84.279,5795.107,5710.828,31.1,51.2,25.8,False,False,False,False,False,False,False,False,False,True,False
RUS,63,Mercedes,30.0,2.0,HARD,3.0,True,8.0,1,84.013,5879.12,5795.107,31.1,50.3,25.4,False,False,False,False,False,False,False,False,False,True,False
RUS,63,Mercedes,31.0,2.0,HARD,4.0,True,8.0,1,84.132,5963.252,5879.12,31.5,50.3,25.4,False,False,False,False,False,False,False,False,False,True,False
RUS,63,Mercedes,32.0,2.0,HARD,5.0,True,8.0,1,84.103,6047.355,5963.252,31.2,51.1,25.2,False,False,False,False,False,False,False,False,False,True,False
RUS,63,Mercedes,33.0,2.0,HARD,6.0,True,8.0,1,84.382,6131.737,6047.355,31.3,49.1,25.4,False,False,False,False,False,False,False,False,False,True,False
RUS,63,Mercedes,34.0,2.0,HARD,7.0,True,8.0,1,85.073,6216.81,6131.737,31.0,48.5,25.4,False,False,False,False,False,False,False,False,False,True,False
RUS,63,Mercedes,35.0,2.0,HARD,8.0,True,8.0,1,84.659,6301.469,6216.81,31.1,48.7,25.9,False,False,False,False,False,False,False,False,False,True,False
RUS,63,Mercedes,36.0,2.0,HARD,9.0,True,8.0,1,84.584,6386.053,6301.469,30.4,48.7,25.9,False,False,False,False,False,False,False,False,False,True,False
RUS,63,Mercedes,37.0,2.0,HARD,10.0,True,8.0,1,84.67,6470.723,6386.053,31.3,49.7,25.8,False,False,False,False,False,False,False,False,False,True,False
RUS,63,Mercedes,38.0,2.0,HARD,11.0,True,8.0,1,85.217,6555.94,6470.723,31.0,49.8,25.8,False,False,False,False,False,False,False,False,False,True,False
RUS,63,Mercedes,39.0,2.0,HARD,12.0,True,8.0,12,85.807,6641.747,6555.94,31.0,49.8,25.1,False,False,False,False,False,False,True,False,False,False,False
RUS,63,Mercedes,40.0,2.0,HARD,13.0,True,8.0,1,87.4,6729.147,6641.747,31.0,49.3,25.7,False,False,False,False,False,False,False,False,False,True,False
RUS,63,Mercedes,41.0,2.0,HARD,14.0,True,8.0,1,86.798,6815.945,6729.147,31.0,49.6,26.0,False,False,False,False,False,False,False,False,False,True,False
RUS,63,Mercedes,42.0,2.0,HARD,15.0,True,8.0,1,85.34,6901.285,6815.945,31.0,49.9,26.1,False,False,False,False,False,False,False,False,False,True,False
RUS,63,Mercedes,43.0,2.0,HARD,16.0,True,7.0,1,85.008,6986.293,6901.285,31.4,49.9,26.1,False,False,False,False,False,False,False,False,False,True,False
RUS,63,Mercedes,44.0,2.0,HARD,17.0,True,7.0,1,85.299,7071.592,6986.293,31.0,50.5,25.5,False,False,False,False,False,False,False,False,False,True,False
RUS,63,Mercedes,45.0,2.0,HARD,18.0,True,7.0,1,84.545,7156.137,7071.592,31.0,50.5,25.0,False,False,False,False,False,False,False,False,False,True,False
RUS,63,Mercedes,46.0,2.0,HARD,19.0,True,7.0,1,84.762,7240.899,7156.137,31.1,50.8,25.5,False,False,False,False,False,False,False,False,False,True,False
RUS,63,Mercedes,47.0,2.0,HARD,20.0,True,7.0,1,84.784,7325.683,7240.899,31.2,50.4,24.8,False,False,False,False,False,False,False,False,False,True,False
RUS,63,Mercedes,48.0,2.0,HARD,21.0,True,7.0,1,85.15,7410.833,7325.683,31.2,50.5,25.1,False,False,False,False,False,False,False,False,False,True,False
RUS,63,Mercedes,49.0,2.0,HARD,22.0,True,7.0,1,85.264,7496.097,7410.833,31.3,47.8,25.5,False,False,False,False,False,False,False,False,False,True,False
RUS,63,Mercedes,50.0,2.0,HARD,23.0,True,7.0,12,85.663,7581.76,7496.097,31.3,49.4,25.7,False,False,False,False,False,False,True,False,False,False,False
RUS,63,Mercedes,51.0,2.0,HARD,24.0,True,7.0,1,85.05,7666.81,7581.76,31.3,49.4,25.2,False,False,False,False,False,False,False,False,False,True,False
RUS,63,Mercedes,52.0,2.0,HARD,25.0,True,7.0,1,85.346,7752.156,7666.81,31.6,49.4,25.2,False,False,False,False,False,False,False,False,False,True,False
RUS,63,Mercedes,53.0,2.0,HARD,26.0,True,7.0,1,85.086,7837.242,7752.156,31.3,47.2,25.6,False,False,False,False,False,False,False,False,False,True,False
RUS,63,Mercedes,54.0,2.0,HARD,27.0,True,7.0,1,88.032,7925.274,7837.242,31.2,47.5,25.9,False,True,False,False,True,False,False,False,False,False,False
RUS,63,Mercedes,55.0,3.0,HARD,1.0,True,8.0,126,103.672,8028.946,7925.274,31.3,48.7,26.0,False,False,True,False,True,False,True,False,False,False,False
RUS,63,Mercedes,56.0,3.0,HARD,2.0,True,7.0,671,106.228,8135.174,8028.946,31.3,46.6,25.5,False,False,False,False,True,False,True,False,False,False,False
RUS,63,Mercedes,57.0,3.0,HARD,3.0,True,7.0,1,82.602,8217.776,8135.174,31.1,46.6,26.1,False,False,False,False,False,False,False,False,False,True,False
RUS,63,Mercedes,58.0,3.0,HARD,4.0,True,7.0,1,82.589,8300.365,8217.776,31.1,47.8,26.5,False,False,False,False,False,False,False,False,False,True,False
RUS,63,Mercedes,59.0,3.0,HARD,5.0,True,7.0,1,82.71,8383.075,8300.365,31.1,48.3,26.2,False,False,False,False,False,False,False,False,False,True,False
RUS,63,Mercedes,60.0,3.0,HARD,6.0,True,7.0,1,82.743,8465.818,8383.075,31.1,48.2,25.7,False,False,False,False,False,False,False,False,False,True,False
RUS,63,Mercedes,61.0,3.0,HARD,7.0,True,7.0,1,84.359,8550.177,8465.818,31.1,48.5,26.2,False,False,False,False,False,False,False,False,False,True,False
RUS,63,Mercedes,62.0,3.0,HARD,8.0,True,7.0,1,83.537,8633.714,8550.177,31.2,48.5,26.4,False,False,False,False,False,False,False,False,False,True,False
RUS,63,Mercedes,63.0,3.0,HARD,9.0,True,7.0,1,84.157,8717.871,8633.714,31.3,49.3,26.3,False,False,False,False,False,False,False,False,False,True,False
RUS,63,Mercedes,64.0,3.0,HARD,10.0,True,7.0,1,83.667,8801.538,8717.871,31.3,48.1,26.2,False,False,False,False,False,False,False,False,False,True,False
RUS,63,Mercedes,65.0,3.0,HARD,11.0,True,7.0,1,83.218,8884.756,8801.538,31.4,49.2,26.0,False,False,False,False,False,False,False,False,False,True,False
RUS,63,Mercedes,66.0,3.0,HARD,12.0,True,7.0,1,82.943,8967.699,8884.756,31.5,49.1,26.0,False,False,False,False,False,False,False,False,False,True,False
RUS,63,Mercedes,67.0,3.0,HARD,13.0,True,7.0,1,83.255,9050.954,8967.699,31.5,47.8,25.9,False,False,False,False,False,False,False,False,False,True,False
RUS,63,Mercedes,68.0,3.0,HARD,14.0,True,7.0,1,83.648,9134.602,9050.954,31.5,48.5,26.0,False,False,False,False,False,False,False,False,False,True,False
RUS,63,Mercedes,69.0,3.0,HARD,15.0,True,7.0,1,83.566,9218.168,9134.602,31.4,46.5,26.4,False,False,False,False,False,False,False,False,False,True,False
RUS,63,Mercedes,70.0,3.0,HARD,16.0,True,7.0,1,83.759,9301.927,9218.168,31.3,46.3,26.6,False,False,False,False,False,False,False,False,False,True,False
BOT,77,Cadillac,1.0,1.0,MEDIUM,1.0,True,21.0,1,100.812,3349.056,3248.019,30.4,51.4,25.0,False,False,False,False,True,False,False,False,False,False,False
BOT,77,Cadillac,2.0,1.0,MEDIUM,2.0,True,20.0,1,89.99,3439.046,3349.056,31.0,51.4,25.0,False,False,False,False,False,False,False,False,False,True,False
BOT,77,Cadillac,3.0,1.0,MEDIUM,3.0,True,21.0,1,89.155,3528.201,3439.046,30.5,53.1,25.9,False,False,False,False,False,False,False,False,False,True,False
BOT,77,Cadillac,4.0,1.0,MEDIUM,4.0,True,21.0,1,87.959,3616.16,3528.201,30.5,52.7,25.4,False,False,False,False,False,False,False,False,False,True,False
BOT,77,Cadillac,5.0,1.0,MEDIUM,5.0,True,21.0,1,89.154,3705.314,3616.16,30.6,52.7,25.2,False,False,False,False,False,False,False,False,False,True,False
BOT,77,Cadillac,6.0,1.0,MEDIUM,6.0,True,21.0,1,88.847,3794.161,3705.314,30.6,52.3,25.2,False,False,False,False,False,False,False,False,False,True,False
BOT,77,Cadillac,7.0,1.0,MEDIUM,7.0,True,21.0,1,88.764,3882.925,3794.161,30.7,51.7,25.1,False,False,False,False,False,False,False,False,False,True,False
BOT,77,Cadillac,8.0,1.0,MEDIUM,8.0,True,21.0,1,89.003,3971.928,3882.925,30.7,51.7,25.2,False,False,False,False,False,False,False,False,False,True,False
BOT,77,Cadillac,9.0,1.0,MEDIUM,9.0,True,20.0,1,88.802,4060.73,3971.928,30.7,51.0,25.7,False,False,False,False,False,False,False,False,False,True,False
BOT,77,Cadillac,10.0,1.0,MEDIUM,10.0,True,20.0,1,88.874,4149.604,4060.73,30.8,51.4,25.2,False,False,False,False,False,False,False,False,False,True,False
BOT,77,Cadillac,11.0,1.0,MEDIUM,11.0,True,20.0,1,88.935,4238.539,4149.604,30.8,50.5,25.9,False,False,False,False,False,False,False,False,False,True,False
BOT,77,Cadillac,12.0,1.0,MEDIUM,12.0,True,20.0,1,89.344,4327.883,4238.539,30.9,52.4,26.3,False,False,False,False,False,False,False,False,False,True,False
BOT,77,Cadillac,13.0,1.0,MEDIUM,13.0,True,20.0,1,89.621,4417.504,4327.883,30.8,51.6,25.6,False,False,False,False,False,False,False,False,False,True,False
BOT,77,Cadillac,14.0,1.0,MEDIUM,14.0,True,22.0,1,,4552.49,4417.504,30.9,51.4,25.4,False,True,False,True,True,False,False,False,False,False,False
PIA,81,McLaren,1.0,1.0,MEDIUM,1.0,True,1.0,1,90.286,3338.53,3248.019,30.4,51.4,25.0,False,False,False,False,True,False,False,False,False,False,False
PIA,81,McLaren,2.0,1.0,MEDIUM,2.0,True,1.0,1,86.06,3424.59,3338.53,31.0,51.4,25.0,False,False,False,False,False,False,False,False,False,True,False
PIA,81,McLaren,3.0,1.0,MEDIUM,3.0,True,1.0,1,85.272,3509.862,3424.59,30.4,52.1,25.9,False,False,False,False,False,False,False,False,False,True,False
PIA,81,McLaren,4.0,1.0,MEDIUM,4.0,True,1.0,1,85.154,3595.016,3509.862,30.5,52.7,25.4,False,False,False,False,False,False,False,False,False,True,False
PIA,81,McLaren,5.0,1.0,MEDIUM,5.0,True,1.0,1,85.095,3680.111,3595.016,30.6,52.9,25.5,False,False,False,False,False,False,False,False,False,True,False
PIA,81,McLaren,6.0,1.0,MEDIUM,6.0,True,1.0,1,85.03,3765.141,3680.111,30.6,52.3,25.2,False,False,False,False,False,False,False,False,False,True,False
PIA,81,McLaren,7.0,1.0,MEDIUM,7.0,True,1.0,1,84.84,3849.981,3765.141,30.7,51.0,25.0,False,False,False,False,False,False,False,False,False,True,False
PIA,81,McLaren,8.0,1.0,MEDIUM,8.0,True,1.0,1,85.339,3935.32,3849.981,30.7,51.7,25.2,False,False,False,False,False,False,False,False,False,True,False
PIA,81,McLaren,9.0,1.0,MEDIUM,9.0,True,1.0,1,85.389,4020.709,3935.32,30.7,52.8,25.5,False,False,False,False,False,False,False,False,False,True,False
PIA,81,McLaren,10.0,1.0,MEDIUM,10.0,True,1.0,1,85.666,4106.375,4020.709,30.7,51.0,25.7,False,False,False,False,False,False,False,False,False,True,False
PIA,81,McLaren,11.0,1.0,MEDIUM,11.0,True,1.0,1,85.418,4191.793,4106.375,30.7,51.1,25.7,False,False,False,False,False,False,False,False,False,True,False
PIA,81,McLaren,12.0,1.0,MEDIUM,12.0,True,1.0,1,85.798,4277.591,4191.793,30.8,50.5,25.9,False,False,False,False,False,False,False,False,False,True,False
PIA,81,McLaren,13.0,1.0,MEDIUM,13.0,True,1.0,1,85.925,4363.516,4277.591,30.9,51.0,25.4,False,False,False,False,False,False,False,False,False,True,False
PIA,81,McLaren,14.0,1.0,MEDIUM,14.0,True,1.0,1,85.681,4449.197,4363.516,30.8,51.6,25.6,False,False,False,False,False,False,False,False,False,True,False
PIA,81,McLaren,15.0,1.0,MEDIUM,15.0,True,1.0,1,85.643,4534.84,4449.197,30.9,51.4,25.4,False,False,False,False,False,False,False,False,False,True,False
PIA,81,McLaren,16.0,1.0,MEDIUM,16.0,True,2.0,1,88.518,4623.358,4534.84,30.9,52.9,25.8,False,True,False,False,True,False,False,False,False,False,False
PIA,81,McLaren,17.0,2.0,HARD,1.0,True,4.0,1,104.725,4728.083,4623.358,31.1,52.3,25.1,False,False,True,False,True,False,False,False,False,False,False
PIA,81,McLaren,18.0,2.0,HARD,2.0,True,3.0,1,86.476,4814.559,4728.083,31.1,52.3,25.1,False,False,False,False,False,False,False,False,False,True,False
PIA,81,McLaren,19.0,2.0,HARD,3.0,True,2.0,1,84.843,4899.402,4814.559,31.5,51.6,24.6,False,False,False,False,False,False,False,False,False,True,False
PIA,81,McLaren,20.0,2.0,HARD,4.0,True,2.0,1,84.507,4983.909,4899.402,31.1,52.4,24.7,False,False,False,False,False,False,False,False,False,True,False
PIA,81,McLaren,21.0,2.0,HARD,5.0,True,2.0,1,84.446,5068.355,4983.909,30.9,52.4,24.7,False,False,False,False,False,False,False,False,False,True,False
PIA,81,McLaren,22.0,2.0,HARD,6.0,True,2.0,1,84.282,5152.637,5068.355,30.8,52.1,25.1,False,False,False,False,False,False,False,False,False,True,False
PIA,81,McLaren,23.0,2.0,HARD,7.0,True,1.0,1,84.478,5237.115,5152.637,31.3,51.9,25.7,False,False,False,False,False,False,False,False,False,True,False
PIA,81,McLaren,24.0,2.0,HARD,8.0,True,1.0,1,84.792,5321.907,5237.115,31.3,49.6,25.5,False,False,False,False,False,False,False,False,False,True,False
PIA,81,McLaren,25.0,2.0,HARD,9.0,True,1.0,1,84.957,5406.864,5321.907,31.0,49.8,25.9,False,False,False,False,False,False,False,False,False,True,False
PIA,81,McLaren,26.0,2.0,HARD,10.0,True,1.0,1,85.405,5492.269,5406.864,30.9,50.7,26.1,False,False,False,False,False,False,False,False,False,True,False
PIA,81,McLaren,27.0,2.0,HARD,11.0,True,1.0,1,85.465,5577.734,5492.269,30.7,50.6,25.9,False,False,False,False,False,False,False,False,False,True,False
PIA,81,McLaren,28.0,2.0,HARD,12.0,True,1.0,1,85.122,5662.856,5577.734,30.8,51.3,26.2,False,False,False,False,False,False,False,False,False,True,False
PIA,81,McLaren,29.0,2.0,HARD,13.0,True,1.0,1,85.832,5748.688,5662.856,31.0,50.5,25.6,False,False,False,False,False,False,False,False,False,True,False
PIA,81,McLaren,30.0,2.0,HARD,14.0,True,1.0,1,85.735,5834.423,5748.688,31.1,51.2,25.8,False,False,False,False,False,False,False,False,False,True,False
PIA,81,McLaren,31.0,2.0,HARD,15.0,True,1.0,1,85.843,5920.266,5834.423,31.5,50.3,25.4,False,False,False,False,False,False,False,False,False,True,False
PIA,81,McLaren,32.0,2.0,HARD,16.0,True,1.0,1,85.831,6006.097,5920.266,31.0,51.1,25.9,False,False,False,False,False,False,False,False,False,True,False
PIA,81,McLaren,33.0,2.0,HARD,17.0,True,2.0,1,88.013,6094.11,6006.097,31.3,49.1,25.4,False,True,False,False,True,False,False,False,False,False,False
PIA,81,McLaren,34.0,3.0,HARD,1.0,True,5.0,1,104.099,6198.209,6094.11,31.1,49.2,25.4,False,False,True,False,True,False,False,False,False,False,False
PIA,81,McLaren,35.0,3.0,HARD,2.0,True,5.0,1,83.896,6282.105,6198.209,31.1,48.7,25.9,False,False,False,False,False,False,False,False,False,True,False
PIA,81,McLaren,36.0,3.0,HARD,3.0,True,5.0,1,84.135,6366.24,6282.105,30.4,48.7,25.9,False,False,False,False,False,False,False,False,False,True,False
PIA,81,McLaren,37.0,3.0,HARD,4.0,True,4.0,1,85.506,6451.746,6366.24,31.0,50.3,26.0,False,False,False,False,False,False,False,False,False,True,False
PIA,81,McLaren,38.0,3.0,HARD,5.0,True,4.0,1,86.364,6538.11,6451.746,31.0,49.8,25.8,False,False,False,False,False,False,False,False,False,True,False
PIA,81,McLaren,39.0,3.0,HARD,6.0,True,4.0,12,84.402,6622.512,6538.11,31.0,50.9,25.6,False,False,False,False,False,False,True,False,False,False,False
PIA,81,McLaren,40.0,3.0,HARD,7.0,True,4.0,1,84.873,6707.385,6622.512,31.0,49.3,25.7,False,False,False,False,False,False,False,False,False,True,False
PIA,81,McLaren,41.0,3.0,HARD,8.0,True,4.0,1,84.385,6791.77,6707.385,31.0,49.7,26.0,False,False,False,False,False,False,False,False,False,True,False
PIA,81,McLaren,42.0,3.0,HARD,9.0,True,3.0,1,84.272,6876.042,6791.77,31.0,49.9,26.1,False,False,False,False,False,False,False,False,False,True,False
PIA,81,McLaren,43.0,3.0,HARD,10.0,True,3.0,1,84.082,6960.124,6876.042,31.4,49.9,26.1,False,False,False,False,False,False,False,False,False,True,False
PIA,81,McLaren,44.0,3.0,HARD,11.0,True,3.0,1,84.408,7044.532,6960.124,31.1,50.3,26.0,False,False,False,False,False,False,False,False,False,True,False
PIA,81,McLaren,45.0,3.0,HARD,12.0,True,3.0,1,84.306,7128.838,7044.532,31.0,50.5,25.0,False,False,False,False,False,False,False,False,False,True,False
PIA,81,McLaren,46.0,3.0,HARD,13.0,True,3.0,1,84.297,7213.135,7128.838,31.1,50.4,24.7,False,False,False,False,False,False,False,False,False,True,False
PIA,81,McLaren,47.0,3.0,HARD,14.0,True,3.0,1,84.249,7297.384,7213.135,31.2,50.4,24.8,False,False,False,False,False,False,False,False,False,True,False
PIA,81,McLaren,48.0,3.0,HARD,15.0,True,3.0,1,84.687,7382.071,7297.384,31.2,50.5,25.1,False,False,False,False,False,False,False,False,False,True,False
PIA,81,McLaren,49.0,3.0,HARD,16.0,True,3.0,1,85.076,7467.147,7382.071,31.3,48.4,25.1,False,False,False,False,False,False,False,False,False,True,False
PIA,81,McLaren,50.0,3.0,HARD,17.0,True,3.0,12,84.395,7551.542,7467.147,31.3,49.4,25.7,False,False,False,False,False,False,True,False,False,False,False
PIA,81,McLaren,51.0,3.0,HARD,18.0,True,3.0,1,84.714,7636.256,7551.542,31.4,49.0,25.8,False,False,False,False,False,False,False,False,False,True,False
PIA,81,McLaren,52.0,3.0,HARD,19.0,True,3.0,1,84.373,7720.629,7636.256,31.6,49.4,25.2,False,False,False,False,False,False,False,False,False,True,False
PIA,81,McLaren,53.0,3.0,HARD,20.0,True,3.0,1,84.552,7805.181,7720.629,31.4,48.4,25.2,False,False,False,False,False,False,False,False,False,True,False
PIA,81,McLaren,54.0,3.0,HARD,21.0,True,2.0,1,84.6,7889.781,7805.181,31.3,47.2,25.6,False,False,False,False,False,False,False,False,False,True,False
PIA,81,McLaren,55.0,3.0,HARD,22.0,True,2.0,1,84.596,7974.377,7889.781,31.2,48.7,26.0,False,False,False,False,False,False,False,False,False,True,False
PIA,81,McLaren,56.0,3.0,HARD,23.0,True,,1267,,8124.377,7974.377,31.4,47.0,25.6,False,False,False,True,True,False,True,False,False,False,False
BEA,87,Haas F1 Team,1.0,1.0,MEDIUM,1.0,True,16.0,1,98.777,3347.021,3248.019,30.4,51.4,25.0,False,False,False,False,True,False,False,False,False,False,False
BEA,87,Haas F1 Team,2.0,1.0,MEDIUM,2.0,True,16.0,1,88.919,3435.94,3347.021,31.0,51.4,25.0,False,False,False,False,False,False,False,False,False,True,False
BEA,87,Haas F1 Team,3.0,1.0,MEDIUM,3.0,True,16.0,1,88.008,3523.948,3435.94,30.5,53.1,25.9,False,False,False,False,False,False,False,False,False,True,False
BEA,87,Haas F1 Team,4.0,1.0,MEDIUM,4.0,True,17.0,1,88.723,3612.671,3523.948,30.5,52.7,25.4,False,False,False,False,False,False,False,False,False,True,False
BEA,87,Haas F1 Team,5.0,1.0,MEDIUM,5.0,True,17.0,1,88.462,3701.133,3612.671,30.6,52.7,25.2,False,False,False,False,False,False,False,False,False,True,False
BEA,87,Haas F1 Team,6.0,1.0,MEDIUM,6.0,True,17.0,1,88.112,3789.245,3701.133,30.6,52.3,25.2,False,False,False,False,False,False,False,False,False,True,False
BEA,87,Haas F1 Team,7.0,1.0,MEDIUM,7.0,True,17.0,1,88.182,3877.427,3789.245,30.7,51.7,25.1,False,False,False,False,False,False,False,False,False,True,False
BEA,87,Haas F1 Team,8.0,1.0,MEDIUM,8.0,True,17.0,1,88.033,3965.46,3877.427,30.7,51.7,25.2,False,False,False,False,False,False,False,False,False,True,False
BEA,87,Haas F1 Team,9.0,1.0,MEDIUM,9.0,True,17.0,1,88.085,4053.545,3965.46,30.7,51.0,25.7,False,False,False,False,False,False,False,False,False,True,False
BEA,87,Haas F1 Team,10.0,1.0,MEDIUM,10.0,True,17.0,1,88.232,4141.777,4053.545,30.8,51.4,25.2,False,False,False,False,False,False,False,False,False,True,False
BEA,87,Haas F1 Team,11.0,1.0,MEDIUM,11.0,True,17.0,1,88.129,4229.906,4141.777,30.7,51.1,25.7,False,False,False,False,False,False,False,False,False,True,False
BEA,87,Haas F1 Team,12.0,1.0,MEDIUM,12.0,True,17.0,1,88.359,4318.265,4229.906,30.9,52.4,26.3,False,False,False,False,False,False,False,False,False,True,False
BEA,87,Haas F1 Team,13.0,1.0,MEDIUM,13.0,True,17.0,1,88.612,4406.877,4318.265,30.9,51.0,25.4,False,False,False,False,False,False,False,False,False,True,False
BEA,87,Haas F1 Team,14.0,1.0,MEDIUM,14.0,True,17.0,1,88.512,4495.389,4406.877,30.8,52.5,25.8,False,False,False,False,False,False,False,False,False,True,False
BEA,87,Haas F1 Team,15.0,1.0,MEDIUM,15.0,True,17.0,1,88.489,4583.878,4495.389,30.9,51.4,25.4,False,False,False,False,False,False,False,False,False,True,False
BEA,87,Haas F1 Team,16.0,1.0,MEDIUM,16.0,True,16.0,1,88.383,4672.261,4583.878,31.0,52.3,24.8,False,False,False,False,False,False,False,False,False,True,False
BEA,87,Haas F1 Team,17.0,1.0,MEDIUM,17.0,True,15.0,1,88.363,4760.624,4672.261,31.1,52.3,25.1,False,False,False,False,False,False,False,False,False,True,False
BEA,87,Haas F1 Team,18.0,1.0,MEDIUM,18.0,True,14.0,1,87.898,4848.522,4760.624,31.3,51.6,24.6,False,False,False,False,False,False,False,False,False,True,False
BEA,87,Haas F1 Team,19.0,1.0,MEDIUM,19.0,True,14.0,1,88.083,4936.605,4848.522,31.5,51.6,24.6,False,False,False,False,False,False,False,False,False,True,False
BEA,87,Haas F1 Team,20.0,1.0,MEDIUM,20.0,True,14.0,1,88.356,5024.961,4936.605,30.9,52.4,24.7,False,False,False,False,False,False,False,False,False,True,False
BEA,87,Haas F1 Team,21.0,1.0,MEDIUM,21.0,True,14.0,1,89.195,5114.156,5024.961,31.1,52.1,25.1,False,False,False,False,False,False,False,False,False,True,False
BEA,87,Haas F1 Team,22.0,1.0,MEDIUM,22.0,True,15.0,1,91.004,5205.16,5114.156,31.3,51.9,25.7,False,True,False,False,True,False,False,False,False,False,False
BEA,87,Haas F1 Team,23.0,2.0,HARD,1.0,True,20.0,1,105.84,5311.0,5205.16,31.1,51.9,25.7,False,False,True,False,True,False,False,False,False,False,False
BEA,87,Haas F1 Team,24.0,2.0,HARD,2.0,True,20.0,1,85.884,5396.884,5311.0,31.0,49.8,25.9,False,False,False,False,False,False,False,False,False,True,False
BEA,87,Haas F1 Team,25.0,2.0,HARD,3.0,True,20.0,1,86.627,5483.511,5396.884,31.0,50.7,26.1,False,False,False,False,False,False,False,False,False,True,False
BEA,87,Haas F1 Team,26.0,2.0,HARD,4.0,True,20.0,1,86.978,5570.489,5483.511,30.7,50.6,25.9,False,False,False,False,False,False,False,False,False,True,False
BEA,87,Haas F1 Team,27.0,2.0,HARD,5.0,True,19.0,1,86.972,5657.461,5570.489,30.8,51.3,26.2,False,False,False,False,False,False,False,False,False,True,False
BEA,87,Haas F1 Team,28.0,2.0,HARD,6.0,True,19.0,1,87.115,5744.576,5657.461,31.0,50.5,25.6,False,False,False,False,False,False,False,False,False,True,False
BEA,87,Haas F1 Team,29.0,2.0,HARD,7.0,True,19.0,1,87.122,5831.698,5744.576,31.1,51.2,25.8,False,False,False,False,False,False,False,False,False,True,False
BEA,87,Haas F1 Team,30.0,2.0,HARD,8.0,True,19.0,1,87.382,5919.08,5831.698,31.5,50.3,25.4,False,False,False,False,False,False,False,False,False,True,False
BEA,87,Haas F1 Team,31.0,2.0,HARD,9.0,True,19.0,1,89.83,6008.91,5919.08,31.0,51.1,25.9,False,False,False,False,False,False,False,False,False,True,False
BEA,87,Haas F1 Team,32.0,2.0,HARD,10.0,True,19.0,1,89.138,6098.048,6008.91,31.3,49.1,25.4,False,False,False,False,False,False,False,False,False,True,False
BEA,87,Haas F1 Team,33.0,2.0,HARD,11.0,True,19.0,1,89.631,6187.679,6098.048,31.1,49.2,25.4,False,False,False,False,False,False,False,False,False,True,False
BEA,87,Haas F1 Team,34.0,2.0,HARD,12.0,True,19.0,1,87.608,6275.287,6187.679,31.1,48.7,25.9,False,False,False,False,False,False,False,False,False,True,False
BEA,87,Haas F1 Team,35.0,2.0,HARD,13.0,True,18.0,1,88.269,6363.556,6275.287,30.4,48.7,25.9,False,False,False,False,False,False,False,False,False,True,False
BEA,87,Haas F1 Team,36.0,2.0,HARD,14.0,True,18.0,1,89.239,6452.795,6363.556,31.3,49.7,25.8,False,False,False,False,False,False,False,False,False,True,False
BEA,87,Haas F1 Team,37.0,2.0,HARD,15.0,True,18.0,1,89.915,6542.71,6452.795,31.0,49.8,25.8,False,False,False,False,False,False,False,False,False,True,False
BEA,87,Haas F1 Team,38.0,2.0,HARD,16.0,True,18.0,12,96.3,6639.01,6542.71,31.0,49.8,25.1,False,False,False,False,False,False,True,False,True,False,False
BEA,87,Haas F1 Team,39.0,2.0,HARD,17.0,True,18.0,1,87.292,6726.302,6639.01,31.0,49.3,25.7,False,False,False,False,False,False,False,False,False,True,False
BEA,87,Haas F1 Team,40.0,2.0,HARD,18.0,True,18.0,1,88.634,6814.936,6726.302,31.0,49.6,26.0,False,False,False,False,False,False,False,False,False,True,False
BEA,87,Haas F1 Team,41.0,2.0,HARD,19.0,True,19.0,1,89.694,6904.63,6814.936,31.0,49.9,26.1,False,False,False,False,False,False,False,False,False,True,False
BEA,87,Haas F1 Team,42.0,2.0,HARD,20.0,True,20.0,1,89.372,6994.002,6904.63,31.1,50.3,26.0,False,True,False,False,True,False,False,False,False,False,False
BEA,87,Haas F1 Team,43.0,3.0,HARD,1.0,True,20.0,1,105.916,7099.918,6994.002,31.0,50.5,25.5,False,False,True,False,True,False,False,False,False,False,False
BEA,87,Haas F1 Team,44.0,3.0,HARD,2.0,True,20.0,1,86.173,7186.091,7099.918,31.1,50.4,24.7,False,False,False,False,False,False,False,False,False,True,False
BEA,87,Haas F1 Team,45.0,3.0,HARD,3.0,True,20.0,1,86.234,7272.325,7186.091,31.1,50.8,25.5,False,False,False,False,False,False,False,False,False,True,False
BEA,87,Haas F1 Team,46.0,3.0,HARD,4.0,True,20.0,1,86.314,7358.639,7272.325,31.2,50.5,25.1,False,False,False,False,False,False,False,False,False,True,False
BEA,87,Haas F1 Team,47.0,3.0,HARD,5.0,True,20.0,1,86.467,7445.106,7358.639,31.3,48.4,25.1,False,False,False,False,False,False,False,False,False,True,False
BEA,87,Haas F1 Team,48.0,3.0,HARD,6.0,True,20.0,12,86.167,7531.273,7445.106,31.3,47.8,25.5,False,False,False,False,False,False,True,False,False,False,False
BEA,87,Haas F1 Team,49.0,3.0,HARD,7.0,True,20.0,1,86.184,7617.457,7531.273,31.4,49.0,25.8,False,False,False,False,False,False,False,False,False,True,False
BEA,87,Haas F1 Team,50.0,3.0,HARD,8.0,True,20.0,1,88.289,7705.746,7617.457,31.3,49.4,25.2,False,False,False,False,False,False,False,False,False,True,False
BEA,87,Haas F1 Team,51.0,3.0,HARD,9.0,True,20.0,1,86.414,7792.16,7705.746,31.4,48.4,25.2,False,False,False,False,False,False,False,False,False,True,False
BEA,87,Haas F1 Team,52.0,3.0,HARD,10.0,True,20.0,1,87.285,7879.445,7792.16,31.3,47.2,25.6,False,False,False,False,False,False,False,False,False,True,False
BEA,87,Haas F1 Team,53.0,3.0,HARD,11.0,True,20.0,1,86.535,7965.98,7879.445,31.2,48.7,26.0,False,False,False,False,False,False,False,False,False,True,False
BEA,87,Haas F1 Team,54.0,3.0,HARD,12.0,True,20.0,126,94.636,8060.616,7965.98,31.3,48.7,26.0,False,False,False,False,True,False,True,False,False,False,False
BEA,87,Haas F1 Team,55.0,3.0,HARD,13.0,True,18.0,671,100.145,8160.761,8060.616,31.3,46.6,25.5,False,False,False,False,True,False,True,False,False,False,False
BEA,87,Haas F1 Team,56.0,3.0,HARD,14.0,True,17.0,1,87.029,8247.79,8160.761,31.1,46.6,26.1,False,False,False,False,False,False,False,False,False,True,False
BEA,87,Haas F1 Team,57.0,3.0,HARD,15.0,True,17.0,1,86.416,8334.206,8247.79,31.1,48.0,26.3,False,False,False,False,False,False,False,False,False,True,False
BEA,87,Haas F1 Team,58.0,3.0,HARD,16.0,True,17.0,1,86.363,8420.569,8334.206,31.1,48.3,26.2,False,False,False,False,False,False,False,False,False,True,False
BEA,87,Haas F1 Team,59.0,3.0,HARD,17.0,True,17.0,1,87.145,8507.714,8420.569,31.1,48.5,26.2,False,False,False,False,False,False,False,False,False,True,False
BEA,87,Haas F1 Team,60.0,3.0,HARD,18.0,True,17.0,1,86.911,8594.625,8507.714,31.1,48.6,26.1,False,False,False,False,False,False,False,False,False,True,False
BEA,87,Haas F1 Team,61.0,3.0,HARD,19.0,True,17.0,1,88.685,8683.31,8594.625,31.3,49.3,26.3,False,False,False,False,False,False,False,False,False,True,False
BEA,87,Haas F1 Team,62.0,3.0,HARD,20.0,True,17.0,1,87.103,8770.413,8683.31,31.3,49.3,25.9,False,False,False,False,False,False,False,False,False,True,False
BEA,87,Haas F1 Team,63.0,3.0,HARD,21.0,True,17.0,1,87.384,8857.797,8770.413,31.4,49.2,26.0,False,False,False,False,False,False,False,False,False,True,False
BEA,87,Haas F1 Team,64.0,3.0,HARD,22.0,True,17.0,1,87.035,8944.832,8857.797,31.5,49.1,26.0,False,False,False,False,False,False,False,False,False,True,False
BEA,87,Haas F1 Team,65.0,3.0,HARD,23.0,True,17.0,1,87.288,9032.12,8944.832,31.5,47.8,25.9,False,False,False,False,False,False,False,False,False,True,False
BEA,87,Haas F1 Team,66.0,3.0,HARD,24.0,True,17.0,1,87.642,9119.762,9032.12,31.5,48.5,26.0,False,False,False,False,False,False,False,False,False,True,False
BEA,87,Haas F1 Team,67.0,3.0,HARD,25.0,True,17.0,1,87.9,9207.662,9119.762,31.5,46.6,25.7,False,False,False,False,False,False,False,False,False,True,False
BEA,87,Haas F1 Team,68.0,3.0,HARD,26.0,True,17.0,1,88.96,9296.622,9207.662,31.3,46.3,26.6,False,False,False,False,False,False,False,False,False,True,False
