Driver,DriverNumber,Team,LapNumber,Stint,Compound,TyreLife,FreshTyre,Position,TrackStatus,lap_time_s,time_s,lap_start_time_s,air_temp_c,track_temp_c,humidity_pct,rainfall,is_in_lap,is_out_lap,is_missing_laptime,is_inaccurate,is_wet_compound,is_non_green,is_unknown_status,is_deleted,is_pace_lap,stint_crosses_red_flag
VER,1,Red Bull Racing,1.0,1.0,MEDIUM,1.0,True,11.0,12,99.51,3507.597,3407.817,27.0,32.2,49.0,False,False,False,False,True,False,True,False,False,False,False
VER,1,Red Bull Racing,2.0,1.0,MEDIUM,2.0,True,11.0,126,114.938,3622.535,3507.597,26.9,31.8,49.0,False,False,False,False,True,False,True,False,False,False,False
VER,1,Red Bull Racing,3.0,1.0,MEDIUM,3.0,True,10.0,671,98.051,3720.586,3622.535,26.9,31.8,49.0,False,False,False,False,True,False,True,False,False,False,False
VER,1,Red Bull Racing,4.0,1.0,MEDIUM,4.0,True,10.0,1,89.504,3810.09,3720.586,26.9,31.9,50.0,False,False,False,False,False,False,False,False,False,True,False
VER,1,Red Bull Racing,5.0,1.0,MEDIUM,5.0,True,10.0,1,89.813,3899.903,3810.09,26.8,31.8,50.0,False,False,False,False,False,False,False,False,False,True,False
VER,1,Red Bull Racing,6.0,1.0,MEDIUM,6.0,True,9.0,1,89.412,3989.315,3899.903,26.9,31.8,50.0,False,False,False,False,False,False,False,False,False,True,False
VER,1,Red Bull Racing,7.0,1.0,MEDIUM,7.0,True,9.0,1,89.885,4079.2,3989.315,26.9,31.9,51.0,False,False,False,False,False,False,False,False,False,True,False
VER,1,Red Bull Racing,8.0,1.0,MEDIUM,8.0,True,9.0,1,89.824,4169.024,4079.2,26.9,31.5,51.0,False,False,False,False,False,False,False,False,False,True,False
VER,1,Red Bull Racing,9.0,1.0,MEDIUM,9.0,True,8.0,1,89.445,4258.469,4169.024,26.8,31.7,51.0,False,False,False,False,False,False,False,False,True,False,False
VER,1,Red Bull Racing,10.0,1.0,MEDIUM,10.0,True,8.0,1,90.449,4348.918,4258.469,26.9,31.7,51.0,False,False,False,False,False,False,False,False,False,True,False
VER,1,Red Bull Racing,11.0,1.0,MEDIUM,11.0,True,8.0,1,90.395,4439.313,4348.918,26.8,31.5,51.0,False,False,False,False,False,False,False,False,False,True,False
VER,1,Red Bull Racing,12.0,1.0,MEDIUM,12.0,True,7.0,1,90.164,4529.477,4439.313,26.8,31.6,52.0,False,False,False,False,False,False,False,False,False,True,False
VER,1,Red Bull Racing,13.0,1.0,MEDIUM,13.0,True,6.0,1,90.178,4619.655,4529.477,26.8,31.5,52.0,False,False,False,False,False,False,False,False,False,True,False
VER,1,Red Bull Racing,14.0,1.0,MEDIUM,14.0,True,6.0,1,90.128,4709.783,4619.655,26.8,31.3,51.0,False,False,False,False,False,False,False,False,False,True,False
VER,1,Red Bull Racing,15.0,1.0,MEDIUM,15.0,True,5.0,1,89.876,4799.659,4709.783,26.8,31.3,52.0,False,False,False,False,False,False,False,False,False,True,False
VER,1,Red Bull Racing,16.0,1.0,MEDIUM,16.0,True,5.0,1,90.047,4889.706,4799.659,26.7,31.3,52.0,False,False,False,False,False,False,False,False,False,True,False
VER,1,Red Bull Racing,17.0,1.0,MEDIUM,17.0,True,5.0,1,89.909,4979.615,4889.706,26.6,31.2,52.0,False,False,False,False,False,False,False,False,False,True,False
VER,1,Red Bull Racing,18.0,1.0,MEDIUM,18.0,True,5.0,1,89.826,5069.441,4979.615,26.7,31.3,52.0,False,False,False,False,False,False,False,False,False,True,False
VER,1,Red Bull Racing,19.0,1.0,MEDIUM,19.0,True,5.0,1,90.076,5159.517,5069.441,26.6,31.4,52.0,False,False,False,False,False,False,False,False,False,True,False
VER,1,Red Bull Racing,20.0,1.0,MEDIUM,20.0,True,5.0,1,90.004,5249.521,5159.517,26.7,31.3,52.0,False,False,False,False,False,False,False,False,False,True,False
VER,1,Red Bull Racing,21.0,1.0,MEDIUM,21.0,True,4.0,1,89.695,5339.216,5249.521,26.6,31.3,53.0,False,False,False,False,False,False,False,False,False,True,False
VER,1,Red Bull Racing,22.0,1.0,MEDIUM,22.0,True,4.0,1,89.889,5429.105,5339.216,26.6,31.0,53.0,False,False,False,False,False,False,False,False,False,True,False
VER,1,Red Bull Racing,23.0,1.0,MEDIUM,23.0,True,4.0,1,89.939,5519.044,5429.105,26.6,31.1,53.0,False,False,False,False,False,False,False,False,False,True,False
VER,1,Red Bull Racing,24.0,1.0,MEDIUM,24.0,True,4.0,1,89.75,5608.794,5519.044,26.5,31.1,53.0,False,False,False,False,False,False,False,False,False,True,False
VER,1,Red Bull Racing,25.0,1.0,MEDIUM,25.0,True,4.0,1,89.852,5698.646,5608.794,26.5,30.9,54.0,False,False,False,False,False,False,False,False,False,True,False
VER,1,Red Bull Racing,26.0,1.0,MEDIUM,26.0,True,4.0,1,90.268,5788.914,5698.646,26.5,30.9,54.0,False,False,False,False,False,False,False,False,False,True,False
VER,1,Red Bull Racing,27.0,1.0,MEDIUM,27.0,True,3.0,1,89.897,5878.811,5788.914,26.4,30.8,55.0,False,False,False,False,False,False,False,False,False,True,False
VER,1,Red Bull Racing,28.0,1.0,MEDIUM,28.0,True,3.0,1,90.274,5969.085,5878.811,26.4,30.7,55.0,False,False,False,False,False,False,False,False,False,True,False
VER,1,Red Bull Racing,29.0,1.0,MEDIUM,29.0,True,3.0,1,91.857,6060.942,5969.085,26.4,30.8,55.0,False,True,False,False,True,False,False,False,False,False,False
VER,1,Red Bull Racing,30.0,2.0,HARD,1.0,True,11.0,12,119.495,6180.437,6060.942,26.4,30.6,56.0,False,False,True,False,True,False,True,False,False,False,False
VER,1,Red Bull Racing,31.0,2.0,HARD,2.0,True,10.0,1,88.088,6268.525,6180.437,26.4,30.5,56.0,False,False,False,False,False,False,False,False,False,True,False
VER,1,Red Bull Racing,32.0,2.0,HARD,3.0,True,10.0,1,88.528,6357.053,6268.525,26.4,30.5,56.0,False,False,False,False,False,False,False,False,False,True,False
VER,1,Red Bull Racing,33.0,2.0,HARD,4.0,True,9.0,1,88.333,6445.386,6357.053,26.3,30.6,57.0,False,False,False,False,False,False,False,False,False,True,False
VER,1,Red Bull Racing,34.0,2.0,HARD,5.0,True,9.0,1,88.409,6533.795,6445.386,26.3,30.4,57.0,False,False,False,False,False,False,False,False,False,True,False
VER,1,Red Bull Racing,35.0,2.0,HARD,6.0,True,9.0,1,89.111,6622.906,6533.795,26.3,30.4,57.0,False,False,False,False,False,False,False,False,False,True,False
VER,1,Red Bull Racing,36.0,2.0,HARD,7.0,True,8.0,1,88.557,6711.463,6622.906,26.3,30.3,57.0,False,False,False,False,False,False,False,False,False,True,False
VER,1,Red Bull Racing,37.0,2.0,HARD,8.0,True,8.0,1,88.413,6799.876,6711.463,26.3,30.3,58.0,False,False,False,False,False,False,False,False,False,True,False
VER,1,Red Bull Racing,38.0,2.0,HARD,9.0,True,8.0,1,88.36,6888.236,6799.876,26.2,30.4,58.0,False,False,False,False,False,False,False,False,False,True,False
VER,1,Red Bull Racing,39.0,2.0,HARD,10.0,True,8.0,1,88.296,6976.532,6888.236,26.2,30.2,58.0,False,False,False,False,False,False,False,False,False,True,False
VER,1,Red Bull Racing,40.0,2.0,HARD,11.0,True,8.0,1,88.345,7064.877,6976.532,26.1,30.2,58.0,False,False,False,False,False,False,False,False,False,True,False
VER,1,Red Bull Racing,41.0,2.0,HARD,12.0,True,8.0,1,88.439,7153.316,7064.877,26.2,30.2,58.0,False,False,False,False,False,False,False,False,False,True,False
VER,1,Red Bull Racing,42.0,2.0,HARD,13.0,True,8.0,1,88.113,7241.429,7153.316,26.1,30.0,58.0,False,False,False,False,False,False,False,False,False,True,False
VER,1,Red Bull Racing,43.0,2.0,HARD,14.0,True,7.0,1,88.089,7329.518,7241.429,26.1,30.1,58.0,False,False,False,False,False,False,False,False,False,True,False
VER,1,Red Bull Racing,44.0,2.0,HARD,15.0,True,7.0,1,88.501,7418.019,7329.518,26.1,30.1,58.0,False,False,False,False,False,False,False,False,False,True,False
VER,1,Red Bull Racing,45.0,2.0,HARD,16.0,True,6.0,1,88.067,7506.086,7418.019,26.1,30.0,58.0,False,False,False,False,False,False,False,False,False,True,False
VER,1,Red Bull Racing,46.0,2.0,HARD,17.0,True,6.0,1,88.231,7594.317,7506.086,26.0,29.8,58.0,False,False,False,False,False,False,False,False,False,True,False
VER,1,Red Bull Racing,47.0,2.0,HARD,18.0,True,6.0,1,88.304,7682.621,7594.317,26.0,29.7,59.0,False,False,False,False,False,False,False,False,False,True,False
VER,1,Red Bull Racing,48.0,2.0,HARD,19.0,True,6.0,1,87.893,7770.514,7682.621,26.0,29.7,59.0,False,False,False,False,False,False,False,False,False,True,False
VER,1,Red Bull Racing,49.0,2.0,HARD,20.0,True,6.0,1,87.927,7858.441,7770.514,26.0,29.5,59.0,False,False,False,False,False,False,False,False,False,True,False
VER,1,Red Bull Racing,50.0,2.0,HARD,21.0,True,6.0,1,87.961,7946.402,7858.441,26.0,29.6,59.0,False,False,False,False,False,False,False,False,False,True,False
VER,1,Red Bull Racing,51.0,2.0,HARD,22.0,True,6.0,1,87.82,8034.222,7946.402,26.0,29.4,59.0,False,False,False,False,False,False,False,False,False,True,False
VER,1,Red Bull Racing,52.0,2.0,HARD,23.0,True,6.0,1,88.047,8122.269,8034.222,25.9,29.4,59.0,False,False,False,False,False,False,False,False,False,True,False
VER,1,Red Bull Racing,53.0,2.0,HARD,24.0,True,6.0,1,88.064,8210.333,8122.269,25.9,29.4,59.0,False,False,False,False,False,False,False,False,False,True,False
VER,1,Red Bull Racing,54.0,2.0,HARD,25.0,True,6.0,1,88.352,8298.685,8210.333,25.9,29.3,60.0,False,False,False,False,False,False,False,False,False,True,False
VER,1,Red Bull Racing,55.0,2.0,HARD,26.0,True,6.0,1,87.821,8386.506,8298.685,25.9,29.3,60.0,False,False,False,False,False,False,False,False,False,True,False
VER,1,Red Bull Racing,56.0,2.0,HARD,27.0,True,6.0,1,87.765,8474.271,8386.506,25.9,29.4,60.0,False,False,False,False,False,False,False,False,False,True,False
VER,1,Red Bull Racing,57.0,2.0,HARD,28.0,True,6.0,12,88.174,8562.445,8474.271,25.9,29.4,60.0,False,False,False,False,False,False,True,False,False,False,False
VER,1,Red Bull Racing,58.0,2.0,HARD,29.0,True,6.0,1,88.78,8651.225,8562.445,25.9,29.3,60.0,False,False,False,False,False,False,False,False,False,True,False
GAS,10,Alpine,1.0,1.0,MEDIUM,1.0,True,3.0,12,93.984,3502.071,3407.817,27.0,32.2,49.0,False,False,False,False,True,False,True,False,False,False,False
GAS,10,Alpine,2.0,1.0,MEDIUM,2.0,True,3.0,126,109.76,3611.831,3502.071,26.9,31.8,49.0,False,False,False,False,True,False,True,False,False,False,False
GAS,10,Alpine,3.0,1.0,MEDIUM,3.0,True,3.0,671,102.837,3714.668,3611.831,27.0,31.8,49.0,False,False,False,False,True,False,True,False,False,False,False
GAS,10,Alpine,4.0,1.0,MEDIUM,4.0,True,3.0,1,89.406,3804.074,3714.668,26.9,31.9,50.0,False,False,False,False,False,False,False,False,False,True,False
GAS,10,Alpine,5.0,1.0,MEDIUM,5.0,True,3.0,1,89.611,3893.685,3804.074,26.9,31.7,50.0,False,False,False,False,False,False,False,False,False,True,False
GAS,10,Alpine,6.0,1.0,MEDIUM,6.0,True,3.0,1,90.014,3983.699,3893.685,26.9,31.8,50.0,False,False,False,False,False,False,False,False,False,True,False
GAS,10,Alpine,7.0,1.0,MEDIUM,7.0,True,3.0,1,89.744,4073.443,3983.699,26.8,31.8,50.0,False,False,False,False,False,False,False,False,False,True,False
GAS,10,Alpine,8.0,1.0,MEDIUM,8.0,True,3.0,1,89.732,4163.175,4073.443,26.9,31.5,51.0,False,False,False,False,False,False,False,False,False,True,False
GAS,10,Alpine,9.0,1.0,MEDIUM,9.0,True,3.0,1,89.631,4252.806,4163.175,26.8,31.6,51.0,False,False,False,False,False,False,False,False,False,True,False
GAS,10,Alpine,10.0,1.0,MEDIUM,10.0,True,3.0,1,90.127,4342.933,4252.806,26.9,31.7,51.0,False,False,False,False,False,False,False,False,False,True,False
GAS,10,Alpine,11.0,1.0,MEDIUM,11.0,True,3.0,1,90.072,4433.005,4342.933,26.9,31.2,51.0,False,False,False,False,False,False,False,False,False,True,False
GAS,10,Alpine,12.0,1.0,MEDIUM,12.0,True,3.0,1,90.174,4523.179,4433.005,26.8,31.6,52.0,False,False,False,False,False,False,False,False,False,True,False
GAS,10,Alpine,13.0,1.0,MEDIUM,13.0,True,3.0,1,90.173,4613.352,4523.179,26.8,31.6,52.0,False,False,False,False,False,False,False,False,False,True,False
GAS,10,Alpine,14.0,1.0,MEDIUM,14.0,True,4.0,1,92.241,4705.593,4613.352,26.8,31.3,51.0,False,True,False,False,True,False,False,False,False,False,False
GAS,10,Alpine,15.0,2.0,HARD,1.0,True,9.0,1,109.784,4815.377,4705.593,26.8,31.3,52.0,False,False,True,False,True,False,False,False,False,False,False
GAS,10,Alpine,16.0,2.0,HARD,2.0,True,9.0,1,89.927,4905.304,4815.377,26.7,31.3,52.0,False,False,False,False,False,False,False,False,False,True,False
GAS,10,Alpine,17.0,2.0,HARD,3.0,True,8.0,1,89.986,4995.29,4905.304,26.6,31.2,52.0,False,False,False,False,False,False,False,False,False,True,False
GAS,10,Alpine,18.0,2.0,HARD,4.0,True,8.0,1,90.123,5085.413,4995.29,26.7,31.3,52.0,False,False,False,False,False,False,False,False,False,True,False
GAS,10,Alpine,19.0,2.0,HARD,5.0,True,8.0,1,89.567,5174.98,5085.413,26.6,31.4,52.0,False,False,False,False,False,False,False,False,False,True,False
GAS,10,Alpine,20.0,2.0,HARD,6.0,True,8.0,1,89.562,5264.542,5174.98,26.7,31.3,52.0,False,False,False,False,False,False,False,False,False,True,False
GAS,10,Alpine,21.0,2.0,HARD,7.0,True,7.0,1,89.725,5354.267,5264.542,26.6,31.3,53.0,False,False,False,False,False,False,False,False,False,True,False
GAS,10,Alpine,22.0,2.0,HARD,8.0,True,7.0,1,90.627,5444.894,5354.267,26.6,31.0,53.0,False,False,False,False,False,False,False,False,False,True,False
GAS,10,Alpine,23.0,2.0,HARD,9.0,True,6.0,1,90.137,5535.031,5444.894,26.6,31.1,53.0,False,False,False,False,False,False,False,False,False,True,False
GAS,10,Alpine,24.0,2.0,HARD,10.0,True,7.0,1,91.144,5626.175,5535.031,26.5,31.1,53.0,False,False,False,False,False,False,False,False,False,True,False
GAS,10,Alpine,25.0,2.0,HARD,11.0,True,7.0,1,89.75,5715.925,5626.175,26.5,30.9,54.0,False,False,False,False,False,False,False,False,False,True,False
GAS,10,Alpine,26.0,2.0,HARD,12.0,True,7.0,1,89.688,5805.613,5715.925,26.5,30.9,54.0,False,False,False,False,False,False,False,False,False,True,False
GAS,10,Alpine,27.0,2.0,HARD,13.0,True,7.0,1,90.381,5895.994,5805.613,26.4,30.8,55.0,False,False,False,False,False,False,False,False,False,True,False
GAS,10,Alpine,28.0,2.0,HARD,14.0,True,7.0,1,89.596,5985.59,5895.994,26.4,30.7,55.0,False,False,False,False,False,False,False,False,False,True,False
GAS,10,Alpine,29.0,2.0,HARD,15.0,True,7.0,1,89.409,6074.999,5985.59,26.4,30.8,55.0,False,False,False,False,False,False,False,False,False,True,False
GAS,10,Alpine,30.0,2.0,HARD,16.0,True,6.0,12,89.251,6164.25,6074.999,26.4,30.8,56.0,False,False,False,False,False,False,True,False,False,False,False
GAS,10,Alpine,31.0,2.0,HARD,17.0,True,6.0,21,89.563,6253.813,6164.25,26.4,30.5,56.0,False,False,False,False,False,False,True,False,False,False,False
GAS,10,Alpine,32.0,2.0,HARD,18.0,True,6.0,1,89.647,6343.46,6253.813,26.4,30.5,56.0,False,False,False,False,False,False,False,False,False,True,False
GAS,10,Alpine,33.0,2.0,HARD,19.0,True,6.0,1,89.516,6432.976,6343.46,26.3,30.6,57.0,False,False,False,False,False,False,False,False,False,True,False
GAS,10,Alpine,34.0,2.0,HARD,20.0,True,6.0,1,89.431,6522.407,6432.976,26.3,30.4,57.0,False,False,False,False,False,False,False,False,False,True,False
GAS,10,Alpine,35.0,2.0,HARD,21.0,True,5.0,1,89.5,6611.907,6522.407,26.3,30.4,57.0,False,False,False,False,False,False,False,False,False,True,False
GAS,10,Alpine,36.0,2.0,HARD,22.0,True,5.0,1,89.321,6701.228,6611.907,26.3,30.3,57.0,False,False,False,False,False,False,False,False,False,True,False
GAS,10,Alpine,37.0,2.0,HARD,23.0,True,5.0,1,89.212,6790.44,6701.228,26.3,30.3,58.0,False,False,False,False,False,False,False,False,True,False,False
GAS,10,Alpine,38.0,2.0,HARD,24.0,True,5.0,1,89.506,6879.946,6790.44,26.2,30.4,58.0,False,False,False,False,False,False,False,False,False,True,False
GAS,10,Alpine,39.0,2.0,HARD,25.0,True,5.0,1,89.321,6969.267,6879.946,26.2,30.2,58.0,False,False,False,False,False,False,False,False,False,True,False
GAS,10,Alpine,40.0,2.0,HARD,26.0,True,5.0,1,89.372,7058.639,6969.267,26.1,30.2,58.0,False,False,False,False,False,False,False,False,False,True,False
GAS,10,Alpine,41.0,2.0,HARD,27.0,True,5.0,1,89.504,7148.143,7058.639,26.2,30.2,58.0,False,False,False,False,False,False,False,False,False,True,False
GAS,10,Alpine,42.0,2.0,HARD,28.0,True,6.0,1,89.998,7238.141,7148.143,26.1,30.0,58.0,False,False,False,False,False,False,False,False,False,True,False
GAS,10,Alpine,43.0,2.0,HARD,29.0,True,6.0,1,89.453,7327.594,7238.141,26.1,30.1,58.0,False,False,False,False,False,False,False,False,False,True,False
GAS,10,Alpine,44.0,2.0,HARD,30.0,True,6.0,1,89.379,7416.973,7327.594,26.1,30.1,58.0,False,False,False,False,False,False,False,False,False,True,False
GAS,10,Alpine,45.0,2.0,HARD,31.0,True,7.0,1,90.401,7507.374,7416.973,26.1,30.0,58.0,False,False,False,False,False,False,False,False,False,True,False
GAS,10,Alpine,46.0,2.0,HARD,32.0,True,7.0,1,89.65,7597.024,7507.374,26.0,29.8,58.0,False,False,False,False,False,False,False,False,False,True,False
GAS,10,Alpine,47.0,2.0,HARD,33.0,True,7.0,1,89.523,7686.547,7597.024,26.0,29.7,59.0,False,False,False,False,False,False,False,False,False,True,False
GAS,10,Alpine,48.0,2.0,HARD,34.0,True,7.0,1,89.434,7775.981,7686.547,26.0,29.7,59.0,False,False,False,False,False,False,False,False,False,True,False
GAS,10,Alpine,49.0,2.0,HARD,35.0,True,7.0,1,89.493,7865.474,7775.981,26.0,29.5,59.0,False,False,False,False,False,False,False,False,False,True,False
GAS,10,Alpine,50.0,2.0,HARD,36.0,True,7.0,1,89.606,7955.08,7865.474,26.0,29.6,59.0,False,False,False,False,False,False,False,False,False,True,False
GAS,10,Alpine,51.0,2.0,HARD,37.0,True,7.0,1,89.571,8044.651,7955.08,25.9,29.4,59.0,False,False,False,False,False,False,False,False,False,True,False
GAS,10,Alpine,52.0,2.0,HARD,38.0,True,7.0,1,89.65,8134.301,8044.651,25.9,29.4,59.0,False,False,False,False,False,False,False,False,False,True,False
GAS,10,Alpine,53.0,2.0,HARD,39.0,True,7.0,1,89.676,8223.977,8134.301,25.9,29.4,60.0,False,False,False,False,False,False,False,False,False,True,False
GAS,10,Alpine,54.0,2.0,HARD,40.0,True,7.0,1,89.447,8313.424,8223.977,25.9,29.3,60.0,False,False,False,False,False,False,False,False,False,True,False
GAS,10,Alpine,55.0,2.0,HARD,41.0,True,7.0,1,90.172,8403.596,8313.424,25.9,29.4,60.0,False,False,False,False,False,False,False,False,False,True,False
GAS,10,Alpine,56.0,2.0,HARD,42.0,True,7.0,1,89.541,8493.137,8403.596,25.9,29.4,60.0,False,False,False,False,False,False,False,False,False,True,False
GAS,10,Alpine,57.0,2.0,HARD,43.0,True,7.0,12,89.936,8583.073,8493.137,25.9,29.3,60.0,False,False,False,False,False,False,True,False,False,False,False
GAS,10,Alpine,58.0,2.0,HARD,44.0,True,7.0,1,90.865,8673.938,8583.073,25.9,29.3,60.0,False,False,False,False,False,False,False,False,False,True,False
PER,11,Red Bull Racing,1.0,1.0,MEDIUM,1.0,True,,12,,3499.229,3407.817,27.0,32.2,49.0,False,False,False,True,True,False,True,False,False,False,False
ALO,14,Aston Martin,1.0,1.0,MEDIUM,2.0,False,6.0,12,96.166,3504.253,3407.817,27.0,32.2,49.0,False,False,False,False,True,False,True,False,False,False,False
ALO,14,Aston Martin,2.0,1.0,MEDIUM,3.0,False,6.0,126,110.156,3614.409,3504.253,26.9,31.8,49.0,False,False,False,False,True,False,True,False,False,False,False
ALO,14,Aston Martin,3.0,1.0,MEDIUM,4.0,False,6.0,671,102.24,3716.649,3614.409,27.0,31.8,49.0,False,False,False,False,True,False,True,False,False,False,False
ALO,14,Aston Martin,4.0,1.0,MEDIUM,5.0,False,6.0,1,89.434,3806.083,3716.649,26.9,31.9,50.0,False,False,False,False,False,False,False,False,False,True,False
ALO,14,Aston Martin,5.0,1.0,MEDIUM,6.0,False,6.0,1,90.084,3896.167,3806.083,26.9,31.7,50.0,False,False,False,False,False,False,False,False,False,True,False
ALO,14,Aston Martin,6.0,1.0,MEDIUM,7.0,False,6.0,1,89.829,3985.996,3896.167,26.9,31.8,50.0,False,False,False,False,False,False,False,False,False,True,False
ALO,14,Aston Martin,7.0,1.0,MEDIUM,8.0,False,6.0,1,89.785,4075.781,3985.996,26.8,31.8,50.0,False,False,False,False,False,False,False,False,False,True,False
ALO,14,Aston Martin,8.0,1.0,MEDIUM,9.0,False,6.0,1,90.032,4165.813,4075.781,26.9,31.5,51.0,False,False,False,False,False,False,False,False,False,True,False
ALO,14,Aston Martin,9.0,1.0,MEDIUM,10.0,False,6.0,1,90.085,4255.898,4165.813,26.8,31.6,51.0,False,False,False,False,False,False,False,False,False,True,False
ALO,14,Aston Martin,10.0,1.0,MEDIUM,11.0,False,7.0,1,91.708,4347.606,4255.898,26.9,31.7,51.0,False,False,False,False,False,False,False,False,True,False,False
ALO,14,Aston Martin,11.0,1.0,MEDIUM,12.0,False,7.0,1,91.088,4438.694,4347.606,26.8,31.5,51.0,False,False,False,False,False,False,False,False,False,True,False
ALO,14,Aston Martin,12.0,1.0,MEDIUM,13.0,False,8.0,1,91.821,4530.515,4438.694,26.8,31.6,52.0,False,False,False,False,False,False,False,False,False,True,False
ALO,14,Aston Martin,13.0,1.0,MEDIUM,14.0,False,8.0,1,93.244,4623.759,4530.515,26.8,31.5,52.0,False,True,False,False,True,False,False,False,False,False,False
ALO,14,Aston Martin,14.0,2.0,HARD,2.0,False,12.0,1,111.792,4735.551,4623.759,26.8,31.3,51.0,False,False,True,False,True,False,False,False,False,False,False
ALO,14,Aston Martin,15.0,2.0,HARD,3.0,False,12.0,1,89.756,4825.307,4735.551,26.8,31.3,52.0,False,False,False,False,False,False,False,False,False,True,False
ALO,14,Aston Martin,16.0,2.0,HARD,4.0,False,12.0,1,89.907,4915.214,4825.307,26.7,31.3,52.0,False,False,False,False,False,False,False,False,False,True,False
ALO,14,Aston Martin,17.0,2.0,HARD,5.0,False,12.0,1,89.892,5005.106,4915.214,26.6,31.2,52.0,False,False,False,False,False,False,False,False,False,True,False
ALO,14,Aston Martin,18.0,2.0,HARD,6.0,False,12.0,1,89.565,5094.671,5005.106,26.7,31.3,52.0,False,False,False,False,False,False,False,False,False,True,False
ALO,14,Aston Martin,19.0,2.0,HARD,7.0,False,12.0,1,89.708,5184.379,5094.671,26.6,31.4,52.0,False,False,False,False,False,False,False,False,False,True,False
ALO,14,Aston Martin,20.0,2.0,HARD,8.0,False,12.0,1,90.087,5274.466,5184.379,26.7,31.3,52.0,False,False,False,False,False,False,False,False,False,True,False
ALO,14,Aston Martin,21.0,2.0,HARD,9.0,False,12.0,1,90.133,5364.599,5274.466,26.6,31.3,53.0,False,False,False,False,False,False,False,False,False,True,False
ALO,14,Aston Martin,22.0,2.0,HARD,10.0,False,11.0,1,90.178,5454.777,5364.599,26.6,31.0,53.0,False,False,False,False,False,False,False,False,False,True,False
ALO,14,Aston Martin,23.0,2.0,HARD,11.0,False,10.0,1,89.863,5544.64,5454.777,26.6,31.1,53.0,False,False,False,False,False,False,False,False,False,True,False
ALO,14,Aston Martin,24.0,2.0,HARD,12.0,False,9.0,1,89.652,5634.292,5544.64,26.5,31.1,53.0,False,False,False,False,False,False,False,False,False,True,False
ALO,14,Aston Martin,25.0,2.0,HARD,13.0,False,9.0,1,89.802,5724.094,5634.292,26.5,30.9,54.0,False,False,False,False,False,False,False,False,False,True,False
ALO,14,Aston Martin,26.0,2.0,HARD,14.0,False,9.0,1,89.755,5813.849,5724.094,26.5,30.9,54.0,False,False,False,False,False,False,False,False,False,True,False
ALO,14,Aston Martin,27.0,2.0,HARD,15.0,False,9.0,1,89.718,5903.567,5813.849,26.4,30.8,55.0,False,False,False,False,False,False,False,False,False,True,False
ALO,14,Aston Martin,28.0,2.0,HARD,16.0,False,9.0,1,89.672,5993.239,5903.567,26.4,30.7,55.0,False,False,False,False,False,False,False,False,False,True,False
ALO,14,Aston Martin,29.0,2.0,HARD,17.0,False,9.0,1,89.828,6083.067,5993.239,26.4,30.8,55.0,False,False,False,False,False,False,False,False,False,True,False
ALO,14,Aston Martin,30.0,2.0,HARD,18.0,False,8.0,12,89.9,6172.967,6083.067,26.4,30.8,56.0,False,False,False,False,False,False,True,False,False,False,False
ALO,14,Aston Martin,31.0,2.0,HARD,19.0,False,8.0,1,89.874,6262.841,6172.967,26.4,30.5,56.0,False,False,False,False,False,False,False,False,False,True,False
ALO,14,Aston Martin,32.0,2.0,HARD,20.0,False,8.0,1,89.986,6352.827,6262.841,26.4,30.5,56.0,False,False,False,False,False,False,False,False,False,True,False
ALO,14,Aston Martin,33.0,2.0,HARD,21.0,False,8.0,1,89.839,6442.666,6352.827,26.3,30.6,57.0,False,False,False,False,False,False,False,False,False,True,False
ALO,14,Aston Martin,34.0,2.0,HARD,22.0,False,8.0,1,89.65,6532.316,6442.666,26.3,30.4,57.0,False,False,False,False,False,False,False,False,False,True,False
ALO,14,Aston Martin,35.0,2.0,HARD,23.0,False,8.0,1,90.225,6622.541,6532.316,26.3,30.4,57.0,False,False,False,False,False,False,False,False,False,True,False
ALO,14,Aston Martin,36.0,2.0,HARD,24.0,False,9.0,1,90.419,6712.96,6622.541,26.3,30.3,57.0,False,False,False,False,False,False,False,False,False,True,False
ALO,14,Aston Martin,37.0,2.0,HARD,25.0,False,9.0,1,91.999,6804.959,6712.96,26.3,30.3,58.0,False,True,False,False,True,False,False,False,False,False,False
ALO,14,Aston Martin,38.0,3.0,HARD,2.0,False,12.0,1,109.629,6914.588,6804.959,26.2,30.1,58.0,False,False,True,False,True,False,False,False,False,False,False
ALO,14,Aston Martin,39.0,3.0,HARD,3.0,False,12.0,1,88.735,7003.323,6914.588,26.2,30.2,58.0,False,False,False,False,False,False,False,False,False,True,False
ALO,14,Aston Martin,40.0,3.0,HARD,4.0,False,11.0,1,88.937,7092.26,7003.323,26.1,30.1,58.0,False,False,False,False,False,False,False,False,False,True,False
ALO,14,Aston Martin,41.0,3.0,HARD,5.0,False,11.0,1,88.402,7180.662,7092.26,26.2,30.2,58.0,False,False,False,False,False,False,False,False,False,True,False
ALO,14,Aston Martin,42.0,3.0,HARD,6.0,False,11.0,1,88.379,7269.041,7180.662,26.1,30.1,58.0,False,False,False,False,False,False,False,False,False,True,False
ALO,14,Aston Martin,43.0,3.0,HARD,7.0,False,11.0,1,88.729,7357.77,7269.041,26.1,30.1,58.0,False,False,False,False,False,False,False,False,False,True,False
ALO,14,Aston Martin,44.0,3.0,HARD,8.0,False,11.0,1,89.066,7446.836,7357.77,26.1,30.0,58.0,False,False,False,False,False,False,False,False,False,True,False
ALO,14,Aston Martin,45.0,3.0,HARD,9.0,False,10.0,1,88.238,7535.074,7446.836,26.1,30.0,58.0,False,False,False,False,False,False,False,False,False,True,False
ALO,14,Aston Martin,46.0,3.0,HARD,10.0,False,10.0,1,88.583,7623.657,7535.074,26.0,29.7,59.0,False,False,False,False,False,False,False,False,False,True,False
ALO,14,Aston Martin,47.0,3.0,HARD,11.0,False,10.0,1,88.231,7711.888,7623.657,26.0,29.7,59.0,False,False,False,False,False,False,False,False,False,True,False
ALO,14,Aston Martin,48.0,3.0,HARD,12.0,False,10.0,1,87.997,7799.885,7711.888,26.0,29.6,59.0,False,False,False,False,False,False,False,False,False,True,False
ALO,14,Aston Martin,49.0,3.0,HARD,13.0,False,10.0,1,88.372,7888.257,7799.885,26.0,29.5,59.0,False,False,False,False,False,False,False,False,False,True,False
ALO,14,Aston Martin,50.0,3.0,HARD,14.0,False,10.0,1,88.709,7976.966,7888.257,26.0,29.6,59.0,False,False,False,False,False,False,False,False,False,True,False
ALO,14,Aston Martin,51.0,3.0,HARD,15.0,False,9.0,1,87.948,8064.914,7976.966,25.9,29.4,59.0,False,False,False,False,False,False,False,False,False,True,False
ALO,14,Aston Martin,52.0,3.0,HARD,16.0,False,9.0,1,88.277,8153.191,8064.914,25.9,29.4,59.0,False,False,False,False,False,False,False,False,False,True,False
ALO,14,Aston Martin,53.0,3.0,HARD,17.0,False,9.0,1,88.231,8241.422,8153.191,25.9,29.4,60.0,False,False,False,False,False,False,False,False,False,True,False
ALO,14,Aston Martin,54.0,3.0,HARD,18.0,False,9.0,1,88.214,8329.636,8241.422,25.9,29.3,60.0,False,False,False,False,False,False,False,False,False,True,False
ALO,14,Aston Martin,55.0,3.0,HARD,19.0,False,9.0,1,88.281,8417.917,8329.636,25.9,29.4,60.0,False,False,False,False,False,False,False,False,False,True,False
ALO,14,Aston Martin,56.0,3.0,HARD,20.0,False,9.0,1,88.276,8506.193,8417.917,25.9,29.4,60.0,False,False,False,False,False,False,False,False,False,True,False
ALO,14,Aston Martin,57.0,3.0,HARD,21.0,False,9.0,12,88.937,8595.13,8506.193,25.9,29.3,60.0,False,False,False,False,False,False,True,False,False,False,False
ALO,14,Aston Martin,58.0,3.0,HARD,22.0,False,9.0,1,88.621,8683.751,8595.13,25.9,29.3,60.0,False,False,False,False,False,False,False,False,False,True,False
LEC,16,Ferrari,1.0,1.0,MEDIUM,1.0,True,8.0,12,97.644,3505.731,3407.817,27.0,32.2,49.0,False,False,False,False,True,False,True,False,False,False,False
LEC,16,Ferrari,2.0,1.0,MEDIUM,2.0,True,8.0,126,113.013,3618.744,3505.731,26.9,31.8,49.0,False,False,False,False,True,False,True,False,False,False,False
LEC,16,Ferrari,3.0,1.0,MEDIUM,3.0,True,8.0,671,99.656,3718.4,3618.744,26.9,31.8,49.0,False,False,False,False,True,False,True,False,False,False,False
LEC,16,Ferrari,4.0,1.0,MEDIUM,4.0,True,8.0,1,89.273,3807.673,3718.4,26.9,31.9,50.0,False,False,False,False,False,False,False,False,False,True,False
LEC,16,Ferrari,5.0,1.0,MEDIUM,5.0,True,8.0,1,89.753,3897.426,3807.673,26.8,31.8,50.0,False,False,False,False,False,False,False,False,False,True,False
LEC,16,Ferrari,6.0,1.0,MEDIUM,6.0,True,8.0,1,89.997,3987.423,3897.426,26.9,31.8,50.0,False,False,False,False,False,False,False,False,False,True,False
LEC,16,Ferrari,7.0,1.0,MEDIUM,7.0,True,7.0,1,89.538,4076.961,3987.423,26.8,31.8,50.0,False,False,False,False,False,False,False,False,False,True,False
LEC,16,Ferrari,8.0,1.0,MEDIUM,8.0,True,7.0,1,89.784,4166.745,4076.961,26.9,31.5,51.0,False,False,False,False,False,False,False,False,False,True,False
LEC,16,Ferrari,9.0,1.0,MEDIUM,9.0,True,7.0,1,89.913,4256.658,4166.745,26.8,31.6,51.0,False,False,False,False,False,False,False,False,False,True,False
LEC,16,Ferrari,10.0,1.0,MEDIUM,10.0,True,6.0,1,90.008,4346.666,4256.658,26.9,31.7,51.0,False,False,False,False,False,False,False,False,True,False,False
LEC,16,Ferrari,11.0,1.0,MEDIUM,11.0,True,6.0,1,90.268,4436.934,4346.666,26.9,31.2,51.0,False,False,False,False,False,False,False,False,False,True,False
LEC,16,Ferrari,12.0,1.0,MEDIUM,12.0,True,5.0,1,89.507,4526.441,4436.934,26.8,31.6,52.0,False,False,False,False,False,False,False,False,False,True,False
LEC,16,Ferrari,13.0,1.0,MEDIUM,13.0,True,5.0,1,89.834,4616.275,4526.441,26.8,31.6,52.0,False,False,False,False,False,False,False,False,False,True,False
LEC,16,Ferrari,14.0,1.0,MEDIUM,14.0,True,5.0,1,89.516,4705.791,4616.275,26.8,31.3,51.0,False,False,False,False,False,False,False,False,False,True,False
LEC,16,Ferrari,15.0,1.0,MEDIUM,15.0,True,4.0,1,89.675,4795.466,4705.791,26.8,31.3,52.0,False,False,False,False,False,False,False,False,False,True,False
LEC,16,Ferrari,16.0,1.0,MEDIUM,16.0,True,4.0,1,89.82,4885.286,4795.466,26.7,31.3,52.0,False,False,False,False,False,False,False,False,False,True,False
LEC,16,Ferrari,17.0,1.0,MEDIUM,17.0,True,4.0,1,89.57,4974.856,4885.286,26.7,31.2,52.0,False,False,False,False,False,False,False,False,False,True,False
LEC,16,Ferrari,18.0,1.0,MEDIUM,18.0,True,4.0,1,89.841,5064.697,4974.856,26.7,31.3,52.0,False,False,False,False,False,False,False,False,False,True,False
LEC,16,Ferrari,19.0,1.0,MEDIUM,19.0,True,4.0,1,90.082,5154.779,5064.697,26.7,31.3,52.0,False,False,False,False,False,False,False,False,False,True,False
LEC,16,Ferrari,20.0,1.0,MEDIUM,20.0,True,4.0,1,92.189,5246.968,5154.779,26.7,31.3,52.0,False,True,False,False,True,False,False,False,False,False,False
LEC,16,Ferrari,21.0,2.0,HARD,1.0,True,8.0,1,108.662,5355.63,5246.968,26.6,31.3,53.0,False,False,True,False,True,False,False,False,False,False,False
LEC,16,Ferrari,22.0,2.0,HARD,2.0,True,8.0,1,89.802,5445.432,5355.63,26.6,31.0,53.0,False,False,False,False,False,False,False,False,False,True,False
LEC,16,Ferrari,23.0,2.0,HARD,3.0,True,7.0,1,90.437,5535.869,5445.432,26.6,31.1,53.0,False,False,False,False,False,False,False,False,False,True,False
LEC,16,Ferrari,24.0,2.0,HARD,4.0,True,6.0,1,89.185,5625.054,5535.869,26.5,31.1,53.0,False,False,False,False,False,False,False,False,False,True,False
LEC,16,Ferrari,25.0,2.0,HARD,5.0,True,6.0,1,88.912,5713.966,5625.054,26.5,30.9,54.0,False,False,False,False,False,False,False,False,False,True,False
LEC,16,Ferrari,26.0,2.0,HARD,6.0,True,6.0,1,89.084,5803.05,5713.966,26.5,30.9,54.0,False,False,False,False,False,False,False,False,False,True,False
LEC,16,Ferrari,27.0,2.0,HARD,7.0,True,5.0,1,88.873,5891.923,5803.05,26.4,30.8,55.0,False,False,False,False,False,False,False,False,False,True,False
LEC,16,Ferrari,28.0,2.0,HARD,8.0,True,5.0,1,88.443,5980.366,5891.923,26.4,30.7,55.0,False,False,False,False,False,False,False,False,False,True,False
LEC,16,Ferrari,29.0,2.0,HARD,9.0,True,5.0,1,88.56,6068.926,5980.366,26.4,30.8,55.0,False,False,False,False,False,False,False,False,False,True,False
LEC,16,Ferrari,30.0,2.0,HARD,10.0,True,4.0,12,88.609,6157.535,6068.926,26.4,30.8,56.0,False,False,False,False,False,False,True,False,False,False,False
LEC,16,Ferrari,31.0,2.0,HARD,11.0,True,4.0,21,88.485,6246.02,6157.535,26.4,30.5,56.0,False,False,False,False,False,False,True,False,False,False,False
LEC,16,Ferrari,32.0,2.0,HARD,12.0,True,4.0,1,88.536,6334.556,6246.02,26.4,30.5,56.0,False,False,False,False,False,False,False,False,False,True,False
LEC,16,Ferrari,33.0,2.0,HARD,13.0,True,4.0,1,88.518,6423.074,6334.556,26.3,30.6,57.0,False,False,False,False,False,False,False,False,False,True,False
LEC,16,Ferrari,34.0,2.0,HARD,14.0,True,3.0,1,88.536,6511.61,6423.074,26.3,30.4,57.0,False,False,False,False,False,False,False,False,False,True,False
LEC,16,Ferrari,35.0,2.0,HARD,15.0,True,3.0,1,88.312,6599.922,6511.61,26.3,30.4,57.0,False,False,False,False,False,False,False,False,False,True,False
LEC,16,Ferrari,36.0,2.0,HARD,16.0,True,3.0,1,88.09,6688.012,6599.922,26.3,30.3,57.0,False,False,False,False,False,False,False,False,False,True,False
LEC,16,Ferrari,37.0,2.0,HARD,17.0,True,3.0,1,88.305,6776.317,6688.012,26.3,30.3,58.0,False,False,False,False,False,False,False,False,False,True,False
LEC,16,Ferrari,38.0,2.0,HARD,18.0,True,3.0,1,88.189,6864.506,6776.317,26.2,30.4,58.0,False,False,False,False,False,False,False,False,False,True,False
LEC,16,Ferrari,39.0,2.0,HARD,19.0,True,3.0,1,88.135,6952.641,6864.506,26.2,30.1,58.0,False,False,False,False,False,False,False,False,False,True,False
LEC,16,Ferrari,40.0,2.0,HARD,20.0,True,3.0,1,88.565,7041.206,6952.641,26.1,30.2,58.0,False,False,False,False,False,False,False,False,False,True,False
LEC,16,Ferrari,41.0,2.0,HARD,21.0,True,3.0,1,88.403,7129.609,7041.206,26.1,30.1,58.0,False,False,False,False,False,False,False,False,False,True,False
LEC,16,Ferrari,42.0,2.0,HARD,22.0,True,3.0,1,88.49,7218.099,7129.609,26.1,30.0,58.0,False,False,False,False,False,False,False,False,False,True,False
LEC,16,Ferrari,43.0,2.0,HARD,23.0,True,3.0,1,88.571,7306.67,7218.099,26.1,30.1,58.0,False,False,False,False,False,False,False,False,False,True,False
LEC,16,Ferrari,44.0,2.0,HARD,24.0,True,3.0,1,88.743,7395.413,7306.67,26.1,30.1,58.0,False,False,False,False,False,False,False,False,False,True,False
LEC,16,Ferrari,45.0,2.0,HARD,25.0,True,3.0,1,88.312,7483.725,7395.413,26.1,30.0,58.0,False,False,False,False,False,False,False,False,False,True,False
LEC,16,Ferrari,46.0,2.0,HARD,26.0,True,3.0,1,88.303,7572.028,7483.725,26.0,29.8,58.0,False,False,False,False,False,False,False,False,False,True,False
LEC,16,Ferrari,47.0,2.0,HARD,27.0,True,3.0,1,88.252,7660.28,7572.028,26.0,29.7,59.0,False,False,False,False,False,False,False,False,False,True,False
LEC,16,Ferrari,48.0,2.0,HARD,28.0,True,3.0,1,88.171,7748.451,7660.28,26.0,29.7,59.0,False,False,False,False,False,False,False,False,False,True,False
LEC,16,Ferrari,49.0,2.0,HARD,29.0,True,3.0,1,88.36,7836.811,7748.451,26.0,29.6,59.0,False,False,False,False,False,False,False,False,False,True,False
LEC,16,Ferrari,50.0,2.0,HARD,30.0,True,3.0,1,88.213,7925.024,7836.811,26.0,29.6,59.0,False,False,False,False,False,False,False,False,False,True,False
LEC,16,Ferrari,51.0,2.0,HARD,31.0,True,3.0,1,88.018,8013.042,7925.024,26.0,29.4,59.0,False,False,False,False,False,False,False,False,False,True,False
LEC,16,Ferrari,52.0,2.0,HARD,32.0,True,3.0,1,88.455,8101.497,8013.042,25.9,29.4,59.0,False,False,False,False,False,False,False,False,False,True,False
LEC,16,Ferrari,53.0,2.0,HARD,33.0,True,3.0,1,88.518,8190.015,8101.497,25.9,29.4,59.0,False,False,False,False,False,False,False,False,False,True,False
LEC,16,Ferrari,54.0,2.0,HARD,34.0,True,3.0,1,88.47,8278.485,8190.015,25.9,29.3,60.0,False,False,False,False,False,False,False,False,False,True,False
LEC,16,Ferrari,55.0,2.0,HARD,35.0,True,3.0,1,88.387,8366.872,8278.485,25.9,29.3,60.0,False,False,False,False,False,False,False,False,False,True,False
LEC,16,Ferrari,56.0,2.0,HARD,36.0,True,3.0,1,88.22,8455.092,8366.872,25.9,29.4,60.0,False,False,False,False,False,False,False,False,True,False,False
LEC,16,Ferrari,57.0,2.0,HARD,37.0,True,3.0,12,88.296,8543.388,8455.092,25.9,29.4,60.0,False,False,False,False,False,False,True,False,False,False,False
LEC,16,Ferrari,58.0,2.0,HARD,38.0,True,3.0,21,89.918,8633.306,8543.388,25.9,29.3,60.0,False,False,False,False,False,False,True,False,False,False,False
STR,18,Aston Martin,1.0,1.0,MEDIUM,2.0,False,9.0,12,98.324,3506.411,3407.817,27.0,32.2,49.0,False,False,False,False,True,False,True,False,False,False,False
STR,18,Aston Martin,2.0,1.0,MEDIUM,3.0,False,9.0,126,113.356,3619.767,3506.411,26.9,31.8,49.0,False,False,False,False,True,False,True,False,False,False,False
STR,18,Aston Martin,3.0,1.0,MEDIUM,4.0,False,9.0,671,99.525,3719.292,3619.767,26.9,31.8,49.0,False,False,False,False,True,False,True,False,False,False,False
STR,18,Aston Martin,4.0,1.0,MEDIUM,5.0,False,9.0,1,89.685,3808.977,3719.292,26.9,31.9,50.0,False,False,False,False,False,False,False,False,False,True,False
STR,18,Aston Martin,5.0,1.0,MEDIUM,6.0,False,9.0,1,90.05,3899.027,3808.977,26.8,31.8,50.0,False,False,False,False,False,False,False,False,False,True,False
STR,18,Aston Martin,6.0,1.0,MEDIUM,7.0,False,10.0,1,91.119,3990.146,3899.027,26.9,31.8,50.0,False,False,False,False,False,False,False,False,False,True,False
STR,18,Aston Martin,7.0,1.0,MEDIUM,8.0,False,10.0,1,90.19,4080.336,3990.146,26.9,31.9,51.0,False,False,False,False,False,False,False,False,False,True,False
STR,18,Aston Martin,8.0,1.0,MEDIUM,9.0,False,10.0,1,90.467,4170.803,4080.336,26.9,31.5,51.0,False,False,False,False,False,False,False,False,False,True,False
STR,18,Aston Martin,9.0,1.0,MEDIUM,10.0,False,10.0,1,90.505,4261.308,4170.803,26.8,31.7,51.0,False,False,False,False,False,False,False,False,True,False,False
STR,18,Aston Martin,10.0,1.0,MEDIUM,11.0,False,10.0,1,90.836,4352.144,4261.308,26.9,31.7,51.0,False,False,False,False,False,False,False,False,False,True,False
STR,18,Aston Martin,11.0,1.0,MEDIUM,12.0,False,11.0,1,92.854,4444.998,4352.144,26.8,31.5,51.0,False,True,False,False,True,False,False,False,False,False,False
STR,18,Aston Martin,12.0,2.0,HARD,2.0,False,16.0,1,111.685,4556.683,4444.998,26.8,31.6,52.0,False,False,True,False,True,False,False,False,False,False,False
STR,18,Aston Martin,13.0,2.0,HARD,3.0,False,13.0,1,89.88,4646.563,4556.683,26.8,31.5,52.0,False,False,False,False,False,False,False,False,False,True,False
STR,18,Aston Martin,14.0,2.0,HARD,4.0,False,14.0,1,90.544,4737.107,4646.563,26.8,31.3,51.0,False,False,False,False,False,False,False,False,False,True,False
STR,18,Aston Martin,15.0,2.0,HARD,5.0,False,14.0,1,89.963,4827.07,4737.107,26.8,31.3,52.0,False,False,False,False,False,False,False,False,True,False,False
STR,18,Aston Martin,16.0,2.0,HARD,6.0,False,14.0,1,90.032,4917.102,4827.07,26.7,31.3,52.0,False,False,False,False,False,False,False,False,True,False,False
STR,18,Aston Martin,17.0,2.0,HARD,7.0,False,14.0,1,89.772,5006.874,4917.102,26.6,31.2,52.0,False,False,False,False,False,False,False,False,False,True,False
STR,18,Aston Martin,18.0,2.0,HARD,8.0,False,14.0,1,89.744,5096.618,5006.874,26.7,31.3,52.0,False,False,False,False,False,False,False,False,False,True,False
STR,18,Aston Martin,19.0,2.0,HARD,9.0,False,14.0,1,90.074,5186.692,5096.618,26.6,31.4,52.0,False,False,False,False,False,False,False,False,False,True,False
STR,18,Aston Martin,20.0,2.0,HARD,10.0,False,14.0,1,90.375,5277.067,5186.692,26.7,31.3,52.0,False,False,False,False,False,False,False,False,False,True,False
STR,18,Aston Martin,21.0,2.0,HARD,11.0,False,14.0,1,90.348,5367.415,5277.067,26.6,31.3,53.0,False,False,False,False,False,False,False,False,False,True,False
STR,18,Aston Martin,22.0,2.0,HARD,12.0,False,14.0,1,90.376,5457.791,5367.415,26.5,31.0,53.0,False,False,False,False,False,False,False,False,False,True,False
STR,18,Aston Martin,23.0,2.0,HARD,13.0,False,12.0,1,90.297,5548.088,5457.791,26.6,31.1,53.0,False,False,False,False,False,False,False,False,False,True,False
STR,18,Aston Martin,24.0,2.0,HARD,14.0,False,11.0,1,90.425,5638.513,5548.088,26.5,30.9,54.0,False,False,False,False,False,False,False,False,False,True,False
STR,18,Aston Martin,25.0,2.0,HARD,15.0,False,11.0,1,90.24,5728.753,5638.513,26.5,30.9,54.0,False,False,False,False,False,False,False,False,False,True,False
STR,18,Aston Martin,26.0,2.0,HARD,16.0,False,11.0,1,90.185,5818.938,5728.753,26.5,30.8,54.0,False,False,False,False,False,False,False,False,False,True,False
STR,18,Aston Martin,27.0,2.0,HARD,17.0,False,11.0,1,90.163,5909.101,5818.938,26.4,30.8,55.0,False,False,False,False,False,False,False,False,False,True,False
STR,18,Aston Martin,28.0,2.0,HARD,18.0,False,11.0,1,90.32,5999.421,5909.101,26.4,30.8,55.0,False,False,False,False,False,False,False,False,False,True,False
STR,18,Aston Martin,29.0,2.0,HARD,19.0,False,11.0,1,90.162,6089.583,5999.421,26.4,30.8,55.0,False,False,False,False,False,False,False,False,False,True,False
STR,18,Aston Martin,30.0,2.0,HARD,20.0,False,10.0,12,90.13,6179.713,6089.583,26.4,30.6,56.0,False,False,False,False,False,False,True,False,False,False,False
STR,18,Aston Martin,31.0,2.0,HARD,21.0,False,11.0,1,90.696,6270.409,6179.713,26.4,30.5,56.0,False,False,False,False,False,False,False,False,False,True,False
STR,18,Aston Martin,32.0,2.0,HARD,22.0,False,12.0,1,92.228,6362.637,6270.409,26.3,30.5,57.0,False,True,False,False,True,False,False,False,False,False,False
STR,18,Aston Martin,33.0,3.0,HARD,1.0,False,14.0,1,110.047,6472.684,6362.637,26.3,30.6,57.0,False,False,True,False,True,False,False,False,False,False,False
STR,18,Aston Martin,34.0,3.0,HARD,2.0,False,14.0,1,89.589,6562.273,6472.684,26.3,30.3,57.0,False,False,False,False,False,False,False,False,False,True,False
STR,18,Aston Martin,35.0,3.0,HARD,3.0,False,14.0,1,89.398,6651.671,6562.273,26.3,30.4,57.0,False,False,False,False,False,False,False,False,False,True,False
STR,18,Aston Martin,36.0,3.0,HARD,4.0,False,14.0,1,88.853,6740.524,6651.671,26.3,30.3,58.0,False,False,False,False,False,False,False,False,False,True,False
STR,18,Aston Martin,37.0,3.0,HARD,5.0,False,14.0,1,88.798,6829.322,6740.524,26.3,30.3,58.0,False,False,False,False,False,False,False,False,False,True,False
STR,18,Aston Martin,38.0,3.0,HARD,6.0,False,15.0,1,89.877,6919.199,6829.322,26.2,30.1,58.0,False,False,False,False,False,False,False,False,False,True,False
STR,18,Aston Martin,39.0,3.0,HARD,7.0,False,15.0,1,89.453,7008.652,6919.199,26.2,30.2,58.0,False,False,False,False,False,False,False,False,False,True,False
STR,18,Aston Martin,40.0,3.0,HARD,8.0,False,13.0,1,89.037,7097.689,7008.652,26.1,30.1,58.0,False,False,False,False,False,False,False,False,False,True,False
STR,18,Aston Martin,41.0,3.0,HARD,9.0,False,13.0,1,88.995,7186.684,7097.689,26.2,30.2,58.0,False,False,False,False,False,False,False,False,False,True,False
STR,18,Aston Martin,42.0,3.0,HARD,10.0,False,13.0,1,88.604,7275.288,7186.684,26.1,30.1,58.0,False,False,False,False,False,False,False,False,False,True,False
STR,18,Aston Martin,43.0,3.0,HARD,11.0,False,13.0,1,88.804,7364.092,7275.288,26.1,30.1,58.0,False,False,False,False,False,False,False,False,False,True,False
STR,18,Aston Martin,44.0,3.0,HARD,12.0,False,13.0,1,88.731,7452.823,7364.092,26.1,30.0,58.0,False,False,False,False,False,False,False,False,False,True,False
STR,18,Aston Martin,45.0,3.0,HARD,13.0,False,13.0,1,88.777,7541.6,7452.823,26.1,30.0,58.0,False,False,False,False,False,False,False,False,False,True,False
STR,18,Aston Martin,46.0,3.0,HARD,14.0,False,13.0,1,89.006,7630.606,7541.6,26.0,29.7,59.0,False,False,False,False,False,False,False,False,False,True,False
STR,18,Aston Martin,47.0,3.0,HARD,15.0,False,13.0,1,88.794,7719.4,7630.606,26.0,29.7,59.0,False,False,False,False,False,False,False,False,False,True,False
STR,18,Aston Martin,48.0,3.0,HARD,16.0,False,13.0,1,88.831,7808.231,7719.4,26.0,29.6,59.0,False,False,False,False,False,False,False,False,False,True,False
STR,18,Aston Martin,49.0,3.0,HARD,17.0,False,13.0,1,90.413,7898.644,7808.231,26.0,29.5,59.0,False,False,False,False,False,False,False,False,False,True,False
STR,18,Aston Martin,50.0,3.0,HARD,18.0,False,13.0,1,89.244,7987.888,7898.644,26.0,29.4,59.0,False,False,False,False,False,False,False,False,False,True,False
STR,18,Aston Martin,51.0,3.0,HARD,19.0,False,13.0,1,89.847,8077.735,7987.888,25.9,29.4,59.0,False,False,False,False,False,False,False,False,False,True,False
STR,18,Aston Martin,52.0,3.0,HARD,20.0,False,13.0,1,90.945,8168.68,8077.735,25.9,29.4,59.0,False,False,False,False,False,False,False,False,False,True,False
STR,18,Aston Martin,53.0,3.0,HARD,21.0,False,13.0,1,89.525,8258.205,8168.68,25.9,29.4,60.0,False,False,False,False,False,False,False,False,False,True,False
STR,18,Aston Martin,54.0,3.0,HARD,22.0,False,13.0,1,89.568,8347.773,8258.205,25.9,29.3,60.0,False,False,False,False,False,False,False,False,False,True,False
STR,18,Aston Martin,55.0,3.0,HARD,23.0,False,12.0,1,88.618,8436.391,8347.773,25.9,29.4,60.0,False,False,False,False,False,False,False,False,False,True,False
STR,18,Aston Martin,56.0,3.0,HARD,24.0,False,12.0,1,89.126,8525.517,8436.391,25.9,29.4,60.0,False,False,False,False,False,False,False,False,True,False,False
STR,18,Aston Martin,57.0,3.0,HARD,25.0,False,12.0,12,89.334,8614.851,8525.517,25.9,29.3,60.0,False,False,False,False,False,False,True,False,False,False,False
MAG,20,Haas F1 Team,1.0,1.0,MEDIUM,1.0,True,7.0,12,96.949,3505.036,3407.817,27.0,32.2,49.0,False,False,False,False,True,False,True,False,False,False,False
MAG,20,Haas F1 Team,2.0,1.0,MEDIUM,2.0,True,7.0,126,110.197,3615.233,3505.036,26.9,31.8,49.0,False,False,False,False,True,False,True,False,False,False,False
MAG,20,Haas F1 Team,3.0,1.0,MEDIUM,3.0,True,7.0,671,102.283,3717.516,3615.233,26.9,31.8,49.0,False,False,False,False,True,False,True,False,False,False,False
MAG,20,Haas F1 Team,4.0,1.0,MEDIUM,4.0,True,7.0,1,89.202,3806.718,3717.516,26.9,31.9,50.0,False,False,False,False,False,False,False,False,False,True,False
MAG,20,Haas F1 Team,5.0,1.0,MEDIUM,5.0,True,7.0,1,90.04,3896.758,3806.718,26.9,31.7,50.0,False,False,False,False,False,False,False,False,False,True,False
MAG,20,Haas F1 Team,6.0,1.0,MEDIUM,6.0,True,7.0,1,90.186,3986.944,3896.758,26.9,31.8,50.0,False,False,False,False,False,False,False,False,False,True,False
MAG,20,Haas F1 Team,7.0,1.0,MEDIUM,7.0,True,8.0,1,91.078,4078.022,3986.944,26.9,31.9,51.0,False,False,False,False,False,False,False,False,False,True,False
MAG,20,Haas F1 Team,8.0,1.0,MEDIUM,8.0,True,8.0,1,90.423,4168.445,4078.022,26.9,31.5,51.0,False,False,False,False,False,False,False,False,False,True,False
MAG,20,Haas F1 Team,9.0,1.0,MEDIUM,9.0,True,9.0,1,91.089,4259.534,4168.445,26.8,31.7,51.0,False,False,False,False,False,False,False,False,False,True,False
MAG,20,Haas F1 Team,10.0,1.0,MEDIUM,10.0,True,9.0,1,91.035,4350.569,4259.534,26.9,31.7,51.0,False,False,False,False,False,False,False,False,False,True,False
MAG,20,Haas F1 Team,11.0,1.0,MEDIUM,11.0,True,9.0,1,90.943,4441.512,4350.569,26.8,31.5,51.0,False,False,False,False,False,False,False,False,False,True,False
MAG,20,Haas F1 Team,12.0,1.0,MEDIUM,12.0,True,9.0,1,92.565,4534.077,4441.512,26.8,31.6,52.0,False,True,False,False,True,False,False,False,False,False,False
MAG,20,Haas F1 Team,13.0,2.0,HARD,1.0,True,15.0,1,113.873,4647.95,4534.077,26.8,31.5,52.0,False,False,True,False,True,False,False,False,False,False,False
MAG,20,Haas F1 Team,14.0,2.0,HARD,2.0,True,15.0,1,89.826,4737.776,4647.95,26.8,31.3,52.0,False,False,False,False,False,False,False,False,False,True,False
MAG,20,Haas F1 Team,15.0,2.0,HARD,3.0,True,15.0,1,89.899,4827.675,4737.776,26.8,31.3,52.0,False,False,False,False,False,False,False,False,False,True,False
MAG,20,Haas F1 Team,16.0,2.0,HARD,4.0,True,15.0,1,90.014,4917.689,4827.675,26.7,31.2,52.0,False,False,False,False,False,False,False,False,False,True,False
MAG,20,Haas F1 Team,17.0,2.0,HARD,5.0,True,15.0,1,89.941,5007.63,4917.689,26.6,31.2,52.0,False,False,False,False,False,False,False,False,False,True,False
MAG,20,Haas F1 Team,18.0,2.0,HARD,6.0,True,15.0,1,89.837,5097.467,5007.63,26.7,31.3,52.0,False,False,False,False,False,False,False,False,False,True,False
MAG,20,Haas F1 Team,19.0,2.0,HARD,7.0,True,15.0,1,90.041,5187.508,5097.467,26.6,31.4,52.0,False,False,False,False,False,False,False,False,False,True,False
MAG,20,Haas F1 Team,20.0,2.0,HARD,8.0,True,15.0,1,90.819,5278.327,5187.508,26.6,31.2,53.0,False,False,False,False,False,False,False,False,False,True,False
MAG,20,Haas F1 Team,21.0,2.0,HARD,9.0,True,15.0,1,90.025,5368.352,5278.327,26.6,31.3,53.0,False,False,False,False,False,False,False,False,False,True,False
MAG,20,Haas F1 Team,22.0,2.0,HARD,10.0,True,15.0,1,90.25,5458.602,5368.352,26.5,31.0,53.0,False,False,False,False,False,False,False,False,False,True,False
MAG,20,Haas F1 Team,23.0,2.0,HARD,11.0,True,13.0,1,90.293,5548.895,5458.602,26.6,31.1,53.0,False,False,False,False,False,False,False,False,False,True,False
MAG,20,Haas F1 Team,24.0,2.0,HARD,12.0,True,12.0,1,90.352,5639.247,5548.895,26.5,30.9,54.0,False,False,False,False,False,False,False,False,False,True,False
MAG,20,Haas F1 Team,25.0,2.0,HARD,13.0,True,12.0,1,90.418,5729.665,5639.247,26.5,30.9,54.0,False,False,False,False,False,False,False,False,False,True,False
MAG,20,Haas F1 Team,26.0,2.0,HARD,14.0,True,12.0,1,90.514,5820.179,5729.665,26.5,30.8,54.0,False,False,False,False,False,False,False,False,False,True,False
MAG,20,Haas F1 Team,27.0,2.0,HARD,15.0,True,12.0,1,90.623,5910.802,5820.179,26.4,30.8,55.0,False,False,False,False,False,False,False,False,False,True,False
MAG,20,Haas F1 Team,28.0,2.0,HARD,16.0,True,12.0,1,90.42,6001.222,5910.802,26.4,30.8,55.0,False,False,False,False,False,False,False,False,False,True,False
MAG,20,Haas F1 Team,29.0,2.0,HARD,17.0,True,13.0,1,91.849,6093.071,6001.222,26.4,30.8,55.0,False,True,False,False,True,False,False,False,False,False,False
MAG,20,Haas F1 Team,30.0,3.0,HARD,1.0,True,16.0,12,121.98,6215.051,6093.071,26.4,30.6,56.0,False,True,True,False,True,False,True,False,True,False,False
MAG,20,Haas F1 Team,31.0,4.0,SOFT,1.0,True,16.0,1,112.368,6327.419,6215.051,26.4,30.5,56.0,False,False,True,False,True,False,False,False,False,False,False
MAG,20,Haas F1 Team,32.0,4.0,SOFT,2.0,True,16.0,1,87.235,6414.654,6327.419,26.3,30.5,57.0,False,False,False,False,False,False,False,False,False,True,False
MAG,20,Haas F1 Team,33.0,4.0,SOFT,3.0,True,16.0,1,89.175,6503.829,6414.654,26.3,30.4,57.0,False,False,False,False,False,False,False,False,False,True,False
MAG,20,Haas F1 Team,34.0,4.0,SOFT,4.0,True,16.0,1,89.457,6593.286,6503.829,26.3,30.3,57.0,False,False,False,False,False,False,False,False,False,True,False
MAG,20,Haas F1 Team,35.0,4.0,SOFT,5.0,True,16.0,1,89.382,6682.668,6593.286,26.3,30.3,57.0,False,False,False,False,False,False,False,False,False,True,False
MAG,20,Haas F1 Team,36.0,4.0,SOFT,6.0,True,16.0,1,89.176,6771.844,6682.668,26.3,30.3,58.0,False,False,False,False,False,False,False,False,False,True,False
MAG,20,Haas F1 Team,37.0,4.0,SOFT,7.0,True,16.0,1,88.996,6860.84,6771.844,26.2,30.4,58.0,False,False,False,False,False,False,False,False,False,True,False
MAG,20,Haas F1 Team,38.0,4.0,SOFT,8.0,True,16.0,1,88.655,6949.495,6860.84,26.2,30.1,58.0,False,False,False,False,False,False,False,False,False,True,False
MAG,20,Haas F1 Team,39.0,4.0,SOFT,9.0,True,16.0,1,88.842,7038.337,6949.495,26.1,30.2,58.0,False,False,False,False,False,False,False,False,False,True,False
MAG,20,Haas F1 Team,40.0,4.0,SOFT,10.0,True,16.0,1,88.917,7127.254,7038.337,26.1,30.1,58.0,False,False,False,False,False,False,False,False,False,True,False
MAG,20,Haas F1 Team,41.0,4.0,SOFT,11.0,True,16.0,1,88.637,7215.891,7127.254,26.1,30.0,58.0,False,False,False,False,False,False,False,False,False,True,False
MAG,20,Haas F1 Team,42.0,4.0,SOFT,12.0,True,16.0,1,89.086,7304.977,7215.891,26.1,30.1,58.0,False,False,False,False,False,False,False,False,False,True,False
MAG,20,Haas F1 Team,43.0,4.0,SOFT,13.0,True,16.0,1,88.89,7393.867,7304.977,26.1,30.1,58.0,False,False,False,False,False,False,False,False,False,True,False
MAG,20,Haas F1 Team,44.0,4.0,SOFT,14.0,True,16.0,1,91.131,7484.998,7393.867,26.1,30.0,58.0,False,False,False,False,False,False,False,False,False,True,False
MAG,20,Haas F1 Team,45.0,4.0,SOFT,15.0,True,16.0,1,89.632,7574.63,7484.998,26.0,29.8,58.0,False,False,False,False,False,False,False,False,False,True,False
MAG,20,Haas F1 Team,46.0,4.0,SOFT,16.0,True,16.0,1,89.66,7664.29,7574.63,26.0,29.7,59.0,False,False,False,False,False,False,False,False,True,False,False
MAG,20,Haas F1 Team,47.0,4.0,SOFT,17.0,True,16.0,1,90.841,7755.131,7664.29,26.0,29.7,59.0,False,False,False,False,False,False,False,False,False,True,False
MAG,20,Haas F1 Team,48.0,4.0,SOFT,18.0,True,16.0,1,90.029,7845.16,7755.131,26.0,29.6,59.0,False,False,False,False,False,False,False,False,False,True,False
MAG,20,Haas F1 Team,49.0,4.0,SOFT,19.0,True,16.0,1,90.332,7935.492,7845.16,26.0,29.6,59.0,False,False,False,False,False,False,False,False,False,True,False
MAG,20,Haas F1 Team,50.0,4.0,SOFT,20.0,True,16.0,1,91.11,8026.602,7935.492,26.0,29.4,59.0,False,False,False,False,False,False,False,False,False,True,False
MAG,20,Haas F1 Team,51.0,4.0,SOFT,21.0,True,16.0,1,90.043,8116.645,8026.602,25.9,29.4,59.0,False,False,False,False,False,False,False,False,False,True,False
MAG,20,Haas F1 Team,52.0,4.0,SOFT,22.0,True,16.0,1,90.322,8206.967,8116.645,25.9,29.4,59.0,False,False,False,False,False,False,False,False,False,True,False
MAG,20,Haas F1 Team,53.0,4.0,SOFT,23.0,True,16.0,1,90.215,8297.182,8206.967,25.9,29.3,60.0,False,False,False,False,False,False,False,False,False,True,False
MAG,20,Haas F1 Team,54.0,4.0,SOFT,24.0,True,16.0,1,91.204,8388.386,8297.182,25.9,29.3,60.0,False,False,False,False,False,False,False,False,False,True,False
MAG,20,Haas F1 Team,55.0,4.0,SOFT,25.0,True,16.0,1,91.958,8480.344,8388.386,25.9,29.4,60.0,False,True,False,False,True,False,False,False,False,False,False
MAG,20,Haas F1 Team,56.0,5.0,SOFT,4.0,False,16.0,12,112.994,8593.338,8480.344,25.9,29.3,60.0,False,False,True,False,True,False,True,False,False,False,False
MAG,20,Haas F1 Team,57.0,5.0,SOFT,5.0,False,16.0,1,85.637,8678.975,8593.338,25.9,29.3,60.0,False,False,False,False,False,False,False,False,False,True,False
TSU,22,RB,1.0,1.0,MEDIUM,1.0,True,17.0,12,102.007,3510.094,3407.817,27.0,32.2,49.0,False,False,False,False,True,False,True,False,False,False,False
TSU,22,RB,2.0,1.0,MEDIUM,2.0,True,17.0,26,121.592,3631.686,3510.094,26.9,31.8,49.0,False,False,False,False,True,False,True,False,False,False,False
TSU,22,RB,3.0,1.0,MEDIUM,3.0,True,16.0,671,94.821,3726.507,3631.686,26.9,31.8,49.0,False,False,False,False,True,False,True,False,False,False,False
TSU,22,RB,4.0,1.0,MEDIUM,4.0,True,16.0,1,90.115,3816.622,3726.507,26.9,31.9,50.0,False,False,False,False,False,False,False,False,True,False,False
TSU,22,RB,5.0,1.0,MEDIUM,5.0,True,16.0,1,90.343,3906.965,3816.622,26.8,31.8,50.0,False,False,False,False,False,False,False,False,False,True,False
TSU,22,RB,6.0,1.0,MEDIUM,6.0,True,15.0,1,90.747,3997.712,3906.965,26.9,31.8,50.0,False,False,False,False,False,False,False,False,False,True,False
TSU,22,RB,7.0,1.0,MEDIUM,7.0,True,15.0,1,90.436,4088.148,3997.712,26.9,31.9,51.0,False,False,False,False,False,False,False,False,False,True,False
TSU,22,RB,8.0,1.0,MEDIUM,8.0,True,15.0,1,90.392,4178.54,4088.148,26.9,31.5,51.0,False,False,False,False,False,False,False,False,False,True,False
TSU,22,RB,9.0,1.0,MEDIUM,9.0,True,15.0,1,90.656,4269.196,4178.54,26.8,31.7,51.0,False,False,False,False,False,False,False,False,False,True,False
TSU,22,RB,10.0,1.0,MEDIUM,10.0,True,15.0,1,90.79,4359.986,4269.196,26.9,31.7,51.0,False,False,False,False,False,False,False,False,False,True,False
TSU,22,RB,11.0,1.0,MEDIUM,11.0,True,15.0,1,90.835,4450.821,4359.986,26.8,31.5,51.0,False,False,False,False,False,False,False,False,False,True,False
TSU,22,RB,12.0,1.0,MEDIUM,12.0,True,13.0,1,90.675,4541.496,4450.821,26.8,31.6,52.0,False,False,False,False,False,False,False,False,False,True,False
TSU,22,RB,13.0,1.0,MEDIUM,13.0,True,11.0,1,90.727,4632.223,4541.496,26.8,31.5,52.0,False,False,False,False,False,False,False,False,True,False,False
TSU,22,RB,14.0,1.0,MEDIUM,14.0,True,9.0,1,90.916,4723.139,4632.223,26.8,31.3,51.0,False,False,False,False,False,False,False,False,False,True,False
TSU,22,RB,15.0,1.0,MEDIUM,15.0,True,8.0,1,90.686,4813.825,4723.139,26.8,31.3,52.0,False,False,False,False,False,False,False,False,False,True,False
TSU,22,RB,16.0,1.0,MEDIUM,16.0,True,8.0,1,90.714,4904.539,4813.825,26.7,31.3,52.0,False,False,False,False,False,False,False,False,False,True,False
TSU,22,RB,17.0,1.0,MEDIUM,17.0,True,9.0,1,92.003,4996.542,4904.539,26.6,31.2,52.0,False,False,False,False,False,False,False,False,False,True,False
TSU,22,RB,18.0,1.0,MEDIUM,18.0,True,9.0,1,91.196,5087.738,4996.542,26.7,31.3,52.0,False,False,False,False,False,False,False,False,False,True,False
TSU,22,RB,19.0,1.0,MEDIUM,19.0,True,10.0,1,91.681,5179.419,5087.738,26.6,31.4,52.0,False,False,False,False,False,False,False,False,False,True,False
TSU,22,RB,20.0,1.0,MEDIUM,20.0,True,10.0,1,91.265,5270.684,5179.419,26.7,31.3,52.0,False,False,False,False,False,False,False,False,False,True,False
TSU,22,RB,21.0,1.0,MEDIUM,21.0,True,10.0,1,91.218,5361.902,5270.684,26.6,31.3,53.0,False,False,False,False,False,False,False,False,False,True,False
TSU,22,RB,22.0,1.0,MEDIUM,22.0,True,10.0,1,92.597,5454.499,5361.902,26.6,31.0,53.0,False,True,False,False,True,False,False,False,False,False,False
TSU,22,RB,23.0,2.0,HARD,1.0,True,16.0,1,110.323,5564.822,5454.499,26.6,31.1,53.0,False,False,True,False,True,False,False,False,False,False,False
TSU,22,RB,24.0,2.0,HARD,2.0,True,15.0,1,89.905,5654.727,5564.822,26.5,30.9,54.0,False,False,False,False,False,False,False,False,False,True,False
TSU,22,RB,25.0,2.0,HARD,3.0,True,15.0,1,89.911,5744.638,5654.727,26.5,30.9,54.0,False,False,False,False,False,False,False,False,False,True,False
TSU,22,RB,26.0,2.0,HARD,4.0,True,15.0,1,89.863,5834.501,5744.638,26.5,30.8,54.0,False,False,False,False,False,False,False,False,False,True,False
TSU,22,RB,27.0,2.0,HARD,5.0,True,15.0,1,89.703,5924.204,5834.501,26.4,30.8,55.0,False,False,False,False,False,False,False,False,False,True,False
TSU,22,RB,28.0,2.0,HARD,6.0,True,15.0,1,89.775,6013.979,5924.204,26.4,30.8,55.0,False,False,False,False,False,False,False,False,True,False,False
TSU,22,RB,29.0,2.0,HARD,7.0,True,15.0,1,89.582,6103.561,6013.979,26.4,30.8,55.0,False,False,False,False,False,False,False,False,False,True,False
TSU,22,RB,30.0,2.0,HARD,8.0,True,14.0,12,89.511,6193.072,6103.561,26.4,30.6,56.0,False,False,False,False,False,False,True,False,False,False,False
TSU,22,RB,31.0,2.0,HARD,9.0,True,14.0,1,89.757,6282.829,6193.072,26.4,30.5,56.0,False,False,False,False,False,False,False,False,False,True,False
TSU,22,RB,32.0,2.0,HARD,10.0,True,14.0,1,89.904,6372.733,6282.829,26.3,30.5,57.0,False,False,False,False,False,False,False,False,False,True,False
TSU,22,RB,33.0,2.0,HARD,11.0,True,12.0,1,89.741,6462.474,6372.733,26.3,30.6,57.0,False,False,False,False,False,False,False,False,False,True,False
TSU,22,RB,34.0,2.0,HARD,12.0,True,12.0,1,89.566,6552.04,6462.474,26.3,30.3,57.0,False,False,False,False,False,False,False,False,False,True,False
TSU,22,RB,35.0,2.0,HARD,13.0,True,12.0,1,89.49,6641.53,6552.04,26.3,30.4,57.0,False,False,False,False,False,False,False,False,False,True,False
TSU,22,RB,36.0,2.0,HARD,14.0,True,12.0,1,89.335,6730.865,6641.53,26.3,30.3,58.0,False,False,False,False,False,False,False,False,False,True,False
TSU,22,RB,37.0,2.0,HARD,15.0,True,12.0,1,89.626,6820.491,6730.865,26.3,30.3,58.0,False,False,False,False,False,False,False,False,False,True,False
TSU,22,RB,38.0,2.0,HARD,16.0,True,11.0,1,89.462,6909.953,6820.491,26.2,30.1,58.0,False,False,False,False,False,False,False,False,False,True,False
TSU,22,RB,39.0,2.0,HARD,17.0,True,11.0,1,89.26,6999.213,6909.953,26.2,30.2,58.0,False,False,False,False,False,False,False,False,False,True,False
TSU,22,RB,40.0,2.0,HARD,18.0,True,10.0,1,89.567,7088.78,6999.213,26.1,30.1,58.0,False,False,False,False,False,False,False,False,False,True,False
TSU,22,RB,41.0,2.0,HARD,19.0,True,10.0,1,89.2,7177.98,7088.78,26.2,30.2,58.0,False,False,False,False,False,False,False,False,False,True,False
TSU,22,RB,42.0,2.0,HARD,20.0,True,10.0,1,89.348,7267.328,7177.98,26.1,30.1,58.0,False,False,False,False,False,False,False,False,False,True,False
TSU,22,RB,43.0,2.0,HARD,21.0,True,10.0,1,89.412,7356.74,7267.328,26.1,30.1,58.0,False,False,False,False,False,False,False,False,False,True,False
TSU,22,RB,44.0,2.0,HARD,22.0,True,10.0,1,89.432,7446.172,7356.74,26.1,30.0,58.0,False,False,False,False,False,False,False,False,False,True,False
TSU,22,RB,45.0,2.0,HARD,23.0,True,11.0,1,90.557,7536.729,7446.172,26.1,30.0,58.0,False,False,False,False,False,False,False,False,False,True,False
TSU,22,RB,46.0,2.0,HARD,24.0,True,11.0,1,89.8,7626.529,7536.729,26.0,29.7,59.0,False,False,False,False,False,False,False,False,False,True,False
TSU,22,RB,47.0,2.0,HARD,25.0,True,11.0,1,89.505,7716.034,7626.529,26.0,29.7,59.0,False,False,False,False,False,False,False,False,False,True,False
TSU,22,RB,48.0,2.0,HARD,26.0,True,12.0,1,90.439,7806.473,7716.034,26.0,29.6,59.0,False,False,False,False,False,False,False,False,False,True,False
TSU,22,RB,49.0,2.0,HARD,27.0,True,12.0,1,89.671,7896.144,7806.473,26.0,29.5,59.0,False,False,False,False,False,False,False,False,False,True,False
TSU,22,RB,50.0,2.0,HARD,28.0,True,12.0,1,91.091,7987.235,7896.144,26.0,29.4,59.0,False,False,False,False,False,False,False,False,False,True,False
TSU,22,RB,51.0,2.0,HARD,29.0,True,12.0,1,89.772,8077.007,7987.235,25.9,29.4,59.0,False,False,False,False,False,False,False,False,False,True,False
TSU,22,RB,52.0,2.0,HARD,30.0,True,12.0,1,89.308,8166.315,8077.007,25.9,29.4,59.0,False,False,False,False,False,False,False,False,False,True,False
TSU,22,RB,53.0,2.0,HARD,31.0,True,12.0,1,91.043,8257.358,8166.315,25.9,29.4,60.0,False,False,False,False,False,False,False,False,False,True,False
TSU,22,RB,54.0,2.0,HARD,32.0,True,12.0,1,89.543,8346.901,8257.358,25.9,29.3,60.0,False,False,False,False,False,False,False,False,False,True,False
TSU,22,RB,55.0,2.0,HARD,33.0,True,13.0,1,90.255,8437.156,8346.901,25.9,29.4,60.0,False,False,False,False,False,False,False,False,False,True,False
TSU,22,RB,56.0,2.0,HARD,34.0,True,13.0,1,89.429,8526.585,8437.156,25.9,29.4,60.0,False,False,False,False,False,False,False,False,False,True,False
TSU,22,RB,57.0,2.0,HARD,35.0,True,13.0,12,89.531,8616.116,8526.585,25.9,29.3,60.0,False,False,False,False,False,False,True,False,False,False,False
ALB,23,Williams,1.0,1.0,MEDIUM,1.0,True,15.0,12,101.19,3509.277,3407.817,27.0,32.2,49.0,False,False,False,False,True,False,True,False,False,False,False
ALB,23,Williams,2.0,1.0,MEDIUM,2.0,True,15.0,26,120.191,3629.468,3509.277,26.9,31.8,49.0,False,False,False,False,True,False,True,False,False,False,False
ALB,23,Williams,3.0,1.0,MEDIUM,3.0,True,15.0,671,95.776,3725.244,3629.468,26.9,31.8,49.0,False,False,False,False,True,False,True,False,False,False,False
ALB,23,Williams,4.0,1.0,MEDIUM,4.0,True,15.0,1,90.06,3815.304,3725.244,26.9,31.9,50.0,False,False,False,False,False,False,False,False,False,True,False
ALB,23,Williams,5.0,1.0,MEDIUM,5.0,True,15.0,1,90.369,3905.673,3815.304,26.8,31.8,50.0,False,False,False,False,False,False,False,False,False,True,False
ALB,23,Williams,6.0,1.0,MEDIUM,6.0,True,14.0,1,90.815,3996.488,3905.673,26.9,31.8,50.0,False,False,False,False,False,False,False,False,False,True,False
ALB,23,Williams,7.0,1.0,MEDIUM,7.0,True,14.0,1,90.317,4086.805,3996.488,26.9,31.9,51.0,False,False,False,False,False,False,False,False,False,True,False
ALB,23,Williams,8.0,1.0,MEDIUM,8.0,True,14.0,1,90.705,4177.51,4086.805,26.9,31.5,51.0,False,False,False,False,False,False,False,False,False,True,False
ALB,23,Williams,9.0,1.0,MEDIUM,9.0,True,14.0,1,90.469,4267.979,4177.51,26.8,31.7,51.0,False,False,False,False,False,False,False,False,False,True,False
ALB,23,Williams,10.0,1.0,MEDIUM,10.0,True,14.0,1,90.748,4358.727,4267.979,26.9,31.7,51.0,False,False,False,False,False,False,False,False,False,True,False
ALB,23,Williams,11.0,1.0,MEDIUM,11.0,True,14.0,1,90.758,4449.485,4358.727,26.8,31.5,51.0,False,False,False,False,False,False,False,False,False,True,False
ALB,23,Williams,12.0,1.0,MEDIUM,12.0,True,14.0,1,92.201,4541.686,4449.485,26.8,31.6,52.0,False,True,False,False,True,False,False,False,False,False,False
ALB,23,Williams,13.0,2.0,HARD,1.0,True,16.0,1,109.973,4651.659,4541.686,26.8,31.5,52.0,False,False,True,False,True,False,False,False,False,False,False
ALB,23,Williams,14.0,2.0,HARD,2.0,True,16.0,1,89.897,4741.556,4651.659,26.8,31.3,52.0,False,False,False,False,False,False,False,False,False,True,False
ALB,23,Williams,15.0,2.0,HARD,3.0,True,16.0,1,89.994,4831.55,4741.556,26.8,31.3,52.0,False,False,False,False,False,False,False,False,False,True,False
ALB,23,Williams,16.0,2.0,HARD,4.0,True,16.0,1,89.927,4921.477,4831.55,26.7,31.2,52.0,False,False,False,False,False,False,False,False,False,True,False
ALB,23,Williams,17.0,2.0,HARD,5.0,True,16.0,1,89.711,5011.188,4921.477,26.6,31.2,52.0,False,False,False,False,False,False,False,False,False,True,False
ALB,23,Williams,18.0,2.0,HARD,6.0,True,16.0,1,89.854,5101.042,5011.188,26.7,31.3,52.0,False,False,False,False,False,False,False,False,False,True,False
ALB,23,Williams,19.0,2.0,HARD,7.0,True,16.0,1,90.012,5191.054,5101.042,26.6,31.4,52.0,False,False,False,False,False,False,False,False,False,True,False
ALB,23,Williams,20.0,2.0,HARD,8.0,True,16.0,1,90.183,5281.237,5191.054,26.6,31.2,53.0,False,False,False,False,False,False,False,False,False,True,False
ALB,23,Williams,21.0,2.0,HARD,9.0,True,16.0,1,90.23,5371.467,5281.237,26.6,31.3,53.0,False,False,False,False,False,False,False,False,False,True,False
ALB,23,Williams,22.0,2.0,HARD,10.0,True,16.0,1,90.183,5461.65,5371.467,26.5,31.0,53.0,False,False,False,False,False,False,False,False,False,True,False
ALB,23,Williams,23.0,2.0,HARD,11.0,True,14.0,1,89.987,5551.637,5461.65,26.6,31.1,53.0,False,False,False,False,False,False,False,False,False,True,False
ALB,23,Williams,24.0,2.0,HARD,12.0,True,13.0,1,89.99,5641.627,5551.637,26.5,30.9,54.0,False,False,False,False,False,False,False,False,True,False,False
ALB,23,Williams,25.0,2.0,HARD,13.0,True,13.0,1,90.095,5731.722,5641.627,26.5,30.9,54.0,False,False,False,False,False,False,False,False,False,True,False
ALB,23,Williams,26.0,2.0,HARD,14.0,True,13.0,1,90.197,5821.919,5731.722,26.5,30.8,54.0,False,False,False,False,False,False,False,False,False,True,False
ALB,23,Williams,27.0,2.0,HARD,15.0,True,13.0,1,90.326,5912.245,5821.919,26.4,30.8,55.0,False,False,False,False,False,False,False,False,False,True,False
ALB,23,Williams,28.0,2.0,HARD,16.0,True,13.0,1,90.058,6002.303,5912.245,26.4,30.8,55.0,False,False,False,False,False,False,False,False,False,True,False
ALB,23,Williams,29.0,2.0,HARD,17.0,True,12.0,1,90.082,6092.385,6002.303,26.4,30.8,55.0,False,False,False,False,False,False,False,False,False,True,False
ALB,23,Williams,30.0,2.0,HARD,18.0,True,12.0,12,89.835,6182.22,6092.385,26.4,30.6,56.0,False,False,False,False,False,False,True,False,False,False,False
ALB,23,Williams,31.0,2.0,HARD,19.0,True,12.0,1,90.108,6272.328,6182.22,26.4,30.5,56.0,False,False,False,False,False,False,False,False,False,True,False
ALB,23,Williams,32.0,2.0,HARD,20.0,True,11.0,1,89.837,6362.165,6272.328,26.3,30.5,57.0,False,False,False,False,False,False,False,False,False,True,False
ALB,23,Williams,33.0,2.0,HARD,21.0,True,10.0,1,89.712,6451.877,6362.165,26.3,30.6,57.0,False,False,False,False,False,False,False,False,False,True,False
ALB,23,Williams,34.0,2.0,HARD,22.0,True,10.0,1,89.768,6541.645,6451.877,26.3,30.3,57.0,False,False,False,False,False,False,False,False,False,True,False
ALB,23,Williams,35.0,2.0,HARD,23.0,True,10.0,1,89.683,6631.328,6541.645,26.3,30.4,57.0,False,False,False,False,False,False,False,False,False,True,False
ALB,23,Williams,36.0,2.0,HARD,24.0,True,10.0,1,89.539,6720.867,6631.328,26.3,30.3,58.0,False,False,False,False,False,False,False,False,False,True,False
ALB,23,Williams,37.0,2.0,HARD,25.0,True,10.0,1,89.576,6810.443,6720.867,26.3,30.3,58.0,False,False,False,False,False,False,False,False,False,True,False
ALB,23,Williams,38.0,2.0,HARD,26.0,True,9.0,1,89.589,6900.032,6810.443,26.2,30.1,58.0,False,False,False,False,False,False,False,False,False,True,False
ALB,23,Williams,39.0,2.0,HARD,27.0,True,9.0,1,89.536,6989.568,6900.032,26.2,30.2,58.0,False,False,False,False,False,False,False,False,False,True,False
ALB,23,Williams,40.0,2.0,HARD,28.0,True,9.0,1,89.549,7079.117,6989.568,26.1,30.1,58.0,False,False,False,False,False,False,False,False,False,True,False
ALB,23,Williams,41.0,2.0,HARD,29.0,True,9.0,1,89.471,7168.588,7079.117,26.2,30.2,58.0,False,False,False,False,False,False,False,False,False,True,False
ALB,23,Williams,42.0,2.0,HARD,30.0,True,9.0,1,89.615,7258.203,7168.588,26.1,30.1,58.0,False,False,False,False,False,False,False,False,False,True,False
ALB,23,Williams,43.0,2.0,HARD,31.0,True,9.0,1,89.696,7347.899,7258.203,26.1,30.1,58.0,False,False,False,False,False,False,False,False,False,True,False
ALB,23,Williams,44.0,2.0,HARD,32.0,True,9.0,1,89.622,7437.521,7347.899,26.1,30.0,58.0,False,False,False,False,False,False,False,False,False,True,False
ALB,23,Williams,45.0,2.0,HARD,33.0,True,9.0,1,89.475,7526.996,7437.521,26.1,30.0,58.0,False,False,False,False,False,False,False,False,False,True,False
ALB,23,Williams,46.0,2.0,HARD,34.0,True,9.0,1,89.438,7616.434,7526.996,26.0,29.8,58.0,False,False,False,False,False,False,False,False,False,True,False
ALB,23,Williams,47.0,2.0,HARD,35.0,True,9.0,1,89.471,7705.905,7616.434,26.0,29.7,59.0,False,False,False,False,False,False,False,False,False,True,False
ALB,23,Williams,48.0,2.0,HARD,36.0,True,9.0,1,90.058,7795.963,7705.905,26.0,29.7,59.0,False,False,False,False,False,False,False,False,False,True,False
ALB,23,Williams,49.0,2.0,HARD,37.0,True,9.0,1,89.944,7885.907,7795.963,26.0,29.5,59.0,False,False,False,False,False,False,False,False,False,True,False
ALB,23,Williams,50.0,2.0,HARD,38.0,True,9.0,1,89.699,7975.606,7885.907,26.0,29.6,59.0,False,False,False,False,False,False,False,False,False,True,False
ALB,23,Williams,51.0,2.0,HARD,39.0,True,10.0,1,90.973,8066.579,7975.606,25.9,29.4,59.0,False,False,False,False,False,False,False,False,False,True,False
ALB,23,Williams,52.0,2.0,HARD,40.0,True,10.0,1,90.136,8156.715,8066.579,25.9,29.4,59.0,False,False,False,False,False,False,False,False,False,True,False
ALB,23,Williams,53.0,2.0,HARD,41.0,True,11.0,1,91.212,8247.927,8156.715,25.9,29.4,60.0,False,False,False,False,False,False,False,False,False,True,False
ALB,23,Williams,54.0,2.0,HARD,42.0,True,11.0,1,91.529,8339.456,8247.927,25.9,29.3,60.0,False,False,False,False,False,False,False,False,False,True,False
ALB,23,Williams,55.0,2.0,HARD,43.0,True,11.0,1,90.406,8429.862,8339.456,25.9,29.4,60.0,False,False,False,False,False,False,False,False,False,True,False
ALB,23,Williams,56.0,2.0,HARD,44.0,True,11.0,1,91.909,8521.771,8429.862,25.9,29.4,60.0,False,False,False,False,False,False,False,False,False,True,False
ALB,23,Williams,57.0,2.0,HARD,45.0,True,11.0,12,90.858,8612.629,8521.771,25.9,29.3,60.0,False,False,False,False,False,False,True,False,False,False,False
ZHO,24,Kick Sauber,1.0,1.0,MEDIUM,1.0,True,14.0,12,100.718,3508.805,3407.817,27.0,32.2,49.0,False,False,False,False,True,False,True,False,False,False,False
ZHO,24,Kick Sauber,2.0,1.0,MEDIUM,2.0,True,14.0,26,119.827,3628.632,3508.805,26.9,31.8,49.0,False,False,False,False,True,False,True,False,False,False,False
ZHO,24,Kick Sauber,3.0,1.0,MEDIUM,3.0,True,14.0,671,95.927,3724.559,3628.632,26.9,31.8,49.0,False,False,False,False,True,False,True,False,False,False,False
ZHO,24,Kick Sauber,4.0,1.0,MEDIUM,4.0,True,14.0,1,89.966,3814.525,3724.559,26.9,31.9,50.0,False,False,False,False,False,False,False,False,False,True,False
ZHO,24,Kick Sauber,5.0,1.0,MEDIUM,5.0,True,14.0,1,90.462,3904.987,3814.525,26.8,31.8,50.0,False,False,False,False,False,False,False,False,False,True,False
ZHO,24,Kick Sauber,6.0,1.0,MEDIUM,6.0,True,13.0,1,89.914,3994.901,3904.987,26.9,31.8,50.0,False,False,False,False,False,False,False,False,False,True,False
ZHO,24,Kick Sauber,7.0,1.0,MEDIUM,7.0,True,13.0,1,90.541,4085.442,3994.901,26.9,31.9,51.0,False,False,False,False,False,False,False,False,False,True,False
ZHO,24,Kick Sauber,8.0,1.0,MEDIUM,8.0,True,13.0,1,90.298,4175.74,4085.442,26.9,31.5,51.0,False,False,False,False,False,False,False,False,False,True,False
ZHO,24,Kick Sauber,9.0,1.0,MEDIUM,9.0,True,13.0,1,90.42,4266.16,4175.74,26.8,31.7,51.0,False,False,False,False,False,False,False,False,False,True,False
ZHO,24,Kick Sauber,10.0,1.0,MEDIUM,10.0,True,13.0,1,90.523,4356.683,4266.16,26.9,31.7,51.0,False,False,False,False,False,False,False,False,False,True,False
ZHO,24,Kick Sauber,11.0,1.0,MEDIUM,11.0,True,13.0,1,90.808,4447.491,4356.683,26.8,31.5,51.0,False,False,False,False,False,False,False,False,False,True,False
ZHO,24,Kick Sauber,12.0,1.0,MEDIUM,12.0,True,12.0,1,92.863,4540.354,4447.491,26.8,31.6,52.0,False,True,False,False,True,False,False,False,False,False,False
ZHO,24,Kick Sauber,13.0,2.0,HARD,1.0,True,17.0,1,112.329,4652.683,4540.354,26.8,31.5,52.0,False,False,True,False,True,False,False,False,False,False,False
ZHO,24,Kick Sauber,14.0,2.0,HARD,2.0,True,17.0,1,90.128,4742.811,4652.683,26.8,31.3,52.0,False,False,False,False,False,False,False,False,False,True,False
ZHO,24,Kick Sauber,15.0,2.0,HARD,3.0,True,17.0,1,90.086,4832.897,4742.811,26.8,31.3,52.0,False,False,False,False,False,False,False,False,False,True,False
ZHO,24,Kick Sauber,16.0,2.0,HARD,4.0,True,17.0,1,90.136,4923.033,4832.897,26.7,31.2,52.0,False,False,False,False,False,False,False,False,False,True,False
ZHO,24,Kick Sauber,17.0,2.0,HARD,5.0,True,17.0,1,90.264,5013.297,4923.033,26.6,31.2,52.0,False,False,False,False,False,False,False,False,False,True,False
ZHO,24,Kick Sauber,18.0,2.0,HARD,6.0,True,17.0,1,90.04,5103.337,5013.297,26.7,31.3,52.0,False,False,False,False,False,False,False,False,False,True,False
ZHO,24,Kick Sauber,19.0,2.0,HARD,7.0,True,17.0,1,90.017,5193.354,5103.337,26.6,31.4,52.0,False,False,False,False,False,False,False,False,False,True,False
ZHO,24,Kick Sauber,20.0,2.0,HARD,8.0,True,17.0,1,89.984,5283.338,5193.354,26.6,31.2,53.0,False,False,False,False,False,False,False,False,False,True,False
ZHO,24,Kick Sauber,21.0,2.0,HARD,9.0,True,17.0,1,89.928,5373.266,5283.338,26.6,31.3,53.0,False,False,False,False,False,False,False,False,False,True,False
ZHO,24,Kick Sauber,22.0,2.0,HARD,10.0,True,17.0,1,90.298,5463.564,5373.266,26.5,31.0,53.0,False,False,False,False,False,False,False,False,False,True,False
ZHO,24,Kick Sauber,23.0,2.0,HARD,11.0,True,15.0,1,89.946,5553.51,5463.564,26.6,31.1,53.0,False,False,False,False,False,False,False,False,False,True,False
ZHO,24,Kick Sauber,24.0,2.0,HARD,12.0,True,14.0,1,89.935,5643.445,5553.51,26.5,30.9,54.0,False,False,False,False,False,False,False,False,False,True,False
ZHO,24,Kick Sauber,25.0,2.0,HARD,13.0,True,14.0,1,90.31,5733.755,5643.445,26.5,30.9,54.0,False,False,False,False,False,False,False,False,False,True,False
ZHO,24,Kick Sauber,26.0,2.0,HARD,14.0,True,14.0,1,90.126,5823.881,5733.755,26.5,30.8,54.0,False,False,False,False,False,False,False,False,False,True,False
ZHO,24,Kick Sauber,27.0,2.0,HARD,15.0,True,14.0,1,90.238,5914.119,5823.881,26.4,30.8,55.0,False,False,False,False,False,False,False,False,False,True,False
ZHO,24,Kick Sauber,28.0,2.0,HARD,16.0,True,14.0,1,90.148,6004.267,5914.119,26.4,30.8,55.0,False,False,False,False,False,False,False,False,False,True,False
ZHO,24,Kick Sauber,29.0,2.0,HARD,17.0,True,14.0,1,90.244,6094.511,6004.267,26.4,30.8,55.0,False,False,False,False,False,False,False,False,False,True,False
ZHO,24,Kick Sauber,30.0,2.0,HARD,18.0,True,13.0,12,90.241,6184.752,6094.511,26.4,30.6,56.0,False,False,False,False,False,False,True,False,False,False,False
ZHO,24,Kick Sauber,31.0,2.0,HARD,19.0,True,13.0,1,90.609,6275.361,6184.752,26.4,30.5,56.0,False,False,False,False,False,False,False,False,False,True,False
ZHO,24,Kick Sauber,32.0,2.0,HARD,20.0,True,13.0,1,90.212,6365.573,6275.361,26.3,30.5,57.0,False,False,False,False,False,False,False,False,False,True,False
ZHO,24,Kick Sauber,33.0,2.0,HARD,21.0,True,11.0,1,90.014,6455.587,6365.573,26.3,30.6,57.0,False,False,False,False,False,False,False,False,False,True,False
ZHO,24,Kick Sauber,34.0,2.0,HARD,22.0,True,11.0,1,89.912,6545.499,6455.587,26.3,30.3,57.0,False,False,False,False,False,False,False,False,False,True,False
ZHO,24,Kick Sauber,35.0,2.0,HARD,23.0,True,11.0,1,89.834,6635.333,6545.499,26.3,30.4,57.0,False,False,False,False,False,False,False,False,False,True,False
ZHO,24,Kick Sauber,36.0,2.0,HARD,24.0,True,11.0,1,89.753,6725.086,6635.333,26.3,30.3,58.0,False,False,False,False,False,False,False,False,False,True,False
ZHO,24,Kick Sauber,37.0,2.0,HARD,25.0,True,11.0,1,89.708,6814.794,6725.086,26.3,30.3,58.0,False,False,False,False,False,False,False,False,False,True,False
ZHO,24,Kick Sauber,38.0,2.0,HARD,26.0,True,10.0,1,89.736,6904.53,6814.794,26.2,30.1,58.0,False,False,False,False,False,False,False,False,False,True,False
ZHO,24,Kick Sauber,39.0,2.0,HARD,27.0,True,10.0,1,91.75,6996.28,6904.53,26.2,30.2,58.0,False,True,False,False,True,False,False,False,False,False,False
ZHO,24,Kick Sauber,40.0,3.0,HARD,1.0,True,15.0,1,116.496,7112.776,6996.28,26.1,30.1,58.0,False,False,True,False,True,False,False,False,False,False,False
ZHO,24,Kick Sauber,41.0,3.0,HARD,2.0,True,15.0,1,88.255,7201.031,7112.776,26.1,30.0,58.0,False,False,False,False,False,False,False,False,False,True,False
ZHO,24,Kick Sauber,42.0,3.0,HARD,3.0,True,15.0,1,88.303,7289.334,7201.031,26.1,30.1,58.0,False,False,False,False,False,False,False,False,False,True,False
ZHO,24,Kick Sauber,43.0,3.0,HARD,4.0,True,15.0,1,88.69,7378.024,7289.334,26.1,30.1,58.0,False,False,False,False,False,False,False,False,False,True,False
ZHO,24,Kick Sauber,44.0,3.0,HARD,5.0,True,15.0,1,88.678,7466.702,7378.024,26.1,30.0,58.0,False,False,False,False,False,False,False,False,False,True,False
ZHO,24,Kick Sauber,45.0,3.0,HARD,6.0,True,15.0,1,88.689,7555.391,7466.702,26.1,30.0,58.0,False,False,False,False,False,False,False,False,False,True,False
ZHO,24,Kick Sauber,46.0,3.0,HARD,7.0,True,15.0,1,88.862,7644.253,7555.391,26.0,29.7,59.0,False,False,False,False,False,False,False,False,False,True,False
ZHO,24,Kick Sauber,47.0,3.0,HARD,8.0,True,15.0,1,88.682,7732.935,7644.253,26.0,29.7,59.0,False,False,False,False,False,False,False,False,False,True,False
ZHO,24,Kick Sauber,48.0,3.0,HARD,9.0,True,15.0,1,88.619,7821.554,7732.935,26.0,29.6,59.0,False,False,False,False,False,False,False,False,False,True,False
ZHO,24,Kick Sauber,49.0,3.0,HARD,10.0,True,15.0,1,89.096,7910.65,7821.554,26.0,29.5,59.0,False,False,False,False,False,False,False,False,False,True,False
ZHO,24,Kick Sauber,50.0,3.0,HARD,11.0,True,15.0,1,90.162,8000.812,7910.65,26.0,29.4,59.0,False,False,False,False,False,False,False,False,False,True,False
ZHO,24,Kick Sauber,51.0,3.0,HARD,12.0,True,14.0,1,88.732,8089.544,8000.812,25.9,29.4,59.0,False,False,False,False,False,False,False,False,False,True,False
ZHO,24,Kick Sauber,52.0,3.0,HARD,13.0,True,14.0,1,88.23,8177.774,8089.544,25.9,29.4,59.0,False,False,False,False,False,False,False,False,False,True,False
ZHO,24,Kick Sauber,53.0,3.0,HARD,14.0,True,14.0,1,88.483,8266.257,8177.774,25.9,29.4,60.0,False,False,False,False,False,False,False,False,False,True,False
ZHO,24,Kick Sauber,54.0,3.0,HARD,15.0,True,14.0,1,88.022,8354.279,8266.257,25.9,29.3,60.0,False,False,False,False,False,False,False,False,False,True,False
ZHO,24,Kick Sauber,55.0,3.0,HARD,16.0,True,14.0,1,88.047,8442.326,8354.279,25.9,29.4,60.0,False,False,False,False,False,False,False,False,False,True,False
ZHO,24,Kick Sauber,56.0,3.0,HARD,17.0,True,14.0,12,87.982,8530.308,8442.326,25.9,29.4,60.0,False,False,False,False,False,False,True,False,False,False,False
ZHO,24,Kick Sauber,57.0,3.0,HARD,18.0,True,14.0,21,88.374,8618.682,8530.308,25.9,29.3,60.0,False,False,False,False,False,False,True,False,False,False,False
HUL,27,Haas F1 Team,1.0,1.0,MEDIUM,1.0,True,5.0,12,95.498,3503.585,3407.817,27.0,32.2,49.0,False,False,False,False,True,False,True,False,False,False,False
HUL,27,Haas F1 Team,2.0,1.0,MEDIUM,2.0,True,5.0,126,109.887,3613.472,3503.585,26.9,31.8,49.0,False,False,False,False,True,False,True,False,False,False,False
HUL,27,Haas F1 Team,3.0,1.0,MEDIUM,3.0,True,5.0,671,102.689,3716.161,3613.472,27.0,31.8,49.0,False,False,False,False,True,False,True,False,False,False,False
HUL,27,Haas F1 Team,4.0,1.0,MEDIUM,4.0,True,5.0,1,89.348,3805.509,3716.161,26.9,31.9,50.0,False,False,False,False,False,False,False,False,False,True,False
HUL,27,Haas F1 Team,5.0,1.0,MEDIUM,5.0,True,5.0,1,89.968,3895.477,3805.509,26.9,31.7,50.0,False,False,False,False,False,False,False,False,False,True,False
HUL,27,Haas F1 Team,6.0,1.0,MEDIUM,6.0,True,5.0,1,89.787,3985.264,3895.477,26.9,31.8,50.0,False,False,False,False,False,False,False,False,False,True,False
HUL,27,Haas F1 Team,7.0,1.0,MEDIUM,7.0,True,5.0,1,89.76,4075.024,3985.264,26.8,31.8,50.0,False,False,False,False,False,False,False,False,False,True,False
HUL,27,Haas F1 Team,8.0,1.0,MEDIUM,8.0,True,5.0,1,90.089,4165.113,4075.024,26.9,31.5,51.0,False,False,False,False,False,False,False,False,False,True,False
HUL,27,Haas F1 Team,9.0,1.0,MEDIUM,9.0,True,5.0,1,89.959,4255.072,4165.113,26.8,31.6,51.0,False,False,False,False,False,False,False,False,False,True,False
HUL,27,Haas F1 Team,10.0,1.0,MEDIUM,10.0,True,5.0,1,90.401,4345.473,4255.072,26.9,31.7,51.0,False,False,False,False,False,False,False,False,False,True,False
HUL,27,Haas F1 Team,11.0,1.0,MEDIUM,11.0,True,5.0,1,90.744,4436.217,4345.473,26.9,31.2,51.0,False,False,False,False,False,False,False,False,False,True,False
HUL,27,Haas F1 Team,12.0,1.0,MEDIUM,12.0,True,6.0,1,91.288,4527.505,4436.217,26.8,31.6,52.0,False,False,False,False,False,False,False,False,False,True,False
HUL,27,Haas F1 Team,13.0,1.0,MEDIUM,13.0,True,7.0,1,92.49,4619.995,4527.505,26.8,31.5,52.0,False,True,False,False,True,False,False,False,False,False,False
HUL,27,Haas F1 Team,14.0,2.0,HARD,1.0,True,11.0,1,109.649,4729.644,4619.995,26.8,31.3,51.0,False,False,True,False,True,False,False,False,False,False,False
HUL,27,Haas F1 Team,15.0,2.0,HARD,2.0,True,11.0,1,89.786,4819.43,4729.644,26.8,31.3,52.0,False,False,False,False,False,False,False,False,False,True,False
HUL,27,Haas F1 Team,16.0,2.0,HARD,3.0,True,11.0,1,89.985,4909.415,4819.43,26.7,31.3,52.0,False,False,False,False,False,False,False,False,False,True,False
HUL,27,Haas F1 Team,17.0,2.0,HARD,4.0,True,10.0,1,89.152,4998.567,4909.415,26.6,31.2,52.0,False,False,False,False,False,False,False,False,False,True,False
HUL,27,Haas F1 Team,18.0,2.0,HARD,5.0,True,10.0,1,89.806,5088.373,4998.567,26.7,31.3,52.0,False,False,False,False,False,False,False,False,False,True,False
HUL,27,Haas F1 Team,19.0,2.0,HARD,6.0,True,9.0,1,89.496,5177.869,5088.373,26.6,31.4,52.0,False,False,False,False,False,False,False,False,False,True,False
HUL,27,Haas F1 Team,20.0,2.0,HARD,7.0,True,9.0,1,89.872,5267.741,5177.869,26.7,31.3,52.0,False,False,False,False,False,False,False,False,False,True,False
HUL,27,Haas F1 Team,21.0,2.0,HARD,8.0,True,9.0,1,89.891,5357.632,5267.741,26.6,31.3,53.0,False,False,False,False,False,False,False,False,False,True,False
HUL,27,Haas F1 Team,22.0,2.0,HARD,9.0,True,9.0,1,90.1,5447.732,5357.632,26.6,31.0,53.0,False,False,False,False,False,False,False,False,False,True,False
HUL,27,Haas F1 Team,23.0,2.0,HARD,10.0,True,8.0,1,89.987,5537.719,5447.732,26.6,31.1,53.0,False,False,False,False,False,False,False,False,False,True,False
HUL,27,Haas F1 Team,24.0,2.0,HARD,11.0,True,8.0,1,90.006,5627.725,5537.719,26.5,31.1,53.0,False,False,False,False,False,False,False,False,False,True,False
HUL,27,Haas F1 Team,25.0,2.0,HARD,12.0,True,8.0,1,90.113,5717.838,5627.725,26.5,30.9,54.0,False,False,False,False,False,False,False,False,False,True,False
HUL,27,Haas F1 Team,26.0,2.0,HARD,13.0,True,8.0,1,89.715,5807.553,5717.838,26.5,30.9,54.0,False,False,False,False,False,False,False,False,False,True,False
HUL,27,Haas F1 Team,27.0,2.0,HARD,14.0,True,8.0,1,89.808,5897.361,5807.553,26.4,30.8,55.0,False,False,False,False,False,False,False,False,False,True,False
HUL,27,Haas F1 Team,28.0,2.0,HARD,15.0,True,8.0,1,89.572,5986.933,5897.361,26.4,30.7,55.0,False,False,False,False,False,False,False,False,False,True,False
HUL,27,Haas F1 Team,29.0,2.0,HARD,16.0,True,8.0,1,89.784,6076.717,5986.933,26.4,30.8,55.0,False,False,False,False,False,False,False,False,False,True,False
HUL,27,Haas F1 Team,30.0,2.0,HARD,17.0,True,7.0,12,89.322,6166.039,6076.717,26.4,30.8,56.0,False,False,False,False,False,False,True,False,False,False,False
HUL,27,Haas F1 Team,31.0,2.0,HARD,18.0,True,7.0,21,89.727,6255.766,6166.039,26.4,30.5,56.0,False,False,False,False,False,False,True,False,False,False,False
HUL,27,Haas F1 Team,32.0,2.0,HARD,19.0,True,7.0,1,89.676,6345.442,6255.766,26.4,30.5,56.0,False,False,False,False,False,False,False,False,False,True,False
HUL,27,Haas F1 Team,33.0,2.0,HARD,20.0,True,7.0,1,89.331,6434.773,6345.442,26.3,30.6,57.0,False,False,False,False,False,False,False,False,False,True,False
HUL,27,Haas F1 Team,34.0,2.0,HARD,21.0,True,7.0,1,89.535,6524.308,6434.773,26.3,30.4,57.0,False,False,False,False,False,False,False,False,False,True,False
HUL,27,Haas F1 Team,35.0,2.0,HARD,22.0,True,6.0,1,89.358,6613.666,6524.308,26.3,30.4,57.0,False,False,False,False,False,False,False,False,False,True,False
HUL,27,Haas F1 Team,36.0,2.0,HARD,23.0,True,6.0,1,89.457,6703.123,6613.666,26.3,30.3,57.0,False,False,False,False,False,False,False,False,False,True,False
HUL,27,Haas F1 Team,37.0,2.0,HARD,24.0,True,6.0,1,89.277,6792.4,6703.123,26.3,30.3,58.0,False,False,False,False,False,False,False,False,False,True,False
HUL,27,Haas F1 Team,38.0,2.0,HARD,25.0,True,6.0,1,89.682,6882.082,6792.4,26.2,30.4,58.0,False,False,False,False,False,False,False,False,False,True,False
HUL,27,Haas F1 Team,39.0,2.0,HARD,26.0,True,6.0,1,89.234,6971.316,6882.082,26.2,30.2,58.0,False,False,False,False,False,False,False,False,False,True,False
HUL,27,Haas F1 Team,40.0,2.0,HARD,27.0,True,7.0,1,90.404,7061.72,6971.316,26.1,30.2,58.0,False,False,False,False,False,False,False,False,False,True,False
HUL,27,Haas F1 Team,41.0,2.0,HARD,28.0,True,7.0,1,89.416,7151.136,7061.72,26.2,30.2,58.0,False,False,False,False,False,False,False,False,False,True,False
HUL,27,Haas F1 Team,42.0,2.0,HARD,29.0,True,7.0,1,89.379,7240.515,7151.136,26.1,30.0,58.0,False,False,False,False,False,False,False,False,False,True,False
HUL,27,Haas F1 Team,43.0,2.0,HARD,30.0,True,8.0,1,90.47,7330.985,7240.515,26.1,30.1,58.0,False,False,False,False,False,False,False,False,False,True,False
HUL,27,Haas F1 Team,44.0,2.0,HARD,31.0,True,8.0,1,89.595,7420.58,7330.985,26.1,30.1,58.0,False,False,False,False,False,False,False,False,False,True,False
HUL,27,Haas F1 Team,45.0,2.0,HARD,32.0,True,8.0,1,89.756,7510.336,7420.58,26.1,30.0,58.0,False,False,False,False,False,False,False,False,False,True,False
HUL,27,Haas F1 Team,46.0,2.0,HARD,33.0,True,8.0,1,89.592,7599.928,7510.336,26.0,29.8,58.0,False,False,False,False,False,False,False,False,False,True,False
HUL,27,Haas F1 Team,47.0,2.0,HARD,34.0,True,8.0,1,89.331,7689.259,7599.928,26.0,29.7,59.0,False,False,False,False,False,False,False,False,False,True,False
HUL,27,Haas F1 Team,48.0,2.0,HARD,35.0,True,8.0,1,89.573,7778.832,7689.259,26.0,29.7,59.0,False,False,False,False,False,False,False,False,False,True,False
HUL,27,Haas F1 Team,49.0,2.0,HARD,36.0,True,8.0,1,89.359,7868.191,7778.832,26.0,29.5,59.0,False,False,False,False,False,False,False,False,False,True,False
HUL,27,Haas F1 Team,50.0,2.0,HARD,37.0,True,8.0,1,89.595,7957.786,7868.191,26.0,29.6,59.0,False,False,False,False,False,False,False,False,False,True,False
HUL,27,Haas F1 Team,51.0,2.0,HARD,38.0,True,8.0,1,89.448,8047.234,7957.786,25.9,29.4,59.0,False,False,False,False,False,False,False,False,False,True,False
HUL,27,Haas F1 Team,52.0,2.0,HARD,39.0,True,8.0,1,89.518,8136.752,8047.234,25.9,29.4,59.0,False,False,False,False,False,False,False,False,False,True,False
HUL,27,Haas F1 Team,53.0,2.0,HARD,40.0,True,8.0,1,90.107,8226.859,8136.752,25.9,29.4,60.0,False,False,False,False,False,False,False,False,False,True,False
HUL,27,Haas F1 Team,54.0,2.0,HARD,41.0,True,8.0,1,89.819,8316.678,8226.859,25.9,29.3,60.0,False,False,False,False,False,False,False,False,False,True,False
HUL,27,Haas F1 Team,55.0,2.0,HARD,42.0,True,8.0,1,89.939,8406.617,8316.678,25.9,29.4,60.0,False,False,False,False,False,False,False,False,False,True,False
HUL,27,Haas F1 Team,56.0,2.0,HARD,43.0,True,8.0,1,89.991,8496.608,8406.617,25.9,29.4,60.0,False,False,False,False,False,False,False,False,False,True,False
HUL,27,Haas F1 Team,57.0,2.0,HARD,44.0,True,8.0,12,90.284,8586.892,8496.608,25.9,29.3,60.0,False,False,False,False,False,False,True,False,False,False,False
HUL,27,Haas F1 Team,58.0,2.0,HARD,45.0,True,8.0,1,90.04,8676.932,8586.892,25.9,29.3,60.0,False,False,False,False,False,False,False,False,False,True,False
LAW,30,RB,1.0,1.0,MEDIUM,1.0,True,10.0,12,99.017,3507.104,3407.817,27.0,32.2,49.0,False,False,False,False,True,False,True,False,False,False,False
LAW,30,RB,2.0,1.0,MEDIUM,2.0,True,10.0,126,114.148,3621.252,3507.104,26.9,31.8,49.0,False,False,False,False,True,False,True,False,False,False,False
LAW,30,RB,3.0,1.0,MEDIUM,3.0,True,11.0,671,100.324,3721.576,3621.252,26.9,31.8,49.0,False,False,False,False,True,False,True,False,False,False,False
LAW,30,RB,4.0,1.0,MEDIUM,4.0,True,11.0,1,89.738,3811.314,3721.576,26.9,31.9,50.0,False,False,False,False,False,False,False,False,False,True,False
LAW,30,RB,5.0,1.0,MEDIUM,5.0,True,11.0,1,89.869,3901.183,3811.314,26.8,31.8,50.0,False,False,False,False,False,False,False,False,False,True,False
LAW,30,RB,6.0,1.0,MEDIUM,6.0,True,11.0,1,90.563,3991.746,3901.183,26.9,31.8,50.0,False,False,False,False,False,False,False,False,False,True,False
LAW,30,RB,7.0,1.0,MEDIUM,7.0,True,11.0,1,90.264,4082.01,3991.746,26.9,31.9,51.0,False,False,False,False,False,False,False,False,False,True,False
LAW,30,RB,8.0,1.0,MEDIUM,8.0,True,11.0,1,90.345,4172.355,4082.01,26.9,31.5,51.0,False,False,False,False,False,False,False,False,False,True,False
LAW,30,RB,9.0,1.0,MEDIUM,9.0,True,11.0,1,90.303,4262.658,4172.355,26.8,31.7,51.0,False,False,False,False,False,False,False,False,True,False,False
LAW,30,RB,10.0,1.0,MEDIUM,10.0,True,11.0,1,90.759,4353.417,4262.658,26.9,31.7,51.0,False,False,False,False,False,False,False,False,True,False,False
LAW,30,RB,11.0,1.0,MEDIUM,11.0,True,10.0,1,90.989,4444.406,4353.417,26.8,31.5,51.0,False,False,False,False,False,False,False,False,False,True,False
LAW,30,RB,12.0,1.0,MEDIUM,12.0,True,11.0,1,91.887,4536.293,4444.406,26.8,31.6,52.0,False,False,False,False,False,False,False,False,False,True,False
LAW,30,RB,13.0,1.0,MEDIUM,13.0,True,10.0,1,91.234,4627.527,4536.293,26.8,31.5,52.0,False,False,False,False,False,False,False,False,False,True,False
LAW,30,RB,14.0,1.0,MEDIUM,14.0,True,8.0,1,90.795,4718.322,4627.527,26.8,31.3,51.0,False,False,False,False,False,False,False,False,False,True,False
LAW,30,RB,15.0,1.0,MEDIUM,15.0,True,7.0,1,90.46,4808.782,4718.322,26.8,31.3,52.0,False,False,False,False,False,False,False,False,False,True,False
LAW,30,RB,16.0,1.0,MEDIUM,16.0,True,7.0,1,90.62,4899.402,4808.782,26.7,31.3,52.0,False,False,False,False,False,False,False,False,False,True,False
LAW,30,RB,17.0,1.0,MEDIUM,17.0,True,7.0,1,90.556,4989.958,4899.402,26.6,31.2,52.0,False,False,False,False,False,False,False,False,False,True,False
LAW,30,RB,18.0,1.0,MEDIUM,18.0,True,7.0,1,90.723,5080.681,4989.958,26.7,31.3,52.0,False,False,False,False,False,False,False,False,False,True,False
LAW,30,RB,19.0,1.0,MEDIUM,19.0,True,7.0,1,90.896,5171.577,5080.681,26.6,31.4,52.0,False,False,False,False,False,False,False,False,False,True,False
LAW,30,RB,20.0,1.0,MEDIUM,20.0,True,7.0,1,90.725,5262.302,5171.577,26.7,31.3,52.0,False,False,False,False,False,False,False,False,False,True,False
LAW,30,RB,21.0,1.0,MEDIUM,21.0,True,6.0,1,90.796,5353.098,5262.302,26.6,31.3,53.0,False,False,False,False,False,False,False,False,False,True,False
LAW,30,RB,22.0,1.0,MEDIUM,22.0,True,6.0,1,91.167,5444.265,5353.098,26.6,31.0,53.0,False,False,False,False,False,False,False,False,False,True,False
LAW,30,RB,23.0,1.0,MEDIUM,23.0,True,9.0,1,94.497,5538.762,5444.265,26.6,31.1,53.0,False,True,False,False,True,False,False,False,False,False,False
LAW,30,RB,24.0,2.0,HARD,1.0,True,16.0,1,116.467,5655.229,5538.762,26.5,30.9,54.0,False,True,True,False,True,False,False,False,False,False,False
LAW,30,RB,25.0,3.0,HARD,2.0,False,18.0,1,110.532,5765.761,5655.229,26.5,30.9,54.0,False,False,True,False,True,False,False,False,False,False,False
LAW,30,RB,26.0,3.0,HARD,3.0,False,18.0,1,89.611,5855.372,5765.761,26.5,30.8,54.0,False,False,False,False,False,False,False,False,False,True,False
LAW,30,RB,27.0,3.0,HARD,4.0,False,18.0,1,89.637,5945.009,5855.372,26.4,30.7,55.0,False,False,False,False,False,False,False,False,False,True,False
LAW,30,RB,28.0,3.0,HARD,5.0,False,18.0,1,89.585,6034.594,5945.009,26.4,30.8,55.0,False,False,False,False,False,False,False,False,False,True,False
LAW,30,RB,29.0,3.0,HARD,6.0,False,18.0,1,92.322,6126.916,6034.594,26.4,30.8,56.0,False,True,False,False,True,False,False,False,False,False,False
LAW,30,RB,30.0,4.0,HARD,7.0,False,17.0,12,123.413,6250.329,6126.916,26.4,30.5,56.0,False,False,True,False,True,False,True,False,False,False,False
LAW,30,RB,31.0,4.0,HARD,8.0,False,17.0,1,89.599,6339.928,6250.329,26.4,30.5,56.0,False,False,False,False,False,False,False,False,False,True,False
LAW,30,RB,32.0,4.0,HARD,9.0,False,17.0,1,89.434,6429.362,6339.928,26.3,30.6,57.0,False,False,False,False,False,False,False,False,False,True,False
LAW,30,RB,33.0,4.0,HARD,10.0,False,17.0,1,89.25,6518.612,6429.362,26.3,30.4,57.0,False,False,False,False,False,False,False,False,False,True,False
LAW,30,RB,34.0,4.0,HARD,11.0,False,17.0,1,89.315,6607.927,6518.612,26.3,30.4,57.0,False,False,False,False,False,False,False,False,False,True,False
LAW,30,RB,35.0,4.0,HARD,12.0,False,17.0,1,89.143,6697.07,6607.927,26.3,30.3,57.0,False,False,False,False,False,False,False,False,False,True,False
LAW,30,RB,36.0,4.0,HARD,13.0,False,17.0,1,89.307,6786.377,6697.07,26.3,30.3,58.0,False,False,False,False,False,False,False,False,False,True,False
LAW,30,RB,37.0,4.0,HARD,14.0,False,17.0,1,89.562,6875.939,6786.377,26.2,30.4,58.0,False,False,False,False,False,False,False,False,False,True,False
LAW,30,RB,38.0,4.0,HARD,15.0,False,17.0,1,89.492,6965.431,6875.939,26.2,30.2,58.0,False,False,False,False,False,False,False,False,False,True,False
LAW,30,RB,39.0,4.0,HARD,16.0,False,17.0,1,89.459,7054.89,6965.431,26.1,30.2,58.0,False,False,False,False,False,False,False,False,False,True,False
LAW,30,RB,40.0,4.0,HARD,17.0,False,17.0,1,89.195,7144.085,7054.89,26.2,30.2,58.0,False,False,False,False,False,False,False,False,False,True,False
LAW,30,RB,41.0,4.0,HARD,18.0,False,17.0,1,89.079,7233.164,7144.085,26.1,30.0,58.0,False,False,False,False,False,False,False,False,False,True,False
LAW,30,RB,42.0,4.0,HARD,19.0,False,17.0,1,88.994,7322.158,7233.164,26.1,30.1,58.0,False,False,False,False,False,False,False,False,False,True,False
LAW,30,RB,43.0,4.0,HARD,20.0,False,17.0,1,91.416,7413.574,7322.158,26.1,30.1,58.0,False,False,False,False,False,False,False,False,False,True,False
LAW,30,RB,44.0,4.0,HARD,21.0,False,17.0,1,89.297,7502.871,7413.574,26.1,30.0,58.0,False,False,False,False,False,False,False,False,False,True,False
LAW,30,RB,45.0,4.0,HARD,22.0,False,17.0,1,89.188,7592.059,7502.871,26.0,29.8,58.0,False,False,False,False,False,False,False,False,False,True,False
LAW,30,RB,46.0,4.0,HARD,23.0,False,17.0,1,89.048,7681.107,7592.059,26.0,29.7,59.0,False,False,False,False,False,False,False,False,False,True,False
LAW,30,RB,47.0,4.0,HARD,24.0,False,17.0,1,91.416,7772.523,7681.107,26.0,29.7,59.0,False,False,False,False,False,False,False,False,False,True,False
LAW,30,RB,48.0,4.0,HARD,25.0,False,17.0,1,89.587,7862.11,7772.523,26.0,29.5,59.0,False,False,False,False,False,False,False,False,False,True,False
LAW,30,RB,49.0,4.0,HARD,26.0,False,17.0,1,89.558,7951.668,7862.11,26.0,29.6,59.0,False,False,False,False,False,False,False,False,False,True,False
LAW,30,RB,50.0,4.0,HARD,27.0,False,17.0,1,88.851,8040.519,7951.668,25.9,29.4,59.0,False,False,False,False,False,False,False,False,False,True,False
LAW,30,RB,51.0,4.0,HARD,28.0,False,17.0,1,88.96,8129.479,8040.519,25.9,29.4,59.0,False,False,False,False,False,False,False,False,False,True,False
LAW,30,RB,52.0,4.0,HARD,29.0,False,17.0,1,88.751,8218.23,8129.479,25.9,29.4,60.0,False,False,False,False,False,False,False,False,False,True,False
LAW,30,RB,53.0,4.0,HARD,30.0,False,17.0,1,88.803,8307.033,8218.23,25.9,29.3,60.0,False,False,False,False,False,False,False,False,False,True,False
LAW,30,RB,54.0,4.0,HARD,31.0,False,17.0,1,88.819,8395.852,8307.033,25.9,29.3,60.0,False,False,False,False,False,False,False,False,False,True,False
LAW,30,RB,55.0,4.0,HARD,32.0,False,17.0,1,89.184,8485.036,8395.852,25.9,29.4,60.0,False,False,False,False,False,False,False,False,False,True,False
LAW,30,RB,56.0,4.0,HARD,33.0,False,,12,,8635.036,8485.036,25.9,29.3,60.0,False,False,False,True,True,False,True,False,False,False,False
NOR,4,McLaren,1.0,1.0,MEDIUM,1.0,True,1.0,12,91.142,3499.229,3407.817,27.0,32.2,49.0,False,False,False,False,True,False,True,False,False,False,False
NOR,4,McLaren,2.0,1.0,MEDIUM,2.0,True,1.0,126,108.349,3607.578,3499.229,26.9,31.8,49.0,False,False,False,False,True,False,True,False,False,False,False
NOR,4,McLaren,3.0,1.0,MEDIUM,3.0,True,1.0,671,103.313,3710.891,3607.578,27.0,31.8,49.0,False,False,False,False,True,False,True,False,False,False,False
NOR,4,McLaren,4.0,1.0,MEDIUM,4.0,True,1.0,1,89.01,3799.901,3710.891,26.9,31.9,50.0,False,False,False,False,False,False,False,False,False,True,False
NOR,4,McLaren,5.0,1.0,MEDIUM,5.0,True,1.0,1,89.104,3889.005,3799.901,26.9,31.7,50.0,False,False,False,False,False,False,False,False,False,True,False
NOR,4,McLaren,6.0,1.0,MEDIUM,6.0,True,1.0,1,89.361,3978.366,3889.005,26.9,31.8,50.0,False,False,False,False,False,False,False,False,False,True,False
NOR,4,McLaren,7.0,1.0,MEDIUM,7.0,True,1.0,1,89.024,4067.39,3978.366,26.8,31.8,50.0,False,False,False,False,False,False,False,False,False,True,False
NOR,4,McLaren,8.0,1.0,MEDIUM,8.0,True,1.0,1,88.86,4156.25,4067.39,26.9,31.5,51.0,False,False,False,False,False,False,False,False,False,True,False
NOR,4,McLaren,9.0,1.0,MEDIUM,9.0,True,1.0,1,89.007,4245.257,4156.25,26.8,31.6,51.0,False,False,False,False,False,False,False,False,False,True,False
NOR,4,McLaren,10.0,1.0,MEDIUM,10.0,True,1.0,1,89.244,4334.501,4245.257,26.9,31.7,51.0,False,False,False,False,False,False,False,False,False,True,False
NOR,4,McLaren,11.0,1.0,MEDIUM,11.0,True,1.0,1,89.128,4423.629,4334.501,26.9,31.2,51.0,False,False,False,False,False,False,False,False,False,True,False
NOR,4,McLaren,12.0,1.0,MEDIUM,12.0,True,1.0,1,89.084,4512.713,4423.629,26.8,31.6,52.0,False,False,False,False,False,False,False,False,False,True,False
NOR,4,McLaren,13.0,1.0,MEDIUM,13.0,True,1.0,1,89.272,4601.985,4512.713,26.8,31.6,52.0,False,False,False,False,False,False,False,False,False,True,False
NOR,4,McLaren,14.0,1.0,MEDIUM,14.0,True,1.0,1,89.039,4691.024,4601.985,26.8,31.3,51.0,False,False,False,False,False,False,False,False,False,True,False
NOR,4,McLaren,15.0,1.0,MEDIUM,15.0,True,1.0,1,89.07,4780.094,4691.024,26.8,31.3,52.0,False,False,False,False,False,False,False,False,False,True,False
NOR,4,McLaren,16.0,1.0,MEDIUM,16.0,True,1.0,1,88.951,4869.045,4780.094,26.7,31.3,52.0,False,False,False,False,False,False,False,False,False,True,False
NOR,4,McLaren,17.0,1.0,MEDIUM,17.0,True,1.0,1,88.955,4958.0,4869.045,26.7,31.2,52.0,False,False,False,False,False,False,False,False,False,True,False
NOR,4,McLaren,18.0,1.0,MEDIUM,18.0,True,1.0,1,89.222,5047.222,4958.0,26.7,31.3,52.0,False,False,False,False,False,False,False,False,False,True,False
NOR,4,McLaren,19.0,1.0,MEDIUM,19.0,True,1.0,1,89.139,5136.361,5047.222,26.7,31.3,52.0,False,False,False,False,False,False,False,False,False,True,False
NOR,4,McLaren,20.0,1.0,MEDIUM,20.0,True,1.0,1,89.213,5225.574,5136.361,26.7,31.3,52.0,False,False,False,False,False,False,False,False,False,True,False
NOR,4,McLaren,21.0,1.0,MEDIUM,21.0,True,1.0,1,89.133,5314.707,5225.574,26.6,31.2,53.0,False,False,False,False,False,False,False,False,False,True,False
NOR,4,McLaren,22.0,1.0,MEDIUM,22.0,True,1.0,1,89.189,5403.896,5314.707,26.6,31.0,53.0,False,False,False,False,False,False,False,False,False,True,False
NOR,4,McLaren,23.0,1.0,MEDIUM,23.0,True,1.0,1,89.262,5493.158,5403.896,26.5,31.0,53.0,False,False,False,False,False,False,False,False,False,True,False
NOR,4,McLaren,24.0,1.0,MEDIUM,24.0,True,1.0,1,89.484,5582.642,5493.158,26.5,31.1,53.0,False,False,False,False,False,False,False,False,False,True,False
NOR,4,McLaren,25.0,1.0,MEDIUM,25.0,True,1.0,1,89.21,5671.852,5582.642,26.5,30.9,54.0,False,False,False,False,False,False,False,False,False,True,False
NOR,4,McLaren,26.0,1.0,MEDIUM,26.0,True,1.0,1,91.567,5763.419,5671.852,26.5,30.9,54.0,False,True,False,False,True,False,False,False,False,False,False
NOR,4,McLaren,27.0,2.0,HARD,1.0,True,1.0,1,107.513,5870.932,5763.419,26.5,30.8,54.0,False,False,True,False,True,False,False,False,False,False,False
NOR,4,McLaren,28.0,2.0,HARD,2.0,True,1.0,1,88.325,5959.257,5870.932,26.4,30.7,55.0,False,False,False,False,False,False,False,False,False,True,False
NOR,4,McLaren,29.0,2.0,HARD,3.0,True,1.0,1,88.439,6047.696,5959.257,26.4,30.8,55.0,False,False,False,False,False,False,False,False,False,True,False
NOR,4,McLaren,30.0,2.0,HARD,4.0,True,1.0,1,88.235,6135.931,6047.696,26.4,30.8,56.0,False,False,False,False,False,False,False,False,False,True,False
NOR,4,McLaren,31.0,2.0,HARD,5.0,True,1.0,12,88.362,6224.293,6135.931,26.4,30.6,56.0,False,False,False,False,False,False,True,False,False,False,False
NOR,4,McLaren,32.0,2.0,HARD,6.0,True,1.0,1,88.414,6312.707,6224.293,26.4,30.5,56.0,False,False,False,False,False,False,False,False,False,True,False
NOR,4,McLaren,33.0,2.0,HARD,7.0,True,1.0,1,88.126,6400.833,6312.707,26.3,30.5,57.0,False,False,False,False,False,False,False,False,False,True,False
NOR,4,McLaren,34.0,2.0,HARD,8.0,True,1.0,1,88.108,6488.941,6400.833,26.3,30.4,57.0,False,False,False,False,False,False,False,False,False,True,False
NOR,4,McLaren,35.0,2.0,HARD,9.0,True,1.0,1,87.974,6576.915,6488.941,26.3,30.3,57.0,False,False,False,False,False,False,False,False,False,True,False
NOR,4,McLaren,36.0,2.0,HARD,10.0,True,1.0,1,87.875,6664.79,6576.915,26.3,30.3,57.0,False,False,False,False,False,False,False,False,False,True,False
NOR,4,McLaren,37.0,2.0,HARD,11.0,True,1.0,1,88.076,6752.866,6664.79,26.3,30.3,58.0,False,False,False,False,False,False,False,False,False,True,False
NOR,4,McLaren,38.0,2.0,HARD,12.0,True,1.0,1,87.907,6840.773,6752.866,26.2,30.4,58.0,False,False,False,False,False,False,False,False,False,True,False
NOR,4,McLaren,39.0,2.0,HARD,13.0,True,1.0,1,87.76,6928.533,6840.773,26.2,30.1,58.0,False,False,False,False,False,False,False,False,False,True,False
NOR,4,McLaren,40.0,2.0,HARD,14.0,True,1.0,1,87.707,7016.24,6928.533,26.2,30.2,58.0,False,False,False,False,False,False,False,False,False,True,False
NOR,4,McLaren,41.0,2.0,HARD,15.0,True,1.0,1,87.857,7104.097,7016.24,26.1,30.1,58.0,False,False,False,False,False,False,False,False,False,True,False
NOR,4,McLaren,42.0,2.0,HARD,16.0,True,1.0,1,88.162,7192.259,7104.097,26.2,30.2,58.0,False,False,False,False,False,False,False,False,False,True,False
NOR,4,McLaren,43.0,2.0,HARD,17.0,True,1.0,1,88.002,7280.261,7192.259,26.1,30.1,58.0,False,False,False,False,False,False,False,False,False,True,False
NOR,4,McLaren,44.0,2.0,HARD,18.0,True,1.0,1,87.962,7368.223,7280.261,26.1,30.1,58.0,False,False,False,False,False,False,False,False,False,True,False
NOR,4,McLaren,45.0,2.0,HARD,19.0,True,1.0,1,88.055,7456.278,7368.223,26.1,30.0,58.0,False,False,False,False,False,False,False,False,False,True,False
NOR,4,McLaren,46.0,2.0,HARD,20.0,True,1.0,1,88.078,7544.356,7456.278,26.1,30.0,58.0,False,False,False,False,False,False,False,False,False,True,False
NOR,4,McLaren,47.0,2.0,HARD,21.0,True,1.0,1,88.237,7632.593,7544.356,26.0,29.7,59.0,False,False,False,False,False,False,False,False,False,True,False
NOR,4,McLaren,48.0,2.0,HARD,22.0,True,1.0,1,88.205,7720.798,7632.593,26.0,29.7,59.0,False,False,False,False,False,False,False,False,False,True,False
NOR,4,McLaren,49.0,2.0,HARD,23.0,True,1.0,1,88.371,7809.169,7720.798,26.0,29.6,59.0,False,False,False,False,False,False,False,False,False,True,False
NOR,4,McLaren,50.0,2.0,HARD,24.0,True,1.0,1,88.128,7897.297,7809.169,26.0,29.5,59.0,False,False,False,False,False,False,False,False,False,True,False
NOR,4,McLaren,51.0,2.0,HARD,25.0,True,1.0,1,87.867,7985.164,7897.297,26.0,29.4,59.0,False,False,False,False,False,False,False,False,False,True,False
NOR,4,McLaren,52.0,2.0,HARD,26.0,True,1.0,1,87.438,8072.602,7985.164,25.9,29.4,59.0,False,False,False,False,False,False,False,False,False,True,False
NOR,4,McLaren,53.0,2.0,HARD,27.0,True,1.0,1,87.52,8160.122,8072.602,25.9,29.4,59.0,False,False,False,False,False,False,False,False,False,True,False
NOR,4,McLaren,54.0,2.0,HARD,28.0,True,1.0,1,88.124,8248.246,8160.122,25.9,29.4,60.0,False,False,False,False,False,False,False,False,False,True,False
NOR,4,McLaren,55.0,2.0,HARD,29.0,True,1.0,1,87.647,8335.893,8248.246,25.9,29.3,60.0,False,False,False,False,False,False,False,False,False,True,False
NOR,4,McLaren,56.0,2.0,HARD,30.0,True,1.0,1,87.698,8423.591,8335.893,25.9,29.4,60.0,False,False,False,False,False,False,False,False,False,True,False
NOR,4,McLaren,57.0,2.0,HARD,31.0,True,1.0,1,87.929,8511.52,8423.591,25.9,29.4,60.0,False,False,False,False,False,False,False,False,False,True,False
NOR,4,McLaren,58.0,2.0,HARD,32.0,True,1.0,12,89.858,8601.378,8511.52,25.9,29.3,60.0,False,False,False,False,False,False,True,False,False,False,False
COL,43,Williams,1.0,1.0,MEDIUM,1.0,True,18.0,12,102.506,3510.593,3407.817,27.0,32.2,49.0,False,False,False,False,True,False,True,False,False,False,False
COL,43,Williams,2.0,1.0,MEDIUM,2.0,True,18.0,26,122.028,3632.621,3510.593,26.9,31.8,49.0,False,False,False,False,True,False,True,False,False,False,False
COL,43,Williams,3.0,1.0,MEDIUM,3.0,True,19.0,671,130.71,3763.331,3632.621,26.9,31.8,49.0,False,True,False,False,True,False,True,False,False,False,False
COL,43,Williams,4.0,2.0,HARD,1.0,True,19.0,1,115.146,3878.477,3763.331,26.9,31.7,50.0,False,False,True,False,True,False,False,False,False,False,False
COL,43,Williams,5.0,2.0,HARD,2.0,True,19.0,1,89.411,3967.888,3878.477,26.9,31.8,50.0,False,False,False,False,False,False,False,False,False,True,False
COL,43,Williams,6.0,2.0,HARD,3.0,True,19.0,1,89.861,4057.749,3967.888,26.8,31.8,50.0,False,False,False,False,False,False,False,False,False,True,False
COL,43,Williams,7.0,2.0,HARD,4.0,True,19.0,1,90.034,4147.783,4057.749,26.9,31.5,51.0,False,False,False,False,False,False,False,False,False,True,False
COL,43,Williams,8.0,2.0,HARD,5.0,True,19.0,1,90.27,4238.053,4147.783,26.8,31.6,51.0,False,False,False,False,False,False,False,False,False,True,False
COL,43,Williams,9.0,2.0,HARD,6.0,True,19.0,1,89.938,4327.991,4238.053,26.9,31.7,51.0,False,False,False,False,False,False,False,False,False,True,False
COL,43,Williams,10.0,2.0,HARD,7.0,True,19.0,1,90.4,4418.391,4327.991,26.9,31.2,51.0,False,False,False,False,False,False,False,False,False,True,False
COL,43,Williams,11.0,2.0,HARD,8.0,True,19.0,1,90.459,4508.85,4418.391,26.8,31.6,52.0,False,False,False,False,False,False,False,False,False,True,False
COL,43,Williams,12.0,2.0,HARD,9.0,True,19.0,1,90.208,4599.058,4508.85,26.8,31.6,52.0,False,False,False,False,False,False,False,False,False,True,False
COL,43,Williams,13.0,2.0,HARD,10.0,True,19.0,1,90.26,4689.318,4599.058,26.8,31.3,51.0,False,False,False,False,False,False,False,False,False,True,False
COL,43,Williams,14.0,2.0,HARD,11.0,True,19.0,1,92.731,4782.049,4689.318,26.8,31.3,52.0,False,False,False,False,False,False,False,False,False,True,False
COL,43,Williams,15.0,2.0,HARD,12.0,True,19.0,1,92.892,4874.941,4782.049,26.7,31.3,52.0,False,False,False,False,False,False,False,False,False,True,False
COL,43,Williams,16.0,2.0,HARD,13.0,True,19.0,1,90.464,4965.405,4874.941,26.7,31.2,52.0,False,False,False,False,False,False,False,False,False,True,False
COL,43,Williams,17.0,2.0,HARD,14.0,True,19.0,1,90.197,5055.602,4965.405,26.7,31.3,52.0,False,False,False,False,False,False,False,False,False,True,False
COL,43,Williams,18.0,2.0,HARD,15.0,True,19.0,1,90.259,5145.861,5055.602,26.7,31.3,52.0,False,False,False,False,False,False,False,False,False,True,False
COL,43,Williams,19.0,2.0,HARD,16.0,True,19.0,1,90.441,5236.302,5145.861,26.7,31.3,52.0,False,False,False,False,False,False,False,False,False,True,False
COL,43,Williams,20.0,2.0,HARD,17.0,True,19.0,1,90.066,5326.368,5236.302,26.6,31.2,53.0,False,False,False,False,False,False,False,False,False,True,False
COL,43,Williams,21.0,2.0,HARD,18.0,True,19.0,1,90.149,5416.517,5326.368,26.6,31.0,53.0,False,False,False,False,False,False,False,False,False,True,False
COL,43,Williams,22.0,2.0,HARD,19.0,True,19.0,1,90.317,5506.834,5416.517,26.5,31.0,53.0,False,False,False,False,False,False,False,False,False,True,False
COL,43,Williams,23.0,2.0,HARD,20.0,True,19.0,1,90.387,5597.221,5506.834,26.5,31.1,53.0,False,False,False,False,False,False,False,False,False,True,False
COL,43,Williams,24.0,2.0,HARD,21.0,True,19.0,1,90.528,5687.749,5597.221,26.5,30.9,54.0,False,False,False,False,False,False,False,False,False,True,False
COL,43,Williams,25.0,2.0,HARD,22.0,True,19.0,1,90.254,5778.003,5687.749,26.5,30.9,54.0,False,False,False,False,False,False,False,False,False,True,False
COL,43,Williams,26.0,2.0,HARD,23.0,True,19.0,1,100.514,5878.517,5778.003,26.4,30.8,55.0,False,True,False,False,True,False,False,False,False,False,False
HAM,44,Mercedes,1.0,1.0,HARD,1.0,True,12.0,12,99.884,3507.971,3407.817,27.0,32.2,49.0,False,False,False,False,True,False,True,False,False,False,False
HAM,44,Mercedes,2.0,1.0,HARD,2.0,True,12.0,126,116.731,3624.702,3507.971,26.9,31.8,49.0,False,False,False,False,True,False,True,False,False,False,False
HAM,44,Mercedes,3.0,1.0,HARD,3.0,True,12.0,671,97.736,3722.438,3624.702,26.9,31.8,49.0,False,False,False,False,True,False,True,False,False,False,False
HAM,44,Mercedes,4.0,1.0,HARD,4.0,True,12.0,1,89.666,3812.104,3722.438,26.9,31.9,50.0,False,False,False,False,False,False,False,False,False,True,False
HAM,44,Mercedes,5.0,1.0,HARD,5.0,True,12.0,1,89.733,3901.837,3812.104,26.8,31.8,50.0,False,False,False,False,False,False,False,False,False,True,False
HAM,44,Mercedes,6.0,1.0,HARD,6.0,True,12.0,1,90.693,3992.53,3901.837,26.9,31.8,50.0,False,False,False,False,False,False,False,False,False,True,False
HAM,44,Mercedes,7.0,1.0,HARD,7.0,True,12.0,1,90.355,4082.885,3992.53,26.9,31.9,51.0,False,False,False,False,False,False,False,False,False,True,False
HAM,44,Mercedes,8.0,1.0,HARD,8.0,True,12.0,1,90.218,4173.103,4082.885,26.9,31.5,51.0,False,False,False,False,False,False,False,False,False,True,False
HAM,44,Mercedes,9.0,1.0,HARD,9.0,True,12.0,1,90.296,4263.399,4173.103,26.8,31.7,51.0,False,False,False,False,False,False,False,False,False,True,False
HAM,44,Mercedes,10.0,1.0,HARD,10.0,True,12.0,1,90.655,4354.054,4263.399,26.9,31.7,51.0,False,False,False,False,False,False,False,False,False,True,False
HAM,44,Mercedes,11.0,1.0,HARD,11.0,True,12.0,1,91.066,4445.12,4354.054,26.8,31.5,51.0,False,False,False,False,False,False,False,False,False,True,False
HAM,44,Mercedes,12.0,1.0,HARD,12.0,True,10.0,1,89.955,4535.075,4445.12,26.8,31.6,52.0,False,False,False,False,False,False,False,False,False,True,False
HAM,44,Mercedes,13.0,1.0,HARD,13.0,True,9.0,1,90.28,4625.355,4535.075,26.8,31.5,52.0,False,False,False,False,False,False,False,False,False,True,False
HAM,44,Mercedes,14.0,1.0,HARD,14.0,True,7.0,1,90.038,4715.393,4625.355,26.8,31.3,51.0,False,False,False,False,False,False,False,False,False,True,False
HAM,44,Mercedes,15.0,1.0,HARD,15.0,True,6.0,1,89.872,4805.265,4715.393,26.8,31.3,52.0,False,False,False,False,False,False,False,False,False,True,False
HAM,44,Mercedes,16.0,1.0,HARD,16.0,True,6.0,1,89.966,4895.231,4805.265,26.7,31.3,52.0,False,False,False,False,False,False,False,False,False,True,False
HAM,44,Mercedes,17.0,1.0,HARD,17.0,True,6.0,1,89.637,4984.868,4895.231,26.6,31.2,52.0,False,False,False,False,False,False,False,False,False,True,False
HAM,44,Mercedes,18.0,1.0,HARD,18.0,True,6.0,1,89.756,5074.624,4984.868,26.7,31.3,52.0,False,False,False,False,False,False,False,False,False,True,False
HAM,44,Mercedes,19.0,1.0,HARD,19.0,True,6.0,1,89.849,5164.473,5074.624,26.6,31.4,52.0,False,False,False,False,False,False,False,False,False,True,False
HAM,44,Mercedes,20.0,1.0,HARD,20.0,True,6.0,1,89.807,5254.28,5164.473,26.7,31.3,52.0,False,False,False,False,False,False,False,False,False,True,False
HAM,44,Mercedes,21.0,1.0,HARD,21.0,True,5.0,1,89.719,5343.999,5254.28,26.6,31.3,53.0,False,False,False,False,False,False,False,False,False,True,False
HAM,44,Mercedes,22.0,1.0,HARD,22.0,True,5.0,1,89.655,5433.654,5343.999,26.6,31.0,53.0,False,False,False,False,False,False,False,False,False,True,False
HAM,44,Mercedes,23.0,1.0,HARD,23.0,True,5.0,1,89.787,5523.441,5433.654,26.6,31.1,53.0,False,False,False,False,False,False,False,False,False,True,False
HAM,44,Mercedes,24.0,1.0,HARD,24.0,True,5.0,1,89.698,5613.139,5523.441,26.5,31.1,53.0,False,False,False,False,False,False,False,False,False,True,False
HAM,44,Mercedes,25.0,1.0,HARD,25.0,True,5.0,1,89.616,5702.755,5613.139,26.5,30.9,54.0,False,False,False,False,False,False,False,False,False,True,False
HAM,44,Mercedes,26.0,1.0,HARD,26.0,True,5.0,1,89.833,5792.588,5702.755,26.5,30.9,54.0,False,False,False,False,False,False,False,False,False,True,False
HAM,44,Mercedes,27.0,1.0,HARD,27.0,True,4.0,1,89.844,5882.432,5792.588,26.4,30.8,55.0,False,False,False,False,False,False,False,False,False,True,False
HAM,44,Mercedes,28.0,1.0,HARD,28.0,True,4.0,1,89.481,5971.913,5882.432,26.4,30.7,55.0,False,False,False,False,False,False,False,False,False,True,False
HAM,44,Mercedes,29.0,1.0,HARD,29.0,True,4.0,1,89.756,6061.669,5971.913,26.4,30.8,55.0,False,False,False,False,False,False,False,False,False,True,False
HAM,44,Mercedes,30.0,1.0,HARD,30.0,True,3.0,1,89.486,6151.155,6061.669,26.4,30.8,56.0,False,False,False,False,False,False,False,False,False,True,False
HAM,44,Mercedes,31.0,1.0,HARD,31.0,True,3.0,12,89.714,6240.869,6151.155,26.4,30.5,56.0,False,False,False,False,False,False,True,False,False,False,False
HAM,44,Mercedes,32.0,1.0,HARD,32.0,True,3.0,1,89.802,6330.671,6240.869,26.4,30.5,56.0,False,False,False,False,False,False,False,False,False,True,False
HAM,44,Mercedes,33.0,1.0,HARD,33.0,True,3.0,1,89.589,6420.26,6330.671,26.3,30.6,57.0,False,False,False,False,False,False,False,False,False,True,False
HAM,44,Mercedes,34.0,1.0,HARD,34.0,True,4.0,1,91.792,6512.052,6420.26,26.3,30.4,57.0,False,True,False,False,True,False,False,False,False,False,False
HAM,44,Mercedes,35.0,2.0,MEDIUM,2.0,False,7.0,1,108.722,6620.774,6512.052,26.3,30.4,57.0,False,False,True,False,True,False,False,False,False,False,False
HAM,44,Mercedes,36.0,2.0,MEDIUM,3.0,False,7.0,1,87.803,6708.577,6620.774,26.3,30.3,57.0,False,False,False,False,False,False,False,False,False,True,False
HAM,44,Mercedes,37.0,2.0,MEDIUM,4.0,False,7.0,1,87.741,6796.318,6708.577,26.3,30.3,58.0,False,False,False,False,False,False,False,False,False,True,False
HAM,44,Mercedes,38.0,2.0,MEDIUM,5.0,False,7.0,1,88.061,6884.379,6796.318,26.2,30.4,58.0,False,False,False,False,False,False,False,False,False,True,False
HAM,44,Mercedes,39.0,2.0,MEDIUM,6.0,False,7.0,1,88.001,6972.38,6884.379,26.2,30.2,58.0,False,False,False,False,False,False,False,False,False,True,False
HAM,44,Mercedes,40.0,2.0,MEDIUM,7.0,False,6.0,1,87.726,7060.106,6972.38,26.1,30.2,58.0,False,False,False,False,False,False,False,False,False,True,False
HAM,44,Mercedes,41.0,2.0,MEDIUM,8.0,False,6.0,1,88.653,7148.759,7060.106,26.2,30.2,58.0,False,False,False,False,False,False,False,False,False,True,False
HAM,44,Mercedes,42.0,2.0,MEDIUM,9.0,False,5.0,1,87.692,7236.451,7148.759,26.1,30.0,58.0,False,False,False,False,False,False,False,False,False,True,False
HAM,44,Mercedes,43.0,2.0,MEDIUM,10.0,False,5.0,1,87.556,7324.007,7236.451,26.1,30.1,58.0,False,False,False,False,False,False,False,False,False,True,False
HAM,44,Mercedes,44.0,2.0,MEDIUM,11.0,False,5.0,1,87.278,7411.285,7324.007,26.1,30.1,58.0,False,False,False,False,False,False,False,False,False,True,False
HAM,44,Mercedes,45.0,2.0,MEDIUM,12.0,False,5.0,1,87.629,7498.914,7411.285,26.1,30.0,58.0,False,False,False,False,False,False,False,False,False,True,False
HAM,44,Mercedes,46.0,2.0,MEDIUM,13.0,False,5.0,1,87.571,7586.485,7498.914,26.0,29.8,58.0,False,False,False,False,False,False,False,False,False,True,False
HAM,44,Mercedes,47.0,2.0,MEDIUM,14.0,False,5.0,1,87.586,7674.071,7586.485,26.0,29.7,59.0,False,False,False,False,False,False,False,False,False,True,False
HAM,44,Mercedes,48.0,2.0,MEDIUM,15.0,False,5.0,1,87.727,7761.798,7674.071,26.0,29.7,59.0,False,False,False,False,False,False,False,False,False,True,False
HAM,44,Mercedes,49.0,2.0,MEDIUM,16.0,False,5.0,1,87.49,7849.288,7761.798,26.0,29.6,59.0,False,False,False,False,False,False,False,False,True,False,False
HAM,44,Mercedes,50.0,2.0,MEDIUM,17.0,False,5.0,1,87.735,7937.023,7849.288,26.0,29.6,59.0,False,False,False,False,False,False,False,False,False,True,False
HAM,44,Mercedes,51.0,2.0,MEDIUM,18.0,False,5.0,1,87.319,8024.342,7937.023,26.0,29.4,59.0,False,False,False,False,False,False,False,False,False,True,False
HAM,44,Mercedes,52.0,2.0,MEDIUM,19.0,False,5.0,1,87.799,8112.141,8024.342,25.9,29.4,59.0,False,False,False,False,False,False,False,False,False,True,False
HAM,44,Mercedes,53.0,2.0,MEDIUM,20.0,False,5.0,1,87.707,8199.848,8112.141,25.9,29.4,59.0,False,False,False,False,False,False,False,False,False,True,False
HAM,44,Mercedes,54.0,2.0,MEDIUM,21.0,False,5.0,1,87.342,8287.19,8199.848,25.9,29.3,60.0,False,False,False,False,False,False,False,False,False,True,False
HAM,44,Mercedes,55.0,2.0,MEDIUM,22.0,False,5.0,1,87.398,8374.588,8287.19,25.9,29.3,60.0,False,False,False,False,False,False,False,False,False,True,False
HAM,44,Mercedes,56.0,2.0,MEDIUM,23.0,False,5.0,1,87.738,8462.326,8374.588,25.9,29.4,60.0,False,False,False,False,False,False,False,False,False,True,False
HAM,44,Mercedes,57.0,2.0,MEDIUM,24.0,False,5.0,12,87.751,8550.077,8462.326,25.9,29.4,60.0,False,False,False,False,False,False,True,False,False,False,False
HAM,44,Mercedes,58.0,2.0,MEDIUM,25.0,False,4.0,21,87.784,8637.861,8550.077,25.9,29.3,60.0,False,False,False,False,False,False,True,False,False,False,False
SAI,55,Ferrari,1.0,1.0,MEDIUM,1.0,True,2.0,12,92.999,3501.086,3407.817,27.0,32.2,49.0,False,False,False,False,True,False,True,False,False,False,False
SAI,55,Ferrari,2.0,1.0,MEDIUM,2.0,True,2.0,126,109.77,3610.856,3501.086,26.9,31.8,49.0,False,False,False,False,True,False,True,False,False,False,False
SAI,55,Ferrari,3.0,1.0,MEDIUM,3.0,True,2.0,671,102.795,3713.651,3610.856,27.0,31.8,49.0,False,False,False,False,True,False,True,False,False,False,False
SAI,55,Ferrari,4.0,1.0,MEDIUM,4.0,True,2.0,1,88.995,3802.646,3713.651,26.9,31.9,50.0,False,False,False,False,False,False,False,False,False,True,False
SAI,55,Ferrari,5.0,1.0,MEDIUM,5.0,True,2.0,1,89.25,3891.896,3802.646,26.9,31.7,50.0,False,False,False,False,False,False,False,False,False,True,False
SAI,55,Ferrari,6.0,1.0,MEDIUM,6.0,True,2.0,1,89.253,3981.149,3891.896,26.9,31.8,50.0,False,False,False,False,False,False,False,False,False,True,False
SAI,55,Ferrari,7.0,1.0,MEDIUM,7.0,True,2.0,1,89.063,4070.212,3981.149,26.8,31.8,50.0,False,False,False,False,False,False,False,False,False,True,False
SAI,55,Ferrari,8.0,1.0,MEDIUM,8.0,True,2.0,1,89.202,4159.414,4070.212,26.9,31.5,51.0,False,False,False,False,False,False,False,False,False,True,False
SAI,55,Ferrari,9.0,1.0,MEDIUM,9.0,True,2.0,1,89.187,4248.601,4159.414,26.8,31.6,51.0,False,False,False,False,False,False,False,False,False,True,False
SAI,55,Ferrari,10.0,1.0,MEDIUM,10.0,True,2.0,1,89.32,4337.921,4248.601,26.9,31.7,51.0,False,False,False,False,False,False,False,False,False,True,False
SAI,55,Ferrari,11.0,1.0,MEDIUM,11.0,True,2.0,1,89.246,4427.167,4337.921,26.9,31.2,51.0,False,False,False,False,False,False,False,False,False,True,False
SAI,55,Ferrari,12.0,1.0,MEDIUM,12.0,True,2.0,1,89.15,4516.317,4427.167,26.8,31.6,52.0,False,False,False,False,False,False,False,False,False,True,False
SAI,55,Ferrari,13.0,1.0,MEDIUM,13.0,True,2.0,1,89.192,4605.509,4516.317,26.8,31.6,52.0,False,False,False,False,False,False,False,False,False,True,False
SAI,55,Ferrari,14.0,1.0,MEDIUM,14.0,True,2.0,1,89.14,4694.649,4605.509,26.8,31.3,51.0,False,False,False,False,False,False,False,False,False,True,False
SAI,55,Ferrari,15.0,1.0,MEDIUM,15.0,True,2.0,1,89.222,4783.871,4694.649,26.8,31.3,52.0,False,False,False,False,False,False,False,False,False,True,False
SAI,55,Ferrari,16.0,1.0,MEDIUM,16.0,True,2.0,1,89.224,4873.095,4783.871,26.7,31.3,52.0,False,False,False,False,False,False,False,False,False,True,False
SAI,55,Ferrari,17.0,1.0,MEDIUM,17.0,True,2.0,1,89.187,4962.282,4873.095,26.7,31.2,52.0,False,False,False,False,False,False,False,False,False,True,False
SAI,55,Ferrari,18.0,1.0,MEDIUM,18.0,True,2.0,1,89.01,5051.292,4962.282,26.7,31.3,52.0,False,False,False,False,False,False,False,False,False,True,False
SAI,55,Ferrari,19.0,1.0,MEDIUM,19.0,True,2.0,1,89.32,5140.612,5051.292,26.7,31.3,52.0,False,False,False,False,False,False,False,False,False,True,False
SAI,55,Ferrari,20.0,1.0,MEDIUM,20.0,True,2.0,1,89.208,5229.82,5140.612,26.7,31.3,52.0,False,False,False,False,False,False,False,False,False,True,False
SAI,55,Ferrari,21.0,1.0,MEDIUM,21.0,True,2.0,1,89.191,5319.011,5229.82,26.6,31.2,53.0,False,False,False,False,False,False,False,False,False,True,False
SAI,55,Ferrari,22.0,1.0,MEDIUM,22.0,True,2.0,1,88.909,5407.92,5319.011,26.6,31.0,53.0,False,False,False,False,False,False,False,False,False,True,False
SAI,55,Ferrari,23.0,1.0,MEDIUM,23.0,True,2.0,1,89.157,5497.077,5407.92,26.5,31.0,53.0,False,False,False,False,False,False,False,False,False,True,False
SAI,55,Ferrari,24.0,1.0,MEDIUM,24.0,True,2.0,1,89.372,5586.449,5497.077,26.5,31.1,53.0,False,False,False,False,False,False,False,False,True,False,False
SAI,55,Ferrari,25.0,1.0,MEDIUM,25.0,True,2.0,1,90.842,5677.291,5586.449,26.5,30.9,54.0,False,True,False,False,True,False,False,False,False,False,False
SAI,55,Ferrari,26.0,2.0,HARD,1.0,True,2.0,1,107.557,5784.848,5677.291,26.5,30.9,54.0,False,False,True,False,True,False,False,False,False,False,False
SAI,55,Ferrari,27.0,2.0,HARD,2.0,True,2.0,1,88.177,5873.025,5784.848,26.5,30.8,54.0,False,False,False,False,False,False,False,False,False,True,False
SAI,55,Ferrari,28.0,2.0,HARD,3.0,True,2.0,1,88.482,5961.507,5873.025,26.4,30.7,55.0,False,False,False,False,False,False,False,False,False,True,False
SAI,55,Ferrari,29.0,2.0,HARD,4.0,True,2.0,1,88.399,6049.906,5961.507,26.4,30.8,55.0,False,False,False,False,False,False,False,False,False,True,False
SAI,55,Ferrari,30.0,2.0,HARD,5.0,True,2.0,1,88.184,6138.09,6049.906,26.4,30.8,56.0,False,False,False,False,False,False,False,False,False,True,False
SAI,55,Ferrari,31.0,2.0,HARD,6.0,True,2.0,12,88.388,6226.478,6138.09,26.4,30.6,56.0,False,False,False,False,False,False,True,False,False,False,False
SAI,55,Ferrari,32.0,2.0,HARD,7.0,True,2.0,1,88.333,6314.811,6226.478,26.4,30.5,56.0,False,False,False,False,False,False,False,False,False,True,False
SAI,55,Ferrari,33.0,2.0,HARD,8.0,True,2.0,1,88.37,6403.181,6314.811,26.3,30.5,57.0,False,False,False,False,False,False,False,False,False,True,False
SAI,55,Ferrari,34.0,2.0,HARD,9.0,True,2.0,1,88.251,6491.432,6403.181,26.3,30.4,57.0,False,False,False,False,False,False,False,False,False,True,False
SAI,55,Ferrari,35.0,2.0,HARD,10.0,True,2.0,1,88.22,6579.652,6491.432,26.3,30.3,57.0,False,False,False,False,False,False,False,False,False,True,False
SAI,55,Ferrari,36.0,2.0,HARD,11.0,True,2.0,1,88.367,6668.019,6579.652,26.3,30.3,57.0,False,False,False,False,False,False,False,False,False,True,False
SAI,55,Ferrari,37.0,2.0,HARD,12.0,True,2.0,1,88.202,6756.221,6668.019,26.3,30.3,58.0,False,False,False,False,False,False,False,False,False,True,False
SAI,55,Ferrari,38.0,2.0,HARD,13.0,True,2.0,1,88.103,6844.324,6756.221,26.2,30.4,58.0,False,False,False,False,False,False,False,False,False,True,False
SAI,55,Ferrari,39.0,2.0,HARD,14.0,True,2.0,1,87.924,6932.248,6844.324,26.2,30.1,58.0,False,False,False,False,False,False,False,False,False,True,False
SAI,55,Ferrari,40.0,2.0,HARD,15.0,True,2.0,1,88.662,7020.91,6932.248,26.1,30.2,58.0,False,False,False,False,False,False,False,False,False,True,False
SAI,55,Ferrari,41.0,2.0,HARD,16.0,True,2.0,1,88.032,7108.942,7020.91,26.1,30.1,58.0,False,False,False,False,False,False,False,False,False,True,False
SAI,55,Ferrari,42.0,2.0,HARD,17.0,True,2.0,1,88.255,7197.197,7108.942,26.2,30.2,58.0,False,False,False,False,False,False,False,False,False,True,False
SAI,55,Ferrari,43.0,2.0,HARD,18.0,True,2.0,1,87.854,7285.051,7197.197,26.1,30.1,58.0,False,False,False,False,False,False,False,False,False,True,False
SAI,55,Ferrari,44.0,2.0,HARD,19.0,True,2.0,1,88.148,7373.199,7285.051,26.1,30.1,58.0,False,False,False,False,False,False,False,False,False,True,False
SAI,55,Ferrari,45.0,2.0,HARD,20.0,True,2.0,1,88.331,7461.53,7373.199,26.1,30.0,58.0,False,False,False,False,False,False,False,False,False,True,False
SAI,55,Ferrari,46.0,2.0,HARD,21.0,True,2.0,1,88.682,7550.212,7461.53,26.1,30.0,58.0,False,False,False,False,False,False,False,False,False,True,False
SAI,55,Ferrari,47.0,2.0,HARD,22.0,True,2.0,1,88.404,7638.616,7550.212,26.0,29.7,59.0,False,False,False,False,False,False,False,False,False,True,False
SAI,55,Ferrari,48.0,2.0,HARD,23.0,True,2.0,1,88.144,7726.76,7638.616,26.0,29.7,59.0,False,False,False,False,False,False,False,False,False,True,False
SAI,55,Ferrari,49.0,2.0,HARD,24.0,True,2.0,1,87.871,7814.631,7726.76,26.0,29.6,59.0,False,False,False,False,False,False,False,False,False,True,False
SAI,55,Ferrari,50.0,2.0,HARD,25.0,True,2.0,1,87.885,7902.516,7814.631,26.0,29.5,59.0,False,False,False,False,False,False,False,False,False,True,False
SAI,55,Ferrari,51.0,2.0,HARD,26.0,True,2.0,1,88.476,7990.992,7902.516,26.0,29.4,59.0,False,False,False,False,False,False,False,False,False,True,False
SAI,55,Ferrari,52.0,2.0,HARD,27.0,True,2.0,1,88.266,8079.258,7990.992,25.9,29.4,59.0,False,False,False,False,False,False,False,False,False,True,False
SAI,55,Ferrari,53.0,2.0,HARD,28.0,True,2.0,1,88.297,8167.555,8079.258,25.9,29.4,59.0,False,False,False,False,False,False,False,False,False,True,False
SAI,55,Ferrari,54.0,2.0,HARD,29.0,True,2.0,1,88.183,8255.738,8167.555,25.9,29.4,60.0,False,False,False,False,False,False,False,False,False,True,False
SAI,55,Ferrari,55.0,2.0,HARD,30.0,True,2.0,1,87.765,8343.503,8255.738,25.9,29.3,60.0,False,False,False,False,False,False,False,False,False,True,False
SAI,55,Ferrari,56.0,2.0,HARD,31.0,True,2.0,1,87.825,8431.328,8343.503,25.9,29.4,60.0,False,False,False,False,False,False,False,False,False,True,False
SAI,55,Ferrari,57.0,2.0,HARD,32.0,True,2.0,1,87.851,8519.179,8431.328,25.9,29.4,60.0,False,False,False,False,False,False,False,False,False,True,False
SAI,55,Ferrari,58.0,2.0,HARD,33.0,True,2.0,12,88.031,8607.21,8519.179,25.9,29.3,60.0,False,False,False,False,False,False,True,False,False,False,False
DOO,61,Alpine,1.0,1.0,MEDIUM,1.0,True,16.0,12,101.564,3509.651,3407.817,27.0,32.2,49.0,False,False,False,False,True,False,True,False,False,False,False
DOO,61,Alpine,2.0,1.0,MEDIUM,2.0,True,16.0,26,120.814,3630.465,3509.651,26.9,31.8,49.0,False,False,False,False,True,False,True,False,False,False,False
DOO,61,Alpine,3.0,1.0,MEDIUM,3.0,True,17.0,671,96.802,3727.267,3630.465,26.9,31.8,49.0,False,False,False,False,True,False,True,False,False,False,False
DOO,61,Alpine,4.0,1.0,MEDIUM,4.0,True,17.0,1,90.198,3817.465,3727.267,26.9,31.9,50.0,False,False,False,False,False,False,False,False,False,True,False
DOO,61,Alpine,5.0,1.0,MEDIUM,5.0,True,17.0,1,90.457,3907.922,3817.465,26.8,31.8,50.0,False,False,False,False,False,False,False,False,False,True,False
DOO,61,Alpine,6.0,1.0,MEDIUM,6.0,True,17.0,1,90.503,3998.425,3907.922,26.9,31.8,50.0,False,False,False,False,False,False,False,False,False,True,False
DOO,61,Alpine,7.0,1.0,MEDIUM,7.0,True,16.0,1,90.775,4089.2,3998.425,26.9,31.9,51.0,False,False,False,False,False,False,False,False,False,True,False
DOO,61,Alpine,8.0,1.0,MEDIUM,8.0,True,16.0,1,90.952,4180.152,4089.2,26.9,31.5,51.0,False,False,False,False,False,False,False,False,False,True,False
DOO,61,Alpine,9.0,1.0,MEDIUM,9.0,True,16.0,1,90.96,4271.112,4180.152,26.8,31.7,51.0,False,False,False,False,False,False,False,False,False,True,False
DOO,61,Alpine,10.0,1.0,MEDIUM,10.0,True,16.0,1,91.054,4362.166,4271.112,26.9,31.7,51.0,False,False,False,False,False,False,False,False,True,False,False
DOO,61,Alpine,11.0,1.0,MEDIUM,11.0,True,16.0,1,90.825,4452.991,4362.166,26.8,31.5,51.0,False,False,False,False,False,False,False,False,False,True,False
DOO,61,Alpine,12.0,1.0,MEDIUM,12.0,True,15.0,1,90.859,4543.85,4452.991,26.8,31.6,52.0,False,False,False,False,False,False,False,False,False,True,False
DOO,61,Alpine,13.0,1.0,MEDIUM,13.0,True,12.0,1,90.584,4634.434,4543.85,26.8,31.5,52.0,False,False,False,False,False,False,False,False,False,True,False
DOO,61,Alpine,14.0,1.0,MEDIUM,14.0,True,10.0,1,90.61,4725.044,4634.434,26.8,31.3,51.0,False,False,False,False,False,False,False,False,False,True,False
DOO,61,Alpine,15.0,1.0,MEDIUM,15.0,True,10.0,1,92.119,4817.163,4725.044,26.8,31.3,52.0,False,False,False,False,False,False,False,False,False,True,False
DOO,61,Alpine,16.0,1.0,MEDIUM,16.0,True,10.0,1,91.1,4908.263,4817.163,26.7,31.3,52.0,False,False,False,False,False,False,False,False,False,True,False
DOO,61,Alpine,17.0,1.0,MEDIUM,17.0,True,11.0,1,91.563,4999.826,4908.263,26.6,31.2,52.0,False,False,False,False,False,False,False,False,False,True,False
DOO,61,Alpine,18.0,1.0,MEDIUM,18.0,True,11.0,1,90.964,5090.79,4999.826,26.7,31.3,52.0,False,False,False,False,False,False,False,False,False,True,False
DOO,61,Alpine,19.0,1.0,MEDIUM,19.0,True,11.0,1,90.902,5181.692,5090.79,26.6,31.4,52.0,False,False,False,False,False,False,False,False,False,True,False
DOO,61,Alpine,20.0,1.0,MEDIUM,20.0,True,11.0,1,90.94,5272.632,5181.692,26.7,31.3,52.0,False,False,False,False,False,False,False,False,False,True,False
DOO,61,Alpine,21.0,1.0,MEDIUM,21.0,True,11.0,1,90.92,5363.552,5272.632,26.6,31.3,53.0,False,False,False,False,False,False,False,False,False,True,False
DOO,61,Alpine,22.0,1.0,MEDIUM,22.0,True,13.0,1,93.037,5456.589,5363.552,26.6,31.0,53.0,False,True,False,False,True,False,False,False,False,False,False
DOO,61,Alpine,23.0,2.0,HARD,1.0,True,18.0,1,110.994,5567.583,5456.589,26.6,31.1,53.0,False,False,True,False,True,False,False,False,False,False,False
DOO,61,Alpine,24.0,2.0,HARD,2.0,True,18.0,1,89.815,5657.398,5567.583,26.5,30.9,54.0,False,False,False,False,False,False,False,False,True,False,False
DOO,61,Alpine,25.0,2.0,HARD,3.0,True,16.0,1,89.949,5747.347,5657.398,26.5,30.9,54.0,False,False,False,False,False,False,False,False,False,True,False
DOO,61,Alpine,26.0,2.0,HARD,4.0,True,16.0,1,90.411,5837.758,5747.347,26.5,30.8,54.0,False,False,False,False,False,False,False,False,False,True,False
DOO,61,Alpine,27.0,2.0,HARD,5.0,True,16.0,1,90.173,5927.931,5837.758,26.4,30.8,55.0,False,False,False,False,False,False,False,False,False,True,False
DOO,61,Alpine,28.0,2.0,HARD,6.0,True,16.0,1,90.089,6018.02,5927.931,26.4,30.8,55.0,False,False,False,False,False,False,False,False,False,True,False
DOO,61,Alpine,29.0,2.0,HARD,7.0,True,16.0,1,90.212,6108.232,6018.02,26.4,30.8,55.0,False,False,False,False,False,False,False,False,False,True,False
DOO,61,Alpine,30.0,2.0,HARD,8.0,True,15.0,12,90.119,6198.351,6108.232,26.4,30.6,56.0,False,False,False,False,False,False,True,False,False,False,False
DOO,61,Alpine,31.0,2.0,HARD,9.0,True,15.0,1,90.072,6288.423,6198.351,26.4,30.5,56.0,False,False,False,False,False,False,False,False,False,True,False
DOO,61,Alpine,32.0,2.0,HARD,10.0,True,15.0,1,90.404,6378.827,6288.423,26.3,30.5,57.0,False,False,False,False,False,False,False,False,False,True,False
DOO,61,Alpine,33.0,2.0,HARD,11.0,True,13.0,1,90.131,6468.958,6378.827,26.3,30.6,57.0,False,False,False,False,False,False,False,False,False,True,False
DOO,61,Alpine,34.0,2.0,HARD,12.0,True,13.0,1,90.025,6558.983,6468.958,26.3,30.3,57.0,False,False,False,False,False,False,False,False,False,True,False
DOO,61,Alpine,35.0,2.0,HARD,13.0,True,13.0,1,89.713,6648.696,6558.983,26.3,30.4,57.0,False,False,False,False,False,False,False,False,False,True,False
DOO,61,Alpine,36.0,2.0,HARD,14.0,True,13.0,1,89.449,6738.145,6648.696,26.3,30.3,58.0,False,False,False,False,False,False,False,False,False,True,False
DOO,61,Alpine,37.0,2.0,HARD,15.0,True,13.0,1,89.495,6827.64,6738.145,26.3,30.3,58.0,False,False,False,False,False,False,False,False,False,True,False
DOO,61,Alpine,38.0,2.0,HARD,16.0,True,13.0,1,89.501,6917.141,6827.64,26.2,30.1,58.0,False,False,False,False,False,False,False,False,False,True,False
DOO,61,Alpine,39.0,2.0,HARD,17.0,True,14.0,1,90.663,7007.804,6917.141,26.2,30.2,58.0,False,False,False,False,False,False,False,False,False,True,False
DOO,61,Alpine,40.0,2.0,HARD,18.0,True,14.0,1,90.987,7098.791,7007.804,26.1,30.1,58.0,False,False,False,False,False,False,False,False,False,True,False
DOO,61,Alpine,41.0,2.0,HARD,19.0,True,14.0,1,90.023,7188.814,7098.791,26.2,30.2,58.0,False,False,False,False,False,False,False,False,False,True,False
DOO,61,Alpine,42.0,2.0,HARD,20.0,True,14.0,1,89.592,7278.406,7188.814,26.1,30.1,58.0,False,False,False,False,False,False,False,False,True,False,False
DOO,61,Alpine,43.0,2.0,HARD,21.0,True,14.0,1,91.232,7369.638,7278.406,26.1,30.1,58.0,False,False,False,False,False,False,False,False,False,True,False
DOO,61,Alpine,44.0,2.0,HARD,22.0,True,14.0,1,89.753,7459.391,7369.638,26.1,30.0,58.0,False,False,False,False,False,False,False,False,False,True,False
DOO,61,Alpine,45.0,2.0,HARD,23.0,True,14.0,1,89.493,7548.884,7459.391,26.1,30.0,58.0,False,False,False,False,False,False,False,False,False,True,False
DOO,61,Alpine,46.0,2.0,HARD,24.0,True,14.0,1,92.136,7641.02,7548.884,26.0,29.7,59.0,False,False,False,False,False,False,False,False,False,True,False
DOO,61,Alpine,47.0,2.0,HARD,25.0,True,14.0,1,89.753,7730.773,7641.02,26.0,29.7,59.0,False,False,False,False,False,False,False,False,False,True,False
DOO,61,Alpine,48.0,2.0,HARD,26.0,True,14.0,1,89.454,7820.227,7730.773,26.0,29.6,59.0,False,False,False,False,False,False,False,False,False,True,False
DOO,61,Alpine,49.0,2.0,HARD,27.0,True,14.0,1,89.617,7909.844,7820.227,26.0,29.5,59.0,False,False,False,False,False,False,False,False,False,True,False
DOO,61,Alpine,50.0,2.0,HARD,28.0,True,14.0,1,90.537,8000.381,7909.844,26.0,29.4,59.0,False,False,False,False,False,False,False,False,False,True,False
DOO,61,Alpine,51.0,2.0,HARD,29.0,True,15.0,1,90.38,8090.761,8000.381,25.9,29.4,59.0,False,False,False,False,False,False,False,False,False,True,False
DOO,61,Alpine,52.0,2.0,HARD,30.0,True,15.0,1,89.582,8180.343,8090.761,25.9,29.4,59.0,False,False,False,False,False,False,False,False,False,True,False
DOO,61,Alpine,53.0,2.0,HARD,31.0,True,15.0,1,89.717,8270.06,8180.343,25.9,29.4,60.0,False,False,False,False,False,False,False,False,False,True,False
DOO,61,Alpine,54.0,2.0,HARD,32.0,True,15.0,1,89.539,8359.599,8270.06,25.9,29.3,60.0,False,False,False,False,False,False,False,False,False,True,False
DOO,61,Alpine,55.0,2.0,HARD,33.0,True,15.0,1,89.647,8449.246,8359.599,25.9,29.4,60.0,False,False,False,False,False,False,False,False,False,True,False
DOO,61,Alpine,56.0,2.0,HARD,34.0,True,15.0,12,89.121,8538.367,8449.246,25.9,29.4,60.0,False,False,False,False,False,False,True,False,False,False,False
DOO,61,Alpine,57.0,2.0,HARD,35.0,True,15.0,21,89.566,8627.933,8538.367,25.9,29.3,60.0,False,False,False,False,False,False,True,False,False,False,False
RUS,63,Mercedes,1.0,1.0,MEDIUM,2.0,False,4.0,12,94.679,3502.766,3407.817,27.0,32.2,49.0,False,False,False,False,True,False,True,False,False,False,False
RUS,63,Mercedes,2.0,1.0,MEDIUM,3.0,False,4.0,126,109.838,3612.604,3502.766,26.9,31.8,49.0,False,False,False,False,True,False,True,False,False,False,False
RUS,63,Mercedes,3.0,1.0,MEDIUM,4.0,False,4.0,671,102.811,3715.415,3612.604,27.0,31.8,49.0,False,False,False,False,True,False,True,False,False,False,False
RUS,63,Mercedes,4.0,1.0,MEDIUM,5.0,False,4.0,1,89.488,3804.903,3715.415,26.9,31.9,50.0,False,False,False,False,False,False,False,False,False,True,False
RUS,63,Mercedes,5.0,1.0,MEDIUM,6.0,False,4.0,1,89.796,3894.699,3804.903,26.9,31.7,50.0,False,False,False,False,False,False,False,False,False,True,False
RUS,63,Mercedes,6.0,1.0,MEDIUM,7.0,False,4.0,1,89.791,3984.49,3894.699,26.9,31.8,50.0,False,False,False,False,False,False,False,False,False,True,False
RUS,63,Mercedes,7.0,1.0,MEDIUM,8.0,False,4.0,1,89.738,4074.228,3984.49,26.8,31.8,50.0,False,False,False,False,False,False,False,False,False,True,False
RUS,63,Mercedes,8.0,1.0,MEDIUM,9.0,False,4.0,1,89.988,4164.216,4074.228,26.9,31.5,51.0,False,False,False,False,False,False,False,False,False,True,False
RUS,63,Mercedes,9.0,1.0,MEDIUM,10.0,False,4.0,1,89.816,4254.032,4164.216,26.8,31.6,51.0,False,False,False,False,False,False,False,False,False,True,False
RUS,63,Mercedes,10.0,1.0,MEDIUM,11.0,False,4.0,1,90.056,4344.088,4254.032,26.9,31.7,51.0,False,False,False,False,False,False,False,False,False,True,False
RUS,63,Mercedes,11.0,1.0,MEDIUM,12.0,False,4.0,1,90.055,4434.143,4344.088,26.9,31.2,51.0,False,False,False,False,False,False,False,False,False,True,False
RUS,63,Mercedes,12.0,1.0,MEDIUM,13.0,False,4.0,1,90.038,4524.181,4434.143,26.8,31.6,52.0,False,False,False,False,False,False,False,False,False,True,False
RUS,63,Mercedes,13.0,1.0,MEDIUM,14.0,False,4.0,1,90.08,4614.261,4524.181,26.8,31.6,52.0,False,False,False,False,False,False,False,False,False,True,False
RUS,63,Mercedes,14.0,1.0,MEDIUM,15.0,False,3.0,1,89.967,4704.228,4614.261,26.8,31.3,51.0,False,False,False,False,False,False,False,False,False,True,False
RUS,63,Mercedes,15.0,1.0,MEDIUM,16.0,False,3.0,1,90.094,4794.322,4704.228,26.8,31.3,52.0,False,False,False,False,False,False,False,False,False,True,False
RUS,63,Mercedes,16.0,1.0,MEDIUM,17.0,False,3.0,1,89.795,4884.117,4794.322,26.7,31.3,52.0,False,False,False,False,False,False,False,False,False,True,False
RUS,63,Mercedes,17.0,1.0,MEDIUM,18.0,False,3.0,1,89.766,4973.883,4884.117,26.7,31.2,52.0,False,False,False,False,False,False,False,False,False,True,False
RUS,63,Mercedes,18.0,1.0,MEDIUM,19.0,False,3.0,1,89.919,5063.802,4973.883,26.7,31.3,52.0,False,False,False,False,False,False,False,False,False,True,False
RUS,63,Mercedes,19.0,1.0,MEDIUM,20.0,False,3.0,1,89.857,5153.659,5063.802,26.7,31.3,52.0,False,False,False,False,False,False,False,False,False,True,False
RUS,63,Mercedes,20.0,1.0,MEDIUM,21.0,False,3.0,1,89.903,5243.562,5153.659,26.7,31.3,52.0,False,False,False,False,False,False,False,False,False,True,False
RUS,63,Mercedes,21.0,1.0,MEDIUM,22.0,False,3.0,1,90.368,5333.93,5243.562,26.6,31.2,53.0,False,False,False,False,False,False,False,False,False,True,False
RUS,63,Mercedes,22.0,1.0,MEDIUM,23.0,False,3.0,1,89.896,5423.826,5333.93,26.6,31.0,53.0,False,False,False,False,False,False,False,False,False,True,False
RUS,63,Mercedes,23.0,1.0,MEDIUM,24.0,False,3.0,1,90.295,5514.121,5423.826,26.5,31.0,53.0,False,False,False,False,False,False,False,False,False,True,False
RUS,63,Mercedes,24.0,1.0,MEDIUM,25.0,False,3.0,1,89.922,5604.043,5514.121,26.5,31.1,53.0,False,False,False,False,False,False,False,False,False,True,False
RUS,63,Mercedes,25.0,1.0,MEDIUM,26.0,False,3.0,1,89.945,5693.988,5604.043,26.5,30.9,54.0,False,False,False,False,False,False,False,False,False,True,False
RUS,63,Mercedes,26.0,1.0,MEDIUM,27.0,False,3.0,1,92.057,5786.045,5693.988,26.5,30.9,54.0,False,True,False,False,True,False,False,False,False,False,False
RUS,63,Mercedes,27.0,2.0,HARD,1.0,True,6.0,1,108.853,5894.898,5786.045,26.4,30.8,55.0,False,False,True,False,True,False,False,False,False,False,False
RUS,63,Mercedes,28.0,2.0,HARD,2.0,True,6.0,1,88.47,5983.368,5894.898,26.4,30.7,55.0,False,False,False,False,False,False,False,False,False,True,False
RUS,63,Mercedes,29.0,2.0,HARD,3.0,True,6.0,1,88.48,6071.848,5983.368,26.4,30.8,55.0,False,False,False,False,False,False,False,False,False,True,False
RUS,63,Mercedes,30.0,2.0,HARD,4.0,True,5.0,12,88.35,6160.198,6071.848,26.4,30.8,56.0,False,False,False,False,False,False,True,False,False,False,False
RUS,63,Mercedes,31.0,2.0,HARD,5.0,True,5.0,21,88.981,6249.179,6160.198,26.4,30.5,56.0,False,False,False,False,False,False,True,False,False,False,False
RUS,63,Mercedes,32.0,2.0,HARD,6.0,True,5.0,1,88.447,6337.626,6249.179,26.4,30.5,56.0,False,False,False,False,False,False,False,False,False,True,False
RUS,63,Mercedes,33.0,2.0,HARD,7.0,True,5.0,1,88.611,6426.237,6337.626,26.3,30.6,57.0,False,False,False,False,False,False,False,False,False,True,False
RUS,63,Mercedes,34.0,2.0,HARD,8.0,True,5.0,1,88.373,6514.61,6426.237,26.3,30.4,57.0,False,False,False,False,False,False,False,False,False,True,False
RUS,63,Mercedes,35.0,2.0,HARD,9.0,True,4.0,1,88.473,6603.083,6514.61,26.3,30.4,57.0,False,False,False,False,False,False,False,False,False,True,False
RUS,63,Mercedes,36.0,2.0,HARD,10.0,True,4.0,1,88.501,6691.584,6603.083,26.3,30.3,57.0,False,False,False,False,False,False,False,False,True,False,False
RUS,63,Mercedes,37.0,2.0,HARD,11.0,True,4.0,1,88.498,6780.082,6691.584,26.3,30.3,58.0,False,False,False,False,False,False,False,False,False,True,False
RUS,63,Mercedes,38.0,2.0,HARD,12.0,True,4.0,1,88.463,6868.545,6780.082,26.2,30.4,58.0,False,False,False,False,False,False,False,False,False,True,False
RUS,63,Mercedes,39.0,2.0,HARD,13.0,True,4.0,1,88.329,6956.874,6868.545,26.2,30.1,58.0,False,False,False,False,False,False,False,False,False,True,False
RUS,63,Mercedes,40.0,2.0,HARD,14.0,True,4.0,1,88.454,7045.328,6956.874,26.1,30.2,58.0,False,False,False,False,False,False,False,False,False,True,False
RUS,63,Mercedes,41.0,2.0,HARD,15.0,True,4.0,1,88.677,7134.005,7045.328,26.1,30.1,58.0,False,False,False,False,False,False,False,False,False,True,False
RUS,63,Mercedes,42.0,2.0,HARD,16.0,True,4.0,1,88.438,7222.443,7134.005,26.1,30.0,58.0,False,False,False,False,False,False,False,False,False,True,False
RUS,63,Mercedes,43.0,2.0,HARD,17.0,True,4.0,1,88.329,7310.772,7222.443,26.1,30.1,58.0,False,False,False,False,False,False,False,False,False,True,False
RUS,63,Mercedes,44.0,2.0,HARD,18.0,True,4.0,1,88.436,7399.208,7310.772,26.1,30.1,58.0,False,False,False,False,False,False,False,False,False,True,False
RUS,63,Mercedes,45.0,2.0,HARD,19.0,True,4.0,1,88.709,7487.917,7399.208,26.1,30.0,58.0,False,False,False,False,False,False,False,False,False,True,False
RUS,63,Mercedes,46.0,2.0,HARD,20.0,True,4.0,1,88.549,7576.466,7487.917,26.0,29.8,58.0,False,False,False,False,False,False,False,False,False,True,False
RUS,63,Mercedes,47.0,2.0,HARD,21.0,True,4.0,1,88.836,7665.302,7576.466,26.0,29.7,59.0,False,False,False,False,False,False,False,False,False,True,False
RUS,63,Mercedes,48.0,2.0,HARD,22.0,True,4.0,1,88.505,7753.807,7665.302,26.0,29.7,59.0,False,False,False,False,False,False,False,False,False,True,False
RUS,63,Mercedes,49.0,2.0,HARD,23.0,True,4.0,1,88.42,7842.227,7753.807,26.0,29.6,59.0,False,False,False,False,False,False,False,False,False,True,False
RUS,63,Mercedes,50.0,2.0,HARD,24.0,True,4.0,1,88.623,7930.85,7842.227,26.0,29.6,59.0,False,False,False,False,False,False,False,False,False,True,False
RUS,63,Mercedes,51.0,2.0,HARD,25.0,True,4.0,1,88.25,8019.1,7930.85,26.0,29.4,59.0,False,False,False,False,False,False,False,False,False,True,False
RUS,63,Mercedes,52.0,2.0,HARD,26.0,True,4.0,1,88.394,8107.494,8019.1,25.9,29.4,59.0,False,False,False,False,False,False,False,False,True,False,False
RUS,63,Mercedes,53.0,2.0,HARD,27.0,True,4.0,1,88.687,8196.181,8107.494,25.9,29.4,59.0,False,False,False,False,False,False,False,False,False,True,False
RUS,63,Mercedes,54.0,2.0,HARD,28.0,True,4.0,1,88.38,8284.561,8196.181,25.9,29.3,60.0,False,False,False,False,False,False,False,False,False,True,False
RUS,63,Mercedes,55.0,2.0,HARD,29.0,True,4.0,1,88.361,8372.922,8284.561,25.9,29.3,60.0,False,False,False,False,False,False,False,False,False,True,False
RUS,63,Mercedes,56.0,2.0,HARD,30.0,True,4.0,1,88.195,8461.117,8372.922,25.9,29.4,60.0,False,False,False,False,False,False,False,False,False,True,False
RUS,63,Mercedes,57.0,2.0,HARD,31.0,True,4.0,12,88.207,8549.324,8461.117,25.9,29.4,60.0,False,False,False,False,False,False,True,False,False,False,False
RUS,63,Mercedes,58.0,2.0,HARD,32.0,True,5.0,21,89.592,8638.916,8549.324,25.9,29.3,60.0,False,False,False,False,False,False,True,False,False,False,False
BOT,77,Kick Sauber,1.0,1.0,MEDIUM,1.0,True,13.0,12,100.183,3508.27,3407.817,27.0,32.2,49.0,False,False,False,False,True,False,True,False,False,False,False
BOT,77,Kick Sauber,2.0,1.0,MEDIUM,2.0,True,13.0,126,117.544,3625.814,3508.27,26.9,31.8,49.0,False,False,False,False,True,False,True,False,False,False,False
BOT,77,Kick Sauber,3.0,1.0,MEDIUM,3.0,True,13.0,671,98.101,3723.915,3625.814,26.9,31.8,49.0,False,False,False,False,True,False,True,False,False,False,False
BOT,77,Kick Sauber,4.0,1.0,MEDIUM,4.0,True,13.0,1,89.944,3813.859,3723.915,26.9,31.9,50.0,False,False,False,False,False,False,False,False,False,True,False
BOT,77,Kick Sauber,5.0,1.0,MEDIUM,5.0,True,13.0,1,90.474,3904.333,3813.859,26.8,31.8,50.0,False,False,False,False,False,False,False,False,False,True,False
BOT,77,Kick Sauber,6.0,1.0,MEDIUM,6.0,True,16.0,1,93.388,3997.721,3904.333,26.9,31.8,50.0,False,True,False,False,True,False,False,False,False,False,False
BOT,77,Kick Sauber,7.0,2.0,HARD,1.0,True,18.0,1,130.132,4127.853,3997.721,26.9,31.9,51.0,False,False,True,False,True,False,False,False,False,False,False
BOT,77,Kick Sauber,8.0,2.0,HARD,2.0,True,18.0,1,89.597,4217.45,4127.853,26.8,31.6,51.0,False,False,False,False,False,False,False,False,False,True,False
BOT,77,Kick Sauber,9.0,2.0,HARD,3.0,True,18.0,1,89.903,4307.353,4217.45,26.8,31.7,51.0,False,False,False,False,False,False,False,False,False,True,False
BOT,77,Kick Sauber,10.0,2.0,HARD,4.0,True,18.0,1,89.838,4397.191,4307.353,26.9,31.2,51.0,False,False,False,False,False,False,False,False,False,True,False
BOT,77,Kick Sauber,11.0,2.0,HARD,5.0,True,18.0,1,89.893,4487.084,4397.191,26.8,31.5,51.0,False,False,False,False,False,False,False,False,False,True,False
BOT,77,Kick Sauber,12.0,2.0,HARD,6.0,True,18.0,1,89.883,4576.967,4487.084,26.8,31.6,52.0,False,False,False,False,False,False,False,False,False,True,False
BOT,77,Kick Sauber,13.0,2.0,HARD,7.0,True,18.0,1,89.812,4666.779,4576.967,26.8,31.5,52.0,False,False,False,False,False,False,False,False,False,True,False
BOT,77,Kick Sauber,14.0,2.0,HARD,8.0,True,18.0,1,89.482,4756.261,4666.779,26.8,31.3,52.0,False,False,False,False,False,False,False,False,False,True,False
BOT,77,Kick Sauber,15.0,2.0,HARD,9.0,True,18.0,1,89.572,4845.833,4756.261,26.8,31.3,52.0,False,False,False,False,False,False,False,False,False,True,False
BOT,77,Kick Sauber,16.0,2.0,HARD,10.0,True,18.0,1,89.582,4935.415,4845.833,26.7,31.2,52.0,False,False,False,False,False,False,False,False,False,True,False
BOT,77,Kick Sauber,17.0,2.0,HARD,11.0,True,18.0,1,89.819,5025.234,4935.415,26.6,31.2,52.0,False,False,False,False,False,False,False,False,False,True,False
BOT,77,Kick Sauber,18.0,2.0,HARD,12.0,True,18.0,1,89.68,5114.914,5025.234,26.7,31.3,52.0,False,False,False,False,False,False,False,False,False,True,False
BOT,77,Kick Sauber,19.0,2.0,HARD,13.0,True,18.0,1,90.046,5204.96,5114.914,26.6,31.4,52.0,False,False,False,False,False,False,False,False,False,True,False
BOT,77,Kick Sauber,20.0,2.0,HARD,14.0,True,18.0,1,90.103,5295.063,5204.96,26.6,31.2,53.0,False,False,False,False,False,False,False,False,False,True,False
BOT,77,Kick Sauber,21.0,2.0,HARD,15.0,True,18.0,1,89.823,5384.886,5295.063,26.6,31.3,53.0,False,False,False,False,False,False,False,False,False,True,False
BOT,77,Kick Sauber,22.0,2.0,HARD,16.0,True,18.0,1,90.476,5475.362,5384.886,26.5,31.0,53.0,False,False,False,False,False,False,False,False,False,True,False
BOT,77,Kick Sauber,23.0,2.0,HARD,17.0,True,17.0,1,90.799,5566.161,5475.362,26.6,31.1,53.0,False,False,False,False,False,False,False,False,False,True,False
BOT,77,Kick Sauber,24.0,2.0,HARD,18.0,True,17.0,1,90.673,5656.834,5566.161,26.5,30.9,54.0,False,False,False,False,False,False,False,False,False,True,False
BOT,77,Kick Sauber,25.0,2.0,HARD,19.0,True,17.0,1,91.52,5748.354,5656.834,26.5,30.9,54.0,False,False,False,False,False,False,False,False,False,True,False
BOT,77,Kick Sauber,26.0,2.0,HARD,20.0,True,17.0,1,91.252,5839.606,5748.354,26.5,30.8,54.0,False,False,False,False,False,False,False,False,False,True,False
BOT,77,Kick Sauber,27.0,2.0,HARD,21.0,True,17.0,1,90.814,5930.42,5839.606,26.4,30.8,55.0,False,False,False,False,False,False,False,False,False,True,False
BOT,77,Kick Sauber,28.0,2.0,HARD,22.0,True,17.0,1,90.702,6021.122,5930.42,26.4,30.8,55.0,False,False,False,False,False,False,False,False,False,True,False
BOT,77,Kick Sauber,29.0,2.0,HARD,23.0,True,17.0,1,90.691,6111.813,6021.122,26.4,30.8,55.0,False,False,False,False,False,False,False,False,False,True,False
BOT,77,Kick Sauber,30.0,2.0,HARD,24.0,True,18.0,12,143.554,6255.367,6111.813,26.4,30.5,56.0,False,True,False,False,True,False,True,False,False,False,False
PIA,81,McLaren,1.0,1.0,MEDIUM,1.0,True,19.0,12,103.757,3511.844,3407.817,27.0,32.2,49.0,False,False,False,False,True,False,True,False,False,False,False
PIA,81,McLaren,2.0,1.0,MEDIUM,2.0,True,19.0,26,121.916,3633.76,3511.844,26.9,31.8,49.0,False,False,False,False,True,False,True,False,False,False,False
PIA,81,McLaren,3.0,1.0,MEDIUM,3.0,True,18.0,671,94.86,3728.62,3633.76,26.9,31.8,49.0,False,False,False,False,True,False,True,False,False,False,False
PIA,81,McLaren,4.0,1.0,MEDIUM,4.0,True,18.0,1,92.201,3820.821,3728.62,26.9,31.9,50.0,False,True,False,False,True,False,False,False,False,False,False
PIA,81,McLaren,5.0,2.0,HARD,1.0,True,18.0,1,110.887,3931.708,3820.821,26.8,31.8,50.0,False,False,True,False,True,False,False,False,False,False,False
PIA,81,McLaren,6.0,2.0,HARD,2.0,True,18.0,1,88.95,4020.658,3931.708,26.8,31.8,50.0,False,False,False,False,False,False,False,False,False,True,False
PIA,81,McLaren,7.0,2.0,HARD,3.0,True,17.0,1,89.152,4109.81,4020.658,26.9,31.9,51.0,False,False,False,False,False,False,False,False,False,True,False
PIA,81,McLaren,8.0,2.0,HARD,4.0,True,17.0,1,89.482,4199.292,4109.81,26.8,31.6,51.0,False,False,False,False,False,False,False,False,False,True,False
PIA,81,McLaren,9.0,2.0,HARD,5.0,True,17.0,1,89.553,4288.845,4199.292,26.8,31.7,51.0,False,False,False,False,False,False,False,False,False,True,False
PIA,81,McLaren,10.0,2.0,HARD,6.0,True,17.0,1,89.669,4378.514,4288.845,26.9,31.2,51.0,False,False,False,False,False,False,False,False,False,True,False
PIA,81,McLaren,11.0,2.0,HARD,7.0,True,17.0,1,89.317,4467.831,4378.514,26.8,31.5,51.0,False,False,False,False,False,False,False,False,False,True,False
PIA,81,McLaren,12.0,2.0,HARD,8.0,True,17.0,1,89.841,4557.672,4467.831,26.8,31.6,52.0,False,False,False,False,False,False,False,False,False,True,False
PIA,81,McLaren,13.0,2.0,HARD,9.0,True,14.0,1,89.567,4647.239,4557.672,26.8,31.5,52.0,False,False,False,False,False,False,False,False,False,True,False
PIA,81,McLaren,14.0,2.0,HARD,10.0,True,13.0,1,89.319,4736.558,4647.239,26.8,31.3,51.0,False,False,False,False,False,False,False,False,True,False,False
PIA,81,McLaren,15.0,2.0,HARD,11.0,True,13.0,1,89.895,4826.453,4736.558,26.8,31.3,52.0,False,False,False,False,False,False,False,False,False,True,False
PIA,81,McLaren,16.0,2.0,HARD,12.0,True,13.0,1,89.904,4916.357,4826.453,26.7,31.3,52.0,False,False,False,False,False,False,False,False,False,True,False
PIA,81,McLaren,17.0,2.0,HARD,13.0,True,13.0,1,89.659,5006.016,4916.357,26.6,31.2,52.0,False,False,False,False,False,False,False,False,False,True,False
PIA,81,McLaren,18.0,2.0,HARD,14.0,True,13.0,1,89.607,5095.623,5006.016,26.7,31.3,52.0,False,False,False,False,False,False,False,False,False,True,False
PIA,81,McLaren,19.0,2.0,HARD,15.0,True,13.0,1,90.058,5185.681,5095.623,26.6,31.4,52.0,False,False,False,False,False,False,False,False,False,True,False
PIA,81,McLaren,20.0,2.0,HARD,16.0,True,13.0,1,90.191,5275.872,5185.681,26.7,31.3,52.0,False,False,False,False,False,False,False,False,False,True,False
PIA,81,McLaren,21.0,2.0,HARD,17.0,True,13.0,1,90.277,5366.149,5275.872,26.6,31.3,53.0,False,False,False,False,False,False,False,False,False,True,False
PIA,81,McLaren,22.0,2.0,HARD,18.0,True,12.0,1,90.173,5456.322,5366.149,26.6,31.0,53.0,False,False,False,False,False,False,False,False,False,True,False
PIA,81,McLaren,23.0,2.0,HARD,19.0,True,11.0,1,89.661,5545.983,5456.322,26.6,31.1,53.0,False,False,False,False,False,False,False,False,False,True,False
PIA,81,McLaren,24.0,2.0,HARD,20.0,True,10.0,1,89.79,5635.773,5545.983,26.5,31.1,53.0,False,False,False,False,False,False,False,False,False,True,False
PIA,81,McLaren,25.0,2.0,HARD,21.0,True,10.0,1,89.894,5725.667,5635.773,26.5,30.9,54.0,False,False,False,False,False,False,False,False,False,True,False
PIA,81,McLaren,26.0,2.0,HARD,22.0,True,10.0,1,89.669,5815.336,5725.667,26.5,30.9,54.0,False,False,False,False,False,False,False,False,False,True,False
PIA,81,McLaren,27.0,2.0,HARD,23.0,True,10.0,1,89.631,5904.967,5815.336,26.4,30.8,55.0,False,False,False,False,False,False,False,False,False,True,False
PIA,81,McLaren,28.0,2.0,HARD,24.0,True,10.0,1,90.036,5995.003,5904.967,26.4,30.7,55.0,False,False,False,False,False,False,False,False,False,True,False
PIA,81,McLaren,29.0,2.0,HARD,25.0,True,10.0,1,89.735,6084.738,5995.003,26.4,30.8,55.0,False,False,False,False,False,False,False,False,True,False,False
PIA,81,McLaren,30.0,2.0,HARD,26.0,True,9.0,12,89.907,6174.645,6084.738,26.4,30.8,56.0,False,False,False,False,False,False,True,False,False,False,False
PIA,81,McLaren,31.0,2.0,HARD,27.0,True,9.0,1,90.169,6264.814,6174.645,26.4,30.5,56.0,False,False,False,False,False,False,False,False,False,True,False
PIA,81,McLaren,32.0,2.0,HARD,28.0,True,9.0,1,91.627,6356.441,6264.814,26.4,30.5,56.0,False,True,False,False,True,False,False,False,False,False,False
PIA,81,McLaren,33.0,3.0,HARD,1.0,True,15.0,1,120.448,6476.889,6356.441,26.3,30.6,57.0,False,False,True,False,True,False,False,False,False,False,False
PIA,81,McLaren,34.0,3.0,HARD,2.0,True,15.0,1,88.576,6565.465,6476.889,26.3,30.3,57.0,False,False,False,False,False,False,False,False,False,True,False
PIA,81,McLaren,35.0,3.0,HARD,3.0,True,15.0,1,88.193,6653.658,6565.465,26.3,30.4,57.0,False,False,False,False,False,False,False,False,False,True,False
PIA,81,McLaren,36.0,3.0,HARD,4.0,True,15.0,1,87.931,6741.589,6653.658,26.3,30.3,58.0,False,False,False,False,False,False,False,False,False,True,False
PIA,81,McLaren,37.0,3.0,HARD,5.0,True,15.0,1,88.469,6830.058,6741.589,26.3,30.3,58.0,False,False,False,False,False,False,False,False,False,True,False
PIA,81,McLaren,38.0,3.0,HARD,6.0,True,14.0,1,88.238,6918.296,6830.058,26.2,30.1,58.0,False,False,False,False,False,False,False,False,False,True,False
PIA,81,McLaren,39.0,3.0,HARD,7.0,True,13.0,1,88.206,7006.502,6918.296,26.2,30.2,58.0,False,False,False,False,False,False,False,False,False,True,False
PIA,81,McLaren,40.0,3.0,HARD,8.0,True,12.0,1,88.325,7094.827,7006.502,26.1,30.1,58.0,False,False,False,False,False,False,False,False,False,True,False
PIA,81,McLaren,41.0,3.0,HARD,9.0,True,12.0,1,88.112,7182.939,7094.827,26.2,30.2,58.0,False,False,False,False,False,False,False,False,False,True,False
PIA,81,McLaren,42.0,3.0,HARD,10.0,True,12.0,1,88.067,7271.006,7182.939,26.1,30.1,58.0,False,False,False,False,False,False,False,False,False,True,False
PIA,81,McLaren,43.0,3.0,HARD,11.0,True,12.0,1,88.052,7359.058,7271.006,26.1,30.1,58.0,False,False,False,False,False,False,False,False,False,True,False
PIA,81,McLaren,44.0,3.0,HARD,12.0,True,12.0,1,88.497,7447.555,7359.058,26.1,30.0,58.0,False,False,False,False,False,False,False,False,False,True,False
PIA,81,McLaren,45.0,3.0,HARD,13.0,True,12.0,1,90.015,7537.57,7447.555,26.1,30.0,58.0,False,False,False,False,False,False,False,False,True,False,False
PIA,81,McLaren,46.0,3.0,HARD,14.0,True,12.0,1,89.677,7627.247,7537.57,26.0,29.7,59.0,False,False,False,False,False,False,False,False,False,True,False
PIA,81,McLaren,47.0,3.0,HARD,15.0,True,12.0,1,89.671,7716.918,7627.247,26.0,29.7,59.0,False,False,False,False,False,False,False,False,False,True,False
PIA,81,McLaren,48.0,3.0,HARD,16.0,True,11.0,1,88.407,7805.325,7716.918,26.0,29.6,59.0,False,False,False,False,False,False,False,False,False,True,False
PIA,81,McLaren,49.0,3.0,HARD,17.0,True,11.0,1,87.928,7893.253,7805.325,26.0,29.5,59.0,False,False,False,False,False,False,False,False,False,True,False
PIA,81,McLaren,50.0,3.0,HARD,18.0,True,11.0,1,87.705,7980.958,7893.253,26.0,29.4,59.0,False,False,False,False,False,False,False,False,False,True,False
PIA,81,McLaren,51.0,3.0,HARD,19.0,True,11.0,1,87.69,8068.648,7980.958,25.9,29.4,59.0,False,False,False,False,False,False,False,False,False,True,False
PIA,81,McLaren,52.0,3.0,HARD,20.0,True,11.0,1,88.491,8157.139,8068.648,25.9,29.4,59.0,False,False,False,False,False,False,False,False,False,True,False
PIA,81,McLaren,53.0,3.0,HARD,21.0,True,10.0,1,88.168,8245.307,8157.139,25.9,29.4,60.0,False,False,False,False,False,False,False,False,False,True,False
PIA,81,McLaren,54.0,3.0,HARD,22.0,True,10.0,1,87.731,8333.038,8245.307,25.9,29.3,60.0,False,False,False,False,False,False,False,False,False,True,False
PIA,81,McLaren,55.0,3.0,HARD,23.0,True,10.0,1,87.781,8420.819,8333.038,25.9,29.4,60.0,False,False,False,False,False,False,False,False,False,True,False
PIA,81,McLaren,56.0,3.0,HARD,24.0,True,10.0,1,87.816,8508.635,8420.819,25.9,29.4,60.0,False,False,False,False,False,False,False,False,False,True,False
PIA,81,McLaren,57.0,3.0,HARD,25.0,True,10.0,12,88.554,8597.189,8508.635,25.9,29.3,60.0,False,False,False,False,False,False,True,False,False,False,False
PIA,81,McLaren,58.0,3.0,HARD,26.0,True,10.0,1,88.01,8685.199,8597.189,25.9,29.3,60.0,False,False,False,False,False,False,False,False,False,True,False
