Driver,DriverNumber,Team,LapNumber,Stint,Compound,TyreLife,FreshTyre,Position,TrackStatus,lap_time_s,time_s,lap_start_time_s,air_temp_c,track_temp_c,humidity_pct,rainfall,is_in_lap,is_out_lap,is_missing_laptime,is_inaccurate,is_wet_compound,is_non_green,is_unknown_status,is_deleted,is_pace_lap,stint_crosses_red_flag
NOR,4,McLaren,1.0,1.0,MEDIUM,1.0,True,5.0,1,90.12,3558.34,3467.946,21.7,31.9,58.0,False,False,False,False,True,False,False,False,False,False,False
NOR,4,McLaren,2.0,1.0,MEDIUM,2.0,True,5.0,1,83.964,3642.304,3558.34,21.8,32.3,57.0,False,False,False,False,False,False,False,False,False,True,False
NOR,4,McLaren,3.0,1.0,MEDIUM,3.0,True,4.0,1,83.223,3725.527,3642.304,21.8,31.7,58.0,False,False,False,False,False,False,False,False,False,True,False
NOR,4,McLaren,4.0,1.0,MEDIUM,4.0,True,4.0,1,82.877,3808.404,3725.527,21.8,31.5,58.0,False,False,False,False,False,False,False,False,False,True,False
NOR,4,McLaren,5.0,1.0,MEDIUM,5.0,True,4.0,1,82.639,3891.043,3808.404,21.8,31.4,59.0,False,False,False,False,False,False,False,False,False,True,False
NOR,4,McLaren,6.0,1.0,MEDIUM,6.0,True,4.0,1,82.181,3973.224,3891.043,21.9,31.4,58.0,False,False,False,False,False,False,False,False,False,True,False
NOR,4,McLaren,7.0,1.0,MEDIUM,7.0,True,4.0,1,82.217,4055.441,3973.224,21.9,31.4,58.0,False,False,False,False,False,False,False,False,False,True,False
NOR,4,McLaren,8.0,1.0,MEDIUM,8.0,True,4.0,1,81.986,4137.427,4055.441,21.9,31.7,58.0,False,False,False,False,False,False,False,False,False,True,False
NOR,4,McLaren,9.0,1.0,MEDIUM,9.0,True,4.0,1,81.579,4219.006,4137.427,22.1,32.0,58.0,False,False,False,False,False,False,False,False,False,True,False
NOR,4,McLaren,10.0,1.0,MEDIUM,10.0,True,4.0,1,82.089,4301.095,4219.006,22.0,31.4,58.0,False,False,False,False,False,False,False,False,False,True,False
NOR,4,McLaren,11.0,1.0,MEDIUM,11.0,True,4.0,1,82.251,4383.346,4301.095,21.9,31.2,58.0,False,False,False,False,False,False,False,False,False,True,False
NOR,4,McLaren,12.0,1.0,MEDIUM,12.0,True,4.0,1,82.404,4465.75,4383.346,21.9,31.2,58.0,False,False,False,False,False,False,False,False,False,True,False
NOR,4,McLaren,13.0,1.0,MEDIUM,13.0,True,4.0,1,82.675,4548.425,4465.75,21.8,30.8,59.0,False,False,False,False,False,False,False,False,False,True,False
NOR,4,McLaren,14.0,1.0,MEDIUM,14.0,True,4.0,1,82.154,4630.579,4548.425,21.8,30.8,59.0,False,False,False,False,False,False,False,False,False,True,False
NOR,4,McLaren,15.0,1.0,MEDIUM,15.0,True,4.0,1,82.233,4712.812,4630.579,21.9,31.3,58.0,False,False,False,False,False,False,False,False,False,True,False
NOR,4,McLaren,16.0,1.0,MEDIUM,16.0,True,4.0,1,82.043,4794.855,4712.812,21.9,31.2,58.0,False,False,False,False,False,False,False,False,False,True,False
NOR,4,McLaren,17.0,1.0,MEDIUM,17.0,True,4.0,1,82.539,4877.394,4794.855,22.0,31.1,58.0,False,False,False,False,False,False,False,False,False,True,False
NOR,4,McLaren,18.0,1.0,MEDIUM,18.0,True,4.0,1,82.189,4959.583,4877.394,22.0,31.5,57.0,False,False,False,False,False,False,False,False,False,True,False
NOR,4,McLaren,19.0,1.0,MEDIUM,19.0,True,2.0,1,82.03,5041.613,4959.583,22.0,31.5,57.0,False,False,False,False,False,False,False,False,False,True,False
NOR,4,McLaren,20.0,1.0,MEDIUM,20.0,True,1.0,1,81.44,5123.053,5041.613,22.0,31.5,58.0,False,False,False,False,False,False,False,False,False,True,False
NOR,4,McLaren,21.0,1.0,MEDIUM,21.0,True,1.0,1,81.707,5204.76,5123.053,22.0,31.7,58.0,False,False,False,False,False,False,False,False,False,True,False
NOR,4,McLaren,22.0,1.0,MEDIUM,22.0,True,1.0,1,82.099,5286.859,5204.76,22.0,31.8,58.0,False,False,False,False,False,False,False,False,False,True,False
NOR,4,McLaren,23.0,1.0,MEDIUM,23.0,True,1.0,1,82.075,5368.934,5286.859,22.0,31.5,58.0,False,False,False,False,False,False,False,False,False,True,False
NOR,4,McLaren,24.0,1.0,MEDIUM,24.0,True,1.0,1,82.117,5451.051,5368.934,22.0,31.8,58.0,False,False,False,False,False,False,False,False,False,True,False
NOR,4,McLaren,25.0,1.0,MEDIUM,25.0,True,1.0,1,81.924,5532.975,5451.051,22.0,31.8,58.0,False,False,False,False,False,False,False,False,False,True,False
NOR,4,McLaren,26.0,1.0,MEDIUM,26.0,True,1.0,1,82.145,5615.12,5532.975,22.1,31.7,57.0,False,False,False,False,False,False,False,False,False,True,False
NOR,4,McLaren,27.0,1.0,MEDIUM,27.0,True,1.0,1,82.125,5697.245,5615.12,22.1,31.8,57.0,False,False,False,False,False,False,False,False,False,True,False
NOR,4,McLaren,28.0,1.0,MEDIUM,28.0,True,1.0,1,82.153,5779.398,5697.245,22.1,31.9,58.0,False,False,False,False,False,False,False,False,False,True,False
NOR,4,McLaren,29.0,1.0,MEDIUM,29.0,True,1.0,1,82.533,5861.931,5779.398,22.1,31.8,58.0,False,False,False,False,False,False,False,False,True,False,False
NOR,4,McLaren,30.0,1.0,MEDIUM,30.0,True,1.0,1,82.633,5944.564,5861.931,22.1,31.8,57.0,False,False,False,False,False,False,False,False,False,True,False
NOR,4,McLaren,31.0,1.0,MEDIUM,31.0,True,2.0,1,85.567,6030.131,5944.564,22.1,31.8,57.0,False,True,False,False,True,False,False,False,False,False,False
NOR,4,McLaren,32.0,2.0,HARD,2.0,False,4.0,1,99.959,6130.09,6030.131,22.1,31.9,57.0,False,False,True,False,True,False,False,False,False,False,False
NOR,4,McLaren,33.0,2.0,HARD,3.0,False,4.0,1,81.411,6211.501,6130.09,22.1,31.6,56.0,False,False,False,False,False,False,False,False,False,True,False
NOR,4,McLaren,34.0,2.0,HARD,4.0,False,4.0,1,80.752,6292.253,6211.501,22.0,31.7,57.0,False,False,False,False,False,False,False,False,False,True,False
NOR,4,McLaren,35.0,2.0,HARD,5.0,False,4.0,1,80.726,6372.979,6292.253,22.1,31.8,57.0,False,False,False,False,False,False,False,False,False,True,False
NOR,4,McLaren,36.0,2.0,HARD,6.0,False,4.0,1,80.557,6453.536,6372.979,22.1,32.1,56.0,False,False,False,False,False,False,False,False,False,True,False
NOR,4,McLaren,37.0,2.0,HARD,7.0,False,4.0,1,80.976,6534.512,6453.536,22.1,32.0,57.0,False,False,False,False,False,False,False,False,False,True,False
NOR,4,McLaren,38.0,2.0,HARD,8.0,False,4.0,1,80.4,6614.912,6534.512,22.1,31.6,57.0,False,False,False,False,False,False,False,False,False,True,False
NOR,4,McLaren,39.0,2.0,HARD,9.0,False,4.0,1,80.301,6695.213,6614.912,22.1,31.5,57.0,False,False,False,False,False,False,False,False,False,True,False
NOR,4,McLaren,40.0,2.0,HARD,10.0,False,4.0,1,80.442,6775.655,6695.213,22.1,31.6,58.0,False,False,False,False,False,False,False,False,False,True,False
NOR,4,McLaren,41.0,2.0,HARD,11.0,False,3.0,1,80.547,6856.202,6775.655,22.2,31.9,56.0,False,False,False,False,False,False,False,False,False,True,False
NOR,4,McLaren,42.0,2.0,HARD,12.0,False,3.0,1,80.471,6936.673,6856.202,22.2,31.6,56.0,False,False,False,False,False,False,False,False,False,True,False
NOR,4,McLaren,43.0,2.0,HARD,13.0,False,2.0,1,81.447,7018.12,6936.673,22.2,31.6,56.0,False,False,False,False,False,False,False,False,False,True,False
NOR,4,McLaren,44.0,2.0,HARD,14.0,False,2.0,1,80.146,7098.266,7018.12,22.2,31.6,56.0,False,False,False,False,False,False,False,False,False,True,False
NOR,4,McLaren,45.0,2.0,HARD,15.0,False,2.0,1,80.703,7178.969,7098.266,22.2,31.5,56.0,False,False,False,False,False,False,False,False,False,True,False
NOR,4,McLaren,46.0,2.0,HARD,16.0,False,1.0,1,80.377,7259.346,7178.969,22.2,31.3,55.0,False,False,False,False,False,False,False,False,False,True,False
NOR,4,McLaren,47.0,2.0,HARD,17.0,False,1.0,1,80.358,7339.704,7259.346,22.1,31.0,56.0,False,False,False,False,False,False,False,False,False,True,False
NOR,4,McLaren,48.0,2.0,HARD,18.0,False,1.0,1,80.543,7420.247,7339.704,22.1,30.9,56.0,False,False,False,False,False,False,False,False,False,True,False
NOR,4,McLaren,49.0,2.0,HARD,19.0,False,1.0,1,80.472,7500.719,7420.247,22.1,31.2,56.0,False,False,False,False,False,False,False,False,False,True,False
NOR,4,McLaren,50.0,2.0,HARD,20.0,False,1.0,1,80.527,7581.246,7500.719,22.0,31.3,56.0,False,False,False,False,False,False,False,False,False,True,False
NOR,4,McLaren,51.0,2.0,HARD,21.0,False,1.0,1,80.779,7662.025,7581.246,22.0,31.3,56.0,False,False,False,False,False,False,False,False,False,True,False
NOR,4,McLaren,52.0,2.0,HARD,22.0,False,1.0,1,80.908,7742.933,7662.025,22.0,31.0,56.0,False,False,False,False,False,False,False,False,False,True,False
NOR,4,McLaren,53.0,2.0,HARD,23.0,False,1.0,1,80.197,7823.13,7742.933,22.0,30.7,56.0,False,False,False,False,False,False,False,False,False,True,False
NOR,4,McLaren,54.0,2.0,HARD,24.0,False,1.0,1,80.157,7903.287,7823.13,22.0,30.8,56.0,False,False,False,False,False,False,False,False,False,True,False
NOR,4,McLaren,55.0,2.0,HARD,25.0,False,1.0,1,80.005,7983.292,7903.287,22.0,31.0,56.0,False,False,False,False,False,False,False,False,False,True,False
NOR,4,McLaren,56.0,2.0,HARD,26.0,False,1.0,1,80.153,8063.445,7983.292,22.0,30.7,57.0,False,False,False,False,False,False,False,False,False,True,False
NOR,4,McLaren,57.0,2.0,HARD,27.0,False,1.0,1,79.918,8143.363,8063.445,22.0,30.7,56.0,False,False,False,False,False,False,False,False,False,True,False
NOR,4,McLaren,58.0,2.0,HARD,28.0,False,1.0,1,80.144,8223.507,8143.363,22.0,30.7,57.0,False,False,False,False,False,False,False,False,False,True,False
NOR,4,McLaren,59.0,2.0,HARD,29.0,False,1.0,1,79.936,8303.443,8223.507,22.0,30.8,57.0,False,False,False,False,False,False,False,False,False,True,False
NOR,4,McLaren,60.0,2.0,HARD,30.0,False,1.0,1,80.157,8383.6,8303.443,22.0,30.6,56.0,False,False,False,False,False,False,False,False,False,True,False
NOR,4,McLaren,61.0,2.0,HARD,31.0,False,1.0,1,80.11,8463.71,8383.6,22.1,30.6,57.0,False,False,False,False,False,False,False,False,False,True,False
NOR,4,McLaren,62.0,2.0,HARD,32.0,False,1.0,1,80.461,8544.171,8463.71,22.1,31.1,56.0,False,False,False,False,False,False,False,False,False,True,False
NOR,4,McLaren,63.0,2.0,HARD,33.0,False,1.0,1,80.82,8624.991,8544.171,22.1,31.1,57.0,False,False,False,False,False,False,False,False,False,True,False
NOR,4,McLaren,64.0,2.0,HARD,34.0,False,1.0,1,81.089,8706.08,8624.991,22.1,30.9,57.0,False,False,False,False,False,False,False,False,False,True,False
NOR,4,McLaren,65.0,2.0,HARD,35.0,False,1.0,1,80.765,8786.845,8706.08,22.2,31.3,56.0,False,False,False,False,False,False,False,False,False,True,False
NOR,4,McLaren,66.0,2.0,HARD,36.0,False,1.0,1,80.597,8867.442,8786.845,22.3,32.0,56.0,False,False,False,False,False,False,False,False,False,True,False
NOR,4,McLaren,67.0,2.0,HARD,37.0,False,1.0,1,80.397,8947.839,8867.442,22.4,32.0,55.0,False,False,False,False,False,False,False,False,False,True,False
NOR,4,McLaren,68.0,2.0,HARD,38.0,False,1.0,1,80.268,9028.107,8947.839,22.4,31.6,55.0,False,False,False,False,False,False,False,False,False,True,False
NOR,4,McLaren,69.0,2.0,HARD,39.0,False,1.0,1,80.63,9108.737,9028.107,22.4,31.6,55.0,False,False,False,False,False,False,False,False,False,True,False
NOR,4,McLaren,70.0,2.0,HARD,40.0,False,1.0,1,80.714,9189.451,9108.737,22.4,31.8,56.0,False,False,False,False,False,False,False,False,False,True,False
PIA,81,McLaren,1.0,1.0,MEDIUM,1.0,True,2.0,1,88.02,3556.24,3467.946,21.7,31.9,58.0,False,False,False,False,True,False,False,False,False,False,False
PIA,81,McLaren,2.0,1.0,MEDIUM,2.0,True,2.0,1,83.242,3639.482,3556.24,21.8,32.3,57.0,False,False,False,False,False,False,False,False,False,True,False
PIA,81,McLaren,3.0,1.0,MEDIUM,3.0,True,2.0,1,83.102,3722.584,3639.482,21.8,31.7,58.0,False,False,False,False,False,False,False,False,False,True,False
PIA,81,McLaren,4.0,1.0,MEDIUM,4.0,True,2.0,1,82.757,3805.341,3722.584,21.8,31.5,58.0,False,False,False,False,False,False,False,False,False,True,False
PIA,81,McLaren,5.0,1.0,MEDIUM,5.0,True,2.0,1,82.652,3887.993,3805.341,21.8,31.4,59.0,False,False,False,False,False,False,False,False,False,True,False
PIA,81,McLaren,6.0,1.0,MEDIUM,6.0,True,2.0,1,82.598,3970.591,3887.993,21.9,31.4,58.0,False,False,False,False,False,False,False,False,False,True,False
PIA,81,McLaren,7.0,1.0,MEDIUM,7.0,True,2.0,1,82.034,4052.625,3970.591,21.9,31.4,58.0,False,False,False,False,False,False,False,False,False,True,False
PIA,81,McLaren,8.0,1.0,MEDIUM,8.0,True,2.0,1,81.94,4134.565,4052.625,21.9,31.7,58.0,False,False,False,False,False,False,False,False,False,True,False
PIA,81,McLaren,9.0,1.0,MEDIUM,9.0,True,2.0,1,81.839,4216.404,4134.565,22.1,32.0,58.0,False,False,False,False,False,False,False,False,False,True,False
PIA,81,McLaren,10.0,1.0,MEDIUM,10.0,True,2.0,1,81.663,4298.067,4216.404,22.0,31.4,58.0,False,False,False,False,False,False,False,False,False,True,False
PIA,81,McLaren,11.0,1.0,MEDIUM,11.0,True,2.0,1,81.9,4379.967,4298.067,21.9,31.2,58.0,False,False,False,False,False,False,False,False,False,True,False
PIA,81,McLaren,12.0,1.0,MEDIUM,12.0,True,2.0,1,81.939,4461.906,4379.967,21.9,31.2,58.0,False,False,False,False,False,False,False,False,False,True,False
PIA,81,McLaren,13.0,1.0,MEDIUM,13.0,True,2.0,1,82.231,4544.137,4461.906,21.8,30.8,59.0,False,False,False,False,False,False,False,False,False,True,False
PIA,81,McLaren,14.0,1.0,MEDIUM,14.0,True,2.0,1,82.065,4626.202,4544.137,21.8,30.8,59.0,False,False,False,False,False,False,False,False,False,True,False
PIA,81,McLaren,15.0,1.0,MEDIUM,15.0,True,2.0,1,82.075,4708.277,4626.202,21.9,31.3,58.0,False,False,False,False,False,False,False,False,False,True,False
PIA,81,McLaren,16.0,1.0,MEDIUM,16.0,True,2.0,1,82.138,4790.415,4708.277,21.9,31.2,58.0,False,False,False,False,False,False,False,False,False,True,False
PIA,81,McLaren,17.0,1.0,MEDIUM,17.0,True,2.0,1,82.056,4872.471,4790.415,21.9,31.1,58.0,False,False,False,False,False,False,False,False,False,True,False
PIA,81,McLaren,18.0,1.0,MEDIUM,18.0,True,2.0,1,84.668,4957.139,4872.471,22.0,31.5,57.0,False,True,False,False,True,False,False,False,False,False,False
PIA,81,McLaren,19.0,2.0,HARD,2.0,False,5.0,1,98.914,5056.053,4957.139,22.0,31.6,58.0,False,False,True,False,True,False,False,False,False,False,False
PIA,81,McLaren,20.0,2.0,HARD,3.0,False,4.0,1,81.08,5137.133,5056.053,22.0,31.5,58.0,False,False,False,False,False,False,False,False,False,True,False
PIA,81,McLaren,21.0,2.0,HARD,4.0,False,4.0,1,82.149,5219.282,5137.133,22.0,31.7,58.0,False,False,False,False,False,False,False,False,False,True,False
PIA,81,McLaren,22.0,2.0,HARD,5.0,False,3.0,1,81.153,5300.435,5219.282,22.0,31.5,58.0,False,False,False,False,False,False,False,False,False,True,False
PIA,81,McLaren,23.0,2.0,HARD,6.0,False,3.0,1,81.127,5381.562,5300.435,22.0,31.5,58.0,False,False,False,False,False,False,False,False,False,True,False
PIA,81,McLaren,24.0,2.0,HARD,7.0,False,3.0,1,81.129,5462.691,5381.562,22.0,31.8,58.0,False,False,False,False,False,False,False,False,False,True,False
PIA,81,McLaren,25.0,2.0,HARD,8.0,False,3.0,1,80.898,5543.589,5462.691,22.0,31.9,58.0,False,False,False,False,False,False,False,False,False,True,False
PIA,81,McLaren,26.0,2.0,HARD,9.0,False,3.0,1,81.035,5624.624,5543.589,22.1,31.7,57.0,False,False,False,False,False,False,False,False,False,True,False
PIA,81,McLaren,27.0,2.0,HARD,10.0,False,3.0,1,80.956,5705.58,5624.624,22.1,31.8,57.0,False,False,False,False,False,False,False,False,False,True,False
PIA,81,McLaren,28.0,2.0,HARD,11.0,False,3.0,1,81.006,5786.586,5705.58,22.1,31.9,58.0,False,False,False,False,False,False,False,False,False,True,False
PIA,81,McLaren,29.0,2.0,HARD,12.0,False,3.0,1,81.592,5868.178,5786.586,22.1,31.8,58.0,False,False,False,False,False,False,False,False,False,True,False
PIA,81,McLaren,30.0,2.0,HARD,13.0,False,3.0,1,81.341,5949.519,5868.178,22.1,31.8,57.0,False,False,False,False,False,False,False,False,False,True,False
PIA,81,McLaren,31.0,2.0,HARD,14.0,False,3.0,1,81.515,6031.034,5949.519,22.1,31.8,57.0,False,False,False,False,False,False,False,False,False,True,False
PIA,81,McLaren,32.0,2.0,HARD,15.0,False,2.0,1,81.564,6112.598,6031.034,22.1,31.9,57.0,False,False,False,False,False,False,False,False,False,True,False
PIA,81,McLaren,33.0,2.0,HARD,16.0,False,2.0,1,81.55,6194.148,6112.598,22.1,31.8,57.0,False,False,False,False,False,False,False,False,False,True,False
PIA,81,McLaren,34.0,2.0,HARD,17.0,False,2.0,1,81.409,6275.557,6194.148,22.0,31.7,57.0,False,False,False,False,False,False,False,False,False,True,False
PIA,81,McLaren,35.0,2.0,HARD,18.0,False,2.0,1,81.545,6357.102,6275.557,22.1,31.8,57.0,False,False,False,False,False,False,False,False,False,True,False
PIA,81,McLaren,36.0,2.0,HARD,19.0,False,2.0,1,81.466,6438.568,6357.102,22.1,32.1,56.0,False,False,False,False,False,False,False,False,False,True,False
PIA,81,McLaren,37.0,2.0,HARD,20.0,False,2.0,1,81.164,6519.732,6438.568,22.1,32.0,57.0,False,False,False,False,False,False,False,False,False,True,False
PIA,81,McLaren,38.0,2.0,HARD,21.0,False,2.0,1,81.496,6601.228,6519.732,22.1,31.6,57.0,False,False,False,False,False,False,False,False,False,True,False
PIA,81,McLaren,39.0,2.0,HARD,22.0,False,2.0,1,81.441,6682.669,6601.228,22.1,31.5,57.0,False,False,False,False,False,False,False,False,False,True,False
PIA,81,McLaren,40.0,2.0,HARD,23.0,False,1.0,1,81.625,6764.294,6682.669,22.1,31.6,58.0,False,False,False,False,False,False,False,False,False,True,False
PIA,81,McLaren,41.0,2.0,HARD,24.0,False,1.0,1,81.031,6845.325,6764.294,22.2,31.9,57.0,False,False,False,False,False,False,False,False,False,True,False
PIA,81,McLaren,42.0,2.0,HARD,25.0,False,1.0,1,80.975,6926.3,6845.325,22.2,31.6,56.0,False,False,False,False,False,False,False,False,False,True,False
PIA,81,McLaren,43.0,2.0,HARD,26.0,False,1.0,1,81.024,7007.324,6926.3,22.2,31.6,56.0,False,False,False,False,False,False,False,False,False,True,False
PIA,81,McLaren,44.0,2.0,HARD,27.0,False,1.0,1,82.21,7089.534,7007.324,22.3,31.6,56.0,False,False,False,False,False,False,False,False,False,True,False
PIA,81,McLaren,45.0,2.0,HARD,28.0,False,1.0,1,83.987,7173.521,7089.534,22.2,31.5,56.0,False,True,False,False,True,False,False,False,False,False,False
PIA,81,McLaren,46.0,3.0,HARD,1.0,True,3.0,1,97.898,7271.419,7173.521,22.2,31.3,55.0,False,False,True,False,True,False,False,False,False,False,False
PIA,81,McLaren,47.0,3.0,HARD,2.0,True,3.0,1,79.666,7351.085,7271.419,22.1,31.0,56.0,False,False,False,False,False,False,False,False,False,True,False
PIA,81,McLaren,48.0,3.0,HARD,3.0,True,3.0,1,79.718,7430.803,7351.085,22.1,30.9,56.0,False,False,False,False,False,False,False,False,False,True,False
PIA,81,McLaren,49.0,3.0,HARD,4.0,True,3.0,1,79.757,7510.56,7430.803,22.1,31.2,56.0,False,False,False,False,False,False,False,False,False,True,False
PIA,81,McLaren,50.0,3.0,HARD,5.0,True,3.0,1,80.203,7590.763,7510.56,22.0,31.3,56.0,False,False,False,False,False,False,False,False,False,True,False
PIA,81,McLaren,51.0,3.0,HARD,6.0,True,2.0,1,79.5,7670.263,7590.763,22.0,31.3,56.0,False,False,False,False,False,False,False,False,False,True,False
PIA,81,McLaren,52.0,3.0,HARD,7.0,True,2.0,1,79.501,7749.764,7670.263,22.0,31.0,56.0,False,False,False,False,False,False,False,False,False,True,False
PIA,81,McLaren,53.0,3.0,HARD,8.0,True,2.0,1,79.651,7829.415,7749.764,22.0,30.7,56.0,False,False,False,False,False,False,False,False,False,True,False
PIA,81,McLaren,54.0,3.0,HARD,9.0,True,2.0,1,79.967,7909.382,7829.415,22.0,30.8,56.0,False,False,False,False,False,False,False,False,False,True,False
PIA,81,McLaren,55.0,3.0,HARD,10.0,True,2.0,1,79.444,7988.826,7909.382,22.0,31.0,56.0,False,False,False,False,False,False,False,False,False,True,False
PIA,81,McLaren,56.0,3.0,HARD,11.0,True,2.0,1,79.412,8068.238,7988.826,22.0,30.7,57.0,False,False,False,False,False,False,False,False,False,True,False
PIA,81,McLaren,57.0,3.0,HARD,12.0,True,2.0,1,79.438,8147.676,8068.238,22.0,30.7,56.0,False,False,False,False,False,False,False,False,False,True,False
PIA,81,McLaren,58.0,3.0,HARD,13.0,True,2.0,1,79.479,8227.155,8147.676,22.0,30.7,57.0,False,False,False,False,False,False,False,False,False,True,False
PIA,81,McLaren,59.0,3.0,HARD,14.0,True,2.0,1,79.753,8306.908,8227.155,22.0,30.8,57.0,False,False,False,False,False,False,False,False,False,True,False
PIA,81,McLaren,60.0,3.0,HARD,15.0,True,2.0,1,79.528,8386.436,8306.908,22.0,30.6,56.0,False,False,False,False,False,False,False,False,False,True,False
PIA,81,McLaren,61.0,3.0,HARD,16.0,True,2.0,1,79.664,8466.1,8386.436,22.1,30.6,57.0,False,False,False,False,False,False,False,False,False,True,False
PIA,81,McLaren,62.0,3.0,HARD,17.0,True,2.0,1,79.927,8546.027,8466.1,22.1,31.1,56.0,False,False,False,False,False,False,False,False,False,True,False
PIA,81,McLaren,63.0,3.0,HARD,18.0,True,2.0,1,80.195,8626.222,8546.027,22.1,31.1,57.0,False,False,False,False,False,False,False,False,False,True,False
PIA,81,McLaren,64.0,3.0,HARD,19.0,True,2.0,1,80.931,8707.153,8626.222,22.1,30.9,57.0,False,False,False,False,False,False,False,False,False,True,False
PIA,81,McLaren,65.0,3.0,HARD,20.0,True,2.0,1,80.529,8787.682,8707.153,22.2,31.3,56.0,False,False,False,False,False,False,False,False,False,True,False
PIA,81,McLaren,66.0,3.0,HARD,21.0,True,2.0,1,80.661,8868.343,8787.682,22.3,32.0,56.0,False,False,False,False,False,False,False,False,False,True,False
PIA,81,McLaren,67.0,3.0,HARD,22.0,True,2.0,1,80.2,8948.543,8868.343,22.4,32.0,55.0,False,False,False,False,False,False,False,False,False,True,False
PIA,81,McLaren,68.0,3.0,HARD,23.0,True,2.0,1,80.222,9028.765,8948.543,22.4,31.6,55.0,False,False,False,False,False,False,False,False,False,True,False
PIA,81,McLaren,69.0,3.0,HARD,24.0,True,2.0,1,80.721,9109.486,9028.765,22.4,31.6,55.0,False,False,False,False,False,False,False,False,False,True,False
PIA,81,McLaren,70.0,3.0,HARD,25.0,True,2.0,1,80.663,9190.149,9109.486,22.4,31.8,56.0,False,False,False,False,False,False,False,False,False,True,False
RUS,63,Mercedes,1.0,1.0,MEDIUM,1.0,True,3.0,1,88.502,3556.722,3467.946,21.7,31.9,58.0,False,False,False,False,True,False,False,False,False,False,False
RUS,63,Mercedes,2.0,1.0,MEDIUM,2.0,True,3.0,1,83.822,3640.544,3556.722,21.8,32.3,57.0,False,False,False,False,False,False,False,False,False,True,False
RUS,63,Mercedes,3.0,1.0,MEDIUM,3.0,True,3.0,1,83.388,3723.932,3640.544,21.8,31.7,58.0,False,False,False,False,False,False,False,False,False,True,False
RUS,63,Mercedes,4.0,1.0,MEDIUM,4.0,True,3.0,1,82.96,3806.892,3723.932,21.8,31.5,58.0,False,False,False,False,False,False,False,False,False,True,False
RUS,63,Mercedes,5.0,1.0,MEDIUM,5.0,True,3.0,1,82.667,3889.559,3806.892,21.8,31.4,59.0,False,False,False,False,False,False,False,False,False,True,False
RUS,63,Mercedes,6.0,1.0,MEDIUM,6.0,True,3.0,1,82.514,3972.073,3889.559,21.9,31.4,58.0,False,False,False,False,False,False,False,False,False,True,False
RUS,63,Mercedes,7.0,1.0,MEDIUM,7.0,True,3.0,1,82.245,4054.318,3972.073,21.9,31.4,58.0,False,False,False,False,False,False,False,False,False,True,False
RUS,63,Mercedes,8.0,1.0,MEDIUM,8.0,True,3.0,1,82.061,4136.379,4054.318,21.9,31.7,58.0,False,False,False,False,False,False,False,False,False,True,False
RUS,63,Mercedes,9.0,1.0,MEDIUM,9.0,True,3.0,1,81.931,4218.31,4136.379,22.1,32.0,58.0,False,False,False,False,False,False,False,False,False,True,False
RUS,63,Mercedes,10.0,1.0,MEDIUM,10.0,True,3.0,1,82.168,4300.478,4218.31,22.0,31.4,58.0,False,False,False,False,False,False,False,False,False,True,False
RUS,63,Mercedes,11.0,1.0,MEDIUM,11.0,True,3.0,1,82.186,4382.664,4300.478,21.9,31.2,58.0,False,False,False,False,False,False,False,False,False,True,False
RUS,63,Mercedes,12.0,1.0,MEDIUM,12.0,True,3.0,1,82.122,4464.786,4382.664,21.9,31.2,58.0,False,False,False,False,False,False,False,False,False,True,False
RUS,63,Mercedes,13.0,1.0,MEDIUM,13.0,True,3.0,1,82.315,4547.101,4464.786,21.8,30.8,59.0,False,False,False,False,False,False,False,False,False,True,False
RUS,63,Mercedes,14.0,1.0,MEDIUM,14.0,True,3.0,1,82.341,4629.442,4547.101,21.8,30.8,59.0,False,False,False,False,False,False,False,False,False,True,False
RUS,63,Mercedes,15.0,1.0,MEDIUM,15.0,True,3.0,1,82.403,4711.845,4629.442,21.9,31.3,58.0,False,False,False,False,False,False,False,False,False,True,False
RUS,63,Mercedes,16.0,1.0,MEDIUM,16.0,True,3.0,1,82.092,4793.937,4711.845,21.9,31.2,58.0,False,False,False,False,False,False,False,False,False,True,False
RUS,63,Mercedes,17.0,1.0,MEDIUM,17.0,True,3.0,1,82.283,4876.22,4793.937,22.0,31.1,58.0,False,False,False,False,False,False,False,False,False,True,False
RUS,63,Mercedes,18.0,1.0,MEDIUM,18.0,True,3.0,1,82.343,4958.563,4876.22,22.0,31.5,57.0,False,False,False,False,False,False,False,False,False,True,False
RUS,63,Mercedes,19.0,1.0,MEDIUM,19.0,True,3.0,1,84.726,5043.289,4958.563,22.0,31.5,57.0,False,True,False,False,True,False,False,False,False,False,False
RUS,63,Mercedes,20.0,2.0,HARD,1.0,True,6.0,1,99.84,5143.129,5043.289,22.0,31.5,58.0,False,False,True,False,True,False,False,False,False,False,False
RUS,63,Mercedes,21.0,2.0,HARD,2.0,True,5.0,1,80.85,5223.979,5143.129,22.0,31.7,58.0,False,False,False,False,False,False,False,False,False,True,False
RUS,63,Mercedes,22.0,2.0,HARD,3.0,True,5.0,1,81.243,5305.222,5223.979,22.0,31.5,58.0,False,False,False,False,False,False,False,False,False,True,False
RUS,63,Mercedes,23.0,2.0,HARD,4.0,True,5.0,1,81.536,5386.758,5305.222,22.0,31.5,58.0,False,False,False,False,False,False,False,False,False,True,False
RUS,63,Mercedes,24.0,2.0,HARD,5.0,True,5.0,1,81.447,5468.205,5386.758,22.0,31.8,58.0,False,False,False,False,False,False,False,False,False,True,False
RUS,63,Mercedes,25.0,2.0,HARD,6.0,True,5.0,1,82.451,5550.656,5468.205,22.0,31.9,58.0,False,False,False,False,False,False,False,False,False,True,False
RUS,63,Mercedes,26.0,2.0,HARD,7.0,True,4.0,1,81.384,5632.04,5550.656,22.1,31.7,57.0,False,False,False,False,False,False,False,False,False,True,False
RUS,63,Mercedes,27.0,2.0,HARD,8.0,True,4.0,1,81.494,5713.534,5632.04,22.1,31.8,57.0,False,False,False,False,False,False,False,False,False,True,False
RUS,63,Mercedes,28.0,2.0,HARD,9.0,True,4.0,1,81.294,5794.828,5713.534,22.1,31.9,58.0,False,False,False,False,False,False,False,False,False,True,False
RUS,63,Mercedes,29.0,2.0,HARD,10.0,True,4.0,1,81.68,5876.508,5794.828,22.1,31.8,58.0,False,False,False,False,False,False,False,False,True,False,False
RUS,63,Mercedes,30.0,2.0,HARD,11.0,True,4.0,1,81.465,5957.973,5876.508,22.1,31.8,58.0,False,False,False,False,False,False,False,False,False,True,False
RUS,63,Mercedes,31.0,2.0,HARD,12.0,True,4.0,1,81.654,6039.627,5957.973,22.1,31.8,57.0,False,False,False,False,False,False,False,False,False,True,False
RUS,63,Mercedes,32.0,2.0,HARD,13.0,True,3.0,1,81.421,6121.048,6039.627,22.1,31.9,57.0,False,False,False,False,False,False,False,False,False,True,False
RUS,63,Mercedes,33.0,2.0,HARD,14.0,True,3.0,1,81.436,6202.484,6121.048,22.1,31.6,56.0,False,False,False,False,False,False,False,False,False,True,False
RUS,63,Mercedes,34.0,2.0,HARD,15.0,True,3.0,1,81.35,6283.834,6202.484,22.0,31.7,57.0,False,False,False,False,False,False,False,False,False,True,False
RUS,63,Mercedes,35.0,2.0,HARD,16.0,True,3.0,1,81.376,6365.21,6283.834,22.1,31.8,57.0,False,False,False,False,False,False,False,False,False,True,False
RUS,63,Mercedes,36.0,2.0,HARD,17.0,True,3.0,1,81.113,6446.323,6365.21,22.1,32.1,56.0,False,False,False,False,False,False,False,False,False,True,False
RUS,63,Mercedes,37.0,2.0,HARD,18.0,True,3.0,1,81.445,6527.768,6446.323,22.1,32.0,57.0,False,False,False,False,False,False,False,False,False,True,False
RUS,63,Mercedes,38.0,2.0,HARD,19.0,True,3.0,1,81.418,6609.186,6527.768,22.1,31.6,57.0,False,False,False,False,False,False,False,False,False,True,False
RUS,63,Mercedes,39.0,2.0,HARD,20.0,True,3.0,1,82.064,6691.25,6609.186,22.1,31.5,57.0,False,False,False,False,False,False,False,False,False,True,False
RUS,63,Mercedes,40.0,2.0,HARD,21.0,True,3.0,1,81.702,6772.952,6691.25,22.1,31.6,58.0,False,False,False,False,False,False,False,False,False,True,False
RUS,63,Mercedes,41.0,2.0,HARD,22.0,True,2.0,1,81.659,6854.611,6772.952,22.2,31.9,57.0,False,False,False,False,False,False,False,False,False,True,False
RUS,63,Mercedes,42.0,2.0,HARD,23.0,True,2.0,1,81.426,6936.037,6854.611,22.2,31.6,56.0,False,False,False,False,False,False,False,False,False,True,False
RUS,63,Mercedes,43.0,2.0,HARD,24.0,True,3.0,1,84.284,7020.321,6936.037,22.2,31.6,56.0,False,True,False,False,True,False,False,False,False,False,False
RUS,63,Mercedes,44.0,3.0,HARD,1.0,True,4.0,1,98.471,7118.792,7020.321,22.2,31.6,56.0,False,False,True,False,True,False,False,False,False,False,False
RUS,63,Mercedes,45.0,3.0,HARD,2.0,True,4.0,1,79.409,7198.201,7118.792,22.2,31.5,56.0,False,False,False,False,False,False,False,False,False,True,False
RUS,63,Mercedes,46.0,3.0,HARD,3.0,True,4.0,1,79.611,7277.812,7198.201,22.1,31.2,55.0,False,False,False,False,False,False,False,False,False,True,False
RUS,63,Mercedes,47.0,3.0,HARD,4.0,True,4.0,1,79.631,7357.443,7277.812,22.1,31.0,56.0,False,False,False,False,False,False,False,False,False,True,False
RUS,63,Mercedes,48.0,3.0,HARD,5.0,True,4.0,1,79.874,7437.317,7357.443,22.1,30.9,56.0,False,False,False,False,False,False,False,False,False,True,False
RUS,63,Mercedes,49.0,3.0,HARD,6.0,True,4.0,1,80.139,7517.456,7437.317,22.0,31.1,56.0,False,False,False,False,False,False,False,False,False,True,False
RUS,63,Mercedes,50.0,3.0,HARD,7.0,True,4.0,1,80.257,7597.713,7517.456,22.0,31.3,56.0,False,False,False,False,False,False,False,False,False,True,False
RUS,63,Mercedes,51.0,3.0,HARD,8.0,True,4.0,1,80.253,7677.966,7597.713,22.0,31.3,56.0,False,False,False,False,False,False,False,False,False,True,False
RUS,63,Mercedes,52.0,3.0,HARD,9.0,True,4.0,1,80.237,7758.203,7677.966,22.0,31.0,56.0,False,False,False,False,False,False,False,False,False,True,False
RUS,63,Mercedes,53.0,3.0,HARD,10.0,True,4.0,1,80.187,7838.39,7758.203,22.0,30.7,56.0,False,False,False,False,False,False,False,False,False,True,False
RUS,63,Mercedes,54.0,3.0,HARD,11.0,True,4.0,1,80.2,7918.59,7838.39,22.0,30.8,56.0,False,False,False,False,False,False,False,False,False,True,False
RUS,63,Mercedes,55.0,3.0,HARD,12.0,True,4.0,1,80.259,7998.849,7918.59,22.0,30.9,55.0,False,False,False,False,False,False,False,False,False,True,False
RUS,63,Mercedes,56.0,3.0,HARD,13.0,True,4.0,1,80.64,8079.489,7998.849,22.0,30.7,57.0,False,False,False,False,False,False,False,False,False,True,False
RUS,63,Mercedes,57.0,3.0,HARD,14.0,True,4.0,1,81.226,8160.715,8079.489,22.0,30.7,56.0,False,False,False,False,False,False,False,False,False,True,False
RUS,63,Mercedes,58.0,3.0,HARD,15.0,True,4.0,1,81.011,8241.726,8160.715,22.0,30.8,56.0,False,False,False,False,False,False,False,False,False,True,False
RUS,63,Mercedes,59.0,3.0,HARD,16.0,True,4.0,1,81.491,8323.217,8241.726,22.0,30.8,57.0,False,False,False,False,False,False,False,False,False,True,False
RUS,63,Mercedes,60.0,3.0,HARD,17.0,True,4.0,1,81.567,8404.784,8323.217,22.0,30.6,56.0,False,False,False,False,False,False,False,False,False,True,False
RUS,63,Mercedes,61.0,3.0,HARD,18.0,True,4.0,1,81.559,8486.343,8404.784,22.1,30.6,57.0,False,False,False,False,False,False,False,False,False,True,False
RUS,63,Mercedes,62.0,3.0,HARD,19.0,True,3.0,1,81.305,8567.648,8486.343,22.1,31.1,56.0,False,False,False,False,False,False,False,False,False,True,False
RUS,63,Mercedes,63.0,3.0,HARD,20.0,True,3.0,1,80.133,8647.781,8567.648,22.1,31.1,57.0,False,False,False,False,False,False,False,False,False,True,False
RUS,63,Mercedes,64.0,3.0,HARD,21.0,True,3.0,1,80.365,8728.146,8647.781,22.1,31.1,57.0,False,False,False,False,False,False,False,False,False,True,False
RUS,63,Mercedes,65.0,3.0,HARD,22.0,True,3.0,1,80.398,8808.544,8728.146,22.2,31.3,56.0,False,False,False,False,False,False,False,False,False,True,False
RUS,63,Mercedes,66.0,3.0,HARD,23.0,True,3.0,1,80.447,8888.991,8808.544,22.3,32.0,56.0,False,False,False,False,False,False,False,False,False,True,False
RUS,63,Mercedes,67.0,3.0,HARD,24.0,True,3.0,1,80.601,8969.592,8888.991,22.4,31.6,55.0,False,False,False,False,False,False,False,False,False,True,False
RUS,63,Mercedes,68.0,3.0,HARD,25.0,True,3.0,1,80.252,9049.844,8969.592,22.4,31.6,55.0,False,False,False,False,False,False,False,False,False,True,False
RUS,63,Mercedes,69.0,3.0,HARD,26.0,True,3.0,1,80.551,9130.395,9049.844,22.4,31.6,55.0,False,False,False,False,False,False,False,False,False,True,False
RUS,63,Mercedes,70.0,3.0,HARD,27.0,True,3.0,1,80.972,9211.367,9130.395,22.4,31.8,56.0,False,False,False,False,False,False,False,False,False,True,False
LEC,16,Ferrari,1.0,1.0,MEDIUM,1.0,True,1.0,1,87.394,3555.614,3467.946,21.7,31.9,58.0,False,False,False,False,True,False,False,False,False,False,False
LEC,16,Ferrari,2.0,1.0,MEDIUM,2.0,True,1.0,1,82.829,3638.443,3555.614,21.8,32.3,57.0,False,False,False,False,False,False,False,False,False,True,False
LEC,16,Ferrari,3.0,1.0,MEDIUM,3.0,True,1.0,1,82.495,3720.938,3638.443,21.8,31.7,58.0,False,False,False,False,False,False,False,False,False,True,False
LEC,16,Ferrari,4.0,1.0,MEDIUM,4.0,True,1.0,1,82.278,3803.216,3720.938,21.8,31.5,58.0,False,False,False,False,False,False,False,False,False,True,False
LEC,16,Ferrari,5.0,1.0,MEDIUM,5.0,True,1.0,1,82.318,3885.534,3803.216,21.8,31.4,59.0,False,False,False,False,False,False,False,False,False,True,False
LEC,16,Ferrari,6.0,1.0,MEDIUM,6.0,True,1.0,1,82.357,3967.891,3885.534,21.9,31.4,58.0,False,False,False,False,False,False,False,False,False,True,False
LEC,16,Ferrari,7.0,1.0,MEDIUM,7.0,True,1.0,1,82.046,4049.937,3967.891,21.9,31.4,58.0,False,False,False,False,False,False,False,False,False,True,False
LEC,16,Ferrari,8.0,1.0,MEDIUM,8.0,True,1.0,1,81.74,4131.677,4049.937,21.9,31.7,58.0,False,False,False,False,False,False,False,False,False,True,False
LEC,16,Ferrari,9.0,1.0,MEDIUM,9.0,True,1.0,1,81.822,4213.499,4131.677,22.0,31.7,58.0,False,False,False,False,False,False,False,False,False,True,False
LEC,16,Ferrari,10.0,1.0,MEDIUM,10.0,True,1.0,1,81.944,4295.443,4213.499,22.0,31.4,58.0,False,False,False,False,False,False,False,False,False,True,False
LEC,16,Ferrari,11.0,1.0,MEDIUM,11.0,True,1.0,1,81.842,4377.285,4295.443,21.9,31.2,58.0,False,False,False,False,False,False,False,False,False,True,False
LEC,16,Ferrari,12.0,1.0,MEDIUM,12.0,True,1.0,1,82.025,4459.31,4377.285,21.9,31.2,58.0,False,False,False,False,False,False,False,False,False,True,False
LEC,16,Ferrari,13.0,1.0,MEDIUM,13.0,True,1.0,1,81.9,4541.21,4459.31,21.8,30.8,59.0,False,False,False,False,False,False,False,False,False,True,False
LEC,16,Ferrari,14.0,1.0,MEDIUM,14.0,True,1.0,1,81.978,4623.188,4541.21,21.8,30.8,59.0,False,False,False,False,False,False,False,False,False,True,False
LEC,16,Ferrari,15.0,1.0,MEDIUM,15.0,True,1.0,1,82.08,4705.268,4623.188,21.9,31.3,58.0,False,False,False,False,False,False,False,False,False,True,False
LEC,16,Ferrari,16.0,1.0,MEDIUM,16.0,True,1.0,1,82.475,4787.743,4705.268,21.9,31.2,58.0,False,False,False,False,False,False,False,False,False,True,False
LEC,16,Ferrari,17.0,1.0,MEDIUM,17.0,True,1.0,1,82.22,4869.963,4787.743,21.9,31.1,58.0,False,False,False,False,False,False,False,False,False,True,False
LEC,16,Ferrari,18.0,1.0,MEDIUM,18.0,True,1.0,1,82.316,4952.279,4869.963,22.0,31.5,57.0,False,False,False,False,False,False,False,False,False,True,False
LEC,16,Ferrari,19.0,1.0,MEDIUM,19.0,True,1.0,1,84.552,5036.831,4952.279,22.0,31.5,57.0,False,True,False,False,True,False,False,False,False,False,False
LEC,16,Ferrari,20.0,2.0,HARD,1.0,True,3.0,1,99.083,5135.914,5036.831,22.0,31.5,58.0,False,False,True,False,True,False,False,False,False,False,False
LEC,16,Ferrari,21.0,2.0,HARD,2.0,True,2.0,1,81.535,5217.449,5135.914,22.0,31.7,58.0,False,False,False,False,False,False,False,False,False,True,False
LEC,16,Ferrari,22.0,2.0,HARD,3.0,True,2.0,1,80.955,5298.404,5217.449,22.0,31.5,58.0,False,False,False,False,False,False,False,False,False,True,False
LEC,16,Ferrari,23.0,2.0,HARD,4.0,True,2.0,1,80.911,5379.315,5298.404,22.0,31.5,58.0,False,False,False,False,False,False,False,False,False,True,False
LEC,16,Ferrari,24.0,2.0,HARD,5.0,True,2.0,1,81.28,5460.595,5379.315,22.0,31.8,58.0,False,False,False,False,False,False,False,False,False,True,False
LEC,16,Ferrari,25.0,2.0,HARD,6.0,True,2.0,1,81.211,5541.806,5460.595,22.0,31.9,58.0,False,False,False,False,False,False,False,False,False,True,False
LEC,16,Ferrari,26.0,2.0,HARD,7.0,True,2.0,1,81.129,5622.935,5541.806,22.1,31.7,57.0,False,False,False,False,False,False,False,False,False,True,False
LEC,16,Ferrari,27.0,2.0,HARD,8.0,True,2.0,1,80.904,5703.839,5622.935,22.1,31.8,57.0,False,False,False,False,False,False,False,False,False,True,False
LEC,16,Ferrari,28.0,2.0,HARD,9.0,True,2.0,1,81.12,5784.959,5703.839,22.1,31.9,58.0,False,False,False,False,False,False,False,False,False,True,False
LEC,16,Ferrari,29.0,2.0,HARD,10.0,True,2.0,1,81.58,5866.539,5784.959,22.1,31.8,58.0,False,False,False,False,False,False,False,False,False,True,False
LEC,16,Ferrari,30.0,2.0,HARD,11.0,True,2.0,1,81.483,5948.022,5866.539,22.1,31.8,57.0,False,False,False,False,False,False,False,False,False,True,False
LEC,16,Ferrari,31.0,2.0,HARD,12.0,True,1.0,1,81.538,6029.56,5948.022,22.1,31.8,57.0,False,False,False,False,False,False,False,False,False,True,False
LEC,16,Ferrari,32.0,2.0,HARD,13.0,True,1.0,1,81.561,6111.121,6029.56,22.1,31.9,57.0,False,False,False,False,False,False,False,False,False,True,False
LEC,16,Ferrari,33.0,2.0,HARD,14.0,True,1.0,1,81.448,6192.569,6111.121,22.1,31.8,57.0,False,False,False,False,False,False,False,False,False,True,False
LEC,16,Ferrari,34.0,2.0,HARD,15.0,True,1.0,1,81.112,6273.681,6192.569,22.0,31.7,57.0,False,False,False,False,False,False,False,False,False,True,False
LEC,16,Ferrari,35.0,2.0,HARD,16.0,True,1.0,1,81.493,6355.174,6273.681,22.1,31.8,57.0,False,False,False,False,False,False,False,False,False,True,False
LEC,16,Ferrari,36.0,2.0,HARD,17.0,True,1.0,1,81.302,6436.476,6355.174,22.1,32.1,56.0,False,False,False,False,False,False,False,False,False,True,False
LEC,16,Ferrari,37.0,2.0,HARD,18.0,True,1.0,1,81.268,6517.744,6436.476,22.1,32.0,57.0,False,False,False,False,False,False,False,False,False,True,False
LEC,16,Ferrari,38.0,2.0,HARD,19.0,True,1.0,1,81.684,6599.428,6517.744,22.1,31.6,57.0,False,False,False,False,False,False,False,False,False,True,False
LEC,16,Ferrari,39.0,2.0,HARD,20.0,True,1.0,1,81.629,6681.057,6599.428,22.1,31.5,57.0,False,False,False,False,False,False,False,False,False,True,False
LEC,16,Ferrari,40.0,2.0,HARD,21.0,True,2.0,1,84.018,6765.075,6681.057,22.1,31.6,58.0,False,True,False,False,True,False,False,False,False,False,False
LEC,16,Ferrari,41.0,3.0,HARD,1.0,True,4.0,1,97.985,6863.06,6765.075,22.2,31.9,56.0,False,False,True,False,True,False,False,False,False,False,False
LEC,16,Ferrari,42.0,3.0,HARD,2.0,True,4.0,1,80.688,6943.748,6863.06,22.2,31.6,56.0,False,False,False,False,False,False,False,False,False,True,False
LEC,16,Ferrari,43.0,3.0,HARD,3.0,True,4.0,1,80.548,7024.296,6943.748,22.2,31.6,56.0,False,False,False,False,False,False,False,False,False,True,False
LEC,16,Ferrari,44.0,3.0,HARD,4.0,True,3.0,1,80.64,7104.936,7024.296,22.2,31.6,56.0,False,False,False,False,False,False,False,False,False,True,False
LEC,16,Ferrari,45.0,3.0,HARD,5.0,True,3.0,1,81.097,7186.033,7104.936,22.2,31.5,56.0,False,False,False,False,False,False,False,False,False,True,False
LEC,16,Ferrari,46.0,3.0,HARD,6.0,True,2.0,1,80.56,7266.593,7186.033,22.2,31.3,55.0,False,False,False,False,False,False,False,False,False,True,False
LEC,16,Ferrari,47.0,3.0,HARD,7.0,True,2.0,1,80.44,7347.033,7266.593,22.1,31.0,56.0,False,False,False,False,False,False,False,False,False,True,False
LEC,16,Ferrari,48.0,3.0,HARD,8.0,True,2.0,1,80.824,7427.857,7347.033,22.1,30.9,56.0,False,False,False,False,False,False,False,False,False,True,False
LEC,16,Ferrari,49.0,3.0,HARD,9.0,True,2.0,1,80.945,7508.802,7427.857,22.1,31.2,56.0,False,False,False,False,False,False,False,False,False,True,False
LEC,16,Ferrari,50.0,3.0,HARD,10.0,True,2.0,1,81.615,7590.417,7508.802,22.0,31.3,56.0,False,False,False,False,False,False,False,False,False,True,False
LEC,16,Ferrari,51.0,3.0,HARD,11.0,True,3.0,1,82.108,7672.525,7590.417,22.0,31.3,56.0,False,False,False,False,False,False,False,False,False,True,False
LEC,16,Ferrari,52.0,3.0,HARD,12.0,True,3.0,1,81.231,7753.756,7672.525,22.0,31.0,56.0,False,False,False,False,False,False,False,False,False,True,False
LEC,16,Ferrari,53.0,3.0,HARD,13.0,True,3.0,1,80.86,7834.616,7753.756,22.0,30.7,56.0,False,False,False,False,False,False,False,False,False,True,False
LEC,16,Ferrari,54.0,3.0,HARD,14.0,True,3.0,1,80.794,7915.41,7834.616,22.0,30.8,56.0,False,False,False,False,False,False,False,False,False,True,False
LEC,16,Ferrari,55.0,3.0,HARD,15.0,True,3.0,1,81.167,7996.577,7915.41,22.0,30.9,55.0,False,False,False,False,False,False,False,False,False,True,False
LEC,16,Ferrari,56.0,3.0,HARD,16.0,True,3.0,1,81.325,8077.902,7996.577,22.0,30.7,57.0,False,False,False,False,False,False,False,False,False,True,False
LEC,16,Ferrari,57.0,3.0,HARD,17.0,True,3.0,1,81.875,8159.777,8077.902,22.0,30.7,56.0,False,False,False,False,False,False,False,False,False,True,False
LEC,16,Ferrari,58.0,3.0,HARD,18.0,True,3.0,1,81.402,8241.179,8159.777,22.0,30.8,56.0,False,False,False,False,False,False,False,False,False,True,False
LEC,16,Ferrari,59.0,3.0,HARD,19.0,True,3.0,1,81.33,8322.509,8241.179,22.0,30.8,57.0,False,False,False,False,False,False,False,False,False,True,False
LEC,16,Ferrari,60.0,3.0,HARD,20.0,True,3.0,1,81.722,8404.231,8322.509,22.0,30.6,56.0,False,False,False,False,False,False,False,False,False,True,False
LEC,16,Ferrari,61.0,3.0,HARD,21.0,True,3.0,1,81.718,8485.949,8404.231,22.1,30.6,57.0,False,False,False,False,False,False,False,False,False,True,False
LEC,16,Ferrari,62.0,3.0,HARD,22.0,True,4.0,1,83.111,8569.06,8485.949,22.1,31.1,56.0,False,False,False,False,False,False,False,False,False,True,False
LEC,16,Ferrari,63.0,3.0,HARD,23.0,True,4.0,1,81.686,8650.746,8569.06,22.1,31.1,57.0,False,False,False,False,False,False,False,False,False,True,False
LEC,16,Ferrari,64.0,3.0,HARD,24.0,True,4.0,1,82.113,8732.859,8650.746,22.1,31.1,57.0,False,False,False,False,False,False,False,False,False,True,False
LEC,16,Ferrari,65.0,3.0,HARD,25.0,True,4.0,1,81.916,8814.775,8732.859,22.2,31.3,56.0,False,False,False,False,False,False,False,False,False,True,False
LEC,16,Ferrari,66.0,3.0,HARD,26.0,True,4.0,1,81.798,8896.573,8814.775,22.4,32.0,55.0,False,False,False,False,False,False,False,False,False,True,False
LEC,16,Ferrari,67.0,3.0,HARD,27.0,True,4.0,1,81.845,8978.418,8896.573,22.4,31.6,55.0,False,False,False,False,False,False,False,False,False,True,False
LEC,16,Ferrari,68.0,3.0,HARD,28.0,True,4.0,1,82.657,9061.075,8978.418,22.4,31.6,55.0,False,False,False,False,False,False,False,False,False,True,False
LEC,16,Ferrari,69.0,3.0,HARD,29.0,True,4.0,1,83.022,9144.097,9061.075,22.4,31.8,56.0,False,False,False,False,False,False,False,False,False,True,False
LEC,16,Ferrari,70.0,3.0,HARD,30.0,True,4.0,1,82.914,9227.011,9144.097,22.4,31.8,56.0,False,False,False,False,False,False,False,False,False,True,False
ALO,14,Aston Martin,1.0,1.0,MEDIUM,2.0,False,4.0,1,89.539,3557.759,3467.946,21.7,31.9,58.0,False,False,False,False,True,False,False,False,False,False,False
ALO,14,Aston Martin,2.0,1.0,MEDIUM,3.0,False,4.0,1,84.413,3642.172,3557.759,21.8,32.3,57.0,False,False,False,False,False,False,False,False,False,True,False
ALO,14,Aston Martin,3.0,1.0,MEDIUM,4.0,False,5.0,1,84.72,3726.892,3642.172,21.8,31.7,58.0,False,False,False,False,False,False,False,False,False,True,False
ALO,14,Aston Martin,4.0,1.0,MEDIUM,5.0,False,5.0,1,83.815,3810.707,3726.892,21.8,31.5,58.0,False,False,False,False,False,False,False,False,False,True,False
ALO,14,Aston Martin,5.0,1.0,MEDIUM,6.0,False,5.0,1,83.425,3894.132,3810.707,21.8,31.4,59.0,False,False,False,False,False,False,False,False,False,True,False
ALO,14,Aston Martin,6.0,1.0,MEDIUM,7.0,False,5.0,1,83.486,3977.618,3894.132,21.9,31.4,58.0,False,False,False,False,False,False,False,False,False,True,False
ALO,14,Aston Martin,7.0,1.0,MEDIUM,8.0,False,5.0,1,83.205,4060.823,3977.618,21.9,31.4,58.0,False,False,False,False,False,False,False,False,False,True,False
ALO,14,Aston Martin,8.0,1.0,MEDIUM,9.0,False,5.0,1,83.491,4144.314,4060.823,21.9,31.7,58.0,False,False,False,False,False,False,False,False,False,True,False
ALO,14,Aston Martin,9.0,1.0,MEDIUM,10.0,False,5.0,1,83.159,4227.473,4144.314,22.1,32.0,58.0,False,False,False,False,False,False,False,False,False,True,False
ALO,14,Aston Martin,10.0,1.0,MEDIUM,11.0,False,5.0,1,83.122,4310.595,4227.473,22.0,31.4,58.0,False,False,False,False,False,False,False,False,False,True,False
ALO,14,Aston Martin,11.0,1.0,MEDIUM,12.0,False,5.0,1,82.876,4393.471,4310.595,21.9,31.2,58.0,False,False,False,False,False,False,False,False,False,True,False
ALO,14,Aston Martin,12.0,1.0,MEDIUM,13.0,False,5.0,1,82.928,4476.399,4393.471,21.9,31.2,58.0,False,False,False,False,False,False,False,False,False,True,False
ALO,14,Aston Martin,13.0,1.0,MEDIUM,14.0,False,5.0,1,82.779,4559.178,4476.399,21.8,30.8,59.0,False,False,False,False,False,False,False,False,False,True,False
ALO,14,Aston Martin,14.0,1.0,MEDIUM,15.0,False,5.0,1,82.767,4641.945,4559.178,21.9,31.2,59.0,False,False,False,False,False,False,False,False,False,True,False
ALO,14,Aston Martin,15.0,1.0,MEDIUM,16.0,False,5.0,1,82.719,4724.664,4641.945,21.9,31.3,58.0,False,False,False,False,False,False,False,False,False,True,False
ALO,14,Aston Martin,16.0,1.0,MEDIUM,17.0,False,5.0,1,81.999,4806.663,4724.664,21.9,31.2,58.0,False,False,False,False,False,False,False,False,False,True,False
ALO,14,Aston Martin,17.0,1.0,MEDIUM,18.0,False,5.0,1,81.784,4888.447,4806.663,22.0,31.1,58.0,False,False,False,False,False,False,False,False,False,True,False
ALO,14,Aston Martin,18.0,1.0,MEDIUM,19.0,False,5.0,1,82.08,4970.527,4888.447,22.0,31.5,57.0,False,False,False,False,False,False,False,False,False,True,False
ALO,14,Aston Martin,19.0,1.0,MEDIUM,20.0,False,4.0,1,82.219,5052.746,4970.527,22.0,31.5,57.0,False,False,False,False,False,False,False,False,False,True,False
ALO,14,Aston Martin,20.0,1.0,MEDIUM,21.0,False,2.0,1,82.576,5135.322,5052.746,22.0,31.5,58.0,False,False,False,False,False,False,False,False,False,True,False
ALO,14,Aston Martin,21.0,1.0,MEDIUM,22.0,False,3.0,1,83.739,5219.061,5135.322,22.0,31.7,58.0,False,False,False,False,False,False,False,False,False,True,False
ALO,14,Aston Martin,22.0,1.0,MEDIUM,23.0,False,4.0,1,83.469,5302.53,5219.061,22.0,31.5,58.0,False,False,False,False,False,False,False,False,False,True,False
ALO,14,Aston Martin,23.0,1.0,MEDIUM,24.0,False,4.0,1,82.63,5385.16,5302.53,22.0,31.5,58.0,False,False,False,False,False,False,False,False,False,True,False
ALO,14,Aston Martin,24.0,1.0,MEDIUM,25.0,False,4.0,1,82.362,5467.522,5385.16,22.0,31.8,58.0,False,False,False,False,False,False,False,False,False,True,False
ALO,14,Aston Martin,25.0,1.0,MEDIUM,26.0,False,4.0,1,82.694,5550.216,5467.522,22.0,31.9,58.0,False,False,False,False,False,False,False,False,False,True,False
ALO,14,Aston Martin,26.0,1.0,MEDIUM,27.0,False,5.0,1,83.442,5633.658,5550.216,22.1,31.7,57.0,False,False,False,False,False,False,False,False,False,True,False
ALO,14,Aston Martin,27.0,1.0,MEDIUM,28.0,False,5.0,1,82.652,5716.31,5633.658,22.1,31.9,57.0,False,False,False,False,False,False,False,False,False,True,False
ALO,14,Aston Martin,28.0,1.0,MEDIUM,29.0,False,5.0,1,82.826,5799.136,5716.31,22.1,31.9,58.0,False,False,False,False,False,False,False,False,False,True,False
ALO,14,Aston Martin,29.0,1.0,MEDIUM,30.0,False,5.0,1,83.037,5882.173,5799.136,22.1,31.8,58.0,False,False,False,False,False,False,False,False,False,True,False
ALO,14,Aston Martin,30.0,1.0,MEDIUM,31.0,False,5.0,1,83.028,5965.201,5882.173,22.1,31.8,58.0,False,False,False,False,False,False,False,False,False,True,False
ALO,14,Aston Martin,31.0,1.0,MEDIUM,32.0,False,5.0,1,83.103,6048.304,5965.201,22.1,31.8,57.0,False,False,False,False,False,False,False,False,False,True,False
ALO,14,Aston Martin,32.0,1.0,MEDIUM,33.0,False,5.0,1,83.573,6131.877,6048.304,22.1,31.9,57.0,False,False,False,False,False,False,False,False,False,True,False
ALO,14,Aston Martin,33.0,1.0,MEDIUM,34.0,False,5.0,1,83.054,6214.931,6131.877,22.1,31.6,56.0,False,False,False,False,False,False,False,False,False,True,False
ALO,14,Aston Martin,34.0,1.0,MEDIUM,35.0,False,5.0,1,82.974,6297.905,6214.931,22.0,31.7,57.0,False,False,False,False,False,False,False,False,False,True,False
ALO,14,Aston Martin,35.0,1.0,MEDIUM,36.0,False,5.0,1,83.142,6381.047,6297.905,22.1,32.0,57.0,False,False,False,False,False,False,False,False,False,True,False
ALO,14,Aston Martin,36.0,1.0,MEDIUM,37.0,False,5.0,1,82.948,6463.995,6381.047,22.1,32.1,56.0,False,False,False,False,False,False,False,False,False,True,False
ALO,14,Aston Martin,37.0,1.0,MEDIUM,38.0,False,5.0,1,83.481,6547.476,6463.995,22.1,32.0,57.0,False,False,False,False,False,False,False,False,False,True,False
ALO,14,Aston Martin,38.0,1.0,MEDIUM,39.0,False,5.0,1,83.2,6630.676,6547.476,22.1,31.5,57.0,False,False,False,False,False,False,False,False,False,True,False
ALO,14,Aston Martin,39.0,1.0,MEDIUM,40.0,False,5.0,1,86.44,6717.116,6630.676,22.1,31.5,57.0,False,True,False,False,True,False,False,False,False,False,False
ALO,14,Aston Martin,40.0,2.0,HARD,2.0,False,8.0,1,101.699,6818.815,6717.116,22.2,31.9,57.0,False,False,True,False,True,False,False,False,False,False,False
ALO,14,Aston Martin,41.0,2.0,HARD,3.0,False,6.0,1,82.808,6901.623,6818.815,22.2,31.9,56.0,False,False,False,False,False,False,False,False,False,True,False
ALO,14,Aston Martin,42.0,2.0,HARD,4.0,False,6.0,1,82.437,6984.06,6901.623,22.2,31.6,56.0,False,False,False,False,False,False,False,False,False,True,False
ALO,14,Aston Martin,43.0,2.0,HARD,5.0,False,6.0,1,82.384,7066.444,6984.06,22.3,31.6,56.0,False,False,False,False,False,False,False,False,False,True,False
ALO,14,Aston Martin,44.0,2.0,HARD,6.0,False,6.0,1,81.585,7148.029,7066.444,22.2,31.6,56.0,False,False,False,False,False,False,False,False,False,True,False
ALO,14,Aston Martin,45.0,2.0,HARD,7.0,False,6.0,1,81.295,7229.324,7148.029,22.2,31.3,55.0,False,False,False,False,False,False,False,False,False,True,False
ALO,14,Aston Martin,46.0,2.0,HARD,8.0,False,6.0,1,81.579,7310.903,7229.324,22.1,31.2,55.0,False,False,False,False,False,False,False,False,False,True,False
ALO,14,Aston Martin,47.0,2.0,HARD,9.0,False,6.0,1,81.156,7392.059,7310.903,22.1,31.0,56.0,False,False,False,False,False,False,False,False,False,True,False
ALO,14,Aston Martin,48.0,2.0,HARD,10.0,False,6.0,1,80.63,7472.689,7392.059,22.1,31.2,56.0,False,False,False,False,False,False,False,False,False,True,False
ALO,14,Aston Martin,49.0,2.0,HARD,11.0,False,5.0,1,81.223,7553.912,7472.689,22.0,31.1,56.0,False,False,False,False,False,False,False,False,False,True,False
ALO,14,Aston Martin,50.0,2.0,HARD,12.0,False,5.0,1,81.316,7635.228,7553.912,22.0,31.3,56.0,False,False,False,False,False,False,False,False,False,True,False
ALO,14,Aston Martin,51.0,2.0,HARD,13.0,False,5.0,1,80.872,7716.1,7635.228,22.0,31.0,56.0,False,False,False,False,False,False,False,False,False,True,False
ALO,14,Aston Martin,52.0,2.0,HARD,14.0,False,5.0,1,80.404,7796.504,7716.1,22.0,31.0,56.0,False,False,False,False,False,False,False,False,False,True,False
ALO,14,Aston Martin,53.0,2.0,HARD,15.0,False,5.0,1,80.324,7876.828,7796.504,22.0,30.8,56.0,False,False,False,False,False,False,False,False,False,True,False
ALO,14,Aston Martin,54.0,2.0,HARD,16.0,False,5.0,1,80.113,7956.941,7876.828,22.0,31.0,56.0,False,False,False,False,False,False,False,False,False,True,False
ALO,14,Aston Martin,55.0,2.0,HARD,17.0,False,5.0,1,80.24,8037.181,7956.941,22.0,30.9,55.0,False,False,False,False,False,False,False,False,False,True,False
ALO,14,Aston Martin,56.0,2.0,HARD,18.0,False,5.0,1,80.535,8117.716,8037.181,22.0,30.7,56.0,False,False,False,False,False,False,False,False,False,True,False
ALO,14,Aston Martin,57.0,2.0,HARD,19.0,False,5.0,1,80.885,8198.601,8117.716,22.0,30.7,57.0,False,False,False,False,False,False,False,False,False,True,False
ALO,14,Aston Martin,58.0,2.0,HARD,20.0,False,5.0,1,80.896,8279.497,8198.601,22.0,30.8,56.0,False,False,False,False,False,False,False,False,False,True,False
ALO,14,Aston Martin,59.0,2.0,HARD,21.0,False,5.0,1,80.963,8360.46,8279.497,22.0,30.6,56.0,False,False,False,False,False,False,False,False,False,True,False
ALO,14,Aston Martin,60.0,2.0,HARD,22.0,False,5.0,1,80.564,8441.024,8360.46,22.1,30.6,57.0,False,False,False,False,False,False,False,False,False,True,False
ALO,14,Aston Martin,61.0,2.0,HARD,23.0,False,5.0,1,80.44,8521.464,8441.024,22.1,30.6,57.0,False,False,False,False,False,False,False,False,False,True,False
ALO,14,Aston Martin,62.0,2.0,HARD,24.0,False,5.0,1,80.451,8601.915,8521.464,22.1,31.1,57.0,False,False,False,False,False,False,False,False,False,True,False
ALO,14,Aston Martin,63.0,2.0,HARD,25.0,False,5.0,1,81.627,8683.542,8601.915,22.1,30.9,57.0,False,False,False,False,False,False,False,False,False,True,False
ALO,14,Aston Martin,64.0,2.0,HARD,26.0,False,5.0,1,81.141,8764.683,8683.542,22.1,31.1,57.0,False,False,False,False,False,False,False,False,False,True,False
ALO,14,Aston Martin,65.0,2.0,HARD,27.0,False,5.0,1,80.74,8845.423,8764.683,22.3,32.0,56.0,False,False,False,False,False,False,False,False,False,True,False
ALO,14,Aston Martin,66.0,2.0,HARD,28.0,False,5.0,1,80.898,8926.321,8845.423,22.4,32.0,55.0,False,False,False,False,False,False,False,False,False,True,False
ALO,14,Aston Martin,67.0,2.0,HARD,29.0,False,5.0,1,80.358,9006.679,8926.321,22.4,31.6,55.0,False,False,False,False,False,False,False,False,False,True,False
ALO,14,Aston Martin,68.0,2.0,HARD,30.0,False,5.0,1,80.596,9087.275,9006.679,22.4,31.6,55.0,False,False,False,False,False,False,False,False,False,True,False
ALO,14,Aston Martin,69.0,2.0,HARD,31.0,False,5.0,1,80.368,9167.643,9087.275,22.4,31.8,56.0,False,False,False,False,False,False,False,False,False,True,False
ALO,14,Aston Martin,70.0,2.0,HARD,32.0,False,5.0,1,80.848,9248.491,9167.643,22.4,31.8,56.0,False,False,False,False,False,False,False,False,False,True,False
BOR,5,Kick Sauber,1.0,1.0,MEDIUM,1.0,True,6.0,1,90.735,3558.955,3467.946,21.7,31.9,58.0,False,False,False,False,True,False,False,False,False,False,False
BOR,5,Kick Sauber,2.0,1.0,MEDIUM,2.0,True,6.0,1,83.981,3642.936,3558.955,21.8,32.3,57.0,False,False,False,False,False,False,False,False,False,True,False
BOR,5,Kick Sauber,3.0,1.0,MEDIUM,3.0,True,6.0,1,84.574,3727.51,3642.936,21.8,31.7,58.0,False,False,False,False,False,False,False,False,False,True,False
BOR,5,Kick Sauber,4.0,1.0,MEDIUM,4.0,True,6.0,1,83.735,3811.245,3727.51,21.8,31.5,58.0,False,False,False,False,False,False,False,False,False,True,False
BOR,5,Kick Sauber,5.0,1.0,MEDIUM,5.0,True,6.0,1,83.798,3895.043,3811.245,21.8,31.4,59.0,False,False,False,False,False,False,False,False,False,True,False
BOR,5,Kick Sauber,6.0,1.0,MEDIUM,6.0,True,6.0,1,83.502,3978.545,3895.043,21.9,31.4,58.0,False,False,False,False,False,False,False,False,False,True,False
BOR,5,Kick Sauber,7.0,1.0,MEDIUM,7.0,True,6.0,1,83.143,4061.688,3978.545,21.9,31.4,58.0,False,False,False,False,False,False,False,False,False,True,False
BOR,5,Kick Sauber,8.0,1.0,MEDIUM,8.0,True,6.0,1,83.549,4145.237,4061.688,21.9,31.7,58.0,False,False,False,False,False,False,False,False,False,True,False
BOR,5,Kick Sauber,9.0,1.0,MEDIUM,9.0,True,6.0,1,83.181,4228.418,4145.237,22.1,32.0,58.0,False,False,False,False,False,False,False,False,False,True,False
BOR,5,Kick Sauber,10.0,1.0,MEDIUM,10.0,True,6.0,1,83.023,4311.441,4228.418,22.0,31.4,58.0,False,False,False,False,False,False,False,False,False,True,False
BOR,5,Kick Sauber,11.0,1.0,MEDIUM,11.0,True,6.0,1,83.016,4394.457,4311.441,21.9,31.2,58.0,False,False,False,False,False,False,False,False,False,True,False
BOR,5,Kick Sauber,12.0,1.0,MEDIUM,12.0,True,6.0,1,82.944,4477.401,4394.457,21.9,31.2,58.0,False,False,False,False,False,False,False,False,False,True,False
BOR,5,Kick Sauber,13.0,1.0,MEDIUM,13.0,True,6.0,1,83.144,4560.545,4477.401,21.8,30.8,59.0,False,False,False,False,False,False,False,False,False,True,False
BOR,5,Kick Sauber,14.0,1.0,MEDIUM,14.0,True,6.0,1,83.009,4643.554,4560.545,21.9,31.2,59.0,False,False,False,False,False,False,False,False,False,True,False
BOR,5,Kick Sauber,15.0,1.0,MEDIUM,15.0,True,6.0,1,83.02,4726.574,4643.554,21.9,31.3,58.0,False,False,False,False,False,False,False,False,False,True,False
BOR,5,Kick Sauber,16.0,1.0,MEDIUM,16.0,True,6.0,1,82.892,4809.466,4726.574,21.9,31.2,58.0,False,False,False,False,False,False,False,False,False,True,False
BOR,5,Kick Sauber,17.0,1.0,MEDIUM,17.0,True,6.0,1,83.069,4892.535,4809.466,22.0,31.1,58.0,False,False,False,False,False,False,False,False,False,True,False
BOR,5,Kick Sauber,18.0,1.0,MEDIUM,18.0,True,6.0,1,83.075,4975.61,4892.535,22.0,31.5,57.0,False,False,False,False,False,False,False,False,False,True,False
BOR,5,Kick Sauber,19.0,1.0,MEDIUM,19.0,True,6.0,1,83.648,5059.258,4975.61,22.0,31.6,58.0,False,False,False,False,False,False,False,False,False,True,False
BOR,5,Kick Sauber,20.0,1.0,MEDIUM,20.0,True,5.0,1,83.504,5142.762,5059.258,22.0,31.5,58.0,False,False,False,False,False,False,False,False,False,True,False
BOR,5,Kick Sauber,21.0,1.0,MEDIUM,21.0,True,6.0,1,84.098,5226.86,5142.762,22.0,31.7,58.0,False,False,False,False,False,False,False,False,False,True,False
BOR,5,Kick Sauber,22.0,1.0,MEDIUM,22.0,True,6.0,1,83.214,5310.074,5226.86,22.0,31.5,58.0,False,False,False,False,False,False,False,False,False,True,False
BOR,5,Kick Sauber,23.0,1.0,MEDIUM,23.0,True,6.0,1,83.095,5393.169,5310.074,22.0,31.5,58.0,False,False,False,False,False,False,False,False,False,True,False
BOR,5,Kick Sauber,24.0,1.0,MEDIUM,24.0,True,6.0,1,82.777,5475.946,5393.169,22.0,31.8,58.0,False,False,False,False,False,False,False,False,False,True,False
BOR,5,Kick Sauber,25.0,1.0,MEDIUM,25.0,True,6.0,1,83.031,5558.977,5475.946,22.0,31.9,58.0,False,False,False,False,False,False,False,False,False,True,False
BOR,5,Kick Sauber,26.0,1.0,MEDIUM,26.0,True,6.0,1,82.857,5641.834,5558.977,22.1,31.7,57.0,False,False,False,False,False,False,False,False,False,True,False
BOR,5,Kick Sauber,27.0,1.0,MEDIUM,27.0,True,6.0,1,82.881,5724.715,5641.834,22.1,31.9,57.0,False,False,False,False,False,False,False,False,False,True,False
BOR,5,Kick Sauber,28.0,1.0,MEDIUM,28.0,True,6.0,1,82.982,5807.697,5724.715,22.1,31.9,58.0,False,False,False,False,False,False,False,False,False,True,False
BOR,5,Kick Sauber,29.0,1.0,MEDIUM,29.0,True,6.0,1,82.871,5890.568,5807.697,22.1,31.8,58.0,False,False,False,False,False,False,False,False,False,True,False
BOR,5,Kick Sauber,30.0,1.0,MEDIUM,30.0,True,6.0,1,83.221,5973.789,5890.568,22.1,31.8,58.0,False,False,False,False,False,False,False,False,False,True,False
BOR,5,Kick Sauber,31.0,1.0,MEDIUM,31.0,True,6.0,1,82.873,6056.662,5973.789,22.1,31.8,57.0,False,False,False,False,False,False,False,False,False,True,False
BOR,5,Kick Sauber,32.0,1.0,MEDIUM,32.0,True,6.0,1,83.065,6139.727,6056.662,22.1,31.8,57.0,False,False,False,False,False,False,False,False,False,True,False
BOR,5,Kick Sauber,33.0,1.0,MEDIUM,33.0,True,6.0,1,82.872,6222.599,6139.727,22.1,31.6,56.0,False,False,False,False,False,False,False,False,False,True,False
BOR,5,Kick Sauber,34.0,1.0,MEDIUM,34.0,True,6.0,1,82.876,6305.475,6222.599,22.0,31.7,57.0,False,False,False,False,False,False,False,False,False,True,False
BOR,5,Kick Sauber,35.0,1.0,MEDIUM,35.0,True,6.0,1,82.88,6388.355,6305.475,22.1,32.0,57.0,False,False,False,False,False,False,False,False,False,True,False
BOR,5,Kick Sauber,36.0,1.0,MEDIUM,36.0,True,6.0,1,82.975,6471.33,6388.355,22.1,32.1,56.0,False,False,False,False,False,False,False,False,False,True,False
BOR,5,Kick Sauber,37.0,1.0,MEDIUM,37.0,True,6.0,1,82.938,6554.268,6471.33,22.1,32.0,57.0,False,False,False,False,False,False,False,False,False,True,False
BOR,5,Kick Sauber,38.0,1.0,MEDIUM,38.0,True,6.0,1,82.924,6637.192,6554.268,22.1,31.5,57.0,False,False,False,False,False,False,False,False,False,True,False
BOR,5,Kick Sauber,39.0,1.0,MEDIUM,39.0,True,6.0,1,82.785,6719.977,6637.192,22.1,31.5,57.0,False,False,False,False,False,False,False,False,False,True,False
BOR,5,Kick Sauber,40.0,1.0,MEDIUM,40.0,True,5.0,1,85.253,6805.23,6719.977,22.2,31.9,57.0,False,True,False,False,True,False,False,False,False,False,False
BOR,5,Kick Sauber,41.0,2.0,HARD,1.0,True,8.0,1,100.183,6905.413,6805.23,22.2,31.9,56.0,False,False,True,False,True,False,False,False,False,False,False
BOR,5,Kick Sauber,42.0,2.0,HARD,2.0,True,7.0,1,81.477,6986.89,6905.413,22.2,31.6,56.0,False,False,False,False,False,False,False,False,False,True,False
BOR,5,Kick Sauber,43.0,2.0,HARD,3.0,True,7.0,1,80.901,7067.791,6986.89,22.3,31.6,56.0,False,False,False,False,False,False,False,False,False,True,False
BOR,5,Kick Sauber,44.0,2.0,HARD,4.0,True,7.0,1,81.516,7149.307,7067.791,22.2,31.6,56.0,False,False,False,False,False,False,False,False,False,True,False
BOR,5,Kick Sauber,45.0,2.0,HARD,5.0,True,7.0,1,81.653,7230.96,7149.307,22.2,31.3,55.0,False,False,False,False,False,False,False,False,False,True,False
BOR,5,Kick Sauber,46.0,2.0,HARD,6.0,True,7.0,1,81.41,7312.37,7230.96,22.1,31.2,55.0,False,False,False,False,False,False,False,False,False,True,False
BOR,5,Kick Sauber,47.0,2.0,HARD,7.0,True,7.0,1,81.212,7393.582,7312.37,22.1,31.0,56.0,False,False,False,False,False,False,False,False,False,True,False
BOR,5,Kick Sauber,48.0,2.0,HARD,8.0,True,7.0,1,80.705,7474.287,7393.582,22.1,31.2,56.0,False,False,False,False,False,False,False,False,False,True,False
BOR,5,Kick Sauber,49.0,2.0,HARD,9.0,True,6.0,1,81.188,7555.475,7474.287,22.0,31.1,56.0,False,False,False,False,False,False,False,False,False,True,False
BOR,5,Kick Sauber,50.0,2.0,HARD,10.0,True,6.0,1,81.044,7636.519,7555.475,22.0,31.3,56.0,False,False,False,False,False,False,False,False,False,True,False
BOR,5,Kick Sauber,51.0,2.0,HARD,11.0,True,6.0,1,80.961,7717.48,7636.519,22.0,31.0,56.0,False,False,False,False,False,False,False,False,False,True,False
BOR,5,Kick Sauber,52.0,2.0,HARD,12.0,True,6.0,1,80.905,7798.385,7717.48,22.0,31.0,56.0,False,False,False,False,False,False,False,False,False,True,False
BOR,5,Kick Sauber,53.0,2.0,HARD,13.0,True,6.0,1,80.762,7879.147,7798.385,22.0,30.8,56.0,False,False,False,False,False,False,False,False,False,True,False
BOR,5,Kick Sauber,54.0,2.0,HARD,14.0,True,6.0,1,80.973,7960.12,7879.147,22.0,31.0,56.0,False,False,False,False,False,False,False,False,False,True,False
BOR,5,Kick Sauber,55.0,2.0,HARD,15.0,True,6.0,1,80.95,8041.07,7960.12,22.0,30.9,55.0,False,False,False,False,False,False,False,False,False,True,False
BOR,5,Kick Sauber,56.0,2.0,HARD,16.0,True,6.0,1,80.908,8121.978,8041.07,22.0,30.7,56.0,False,False,False,False,False,False,False,False,False,True,False
BOR,5,Kick Sauber,57.0,2.0,HARD,17.0,True,6.0,1,80.836,8202.814,8121.978,22.0,30.7,57.0,False,False,False,False,False,False,False,False,False,True,False
BOR,5,Kick Sauber,58.0,2.0,HARD,18.0,True,6.0,1,80.743,8283.557,8202.814,22.0,30.8,56.0,False,False,False,False,False,False,False,False,False,True,False
BOR,5,Kick Sauber,59.0,2.0,HARD,19.0,True,6.0,1,80.854,8364.411,8283.557,22.0,30.6,56.0,False,False,False,False,False,False,False,False,False,True,False
BOR,5,Kick Sauber,60.0,2.0,HARD,20.0,True,6.0,1,80.722,8445.133,8364.411,22.1,30.6,57.0,False,False,False,False,False,False,False,False,False,True,False
BOR,5,Kick Sauber,61.0,2.0,HARD,21.0,True,6.0,1,80.798,8525.931,8445.133,22.1,30.6,57.0,False,False,False,False,False,False,False,False,False,True,False
BOR,5,Kick Sauber,62.0,2.0,HARD,22.0,True,6.0,1,80.739,8606.67,8525.931,22.1,31.1,57.0,False,False,False,False,False,False,False,False,False,True,False
BOR,5,Kick Sauber,63.0,2.0,HARD,23.0,True,6.0,1,80.775,8687.445,8606.67,22.1,30.9,57.0,False,False,False,False,False,False,False,False,False,True,False
BOR,5,Kick Sauber,64.0,2.0,HARD,24.0,True,6.0,1,80.856,8768.301,8687.445,22.1,31.1,57.0,False,False,False,False,False,False,False,False,False,True,False
BOR,5,Kick Sauber,65.0,2.0,HARD,25.0,True,6.0,1,81.187,8849.488,8768.301,22.3,32.0,56.0,False,False,False,False,False,False,False,False,False,True,False
BOR,5,Kick Sauber,66.0,2.0,HARD,26.0,True,6.0,1,81.192,8930.68,8849.488,22.4,32.0,55.0,False,False,False,False,False,False,False,False,False,True,False
BOR,5,Kick Sauber,67.0,2.0,HARD,27.0,True,6.0,1,80.986,9011.666,8930.68,22.4,31.6,55.0,False,False,False,False,False,False,False,False,False,True,False
BOR,5,Kick Sauber,68.0,2.0,HARD,28.0,True,6.0,1,81.055,9092.721,9011.666,22.4,31.6,55.0,False,False,False,False,False,False,False,False,False,True,False
BOR,5,Kick Sauber,69.0,2.0,HARD,29.0,True,6.0,1,81.177,9173.898,9092.721,22.4,31.8,56.0,False,False,False,False,False,False,False,False,False,True,False
BOR,5,Kick Sauber,70.0,2.0,HARD,30.0,True,6.0,1,81.722,9255.62,9173.898,22.4,31.8,56.0,False,False,False,False,False,False,False,False,False,True,False
STR,18,Aston Martin,1.0,1.0,MEDIUM,2.0,False,7.0,1,91.307,3559.527,3467.946,21.7,31.9,58.0,False,False,False,False,True,False,False,False,False,False,False
STR,18,Aston Martin,2.0,1.0,MEDIUM,3.0,False,7.0,1,84.098,3643.625,3559.527,21.8,32.3,57.0,False,False,False,False,False,False,False,False,False,True,False
STR,18,Aston Martin,3.0,1.0,MEDIUM,4.0,False,8.0,1,85.322,3728.947,3643.625,21.8,31.7,58.0,False,False,False,False,False,False,False,False,False,True,False
STR,18,Aston Martin,4.0,1.0,MEDIUM,5.0,False,8.0,1,83.808,3812.755,3728.947,21.8,31.5,58.0,False,False,False,False,False,False,False,False,False,True,False
STR,18,Aston Martin,5.0,1.0,MEDIUM,6.0,False,8.0,1,83.892,3896.647,3812.755,21.8,31.4,59.0,False,False,False,False,False,False,False,False,False,True,False
STR,18,Aston Martin,6.0,1.0,MEDIUM,7.0,False,8.0,1,83.462,3980.109,3896.647,21.9,31.4,58.0,False,False,False,False,False,False,False,False,False,True,False
STR,18,Aston Martin,7.0,1.0,MEDIUM,8.0,False,8.0,1,83.325,4063.434,3980.109,21.9,31.4,58.0,False,False,False,False,False,False,False,False,False,True,False
STR,18,Aston Martin,8.0,1.0,MEDIUM,9.0,False,8.0,1,83.447,4146.881,4063.434,21.9,31.7,58.0,False,False,False,False,False,False,False,False,False,True,False
STR,18,Aston Martin,9.0,1.0,MEDIUM,10.0,False,8.0,1,83.349,4230.23,4146.881,22.1,32.0,58.0,False,False,False,False,False,False,False,False,False,True,False
STR,18,Aston Martin,10.0,1.0,MEDIUM,11.0,False,8.0,1,83.251,4313.481,4230.23,22.0,31.4,58.0,False,False,False,False,False,False,False,False,False,True,False
STR,18,Aston Martin,11.0,1.0,MEDIUM,12.0,False,8.0,1,83.245,4396.726,4313.481,21.9,31.1,58.0,False,False,False,False,False,False,False,False,False,True,False
STR,18,Aston Martin,12.0,1.0,MEDIUM,13.0,False,8.0,1,83.256,4479.982,4396.726,21.9,31.2,58.0,False,False,False,False,False,False,False,False,False,True,False
STR,18,Aston Martin,13.0,1.0,MEDIUM,14.0,False,8.0,1,83.17,4563.152,4479.982,21.8,30.8,59.0,False,False,False,False,False,False,False,False,False,True,False
STR,18,Aston Martin,14.0,1.0,MEDIUM,15.0,False,8.0,1,83.21,4646.362,4563.152,21.9,31.2,59.0,False,False,False,False,False,False,False,False,False,True,False
STR,18,Aston Martin,15.0,1.0,MEDIUM,16.0,False,8.0,1,83.201,4729.563,4646.362,21.9,31.3,58.0,False,False,False,False,False,False,False,False,False,True,False
STR,18,Aston Martin,16.0,1.0,MEDIUM,17.0,False,8.0,1,83.33,4812.893,4729.563,21.9,31.2,58.0,False,False,False,False,False,False,False,False,False,True,False
STR,18,Aston Martin,17.0,1.0,MEDIUM,18.0,False,7.0,1,83.27,4896.163,4812.893,22.0,31.1,58.0,False,False,False,False,False,False,False,False,False,True,False
STR,18,Aston Martin,18.0,1.0,MEDIUM,19.0,False,7.0,1,82.899,4979.062,4896.163,22.0,31.5,57.0,False,False,False,False,False,False,False,False,False,True,False
STR,18,Aston Martin,19.0,1.0,MEDIUM,20.0,False,7.0,1,82.966,5062.028,4979.062,22.0,31.6,58.0,False,False,False,False,False,False,False,False,False,True,False
STR,18,Aston Martin,20.0,1.0,MEDIUM,21.0,False,7.0,1,83.424,5145.452,5062.028,22.0,31.5,58.0,False,False,False,False,False,False,False,False,False,True,False
STR,18,Aston Martin,21.0,1.0,MEDIUM,22.0,False,7.0,1,83.243,5228.695,5145.452,22.0,31.7,58.0,False,False,False,False,False,False,False,False,False,True,False
STR,18,Aston Martin,22.0,1.0,MEDIUM,23.0,False,7.0,1,83.0,5311.695,5228.695,22.0,31.5,58.0,False,False,False,False,False,False,False,False,False,True,False
STR,18,Aston Martin,23.0,1.0,MEDIUM,24.0,False,7.0,1,83.153,5394.848,5311.695,22.0,31.5,58.0,False,False,False,False,False,False,False,False,False,True,False
STR,18,Aston Martin,24.0,1.0,MEDIUM,25.0,False,7.0,1,83.077,5477.925,5394.848,22.0,31.8,58.0,False,False,False,False,False,False,False,False,False,True,False
STR,18,Aston Martin,25.0,1.0,MEDIUM,26.0,False,7.0,1,83.236,5561.161,5477.925,22.0,31.9,58.0,False,False,False,False,False,False,False,False,False,True,False
STR,18,Aston Martin,26.0,1.0,MEDIUM,27.0,False,7.0,1,83.121,5644.282,5561.161,22.1,31.7,57.0,False,False,False,False,False,False,False,False,False,True,False
STR,18,Aston Martin,27.0,1.0,MEDIUM,28.0,False,7.0,1,82.878,5727.16,5644.282,22.1,31.9,57.0,False,False,False,False,False,False,False,False,False,True,False
STR,18,Aston Martin,28.0,1.0,MEDIUM,29.0,False,7.0,1,83.043,5810.203,5727.16,22.1,31.9,58.0,False,False,False,False,False,False,False,False,False,True,False
STR,18,Aston Martin,29.0,1.0,MEDIUM,30.0,False,7.0,1,83.092,5893.295,5810.203,22.1,31.8,58.0,False,False,False,False,False,False,False,False,False,True,False
STR,18,Aston Martin,30.0,1.0,MEDIUM,31.0,False,7.0,1,83.283,5976.578,5893.295,22.1,31.8,58.0,False,False,False,False,False,False,False,False,False,True,False
STR,18,Aston Martin,31.0,1.0,MEDIUM,32.0,False,7.0,1,83.465,6060.043,5976.578,22.1,31.8,57.0,False,False,False,False,False,False,False,False,False,True,False
STR,18,Aston Martin,32.0,1.0,MEDIUM,33.0,False,7.0,1,83.393,6143.436,6060.043,22.1,31.8,57.0,False,False,False,False,False,False,False,False,False,True,False
STR,18,Aston Martin,33.0,1.0,MEDIUM,34.0,False,7.0,1,83.476,6226.912,6143.436,22.1,31.6,56.0,False,False,False,False,False,False,False,False,False,True,False
STR,18,Aston Martin,34.0,1.0,MEDIUM,35.0,False,7.0,1,83.259,6310.171,6226.912,22.0,31.7,57.0,False,False,False,False,False,False,False,False,False,True,False
STR,18,Aston Martin,35.0,1.0,MEDIUM,36.0,False,7.0,1,83.679,6393.85,6310.171,22.1,32.0,57.0,False,False,False,False,False,False,False,False,False,True,False
STR,18,Aston Martin,36.0,1.0,MEDIUM,37.0,False,8.0,1,86.688,6480.538,6393.85,22.1,32.1,56.0,False,True,False,False,True,False,False,False,False,False,False
STR,18,Aston Martin,37.0,2.0,HARD,2.0,False,12.0,1,99.39,6579.928,6480.538,22.1,31.6,57.0,False,False,True,False,True,False,False,False,False,False,False
STR,18,Aston Martin,38.0,2.0,HARD,3.0,False,12.0,1,81.491,6661.419,6579.928,22.1,31.5,57.0,False,False,False,False,False,False,False,False,False,True,False
STR,18,Aston Martin,39.0,2.0,HARD,4.0,False,11.0,1,81.605,6743.024,6661.419,22.1,31.6,58.0,False,False,False,False,False,False,False,False,False,True,False
STR,18,Aston Martin,40.0,2.0,HARD,5.0,False,11.0,1,81.687,6824.711,6743.024,22.2,31.9,57.0,False,False,False,False,False,False,False,False,False,True,False
STR,18,Aston Martin,41.0,2.0,HARD,6.0,False,9.0,1,82.258,6906.969,6824.711,22.2,31.9,56.0,False,False,False,False,False,False,False,False,False,True,False
STR,18,Aston Martin,42.0,2.0,HARD,7.0,False,8.0,1,81.7,6988.669,6906.969,22.2,31.6,56.0,False,False,False,False,False,False,False,False,False,True,False
STR,18,Aston Martin,43.0,2.0,HARD,8.0,False,8.0,1,81.637,7070.306,6988.669,22.3,31.6,56.0,False,False,False,False,False,False,False,False,False,True,False
STR,18,Aston Martin,44.0,2.0,HARD,9.0,False,8.0,1,81.666,7151.972,7070.306,22.2,31.6,56.0,False,False,False,False,False,False,False,False,False,True,False
STR,18,Aston Martin,45.0,2.0,HARD,10.0,False,8.0,1,81.686,7233.658,7151.972,22.2,31.3,55.0,False,False,False,False,False,False,False,False,False,True,False
STR,18,Aston Martin,46.0,2.0,HARD,11.0,False,8.0,1,81.33,7314.988,7233.658,22.1,31.2,55.0,False,False,False,False,False,False,False,False,False,True,False
STR,18,Aston Martin,47.0,2.0,HARD,12.0,False,8.0,1,81.192,7396.18,7314.988,22.1,30.9,56.0,False,False,False,False,False,False,False,False,False,True,False
STR,18,Aston Martin,48.0,2.0,HARD,13.0,False,8.0,1,81.148,7477.328,7396.18,22.1,31.2,56.0,False,False,False,False,False,False,False,False,False,True,False
STR,18,Aston Martin,49.0,2.0,HARD,14.0,False,7.0,1,80.921,7558.249,7477.328,22.0,31.1,56.0,False,False,False,False,False,False,False,False,False,True,False
STR,18,Aston Martin,50.0,2.0,HARD,15.0,False,7.0,1,80.991,7639.24,7558.249,22.0,31.3,56.0,False,False,False,False,False,False,False,False,False,True,False
STR,18,Aston Martin,51.0,2.0,HARD,16.0,False,7.0,1,80.983,7720.223,7639.24,22.0,31.0,56.0,False,False,False,False,False,False,False,False,False,True,False
STR,18,Aston Martin,52.0,2.0,HARD,17.0,False,7.0,1,80.826,7801.049,7720.223,22.0,31.0,56.0,False,False,False,False,False,False,False,False,False,True,False
STR,18,Aston Martin,53.0,2.0,HARD,18.0,False,7.0,1,80.812,7881.861,7801.049,22.0,30.8,56.0,False,False,False,False,False,False,False,False,False,True,False
STR,18,Aston Martin,54.0,2.0,HARD,19.0,False,7.0,1,80.923,7962.784,7881.861,22.0,31.0,56.0,False,False,False,False,False,False,False,False,False,True,False
STR,18,Aston Martin,55.0,2.0,HARD,20.0,False,7.0,1,80.708,8043.492,7962.784,22.0,30.9,55.0,False,False,False,False,False,False,False,False,False,True,False
STR,18,Aston Martin,56.0,2.0,HARD,21.0,False,7.0,1,80.8,8124.292,8043.492,22.0,30.7,56.0,False,False,False,False,False,False,False,False,False,True,False
STR,18,Aston Martin,57.0,2.0,HARD,22.0,False,7.0,1,80.85,8205.142,8124.292,22.0,30.7,57.0,False,False,False,False,False,False,False,False,False,True,False
STR,18,Aston Martin,58.0,2.0,HARD,23.0,False,7.0,1,80.788,8285.93,8205.142,22.0,30.8,56.0,False,False,False,False,False,False,False,False,False,True,False
STR,18,Aston Martin,59.0,2.0,HARD,24.0,False,7.0,1,80.726,8366.656,8285.93,22.0,30.6,56.0,False,False,False,False,False,False,False,False,False,True,False
STR,18,Aston Martin,60.0,2.0,HARD,25.0,False,7.0,1,80.802,8447.458,8366.656,22.1,30.6,57.0,False,False,False,False,False,False,False,False,False,True,False
STR,18,Aston Martin,61.0,2.0,HARD,26.0,False,7.0,1,80.714,8528.172,8447.458,22.1,30.6,57.0,False,False,False,False,False,False,False,False,False,True,False
STR,18,Aston Martin,62.0,2.0,HARD,27.0,False,7.0,1,80.731,8608.903,8528.172,22.1,31.1,57.0,False,False,False,False,False,False,False,False,False,True,False
STR,18,Aston Martin,63.0,2.0,HARD,28.0,False,7.0,1,80.955,8689.858,8608.903,22.1,30.9,57.0,False,False,False,False,False,False,False,False,False,True,False
STR,18,Aston Martin,64.0,2.0,HARD,29.0,False,7.0,1,80.935,8770.793,8689.858,22.1,31.1,57.0,False,False,False,False,False,False,False,False,False,True,False
STR,18,Aston Martin,65.0,2.0,HARD,30.0,False,7.0,1,81.048,8851.841,8770.793,22.3,32.0,56.0,False,False,False,False,False,False,False,False,False,True,False
STR,18,Aston Martin,66.0,2.0,HARD,31.0,False,7.0,1,81.026,8932.867,8851.841,22.4,32.0,55.0,False,False,False,False,False,False,False,False,False,True,False
STR,18,Aston Martin,67.0,2.0,HARD,32.0,False,7.0,1,80.86,9013.727,8932.867,22.4,31.6,55.0,False,False,False,False,False,False,False,False,False,True,False
STR,18,Aston Martin,68.0,2.0,HARD,33.0,False,7.0,1,80.934,9094.661,9013.727,22.4,31.6,55.0,False,False,False,False,False,False,False,False,False,True,False
STR,18,Aston Martin,69.0,2.0,HARD,34.0,False,7.0,1,81.294,9175.955,9094.661,22.4,31.8,56.0,False,False,False,False,False,False,False,False,False,True,False
STR,18,Aston Martin,70.0,2.0,HARD,35.0,False,7.0,1,81.67,9257.625,9175.955,22.4,32.0,56.0,False,False,False,False,False,False,False,False,False,True,False
LAW,30,Racing Bulls,1.0,1.0,MEDIUM,1.0,True,8.0,1,91.895,3560.115,3467.946,21.7,31.9,58.0,False,False,False,False,True,False,False,False,False,False,False
LAW,30,Racing Bulls,2.0,1.0,MEDIUM,2.0,True,9.0,1,85.171,3645.286,3560.115,21.8,32.3,57.0,False,False,False,False,False,False,False,False,False,True,False
LAW,30,Racing Bulls,3.0,1.0,MEDIUM,3.0,True,9.0,1,84.281,3729.567,3645.286,21.8,31.7,58.0,False,False,False,False,False,False,False,False,False,True,False
LAW,30,Racing Bulls,4.0,1.0,MEDIUM,4.0,True,9.0,1,83.974,3813.541,3729.567,21.8,31.5,58.0,False,False,False,False,False,False,False,False,False,True,False
LAW,30,Racing Bulls,5.0,1.0,MEDIUM,5.0,True,9.0,1,83.752,3897.293,3813.541,21.8,31.4,59.0,False,False,False,False,False,False,False,False,False,True,False
LAW,30,Racing Bulls,6.0,1.0,MEDIUM,6.0,True,9.0,1,83.645,3980.938,3897.293,21.9,31.4,58.0,False,False,False,False,False,False,False,False,False,True,False
LAW,30,Racing Bulls,7.0,1.0,MEDIUM,7.0,True,9.0,1,83.425,4064.363,3980.938,21.9,31.4,58.0,False,False,False,False,False,False,False,False,False,True,False
LAW,30,Racing Bulls,8.0,1.0,MEDIUM,8.0,True,9.0,1,83.255,4147.618,4064.363,21.9,31.7,58.0,False,False,False,False,False,False,False,False,False,True,False
LAW,30,Racing Bulls,9.0,1.0,MEDIUM,9.0,True,9.0,1,83.404,4231.022,4147.618,22.1,32.0,58.0,False,False,False,False,False,False,False,False,False,True,False
LAW,30,Racing Bulls,10.0,1.0,MEDIUM,10.0,True,9.0,1,83.266,4314.288,4231.022,22.0,31.4,58.0,False,False,False,False,False,False,False,False,False,True,False
LAW,30,Racing Bulls,11.0,1.0,MEDIUM,11.0,True,9.0,1,83.424,4397.712,4314.288,21.9,31.1,58.0,False,False,False,False,False,False,False,False,False,True,False
LAW,30,Racing Bulls,12.0,1.0,MEDIUM,12.0,True,9.0,1,83.216,4480.928,4397.712,21.9,31.2,58.0,False,False,False,False,False,False,False,False,False,True,False
LAW,30,Racing Bulls,13.0,1.0,MEDIUM,13.0,True,9.0,1,83.327,4564.255,4480.928,21.8,30.8,59.0,False,False,False,False,False,False,False,False,False,True,False
LAW,30,Racing Bulls,14.0,1.0,MEDIUM,14.0,True,9.0,1,83.049,4647.304,4564.255,21.9,31.2,59.0,False,False,False,False,False,False,False,False,False,True,False
LAW,30,Racing Bulls,15.0,1.0,MEDIUM,15.0,True,9.0,1,83.264,4730.568,4647.304,21.9,31.3,58.0,False,False,False,False,False,False,False,False,False,True,False
LAW,30,Racing Bulls,16.0,1.0,MEDIUM,16.0,True,9.0,1,83.364,4813.932,4730.568,21.9,31.2,58.0,False,False,False,False,False,False,False,False,False,True,False
LAW,30,Racing Bulls,17.0,1.0,MEDIUM,17.0,True,9.0,1,83.232,4897.164,4813.932,22.0,31.1,58.0,False,False,False,False,False,False,False,False,False,True,False
LAW,30,Racing Bulls,18.0,1.0,MEDIUM,18.0,True,8.0,1,83.3,4980.464,4897.164,22.0,31.5,57.0,False,False,False,False,False,False,False,False,False,True,False
LAW,30,Racing Bulls,19.0,1.0,MEDIUM,19.0,True,8.0,1,83.456,5063.92,4980.464,22.0,31.6,58.0,False,False,False,False,False,False,False,False,False,True,False
LAW,30,Racing Bulls,20.0,1.0,MEDIUM,20.0,True,8.0,1,83.273,5147.193,5063.92,22.0,31.5,58.0,False,False,False,False,False,False,False,False,False,True,False
LAW,30,Racing Bulls,21.0,1.0,MEDIUM,21.0,True,8.0,1,83.325,5230.518,5147.193,22.0,31.7,58.0,False,False,False,False,False,False,False,False,False,True,False
LAW,30,Racing Bulls,22.0,1.0,MEDIUM,22.0,True,8.0,1,83.19,5313.708,5230.518,22.0,31.5,58.0,False,False,False,False,False,False,False,False,False,True,False
LAW,30,Racing Bulls,23.0,1.0,MEDIUM,23.0,True,8.0,1,83.128,5396.836,5313.708,22.0,31.5,58.0,False,False,False,False,False,False,False,False,False,True,False
LAW,30,Racing Bulls,24.0,1.0,MEDIUM,24.0,True,8.0,1,83.053,5479.889,5396.836,22.0,31.8,58.0,False,False,False,False,False,False,False,False,False,True,False
LAW,30,Racing Bulls,25.0,1.0,MEDIUM,25.0,True,8.0,1,83.193,5563.082,5479.889,22.0,31.9,58.0,False,False,False,False,False,False,False,False,False,True,False
LAW,30,Racing Bulls,26.0,1.0,MEDIUM,26.0,True,8.0,1,83.059,5646.141,5563.082,22.1,31.7,57.0,False,False,False,False,False,False,False,False,False,True,False
LAW,30,Racing Bulls,27.0,1.0,MEDIUM,27.0,True,8.0,1,83.02,5729.161,5646.141,22.1,31.9,57.0,False,False,False,False,False,False,False,False,False,True,False
LAW,30,Racing Bulls,28.0,1.0,MEDIUM,28.0,True,8.0,1,83.157,5812.318,5729.161,22.1,31.9,58.0,False,False,False,False,False,False,False,False,False,True,False
LAW,30,Racing Bulls,29.0,1.0,MEDIUM,29.0,True,8.0,1,83.109,5895.427,5812.318,22.1,31.8,58.0,False,False,False,False,False,False,False,False,False,True,False
LAW,30,Racing Bulls,30.0,1.0,MEDIUM,30.0,True,8.0,1,83.035,5978.462,5895.427,22.1,31.8,58.0,False,False,False,False,False,False,False,False,False,True,False
LAW,30,Racing Bulls,31.0,1.0,MEDIUM,31.0,True,8.0,1,83.19,6061.652,5978.462,22.1,31.8,57.0,False,False,False,False,False,False,False,False,False,True,False
LAW,30,Racing Bulls,32.0,1.0,MEDIUM,32.0,True,8.0,1,83.155,6144.807,6061.652,22.1,31.8,57.0,False,False,False,False,False,False,False,False,False,True,False
LAW,30,Racing Bulls,33.0,1.0,MEDIUM,33.0,True,8.0,1,82.992,6227.799,6144.807,22.1,31.6,56.0,False,False,False,False,False,False,False,False,False,True,False
LAW,30,Racing Bulls,34.0,1.0,MEDIUM,34.0,True,8.0,1,83.258,6311.057,6227.799,22.0,31.7,57.0,False,False,False,False,False,False,False,False,False,True,False
LAW,30,Racing Bulls,35.0,1.0,MEDIUM,35.0,True,8.0,1,83.348,6394.405,6311.057,22.1,32.0,57.0,False,False,False,False,False,False,False,False,False,True,False
LAW,30,Racing Bulls,36.0,1.0,MEDIUM,36.0,True,7.0,1,83.758,6478.163,6394.405,22.1,32.1,56.0,False,False,False,False,False,False,False,False,False,True,False
LAW,30,Racing Bulls,37.0,1.0,MEDIUM,37.0,True,7.0,1,82.279,6560.442,6478.163,22.1,31.6,57.0,False,False,False,False,False,False,False,False,False,True,False
LAW,30,Racing Bulls,38.0,1.0,MEDIUM,38.0,True,7.0,1,82.877,6643.319,6560.442,22.1,31.5,57.0,False,False,False,False,False,False,False,False,False,True,False
LAW,30,Racing Bulls,39.0,1.0,MEDIUM,39.0,True,7.0,1,82.723,6726.042,6643.319,22.1,31.5,57.0,False,False,False,False,False,False,False,False,False,True,False
LAW,30,Racing Bulls,40.0,1.0,MEDIUM,40.0,True,7.0,1,85.076,6811.118,6726.042,22.2,31.9,57.0,False,True,False,False,True,False,False,False,False,False,False
LAW,30,Racing Bulls,41.0,2.0,HARD,1.0,True,12.0,1,101.234,6912.352,6811.118,22.2,31.9,56.0,False,False,True,False,True,False,False,False,False,False,False
LAW,30,Racing Bulls,42.0,2.0,HARD,2.0,True,11.0,1,81.454,6993.806,6912.352,22.2,31.6,56.0,False,False,False,False,False,False,False,False,False,True,False
LAW,30,Racing Bulls,43.0,2.0,HARD,3.0,True,9.0,1,81.366,7075.172,6993.806,22.3,31.6,56.0,False,False,False,False,False,False,False,False,False,True,False
LAW,30,Racing Bulls,44.0,2.0,HARD,4.0,True,9.0,1,81.285,7156.457,7075.172,22.2,31.5,56.0,False,False,False,False,False,False,False,False,False,True,False
LAW,30,Racing Bulls,45.0,2.0,HARD,5.0,True,9.0,1,81.276,7237.733,7156.457,22.2,31.3,55.0,False,False,False,False,False,False,False,False,False,True,False
LAW,30,Racing Bulls,46.0,2.0,HARD,6.0,True,9.0,1,80.989,7318.722,7237.733,22.1,31.2,55.0,False,False,False,False,False,False,False,False,False,True,False
LAW,30,Racing Bulls,47.0,2.0,HARD,7.0,True,9.0,1,81.0,7399.722,7318.722,22.1,30.9,56.0,False,False,False,False,False,False,False,False,False,True,False
LAW,30,Racing Bulls,48.0,2.0,HARD,8.0,True,9.0,1,80.889,7480.611,7399.722,22.1,31.2,56.0,False,False,False,False,False,False,False,False,False,True,False
LAW,30,Racing Bulls,49.0,2.0,HARD,9.0,True,8.0,1,80.988,7561.599,7480.611,22.0,31.1,56.0,False,False,False,False,False,False,False,False,False,True,False
LAW,30,Racing Bulls,50.0,2.0,HARD,10.0,True,8.0,1,80.825,7642.424,7561.599,22.0,31.3,56.0,False,False,False,False,False,False,False,False,False,True,False
LAW,30,Racing Bulls,51.0,2.0,HARD,11.0,True,8.0,1,80.907,7723.331,7642.424,22.0,31.0,56.0,False,False,False,False,False,False,False,False,False,True,False
LAW,30,Racing Bulls,52.0,2.0,HARD,12.0,True,8.0,1,80.616,7803.947,7723.331,22.0,31.0,56.0,False,False,False,False,False,False,False,False,False,True,False
LAW,30,Racing Bulls,53.0,2.0,HARD,13.0,True,8.0,1,80.468,7884.415,7803.947,22.0,30.8,56.0,False,False,False,False,False,False,False,False,False,True,False
LAW,30,Racing Bulls,54.0,2.0,HARD,14.0,True,8.0,1,80.701,7965.116,7884.415,22.0,31.0,56.0,False,False,False,False,False,False,False,False,False,True,False
LAW,30,Racing Bulls,55.0,2.0,HARD,15.0,True,8.0,1,80.581,8045.697,7965.116,22.0,30.9,55.0,False,False,False,False,False,False,False,False,False,True,False
LAW,30,Racing Bulls,56.0,2.0,HARD,16.0,True,8.0,1,80.457,8126.154,8045.697,22.0,30.7,56.0,False,False,False,False,False,False,False,False,False,True,False
LAW,30,Racing Bulls,57.0,2.0,HARD,17.0,True,8.0,1,80.745,8206.899,8126.154,22.0,30.7,57.0,False,False,False,False,False,False,False,False,False,True,False
LAW,30,Racing Bulls,58.0,2.0,HARD,18.0,True,8.0,1,80.76,8287.659,8206.899,22.0,30.8,56.0,False,False,False,False,False,False,False,False,False,True,False
LAW,30,Racing Bulls,59.0,2.0,HARD,19.0,True,8.0,1,80.734,8368.393,8287.659,22.0,30.6,56.0,False,False,False,False,False,False,False,False,False,True,False
LAW,30,Racing Bulls,60.0,2.0,HARD,20.0,True,8.0,1,80.702,8449.095,8368.393,22.1,30.6,57.0,False,False,False,False,False,False,False,False,False,True,False
LAW,30,Racing Bulls,61.0,2.0,HARD,21.0,True,8.0,1,80.755,8529.85,8449.095,22.1,30.6,57.0,False,False,False,False,False,False,False,False,False,True,False
LAW,30,Racing Bulls,62.0,2.0,HARD,22.0,True,8.0,1,80.788,8610.638,8529.85,22.1,31.1,57.0,False,False,False,False,False,False,False,False,False,True,False
LAW,30,Racing Bulls,63.0,2.0,HARD,23.0,True,8.0,1,80.998,8691.636,8610.638,22.1,30.9,57.0,False,False,False,False,False,False,False,False,False,True,False
LAW,30,Racing Bulls,64.0,2.0,HARD,24.0,True,8.0,1,80.854,8772.49,8691.636,22.1,31.1,57.0,False,False,False,False,False,False,False,False,False,True,False
LAW,30,Racing Bulls,65.0,2.0,HARD,25.0,True,8.0,1,81.078,8853.568,8772.49,22.3,32.0,56.0,False,False,False,False,False,False,False,False,False,True,False
LAW,30,Racing Bulls,66.0,2.0,HARD,26.0,True,8.0,1,80.967,8934.535,8853.568,22.4,32.0,55.0,False,False,False,False,False,False,False,False,False,True,False
LAW,30,Racing Bulls,67.0,2.0,HARD,27.0,True,8.0,1,80.983,9015.518,8934.535,22.4,31.6,55.0,False,False,False,False,False,False,False,False,False,True,False
LAW,30,Racing Bulls,68.0,2.0,HARD,28.0,True,8.0,1,81.034,9096.552,9015.518,22.4,31.6,55.0,False,False,False,False,False,False,False,False,False,True,False
LAW,30,Racing Bulls,69.0,2.0,HARD,29.0,True,8.0,1,80.91,9177.462,9096.552,22.4,31.8,56.0,False,False,False,False,False,False,False,False,False,True,False
LAW,30,Racing Bulls,70.0,2.0,HARD,30.0,True,8.0,1,81.44,9258.902,9177.462,22.4,32.0,56.0,False,False,False,False,False,False,False,False,False,True,False
VER,1,Red Bull Racing,1.0,1.0,MEDIUM,1.0,True,9.0,1,92.368,3560.588,3467.946,21.7,31.9,58.0,False,False,False,False,True,False,False,False,False,False,False
VER,1,Red Bull Racing,2.0,1.0,MEDIUM,2.0,True,8.0,1,83.871,3644.459,3560.588,21.8,32.3,57.0,False,False,False,False,False,False,False,False,False,True,False
VER,1,Red Bull Racing,3.0,1.0,MEDIUM,3.0,True,7.0,1,83.81,3728.269,3644.459,21.8,31.7,58.0,False,False,False,False,False,False,False,False,False,True,False
VER,1,Red Bull Racing,4.0,1.0,MEDIUM,4.0,True,7.0,1,83.853,3812.122,3728.269,21.8,31.5,58.0,False,False,False,False,False,False,False,False,False,True,False
VER,1,Red Bull Racing,5.0,1.0,MEDIUM,5.0,True,7.0,1,83.813,3895.935,3812.122,21.8,31.4,59.0,False,False,False,False,False,False,False,False,False,True,False
VER,1,Red Bull Racing,6.0,1.0,MEDIUM,6.0,True,7.0,1,83.396,3979.331,3895.935,21.9,31.4,58.0,False,False,False,False,False,False,False,False,False,True,False
VER,1,Red Bull Racing,7.0,1.0,MEDIUM,7.0,True,7.0,1,83.275,4062.606,3979.331,21.9,31.4,58.0,False,False,False,False,False,False,False,False,False,True,False
VER,1,Red Bull Racing,8.0,1.0,MEDIUM,8.0,True,7.0,1,83.482,4146.088,4062.606,21.9,31.7,58.0,False,False,False,False,False,False,False,False,False,True,False
VER,1,Red Bull Racing,9.0,1.0,MEDIUM,9.0,True,7.0,1,83.27,4229.358,4146.088,22.1,32.0,58.0,False,False,False,False,False,False,False,False,False,True,False
VER,1,Red Bull Racing,10.0,1.0,MEDIUM,10.0,True,7.0,1,83.19,4312.548,4229.358,22.0,31.4,58.0,False,False,False,False,False,False,False,False,False,True,False
VER,1,Red Bull Racing,11.0,1.0,MEDIUM,11.0,True,7.0,1,83.295,4395.843,4312.548,21.9,31.1,58.0,False,False,False,False,False,False,False,False,False,True,False
VER,1,Red Bull Racing,12.0,1.0,MEDIUM,12.0,True,7.0,1,83.147,4478.99,4395.843,21.9,31.2,58.0,False,False,False,False,False,False,False,False,False,True,False
VER,1,Red Bull Racing,13.0,1.0,MEDIUM,13.0,True,7.0,1,83.144,4562.134,4478.99,21.8,30.8,59.0,False,False,False,False,False,False,False,False,False,True,False
VER,1,Red Bull Racing,14.0,1.0,MEDIUM,14.0,True,7.0,1,83.083,4645.217,4562.134,21.9,31.2,59.0,False,False,False,False,False,False,False,False,False,True,False
VER,1,Red Bull Racing,15.0,1.0,MEDIUM,15.0,True,7.0,1,83.14,4728.357,4645.217,21.9,31.3,58.0,False,False,False,False,False,False,False,False,False,True,False
VER,1,Red Bull Racing,16.0,1.0,MEDIUM,16.0,True,7.0,1,83.131,4811.488,4728.357,21.9,31.2,58.0,False,False,False,False,False,False,False,False,False,True,False
VER,1,Red Bull Racing,17.0,1.0,MEDIUM,17.0,True,8.0,1,85.556,4897.044,4811.488,22.0,31.1,58.0,False,True,False,False,True,False,False,False,False,False,False
VER,1,Red Bull Racing,18.0,2.0,HARD,1.0,True,16.0,1,99.252,4996.296,4897.044,22.0,31.5,57.0,False,False,True,False,True,False,False,False,False,False,False
VER,1,Red Bull Racing,19.0,2.0,HARD,2.0,True,16.0,1,81.388,5077.684,4996.296,22.0,31.6,58.0,False,False,False,False,False,False,False,False,False,True,False
VER,1,Red Bull Racing,20.0,2.0,HARD,3.0,True,15.0,1,82.244,5159.928,5077.684,22.0,31.5,58.0,False,False,False,False,False,False,False,False,False,True,False
VER,1,Red Bull Racing,21.0,2.0,HARD,4.0,True,15.0,1,81.966,5241.894,5159.928,22.0,31.8,58.0,False,False,False,False,False,False,False,False,False,True,False
VER,1,Red Bull Racing,22.0,2.0,HARD,5.0,True,13.0,1,82.51,5324.404,5241.894,22.0,31.5,58.0,False,False,False,False,False,False,False,False,False,True,False
VER,1,Red Bull Racing,23.0,2.0,HARD,6.0,True,13.0,1,83.266,5407.67,5324.404,22.0,31.5,58.0,False,False,False,False,False,False,False,False,False,True,False
VER,1,Red Bull Racing,24.0,2.0,HARD,7.0,True,12.0,1,82.239,5489.909,5407.67,22.0,31.8,58.0,False,False,False,False,False,False,False,False,False,True,False
VER,1,Red Bull Racing,25.0,2.0,HARD,8.0,True,12.0,1,83.128,5573.037,5489.909,22.0,31.9,58.0,False,False,False,False,False,False,False,False,False,True,False
VER,1,Red Bull Racing,26.0,2.0,HARD,9.0,True,12.0,1,84.551,5657.588,5573.037,22.1,31.8,57.0,False,False,False,False,False,False,False,False,False,True,False
VER,1,Red Bull Racing,27.0,2.0,HARD,10.0,True,12.0,1,83.849,5741.437,5657.588,22.1,31.9,57.0,False,False,False,False,False,False,False,False,False,True,False
VER,1,Red Bull Racing,28.0,2.0,HARD,11.0,True,12.0,1,84.125,5825.562,5741.437,22.1,31.9,58.0,False,False,False,False,False,False,False,False,False,True,False
VER,1,Red Bull Racing,29.0,2.0,HARD,12.0,True,11.0,1,83.582,5909.144,5825.562,22.1,31.8,57.0,False,False,False,False,False,False,False,False,False,True,False
VER,1,Red Bull Racing,30.0,2.0,HARD,13.0,True,9.0,1,82.77,5991.914,5909.144,22.1,31.8,58.0,False,False,False,False,False,False,False,False,False,True,False
VER,1,Red Bull Racing,31.0,2.0,HARD,14.0,True,9.0,1,81.316,6073.23,5991.914,22.1,31.8,57.0,False,False,False,False,False,False,False,False,False,True,False
VER,1,Red Bull Racing,32.0,2.0,HARD,15.0,True,9.0,1,81.751,6154.981,6073.23,22.1,31.8,57.0,False,False,False,False,False,False,False,False,False,True,False
VER,1,Red Bull Racing,33.0,2.0,HARD,16.0,True,9.0,1,81.621,6236.602,6154.981,22.1,31.6,56.0,False,False,False,False,False,False,False,False,False,True,False
VER,1,Red Bull Racing,34.0,2.0,HARD,17.0,True,9.0,1,81.989,6318.591,6236.602,22.1,31.8,57.0,False,False,False,False,False,False,False,False,False,True,False
VER,1,Red Bull Racing,35.0,2.0,HARD,18.0,True,9.0,1,81.776,6400.367,6318.591,22.1,32.0,57.0,False,False,False,False,False,False,False,False,False,True,False
VER,1,Red Bull Racing,36.0,2.0,HARD,19.0,True,9.0,1,81.612,6481.979,6400.367,22.1,32.1,56.0,False,False,False,False,False,False,False,False,False,True,False
VER,1,Red Bull Racing,37.0,2.0,HARD,20.0,True,8.0,1,81.712,6563.691,6481.979,22.1,31.6,57.0,False,False,False,False,False,False,False,False,False,True,False
VER,1,Red Bull Racing,38.0,2.0,HARD,21.0,True,8.0,1,82.34,6646.031,6563.691,22.1,31.5,57.0,False,False,False,False,False,False,False,False,False,True,False
VER,1,Red Bull Racing,39.0,2.0,HARD,22.0,True,8.0,1,82.039,6728.07,6646.031,22.1,31.5,57.0,False,False,False,False,False,False,False,False,False,True,False
VER,1,Red Bull Racing,40.0,2.0,HARD,23.0,True,6.0,1,82.097,6810.167,6728.07,22.2,31.9,57.0,False,False,False,False,False,False,False,False,False,True,False
VER,1,Red Bull Racing,41.0,2.0,HARD,24.0,True,5.0,1,81.823,6891.99,6810.167,22.2,31.9,56.0,False,False,False,False,False,False,False,False,False,True,False
VER,1,Red Bull Racing,42.0,2.0,HARD,25.0,True,5.0,1,82.027,6974.017,6891.99,22.2,31.6,56.0,False,False,False,False,False,False,False,False,False,True,False
VER,1,Red Bull Racing,43.0,2.0,HARD,26.0,True,5.0,1,81.915,7055.932,6974.017,22.3,31.6,56.0,False,False,False,False,False,False,False,False,False,True,False
VER,1,Red Bull Racing,44.0,2.0,HARD,27.0,True,5.0,1,81.866,7137.798,7055.932,22.2,31.6,56.0,False,False,False,False,False,False,False,False,False,True,False
VER,1,Red Bull Racing,45.0,2.0,HARD,28.0,True,5.0,1,81.936,7219.734,7137.798,22.2,31.3,55.0,False,False,False,False,False,False,False,False,False,True,False
VER,1,Red Bull Racing,46.0,2.0,HARD,29.0,True,5.0,1,81.635,7301.369,7219.734,22.1,31.2,55.0,False,False,False,False,False,False,False,False,False,True,False
VER,1,Red Bull Racing,47.0,2.0,HARD,30.0,True,5.0,1,81.933,7383.302,7301.369,22.1,31.0,56.0,False,False,False,False,False,False,False,False,False,True,False
VER,1,Red Bull Racing,48.0,2.0,HARD,31.0,True,5.0,1,84.338,7467.64,7383.302,22.1,31.2,56.0,False,True,False,False,True,False,False,False,False,False,False
VER,1,Red Bull Racing,49.0,3.0,HARD,1.0,True,9.0,1,98.117,7565.757,7467.64,22.0,31.1,56.0,False,False,True,False,True,False,False,False,False,False,False
VER,1,Red Bull Racing,50.0,3.0,HARD,2.0,True,9.0,1,79.576,7645.333,7565.757,22.0,31.3,56.0,False,False,False,False,False,False,False,False,False,True,False
VER,1,Red Bull Racing,51.0,3.0,HARD,3.0,True,9.0,1,79.689,7725.022,7645.333,22.0,31.0,56.0,False,False,False,False,False,False,False,False,False,True,False
VER,1,Red Bull Racing,52.0,3.0,HARD,4.0,True,9.0,1,79.879,7804.901,7725.022,22.0,31.0,56.0,False,False,False,False,False,False,False,False,False,True,False
VER,1,Red Bull Racing,53.0,3.0,HARD,5.0,True,9.0,1,80.235,7885.136,7804.901,22.0,30.8,56.0,False,False,False,False,False,False,False,False,False,True,False
VER,1,Red Bull Racing,54.0,3.0,HARD,6.0,True,9.0,1,80.64,7965.776,7885.136,22.0,31.0,56.0,False,False,False,False,False,False,False,False,False,True,False
VER,1,Red Bull Racing,55.0,3.0,HARD,7.0,True,9.0,1,80.845,8046.621,7965.776,22.0,30.9,55.0,False,False,False,False,False,False,False,False,False,True,False
VER,1,Red Bull Racing,56.0,3.0,HARD,8.0,True,9.0,1,80.306,8126.927,8046.621,22.0,30.7,56.0,False,False,False,False,False,False,False,False,False,True,False
VER,1,Red Bull Racing,57.0,3.0,HARD,9.0,True,9.0,1,80.847,8207.774,8126.927,22.0,30.7,57.0,False,False,False,False,False,False,False,False,False,True,False
VER,1,Red Bull Racing,58.0,3.0,HARD,10.0,True,9.0,1,80.677,8288.451,8207.774,22.0,30.8,56.0,False,False,False,False,False,False,False,False,False,True,False
VER,1,Red Bull Racing,59.0,3.0,HARD,11.0,True,9.0,1,80.663,8369.114,8288.451,22.0,30.6,56.0,False,False,False,False,False,False,False,False,False,True,False
VER,1,Red Bull Racing,60.0,3.0,HARD,12.0,True,9.0,1,80.778,8449.892,8369.114,22.1,30.6,57.0,False,False,False,False,False,False,False,False,False,True,False
VER,1,Red Bull Racing,61.0,3.0,HARD,13.0,True,9.0,1,80.792,8530.684,8449.892,22.1,30.6,57.0,False,False,False,False,False,False,False,False,False,True,False
VER,1,Red Bull Racing,62.0,3.0,HARD,14.0,True,9.0,1,80.831,8611.515,8530.684,22.1,31.1,57.0,False,False,False,False,False,False,False,False,False,True,False
VER,1,Red Bull Racing,63.0,3.0,HARD,15.0,True,9.0,1,81.097,8692.612,8611.515,22.1,30.9,57.0,False,False,False,False,False,False,False,False,False,True,False
VER,1,Red Bull Racing,64.0,3.0,HARD,16.0,True,9.0,1,81.032,8773.644,8692.612,22.1,31.1,57.0,False,False,False,False,False,False,False,False,False,True,False
VER,1,Red Bull Racing,65.0,3.0,HARD,17.0,True,9.0,1,81.04,8854.684,8773.644,22.3,32.0,56.0,False,False,False,False,False,False,False,False,False,True,False
VER,1,Red Bull Racing,66.0,3.0,HARD,18.0,True,9.0,1,81.161,8935.845,8854.684,22.4,32.0,55.0,False,False,False,False,False,False,False,False,False,True,False
VER,1,Red Bull Racing,67.0,3.0,HARD,19.0,True,9.0,1,81.094,9016.939,8935.845,22.4,31.6,55.0,False,False,False,False,False,False,False,False,False,True,False
VER,1,Red Bull Racing,68.0,3.0,HARD,20.0,True,9.0,1,81.276,9098.215,9016.939,22.4,31.6,55.0,False,False,False,False,False,False,False,False,False,True,False
VER,1,Red Bull Racing,69.0,3.0,HARD,21.0,True,9.0,1,81.677,9179.892,9098.215,22.4,31.8,56.0,False,False,False,False,False,False,False,False,False,True,False
VER,1,Red Bull Racing,70.0,3.0,HARD,22.0,True,9.0,1,82.204,9262.096,9179.892,22.4,32.0,56.0,False,False,False,False,False,False,False,False,False,True,False
ANT,12,Mercedes,1.0,1.0,MEDIUM,1.0,True,13.0,1,94.415,3562.635,3467.946,21.7,31.9,58.0,False,False,False,False,True,False,False,False,False,False,False
ANT,12,Mercedes,2.0,1.0,MEDIUM,2.0,True,13.0,1,85.051,3647.686,3562.635,21.8,32.3,57.0,False,False,False,False,False,False,False,False,False,True,False
ANT,12,Mercedes,3.0,1.0,MEDIUM,3.0,True,13.0,1,84.172,3731.858,3647.686,21.8,31.7,58.0,False,False,False,False,False,False,False,False,False,True,False
ANT,12,Mercedes,4.0,1.0,MEDIUM,4.0,True,13.0,1,84.202,3816.06,3731.858,21.8,31.5,58.0,False,False,False,False,False,False,False,False,False,True,False
ANT,12,Mercedes,5.0,1.0,MEDIUM,5.0,True,13.0,1,83.928,3899.988,3816.06,21.8,31.4,59.0,False,False,False,False,False,False,False,False,False,True,False
ANT,12,Mercedes,6.0,1.0,MEDIUM,6.0,True,13.0,1,83.785,3983.773,3899.988,21.9,31.4,58.0,False,False,False,False,False,False,False,False,False,True,False
ANT,12,Mercedes,7.0,1.0,MEDIUM,7.0,True,13.0,1,83.583,4067.356,3983.773,21.9,31.4,58.0,False,False,False,False,False,False,False,False,False,True,False
ANT,12,Mercedes,8.0,1.0,MEDIUM,8.0,True,13.0,1,83.189,4150.545,4067.356,21.9,31.7,58.0,False,False,False,False,False,False,False,False,False,True,False
ANT,12,Mercedes,9.0,1.0,MEDIUM,9.0,True,13.0,1,83.499,4234.044,4150.545,22.1,32.0,58.0,False,False,False,False,False,False,False,False,False,True,False
ANT,12,Mercedes,10.0,1.0,MEDIUM,10.0,True,13.0,1,83.403,4317.447,4234.044,22.0,31.4,58.0,False,False,False,False,False,False,False,False,False,True,False
ANT,12,Mercedes,11.0,1.0,MEDIUM,11.0,True,13.0,1,83.579,4401.026,4317.447,21.9,31.1,58.0,False,False,False,False,False,False,False,False,False,True,False
ANT,12,Mercedes,12.0,1.0,MEDIUM,12.0,True,13.0,1,83.893,4484.919,4401.026,21.9,31.2,58.0,False,False,False,False,False,False,False,False,False,True,False
ANT,12,Mercedes,13.0,1.0,MEDIUM,13.0,True,13.0,1,83.603,4568.522,4484.919,21.8,30.8,59.0,False,False,False,False,False,False,False,False,False,True,False
ANT,12,Mercedes,14.0,1.0,MEDIUM,14.0,True,13.0,1,83.496,4652.018,4568.522,21.9,31.2,59.0,False,False,False,False,False,False,False,False,False,True,False
ANT,12,Mercedes,15.0,1.0,MEDIUM,15.0,True,12.0,1,83.902,4735.92,4652.018,21.9,31.3,58.0,False,False,False,False,False,False,False,False,False,True,False
ANT,12,Mercedes,16.0,1.0,MEDIUM,16.0,True,12.0,1,83.162,4819.082,4735.92,21.9,31.1,58.0,False,False,False,False,False,False,False,False,False,True,False
ANT,12,Mercedes,17.0,1.0,MEDIUM,17.0,True,12.0,1,83.614,4902.696,4819.082,22.0,31.1,58.0,False,False,False,False,False,False,False,False,False,True,False
ANT,12,Mercedes,18.0,1.0,MEDIUM,18.0,True,11.0,1,83.654,4986.35,4902.696,22.0,31.5,57.0,False,False,False,False,False,False,False,False,False,True,False
ANT,12,Mercedes,19.0,1.0,MEDIUM,19.0,True,11.0,1,83.677,5070.027,4986.35,22.0,31.6,58.0,False,False,False,False,False,False,False,False,False,True,False
ANT,12,Mercedes,20.0,1.0,MEDIUM,20.0,True,11.0,1,83.622,5153.649,5070.027,22.0,31.5,58.0,False,False,False,False,False,False,False,False,False,True,False
ANT,12,Mercedes,21.0,1.0,MEDIUM,21.0,True,12.0,1,86.348,5239.997,5153.649,22.0,31.8,58.0,False,True,False,False,True,False,False,False,False,False,False
ANT,12,Mercedes,22.0,2.0,HARD,1.0,True,19.0,1,103.212,5343.209,5239.997,22.0,31.5,58.0,False,False,True,False,True,False,False,False,True,False,False
ANT,12,Mercedes,23.0,2.0,HARD,2.0,True,19.0,1,81.149,5424.358,5343.209,22.0,31.8,58.0,False,False,False,False,False,False,False,False,False,True,False
ANT,12,Mercedes,24.0,2.0,HARD,3.0,True,19.0,1,81.944,5506.302,5424.358,22.0,31.8,58.0,False,False,False,False,False,False,False,False,False,True,False
ANT,12,Mercedes,25.0,2.0,HARD,4.0,True,19.0,1,81.953,5588.255,5506.302,22.0,31.9,58.0,False,False,False,False,False,False,False,False,False,True,False
ANT,12,Mercedes,26.0,2.0,HARD,5.0,True,19.0,1,82.122,5670.377,5588.255,22.1,31.8,57.0,False,False,False,False,False,False,False,False,False,True,False
ANT,12,Mercedes,27.0,2.0,HARD,6.0,True,19.0,1,82.033,5752.41,5670.377,22.1,31.9,57.0,False,False,False,False,False,False,False,False,False,True,False
ANT,12,Mercedes,28.0,2.0,HARD,7.0,True,19.0,1,82.478,5834.888,5752.41,22.1,31.9,58.0,False,False,False,False,False,False,False,False,False,True,False
ANT,12,Mercedes,29.0,2.0,HARD,8.0,True,19.0,1,82.584,5917.472,5834.888,22.1,31.8,57.0,False,False,False,False,False,False,False,False,False,True,False
ANT,12,Mercedes,30.0,2.0,HARD,9.0,True,19.0,1,83.531,6001.003,5917.472,22.1,31.8,58.0,False,False,False,False,False,False,False,False,False,True,False
ANT,12,Mercedes,31.0,2.0,HARD,10.0,True,18.0,1,83.99,6084.993,6001.003,22.1,31.9,57.0,False,False,False,False,False,False,False,False,False,True,False
ANT,12,Mercedes,32.0,2.0,HARD,11.0,True,18.0,1,83.322,6168.315,6084.993,22.1,31.8,57.0,False,False,False,False,False,False,False,False,False,True,False
ANT,12,Mercedes,33.0,2.0,HARD,12.0,True,17.0,1,83.484,6251.799,6168.315,22.1,31.6,56.0,False,False,False,False,False,False,False,False,False,True,False
ANT,12,Mercedes,34.0,2.0,HARD,13.0,True,16.0,1,83.486,6335.285,6251.799,22.1,31.8,57.0,False,False,False,False,False,False,False,False,False,True,False
ANT,12,Mercedes,35.0,2.0,HARD,14.0,True,15.0,1,83.226,6418.511,6335.285,22.1,32.0,57.0,False,False,False,False,False,False,False,False,False,True,False
ANT,12,Mercedes,36.0,2.0,HARD,15.0,True,15.0,1,81.98,6500.491,6418.511,22.1,32.0,57.0,False,False,False,False,False,False,False,False,False,True,False
ANT,12,Mercedes,37.0,2.0,HARD,16.0,True,15.0,1,83.306,6583.797,6500.491,22.1,31.6,57.0,False,False,False,False,False,False,False,False,False,True,False
ANT,12,Mercedes,38.0,2.0,HARD,17.0,True,14.0,1,83.105,6666.902,6583.797,22.1,31.5,57.0,False,False,False,False,False,False,False,False,False,True,False
ANT,12,Mercedes,39.0,2.0,HARD,18.0,True,14.0,1,82.415,6749.317,6666.902,22.1,31.6,58.0,False,False,False,False,False,False,False,False,False,True,False
ANT,12,Mercedes,40.0,2.0,HARD,19.0,True,14.0,1,82.319,6831.636,6749.317,22.2,31.9,57.0,False,False,False,False,False,False,False,False,False,True,False
ANT,12,Mercedes,41.0,2.0,HARD,20.0,True,13.0,1,82.214,6913.85,6831.636,22.2,31.9,56.0,False,False,False,False,False,False,False,False,False,True,False
ANT,12,Mercedes,42.0,2.0,HARD,21.0,True,12.0,1,81.722,6995.572,6913.85,22.2,31.6,56.0,False,False,False,False,False,False,False,False,False,True,False
ANT,12,Mercedes,43.0,2.0,HARD,22.0,True,11.0,1,82.589,7078.161,6995.572,22.3,31.6,56.0,False,False,False,False,False,False,False,False,False,True,False
ANT,12,Mercedes,44.0,2.0,HARD,23.0,True,11.0,1,82.327,7160.488,7078.161,22.2,31.5,56.0,False,False,False,False,False,False,False,False,False,True,False
ANT,12,Mercedes,45.0,2.0,HARD,24.0,True,10.0,1,81.48,7241.968,7160.488,22.2,31.3,55.0,False,False,False,False,False,False,False,False,False,True,False
ANT,12,Mercedes,46.0,2.0,HARD,25.0,True,10.0,1,81.077,7323.045,7241.968,22.1,31.2,55.0,False,False,False,False,False,False,False,False,False,True,False
ANT,12,Mercedes,47.0,2.0,HARD,26.0,True,10.0,1,81.04,7404.085,7323.045,22.1,30.9,56.0,False,False,False,False,False,False,False,False,False,True,False
ANT,12,Mercedes,48.0,2.0,HARD,27.0,True,10.0,1,80.976,7485.061,7404.085,22.1,31.2,56.0,False,False,False,False,False,False,False,False,False,True,False
ANT,12,Mercedes,49.0,2.0,HARD,28.0,True,10.0,1,83.384,7568.445,7485.061,22.0,31.1,56.0,False,False,False,False,False,False,False,False,False,True,False
ANT,12,Mercedes,50.0,2.0,HARD,29.0,True,10.0,1,81.28,7649.725,7568.445,22.0,31.3,56.0,False,False,False,False,False,False,False,False,False,True,False
ANT,12,Mercedes,51.0,2.0,HARD,30.0,True,10.0,1,80.817,7730.542,7649.725,22.0,31.0,56.0,False,False,False,False,False,False,False,False,False,True,False
ANT,12,Mercedes,52.0,2.0,HARD,31.0,True,10.0,1,80.87,7811.412,7730.542,22.0,31.0,56.0,False,False,False,False,False,False,False,False,False,True,False
ANT,12,Mercedes,53.0,2.0,HARD,32.0,True,10.0,1,80.761,7892.173,7811.412,22.0,30.8,56.0,False,False,False,False,False,False,False,False,False,True,False
ANT,12,Mercedes,54.0,2.0,HARD,33.0,True,10.0,1,80.745,7972.918,7892.173,22.0,31.0,56.0,False,False,False,False,False,False,False,False,False,True,False
ANT,12,Mercedes,55.0,2.0,HARD,34.0,True,10.0,1,81.234,8054.152,7972.918,22.0,30.9,55.0,False,False,False,False,False,False,False,False,True,False,False
ANT,12,Mercedes,56.0,2.0,HARD,35.0,True,10.0,1,81.025,8135.177,8054.152,22.0,30.7,56.0,False,False,False,False,False,False,False,False,False,True,False
ANT,12,Mercedes,57.0,2.0,HARD,36.0,True,10.0,1,81.164,8216.341,8135.177,22.0,30.7,57.0,False,False,False,False,False,False,False,False,False,True,False
ANT,12,Mercedes,58.0,2.0,HARD,37.0,True,10.0,1,81.037,8297.378,8216.341,22.0,30.8,57.0,False,False,False,False,False,False,False,False,False,True,False
ANT,12,Mercedes,59.0,2.0,HARD,38.0,True,10.0,1,81.167,8378.545,8297.378,22.0,30.6,56.0,False,False,False,False,False,False,False,False,False,True,False
ANT,12,Mercedes,60.0,2.0,HARD,39.0,True,10.0,1,80.892,8459.437,8378.545,22.1,30.6,57.0,False,False,False,False,False,False,False,False,False,True,False
ANT,12,Mercedes,61.0,2.0,HARD,40.0,True,10.0,1,81.036,8540.473,8459.437,22.1,31.1,56.0,False,False,False,False,False,False,False,False,False,True,False
ANT,12,Mercedes,62.0,2.0,HARD,41.0,True,10.0,1,81.421,8621.894,8540.473,22.1,31.1,57.0,False,False,False,False,False,False,False,False,False,True,False
ANT,12,Mercedes,63.0,2.0,HARD,42.0,True,10.0,1,81.643,8703.537,8621.894,22.1,30.9,57.0,False,False,False,False,False,False,False,False,False,True,False
ANT,12,Mercedes,64.0,2.0,HARD,43.0,True,10.0,1,81.433,8784.97,8703.537,22.2,31.3,56.0,False,False,False,False,False,False,False,False,False,True,False
ANT,12,Mercedes,65.0,2.0,HARD,44.0,True,10.0,1,84.413,8869.383,8784.97,22.3,32.0,56.0,False,False,False,False,False,False,False,False,False,True,False
ANT,12,Mercedes,66.0,2.0,HARD,45.0,True,10.0,1,81.613,8950.996,8869.383,22.4,32.0,55.0,False,False,False,False,False,False,False,False,False,True,False
ANT,12,Mercedes,67.0,2.0,HARD,46.0,True,10.0,1,81.657,9032.653,8950.996,22.4,31.6,55.0,False,False,False,False,False,False,False,False,False,True,False
ANT,12,Mercedes,68.0,2.0,HARD,47.0,True,10.0,1,82.87,9115.523,9032.653,22.4,31.6,55.0,False,False,False,False,False,False,False,False,False,True,False
ANT,12,Mercedes,69.0,2.0,HARD,48.0,True,10.0,1,81.577,9197.1,9115.523,22.4,31.8,56.0,False,False,False,False,False,False,False,False,False,True,False
HAD,6,Racing Bulls,1.0,1.0,MEDIUM,1.0,True,11.0,1,93.477,3561.697,3467.946,21.7,31.9,58.0,False,False,False,False,True,False,False,False,False,False,False
HAD,6,Racing Bulls,2.0,1.0,MEDIUM,2.0,True,11.0,1,84.973,3646.67,3561.697,21.8,32.3,57.0,False,False,False,False,False,False,False,False,False,True,False
HAD,6,Racing Bulls,3.0,1.0,MEDIUM,3.0,True,11.0,1,84.016,3730.686,3646.67,21.8,31.7,58.0,False,False,False,False,False,False,False,False,False,True,False
HAD,6,Racing Bulls,4.0,1.0,MEDIUM,4.0,True,11.0,1,84.24,3814.926,3730.686,21.8,31.5,58.0,False,False,False,False,False,False,False,False,False,True,False
HAD,6,Racing Bulls,5.0,1.0,MEDIUM,5.0,True,11.0,1,83.972,3898.898,3814.926,21.8,31.4,59.0,False,False,False,False,False,False,False,False,False,True,False
HAD,6,Racing Bulls,6.0,1.0,MEDIUM,6.0,True,11.0,1,83.493,3982.391,3898.898,21.9,31.4,58.0,False,False,False,False,False,False,False,False,False,True,False
HAD,6,Racing Bulls,7.0,1.0,MEDIUM,7.0,True,11.0,1,83.72,4066.111,3982.391,21.9,31.4,58.0,False,False,False,False,False,False,False,False,False,True,False
HAD,6,Racing Bulls,8.0,1.0,MEDIUM,8.0,True,11.0,1,83.116,4149.227,4066.111,21.9,31.7,58.0,False,False,False,False,False,False,False,False,False,True,False
HAD,6,Racing Bulls,9.0,1.0,MEDIUM,9.0,True,11.0,1,83.446,4232.673,4149.227,22.1,32.0,58.0,False,False,False,False,False,False,False,False,False,True,False
HAD,6,Racing Bulls,10.0,1.0,MEDIUM,10.0,True,11.0,1,83.245,4315.918,4232.673,22.0,31.4,58.0,False,False,False,False,False,False,False,False,False,True,False
HAD,6,Racing Bulls,11.0,1.0,MEDIUM,11.0,True,11.0,1,83.555,4399.473,4315.918,21.9,31.1,58.0,False,False,False,False,False,False,False,False,False,True,False
HAD,6,Racing Bulls,12.0,1.0,MEDIUM,12.0,True,11.0,1,83.76,4483.233,4399.473,21.9,31.2,58.0,False,False,False,False,False,False,False,False,False,True,False
HAD,6,Racing Bulls,13.0,1.0,MEDIUM,13.0,True,11.0,1,83.426,4566.659,4483.233,21.8,30.8,59.0,False,False,False,False,False,False,False,False,False,True,False
HAD,6,Racing Bulls,14.0,1.0,MEDIUM,14.0,True,11.0,1,83.493,4650.152,4566.659,21.9,31.2,59.0,False,False,False,False,False,False,False,False,False,True,False
HAD,6,Racing Bulls,15.0,1.0,MEDIUM,15.0,True,11.0,1,83.703,4733.855,4650.152,21.9,31.3,58.0,False,False,False,False,False,False,False,False,False,True,False
HAD,6,Racing Bulls,16.0,1.0,MEDIUM,16.0,True,11.0,1,83.928,4817.783,4733.855,21.9,31.1,58.0,False,False,False,False,False,False,False,False,False,True,False
HAD,6,Racing Bulls,17.0,1.0,MEDIUM,17.0,True,11.0,1,83.785,4901.568,4817.783,22.0,31.1,58.0,False,False,False,False,False,False,False,False,False,True,False
HAD,6,Racing Bulls,18.0,1.0,MEDIUM,18.0,True,10.0,1,83.644,4985.212,4901.568,22.0,31.5,57.0,False,False,False,False,False,False,False,False,False,True,False
HAD,6,Racing Bulls,19.0,1.0,MEDIUM,19.0,True,10.0,1,83.768,5068.98,4985.212,22.0,31.6,58.0,False,False,False,False,False,False,False,False,False,True,False
HAD,6,Racing Bulls,20.0,1.0,MEDIUM,20.0,True,10.0,1,83.717,5152.697,5068.98,22.0,31.5,58.0,False,False,False,False,False,False,False,False,False,True,False
HAD,6,Racing Bulls,21.0,1.0,MEDIUM,21.0,True,10.0,1,84.019,5236.716,5152.697,22.0,31.8,58.0,False,False,False,False,False,False,False,False,False,True,False
HAD,6,Racing Bulls,22.0,1.0,MEDIUM,22.0,True,10.0,1,83.938,5320.654,5236.716,22.0,31.5,58.0,False,False,False,False,False,False,False,False,False,True,False
HAD,6,Racing Bulls,23.0,1.0,MEDIUM,23.0,True,10.0,1,83.753,5404.407,5320.654,22.0,31.5,58.0,False,False,False,False,False,False,False,False,False,True,False
HAD,6,Racing Bulls,24.0,1.0,MEDIUM,24.0,True,10.0,1,83.688,5488.095,5404.407,22.0,31.8,58.0,False,False,False,False,False,False,False,False,False,True,False
HAD,6,Racing Bulls,25.0,1.0,MEDIUM,25.0,True,10.0,1,83.857,5571.952,5488.095,22.0,31.9,58.0,False,False,False,False,False,False,False,False,False,True,False
HAD,6,Racing Bulls,26.0,1.0,MEDIUM,26.0,True,10.0,1,84.216,5656.168,5571.952,22.1,31.8,57.0,False,False,False,False,False,False,False,False,False,True,False
HAD,6,Racing Bulls,27.0,1.0,MEDIUM,27.0,True,10.0,1,83.918,5740.086,5656.168,22.1,31.9,57.0,False,False,False,False,False,False,False,False,False,True,False
HAD,6,Racing Bulls,28.0,1.0,MEDIUM,28.0,True,10.0,1,84.574,5824.66,5740.086,22.1,31.9,58.0,False,False,False,False,False,False,False,False,False,True,False
HAD,6,Racing Bulls,29.0,1.0,MEDIUM,29.0,True,10.0,1,83.815,5908.475,5824.66,22.1,31.8,57.0,False,False,False,False,False,False,False,False,False,True,False
HAD,6,Racing Bulls,30.0,1.0,MEDIUM,30.0,True,10.0,1,84.628,5993.103,5908.475,22.1,31.8,58.0,False,False,False,False,False,False,False,False,False,True,False
HAD,6,Racing Bulls,31.0,1.0,MEDIUM,31.0,True,10.0,1,83.259,6076.362,5993.103,22.1,31.9,57.0,False,False,False,False,False,False,False,False,False,True,False
HAD,6,Racing Bulls,32.0,1.0,MEDIUM,32.0,True,10.0,1,83.236,6159.598,6076.362,22.1,31.8,57.0,False,False,False,False,False,False,False,False,False,True,False
HAD,6,Racing Bulls,33.0,1.0,MEDIUM,33.0,True,11.0,1,85.543,6245.141,6159.598,22.1,31.6,56.0,False,True,False,False,True,False,False,False,False,False,False
HAD,6,Racing Bulls,34.0,2.0,HARD,1.0,True,19.0,1,99.649,6344.79,6245.141,22.1,31.8,57.0,False,False,True,False,True,False,False,False,False,False,False
HAD,6,Racing Bulls,35.0,2.0,HARD,2.0,True,19.0,1,81.481,6426.271,6344.79,22.1,32.0,57.0,False,False,False,False,False,False,False,False,False,True,False
HAD,6,Racing Bulls,36.0,2.0,HARD,3.0,True,18.0,1,81.573,6507.844,6426.271,22.1,32.0,57.0,False,False,False,False,False,False,False,False,False,True,False
HAD,6,Racing Bulls,37.0,2.0,HARD,4.0,True,18.0,1,81.433,6589.277,6507.844,22.1,31.6,57.0,False,False,False,False,False,False,False,False,False,True,False
HAD,6,Racing Bulls,38.0,2.0,HARD,5.0,True,16.0,1,81.39,6670.667,6589.277,22.1,31.5,57.0,False,False,False,False,False,False,False,False,False,True,False
HAD,6,Racing Bulls,39.0,2.0,HARD,6.0,True,15.0,1,81.723,6752.39,6670.667,22.1,31.6,58.0,False,False,False,False,False,False,False,False,False,True,False
HAD,6,Racing Bulls,40.0,2.0,HARD,7.0,True,15.0,1,81.696,6834.086,6752.39,22.2,31.9,57.0,False,False,False,False,False,False,False,False,False,True,False
HAD,6,Racing Bulls,41.0,2.0,HARD,8.0,True,15.0,1,81.836,6915.922,6834.086,22.2,31.6,56.0,False,False,False,False,False,False,False,False,False,True,False
HAD,6,Racing Bulls,42.0,2.0,HARD,9.0,True,14.0,1,82.46,6998.382,6915.922,22.2,31.6,56.0,False,False,False,False,False,False,False,False,False,True,False
HAD,6,Racing Bulls,43.0,2.0,HARD,10.0,True,13.0,1,82.357,7080.739,6998.382,22.3,31.6,56.0,False,False,False,False,False,False,False,False,False,True,False
HAD,6,Racing Bulls,44.0,2.0,HARD,11.0,True,12.0,1,81.579,7162.318,7080.739,22.2,31.5,56.0,False,False,False,False,False,False,False,False,False,True,False
HAD,6,Racing Bulls,45.0,2.0,HARD,12.0,True,12.0,1,81.946,7244.264,7162.318,22.2,31.3,55.0,False,False,False,False,False,False,False,False,False,True,False
HAD,6,Racing Bulls,46.0,2.0,HARD,13.0,True,12.0,1,82.249,7326.513,7244.264,22.1,31.2,55.0,False,False,False,False,False,False,False,False,False,True,False
HAD,6,Racing Bulls,47.0,2.0,HARD,14.0,True,11.0,1,80.942,7407.455,7326.513,22.1,30.9,56.0,False,False,False,False,False,False,False,False,False,True,False
HAD,6,Racing Bulls,48.0,2.0,HARD,15.0,True,11.0,1,80.802,7488.257,7407.455,22.1,31.2,56.0,False,False,False,False,False,False,False,False,False,True,False
HAD,6,Racing Bulls,49.0,2.0,HARD,16.0,True,11.0,1,81.389,7569.646,7488.257,22.0,31.1,56.0,False,False,False,False,False,False,False,False,False,True,False
HAD,6,Racing Bulls,50.0,2.0,HARD,17.0,True,11.0,1,81.118,7650.764,7569.646,22.0,31.3,56.0,False,False,False,False,False,False,False,False,False,True,False
HAD,6,Racing Bulls,51.0,2.0,HARD,18.0,True,11.0,1,81.102,7731.866,7650.764,22.0,31.0,56.0,False,False,False,False,False,False,False,False,False,True,False
HAD,6,Racing Bulls,52.0,2.0,HARD,19.0,True,11.0,1,81.011,7812.877,7731.866,22.0,31.0,56.0,False,False,False,False,False,False,False,False,False,True,False
HAD,6,Racing Bulls,53.0,2.0,HARD,20.0,True,11.0,1,80.974,7893.851,7812.877,22.0,30.8,56.0,False,False,False,False,False,False,False,False,False,True,False
HAD,6,Racing Bulls,54.0,2.0,HARD,21.0,True,11.0,1,80.803,7974.654,7893.851,22.0,31.0,56.0,False,False,False,False,False,False,False,False,False,True,False
HAD,6,Racing Bulls,55.0,2.0,HARD,22.0,True,11.0,1,80.928,8055.582,7974.654,22.0,30.9,55.0,False,False,False,False,False,False,False,False,False,True,False
HAD,6,Racing Bulls,56.0,2.0,HARD,23.0,True,11.0,1,80.971,8136.553,8055.582,22.0,30.7,56.0,False,False,False,False,False,False,False,False,False,True,False
HAD,6,Racing Bulls,57.0,2.0,HARD,24.0,True,11.0,1,81.079,8217.632,8136.553,22.0,30.7,57.0,False,False,False,False,False,False,False,False,False,True,False
HAD,6,Racing Bulls,58.0,2.0,HARD,25.0,True,11.0,1,81.041,8298.673,8217.632,22.0,30.8,57.0,False,False,False,False,False,False,False,False,False,True,False
HAD,6,Racing Bulls,59.0,2.0,HARD,26.0,True,11.0,1,81.066,8379.739,8298.673,22.0,30.6,56.0,False,False,False,False,False,False,False,False,False,True,False
HAD,6,Racing Bulls,60.0,2.0,HARD,27.0,True,11.0,1,80.953,8460.692,8379.739,22.1,30.6,57.0,False,False,False,False,False,False,False,False,False,True,False
HAD,6,Racing Bulls,61.0,2.0,HARD,28.0,True,11.0,1,81.006,8541.698,8460.692,22.1,31.1,56.0,False,False,False,False,False,False,False,False,False,True,False
HAD,6,Racing Bulls,62.0,2.0,HARD,29.0,True,11.0,1,81.149,8622.847,8541.698,22.1,31.1,57.0,False,False,False,False,False,False,False,False,False,True,False
HAD,6,Racing Bulls,63.0,2.0,HARD,30.0,True,11.0,1,81.421,8704.268,8622.847,22.1,30.9,57.0,False,False,False,False,False,False,False,False,False,True,False
HAD,6,Racing Bulls,64.0,2.0,HARD,31.0,True,11.0,1,81.33,8785.598,8704.268,22.2,31.3,56.0,False,False,False,False,False,False,False,False,False,True,False
HAD,6,Racing Bulls,65.0,2.0,HARD,32.0,True,11.0,1,84.452,8870.05,8785.598,22.3,32.0,56.0,False,False,False,False,False,False,False,False,False,True,False
HAD,6,Racing Bulls,66.0,2.0,HARD,33.0,True,11.0,1,81.578,8951.628,8870.05,22.4,32.0,55.0,False,False,False,False,False,False,False,False,False,True,False
HAD,6,Racing Bulls,67.0,2.0,HARD,34.0,True,11.0,1,81.505,9033.133,8951.628,22.4,31.6,55.0,False,False,False,False,False,False,False,False,False,True,False
HAD,6,Racing Bulls,68.0,2.0,HARD,35.0,True,11.0,1,83.194,9116.327,9033.133,22.4,31.6,55.0,False,False,False,False,False,False,False,False,False,True,False
HAD,6,Racing Bulls,69.0,2.0,HARD,36.0,True,11.0,1,81.624,9197.951,9116.327,22.4,31.8,56.0,False,False,False,False,False,False,False,False,False,True,False
HAM,44,Ferrari,1.0,1.0,HARD,1.0,True,14.0,1,94.988,3563.208,3467.946,21.7,31.9,58.0,False,False,False,False,True,False,False,False,False,False,False
HAM,44,Ferrari,2.0,1.0,HARD,2.0,True,14.0,1,84.895,3648.103,3563.208,21.8,32.3,57.0,False,False,False,False,False,False,False,False,False,True,False
HAM,44,Ferrari,3.0,1.0,HARD,3.0,True,14.0,1,84.337,3732.44,3648.103,21.8,31.7,58.0,False,False,False,False,False,False,False,False,False,True,False
HAM,44,Ferrari,4.0,1.0,HARD,4.0,True,14.0,1,84.182,3816.622,3732.44,21.8,31.5,58.0,False,False,False,False,False,False,False,False,False,True,False
HAM,44,Ferrari,5.0,1.0,HARD,5.0,True,14.0,1,84.013,3900.635,3816.622,21.8,31.4,59.0,False,False,False,False,False,False,False,False,False,True,False
HAM,44,Ferrari,6.0,1.0,HARD,6.0,True,14.0,1,83.779,3984.414,3900.635,21.9,31.4,58.0,False,False,False,False,False,False,False,False,False,True,False
HAM,44,Ferrari,7.0,1.0,HARD,7.0,True,14.0,1,83.636,4068.05,3984.414,21.9,31.4,58.0,False,False,False,False,False,False,False,False,False,True,False
HAM,44,Ferrari,8.0,1.0,HARD,8.0,True,14.0,1,83.22,4151.27,4068.05,21.9,31.7,58.0,False,False,False,False,False,False,False,False,False,True,False
HAM,44,Ferrari,9.0,1.0,HARD,9.0,True,14.0,1,83.509,4234.779,4151.27,22.1,32.0,58.0,False,False,False,False,False,False,False,False,False,True,False
HAM,44,Ferrari,10.0,1.0,HARD,10.0,True,14.0,1,83.41,4318.189,4234.779,22.0,31.4,58.0,False,False,False,False,False,False,False,False,False,True,False
HAM,44,Ferrari,11.0,1.0,HARD,11.0,True,14.0,1,83.467,4401.656,4318.189,21.9,31.1,58.0,False,False,False,False,False,False,False,False,False,True,False
HAM,44,Ferrari,12.0,1.0,HARD,12.0,True,14.0,1,83.825,4485.481,4401.656,21.9,31.2,58.0,False,False,False,False,False,False,False,False,False,True,False
HAM,44,Ferrari,13.0,1.0,HARD,13.0,True,14.0,1,83.519,4569.0,4485.481,21.8,30.8,59.0,False,False,False,False,False,False,False,False,False,True,False
HAM,44,Ferrari,14.0,1.0,HARD,14.0,True,14.0,1,83.685,4652.685,4569.0,21.9,31.2,59.0,False,False,False,False,False,False,False,False,False,True,False
HAM,44,Ferrari,15.0,1.0,HARD,15.0,True,13.0,1,83.893,4736.578,4652.685,21.9,31.3,58.0,False,False,False,False,False,False,False,False,False,True,False
HAM,44,Ferrari,16.0,1.0,HARD,16.0,True,13.0,1,83.361,4819.939,4736.578,21.9,31.1,58.0,False,False,False,False,False,False,False,False,False,True,False
HAM,44,Ferrari,17.0,1.0,HARD,17.0,True,13.0,1,83.455,4903.394,4819.939,22.0,31.1,58.0,False,False,False,False,False,False,False,False,False,True,False
HAM,44,Ferrari,18.0,1.0,HARD,18.0,True,12.0,1,83.807,4987.201,4903.394,22.0,31.5,57.0,False,False,False,False,False,False,False,False,False,True,False
HAM,44,Ferrari,19.0,1.0,HARD,19.0,True,12.0,1,83.579,5070.78,4987.201,22.0,31.6,58.0,False,False,False,False,False,False,False,False,False,True,False
HAM,44,Ferrari,20.0,1.0,HARD,20.0,True,12.0,1,83.493,5154.273,5070.78,22.0,31.5,58.0,False,False,False,False,False,False,False,False,False,True,False
HAM,44,Ferrari,21.0,1.0,HARD,21.0,True,11.0,1,83.838,5238.111,5154.273,22.0,31.8,58.0,False,False,False,False,False,False,False,False,False,True,False
HAM,44,Ferrari,22.0,1.0,HARD,22.0,True,11.0,1,83.24,5321.351,5238.111,22.0,31.5,58.0,False,False,False,False,False,False,False,False,False,True,False
HAM,44,Ferrari,23.0,1.0,HARD,23.0,True,11.0,1,84.143,5405.494,5321.351,22.0,31.5,58.0,False,False,False,False,False,False,False,False,False,True,False
HAM,44,Ferrari,24.0,1.0,HARD,24.0,True,11.0,1,83.443,5488.937,5405.494,22.0,31.8,58.0,False,False,False,False,False,False,False,False,False,True,False
HAM,44,Ferrari,25.0,1.0,HARD,25.0,True,11.0,1,83.779,5572.716,5488.937,22.0,31.9,58.0,False,False,False,False,False,False,False,False,False,True,False
HAM,44,Ferrari,26.0,1.0,HARD,26.0,True,11.0,1,84.197,5656.913,5572.716,22.1,31.8,57.0,False,False,False,False,False,False,False,False,False,True,False
HAM,44,Ferrari,27.0,1.0,HARD,27.0,True,11.0,1,84.048,5740.961,5656.913,22.1,31.9,57.0,False,False,False,False,False,False,False,False,False,True,False
HAM,44,Ferrari,28.0,1.0,HARD,28.0,True,11.0,1,84.308,5825.269,5740.961,22.1,31.9,58.0,False,False,False,False,False,False,False,False,False,True,False
HAM,44,Ferrari,29.0,1.0,HARD,29.0,True,12.0,1,85.49,5910.759,5825.269,22.1,31.8,57.0,False,False,False,False,False,False,False,False,True,False,False
HAM,44,Ferrari,30.0,1.0,HARD,30.0,True,12.0,1,83.675,5994.434,5910.759,22.1,31.8,58.0,False,False,False,False,False,False,False,False,False,True,False
HAM,44,Ferrari,31.0,1.0,HARD,31.0,True,11.0,1,82.811,6077.245,5994.434,22.1,31.9,57.0,False,False,False,False,False,False,False,False,False,True,False
HAM,44,Ferrari,32.0,1.0,HARD,32.0,True,11.0,1,83.251,6160.496,6077.245,22.1,31.8,57.0,False,False,False,False,False,False,False,False,False,True,False
HAM,44,Ferrari,33.0,1.0,HARD,33.0,True,10.0,1,83.036,6243.532,6160.496,22.1,31.6,56.0,False,False,False,False,False,False,False,False,False,True,False
HAM,44,Ferrari,34.0,1.0,HARD,34.0,True,10.0,1,82.257,6325.789,6243.532,22.1,31.8,57.0,False,False,False,False,False,False,False,False,False,True,False
HAM,44,Ferrari,35.0,1.0,HARD,35.0,True,10.0,1,82.274,6408.063,6325.789,22.1,32.0,57.0,False,False,False,False,False,False,False,False,False,True,False
HAM,44,Ferrari,36.0,1.0,HARD,36.0,True,10.0,1,82.451,6490.514,6408.063,22.1,32.1,56.0,False,False,False,False,False,False,False,False,False,True,False
HAM,44,Ferrari,37.0,1.0,HARD,37.0,True,9.0,1,82.192,6572.706,6490.514,22.1,31.6,57.0,False,False,False,False,False,False,False,False,False,True,False
HAM,44,Ferrari,38.0,1.0,HARD,38.0,True,9.0,1,82.272,6654.978,6572.706,22.1,31.5,57.0,False,False,False,False,False,False,False,False,False,True,False
HAM,44,Ferrari,39.0,1.0,HARD,39.0,True,9.0,1,82.437,6737.415,6654.978,22.1,31.6,58.0,False,False,False,False,False,False,False,False,False,True,False
HAM,44,Ferrari,40.0,1.0,HARD,40.0,True,9.0,1,83.218,6820.633,6737.415,22.2,31.9,57.0,False,False,False,False,False,False,False,False,False,True,False
HAM,44,Ferrari,41.0,1.0,HARD,41.0,True,7.0,1,82.836,6903.469,6820.633,22.2,31.9,56.0,False,False,False,False,False,False,False,False,False,True,False
HAM,44,Ferrari,42.0,1.0,HARD,42.0,True,9.0,1,85.996,6989.465,6903.469,22.2,31.6,56.0,False,True,False,False,True,False,False,False,False,False,False
HAM,44,Ferrari,43.0,2.0,MEDIUM,1.0,True,16.0,1,101.544,7091.009,6989.465,22.3,31.6,56.0,False,False,True,False,True,False,False,False,False,False,False
HAM,44,Ferrari,44.0,2.0,MEDIUM,2.0,True,16.0,1,81.152,7172.161,7091.009,22.2,31.5,56.0,False,False,False,False,False,False,False,False,False,True,False
HAM,44,Ferrari,45.0,2.0,MEDIUM,3.0,True,16.0,1,80.862,7253.023,7172.161,22.2,31.3,55.0,False,False,False,False,False,False,False,False,False,True,False
HAM,44,Ferrari,46.0,2.0,MEDIUM,4.0,True,16.0,1,81.135,7334.158,7253.023,22.1,31.2,55.0,False,False,False,False,False,False,False,False,False,True,False
HAM,44,Ferrari,47.0,2.0,MEDIUM,5.0,True,15.0,1,80.784,7414.942,7334.158,22.1,30.9,56.0,False,False,False,False,False,False,False,False,False,True,False
HAM,44,Ferrari,48.0,2.0,MEDIUM,6.0,True,15.0,1,80.853,7495.795,7414.942,22.1,31.2,56.0,False,False,False,False,False,False,False,False,False,True,False
HAM,44,Ferrari,49.0,2.0,MEDIUM,7.0,True,14.0,1,80.748,7576.543,7495.795,22.0,31.3,56.0,False,False,False,False,False,False,False,False,False,True,False
HAM,44,Ferrari,50.0,2.0,MEDIUM,8.0,True,13.0,1,80.961,7657.504,7576.543,22.0,31.3,56.0,False,False,False,False,False,False,False,False,False,True,False
HAM,44,Ferrari,51.0,2.0,MEDIUM,9.0,True,12.0,1,80.201,7737.705,7657.504,22.0,31.0,56.0,False,False,False,False,False,False,False,False,False,True,False
HAM,44,Ferrari,52.0,2.0,MEDIUM,10.0,True,12.0,1,80.277,7817.982,7737.705,22.0,30.7,56.0,False,False,False,False,False,False,False,False,False,True,False
HAM,44,Ferrari,53.0,2.0,MEDIUM,11.0,True,12.0,1,80.395,7898.377,7817.982,22.0,30.8,56.0,False,False,False,False,False,False,False,False,False,True,False
HAM,44,Ferrari,54.0,2.0,MEDIUM,12.0,True,12.0,1,80.167,7978.544,7898.377,22.0,31.0,56.0,False,False,False,False,False,False,False,False,False,True,False
HAM,44,Ferrari,55.0,2.0,MEDIUM,13.0,True,12.0,1,80.022,8058.566,7978.544,22.0,30.7,57.0,False,False,False,False,False,False,False,False,False,True,False
HAM,44,Ferrari,56.0,2.0,MEDIUM,14.0,True,12.0,1,80.496,8139.062,8058.566,22.0,30.7,56.0,False,False,False,False,False,False,False,False,False,True,False
HAM,44,Ferrari,57.0,2.0,MEDIUM,15.0,True,12.0,1,80.469,8219.531,8139.062,22.0,30.7,57.0,False,False,False,False,False,False,False,False,False,True,False
HAM,44,Ferrari,58.0,2.0,MEDIUM,16.0,True,12.0,1,80.441,8299.972,8219.531,22.0,30.8,57.0,False,False,False,False,False,False,False,False,False,True,False
HAM,44,Ferrari,59.0,2.0,MEDIUM,17.0,True,12.0,1,80.642,8380.614,8299.972,22.0,30.6,56.0,False,False,False,False,False,False,False,False,False,True,False
HAM,44,Ferrari,60.0,2.0,MEDIUM,18.0,True,12.0,1,80.924,8461.538,8380.614,22.1,30.6,57.0,False,False,False,False,False,False,False,False,False,True,False
HAM,44,Ferrari,61.0,2.0,MEDIUM,19.0,True,12.0,1,80.998,8542.536,8461.538,22.1,31.1,56.0,False,False,False,False,False,False,False,False,False,True,False
HAM,44,Ferrari,62.0,2.0,MEDIUM,20.0,True,12.0,1,80.997,8623.533,8542.536,22.1,31.1,57.0,False,False,False,False,False,False,False,False,False,True,False
HAM,44,Ferrari,63.0,2.0,MEDIUM,21.0,True,12.0,1,83.198,8706.731,8623.533,22.1,30.9,57.0,False,False,False,False,False,False,False,False,False,True,False
HAM,44,Ferrari,64.0,2.0,MEDIUM,22.0,True,12.0,1,81.966,8788.697,8706.731,22.2,31.3,56.0,False,False,False,False,False,False,False,False,False,True,False
HAM,44,Ferrari,65.0,2.0,MEDIUM,23.0,True,12.0,1,82.04,8870.737,8788.697,22.3,32.0,56.0,False,False,False,False,False,False,False,False,False,True,False
HAM,44,Ferrari,66.0,2.0,MEDIUM,24.0,True,12.0,1,81.57,8952.307,8870.737,22.4,32.0,55.0,False,False,False,False,False,False,False,False,False,True,False
HAM,44,Ferrari,67.0,2.0,MEDIUM,25.0,True,12.0,1,81.668,9033.975,8952.307,22.4,31.6,55.0,False,False,False,False,False,False,False,False,False,True,False
HAM,44,Ferrari,68.0,2.0,MEDIUM,26.0,True,12.0,1,83.085,9117.06,9033.975,22.4,31.6,55.0,False,False,False,False,False,False,False,False,False,True,False
HAM,44,Ferrari,69.0,2.0,MEDIUM,27.0,True,12.0,1,82.252,9199.312,9117.06,22.4,31.8,56.0,False,False,False,False,False,False,False,False,False,True,False
HUL,27,Kick Sauber,1.0,1.0,SOFT,1.0,True,17.0,1,96.304,3564.524,3467.946,21.7,31.9,58.0,False,False,False,False,True,False,False,False,False,False,False
HUL,27,Kick Sauber,2.0,1.0,SOFT,2.0,True,17.0,1,84.953,3649.477,3564.524,21.8,32.3,57.0,False,False,False,False,False,False,False,False,False,True,False
HUL,27,Kick Sauber,3.0,1.0,SOFT,3.0,True,17.0,1,84.122,3733.599,3649.477,21.8,31.7,58.0,False,False,False,False,False,False,False,False,False,True,False
HUL,27,Kick Sauber,4.0,1.0,SOFT,4.0,True,17.0,1,84.397,3817.996,3733.599,21.8,31.5,58.0,False,False,False,False,False,False,False,False,True,False,False
HUL,27,Kick Sauber,5.0,1.0,SOFT,5.0,True,20.0,1,86.448,3904.444,3817.996,21.8,31.4,59.0,False,True,False,False,True,False,False,False,False,False,False
HUL,27,Kick Sauber,6.0,2.0,MEDIUM,1.0,True,20.0,1,100.218,4004.662,3904.444,21.9,31.4,58.0,False,False,True,False,True,False,False,False,False,False,False
HUL,27,Kick Sauber,7.0,2.0,MEDIUM,2.0,True,20.0,1,81.978,4086.64,4004.662,21.9,31.4,58.0,False,False,False,False,False,False,False,False,False,True,False
HUL,27,Kick Sauber,8.0,2.0,MEDIUM,3.0,True,20.0,1,81.982,4168.622,4086.64,22.0,31.7,58.0,False,False,False,False,False,False,False,False,False,True,False
HUL,27,Kick Sauber,9.0,2.0,MEDIUM,4.0,True,20.0,1,82.036,4250.658,4168.622,22.1,32.0,58.0,False,False,False,False,False,False,False,False,False,True,False
HUL,27,Kick Sauber,10.0,2.0,MEDIUM,5.0,True,20.0,1,82.379,4333.037,4250.658,22.0,31.4,58.0,False,False,False,False,False,False,False,False,False,True,False
HUL,27,Kick Sauber,11.0,2.0,MEDIUM,6.0,True,20.0,1,82.286,4415.323,4333.037,21.9,31.1,58.0,False,False,False,False,False,False,False,False,False,True,False
HUL,27,Kick Sauber,12.0,2.0,MEDIUM,7.0,True,20.0,1,82.111,4497.434,4415.323,21.9,31.2,58.0,False,False,False,False,False,False,False,False,False,True,False
HUL,27,Kick Sauber,13.0,2.0,MEDIUM,8.0,True,20.0,1,82.464,4579.898,4497.434,21.8,30.8,59.0,False,False,False,False,False,False,False,False,False,True,False
HUL,27,Kick Sauber,14.0,2.0,MEDIUM,9.0,True,19.0,1,82.361,4662.259,4579.898,21.9,31.2,59.0,False,False,False,False,False,False,False,False,False,True,False
HUL,27,Kick Sauber,15.0,2.0,MEDIUM,10.0,True,17.0,1,82.202,4744.461,4662.259,21.9,31.3,58.0,False,False,False,False,False,False,False,False,False,True,False
HUL,27,Kick Sauber,16.0,2.0,MEDIUM,11.0,True,16.0,1,82.494,4826.955,4744.461,21.9,31.1,58.0,False,False,False,False,False,False,False,False,False,True,False
HUL,27,Kick Sauber,17.0,2.0,MEDIUM,12.0,True,16.0,1,82.852,4909.807,4826.955,22.0,31.1,58.0,False,False,False,False,False,False,False,False,False,True,False
HUL,27,Kick Sauber,18.0,2.0,MEDIUM,13.0,True,15.0,1,82.787,4992.594,4909.807,22.0,31.5,57.0,False,False,False,False,False,False,False,False,False,True,False
HUL,27,Kick Sauber,19.0,2.0,MEDIUM,14.0,True,15.0,1,83.503,5076.097,4992.594,22.0,31.6,58.0,False,False,False,False,False,False,False,False,False,True,False
HUL,27,Kick Sauber,20.0,2.0,MEDIUM,15.0,True,14.0,1,82.023,5158.12,5076.097,22.0,31.5,58.0,False,False,False,False,False,False,False,False,False,True,False
HUL,27,Kick Sauber,21.0,2.0,MEDIUM,16.0,True,14.0,1,82.986,5241.106,5158.12,22.0,31.8,58.0,False,False,False,False,False,False,False,False,False,True,False
HUL,27,Kick Sauber,22.0,2.0,MEDIUM,17.0,True,14.0,1,84.497,5325.603,5241.106,22.0,31.5,58.0,False,False,False,False,False,False,False,False,True,False,False
HUL,27,Kick Sauber,23.0,2.0,MEDIUM,18.0,True,14.0,1,83.319,5408.922,5325.603,22.0,31.5,58.0,False,False,False,False,False,False,False,False,False,True,False
HUL,27,Kick Sauber,24.0,2.0,MEDIUM,19.0,True,14.0,1,83.323,5492.245,5408.922,22.0,31.8,58.0,False,False,False,False,False,False,False,False,False,True,False
HUL,27,Kick Sauber,25.0,2.0,MEDIUM,20.0,True,14.0,1,83.406,5575.651,5492.245,22.0,31.9,58.0,False,False,False,False,False,False,False,False,False,True,False
HUL,27,Kick Sauber,26.0,2.0,MEDIUM,21.0,True,14.0,1,83.978,5659.629,5575.651,22.1,31.8,57.0,False,False,False,False,False,False,False,False,False,True,False
HUL,27,Kick Sauber,27.0,2.0,MEDIUM,22.0,True,14.0,1,83.674,5743.303,5659.629,22.1,31.9,57.0,False,False,False,False,False,False,False,False,False,True,False
HUL,27,Kick Sauber,28.0,2.0,MEDIUM,23.0,True,14.0,1,84.058,5827.361,5743.303,22.1,31.9,58.0,False,False,False,False,False,False,False,False,False,True,False
HUL,27,Kick Sauber,29.0,2.0,MEDIUM,24.0,True,14.0,1,84.724,5912.085,5827.361,22.1,31.8,57.0,False,False,False,False,False,False,False,False,False,True,False
HUL,27,Kick Sauber,30.0,2.0,MEDIUM,25.0,True,14.0,1,84.015,5996.1,5912.085,22.1,31.8,58.0,False,False,False,False,False,False,False,False,False,True,False
HUL,27,Kick Sauber,31.0,2.0,MEDIUM,26.0,True,13.0,1,83.692,6079.792,5996.1,22.1,31.9,57.0,False,False,False,False,False,False,False,False,False,True,False
HUL,27,Kick Sauber,32.0,2.0,MEDIUM,27.0,True,12.0,1,83.558,6163.35,6079.792,22.1,31.8,57.0,False,False,False,False,False,False,False,False,False,True,False
HUL,27,Kick Sauber,33.0,2.0,MEDIUM,28.0,True,12.0,1,81.896,6245.246,6163.35,22.1,31.6,56.0,False,False,False,False,False,False,False,False,False,True,False
HUL,27,Kick Sauber,34.0,2.0,MEDIUM,29.0,True,11.0,1,82.745,6327.991,6245.246,22.1,31.8,57.0,False,False,False,False,False,False,False,False,False,True,False
HUL,27,Kick Sauber,35.0,2.0,MEDIUM,30.0,True,11.0,1,82.658,6410.649,6327.991,22.1,32.0,57.0,False,False,False,False,False,False,False,False,False,True,False
HUL,27,Kick Sauber,36.0,2.0,MEDIUM,31.0,True,11.0,1,82.632,6493.281,6410.649,22.1,32.1,56.0,False,False,False,False,False,False,False,False,False,True,False
HUL,27,Kick Sauber,37.0,2.0,MEDIUM,32.0,True,10.0,1,82.732,6576.013,6493.281,22.1,31.6,57.0,False,False,False,False,False,False,False,False,False,True,False
HUL,27,Kick Sauber,38.0,2.0,MEDIUM,33.0,True,10.0,1,82.83,6658.843,6576.013,22.1,31.5,57.0,False,False,False,False,False,False,False,False,False,True,False
HUL,27,Kick Sauber,39.0,2.0,MEDIUM,34.0,True,10.0,1,82.715,6741.558,6658.843,22.1,31.6,58.0,False,False,False,False,False,False,False,False,False,True,False
HUL,27,Kick Sauber,40.0,2.0,MEDIUM,35.0,True,10.0,1,82.702,6824.26,6741.558,22.2,31.9,57.0,False,False,False,False,False,False,False,False,False,True,False
HUL,27,Kick Sauber,41.0,2.0,MEDIUM,36.0,True,11.0,1,86.922,6911.182,6824.26,22.2,31.9,56.0,False,True,False,False,True,False,False,False,False,False,False
HUL,27,Kick Sauber,42.0,3.0,MEDIUM,1.0,True,19.0,1,108.57,7019.752,6911.182,22.2,31.6,56.0,False,False,True,False,True,False,False,False,False,False,False
HUL,27,Kick Sauber,43.0,3.0,MEDIUM,2.0,True,19.0,1,81.052,7100.804,7019.752,22.2,31.6,56.0,False,False,False,False,False,False,False,False,False,True,False
HUL,27,Kick Sauber,44.0,3.0,MEDIUM,3.0,True,19.0,1,80.738,7181.542,7100.804,22.2,31.5,56.0,False,False,False,False,False,False,False,False,False,True,False
HUL,27,Kick Sauber,45.0,3.0,MEDIUM,4.0,True,19.0,1,80.873,7262.415,7181.542,22.2,31.3,55.0,False,False,False,False,False,False,False,False,False,True,False
HUL,27,Kick Sauber,46.0,3.0,MEDIUM,5.0,True,19.0,1,80.712,7343.127,7262.415,22.1,31.0,56.0,False,False,False,False,False,False,False,False,False,True,False
HUL,27,Kick Sauber,47.0,3.0,MEDIUM,6.0,True,19.0,1,81.679,7424.806,7343.127,22.1,30.9,56.0,False,False,False,False,False,False,False,False,False,True,False
HUL,27,Kick Sauber,48.0,3.0,MEDIUM,7.0,True,18.0,1,81.751,7506.557,7424.806,22.1,31.2,56.0,False,False,False,False,False,False,False,False,False,True,False
HUL,27,Kick Sauber,49.0,3.0,MEDIUM,8.0,True,17.0,1,81.837,7588.394,7506.557,22.0,31.3,56.0,False,False,False,False,False,False,False,False,True,False,False
HUL,27,Kick Sauber,50.0,3.0,MEDIUM,9.0,True,17.0,1,81.103,7669.497,7588.394,22.0,31.3,56.0,False,False,False,False,False,False,False,False,False,True,False
HUL,27,Kick Sauber,51.0,3.0,MEDIUM,10.0,True,17.0,1,82.406,7751.903,7669.497,22.0,31.0,56.0,False,False,False,False,False,False,False,False,False,True,False
HUL,27,Kick Sauber,52.0,3.0,MEDIUM,11.0,True,16.0,1,80.309,7832.212,7751.903,22.0,30.7,56.0,False,False,False,False,False,False,False,False,False,True,False
HUL,27,Kick Sauber,53.0,3.0,MEDIUM,12.0,True,16.0,1,80.7,7912.912,7832.212,22.0,30.8,56.0,False,False,False,False,False,False,False,False,False,True,False
HUL,27,Kick Sauber,54.0,3.0,MEDIUM,13.0,True,16.0,1,81.307,7994.219,7912.912,22.0,31.0,56.0,False,False,False,False,False,False,False,False,False,True,False
HUL,27,Kick Sauber,55.0,3.0,MEDIUM,14.0,True,16.0,1,81.747,8075.966,7994.219,22.0,30.7,57.0,False,False,False,False,False,False,False,False,False,True,False
HUL,27,Kick Sauber,56.0,3.0,MEDIUM,15.0,True,16.0,1,84.69,8160.656,8075.966,22.0,30.7,56.0,False,False,False,False,False,False,False,False,False,True,False
HUL,27,Kick Sauber,57.0,3.0,MEDIUM,16.0,True,16.0,1,82.261,8242.917,8160.656,22.0,30.8,56.0,False,False,False,False,False,False,False,False,False,True,False
HUL,27,Kick Sauber,58.0,3.0,MEDIUM,17.0,True,17.0,1,83.034,8325.951,8242.917,22.0,30.8,57.0,False,False,False,False,False,False,False,False,False,True,False
HUL,27,Kick Sauber,59.0,3.0,MEDIUM,18.0,True,17.0,1,81.714,8407.665,8325.951,22.0,30.6,56.0,False,False,False,False,False,False,False,False,False,True,False
HUL,27,Kick Sauber,60.0,3.0,MEDIUM,19.0,True,16.0,1,81.322,8488.987,8407.665,22.1,30.6,57.0,False,False,False,False,False,False,False,False,False,True,False
HUL,27,Kick Sauber,61.0,3.0,MEDIUM,20.0,True,15.0,1,82.025,8571.012,8488.987,22.1,31.1,56.0,False,False,False,False,False,False,False,False,False,True,False
HUL,27,Kick Sauber,62.0,3.0,MEDIUM,21.0,True,15.0,1,82.547,8653.559,8571.012,22.1,31.1,57.0,False,False,False,False,False,False,False,False,False,True,False
HUL,27,Kick Sauber,63.0,3.0,MEDIUM,22.0,True,14.0,1,81.974,8735.533,8653.559,22.1,31.1,57.0,False,False,False,False,False,False,False,False,False,True,False
HUL,27,Kick Sauber,64.0,3.0,MEDIUM,23.0,True,13.0,1,80.683,8816.216,8735.533,22.2,31.3,56.0,False,False,False,False,False,False,False,False,False,True,False
HUL,27,Kick Sauber,65.0,3.0,MEDIUM,24.0,True,13.0,1,81.361,8897.577,8816.216,22.4,32.0,55.0,False,False,False,False,False,False,False,False,False,True,False
HUL,27,Kick Sauber,66.0,3.0,MEDIUM,25.0,True,13.0,1,81.262,8978.839,8897.577,22.4,31.6,55.0,False,False,False,False,False,False,False,False,False,True,False
HUL,27,Kick Sauber,67.0,3.0,MEDIUM,26.0,True,13.0,1,80.013,9058.852,8978.839,22.4,31.6,55.0,False,False,False,False,False,False,False,False,False,True,False
HUL,27,Kick Sauber,68.0,3.0,MEDIUM,27.0,True,13.0,1,81.014,9139.866,9058.852,22.4,31.8,56.0,False,False,False,False,False,False,False,False,False,True,False
HUL,27,Kick Sauber,69.0,3.0,MEDIUM,28.0,True,13.0,1,80.853,9220.719,9139.866,22.4,31.8,56.0,False,False,False,False,False,False,False,False,False,True,False
SAI,55,Williams,1.0,1.0,SOFT,1.0,True,12.0,1,93.954,3562.174,3467.946,21.7,31.9,58.0,False,False,False,False,True,False,False,False,False,False,False
SAI,55,Williams,2.0,1.0,SOFT,2.0,True,12.0,1,84.969,3647.143,3562.174,21.8,32.3,57.0,False,False,False,False,False,False,False,False,False,True,False
SAI,55,Williams,3.0,1.0,SOFT,3.0,True,12.0,1,84.173,3731.316,3647.143,21.8,31.7,58.0,False,False,False,False,False,False,False,False,False,True,False
SAI,55,Williams,4.0,1.0,SOFT,4.0,True,12.0,1,84.147,3815.463,3731.316,21.8,31.5,58.0,False,False,False,False,False,False,False,False,False,True,False
SAI,55,Williams,5.0,1.0,SOFT,5.0,True,12.0,1,83.957,3899.42,3815.463,21.8,31.4,59.0,False,False,False,False,False,False,False,False,False,True,False
SAI,55,Williams,6.0,1.0,SOFT,6.0,True,12.0,1,83.758,3983.178,3899.42,21.9,31.4,58.0,False,False,False,False,False,False,False,False,False,True,False
SAI,55,Williams,7.0,1.0,SOFT,7.0,True,12.0,1,83.512,4066.69,3983.178,21.9,31.4,58.0,False,False,False,False,False,False,False,False,False,True,False
SAI,55,Williams,8.0,1.0,SOFT,8.0,True,12.0,1,83.21,4149.9,4066.69,21.9,31.7,58.0,False,False,False,False,False,False,False,False,False,True,False
SAI,55,Williams,9.0,1.0,SOFT,9.0,True,12.0,1,83.393,4233.293,4149.9,22.1,32.0,58.0,False,False,False,False,False,False,False,False,False,True,False
SAI,55,Williams,10.0,1.0,SOFT,10.0,True,12.0,1,83.526,4316.819,4233.293,22.0,31.4,58.0,False,False,False,False,False,False,False,False,False,True,False
SAI,55,Williams,11.0,1.0,SOFT,11.0,True,12.0,1,83.53,4400.349,4316.819,21.9,31.1,58.0,False,False,False,False,False,False,False,False,False,True,False
SAI,55,Williams,12.0,1.0,SOFT,12.0,True,12.0,1,83.852,4484.201,4400.349,21.9,31.2,58.0,False,False,False,False,False,False,False,False,False,True,False
SAI,55,Williams,13.0,1.0,SOFT,13.0,True,12.0,1,83.478,4567.679,4484.201,21.8,30.8,59.0,False,False,False,False,False,False,False,False,False,True,False
SAI,55,Williams,14.0,1.0,SOFT,14.0,True,12.0,1,83.631,4651.31,4567.679,21.9,31.2,59.0,False,False,False,False,False,False,False,False,False,True,False
SAI,55,Williams,15.0,1.0,SOFT,15.0,True,14.0,1,86.131,4737.441,4651.31,21.9,31.3,58.0,False,True,False,False,True,False,False,False,False,False,False
SAI,55,Williams,16.0,2.0,HARD,1.0,True,17.0,1,99.845,4837.286,4737.441,21.9,31.1,58.0,False,False,True,False,True,False,False,False,False,False,False
SAI,55,Williams,17.0,2.0,HARD,2.0,True,17.0,1,81.824,4919.11,4837.286,22.0,31.1,58.0,False,False,False,False,False,False,False,False,False,True,False
SAI,55,Williams,18.0,2.0,HARD,3.0,True,17.0,1,82.169,5001.279,4919.11,22.0,31.5,57.0,False,False,False,False,False,False,False,False,False,True,False
SAI,55,Williams,19.0,2.0,HARD,4.0,True,17.0,1,81.99,5083.269,5001.279,22.0,31.6,58.0,False,False,False,False,False,False,False,False,False,True,False
SAI,55,Williams,20.0,2.0,HARD,5.0,True,17.0,1,82.139,5165.408,5083.269,22.0,31.5,58.0,False,False,False,False,False,False,False,False,False,True,False
SAI,55,Williams,21.0,2.0,HARD,6.0,True,16.0,1,82.132,5247.54,5165.408,22.0,31.8,58.0,False,False,False,False,False,False,False,False,False,True,False
SAI,55,Williams,22.0,2.0,HARD,7.0,True,15.0,1,82.256,5329.796,5247.54,22.0,31.5,58.0,False,False,False,False,False,False,False,False,False,True,False
SAI,55,Williams,23.0,2.0,HARD,8.0,True,15.0,1,82.173,5411.969,5329.796,22.0,31.5,58.0,False,False,False,False,False,False,False,False,False,True,False
SAI,55,Williams,24.0,2.0,HARD,9.0,True,15.0,1,82.565,5494.534,5411.969,22.0,31.8,58.0,False,False,False,False,False,False,False,False,False,True,False
SAI,55,Williams,25.0,2.0,HARD,10.0,True,15.0,1,82.688,5577.222,5494.534,22.0,31.9,58.0,False,False,False,False,False,False,False,False,False,True,False
SAI,55,Williams,26.0,2.0,HARD,11.0,True,15.0,1,83.468,5660.69,5577.222,22.1,31.8,57.0,False,False,False,False,False,False,False,False,False,True,False
SAI,55,Williams,27.0,2.0,HARD,12.0,True,15.0,1,83.441,5744.131,5660.69,22.1,31.9,57.0,False,False,False,False,False,False,False,False,False,True,False
SAI,55,Williams,28.0,2.0,HARD,13.0,True,15.0,1,83.936,5828.067,5744.131,22.1,31.9,58.0,False,False,False,False,False,False,False,False,False,True,False
SAI,55,Williams,29.0,2.0,HARD,14.0,True,15.0,1,84.542,5912.609,5828.067,22.1,31.8,57.0,False,False,False,False,False,False,False,False,False,True,False
SAI,55,Williams,30.0,2.0,HARD,15.0,True,15.0,1,84.228,5996.837,5912.609,22.1,31.8,58.0,False,False,False,False,False,False,False,False,False,True,False
SAI,55,Williams,31.0,2.0,HARD,16.0,True,14.0,1,83.599,6080.436,5996.837,22.1,31.9,57.0,False,False,False,False,False,False,False,False,False,True,False
SAI,55,Williams,32.0,2.0,HARD,17.0,True,13.0,1,83.6,6164.036,6080.436,22.1,31.8,57.0,False,False,False,False,False,False,False,False,False,True,False
SAI,55,Williams,33.0,2.0,HARD,18.0,True,13.0,1,82.465,6246.501,6164.036,22.1,31.6,56.0,False,False,False,False,False,False,False,False,False,True,False
SAI,55,Williams,34.0,2.0,HARD,19.0,True,12.0,1,83.097,6329.598,6246.501,22.1,31.8,57.0,False,False,False,False,False,False,False,False,False,True,False
SAI,55,Williams,35.0,2.0,HARD,20.0,True,12.0,1,82.865,6412.463,6329.598,22.1,32.0,57.0,False,False,False,False,False,False,False,False,False,True,False
SAI,55,Williams,36.0,2.0,HARD,21.0,True,12.0,1,82.701,6495.164,6412.463,22.1,32.1,56.0,False,False,False,False,False,False,False,False,False,True,False
SAI,55,Williams,37.0,2.0,HARD,22.0,True,11.0,1,82.842,6578.006,6495.164,22.1,31.6,57.0,False,False,False,False,False,False,False,False,False,True,False
SAI,55,Williams,38.0,2.0,HARD,23.0,True,11.0,1,82.923,6660.929,6578.006,22.1,31.5,57.0,False,False,False,False,False,False,False,False,False,True,False
SAI,55,Williams,39.0,2.0,HARD,24.0,True,12.0,1,84.221,6745.15,6660.929,22.1,31.6,58.0,False,False,False,False,False,False,False,False,False,True,False
SAI,55,Williams,40.0,2.0,HARD,25.0,True,12.0,1,82.741,6827.891,6745.15,22.2,31.9,57.0,False,False,False,False,False,False,False,False,False,True,False
SAI,55,Williams,41.0,2.0,HARD,26.0,True,10.0,1,82.78,6910.671,6827.891,22.2,31.9,56.0,False,False,False,False,False,False,False,False,False,True,False
SAI,55,Williams,42.0,2.0,HARD,27.0,True,10.0,1,82.639,6993.31,6910.671,22.2,31.6,56.0,False,False,False,False,False,False,False,False,False,True,False
SAI,55,Williams,43.0,2.0,HARD,28.0,True,10.0,1,84.118,7077.428,6993.31,22.3,31.6,56.0,False,False,False,False,False,False,False,False,False,True,False
SAI,55,Williams,44.0,2.0,HARD,29.0,True,10.0,1,82.424,7159.852,7077.428,22.2,31.5,56.0,False,False,False,False,False,False,False,False,False,True,False
SAI,55,Williams,45.0,2.0,HARD,30.0,True,11.0,1,83.843,7243.695,7159.852,22.2,31.3,55.0,False,False,False,False,False,False,False,False,False,True,False
SAI,55,Williams,46.0,2.0,HARD,31.0,True,11.0,1,82.44,7326.135,7243.695,22.1,31.2,55.0,False,False,False,False,False,False,False,False,False,True,False
SAI,55,Williams,47.0,2.0,HARD,32.0,True,12.0,1,83.382,7409.517,7326.135,22.1,30.9,56.0,False,False,False,False,False,False,False,False,False,True,False
SAI,55,Williams,48.0,2.0,HARD,33.0,True,12.0,1,82.488,7492.005,7409.517,22.1,31.2,56.0,False,False,False,False,False,False,False,False,False,True,False
SAI,55,Williams,49.0,2.0,HARD,34.0,True,12.0,1,82.577,7574.582,7492.005,22.0,31.1,56.0,False,False,False,False,False,False,False,False,False,True,False
SAI,55,Williams,50.0,2.0,HARD,35.0,True,12.0,1,82.526,7657.108,7574.582,22.0,31.3,56.0,False,False,False,False,False,False,False,False,False,True,False
SAI,55,Williams,51.0,2.0,HARD,36.0,True,14.0,1,85.648,7742.756,7657.108,22.0,31.0,56.0,False,True,False,False,True,False,False,False,False,False,False
SAI,55,Williams,52.0,3.0,MEDIUM,1.0,True,18.0,1,98.645,7841.401,7742.756,22.0,30.7,56.0,False,False,True,False,True,False,False,False,False,False,False
SAI,55,Williams,53.0,3.0,MEDIUM,2.0,True,17.0,1,79.79,7921.191,7841.401,22.0,30.8,56.0,False,False,False,False,False,False,False,False,False,True,False
SAI,55,Williams,54.0,3.0,MEDIUM,3.0,True,17.0,1,80.267,8001.458,7921.191,22.0,30.9,55.0,False,False,False,False,False,False,False,False,False,True,False
SAI,55,Williams,55.0,3.0,MEDIUM,4.0,True,17.0,1,80.46,8081.918,8001.458,22.0,30.7,57.0,False,False,False,False,False,False,False,False,False,True,False
SAI,55,Williams,56.0,3.0,MEDIUM,5.0,True,17.0,1,80.541,8162.459,8081.918,22.0,30.7,56.0,False,False,False,False,False,False,False,False,False,True,False
SAI,55,Williams,57.0,3.0,MEDIUM,6.0,True,17.0,1,80.861,8243.32,8162.459,22.0,30.8,56.0,False,False,False,False,False,False,False,False,False,True,False
SAI,55,Williams,58.0,3.0,MEDIUM,7.0,True,16.0,1,81.675,8324.995,8243.32,22.0,30.8,57.0,False,False,False,False,False,False,False,False,False,True,False
SAI,55,Williams,59.0,3.0,MEDIUM,8.0,True,15.0,1,80.839,8405.834,8324.995,22.0,30.6,56.0,False,False,False,False,False,False,False,False,False,True,False
SAI,55,Williams,60.0,3.0,MEDIUM,9.0,True,15.0,1,82.175,8488.009,8405.834,22.1,30.6,57.0,False,False,False,False,False,False,False,False,False,True,False
SAI,55,Williams,61.0,3.0,MEDIUM,10.0,True,16.0,1,83.355,8571.364,8488.009,22.1,31.1,56.0,False,False,False,False,False,False,False,False,True,False,False
SAI,55,Williams,62.0,3.0,MEDIUM,11.0,True,16.0,1,82.614,8653.978,8571.364,22.1,31.1,57.0,False,False,False,False,False,False,False,False,False,True,False
SAI,55,Williams,63.0,3.0,MEDIUM,12.0,True,15.0,1,81.854,8735.832,8653.978,22.1,31.1,57.0,False,False,False,False,False,False,False,False,False,True,False
SAI,55,Williams,64.0,3.0,MEDIUM,13.0,True,15.0,1,83.148,8818.98,8735.832,22.2,31.3,56.0,False,False,False,False,False,False,False,False,False,True,False
SAI,55,Williams,65.0,3.0,MEDIUM,14.0,True,14.0,1,80.422,8899.402,8818.98,22.4,32.0,55.0,False,False,False,False,False,False,False,False,False,True,False
SAI,55,Williams,66.0,3.0,MEDIUM,15.0,True,14.0,1,80.884,8980.286,8899.402,22.4,31.6,55.0,False,False,False,False,False,False,False,False,False,True,False
SAI,55,Williams,67.0,3.0,MEDIUM,16.0,True,14.0,1,81.027,9061.313,8980.286,22.4,31.6,55.0,False,False,False,False,False,False,False,False,False,True,False
SAI,55,Williams,68.0,3.0,MEDIUM,17.0,True,14.0,1,80.613,9141.926,9061.313,22.4,31.8,56.0,False,False,False,False,False,False,False,False,False,True,False
SAI,55,Williams,69.0,3.0,MEDIUM,18.0,True,14.0,1,80.851,9222.777,9141.926,22.4,31.8,56.0,False,False,False,False,False,False,False,False,False,True,False
ALB,23,Williams,1.0,1.0,SOFT,1.0,True,16.0,1,96.0,3564.22,3467.946,21.7,31.9,58.0,False,False,False,False,True,False,False,False,False,False,False
ALB,23,Williams,2.0,1.0,SOFT,2.0,True,16.0,1,84.862,3649.082,3564.22,21.8,32.3,57.0,False,False,False,False,False,False,False,False,False,True,False
ALB,23,Williams,3.0,1.0,SOFT,3.0,True,16.0,1,84.259,3733.341,3649.082,21.8,31.7,58.0,False,False,False,False,False,False,False,False,False,True,False
ALB,23,Williams,4.0,1.0,SOFT,4.0,True,16.0,1,84.263,3817.604,3733.341,21.8,31.5,58.0,False,False,False,False,False,False,False,False,False,True,False
ALB,23,Williams,5.0,1.0,SOFT,5.0,True,16.0,1,84.256,3901.86,3817.604,21.8,31.4,59.0,False,False,False,False,False,False,False,False,False,True,False
ALB,23,Williams,6.0,1.0,SOFT,6.0,True,16.0,1,83.946,3985.806,3901.86,21.9,31.4,58.0,False,False,False,False,False,False,False,False,False,True,False
ALB,23,Williams,7.0,1.0,SOFT,7.0,True,16.0,1,83.673,4069.479,3985.806,21.9,31.4,58.0,False,False,False,False,False,False,False,False,False,True,False
ALB,23,Williams,8.0,1.0,SOFT,8.0,True,16.0,1,83.433,4152.912,4069.479,21.9,31.7,58.0,False,False,False,False,False,False,False,False,False,True,False
ALB,23,Williams,9.0,1.0,SOFT,9.0,True,16.0,1,83.314,4236.226,4152.912,22.1,32.0,58.0,False,False,False,False,False,False,False,False,False,True,False
ALB,23,Williams,10.0,1.0,SOFT,10.0,True,16.0,1,83.616,4319.842,4236.226,22.0,31.4,58.0,False,False,False,False,False,False,False,False,False,True,False
ALB,23,Williams,11.0,1.0,SOFT,11.0,True,16.0,1,83.487,4403.329,4319.842,21.9,31.1,58.0,False,False,False,False,False,False,False,False,False,True,False
ALB,23,Williams,12.0,1.0,SOFT,12.0,True,16.0,1,83.739,4487.068,4403.329,21.9,31.2,58.0,False,False,False,False,False,False,False,False,False,True,False
ALB,23,Williams,13.0,1.0,SOFT,13.0,True,16.0,1,83.654,4570.722,4487.068,21.8,30.8,59.0,False,False,False,False,False,False,False,False,False,True,False
ALB,23,Williams,14.0,1.0,SOFT,14.0,True,17.0,1,86.232,4656.954,4570.722,21.9,31.2,59.0,False,True,False,False,True,False,False,False,False,False,False
ALB,23,Williams,15.0,2.0,MEDIUM,1.0,True,18.0,1,100.509,4757.463,4656.954,21.9,31.2,58.0,False,False,True,False,True,False,False,False,False,False,False
ALB,23,Williams,16.0,2.0,MEDIUM,2.0,True,18.0,1,81.997,4839.46,4757.463,21.9,31.1,58.0,False,False,False,False,False,False,False,False,False,True,False
ALB,23,Williams,17.0,2.0,MEDIUM,3.0,True,18.0,1,81.772,4921.232,4839.46,22.0,31.1,58.0,False,False,False,False,False,False,False,False,False,True,False
ALB,23,Williams,18.0,2.0,MEDIUM,4.0,True,18.0,1,82.131,5003.363,4921.232,22.0,31.5,57.0,False,False,False,False,False,False,False,False,False,True,False
ALB,23,Williams,19.0,2.0,MEDIUM,5.0,True,18.0,1,82.225,5085.588,5003.363,22.0,31.6,58.0,False,False,False,False,False,False,False,False,False,True,False
ALB,23,Williams,20.0,2.0,MEDIUM,6.0,True,18.0,1,82.184,5167.772,5085.588,22.0,31.5,58.0,False,False,False,False,False,False,False,False,False,True,False
ALB,23,Williams,21.0,2.0,MEDIUM,7.0,True,17.0,1,82.383,5250.155,5167.772,22.0,31.8,58.0,False,False,False,False,False,False,False,False,False,True,False
ALB,23,Williams,22.0,2.0,MEDIUM,8.0,True,16.0,1,82.375,5332.53,5250.155,22.0,31.5,58.0,False,False,False,False,False,False,False,False,False,True,False
ALB,23,Williams,23.0,2.0,MEDIUM,9.0,True,16.0,1,82.427,5414.957,5332.53,22.0,31.5,58.0,False,False,False,False,False,False,False,False,False,True,False
ALB,23,Williams,24.0,2.0,MEDIUM,10.0,True,16.0,1,82.611,5497.568,5414.957,22.0,31.8,58.0,False,False,False,False,False,False,False,False,False,True,False
ALB,23,Williams,25.0,2.0,MEDIUM,11.0,True,16.0,1,82.811,5580.379,5497.568,22.0,31.9,58.0,False,False,False,False,False,False,False,False,False,True,False
ALB,23,Williams,26.0,2.0,MEDIUM,12.0,True,16.0,1,82.9,5663.279,5580.379,22.1,31.8,57.0,False,False,False,False,False,False,False,False,False,True,False
ALB,23,Williams,27.0,2.0,MEDIUM,13.0,True,16.0,1,83.109,5746.388,5663.279,22.1,31.9,57.0,False,False,False,False,False,False,False,False,False,True,False
ALB,23,Williams,28.0,2.0,MEDIUM,14.0,True,16.0,1,83.461,5829.849,5746.388,22.1,31.9,58.0,False,False,False,False,False,False,False,False,False,True,False
ALB,23,Williams,29.0,2.0,MEDIUM,15.0,True,16.0,1,83.821,5913.67,5829.849,22.1,31.8,57.0,False,False,False,False,False,False,False,False,False,True,False
ALB,23,Williams,30.0,2.0,MEDIUM,16.0,True,16.0,1,84.453,5998.123,5913.67,22.1,31.8,58.0,False,False,False,False,False,False,False,False,True,False,False
ALB,23,Williams,31.0,2.0,MEDIUM,17.0,True,15.0,1,83.641,6081.764,5998.123,22.1,31.9,57.0,False,False,False,False,False,False,False,False,False,True,False
ALB,23,Williams,32.0,2.0,MEDIUM,18.0,True,14.0,1,83.631,6165.395,6081.764,22.1,31.8,57.0,False,False,False,False,False,False,False,False,False,True,False
ALB,23,Williams,33.0,2.0,MEDIUM,19.0,True,14.0,1,83.26,6248.655,6165.395,22.1,31.6,56.0,False,False,False,False,False,False,False,False,False,True,False
ALB,23,Williams,34.0,2.0,MEDIUM,20.0,True,13.0,1,83.136,6331.791,6248.655,22.1,31.8,57.0,False,False,False,False,False,False,False,False,False,True,False
ALB,23,Williams,35.0,2.0,MEDIUM,21.0,True,13.0,1,83.097,6414.888,6331.791,22.1,32.0,57.0,False,False,False,False,False,False,False,False,False,True,False
ALB,23,Williams,36.0,2.0,MEDIUM,22.0,True,13.0,1,83.079,6497.967,6414.888,22.1,32.0,57.0,False,False,False,False,False,False,False,False,False,True,False
ALB,23,Williams,37.0,2.0,MEDIUM,23.0,True,13.0,1,84.333,6582.3,6497.967,22.1,31.6,57.0,False,False,False,False,False,False,False,False,False,True,False
ALB,23,Williams,38.0,2.0,MEDIUM,24.0,True,15.0,1,85.277,6667.577,6582.3,22.1,31.5,57.0,False,True,False,False,True,False,False,False,False,False,False
ALB,23,Williams,39.0,3.0,HARD,1.0,True,18.0,1,101.413,6768.99,6667.577,22.1,31.6,58.0,False,False,True,False,True,False,False,False,False,False,False
ALB,23,Williams,40.0,3.0,HARD,2.0,True,18.0,1,81.22,6850.21,6768.99,22.2,31.9,57.0,False,False,False,False,False,False,False,False,False,True,False
ALB,23,Williams,41.0,3.0,HARD,3.0,True,18.0,1,81.36,6931.57,6850.21,22.2,31.6,56.0,False,False,False,False,False,False,False,False,False,True,False
ALB,23,Williams,42.0,3.0,HARD,4.0,True,17.0,1,81.322,7012.892,6931.57,22.2,31.6,56.0,False,False,False,False,False,False,False,False,False,True,False
ALB,23,Williams,43.0,3.0,HARD,5.0,True,17.0,1,81.475,7094.367,7012.892,22.3,31.6,56.0,False,False,False,False,False,False,False,False,False,True,False
ALB,23,Williams,44.0,3.0,HARD,6.0,True,17.0,1,81.443,7175.81,7094.367,22.2,31.5,56.0,False,False,False,False,False,False,False,False,False,True,False
ALB,23,Williams,45.0,3.0,HARD,7.0,True,17.0,1,81.359,7257.169,7175.81,22.2,31.3,55.0,False,False,False,False,False,False,False,False,False,True,False
ALB,23,Williams,46.0,3.0,HARD,8.0,True,17.0,1,81.04,7338.209,7257.169,22.1,31.0,56.0,False,False,False,False,False,False,False,False,False,True,False
ALB,23,Williams,47.0,3.0,HARD,9.0,True,17.0,1,84.167,7422.376,7338.209,22.1,30.9,56.0,False,False,False,False,False,False,False,False,False,True,False
ALB,23,Williams,48.0,3.0,HARD,10.0,True,16.0,1,81.892,7504.268,7422.376,22.1,31.2,56.0,False,False,False,False,False,False,False,False,False,True,False
ALB,23,Williams,49.0,3.0,HARD,11.0,True,16.0,1,80.779,7585.047,7504.268,22.0,31.3,56.0,False,False,False,False,False,False,False,False,False,True,False
ALB,23,Williams,50.0,3.0,HARD,12.0,True,16.0,1,81.127,7666.174,7585.047,22.0,31.3,56.0,False,False,False,False,False,False,False,False,False,True,False
ALB,23,Williams,51.0,3.0,HARD,13.0,True,16.0,1,81.237,7747.411,7666.174,22.0,31.0,56.0,False,False,False,False,False,False,False,False,False,True,False
ALB,23,Williams,52.0,3.0,HARD,14.0,True,15.0,1,81.352,7828.763,7747.411,22.0,30.7,56.0,False,False,False,False,False,False,False,False,False,True,False
ALB,23,Williams,53.0,3.0,HARD,15.0,True,15.0,1,82.393,7911.156,7828.763,22.0,30.8,56.0,False,False,False,False,False,False,False,False,False,True,False
ALB,23,Williams,54.0,3.0,HARD,16.0,True,15.0,1,82.163,7993.319,7911.156,22.0,31.0,56.0,False,False,False,False,False,False,False,False,False,True,False
ALB,23,Williams,55.0,3.0,HARD,17.0,True,15.0,1,82.297,8075.616,7993.319,22.0,30.7,57.0,False,False,False,False,False,False,False,False,False,True,False
ALB,23,Williams,56.0,3.0,HARD,18.0,True,15.0,1,82.108,8157.724,8075.616,22.0,30.7,56.0,False,False,False,False,False,False,False,False,False,True,False
ALB,23,Williams,57.0,3.0,HARD,19.0,True,15.0,1,82.294,8240.018,8157.724,22.0,30.8,56.0,False,False,False,False,False,False,False,False,False,True,False
ALB,23,Williams,58.0,3.0,HARD,20.0,True,15.0,1,84.582,8324.6,8240.018,22.0,30.8,57.0,False,False,False,False,False,False,False,False,False,True,False
ALB,23,Williams,59.0,3.0,HARD,21.0,True,16.0,1,82.661,8407.261,8324.6,22.0,30.6,56.0,False,False,False,False,False,False,False,False,False,True,False
ALB,23,Williams,60.0,3.0,HARD,22.0,True,17.0,1,82.646,8489.907,8407.261,22.1,30.6,57.0,False,False,False,False,False,False,False,False,False,True,False
ALB,23,Williams,61.0,3.0,HARD,23.0,True,17.0,1,82.898,8572.805,8489.907,22.1,31.1,56.0,False,False,False,False,False,False,False,False,False,True,False
ALB,23,Williams,62.0,3.0,HARD,24.0,True,17.0,1,82.576,8655.381,8572.805,22.1,31.1,57.0,False,False,False,False,False,False,False,False,False,True,False
ALB,23,Williams,63.0,3.0,HARD,25.0,True,17.0,1,82.925,8738.306,8655.381,22.1,31.1,57.0,False,False,False,False,False,False,False,False,False,True,False
ALB,23,Williams,64.0,3.0,HARD,26.0,True,16.0,1,81.856,8820.162,8738.306,22.2,31.3,56.0,False,False,False,False,False,False,False,False,False,True,False
ALB,23,Williams,65.0,3.0,HARD,27.0,True,16.0,1,82.676,8902.838,8820.162,22.4,32.0,55.0,False,False,False,False,False,False,False,False,False,True,False
ALB,23,Williams,66.0,3.0,HARD,28.0,True,15.0,1,81.309,8984.147,8902.838,22.4,31.6,55.0,False,False,False,False,False,False,False,False,False,True,False
ALB,23,Williams,67.0,3.0,HARD,29.0,True,15.0,1,81.191,9065.338,8984.147,22.4,31.6,55.0,False,False,False,False,False,False,False,False,False,True,False
ALB,23,Williams,68.0,3.0,HARD,30.0,True,15.0,1,81.024,9146.362,9065.338,22.4,31.8,56.0,False,False,False,False,False,False,False,False,False,True,False
ALB,23,Williams,69.0,3.0,HARD,31.0,True,15.0,1,81.2,9227.562,9146.362,22.4,31.8,56.0,False,False,False,False,False,False,False,False,False,True,False
OCO,31,Haas F1 Team,1.0,1.0,MEDIUM,1.0,True,15.0,1,95.396,3563.616,3467.946,21.7,31.9,58.0,False,False,False,False,True,False,False,False,False,False,False
OCO,31,Haas F1 Team,2.0,1.0,MEDIUM,2.0,True,15.0,1,85.082,3648.698,3563.616,21.8,32.3,57.0,False,False,False,False,False,False,False,False,False,True,False
OCO,31,Haas F1 Team,3.0,1.0,MEDIUM,3.0,True,15.0,1,84.209,3732.907,3648.698,21.8,31.7,58.0,False,False,False,False,False,False,False,False,False,True,False
OCO,31,Haas F1 Team,4.0,1.0,MEDIUM,4.0,True,15.0,1,84.3,3817.207,3732.907,21.8,31.5,58.0,False,False,False,False,False,False,False,False,False,True,False
OCO,31,Haas F1 Team,5.0,1.0,MEDIUM,5.0,True,15.0,1,84.036,3901.243,3817.207,21.8,31.4,59.0,False,False,False,False,False,False,False,False,False,True,False
OCO,31,Haas F1 Team,6.0,1.0,MEDIUM,6.0,True,15.0,1,83.884,3985.127,3901.243,21.9,31.4,58.0,False,False,False,False,False,False,False,False,False,True,False
OCO,31,Haas F1 Team,7.0,1.0,MEDIUM,7.0,True,15.0,1,83.722,4068.849,3985.127,21.9,31.4,58.0,False,False,False,False,False,False,False,False,False,True,False
OCO,31,Haas F1 Team,8.0,1.0,MEDIUM,8.0,True,15.0,1,83.217,4152.066,4068.849,21.9,31.7,58.0,False,False,False,False,False,False,False,False,False,True,False
OCO,31,Haas F1 Team,9.0,1.0,MEDIUM,9.0,True,15.0,1,83.459,4235.525,4152.066,22.1,32.0,58.0,False,False,False,False,False,False,False,False,False,True,False
OCO,31,Haas F1 Team,10.0,1.0,MEDIUM,10.0,True,15.0,1,83.527,4319.052,4235.525,22.0,31.4,58.0,False,False,False,False,False,False,False,False,False,True,False
OCO,31,Haas F1 Team,11.0,1.0,MEDIUM,11.0,True,15.0,1,83.57,4402.622,4319.052,21.9,31.1,58.0,False,False,False,False,False,False,False,False,False,True,False
OCO,31,Haas F1 Team,12.0,1.0,MEDIUM,12.0,True,15.0,1,83.794,4486.416,4402.622,21.9,31.2,58.0,False,False,False,False,False,False,False,False,False,True,False
OCO,31,Haas F1 Team,13.0,1.0,MEDIUM,13.0,True,15.0,1,83.553,4569.969,4486.416,21.8,30.8,59.0,False,False,False,False,False,False,False,False,False,True,False
OCO,31,Haas F1 Team,14.0,1.0,MEDIUM,14.0,True,16.0,1,86.259,4656.228,4569.969,21.9,31.2,59.0,False,True,False,False,True,False,False,False,False,False,False
OCO,31,Haas F1 Team,15.0,2.0,HARD,1.0,True,19.0,1,102.33,4758.558,4656.228,21.9,31.2,58.0,False,False,True,False,True,False,False,False,False,False,False
OCO,31,Haas F1 Team,16.0,2.0,HARD,2.0,True,19.0,1,82.04,4840.598,4758.558,21.9,31.1,58.0,False,False,False,False,False,False,False,False,False,True,False
OCO,31,Haas F1 Team,17.0,2.0,HARD,3.0,True,19.0,1,81.916,4922.514,4840.598,22.0,31.1,58.0,False,False,False,False,False,False,False,False,False,True,False
OCO,31,Haas F1 Team,18.0,2.0,HARD,4.0,True,19.0,1,81.934,5004.448,4922.514,22.0,31.5,57.0,False,False,False,False,False,False,False,False,False,True,False
OCO,31,Haas F1 Team,19.0,2.0,HARD,5.0,True,19.0,1,82.3,5086.748,5004.448,22.0,31.6,58.0,False,False,False,False,False,False,False,False,False,True,False
OCO,31,Haas F1 Team,20.0,2.0,HARD,6.0,True,19.0,1,82.195,5168.943,5086.748,22.0,31.5,58.0,False,False,False,False,False,False,False,False,False,True,False
OCO,31,Haas F1 Team,21.0,2.0,HARD,7.0,True,18.0,1,82.376,5251.319,5168.943,22.0,31.8,58.0,False,False,False,False,False,False,False,False,False,True,False
OCO,31,Haas F1 Team,22.0,2.0,HARD,8.0,True,17.0,1,82.535,5333.854,5251.319,22.0,31.5,58.0,False,False,False,False,False,False,False,False,False,True,False
OCO,31,Haas F1 Team,23.0,2.0,HARD,9.0,True,17.0,1,82.628,5416.482,5333.854,22.0,31.8,58.0,False,False,False,False,False,False,False,False,False,True,False
OCO,31,Haas F1 Team,24.0,2.0,HARD,10.0,True,17.0,1,82.712,5499.194,5416.482,22.0,31.8,58.0,False,False,False,False,False,False,False,False,False,True,False
OCO,31,Haas F1 Team,25.0,2.0,HARD,11.0,True,17.0,1,82.784,5581.978,5499.194,22.0,31.9,58.0,False,False,False,False,False,False,False,False,False,True,False
OCO,31,Haas F1 Team,26.0,2.0,HARD,12.0,True,17.0,1,82.768,5664.746,5581.978,22.1,31.8,57.0,False,False,False,False,False,False,False,False,False,True,False
OCO,31,Haas F1 Team,27.0,2.0,HARD,13.0,True,17.0,1,83.31,5748.056,5664.746,22.1,31.9,57.0,False,False,False,False,False,False,False,False,False,True,False
OCO,31,Haas F1 Team,28.0,2.0,HARD,14.0,True,17.0,1,83.356,5831.412,5748.056,22.1,31.9,58.0,False,False,False,False,False,False,False,False,False,True,False
OCO,31,Haas F1 Team,29.0,2.0,HARD,15.0,True,17.0,1,83.464,5914.876,5831.412,22.1,31.8,57.0,False,False,False,False,False,False,False,False,False,True,False
OCO,31,Haas F1 Team,30.0,2.0,HARD,16.0,True,17.0,1,84.027,5998.903,5914.876,22.1,31.8,58.0,False,False,False,False,False,False,False,False,False,True,False
OCO,31,Haas F1 Team,31.0,2.0,HARD,17.0,True,16.0,1,83.956,6082.859,5998.903,22.1,31.9,57.0,False,False,False,False,False,False,False,False,False,True,False
OCO,31,Haas F1 Team,32.0,2.0,HARD,18.0,True,16.0,1,83.858,6166.717,6082.859,22.1,31.8,57.0,False,False,False,False,False,False,False,False,False,True,False
OCO,31,Haas F1 Team,33.0,2.0,HARD,19.0,True,15.0,1,83.433,6250.15,6166.717,22.1,31.6,56.0,False,False,False,False,False,False,False,False,False,True,False
OCO,31,Haas F1 Team,34.0,2.0,HARD,20.0,True,14.0,1,83.159,6333.309,6250.15,22.1,31.8,57.0,False,False,False,False,False,False,False,False,False,True,False
OCO,31,Haas F1 Team,35.0,2.0,HARD,21.0,True,14.0,1,83.38,6416.689,6333.309,22.1,32.0,57.0,False,False,False,False,False,False,False,False,False,True,False
OCO,31,Haas F1 Team,36.0,2.0,HARD,22.0,True,14.0,1,83.007,6499.696,6416.689,22.1,32.0,57.0,False,False,False,False,False,False,False,False,False,True,False
OCO,31,Haas F1 Team,37.0,2.0,HARD,23.0,True,14.0,1,83.613,6583.309,6499.696,22.1,31.6,57.0,False,False,False,False,False,False,False,False,False,True,False
OCO,31,Haas F1 Team,38.0,2.0,HARD,24.0,True,13.0,1,83.092,6666.401,6583.309,22.1,31.5,57.0,False,False,False,False,False,False,False,False,False,True,False
OCO,31,Haas F1 Team,39.0,2.0,HARD,25.0,True,13.0,1,82.214,6748.615,6666.401,22.1,31.6,58.0,False,False,False,False,False,False,False,False,False,True,False
OCO,31,Haas F1 Team,40.0,2.0,HARD,26.0,True,13.0,1,82.439,6831.054,6748.615,22.2,31.9,57.0,False,False,False,False,False,False,False,False,False,True,False
OCO,31,Haas F1 Team,41.0,2.0,HARD,27.0,True,14.0,1,84.208,6915.262,6831.054,22.2,31.9,56.0,False,False,False,False,False,False,False,False,False,True,False
OCO,31,Haas F1 Team,42.0,2.0,HARD,28.0,True,13.0,1,82.698,6997.96,6915.262,22.2,31.6,56.0,False,False,False,False,False,False,False,False,False,True,False
OCO,31,Haas F1 Team,43.0,2.0,HARD,29.0,True,12.0,1,82.465,7080.425,6997.96,22.3,31.6,56.0,False,False,False,False,False,False,False,False,False,True,False
OCO,31,Haas F1 Team,44.0,2.0,HARD,30.0,True,13.0,1,83.832,7164.257,7080.425,22.2,31.5,56.0,False,False,False,False,False,False,False,False,False,True,False
OCO,31,Haas F1 Team,45.0,2.0,HARD,31.0,True,13.0,1,82.473,7246.73,7164.257,22.2,31.3,55.0,False,False,False,False,False,False,False,False,False,True,False
OCO,31,Haas F1 Team,46.0,2.0,HARD,32.0,True,13.0,1,82.406,7329.136,7246.73,22.1,31.2,55.0,False,False,False,False,False,False,False,False,False,True,False
OCO,31,Haas F1 Team,47.0,2.0,HARD,33.0,True,13.0,1,82.28,7411.416,7329.136,22.1,30.9,56.0,False,False,False,False,False,False,False,False,False,True,False
OCO,31,Haas F1 Team,48.0,2.0,HARD,34.0,True,13.0,1,82.338,7493.754,7411.416,22.1,31.2,56.0,False,False,False,False,False,False,False,False,False,True,False
OCO,31,Haas F1 Team,49.0,2.0,HARD,35.0,True,13.0,1,82.41,7576.164,7493.754,22.0,31.3,56.0,False,False,False,False,False,False,False,False,False,True,False
OCO,31,Haas F1 Team,50.0,2.0,HARD,36.0,True,14.0,1,82.997,7659.161,7576.164,22.0,31.3,56.0,False,False,False,False,False,False,False,False,False,True,False
OCO,31,Haas F1 Team,51.0,2.0,HARD,37.0,True,13.0,1,82.529,7741.69,7659.161,22.0,31.0,56.0,False,False,False,False,False,False,False,False,False,True,False
OCO,31,Haas F1 Team,52.0,2.0,HARD,38.0,True,13.0,1,84.059,7825.749,7741.69,22.0,30.7,56.0,False,False,False,False,False,False,False,False,False,True,False
OCO,31,Haas F1 Team,53.0,2.0,HARD,39.0,True,13.0,1,82.046,7907.795,7825.749,22.0,30.8,56.0,False,False,False,False,False,False,False,False,False,True,False
OCO,31,Haas F1 Team,54.0,2.0,HARD,40.0,True,13.0,1,84.103,7991.898,7907.795,22.0,31.0,56.0,False,False,False,False,False,False,False,False,False,True,False
OCO,31,Haas F1 Team,55.0,2.0,HARD,41.0,True,13.0,1,82.197,8074.095,7991.898,22.0,30.7,57.0,False,False,False,False,False,False,False,False,False,True,False
OCO,31,Haas F1 Team,56.0,2.0,HARD,42.0,True,13.0,1,82.136,8156.231,8074.095,22.0,30.7,56.0,False,False,False,False,False,False,False,False,False,True,False
OCO,31,Haas F1 Team,57.0,2.0,HARD,43.0,True,13.0,1,82.087,8238.318,8156.231,22.0,30.8,56.0,False,False,False,False,False,False,False,False,False,True,False
OCO,31,Haas F1 Team,58.0,2.0,HARD,44.0,True,13.0,1,82.083,8320.401,8238.318,22.0,30.8,57.0,False,False,False,False,False,False,False,False,False,True,False
OCO,31,Haas F1 Team,59.0,2.0,HARD,45.0,True,13.0,1,82.148,8402.549,8320.401,22.0,30.6,56.0,False,False,False,False,False,False,False,False,False,True,False
OCO,31,Haas F1 Team,60.0,2.0,HARD,46.0,True,13.0,1,82.047,8484.596,8402.549,22.1,30.6,57.0,False,False,False,False,False,False,False,False,False,True,False
OCO,31,Haas F1 Team,61.0,2.0,HARD,47.0,True,13.0,1,82.387,8566.983,8484.596,22.1,31.1,56.0,False,False,False,False,False,False,False,False,False,True,False
OCO,31,Haas F1 Team,62.0,2.0,HARD,48.0,True,13.0,1,85.425,8652.408,8566.983,22.1,31.1,57.0,False,False,False,False,False,False,False,False,False,True,False
OCO,31,Haas F1 Team,63.0,2.0,HARD,49.0,True,13.0,1,82.679,8735.087,8652.408,22.1,31.1,57.0,False,False,False,False,False,False,False,False,False,True,False
OCO,31,Haas F1 Team,64.0,2.0,HARD,50.0,True,14.0,1,83.596,8818.683,8735.087,22.2,31.3,56.0,False,False,False,False,False,False,False,False,False,True,False
OCO,31,Haas F1 Team,65.0,2.0,HARD,51.0,True,15.0,1,83.713,8902.396,8818.683,22.4,32.0,55.0,False,False,False,False,False,False,False,False,False,True,False
OCO,31,Haas F1 Team,66.0,2.0,HARD,52.0,True,16.0,1,83.902,8986.298,8902.396,22.4,31.6,55.0,False,False,False,False,False,False,False,False,False,True,False
OCO,31,Haas F1 Team,67.0,2.0,HARD,53.0,True,16.0,1,82.624,9068.922,8986.298,22.4,31.6,55.0,False,False,False,False,False,False,False,False,False,True,False
OCO,31,Haas F1 Team,68.0,2.0,HARD,54.0,True,16.0,1,82.525,9151.447,9068.922,22.4,31.8,56.0,False,False,False,False,False,False,False,False,False,True,False
OCO,31,Haas F1 Team,69.0,2.0,HARD,55.0,True,16.0,1,83.262,9234.709,9151.447,22.4,31.8,56.0,False,False,False,False,False,False,False,False,False,True,False
TSU,22,Red Bull Racing,1.0,1.0,MEDIUM,1.0,True,20.0,1,97.737,3565.957,3467.946,21.7,31.9,58.0,False,False,True,False,True,False,False,False,False,False,False
TSU,22,Red Bull Racing,2.0,1.0,MEDIUM,2.0,True,20.0,1,85.564,3651.521,3565.957,21.8,32.3,57.0,False,False,False,False,False,False,False,False,False,True,False
TSU,22,Red Bull Racing,3.0,1.0,MEDIUM,3.0,True,20.0,1,84.023,3735.544,3651.521,21.8,31.6,58.0,False,False,False,False,False,False,False,False,False,True,False
TSU,22,Red Bull Racing,4.0,1.0,MEDIUM,4.0,True,20.0,1,84.229,3819.773,3735.544,21.8,31.5,58.0,False,False,False,False,False,False,False,False,False,True,False
TSU,22,Red Bull Racing,5.0,1.0,MEDIUM,5.0,True,19.0,1,84.32,3904.093,3819.773,21.8,31.4,59.0,False,False,False,False,False,False,False,False,False,True,False
TSU,22,Red Bull Racing,6.0,1.0,MEDIUM,6.0,True,19.0,1,84.073,3988.166,3904.093,21.9,31.4,58.0,False,False,False,False,False,False,False,False,False,True,False
TSU,22,Red Bull Racing,7.0,1.0,MEDIUM,7.0,True,19.0,1,83.752,4071.918,3988.166,21.9,31.4,58.0,False,False,False,False,False,False,False,False,False,True,False
TSU,22,Red Bull Racing,8.0,1.0,MEDIUM,8.0,True,19.0,1,83.601,4155.519,4071.918,21.9,31.7,58.0,False,False,False,False,False,False,False,False,False,True,False
TSU,22,Red Bull Racing,9.0,1.0,MEDIUM,9.0,True,19.0,1,83.707,4239.226,4155.519,22.1,32.0,58.0,False,False,False,False,False,False,False,False,False,True,False
TSU,22,Red Bull Racing,10.0,1.0,MEDIUM,10.0,True,19.0,1,83.424,4322.65,4239.226,22.0,31.4,58.0,False,False,False,False,False,False,False,False,False,True,False
TSU,22,Red Bull Racing,11.0,1.0,MEDIUM,11.0,True,19.0,1,83.672,4406.322,4322.65,21.9,31.1,58.0,False,False,False,False,False,False,False,False,False,True,False
TSU,22,Red Bull Racing,12.0,1.0,MEDIUM,12.0,True,19.0,1,83.767,4490.089,4406.322,21.9,31.2,58.0,False,False,False,False,False,False,False,False,False,True,False
TSU,22,Red Bull Racing,13.0,1.0,MEDIUM,13.0,True,18.0,1,83.638,4573.727,4490.089,21.8,30.8,59.0,False,False,False,False,False,False,False,False,False,True,False
TSU,22,Red Bull Racing,14.0,1.0,MEDIUM,14.0,True,18.0,1,83.652,4657.379,4573.727,21.9,31.2,59.0,False,False,False,False,False,False,False,False,False,True,False
TSU,22,Red Bull Racing,15.0,1.0,MEDIUM,15.0,True,16.0,1,83.804,4741.183,4657.379,21.9,31.3,58.0,False,False,False,False,False,False,False,False,False,True,False
TSU,22,Red Bull Racing,16.0,1.0,MEDIUM,16.0,True,15.0,1,83.597,4824.78,4741.183,21.9,31.1,58.0,False,False,False,False,False,False,False,False,False,True,False
TSU,22,Red Bull Racing,17.0,1.0,MEDIUM,17.0,True,15.0,1,83.566,4908.346,4824.78,22.0,31.1,58.0,False,False,False,False,False,False,False,False,False,True,False
TSU,22,Red Bull Racing,18.0,1.0,MEDIUM,18.0,True,14.0,1,83.615,4991.961,4908.346,22.0,31.5,57.0,False,False,False,False,False,False,False,False,False,True,False
TSU,22,Red Bull Racing,19.0,1.0,MEDIUM,19.0,True,14.0,1,83.799,5075.76,4991.961,22.0,31.6,58.0,False,False,False,False,False,False,False,False,False,True,False
TSU,22,Red Bull Racing,20.0,1.0,MEDIUM,20.0,True,16.0,1,88.115,5163.875,5075.76,22.0,31.5,58.0,False,True,False,False,True,False,False,False,False,False,False
TSU,22,Red Bull Racing,21.0,2.0,SOFT,1.0,True,20.0,1,100.837,5264.712,5163.875,22.0,31.8,58.0,False,False,True,False,True,False,False,False,False,False,False
TSU,22,Red Bull Racing,22.0,2.0,SOFT,2.0,True,20.0,1,81.42,5346.132,5264.712,22.0,31.5,58.0,False,False,False,False,False,False,False,False,False,True,False
TSU,22,Red Bull Racing,23.0,2.0,SOFT,3.0,True,20.0,1,81.331,5427.463,5346.132,22.0,31.8,58.0,False,False,False,False,False,False,False,False,False,True,False
TSU,22,Red Bull Racing,24.0,2.0,SOFT,4.0,True,20.0,1,81.778,5509.241,5427.463,22.0,31.8,58.0,False,False,False,False,False,False,False,False,False,True,False
TSU,22,Red Bull Racing,25.0,2.0,SOFT,5.0,True,20.0,1,81.831,5591.072,5509.241,22.0,31.9,58.0,False,False,False,False,False,False,False,False,False,True,False
TSU,22,Red Bull Racing,26.0,2.0,SOFT,6.0,True,20.0,1,82.251,5673.323,5591.072,22.1,31.8,57.0,False,False,False,False,False,False,False,False,False,True,False
TSU,22,Red Bull Racing,27.0,2.0,SOFT,7.0,True,20.0,1,82.243,5755.566,5673.323,22.1,31.9,57.0,False,False,False,False,False,False,False,False,False,True,False
TSU,22,Red Bull Racing,28.0,2.0,SOFT,8.0,True,20.0,1,82.328,5837.894,5755.566,22.1,31.8,58.0,False,False,False,False,False,False,False,False,False,True,False
TSU,22,Red Bull Racing,29.0,2.0,SOFT,9.0,True,20.0,1,82.355,5920.249,5837.894,22.1,31.8,57.0,False,False,False,False,False,False,False,False,False,True,False
TSU,22,Red Bull Racing,30.0,2.0,SOFT,10.0,True,20.0,1,82.803,6003.052,5920.249,22.1,31.8,58.0,False,False,False,False,False,False,False,False,False,True,False
TSU,22,Red Bull Racing,31.0,2.0,SOFT,11.0,True,19.0,1,83.361,6086.413,6003.052,22.1,31.9,57.0,False,False,False,False,False,False,False,False,False,True,False
TSU,22,Red Bull Racing,32.0,2.0,SOFT,12.0,True,19.0,1,83.315,6169.728,6086.413,22.1,31.8,57.0,False,False,False,False,False,False,False,False,False,True,False
TSU,22,Red Bull Racing,33.0,2.0,SOFT,13.0,True,18.0,1,83.438,6253.166,6169.728,22.1,31.6,56.0,False,False,False,False,False,False,False,False,False,True,False
TSU,22,Red Bull Racing,34.0,2.0,SOFT,14.0,True,17.0,1,83.499,6336.665,6253.166,22.1,31.8,57.0,False,False,False,False,False,False,False,False,False,True,False
TSU,22,Red Bull Racing,35.0,2.0,SOFT,15.0,True,16.0,1,83.362,6420.027,6336.665,22.1,32.0,57.0,False,False,False,False,False,False,False,False,False,True,False
TSU,22,Red Bull Racing,36.0,2.0,SOFT,16.0,True,16.0,1,82.961,6502.988,6420.027,22.1,32.0,57.0,False,False,False,False,False,False,False,False,False,True,False
TSU,22,Red Bull Racing,37.0,2.0,SOFT,17.0,True,16.0,1,85.309,6588.297,6502.988,22.1,31.6,57.0,False,True,False,False,True,False,False,False,False,False,False
TSU,22,Red Bull Racing,38.0,3.0,HARD,1.0,True,19.0,1,100.587,6688.884,6588.297,22.1,31.5,57.0,False,False,True,False,True,False,False,False,False,False,False
TSU,22,Red Bull Racing,39.0,3.0,HARD,2.0,True,19.0,1,82.068,6770.952,6688.884,22.1,31.6,58.0,False,False,False,False,False,False,False,False,False,True,False
TSU,22,Red Bull Racing,40.0,3.0,HARD,3.0,True,19.0,1,81.234,6852.186,6770.952,22.2,31.9,57.0,False,False,False,False,False,False,False,False,False,True,False
TSU,22,Red Bull Racing,41.0,3.0,HARD,4.0,True,19.0,1,81.417,6933.603,6852.186,22.2,31.6,56.0,False,False,False,False,False,False,False,False,False,True,False
TSU,22,Red Bull Racing,42.0,3.0,HARD,5.0,True,18.0,1,81.298,7014.901,6933.603,22.2,31.6,56.0,False,False,False,False,False,False,False,False,False,True,False
TSU,22,Red Bull Racing,43.0,3.0,HARD,6.0,True,18.0,1,81.569,7096.47,7014.901,22.2,31.6,56.0,False,False,False,False,False,False,False,False,False,True,False
TSU,22,Red Bull Racing,44.0,3.0,HARD,7.0,True,18.0,1,81.45,7177.92,7096.47,22.2,31.5,56.0,False,False,False,False,False,False,False,False,False,True,False
TSU,22,Red Bull Racing,45.0,3.0,HARD,8.0,True,18.0,1,83.394,7261.314,7177.92,22.2,31.3,55.0,False,False,False,False,False,False,False,False,False,True,False
TSU,22,Red Bull Racing,46.0,3.0,HARD,9.0,True,18.0,1,81.18,7342.494,7261.314,22.1,31.0,56.0,False,False,False,False,False,False,False,False,False,True,False
TSU,22,Red Bull Racing,47.0,3.0,HARD,10.0,True,18.0,1,81.8,7424.294,7342.494,22.1,30.9,56.0,False,False,False,False,False,False,False,False,False,True,False
TSU,22,Red Bull Racing,48.0,3.0,HARD,11.0,True,17.0,1,81.934,7506.228,7424.294,22.1,31.2,56.0,False,False,False,False,False,False,False,False,False,True,False
TSU,22,Red Bull Racing,49.0,3.0,HARD,12.0,True,18.0,1,86.232,7592.46,7506.228,22.0,31.3,56.0,False,False,False,False,False,False,False,False,False,True,False
TSU,22,Red Bull Racing,50.0,3.0,HARD,13.0,True,18.0,1,82.361,7674.821,7592.46,22.0,31.3,56.0,False,False,False,False,False,False,False,False,False,True,False
TSU,22,Red Bull Racing,51.0,3.0,HARD,14.0,True,18.0,1,81.935,7756.756,7674.821,22.0,31.0,56.0,False,False,False,False,False,False,False,False,False,True,False
TSU,22,Red Bull Racing,52.0,3.0,HARD,15.0,True,17.0,1,84.09,7840.846,7756.756,22.0,30.7,56.0,False,False,False,False,False,False,False,False,False,True,False
TSU,22,Red Bull Racing,53.0,3.0,HARD,16.0,True,18.0,1,82.789,7923.635,7840.846,22.0,30.8,56.0,False,False,False,False,False,False,False,False,False,True,False
TSU,22,Red Bull Racing,54.0,3.0,HARD,17.0,True,18.0,1,81.93,8005.565,7923.635,22.0,30.9,55.0,False,False,False,False,False,False,False,False,False,True,False
TSU,22,Red Bull Racing,55.0,3.0,HARD,18.0,True,18.0,1,81.628,8087.193,8005.565,22.0,30.7,57.0,False,False,False,False,False,False,False,False,False,True,False
TSU,22,Red Bull Racing,56.0,3.0,HARD,19.0,True,18.0,1,81.521,8168.714,8087.193,22.0,30.7,56.0,False,False,False,False,False,False,False,False,False,True,False
TSU,22,Red Bull Racing,57.0,3.0,HARD,20.0,True,18.0,1,81.408,8250.122,8168.714,22.0,30.8,56.0,False,False,False,False,False,False,False,False,False,True,False
TSU,22,Red Bull Racing,58.0,3.0,HARD,21.0,True,18.0,1,81.672,8331.794,8250.122,22.0,30.8,57.0,False,False,False,False,False,False,False,False,False,True,False
TSU,22,Red Bull Racing,59.0,3.0,HARD,22.0,True,18.0,1,81.3,8413.094,8331.794,22.0,30.6,56.0,False,False,False,False,False,False,False,False,False,True,False
TSU,22,Red Bull Racing,60.0,3.0,HARD,23.0,True,18.0,1,81.552,8494.646,8413.094,22.1,30.6,57.0,False,False,False,False,False,False,False,False,False,True,False
TSU,22,Red Bull Racing,61.0,3.0,HARD,24.0,True,18.0,1,81.458,8576.104,8494.646,22.1,31.1,56.0,False,False,False,False,False,False,False,False,False,True,False
TSU,22,Red Bull Racing,62.0,3.0,HARD,25.0,True,18.0,1,81.839,8657.943,8576.104,22.1,30.9,57.0,False,False,False,False,False,False,False,False,False,True,False
TSU,22,Red Bull Racing,63.0,3.0,HARD,26.0,True,18.0,1,82.062,8740.005,8657.943,22.1,31.1,57.0,False,False,False,False,False,False,False,False,False,True,False
TSU,22,Red Bull Racing,64.0,3.0,HARD,27.0,True,18.0,1,82.679,8822.684,8740.005,22.2,31.3,56.0,False,False,False,False,False,False,False,False,False,True,False
TSU,22,Red Bull Racing,65.0,3.0,HARD,28.0,True,18.0,1,82.585,8905.269,8822.684,22.4,32.0,55.0,False,False,False,False,False,False,False,False,False,True,False
TSU,22,Red Bull Racing,66.0,3.0,HARD,29.0,True,18.0,1,82.575,8987.844,8905.269,22.4,31.6,55.0,False,False,False,False,False,False,False,False,False,True,False
TSU,22,Red Bull Racing,67.0,3.0,HARD,30.0,True,18.0,1,82.74,9070.584,8987.844,22.4,31.6,55.0,False,False,False,False,False,False,False,False,False,True,False
TSU,22,Red Bull Racing,68.0,3.0,HARD,31.0,True,18.0,1,82.609,9153.193,9070.584,22.4,31.8,56.0,False,False,False,False,False,False,False,False,False,True,False
TSU,22,Red Bull Racing,69.0,3.0,HARD,32.0,True,18.0,1,83.201,9236.394,9153.193,22.4,31.8,56.0,False,False,False,False,False,False,False,False,False,True,False
COL,43,Alpine,1.0,1.0,MEDIUM,1.0,True,18.0,1,96.986,3565.206,3467.946,21.7,31.9,58.0,False,False,False,False,True,False,False,False,False,False,False
COL,43,Alpine,2.0,1.0,MEDIUM,2.0,True,18.0,1,84.888,3650.094,3565.206,21.8,32.3,57.0,False,False,False,False,False,False,False,False,False,True,False
COL,43,Alpine,3.0,1.0,MEDIUM,3.0,True,18.0,1,84.251,3734.345,3650.094,21.8,31.7,58.0,False,False,False,False,False,False,False,False,False,True,False
COL,43,Alpine,4.0,1.0,MEDIUM,4.0,True,18.0,1,84.507,3818.852,3734.345,21.8,31.5,58.0,False,False,False,False,False,False,False,False,False,True,False
COL,43,Alpine,5.0,1.0,MEDIUM,5.0,True,18.0,1,84.702,3903.554,3818.852,21.8,31.4,59.0,False,False,False,False,False,False,False,False,False,True,False
COL,43,Alpine,6.0,1.0,MEDIUM,6.0,True,18.0,1,83.771,3987.325,3903.554,21.9,31.4,58.0,False,False,False,False,False,False,False,False,False,True,False
COL,43,Alpine,7.0,1.0,MEDIUM,7.0,True,18.0,1,83.57,4070.895,3987.325,21.9,31.4,58.0,False,False,False,False,False,False,False,False,False,True,False
COL,43,Alpine,8.0,1.0,MEDIUM,8.0,True,18.0,1,83.684,4154.579,4070.895,21.9,31.7,58.0,False,False,False,False,False,False,False,False,False,True,False
COL,43,Alpine,9.0,1.0,MEDIUM,9.0,True,18.0,1,83.528,4238.107,4154.579,22.1,32.0,58.0,False,False,False,False,False,False,False,False,False,True,False
COL,43,Alpine,10.0,1.0,MEDIUM,10.0,True,18.0,1,83.51,4321.617,4238.107,22.0,31.4,58.0,False,False,False,False,False,False,False,False,False,True,False
COL,43,Alpine,11.0,1.0,MEDIUM,11.0,True,18.0,1,83.566,4405.183,4321.617,21.9,31.1,58.0,False,False,False,False,False,False,False,False,False,True,False
COL,43,Alpine,12.0,1.0,MEDIUM,12.0,True,18.0,1,83.634,4488.817,4405.183,21.9,31.2,58.0,False,False,False,False,False,False,False,False,False,True,False
COL,43,Alpine,13.0,1.0,MEDIUM,13.0,True,19.0,1,85.901,4574.718,4488.817,21.8,30.8,59.0,False,True,False,False,True,False,False,False,False,False,False
COL,43,Alpine,14.0,2.0,HARD,1.0,True,20.0,1,110.136,4684.854,4574.718,21.9,31.2,59.0,False,False,True,False,True,False,False,False,False,False,False
COL,43,Alpine,15.0,2.0,HARD,2.0,True,20.0,1,81.689,4766.543,4684.854,21.9,31.2,58.0,False,False,False,False,False,False,False,False,False,True,False
COL,43,Alpine,16.0,2.0,HARD,3.0,True,20.0,1,81.647,4848.19,4766.543,21.9,31.1,58.0,False,False,False,False,False,False,False,False,False,True,False
COL,43,Alpine,17.0,2.0,HARD,4.0,True,20.0,1,81.794,4929.984,4848.19,22.0,31.1,58.0,False,False,False,False,False,False,False,False,False,True,False
COL,43,Alpine,18.0,2.0,HARD,5.0,True,20.0,1,81.932,5011.916,4929.984,22.0,31.5,57.0,False,False,False,False,False,False,False,False,False,True,False
COL,43,Alpine,19.0,2.0,HARD,6.0,True,20.0,1,82.033,5093.949,5011.916,22.0,31.6,58.0,False,False,False,False,False,False,False,False,False,True,False
COL,43,Alpine,20.0,2.0,HARD,7.0,True,20.0,1,81.885,5175.834,5093.949,22.0,31.7,58.0,False,False,False,False,False,False,False,False,False,True,False
COL,43,Alpine,21.0,2.0,HARD,8.0,True,19.0,1,81.903,5257.737,5175.834,22.0,31.8,58.0,False,False,False,False,False,False,False,False,False,True,False
COL,43,Alpine,22.0,2.0,HARD,9.0,True,18.0,1,82.09,5339.827,5257.737,22.0,31.5,58.0,False,False,False,False,False,False,False,False,False,True,False
COL,43,Alpine,23.0,2.0,HARD,10.0,True,18.0,1,82.161,5421.988,5339.827,22.0,31.8,58.0,False,False,False,False,False,False,False,False,False,True,False
COL,43,Alpine,24.0,2.0,HARD,11.0,True,18.0,1,82.581,5504.569,5421.988,22.0,31.8,58.0,False,False,False,False,False,False,False,False,False,True,False
COL,43,Alpine,25.0,2.0,HARD,12.0,True,18.0,1,82.408,5586.977,5504.569,22.0,31.9,58.0,False,False,False,False,False,False,False,False,False,True,False
COL,43,Alpine,26.0,2.0,HARD,13.0,True,18.0,1,82.313,5669.29,5586.977,22.1,31.8,57.0,False,False,False,False,False,False,False,False,False,True,False
COL,43,Alpine,27.0,2.0,HARD,14.0,True,18.0,1,82.421,5751.711,5669.29,22.1,31.9,57.0,False,False,False,False,False,False,False,False,True,False,False
COL,43,Alpine,28.0,2.0,HARD,15.0,True,18.0,1,82.445,5834.156,5751.711,22.1,31.9,58.0,False,False,False,False,False,False,False,False,False,True,False
COL,43,Alpine,29.0,2.0,HARD,16.0,True,18.0,1,82.726,5916.882,5834.156,22.1,31.8,57.0,False,False,False,False,False,False,False,False,False,True,False
COL,43,Alpine,30.0,2.0,HARD,17.0,True,18.0,1,83.603,6000.485,5916.882,22.1,31.8,58.0,False,False,False,False,False,False,False,False,False,True,False
COL,43,Alpine,31.0,2.0,HARD,18.0,True,17.0,1,83.915,6084.4,6000.485,22.1,31.9,57.0,False,False,False,False,False,False,False,False,False,True,False
COL,43,Alpine,32.0,2.0,HARD,19.0,True,17.0,1,83.301,6167.701,6084.4,22.1,31.8,57.0,False,False,False,False,False,False,False,False,False,True,False
COL,43,Alpine,33.0,2.0,HARD,20.0,True,16.0,1,83.551,6251.252,6167.701,22.1,31.6,56.0,False,False,False,False,False,False,False,False,False,True,False
COL,43,Alpine,34.0,2.0,HARD,21.0,True,15.0,1,83.455,6334.707,6251.252,22.1,31.8,57.0,False,False,False,False,False,False,False,False,False,True,False
COL,43,Alpine,35.0,2.0,HARD,22.0,True,17.0,1,85.606,6420.313,6334.707,22.1,32.0,57.0,False,True,False,False,True,False,False,False,False,False,False
COL,43,Alpine,36.0,3.0,HARD,1.0,True,20.0,1,105.494,6525.807,6420.313,22.1,32.0,57.0,False,False,True,False,True,False,False,False,False,False,False
COL,43,Alpine,37.0,3.0,HARD,2.0,True,20.0,1,80.827,6606.634,6525.807,22.1,31.6,57.0,False,False,False,False,False,False,False,False,False,True,False
COL,43,Alpine,38.0,3.0,HARD,3.0,True,20.0,1,85.576,6692.21,6606.634,22.1,31.5,57.0,False,False,False,False,False,False,False,False,False,True,False
COL,43,Alpine,39.0,3.0,HARD,4.0,True,20.0,1,82.096,6774.306,6692.21,22.1,31.6,58.0,False,False,False,False,False,False,False,False,False,True,False
COL,43,Alpine,40.0,3.0,HARD,5.0,True,20.0,1,84.057,6858.363,6774.306,22.2,31.9,56.0,False,False,False,False,False,False,False,False,False,True,False
COL,43,Alpine,41.0,3.0,HARD,6.0,True,20.0,1,81.372,6939.735,6858.363,22.2,31.6,56.0,False,False,False,False,False,False,False,False,False,True,False
COL,43,Alpine,42.0,3.0,HARD,7.0,True,20.0,1,81.894,7021.629,6939.735,22.2,31.6,56.0,False,False,False,False,False,False,False,False,False,True,False
COL,43,Alpine,43.0,3.0,HARD,8.0,True,20.0,1,81.452,7103.081,7021.629,22.2,31.6,56.0,False,False,False,False,False,False,False,False,False,True,False
COL,43,Alpine,44.0,3.0,HARD,9.0,True,20.0,1,81.57,7184.651,7103.081,22.2,31.5,56.0,False,False,False,False,False,False,False,False,False,True,False
COL,43,Alpine,45.0,3.0,HARD,10.0,True,20.0,1,83.638,7268.289,7184.651,22.2,31.3,55.0,False,False,False,False,False,False,False,False,False,True,False
COL,43,Alpine,46.0,3.0,HARD,11.0,True,20.0,1,81.256,7349.545,7268.289,22.1,31.0,56.0,False,False,False,False,False,False,False,False,False,True,False
COL,43,Alpine,47.0,3.0,HARD,12.0,True,20.0,1,83.69,7433.235,7349.545,22.1,30.9,56.0,False,False,False,False,False,False,False,False,True,False,False
COL,43,Alpine,48.0,3.0,HARD,13.0,True,20.0,1,81.437,7514.672,7433.235,22.1,31.2,56.0,False,False,False,False,False,False,False,False,False,True,False
COL,43,Alpine,49.0,3.0,HARD,14.0,True,19.0,1,81.688,7596.36,7514.672,22.0,31.3,56.0,False,False,False,False,False,False,False,False,False,True,False
COL,43,Alpine,50.0,3.0,HARD,15.0,True,19.0,1,84.46,7680.82,7596.36,22.0,31.3,56.0,False,False,False,False,False,False,False,False,False,True,False
COL,43,Alpine,51.0,3.0,HARD,16.0,True,19.0,1,81.419,7762.239,7680.82,22.0,31.0,56.0,False,False,False,False,False,False,False,False,False,True,False
COL,43,Alpine,52.0,3.0,HARD,17.0,True,19.0,1,81.929,7844.168,7762.239,22.0,30.7,56.0,False,False,False,False,False,False,False,False,False,True,False
COL,43,Alpine,53.0,3.0,HARD,18.0,True,19.0,1,81.608,7925.776,7844.168,22.0,30.8,56.0,False,False,False,False,False,False,False,False,False,True,False
COL,43,Alpine,54.0,3.0,HARD,19.0,True,19.0,1,81.62,8007.396,7925.776,22.0,30.9,55.0,False,False,False,False,False,False,False,False,False,True,False
COL,43,Alpine,55.0,3.0,HARD,20.0,True,19.0,1,81.553,8088.949,8007.396,22.0,30.7,57.0,False,False,False,False,False,False,False,False,False,True,False
COL,43,Alpine,56.0,3.0,HARD,21.0,True,19.0,1,81.691,8170.64,8088.949,22.0,30.7,56.0,False,False,False,False,False,False,False,False,False,True,False
COL,43,Alpine,57.0,3.0,HARD,22.0,True,19.0,1,81.727,8252.367,8170.64,22.0,30.8,56.0,False,False,False,False,False,False,False,False,False,True,False
COL,43,Alpine,58.0,3.0,HARD,23.0,True,19.0,1,81.692,8334.059,8252.367,22.0,30.8,57.0,False,False,False,False,False,False,False,False,False,True,False
COL,43,Alpine,59.0,3.0,HARD,24.0,True,19.0,1,81.462,8415.521,8334.059,22.0,30.6,56.0,False,False,False,False,False,False,False,False,False,True,False
COL,43,Alpine,60.0,3.0,HARD,25.0,True,19.0,1,81.578,8497.099,8415.521,22.1,30.6,57.0,False,False,False,False,False,False,False,False,False,True,False
COL,43,Alpine,61.0,3.0,HARD,26.0,True,19.0,1,81.614,8578.713,8497.099,22.1,31.1,56.0,False,False,False,False,False,False,False,False,False,True,False
COL,43,Alpine,62.0,3.0,HARD,27.0,True,19.0,1,81.506,8660.219,8578.713,22.1,30.9,57.0,False,False,False,False,False,False,False,False,False,True,False
COL,43,Alpine,63.0,3.0,HARD,28.0,True,19.0,1,81.799,8742.018,8660.219,22.1,31.1,57.0,False,False,False,False,False,False,False,False,False,True,False
COL,43,Alpine,64.0,3.0,HARD,29.0,True,19.0,1,82.185,8824.203,8742.018,22.2,31.3,56.0,False,False,False,False,False,False,False,False,False,True,False
COL,43,Alpine,65.0,3.0,HARD,30.0,True,19.0,1,82.054,8906.257,8824.203,22.4,32.0,55.0,False,False,False,False,False,False,False,False,False,True,False
COL,43,Alpine,66.0,3.0,HARD,31.0,True,19.0,1,82.337,8988.594,8906.257,22.4,31.6,55.0,False,False,False,False,False,False,False,False,False,True,False
COL,43,Alpine,67.0,3.0,HARD,32.0,True,19.0,1,82.555,9071.149,8988.594,22.4,31.6,55.0,False,False,False,False,False,False,False,False,False,True,False
COL,43,Alpine,68.0,3.0,HARD,33.0,True,19.0,1,82.838,9153.987,9071.149,22.4,31.8,56.0,False,False,False,False,False,False,False,False,False,True,False
COL,43,Alpine,69.0,3.0,HARD,34.0,True,19.0,1,82.834,9236.821,9153.987,22.4,31.8,56.0,False,False,False,False,False,False,False,False,False,True,False
GAS,10,Alpine,1.0,1.0,HARD,1.0,True,19.0,1,97.21,3565.43,3467.946,21.7,31.9,58.0,False,False,False,False,True,False,False,False,False,False,False
GAS,10,Alpine,2.0,1.0,HARD,2.0,True,19.0,1,85.33,3650.76,3565.43,21.8,32.3,57.0,False,False,False,False,False,False,False,False,True,False,False
GAS,10,Alpine,3.0,1.0,HARD,3.0,True,19.0,1,84.28,3735.04,3650.76,21.8,31.7,58.0,False,False,False,False,False,False,False,False,False,True,False
GAS,10,Alpine,4.0,1.0,HARD,4.0,True,19.0,1,83.932,3818.972,3735.04,21.8,31.5,58.0,False,False,False,False,False,False,False,False,False,True,False
GAS,10,Alpine,5.0,1.0,HARD,5.0,True,17.0,1,83.836,3902.808,3818.972,21.8,31.4,59.0,False,False,False,False,False,False,False,False,False,True,False
GAS,10,Alpine,6.0,1.0,HARD,6.0,True,17.0,1,83.822,3986.63,3902.808,21.9,31.4,58.0,False,False,False,False,False,False,False,False,False,True,False
GAS,10,Alpine,7.0,1.0,HARD,7.0,True,17.0,1,83.639,4070.269,3986.63,21.9,31.4,58.0,False,False,False,False,False,False,False,False,False,True,False
GAS,10,Alpine,8.0,1.0,HARD,8.0,True,17.0,1,83.462,4153.731,4070.269,21.9,31.7,58.0,False,False,False,False,False,False,False,False,False,True,False
GAS,10,Alpine,9.0,1.0,HARD,9.0,True,17.0,1,83.532,4237.263,4153.731,22.1,32.0,58.0,False,False,False,False,False,False,False,False,False,True,False
GAS,10,Alpine,10.0,1.0,HARD,10.0,True,17.0,1,83.44,4320.703,4237.263,22.0,31.4,58.0,False,False,False,False,False,False,False,False,False,True,False
GAS,10,Alpine,11.0,1.0,HARD,11.0,True,17.0,1,83.441,4404.144,4320.703,21.9,31.1,58.0,False,False,False,False,False,False,False,False,False,True,False
GAS,10,Alpine,12.0,1.0,HARD,12.0,True,17.0,1,83.866,4488.01,4404.144,21.9,31.2,58.0,False,False,False,False,False,False,False,False,False,True,False
GAS,10,Alpine,13.0,1.0,HARD,13.0,True,17.0,1,83.665,4571.675,4488.01,21.8,30.8,59.0,False,False,False,False,False,False,False,False,False,True,False
GAS,10,Alpine,14.0,1.0,HARD,14.0,True,15.0,1,83.977,4655.652,4571.675,21.9,31.2,59.0,False,False,False,False,False,False,False,False,False,True,False
GAS,10,Alpine,15.0,1.0,HARD,15.0,True,15.0,1,83.475,4739.127,4655.652,21.9,31.3,58.0,False,False,False,False,False,False,False,False,False,True,False
GAS,10,Alpine,16.0,1.0,HARD,16.0,True,14.0,1,83.47,4822.597,4739.127,21.9,31.1,58.0,False,False,False,False,False,False,False,False,False,True,False
GAS,10,Alpine,17.0,1.0,HARD,17.0,True,14.0,1,83.352,4905.949,4822.597,22.0,31.1,58.0,False,False,False,False,False,False,False,False,False,True,False
GAS,10,Alpine,18.0,1.0,HARD,18.0,True,13.0,1,83.437,4989.386,4905.949,22.0,31.5,57.0,False,False,False,False,False,False,False,False,False,True,False
GAS,10,Alpine,19.0,1.0,HARD,19.0,True,13.0,1,83.553,5072.939,4989.386,22.0,31.6,58.0,False,False,False,False,False,False,False,False,False,True,False
GAS,10,Alpine,20.0,1.0,HARD,20.0,True,13.0,1,83.582,5156.521,5072.939,22.0,31.5,58.0,False,False,False,False,False,False,False,False,False,True,False
GAS,10,Alpine,21.0,1.0,HARD,21.0,True,13.0,1,83.53,5240.051,5156.521,22.0,31.8,58.0,False,False,False,False,False,False,False,False,False,True,False
GAS,10,Alpine,22.0,1.0,HARD,22.0,True,12.0,1,83.495,5323.546,5240.051,22.0,31.5,58.0,False,False,False,False,False,False,False,False,False,True,False
GAS,10,Alpine,23.0,1.0,HARD,23.0,True,12.0,1,83.646,5407.192,5323.546,22.0,31.5,58.0,False,False,False,False,False,False,False,False,False,True,False
GAS,10,Alpine,24.0,1.0,HARD,24.0,True,13.0,1,84.394,5491.586,5407.192,22.0,31.8,58.0,False,False,False,False,False,False,False,False,False,True,False
GAS,10,Alpine,25.0,1.0,HARD,25.0,True,13.0,1,83.55,5575.136,5491.586,22.0,31.9,58.0,False,False,False,False,False,False,False,False,False,True,False
GAS,10,Alpine,26.0,1.0,HARD,26.0,True,13.0,1,83.894,5659.03,5575.136,22.1,31.8,57.0,False,False,False,False,False,False,False,False,False,True,False
GAS,10,Alpine,27.0,1.0,HARD,27.0,True,13.0,1,83.817,5742.847,5659.03,22.1,31.9,57.0,False,False,False,False,False,False,False,False,False,True,False
GAS,10,Alpine,28.0,1.0,HARD,28.0,True,13.0,1,84.081,5826.928,5742.847,22.1,31.9,58.0,False,False,False,False,False,False,False,False,False,True,False
GAS,10,Alpine,29.0,1.0,HARD,29.0,True,13.0,1,84.496,5911.424,5826.928,22.1,31.8,57.0,False,False,False,False,False,False,False,False,False,True,False
GAS,10,Alpine,30.0,1.0,HARD,30.0,True,13.0,1,84.194,5995.618,5911.424,22.1,31.8,58.0,False,False,False,False,False,False,False,False,False,True,False
GAS,10,Alpine,31.0,1.0,HARD,31.0,True,12.0,1,83.61,6079.228,5995.618,22.1,31.9,57.0,False,False,False,False,False,False,False,False,False,True,False
GAS,10,Alpine,32.0,1.0,HARD,32.0,True,15.0,1,86.192,6165.42,6079.228,22.1,31.8,57.0,False,True,False,False,True,False,False,False,False,False,False
GAS,10,Alpine,33.0,2.0,MEDIUM,1.0,True,20.0,1,100.143,6265.563,6165.42,22.0,31.7,57.0,False,False,True,False,True,False,False,False,False,False,False
GAS,10,Alpine,34.0,2.0,MEDIUM,2.0,True,20.0,1,81.998,6347.561,6265.563,22.1,31.8,57.0,False,False,False,False,False,False,False,False,False,True,False
GAS,10,Alpine,35.0,2.0,MEDIUM,3.0,True,20.0,1,81.607,6429.168,6347.561,22.1,32.0,57.0,False,False,False,False,False,False,False,False,False,True,False
GAS,10,Alpine,36.0,2.0,MEDIUM,4.0,True,19.0,1,81.693,6510.861,6429.168,22.1,32.0,57.0,False,False,False,False,False,False,False,False,False,True,False
GAS,10,Alpine,37.0,2.0,MEDIUM,5.0,True,19.0,1,81.806,6592.667,6510.861,22.1,31.6,57.0,False,False,False,False,False,False,False,False,False,True,False
GAS,10,Alpine,38.0,2.0,MEDIUM,6.0,True,18.0,1,82.042,6674.709,6592.667,22.1,31.5,57.0,False,False,False,False,False,False,False,False,False,True,False
GAS,10,Alpine,39.0,2.0,MEDIUM,7.0,True,17.0,1,81.882,6756.591,6674.709,22.1,31.6,58.0,False,False,False,False,False,False,False,False,False,True,False
GAS,10,Alpine,40.0,2.0,MEDIUM,8.0,True,17.0,1,81.898,6838.489,6756.591,22.2,31.9,57.0,False,False,False,False,False,False,False,False,False,True,False
GAS,10,Alpine,41.0,2.0,MEDIUM,9.0,True,17.0,1,82.251,6920.74,6838.489,22.2,31.6,56.0,False,False,False,False,False,False,False,False,False,True,False
GAS,10,Alpine,42.0,2.0,MEDIUM,10.0,True,16.0,1,82.212,7002.952,6920.74,22.2,31.6,56.0,False,False,False,False,False,False,False,False,False,True,False
GAS,10,Alpine,43.0,2.0,MEDIUM,11.0,True,15.0,1,82.492,7085.444,7002.952,22.3,31.6,56.0,False,False,False,False,False,False,False,False,False,True,False
GAS,10,Alpine,44.0,2.0,MEDIUM,12.0,True,15.0,1,82.521,7167.965,7085.444,22.2,31.5,56.0,False,False,False,False,False,False,False,False,False,True,False
GAS,10,Alpine,45.0,2.0,MEDIUM,13.0,True,15.0,1,82.449,7250.414,7167.965,22.2,31.3,55.0,False,False,False,False,False,False,False,False,False,True,False
GAS,10,Alpine,46.0,2.0,MEDIUM,14.0,True,14.0,1,81.433,7331.847,7250.414,22.1,31.2,55.0,False,False,False,False,False,False,False,False,False,True,False
GAS,10,Alpine,47.0,2.0,MEDIUM,15.0,True,14.0,1,81.712,7413.559,7331.847,22.1,30.9,56.0,False,False,False,False,False,False,False,False,False,True,False
GAS,10,Alpine,48.0,2.0,MEDIUM,16.0,True,14.0,1,81.912,7495.471,7413.559,22.1,31.2,56.0,False,False,False,False,False,False,False,False,False,True,False
GAS,10,Alpine,49.0,2.0,MEDIUM,17.0,True,15.0,1,82.769,7578.24,7495.471,22.0,31.3,56.0,False,False,False,False,False,False,False,False,False,True,False
GAS,10,Alpine,50.0,2.0,MEDIUM,18.0,True,15.0,1,81.947,7660.187,7578.24,22.0,31.3,56.0,False,False,False,False,False,False,False,False,False,True,False
GAS,10,Alpine,51.0,2.0,MEDIUM,19.0,True,15.0,1,83.298,7743.485,7660.187,22.0,31.0,56.0,False,False,False,False,False,False,False,False,False,True,False
GAS,10,Alpine,52.0,2.0,MEDIUM,20.0,True,14.0,1,82.865,7826.35,7743.485,22.0,30.7,56.0,False,False,False,False,False,False,False,False,False,True,False
GAS,10,Alpine,53.0,2.0,MEDIUM,21.0,True,14.0,1,82.428,7908.778,7826.35,22.0,30.8,56.0,False,False,False,False,False,False,False,False,False,True,False
GAS,10,Alpine,54.0,2.0,MEDIUM,22.0,True,14.0,1,83.724,7992.502,7908.778,22.0,31.0,56.0,False,False,False,False,False,False,False,False,False,True,False
GAS,10,Alpine,55.0,2.0,MEDIUM,23.0,True,14.0,1,82.327,8074.829,7992.502,22.0,30.7,57.0,False,False,False,False,False,False,False,False,False,True,False
GAS,10,Alpine,56.0,2.0,MEDIUM,24.0,True,14.0,1,82.115,8156.944,8074.829,22.0,30.7,56.0,False,False,False,False,False,False,False,False,False,True,False
GAS,10,Alpine,57.0,2.0,MEDIUM,25.0,True,14.0,1,82.279,8239.223,8156.944,22.0,30.8,56.0,False,False,False,False,False,False,False,False,False,True,False
GAS,10,Alpine,58.0,2.0,MEDIUM,26.0,True,14.0,1,81.942,8321.165,8239.223,22.0,30.8,57.0,False,False,False,False,False,False,False,False,False,True,False
GAS,10,Alpine,59.0,2.0,MEDIUM,27.0,True,14.0,1,84.285,8405.45,8321.165,22.0,30.6,56.0,False,False,False,False,False,False,False,False,False,True,False
GAS,10,Alpine,60.0,2.0,MEDIUM,28.0,True,14.0,1,82.169,8487.619,8405.45,22.1,30.6,57.0,False,False,False,False,False,False,False,False,False,True,False
GAS,10,Alpine,61.0,2.0,MEDIUM,29.0,True,14.0,1,82.883,8570.502,8487.619,22.1,31.1,56.0,False,False,False,False,False,False,False,False,False,True,False
GAS,10,Alpine,62.0,2.0,MEDIUM,30.0,True,14.0,1,82.808,8653.31,8570.502,22.1,31.1,57.0,False,False,False,False,False,False,False,False,False,True,False
GAS,10,Alpine,63.0,2.0,MEDIUM,31.0,True,16.0,1,84.516,8737.826,8653.31,22.1,31.1,57.0,False,False,False,False,False,False,False,False,False,True,False
GAS,10,Alpine,64.0,2.0,MEDIUM,32.0,True,17.0,1,84.101,8821.927,8737.826,22.2,31.3,56.0,False,False,False,False,False,False,False,False,True,False,False
GAS,10,Alpine,65.0,2.0,MEDIUM,33.0,True,17.0,1,82.529,8904.456,8821.927,22.4,32.0,55.0,False,False,False,False,False,False,False,False,False,True,False
GAS,10,Alpine,66.0,2.0,MEDIUM,34.0,True,17.0,1,82.675,8987.131,8904.456,22.4,31.6,55.0,False,False,False,False,False,False,False,False,False,True,False
GAS,10,Alpine,67.0,2.0,MEDIUM,35.0,True,17.0,1,82.707,9069.838,8987.131,22.4,31.6,55.0,False,False,False,False,False,False,False,False,False,True,False
GAS,10,Alpine,68.0,2.0,MEDIUM,36.0,True,17.0,1,82.663,9152.501,9069.838,22.4,31.8,56.0,False,False,False,False,False,False,False,False,False,True,False
GAS,10,Alpine,69.0,2.0,MEDIUM,37.0,True,17.0,1,83.294,9235.795,9152.501,22.4,31.8,56.0,False,False,False,False,False,False,False,False,False,True,False
BEA,87,Haas F1 Team,1.0,1.0,MEDIUM,1.0,True,10.0,1,92.93,3561.15,3467.946,21.7,31.9,58.0,False,False,False,False,True,False,False,False,False,False,False
BEA,87,Haas F1 Team,2.0,1.0,MEDIUM,2.0,True,10.0,1,84.727,3645.877,3561.15,21.8,32.3,57.0,False,False,False,False,False,False,False,False,False,True,False
BEA,87,Haas F1 Team,3.0,1.0,MEDIUM,3.0,True,10.0,1,84.239,3730.116,3645.877,21.8,31.7,58.0,False,False,False,False,False,False,False,False,False,True,False
BEA,87,Haas F1 Team,4.0,1.0,MEDIUM,4.0,True,10.0,1,84.08,3814.196,3730.116,21.8,31.5,58.0,False,False,False,False,False,False,False,False,False,True,False
BEA,87,Haas F1 Team,5.0,1.0,MEDIUM,5.0,True,10.0,1,83.937,3898.133,3814.196,21.8,31.4,59.0,False,False,False,False,False,False,False,False,False,True,False
BEA,87,Haas F1 Team,6.0,1.0,MEDIUM,6.0,True,10.0,1,83.549,3981.682,3898.133,21.9,31.4,58.0,False,False,False,False,False,False,False,False,False,True,False
BEA,87,Haas F1 Team,7.0,1.0,MEDIUM,7.0,True,10.0,1,83.604,4065.286,3981.682,21.9,31.4,58.0,False,False,False,False,False,False,False,False,False,True,False
BEA,87,Haas F1 Team,8.0,1.0,MEDIUM,8.0,True,10.0,1,83.114,4148.4,4065.286,21.9,31.7,58.0,False,False,False,False,False,False,False,False,False,True,False
BEA,87,Haas F1 Team,9.0,1.0,MEDIUM,9.0,True,10.0,1,83.485,4231.885,4148.4,22.1,32.0,58.0,False,False,False,False,False,False,False,False,False,True,False
BEA,87,Haas F1 Team,10.0,1.0,MEDIUM,10.0,True,10.0,1,83.384,4315.269,4231.885,22.0,31.4,58.0,False,False,False,False,False,False,False,False,False,True,False
BEA,87,Haas F1 Team,11.0,1.0,MEDIUM,11.0,True,10.0,1,83.587,4398.856,4315.269,21.9,31.1,58.0,False,False,False,False,False,False,False,False,False,True,False
BEA,87,Haas F1 Team,12.0,1.0,MEDIUM,12.0,True,10.0,1,83.569,4482.425,4398.856,21.9,31.2,58.0,False,False,False,False,False,False,False,False,False,True,False
BEA,87,Haas F1 Team,13.0,1.0,MEDIUM,13.0,True,10.0,1,83.515,4565.94,4482.425,21.8,30.8,59.0,False,False,False,False,False,False,False,False,False,True,False
BEA,87,Haas F1 Team,14.0,1.0,MEDIUM,14.0,True,10.0,1,83.503,4649.443,4565.94,21.9,31.2,59.0,False,False,False,False,False,False,False,False,False,True,False
BEA,87,Haas F1 Team,15.0,1.0,MEDIUM,15.0,True,10.0,1,83.743,4733.186,4649.443,21.9,31.3,58.0,False,False,False,False,False,False,False,False,False,True,False
BEA,87,Haas F1 Team,16.0,1.0,MEDIUM,16.0,True,10.0,1,83.967,4817.153,4733.186,21.9,31.1,58.0,False,False,False,False,False,False,False,False,False,True,False
BEA,87,Haas F1 Team,17.0,1.0,MEDIUM,17.0,True,10.0,1,83.679,4900.832,4817.153,22.0,31.1,58.0,False,False,False,False,False,False,False,False,False,True,False
BEA,87,Haas F1 Team,18.0,1.0,MEDIUM,18.0,True,9.0,1,83.719,4984.551,4900.832,22.0,31.5,57.0,False,False,False,False,False,False,False,False,False,True,False
BEA,87,Haas F1 Team,19.0,1.0,MEDIUM,19.0,True,9.0,1,83.702,5068.253,4984.551,22.0,31.6,58.0,False,False,False,False,False,False,False,False,False,True,False
BEA,87,Haas F1 Team,20.0,1.0,MEDIUM,20.0,True,9.0,1,83.87,5152.123,5068.253,22.0,31.5,58.0,False,False,False,False,False,False,False,False,False,True,False
BEA,87,Haas F1 Team,21.0,1.0,MEDIUM,21.0,True,9.0,1,83.89,5236.013,5152.123,22.0,31.8,58.0,False,False,False,False,False,False,False,False,True,False,False
BEA,87,Haas F1 Team,22.0,1.0,MEDIUM,22.0,True,9.0,1,83.86,5319.873,5236.013,22.0,31.5,58.0,False,False,False,False,False,False,False,False,False,True,False
BEA,87,Haas F1 Team,23.0,1.0,MEDIUM,23.0,True,9.0,1,83.625,5403.498,5319.873,22.0,31.5,58.0,False,False,False,False,False,False,False,False,False,True,False
BEA,87,Haas F1 Team,24.0,1.0,MEDIUM,24.0,True,9.0,1,83.914,5487.412,5403.498,22.0,31.8,58.0,False,False,False,False,False,False,False,False,False,True,False
BEA,87,Haas F1 Team,25.0,1.0,MEDIUM,25.0,True,9.0,1,83.894,5571.306,5487.412,22.0,31.9,58.0,False,False,False,False,False,False,False,False,False,True,False
BEA,87,Haas F1 Team,26.0,1.0,MEDIUM,26.0,True,9.0,1,84.197,5655.503,5571.306,22.1,31.7,57.0,False,False,False,False,False,False,False,False,False,True,False
BEA,87,Haas F1 Team,27.0,1.0,MEDIUM,27.0,True,9.0,1,84.018,5739.521,5655.503,22.1,31.9,57.0,False,False,False,False,False,False,False,False,False,True,False
BEA,87,Haas F1 Team,28.0,1.0,MEDIUM,28.0,True,9.0,1,84.409,5823.93,5739.521,22.1,31.9,58.0,False,False,False,False,False,False,False,False,False,True,False
BEA,87,Haas F1 Team,29.0,1.0,MEDIUM,29.0,True,9.0,1,83.891,5907.821,5823.93,22.1,31.8,57.0,False,False,False,False,False,False,False,False,False,True,False
BEA,87,Haas F1 Team,30.0,1.0,MEDIUM,30.0,True,11.0,1,86.031,5993.852,5907.821,22.1,31.8,58.0,False,True,False,False,True,False,False,False,False,False,False
BEA,87,Haas F1 Team,31.0,2.0,HARD,1.0,True,20.0,1,100.735,6094.587,5993.852,22.1,31.9,57.0,False,False,True,False,True,False,False,False,False,False,False
BEA,87,Haas F1 Team,32.0,2.0,HARD,2.0,True,20.0,1,82.059,6176.646,6094.587,22.1,31.8,57.0,False,False,False,False,False,False,False,False,False,True,False
BEA,87,Haas F1 Team,33.0,2.0,HARD,3.0,True,19.0,1,82.531,6259.177,6176.646,22.0,31.7,57.0,False,False,False,False,False,False,False,False,False,True,False
BEA,87,Haas F1 Team,34.0,2.0,HARD,4.0,True,18.0,1,82.762,6341.939,6259.177,22.1,31.8,57.0,False,False,False,False,False,False,False,False,False,True,False
BEA,87,Haas F1 Team,35.0,2.0,HARD,5.0,True,18.0,1,82.519,6424.458,6341.939,22.1,32.0,57.0,False,False,False,False,False,False,False,False,False,True,False
BEA,87,Haas F1 Team,36.0,2.0,HARD,6.0,True,17.0,1,82.431,6506.889,6424.458,22.1,32.0,57.0,False,False,False,False,False,False,False,False,False,True,False
BEA,87,Haas F1 Team,37.0,2.0,HARD,7.0,True,17.0,1,81.989,6588.878,6506.889,22.1,31.6,57.0,False,False,False,False,False,False,False,False,False,True,False
BEA,87,Haas F1 Team,38.0,2.0,HARD,8.0,True,17.0,1,83.884,6672.762,6588.878,22.1,31.5,57.0,False,False,False,False,False,False,False,False,False,True,False
BEA,87,Haas F1 Team,39.0,2.0,HARD,9.0,True,16.0,1,82.22,6754.982,6672.762,22.1,31.6,58.0,False,False,False,False,False,False,False,False,False,True,False
BEA,87,Haas F1 Team,40.0,2.0,HARD,10.0,True,16.0,1,82.191,6837.173,6754.982,22.2,31.9,57.0,False,False,False,False,False,False,False,False,False,True,False
BEA,87,Haas F1 Team,41.0,2.0,HARD,11.0,True,16.0,1,82.869,6920.042,6837.173,22.2,31.6,56.0,False,False,False,False,False,False,False,False,False,True,False
BEA,87,Haas F1 Team,42.0,2.0,HARD,12.0,True,15.0,1,82.247,7002.289,6920.042,22.2,31.6,56.0,False,False,False,False,False,False,False,False,False,True,False
BEA,87,Haas F1 Team,43.0,2.0,HARD,13.0,True,14.0,1,82.496,7084.785,7002.289,22.3,31.6,56.0,False,False,False,False,False,False,False,False,False,True,False
BEA,87,Haas F1 Team,44.0,2.0,HARD,14.0,True,14.0,1,82.527,7167.312,7084.785,22.2,31.5,56.0,False,False,False,False,False,False,False,False,False,True,False
BEA,87,Haas F1 Team,45.0,2.0,HARD,15.0,True,14.0,1,82.53,7249.842,7167.312,22.2,31.3,55.0,False,False,False,False,False,False,False,False,False,True,False
BEA,87,Haas F1 Team,46.0,2.0,HARD,16.0,True,15.0,1,84.014,7333.856,7249.842,22.1,31.2,55.0,False,False,False,False,False,False,False,False,False,True,False
BEA,87,Haas F1 Team,47.0,2.0,HARD,17.0,True,16.0,1,84.393,7418.249,7333.856,22.1,30.9,56.0,False,False,False,False,False,False,False,False,False,True,False
BEA,87,Haas F1 Team,48.0,2.0,HARD,18.0,True,19.0,1,89.72,7507.969,7418.249,22.1,31.2,56.0,False,True,False,False,True,False,False,False,False,False,False
