Driver,DriverNumber,Team,LapNumber,Stint,Compound,TyreLife,FreshTyre,Position,TrackStatus,lap_time_s,time_s,lap_start_time_s,air_temp_c,track_temp_c,humidity_pct,rainfall,is_in_lap,is_out_lap,is_missing_laptime,is_inaccurate,is_wet_compound,is_non_green,is_unknown_status,is_deleted,is_pace_lap,stint_crosses_red_flag
NOR,4,McLaren,1.0,1.0,MEDIUM,1.0,True,1.0,124,88.861,4357.412,4268.287,30.2,48.6,33.0,False,False,False,False,True,False,True,False,False,False,False
NOR,4,McLaren,2.0,1.0,MEDIUM,2.0,True,1.0,4,114.426,4471.838,4357.412,30.4,49.3,31.0,False,False,False,False,True,False,True,False,False,False,False
NOR,4,McLaren,3.0,1.0,MEDIUM,3.0,True,1.0,41,113.022,4584.86,4471.838,30.6,49.2,32.0,False,False,False,False,True,False,True,False,False,False,False
NOR,4,McLaren,4.0,1.0,MEDIUM,4.0,True,1.0,1,70.254,4655.114,4584.86,30.7,49.8,32.0,False,False,False,False,False,False,False,False,False,True,False
NOR,4,McLaren,5.0,1.0,MEDIUM,5.0,True,1.0,1,69.858,4724.972,4655.114,30.8,49.8,32.0,False,False,False,False,False,False,False,False,False,True,False
NOR,4,McLaren,6.0,1.0,MEDIUM,6.0,True,1.0,1,69.46,4794.432,4724.972,30.7,49.7,32.0,False,False,False,False,False,False,False,False,False,True,False
NOR,4,McLaren,7.0,1.0,MEDIUM,7.0,True,1.0,1,69.313,4863.745,4794.432,30.6,50.3,32.0,False,False,False,False,False,False,False,False,False,True,False
NOR,4,McLaren,8.0,1.0,MEDIUM,8.0,True,1.0,1,69.394,4933.139,4863.745,30.6,50.4,32.0,False,False,False,False,False,False,False,False,False,True,False
NOR,4,McLaren,9.0,1.0,MEDIUM,9.0,True,1.0,1,69.488,5002.627,4933.139,30.6,50.3,32.0,False,False,False,False,False,False,False,False,False,True,False
NOR,4,McLaren,10.0,1.0,MEDIUM,10.0,True,1.0,1,69.952,5072.579,5002.627,30.8,49.9,31.0,False,False,False,False,False,False,False,False,False,True,False
NOR,4,McLaren,11.0,1.0,MEDIUM,11.0,True,1.0,1,70.946,5143.525,5072.579,30.6,49.2,31.0,False,False,False,False,False,False,False,False,False,True,False
NOR,4,McLaren,12.0,1.0,MEDIUM,12.0,True,1.0,1,70.184,5213.709,5143.525,30.6,49.1,32.0,False,False,False,False,False,False,False,False,False,True,False
NOR,4,McLaren,13.0,1.0,MEDIUM,13.0,True,1.0,1,70.046,5283.755,5213.709,30.5,49.2,31.0,False,False,False,False,False,False,False,False,False,True,False
NOR,4,McLaren,14.0,1.0,MEDIUM,14.0,True,1.0,1,71.318,5355.073,5283.755,30.4,49.9,32.0,False,False,False,False,False,False,False,False,True,False,False
NOR,4,McLaren,15.0,1.0,MEDIUM,15.0,True,1.0,1,71.274,5426.347,5355.073,30.4,49.5,31.0,False,False,False,False,False,False,False,False,False,True,False
NOR,4,McLaren,16.0,1.0,MEDIUM,16.0,True,1.0,1,70.937,5497.284,5426.347,30.5,49.5,31.0,False,False,False,False,False,False,False,False,False,True,False
NOR,4,McLaren,17.0,1.0,MEDIUM,17.0,True,1.0,1,70.841,5568.125,5497.284,30.5,49.6,31.0,False,False,False,False,False,False,False,False,False,True,False
NOR,4,McLaren,18.0,1.0,MEDIUM,18.0,True,1.0,1,70.789,5638.914,5568.125,30.6,49.7,30.0,False,False,False,False,False,False,False,False,False,True,False
NOR,4,McLaren,19.0,1.0,MEDIUM,19.0,True,1.0,1,71.043,5709.957,5638.914,30.6,49.4,31.0,False,False,False,False,False,False,False,False,False,True,False
NOR,4,McLaren,20.0,1.0,MEDIUM,20.0,True,2.0,1,73.982,5783.939,5709.957,30.6,49.4,32.0,False,True,False,False,True,False,False,False,False,False,False
NOR,4,McLaren,21.0,2.0,HARD,1.0,True,4.0,1,87.815,5871.754,5783.939,30.5,49.0,31.0,False,False,True,False,True,False,False,False,False,False,False
NOR,4,McLaren,22.0,2.0,HARD,2.0,True,4.0,1,69.921,5941.675,5871.754,30.6,49.3,31.0,False,False,False,False,False,False,False,False,False,True,False
NOR,4,McLaren,23.0,2.0,HARD,3.0,True,4.0,1,70.012,6011.687,5941.675,30.7,49.3,31.0,False,False,False,False,False,False,False,False,False,True,False
NOR,4,McLaren,24.0,2.0,HARD,4.0,True,4.0,1,69.829,6081.516,6011.687,30.6,49.3,31.0,False,False,False,False,False,False,False,False,False,True,False
NOR,4,McLaren,25.0,2.0,HARD,5.0,True,3.0,1,69.645,6151.161,6081.516,30.6,49.6,30.0,False,False,False,False,False,False,False,False,False,True,False
NOR,4,McLaren,26.0,2.0,HARD,6.0,True,1.0,1,69.62,6220.781,6151.161,30.5,49.1,31.0,False,False,False,False,False,False,False,False,False,True,False
NOR,4,McLaren,27.0,2.0,HARD,7.0,True,1.0,1,69.522,6290.303,6220.781,30.5,49.1,31.0,False,False,False,False,False,False,False,False,False,True,False
NOR,4,McLaren,28.0,2.0,HARD,8.0,True,1.0,1,69.528,6359.831,6290.303,30.6,48.8,31.0,False,False,False,False,False,False,False,False,False,True,False
NOR,4,McLaren,29.0,2.0,HARD,9.0,True,1.0,1,69.494,6429.325,6359.831,30.6,49.7,31.0,False,False,False,False,False,False,False,False,False,True,False
NOR,4,McLaren,30.0,2.0,HARD,10.0,True,1.0,1,69.641,6498.966,6429.325,30.6,49.4,31.0,False,False,False,False,False,False,False,False,False,True,False
NOR,4,McLaren,31.0,2.0,HARD,11.0,True,1.0,12,69.546,6568.512,6498.966,30.6,48.8,31.0,False,False,False,False,False,False,True,False,False,False,False
NOR,4,McLaren,32.0,2.0,HARD,12.0,True,1.0,1,69.546,6638.058,6568.512,30.5,48.7,31.0,False,False,False,False,False,False,False,False,False,True,False
NOR,4,McLaren,33.0,2.0,HARD,13.0,True,1.0,1,69.602,6707.66,6638.058,30.6,48.7,32.0,False,False,False,False,False,False,False,False,False,True,False
NOR,4,McLaren,34.0,2.0,HARD,14.0,True,1.0,1,69.561,6777.221,6707.66,30.6,48.8,32.0,False,False,False,False,False,False,False,False,False,True,False
NOR,4,McLaren,35.0,2.0,HARD,15.0,True,1.0,1,69.377,6846.598,6777.221,30.5,48.5,31.0,False,False,False,False,False,False,False,False,False,True,False
NOR,4,McLaren,36.0,2.0,HARD,16.0,True,1.0,1,69.309,6915.907,6846.598,30.4,48.5,32.0,False,False,False,False,False,False,False,False,False,True,False
NOR,4,McLaren,37.0,2.0,HARD,17.0,True,1.0,1,69.779,6985.686,6915.907,30.5,48.4,32.0,False,False,False,False,False,False,False,False,False,True,False
NOR,4,McLaren,38.0,2.0,HARD,18.0,True,1.0,1,69.723,7055.409,6985.686,30.4,48.1,31.0,False,False,False,False,False,False,False,False,False,True,False
NOR,4,McLaren,39.0,2.0,HARD,19.0,True,1.0,1,69.955,7125.364,7055.409,30.4,48.3,32.0,False,False,False,False,False,False,False,False,False,True,False
NOR,4,McLaren,40.0,2.0,HARD,20.0,True,1.0,1,70.682,7196.046,7125.364,30.5,48.7,31.0,False,False,False,False,False,False,False,False,False,True,False
NOR,4,McLaren,41.0,2.0,HARD,21.0,True,1.0,1,69.899,7265.945,7196.046,30.8,49.3,31.0,False,False,False,False,False,False,False,False,False,True,False
NOR,4,McLaren,42.0,2.0,HARD,22.0,True,1.0,1,69.808,7335.753,7265.945,30.9,48.6,30.0,False,False,False,False,False,False,False,False,False,True,False
NOR,4,McLaren,43.0,2.0,HARD,23.0,True,1.0,1,69.638,7405.391,7335.753,30.9,48.4,31.0,False,False,False,False,False,False,False,False,False,True,False
NOR,4,McLaren,44.0,2.0,HARD,24.0,True,1.0,1,69.641,7475.032,7405.391,30.8,48.7,32.0,False,False,False,False,False,False,False,False,False,True,False
NOR,4,McLaren,45.0,2.0,HARD,25.0,True,1.0,1,70.044,7545.076,7475.032,31.0,49.3,31.0,False,False,False,False,False,False,False,False,False,True,False
NOR,4,McLaren,46.0,2.0,HARD,26.0,True,1.0,1,69.677,7614.753,7545.076,31.1,49.1,31.0,False,False,False,False,False,False,False,False,False,True,False
NOR,4,McLaren,47.0,2.0,HARD,27.0,True,1.0,1,69.97,7684.723,7614.753,31.2,49.1,30.0,False,False,False,False,False,False,False,False,False,True,False
NOR,4,McLaren,48.0,2.0,HARD,28.0,True,1.0,1,70.073,7754.796,7684.723,31.2,48.9,30.0,False,False,False,False,False,False,False,False,False,True,False
NOR,4,McLaren,49.0,2.0,HARD,29.0,True,1.0,1,70.072,7824.868,7754.796,31.3,48.0,31.0,False,False,False,False,False,False,False,False,False,True,False
NOR,4,McLaren,50.0,2.0,HARD,30.0,True,1.0,1,70.221,7895.089,7824.868,31.1,48.9,31.0,False,False,False,False,False,False,False,False,False,True,False
NOR,4,McLaren,51.0,2.0,HARD,31.0,True,1.0,1,70.292,7965.381,7895.089,31.1,48.9,31.0,False,False,False,False,False,False,False,False,False,True,False
NOR,4,McLaren,52.0,2.0,HARD,32.0,True,2.0,1,73.952,8039.333,7965.381,31.1,48.7,31.0,False,True,False,False,True,False,False,False,False,False,False
NOR,4,McLaren,53.0,3.0,MEDIUM,1.0,True,2.0,1,86.125,8125.458,8039.333,31.1,48.7,31.0,False,False,True,False,True,False,False,False,False,False,False
NOR,4,McLaren,54.0,3.0,MEDIUM,2.0,True,1.0,1,68.989,8194.447,8125.458,31.1,48.4,31.0,False,False,False,False,False,False,False,False,False,True,False
NOR,4,McLaren,55.0,3.0,MEDIUM,3.0,True,1.0,1,69.357,8263.804,8194.447,31.0,48.4,31.0,False,False,False,False,False,False,False,False,False,True,False
NOR,4,McLaren,56.0,3.0,MEDIUM,4.0,True,1.0,1,68.527,8332.331,8263.804,31.0,48.6,31.0,False,False,False,False,False,False,False,False,False,True,False
NOR,4,McLaren,57.0,3.0,MEDIUM,5.0,True,1.0,1,68.552,8400.883,8332.331,30.9,48.5,31.0,False,False,False,False,False,False,False,False,False,True,False
NOR,4,McLaren,58.0,3.0,MEDIUM,6.0,True,1.0,1,68.326,8469.209,8400.883,30.9,48.2,30.0,False,False,False,False,False,False,False,False,False,True,False
NOR,4,McLaren,59.0,3.0,MEDIUM,7.0,True,1.0,1,68.435,8537.644,8469.209,30.9,47.5,31.0,False,False,False,False,False,False,False,False,False,True,False
NOR,4,McLaren,60.0,3.0,MEDIUM,8.0,True,1.0,1,68.678,8606.322,8537.644,30.7,48.2,31.0,False,False,False,False,False,False,False,False,False,True,False
NOR,4,McLaren,61.0,3.0,MEDIUM,9.0,True,1.0,1,68.272,8674.594,8606.322,30.9,48.6,30.0,False,False,False,False,False,False,False,False,False,True,False
NOR,4,McLaren,62.0,3.0,MEDIUM,10.0,True,1.0,1,68.665,8743.259,8674.594,31.0,48.6,30.0,False,False,False,False,False,False,False,False,False,True,False
NOR,4,McLaren,63.0,3.0,MEDIUM,11.0,True,1.0,1,68.698,8811.957,8743.259,31.1,48.3,30.0,False,False,False,False,False,False,False,False,False,True,False
NOR,4,McLaren,64.0,3.0,MEDIUM,12.0,True,1.0,1,68.655,8880.612,8811.957,31.2,48.2,30.0,False,False,False,False,False,False,False,False,False,True,False
NOR,4,McLaren,65.0,3.0,MEDIUM,13.0,True,1.0,1,68.754,8949.366,8880.612,31.3,48.0,30.0,False,False,False,False,False,False,False,False,False,True,False
NOR,4,McLaren,66.0,3.0,MEDIUM,14.0,True,1.0,1,69.043,9018.409,8949.366,31.3,47.5,30.0,False,False,False,False,False,False,False,False,False,True,False
NOR,4,McLaren,67.0,3.0,MEDIUM,15.0,True,1.0,1,69.1,9087.509,9018.409,31.0,47.5,32.0,False,False,False,False,False,False,False,False,False,True,False
NOR,4,McLaren,68.0,3.0,MEDIUM,16.0,True,1.0,1,69.46,9156.969,9087.509,30.7,45.9,31.0,False,False,False,False,False,False,False,False,False,True,False
NOR,4,McLaren,69.0,3.0,MEDIUM,17.0,True,1.0,1,69.844,9226.813,9156.969,30.7,45.9,32.0,False,False,False,False,False,False,False,False,False,True,False
NOR,4,McLaren,70.0,3.0,MEDIUM,18.0,True,1.0,1,69.431,9296.244,9226.813,30.6,46.3,32.0,False,False,False,False,False,False,False,False,False,True,False
PIA,81,McLaren,1.0,1.0,MEDIUM,1.0,True,2.0,124,90.706,4359.257,4268.287,30.2,48.6,33.0,False,False,False,False,True,False,True,False,False,False,False
PIA,81,McLaren,2.0,1.0,MEDIUM,2.0,True,2.0,4,113.508,4472.765,4359.257,30.4,49.3,31.0,False,False,False,False,True,False,True,False,False,False,False
PIA,81,McLaren,3.0,1.0,MEDIUM,3.0,True,2.0,41,112.637,4585.402,4472.765,30.6,49.2,32.0,False,False,False,False,True,False,True,False,False,False,False
PIA,81,McLaren,4.0,1.0,MEDIUM,4.0,True,2.0,1,70.527,4655.929,4585.402,30.7,49.8,32.0,False,False,False,False,False,False,False,False,False,True,False
PIA,81,McLaren,5.0,1.0,MEDIUM,5.0,True,2.0,1,69.937,4725.866,4655.929,30.8,49.8,32.0,False,False,False,False,False,False,False,False,False,True,False
PIA,81,McLaren,6.0,1.0,MEDIUM,6.0,True,2.0,1,69.34,4795.206,4725.866,30.7,49.7,32.0,False,False,False,False,False,False,False,False,False,True,False
PIA,81,McLaren,7.0,1.0,MEDIUM,7.0,True,2.0,1,69.445,4864.651,4795.206,30.6,50.3,32.0,False,False,False,False,False,False,False,False,False,True,False
PIA,81,McLaren,8.0,1.0,MEDIUM,8.0,True,2.0,1,69.454,4934.105,4864.651,30.6,50.4,32.0,False,False,False,False,False,False,False,False,False,True,False
PIA,81,McLaren,9.0,1.0,MEDIUM,9.0,True,2.0,1,69.271,5003.376,4934.105,30.6,50.3,32.0,False,False,False,False,False,False,False,False,False,True,False
PIA,81,McLaren,10.0,1.0,MEDIUM,10.0,True,2.0,1,69.849,5073.225,5003.376,30.8,49.9,31.0,False,False,False,False,False,False,False,False,False,True,False
PIA,81,McLaren,11.0,1.0,MEDIUM,11.0,True,2.0,1,71.008,5144.233,5073.225,30.6,49.2,31.0,False,False,False,False,False,False,False,False,False,True,False
PIA,81,McLaren,12.0,1.0,MEDIUM,12.0,True,2.0,1,70.441,5214.674,5144.233,30.6,49.1,32.0,False,False,False,False,False,False,False,False,False,True,False
PIA,81,McLaren,13.0,1.0,MEDIUM,13.0,True,2.0,1,69.995,5284.669,5214.674,30.5,49.2,31.0,False,False,False,False,False,False,False,False,False,True,False
PIA,81,McLaren,14.0,1.0,MEDIUM,14.0,True,2.0,1,70.68,5355.349,5284.669,30.4,49.9,32.0,False,False,False,False,False,False,False,False,False,True,False
PIA,81,McLaren,15.0,1.0,MEDIUM,15.0,True,2.0,1,71.748,5427.097,5355.349,30.4,49.5,31.0,False,False,False,False,False,False,False,False,False,True,False
PIA,81,McLaren,16.0,1.0,MEDIUM,16.0,True,2.0,1,70.889,5497.986,5427.097,30.5,49.5,31.0,False,False,False,False,False,False,False,False,False,True,False
PIA,81,McLaren,17.0,1.0,MEDIUM,17.0,True,2.0,1,71.064,5569.05,5497.986,30.5,49.6,31.0,False,False,False,False,False,False,False,False,False,True,False
PIA,81,McLaren,18.0,1.0,MEDIUM,18.0,True,2.0,1,70.709,5639.759,5569.05,30.6,49.7,30.0,False,False,False,False,False,False,False,False,False,True,False
PIA,81,McLaren,19.0,1.0,MEDIUM,19.0,True,2.0,1,70.863,5710.622,5639.759,30.6,49.4,31.0,False,False,False,False,False,False,False,False,False,True,False
PIA,81,McLaren,20.0,1.0,MEDIUM,20.0,True,1.0,1,70.951,5781.573,5710.622,30.6,49.4,32.0,False,False,False,False,False,False,False,False,False,True,False
PIA,81,McLaren,21.0,1.0,MEDIUM,21.0,True,1.0,1,70.624,5852.197,5781.573,30.5,49.0,31.0,False,False,False,False,False,False,False,False,False,True,False
PIA,81,McLaren,22.0,1.0,MEDIUM,22.0,True,1.0,1,70.938,5923.135,5852.197,30.6,49.3,31.0,False,False,False,False,False,False,False,False,False,True,False
PIA,81,McLaren,23.0,1.0,MEDIUM,23.0,True,1.0,1,71.249,5994.384,5923.135,30.7,49.3,31.0,False,False,False,False,False,False,False,False,False,True,False
PIA,81,McLaren,24.0,1.0,MEDIUM,24.0,True,1.0,1,74.728,6069.112,5994.384,30.6,49.3,31.0,False,True,False,False,True,False,False,False,False,False,False
PIA,81,McLaren,25.0,2.0,HARD,1.0,True,4.0,1,88.329,6157.441,6069.112,30.6,49.6,30.0,False,False,True,False,True,False,False,False,False,False,False
PIA,81,McLaren,26.0,2.0,HARD,2.0,True,3.0,1,69.854,6227.295,6157.441,30.5,49.1,31.0,False,False,False,False,False,False,False,False,False,True,False
PIA,81,McLaren,27.0,2.0,HARD,3.0,True,2.0,1,69.52,6296.815,6227.295,30.5,49.1,31.0,False,False,False,False,False,False,False,False,False,True,False
PIA,81,McLaren,28.0,2.0,HARD,4.0,True,2.0,1,69.519,6366.334,6296.815,30.6,48.8,31.0,False,False,False,False,False,False,False,False,False,True,False
PIA,81,McLaren,29.0,2.0,HARD,5.0,True,2.0,1,69.434,6435.768,6366.334,30.6,49.7,31.0,False,False,False,False,False,False,False,False,False,True,False
PIA,81,McLaren,30.0,2.0,HARD,6.0,True,2.0,1,69.343,6505.111,6435.768,30.6,49.4,31.0,False,False,False,False,False,False,False,False,False,True,False
PIA,81,McLaren,31.0,2.0,HARD,7.0,True,2.0,12,69.348,6574.459,6505.111,30.5,48.8,31.0,False,False,False,False,False,False,True,False,False,False,False
PIA,81,McLaren,32.0,2.0,HARD,8.0,True,2.0,1,69.449,6643.908,6574.459,30.5,48.7,31.0,False,False,False,False,False,False,False,False,False,True,False
PIA,81,McLaren,33.0,2.0,HARD,9.0,True,2.0,1,69.44,6713.348,6643.908,30.6,48.7,32.0,False,False,False,False,False,False,False,False,False,True,False
PIA,81,McLaren,34.0,2.0,HARD,10.0,True,2.0,1,69.196,6782.544,6713.348,30.6,48.8,32.0,False,False,False,False,False,False,False,False,False,True,False
PIA,81,McLaren,35.0,2.0,HARD,11.0,True,2.0,1,69.443,6851.987,6782.544,30.5,48.5,31.0,False,False,False,False,False,False,False,False,False,True,False
PIA,81,McLaren,36.0,2.0,HARD,12.0,True,2.0,1,69.46,6921.447,6851.987,30.4,48.5,32.0,False,False,False,False,False,False,False,False,False,True,False
PIA,81,McLaren,37.0,2.0,HARD,13.0,True,2.0,1,69.482,6990.929,6921.447,30.5,48.4,31.0,False,False,False,False,False,False,False,False,False,True,False
PIA,81,McLaren,38.0,2.0,HARD,14.0,True,2.0,1,69.273,7060.202,6990.929,30.4,48.1,31.0,False,False,False,False,False,False,False,False,False,True,False
PIA,81,McLaren,39.0,2.0,HARD,15.0,True,2.0,1,69.437,7129.639,7060.202,30.4,48.3,32.0,False,False,False,False,False,False,False,False,False,True,False
PIA,81,McLaren,40.0,2.0,HARD,16.0,True,2.0,1,69.637,7199.276,7129.639,30.5,48.7,31.0,False,False,False,False,False,False,False,False,False,True,False
PIA,81,McLaren,41.0,2.0,HARD,17.0,True,2.0,1,69.737,7269.013,7199.276,30.8,49.3,31.0,False,False,False,False,False,False,False,False,False,True,False
PIA,81,McLaren,42.0,2.0,HARD,18.0,True,2.0,1,69.8,7338.813,7269.013,30.9,48.6,30.0,False,False,False,False,False,False,False,False,False,True,False
PIA,81,McLaren,43.0,2.0,HARD,19.0,True,2.0,1,70.103,7408.916,7338.813,30.9,48.4,31.0,False,False,False,False,False,False,False,False,False,True,False
PIA,81,McLaren,44.0,2.0,HARD,20.0,True,2.0,1,69.714,7478.63,7408.916,30.8,48.7,32.0,False,False,False,False,False,False,False,False,False,True,False
PIA,81,McLaren,45.0,2.0,HARD,21.0,True,2.0,1,70.151,7548.781,7478.63,31.0,49.3,31.0,False,False,False,False,False,False,False,False,False,True,False
PIA,81,McLaren,46.0,2.0,HARD,22.0,True,2.0,1,70.048,7618.829,7548.781,31.1,49.1,31.0,False,False,False,False,False,False,False,False,False,True,False
PIA,81,McLaren,47.0,2.0,HARD,23.0,True,2.0,1,69.471,7688.3,7618.829,31.2,49.1,30.0,False,False,False,False,False,False,False,False,False,True,False
PIA,81,McLaren,48.0,2.0,HARD,24.0,True,2.0,1,70.621,7758.921,7688.3,31.2,48.9,30.0,False,False,False,False,False,False,False,False,True,False,False
PIA,81,McLaren,49.0,2.0,HARD,25.0,True,2.0,1,70.2,7829.121,7758.921,31.3,48.2,32.0,False,False,False,False,False,False,False,False,False,True,False
PIA,81,McLaren,50.0,2.0,HARD,26.0,True,2.0,1,70.073,7899.194,7829.121,31.1,48.9,31.0,False,False,False,False,False,False,False,False,False,True,False
PIA,81,McLaren,51.0,2.0,HARD,27.0,True,2.0,1,70.114,7969.308,7899.194,31.1,48.9,31.0,False,False,False,False,False,False,False,False,False,True,False
PIA,81,McLaren,52.0,2.0,HARD,28.0,True,1.0,1,70.014,8039.322,7969.308,31.1,48.7,31.0,False,False,False,False,False,False,False,False,False,True,False
PIA,81,McLaren,53.0,2.0,HARD,29.0,True,1.0,1,73.038,8112.36,8039.322,31.1,48.7,31.0,False,True,False,False,True,False,False,False,False,False,False
PIA,81,McLaren,54.0,3.0,MEDIUM,1.0,True,2.0,1,86.307,8198.667,8112.36,31.1,48.4,31.0,False,False,True,False,True,False,False,False,False,False,False
PIA,81,McLaren,55.0,3.0,MEDIUM,2.0,True,2.0,1,68.558,8267.225,8198.667,31.0,48.4,31.0,False,False,False,False,False,False,False,False,False,True,False
PIA,81,McLaren,56.0,3.0,MEDIUM,3.0,True,2.0,1,68.283,8335.508,8267.225,31.0,48.6,31.0,False,False,False,False,False,False,False,False,False,True,False
PIA,81,McLaren,57.0,3.0,MEDIUM,4.0,True,2.0,1,68.739,8404.247,8335.508,30.9,48.5,31.0,False,False,False,False,False,False,False,False,False,True,False
PIA,81,McLaren,58.0,3.0,MEDIUM,5.0,True,2.0,1,68.157,8472.404,8404.247,30.9,48.2,30.0,False,False,False,False,False,False,False,False,False,True,False
PIA,81,McLaren,59.0,3.0,MEDIUM,6.0,True,2.0,1,67.924,8540.328,8472.404,30.9,47.5,31.0,False,False,False,False,False,False,False,False,False,True,False
PIA,81,McLaren,60.0,3.0,MEDIUM,7.0,True,2.0,1,68.085,8608.413,8540.328,30.7,48.2,31.0,False,False,False,False,False,False,False,False,False,True,False
PIA,81,McLaren,61.0,3.0,MEDIUM,8.0,True,2.0,1,68.162,8676.575,8608.413,30.9,48.6,30.0,False,False,False,False,False,False,False,False,False,True,False
PIA,81,McLaren,62.0,3.0,MEDIUM,9.0,True,2.0,1,68.372,8744.947,8676.575,31.0,48.6,30.0,False,False,False,False,False,False,False,False,False,True,False
PIA,81,McLaren,63.0,3.0,MEDIUM,10.0,True,2.0,1,68.903,8813.85,8744.947,31.1,48.3,30.0,False,False,False,False,False,False,False,False,False,True,False
PIA,81,McLaren,64.0,3.0,MEDIUM,11.0,True,2.0,1,68.952,8882.802,8813.85,31.2,48.2,30.0,False,False,False,False,False,False,False,False,False,True,False
PIA,81,McLaren,65.0,3.0,MEDIUM,12.0,True,2.0,1,68.49,8951.292,8882.802,31.3,48.0,30.0,False,False,False,False,False,False,False,False,False,True,False
PIA,81,McLaren,66.0,3.0,MEDIUM,13.0,True,2.0,1,69.037,9020.329,8951.292,31.3,47.5,30.0,False,False,False,False,False,False,False,False,False,True,False
PIA,81,McLaren,67.0,3.0,MEDIUM,14.0,True,2.0,1,69.087,9089.416,9020.329,30.8,47.3,32.0,False,False,False,False,False,False,False,False,False,True,False
PIA,81,McLaren,68.0,3.0,MEDIUM,15.0,True,2.0,1,69.273,9158.689,9089.416,30.7,45.9,31.0,False,False,False,False,False,False,False,False,False,True,False
PIA,81,McLaren,69.0,3.0,MEDIUM,16.0,True,2.0,1,69.468,9228.157,9158.689,30.7,45.9,32.0,False,False,False,False,False,False,False,False,False,True,False
PIA,81,McLaren,70.0,3.0,MEDIUM,17.0,True,2.0,1,70.782,9298.939,9228.157,30.6,46.3,32.0,False,False,False,False,False,False,False,False,True,False,False
LEC,16,Ferrari,1.0,1.0,MEDIUM,1.0,True,3.0,124,94.202,4362.753,4268.287,30.2,48.6,33.0,False,False,False,False,True,False,True,False,False,False,False
LEC,16,Ferrari,2.0,1.0,MEDIUM,2.0,True,3.0,4,111.532,4474.285,4362.753,30.4,49.3,31.0,False,False,False,False,True,False,True,False,False,False,False
LEC,16,Ferrari,3.0,1.0,MEDIUM,3.0,True,3.0,41,111.593,4585.878,4474.285,30.6,49.2,32.0,False,False,False,False,True,False,True,False,False,False,False
LEC,16,Ferrari,4.0,1.0,MEDIUM,4.0,True,3.0,1,70.935,4656.813,4585.878,30.7,49.8,32.0,False,False,False,False,False,False,False,False,False,True,False
LEC,16,Ferrari,5.0,1.0,MEDIUM,5.0,True,3.0,1,70.227,4727.04,4656.813,30.8,49.8,32.0,False,False,False,False,False,False,False,False,False,True,False
LEC,16,Ferrari,6.0,1.0,MEDIUM,6.0,True,3.0,1,70.21,4797.25,4727.04,30.7,49.7,32.0,False,False,False,False,False,False,False,False,False,True,False
LEC,16,Ferrari,7.0,1.0,MEDIUM,7.0,True,3.0,1,70.193,4867.443,4797.25,30.6,50.3,32.0,False,False,False,False,False,False,False,False,False,True,False
LEC,16,Ferrari,8.0,1.0,MEDIUM,8.0,True,3.0,1,69.912,4937.355,4867.443,30.6,50.4,32.0,False,False,False,False,False,False,False,False,False,True,False
LEC,16,Ferrari,9.0,1.0,MEDIUM,9.0,True,3.0,1,70.123,5007.478,4937.355,30.6,50.3,32.0,False,False,False,False,False,False,False,False,False,True,False
LEC,16,Ferrari,10.0,1.0,MEDIUM,10.0,True,3.0,1,70.069,5077.547,5007.478,30.8,49.9,31.0,False,False,False,False,False,False,False,False,False,True,False
LEC,16,Ferrari,11.0,1.0,MEDIUM,11.0,True,3.0,1,70.565,5148.112,5077.547,30.6,49.2,31.0,False,False,False,False,False,False,False,False,False,True,False
LEC,16,Ferrari,12.0,1.0,MEDIUM,12.0,True,3.0,1,70.623,5218.735,5148.112,30.6,49.1,32.0,False,False,False,False,False,False,False,False,False,True,False
LEC,16,Ferrari,13.0,1.0,MEDIUM,13.0,True,3.0,1,70.605,5289.34,5218.735,30.5,49.2,31.0,False,False,False,False,False,False,False,False,False,True,False
LEC,16,Ferrari,14.0,1.0,MEDIUM,14.0,True,3.0,1,71.297,5360.637,5289.34,30.4,49.9,32.0,False,False,False,False,False,False,False,False,False,True,False
LEC,16,Ferrari,15.0,1.0,MEDIUM,15.0,True,3.0,1,71.051,5431.688,5360.637,30.4,49.5,32.0,False,False,False,False,False,False,False,False,False,True,False
LEC,16,Ferrari,16.0,1.0,MEDIUM,16.0,True,3.0,1,70.889,5502.577,5431.688,30.5,49.5,31.0,False,False,False,False,False,False,False,False,False,True,False
LEC,16,Ferrari,17.0,1.0,MEDIUM,17.0,True,3.0,1,71.747,5574.324,5502.577,30.5,49.6,31.0,False,False,False,False,False,False,False,False,True,False,False
LEC,16,Ferrari,18.0,1.0,MEDIUM,18.0,True,3.0,1,71.233,5645.557,5574.324,30.6,49.7,30.0,False,False,False,False,False,False,False,False,False,True,False
LEC,16,Ferrari,19.0,1.0,MEDIUM,19.0,True,3.0,1,71.122,5716.679,5645.557,30.6,49.4,31.0,False,False,False,False,False,False,False,False,False,True,False
LEC,16,Ferrari,20.0,1.0,MEDIUM,20.0,True,3.0,1,70.924,5787.603,5716.679,30.6,49.4,32.0,False,False,False,False,False,False,False,False,False,True,False
LEC,16,Ferrari,21.0,1.0,MEDIUM,21.0,True,2.0,1,71.043,5858.646,5787.603,30.5,49.0,31.0,False,False,False,False,False,False,False,False,False,True,False
LEC,16,Ferrari,22.0,1.0,MEDIUM,22.0,True,2.0,1,71.203,5929.849,5858.646,30.6,49.3,31.0,False,False,False,False,False,False,False,False,False,True,False
LEC,16,Ferrari,23.0,1.0,MEDIUM,23.0,True,2.0,1,71.22,6001.069,5929.849,30.7,49.3,31.0,False,False,False,False,False,False,False,False,False,True,False
LEC,16,Ferrari,24.0,1.0,MEDIUM,24.0,True,2.0,1,71.42,6072.489,6001.069,30.6,49.3,31.0,False,False,False,False,False,False,False,False,False,True,False
LEC,16,Ferrari,25.0,1.0,MEDIUM,25.0,True,2.0,1,75.052,6147.541,6072.489,30.6,49.6,31.0,False,True,False,False,True,False,False,False,False,False,False
LEC,16,Ferrari,26.0,2.0,HARD,1.0,True,6.0,1,87.356,6234.897,6147.541,30.5,49.1,31.0,False,False,True,False,True,False,False,False,False,False,False
LEC,16,Ferrari,27.0,2.0,HARD,2.0,True,4.0,1,70.884,6305.781,6234.897,30.5,49.1,31.0,False,False,False,False,False,False,False,False,False,True,False
LEC,16,Ferrari,28.0,2.0,HARD,3.0,True,3.0,1,70.656,6376.437,6305.781,30.6,48.8,31.0,False,False,False,False,False,False,False,False,False,True,False
LEC,16,Ferrari,29.0,2.0,HARD,4.0,True,3.0,1,70.408,6446.845,6376.437,30.6,49.7,31.0,False,False,False,False,False,False,False,False,False,True,False
LEC,16,Ferrari,30.0,2.0,HARD,5.0,True,3.0,12,70.145,6516.99,6446.845,30.6,48.8,31.0,False,False,False,False,False,False,True,False,False,False,False
LEC,16,Ferrari,31.0,2.0,HARD,6.0,True,3.0,1,70.017,6587.007,6516.99,30.5,48.8,31.0,False,False,False,False,False,False,False,False,False,True,False
LEC,16,Ferrari,32.0,2.0,HARD,7.0,True,3.0,1,69.772,6656.779,6587.007,30.5,48.7,31.0,False,False,False,False,False,False,False,False,False,True,False
LEC,16,Ferrari,33.0,2.0,HARD,8.0,True,3.0,1,69.717,6726.496,6656.779,30.6,48.7,32.0,False,False,False,False,False,False,False,False,False,True,False
LEC,16,Ferrari,34.0,2.0,HARD,9.0,True,3.0,1,69.701,6796.197,6726.496,30.6,48.8,32.0,False,False,False,False,False,False,False,False,False,True,False
LEC,16,Ferrari,35.0,2.0,HARD,10.0,True,3.0,1,69.646,6865.843,6796.197,30.5,48.5,31.0,False,False,False,False,False,False,False,False,False,True,False
LEC,16,Ferrari,36.0,2.0,HARD,11.0,True,3.0,1,69.677,6935.52,6865.843,30.5,48.4,32.0,False,False,False,False,False,False,False,False,False,True,False
LEC,16,Ferrari,37.0,2.0,HARD,12.0,True,3.0,1,69.339,7004.859,6935.52,30.5,48.4,31.0,False,False,False,False,False,False,False,False,False,True,False
LEC,16,Ferrari,38.0,2.0,HARD,13.0,True,3.0,1,69.362,7074.221,7004.859,30.4,48.1,31.0,False,False,False,False,False,False,False,False,False,True,False
LEC,16,Ferrari,39.0,2.0,HARD,14.0,True,3.0,1,69.501,7143.722,7074.221,30.4,48.3,32.0,False,False,False,False,False,False,False,False,False,True,False
LEC,16,Ferrari,40.0,2.0,HARD,15.0,True,3.0,1,69.616,7213.338,7143.722,30.5,48.7,31.0,False,False,False,False,False,False,False,False,False,True,False
LEC,16,Ferrari,41.0,2.0,HARD,16.0,True,3.0,1,69.764,7283.102,7213.338,30.8,49.3,31.0,False,False,False,False,False,False,False,False,False,True,False
LEC,16,Ferrari,42.0,2.0,HARD,17.0,True,3.0,1,69.779,7352.881,7283.102,30.9,48.4,31.0,False,False,False,False,False,False,False,False,False,True,False
LEC,16,Ferrari,43.0,2.0,HARD,18.0,True,3.0,1,69.719,7422.6,7352.881,30.8,48.4,32.0,False,False,False,False,False,False,False,False,False,True,False
LEC,16,Ferrari,44.0,2.0,HARD,19.0,True,3.0,1,69.814,7492.414,7422.6,30.8,48.7,32.0,False,False,False,False,False,False,False,False,False,True,False
LEC,16,Ferrari,45.0,2.0,HARD,20.0,True,3.0,1,69.979,7562.393,7492.414,31.0,49.3,31.0,False,False,False,False,False,False,False,False,False,True,False
LEC,16,Ferrari,46.0,2.0,HARD,21.0,True,3.0,1,69.924,7632.317,7562.393,31.1,49.1,31.0,False,False,False,False,False,False,False,False,False,True,False
LEC,16,Ferrari,47.0,2.0,HARD,22.0,True,3.0,1,69.887,7702.204,7632.317,31.2,49.1,30.0,False,False,False,False,False,False,False,False,False,True,False
LEC,16,Ferrari,48.0,2.0,HARD,23.0,True,3.0,1,69.759,7771.963,7702.204,31.3,48.0,31.0,False,False,False,False,False,False,False,False,False,True,False
LEC,16,Ferrari,49.0,2.0,HARD,24.0,True,3.0,1,73.884,7845.847,7771.963,31.3,48.2,32.0,False,True,False,False,True,False,False,False,False,False,False
LEC,16,Ferrari,50.0,3.0,MEDIUM,1.0,True,4.0,1,87.349,7933.196,7845.847,31.1,48.9,31.0,False,False,True,False,True,False,False,False,False,False,False
LEC,16,Ferrari,51.0,3.0,MEDIUM,2.0,True,3.0,1,69.533,8002.729,7933.196,31.1,48.9,31.0,False,False,False,False,False,False,False,False,False,True,False
LEC,16,Ferrari,52.0,3.0,MEDIUM,3.0,True,3.0,1,69.422,8072.151,8002.729,31.1,48.7,31.0,False,False,False,False,False,False,False,False,False,True,False
LEC,16,Ferrari,53.0,3.0,MEDIUM,4.0,True,3.0,1,69.344,8141.495,8072.151,31.1,48.7,31.0,False,False,False,False,False,False,False,False,False,True,False
LEC,16,Ferrari,54.0,3.0,MEDIUM,5.0,True,3.0,1,69.028,8210.523,8141.495,31.1,48.4,31.0,False,False,False,False,False,False,False,False,False,True,False
LEC,16,Ferrari,55.0,3.0,MEDIUM,6.0,True,3.0,1,68.97,8279.493,8210.523,31.0,48.4,31.0,False,False,False,False,False,False,False,False,False,True,False
LEC,16,Ferrari,56.0,3.0,MEDIUM,7.0,True,3.0,1,68.765,8348.258,8279.493,31.0,48.6,31.0,False,False,False,False,False,False,False,False,False,True,False
LEC,16,Ferrari,57.0,3.0,MEDIUM,8.0,True,3.0,1,68.805,8417.063,8348.258,30.9,48.5,31.0,False,False,False,False,False,False,False,False,False,True,False
LEC,16,Ferrari,58.0,3.0,MEDIUM,9.0,True,3.0,1,68.839,8485.902,8417.063,30.9,48.2,30.0,False,False,False,False,False,False,False,False,False,True,False
LEC,16,Ferrari,59.0,3.0,MEDIUM,10.0,True,3.0,1,68.936,8554.838,8485.902,30.7,48.2,31.0,False,False,False,False,False,False,False,False,False,True,False
LEC,16,Ferrari,60.0,3.0,MEDIUM,11.0,True,3.0,1,69.04,8623.878,8554.838,30.7,48.6,31.0,False,False,False,False,False,False,False,False,False,True,False
LEC,16,Ferrari,61.0,3.0,MEDIUM,12.0,True,3.0,1,68.811,8692.689,8623.878,30.9,48.6,30.0,False,False,False,False,False,False,False,False,False,True,False
LEC,16,Ferrari,62.0,3.0,MEDIUM,13.0,True,3.0,1,68.85,8761.539,8692.689,31.0,48.6,30.0,False,False,False,False,False,False,False,False,False,True,False
LEC,16,Ferrari,63.0,3.0,MEDIUM,14.0,True,3.0,1,69.366,8830.905,8761.539,31.1,48.3,30.0,False,False,False,False,False,False,False,False,False,True,False
LEC,16,Ferrari,64.0,3.0,MEDIUM,15.0,True,3.0,1,69.267,8900.172,8830.905,31.2,48.2,30.0,False,False,False,False,False,False,False,False,False,True,False
LEC,16,Ferrari,65.0,3.0,MEDIUM,16.0,True,3.0,1,69.263,8969.435,8900.172,31.3,47.5,30.0,False,False,False,False,False,False,False,False,False,True,False
LEC,16,Ferrari,66.0,3.0,MEDIUM,17.0,True,3.0,1,69.178,9038.613,8969.435,31.0,47.5,32.0,False,False,False,False,False,False,False,False,False,True,False
LEC,16,Ferrari,67.0,3.0,MEDIUM,18.0,True,3.0,1,70.016,9108.629,9038.613,30.8,47.3,32.0,False,False,False,False,False,False,False,False,False,True,False
LEC,16,Ferrari,68.0,3.0,MEDIUM,19.0,True,3.0,1,69.288,9177.917,9108.629,30.7,45.9,31.0,False,False,False,False,False,False,False,False,False,True,False
LEC,16,Ferrari,69.0,3.0,MEDIUM,20.0,True,3.0,1,69.121,9247.038,9177.917,30.7,45.9,32.0,False,False,False,False,False,False,False,False,False,True,False
LEC,16,Ferrari,70.0,3.0,MEDIUM,21.0,True,3.0,1,69.026,9316.064,9247.038,30.6,46.3,32.0,False,False,False,False,False,False,False,False,False,True,False
HAM,44,Ferrari,1.0,1.0,MEDIUM,1.0,True,4.0,124,96.74,4365.291,4268.287,30.2,48.6,33.0,False,False,False,False,True,False,True,False,False,False,False
HAM,44,Ferrari,2.0,1.0,MEDIUM,2.0,True,4.0,4,110.441,4475.732,4365.291,30.4,49.3,31.0,False,False,False,False,True,False,True,False,False,False,False
HAM,44,Ferrari,3.0,1.0,MEDIUM,3.0,True,4.0,41,110.612,4586.344,4475.732,30.6,49.2,32.0,False,False,False,False,True,False,True,False,False,False,False
HAM,44,Ferrari,4.0,1.0,MEDIUM,4.0,True,4.0,1,71.4,4657.744,4586.344,30.7,49.8,32.0,False,False,False,False,False,False,False,False,False,True,False
HAM,44,Ferrari,5.0,1.0,MEDIUM,5.0,True,4.0,1,70.714,4728.458,4657.744,30.8,49.8,32.0,False,False,False,False,False,False,False,False,False,True,False
HAM,44,Ferrari,6.0,1.0,MEDIUM,6.0,True,4.0,1,70.309,4798.767,4728.458,30.7,49.7,32.0,False,False,False,False,False,False,False,False,False,True,False
HAM,44,Ferrari,7.0,1.0,MEDIUM,7.0,True,4.0,1,70.552,4869.319,4798.767,30.6,50.3,32.0,False,False,False,False,False,False,False,False,False,True,False
HAM,44,Ferrari,8.0,1.0,MEDIUM,8.0,True,4.0,1,70.17,4939.489,4869.319,30.6,50.4,32.0,False,False,False,False,False,False,False,False,False,True,False
HAM,44,Ferrari,9.0,1.0,MEDIUM,9.0,True,4.0,1,70.546,5010.035,4939.489,30.7,50.3,31.0,False,False,False,False,False,False,False,False,False,True,False
HAM,44,Ferrari,10.0,1.0,MEDIUM,10.0,True,4.0,1,71.333,5081.368,5010.035,30.8,49.9,31.0,False,False,False,False,False,False,False,False,False,True,False
HAM,44,Ferrari,11.0,1.0,MEDIUM,11.0,True,4.0,1,71.169,5152.537,5081.368,30.6,49.2,31.0,False,False,False,False,False,False,False,False,False,True,False
HAM,44,Ferrari,12.0,1.0,MEDIUM,12.0,True,4.0,1,70.891,5223.428,5152.537,30.6,49.1,32.0,False,False,False,False,False,False,False,False,False,True,False
HAM,44,Ferrari,13.0,1.0,MEDIUM,13.0,True,4.0,1,70.714,5294.142,5223.428,30.5,49.2,31.0,False,False,False,False,False,False,False,False,False,True,False
HAM,44,Ferrari,14.0,1.0,MEDIUM,14.0,True,4.0,1,70.701,5364.843,5294.142,30.4,49.9,32.0,False,False,False,False,False,False,False,False,False,True,False
HAM,44,Ferrari,15.0,1.0,MEDIUM,15.0,True,4.0,1,70.717,5435.56,5364.843,30.4,49.5,32.0,False,False,False,False,False,False,False,False,False,True,False
HAM,44,Ferrari,16.0,1.0,MEDIUM,16.0,True,4.0,1,71.009,5506.569,5435.56,30.5,49.5,31.0,False,False,False,False,False,False,False,False,False,True,False
HAM,44,Ferrari,17.0,1.0,MEDIUM,17.0,True,4.0,1,71.064,5577.633,5506.569,30.5,49.6,31.0,False,False,False,False,False,False,False,False,False,True,False
HAM,44,Ferrari,18.0,1.0,MEDIUM,18.0,True,4.0,1,71.052,5648.685,5577.633,30.6,49.7,30.0,False,False,False,False,False,False,False,False,False,True,False
HAM,44,Ferrari,19.0,1.0,MEDIUM,19.0,True,4.0,1,70.811,5719.496,5648.685,30.6,49.4,31.0,False,False,False,False,False,False,False,False,False,True,False
HAM,44,Ferrari,20.0,1.0,MEDIUM,20.0,True,4.0,1,70.942,5790.438,5719.496,30.6,49.0,31.0,False,False,False,False,False,False,False,False,False,True,False
HAM,44,Ferrari,21.0,1.0,MEDIUM,21.0,True,3.0,1,71.728,5862.166,5790.438,30.5,49.0,31.0,False,False,False,False,False,False,False,False,False,True,False
HAM,44,Ferrari,22.0,1.0,MEDIUM,22.0,True,3.0,1,71.07,5933.236,5862.166,30.6,49.3,31.0,False,False,False,False,False,False,False,False,False,True,False
HAM,44,Ferrari,23.0,1.0,MEDIUM,23.0,True,3.0,1,71.377,6004.613,5933.236,30.7,49.3,31.0,False,False,False,False,False,False,False,False,False,True,False
HAM,44,Ferrari,24.0,1.0,MEDIUM,24.0,True,3.0,1,71.132,6075.745,6004.613,30.6,49.3,31.0,False,False,False,False,False,False,False,False,False,True,False
HAM,44,Ferrari,25.0,1.0,MEDIUM,25.0,True,1.0,1,71.588,6147.333,6075.745,30.6,49.6,31.0,False,False,False,False,False,False,False,False,False,True,False
HAM,44,Ferrari,26.0,1.0,MEDIUM,26.0,True,2.0,1,74.514,6221.847,6147.333,30.5,49.1,31.0,False,True,False,False,True,False,False,False,False,False,False
HAM,44,Ferrari,27.0,2.0,HARD,1.0,True,6.0,1,87.027,6308.874,6221.847,30.5,49.1,31.0,False,False,True,False,True,False,False,False,False,False,False
HAM,44,Ferrari,28.0,2.0,HARD,2.0,True,6.0,1,70.23,6379.104,6308.874,30.6,48.8,31.0,False,False,False,False,False,False,False,False,False,True,False
HAM,44,Ferrari,29.0,2.0,HARD,3.0,True,4.0,1,70.653,6449.757,6379.104,30.6,49.4,31.0,False,False,False,False,False,False,False,False,False,True,False
HAM,44,Ferrari,30.0,2.0,HARD,4.0,True,4.0,12,70.175,6519.932,6449.757,30.6,48.8,31.0,False,False,False,False,False,False,True,False,False,False,False
HAM,44,Ferrari,31.0,2.0,HARD,5.0,True,4.0,1,69.979,6589.911,6519.932,30.5,48.8,31.0,False,False,False,False,False,False,False,False,False,True,False
HAM,44,Ferrari,32.0,2.0,HARD,6.0,True,4.0,1,69.933,6659.844,6589.911,30.5,48.7,31.0,False,False,False,False,False,False,False,False,False,True,False
HAM,44,Ferrari,33.0,2.0,HARD,7.0,True,4.0,1,69.864,6729.708,6659.844,30.6,48.7,32.0,False,False,False,False,False,False,False,False,False,True,False
HAM,44,Ferrari,34.0,2.0,HARD,8.0,True,4.0,1,69.769,6799.477,6729.708,30.6,48.8,32.0,False,False,False,False,False,False,False,False,False,True,False
HAM,44,Ferrari,35.0,2.0,HARD,9.0,True,4.0,1,69.961,6869.438,6799.477,30.4,48.5,32.0,False,False,False,False,False,False,False,False,False,True,False
HAM,44,Ferrari,36.0,2.0,HARD,10.0,True,4.0,1,69.425,6938.863,6869.438,30.5,48.4,32.0,False,False,False,False,False,False,False,False,False,True,False
HAM,44,Ferrari,37.0,2.0,HARD,11.0,True,4.0,1,69.665,7008.528,6938.863,30.5,48.4,31.0,False,False,False,False,False,False,False,False,False,True,False
HAM,44,Ferrari,38.0,2.0,HARD,12.0,True,4.0,1,69.319,7077.847,7008.528,30.4,48.1,31.0,False,False,False,False,False,False,False,False,False,True,False
HAM,44,Ferrari,39.0,2.0,HARD,13.0,True,4.0,1,70.055,7147.902,7077.847,30.4,48.3,32.0,False,False,False,False,False,False,False,False,False,True,False
HAM,44,Ferrari,40.0,2.0,HARD,14.0,True,4.0,1,69.641,7217.543,7147.902,30.5,48.7,31.0,False,False,False,False,False,False,False,False,False,True,False
HAM,44,Ferrari,41.0,2.0,HARD,15.0,True,4.0,1,70.106,7287.649,7217.543,30.8,49.3,31.0,False,False,False,False,False,False,False,False,False,True,False
HAM,44,Ferrari,42.0,2.0,HARD,16.0,True,4.0,1,70.087,7357.736,7287.649,30.9,48.4,31.0,False,False,False,False,False,False,False,False,False,True,False
HAM,44,Ferrari,43.0,2.0,HARD,17.0,True,4.0,1,69.923,7427.659,7357.736,30.8,48.4,32.0,False,False,False,False,False,False,False,False,False,True,False
HAM,44,Ferrari,44.0,2.0,HARD,18.0,True,4.0,1,70.173,7497.832,7427.659,30.8,48.7,32.0,False,False,False,False,False,False,False,False,False,True,False
HAM,44,Ferrari,45.0,2.0,HARD,19.0,True,4.0,1,70.61,7568.442,7497.832,31.0,49.3,31.0,False,False,False,False,False,False,False,False,False,True,False
HAM,44,Ferrari,46.0,2.0,HARD,20.0,True,4.0,1,70.346,7638.788,7568.442,31.1,49.1,31.0,False,False,False,False,False,False,False,False,False,True,False
HAM,44,Ferrari,47.0,2.0,HARD,21.0,True,4.0,1,70.282,7709.07,7638.788,31.2,48.9,30.0,False,False,False,False,False,False,False,False,False,True,False
HAM,44,Ferrari,48.0,2.0,HARD,22.0,True,4.0,1,71.777,7780.847,7709.07,31.3,48.0,31.0,False,False,False,False,False,False,False,False,True,False,False
HAM,44,Ferrari,49.0,2.0,HARD,23.0,True,4.0,1,70.432,7851.279,7780.847,31.3,48.2,32.0,False,False,False,False,False,False,False,False,False,True,False
HAM,44,Ferrari,50.0,2.0,HARD,24.0,True,3.0,1,73.95,7925.229,7851.279,31.1,48.9,31.0,False,True,False,False,True,False,False,False,False,False,False
HAM,44,Ferrari,51.0,3.0,MEDIUM,1.0,True,4.0,1,85.727,8010.956,7925.229,31.1,48.7,31.0,False,False,True,False,True,False,False,False,False,False,False
HAM,44,Ferrari,52.0,3.0,MEDIUM,2.0,True,4.0,1,69.115,8080.071,8010.956,31.1,48.7,31.0,False,False,False,False,False,False,False,False,False,True,False
HAM,44,Ferrari,53.0,3.0,MEDIUM,3.0,True,4.0,1,68.628,8148.699,8080.071,31.1,48.7,31.0,False,False,False,False,False,False,False,False,False,True,False
HAM,44,Ferrari,54.0,3.0,MEDIUM,4.0,True,4.0,1,68.979,8217.678,8148.699,31.1,48.4,31.0,False,False,False,False,False,False,False,False,False,True,False
HAM,44,Ferrari,55.0,3.0,MEDIUM,5.0,True,4.0,1,68.757,8286.435,8217.678,31.0,48.4,31.0,False,False,False,False,False,False,False,False,False,True,False
HAM,44,Ferrari,56.0,3.0,MEDIUM,6.0,True,4.0,1,68.989,8355.424,8286.435,31.0,48.6,31.0,False,False,False,False,False,False,False,False,False,True,False
HAM,44,Ferrari,57.0,3.0,MEDIUM,7.0,True,4.0,1,68.938,8424.362,8355.424,30.9,48.5,31.0,False,False,False,False,False,False,False,False,False,True,False
HAM,44,Ferrari,58.0,3.0,MEDIUM,8.0,True,4.0,1,68.669,8493.031,8424.362,30.9,47.5,31.0,False,False,False,False,False,False,False,False,False,True,False
HAM,44,Ferrari,59.0,3.0,MEDIUM,9.0,True,4.0,1,69.31,8562.341,8493.031,30.7,48.2,31.0,False,False,False,False,False,False,False,False,False,True,False
HAM,44,Ferrari,60.0,3.0,MEDIUM,10.0,True,4.0,1,69.324,8631.665,8562.341,30.7,48.6,31.0,False,False,False,False,False,False,False,False,False,True,False
HAM,44,Ferrari,61.0,3.0,MEDIUM,11.0,True,4.0,1,69.266,8700.931,8631.665,30.9,48.6,30.0,False,False,False,False,False,False,False,False,False,True,False
HAM,44,Ferrari,62.0,3.0,MEDIUM,12.0,True,4.0,1,69.287,8770.218,8700.931,31.0,48.6,30.0,False,False,False,False,False,False,False,False,False,True,False
HAM,44,Ferrari,63.0,3.0,MEDIUM,13.0,True,4.0,1,69.242,8839.46,8770.218,31.1,48.3,30.0,False,False,False,False,False,False,False,False,False,True,False
HAM,44,Ferrari,64.0,3.0,MEDIUM,14.0,True,4.0,1,69.088,8908.548,8839.46,31.2,48.2,30.0,False,False,False,False,False,False,False,False,False,True,False
HAM,44,Ferrari,65.0,3.0,MEDIUM,15.0,True,4.0,1,69.447,8977.995,8908.548,31.3,47.5,30.0,False,False,False,False,False,False,False,False,False,True,False
HAM,44,Ferrari,66.0,3.0,MEDIUM,16.0,True,4.0,1,69.317,9047.312,8977.995,31.0,47.5,32.0,False,False,False,False,False,False,False,False,False,True,False
HAM,44,Ferrari,67.0,3.0,MEDIUM,17.0,True,4.0,1,69.515,9116.827,9047.312,30.8,47.3,32.0,False,False,False,False,False,False,False,False,False,True,False
HAM,44,Ferrari,68.0,3.0,MEDIUM,18.0,True,4.0,1,69.574,9186.401,9116.827,30.7,45.9,31.0,False,False,False,False,False,False,False,False,False,True,False
HAM,44,Ferrari,69.0,3.0,MEDIUM,19.0,True,4.0,1,69.31,9255.711,9186.401,30.7,45.9,32.0,False,False,False,False,False,False,False,False,False,True,False
HAM,44,Ferrari,70.0,3.0,MEDIUM,20.0,True,4.0,1,69.553,9325.264,9255.711,30.6,46.3,32.0,False,False,False,False,False,False,False,False,False,True,False
RUS,63,Mercedes,1.0,1.0,MEDIUM,1.0,True,5.0,124,97.687,4366.238,4268.287,30.2,48.6,33.0,False,False,False,False,True,False,True,False,False,False,False
RUS,63,Mercedes,2.0,1.0,MEDIUM,2.0,True,5.0,4,111.333,4477.571,4366.238,30.4,49.3,31.0,False,False,False,False,True,False,True,False,False,False,False
RUS,63,Mercedes,3.0,1.0,MEDIUM,3.0,True,5.0,41,109.154,4586.725,4477.571,30.6,49.2,32.0,False,False,False,False,True,False,True,False,False,False,False
RUS,63,Mercedes,4.0,1.0,MEDIUM,4.0,True,5.0,1,71.671,4658.396,4586.725,30.7,49.8,32.0,False,False,False,False,False,False,False,False,False,True,False
RUS,63,Mercedes,5.0,1.0,MEDIUM,5.0,True,5.0,1,70.953,4729.349,4658.396,30.8,49.8,32.0,False,False,False,False,False,False,False,False,False,True,False
RUS,63,Mercedes,6.0,1.0,MEDIUM,6.0,True,5.0,1,70.594,4799.943,4729.349,30.7,49.7,32.0,False,False,False,False,False,False,False,False,False,True,False
RUS,63,Mercedes,7.0,1.0,MEDIUM,7.0,True,5.0,1,70.739,4870.682,4799.943,30.6,50.3,32.0,False,False,False,False,False,False,False,False,False,True,False
RUS,63,Mercedes,8.0,1.0,MEDIUM,8.0,True,5.0,1,70.574,4941.256,4870.682,30.6,50.4,32.0,False,False,False,False,False,False,False,False,False,True,False
RUS,63,Mercedes,9.0,1.0,MEDIUM,9.0,True,5.0,1,70.931,5012.187,4941.256,30.7,50.3,31.0,False,False,False,False,False,False,False,False,False,True,False
RUS,63,Mercedes,10.0,1.0,MEDIUM,10.0,True,5.0,1,71.16,5083.347,5012.187,30.8,49.9,31.0,False,False,False,False,False,False,False,False,False,True,False
RUS,63,Mercedes,11.0,1.0,MEDIUM,11.0,True,5.0,1,71.465,5154.812,5083.347,30.6,49.2,31.0,False,False,False,False,False,False,False,False,False,True,False
RUS,63,Mercedes,12.0,1.0,MEDIUM,12.0,True,5.0,1,71.232,5226.044,5154.812,30.6,49.1,32.0,False,False,False,False,False,False,False,False,False,True,False
RUS,63,Mercedes,13.0,1.0,MEDIUM,13.0,True,5.0,1,71.429,5297.473,5226.044,30.5,49.2,31.0,False,False,False,False,False,False,False,False,False,True,False
RUS,63,Mercedes,14.0,1.0,MEDIUM,14.0,True,5.0,1,71.849,5369.322,5297.473,30.4,49.5,31.0,False,False,False,False,False,False,False,False,False,True,False
RUS,63,Mercedes,15.0,1.0,MEDIUM,15.0,True,5.0,1,71.554,5440.876,5369.322,30.4,49.5,32.0,False,False,False,False,False,False,False,False,False,True,False
RUS,63,Mercedes,16.0,1.0,MEDIUM,16.0,True,5.0,1,71.907,5512.783,5440.876,30.5,49.5,31.0,False,False,False,False,False,False,False,False,False,True,False
RUS,63,Mercedes,17.0,1.0,MEDIUM,17.0,True,5.0,1,71.675,5584.458,5512.783,30.5,49.6,31.0,False,False,False,False,False,False,False,False,False,True,False
RUS,63,Mercedes,18.0,1.0,MEDIUM,18.0,True,6.0,1,75.249,5659.707,5584.458,30.6,49.7,30.0,False,True,False,False,True,False,False,False,False,False,False
RUS,63,Mercedes,19.0,2.0,MEDIUM,1.0,True,11.0,1,87.877,5747.584,5659.707,30.6,49.4,32.0,False,False,True,False,True,False,False,False,False,False,False
RUS,63,Mercedes,20.0,2.0,MEDIUM,2.0,True,10.0,1,70.908,5818.492,5747.584,30.6,49.0,31.0,False,False,False,False,False,False,False,False,False,True,False
RUS,63,Mercedes,21.0,2.0,MEDIUM,3.0,True,10.0,1,71.438,5889.93,5818.492,30.5,49.0,31.0,False,False,False,False,False,False,False,False,False,True,False
RUS,63,Mercedes,22.0,2.0,MEDIUM,4.0,True,9.0,1,71.289,5961.219,5889.93,30.6,49.3,31.0,False,False,False,False,False,False,False,False,False,True,False
RUS,63,Mercedes,23.0,2.0,MEDIUM,5.0,True,9.0,1,71.53,6032.749,5961.219,30.6,49.3,31.0,False,False,False,False,False,False,False,False,False,True,False
RUS,63,Mercedes,24.0,2.0,MEDIUM,6.0,True,9.0,1,71.367,6104.116,6032.749,30.6,49.6,31.0,False,False,False,False,False,False,False,False,False,True,False
RUS,63,Mercedes,25.0,2.0,MEDIUM,7.0,True,8.0,1,71.448,6175.564,6104.116,30.6,49.6,30.0,False,False,False,False,False,False,False,False,False,True,False
RUS,63,Mercedes,26.0,2.0,MEDIUM,8.0,True,7.0,1,70.478,6246.042,6175.564,30.5,49.1,31.0,False,False,False,False,False,False,False,False,False,True,False
RUS,63,Mercedes,27.0,2.0,MEDIUM,9.0,True,7.0,1,71.172,6317.214,6246.042,30.5,49.1,31.0,False,False,False,False,False,False,False,False,False,True,False
RUS,63,Mercedes,28.0,2.0,MEDIUM,10.0,True,7.0,1,71.338,6388.552,6317.214,30.6,48.8,31.0,False,False,False,False,False,False,False,False,False,True,False
RUS,63,Mercedes,29.0,2.0,MEDIUM,11.0,True,7.0,1,71.239,6459.791,6388.552,30.6,49.4,31.0,False,False,False,False,False,False,False,False,False,True,False
RUS,63,Mercedes,30.0,2.0,MEDIUM,12.0,True,7.0,12,71.081,6530.872,6459.791,30.6,48.8,31.0,False,False,False,False,False,False,True,False,False,False,False
RUS,63,Mercedes,31.0,2.0,MEDIUM,13.0,True,7.0,1,70.77,6601.642,6530.872,30.5,48.8,31.0,False,False,False,False,False,False,False,False,False,True,False
RUS,63,Mercedes,32.0,2.0,MEDIUM,14.0,True,7.0,1,70.769,6672.411,6601.642,30.5,48.7,31.0,False,False,False,False,False,False,False,False,False,True,False
RUS,63,Mercedes,33.0,2.0,MEDIUM,15.0,True,5.0,1,70.545,6742.956,6672.411,30.6,48.7,32.0,False,False,False,False,False,False,False,False,False,True,False
RUS,63,Mercedes,34.0,2.0,MEDIUM,16.0,True,5.0,1,70.49,6813.446,6742.956,30.5,48.5,31.0,False,False,False,False,False,False,False,False,False,True,False
RUS,63,Mercedes,35.0,2.0,MEDIUM,17.0,True,5.0,1,70.237,6883.683,6813.446,30.4,48.5,32.0,False,False,False,False,False,False,False,False,False,True,False
RUS,63,Mercedes,36.0,2.0,MEDIUM,18.0,True,5.0,1,70.331,6954.014,6883.683,30.5,48.4,32.0,False,False,False,False,False,False,False,False,False,True,False
RUS,63,Mercedes,37.0,2.0,MEDIUM,19.0,True,5.0,1,70.457,7024.471,6954.014,30.5,48.4,31.0,False,False,False,False,False,False,False,False,False,True,False
RUS,63,Mercedes,38.0,2.0,MEDIUM,20.0,True,5.0,1,70.427,7094.898,7024.471,30.4,48.1,31.0,False,False,False,False,False,False,False,False,False,True,False
RUS,63,Mercedes,39.0,2.0,MEDIUM,21.0,True,5.0,1,70.401,7165.299,7094.898,30.4,48.3,32.0,False,False,False,False,False,False,False,False,False,True,False
RUS,63,Mercedes,40.0,2.0,MEDIUM,22.0,True,5.0,1,70.705,7236.004,7165.299,30.8,49.3,31.0,False,False,False,False,False,False,False,False,False,True,False
RUS,63,Mercedes,41.0,2.0,MEDIUM,23.0,True,5.0,1,70.732,7306.736,7236.004,30.9,48.6,30.0,False,False,False,False,False,False,False,False,False,True,False
RUS,63,Mercedes,42.0,2.0,MEDIUM,24.0,True,5.0,1,70.703,7377.439,7306.736,30.9,48.4,31.0,False,False,False,False,False,False,False,False,False,True,False
RUS,63,Mercedes,43.0,2.0,MEDIUM,25.0,True,5.0,1,70.583,7448.022,7377.439,30.8,48.4,32.0,False,False,False,False,False,False,False,False,False,True,False
RUS,63,Mercedes,44.0,2.0,MEDIUM,26.0,True,5.0,1,70.752,7518.774,7448.022,30.8,48.7,32.0,False,False,False,False,False,False,False,False,False,True,False
RUS,63,Mercedes,45.0,2.0,MEDIUM,27.0,True,5.0,1,74.223,7592.997,7518.774,31.1,49.1,31.0,False,True,False,False,True,False,False,False,False,False,False
RUS,63,Mercedes,46.0,3.0,HARD,1.0,True,9.0,1,86.839,7679.836,7592.997,31.2,49.1,30.0,False,False,True,False,True,False,False,False,False,False,False
RUS,63,Mercedes,47.0,3.0,HARD,2.0,True,9.0,1,69.372,7749.208,7679.836,31.2,48.9,30.0,False,False,False,False,False,False,False,False,False,True,False
RUS,63,Mercedes,48.0,3.0,HARD,3.0,True,9.0,1,69.532,7818.74,7749.208,31.3,48.0,31.0,False,False,False,False,False,False,False,False,False,True,False
RUS,63,Mercedes,49.0,3.0,HARD,4.0,True,9.0,1,69.823,7888.563,7818.74,31.3,48.2,32.0,False,False,False,False,False,False,False,False,False,True,False
RUS,63,Mercedes,50.0,3.0,HARD,5.0,True,8.0,1,69.962,7958.525,7888.563,31.1,48.9,31.0,False,False,False,False,False,False,False,False,False,True,False
RUS,63,Mercedes,51.0,3.0,HARD,6.0,True,7.0,1,69.89,8028.415,7958.525,31.1,48.7,31.0,False,False,False,False,False,False,False,False,False,True,False
RUS,63,Mercedes,52.0,3.0,HARD,7.0,True,7.0,1,69.976,8098.391,8028.415,31.1,48.7,31.0,False,False,False,False,False,False,False,False,False,True,False
RUS,63,Mercedes,53.0,3.0,HARD,8.0,True,7.0,1,69.901,8168.292,8098.391,31.1,48.7,31.0,False,False,False,False,False,False,False,False,False,True,False
RUS,63,Mercedes,54.0,3.0,HARD,9.0,True,6.0,1,69.779,8238.071,8168.292,31.1,48.4,31.0,False,False,False,False,False,False,False,False,False,True,False
RUS,63,Mercedes,55.0,3.0,HARD,10.0,True,5.0,1,69.738,8307.809,8238.071,31.0,48.4,31.0,False,False,False,False,False,False,False,False,False,True,False
RUS,63,Mercedes,56.0,3.0,HARD,11.0,True,5.0,1,69.931,8377.74,8307.809,30.9,48.5,31.0,False,False,False,False,False,False,False,False,False,True,False
RUS,63,Mercedes,57.0,3.0,HARD,12.0,True,5.0,1,69.853,8447.593,8377.74,30.9,48.2,30.0,False,False,False,False,False,False,False,False,False,True,False
RUS,63,Mercedes,58.0,3.0,HARD,13.0,True,5.0,1,69.798,8517.391,8447.593,30.9,47.5,31.0,False,False,False,False,False,False,False,False,False,True,False
RUS,63,Mercedes,59.0,3.0,HARD,14.0,True,5.0,1,69.725,8587.116,8517.391,30.7,48.2,31.0,False,False,False,False,False,False,False,False,False,True,False
RUS,63,Mercedes,60.0,3.0,HARD,15.0,True,5.0,1,69.962,8657.078,8587.116,30.7,48.6,31.0,False,False,False,False,False,False,False,False,False,True,False
RUS,63,Mercedes,61.0,3.0,HARD,16.0,True,5.0,1,69.87,8726.948,8657.078,30.9,48.6,30.0,False,False,False,False,False,False,False,False,False,True,False
RUS,63,Mercedes,62.0,3.0,HARD,17.0,True,5.0,1,69.917,8796.865,8726.948,31.1,48.3,30.0,False,False,False,False,False,False,False,False,False,True,False
RUS,63,Mercedes,63.0,3.0,HARD,18.0,True,5.0,1,70.107,8866.972,8796.865,31.2,48.2,30.0,False,False,False,False,False,False,False,False,False,True,False
RUS,63,Mercedes,64.0,3.0,HARD,19.0,True,5.0,1,70.173,8937.145,8866.972,31.3,48.0,30.0,False,False,False,False,False,False,False,False,False,True,False
RUS,63,Mercedes,65.0,3.0,HARD,20.0,True,5.0,1,70.231,9007.376,8937.145,31.3,47.5,30.0,False,False,False,False,False,False,False,False,False,True,False
RUS,63,Mercedes,66.0,3.0,HARD,21.0,True,5.0,1,70.616,9077.992,9007.376,31.0,47.5,32.0,False,False,False,False,False,False,False,False,False,True,False
RUS,63,Mercedes,67.0,3.0,HARD,22.0,True,5.0,1,70.505,9148.497,9077.992,30.8,47.3,32.0,False,False,False,False,False,False,False,False,False,True,False
RUS,63,Mercedes,68.0,3.0,HARD,23.0,True,5.0,1,70.363,9218.86,9148.497,30.7,45.9,32.0,False,False,False,False,False,False,False,False,False,True,False
RUS,63,Mercedes,69.0,3.0,HARD,24.0,True,5.0,1,69.96,9288.82,9218.86,30.6,46.3,32.0,False,False,False,False,False,False,False,False,False,True,False
RUS,63,Mercedes,70.0,3.0,HARD,25.0,True,5.0,1,69.82,9358.64,9288.82,30.6,47.6,32.0,False,False,False,False,False,False,False,False,False,True,False
LAW,30,Racing Bulls,1.0,1.0,MEDIUM,1.0,False,9.0,124,104.886,4373.437,4268.287,30.2,48.6,33.0,False,False,False,False,True,False,True,False,False,False,False
LAW,30,Racing Bulls,2.0,1.0,MEDIUM,2.0,False,9.0,4,108.551,4481.988,4373.437,30.4,49.3,31.0,False,False,False,False,True,False,True,False,False,False,False
LAW,30,Racing Bulls,3.0,1.0,MEDIUM,3.0,False,9.0,41,106.296,4588.284,4481.988,30.6,49.2,32.0,False,False,False,False,True,False,True,False,False,False,False
LAW,30,Racing Bulls,4.0,1.0,MEDIUM,4.0,False,9.0,1,72.35,4660.634,4588.284,30.7,49.8,32.0,False,False,False,False,False,False,False,False,False,True,False
LAW,30,Racing Bulls,5.0,1.0,MEDIUM,5.0,False,9.0,1,71.439,4732.073,4660.634,30.8,49.8,32.0,False,False,False,False,False,False,False,False,False,True,False
LAW,30,Racing Bulls,6.0,1.0,MEDIUM,6.0,False,9.0,1,71.106,4803.179,4732.073,30.7,49.7,32.0,False,False,False,False,False,False,False,False,False,True,False
LAW,30,Racing Bulls,7.0,1.0,MEDIUM,7.0,False,9.0,1,71.013,4874.192,4803.179,30.6,50.3,32.0,False,False,False,False,False,False,False,False,False,True,False
LAW,30,Racing Bulls,8.0,1.0,MEDIUM,8.0,False,9.0,1,70.941,4945.133,4874.192,30.6,50.4,32.0,False,False,False,False,False,False,False,False,False,True,False
LAW,30,Racing Bulls,9.0,1.0,MEDIUM,9.0,False,9.0,1,71.051,5016.184,4945.133,30.7,50.3,31.0,False,False,False,False,False,False,False,False,False,True,False
LAW,30,Racing Bulls,10.0,1.0,MEDIUM,10.0,False,9.0,1,71.434,5087.618,5016.184,30.8,49.9,31.0,False,False,False,False,False,False,False,False,False,True,False
LAW,30,Racing Bulls,11.0,1.0,MEDIUM,11.0,False,9.0,1,71.603,5159.221,5087.618,30.6,49.2,31.0,False,False,False,False,False,False,False,False,False,True,False
LAW,30,Racing Bulls,12.0,1.0,MEDIUM,12.0,False,8.0,1,72.178,5231.399,5159.221,30.6,49.1,32.0,False,False,False,False,False,False,False,False,False,True,False
LAW,30,Racing Bulls,13.0,1.0,MEDIUM,13.0,False,8.0,1,71.36,5302.759,5231.399,30.5,49.2,31.0,False,False,False,False,False,False,False,False,False,True,False
LAW,30,Racing Bulls,14.0,1.0,MEDIUM,14.0,False,7.0,1,71.525,5374.284,5302.759,30.4,49.5,31.0,False,False,False,False,False,False,False,False,False,True,False
LAW,30,Racing Bulls,15.0,1.0,MEDIUM,15.0,False,7.0,1,71.551,5445.835,5374.284,30.4,49.5,32.0,False,False,False,False,False,False,False,False,False,True,False
LAW,30,Racing Bulls,16.0,1.0,MEDIUM,16.0,False,7.0,1,71.619,5517.454,5445.835,30.5,49.5,31.0,False,False,False,False,False,False,False,False,False,True,False
LAW,30,Racing Bulls,17.0,1.0,MEDIUM,17.0,False,7.0,1,71.736,5589.19,5517.454,30.5,49.6,31.0,False,False,False,False,False,False,False,False,False,True,False
LAW,30,Racing Bulls,18.0,1.0,MEDIUM,18.0,False,7.0,1,71.577,5660.767,5589.19,30.6,49.7,30.0,False,False,False,False,False,False,False,False,False,True,False
LAW,30,Racing Bulls,19.0,1.0,MEDIUM,19.0,False,6.0,1,71.524,5732.291,5660.767,30.6,49.4,32.0,False,False,False,False,False,False,False,False,False,True,False
LAW,30,Racing Bulls,20.0,1.0,MEDIUM,20.0,False,6.0,1,71.748,5804.039,5732.291,30.6,49.0,31.0,False,False,False,False,False,False,False,False,False,True,False
LAW,30,Racing Bulls,21.0,1.0,MEDIUM,21.0,False,5.0,1,71.876,5875.915,5804.039,30.5,49.0,31.0,False,False,False,False,False,False,False,False,False,True,False
LAW,30,Racing Bulls,22.0,1.0,MEDIUM,22.0,False,5.0,1,71.413,5947.328,5875.915,30.6,49.3,31.0,False,False,False,False,False,False,False,False,False,True,False
LAW,30,Racing Bulls,23.0,1.0,MEDIUM,23.0,False,5.0,1,71.457,6018.785,5947.328,30.7,49.3,31.0,False,False,False,False,False,False,False,False,False,True,False
LAW,30,Racing Bulls,24.0,1.0,MEDIUM,24.0,False,5.0,1,71.628,6090.413,6018.785,30.6,49.6,31.0,False,False,False,False,False,False,False,False,False,True,False
LAW,30,Racing Bulls,25.0,1.0,MEDIUM,25.0,False,5.0,1,71.622,6162.035,6090.413,30.6,49.6,30.0,False,False,False,False,False,False,False,False,False,True,False
LAW,30,Racing Bulls,26.0,1.0,MEDIUM,26.0,False,4.0,1,71.517,6233.552,6162.035,30.5,49.1,31.0,False,False,False,False,False,False,False,False,False,True,False
LAW,30,Racing Bulls,27.0,1.0,MEDIUM,27.0,False,3.0,1,71.628,6305.18,6233.552,30.5,49.1,31.0,False,False,False,False,False,False,False,False,False,True,False
LAW,30,Racing Bulls,28.0,1.0,MEDIUM,28.0,False,4.0,1,72.809,6377.989,6305.18,30.6,48.8,31.0,False,False,False,False,False,False,False,False,False,True,False
LAW,30,Racing Bulls,29.0,1.0,MEDIUM,29.0,False,5.0,1,73.076,6451.065,6377.989,30.6,49.4,31.0,False,False,False,False,False,False,False,False,False,True,False
LAW,30,Racing Bulls,30.0,1.0,MEDIUM,30.0,False,5.0,12,71.98,6523.045,6451.065,30.6,48.8,31.0,False,False,False,False,False,False,True,False,False,False,False
LAW,30,Racing Bulls,31.0,1.0,MEDIUM,31.0,False,5.0,1,71.821,6594.866,6523.045,30.5,48.8,31.0,False,False,False,False,False,False,False,False,False,True,False
LAW,30,Racing Bulls,32.0,1.0,MEDIUM,32.0,False,6.0,1,75.289,6670.155,6594.866,30.5,48.7,31.0,False,True,False,False,True,False,False,False,False,False,False
LAW,30,Racing Bulls,33.0,2.0,HARD,1.0,True,12.0,1,89.189,6759.344,6670.155,30.6,48.8,32.0,False,False,True,False,True,False,False,False,False,False,False
LAW,30,Racing Bulls,34.0,2.0,HARD,2.0,True,11.0,1,71.013,6830.357,6759.344,30.5,48.5,31.0,False,False,False,False,False,False,False,False,False,True,False
LAW,30,Racing Bulls,35.0,2.0,HARD,3.0,True,11.0,1,70.671,6901.028,6830.357,30.4,48.5,32.0,False,False,False,False,False,False,False,False,False,True,False
LAW,30,Racing Bulls,36.0,2.0,HARD,4.0,True,11.0,1,70.664,6971.692,6901.028,30.5,48.4,32.0,False,False,False,False,False,False,False,False,False,True,False
LAW,30,Racing Bulls,37.0,2.0,HARD,5.0,True,11.0,1,70.707,7042.399,6971.692,30.5,48.4,31.0,False,False,False,False,False,False,False,False,False,True,False
LAW,30,Racing Bulls,38.0,2.0,HARD,6.0,True,10.0,1,71.39,7113.789,7042.399,30.4,48.3,32.0,False,False,False,False,False,False,False,False,False,True,False
LAW,30,Racing Bulls,39.0,2.0,HARD,7.0,True,9.0,1,70.35,7184.139,7113.789,30.5,48.7,31.0,False,False,False,False,False,False,False,False,False,True,False
LAW,30,Racing Bulls,40.0,2.0,HARD,8.0,True,9.0,1,70.087,7254.226,7184.139,30.8,49.3,31.0,False,False,False,False,False,False,False,False,False,True,False
LAW,30,Racing Bulls,41.0,2.0,HARD,9.0,True,9.0,1,70.122,7324.348,7254.226,30.9,48.6,30.0,False,False,False,False,False,False,False,False,False,True,False
LAW,30,Racing Bulls,42.0,2.0,HARD,10.0,True,9.0,1,69.996,7394.344,7324.348,30.9,48.4,31.0,False,False,False,False,False,False,False,False,False,True,False
LAW,30,Racing Bulls,43.0,2.0,HARD,11.0,True,8.0,1,70.163,7464.507,7394.344,30.8,48.4,32.0,False,False,False,False,False,False,False,False,False,True,False
LAW,30,Racing Bulls,44.0,2.0,HARD,12.0,True,8.0,1,70.36,7534.867,7464.507,31.0,49.3,31.0,False,False,False,False,False,False,False,False,False,True,False
LAW,30,Racing Bulls,45.0,2.0,HARD,13.0,True,8.0,1,70.118,7604.985,7534.867,31.1,49.1,31.0,False,False,False,False,False,False,False,False,False,True,False
LAW,30,Racing Bulls,46.0,2.0,HARD,14.0,True,7.0,1,70.085,7675.07,7604.985,31.2,49.1,30.0,False,False,False,False,False,False,False,False,False,True,False
LAW,30,Racing Bulls,47.0,2.0,HARD,15.0,True,7.0,1,70.068,7745.138,7675.07,31.2,48.9,30.0,False,False,False,False,False,False,False,False,False,True,False
LAW,30,Racing Bulls,48.0,2.0,HARD,16.0,True,7.0,1,70.244,7815.382,7745.138,31.3,48.0,31.0,False,False,False,False,False,False,False,False,False,True,False
LAW,30,Racing Bulls,49.0,2.0,HARD,17.0,True,7.0,1,70.224,7885.606,7815.382,31.3,48.2,32.0,False,False,False,False,False,False,False,False,False,True,False
LAW,30,Racing Bulls,50.0,2.0,HARD,18.0,True,5.0,1,70.413,7956.019,7885.606,31.1,48.9,31.0,False,False,False,False,False,False,False,False,False,True,False
LAW,30,Racing Bulls,51.0,2.0,HARD,19.0,True,5.0,1,70.177,8026.196,7956.019,31.1,48.7,31.0,False,False,False,False,False,False,False,False,False,True,False
LAW,30,Racing Bulls,52.0,2.0,HARD,20.0,True,5.0,1,70.374,8096.57,8026.196,31.1,48.7,31.0,False,False,False,False,False,False,False,False,False,True,False
LAW,30,Racing Bulls,53.0,2.0,HARD,21.0,True,5.0,1,70.152,8166.722,8096.57,31.1,48.7,31.0,False,False,False,False,False,False,False,False,False,True,False
LAW,30,Racing Bulls,54.0,2.0,HARD,22.0,True,5.0,1,70.534,8237.256,8166.722,31.1,48.4,31.0,False,False,False,False,False,False,False,False,False,True,False
LAW,30,Racing Bulls,55.0,2.0,HARD,23.0,True,6.0,1,71.825,8309.081,8237.256,31.0,48.6,31.0,False,False,False,False,False,False,False,False,False,True,False
LAW,30,Racing Bulls,56.0,2.0,HARD,24.0,True,6.0,1,70.456,8379.537,8309.081,30.9,48.5,31.0,False,False,False,False,False,False,False,False,False,True,False
LAW,30,Racing Bulls,57.0,2.0,HARD,25.0,True,6.0,1,70.256,8449.793,8379.537,30.9,48.2,30.0,False,False,False,False,False,False,False,False,False,True,False
LAW,30,Racing Bulls,58.0,2.0,HARD,26.0,True,6.0,1,69.977,8519.77,8449.793,30.9,47.5,31.0,False,False,False,False,False,False,False,False,False,True,False
LAW,30,Racing Bulls,59.0,2.0,HARD,27.0,True,6.0,1,70.267,8590.037,8519.77,30.7,48.2,31.0,False,False,False,False,False,False,False,False,False,True,False
LAW,30,Racing Bulls,60.0,2.0,HARD,28.0,True,6.0,1,70.179,8660.216,8590.037,30.7,48.6,31.0,False,False,False,False,False,False,False,False,False,True,False
LAW,30,Racing Bulls,61.0,2.0,HARD,29.0,True,6.0,1,70.165,8730.381,8660.216,31.0,48.6,30.0,False,False,False,False,False,False,False,False,False,True,False
LAW,30,Racing Bulls,62.0,2.0,HARD,30.0,True,6.0,1,70.32,8800.701,8730.381,31.1,48.3,30.0,False,False,False,False,False,False,False,False,False,True,False
LAW,30,Racing Bulls,63.0,2.0,HARD,31.0,True,6.0,1,70.388,8871.089,8800.701,31.2,48.2,30.0,False,False,False,False,False,False,False,False,False,True,False
LAW,30,Racing Bulls,64.0,2.0,HARD,32.0,True,6.0,1,70.256,8941.345,8871.089,31.3,48.0,30.0,False,False,False,False,False,False,False,False,False,True,False
LAW,30,Racing Bulls,65.0,2.0,HARD,33.0,True,6.0,1,70.218,9011.563,8941.345,31.3,47.5,30.0,False,False,False,False,False,False,False,False,False,True,False
LAW,30,Racing Bulls,66.0,2.0,HARD,34.0,True,6.0,1,70.579,9082.142,9011.563,31.0,47.5,32.0,False,False,False,False,False,False,False,False,False,True,False
LAW,30,Racing Bulls,67.0,2.0,HARD,35.0,True,6.0,1,70.456,9152.598,9082.142,30.7,45.9,31.0,False,False,False,False,False,False,False,False,False,True,False
LAW,30,Racing Bulls,68.0,2.0,HARD,36.0,True,6.0,1,70.175,9222.773,9152.598,30.7,45.9,32.0,False,False,False,False,False,False,False,False,False,True,False
LAW,30,Racing Bulls,69.0,2.0,HARD,37.0,True,6.0,1,70.167,9292.94,9222.773,30.6,46.3,32.0,False,False,False,False,False,False,False,False,False,True,False
LAW,30,Racing Bulls,70.0,2.0,HARD,38.0,True,6.0,1,71.058,9363.998,9292.94,30.6,47.6,32.0,False,False,False,False,False,False,False,False,False,True,False
ALO,14,Aston Martin,1.0,1.0,MEDIUM,2.0,False,10.0,124,105.927,4374.478,4268.287,30.2,48.6,33.0,False,False,False,False,True,False,True,False,False,False,False
ALO,14,Aston Martin,2.0,1.0,MEDIUM,3.0,False,10.0,4,108.453,4482.931,4374.478,30.4,49.3,31.0,False,False,False,False,True,False,True,False,False,False,False
ALO,14,Aston Martin,3.0,1.0,MEDIUM,4.0,False,10.0,41,105.782,4588.713,4482.931,30.6,49.2,32.0,False,False,False,False,True,False,True,False,False,False,False
ALO,14,Aston Martin,4.0,1.0,MEDIUM,5.0,False,10.0,1,72.463,4661.176,4588.713,30.7,49.8,32.0,False,False,False,False,False,False,False,False,False,True,False
ALO,14,Aston Martin,5.0,1.0,MEDIUM,6.0,False,10.0,1,71.38,4732.556,4661.176,30.8,49.8,32.0,False,False,False,False,False,False,False,False,False,True,False
ALO,14,Aston Martin,6.0,1.0,MEDIUM,7.0,False,10.0,1,71.395,4803.951,4732.556,30.7,49.7,32.0,False,False,False,False,False,False,False,False,False,True,False
ALO,14,Aston Martin,7.0,1.0,MEDIUM,8.0,False,10.0,1,70.81,4874.761,4803.951,30.6,50.3,32.0,False,False,False,False,False,False,False,False,False,True,False
ALO,14,Aston Martin,8.0,1.0,MEDIUM,9.0,False,10.0,1,71.085,4945.846,4874.761,30.6,50.4,32.0,False,False,False,False,False,False,False,False,False,True,False
ALO,14,Aston Martin,9.0,1.0,MEDIUM,10.0,False,10.0,1,70.906,5016.752,4945.846,30.7,50.3,31.0,False,False,False,False,False,False,False,False,False,True,False
ALO,14,Aston Martin,10.0,1.0,MEDIUM,11.0,False,10.0,1,71.532,5088.284,5016.752,30.8,49.9,31.0,False,False,False,False,False,False,False,False,False,True,False
ALO,14,Aston Martin,11.0,1.0,MEDIUM,12.0,False,10.0,1,71.484,5159.768,5088.284,30.6,49.2,31.0,False,False,False,False,False,False,False,False,False,True,False
ALO,14,Aston Martin,12.0,1.0,MEDIUM,13.0,False,9.0,1,72.027,5231.795,5159.768,30.6,49.1,32.0,False,False,False,False,False,False,False,False,False,True,False
ALO,14,Aston Martin,13.0,1.0,MEDIUM,14.0,False,9.0,1,71.794,5303.589,5231.795,30.5,49.2,31.0,False,False,False,False,False,False,False,False,False,True,False
ALO,14,Aston Martin,14.0,1.0,MEDIUM,15.0,False,8.0,1,71.528,5375.117,5303.589,30.4,49.5,31.0,False,False,False,False,False,False,False,False,False,True,False
ALO,14,Aston Martin,15.0,1.0,MEDIUM,16.0,False,8.0,1,71.502,5446.619,5375.117,30.4,49.5,32.0,False,False,False,False,False,False,False,False,False,True,False
ALO,14,Aston Martin,16.0,1.0,MEDIUM,17.0,False,8.0,1,71.565,5518.184,5446.619,30.5,49.5,31.0,False,False,False,False,False,False,False,False,False,True,False
ALO,14,Aston Martin,17.0,1.0,MEDIUM,18.0,False,8.0,1,71.795,5589.979,5518.184,30.5,49.6,31.0,False,False,False,False,False,False,False,False,False,True,False
ALO,14,Aston Martin,18.0,1.0,MEDIUM,19.0,False,8.0,1,71.589,5661.568,5589.979,30.6,49.7,30.0,False,False,False,False,False,False,False,False,False,True,False
ALO,14,Aston Martin,19.0,1.0,MEDIUM,20.0,False,7.0,1,71.609,5733.177,5661.568,30.6,49.4,32.0,False,False,False,False,False,False,False,False,False,True,False
ALO,14,Aston Martin,20.0,1.0,MEDIUM,21.0,False,7.0,1,71.629,5804.806,5733.177,30.6,49.0,31.0,False,False,False,False,False,False,False,False,False,True,False
ALO,14,Aston Martin,21.0,1.0,MEDIUM,22.0,False,6.0,1,71.951,5876.757,5804.806,30.5,49.0,31.0,False,False,False,False,False,False,False,False,False,True,False
ALO,14,Aston Martin,22.0,1.0,MEDIUM,23.0,False,6.0,1,71.446,5948.203,5876.757,30.6,49.3,31.0,False,False,False,False,False,False,False,False,False,True,False
ALO,14,Aston Martin,23.0,1.0,MEDIUM,24.0,False,6.0,1,71.422,6019.625,5948.203,30.7,49.3,31.0,False,False,False,False,False,False,False,False,False,True,False
ALO,14,Aston Martin,24.0,1.0,MEDIUM,25.0,False,6.0,1,71.566,6091.191,6019.625,30.6,49.6,31.0,False,False,False,False,False,False,False,False,False,True,False
ALO,14,Aston Martin,25.0,1.0,MEDIUM,26.0,False,6.0,1,71.676,6162.867,6091.191,30.6,49.6,30.0,False,False,False,False,False,False,False,False,False,True,False
ALO,14,Aston Martin,26.0,1.0,MEDIUM,27.0,False,5.0,1,71.649,6234.516,6162.867,30.5,49.1,31.0,False,False,False,False,False,False,False,False,False,True,False
ALO,14,Aston Martin,27.0,1.0,MEDIUM,28.0,False,5.0,1,72.243,6306.759,6234.516,30.5,49.1,31.0,False,False,False,False,False,False,False,False,False,True,False
ALO,14,Aston Martin,28.0,1.0,MEDIUM,29.0,False,5.0,1,72.033,6378.792,6306.759,30.6,48.8,31.0,False,False,False,False,False,False,False,False,False,True,False
ALO,14,Aston Martin,29.0,1.0,MEDIUM,30.0,False,6.0,1,73.447,6452.239,6378.792,30.6,49.4,31.0,False,False,False,False,False,False,False,False,True,False,False
ALO,14,Aston Martin,30.0,1.0,MEDIUM,31.0,False,6.0,12,72.132,6524.371,6452.239,30.6,48.8,31.0,False,False,False,False,False,False,True,False,False,False,False
ALO,14,Aston Martin,31.0,1.0,MEDIUM,32.0,False,6.0,1,71.899,6596.27,6524.371,30.5,48.8,31.0,False,False,False,False,False,False,False,False,False,True,False
ALO,14,Aston Martin,32.0,1.0,MEDIUM,33.0,False,5.0,1,72.085,6668.355,6596.27,30.5,48.7,31.0,False,False,False,False,False,False,False,False,False,True,False
ALO,14,Aston Martin,33.0,1.0,MEDIUM,34.0,False,6.0,1,75.811,6744.166,6668.355,30.6,48.7,32.0,False,True,False,False,True,False,False,False,False,False,False
ALO,14,Aston Martin,34.0,2.0,HARD,2.0,False,12.0,1,88.004,6832.17,6744.166,30.5,48.5,31.0,False,False,True,False,True,False,False,False,False,False,False
ALO,14,Aston Martin,35.0,2.0,HARD,3.0,False,12.0,1,70.934,6903.104,6832.17,30.4,48.5,32.0,False,False,False,False,False,False,False,False,False,True,False
ALO,14,Aston Martin,36.0,2.0,HARD,4.0,False,12.0,1,70.727,6973.831,6903.104,30.5,48.4,32.0,False,False,False,False,False,False,False,False,False,True,False
ALO,14,Aston Martin,37.0,2.0,HARD,5.0,False,12.0,1,70.697,7044.528,6973.831,30.5,48.4,31.0,False,False,False,False,False,False,False,False,False,True,False
ALO,14,Aston Martin,38.0,2.0,HARD,6.0,False,11.0,1,70.58,7115.108,7044.528,30.4,48.3,32.0,False,False,False,False,False,False,False,False,False,True,False
ALO,14,Aston Martin,39.0,2.0,HARD,7.0,False,11.0,1,69.935,7185.043,7115.108,30.5,48.7,31.0,False,False,False,False,False,False,False,False,False,True,False
ALO,14,Aston Martin,40.0,2.0,HARD,8.0,False,10.0,1,70.175,7255.218,7185.043,30.8,49.3,31.0,False,False,False,False,False,False,False,False,False,True,False
ALO,14,Aston Martin,41.0,2.0,HARD,9.0,False,10.0,1,70.057,7325.275,7255.218,30.9,48.6,30.0,False,False,False,False,False,False,False,False,False,True,False
ALO,14,Aston Martin,42.0,2.0,HARD,10.0,False,10.0,1,69.964,7395.239,7325.275,30.9,48.4,31.0,False,False,False,False,False,False,False,False,False,True,False
ALO,14,Aston Martin,43.0,2.0,HARD,11.0,False,9.0,1,70.068,7465.307,7395.239,30.8,48.4,32.0,False,False,False,False,False,False,False,False,False,True,False
ALO,14,Aston Martin,44.0,2.0,HARD,12.0,False,9.0,1,70.338,7535.645,7465.307,31.0,49.3,31.0,False,False,False,False,False,False,False,False,False,True,False
ALO,14,Aston Martin,45.0,2.0,HARD,13.0,False,9.0,1,70.255,7605.9,7535.645,31.1,49.1,31.0,False,False,False,False,False,False,False,False,False,True,False
ALO,14,Aston Martin,46.0,2.0,HARD,14.0,False,8.0,1,69.971,7675.871,7605.9,31.2,49.1,30.0,False,False,False,False,False,False,False,False,False,True,False
ALO,14,Aston Martin,47.0,2.0,HARD,15.0,False,8.0,1,70.129,7746.0,7675.871,31.2,48.9,30.0,False,False,False,False,False,False,False,False,False,True,False
ALO,14,Aston Martin,48.0,2.0,HARD,16.0,False,8.0,1,70.302,7816.302,7746.0,31.3,48.0,31.0,False,False,False,False,False,False,False,False,False,True,False
ALO,14,Aston Martin,49.0,2.0,HARD,17.0,False,8.0,1,70.203,7886.505,7816.302,31.3,48.2,32.0,False,False,False,False,False,False,False,False,False,True,False
ALO,14,Aston Martin,50.0,2.0,HARD,18.0,False,6.0,1,70.313,7956.818,7886.505,31.1,48.9,31.0,False,False,False,False,False,False,False,False,False,True,False
ALO,14,Aston Martin,51.0,2.0,HARD,19.0,False,6.0,1,70.329,8027.147,7956.818,31.1,48.7,31.0,False,False,False,False,False,False,False,False,False,True,False
ALO,14,Aston Martin,52.0,2.0,HARD,20.0,False,6.0,1,70.325,8097.472,8027.147,31.1,48.7,31.0,False,False,False,False,False,False,False,False,False,True,False
ALO,14,Aston Martin,53.0,2.0,HARD,21.0,False,6.0,1,70.207,8167.679,8097.472,31.1,48.7,31.0,False,False,False,False,False,False,False,False,False,True,False
ALO,14,Aston Martin,54.0,2.0,HARD,22.0,False,7.0,1,71.177,8238.856,8167.679,31.1,48.4,31.0,False,False,False,False,False,False,False,False,False,True,False
ALO,14,Aston Martin,55.0,2.0,HARD,23.0,False,7.0,1,70.859,8309.715,8238.856,31.0,48.6,31.0,False,False,False,False,False,False,False,False,False,True,False
ALO,14,Aston Martin,56.0,2.0,HARD,24.0,False,7.0,1,70.609,8380.324,8309.715,30.9,48.5,31.0,False,False,False,False,False,False,False,False,False,True,False
ALO,14,Aston Martin,57.0,2.0,HARD,25.0,False,7.0,1,70.195,8450.519,8380.324,30.9,48.2,30.0,False,False,False,False,False,False,False,False,False,True,False
ALO,14,Aston Martin,58.0,2.0,HARD,26.0,False,7.0,1,70.254,8520.773,8450.519,30.9,47.5,31.0,False,False,False,False,False,False,False,False,False,True,False
ALO,14,Aston Martin,59.0,2.0,HARD,27.0,False,7.0,1,70.252,8591.025,8520.773,30.7,48.2,31.0,False,False,False,False,False,False,False,False,False,True,False
ALO,14,Aston Martin,60.0,2.0,HARD,28.0,False,7.0,1,70.149,8661.174,8591.025,30.7,48.6,31.0,False,False,False,False,False,False,False,False,False,True,False
ALO,14,Aston Martin,61.0,2.0,HARD,29.0,False,7.0,1,70.198,8731.372,8661.174,31.0,48.6,30.0,False,False,False,False,False,False,False,False,False,True,False
ALO,14,Aston Martin,62.0,2.0,HARD,30.0,False,7.0,1,70.172,8801.544,8731.372,31.1,48.3,30.0,False,False,False,False,False,False,False,False,False,True,False
ALO,14,Aston Martin,63.0,2.0,HARD,31.0,False,7.0,1,70.462,8872.006,8801.544,31.2,48.2,30.0,False,False,False,False,False,False,False,False,False,True,False
ALO,14,Aston Martin,64.0,2.0,HARD,32.0,False,7.0,1,70.255,8942.261,8872.006,31.3,48.0,30.0,False,False,False,False,False,False,False,False,False,True,False
ALO,14,Aston Martin,65.0,2.0,HARD,33.0,False,7.0,1,70.4,9012.661,8942.261,31.3,47.5,30.0,False,False,False,False,False,False,False,False,False,True,False
ALO,14,Aston Martin,66.0,2.0,HARD,34.0,False,7.0,1,71.118,9083.779,9012.661,31.0,47.5,32.0,False,False,False,False,False,False,False,False,False,True,False
ALO,14,Aston Martin,67.0,2.0,HARD,35.0,False,7.0,1,70.966,9154.745,9083.779,30.7,45.9,31.0,False,False,False,False,False,False,False,False,False,True,False
ALO,14,Aston Martin,68.0,2.0,HARD,36.0,False,7.0,1,71.471,9226.216,9154.745,30.7,45.9,32.0,False,False,False,False,False,False,False,False,False,True,False
ALO,14,Aston Martin,69.0,2.0,HARD,37.0,False,7.0,1,71.465,9297.681,9226.216,30.6,46.3,32.0,False,False,False,False,False,False,False,False,False,True,False
BOR,5,Kick Sauber,1.0,1.0,MEDIUM,1.0,True,8.0,124,102.691,4371.242,4268.287,30.2,48.6,33.0,False,False,False,False,True,False,True,False,False,False,False
BOR,5,Kick Sauber,2.0,1.0,MEDIUM,2.0,True,8.0,4,109.849,4481.091,4371.242,30.4,49.3,31.0,False,False,False,False,True,False,True,False,False,False,False
BOR,5,Kick Sauber,3.0,1.0,MEDIUM,3.0,True,8.0,41,106.776,4587.867,4481.091,30.6,49.2,32.0,False,False,False,False,True,False,True,False,False,False,False
BOR,5,Kick Sauber,4.0,1.0,MEDIUM,4.0,True,8.0,1,72.12,4659.987,4587.867,30.7,49.8,32.0,False,False,False,False,False,False,False,False,False,True,False
BOR,5,Kick Sauber,5.0,1.0,MEDIUM,5.0,True,8.0,1,71.284,4731.271,4659.987,30.8,49.8,32.0,False,False,False,False,False,False,False,False,False,True,False
BOR,5,Kick Sauber,6.0,1.0,MEDIUM,6.0,True,8.0,1,70.933,4802.204,4731.271,30.7,49.7,32.0,False,False,False,False,False,False,False,False,False,True,False
BOR,5,Kick Sauber,7.0,1.0,MEDIUM,7.0,True,8.0,1,70.946,4873.15,4802.204,30.6,50.3,32.0,False,False,False,False,False,False,False,False,False,True,False
BOR,5,Kick Sauber,8.0,1.0,MEDIUM,8.0,True,8.0,1,70.969,4944.119,4873.15,30.6,50.4,32.0,False,False,False,False,False,False,False,False,False,True,False
BOR,5,Kick Sauber,9.0,1.0,MEDIUM,9.0,True,8.0,1,71.241,5015.36,4944.119,30.7,50.3,31.0,False,False,False,False,False,False,False,False,False,True,False
BOR,5,Kick Sauber,10.0,1.0,MEDIUM,10.0,True,8.0,1,71.408,5086.768,5015.36,30.8,49.9,31.0,False,False,False,False,False,False,False,False,False,True,False
BOR,5,Kick Sauber,11.0,1.0,MEDIUM,11.0,True,8.0,1,71.6,5158.368,5086.768,30.6,49.2,31.0,False,False,False,False,False,False,False,False,False,True,False
BOR,5,Kick Sauber,12.0,1.0,MEDIUM,12.0,True,7.0,1,71.412,5229.78,5158.368,30.6,49.1,32.0,False,False,False,False,False,False,False,False,False,True,False
BOR,5,Kick Sauber,13.0,1.0,MEDIUM,13.0,True,6.0,1,71.78,5301.56,5229.78,30.5,49.2,31.0,False,False,False,False,False,False,False,False,False,True,False
BOR,5,Kick Sauber,14.0,1.0,MEDIUM,14.0,True,6.0,1,71.418,5372.978,5301.56,30.4,49.5,31.0,False,False,False,False,False,False,False,False,False,True,False
BOR,5,Kick Sauber,15.0,1.0,MEDIUM,15.0,True,6.0,1,71.428,5444.406,5372.978,30.4,49.5,32.0,False,False,False,False,False,False,False,False,False,True,False
BOR,5,Kick Sauber,16.0,1.0,MEDIUM,16.0,True,6.0,1,71.502,5515.908,5444.406,30.5,49.5,31.0,False,False,False,False,False,False,False,False,False,True,False
BOR,5,Kick Sauber,17.0,1.0,MEDIUM,17.0,True,6.0,1,71.752,5587.66,5515.908,30.5,49.6,31.0,False,False,False,False,False,False,False,False,False,True,False
BOR,5,Kick Sauber,18.0,1.0,MEDIUM,18.0,True,5.0,1,71.445,5659.105,5587.66,30.6,49.7,30.0,False,False,False,False,False,False,False,False,False,True,False
BOR,5,Kick Sauber,19.0,1.0,MEDIUM,19.0,True,5.0,1,71.567,5730.672,5659.105,30.6,49.4,32.0,False,False,False,False,False,False,False,False,False,True,False
BOR,5,Kick Sauber,20.0,1.0,MEDIUM,20.0,True,5.0,1,71.712,5802.384,5730.672,30.6,49.0,31.0,False,False,False,False,False,False,False,False,False,True,False
BOR,5,Kick Sauber,21.0,1.0,MEDIUM,21.0,True,7.0,1,75.062,5877.446,5802.384,30.5,49.0,31.0,False,True,False,False,True,False,False,False,False,False,False
BOR,5,Kick Sauber,22.0,2.0,MEDIUM,1.0,True,13.0,1,89.243,5966.689,5877.446,30.6,49.3,31.0,False,False,True,False,True,False,False,False,False,False,False
BOR,5,Kick Sauber,23.0,2.0,MEDIUM,2.0,True,12.0,1,70.456,6037.145,5966.689,30.6,49.3,31.0,False,False,False,False,False,False,False,False,False,True,False
BOR,5,Kick Sauber,24.0,2.0,MEDIUM,3.0,True,12.0,1,70.911,6108.056,6037.145,30.6,49.6,31.0,False,False,False,False,False,False,False,False,False,True,False
BOR,5,Kick Sauber,25.0,2.0,MEDIUM,4.0,True,12.0,1,70.5,6178.556,6108.056,30.6,49.6,30.0,False,False,False,False,False,False,False,False,False,True,False
BOR,5,Kick Sauber,26.0,2.0,MEDIUM,5.0,True,11.0,1,71.17,6249.726,6178.556,30.5,49.1,31.0,False,False,False,False,False,False,False,False,False,True,False
BOR,5,Kick Sauber,27.0,2.0,MEDIUM,6.0,True,10.0,1,71.314,6321.04,6249.726,30.5,49.1,31.0,False,False,False,False,False,False,False,False,False,True,False
BOR,5,Kick Sauber,28.0,2.0,MEDIUM,7.0,True,8.0,1,70.962,6392.002,6321.04,30.6,49.7,31.0,False,False,False,False,False,False,False,False,False,True,False
BOR,5,Kick Sauber,29.0,2.0,MEDIUM,8.0,True,8.0,1,70.586,6462.588,6392.002,30.6,49.4,31.0,False,False,False,False,False,False,False,False,False,True,False
BOR,5,Kick Sauber,30.0,2.0,MEDIUM,9.0,True,8.0,12,70.744,6533.332,6462.588,30.6,48.8,31.0,False,False,False,False,False,False,True,False,False,False,False
BOR,5,Kick Sauber,31.0,2.0,MEDIUM,10.0,True,8.0,1,70.591,6603.923,6533.332,30.5,48.8,31.0,False,False,False,False,False,False,False,False,False,True,False
BOR,5,Kick Sauber,32.0,2.0,MEDIUM,11.0,True,8.0,1,70.66,6674.583,6603.923,30.5,48.7,31.0,False,False,False,False,False,False,False,False,False,True,False
BOR,5,Kick Sauber,33.0,2.0,MEDIUM,12.0,True,7.0,1,70.872,6745.455,6674.583,30.6,48.7,32.0,False,False,False,False,False,False,False,False,False,True,False
BOR,5,Kick Sauber,34.0,2.0,MEDIUM,13.0,True,6.0,1,70.493,6815.948,6745.455,30.5,48.5,31.0,False,False,False,False,False,False,False,False,False,True,False
BOR,5,Kick Sauber,35.0,2.0,MEDIUM,14.0,True,6.0,1,70.723,6886.671,6815.948,30.4,48.5,32.0,False,False,False,False,False,False,False,False,False,True,False
BOR,5,Kick Sauber,36.0,2.0,MEDIUM,15.0,True,6.0,1,70.575,6957.246,6886.671,30.5,48.4,32.0,False,False,False,False,False,False,False,False,False,True,False
BOR,5,Kick Sauber,37.0,2.0,MEDIUM,16.0,True,6.0,1,70.616,7027.862,6957.246,30.5,48.4,31.0,False,False,False,False,False,False,False,False,False,True,False
BOR,5,Kick Sauber,38.0,2.0,MEDIUM,17.0,True,6.0,1,70.58,7098.442,7027.862,30.4,48.1,31.0,False,False,False,False,False,False,False,False,False,True,False
BOR,5,Kick Sauber,39.0,2.0,MEDIUM,18.0,True,6.0,1,70.929,7169.371,7098.442,30.5,48.7,31.0,False,False,False,False,False,False,False,False,False,True,False
BOR,5,Kick Sauber,40.0,2.0,MEDIUM,19.0,True,6.0,1,70.795,7240.166,7169.371,30.8,49.3,31.0,False,False,False,False,False,False,False,False,False,True,False
BOR,5,Kick Sauber,41.0,2.0,MEDIUM,20.0,True,6.0,1,70.987,7311.153,7240.166,30.9,48.6,30.0,False,False,False,False,False,False,False,False,False,True,False
BOR,5,Kick Sauber,42.0,2.0,MEDIUM,21.0,True,6.0,1,70.512,7381.665,7311.153,30.9,48.4,31.0,False,False,False,False,False,False,False,False,False,True,False
BOR,5,Kick Sauber,43.0,2.0,MEDIUM,22.0,True,6.0,1,70.775,7452.44,7381.665,30.8,48.4,32.0,False,False,False,False,False,False,False,False,False,True,False
BOR,5,Kick Sauber,44.0,2.0,MEDIUM,23.0,True,6.0,1,70.97,7523.41,7452.44,30.8,48.7,32.0,False,False,False,False,False,False,False,False,False,True,False
BOR,5,Kick Sauber,45.0,2.0,MEDIUM,24.0,True,6.0,1,70.853,7594.263,7523.41,31.1,49.1,31.0,False,False,False,False,False,False,False,False,False,True,False
BOR,5,Kick Sauber,46.0,2.0,MEDIUM,25.0,True,5.0,1,70.902,7665.165,7594.263,31.2,49.1,30.0,False,False,False,False,False,False,False,False,False,True,False
BOR,5,Kick Sauber,47.0,2.0,MEDIUM,26.0,True,5.0,1,70.704,7735.869,7665.165,31.2,48.9,30.0,False,False,False,False,False,False,False,False,False,True,False
BOR,5,Kick Sauber,48.0,2.0,MEDIUM,27.0,True,5.0,1,71.191,7807.06,7735.869,31.3,48.0,31.0,False,False,False,False,False,False,False,False,False,True,False
BOR,5,Kick Sauber,49.0,2.0,MEDIUM,28.0,True,5.0,1,74.673,7881.733,7807.06,31.3,48.2,32.0,False,True,False,False,True,False,False,False,False,False,False
BOR,5,Kick Sauber,50.0,3.0,HARD,1.0,True,10.0,1,88.844,7970.577,7881.733,31.1,48.9,31.0,False,False,True,False,True,False,False,False,False,False,False
BOR,5,Kick Sauber,51.0,3.0,HARD,2.0,True,9.0,1,69.997,8040.574,7970.577,31.1,48.7,31.0,False,False,False,False,False,False,False,False,False,True,False
BOR,5,Kick Sauber,52.0,3.0,HARD,3.0,True,9.0,1,69.786,8110.36,8040.574,31.1,48.7,31.0,False,False,False,False,False,False,False,False,False,True,False
BOR,5,Kick Sauber,53.0,3.0,HARD,4.0,True,9.0,1,69.433,8179.793,8110.36,31.1,48.7,31.0,False,False,False,False,False,False,False,False,False,True,False
BOR,5,Kick Sauber,54.0,3.0,HARD,5.0,True,9.0,1,69.676,8249.469,8179.793,31.0,48.4,31.0,False,False,False,False,False,False,False,False,False,True,False
BOR,5,Kick Sauber,55.0,3.0,HARD,6.0,True,9.0,1,70.307,8319.776,8249.469,31.0,48.6,31.0,False,False,False,False,False,False,False,False,False,True,False
BOR,5,Kick Sauber,56.0,3.0,HARD,7.0,True,8.0,1,69.852,8389.628,8319.776,30.9,48.5,31.0,False,False,False,False,False,False,False,False,False,True,False
BOR,5,Kick Sauber,57.0,3.0,HARD,8.0,True,8.0,1,69.955,8459.583,8389.628,30.9,48.2,30.0,False,False,False,False,False,False,False,False,False,True,False
BOR,5,Kick Sauber,58.0,3.0,HARD,9.0,True,8.0,1,69.648,8529.231,8459.583,30.9,47.5,31.0,False,False,False,False,False,False,False,False,False,True,False
BOR,5,Kick Sauber,59.0,3.0,HARD,10.0,True,8.0,1,69.289,8598.52,8529.231,30.7,48.2,31.0,False,False,False,False,False,False,False,False,False,True,False
BOR,5,Kick Sauber,60.0,3.0,HARD,11.0,True,8.0,1,69.247,8667.767,8598.52,30.7,48.6,31.0,False,False,False,False,False,False,False,False,False,True,False
BOR,5,Kick Sauber,61.0,3.0,HARD,12.0,True,8.0,1,69.302,8737.069,8667.767,31.0,48.6,30.0,False,False,False,False,False,False,False,False,False,True,False
BOR,5,Kick Sauber,62.0,3.0,HARD,13.0,True,8.0,1,69.375,8806.444,8737.069,31.1,48.3,30.0,False,False,False,False,False,False,False,False,False,True,False
BOR,5,Kick Sauber,63.0,3.0,HARD,14.0,True,8.0,1,69.261,8875.705,8806.444,31.2,48.2,30.0,False,False,False,False,False,False,False,False,False,True,False
BOR,5,Kick Sauber,64.0,3.0,HARD,15.0,True,8.0,1,69.254,8944.959,8875.705,31.3,48.0,30.0,False,False,False,False,False,False,False,False,False,True,False
BOR,5,Kick Sauber,65.0,3.0,HARD,16.0,True,8.0,1,69.416,9014.375,8944.959,31.3,47.5,30.0,False,False,False,False,False,False,False,False,False,True,False
BOR,5,Kick Sauber,66.0,3.0,HARD,17.0,True,8.0,1,69.944,9084.319,9014.375,31.0,47.5,32.0,False,False,False,False,False,False,False,False,False,True,False
BOR,5,Kick Sauber,67.0,3.0,HARD,18.0,True,8.0,1,70.756,9155.075,9084.319,30.7,45.9,31.0,False,False,False,False,False,False,False,False,False,True,False
BOR,5,Kick Sauber,68.0,3.0,HARD,19.0,True,8.0,1,72.241,9227.316,9155.075,30.7,45.9,32.0,False,False,False,False,False,False,False,False,False,True,False
BOR,5,Kick Sauber,69.0,3.0,HARD,20.0,True,8.0,1,70.88,9298.196,9227.316,30.6,46.3,32.0,False,False,False,False,False,False,False,False,False,True,False
HUL,27,Kick Sauber,1.0,1.0,SOFT,1.0,True,17.0,124,118.625,4387.176,4268.287,30.2,48.6,33.0,False,False,False,False,True,False,True,False,False,False,False
HUL,27,Kick Sauber,2.0,1.0,SOFT,2.0,True,17.0,4,104.918,4492.094,4387.176,30.4,49.3,31.0,False,False,False,False,True,False,True,False,False,False,False
HUL,27,Kick Sauber,3.0,1.0,SOFT,3.0,True,16.0,41,99.362,4591.456,4492.094,30.7,49.6,32.0,False,False,False,False,True,False,True,False,False,False,False
HUL,27,Kick Sauber,4.0,1.0,SOFT,4.0,True,16.0,1,72.316,4663.772,4591.456,30.7,49.8,32.0,False,False,False,False,False,False,False,False,False,True,False
HUL,27,Kick Sauber,5.0,1.0,SOFT,5.0,True,16.0,1,72.034,4735.806,4663.772,30.8,49.8,32.0,False,False,False,False,False,False,False,False,False,True,False
HUL,27,Kick Sauber,6.0,1.0,SOFT,6.0,True,16.0,1,71.857,4807.663,4735.806,30.7,49.7,32.0,False,False,False,False,False,False,False,False,False,True,False
HUL,27,Kick Sauber,7.0,1.0,SOFT,7.0,True,16.0,1,71.507,4879.17,4807.663,30.6,50.3,32.0,False,False,False,False,False,False,False,False,False,True,False
HUL,27,Kick Sauber,8.0,1.0,SOFT,8.0,True,16.0,1,70.949,4950.119,4879.17,30.6,50.3,32.0,False,False,False,False,False,False,False,False,False,True,False
HUL,27,Kick Sauber,9.0,1.0,SOFT,9.0,True,16.0,1,71.201,5021.32,4950.119,30.7,50.3,31.0,False,False,False,False,False,False,False,False,False,True,False
HUL,27,Kick Sauber,10.0,1.0,SOFT,10.0,True,16.0,1,71.118,5092.438,5021.32,30.8,49.9,31.0,False,False,False,False,False,False,False,False,False,True,False
HUL,27,Kick Sauber,11.0,1.0,SOFT,11.0,True,16.0,1,71.537,5163.975,5092.438,30.6,49.2,31.0,False,False,False,False,False,False,False,False,False,True,False
HUL,27,Kick Sauber,12.0,1.0,SOFT,12.0,True,16.0,1,75.086,5239.061,5163.975,30.6,49.1,32.0,False,True,False,False,True,False,False,False,False,False,False
HUL,27,Kick Sauber,13.0,2.0,MEDIUM,1.0,True,17.0,1,87.5,5326.561,5239.061,30.4,49.9,32.0,False,False,True,False,True,False,False,False,False,False,False
HUL,27,Kick Sauber,14.0,2.0,MEDIUM,2.0,True,16.0,1,71.372,5397.933,5326.561,30.4,49.5,31.0,False,False,False,False,False,False,False,False,False,True,False
HUL,27,Kick Sauber,15.0,2.0,MEDIUM,3.0,True,15.0,1,70.735,5468.668,5397.933,30.4,49.5,32.0,False,False,False,False,False,False,False,False,False,True,False
HUL,27,Kick Sauber,16.0,2.0,MEDIUM,4.0,True,15.0,1,70.729,5539.397,5468.668,30.5,49.5,31.0,False,False,False,False,False,False,False,False,False,True,False
HUL,27,Kick Sauber,17.0,2.0,MEDIUM,5.0,True,15.0,1,70.879,5610.276,5539.397,30.6,49.7,30.0,False,False,False,False,False,False,False,False,False,True,False
HUL,27,Kick Sauber,18.0,2.0,MEDIUM,6.0,True,15.0,1,70.967,5681.243,5610.276,30.6,49.4,31.0,False,False,False,False,False,False,False,False,False,True,False
HUL,27,Kick Sauber,19.0,2.0,MEDIUM,7.0,True,14.0,1,70.746,5751.989,5681.243,30.6,49.4,32.0,False,False,False,False,False,False,False,False,False,True,False
HUL,27,Kick Sauber,20.0,2.0,MEDIUM,8.0,True,13.0,1,70.769,5822.758,5751.989,30.6,49.0,31.0,False,False,False,False,False,False,False,False,False,True,False
HUL,27,Kick Sauber,21.0,2.0,MEDIUM,9.0,True,13.0,1,71.332,5894.09,5822.758,30.5,49.0,31.0,False,False,False,False,False,False,False,False,False,True,False
HUL,27,Kick Sauber,22.0,2.0,MEDIUM,10.0,True,11.0,1,70.923,5965.013,5894.09,30.6,49.3,31.0,False,False,False,False,False,False,False,False,False,True,False
HUL,27,Kick Sauber,23.0,2.0,MEDIUM,11.0,True,11.0,1,70.78,6035.793,5965.013,30.6,49.3,31.0,False,False,False,False,False,False,False,False,False,True,False
HUL,27,Kick Sauber,24.0,2.0,MEDIUM,12.0,True,11.0,1,70.924,6106.717,6035.793,30.6,49.6,31.0,False,False,False,False,False,False,False,False,False,True,False
HUL,27,Kick Sauber,25.0,2.0,MEDIUM,13.0,True,11.0,1,71.101,6177.818,6106.717,30.6,49.6,30.0,False,False,False,False,False,False,False,False,False,True,False
HUL,27,Kick Sauber,26.0,2.0,MEDIUM,14.0,True,10.0,1,71.448,6249.266,6177.818,30.5,49.1,31.0,False,False,False,False,False,False,False,False,False,True,False
HUL,27,Kick Sauber,27.0,2.0,MEDIUM,15.0,True,9.0,1,71.142,6320.408,6249.266,30.5,49.1,31.0,False,False,False,False,False,False,False,False,False,True,False
HUL,27,Kick Sauber,28.0,2.0,MEDIUM,16.0,True,9.0,1,72.593,6393.001,6320.408,30.6,49.7,31.0,False,False,False,False,False,False,False,False,False,True,False
HUL,27,Kick Sauber,29.0,2.0,MEDIUM,17.0,True,9.0,1,70.895,6463.896,6393.001,30.6,49.4,31.0,False,False,False,False,False,False,False,False,False,True,False
HUL,27,Kick Sauber,30.0,2.0,MEDIUM,18.0,True,9.0,12,71.238,6535.134,6463.896,30.6,48.8,31.0,False,False,False,False,False,False,True,False,False,False,False
HUL,27,Kick Sauber,31.0,2.0,MEDIUM,19.0,True,9.0,1,71.075,6606.209,6535.134,30.5,48.8,31.0,False,False,False,False,False,False,False,False,False,True,False
HUL,27,Kick Sauber,32.0,2.0,MEDIUM,20.0,True,9.0,1,71.239,6677.448,6606.209,30.5,48.7,31.0,False,False,False,False,False,False,False,False,False,True,False
HUL,27,Kick Sauber,33.0,2.0,MEDIUM,21.0,True,8.0,1,71.002,6748.45,6677.448,30.6,48.7,32.0,False,False,False,False,False,False,False,False,False,True,False
HUL,27,Kick Sauber,34.0,2.0,MEDIUM,22.0,True,7.0,1,70.923,6819.373,6748.45,30.5,48.5,31.0,False,False,False,False,False,False,False,False,False,True,False
HUL,27,Kick Sauber,35.0,2.0,MEDIUM,23.0,True,7.0,1,70.948,6890.321,6819.373,30.4,48.5,32.0,False,False,False,False,False,False,False,False,False,True,False
HUL,27,Kick Sauber,36.0,2.0,MEDIUM,24.0,True,7.0,1,70.861,6961.182,6890.321,30.5,48.4,32.0,False,False,False,False,False,False,False,False,False,True,False
HUL,27,Kick Sauber,37.0,2.0,MEDIUM,25.0,True,7.0,1,70.802,7031.984,6961.182,30.5,48.4,31.0,False,False,False,False,False,False,False,False,False,True,False
HUL,27,Kick Sauber,38.0,2.0,MEDIUM,26.0,True,7.0,1,70.797,7102.781,7031.984,30.4,48.1,31.0,False,False,False,False,False,False,False,False,False,True,False
HUL,27,Kick Sauber,39.0,2.0,MEDIUM,27.0,True,7.0,1,70.906,7173.687,7102.781,30.5,48.7,31.0,False,False,False,False,False,False,False,False,False,True,False
HUL,27,Kick Sauber,40.0,2.0,MEDIUM,28.0,True,7.0,1,70.708,7244.395,7173.687,30.8,49.3,31.0,False,False,False,False,False,False,False,False,False,True,False
HUL,27,Kick Sauber,41.0,2.0,MEDIUM,29.0,True,7.0,1,71.041,7315.436,7244.395,30.9,48.6,30.0,False,False,False,False,False,False,False,False,False,True,False
HUL,27,Kick Sauber,42.0,2.0,MEDIUM,30.0,True,8.0,1,74.479,7389.915,7315.436,30.9,48.4,31.0,False,True,False,False,True,False,False,False,False,False,False
HUL,27,Kick Sauber,43.0,3.0,MEDIUM,1.0,True,11.0,1,87.028,7476.943,7389.915,30.8,48.7,32.0,False,False,True,False,True,False,False,False,False,False,False
HUL,27,Kick Sauber,44.0,3.0,MEDIUM,2.0,True,11.0,1,70.552,7547.495,7476.943,31.0,49.3,31.0,False,False,False,False,False,False,False,False,False,True,False
HUL,27,Kick Sauber,45.0,3.0,MEDIUM,3.0,True,11.0,1,70.168,7617.663,7547.495,31.1,49.1,31.0,False,False,False,False,False,False,False,False,False,True,False
HUL,27,Kick Sauber,46.0,3.0,MEDIUM,4.0,True,11.0,1,72.362,7690.025,7617.663,31.2,49.1,30.0,False,False,False,False,False,False,False,False,False,True,False
HUL,27,Kick Sauber,47.0,3.0,MEDIUM,5.0,True,11.0,1,70.453,7760.478,7690.025,31.2,48.9,30.0,False,False,False,False,False,False,False,False,False,True,False
HUL,27,Kick Sauber,48.0,3.0,MEDIUM,6.0,True,11.0,1,70.645,7831.123,7760.478,31.3,48.2,32.0,False,False,False,False,False,False,False,False,False,True,False
HUL,27,Kick Sauber,49.0,3.0,MEDIUM,7.0,True,11.0,1,70.257,7901.38,7831.123,31.1,48.9,31.0,False,False,False,False,False,False,False,False,False,True,False
HUL,27,Kick Sauber,50.0,3.0,MEDIUM,8.0,True,11.0,1,70.645,7972.025,7901.38,31.1,48.9,31.0,False,False,False,False,False,False,False,False,False,True,False
HUL,27,Kick Sauber,51.0,3.0,MEDIUM,9.0,True,10.0,1,70.162,8042.187,7972.025,31.1,48.7,31.0,False,False,False,False,False,False,False,False,False,True,False
HUL,27,Kick Sauber,52.0,3.0,MEDIUM,10.0,True,10.0,1,70.293,8112.48,8042.187,31.1,48.7,31.0,False,False,False,False,False,False,False,False,False,True,False
HUL,27,Kick Sauber,53.0,3.0,MEDIUM,11.0,True,10.0,1,69.945,8182.425,8112.48,31.1,48.7,31.0,False,False,False,False,False,False,False,False,False,True,False
HUL,27,Kick Sauber,54.0,3.0,MEDIUM,12.0,True,10.0,1,69.857,8252.282,8182.425,31.0,48.4,31.0,False,False,False,False,False,False,False,False,False,True,False
HUL,27,Kick Sauber,55.0,3.0,MEDIUM,13.0,True,10.0,1,70.188,8322.47,8252.282,31.0,48.6,31.0,False,False,False,False,False,False,False,False,False,True,False
HUL,27,Kick Sauber,56.0,3.0,MEDIUM,14.0,True,10.0,1,69.872,8392.342,8322.47,30.9,48.5,31.0,False,False,False,False,False,False,False,False,False,True,False
HUL,27,Kick Sauber,57.0,3.0,MEDIUM,15.0,True,9.0,1,69.459,8461.801,8392.342,30.9,48.2,30.0,False,False,False,False,False,False,False,False,False,True,False
HUL,27,Kick Sauber,58.0,3.0,MEDIUM,16.0,True,9.0,1,69.661,8531.462,8461.801,30.9,47.5,31.0,False,False,False,False,False,False,False,False,False,True,False
HUL,27,Kick Sauber,59.0,3.0,MEDIUM,17.0,True,9.0,1,69.46,8600.922,8531.462,30.7,48.2,31.0,False,False,False,False,False,False,False,False,False,True,False
HUL,27,Kick Sauber,60.0,3.0,MEDIUM,18.0,True,9.0,1,69.792,8670.714,8600.922,30.9,48.6,30.0,False,False,False,False,False,False,False,False,False,True,False
HUL,27,Kick Sauber,61.0,3.0,MEDIUM,19.0,True,9.0,1,69.742,8740.456,8670.714,31.0,48.6,30.0,False,False,False,False,False,False,False,False,False,True,False
HUL,27,Kick Sauber,62.0,3.0,MEDIUM,20.0,True,9.0,1,69.996,8810.452,8740.456,31.1,48.3,30.0,False,False,False,False,False,False,False,False,False,True,False
HUL,27,Kick Sauber,63.0,3.0,MEDIUM,21.0,True,9.0,1,71.67,8882.122,8810.452,31.2,48.2,30.0,False,False,False,False,False,False,False,False,False,True,False
HUL,27,Kick Sauber,64.0,3.0,MEDIUM,22.0,True,9.0,1,70.646,8952.768,8882.122,31.3,48.0,30.0,False,False,False,False,False,False,False,False,False,True,False
HUL,27,Kick Sauber,65.0,3.0,MEDIUM,23.0,True,9.0,1,69.81,9022.578,8952.768,31.3,47.5,30.0,False,False,False,False,False,False,False,False,False,True,False
HUL,27,Kick Sauber,66.0,3.0,MEDIUM,24.0,True,9.0,1,70.375,9092.953,9022.578,30.8,47.3,32.0,False,False,False,False,False,False,False,False,False,True,False
HUL,27,Kick Sauber,67.0,3.0,MEDIUM,25.0,True,9.0,1,70.274,9163.227,9092.953,30.7,45.9,31.0,False,False,False,False,False,False,False,False,False,True,False
HUL,27,Kick Sauber,68.0,3.0,MEDIUM,26.0,True,9.0,1,70.294,9233.521,9163.227,30.7,45.9,32.0,False,False,False,False,False,False,False,False,False,True,False
HUL,27,Kick Sauber,69.0,3.0,MEDIUM,27.0,True,9.0,1,70.443,9303.964,9233.521,30.6,46.3,32.0,False,False,False,False,False,False,False,False,False,True,False
OCO,31,Haas F1 Team,1.0,1.0,MEDIUM,1.0,True,14.0,124,111.782,4380.333,4268.287,30.2,48.6,33.0,False,False,False,False,True,False,True,False,False,False,False
OCO,31,Haas F1 Team,2.0,1.0,MEDIUM,2.0,True,14.0,4,107.393,4487.726,4380.333,30.4,49.3,31.0,False,False,False,False,True,False,True,False,False,False,False
OCO,31,Haas F1 Team,3.0,1.0,MEDIUM,3.0,True,14.0,41,102.552,4590.278,4487.726,30.7,49.6,32.0,False,False,False,False,True,False,True,False,False,False,False
OCO,31,Haas F1 Team,4.0,1.0,MEDIUM,4.0,True,14.0,1,72.537,4662.815,4590.278,30.7,49.8,32.0,False,False,False,False,False,False,False,False,False,True,False
OCO,31,Haas F1 Team,5.0,1.0,MEDIUM,5.0,True,14.0,1,72.012,4734.827,4662.815,30.8,49.8,32.0,False,False,False,False,False,False,False,False,False,True,False
OCO,31,Haas F1 Team,6.0,1.0,MEDIUM,6.0,True,14.0,1,71.558,4806.385,4734.827,30.7,49.7,32.0,False,False,False,False,False,False,False,False,False,True,False
OCO,31,Haas F1 Team,7.0,1.0,MEDIUM,7.0,True,14.0,1,71.316,4877.701,4806.385,30.6,50.3,32.0,False,False,False,False,False,False,False,False,False,True,False
OCO,31,Haas F1 Team,8.0,1.0,MEDIUM,8.0,True,14.0,1,70.909,4948.61,4877.701,30.6,50.4,32.0,False,False,False,False,False,False,False,False,False,True,False
OCO,31,Haas F1 Team,9.0,1.0,MEDIUM,9.0,True,14.0,1,71.186,5019.796,4948.61,30.7,50.3,31.0,False,False,False,False,False,False,False,False,False,True,False
OCO,31,Haas F1 Team,10.0,1.0,MEDIUM,10.0,True,14.0,1,71.314,5091.11,5019.796,30.8,49.9,31.0,False,False,False,False,False,False,False,False,False,True,False
OCO,31,Haas F1 Team,11.0,1.0,MEDIUM,11.0,True,13.0,1,71.644,5162.754,5091.11,30.6,49.2,31.0,False,False,False,False,False,False,False,False,False,True,False
OCO,31,Haas F1 Team,12.0,1.0,MEDIUM,12.0,True,12.0,1,71.521,5234.275,5162.754,30.6,49.1,32.0,False,False,False,False,False,False,False,False,False,True,False
OCO,31,Haas F1 Team,13.0,1.0,MEDIUM,13.0,True,10.0,1,71.88,5306.155,5234.275,30.5,49.2,31.0,False,False,False,False,False,False,False,False,False,True,False
OCO,31,Haas F1 Team,14.0,1.0,MEDIUM,14.0,True,9.0,1,72.136,5378.291,5306.155,30.4,49.5,31.0,False,False,False,False,False,False,False,False,False,True,False
OCO,31,Haas F1 Team,15.0,1.0,MEDIUM,15.0,True,9.0,1,71.753,5450.044,5378.291,30.4,49.5,32.0,False,False,False,False,False,False,False,False,False,True,False
OCO,31,Haas F1 Team,16.0,1.0,MEDIUM,16.0,True,9.0,1,71.81,5521.854,5450.044,30.5,49.5,31.0,False,False,False,False,False,False,False,False,False,True,False
OCO,31,Haas F1 Team,17.0,1.0,MEDIUM,17.0,True,9.0,1,71.899,5593.753,5521.854,30.5,49.6,31.0,False,False,False,False,False,False,False,False,False,True,False
OCO,31,Haas F1 Team,18.0,1.0,MEDIUM,18.0,True,9.0,1,71.769,5665.522,5593.753,30.6,49.7,30.0,False,False,False,False,False,False,False,False,False,True,False
OCO,31,Haas F1 Team,19.0,1.0,MEDIUM,19.0,True,8.0,1,75.316,5740.838,5665.522,30.6,49.4,32.0,False,True,False,False,True,False,False,False,False,False,False
OCO,31,Haas F1 Team,20.0,2.0,HARD,1.0,True,15.0,1,89.31,5830.148,5740.838,30.6,49.0,31.0,False,False,True,False,True,False,False,False,False,False,False
OCO,31,Haas F1 Team,21.0,2.0,HARD,2.0,True,15.0,1,70.244,5900.392,5830.148,30.5,49.0,31.0,False,False,False,False,False,False,False,False,False,True,False
OCO,31,Haas F1 Team,22.0,2.0,HARD,3.0,True,15.0,1,70.561,5970.953,5900.392,30.7,49.3,31.0,False,False,False,False,False,False,False,False,False,True,False
OCO,31,Haas F1 Team,23.0,2.0,HARD,4.0,True,15.0,1,70.326,6041.279,5970.953,30.6,49.3,31.0,False,False,False,False,False,False,False,False,False,True,False
OCO,31,Haas F1 Team,24.0,2.0,HARD,5.0,True,15.0,1,70.758,6112.037,6041.279,30.6,49.6,31.0,False,False,False,False,False,False,False,False,False,True,False
OCO,31,Haas F1 Team,25.0,2.0,HARD,6.0,True,15.0,1,70.79,6182.827,6112.037,30.6,49.6,30.0,False,False,False,False,False,False,False,False,False,True,False
OCO,31,Haas F1 Team,26.0,2.0,HARD,7.0,True,14.0,1,70.992,6253.819,6182.827,30.5,49.1,31.0,False,False,False,False,False,False,False,False,False,True,False
OCO,31,Haas F1 Team,27.0,2.0,HARD,8.0,True,14.0,1,72.205,6326.024,6253.819,30.5,49.1,31.0,False,False,False,False,False,False,False,False,True,False,False
OCO,31,Haas F1 Team,28.0,2.0,HARD,9.0,True,13.0,1,70.871,6396.895,6326.024,30.6,49.7,31.0,False,False,False,False,False,False,False,False,False,True,False
OCO,31,Haas F1 Team,29.0,2.0,HARD,10.0,True,12.0,1,71.373,6468.268,6396.895,30.6,49.4,31.0,False,False,False,False,False,False,False,False,False,True,False
OCO,31,Haas F1 Team,30.0,2.0,HARD,11.0,True,11.0,12,70.703,6538.971,6468.268,30.6,48.8,31.0,False,False,False,False,False,False,True,False,False,False,False
OCO,31,Haas F1 Team,31.0,2.0,HARD,12.0,True,11.0,1,70.9,6609.871,6538.971,30.5,48.8,31.0,False,False,False,False,False,False,False,False,False,True,False
OCO,31,Haas F1 Team,32.0,2.0,HARD,13.0,True,11.0,1,71.233,6681.104,6609.871,30.5,48.7,31.0,False,False,False,False,False,False,False,False,False,True,False
OCO,31,Haas F1 Team,33.0,2.0,HARD,14.0,True,9.0,1,70.752,6751.856,6681.104,30.6,48.8,32.0,False,False,False,False,False,False,False,False,False,True,False
OCO,31,Haas F1 Team,34.0,2.0,HARD,15.0,True,8.0,1,70.94,6822.796,6751.856,30.5,48.5,31.0,False,False,False,False,False,False,False,False,False,True,False
OCO,31,Haas F1 Team,35.0,2.0,HARD,16.0,True,8.0,1,70.655,6893.451,6822.796,30.4,48.5,32.0,False,False,False,False,False,False,False,False,False,True,False
OCO,31,Haas F1 Team,36.0,2.0,HARD,17.0,True,8.0,1,70.387,6963.838,6893.451,30.5,48.4,32.0,False,False,False,False,False,False,False,False,False,True,False
OCO,31,Haas F1 Team,37.0,2.0,HARD,18.0,True,8.0,1,70.663,7034.501,6963.838,30.5,48.4,31.0,False,False,False,False,False,False,False,False,False,True,False
OCO,31,Haas F1 Team,38.0,2.0,HARD,19.0,True,8.0,1,70.739,7105.24,7034.501,30.4,48.1,31.0,False,False,False,False,False,False,False,False,False,True,False
OCO,31,Haas F1 Team,39.0,2.0,HARD,20.0,True,8.0,1,70.802,7176.042,7105.24,30.5,48.7,31.0,False,False,False,False,False,False,False,False,False,True,False
OCO,31,Haas F1 Team,40.0,2.0,HARD,21.0,True,8.0,1,70.597,7246.639,7176.042,30.8,49.3,31.0,False,False,False,False,False,False,False,False,False,True,False
OCO,31,Haas F1 Team,41.0,2.0,HARD,22.0,True,8.0,1,70.925,7317.564,7246.639,30.9,48.6,30.0,False,False,False,False,False,False,False,False,False,True,False
OCO,31,Haas F1 Team,42.0,2.0,HARD,23.0,True,7.0,1,70.829,7388.393,7317.564,30.9,48.4,31.0,False,False,False,False,False,False,False,False,False,True,False
OCO,31,Haas F1 Team,43.0,2.0,HARD,24.0,True,7.0,1,70.662,7459.055,7388.393,30.8,48.4,32.0,False,False,False,False,False,False,False,False,False,True,False
OCO,31,Haas F1 Team,44.0,2.0,HARD,25.0,True,7.0,1,70.815,7529.87,7459.055,31.0,49.3,31.0,False,False,False,False,False,False,False,False,False,True,False
OCO,31,Haas F1 Team,45.0,2.0,HARD,26.0,True,7.0,1,70.828,7600.698,7529.87,31.1,49.1,31.0,False,False,False,False,False,False,False,False,False,True,False
OCO,31,Haas F1 Team,46.0,2.0,HARD,27.0,True,6.0,1,70.6,7671.298,7600.698,31.2,49.1,30.0,False,False,False,False,False,False,False,False,False,True,False
OCO,31,Haas F1 Team,47.0,2.0,HARD,28.0,True,6.0,1,70.705,7742.003,7671.298,31.2,48.9,30.0,False,False,False,False,False,False,False,False,False,True,False
OCO,31,Haas F1 Team,48.0,2.0,HARD,29.0,True,6.0,1,70.843,7812.846,7742.003,31.3,48.0,31.0,False,False,False,False,False,False,False,False,False,True,False
OCO,31,Haas F1 Team,49.0,2.0,HARD,30.0,True,6.0,1,70.826,7883.672,7812.846,31.3,48.2,32.0,False,False,False,False,False,False,False,False,False,True,False
OCO,31,Haas F1 Team,50.0,2.0,HARD,31.0,True,7.0,1,74.68,7958.352,7883.672,31.1,48.9,31.0,False,True,False,False,True,False,False,False,False,False,False
OCO,31,Haas F1 Team,51.0,3.0,HARD,1.0,True,11.0,1,87.615,8045.967,7958.352,31.1,48.7,31.0,False,False,True,False,True,False,False,False,False,False,False
OCO,31,Haas F1 Team,52.0,3.0,HARD,2.0,True,11.0,1,69.687,8115.654,8045.967,31.1,48.7,31.0,False,False,False,False,False,False,False,False,False,True,False
OCO,31,Haas F1 Team,53.0,3.0,HARD,3.0,True,11.0,1,69.583,8185.237,8115.654,31.1,48.7,31.0,False,False,False,False,False,False,False,False,False,True,False
OCO,31,Haas F1 Team,54.0,3.0,HARD,4.0,True,11.0,1,69.853,8255.09,8185.237,31.0,48.4,31.0,False,False,False,False,False,False,False,False,False,True,False
OCO,31,Haas F1 Team,55.0,3.0,HARD,5.0,True,11.0,1,69.55,8324.64,8255.09,31.0,48.6,31.0,False,False,False,False,False,False,False,False,False,True,False
OCO,31,Haas F1 Team,56.0,3.0,HARD,6.0,True,11.0,1,69.765,8394.405,8324.64,30.9,48.5,31.0,False,False,False,False,False,False,False,False,False,True,False
OCO,31,Haas F1 Team,57.0,3.0,HARD,7.0,True,11.0,1,69.877,8464.282,8394.405,30.9,48.2,30.0,False,False,False,False,False,False,False,False,False,True,False
OCO,31,Haas F1 Team,58.0,3.0,HARD,8.0,True,10.0,1,69.621,8533.903,8464.282,30.9,47.5,31.0,False,False,False,False,False,False,False,False,False,True,False
OCO,31,Haas F1 Team,59.0,3.0,HARD,9.0,True,10.0,1,69.658,8603.561,8533.903,30.7,48.2,31.0,False,False,False,False,False,False,False,False,False,True,False
OCO,31,Haas F1 Team,60.0,3.0,HARD,10.0,True,10.0,1,69.68,8673.241,8603.561,30.9,48.6,30.0,False,False,False,False,False,False,False,False,False,True,False
OCO,31,Haas F1 Team,61.0,3.0,HARD,11.0,True,10.0,1,72.661,8745.902,8673.241,31.0,48.6,30.0,False,False,False,False,False,False,False,False,False,True,False
OCO,31,Haas F1 Team,62.0,3.0,HARD,12.0,True,10.0,1,69.781,8815.683,8745.902,31.1,48.3,30.0,False,False,False,False,False,False,False,False,False,True,False
OCO,31,Haas F1 Team,63.0,3.0,HARD,13.0,True,10.0,1,70.017,8885.7,8815.683,31.2,48.2,30.0,False,False,False,False,False,False,False,False,False,True,False
OCO,31,Haas F1 Team,64.0,3.0,HARD,14.0,True,10.0,1,69.744,8955.444,8885.7,31.3,48.0,30.0,False,False,False,False,False,False,False,False,False,True,False
OCO,31,Haas F1 Team,65.0,3.0,HARD,15.0,True,10.0,1,69.992,9025.436,8955.444,31.3,47.5,30.0,False,False,False,False,False,False,False,False,False,True,False
OCO,31,Haas F1 Team,66.0,3.0,HARD,16.0,True,10.0,1,70.343,9095.779,9025.436,30.8,47.3,32.0,False,False,False,False,False,False,False,False,False,True,False
OCO,31,Haas F1 Team,67.0,3.0,HARD,17.0,True,10.0,1,70.177,9165.956,9095.779,30.7,45.9,31.0,False,False,False,False,False,False,False,False,False,True,False
OCO,31,Haas F1 Team,68.0,3.0,HARD,18.0,True,10.0,1,70.246,9236.202,9165.956,30.7,45.9,32.0,False,False,False,False,False,False,False,False,False,True,False
OCO,31,Haas F1 Team,69.0,3.0,HARD,19.0,True,10.0,1,70.028,9306.23,9236.202,30.6,46.3,32.0,False,False,False,False,False,False,False,False,False,True,False
BEA,87,Haas F1 Team,1.0,1.0,SOFT,1.0,True,12.0,124,109.434,4377.985,4268.287,30.2,48.6,33.0,False,False,False,False,True,False,True,False,False,False,False
BEA,87,Haas F1 Team,2.0,1.0,SOFT,2.0,True,12.0,4,107.141,4485.126,4377.985,30.4,49.3,31.0,False,False,False,False,True,False,True,False,False,False,False
BEA,87,Haas F1 Team,3.0,1.0,SOFT,3.0,True,12.0,41,104.216,4589.342,4485.126,30.7,49.6,32.0,False,False,False,False,True,False,True,False,False,False,False
BEA,87,Haas F1 Team,4.0,1.0,SOFT,4.0,True,12.0,1,72.69,4662.032,4589.342,30.7,49.8,32.0,False,False,False,False,False,False,False,False,True,False,False
BEA,87,Haas F1 Team,5.0,1.0,SOFT,5.0,True,11.0,1,71.256,4733.288,4662.032,30.8,49.8,32.0,False,False,False,False,False,False,False,False,False,True,False
BEA,87,Haas F1 Team,6.0,1.0,SOFT,6.0,True,11.0,1,71.386,4804.674,4733.288,30.7,49.7,32.0,False,False,False,False,False,False,False,False,False,True,False
BEA,87,Haas F1 Team,7.0,1.0,SOFT,7.0,True,11.0,1,70.807,4875.481,4804.674,30.6,50.3,32.0,False,False,False,False,False,False,False,False,False,True,False
BEA,87,Haas F1 Team,8.0,1.0,SOFT,8.0,True,11.0,1,71.059,4946.54,4875.481,30.6,50.4,32.0,False,False,False,False,False,False,False,False,False,True,False
BEA,87,Haas F1 Team,9.0,1.0,SOFT,9.0,True,11.0,1,71.192,5017.732,4946.54,30.7,50.3,31.0,False,False,False,False,False,False,False,False,False,True,False
BEA,87,Haas F1 Team,10.0,1.0,SOFT,10.0,True,11.0,1,71.322,5089.054,5017.732,30.8,49.9,31.0,False,False,False,False,False,False,False,False,False,True,False
BEA,87,Haas F1 Team,11.0,1.0,SOFT,11.0,True,15.0,1,74.538,5163.592,5089.054,30.6,49.2,31.0,False,True,False,False,True,False,False,False,False,False,False
BEA,87,Haas F1 Team,12.0,2.0,HARD,1.0,True,17.0,1,88.16,5251.752,5163.592,30.5,49.2,31.0,False,False,True,False,True,False,False,False,False,False,False
BEA,87,Haas F1 Team,13.0,2.0,HARD,2.0,True,15.0,1,70.913,5322.665,5251.752,30.4,49.9,32.0,False,False,False,False,False,False,False,False,False,True,False
BEA,87,Haas F1 Team,14.0,2.0,HARD,3.0,True,14.0,1,70.884,5393.549,5322.665,30.4,49.5,31.0,False,False,False,False,False,False,False,False,False,True,False
BEA,87,Haas F1 Team,15.0,2.0,HARD,4.0,True,14.0,1,72.127,5465.676,5393.549,30.4,49.5,32.0,False,False,False,False,False,False,False,False,False,True,False
BEA,87,Haas F1 Team,16.0,2.0,HARD,5.0,True,14.0,1,71.444,5537.12,5465.676,30.5,49.5,31.0,False,False,False,False,False,False,False,False,False,True,False
BEA,87,Haas F1 Team,17.0,2.0,HARD,6.0,True,14.0,1,71.49,5608.61,5537.12,30.5,49.6,31.0,False,False,False,False,False,False,False,False,False,True,False
BEA,87,Haas F1 Team,18.0,2.0,HARD,7.0,True,14.0,1,71.202,5679.812,5608.61,30.6,49.4,31.0,False,False,False,False,False,False,False,False,False,True,False
BEA,87,Haas F1 Team,19.0,2.0,HARD,8.0,True,13.0,1,71.442,5751.254,5679.812,30.6,49.4,32.0,False,False,False,False,False,False,False,False,False,True,False
BEA,87,Haas F1 Team,20.0,2.0,HARD,9.0,True,12.0,1,71.184,5822.438,5751.254,30.6,49.0,31.0,False,False,False,False,False,False,False,False,False,True,False
BEA,87,Haas F1 Team,21.0,2.0,HARD,10.0,True,12.0,1,71.386,5893.824,5822.438,30.5,49.0,31.0,False,False,False,False,False,False,False,False,False,True,False
BEA,87,Haas F1 Team,22.0,2.0,HARD,11.0,True,12.0,1,72.363,5966.187,5893.824,30.6,49.3,31.0,False,False,False,False,False,False,False,False,False,True,False
BEA,87,Haas F1 Team,23.0,2.0,HARD,12.0,True,13.0,1,71.867,6038.054,5966.187,30.6,49.3,31.0,False,False,False,False,False,False,False,False,False,True,False
BEA,87,Haas F1 Team,24.0,2.0,HARD,13.0,True,13.0,1,71.4,6109.454,6038.054,30.6,49.6,31.0,False,False,False,False,False,False,False,False,False,True,False
BEA,87,Haas F1 Team,25.0,2.0,HARD,14.0,True,13.0,1,71.268,6180.722,6109.454,30.6,49.6,30.0,False,False,False,False,False,False,False,False,False,True,False
BEA,87,Haas F1 Team,26.0,2.0,HARD,15.0,True,12.0,1,71.683,6252.405,6180.722,30.5,49.1,31.0,False,False,False,False,False,False,False,False,False,True,False
BEA,87,Haas F1 Team,27.0,2.0,HARD,16.0,True,12.0,1,71.19,6323.595,6252.405,30.5,49.1,31.0,False,False,False,False,False,False,False,False,False,True,False
BEA,87,Haas F1 Team,28.0,2.0,HARD,17.0,True,12.0,1,71.701,6395.296,6323.595,30.6,49.7,31.0,False,False,False,False,False,False,False,False,False,True,False
BEA,87,Haas F1 Team,29.0,2.0,HARD,18.0,True,11.0,1,72.441,6467.737,6395.296,30.6,49.4,31.0,False,False,False,False,False,False,False,False,True,False,False
BEA,87,Haas F1 Team,30.0,2.0,HARD,19.0,True,12.0,12,72.5,6540.237,6467.737,30.6,48.8,31.0,False,False,False,False,False,False,True,False,False,False,False
BEA,87,Haas F1 Team,31.0,2.0,HARD,20.0,True,12.0,1,71.211,6611.448,6540.237,30.5,48.8,31.0,False,False,False,False,False,False,False,False,False,True,False
BEA,87,Haas F1 Team,32.0,2.0,HARD,21.0,True,12.0,1,71.273,6682.721,6611.448,30.5,48.7,31.0,False,False,False,False,False,False,False,False,False,True,False
BEA,87,Haas F1 Team,33.0,2.0,HARD,22.0,True,11.0,1,71.412,6754.133,6682.721,30.6,48.8,32.0,False,False,False,False,False,False,False,False,False,True,False
BEA,87,Haas F1 Team,34.0,2.0,HARD,23.0,True,10.0,1,71.624,6825.757,6754.133,30.5,48.5,31.0,False,False,False,False,False,False,False,False,False,True,False
BEA,87,Haas F1 Team,35.0,2.0,HARD,24.0,True,9.0,1,71.316,6897.073,6825.757,30.4,48.5,32.0,False,False,False,False,False,False,False,False,False,True,False
BEA,87,Haas F1 Team,36.0,2.0,HARD,25.0,True,9.0,1,70.969,6968.042,6897.073,30.5,48.4,32.0,False,False,False,False,False,False,False,False,False,True,False
BEA,87,Haas F1 Team,37.0,2.0,HARD,26.0,True,9.0,1,71.188,7039.23,6968.042,30.5,48.4,31.0,False,False,False,False,False,False,False,False,False,True,False
BEA,87,Haas F1 Team,38.0,2.0,HARD,27.0,True,9.0,1,71.312,7110.542,7039.23,30.4,48.3,32.0,False,False,False,False,False,False,False,False,False,True,False
BEA,87,Haas F1 Team,39.0,2.0,HARD,28.0,True,10.0,1,74.083,7184.625,7110.542,30.5,48.7,31.0,False,True,False,False,True,False,False,False,False,False,False
BEA,87,Haas F1 Team,40.0,3.0,MEDIUM,1.0,True,13.0,1,88.239,7272.864,7184.625,30.8,49.3,31.0,False,False,True,False,True,False,False,False,False,False,False
BEA,87,Haas F1 Team,41.0,3.0,MEDIUM,2.0,True,13.0,1,70.381,7343.245,7272.864,30.9,48.6,30.0,False,False,False,False,False,False,False,False,False,True,False
BEA,87,Haas F1 Team,42.0,3.0,MEDIUM,3.0,True,13.0,1,69.96,7413.205,7343.245,30.8,48.4,32.0,False,False,False,False,False,False,False,False,False,True,False
BEA,87,Haas F1 Team,43.0,3.0,MEDIUM,4.0,True,13.0,1,69.961,7483.166,7413.205,30.8,48.7,32.0,False,False,False,False,False,False,False,False,False,True,False
BEA,87,Haas F1 Team,44.0,3.0,MEDIUM,5.0,True,13.0,1,70.203,7553.369,7483.166,31.0,49.3,31.0,False,False,False,False,False,False,False,False,False,True,False
BEA,87,Haas F1 Team,45.0,3.0,MEDIUM,6.0,True,13.0,1,70.18,7623.549,7553.369,31.1,49.1,31.0,False,False,False,False,False,False,False,False,False,True,False
BEA,87,Haas F1 Team,46.0,3.0,MEDIUM,7.0,True,13.0,1,70.297,7693.846,7623.549,31.2,49.1,30.0,False,False,False,False,False,False,False,False,False,True,False
BEA,87,Haas F1 Team,47.0,3.0,MEDIUM,8.0,True,13.0,1,70.647,7764.493,7693.846,31.2,48.9,30.0,False,False,False,False,False,False,False,False,False,True,False
BEA,87,Haas F1 Team,48.0,3.0,MEDIUM,9.0,True,12.0,1,70.307,7834.8,7764.493,31.3,48.2,32.0,False,False,False,False,False,False,False,False,False,True,False
BEA,87,Haas F1 Team,49.0,3.0,MEDIUM,10.0,True,12.0,1,70.317,7905.117,7834.8,31.1,48.9,31.0,False,False,False,False,False,False,False,False,False,True,False
BEA,87,Haas F1 Team,50.0,3.0,MEDIUM,11.0,True,12.0,1,70.48,7975.597,7905.117,31.1,48.9,31.0,False,False,False,False,False,False,False,False,False,True,False
BEA,87,Haas F1 Team,51.0,3.0,MEDIUM,12.0,True,12.0,1,71.666,8047.263,7975.597,31.1,48.7,31.0,False,False,False,False,False,False,False,False,False,True,False
BEA,87,Haas F1 Team,52.0,3.0,MEDIUM,13.0,True,12.0,1,70.411,8117.674,8047.263,31.1,48.7,31.0,False,False,False,False,False,False,False,False,False,True,False
BEA,87,Haas F1 Team,53.0,3.0,MEDIUM,14.0,True,12.0,1,70.473,8188.147,8117.674,31.1,48.7,31.0,False,False,False,False,False,False,False,False,False,True,False
BEA,87,Haas F1 Team,54.0,3.0,MEDIUM,15.0,True,12.0,1,70.694,8258.841,8188.147,31.0,48.4,31.0,False,False,False,False,False,False,False,False,False,True,False
BEA,87,Haas F1 Team,55.0,3.0,MEDIUM,16.0,True,12.0,1,70.214,8329.055,8258.841,31.0,48.6,31.0,False,False,False,False,False,False,False,False,False,True,False
BEA,87,Haas F1 Team,56.0,3.0,MEDIUM,17.0,True,12.0,1,70.277,8399.332,8329.055,30.9,48.5,31.0,False,False,False,False,False,False,False,False,False,True,False
BEA,87,Haas F1 Team,57.0,3.0,MEDIUM,18.0,True,12.0,1,72.01,8471.342,8399.332,30.9,48.2,30.0,False,False,False,False,False,False,False,False,False,True,False
BEA,87,Haas F1 Team,58.0,3.0,MEDIUM,19.0,True,12.0,1,71.313,8542.655,8471.342,30.9,47.5,31.0,False,False,False,False,False,False,False,False,False,True,False
BEA,87,Haas F1 Team,59.0,3.0,MEDIUM,20.0,True,12.0,1,70.483,8613.138,8542.655,30.7,48.6,31.0,False,False,False,False,False,False,False,False,False,True,False
BEA,87,Haas F1 Team,60.0,3.0,MEDIUM,21.0,True,12.0,1,70.26,8683.398,8613.138,30.9,48.6,30.0,False,False,False,False,False,False,False,False,False,True,False
BEA,87,Haas F1 Team,61.0,3.0,MEDIUM,22.0,True,12.0,1,70.162,8753.56,8683.398,31.0,48.6,30.0,False,False,False,False,False,False,False,False,False,True,False
BEA,87,Haas F1 Team,62.0,3.0,MEDIUM,23.0,True,12.0,1,70.782,8824.342,8753.56,31.1,48.3,30.0,False,False,False,False,False,False,False,False,False,True,False
BEA,87,Haas F1 Team,63.0,3.0,MEDIUM,24.0,True,12.0,1,70.445,8894.787,8824.342,31.2,48.2,30.0,False,False,False,False,False,False,False,False,False,True,False
BEA,87,Haas F1 Team,64.0,3.0,MEDIUM,25.0,True,12.0,1,70.953,8965.74,8894.787,31.3,48.0,30.0,False,False,False,False,False,False,False,False,False,True,False
BEA,87,Haas F1 Team,65.0,3.0,MEDIUM,26.0,True,12.0,1,70.909,9036.649,8965.74,31.0,47.5,32.0,False,False,False,False,False,False,False,False,False,True,False
BEA,87,Haas F1 Team,66.0,3.0,MEDIUM,27.0,True,11.0,1,70.799,9107.448,9036.649,30.8,47.3,32.0,False,False,False,False,False,False,False,False,False,True,False
BEA,87,Haas F1 Team,67.0,3.0,MEDIUM,28.0,True,11.0,1,72.745,9180.193,9107.448,30.7,45.9,31.0,False,False,False,False,False,False,False,False,False,True,False
BEA,87,Haas F1 Team,68.0,3.0,MEDIUM,29.0,True,11.0,1,70.747,9250.94,9180.193,30.7,45.9,32.0,False,False,False,False,False,False,False,False,False,True,False
BEA,87,Haas F1 Team,69.0,3.0,MEDIUM,30.0,True,11.0,1,70.158,9321.098,9250.94,30.6,46.3,32.0,False,False,False,False,False,False,False,False,False,True,False
HAD,6,Racing Bulls,1.0,1.0,SOFT,1.0,False,16.0,124,117.087,4385.638,4268.287,30.2,48.6,33.0,False,False,False,False,True,False,True,False,False,False,False
HAD,6,Racing Bulls,2.0,1.0,SOFT,2.0,False,15.0,4,102.317,4487.955,4385.638,30.4,49.3,31.0,False,True,False,False,True,False,True,False,False,False,False
HAD,6,Racing Bulls,3.0,2.0,MEDIUM,1.0,True,17.0,41,103.989,4591.944,4487.955,30.7,49.6,32.0,False,False,True,False,True,False,True,False,False,False,False
HAD,6,Racing Bulls,4.0,2.0,MEDIUM,2.0,True,17.0,1,72.286,4664.23,4591.944,30.7,49.8,32.0,False,False,False,False,False,False,False,False,False,True,False
HAD,6,Racing Bulls,5.0,2.0,MEDIUM,3.0,True,17.0,1,72.011,4736.241,4664.23,30.8,49.8,32.0,False,False,False,False,False,False,False,False,False,True,False
HAD,6,Racing Bulls,6.0,2.0,MEDIUM,4.0,True,17.0,1,72.078,4808.319,4736.241,30.7,49.7,32.0,False,False,False,False,False,False,False,False,False,True,False
HAD,6,Racing Bulls,7.0,2.0,MEDIUM,5.0,True,17.0,1,71.578,4879.897,4808.319,30.6,50.3,32.0,False,False,False,False,False,False,False,False,False,True,False
HAD,6,Racing Bulls,8.0,2.0,MEDIUM,6.0,True,17.0,1,70.974,4950.871,4879.897,30.6,50.3,32.0,False,False,False,False,False,False,False,False,False,True,False
HAD,6,Racing Bulls,9.0,2.0,MEDIUM,7.0,True,17.0,1,71.008,5021.879,4950.871,30.7,50.3,31.0,False,False,False,False,False,False,False,False,False,True,False
HAD,6,Racing Bulls,10.0,2.0,MEDIUM,8.0,True,17.0,1,71.516,5093.395,5021.879,30.8,49.9,31.0,False,False,False,False,False,False,False,False,False,True,False
HAD,6,Racing Bulls,11.0,2.0,MEDIUM,9.0,True,17.0,1,71.208,5164.603,5093.395,30.6,49.2,31.0,False,False,False,False,False,False,False,False,False,True,False
HAD,6,Racing Bulls,12.0,2.0,MEDIUM,10.0,True,15.0,1,71.777,5236.38,5164.603,30.6,49.1,32.0,False,False,False,False,False,False,False,False,False,True,False
HAD,6,Racing Bulls,13.0,2.0,MEDIUM,11.0,True,13.0,1,72.331,5308.711,5236.38,30.5,49.2,31.0,False,False,False,False,False,False,False,False,False,True,False
HAD,6,Racing Bulls,14.0,2.0,MEDIUM,12.0,True,12.0,1,72.691,5381.402,5308.711,30.4,49.5,31.0,False,False,False,False,False,False,False,False,False,True,False
HAD,6,Racing Bulls,15.0,2.0,MEDIUM,13.0,True,12.0,1,72.527,5453.929,5381.402,30.4,49.5,32.0,False,False,False,False,False,False,False,False,False,True,False
HAD,6,Racing Bulls,16.0,2.0,MEDIUM,14.0,True,12.0,1,72.243,5526.172,5453.929,30.5,49.5,31.0,False,False,False,False,False,False,False,False,False,True,False
HAD,6,Racing Bulls,17.0,2.0,MEDIUM,15.0,True,12.0,1,72.008,5598.18,5526.172,30.5,49.6,31.0,False,False,False,False,False,False,False,False,False,True,False
HAD,6,Racing Bulls,18.0,2.0,MEDIUM,16.0,True,11.0,1,71.672,5669.852,5598.18,30.6,49.4,31.0,False,False,False,False,False,False,False,False,False,True,False
HAD,6,Racing Bulls,19.0,2.0,MEDIUM,17.0,True,10.0,1,72.465,5742.317,5669.852,30.6,49.4,32.0,False,False,False,False,False,False,False,False,False,True,False
HAD,6,Racing Bulls,20.0,2.0,MEDIUM,18.0,True,9.0,1,72.607,5814.924,5742.317,30.6,49.0,31.0,False,False,False,False,False,False,False,False,False,True,False
HAD,6,Racing Bulls,21.0,2.0,MEDIUM,19.0,True,9.0,1,72.297,5887.221,5814.924,30.5,49.0,31.0,False,False,False,False,False,False,False,False,False,True,False
HAD,6,Racing Bulls,22.0,2.0,MEDIUM,20.0,True,8.0,1,72.202,5959.423,5887.221,30.6,49.3,31.0,False,False,False,False,False,False,False,False,False,True,False
HAD,6,Racing Bulls,23.0,2.0,MEDIUM,21.0,True,8.0,1,72.05,6031.473,5959.423,30.6,49.3,31.0,False,False,False,False,False,False,False,False,False,True,False
HAD,6,Racing Bulls,24.0,2.0,MEDIUM,22.0,True,8.0,1,71.986,6103.459,6031.473,30.6,49.6,31.0,False,False,False,False,False,False,False,False,False,True,False
HAD,6,Racing Bulls,25.0,2.0,MEDIUM,23.0,True,7.0,1,71.315,6174.774,6103.459,30.6,49.6,30.0,False,False,False,False,False,False,False,False,False,True,False
HAD,6,Racing Bulls,26.0,2.0,MEDIUM,24.0,True,8.0,1,72.602,6247.376,6174.774,30.5,49.1,31.0,False,False,False,False,False,False,False,False,False,True,False
HAD,6,Racing Bulls,27.0,2.0,MEDIUM,25.0,True,8.0,1,71.94,6319.316,6247.376,30.5,49.1,31.0,False,False,False,False,False,False,False,False,False,True,False
HAD,6,Racing Bulls,28.0,2.0,MEDIUM,26.0,True,10.0,1,74.834,6394.15,6319.316,30.6,49.7,31.0,False,True,False,False,True,False,False,False,False,False,False
HAD,6,Racing Bulls,29.0,3.0,HARD,1.0,True,15.0,1,88.284,6482.434,6394.15,30.6,49.4,31.0,False,False,True,False,True,False,False,False,False,False,False
HAD,6,Racing Bulls,30.0,3.0,HARD,2.0,True,15.0,12,70.739,6553.173,6482.434,30.6,48.8,31.0,False,False,False,False,False,False,True,False,False,False,False
HAD,6,Racing Bulls,31.0,3.0,HARD,3.0,True,14.0,1,70.665,6623.838,6553.173,30.5,48.8,31.0,False,False,False,False,False,False,False,False,False,True,False
HAD,6,Racing Bulls,32.0,3.0,HARD,4.0,True,14.0,1,70.518,6694.356,6623.838,30.6,48.7,32.0,False,False,False,False,False,False,False,False,False,True,False
HAD,6,Racing Bulls,33.0,3.0,HARD,5.0,True,14.0,1,70.618,6764.974,6694.356,30.6,48.8,32.0,False,False,False,False,False,False,False,False,False,True,False
HAD,6,Racing Bulls,34.0,3.0,HARD,6.0,True,14.0,1,70.78,6835.754,6764.974,30.5,48.5,31.0,False,False,False,False,False,False,False,False,False,True,False
HAD,6,Racing Bulls,35.0,3.0,HARD,7.0,True,14.0,1,70.735,6906.489,6835.754,30.4,48.5,32.0,False,False,False,False,False,False,False,False,False,True,False
HAD,6,Racing Bulls,36.0,3.0,HARD,8.0,True,13.0,1,70.515,6977.004,6906.489,30.5,48.4,32.0,False,False,False,False,False,False,False,False,False,True,False
HAD,6,Racing Bulls,37.0,3.0,HARD,9.0,True,13.0,1,70.467,7047.471,6977.004,30.5,48.4,31.0,False,False,False,False,False,False,False,False,False,True,False
HAD,6,Racing Bulls,38.0,3.0,HARD,10.0,True,13.0,1,70.269,7117.74,7047.471,30.4,48.3,32.0,False,False,False,False,False,False,False,False,False,True,False
HAD,6,Racing Bulls,39.0,3.0,HARD,11.0,True,12.0,1,70.337,7188.077,7117.74,30.5,48.7,31.0,False,False,False,False,False,False,False,False,False,True,False
HAD,6,Racing Bulls,40.0,3.0,HARD,12.0,True,11.0,1,70.204,7258.281,7188.077,30.8,49.3,31.0,False,False,False,False,False,False,False,False,False,True,False
HAD,6,Racing Bulls,41.0,3.0,HARD,13.0,True,11.0,1,70.305,7328.586,7258.281,30.9,48.6,30.0,False,False,False,False,False,False,False,False,False,True,False
HAD,6,Racing Bulls,42.0,3.0,HARD,14.0,True,11.0,1,70.237,7398.823,7328.586,30.9,48.4,31.0,False,False,False,False,False,False,False,False,False,True,False
HAD,6,Racing Bulls,43.0,3.0,HARD,15.0,True,10.0,1,70.379,7469.202,7398.823,30.8,48.7,32.0,False,False,False,False,False,False,False,False,False,True,False
HAD,6,Racing Bulls,44.0,3.0,HARD,16.0,True,10.0,1,70.225,7539.427,7469.202,31.0,49.3,31.0,False,False,False,False,False,False,False,False,False,True,False
HAD,6,Racing Bulls,45.0,3.0,HARD,17.0,True,10.0,1,70.374,7609.801,7539.427,31.1,49.1,31.0,False,False,False,False,False,False,False,False,False,True,False
HAD,6,Racing Bulls,46.0,3.0,HARD,18.0,True,10.0,1,71.21,7681.011,7609.801,31.2,49.1,30.0,False,False,False,False,False,False,False,False,False,True,False
HAD,6,Racing Bulls,47.0,3.0,HARD,19.0,True,10.0,1,70.412,7751.423,7681.011,31.2,48.9,30.0,False,False,False,False,False,False,False,False,False,True,False
HAD,6,Racing Bulls,48.0,3.0,HARD,20.0,True,10.0,1,70.455,7821.878,7751.423,31.3,48.0,31.0,False,False,False,False,False,False,False,False,False,True,False
HAD,6,Racing Bulls,49.0,3.0,HARD,21.0,True,10.0,1,70.323,7892.201,7821.878,31.1,48.9,31.0,False,False,False,False,False,False,False,False,False,True,False
HAD,6,Racing Bulls,50.0,3.0,HARD,22.0,True,9.0,1,70.635,7962.836,7892.201,31.1,48.9,31.0,False,False,False,False,False,False,False,False,False,True,False
HAD,6,Racing Bulls,51.0,3.0,HARD,23.0,True,8.0,1,71.225,8034.061,7962.836,31.1,48.7,31.0,False,False,False,False,False,False,False,False,False,True,False
HAD,6,Racing Bulls,52.0,3.0,HARD,24.0,True,8.0,1,71.224,8105.285,8034.061,31.1,48.7,31.0,False,False,False,False,False,False,False,False,False,True,False
HAD,6,Racing Bulls,53.0,3.0,HARD,25.0,True,8.0,1,71.214,8176.499,8105.285,31.1,48.7,31.0,False,False,False,False,False,False,False,False,False,True,False
HAD,6,Racing Bulls,54.0,3.0,HARD,26.0,True,8.0,1,71.468,8247.967,8176.499,31.1,48.4,31.0,False,False,False,False,False,False,False,False,False,True,False
HAD,6,Racing Bulls,55.0,3.0,HARD,27.0,True,8.0,1,71.43,8319.397,8247.967,31.0,48.6,31.0,False,False,False,False,False,False,False,False,False,True,False
HAD,6,Racing Bulls,56.0,3.0,HARD,28.0,True,9.0,1,72.16,8391.557,8319.397,30.9,48.5,31.0,False,False,False,False,False,False,False,False,False,True,False
HAD,6,Racing Bulls,57.0,3.0,HARD,29.0,True,10.0,1,72.158,8463.715,8391.557,30.9,48.2,30.0,False,False,False,False,False,False,False,False,False,True,False
HAD,6,Racing Bulls,58.0,3.0,HARD,30.0,True,11.0,1,71.845,8535.56,8463.715,30.9,47.5,31.0,False,False,False,False,False,False,False,False,False,True,False
HAD,6,Racing Bulls,59.0,3.0,HARD,31.0,True,11.0,1,71.899,8607.459,8535.56,30.7,48.2,31.0,False,False,False,False,False,False,False,False,False,True,False
HAD,6,Racing Bulls,60.0,3.0,HARD,32.0,True,11.0,1,72.266,8679.725,8607.459,30.9,48.6,30.0,False,False,False,False,False,False,False,False,False,True,False
HAD,6,Racing Bulls,61.0,3.0,HARD,33.0,True,11.0,1,71.264,8750.989,8679.725,31.0,48.6,30.0,False,False,False,False,False,False,False,False,False,True,False
HAD,6,Racing Bulls,62.0,3.0,HARD,34.0,True,11.0,1,71.258,8822.247,8750.989,31.1,48.3,30.0,False,False,False,False,False,False,False,False,False,True,False
HAD,6,Racing Bulls,63.0,3.0,HARD,35.0,True,11.0,1,71.407,8893.654,8822.247,31.2,48.2,30.0,False,False,False,False,False,False,False,False,False,True,False
HAD,6,Racing Bulls,64.0,3.0,HARD,36.0,True,11.0,1,71.056,8964.71,8893.654,31.3,48.0,30.0,False,False,False,False,False,False,False,False,False,True,False
HAD,6,Racing Bulls,65.0,3.0,HARD,37.0,True,11.0,1,71.297,9036.007,8964.71,31.0,47.5,32.0,False,False,False,False,False,False,False,False,False,True,False
HAD,6,Racing Bulls,66.0,3.0,HARD,38.0,True,12.0,1,73.979,9109.986,9036.007,30.8,47.3,32.0,False,False,False,False,False,False,False,False,False,True,False
HAD,6,Racing Bulls,67.0,3.0,HARD,39.0,True,12.0,1,71.715,9181.701,9109.986,30.7,45.9,31.0,False,False,False,False,False,False,False,False,False,True,False
HAD,6,Racing Bulls,68.0,3.0,HARD,40.0,True,12.0,1,71.381,9253.082,9181.701,30.7,45.9,32.0,False,False,False,False,False,False,False,False,False,True,False
HAD,6,Racing Bulls,69.0,3.0,HARD,41.0,True,12.0,1,71.119,9324.201,9253.082,30.6,46.3,32.0,False,False,False,False,False,False,False,False,False,True,False
GAS,10,Alpine,1.0,1.0,SOFT,4.0,False,6.0,124,100.322,4368.873,4268.287,30.2,48.6,33.0,False,False,False,False,True,False,True,False,False,False,False
GAS,10,Alpine,2.0,1.0,SOFT,5.0,False,6.0,4,110.256,4479.129,4368.873,30.4,49.3,31.0,False,False,False,False,True,False,True,False,False,False,False
GAS,10,Alpine,3.0,1.0,SOFT,6.0,False,6.0,41,108.045,4587.174,4479.129,30.6,49.2,32.0,False,False,False,False,True,False,True,False,False,False,False
GAS,10,Alpine,4.0,1.0,SOFT,7.0,False,6.0,1,71.859,4659.033,4587.174,30.7,49.8,32.0,False,False,False,False,False,False,False,False,False,True,False
GAS,10,Alpine,5.0,1.0,SOFT,8.0,False,6.0,1,71.097,4730.13,4659.033,30.8,49.8,32.0,False,False,False,False,False,False,False,False,False,True,False
GAS,10,Alpine,6.0,1.0,SOFT,9.0,False,6.0,1,70.776,4800.906,4730.13,30.7,49.7,32.0,False,False,False,False,False,False,False,False,False,True,False
GAS,10,Alpine,7.0,1.0,SOFT,10.0,False,6.0,1,70.854,4871.76,4800.906,30.6,50.3,32.0,False,False,False,False,False,False,False,False,False,True,False
GAS,10,Alpine,8.0,1.0,SOFT,11.0,False,6.0,1,71.025,4942.785,4871.76,30.6,50.4,32.0,False,False,False,False,False,False,False,False,False,True,False
GAS,10,Alpine,9.0,1.0,SOFT,12.0,False,7.0,1,72.131,5014.916,4942.785,30.7,50.3,31.0,False,False,False,False,False,False,False,False,False,True,False
GAS,10,Alpine,10.0,1.0,SOFT,13.0,False,7.0,1,71.575,5086.491,5014.916,30.8,49.9,31.0,False,False,False,False,False,False,False,False,False,True,False
GAS,10,Alpine,11.0,1.0,SOFT,14.0,False,7.0,1,71.522,5158.013,5086.491,30.6,49.2,31.0,False,False,False,False,False,False,False,False,False,True,False
GAS,10,Alpine,12.0,1.0,SOFT,15.0,False,11.0,1,75.976,5233.989,5158.013,30.6,49.1,32.0,False,True,False,False,True,False,False,False,False,False,False
GAS,10,Alpine,13.0,2.0,HARD,1.0,True,16.0,1,89.354,5323.343,5233.989,30.4,49.9,32.0,False,False,True,False,True,False,False,False,False,False,False
GAS,10,Alpine,14.0,2.0,HARD,2.0,True,15.0,1,70.994,5394.337,5323.343,30.4,49.5,31.0,False,False,False,False,False,False,False,False,False,True,False
GAS,10,Alpine,15.0,2.0,HARD,3.0,True,13.0,1,70.3,5464.637,5394.337,30.4,49.5,32.0,False,False,False,False,False,False,False,False,False,True,False
GAS,10,Alpine,16.0,2.0,HARD,4.0,True,13.0,1,71.071,5535.708,5464.637,30.5,49.5,31.0,False,False,False,False,False,False,False,False,False,True,False
GAS,10,Alpine,17.0,2.0,HARD,5.0,True,13.0,1,71.036,5606.744,5535.708,30.5,49.6,31.0,False,False,False,False,False,False,False,False,False,True,False
GAS,10,Alpine,18.0,2.0,HARD,6.0,True,13.0,1,71.249,5677.993,5606.744,30.6,49.4,31.0,False,False,False,False,False,False,False,False,False,True,False
GAS,10,Alpine,19.0,2.0,HARD,7.0,True,12.0,1,71.32,5749.313,5677.993,30.6,49.4,32.0,False,False,False,False,False,False,False,False,False,True,False
GAS,10,Alpine,20.0,2.0,HARD,8.0,True,11.0,1,71.208,5820.521,5749.313,30.6,49.0,31.0,False,False,False,False,False,False,False,False,False,True,False
GAS,10,Alpine,21.0,2.0,HARD,9.0,True,11.0,1,71.32,5891.841,5820.521,30.5,49.0,31.0,False,False,False,False,False,False,False,False,False,True,False
GAS,10,Alpine,22.0,2.0,HARD,10.0,True,10.0,1,71.343,5963.184,5891.841,30.6,49.3,31.0,False,False,False,False,False,False,False,False,False,True,False
GAS,10,Alpine,23.0,2.0,HARD,11.0,True,10.0,1,71.065,6034.249,5963.184,30.6,49.3,31.0,False,False,False,False,False,False,False,False,False,True,False
GAS,10,Alpine,24.0,2.0,HARD,12.0,True,10.0,1,71.337,6105.586,6034.249,30.6,49.6,31.0,False,False,False,False,False,False,False,False,False,True,False
GAS,10,Alpine,25.0,2.0,HARD,13.0,True,10.0,1,71.918,6177.504,6105.586,30.6,49.6,30.0,False,False,False,False,False,False,False,False,False,True,False
GAS,10,Alpine,26.0,2.0,HARD,14.0,True,9.0,1,71.328,6248.832,6177.504,30.5,49.1,31.0,False,False,False,False,False,False,False,False,False,True,False
GAS,10,Alpine,27.0,2.0,HARD,15.0,True,11.0,1,73.418,6322.25,6248.832,30.5,49.1,31.0,False,False,False,False,False,False,False,False,False,True,False
GAS,10,Alpine,28.0,2.0,HARD,16.0,True,11.0,1,72.238,6394.488,6322.25,30.6,49.7,31.0,False,False,False,False,False,False,False,False,False,True,False
GAS,10,Alpine,29.0,2.0,HARD,17.0,True,10.0,1,71.575,6466.063,6394.488,30.6,49.4,31.0,False,False,False,False,False,False,False,False,False,True,False
GAS,10,Alpine,30.0,2.0,HARD,18.0,True,10.0,12,71.672,6537.735,6466.063,30.6,48.8,31.0,False,False,False,False,False,False,True,False,False,False,False
GAS,10,Alpine,31.0,2.0,HARD,19.0,True,10.0,1,71.38,6609.115,6537.735,30.5,48.8,31.0,False,False,False,False,False,False,False,False,False,True,False
GAS,10,Alpine,32.0,2.0,HARD,20.0,True,10.0,1,71.787,6680.902,6609.115,30.5,48.7,31.0,False,False,False,False,False,False,False,False,False,True,False
GAS,10,Alpine,33.0,2.0,HARD,21.0,True,10.0,1,72.553,6753.455,6680.902,30.6,48.8,32.0,False,False,False,False,False,False,False,False,False,True,False
GAS,10,Alpine,34.0,2.0,HARD,22.0,True,9.0,1,71.705,6825.16,6753.455,30.5,48.5,31.0,False,False,False,False,False,False,False,False,False,True,False
GAS,10,Alpine,35.0,2.0,HARD,23.0,True,10.0,1,72.905,6898.065,6825.16,30.4,48.5,32.0,False,False,False,False,False,False,False,False,False,True,False
GAS,10,Alpine,36.0,2.0,HARD,24.0,True,10.0,1,71.629,6969.694,6898.065,30.5,48.4,32.0,False,False,False,False,False,False,False,False,False,True,False
GAS,10,Alpine,37.0,2.0,HARD,25.0,True,10.0,1,71.574,7041.268,6969.694,30.5,48.4,31.0,False,False,False,False,False,False,False,False,False,True,False
GAS,10,Alpine,38.0,2.0,HARD,26.0,True,12.0,1,75.313,7116.581,7041.268,30.4,48.3,32.0,False,True,False,False,True,False,False,False,False,False,False
GAS,10,Alpine,39.0,3.0,MEDIUM,1.0,True,15.0,1,88.598,7205.179,7116.581,30.5,48.7,31.0,False,False,True,False,True,False,False,False,False,False,False
GAS,10,Alpine,40.0,3.0,MEDIUM,2.0,True,14.0,1,70.757,7275.936,7205.179,30.8,49.3,31.0,False,False,False,False,False,False,False,False,False,True,False
GAS,10,Alpine,41.0,3.0,MEDIUM,3.0,True,14.0,1,70.241,7346.177,7275.936,30.9,48.6,30.0,False,False,False,False,False,False,False,False,False,True,False
GAS,10,Alpine,42.0,3.0,MEDIUM,4.0,True,14.0,1,70.463,7416.64,7346.177,30.8,48.4,32.0,False,False,False,False,False,False,False,False,False,True,False
GAS,10,Alpine,43.0,3.0,MEDIUM,5.0,True,14.0,1,70.216,7486.856,7416.64,30.8,48.7,32.0,False,False,False,False,False,False,False,False,False,True,False
GAS,10,Alpine,44.0,3.0,MEDIUM,6.0,True,14.0,1,70.405,7557.261,7486.856,31.0,49.3,31.0,False,False,False,False,False,False,False,False,False,True,False
GAS,10,Alpine,45.0,3.0,MEDIUM,7.0,True,14.0,1,70.179,7627.44,7557.261,31.1,49.1,31.0,False,False,False,False,False,False,False,False,False,True,False
GAS,10,Alpine,46.0,3.0,MEDIUM,8.0,True,14.0,1,70.151,7697.591,7627.44,31.2,49.1,30.0,False,False,False,False,False,False,False,False,False,True,False
GAS,10,Alpine,47.0,3.0,MEDIUM,9.0,True,14.0,1,70.21,7767.801,7697.591,31.2,48.9,30.0,False,False,False,False,False,False,False,False,False,True,False
GAS,10,Alpine,48.0,3.0,MEDIUM,10.0,True,14.0,1,70.476,7838.277,7767.801,31.3,48.2,32.0,False,False,False,False,False,False,False,False,False,True,False
GAS,10,Alpine,49.0,3.0,MEDIUM,11.0,True,14.0,1,70.554,7908.831,7838.277,31.1,48.9,31.0,False,False,False,False,False,False,False,False,False,True,False
GAS,10,Alpine,50.0,3.0,MEDIUM,12.0,True,14.0,1,70.723,7979.554,7908.831,31.1,48.9,31.0,False,False,False,False,False,False,False,False,False,True,False
GAS,10,Alpine,51.0,3.0,MEDIUM,13.0,True,14.0,1,71.133,8050.687,7979.554,31.1,48.7,31.0,False,False,False,False,False,False,False,False,False,True,False
GAS,10,Alpine,52.0,3.0,MEDIUM,14.0,True,14.0,1,70.902,8121.589,8050.687,31.1,48.7,31.0,False,False,False,False,False,False,False,False,False,True,False
GAS,10,Alpine,53.0,3.0,MEDIUM,15.0,True,13.0,1,70.383,8191.972,8121.589,31.1,48.4,31.0,False,False,False,False,False,False,False,False,False,True,False
GAS,10,Alpine,54.0,3.0,MEDIUM,16.0,True,13.0,1,71.812,8263.784,8191.972,31.0,48.4,31.0,False,False,False,False,False,False,False,False,False,True,False
GAS,10,Alpine,55.0,3.0,MEDIUM,17.0,True,13.0,1,71.228,8335.012,8263.784,31.0,48.6,31.0,False,False,False,False,False,False,False,False,False,True,False
GAS,10,Alpine,56.0,3.0,MEDIUM,18.0,True,13.0,1,71.532,8406.544,8335.012,30.9,48.5,31.0,False,False,False,False,False,False,False,False,False,True,False
GAS,10,Alpine,57.0,3.0,MEDIUM,19.0,True,13.0,1,70.284,8476.828,8406.544,30.9,48.2,30.0,False,False,False,False,False,False,False,False,False,True,False
GAS,10,Alpine,58.0,3.0,MEDIUM,20.0,True,13.0,1,70.444,8547.272,8476.828,30.9,47.5,31.0,False,False,False,False,False,False,False,False,False,True,False
GAS,10,Alpine,59.0,3.0,MEDIUM,21.0,True,13.0,1,70.222,8617.494,8547.272,30.7,48.6,31.0,False,False,False,False,False,False,False,False,False,True,False
GAS,10,Alpine,60.0,3.0,MEDIUM,22.0,True,13.0,1,70.981,8688.475,8617.494,30.9,48.6,30.0,False,False,False,False,False,False,False,False,False,True,False
GAS,10,Alpine,61.0,3.0,MEDIUM,23.0,True,13.0,1,70.903,8759.378,8688.475,31.0,48.6,30.0,False,False,False,False,False,False,False,False,False,True,False
GAS,10,Alpine,62.0,3.0,MEDIUM,24.0,True,13.0,1,71.168,8830.546,8759.378,31.1,48.3,30.0,False,False,False,False,False,False,False,False,False,True,False
GAS,10,Alpine,63.0,3.0,MEDIUM,25.0,True,13.0,1,71.62,8902.166,8830.546,31.2,48.2,30.0,False,False,False,False,False,False,False,False,False,True,False
GAS,10,Alpine,64.0,3.0,MEDIUM,26.0,True,13.0,1,70.72,8972.886,8902.166,31.3,47.5,30.0,False,False,False,False,False,False,False,False,False,True,False
GAS,10,Alpine,65.0,3.0,MEDIUM,27.0,True,13.0,1,70.888,9043.774,8972.886,31.0,47.5,32.0,False,False,False,False,False,False,False,False,False,True,False
GAS,10,Alpine,66.0,3.0,MEDIUM,28.0,True,13.0,1,71.146,9114.92,9043.774,30.8,47.3,32.0,False,False,False,False,False,False,False,False,False,True,False
GAS,10,Alpine,67.0,3.0,MEDIUM,29.0,True,13.0,1,72.536,9187.456,9114.92,30.7,45.9,31.0,False,False,False,False,False,False,False,False,False,True,False
GAS,10,Alpine,68.0,3.0,MEDIUM,30.0,True,13.0,1,70.816,9258.272,9187.456,30.7,45.9,32.0,False,False,False,False,False,False,False,False,False,True,False
GAS,10,Alpine,69.0,3.0,MEDIUM,31.0,True,13.0,1,71.027,9329.299,9258.272,30.6,47.6,32.0,False,False,False,False,False,False,False,False,False,True,False
STR,18,Aston Martin,1.0,1.0,MEDIUM,2.0,False,13.0,124,110.757,4379.308,4268.287,30.2,48.6,33.0,False,False,False,False,True,False,True,False,False,False,False
STR,18,Aston Martin,2.0,1.0,MEDIUM,3.0,False,13.0,4,107.622,4486.93,4379.308,30.4,49.3,31.0,False,False,False,False,True,False,True,False,False,False,False
STR,18,Aston Martin,3.0,1.0,MEDIUM,4.0,False,13.0,41,102.903,4589.833,4486.93,30.7,49.6,32.0,False,False,False,False,True,False,True,False,False,False,False
STR,18,Aston Martin,4.0,1.0,MEDIUM,5.0,False,13.0,1,72.717,4662.55,4589.833,30.7,49.8,32.0,False,False,False,False,False,False,False,False,False,True,False
STR,18,Aston Martin,5.0,1.0,MEDIUM,6.0,False,13.0,1,71.788,4734.338,4662.55,30.8,49.8,32.0,False,False,False,False,False,False,False,False,False,True,False
STR,18,Aston Martin,6.0,1.0,MEDIUM,7.0,False,13.0,1,71.612,4805.95,4734.338,30.7,49.7,32.0,False,False,False,False,False,False,False,False,False,True,False
STR,18,Aston Martin,7.0,1.0,MEDIUM,8.0,False,13.0,1,71.069,4877.019,4805.95,30.6,50.3,32.0,False,False,False,False,False,False,False,False,False,True,False
STR,18,Aston Martin,8.0,1.0,MEDIUM,9.0,False,13.0,1,70.931,4947.95,4877.019,30.6,50.4,32.0,False,False,False,False,False,False,False,False,False,True,False
STR,18,Aston Martin,9.0,1.0,MEDIUM,10.0,False,13.0,1,71.167,5019.117,4947.95,30.7,50.3,31.0,False,False,False,False,False,False,False,False,False,True,False
STR,18,Aston Martin,10.0,1.0,MEDIUM,11.0,False,13.0,1,71.257,5090.374,5019.117,30.8,49.9,31.0,False,False,False,False,False,False,False,False,False,True,False
STR,18,Aston Martin,11.0,1.0,MEDIUM,12.0,False,12.0,1,71.713,5162.087,5090.374,30.6,49.2,31.0,False,False,False,False,False,False,False,False,False,True,False
STR,18,Aston Martin,12.0,1.0,MEDIUM,13.0,False,13.0,1,72.704,5234.791,5162.087,30.6,49.1,32.0,False,False,False,False,False,False,False,False,False,True,False
STR,18,Aston Martin,13.0,1.0,MEDIUM,14.0,False,11.0,1,73.258,5308.049,5234.791,30.5,49.2,31.0,False,False,False,False,False,False,False,False,False,True,False
STR,18,Aston Martin,14.0,1.0,MEDIUM,15.0,False,10.0,1,71.964,5380.013,5308.049,30.4,49.5,31.0,False,False,False,False,False,False,False,False,False,True,False
STR,18,Aston Martin,15.0,1.0,MEDIUM,16.0,False,11.0,1,73.402,5453.415,5380.013,30.4,49.5,32.0,False,False,False,False,False,False,False,False,True,False,False
STR,18,Aston Martin,16.0,1.0,MEDIUM,17.0,False,11.0,1,72.224,5525.639,5453.415,30.5,49.5,31.0,False,False,False,False,False,False,False,False,False,True,False
STR,18,Aston Martin,17.0,1.0,MEDIUM,18.0,False,11.0,1,71.855,5597.494,5525.639,30.5,49.6,31.0,False,False,False,False,False,False,False,False,False,True,False
STR,18,Aston Martin,18.0,1.0,MEDIUM,19.0,False,10.0,1,71.888,5669.382,5597.494,30.6,49.4,31.0,False,False,False,False,False,False,False,False,False,True,False
STR,18,Aston Martin,19.0,1.0,MEDIUM,20.0,False,9.0,1,72.378,5741.76,5669.382,30.6,49.4,32.0,False,False,False,False,False,False,False,False,False,True,False
STR,18,Aston Martin,20.0,1.0,MEDIUM,21.0,False,8.0,1,72.658,5814.418,5741.76,30.6,49.0,31.0,False,False,False,False,False,False,False,False,False,True,False
STR,18,Aston Martin,21.0,1.0,MEDIUM,22.0,False,8.0,1,72.212,5886.63,5814.418,30.5,49.0,31.0,False,False,False,False,False,False,False,False,False,True,False
STR,18,Aston Martin,22.0,1.0,MEDIUM,23.0,False,7.0,1,72.175,5958.805,5886.63,30.6,49.3,31.0,False,False,False,False,False,False,False,False,False,True,False
STR,18,Aston Martin,23.0,1.0,MEDIUM,24.0,False,7.0,1,72.043,6030.848,5958.805,30.6,49.3,31.0,False,False,False,False,False,False,False,False,False,True,False
STR,18,Aston Martin,24.0,1.0,MEDIUM,25.0,False,7.0,1,72.036,6102.884,6030.848,30.6,49.6,31.0,False,False,False,False,False,False,False,False,False,True,False
STR,18,Aston Martin,25.0,1.0,MEDIUM,26.0,False,9.0,1,74.015,6176.899,6102.884,30.6,49.6,30.0,False,False,False,False,False,False,False,False,False,True,False
STR,18,Aston Martin,26.0,1.0,MEDIUM,27.0,False,15.0,1,78.405,6255.304,6176.899,30.5,49.1,31.0,False,True,False,False,True,False,False,False,False,False,False
STR,18,Aston Martin,27.0,2.0,HARD,2.0,False,16.0,1,89.232,6344.536,6255.304,30.6,48.8,31.0,False,False,True,False,True,False,False,False,False,False,False
STR,18,Aston Martin,28.0,2.0,HARD,3.0,False,16.0,1,70.566,6415.102,6344.536,30.6,49.7,31.0,False,False,False,False,False,False,False,False,False,True,False
STR,18,Aston Martin,29.0,2.0,HARD,4.0,False,16.0,1,70.51,6485.612,6415.102,30.6,49.4,31.0,False,False,False,False,False,False,False,False,False,True,False
STR,18,Aston Martin,30.0,2.0,HARD,5.0,False,16.0,12,70.816,6556.428,6485.612,30.6,48.8,31.0,False,False,False,False,False,False,True,False,False,False,False
STR,18,Aston Martin,31.0,2.0,HARD,6.0,False,15.0,1,70.779,6627.207,6556.428,30.5,48.8,31.0,False,False,False,False,False,False,False,False,False,True,False
STR,18,Aston Martin,32.0,2.0,HARD,7.0,False,15.0,1,71.083,6698.29,6627.207,30.6,48.7,32.0,False,False,False,False,False,False,False,False,False,True,False
STR,18,Aston Martin,33.0,2.0,HARD,8.0,False,15.0,1,70.665,6768.955,6698.29,30.6,48.8,32.0,False,False,False,False,False,False,False,False,False,True,False
STR,18,Aston Martin,34.0,2.0,HARD,9.0,False,15.0,1,70.641,6839.596,6768.955,30.5,48.5,31.0,False,False,False,False,False,False,False,False,False,True,False
STR,18,Aston Martin,35.0,2.0,HARD,10.0,False,15.0,1,70.94,6910.536,6839.596,30.4,48.5,32.0,False,False,False,False,False,False,False,False,False,True,False
STR,18,Aston Martin,36.0,2.0,HARD,11.0,False,15.0,1,70.873,6981.409,6910.536,30.5,48.4,32.0,False,False,False,False,False,False,False,False,False,True,False
STR,18,Aston Martin,37.0,2.0,HARD,12.0,False,15.0,1,70.773,7052.182,6981.409,30.4,48.1,31.0,False,False,False,False,False,False,False,False,False,True,False
STR,18,Aston Martin,38.0,2.0,HARD,13.0,False,15.0,1,70.916,7123.098,7052.182,30.4,48.3,32.0,False,False,False,False,False,False,False,False,False,True,False
STR,18,Aston Martin,39.0,2.0,HARD,14.0,False,13.0,1,70.713,7193.811,7123.098,30.5,48.7,31.0,False,False,False,False,False,False,False,False,False,True,False
STR,18,Aston Martin,40.0,2.0,HARD,15.0,False,12.0,1,71.073,7264.884,7193.811,30.8,49.3,31.0,False,False,False,False,False,False,False,False,False,True,False
STR,18,Aston Martin,41.0,2.0,HARD,16.0,False,12.0,1,72.291,7337.175,7264.884,30.9,48.6,30.0,False,False,False,False,False,False,False,False,False,True,False
STR,18,Aston Martin,42.0,2.0,HARD,17.0,False,12.0,1,70.744,7407.919,7337.175,30.9,48.4,31.0,False,False,False,False,False,False,False,False,False,True,False
STR,18,Aston Martin,43.0,2.0,HARD,18.0,False,12.0,1,72.04,7479.959,7407.919,30.8,48.7,32.0,False,False,False,False,False,False,False,False,False,True,False
STR,18,Aston Martin,44.0,2.0,HARD,19.0,False,12.0,1,71.08,7551.039,7479.959,31.0,49.3,31.0,False,False,False,False,False,False,False,False,False,True,False
STR,18,Aston Martin,45.0,2.0,HARD,20.0,False,12.0,1,71.177,7622.216,7551.039,31.1,49.1,31.0,False,False,False,False,False,False,False,False,False,True,False
STR,18,Aston Martin,46.0,2.0,HARD,21.0,False,12.0,1,70.812,7693.028,7622.216,31.2,49.1,30.0,False,False,False,False,False,False,False,False,False,True,False
STR,18,Aston Martin,47.0,2.0,HARD,22.0,False,12.0,1,71.063,7764.091,7693.028,31.2,48.9,30.0,False,False,False,False,False,False,False,False,False,True,False
STR,18,Aston Martin,48.0,2.0,HARD,23.0,False,13.0,1,72.237,7836.328,7764.091,31.3,48.2,32.0,False,False,False,False,False,False,False,False,False,True,False
STR,18,Aston Martin,49.0,2.0,HARD,24.0,False,13.0,1,71.192,7907.52,7836.328,31.1,48.9,31.0,False,False,False,False,False,False,False,False,False,True,False
STR,18,Aston Martin,50.0,2.0,HARD,25.0,False,13.0,1,71.003,7978.523,7907.52,31.1,48.9,31.0,False,False,False,False,False,False,False,False,False,True,False
STR,18,Aston Martin,51.0,2.0,HARD,26.0,False,13.0,1,71.336,8049.859,7978.523,31.1,48.7,31.0,False,False,False,False,False,False,False,False,False,True,False
STR,18,Aston Martin,52.0,2.0,HARD,27.0,False,13.0,1,71.151,8121.01,8049.859,31.1,48.7,31.0,False,False,False,False,False,False,False,False,False,True,False
STR,18,Aston Martin,53.0,2.0,HARD,28.0,False,14.0,1,75.636,8196.646,8121.01,31.1,48.4,31.0,False,True,False,False,True,False,False,False,False,False,False
STR,18,Aston Martin,54.0,3.0,SOFT,1.0,False,16.0,1,87.197,8283.843,8196.646,31.0,48.4,31.0,False,False,True,False,True,False,False,False,False,False,False
STR,18,Aston Martin,55.0,3.0,SOFT,2.0,False,16.0,1,69.214,8353.057,8283.843,31.0,48.6,31.0,False,False,False,False,False,False,False,False,False,True,False
STR,18,Aston Martin,56.0,3.0,SOFT,3.0,False,16.0,1,69.463,8422.52,8353.057,30.9,48.5,31.0,False,False,False,False,False,False,False,False,False,True,False
STR,18,Aston Martin,57.0,3.0,SOFT,4.0,False,16.0,1,69.452,8491.972,8422.52,30.9,47.5,31.0,False,False,False,False,False,False,False,False,False,True,False
STR,18,Aston Martin,58.0,3.0,SOFT,5.0,False,16.0,1,71.393,8563.365,8491.972,30.7,48.2,31.0,False,False,False,False,False,False,False,False,False,True,False
STR,18,Aston Martin,59.0,3.0,SOFT,6.0,False,16.0,1,69.582,8632.947,8563.365,30.7,48.6,31.0,False,False,False,False,False,False,False,False,False,True,False
STR,18,Aston Martin,60.0,3.0,SOFT,7.0,False,16.0,1,69.624,8702.571,8632.947,30.9,48.6,30.0,False,False,False,False,False,False,False,False,False,True,False
STR,18,Aston Martin,61.0,3.0,SOFT,8.0,False,15.0,1,69.808,8772.379,8702.571,31.0,48.6,30.0,False,False,False,False,False,False,False,False,False,True,False
STR,18,Aston Martin,62.0,3.0,SOFT,9.0,False,15.0,1,69.664,8842.043,8772.379,31.1,48.3,30.0,False,False,False,False,False,False,False,False,False,True,False
STR,18,Aston Martin,63.0,3.0,SOFT,10.0,False,15.0,1,69.276,8911.319,8842.043,31.3,48.0,30.0,False,False,False,False,False,False,False,False,False,True,False
STR,18,Aston Martin,64.0,3.0,SOFT,11.0,False,15.0,1,69.554,8980.873,8911.319,31.3,47.5,30.0,False,False,False,False,False,False,False,False,False,True,False
STR,18,Aston Martin,65.0,3.0,SOFT,12.0,False,15.0,1,69.955,9050.828,8980.873,31.0,47.5,32.0,False,False,False,False,False,False,False,False,False,True,False
STR,18,Aston Martin,66.0,3.0,SOFT,13.0,False,14.0,1,70.185,9121.013,9050.828,30.8,47.3,32.0,False,False,False,False,False,False,False,False,False,True,False
STR,18,Aston Martin,67.0,3.0,SOFT,14.0,False,14.0,1,69.787,9190.8,9121.013,30.7,45.9,31.0,False,False,False,False,False,False,False,False,False,True,False
STR,18,Aston Martin,68.0,3.0,SOFT,15.0,False,14.0,1,69.445,9260.245,9190.8,30.7,45.9,32.0,False,False,False,False,False,False,False,False,False,True,False
STR,18,Aston Martin,69.0,3.0,SOFT,16.0,False,14.0,1,70.461,9330.706,9260.245,30.6,47.6,32.0,False,False,False,False,False,False,False,False,False,True,False
COL,43,Alpine,1.0,1.0,SOFT,1.0,True,11.0,124,107.783,4376.334,4268.287,30.2,48.6,33.0,False,False,False,False,True,False,True,False,False,False,False
COL,43,Alpine,2.0,1.0,SOFT,2.0,True,11.0,4,107.447,4483.781,4376.334,30.4,49.3,31.0,False,False,False,False,True,False,True,False,False,False,False
COL,43,Alpine,3.0,1.0,SOFT,3.0,True,11.0,41,105.238,4589.019,4483.781,30.7,49.6,32.0,False,False,False,False,True,False,True,False,False,False,False
COL,43,Alpine,4.0,1.0,SOFT,4.0,True,11.0,1,72.585,4661.604,4589.019,30.7,49.8,32.0,False,False,False,False,False,False,False,False,False,True,False
COL,43,Alpine,5.0,1.0,SOFT,5.0,True,12.0,1,72.185,4733.789,4661.604,30.8,49.8,32.0,False,False,False,False,False,False,False,False,False,True,False
COL,43,Alpine,6.0,1.0,SOFT,6.0,True,12.0,1,71.533,4805.322,4733.789,30.7,49.7,32.0,False,False,False,False,False,False,False,False,False,True,False
COL,43,Alpine,7.0,1.0,SOFT,7.0,True,12.0,1,70.842,4876.164,4805.322,30.6,50.3,32.0,False,False,False,False,False,False,False,False,False,True,False
COL,43,Alpine,8.0,1.0,SOFT,8.0,True,12.0,1,71.225,4947.389,4876.164,30.6,50.4,32.0,False,False,False,False,False,False,False,False,False,True,False
COL,43,Alpine,9.0,1.0,SOFT,9.0,True,12.0,1,71.068,5018.457,4947.389,30.7,50.3,31.0,False,False,False,False,False,False,False,False,False,True,False
COL,43,Alpine,10.0,1.0,SOFT,10.0,True,12.0,1,71.286,5089.743,5018.457,30.8,49.9,31.0,False,False,False,False,False,False,False,False,False,True,False
COL,43,Alpine,11.0,1.0,SOFT,11.0,True,11.0,1,72.022,5161.765,5089.743,30.6,49.2,31.0,False,False,False,False,False,False,False,False,False,True,False
COL,43,Alpine,12.0,1.0,SOFT,12.0,True,10.0,1,72.053,5233.818,5161.765,30.6,49.1,32.0,False,False,False,False,False,False,False,False,False,True,False
COL,43,Alpine,13.0,1.0,SOFT,13.0,True,14.0,1,76.45,5310.268,5233.818,30.4,49.9,32.0,False,True,False,False,True,False,False,False,False,False,False
COL,43,Alpine,14.0,2.0,MEDIUM,1.0,True,17.0,1,89.807,5400.075,5310.268,30.4,49.5,31.0,False,False,True,False,True,False,False,False,False,False,False
COL,43,Alpine,15.0,2.0,MEDIUM,2.0,True,17.0,1,70.769,5470.844,5400.075,30.4,49.5,32.0,False,False,False,False,False,False,False,False,False,True,False
COL,43,Alpine,16.0,2.0,MEDIUM,3.0,True,16.0,1,70.847,5541.691,5470.844,30.5,49.5,31.0,False,False,False,False,False,False,False,False,False,True,False
COL,43,Alpine,17.0,2.0,MEDIUM,4.0,True,16.0,1,70.707,5612.398,5541.691,30.6,49.7,30.0,False,False,False,False,False,False,False,False,False,True,False
COL,43,Alpine,18.0,2.0,MEDIUM,5.0,True,16.0,1,70.763,5683.161,5612.398,30.6,49.4,31.0,False,False,False,False,False,False,False,False,False,True,False
COL,43,Alpine,19.0,2.0,MEDIUM,6.0,True,15.0,1,71.013,5754.174,5683.161,30.6,49.4,32.0,False,False,False,False,False,False,False,False,False,True,False
COL,43,Alpine,20.0,2.0,MEDIUM,7.0,True,14.0,1,71.073,5825.247,5754.174,30.6,49.0,31.0,False,False,False,False,False,False,False,False,False,True,False
COL,43,Alpine,21.0,2.0,MEDIUM,8.0,True,14.0,1,71.067,5896.314,5825.247,30.5,49.0,31.0,False,False,False,False,False,False,False,False,False,True,False
COL,43,Alpine,22.0,2.0,MEDIUM,9.0,True,14.0,1,71.386,5967.7,5896.314,30.6,49.3,31.0,False,False,False,False,False,False,False,False,False,True,False
COL,43,Alpine,23.0,2.0,MEDIUM,10.0,True,14.0,1,71.197,6038.897,5967.7,30.6,49.3,31.0,False,False,False,False,False,False,False,False,False,True,False
COL,43,Alpine,24.0,2.0,MEDIUM,11.0,True,14.0,1,71.493,6110.39,6038.897,30.6,49.6,31.0,False,False,False,False,False,False,False,False,False,True,False
COL,43,Alpine,25.0,2.0,MEDIUM,12.0,True,14.0,1,71.391,6181.781,6110.39,30.6,49.6,30.0,False,False,False,False,False,False,False,False,False,True,False
COL,43,Alpine,26.0,2.0,MEDIUM,13.0,True,13.0,1,71.666,6253.447,6181.781,30.5,49.1,31.0,False,False,False,False,False,False,False,False,False,True,False
COL,43,Alpine,27.0,2.0,MEDIUM,14.0,True,13.0,1,71.776,6325.223,6253.447,30.5,49.1,31.0,False,False,False,False,False,False,False,False,False,True,False
COL,43,Alpine,28.0,2.0,MEDIUM,15.0,True,14.0,1,72.726,6397.949,6325.223,30.6,49.7,31.0,False,False,False,False,False,False,False,False,False,True,False
COL,43,Alpine,29.0,2.0,MEDIUM,16.0,True,13.0,1,71.524,6469.473,6397.949,30.6,49.4,31.0,False,False,False,False,False,False,False,False,False,True,False
COL,43,Alpine,30.0,2.0,MEDIUM,17.0,True,13.0,12,76.829,6546.302,6469.473,30.6,48.8,31.0,False,False,False,False,False,False,True,False,False,False,False
COL,43,Alpine,31.0,2.0,MEDIUM,18.0,True,13.0,1,72.507,6618.809,6546.302,30.5,48.8,31.0,False,False,False,False,False,False,False,False,True,False,False
COL,43,Alpine,32.0,2.0,MEDIUM,19.0,True,13.0,1,71.789,6690.598,6618.809,30.6,48.7,32.0,False,False,False,False,False,False,False,False,False,True,False
COL,43,Alpine,33.0,2.0,MEDIUM,20.0,True,13.0,1,71.747,6762.345,6690.598,30.6,48.8,32.0,False,False,False,False,False,False,False,False,False,True,False
COL,43,Alpine,34.0,2.0,MEDIUM,21.0,True,13.0,1,71.846,6834.191,6762.345,30.5,48.5,31.0,False,False,False,False,False,False,False,False,False,True,False
COL,43,Alpine,35.0,2.0,MEDIUM,22.0,True,13.0,1,71.599,6905.79,6834.191,30.4,48.5,32.0,False,False,False,False,False,False,False,False,False,True,False
COL,43,Alpine,36.0,2.0,MEDIUM,23.0,True,14.0,1,72.86,6978.65,6905.79,30.5,48.4,32.0,False,False,False,False,False,False,False,False,False,True,False
COL,43,Alpine,37.0,2.0,MEDIUM,24.0,True,14.0,1,71.858,7050.508,6978.65,30.4,48.1,31.0,False,False,False,False,False,False,False,False,False,True,False
COL,43,Alpine,38.0,2.0,MEDIUM,25.0,True,14.0,1,72.111,7122.619,7050.508,30.4,48.3,32.0,False,False,False,False,False,False,False,False,False,True,False
COL,43,Alpine,39.0,2.0,MEDIUM,26.0,True,14.0,1,75.693,7198.312,7122.619,30.5,48.7,31.0,False,True,False,False,True,False,False,False,False,False,False
COL,43,Alpine,40.0,3.0,HARD,1.0,True,16.0,1,87.406,7285.718,7198.312,30.8,49.3,31.0,False,False,True,False,True,False,False,False,False,False,False
COL,43,Alpine,41.0,3.0,HARD,2.0,True,16.0,1,70.144,7355.862,7285.718,30.9,48.4,31.0,False,False,False,False,False,False,False,False,False,True,False
COL,43,Alpine,42.0,3.0,HARD,3.0,True,16.0,1,69.966,7425.828,7355.862,30.8,48.4,32.0,False,False,False,False,False,False,False,False,False,True,False
COL,43,Alpine,43.0,3.0,HARD,4.0,True,16.0,1,69.748,7495.576,7425.828,30.8,48.7,32.0,False,False,False,False,False,False,False,False,False,True,False
COL,43,Alpine,44.0,3.0,HARD,5.0,True,16.0,1,69.621,7565.197,7495.576,31.0,49.3,31.0,False,False,False,False,False,False,False,False,False,True,False
COL,43,Alpine,45.0,3.0,HARD,6.0,True,16.0,1,69.843,7635.04,7565.197,31.1,49.1,31.0,False,False,False,False,False,False,False,False,False,True,False
COL,43,Alpine,46.0,3.0,HARD,7.0,True,16.0,1,69.783,7704.823,7635.04,31.2,49.1,30.0,False,False,False,False,False,False,False,False,False,True,False
COL,43,Alpine,47.0,3.0,HARD,8.0,True,16.0,1,70.539,7775.362,7704.823,31.3,48.0,31.0,False,False,False,False,False,False,False,False,False,True,False
COL,43,Alpine,48.0,3.0,HARD,9.0,True,16.0,1,70.393,7845.755,7775.362,31.3,48.2,32.0,False,False,False,False,False,False,False,False,False,True,False
COL,43,Alpine,49.0,3.0,HARD,10.0,True,16.0,1,70.459,7916.214,7845.755,31.1,48.9,31.0,False,False,False,False,False,False,False,False,False,True,False
COL,43,Alpine,50.0,3.0,HARD,11.0,True,16.0,1,70.611,7986.825,7916.214,31.1,48.9,31.0,False,False,False,False,False,False,False,False,False,True,False
COL,43,Alpine,51.0,3.0,HARD,12.0,True,16.0,1,70.518,8057.343,7986.825,31.1,48.7,31.0,False,False,False,False,False,False,False,False,False,True,False
COL,43,Alpine,52.0,3.0,HARD,13.0,True,16.0,1,70.864,8128.207,8057.343,31.1,48.7,31.0,False,False,False,False,False,False,False,False,False,True,False
COL,43,Alpine,53.0,3.0,HARD,14.0,True,16.0,1,72.816,8201.023,8128.207,31.1,48.4,31.0,False,False,False,False,False,False,False,False,False,True,False
COL,43,Alpine,54.0,3.0,HARD,15.0,True,14.0,1,70.849,8271.872,8201.023,31.0,48.4,31.0,False,False,False,False,False,False,False,False,False,True,False
COL,43,Alpine,55.0,3.0,HARD,16.0,True,14.0,1,70.68,8342.552,8271.872,31.0,48.6,31.0,False,False,False,False,False,False,False,False,False,True,False
COL,43,Alpine,56.0,3.0,HARD,17.0,True,14.0,1,70.569,8413.121,8342.552,30.9,48.5,31.0,False,False,False,False,False,False,False,False,False,True,False
COL,43,Alpine,57.0,3.0,HARD,18.0,True,14.0,1,70.216,8483.337,8413.121,30.9,48.2,30.0,False,False,False,False,False,False,False,False,False,True,False
COL,43,Alpine,58.0,3.0,HARD,19.0,True,14.0,1,70.328,8553.665,8483.337,30.7,48.2,31.0,False,False,False,False,False,False,False,False,False,True,False
COL,43,Alpine,59.0,3.0,HARD,20.0,True,14.0,1,71.852,8625.517,8553.665,30.7,48.6,31.0,False,False,False,False,False,False,False,False,False,True,False
COL,43,Alpine,60.0,3.0,HARD,21.0,True,14.0,1,70.466,8695.983,8625.517,30.9,48.6,30.0,False,False,False,False,False,False,False,False,False,True,False
COL,43,Alpine,61.0,3.0,HARD,22.0,True,14.0,1,70.42,8766.403,8695.983,31.0,48.6,30.0,False,False,False,False,False,False,False,False,False,True,False
COL,43,Alpine,62.0,3.0,HARD,23.0,True,14.0,1,70.493,8836.896,8766.403,31.1,48.3,30.0,False,False,False,False,False,False,False,False,False,True,False
COL,43,Alpine,63.0,3.0,HARD,24.0,True,14.0,1,70.426,8907.322,8836.896,31.2,48.2,30.0,False,False,False,False,False,False,False,False,False,True,False
COL,43,Alpine,64.0,3.0,HARD,25.0,True,14.0,1,72.314,8979.636,8907.322,31.3,47.5,30.0,False,False,False,False,False,False,False,False,False,True,False
COL,43,Alpine,65.0,3.0,HARD,26.0,True,14.0,1,70.853,9050.489,8979.636,31.0,47.5,32.0,False,False,False,False,False,False,False,False,False,True,False
COL,43,Alpine,66.0,3.0,HARD,27.0,True,15.0,1,71.726,9122.215,9050.489,30.8,47.3,32.0,False,False,False,False,False,False,False,False,False,True,False
COL,43,Alpine,67.0,3.0,HARD,28.0,True,15.0,1,70.928,9193.143,9122.215,30.7,45.9,31.0,False,False,False,False,False,False,False,False,False,True,False
COL,43,Alpine,68.0,3.0,HARD,29.0,True,15.0,1,70.677,9263.82,9193.143,30.7,45.9,32.0,False,False,False,False,False,False,False,False,False,True,False
COL,43,Alpine,69.0,3.0,HARD,30.0,True,15.0,1,70.116,9333.936,9263.82,30.6,47.6,32.0,False,False,False,False,False,False,False,False,False,True,False
TSU,22,Red Bull Racing,1.0,1.0,MEDIUM,1.0,True,15.0,124,114.268,4382.819,4268.287,30.2,48.6,33.0,False,False,False,False,True,False,True,False,False,False,False
TSU,22,Red Bull Racing,2.0,1.0,MEDIUM,2.0,True,16.0,4,106.849,4489.668,4382.819,30.4,49.3,31.0,False,False,False,False,True,False,True,False,False,False,False
TSU,22,Red Bull Racing,3.0,1.0,MEDIUM,3.0,True,15.0,41,101.193,4590.861,4489.668,30.7,49.6,32.0,False,False,False,False,True,False,True,False,False,False,False
TSU,22,Red Bull Racing,4.0,1.0,MEDIUM,4.0,True,15.0,1,72.544,4663.405,4590.861,30.7,49.8,32.0,False,False,False,False,False,False,False,False,False,True,False
TSU,22,Red Bull Racing,5.0,1.0,MEDIUM,5.0,True,15.0,1,71.975,4735.38,4663.405,30.8,49.8,32.0,False,False,False,False,False,False,False,False,False,True,False
TSU,22,Red Bull Racing,6.0,1.0,MEDIUM,6.0,True,15.0,1,71.649,4807.029,4735.38,30.7,49.7,32.0,False,False,False,False,False,False,False,False,False,True,False
TSU,22,Red Bull Racing,7.0,1.0,MEDIUM,7.0,True,15.0,1,71.332,4878.361,4807.029,30.6,50.3,32.0,False,False,False,False,False,False,False,False,False,True,False
TSU,22,Red Bull Racing,8.0,1.0,MEDIUM,8.0,True,15.0,1,70.949,4949.31,4878.361,30.6,50.3,32.0,False,False,False,False,False,False,False,False,False,True,False
TSU,22,Red Bull Racing,9.0,1.0,MEDIUM,9.0,True,15.0,1,71.2,5020.51,4949.31,30.7,50.3,31.0,False,False,False,False,False,False,False,False,False,True,False
TSU,22,Red Bull Racing,10.0,1.0,MEDIUM,10.0,True,15.0,1,71.437,5091.947,5020.51,30.8,49.9,31.0,False,False,False,False,False,False,False,False,False,True,False
TSU,22,Red Bull Racing,11.0,1.0,MEDIUM,11.0,True,14.0,1,71.565,5163.512,5091.947,30.6,49.2,31.0,False,False,False,False,False,False,False,False,False,True,False
TSU,22,Red Bull Racing,12.0,1.0,MEDIUM,12.0,True,14.0,1,71.898,5235.41,5163.512,30.6,49.1,32.0,False,False,False,False,False,False,False,False,False,True,False
TSU,22,Red Bull Racing,13.0,1.0,MEDIUM,13.0,True,12.0,1,73.047,5308.457,5235.41,30.5,49.2,31.0,False,False,False,False,False,False,False,False,False,True,False
TSU,22,Red Bull Racing,14.0,1.0,MEDIUM,14.0,True,11.0,1,72.273,5380.73,5308.457,30.4,49.5,31.0,False,False,False,False,False,False,False,False,False,True,False
TSU,22,Red Bull Racing,15.0,1.0,MEDIUM,15.0,True,10.0,1,71.943,5452.673,5380.73,30.4,49.5,32.0,False,False,False,False,False,False,False,False,False,True,False
TSU,22,Red Bull Racing,16.0,1.0,MEDIUM,16.0,True,10.0,1,72.21,5524.883,5452.673,30.5,49.5,31.0,False,False,False,False,False,False,False,False,False,True,False
TSU,22,Red Bull Racing,17.0,1.0,MEDIUM,17.0,True,10.0,1,71.848,5596.731,5524.883,30.5,49.6,31.0,False,False,False,False,False,False,False,False,False,True,False
TSU,22,Red Bull Racing,18.0,1.0,MEDIUM,18.0,True,12.0,1,75.031,5671.762,5596.731,30.6,49.4,31.0,False,True,False,False,True,False,False,False,False,False,False
TSU,22,Red Bull Racing,19.0,2.0,HARD,1.0,True,16.0,1,87.671,5759.433,5671.762,30.6,49.4,32.0,False,False,True,False,True,False,False,False,False,False,False
TSU,22,Red Bull Racing,20.0,2.0,HARD,2.0,True,16.0,1,71.869,5831.302,5759.433,30.6,49.0,31.0,False,False,False,False,False,False,False,False,False,True,False
TSU,22,Red Bull Racing,21.0,2.0,HARD,3.0,True,16.0,1,70.539,5901.841,5831.302,30.5,49.0,31.0,False,False,False,False,False,False,False,False,False,True,False
TSU,22,Red Bull Racing,22.0,2.0,HARD,4.0,True,16.0,1,70.923,5972.764,5901.841,30.7,49.3,31.0,False,False,False,False,False,False,False,False,False,True,False
TSU,22,Red Bull Racing,23.0,2.0,HARD,5.0,True,16.0,1,70.613,6043.377,5972.764,30.6,49.3,31.0,False,False,False,False,False,False,False,False,False,True,False
TSU,22,Red Bull Racing,24.0,2.0,HARD,6.0,True,16.0,1,70.781,6114.158,6043.377,30.6,49.6,31.0,False,False,False,False,False,False,False,False,False,True,False
TSU,22,Red Bull Racing,25.0,2.0,HARD,7.0,True,16.0,1,70.85,6185.008,6114.158,30.6,49.6,30.0,False,False,False,False,False,False,False,False,False,True,False
TSU,22,Red Bull Racing,26.0,2.0,HARD,8.0,True,16.0,1,70.676,6255.684,6185.008,30.5,49.1,31.0,False,False,False,False,False,False,False,False,False,True,False
TSU,22,Red Bull Racing,27.0,2.0,HARD,9.0,True,15.0,1,71.254,6326.938,6255.684,30.5,49.1,31.0,False,False,False,False,False,False,False,False,False,True,False
TSU,22,Red Bull Racing,28.0,2.0,HARD,10.0,True,15.0,1,71.658,6398.596,6326.938,30.6,49.7,31.0,False,False,False,False,False,False,False,False,False,True,False
TSU,22,Red Bull Racing,29.0,2.0,HARD,11.0,True,14.0,1,71.39,6469.986,6398.596,30.6,49.4,31.0,False,False,False,False,False,False,False,False,False,True,False
TSU,22,Red Bull Racing,30.0,2.0,HARD,12.0,True,14.0,12,79.039,6549.025,6469.986,30.6,48.8,31.0,False,True,False,False,True,False,True,False,False,False,False
TSU,22,Red Bull Racing,31.0,3.0,MEDIUM,1.0,True,16.0,1,97.508,6646.533,6549.025,30.5,48.7,31.0,False,False,True,False,True,False,False,False,False,False,False
TSU,22,Red Bull Racing,32.0,3.0,MEDIUM,2.0,True,16.0,1,70.469,6717.002,6646.533,30.6,48.7,32.0,False,False,False,False,False,False,False,False,False,True,False
TSU,22,Red Bull Racing,33.0,3.0,MEDIUM,3.0,True,16.0,1,70.209,6787.211,6717.002,30.6,48.8,32.0,False,False,False,False,False,False,False,False,False,True,False
TSU,22,Red Bull Racing,34.0,3.0,MEDIUM,4.0,True,16.0,1,70.028,6857.239,6787.211,30.5,48.5,31.0,False,False,False,False,False,False,False,False,False,True,False
TSU,22,Red Bull Racing,35.0,3.0,MEDIUM,5.0,True,16.0,1,70.213,6927.452,6857.239,30.4,48.5,32.0,False,False,False,False,False,False,False,False,False,True,False
TSU,22,Red Bull Racing,36.0,3.0,MEDIUM,6.0,True,16.0,1,70.189,6997.641,6927.452,30.5,48.4,31.0,False,False,False,False,False,False,False,False,False,True,False
TSU,22,Red Bull Racing,37.0,3.0,MEDIUM,7.0,True,16.0,1,70.216,7067.857,6997.641,30.4,48.1,31.0,False,False,False,False,False,False,False,False,False,True,False
TSU,22,Red Bull Racing,38.0,3.0,MEDIUM,8.0,True,16.0,1,70.015,7137.872,7067.857,30.4,48.3,32.0,False,False,False,False,False,False,False,False,False,True,False
TSU,22,Red Bull Racing,39.0,3.0,MEDIUM,9.0,True,16.0,1,70.256,7208.128,7137.872,30.5,48.7,31.0,False,False,False,False,False,False,False,False,False,True,False
TSU,22,Red Bull Racing,40.0,3.0,MEDIUM,10.0,True,15.0,1,70.486,7278.614,7208.128,30.8,49.3,31.0,False,False,False,False,False,False,False,False,False,True,False
TSU,22,Red Bull Racing,41.0,3.0,MEDIUM,11.0,True,15.0,1,70.311,7348.925,7278.614,30.9,48.6,30.0,False,False,False,False,False,False,False,False,False,True,False
TSU,22,Red Bull Racing,42.0,3.0,MEDIUM,12.0,True,15.0,1,70.416,7419.341,7348.925,30.8,48.4,32.0,False,False,False,False,False,False,False,False,False,True,False
TSU,22,Red Bull Racing,43.0,3.0,MEDIUM,13.0,True,15.0,1,70.548,7489.889,7419.341,30.8,48.7,32.0,False,False,False,False,False,False,False,False,False,True,False
TSU,22,Red Bull Racing,44.0,3.0,MEDIUM,14.0,True,15.0,1,70.569,7560.458,7489.889,31.0,49.3,31.0,False,False,False,False,False,False,False,False,False,True,False
TSU,22,Red Bull Racing,45.0,3.0,MEDIUM,15.0,True,15.0,1,70.35,7630.808,7560.458,31.1,49.1,31.0,False,False,False,False,False,False,False,False,False,True,False
TSU,22,Red Bull Racing,46.0,3.0,MEDIUM,16.0,True,15.0,1,70.511,7701.319,7630.808,31.2,49.1,30.0,False,False,False,False,False,False,False,False,False,True,False
TSU,22,Red Bull Racing,47.0,3.0,MEDIUM,17.0,True,15.0,1,72.399,7773.718,7701.319,31.3,48.0,31.0,False,False,False,False,False,False,False,False,False,True,False
TSU,22,Red Bull Racing,48.0,3.0,MEDIUM,18.0,True,15.0,1,70.711,7844.429,7773.718,31.3,48.2,32.0,False,False,False,False,False,False,False,False,False,True,False
TSU,22,Red Bull Racing,49.0,3.0,MEDIUM,19.0,True,15.0,1,70.657,7915.086,7844.429,31.1,48.9,31.0,False,False,False,False,False,False,False,False,False,True,False
TSU,22,Red Bull Racing,50.0,3.0,MEDIUM,20.0,True,15.0,1,70.671,7985.757,7915.086,31.1,48.9,31.0,False,False,False,False,False,False,False,False,False,True,False
TSU,22,Red Bull Racing,51.0,3.0,MEDIUM,21.0,True,15.0,1,70.769,8056.526,7985.757,31.1,48.7,31.0,False,False,False,False,False,False,False,False,False,True,False
TSU,22,Red Bull Racing,52.0,3.0,MEDIUM,22.0,True,15.0,1,71.183,8127.709,8056.526,31.1,48.7,31.0,False,False,False,False,False,False,False,False,False,True,False
TSU,22,Red Bull Racing,53.0,3.0,MEDIUM,23.0,True,15.0,1,72.887,8200.596,8127.709,31.1,48.4,31.0,False,False,False,False,False,False,False,False,False,True,False
TSU,22,Red Bull Racing,54.0,3.0,MEDIUM,24.0,True,15.0,1,72.299,8272.895,8200.596,31.0,48.4,31.0,False,False,False,False,False,False,False,False,False,True,False
TSU,22,Red Bull Racing,55.0,3.0,MEDIUM,25.0,True,15.0,1,70.912,8343.807,8272.895,31.0,48.6,31.0,False,False,False,False,False,False,False,False,False,True,False
TSU,22,Red Bull Racing,56.0,3.0,MEDIUM,26.0,True,15.0,1,71.023,8414.83,8343.807,30.9,48.5,31.0,False,False,False,False,False,False,False,False,False,True,False
TSU,22,Red Bull Racing,57.0,3.0,MEDIUM,27.0,True,15.0,1,71.979,8486.809,8414.83,30.9,48.2,30.0,False,False,False,False,False,False,False,False,False,True,False
TSU,22,Red Bull Racing,58.0,3.0,MEDIUM,28.0,True,15.0,1,70.415,8557.224,8486.809,30.7,48.2,31.0,False,False,False,False,False,False,False,False,False,True,False
TSU,22,Red Bull Racing,59.0,3.0,MEDIUM,29.0,True,15.0,1,70.84,8628.064,8557.224,30.7,48.6,31.0,False,False,False,False,False,False,False,False,False,True,False
TSU,22,Red Bull Racing,60.0,3.0,MEDIUM,30.0,True,15.0,1,74.033,8702.097,8628.064,30.9,48.6,30.0,False,True,False,False,True,False,False,False,False,False,False
TSU,22,Red Bull Racing,61.0,4.0,SOFT,1.0,True,16.0,1,100.638,8802.735,8702.097,31.1,48.3,30.0,False,False,True,False,True,False,False,False,False,False,False
TSU,22,Red Bull Racing,62.0,4.0,SOFT,2.0,True,16.0,1,69.802,8872.537,8802.735,31.2,48.2,30.0,False,False,False,False,False,False,False,False,False,True,False
TSU,22,Red Bull Racing,63.0,4.0,SOFT,3.0,True,16.0,1,70.252,8942.789,8872.537,31.3,48.0,30.0,False,False,False,False,False,False,False,False,False,True,False
TSU,22,Red Bull Racing,64.0,4.0,SOFT,4.0,True,16.0,1,70.561,9013.35,8942.789,31.3,47.5,30.0,False,False,False,False,False,False,False,False,False,True,False
TSU,22,Red Bull Racing,65.0,4.0,SOFT,5.0,True,16.0,1,72.126,9085.476,9013.35,31.0,47.5,32.0,False,False,False,False,False,False,False,False,False,True,False
TSU,22,Red Bull Racing,66.0,4.0,SOFT,6.0,True,16.0,1,70.776,9156.252,9085.476,30.7,45.9,31.0,False,False,False,False,False,False,False,False,False,True,False
TSU,22,Red Bull Racing,67.0,4.0,SOFT,7.0,True,16.0,1,73.165,9229.417,9156.252,30.7,45.9,32.0,False,False,False,False,False,False,False,False,False,True,False
TSU,22,Red Bull Racing,68.0,4.0,SOFT,8.0,True,16.0,1,69.806,9299.223,9229.417,30.6,46.3,32.0,False,False,False,False,False,False,False,False,False,True,False
ALB,23,Williams,1.0,1.0,MEDIUM,1.0,True,7.0,124,102.177,4370.728,4268.287,30.2,48.6,33.0,False,False,False,False,True,False,True,False,False,False,False
ALB,23,Williams,2.0,1.0,MEDIUM,2.0,True,7.0,4,109.602,4480.33,4370.728,30.4,49.3,31.0,False,False,False,False,True,False,True,False,False,False,False
ALB,23,Williams,3.0,1.0,MEDIUM,3.0,True,7.0,41,107.182,4587.512,4480.33,30.6,49.2,32.0,False,False,False,False,True,False,True,False,False,False,False
ALB,23,Williams,4.0,1.0,MEDIUM,4.0,True,7.0,1,71.975,4659.487,4587.512,30.7,49.8,32.0,False,False,False,False,False,False,False,False,False,True,False
ALB,23,Williams,5.0,1.0,MEDIUM,5.0,True,7.0,1,71.163,4730.65,4659.487,30.8,49.8,32.0,False,False,False,False,False,False,False,False,False,True,False
ALB,23,Williams,6.0,1.0,MEDIUM,6.0,True,7.0,1,70.881,4801.531,4730.65,30.7,49.7,32.0,False,False,False,False,False,False,False,False,False,True,False
ALB,23,Williams,7.0,1.0,MEDIUM,7.0,True,7.0,1,71.009,4872.54,4801.531,30.6,50.3,32.0,False,False,False,False,False,False,False,False,False,True,False
ALB,23,Williams,8.0,1.0,MEDIUM,8.0,True,7.0,1,70.85,4943.39,4872.54,30.6,50.4,32.0,False,False,False,False,False,False,False,False,False,True,False
ALB,23,Williams,9.0,1.0,MEDIUM,9.0,True,6.0,1,70.641,5014.031,4943.39,30.7,50.3,31.0,False,False,False,False,False,False,False,False,False,True,False
ALB,23,Williams,10.0,1.0,MEDIUM,10.0,True,6.0,1,71.401,5085.432,5014.031,30.8,49.9,31.0,False,False,False,False,False,False,False,False,False,True,False
ALB,23,Williams,11.0,1.0,MEDIUM,11.0,True,6.0,1,71.541,5156.973,5085.432,30.6,49.2,31.0,False,False,False,False,False,False,False,False,False,True,False
ALB,23,Williams,12.0,1.0,MEDIUM,12.0,True,6.0,1,71.316,5228.289,5156.973,30.6,49.1,32.0,False,False,False,False,False,False,False,False,False,True,False
ALB,23,Williams,13.0,1.0,MEDIUM,13.0,True,7.0,1,74.03,5302.319,5228.289,30.5,49.2,31.0,False,True,False,False,True,False,False,False,False,False,False
ALB,23,Williams,14.0,2.0,MEDIUM,1.0,True,13.0,1,87.615,5389.934,5302.319,30.4,49.5,31.0,False,False,True,False,True,False,False,False,False,False,False
ALB,23,Williams,15.0,2.0,MEDIUM,2.0,True,16.0,1,78.845,5468.779,5389.934,30.4,49.5,32.0,False,True,False,False,True,False,False,False,False,False,False
VER,1,Red Bull Racing,1.0,1.0,MEDIUM,1.0,True,,124,,4357.412,4268.287,30.2,48.6,33.0,False,False,False,True,True,False,True,False,False,False,False
ANT,12,Mercedes,1.0,1.0,MEDIUM,1.0,True,,124,,4357.412,4268.287,30.2,48.6,33.0,False,False,False,True,True,False,True,False,False,False,False
