circuit,n_editions,laps_exposure,sc_races_with_event,sc_deployments,sc_p_occurrence,sc_p_occurrence_ci_low,sc_p_occurrence_ci_high,sc_rate_per_lap,sc_rate_ci_low,sc_rate_ci_high,sc_mean_duration_laps,vsc_races_with_event,vsc_deployments,vsc_p_occurrence,vsc_p_occurrence_ci_low,vsc_p_occurrence_ci_high,vsc_rate_per_lap,vsc_rate_ci_low,vsc_rate_ci_high,vsc_mean_duration_laps
barcelona,8,528,4,4,0.5,0.1989656112814958,0.8010343887185041,0.008522727272727272,0.0025571870264965517,0.018013984657804575,5.5,1,1,0.16666666666666666,0.013838233790320757,0.4537193210324146,0.002840909090909091,0.00020435159339384268,0.008852654928500141,3.0
monaco,7,532,3,4,0.4375,0.13886421910489025,0.7654987507479062,0.008458646616541353,0.002537960056372517,0.01787854116413687,2.5,3,3,0.4375,0.13886421910489025,0.7654987507479062,0.006578947368421052,0.0015882229141704462,0.015049590483674179,2.0
singapore,6,367,4,7,0.6428571428571429,0.28642300925419684,0.9232298599651265,0.020435967302452316,0.008531522881530317,0.03745012651695228,3.5714285714285716,2,4,0.35714285714285715,0.07677014003487342,0.713576990745803,0.01226158038147139,0.0036790047683656108,0.025916577382345544,2.25
suzuka,6,294,3,3,0.5,0.1668081973318454,0.8331918026681545,0.011904761904761904,0.0028739271780227125,0.02723259230379137,3.3333333333333335,2,2,0.35714285714285715,0.07677014003487342,0.713576990745803,0.008503401360544218,0.0014136251930045281,0.021823982983044263,1.5
