car,class,lap,lap_time,flags,pit_time
10,LMP2,1,113.111,GF,
10,LMP2,2,106.034,GF,
10,LMP2,3,105.273,GF,
10,LMP2,4,105.698,GF,
10,LMP2,5,105.237,GF,
10,LMP2,6,105.417,GF,
10,LMP2,7,105.837,GF,
10,LMP2,8,106.642,GF,
10,LMP2,9,109.57,GF,
10,LMP2,10,107.661,GF,
10,LMP2,11,105.531,GF,
10,LMP2,12,105.829,GF,
10,LMP2,13,106.723,GF,
10,LMP2,14,106.192,GF,
10,LMP2,15,107.158,GF,
10,LMP2,16,105.775,GF,
10,LMP2,17,106.355,GF,
10,LMP2,18,105.528,GF,
10,LMP2,19,106.021,GF,
10,LMP2,20,106.234,GF,
10,LMP2,21,107.542,GF,
10,LMP2,22,112.446,GF,
10,LMP2,23,176.427,GF,78.631
10,LMP2,24,107.493,GF,
10,LMP2,25,107.647,GF,
10,LMP2,26,106.893,GF,
10,LMP2,27,106.268,GF,
10,LMP2,28,105.34,GF,
10,LMP2,29,105.683,GF,
10,LMP2,30,106.716,GF,
10,LMP2,31,105.724,GF,
10,LMP2,32,105.619,GF,
10,LMP2,33,109.017,GF,
10,LMP2,34,105.626,GF,
10,LMP2,35,108.291,GF,
10,LMP2,36,108.242,GF,
10,LMP2,37,105.633,GF,
10,LMP2,38,106.224,GF,
10,LMP2,39,106.134,GF,
10,LMP2,40,113.547,GF,
10,LMP2,41,184.57,GF,81.874
10,LMP2,42,106.543,GF,
10,LMP2,43,106.727,GF,
10,LMP2,44,106.235,GF,
10,LMP2,45,105.572,GF,
10,LMP2,46,105.163,GF,
10,LMP2,47,105.898,GF,
10,LMP2,48,105.288,GF,
10,LMP2,49,105.194,GF,
10,LMP2,50,108.275,GF,
10,LMP2,51,105.719,GF,
10,LMP2,52,106.48,GF,
10,LMP2,53,107.174,GF,
10,LMP2,54,106.636,GF,
10,LMP2,55,106.369,GF,
10,LMP2,56,106.16,GF,
10,LMP2,57,105.859,GF,
10,LMP2,58,105.055,GF,
10,LMP2,59,105.886,GF,
10,LMP2,60,106.648,GF,
10,LMP2,61,105.457,GF,
10,LMP2,62,105.601,GF,
10,LMP2,63,106.334,GF,
10,LMP2,64,111.852,GF,
10,LMP2,65,183.638,GF,86.188
10,LMP2,66,105.256,GF,
10,LMP2,67,106.918,GF,
10,LMP2,68,106.165,GF,
10,LMP2,69,106.28,GF,
10,LMP2,70,108.715,GF,
10,LMP2,71,105.729,GF,
10,LMP2,72,105.809,GF,
10,LMP2,73,106.616,GF,
10,LMP2,74,106.791,GF,
10,LMP2,75,105.741,GF,
10,LMP2,76,106.383,GF,
10,LMP2,77,107.201,GF,
10,LMP2,78,131.422,GF,
10,LMP2,79,256.244,GF,
10,LMP2,80,252.008,SF,
10,LMP2,81,126.402,SF,
10,LMP2,82,186.447,SF,
10,LMP2,83,221.247,SF,
10,LMP2,84,220.965,SF,
10,LMP2,85,154.169,GF,
10,LMP2,86,114.827,GF,
10,LMP2,87,181.285,GF,81.766
10,LMP2,88,104.119,GF,
10,LMP2,89,103.22,GF,
10,LMP2,90,103.255,GF,
10,LMP2,91,105.192,GF,
10,LMP2,92,104.979,GF,
10,LMP2,93,104.843,GF,
10,LMP2,94,161.09,GF,
10,LMP2,95,104.911,GF,
10,LMP2,96,103.757,GF,
10,LMP2,97,103.504,GF,
10,LMP2,98,103.65,GF,
10,LMP2,99,104.285,GF,
10,LMP2,100,104.817,GF,
10,LMP2,101,105.241,GF,
10,LMP2,102,126.15,FCY,
10,LMP2,103,177.341,GF,
10,LMP2,104,165.004,GF,68.584
10,LMP2,105,104.164,GF,
10,LMP2,106,104.588,GF,
10,LMP2,107,104.564,GF,
10,LMP2,108,105.472,GF,
10,LMP2,109,105.969,GF,
10,LMP2,110,105.731,GF,
10,LMP2,111,107.22,GF,
10,LMP2,112,105.692,GF,
10,LMP2,113,106.811,GF,
10,LMP2,114,108.095,FCY,
10,LMP2,115,175.257,GF,
10,LMP2,116,104.576,GF,
10,LMP2,117,105.428,GF,
10,LMP2,118,106.046,GF,
10,LMP2,119,105.386,GF,
10,LMP2,120,105.409,GF,
10,LMP2,121,110.451,GF,
10,LMP2,122,109.519,GF,
10,LMP2,123,108.461,GF,
10,LMP2,124,108.964,FF,
11,LMP3,1,125.584,GF,
11,LMP3,2,113.802,GF,
11,LMP3,3,112.365,GF,
11,LMP3,4,112.386,GF,
11,LMP3,5,112.849,GF,
11,LMP3,6,112.046,GF,
11,LMP3,7,112.719,GF,
11,LMP3,8,113.234,GF,
11,LMP3,9,112.997,GF,
11,LMP3,10,113.142,GF,
11,LMP3,11,112.925,GF,
11,LMP3,12,113.21,GF,
11,LMP3,13,113.549,GF,
11,LMP3,14,114.192,GF,
11,LMP3,15,113.426,GF,
11,LMP3,16,113.605,GF,
11,LMP3,17,115.405,GF,
11,LMP3,18,114.168,GF,
11,LMP3,19,116.443,GF,
11,LMP3,20,112.993,GF,
11,LMP3,21,114.428,GF,
11,LMP3,22,113.299,GF,
11,LMP3,23,114.059,GF,
11,LMP3,24,113.431,GF,
11,LMP3,25,113.292,GF,
11,LMP3,26,114.747,GF,
11,LMP3,27,114.605,GF,
11,LMP3,28,120.323,GF,
11,LMP3,29,216.445,GF,108.735
11,LMP3,30,113.898,GF,
11,LMP3,31,113.651,GF,
11,LMP3,32,114.446,GF,
11,LMP3,33,114.575,GF,
11,LMP3,34,114.063,GF,
11,LMP3,35,113.624,GF,
11,LMP3,36,113.531,GF,
11,LMP3,37,113.879,GF,
11,LMP3,38,113.637,GF,
11,LMP3,39,114.731,GF,
11,LMP3,40,114.337,GF,
11,LMP3,41,114.257,GF,
11,LMP3,42,114.298,GF,
11,LMP3,43,115.585,GF,
11,LMP3,44,113.851,GF,
11,LMP3,45,113.975,GF,
11,LMP3,46,114.281,GF,
11,LMP3,47,114.109,GF,
11,LMP3,48,113.839,GF,
11,LMP3,49,114.474,GF,
11,LMP3,50,114.773,GF,
11,LMP3,51,113.897,GF,
11,LMP3,52,113.924,GF,
11,LMP3,53,113.163,GF,
11,LMP3,54,113.22,GF,
11,LMP3,55,114.047,GF,
11,LMP3,56,113.595,GF,
11,LMP3,57,113.875,GF,
11,LMP3,58,113.969,GF,
11,LMP3,59,113.455,GF,
11,LMP3,60,119.602,GF,
11,LMP3,61,223.286,GF,113.268
11,LMP3,62,113.607,GF,
11,LMP3,63,115.801,GF,
11,LMP3,64,113.823,GF,
11,LMP3,65,113.168,GF,
11,LMP3,66,112.96,GF,
11,LMP3,67,113.232,GF,
11,LMP3,68,115.057,GF,
11,LMP3,69,114.182,GF,
11,LMP3,70,113.28,GF,
11,LMP3,71,113.613,GF,
11,LMP3,72,114.238,GF,
11,LMP3,73,131.389,GF,
11,LMP3,74,256.346,GF,
11,LMP3,75,257.6,SF,
11,LMP3,76,125.275,SF,
11,LMP3,77,188.121,SF,
11,LMP3,78,220.794,SF,
11,LMP3,79,221.125,SF,
11,LMP3,80,155.906,GF,
11,LMP3,81,116.222,GF,
11,LMP3,82,114.135,GF,
11,LMP3,83,114.897,GF,
11,LMP3,84,112.494,GF,
11,LMP3,85,112.621,GF,
11,LMP3,86,112.601,GF,
11,LMP3,87,112.656,GF,
11,LMP3,88,112.594,GF,
11,LMP3,89,171.29,GF,
11,LMP3,90,112.729,GF,
11,LMP3,91,114.248,GF,
11,LMP3,92,120.488,GF,
11,LMP3,93,169.572,GF,64.373
11,LMP3,94,114.066,GF,
11,LMP3,95,113.945,GF,
11,LMP3,96,155.086,FCY,
11,LMP3,97,149.867,GF,
11,LMP3,98,115.12,GF,
11,LMP3,99,114.039,GF,
11,LMP3,100,114.335,GF,
11,LMP3,101,113.918,GF,
11,LMP3,102,114.227,GF,
11,LMP3,103,113.863,GF,
11,LMP3,104,114.123,GF,
11,LMP3,105,113.701,GF,
11,LMP3,106,113.878,GF,
11,LMP3,107,114.373,GF,
11,LMP3,108,170.035,FCY,
11,LMP3,109,125.24,GF,
11,LMP3,110,113.597,GF,
11,LMP3,111,113.694,GF,
11,LMP3,112,114.172,GF,
11,LMP3,113,113.691,GF,
11,LMP3,114,114.329,GF,
11,LMP3,115,113.799,GF,
11,LMP3,116,114.407,GF,
11,LMP3,117,113.995,FF,
12,LMP3,1,123.57,GF,
12,LMP3,2,112.655,GF,
12,LMP3,3,112.601,GF,
12,LMP3,4,112.472,GF,
12,LMP3,5,113.923,GF,
12,LMP3,6,113.165,GF,
12,LMP3,7,112.912,GF,
12,LMP3,8,112.773,GF,
12,LMP3,9,112.812,GF,
12,LMP3,10,112.811,GF,
12,LMP3,11,113.066,GF,
12,LMP3,12,113.755,GF,
12,LMP3,13,113.754,GF,
12,LMP3,14,114.057,GF,
12,LMP3,15,112.998,GF,
12,LMP3,16,114.202,GF,
12,LMP3,17,115.4,GF,
12,LMP3,18,114.355,GF,
12,LMP3,19,117.029,GF,
12,LMP3,20,114.153,GF,
12,LMP3,21,114.994,GF,
12,LMP3,22,113.953,GF,
12,LMP3,23,113.498,GF,
12,LMP3,24,114.092,GF,
12,LMP3,25,114.697,GF,
12,LMP3,26,113.331,GF,
12,LMP3,27,113.826,GF,
12,LMP3,28,114.823,GF,
12,LMP3,29,114.056,GF,
12,LMP3,30,113.428,GF,
12,LMP3,31,120.47,GF,
12,LMP3,32,172.188,GF,65.906
12,LMP3,33,114.707,GF,
12,LMP3,34,114.953,GF,
12,LMP3,35,115.312,GF,
12,LMP3,36,115.473,GF,
12,LMP3,37,114.607,GF,
12,LMP3,38,115.0,GF,
12,LMP3,39,115.509,GF,
12,LMP3,40,113.885,GF,
12,LMP3,41,114.532,GF,
12,LMP3,42,115.195,GF,
12,LMP3,43,114.777,GF,
12,LMP3,44,114.87,GF,
12,LMP3,45,114.316,GF,
12,LMP3,46,114.787,GF,
12,LMP3,47,114.824,GF,
12,LMP3,48,115.052,GF,
12,LMP3,49,114.52,GF,
12,LMP3,50,114.614,GF,
12,LMP3,51,115.394,GF,
12,LMP3,52,114.243,GF,
12,LMP3,53,115.111,GF,
12,LMP3,54,114.626,GF,
12,LMP3,55,114.476,GF,
12,LMP3,56,114.815,GF,
12,LMP3,57,114.484,GF,
12,LMP3,58,115.125,GF,
12,LMP3,59,114.528,GF,
12,LMP3,60,114.661,GF,
12,LMP3,61,116.382,GF,
12,LMP3,62,121.555,GF,
12,LMP3,63,218.107,GF,106.954
12,LMP3,64,115.173,GF,
12,LMP3,65,114.101,GF,
12,LMP3,66,113.552,GF,
12,LMP3,67,114.439,GF,
12,LMP3,68,113.768,GF,
12,LMP3,69,114.541,GF,
12,LMP3,70,114.793,GF,
12,LMP3,71,114.368,GF,
12,LMP3,72,113.88,GF,
12,LMP3,73,120.261,GF,
12,LMP3,74,258.175,GF,
12,LMP3,75,337.215,SF,106.007
12,LMP3,76,233.593,SF,
12,LMP3,77,174.739,SF,
14,LMP2,1,108.404,GF,
14,LMP2,2,104.303,GF,
14,LMP2,3,103.956,GF,
14,LMP2,4,103.894,GF,
14,LMP2,5,104.31,GF,
14,LMP2,6,103.575,GF,
14,LMP2,7,104.901,GF,
14,LMP2,8,106.472,GF,
14,LMP2,9,105.131,GF,
14,LMP2,10,105.359,GF,
14,LMP2,11,104.891,GF,
14,LMP2,12,105.655,GF,
14,LMP2,13,105.542,GF,
14,LMP2,14,104.456,GF,
14,LMP2,15,104.716,GF,
14,LMP2,16,104.982,GF,
14,LMP2,17,104.311,GF,
14,LMP2,18,105.079,GF,
14,LMP2,19,105.502,GF,
14,LMP2,20,105.124,GF,
14,LMP2,21,156.882,GF,
14,LMP2,22,121.731,GF,69.745
14,LMP2,23,105.805,GF,
14,LMP2,24,105.798,GF,
14,LMP2,25,105.276,GF,
14,LMP2,26,105.73,GF,
14,LMP2,27,105.824,GF,
14,LMP2,28,105.027,GF,
14,LMP2,29,106.278,GF,
14,LMP2,30,106.194,GF,
14,LMP2,31,106.25,GF,
14,LMP2,32,105.723,GF,
14,LMP2,33,106.711,GF,
14,LMP2,34,105.396,GF,
14,LMP2,35,105.517,GF,
14,LMP2,36,104.943,GF,
14,LMP2,37,105.643,GF,
14,LMP2,38,105.723,GF,
14,LMP2,39,105.482,GF,
14,LMP2,40,105.591,GF,
14,LMP2,41,105.576,GF,
14,LMP2,42,105.018,GF,
14,LMP2,43,105.971,GF,
14,LMP2,44,178.982,GF,
14,LMP2,45,126.836,GF,90.976
14,LMP2,46,107.861,GF,
14,LMP2,47,105.17,GF,
14,LMP2,48,105.584,GF,
14,LMP2,49,105.041,GF,
14,LMP2,50,104.13,GF,
14,LMP2,51,104.5,GF,
14,LMP2,52,104.726,GF,
14,LMP2,53,105.406,GF,
14,LMP2,54,111.56,GF,
14,LMP2,55,120.632,GF,25.01
14,LMP2,56,103.575,GF,
14,LMP2,57,104.849,GF,
14,LMP2,58,104.636,GF,
14,LMP2,59,105.41,GF,
14,LMP2,60,103.547,GF,
14,LMP2,61,104.831,GF,
14,LMP2,62,104.164,GF,
14,LMP2,63,104.534,GF,
14,LMP2,64,104.709,GF,
14,LMP2,65,105.042,GF,
14,LMP2,66,103.813,GF,
14,LMP2,67,157.512,GF,
14,LMP2,68,123.072,GF,70.566
14,LMP2,69,105.095,GF,
14,LMP2,70,105.291,GF,
14,LMP2,71,105.133,GF,
14,LMP2,72,105.969,GF,
14,LMP2,73,105.417,GF,
14,LMP2,74,106.526,GF,
14,LMP2,75,105.796,GF,
14,LMP2,76,105.506,GF,
14,LMP2,77,107.527,GF,
14,LMP2,78,105.206,GF,
14,LMP2,79,160.441,GF,
14,LMP2,80,300.528,GF,
14,LMP2,81,217.655,SF,70.81
14,LMP2,82,228.274,SF,
14,LMP2,83,227.092,SF,
14,LMP2,84,219.841,SF,
14,LMP2,85,161.369,GF,
14,LMP2,86,105.683,GF,
14,LMP2,87,104.416,GF,
14,LMP2,88,104.699,GF,
14,LMP2,89,104.066,GF,
14,LMP2,90,104.297,GF,
14,LMP2,91,104.301,GF,
14,LMP2,92,104.462,GF,
14,LMP2,93,105.536,GF,
14,LMP2,94,106.395,FCY,
14,LMP2,95,155.764,GF,
14,LMP2,96,106.041,GF,
14,LMP2,97,105.693,GF,
14,LMP2,98,104.871,GF,
14,LMP2,99,104.825,GF,
14,LMP2,100,104.774,GF,
14,LMP2,101,104.396,GF,
14,LMP2,102,105.32,GF,
14,LMP2,103,139.239,FCY,
14,LMP2,104,149.397,GF,
14,LMP2,105,156.812,GF,
14,LMP2,106,122.872,GF,68.873
14,LMP2,107,105.971,GF,
14,LMP2,108,105.623,GF,
14,LMP2,109,105.515,GF,
14,LMP2,110,105.499,GF,
14,LMP2,111,105.7,GF,
14,LMP2,112,105.389,GF,
14,LMP2,113,106.73,GF,
14,LMP2,114,105.96,GF,
14,LMP2,115,115.482,FCY,
14,LMP2,116,162.893,GF,
14,LMP2,117,105.628,GF,
14,LMP2,118,105.73,GF,
14,LMP2,119,105.129,GF,
14,LMP2,120,106.133,GF,
14,LMP2,121,104.703,GF,
14,LMP2,122,106.103,GF,
14,LMP2,123,106.639,GF,
14,LMP2,124,107.115,GF,
14,LMP2,125,105.722,FF,
15,LMP3,1,127.461,GF,
15,LMP3,2,117.419,GF,
15,LMP3,3,116.689,GF,
15,LMP3,4,115.03,GF,
15,LMP3,5,114.754,GF,
15,LMP3,6,116.579,GF,
15,LMP3,7,114.612,GF,
15,LMP3,8,114.621,GF,
15,LMP3,9,114.456,GF,
15,LMP3,10,115.025,GF,
15,LMP3,11,115.454,GF,
15,LMP3,12,115.662,GF,
15,LMP3,13,114.745,GF,
15,LMP3,14,114.672,GF,
15,LMP3,15,115.199,GF,
15,LMP3,16,114.773,GF,
15,LMP3,17,114.366,GF,
15,LMP3,18,114.91,GF,
15,LMP3,19,114.861,GF,
15,LMP3,20,114.887,GF,
15,LMP3,21,114.638,GF,
15,LMP3,22,116.08,GF,
15,LMP3,23,114.485,GF,
15,LMP3,24,114.434,GF,
15,LMP3,25,116.137,GF,
15,LMP3,26,125.358,GF,
15,LMP3,27,115.729,GF,
15,LMP3,28,115.617,GF,
15,LMP3,29,116.062,GF,
15,LMP3,30,204.773,GF,
15,LMP3,31,139.001,GF,107.039
15,LMP3,32,117.198,GF,
15,LMP3,33,115.486,GF,
15,LMP3,34,117.023,GF,
15,LMP3,35,116.514,GF,
15,LMP3,36,114.611,GF,
15,LMP3,37,115.512,GF,
15,LMP3,38,114.65,GF,
15,LMP3,39,113.568,GF,
15,LMP3,40,114.68,GF,
15,LMP3,41,114.63,GF,
15,LMP3,42,114.214,GF,
15,LMP3,43,113.573,GF,
15,LMP3,44,114.189,GF,
15,LMP3,45,113.696,GF,
15,LMP3,46,114.167,GF,
15,LMP3,47,116.529,GF,
15,LMP3,48,114.506,GF,
15,LMP3,49,114.055,GF,
15,LMP3,50,113.569,GF,
15,LMP3,51,113.833,GF,
15,LMP3,52,113.808,GF,
15,LMP3,53,114.306,GF,
15,LMP3,54,113.999,GF,
15,LMP3,55,113.587,GF,
15,LMP3,56,113.862,GF,
15,LMP3,57,114.354,GF,
15,LMP3,58,115.704,GF,
15,LMP3,59,113.679,GF,
15,LMP3,60,113.658,GF,
15,LMP3,61,218.045,GF,
15,LMP3,62,134.221,GF,120.021
15,LMP3,63,113.759,GF,
15,LMP3,64,113.039,GF,
15,LMP3,65,112.484,GF,
15,LMP3,66,114.303,GF,
15,LMP3,67,114.816,GF,
15,LMP3,68,113.013,GF,
15,LMP3,69,112.552,GF,
15,LMP3,70,112.567,GF,
15,LMP3,71,113.143,GF,
15,LMP3,72,113.421,GF,
15,LMP3,73,243.25,GF,
15,LMP3,74,261.264,GF,
15,LMP3,75,151.636,SF,
15,LMP3,76,205.641,SF,
15,LMP3,77,168.664,SF,
15,LMP3,78,124.128,SF,
15,LMP3,79,178.274,SF,
15,LMP3,80,154.617,GF,
15,LMP3,81,113.123,GF,
15,LMP3,82,113.525,GF,
15,LMP3,83,112.608,GF,
15,LMP3,84,113.223,GF,
15,LMP3,85,112.909,GF,
15,LMP3,86,112.913,GF,
15,LMP3,87,112.339,GF,
15,LMP3,88,112.142,GF,
15,LMP3,89,166.562,GF,
15,LMP3,90,152.091,GF,
15,LMP3,91,128.858,GF,57.338
15,LMP3,92,113.666,GF,
15,LMP3,93,112.713,GF,
15,LMP3,94,112.635,GF,
15,LMP3,95,112.35,GF,
15,LMP3,96,140.17,FCY,
15,LMP3,97,162.069,GF,
15,LMP3,98,113.401,GF,
15,LMP3,99,113.961,GF,
15,LMP3,100,112.333,GF,
15,LMP3,101,112.72,GF,
15,LMP3,102,112.462,GF,
15,LMP3,103,112.511,GF,
15,LMP3,104,115.12,GF,
15,LMP3,105,114.619,GF,
15,LMP3,106,113.368,GF,
15,LMP3,107,113.146,GF,
15,LMP3,108,139.592,FCY,
15,LMP3,109,148.451,GF,
15,LMP3,110,113.897,GF,
15,LMP3,111,113.185,GF,
15,LMP3,112,112.963,GF,
15,LMP3,113,112.902,GF,
15,LMP3,114,112.353,GF,
15,LMP3,115,112.468,GF,
15,LMP3,116,113.186,GF,
15,LMP3,117,112.867,GF,
15,LMP3,118,113.412,FF,
17,LMP3,1,125.248,GF,
17,LMP3,2,117.055,GF,
17,LMP3,3,115.768,GF,
17,LMP3,4,115.666,GF,
17,LMP3,5,115.496,GF,
17,LMP3,6,114.511,GF,
17,LMP3,7,114.192,GF,
17,LMP3,8,114.199,GF,
17,LMP3,9,114.234,GF,
17,LMP3,10,114.573,GF,
17,LMP3,11,115.502,GF,
17,LMP3,12,116.205,GF,
17,LMP3,13,114.425,GF,
17,LMP3,14,115.237,GF,
17,LMP3,15,114.243,GF,
17,LMP3,16,114.791,GF,
17,LMP3,17,113.702,GF,
17,LMP3,18,114.679,GF,
17,LMP3,19,115.328,GF,
17,LMP3,20,113.922,GF,
17,LMP3,21,115.198,GF,
17,LMP3,22,114.932,GF,
17,LMP3,23,115.056,GF,
17,LMP3,24,116.408,GF,
17,LMP3,25,114.72,GF,
17,LMP3,26,114.757,GF,
17,LMP3,27,115.737,GF,
17,LMP3,28,114.995,GF,
17,LMP3,29,115.639,GF,
17,LMP3,30,114.19,GF,
17,LMP3,31,121.149,GF,
17,LMP3,32,178.443,GF,70.709
17,LMP3,33,116.307,GF,
17,LMP3,34,115.371,GF,
17,LMP3,35,114.493,GF,
17,LMP3,36,115.299,GF,
17,LMP3,37,114.994,GF,
17,LMP3,38,115.636,GF,
17,LMP3,39,114.745,GF,
17,LMP3,40,115.046,GF,
17,LMP3,41,117.198,GF,
17,LMP3,42,117.006,GF,
17,LMP3,43,118.663,GF,
17,LMP3,44,115.37,GF,
17,LMP3,45,114.938,GF,
17,LMP3,46,115.691,GF,
17,LMP3,47,118.783,GF,
17,LMP3,48,116.477,GF,
17,LMP3,49,115.558,GF,
17,LMP3,50,114.801,GF,
17,LMP3,51,115.447,GF,
17,LMP3,52,114.891,GF,
17,LMP3,53,114.397,GF,
17,LMP3,54,114.549,GF,
17,LMP3,55,115.73,GF,
17,LMP3,56,114.845,GF,
17,LMP3,57,116.421,GF,
17,LMP3,58,118.671,GF,
17,LMP3,59,121.252,GF,
17,LMP3,60,214.427,GF,106.959
17,LMP3,61,113.929,GF,
17,LMP3,62,114.905,GF,
17,LMP3,63,113.969,GF,
17,LMP3,64,114.429,GF,
17,LMP3,65,114.211,GF,
17,LMP3,66,114.271,GF,
17,LMP3,67,113.489,GF,
17,LMP3,68,114.258,GF,
17,LMP3,69,113.986,GF,
17,LMP3,70,113.991,GF,
17,LMP3,71,114.145,GF,
17,LMP3,72,113.755,GF,
17,LMP3,73,207.216,GF,
17,LMP3,74,256.875,GF,
17,LMP3,75,240.362,SF,107.317
17,LMP3,76,200.238,SF,
17,LMP3,77,167.495,SF,
17,LMP3,78,124.183,SF,
17,LMP3,79,178.825,SF,
17,LMP3,80,153.542,GF,
17,LMP3,81,114.369,GF,
17,LMP3,82,113.105,GF,
17,LMP3,83,112.752,GF,
17,LMP3,84,113.897,GF,
17,LMP3,85,113.901,GF,
17,LMP3,86,113.884,GF,
17,LMP3,87,112.414,GF,
17,LMP3,88,112.545,GF,
17,LMP3,89,167.554,GF,
17,LMP3,90,113.891,GF,
17,LMP3,91,113.643,GF,
17,LMP3,92,112.692,GF,
17,LMP3,93,112.912,GF,
17,LMP3,94,114.166,GF,
17,LMP3,95,112.7,GF,
17,LMP3,96,113.772,GF,
17,LMP3,97,205.654,GF,
17,LMP3,98,113.436,GF,
17,LMP3,99,113.203,GF,
17,LMP3,100,114.228,GF,
17,LMP3,101,114.746,GF,
17,LMP3,102,112.742,GF,
17,LMP3,103,112.781,GF,
17,LMP3,104,113.159,GF,
17,LMP3,105,113.026,GF,
17,LMP3,106,113.07,GF,
17,LMP3,107,112.832,GF,
17,LMP3,108,116.016,FCY,
17,LMP3,109,181.353,GF,
17,LMP3,110,120.2,GF,
17,LMP3,111,172.03,GF,63.848
17,LMP3,112,125.795,GF,
17,LMP3,113,116.415,GF,
17,LMP3,114,116.802,GF,
17,LMP3,115,116.721,GF,
17,LMP3,116,116.668,GF,
17,LMP3,117,116.77,FF,
19,LMP2 Pro/Am,1,134.402,GF,
19,LMP2 Pro/Am,2,111.313,GF,
19,LMP2 Pro/Am,3,109.651,GF,
19,LMP2 Pro/Am,4,109.093,GF,
19,LMP2 Pro/Am,5,108.059,GF,
19,LMP2 Pro/Am,6,108.143,GF,
19,LMP2 Pro/Am,7,107.343,GF,
19,LMP2 Pro/Am,8,106.496,GF,
19,LMP2 Pro/Am,9,106.814,GF,
19,LMP2 Pro/Am,10,107.219,GF,
19,LMP2 Pro/Am,11,107.518,GF,
19,LMP2 Pro/Am,12,108.742,GF,
19,LMP2 Pro/Am,13,112.055,GF,
19,LMP2 Pro/Am,14,109.233,GF,
19,LMP2 Pro/Am,15,107.807,GF,
19,LMP2 Pro/Am,16,107.233,GF,
19,LMP2 Pro/Am,17,106.812,GF,
19,LMP2 Pro/Am,18,106.66,GF,
19,LMP2 Pro/Am,19,107.462,GF,
19,LMP2 Pro/Am,20,107.382,GF,
19,LMP2 Pro/Am,21,106.598,GF,
19,LMP2 Pro/Am,22,170.232,GF,
19,LMP2 Pro/Am,23,126.102,GF,75.869
19,LMP2 Pro/Am,24,110.659,GF,
19,LMP2 Pro/Am,25,110.771,GF,
19,LMP2 Pro/Am,26,110.025,GF,
19,LMP2 Pro/Am,27,108.807,GF,
19,LMP2 Pro/Am,28,109.656,GF,
19,LMP2 Pro/Am,29,108.145,GF,
19,LMP2 Pro/Am,30,110.288,GF,
19,LMP2 Pro/Am,31,108.824,GF,
19,LMP2 Pro/Am,32,109.259,GF,
19,LMP2 Pro/Am,33,110.308,GF,
19,LMP2 Pro/Am,34,107.869,GF,
19,LMP2 Pro/Am,35,111.492,GF,
19,LMP2 Pro/Am,36,110.035,GF,
19,LMP2 Pro/Am,37,175.9,GF,
19,LMP2 Pro/Am,38,126.923,GF,82.435
19,LMP2 Pro/Am,39,107.189,GF,
19,LMP2 Pro/Am,40,107.556,GF,
19,LMP2 Pro/Am,41,107.384,GF,
19,LMP2 Pro/Am,42,106.193,GF,
19,LMP2 Pro/Am,43,108.71,GF,
19,LMP2 Pro/Am,44,105.607,GF,
19,LMP2 Pro/Am,45,105.223,GF,
19,LMP2 Pro/Am,46,106.505,GF,
19,LMP2 Pro/Am,47,106.07,GF,
19,LMP2 Pro/Am,48,105.047,GF,
19,LMP2 Pro/Am,49,106.994,GF,
19,LMP2 Pro/Am,50,107.102,GF,
19,LMP2 Pro/Am,51,106.408,GF,
19,LMP2 Pro/Am,52,105.771,GF,
19,LMP2 Pro/Am,53,106.231,GF,
19,LMP2 Pro/Am,54,105.357,GF,
19,LMP2 Pro/Am,55,105.098,GF,
19,LMP2 Pro/Am,56,106.096,GF,
19,LMP2 Pro/Am,57,106.882,GF,
19,LMP2 Pro/Am,58,106.125,GF,
19,LMP2 Pro/Am,59,107.668,GF,
19,LMP2 Pro/Am,60,105.266,GF,
19,LMP2 Pro/Am,61,178.329,GF,
19,LMP2 Pro/Am,62,125.928,GF,87.641
19,LMP2 Pro/Am,63,107.774,GF,
19,LMP2 Pro/Am,64,108.798,GF,
19,LMP2 Pro/Am,65,107.175,GF,
19,LMP2 Pro/Am,66,106.417,GF,
19,LMP2 Pro/Am,67,107.12,GF,
19,LMP2 Pro/Am,68,107.504,GF,
19,LMP2 Pro/Am,69,107.541,GF,
19,LMP2 Pro/Am,70,108.472,GF,
19,LMP2 Pro/Am,71,106.524,GF,
19,LMP2 Pro/Am,72,106.854,GF,
19,LMP2 Pro/Am,73,106.626,GF,
19,LMP2 Pro/Am,74,105.518,GF,
19,LMP2 Pro/Am,75,108.418,GF,
19,LMP2 Pro/Am,76,106.617,GF,
19,LMP2 Pro/Am,77,225.386,GF,
19,LMP2 Pro/Am,78,265.208,GF,86.596
19,LMP2 Pro/Am,79,188.766,SF,
19,LMP2 Pro/Am,80,227.097,SF,
19,LMP2 Pro/Am,81,171.487,SF,
19,LMP2 Pro/Am,82,123.157,SF,
19,LMP2 Pro/Am,83,177.737,SF,
19,LMP2 Pro/Am,84,154.961,GF,
19,LMP2 Pro/Am,85,107.789,GF,
19,LMP2 Pro/Am,86,108.739,GF,
19,LMP2 Pro/Am,87,105.749,GF,
19,LMP2 Pro/Am,88,104.357,GF,
19,LMP2 Pro/Am,89,104.133,GF,
19,LMP2 Pro/Am,90,104.528,GF,
19,LMP2 Pro/Am,91,104.193,GF,
19,LMP2 Pro/Am,92,104.28,GF,
19,LMP2 Pro/Am,93,124.893,FCY,
19,LMP2 Pro/Am,94,133.267,GF,
19,LMP2 Pro/Am,95,107.161,GF,
19,LMP2 Pro/Am,96,109.348,GF,
19,LMP2 Pro/Am,97,104.584,GF,
19,LMP2 Pro/Am,98,105.37,GF,
19,LMP2 Pro/Am,99,105.967,GF,
19,LMP2 Pro/Am,100,105.244,GF,
19,LMP2 Pro/Am,101,156.667,FCY,
19,LMP2 Pro/Am,102,201.382,GF,69.196
19,LMP2 Pro/Am,103,106.47,GF,
19,LMP2 Pro/Am,104,107.444,GF,
19,LMP2 Pro/Am,105,106.571,GF,
19,LMP2 Pro/Am,106,107.526,GF,
19,LMP2 Pro/Am,107,105.439,GF,
19,LMP2 Pro/Am,108,106.303,GF,
19,LMP2 Pro/Am,109,105.084,GF,
19,LMP2 Pro/Am,110,106.746,GF,
19,LMP2 Pro/Am,111,105.409,GF,
19,LMP2 Pro/Am,112,105.222,GF,
19,LMP2 Pro/Am,113,105.315,GF,
19,LMP2 Pro/Am,114,164.06,FCY,
19,LMP2 Pro/Am,115,117.996,GF,
19,LMP2 Pro/Am,116,108.154,GF,
19,LMP2 Pro/Am,117,131.083,GF,
19,LMP2 Pro/Am,118,123.875,GF,39.878
19,LMP2 Pro/Am,119,106.526,GF,
19,LMP2 Pro/Am,120,106.486,GF,
19,LMP2 Pro/Am,121,107.261,GF,
19,LMP2 Pro/Am,122,105.555,GF,
19,LMP2 Pro/Am,123,104.905,GF,
19,LMP2 Pro/Am,124,106.103,FF,
20,LMP2 Pro/Am,1,119.43,GF,
20,LMP2 Pro/Am,2,107.661,GF,
20,LMP2 Pro/Am,3,108.17,GF,
20,LMP2 Pro/Am,4,108.62,GF,
20,LMP2 Pro/Am,5,109.332,GF,
20,LMP2 Pro/Am,6,108.783,GF,
20,LMP2 Pro/Am,7,108.577,GF,
20,LMP2 Pro/Am,8,109.379,GF,
20,LMP2 Pro/Am,9,109.12,GF,
20,LMP2 Pro/Am,10,109.502,GF,
20,LMP2 Pro/Am,11,112.609,GF,
20,LMP2 Pro/Am,12,111.66,GF,
20,LMP2 Pro/Am,13,111.309,GF,
20,LMP2 Pro/Am,14,111.172,GF,
20,LMP2 Pro/Am,15,110.1,GF,
20,LMP2 Pro/Am,16,110.162,GF,
20,LMP2 Pro/Am,17,109.025,GF,
20,LMP2 Pro/Am,18,109.883,GF,
20,LMP2 Pro/Am,19,109.353,GF,
20,LMP2 Pro/Am,20,110.583,GF,
20,LMP2 Pro/Am,21,109.39,GF,
20,LMP2 Pro/Am,22,110.641,GF,
20,LMP2 Pro/Am,23,120.063,GF,
20,LMP2 Pro/Am,24,157.981,GF,54.275
20,LMP2 Pro/Am,25,110.24,GF,
20,LMP2 Pro/Am,26,111.915,GF,
20,LMP2 Pro/Am,27,110.188,GF,
20,LMP2 Pro/Am,28,110.614,GF,
20,LMP2 Pro/Am,29,111.661,GF,
20,LMP2 Pro/Am,30,113.281,GF,
20,LMP2 Pro/Am,31,111.322,GF,
20,LMP2 Pro/Am,32,114.594,GF,
20,LMP2 Pro/Am,33,118.152,GF,
20,LMP2 Pro/Am,34,185.198,GF,83.21
20,LMP2 Pro/Am,35,107.698,GF,
20,LMP2 Pro/Am,36,105.381,GF,
20,LMP2 Pro/Am,37,105.75,GF,
20,LMP2 Pro/Am,38,104.121,GF,
20,LMP2 Pro/Am,39,104.865,GF,
20,LMP2 Pro/Am,40,106.519,GF,
20,LMP2 Pro/Am,41,105.956,GF,
20,LMP2 Pro/Am,42,105.94,GF,
20,LMP2 Pro/Am,43,105.11,GF,
20,LMP2 Pro/Am,44,105.41,GF,
20,LMP2 Pro/Am,45,104.768,GF,
20,LMP2 Pro/Am,46,105.208,GF,
20,LMP2 Pro/Am,47,104.721,GF,
20,LMP2 Pro/Am,48,106.505,GF,
20,LMP2 Pro/Am,49,106.684,GF,
20,LMP2 Pro/Am,50,105.299,GF,
20,LMP2 Pro/Am,51,104.609,GF,
20,LMP2 Pro/Am,52,104.793,GF,
20,LMP2 Pro/Am,53,104.842,GF,
20,LMP2 Pro/Am,54,105.168,GF,
20,LMP2 Pro/Am,55,104.395,GF,
20,LMP2 Pro/Am,56,104.823,GF,
20,LMP2 Pro/Am,57,113.995,GF,
20,LMP2 Pro/Am,58,179.335,GF,79.662
20,LMP2 Pro/Am,59,106.743,GF,
20,LMP2 Pro/Am,60,106.436,GF,
20,LMP2 Pro/Am,61,105.923,GF,
20,LMP2 Pro/Am,62,105.581,GF,
20,LMP2 Pro/Am,63,105.103,GF,
20,LMP2 Pro/Am,64,106.021,GF,
20,LMP2 Pro/Am,65,105.471,GF,
20,LMP2 Pro/Am,66,106.377,GF,
20,LMP2 Pro/Am,67,106.488,GF,
20,LMP2 Pro/Am,68,107.698,GF,
20,LMP2 Pro/Am,69,105.99,GF,
20,LMP2 Pro/Am,70,105.712,GF,
20,LMP2 Pro/Am,71,106.479,GF,
20,LMP2 Pro/Am,72,105.447,GF,
20,LMP2 Pro/Am,73,106.787,GF,
20,LMP2 Pro/Am,74,106.307,GF,
20,LMP2 Pro/Am,75,106.33,GF,
20,LMP2 Pro/Am,76,109.263,GF,
20,LMP2 Pro/Am,77,115.16,GF,
20,LMP2 Pro/Am,78,255.363,GF,
20,LMP2 Pro/Am,79,333.65,SF,101.997
20,LMP2 Pro/Am,80,233.615,SF,
20,LMP2 Pro/Am,81,174.603,SF,
20,LMP2 Pro/Am,82,119.418,SF,
20,LMP2 Pro/Am,83,181.807,SF,
20,LMP2 Pro/Am,84,153.222,GF,
20,LMP2 Pro/Am,85,108.592,GF,
20,LMP2 Pro/Am,86,106.337,GF,
20,LMP2 Pro/Am,87,103.996,GF,
20,LMP2 Pro/Am,88,103.371,GF,
20,LMP2 Pro/Am,89,103.513,GF,
20,LMP2 Pro/Am,90,104.3,GF,
20,LMP2 Pro/Am,91,103.983,GF,
20,LMP2 Pro/Am,92,103.987,GF,
20,LMP2 Pro/Am,93,114.052,FCY,
20,LMP2 Pro/Am,94,145.509,GF,
20,LMP2 Pro/Am,95,105.306,GF,
20,LMP2 Pro/Am,96,106.109,GF,
20,LMP2 Pro/Am,97,105.85,GF,
20,LMP2 Pro/Am,98,105.28,GF,
20,LMP2 Pro/Am,99,104.154,GF,
20,LMP2 Pro/Am,100,105.093,GF,
20,LMP2 Pro/Am,101,106.313,GF,
20,LMP2 Pro/Am,102,168.008,FCY,
20,LMP2 Pro/Am,103,129.174,GF,
20,LMP2 Pro/Am,104,113.367,GF,
20,LMP2 Pro/Am,105,174.752,GF,74.635
20,LMP2 Pro/Am,106,105.728,GF,
20,LMP2 Pro/Am,107,105.211,GF,
20,LMP2 Pro/Am,108,104.292,GF,
20,LMP2 Pro/Am,109,104.652,GF,
20,LMP2 Pro/Am,110,104.622,GF,
20,LMP2 Pro/Am,111,104.476,GF,
20,LMP2 Pro/Am,112,104.936,GF,
20,LMP2 Pro/Am,113,106.22,GF,
20,LMP2 Pro/Am,114,138.501,FCY,
20,LMP2 Pro/Am,115,140.008,GF,
20,LMP2 Pro/Am,116,107.12,GF,
20,LMP2 Pro/Am,117,105.514,GF,
20,LMP2 Pro/Am,118,105.267,GF,
20,LMP2 Pro/Am,119,105.094,GF,
20,LMP2 Pro/Am,120,111.812,GF,
20,LMP2 Pro/Am,121,120.833,GF,24.742
20,LMP2 Pro/Am,122,104.33,GF,
20,LMP2 Pro/Am,123,104.437,GF,
20,LMP2 Pro/Am,124,104.205,FF,
21,LMP2 Pro/Am,1,118.0,GF,
21,LMP2 Pro/Am,2,107.924,GF,
21,LMP2 Pro/Am,3,108.447,GF,
21,LMP2 Pro/Am,4,108.259,GF,
21,LMP2 Pro/Am,5,106.918,GF,
21,LMP2 Pro/Am,6,107.093,GF,
21,LMP2 Pro/Am,7,106.926,GF,
21,LMP2 Pro/Am,8,107.66,GF,
21,LMP2 Pro/Am,9,107.523,GF,
21,LMP2 Pro/Am,10,110.451,GF,
21,LMP2 Pro/Am,11,110.825,GF,
21,LMP2 Pro/Am,12,107.871,GF,
21,LMP2 Pro/Am,13,108.754,GF,
21,LMP2 Pro/Am,14,106.947,GF,
21,LMP2 Pro/Am,15,106.92,GF,
21,LMP2 Pro/Am,16,107.48,GF,
21,LMP2 Pro/Am,17,107.801,GF,
21,LMP2 Pro/Am,18,107.178,GF,
21,LMP2 Pro/Am,19,117.06,GF,
21,LMP2 Pro/Am,20,170.791,GF,67.939
21,LMP2 Pro/Am,21,108.714,GF,
21,LMP2 Pro/Am,22,108.386,GF,
21,LMP2 Pro/Am,23,108.574,GF,
21,LMP2 Pro/Am,24,108.169,GF,
21,LMP2 Pro/Am,25,107.001,GF,
21,LMP2 Pro/Am,26,110.526,GF,
21,LMP2 Pro/Am,27,107.97,GF,
21,LMP2 Pro/Am,28,107.925,GF,
21,LMP2 Pro/Am,29,107.377,GF,
21,LMP2 Pro/Am,30,109.246,GF,
21,LMP2 Pro/Am,31,111.292,GF,
21,LMP2 Pro/Am,32,110.801,GF,
21,LMP2 Pro/Am,33,108.151,GF,
21,LMP2 Pro/Am,34,115.296,GF,
21,LMP2 Pro/Am,35,183.721,GF,81.539
21,LMP2 Pro/Am,36,106.842,GF,
21,LMP2 Pro/Am,37,107.784,GF,
21,LMP2 Pro/Am,38,108.402,GF,
21,LMP2 Pro/Am,39,106.671,GF,
21,LMP2 Pro/Am,40,105.164,GF,
21,LMP2 Pro/Am,41,105.255,GF,
21,LMP2 Pro/Am,42,106.455,GF,
21,LMP2 Pro/Am,43,104.584,GF,
21,LMP2 Pro/Am,44,107.415,GF,
21,LMP2 Pro/Am,45,105.335,GF,
21,LMP2 Pro/Am,46,105.883,GF,
21,LMP2 Pro/Am,47,105.305,GF,
21,LMP2 Pro/Am,48,106.26,GF,
21,LMP2 Pro/Am,49,104.69,GF,
21,LMP2 Pro/Am,50,106.537,GF,
21,LMP2 Pro/Am,51,105.591,GF,
21,LMP2 Pro/Am,52,104.504,GF,
21,LMP2 Pro/Am,53,105.135,GF,
21,LMP2 Pro/Am,54,104.656,GF,
21,LMP2 Pro/Am,55,106.013,GF,
21,LMP2 Pro/Am,56,107.114,GF,
21,LMP2 Pro/Am,57,112.523,GF,
21,LMP2 Pro/Am,58,171.521,GF,73.821
21,LMP2 Pro/Am,59,106.053,GF,
21,LMP2 Pro/Am,60,106.918,GF,
21,LMP2 Pro/Am,61,105.292,GF,
21,LMP2 Pro/Am,62,106.582,GF,
21,LMP2 Pro/Am,63,106.328,GF,
21,LMP2 Pro/Am,64,106.506,GF,
21,LMP2 Pro/Am,65,105.38,GF,
21,LMP2 Pro/Am,66,105.552,GF,
21,LMP2 Pro/Am,67,105.785,GF,
21,LMP2 Pro/Am,68,106.303,GF,
21,LMP2 Pro/Am,69,106.458,GF,
21,LMP2 Pro/Am,70,105.795,GF,
21,LMP2 Pro/Am,71,106.058,GF,
21,LMP2 Pro/Am,72,107.471,GF,
21,LMP2 Pro/Am,73,105.74,GF,
21,LMP2 Pro/Am,74,105.571,GF,
21,LMP2 Pro/Am,75,107.74,GF,
21,LMP2 Pro/Am,76,106.531,GF,
21,LMP2 Pro/Am,77,105.501,GF,
21,LMP2 Pro/Am,78,207.826,GF,
21,LMP2 Pro/Am,79,341.406,GF,101.997
21,LMP2 Pro/Am,80,153.111,SF,
21,LMP2 Pro/Am,81,198.941,SF,
21,LMP2 Pro/Am,82,168.093,SF,
21,LMP2 Pro/Am,83,123.289,SF,
21,LMP2 Pro/Am,84,178.511,SF,
21,LMP2 Pro/Am,85,153.045,GF,
21,LMP2 Pro/Am,86,108.582,GF,
21,LMP2 Pro/Am,87,106.253,GF,
21,LMP2 Pro/Am,88,106.423,GF,
21,LMP2 Pro/Am,89,104.211,GF,
21,LMP2 Pro/Am,90,104.048,GF,
21,LMP2 Pro/Am,91,104.479,GF,
21,LMP2 Pro/Am,92,104.969,GF,
21,LMP2 Pro/Am,93,104.169,GF,
21,LMP2 Pro/Am,94,130.319,FCY,
21,LMP2 Pro/Am,95,127.568,GF,
21,LMP2 Pro/Am,96,104.8,GF,
21,LMP2 Pro/Am,97,107.556,GF,
21,LMP2 Pro/Am,98,103.73,GF,
21,LMP2 Pro/Am,99,104.56,GF,
21,LMP2 Pro/Am,100,104.225,GF,
21,LMP2 Pro/Am,101,103.772,GF,
21,LMP2 Pro/Am,102,104.272,GF,
21,LMP2 Pro/Am,103,195.252,GF,
21,LMP2 Pro/Am,104,105.997,GF,
21,LMP2 Pro/Am,105,112.249,GF,
21,LMP2 Pro/Am,106,167.671,GF,69.622
21,LMP2 Pro/Am,107,107.532,GF,
21,LMP2 Pro/Am,108,105.255,GF,
21,LMP2 Pro/Am,109,105.871,GF,
21,LMP2 Pro/Am,110,105.129,GF,
21,LMP2 Pro/Am,111,105.309,GF,
21,LMP2 Pro/Am,112,104.565,GF,
21,LMP2 Pro/Am,113,104.711,GF,
21,LMP2 Pro/Am,114,105.133,GF,
21,LMP2 Pro/Am,115,155.511,FCY,
21,LMP2 Pro/Am,116,122.409,GF,
21,LMP2 Pro/Am,117,105.764,GF,
21,LMP2 Pro/Am,118,106.578,GF,
21,LMP2 Pro/Am,119,105.38,GF,
21,LMP2 Pro/Am,120,104.737,GF,
21,LMP2 Pro/Am,121,105.691,GF,
21,LMP2 Pro/Am,122,107.877,GF,
21,LMP2 Pro/Am,123,110.272,GF,
21,LMP2 Pro/Am,124,109.924,GF,
21,LMP2 Pro/Am,125,109.068,FF,
22,LMP2,1,111.204,GF,
22,LMP2,2,105.077,GF,
22,LMP2,3,105.821,GF,
22,LMP2,4,103.541,GF,
22,LMP2,5,103.732,GF,
22,LMP2,6,103.425,GF,
22,LMP2,7,103.864,GF,
22,LMP2,8,107.842,GF,
22,LMP2,9,105.597,GF,
22,LMP2,10,105.829,GF,
22,LMP2,11,104.868,GF,
22,LMP2,12,103.977,GF,
22,LMP2,13,104.741,GF,
22,LMP2,14,105.056,GF,
22,LMP2,15,104.14,GF,
22,LMP2,16,106.047,GF,
22,LMP2,17,105.673,GF,
22,LMP2,18,104.508,GF,
22,LMP2,19,104.176,GF,
22,LMP2,20,105.807,GF,
22,LMP2,21,111.255,GF,
22,LMP2,22,178.14,GF,76.967
22,LMP2,23,106.703,GF,
22,LMP2,24,105.288,GF,
22,LMP2,25,104.712,GF,
22,LMP2,26,104.58,GF,
22,LMP2,27,106.443,GF,
22,LMP2,28,105.638,GF,
22,LMP2,29,105.294,GF,
22,LMP2,30,106.529,GF,
22,LMP2,31,106.846,GF,
22,LMP2,32,106.898,GF,
22,LMP2,33,107.191,GF,
22,LMP2,34,106.116,GF,
22,LMP2,35,104.524,GF,
22,LMP2,36,105.905,GF,
22,LMP2,37,105.773,GF,
22,LMP2,38,104.371,GF,
22,LMP2,39,104.944,GF,
22,LMP2,40,108.066,GF,
22,LMP2,41,106.515,GF,
22,LMP2,42,106.836,GF,
22,LMP2,43,104.033,GF,
22,LMP2,44,105.032,GF,
22,LMP2,45,112.246,GF,
22,LMP2,46,193.682,GF,90.21
22,LMP2,47,106.214,GF,
22,LMP2,48,105.918,GF,
22,LMP2,49,104.486,GF,
22,LMP2,50,104.275,GF,
22,LMP2,51,104.049,GF,
22,LMP2,52,104.572,GF,
22,LMP2,53,104.121,GF,
22,LMP2,54,104.831,GF,
22,LMP2,55,105.367,GF,
22,LMP2,56,104.199,GF,
22,LMP2,57,105.218,GF,
22,LMP2,58,104.906,GF,
22,LMP2,59,104.967,GF,
22,LMP2,60,104.663,GF,
22,LMP2,61,106.068,GF,
22,LMP2,62,104.252,GF,
22,LMP2,63,104.386,GF,
22,LMP2,64,105.269,GF,
22,LMP2,65,104.429,GF,
22,LMP2,66,104.467,GF,
22,LMP2,67,106.309,GF,
22,LMP2,68,112.236,GF,
22,LMP2,69,174.999,GF,77.558
22,LMP2,70,105.795,GF,
22,LMP2,71,105.188,GF,
22,LMP2,72,107.139,GF,
22,LMP2,73,105.265,GF,
22,LMP2,74,106.49,GF,
22,LMP2,75,105.956,GF,
22,LMP2,76,105.278,GF,
22,LMP2,77,105.442,GF,
22,LMP2,78,105.938,GF,
22,LMP2,79,181.34,GF,
22,LMP2,80,255.621,GF,
22,LMP2,81,239.216,SF,88.809
22,LMP2,82,227.139,SF,
22,LMP2,83,226.761,SF,
22,LMP2,84,220.546,SF,
22,LMP2,85,159.948,GF,
22,LMP2,86,106.289,GF,
22,LMP2,87,104.774,GF,
22,LMP2,88,104.749,GF,
22,LMP2,89,104.29,GF,
22,LMP2,90,104.999,GF,
22,LMP2,91,103.698,GF,
22,LMP2,92,104.142,GF,
22,LMP2,93,105.112,GF,
22,LMP2,94,110.175,FCY,
22,LMP2,95,153.414,GF,
22,LMP2,96,105.327,GF,
22,LMP2,97,107.196,GF,
22,LMP2,98,104.495,GF,
22,LMP2,99,104.447,GF,
22,LMP2,100,104.311,GF,
22,LMP2,101,104.165,GF,
22,LMP2,102,104.394,GF,
22,LMP2,103,142.358,FCY,
22,LMP2,104,146.547,GF,
22,LMP2,105,105.528,GF,
22,LMP2,106,110.795,GF,
22,LMP2,107,163.02,GF,67.084
22,LMP2,108,104.32,GF,
22,LMP2,109,105.904,GF,
22,LMP2,110,104.9,GF,
22,LMP2,111,104.589,GF,
22,LMP2,112,106.445,GF,
22,LMP2,113,106.487,GF,
22,LMP2,114,105.847,GF,
22,LMP2,115,111.584,FCY,
22,LMP2,116,169.586,GF,
22,LMP2,117,104.593,GF,
22,LMP2,118,104.613,GF,
22,LMP2,119,104.538,GF,
22,LMP2,120,105.728,GF,
22,LMP2,121,105.745,GF,
22,LMP2,122,108.412,GF,
22,LMP2,123,110.012,GF,
22,LMP2,124,109.49,GF,
22,LMP2,125,109.472,FF,
23,LMP2,1,114.551,GF,
23,LMP2,2,107.844,GF,
23,LMP2,3,105.381,GF,
23,LMP2,4,105.339,GF,
23,LMP2,5,105.622,GF,
23,LMP2,6,105.311,GF,
23,LMP2,7,106.372,GF,
23,LMP2,8,106.618,GF,
23,LMP2,9,108.43,GF,
23,LMP2,10,107.308,GF,
23,LMP2,11,105.605,GF,
23,LMP2,12,105.898,GF,
23,LMP2,13,108.356,GF,
23,LMP2,14,106.224,GF,
23,LMP2,15,106.782,GF,
23,LMP2,16,104.951,GF,
23,LMP2,17,107.616,GF,
23,LMP2,18,107.808,GF,
23,LMP2,19,106.055,GF,
23,LMP2,20,111.985,GF,
23,LMP2,21,168.443,GF,70.552
23,LMP2,22,106.433,GF,
23,LMP2,23,106.253,GF,
23,LMP2,24,110.855,GF,
23,LMP2,25,108.864,GF,
23,LMP2,26,106.672,GF,
23,LMP2,27,107.311,GF,
23,LMP2,28,105.356,GF,
23,LMP2,29,106.205,GF,
23,LMP2,30,106.551,GF,
23,LMP2,31,105.659,GF,
23,LMP2,32,106.651,GF,
23,LMP2,33,107.149,GF,
23,LMP2,34,108.312,GF,
23,LMP2,35,107.862,GF,
23,LMP2,36,106.063,GF,
23,LMP2,37,108.241,GF,
23,LMP2,38,118.076,GF,
23,LMP2,39,183.831,GF,82.796
23,LMP2,40,104.517,GF,
23,LMP2,41,106.746,GF,
23,LMP2,42,104.678,GF,
23,LMP2,43,105.677,GF,
23,LMP2,44,106.935,GF,
23,LMP2,45,104.203,GF,
23,LMP2,46,103.951,GF,
23,LMP2,47,104.754,GF,
23,LMP2,48,106.667,GF,
23,LMP2,49,104.426,GF,
23,LMP2,50,106.722,GF,
23,LMP2,51,107.098,GF,
23,LMP2,52,105.735,GF,
23,LMP2,53,105.877,GF,
23,LMP2,54,105.739,GF,
23,LMP2,55,105.25,GF,
23,LMP2,56,104.479,GF,
23,LMP2,57,104.047,GF,
23,LMP2,58,104.537,GF,
23,LMP2,59,105.788,GF,
23,LMP2,60,112.271,GF,
23,LMP2,61,177.816,GF,77.094
23,LMP2,62,106.126,GF,
23,LMP2,63,105.5,GF,
23,LMP2,64,106.185,GF,
23,LMP2,65,105.066,GF,
23,LMP2,66,104.895,GF,
23,LMP2,67,105.923,GF,
23,LMP2,68,106.522,GF,
23,LMP2,69,105.935,GF,
23,LMP2,70,105.518,GF,
23,LMP2,71,105.251,GF,
23,LMP2,72,114.313,GF,
23,LMP2,73,159.621,GF,61.094
23,LMP2,74,106.242,GF,
23,LMP2,75,105.87,GF,
23,LMP2,76,108.324,GF,
23,LMP2,77,105.545,GF,
23,LMP2,78,211.464,GF,
23,LMP2,79,299.586,GF,61.255
23,LMP2,80,155.144,SF,
23,LMP2,81,225.926,SF,
23,LMP2,82,227.009,SF,
23,LMP2,83,220.008,SF,
23,LMP2,84,159.642,GF,
23,LMP2,85,107.071,GF,
23,LMP2,86,105.327,GF,
23,LMP2,87,105.012,GF,
23,LMP2,88,104.731,GF,
23,LMP2,89,104.659,GF,
23,LMP2,90,106.477,GF,
23,LMP2,91,105.301,GF,
23,LMP2,92,104.939,GF,
23,LMP2,93,112.362,FCY,
23,LMP2,94,149.433,GF,
23,LMP2,95,105.166,GF,
23,LMP2,96,105.691,GF,
23,LMP2,97,105.287,GF,
23,LMP2,98,104.099,GF,
23,LMP2,99,104.895,GF,
23,LMP2,100,104.669,GF,
23,LMP2,101,105.401,GF,
23,LMP2,102,155.03,FCY,
23,LMP2,103,147.413,GF,
23,LMP2,104,182.254,GF,82.852
23,LMP2,105,107.963,GF,
23,LMP2,106,105.286,GF,
23,LMP2,107,105.78,GF,
23,LMP2,108,105.261,GF,
23,LMP2,109,105.005,GF,
23,LMP2,110,105.645,GF,
23,LMP2,111,104.954,GF,
23,LMP2,112,105.242,GF,
23,LMP2,113,105.417,GF,
23,LMP2,114,145.483,FCY,
23,LMP2,115,131.554,GF,
23,LMP2,116,107.57,GF,
23,LMP2,117,107.361,GF,
23,LMP2,118,104.876,GF,
23,LMP2,119,104.775,GF,
23,LMP2,120,105.011,GF,
23,LMP2,121,104.833,GF,
23,LMP2,122,105.342,GF,
23,LMP2,123,104.818,GF,
23,LMP2,124,105.858,FF,
24,LMP2 Pro/Am,1,115.417,GF,
24,LMP2 Pro/Am,2,107.653,GF,
24,LMP2 Pro/Am,3,107.109,GF,
24,LMP2 Pro/Am,4,107.595,GF,
24,LMP2 Pro/Am,5,106.358,GF,
24,LMP2 Pro/Am,6,106.225,GF,
24,LMP2 Pro/Am,7,106.552,GF,
24,LMP2 Pro/Am,8,108.007,GF,
24,LMP2 Pro/Am,9,106.869,GF,
24,LMP2 Pro/Am,10,109.644,GF,
24,LMP2 Pro/Am,11,108.222,GF,
24,LMP2 Pro/Am,12,105.789,GF,
24,LMP2 Pro/Am,13,105.753,GF,
24,LMP2 Pro/Am,14,107.273,GF,
24,LMP2 Pro/Am,15,108.059,GF,
24,LMP2 Pro/Am,16,106.106,GF,
24,LMP2 Pro/Am,17,106.677,GF,
24,LMP2 Pro/Am,18,107.883,GF,
24,LMP2 Pro/Am,19,116.106,GF,
24,LMP2 Pro/Am,20,165.683,GF,66.81
24,LMP2 Pro/Am,21,108.146,GF,
24,LMP2 Pro/Am,22,107.323,GF,
24,LMP2 Pro/Am,23,107.468,GF,
24,LMP2 Pro/Am,24,108.375,GF,
24,LMP2 Pro/Am,25,108.251,GF,
24,LMP2 Pro/Am,26,110.435,GF,
24,LMP2 Pro/Am,27,108.61,GF,
24,LMP2 Pro/Am,28,107.627,GF,
24,LMP2 Pro/Am,29,108.866,GF,
24,LMP2 Pro/Am,30,107.132,GF,
24,LMP2 Pro/Am,31,107.6,GF,
24,LMP2 Pro/Am,32,106.911,GF,
24,LMP2 Pro/Am,33,106.667,GF,
24,LMP2 Pro/Am,34,107.336,GF,
24,LMP2 Pro/Am,35,107.325,GF,
24,LMP2 Pro/Am,36,128.595,GF,
24,LMP2 Pro/Am,37,115.198,GF,
24,LMP2 Pro/Am,38,184.027,GF,80.807
24,LMP2 Pro/Am,39,106.844,GF,
24,LMP2 Pro/Am,40,105.439,GF,
24,LMP2 Pro/Am,41,107.096,GF,
24,LMP2 Pro/Am,42,104.567,GF,
24,LMP2 Pro/Am,43,107.173,GF,
24,LMP2 Pro/Am,44,106.418,GF,
24,LMP2 Pro/Am,45,107.753,GF,
24,LMP2 Pro/Am,46,105.72,GF,
24,LMP2 Pro/Am,47,107.13,GF,
24,LMP2 Pro/Am,48,107.025,GF,
24,LMP2 Pro/Am,49,105.122,GF,
24,LMP2 Pro/Am,50,107.068,GF,
24,LMP2 Pro/Am,51,105.738,GF,
24,LMP2 Pro/Am,52,104.778,GF,
24,LMP2 Pro/Am,53,106.873,GF,
24,LMP2 Pro/Am,54,105.296,GF,
24,LMP2 Pro/Am,55,107.253,GF,
24,LMP2 Pro/Am,56,106.384,GF,
24,LMP2 Pro/Am,57,104.782,GF,
24,LMP2 Pro/Am,58,104.778,GF,
24,LMP2 Pro/Am,59,107.338,GF,
24,LMP2 Pro/Am,60,113.728,GF,
24,LMP2 Pro/Am,61,187.717,GF,86.432
24,LMP2 Pro/Am,62,109.46,GF,
24,LMP2 Pro/Am,63,105.661,GF,
24,LMP2 Pro/Am,64,106.74,GF,
24,LMP2 Pro/Am,65,106.808,GF,
24,LMP2 Pro/Am,66,105.073,GF,
24,LMP2 Pro/Am,67,106.929,GF,
24,LMP2 Pro/Am,68,104.746,GF,
24,LMP2 Pro/Am,69,106.584,GF,
24,LMP2 Pro/Am,70,104.418,GF,
24,LMP2 Pro/Am,71,107.205,GF,
24,LMP2 Pro/Am,72,105.513,GF,
24,LMP2 Pro/Am,73,107.421,GF,
24,LMP2 Pro/Am,74,106.132,GF,
24,LMP2 Pro/Am,75,107.689,GF,
24,LMP2 Pro/Am,76,107.178,GF,
24,LMP2 Pro/Am,77,107.347,GF,
24,LMP2 Pro/Am,78,225.956,GF,
24,LMP2 Pro/Am,79,322.219,SF,82.865
24,LMP2 Pro/Am,80,143.473,SF,
24,LMP2 Pro/Am,81,194.461,SF,
24,LMP2 Pro/Am,82,164.124,SF,
24,LMP2 Pro/Am,83,123.779,SF,
24,LMP2 Pro/Am,84,178.318,SF,
24,LMP2 Pro/Am,85,151.698,GF,
24,LMP2 Pro/Am,86,107.737,GF,
24,LMP2 Pro/Am,87,107.547,GF,
24,LMP2 Pro/Am,88,106.844,GF,
24,LMP2 Pro/Am,89,104.782,GF,
24,LMP2 Pro/Am,90,104.64,GF,
24,LMP2 Pro/Am,91,104.51,GF,
24,LMP2 Pro/Am,92,104.521,GF,
24,LMP2 Pro/Am,93,104.454,GF,
24,LMP2 Pro/Am,94,131.702,FCY,
24,LMP2 Pro/Am,95,125.936,GF,
24,LMP2 Pro/Am,96,104.966,GF,
24,LMP2 Pro/Am,97,107.253,GF,
24,LMP2 Pro/Am,98,104.694,GF,
24,LMP2 Pro/Am,99,105.824,GF,
24,LMP2 Pro/Am,100,106.174,GF,
24,LMP2 Pro/Am,101,104.961,GF,
24,LMP2 Pro/Am,102,104.873,GF,
24,LMP2 Pro/Am,103,200.804,GF,
24,LMP2 Pro/Am,104,111.797,GF,
24,LMP2 Pro/Am,105,178.238,GF,78.774
24,LMP2 Pro/Am,106,105.228,GF,
24,LMP2 Pro/Am,107,106.174,GF,
24,LMP2 Pro/Am,108,105.104,GF,
24,LMP2 Pro/Am,109,104.622,GF,
24,LMP2 Pro/Am,110,104.883,GF,
24,LMP2 Pro/Am,111,104.061,GF,
24,LMP2 Pro/Am,112,105.141,GF,
24,LMP2 Pro/Am,113,103.711,GF,
24,LMP2 Pro/Am,114,104.275,GF,
24,LMP2 Pro/Am,115,184.031,GF,
24,LMP2 Pro/Am,116,105.104,GF,
24,LMP2 Pro/Am,117,105.605,GF,
24,LMP2 Pro/Am,118,108.053,GF,
24,LMP2 Pro/Am,119,108.649,GF,
24,LMP2 Pro/Am,120,106.737,GF,
24,LMP2 Pro/Am,121,106.248,GF,
24,LMP2 Pro/Am,122,106.686,GF,
24,LMP2 Pro/Am,123,107.069,GF,
24,LMP2 Pro/Am,124,107.893,GF,
24,LMP2 Pro/Am,125,110.571,FF,
25,LMP2,1,114.098,GF,
25,LMP2,2,107.166,GF,
25,LMP2,3,105.857,GF,
25,LMP2,4,105.389,GF,
25,LMP2,5,105.68,GF,
25,LMP2,6,105.085,GF,
25,LMP2,7,105.21,GF,
25,LMP2,8,106.499,GF,
25,LMP2,9,108.849,GF,
25,LMP2,10,107.162,GF,
25,LMP2,11,106.357,GF,
25,LMP2,12,105.17,GF,
25,LMP2,13,107.67,GF,
25,LMP2,14,106.47,GF,
25,LMP2,15,106.292,GF,
25,LMP2,16,105.471,GF,
25,LMP2,17,106.335,GF,
25,LMP2,18,105.115,GF,
25,LMP2,19,107.932,GF,
25,LMP2,20,105.053,GF,
25,LMP2,21,112.627,GF,
25,LMP2,22,161.128,GF,61.023
25,LMP2,23,108.759,GF,
25,LMP2,24,106.437,GF,
25,LMP2,25,105.998,GF,
25,LMP2,26,105.426,GF,
25,LMP2,27,105.417,GF,
25,LMP2,28,105.063,GF,
25,LMP2,29,105.899,GF,
25,LMP2,30,105.807,GF,
25,LMP2,31,107.357,GF,
25,LMP2,32,105.731,GF,
25,LMP2,33,106.15,GF,
25,LMP2,34,106.883,GF,
25,LMP2,35,106.827,GF,
25,LMP2,36,106.714,GF,
25,LMP2,37,106.6,GF,
25,LMP2,38,106.485,GF,
25,LMP2,39,113.97,GF,
25,LMP2,40,187.483,GF,82.976
25,LMP2,41,108.235,GF,
25,LMP2,42,106.565,GF,
25,LMP2,43,104.872,GF,
25,LMP2,44,105.061,GF,
25,LMP2,45,104.53,GF,
25,LMP2,46,106.271,GF,
25,LMP2,47,104.959,GF,
25,LMP2,48,106.403,GF,
25,LMP2,49,105.513,GF,
25,LMP2,50,105.085,GF,
25,LMP2,51,105.148,GF,
25,LMP2,52,104.502,GF,
25,LMP2,53,103.519,GF,
25,LMP2,54,104.867,GF,
25,LMP2,55,103.076,GF,
25,LMP2,56,105.488,GF,
25,LMP2,57,104.277,GF,
25,LMP2,58,104.922,GF,
25,LMP2,59,105.591,GF,
25,LMP2,60,104.154,GF,
25,LMP2,61,104.105,GF,
25,LMP2,62,112.157,GF,
25,LMP2,63,176.732,GF,75.898
25,LMP2,64,105.752,GF,
25,LMP2,65,106.491,GF,
25,LMP2,66,105.586,GF,
25,LMP2,67,105.354,GF,
25,LMP2,68,104.54,GF,
25,LMP2,69,104.287,GF,
25,LMP2,70,105.33,GF,
25,LMP2,71,104.774,GF,
25,LMP2,72,104.714,GF,
25,LMP2,73,105.339,GF,
25,LMP2,74,107.432,GF,
25,LMP2,75,105.355,GF,
25,LMP2,76,106.16,GF,
25,LMP2,77,107.517,GF,
25,LMP2,78,105.316,GF,
25,LMP2,79,216.369,GF,
25,LMP2,80,317.009,GF,78.613
25,LMP2,81,151.868,SF,
25,LMP2,82,204.526,SF,
25,LMP2,83,226.082,SF,
25,LMP2,84,219.161,SF,
25,LMP2,85,159.289,GF,
25,LMP2,86,107.844,GF,
25,LMP2,87,104.631,GF,
25,LMP2,88,104.831,GF,
25,LMP2,89,104.357,GF,
25,LMP2,90,104.672,GF,
25,LMP2,91,104.685,GF,
25,LMP2,92,104.679,GF,
25,LMP2,93,103.977,GF,
25,LMP2,94,114.307,FCY,
25,LMP2,95,149.211,GF,
25,LMP2,96,104.755,GF,
25,LMP2,97,104.939,GF,
25,LMP2,98,104.895,GF,
25,LMP2,99,104.064,GF,
25,LMP2,100,105.614,GF,
25,LMP2,101,105.302,GF,
25,LMP2,102,105.878,GF,
25,LMP2,103,152.948,FCY,
25,LMP2,104,141.89,GF,
25,LMP2,105,113.516,GF,
25,LMP2,106,174.179,GF,73.24
25,LMP2,107,105.518,GF,
25,LMP2,108,105.451,GF,
25,LMP2,109,105.015,GF,
25,LMP2,110,104.794,GF,
25,LMP2,111,105.039,GF,
25,LMP2,112,106.12,GF,
25,LMP2,113,105.698,GF,
25,LMP2,114,106.913,GF,
25,LMP2,115,139.363,FCY,
25,LMP2,116,142.316,GF,
25,LMP2,117,107.246,GF,
25,LMP2,118,105.855,GF,
25,LMP2,119,105.417,GF,
25,LMP2,120,105.077,GF,
25,LMP2,121,104.377,GF,
25,LMP2,122,104.73,GF,
25,LMP2,123,106.343,GF,
25,LMP2,124,104.916,GF,
25,LMP2,125,107.465,FF,
27,LMP2,1,112.841,GF,
27,LMP2,2,106.991,GF,
27,LMP2,3,105.291,GF,
27,LMP2,4,105.654,GF,
27,LMP2,5,105.712,GF,
27,LMP2,6,105.183,GF,
27,LMP2,7,106.272,GF,
27,LMP2,8,106.64,GF,
27,LMP2,9,108.433,GF,
27,LMP2,10,107.817,GF,
27,LMP2,11,105.958,GF,
27,LMP2,12,105.639,GF,
27,LMP2,13,107.613,GF,
27,LMP2,14,105.823,GF,
27,LMP2,15,106.635,GF,
27,LMP2,16,105.806,GF,
27,LMP2,17,108.767,GF,
27,LMP2,18,106.855,GF,
27,LMP2,19,105.955,GF,
27,LMP2,20,105.758,GF,
27,LMP2,21,112.138,GF,
27,LMP2,22,165.98,GF,68.578
27,LMP2,23,107.273,GF,
27,LMP2,24,107.305,GF,
27,LMP2,25,106.807,GF,
27,LMP2,26,107.221,GF,
27,LMP2,27,105.754,GF,
27,LMP2,28,106.179,GF,
27,LMP2,29,106.162,GF,
27,LMP2,30,109.008,GF,
27,LMP2,31,105.958,GF,
27,LMP2,32,107.046,GF,
27,LMP2,33,111.143,GF,
27,LMP2,34,105.812,GF,
27,LMP2,35,107.527,GF,
27,LMP2,36,106.854,GF,
27,LMP2,37,107.066,GF,
27,LMP2,38,106.371,GF,
27,LMP2,39,106.088,GF,
27,LMP2,40,106.605,GF,
27,LMP2,41,114.373,GF,
27,LMP2,42,202.38,GF,98.236
27,LMP2,43,106.86,GF,
27,LMP2,44,105.044,GF,
27,LMP2,45,105.719,GF,
27,LMP2,46,104.758,GF,
27,LMP2,47,104.694,GF,
27,LMP2,48,105.816,GF,
27,LMP2,49,105.379,GF,
27,LMP2,50,105.321,GF,
27,LMP2,51,106.298,GF,
27,LMP2,52,105.868,GF,
27,LMP2,53,105.189,GF,
27,LMP2,54,104.37,GF,
27,LMP2,55,105.068,GF,
27,LMP2,56,104.515,GF,
27,LMP2,57,104.703,GF,
27,LMP2,58,105.083,GF,
27,LMP2,59,104.22,GF,
27,LMP2,60,106.974,GF,
27,LMP2,61,104.455,GF,
27,LMP2,62,105.859,GF,
27,LMP2,63,105.898,GF,
27,LMP2,64,110.898,GF,
27,LMP2,65,166.988,GF,69.572
27,LMP2,66,105.217,GF,
27,LMP2,67,106.358,GF,
27,LMP2,68,106.705,GF,
27,LMP2,69,106.038,GF,
27,LMP2,70,106.621,GF,
27,LMP2,71,105.133,GF,
27,LMP2,72,105.069,GF,
27,LMP2,73,105.913,GF,
27,LMP2,74,106.089,GF,
27,LMP2,75,105.924,GF,
27,LMP2,76,106.747,GF,
27,LMP2,77,113.557,GF,
27,LMP2,78,393.59,GF,155.206
27,LMP2,79,257.269,SF,
27,LMP2,80,124.906,SF,
27,LMP2,81,188.764,SF,
27,LMP2,82,220.256,SF,
27,LMP2,83,221.763,SF,
27,LMP2,84,155.424,GF,
27,LMP2,85,107.868,GF,
27,LMP2,86,105.331,GF,
27,LMP2,87,104.63,GF,
27,LMP2,88,104.255,GF,
27,LMP2,89,104.136,GF,
27,LMP2,90,104.286,GF,
27,LMP2,91,104.38,GF,
27,LMP2,92,104.295,GF,
27,LMP2,93,111.858,FCY,
27,LMP2,94,149.494,GF,
27,LMP2,95,105.491,GF,
27,LMP2,96,106.447,GF,
27,LMP2,97,105.485,GF,
27,LMP2,98,103.938,GF,
27,LMP2,99,104.641,GF,
27,LMP2,100,104.402,GF,
27,LMP2,101,105.329,GF,
27,LMP2,102,155.712,FCY,
27,LMP2,103,140.165,GF,
27,LMP2,104,114.085,GF,
27,LMP2,105,177.979,GF,77.889
27,LMP2,106,106.824,GF,
27,LMP2,107,104.931,GF,
27,LMP2,108,104.464,GF,
27,LMP2,109,104.572,GF,
27,LMP2,110,104.519,GF,
27,LMP2,111,104.618,GF,
27,LMP2,112,104.997,GF,
27,LMP2,113,106.5,GF,
27,LMP2,114,138.191,FCY,
27,LMP2,115,141.61,GF,
27,LMP2,116,108.068,GF,
27,LMP2,117,105.902,GF,
27,LMP2,118,104.988,GF,
27,LMP2,119,105.697,GF,
27,LMP2,120,104.443,GF,
27,LMP2,121,104.494,GF,
27,LMP2,122,104.384,GF,
27,LMP2,123,104.582,GF,
27,LMP2,124,106.729,FF,
28,LMP2,1,107.501,GF,
28,LMP2,2,104.171,GF,
28,LMP2,3,104.32,GF,
28,LMP2,4,103.911,GF,
28,LMP2,5,105.122,GF,
28,LMP2,6,104.603,GF,
28,LMP2,7,104.966,GF,
28,LMP2,8,109.146,GF,
28,LMP2,9,105.653,GF,
28,LMP2,10,104.45,GF,
28,LMP2,11,105.634,GF,
28,LMP2,12,104.453,GF,
28,LMP2,13,105.178,GF,
28,LMP2,14,106.586,GF,
28,LMP2,15,104.841,GF,
28,LMP2,16,105.843,GF,
28,LMP2,17,106.61,GF,
28,LMP2,18,105.392,GF,
28,LMP2,19,104.852,GF,
28,LMP2,20,104.831,GF,
28,LMP2,21,104.603,GF,
28,LMP2,22,158.139,GF,
28,LMP2,23,121.393,GF,70.459
28,LMP2,24,105.848,GF,
28,LMP2,25,106.015,GF,
28,LMP2,26,108.859,GF,
28,LMP2,27,107.161,GF,
28,LMP2,28,106.684,GF,
28,LMP2,29,105.77,GF,
28,LMP2,30,106.346,GF,
28,LMP2,31,107.289,GF,
28,LMP2,32,106.878,GF,
28,LMP2,33,108.707,GF,
28,LMP2,34,108.079,GF,
28,LMP2,35,160.691,GF,
28,LMP2,36,125.811,GF,69.755
28,LMP2,37,107.15,GF,
28,LMP2,38,105.409,GF,
28,LMP2,39,106.335,GF,
28,LMP2,40,105.322,GF,
28,LMP2,41,104.86,GF,
28,LMP2,42,104.142,GF,
28,LMP2,43,103.936,GF,
28,LMP2,44,104.801,GF,
28,LMP2,45,105.524,GF,
28,LMP2,46,107.487,GF,
28,LMP2,47,105.432,GF,
28,LMP2,48,106.571,GF,
28,LMP2,49,105.422,GF,
28,LMP2,50,104.473,GF,
28,LMP2,51,105.621,GF,
28,LMP2,52,105.595,GF,
28,LMP2,53,104.88,GF,
28,LMP2,54,104.721,GF,
28,LMP2,55,105.55,GF,
28,LMP2,56,105.651,GF,
28,LMP2,57,105.783,GF,
28,LMP2,58,105.211,GF,
28,LMP2,59,163.061,GF,
28,LMP2,60,125.241,GF,75.98
28,LMP2,61,107.063,GF,
28,LMP2,62,104.734,GF,
28,LMP2,63,105.006,GF,
28,LMP2,64,105.586,GF,
28,LMP2,65,104.558,GF,
28,LMP2,66,104.137,GF,
28,LMP2,67,104.242,GF,
28,LMP2,68,106.143,GF,
28,LMP2,69,104.307,GF,
28,LMP2,70,105.253,GF,
28,LMP2,71,104.897,GF,
28,LMP2,72,104.945,GF,
28,LMP2,73,105.11,GF,
28,LMP2,74,104.571,GF,
28,LMP2,75,104.879,GF,
28,LMP2,76,104.792,GF,
28,LMP2,77,105.263,GF,
28,LMP2,78,104.341,GF,
28,LMP2,79,192.21,GF,
28,LMP2,80,260.4,GF,81.081
28,LMP2,81,227.977,SF,
28,LMP2,82,234.708,SF,
28,LMP2,83,226.347,SF,
28,LMP2,84,220.031,SF,
28,LMP2,85,163.223,GF,
28,LMP2,86,105.591,GF,
28,LMP2,87,104.241,GF,
28,LMP2,88,103.974,GF,
28,LMP2,89,103.448,GF,
28,LMP2,90,103.879,GF,
28,LMP2,91,103.805,GF,
28,LMP2,92,104.183,GF,
28,LMP2,93,105.118,GF,
28,LMP2,94,105.978,GF,
28,LMP2,95,157.447,GF,
28,LMP2,96,106.752,GF,
28,LMP2,97,105.233,GF,
28,LMP2,98,103.267,GF,
28,LMP2,99,104.109,GF,
28,LMP2,100,103.858,GF,
28,LMP2,101,104.351,GF,
28,LMP2,102,104.694,GF,
28,LMP2,103,130.372,FCY,
28,LMP2,104,161.244,GF,
28,LMP2,105,105.347,GF,
28,LMP2,106,161.862,GF,
28,LMP2,107,122.425,GF,73.82
28,LMP2,108,104.553,GF,
28,LMP2,109,104.817,GF,
28,LMP2,110,104.778,GF,
28,LMP2,111,105.062,GF,
28,LMP2,112,106.014,GF,
28,LMP2,113,105.815,GF,
28,LMP2,114,105.492,GF,
28,LMP2,115,112.728,FCY,
28,LMP2,116,167.887,GF,
28,LMP2,117,105.319,GF,
28,LMP2,118,105.101,GF,
28,LMP2,119,104.524,GF,
28,LMP2,120,105.203,GF,
28,LMP2,121,105.431,GF,
28,LMP2,122,106.14,GF,
28,LMP2,123,105.514,GF,
28,LMP2,124,107.741,GF,
28,LMP2,125,105.676,FF,
29,LMP2 Pro/Am,1,118.43,GF,
29,LMP2 Pro/Am,2,107.915,GF,
29,LMP2 Pro/Am,3,108.028,GF,
29,LMP2 Pro/Am,4,106.696,GF,
29,LMP2 Pro/Am,5,105.738,GF,
29,LMP2 Pro/Am,6,105.486,GF,
29,LMP2 Pro/Am,7,105.972,GF,
29,LMP2 Pro/Am,8,106.947,GF,
29,LMP2 Pro/Am,9,107.552,GF,
29,LMP2 Pro/Am,10,109.701,GF,
29,LMP2 Pro/Am,11,107.579,GF,
29,LMP2 Pro/Am,12,106.226,GF,
29,LMP2 Pro/Am,13,106.268,GF,
29,LMP2 Pro/Am,14,106.488,GF,
29,LMP2 Pro/Am,15,108.527,GF,
29,LMP2 Pro/Am,16,106.319,GF,
29,LMP2 Pro/Am,17,107.379,GF,
29,LMP2 Pro/Am,18,106.732,GF,
29,LMP2 Pro/Am,19,109.019,GF,
29,LMP2 Pro/Am,20,107.387,GF,
29,LMP2 Pro/Am,21,107.53,GF,
29,LMP2 Pro/Am,22,158.247,GF,
29,LMP2 Pro/Am,23,126.534,GF,67.513
29,LMP2 Pro/Am,24,107.379,GF,
29,LMP2 Pro/Am,25,111.637,GF,
29,LMP2 Pro/Am,26,107.888,GF,
29,LMP2 Pro/Am,27,107.481,GF,
29,LMP2 Pro/Am,28,108.168,GF,
29,LMP2 Pro/Am,29,107.245,GF,
29,LMP2 Pro/Am,30,107.782,GF,
29,LMP2 Pro/Am,31,106.68,GF,
29,LMP2 Pro/Am,32,107.236,GF,
29,LMP2 Pro/Am,33,108.233,GF,
29,LMP2 Pro/Am,34,107.157,GF,
29,LMP2 Pro/Am,35,106.751,GF,
29,LMP2 Pro/Am,36,181.615,GF,
29,LMP2 Pro/Am,37,126.153,GF,86.994
29,LMP2 Pro/Am,38,104.695,GF,
29,LMP2 Pro/Am,39,104.494,GF,
29,LMP2 Pro/Am,40,103.899,GF,
29,LMP2 Pro/Am,41,104.542,GF,
29,LMP2 Pro/Am,42,104.926,GF,
29,LMP2 Pro/Am,43,106.925,GF,
29,LMP2 Pro/Am,44,105.308,GF,
29,LMP2 Pro/Am,45,104.139,GF,
29,LMP2 Pro/Am,46,105.079,GF,
29,LMP2 Pro/Am,47,104.616,GF,
29,LMP2 Pro/Am,48,104.961,GF,
29,LMP2 Pro/Am,49,106.229,GF,
29,LMP2 Pro/Am,50,105.911,GF,
29,LMP2 Pro/Am,51,105.094,GF,
29,LMP2 Pro/Am,52,106.033,GF,
29,LMP2 Pro/Am,53,103.712,GF,
29,LMP2 Pro/Am,54,104.797,GF,
29,LMP2 Pro/Am,55,104.497,GF,
29,LMP2 Pro/Am,56,105.896,GF,
29,LMP2 Pro/Am,57,103.613,GF,
29,LMP2 Pro/Am,58,104.081,GF,
29,LMP2 Pro/Am,59,104.243,GF,
29,LMP2 Pro/Am,60,165.076,GF,
29,LMP2 Pro/Am,61,122.949,GF,76.445
29,LMP2 Pro/Am,62,105.056,GF,
29,LMP2 Pro/Am,63,104.57,GF,
29,LMP2 Pro/Am,64,106.078,GF,
29,LMP2 Pro/Am,65,104.648,GF,
29,LMP2 Pro/Am,66,104.205,GF,
29,LMP2 Pro/Am,67,106.986,GF,
29,LMP2 Pro/Am,68,106.104,GF,
29,LMP2 Pro/Am,69,106.278,GF,
29,LMP2 Pro/Am,70,106.843,GF,
29,LMP2 Pro/Am,71,104.073,GF,
29,LMP2 Pro/Am,72,104.603,GF,
29,LMP2 Pro/Am,73,104.03,GF,
29,LMP2 Pro/Am,74,104.359,GF,
29,LMP2 Pro/Am,75,105.051,GF,
29,LMP2 Pro/Am,76,105.121,GF,
29,LMP2 Pro/Am,77,107.272,GF,
29,LMP2 Pro/Am,78,113.261,GF,
29,LMP2 Pro/Am,79,322.203,GF,
29,LMP2 Pro/Am,80,243.369,SF,90.476
29,LMP2 Pro/Am,81,121.221,SF,
29,LMP2 Pro/Am,82,166.143,SF,
29,LMP2 Pro/Am,83,221.425,SF,
29,LMP2 Pro/Am,84,220.824,SF,
29,LMP2 Pro/Am,85,153.194,GF,
29,LMP2 Pro/Am,86,108.246,GF,
29,LMP2 Pro/Am,87,104.524,GF,
29,LMP2 Pro/Am,88,104.066,GF,
29,LMP2 Pro/Am,89,103.857,GF,
29,LMP2 Pro/Am,90,103.667,GF,
29,LMP2 Pro/Am,91,104.639,GF,
29,LMP2 Pro/Am,92,104.348,GF,
29,LMP2 Pro/Am,93,104.284,GF,
29,LMP2 Pro/Am,94,112.23,FCY,
29,LMP2 Pro/Am,95,147.279,GF,
29,LMP2 Pro/Am,96,105.525,GF,
29,LMP2 Pro/Am,97,106.024,GF,
29,LMP2 Pro/Am,98,105.15,GF,
29,LMP2 Pro/Am,99,104.149,GF,
29,LMP2 Pro/Am,100,104.652,GF,
29,LMP2 Pro/Am,101,104.803,GF,
29,LMP2 Pro/Am,102,105.348,GF,
29,LMP2 Pro/Am,103,155.319,FCY,
29,LMP2 Pro/Am,104,140.403,GF,
29,LMP2 Pro/Am,105,157.663,GF,
29,LMP2 Pro/Am,106,121.993,GF,70.163
29,LMP2 Pro/Am,107,105.113,GF,
29,LMP2 Pro/Am,108,104.702,GF,
29,LMP2 Pro/Am,109,105.254,GF,
29,LMP2 Pro/Am,110,105.04,GF,
29,LMP2 Pro/Am,111,104.883,GF,
29,LMP2 Pro/Am,112,105.815,GF,
29,LMP2 Pro/Am,113,106.684,GF,
29,LMP2 Pro/Am,114,106.927,GF,
29,LMP2 Pro/Am,115,129.581,FCY,
29,LMP2 Pro/Am,116,145.9,GF,
29,LMP2 Pro/Am,117,106.461,GF,
29,LMP2 Pro/Am,118,106.817,GF,
29,LMP2 Pro/Am,119,106.596,GF,
29,LMP2 Pro/Am,120,107.676,GF,
29,LMP2 Pro/Am,121,106.298,GF,
29,LMP2 Pro/Am,122,105.929,GF,
29,LMP2 Pro/Am,123,107.072,GF,
29,LMP2 Pro/Am,124,107.75,GF,
29,LMP2 Pro/Am,125,108.63,FF,
3,LMP2 Pro/Am,1,116.7,GF,
3,LMP2 Pro/Am,2,106.695,GF,
3,LMP2 Pro/Am,3,105.086,GF,
3,LMP2 Pro/Am,4,105.194,GF,
3,LMP2 Pro/Am,5,105.42,GF,
3,LMP2 Pro/Am,6,106.013,GF,
3,LMP2 Pro/Am,7,105.093,GF,
3,LMP2 Pro/Am,8,105.994,GF,
3,LMP2 Pro/Am,9,108.783,GF,
3,LMP2 Pro/Am,10,107.293,GF,
3,LMP2 Pro/Am,11,105.889,GF,
3,LMP2 Pro/Am,12,105.387,GF,
3,LMP2 Pro/Am,13,107.879,GF,
3,LMP2 Pro/Am,14,105.711,GF,
3,LMP2 Pro/Am,15,106.122,GF,
3,LMP2 Pro/Am,16,105.699,GF,
3,LMP2 Pro/Am,17,107.185,GF,
3,LMP2 Pro/Am,18,105.453,GF,
3,LMP2 Pro/Am,19,106.983,GF,
3,LMP2 Pro/Am,20,105.257,GF,
3,LMP2 Pro/Am,21,105.904,GF,
3,LMP2 Pro/Am,22,105.335,GF,
3,LMP2 Pro/Am,23,111.802,GF,
3,LMP2 Pro/Am,24,170.794,GF,71.648
3,LMP2 Pro/Am,25,106.381,GF,
3,LMP2 Pro/Am,26,106.62,GF,
3,LMP2 Pro/Am,27,105.241,GF,
3,LMP2 Pro/Am,28,106.03,GF,
3,LMP2 Pro/Am,29,106.539,GF,
3,LMP2 Pro/Am,30,105.917,GF,
3,LMP2 Pro/Am,31,106.463,GF,
3,LMP2 Pro/Am,32,107.973,GF,
3,LMP2 Pro/Am,33,106.722,GF,
3,LMP2 Pro/Am,34,107.035,GF,
3,LMP2 Pro/Am,35,106.939,GF,
3,LMP2 Pro/Am,36,108.522,GF,
3,LMP2 Pro/Am,37,107.367,GF,
3,LMP2 Pro/Am,38,107.478,GF,
3,LMP2 Pro/Am,39,108.105,GF,
3,LMP2 Pro/Am,40,107.01,GF,
3,LMP2 Pro/Am,41,107.712,GF,
3,LMP2 Pro/Am,42,106.801,GF,
3,LMP2 Pro/Am,43,114.929,GF,
3,LMP2 Pro/Am,44,172.816,GF,70.735
3,LMP2 Pro/Am,45,104.201,GF,
3,LMP2 Pro/Am,46,104.578,GF,
3,LMP2 Pro/Am,47,106.098,GF,
3,LMP2 Pro/Am,48,104.703,GF,
3,LMP2 Pro/Am,49,105.881,GF,
3,LMP2 Pro/Am,50,106.625,GF,
3,LMP2 Pro/Am,51,105.541,GF,
3,LMP2 Pro/Am,52,103.849,GF,
3,LMP2 Pro/Am,53,103.713,GF,
3,LMP2 Pro/Am,54,104.847,GF,
3,LMP2 Pro/Am,55,103.929,GF,
3,LMP2 Pro/Am,56,105.005,GF,
3,LMP2 Pro/Am,57,105.474,GF,
3,LMP2 Pro/Am,58,103.441,GF,
3,LMP2 Pro/Am,59,112.931,GF,
3,LMP2 Pro/Am,60,198.365,GF,100.44
3,LMP2 Pro/Am,61,105.832,GF,
3,LMP2 Pro/Am,62,107.326,GF,
3,LMP2 Pro/Am,63,104.855,GF,
3,LMP2 Pro/Am,64,105.278,GF,
3,LMP2 Pro/Am,65,105.758,GF,
3,LMP2 Pro/Am,66,104.91,GF,
3,LMP2 Pro/Am,67,106.219,GF,
3,LMP2 Pro/Am,68,106.775,GF,
3,LMP2 Pro/Am,69,105.277,GF,
3,LMP2 Pro/Am,70,105.435,GF,
3,LMP2 Pro/Am,71,104.133,GF,
3,LMP2 Pro/Am,72,105.64,GF,
3,LMP2 Pro/Am,73,106.351,GF,
3,LMP2 Pro/Am,74,106.05,GF,
3,LMP2 Pro/Am,75,112.937,GF,
3,LMP2 Pro/Am,76,181.522,GF,80.4
3,LMP2 Pro/Am,77,106.167,GF,
3,LMP2 Pro/Am,78,227.223,GF,
3,LMP2 Pro/Am,79,258.874,GF,
3,LMP2 Pro/Am,80,162.334,SF,
3,LMP2 Pro/Am,81,226.541,SF,
3,LMP2 Pro/Am,82,170.752,SF,
3,LMP2 Pro/Am,83,123.711,SF,
3,LMP2 Pro/Am,84,178.312,SF,
3,LMP2 Pro/Am,85,154.136,GF,
3,LMP2 Pro/Am,86,106.794,GF,
3,LMP2 Pro/Am,87,106.018,GF,
3,LMP2 Pro/Am,88,103.514,GF,
3,LMP2 Pro/Am,89,103.816,GF,
3,LMP2 Pro/Am,90,110.307,GF,
3,LMP2 Pro/Am,91,171.959,GF,67.173
3,LMP2 Pro/Am,92,112.147,GF,
3,LMP2 Pro/Am,93,150.857,FCY,
3,LMP2 Pro/Am,94,145.706,GF,
3,LMP2 Pro/Am,95,110.919,GF,
3,LMP2 Pro/Am,96,112.292,GF,
3,LMP2 Pro/Am,97,113.054,GF,
3,LMP2 Pro/Am,98,113.232,GF,
3,LMP2 Pro/Am,99,113.409,GF,
3,LMP2 Pro/Am,100,112.928,GF,
3,LMP2 Pro/Am,101,128.635,FCY,
3,LMP2 Pro/Am,102,181.586,GF,
3,LMP2 Pro/Am,103,113.505,GF,
3,LMP2 Pro/Am,104,113.496,GF,
3,LMP2 Pro/Am,105,112.221,GF,
3,LMP2 Pro/Am,106,113.201,GF,
3,LMP2 Pro/Am,107,112.285,GF,
3,LMP2 Pro/Am,108,112.274,GF,
3,LMP2 Pro/Am,109,111.967,GF,
3,LMP2 Pro/Am,110,111.122,GF,
3,LMP2 Pro/Am,111,111.127,GF,
3,LMP2 Pro/Am,112,111.328,GF,
3,LMP2 Pro/Am,113,121.239,FCY,
3,LMP2 Pro/Am,114,171.167,GF,
3,LMP2 Pro/Am,115,118.557,GF,
3,LMP2 Pro/Am,116,160.16,GF,47.986
3,LMP2 Pro/Am,117,129.432,GF,24.759
3,LMP2 Pro/Am,118,111.803,GF,
3,LMP2 Pro/Am,119,112.432,GF,
3,LMP2 Pro/Am,120,112.123,GF,
3,LMP2 Pro/Am,121,112.156,GF,
3,LMP2 Pro/Am,122,111.419,FF,
30,LMP2,1,114.136,GF,
30,LMP2,2,107.707,GF,
30,LMP2,3,104.759,GF,
30,LMP2,4,105.193,GF,
30,LMP2,5,128.418,GF,
30,LMP2,6,105.685,GF,
30,LMP2,7,105.219,GF,
30,LMP2,8,106.818,GF,
30,LMP2,9,105.188,GF,
30,LMP2,10,107.101,GF,
30,LMP2,11,108.74,GF,
30,LMP2,12,107.57,GF,
30,LMP2,13,106.165,GF,
30,LMP2,14,105.473,GF,
30,LMP2,15,106.383,GF,
30,LMP2,16,106.324,GF,
30,LMP2,17,104.638,GF,
30,LMP2,18,105.069,GF,
30,LMP2,19,109.249,GF,
30,LMP2,20,107.745,GF,
30,LMP2,21,105.446,GF,
30,LMP2,22,113.049,GF,
30,LMP2,23,169.669,GF,70.614
30,LMP2,24,107.004,GF,
30,LMP2,25,106.906,GF,
30,LMP2,26,107.896,GF,
30,LMP2,27,106.174,GF,
30,LMP2,28,107.309,GF,
30,LMP2,29,107.168,GF,
30,LMP2,30,105.915,GF,
30,LMP2,31,106.419,GF,
30,LMP2,32,105.838,GF,
30,LMP2,33,107.187,GF,
30,LMP2,34,107.243,GF,
30,LMP2,35,108.246,GF,
30,LMP2,36,107.484,GF,
30,LMP2,37,107.016,GF,
30,LMP2,38,106.388,GF,
30,LMP2,39,107.178,GF,
30,LMP2,40,106.46,GF,
30,LMP2,41,113.154,GF,
30,LMP2,42,186.217,GF,83.731
30,LMP2,43,106.772,GF,
30,LMP2,44,104.515,GF,
30,LMP2,45,105.204,GF,
30,LMP2,46,104.828,GF,
30,LMP2,47,104.999,GF,
30,LMP2,48,105.405,GF,
30,LMP2,49,105.931,GF,
30,LMP2,50,105.287,GF,
30,LMP2,51,104.833,GF,
30,LMP2,52,106.018,GF,
30,LMP2,53,105.113,GF,
30,LMP2,54,105.176,GF,
30,LMP2,55,105.543,GF,
30,LMP2,56,105.369,GF,
30,LMP2,57,104.387,GF,
30,LMP2,58,104.626,GF,
30,LMP2,59,105.212,GF,
30,LMP2,60,106.579,GF,
30,LMP2,61,104.975,GF,
30,LMP2,62,106.616,GF,
30,LMP2,63,105.795,GF,
30,LMP2,64,111.464,GF,
30,LMP2,65,166.232,GF,68.136
30,LMP2,66,106.166,GF,
30,LMP2,67,105.566,GF,
30,LMP2,68,107.041,GF,
30,LMP2,69,106.895,GF,
30,LMP2,70,105.072,GF,
30,LMP2,71,105.469,GF,
30,LMP2,72,105.175,GF,
30,LMP2,73,105.432,GF,
30,LMP2,74,105.816,GF,
30,LMP2,75,106.952,GF,
30,LMP2,76,106.206,GF,
30,LMP2,77,106.237,GF,
30,LMP2,78,112.708,GF,
30,LMP2,79,256.971,GF,
30,LMP2,80,309.87,SF,90.047
30,LMP2,81,122.171,SF,
30,LMP2,82,166.607,SF,
30,LMP2,83,221.438,SF,
30,LMP2,84,221.17,SF,
30,LMP2,85,153.652,GF,
30,LMP2,86,109.549,GF,
30,LMP2,87,104.257,GF,
30,LMP2,88,103.975,GF,
30,LMP2,89,104.26,GF,
30,LMP2,90,103.869,GF,
30,LMP2,91,104.471,GF,
30,LMP2,92,104.17,GF,
30,LMP2,93,104.423,GF,
30,LMP2,94,113.573,FCY,
30,LMP2,95,146.053,GF,
30,LMP2,96,105.484,GF,
30,LMP2,97,106.292,GF,
30,LMP2,98,105.706,GF,
30,LMP2,99,104.29,GF,
30,LMP2,100,104.743,GF,
30,LMP2,101,104.252,GF,
30,LMP2,102,105.261,GF,
30,LMP2,103,165.147,FCY,
30,LMP2,104,133.114,GF,
30,LMP2,105,112.25,GF,
30,LMP2,106,163.899,GF,66.704
30,LMP2,107,105.391,GF,
30,LMP2,108,105.153,GF,
30,LMP2,109,105.157,GF,
30,LMP2,110,105.026,GF,
30,LMP2,111,104.907,GF,
30,LMP2,112,106.197,GF,
30,LMP2,113,106.536,GF,
30,LMP2,114,107.222,GF,
30,LMP2,115,134.831,FCY,
30,LMP2,116,143.596,GF,
30,LMP2,117,104.978,GF,
30,LMP2,118,104.858,GF,
30,LMP2,119,105.908,GF,
30,LMP2,120,106.235,GF,
30,LMP2,121,104.981,GF,
30,LMP2,122,104.88,GF,
30,LMP2,123,104.432,GF,
30,LMP2,124,105.934,GF,
30,LMP2,125,106.372,FF,
31,LMP3,1,128.897,GF,
31,LMP3,2,116.498,GF,
31,LMP3,3,116.66,GF,
31,LMP3,4,114.994,GF,
31,LMP3,5,114.86,GF,
31,LMP3,6,115.41,GF,
31,LMP3,7,114.316,GF,
31,LMP3,8,114.633,GF,
31,LMP3,9,114.191,GF,
31,LMP3,10,115.392,GF,
31,LMP3,11,114.958,GF,
31,LMP3,12,115.501,GF,
31,LMP3,13,115.215,GF,
31,LMP3,14,114.82,GF,
31,LMP3,15,115.478,GF,
31,LMP3,16,114.347,GF,
31,LMP3,17,114.101,GF,
31,LMP3,18,114.624,GF,
31,LMP3,19,122.503,GF,
31,LMP3,20,115.751,GF,
31,LMP3,21,114.942,GF,
31,LMP3,22,114.945,GF,
31,LMP3,23,114.898,GF,
31,LMP3,24,116.868,GF,
31,LMP3,25,114.813,GF,
31,LMP3,26,116.041,GF,
31,LMP3,27,115.348,GF,
31,LMP3,28,116.331,GF,
31,LMP3,29,116.892,GF,
31,LMP3,30,115.997,GF,
31,LMP3,31,165.384,GF,
31,LMP3,32,132.464,GF,68.192
31,LMP3,33,116.352,GF,
31,LMP3,34,116.41,GF,
31,LMP3,35,115.674,GF,
31,LMP3,36,115.886,GF,
31,LMP3,37,115.667,GF,
31,LMP3,38,116.141,GF,
31,LMP3,39,115.588,GF,
31,LMP3,40,116.458,GF,
31,LMP3,41,116.691,GF,
31,LMP3,42,115.052,GF,
31,LMP3,43,116.064,GF,
31,LMP3,44,115.063,GF,
31,LMP3,45,117.78,GF,
31,LMP3,46,116.639,GF,
31,LMP3,47,115.412,GF,
31,LMP3,48,115.09,GF,
31,LMP3,49,115.33,GF,
31,LMP3,50,116.088,GF,
31,LMP3,51,115.714,GF,
31,LMP3,52,115.728,GF,
31,LMP3,53,117.166,GF,
31,LMP3,54,115.093,GF,
31,LMP3,55,115.879,GF,
31,LMP3,56,116.36,GF,
31,LMP3,57,116.506,GF,
31,LMP3,58,116.288,GF,
31,LMP3,59,117.323,GF,
31,LMP3,60,115.794,GF,
31,LMP3,61,115.299,GF,
31,LMP3,62,205.485,GF,
31,LMP3,63,131.706,GF,107.436
31,LMP3,64,114.105,GF,
31,LMP3,65,113.218,GF,
31,LMP3,66,113.079,GF,
31,LMP3,67,113.379,GF,
31,LMP3,68,113.591,GF,
31,LMP3,69,113.318,GF,
31,LMP3,70,113.871,GF,
31,LMP3,71,113.352,GF,
31,LMP3,72,113.238,GF,
31,LMP3,73,315.861,GF,
31,LMP3,74,261.947,SF,112.483
31,LMP3,75,127.084,SF,
31,LMP3,76,186.146,SF,
31,LMP3,77,221.321,SF,
31,LMP3,78,221.049,SF,
31,LMP3,79,154.897,GF,
31,LMP3,80,115.152,GF,
31,LMP3,81,114.77,GF,
31,LMP3,82,113.458,GF,
31,LMP3,83,112.112,GF,
31,LMP3,84,112.244,GF,
31,LMP3,85,112.41,GF,
31,LMP3,86,112.236,GF,
31,LMP3,87,112.607,GF,
31,LMP3,88,171.945,GF,
31,LMP3,89,112.603,GF,
31,LMP3,90,113.825,GF,
31,LMP3,91,113.397,GF,
31,LMP3,92,113.735,GF,
31,LMP3,93,112.729,GF,
31,LMP3,94,112.596,GF,
31,LMP3,95,113.838,GF,
31,LMP3,96,203.49,GF,
31,LMP3,97,112.581,GF,
31,LMP3,98,112.835,GF,
31,LMP3,99,113.949,GF,
31,LMP3,100,112.384,GF,
31,LMP3,101,113.209,GF,
31,LMP3,102,113.781,GF,
31,LMP3,103,112.217,GF,
31,LMP3,104,112.203,GF,
31,LMP3,105,112.784,GF,
31,LMP3,106,112.706,GF,
31,LMP3,107,141.304,FCY,
31,LMP3,108,195.692,GF,88.551
31,LMP3,109,114.148,GF,
31,LMP3,110,113.694,GF,
31,LMP3,111,112.901,GF,
31,LMP3,112,112.543,GF,
31,LMP3,113,112.664,GF,
31,LMP3,114,112.813,GF,
31,LMP3,115,112.829,GF,
31,LMP3,116,112.961,GF,
31,LMP3,117,113.022,FF,
34,LMP2,1,112.766,GF,
34,LMP2,2,104.999,GF,
34,LMP2,3,104.632,GF,
34,LMP2,4,104.517,GF,
34,LMP2,5,103.917,GF,
34,LMP2,6,103.817,GF,
34,LMP2,7,103.618,GF,
34,LMP2,8,106.872,GF,
34,LMP2,9,105.66,GF,
34,LMP2,10,105.436,GF,
34,LMP2,11,105.907,GF,
34,LMP2,12,106.042,GF,
34,LMP2,13,104.314,GF,
34,LMP2,14,105.631,GF,
34,LMP2,15,103.996,GF,
34,LMP2,16,105.126,GF,
34,LMP2,17,105.929,GF,
34,LMP2,18,105.378,GF,
34,LMP2,19,105.022,GF,
34,LMP2,20,104.869,GF,
34,LMP2,21,152.194,GF,
34,LMP2,22,121.816,GF,65.594
34,LMP2,23,104.332,GF,
34,LMP2,24,105.54,GF,
34,LMP2,25,105.97,GF,
34,LMP2,26,104.811,GF,
34,LMP2,27,105.082,GF,
34,LMP2,28,105.107,GF,
34,LMP2,29,105.362,GF,
34,LMP2,30,104.944,GF,
34,LMP2,31,105.251,GF,
34,LMP2,32,105.752,GF,
34,LMP2,33,104.795,GF,
34,LMP2,34,104.559,GF,
34,LMP2,35,104.685,GF,
34,LMP2,36,104.357,GF,
34,LMP2,37,105.771,GF,
34,LMP2,38,105.821,GF,
34,LMP2,39,105.115,GF,
34,LMP2,40,106.531,GF,
34,LMP2,41,105.831,GF,
34,LMP2,42,105.436,GF,
34,LMP2,43,112.408,GF,
34,LMP2,44,193.827,GF,25.049
34,LMP2,45,125.655,GF,90.707
34,LMP2,46,107.689,GF,
34,LMP2,47,105.205,GF,
34,LMP2,48,104.963,GF,
34,LMP2,49,105.862,GF,
34,LMP2,50,103.541,GF,
34,LMP2,51,103.893,GF,
34,LMP2,52,105.543,GF,
34,LMP2,53,104.006,GF,
34,LMP2,54,104.525,GF,
34,LMP2,55,104.64,GF,
34,LMP2,56,104.445,GF,
34,LMP2,57,106.03,GF,
34,LMP2,58,105.889,GF,
34,LMP2,59,104.234,GF,
34,LMP2,60,105.66,GF,
34,LMP2,61,105.007,GF,
34,LMP2,62,103.665,GF,
34,LMP2,63,105.009,GF,
34,LMP2,64,104.743,GF,
34,LMP2,65,105.101,GF,
34,LMP2,66,105.01,GF,
34,LMP2,67,158.392,GF,
34,LMP2,68,125.455,GF,69.338
34,LMP2,69,104.62,GF,
34,LMP2,70,105.652,GF,
34,LMP2,71,105.057,GF,
34,LMP2,72,106.027,GF,
34,LMP2,73,105.134,GF,
34,LMP2,74,106.218,GF,
34,LMP2,75,106.623,GF,
34,LMP2,76,105.413,GF,
34,LMP2,77,104.964,GF,
34,LMP2,78,105.135,GF,
34,LMP2,79,203.94,GF,
34,LMP2,80,264.694,GF,72.974
34,LMP2,81,212.545,SF,
34,LMP2,82,228.397,SF,
34,LMP2,83,226.833,SF,
34,LMP2,84,220.099,SF,
34,LMP2,85,162.158,GF,
34,LMP2,86,106.034,GF,
34,LMP2,87,104.667,GF,
34,LMP2,88,104.843,GF,
34,LMP2,89,104.169,GF,
34,LMP2,90,104.459,GF,
34,LMP2,91,104.032,GF,
34,LMP2,92,104.348,GF,
34,LMP2,93,105.316,GF,
34,LMP2,94,107.794,FCY,
34,LMP2,95,154.293,GF,
34,LMP2,96,105.103,GF,
34,LMP2,97,104.781,GF,
34,LMP2,98,103.51,GF,
34,LMP2,99,103.675,GF,
34,LMP2,100,103.636,GF,
34,LMP2,101,104.483,GF,
34,LMP2,102,105.012,GF,
34,LMP2,103,135.486,FCY,
34,LMP2,104,199.412,GF,
34,LMP2,105,120.543,GF,63.463
34,LMP2,106,104.054,GF,
34,LMP2,107,104.041,GF,
34,LMP2,108,104.519,GF,
34,LMP2,109,105.006,GF,
34,LMP2,110,104.536,GF,
34,LMP2,111,105.724,GF,
34,LMP2,112,106.77,GF,
34,LMP2,113,105.615,GF,
35,LMP3,1,128.165,GF,
35,LMP3,2,115.468,GF,
35,LMP3,3,114.98,GF,
35,LMP3,4,113.909,GF,
35,LMP3,5,113.621,GF,
35,LMP3,6,113.432,GF,
35,LMP3,7,113.612,GF,
35,LMP3,8,113.515,GF,
35,LMP3,9,113.591,GF,
35,LMP3,10,113.863,GF,
35,LMP3,11,114.316,GF,
35,LMP3,12,114.01,GF,
35,LMP3,13,115.852,GF,
35,LMP3,14,115.028,GF,
35,LMP3,15,113.469,GF,
35,LMP3,16,113.489,GF,
35,LMP3,17,113.978,GF,
35,LMP3,18,113.689,GF,
35,LMP3,19,113.652,GF,
35,LMP3,20,113.427,GF,
35,LMP3,21,115.317,GF,
35,LMP3,22,114.271,GF,
35,LMP3,23,113.915,GF,
35,LMP3,24,114.147,GF,
35,LMP3,25,113.58,GF,
35,LMP3,26,113.072,GF,
35,LMP3,27,114.998,GF,
35,LMP3,28,113.73,GF,
35,LMP3,29,122.35,GF,
35,LMP3,30,114.999,GF,
35,LMP3,31,121.791,GF,
35,LMP3,32,167.558,GF,62.024
35,LMP3,33,115.078,GF,
35,LMP3,34,115.191,GF,
35,LMP3,35,115.208,GF,
35,LMP3,36,114.929,GF,
35,LMP3,37,114.49,GF,
35,LMP3,38,115.797,GF,
35,LMP3,39,114.902,GF,
35,LMP3,40,115.039,GF,
35,LMP3,41,114.544,GF,
35,LMP3,42,114.083,GF,
35,LMP3,43,114.933,GF,
35,LMP3,44,114.221,GF,
35,LMP3,45,114.092,GF,
35,LMP3,46,116.005,GF,
35,LMP3,47,114.467,GF,
35,LMP3,48,114.664,GF,
35,LMP3,49,114.306,GF,
35,LMP3,50,114.371,GF,
35,LMP3,51,114.495,GF,
35,LMP3,52,115.14,GF,
35,LMP3,53,117.032,GF,
35,LMP3,54,115.073,GF,
35,LMP3,55,115.3,GF,
35,LMP3,56,114.539,GF,
35,LMP3,57,114.885,GF,
35,LMP3,58,114.967,GF,
35,LMP3,59,114.816,GF,
35,LMP3,60,113.642,GF,
35,LMP3,61,115.063,GF,
35,LMP3,62,122.764,GF,
35,LMP3,63,219.395,GF,112.024
35,LMP3,64,113.892,GF,
35,LMP3,65,112.714,GF,
35,LMP3,66,112.651,GF,
35,LMP3,67,113.015,GF,
35,LMP3,68,115.825,GF,
35,LMP3,69,112.995,GF,
35,LMP3,70,112.702,GF,
35,LMP3,71,113.106,GF,
35,LMP3,72,114.008,GF,
35,LMP3,73,120.24,GF,
35,LMP3,74,344.472,GF,105.645
35,LMP3,75,238.495,SF,
35,LMP3,76,234.25,SF,
35,LMP3,77,174.39,SF,
35,LMP3,78,124.205,SF,
35,LMP3,79,177.49,SF,
35,LMP3,80,154.636,GF,
35,LMP3,81,113.271,GF,
35,LMP3,82,113.493,GF,
35,LMP3,83,113.602,GF,
35,LMP3,84,113.775,GF,
35,LMP3,85,112.275,GF,
35,LMP3,86,112.519,GF,
35,LMP3,87,112.362,GF,
35,LMP3,88,112.604,GF,
35,LMP3,89,168.762,GF,
35,LMP3,90,113.916,GF,
35,LMP3,91,113.105,GF,
35,LMP3,92,113.999,GF,
35,LMP3,93,112.717,GF,
35,LMP3,94,113.137,GF,
35,LMP3,95,112.868,GF,
35,LMP3,96,119.197,GF,
35,LMP3,97,231.8,GF,67.211
35,LMP3,98,114.409,GF,
35,LMP3,99,113.854,GF,
35,LMP3,100,113.537,GF,
35,LMP3,101,113.568,GF,
35,LMP3,102,114.074,GF,
35,LMP3,103,113.812,GF,
35,LMP3,104,114.976,GF,
35,LMP3,105,116.064,GF,
35,LMP3,106,115.0,GF,
35,LMP3,107,114.348,GF,
35,LMP3,108,139.343,FCY,
35,LMP3,109,149.763,GF,
35,LMP3,110,114.388,GF,
35,LMP3,111,114.056,GF,
35,LMP3,112,114.736,GF,
35,LMP3,113,114.518,GF,
35,LMP3,114,113.633,GF,
35,LMP3,115,113.833,GF,
35,LMP3,116,114.972,GF,
35,LMP3,117,114.879,FF,
37,LMP2,1,111.005,GF,
37,LMP2,2,104.838,GF,
37,LMP2,3,105.301,GF,
37,LMP2,4,103.22,GF,
37,LMP2,5,103.299,GF,
37,LMP2,6,103.398,GF,
37,LMP2,7,104.403,GF,
37,LMP2,8,107.526,GF,
37,LMP2,9,106.807,GF,
37,LMP2,10,106.33,GF,
37,LMP2,11,104.943,GF,
37,LMP2,12,104.534,GF,
37,LMP2,13,104.757,GF,
37,LMP2,14,105.663,GF,
37,LMP2,15,104.817,GF,
37,LMP2,16,105.668,GF,
37,LMP2,17,105.189,GF,
37,LMP2,18,103.987,GF,
37,LMP2,19,104.118,GF,
37,LMP2,20,105.664,GF,
37,LMP2,21,104.053,GF,
37,LMP2,22,105.44,GF,
37,LMP2,23,112.317,GF,
37,LMP2,24,165.923,GF,68.656
37,LMP2,25,105.754,GF,
37,LMP2,26,105.479,GF,
37,LMP2,27,104.837,GF,
37,LMP2,28,105.474,GF,
37,LMP2,29,105.05,GF,
37,LMP2,30,105.785,GF,
37,LMP2,31,106.058,GF,
37,LMP2,32,107.031,GF,
37,LMP2,33,105.997,GF,
37,LMP2,34,105.164,GF,
37,LMP2,35,105.329,GF,
37,LMP2,36,105.224,GF,
37,LMP2,37,105.418,GF,
37,LMP2,38,106.205,GF,
37,LMP2,39,106.291,GF,
37,LMP2,40,105.438,GF,
37,LMP2,41,104.837,GF,
37,LMP2,42,105.316,GF,
37,LMP2,43,106.295,GF,
37,LMP2,44,106.195,GF,
37,LMP2,45,105.251,GF,
37,LMP2,46,113.377,GF,
37,LMP2,47,189.738,GF,88.782
37,LMP2,48,105.775,GF,
37,LMP2,49,104.318,GF,
37,LMP2,50,105.233,GF,
37,LMP2,51,104.97,GF,
37,LMP2,52,104.236,GF,
37,LMP2,53,104.999,GF,
37,LMP2,54,103.919,GF,
37,LMP2,55,105.688,GF,
37,LMP2,56,105.631,GF,
37,LMP2,57,104.4,GF,
37,LMP2,58,104.659,GF,
37,LMP2,59,105.114,GF,
37,LMP2,60,103.617,GF,
37,LMP2,61,103.438,GF,
37,LMP2,62,105.275,GF,
37,LMP2,63,105.271,GF,
37,LMP2,64,103.582,GF,
37,LMP2,65,106.277,GF,
37,LMP2,66,106.618,GF,
37,LMP2,67,104.276,GF,
37,LMP2,68,104.547,GF,
37,LMP2,69,104.239,GF,
37,LMP2,70,114.294,GF,
37,LMP2,71,173.289,GF,74.896
37,LMP2,72,105.895,GF,
37,LMP2,73,104.877,GF,
37,LMP2,74,104.991,GF,
37,LMP2,75,105.158,GF,
37,LMP2,76,104.411,GF,
37,LMP2,77,104.29,GF,
37,LMP2,78,106.94,GF,
37,LMP2,79,129.239,GF,
37,LMP2,80,256.065,GF,
37,LMP2,81,298.54,SF,60.925
37,LMP2,82,233.281,SF,
37,LMP2,83,233.39,SF,
37,LMP2,84,219.817,SF,
37,LMP2,85,163.439,GF,
37,LMP2,86,105.415,GF,
37,LMP2,87,104.013,GF,
37,LMP2,88,103.666,GF,
37,LMP2,89,103.433,GF,
37,LMP2,90,103.651,GF,
37,LMP2,91,103.662,GF,
37,LMP2,92,104.179,GF,
37,LMP2,93,105.09,GF,
37,LMP2,94,104.802,GF,
37,LMP2,95,157.913,GF,
37,LMP2,96,105.332,GF,
37,LMP2,97,104.559,GF,
37,LMP2,98,103.777,GF,
37,LMP2,99,104.972,GF,
37,LMP2,100,104.509,GF,
37,LMP2,101,105.038,GF,
4,LMP3,1,128.259,GF,
4,LMP3,2,116.832,GF,
4,LMP3,3,115.547,GF,
4,LMP3,4,113.527,GF,
4,LMP3,5,114.506,GF,
4,LMP3,6,114.386,GF,
4,LMP3,7,114.102,GF,
4,LMP3,8,114.293,GF,
4,LMP3,9,113.942,GF,
4,LMP3,10,115.015,GF,
4,LMP3,11,114.844,GF,
4,LMP3,12,115.902,GF,
4,LMP3,13,115.827,GF,
4,LMP3,14,114.009,GF,
4,LMP3,15,114.968,GF,
4,LMP3,16,113.454,GF,
4,LMP3,17,114.383,GF,
4,LMP3,18,114.159,GF,
4,LMP3,19,114.296,GF,
4,LMP3,20,114.138,GF,
4,LMP3,21,116.999,GF,
4,LMP3,22,115.397,GF,
4,LMP3,23,114.816,GF,
4,LMP3,24,114.236,GF,
4,LMP3,25,113.332,GF,
4,LMP3,26,115.035,GF,
4,LMP3,27,116.007,GF,
4,LMP3,28,114.614,GF,
4,LMP3,29,114.371,GF,
4,LMP3,30,122.346,GF,
4,LMP3,31,169.007,GF,62.836
4,LMP3,32,114.326,GF,
4,LMP3,33,126.515,GF,
4,LMP3,34,115.734,GF,
4,LMP3,35,115.327,GF,
4,LMP3,36,115.181,GF,
4,LMP3,37,116.036,GF,
4,LMP3,38,115.284,GF,
4,LMP3,39,114.976,GF,
4,LMP3,40,115.813,GF,
4,LMP3,41,116.01,GF,
4,LMP3,42,115.775,GF,
4,LMP3,43,115.211,GF,
4,LMP3,44,114.953,GF,
4,LMP3,45,116.255,GF,
4,LMP3,46,117.002,GF,
4,LMP3,47,116.022,GF,
4,LMP3,48,116.41,GF,
4,LMP3,49,115.852,GF,
4,LMP3,50,116.234,GF,
4,LMP3,51,114.857,GF,
4,LMP3,52,116.629,GF,
4,LMP3,53,115.922,GF,
4,LMP3,54,115.671,GF,
4,LMP3,55,115.118,GF,
4,LMP3,56,115.596,GF,
4,LMP3,57,117.432,GF,
4,LMP3,58,119.094,GF,
4,LMP3,59,116.899,GF,
4,LMP3,60,116.119,GF,
4,LMP3,61,116.22,GF,
4,LMP3,62,123.456,GF,
4,LMP3,63,224.792,GF,113.136
4,LMP3,64,114.616,GF,
4,LMP3,65,115.039,GF,
4,LMP3,66,113.423,GF,
4,LMP3,67,114.347,GF,
4,LMP3,68,113.571,GF,
4,LMP3,69,114.841,GF,
4,LMP3,70,113.813,GF,
4,LMP3,71,115.301,GF,
4,LMP3,72,114.728,GF,
4,LMP3,73,223.161,GF,
4,LMP3,74,348.289,SF,112.149
4,LMP3,75,130.707,SF,
4,LMP3,76,188.509,SF,
4,LMP3,77,163.213,SF,
4,LMP3,78,123.599,SF,
4,LMP3,79,178.276,SF,
4,LMP3,80,153.175,GF,
4,LMP3,81,113.453,GF,
4,LMP3,82,114.826,GF,
4,LMP3,83,112.965,GF,
4,LMP3,84,113.111,GF,
4,LMP3,85,113.122,GF,
4,LMP3,86,113.367,GF,
4,LMP3,87,112.885,GF,
4,LMP3,88,112.433,GF,
4,LMP3,89,164.7,GF,
4,LMP3,90,112.929,GF,
4,LMP3,91,114.185,GF,
4,LMP3,92,112.458,GF,
4,LMP3,93,113.737,GF,
4,LMP3,94,113.029,GF,
4,LMP3,95,112.457,GF,
4,LMP3,96,113.405,GF,
4,LMP3,97,205.003,GF,
4,LMP3,98,112.541,GF,
4,LMP3,99,112.28,GF,
4,LMP3,100,116.167,GF,
4,LMP3,101,114.305,GF,
4,LMP3,102,112.243,GF,
4,LMP3,103,112.486,GF,
4,LMP3,104,112.099,GF,
4,LMP3,105,111.853,GF,
4,LMP3,106,112.305,GF,
4,LMP3,107,118.199,GF,
4,LMP3,108,176.404,FCY,45.209
4,LMP3,109,148.152,GF,
4,LMP3,110,113.98,GF,
4,LMP3,111,113.21,GF,
4,LMP3,112,113.468,GF,
4,LMP3,113,112.496,GF,
4,LMP3,114,112.119,GF,
4,LMP3,115,112.23,GF,
4,LMP3,116,113.28,GF,
4,LMP3,117,112.427,GF,
4,LMP3,118,112.828,FF,
43,LMP2,1,113.794,GF,
43,LMP2,2,106.898,GF,
43,LMP2,3,105.218,GF,
43,LMP2,4,104.736,GF,
43,LMP2,5,104.758,GF,
43,LMP2,6,104.008,GF,
43,LMP2,7,106.026,GF,
43,LMP2,8,104.667,GF,
43,LMP2,9,108.046,GF,
43,LMP2,10,105.333,GF,
43,LMP2,11,104.04,GF,
43,LMP2,12,105.449,GF,
43,LMP2,13,103.945,GF,
43,LMP2,14,103.897,GF,
43,LMP2,15,103.571,GF,
43,LMP2,16,104.514,GF,
43,LMP2,17,105.434,GF,
43,LMP2,18,104.905,GF,
43,LMP2,19,104.744,GF,
43,LMP2,20,152.323,GF,
43,LMP2,21,124.644,GF,64.372
43,LMP2,22,107.193,GF,
43,LMP2,23,105.19,GF,
43,LMP2,24,105.251,GF,
43,LMP2,25,105.33,GF,
43,LMP2,26,105.959,GF,
43,LMP2,27,104.96,GF,
43,LMP2,28,105.579,GF,
43,LMP2,29,105.26,GF,
43,LMP2,30,104.812,GF,
43,LMP2,31,105.374,GF,
43,LMP2,32,107.177,GF,
43,LMP2,33,105.798,GF,
43,LMP2,34,105.038,GF,
43,LMP2,35,105.893,GF,
43,LMP2,36,105.18,GF,
43,LMP2,37,104.845,GF,
43,LMP2,38,172.777,GF,
43,LMP2,39,130.263,GF,85.283
43,LMP2,40,107.384,GF,
43,LMP2,41,104.013,GF,
43,LMP2,42,103.969,GF,
43,LMP2,43,104.698,GF,
43,LMP2,44,104.629,GF,
43,LMP2,45,105.616,GF,
43,LMP2,46,105.429,GF,
43,LMP2,47,104.676,GF,
43,LMP2,48,104.92,GF,
43,LMP2,49,104.911,GF,
43,LMP2,50,104.82,GF,
43,LMP2,51,105.521,GF,
43,LMP2,52,104.157,GF,
43,LMP2,53,104.993,GF,
43,LMP2,54,104.352,GF,
43,LMP2,55,104.595,GF,
43,LMP2,56,105.386,GF,
43,LMP2,57,103.847,GF,
43,LMP2,58,104.286,GF,
43,LMP2,59,104.674,GF,
43,LMP2,60,103.89,GF,
43,LMP2,61,154.372,GF,
43,LMP2,62,123.6,GF,68.344
43,LMP2,63,105.521,GF,
43,LMP2,64,105.497,GF,
43,LMP2,65,105.186,GF,
43,LMP2,66,106.341,GF,
43,LMP2,67,105.086,GF,
43,LMP2,68,105.797,GF,
43,LMP2,69,105.706,GF,
43,LMP2,70,106.293,GF,
43,LMP2,71,105.625,GF,
43,LMP2,72,106.326,GF,
43,LMP2,73,105.02,GF,
43,LMP2,74,105.487,GF,
43,LMP2,75,105.6,GF,
43,LMP2,76,105.008,GF,
43,LMP2,77,105.424,GF,
43,LMP2,78,105.555,GF,
43,LMP2,79,163.871,GF,
43,LMP2,80,297.042,GF,58.369
43,LMP2,81,233.435,SF,56.496
43,LMP2,82,234.99,SF,
43,LMP2,83,226.092,SF,
43,LMP2,84,220.11,SF,
43,LMP2,85,163.375,GF,
43,LMP2,86,105.372,GF,
43,LMP2,87,104.499,GF,
43,LMP2,88,104.259,GF,
43,LMP2,89,103.515,GF,
43,LMP2,90,104.38,GF,
43,LMP2,91,103.773,GF,
43,LMP2,92,104.165,GF,
43,LMP2,93,104.569,GF,
43,LMP2,94,106.57,GF,
43,LMP2,95,156.353,GF,
43,LMP2,96,106.324,GF,
43,LMP2,97,105.814,GF,
43,LMP2,98,103.602,GF,
43,LMP2,99,103.569,GF,
43,LMP2,100,103.87,GF,
43,LMP2,101,104.601,GF,
43,LMP2,102,104.488,GF,
43,LMP2,103,130.264,FCY,
43,LMP2,104,160.022,GF,
43,LMP2,105,104.707,GF,
43,LMP2,106,152.182,GF,
43,LMP2,107,120.776,GF,64.575
43,LMP2,108,104.569,GF,
43,LMP2,109,105.335,GF,
43,LMP2,110,104.4,GF,
43,LMP2,111,107.394,GF,
43,LMP2,112,106.217,GF,
43,LMP2,113,105.349,GF,
43,LMP2,114,106.592,GF,
43,LMP2,115,104.93,FCY,
43,LMP2,116,177.613,GF,
43,LMP2,117,104.749,GF,
43,LMP2,118,104.195,GF,
43,LMP2,119,104.751,GF,
43,LMP2,120,105.218,GF,
43,LMP2,121,104.468,GF,
43,LMP2,122,105.159,GF,
43,LMP2,123,106.324,GF,
43,LMP2,124,106.372,GF,
43,LMP2,125,106.622,FF,
47,LMP2,1,111.324,GF,
47,LMP2,2,105.829,GF,
47,LMP2,3,106.041,GF,
47,LMP2,4,105.779,GF,
47,LMP2,5,104.961,GF,
47,LMP2,6,104.709,GF,
47,LMP2,7,108.296,GF,
47,LMP2,8,106.776,GF,
47,LMP2,9,108.573,GF,
47,LMP2,10,106.483,GF,
47,LMP2,11,105.593,GF,
47,LMP2,12,107.131,GF,
47,LMP2,13,105.831,GF,
47,LMP2,14,105.237,GF,
47,LMP2,15,104.874,GF,
47,LMP2,16,106.192,GF,
47,LMP2,17,106.143,GF,
47,LMP2,18,108.938,GF,
47,LMP2,19,106.049,GF,
47,LMP2,20,106.556,GF,
47,LMP2,21,112.994,GF,
47,LMP2,22,166.178,GF,66.928
47,LMP2,23,106.834,GF,
47,LMP2,24,108.027,GF,
47,LMP2,25,106.988,GF,
47,LMP2,26,106.122,GF,
47,LMP2,27,105.829,GF,
47,LMP2,28,106.03,GF,
47,LMP2,29,106.876,GF,
47,LMP2,30,106.104,GF,
47,LMP2,31,106.921,GF,
47,LMP2,32,107.69,GF,
47,LMP2,33,106.813,GF,
47,LMP2,34,107.551,GF,
47,LMP2,35,106.673,GF,
47,LMP2,36,109.763,GF,
47,LMP2,37,107.972,GF,
47,LMP2,38,107.662,GF,
47,LMP2,39,107.576,GF,
47,LMP2,40,107.426,GF,
47,LMP2,41,107.62,GF,
47,LMP2,42,107.418,GF,
47,LMP2,43,114.659,GF,
47,LMP2,44,188.518,GF,85.833
47,LMP2,45,104.812,GF,
47,LMP2,46,105.249,GF,
47,LMP2,47,105.073,GF,
47,LMP2,48,105.94,GF,
47,LMP2,49,104.439,GF,
47,LMP2,50,105.565,GF,
47,LMP2,51,105.45,GF,
47,LMP2,52,105.752,GF,
47,LMP2,53,104.503,GF,
47,LMP2,54,104.72,GF,
47,LMP2,55,103.884,GF,
47,LMP2,56,104.933,GF,
47,LMP2,57,103.631,GF,
47,LMP2,58,104.512,GF,
47,LMP2,59,105.254,GF,
47,LMP2,60,104.825,GF,
47,LMP2,61,105.772,GF,
47,LMP2,62,104.343,GF,
47,LMP2,63,103.978,GF,
47,LMP2,64,104.621,GF,
47,LMP2,65,105.743,GF,
47,LMP2,66,104.937,GF,
47,LMP2,67,111.757,GF,
47,LMP2,68,174.653,GF,75.889
47,LMP2,69,106.169,GF,
47,LMP2,70,103.75,GF,
47,LMP2,71,104.367,GF,
47,LMP2,72,104.015,GF,
47,LMP2,73,106.209,GF,
47,LMP2,74,105.325,GF,
47,LMP2,75,105.594,GF,
47,LMP2,76,105.54,GF,
47,LMP2,77,105.906,GF,
47,LMP2,78,105.624,GF,
47,LMP2,79,228.288,GF,
47,LMP2,80,305.133,GF,67.974
47,LMP2,81,146.749,SF,
47,LMP2,82,199.607,SF,
47,LMP2,83,222.223,SF,
47,LMP2,84,219.785,SF,
47,LMP2,85,157.884,GF,
47,LMP2,86,106.963,GF,
47,LMP2,87,104.758,GF,
47,LMP2,88,104.445,GF,
47,LMP2,89,104.707,GF,
47,LMP2,90,104.686,GF,
47,LMP2,91,104.823,GF,
47,LMP2,92,104.287,GF,
47,LMP2,93,103.859,GF,
47,LMP2,94,112.549,FCY,
47,LMP2,95,149.052,GF,
47,LMP2,96,105.401,GF,
47,LMP2,97,105.975,GF,
47,LMP2,98,104.296,GF,
47,LMP2,99,104.453,GF,
47,LMP2,100,104.243,GF,
47,LMP2,101,104.299,GF,
47,LMP2,102,104.54,GF,
47,LMP2,103,142.095,FCY,
47,LMP2,104,153.699,GF,
47,LMP2,105,171.605,GF,73.338
47,LMP2,106,104.743,GF,
47,LMP2,107,103.967,GF,
47,LMP2,108,104.505,GF,
47,LMP2,109,104.889,GF,
47,LMP2,110,105.55,GF,
47,LMP2,111,105.556,GF,
47,LMP2,112,105.794,GF,
47,LMP2,113,106.602,GF,
47,LMP2,114,105.86,GF,
47,LMP2,115,114.23,FCY,
47,LMP2,116,162.839,GF,
47,LMP2,117,104.97,GF,
47,LMP2,118,105.147,GF,
47,LMP2,119,104.511,GF,
47,LMP2,120,105.298,GF,
47,LMP2,121,105.664,GF,
47,LMP2,122,105.715,GF,
47,LMP2,123,106.508,GF,
47,LMP2,124,106.518,GF,
47,LMP2,125,108.215,FF,
5,LMP3,1,130.083,GF,
5,LMP3,2,117.36,GF,
5,LMP3,3,116.249,GF,
5,LMP3,4,116.006,GF,
5,LMP3,5,116.062,GF,
5,LMP3,6,115.891,GF,
5,LMP3,7,115.847,GF,
5,LMP3,8,115.787,GF,
5,LMP3,9,116.144,GF,
5,LMP3,10,130.842,GF,
5,LMP3,11,115.924,GF,
5,LMP3,12,115.534,GF,
5,LMP3,13,114.756,GF,
5,LMP3,14,114.906,GF,
5,LMP3,15,116.264,GF,
5,LMP3,16,115.181,GF,
5,LMP3,17,114.874,GF,
5,LMP3,18,116.208,GF,
5,LMP3,19,115.294,GF,
5,LMP3,20,114.756,GF,
5,LMP3,21,115.697,GF,
5,LMP3,22,115.043,GF,
5,LMP3,23,115.323,GF,
5,LMP3,24,115.803,GF,
5,LMP3,25,116.241,GF,
5,LMP3,26,119.199,GF,
5,LMP3,27,118.135,GF,
5,LMP3,28,118.315,GF,
5,LMP3,29,115.606,GF,
5,LMP3,30,257.725,GF,
5,LMP3,31,135.845,GF,160.413
5,LMP3,32,117.512,GF,
5,LMP3,33,117.247,GF,
5,LMP3,34,117.558,GF,
5,LMP3,35,117.086,GF,
5,LMP3,36,116.897,GF,
5,LMP3,37,117.232,GF,
5,LMP3,38,116.741,GF,
5,LMP3,39,116.754,GF,
5,LMP3,40,119.429,GF,
5,LMP3,41,118.119,GF,
5,LMP3,42,117.48,GF,
5,LMP3,43,116.669,GF,
5,LMP3,44,116.403,GF,
5,LMP3,45,116.9,GF,
5,LMP3,46,117.226,GF,
5,LMP3,47,130.534,GF,
5,LMP3,48,116.361,GF,
5,LMP3,49,117.064,GF,
5,LMP3,50,116.637,GF,
5,LMP3,51,118.925,GF,
5,LMP3,52,116.788,GF,
5,LMP3,53,117.367,GF,
5,LMP3,54,118.131,GF,
5,LMP3,55,116.95,GF,
5,LMP3,56,116.539,GF,
5,LMP3,57,251.122,GF,
5,LMP3,58,140.206,GF,151.861
5,LMP3,59,116.195,GF,
5,LMP3,60,115.375,GF,
5,LMP3,61,115.253,GF,
5,LMP3,62,114.753,GF,
5,LMP3,63,115.363,GF,
5,LMP3,64,116.284,GF,
5,LMP3,65,114.623,GF,
5,LMP3,66,114.758,GF,
5,LMP3,67,114.373,GF,
5,LMP3,68,115.415,GF,
5,LMP3,69,116.383,GF,
5,LMP3,70,115.047,GF,
5,LMP3,71,235.643,GF,
5,LMP3,72,258.808,GF,
5,LMP3,73,160.13,SF,
5,LMP3,74,215.164,SF,
5,LMP3,75,170.24,SF,
5,LMP3,76,124.063,SF,
5,LMP3,77,177.76,SF,
5,LMP3,78,155.883,GF,
5,LMP3,79,118.008,GF,
5,LMP3,80,114.922,GF,
5,LMP3,81,114.441,GF,
5,LMP3,82,114.515,GF,
5,LMP3,83,114.063,GF,
5,LMP3,84,114.784,GF,
5,LMP3,85,184.356,GF,
5,LMP3,86,192.129,GF,87.109
5,LMP3,87,115.9,GF,
5,LMP3,88,116.25,GF,
5,LMP3,89,113.772,GF,
5,LMP3,90,113.899,GF,
5,LMP3,91,116.107,GF,
5,LMP3,92,113.984,GF,
5,LMP3,93,113.746,GF,
5,LMP3,94,206.991,GF,
5,LMP3,95,114.093,GF,
5,LMP3,96,116.396,GF,
5,LMP3,97,114.926,GF,
5,LMP3,98,113.722,GF,
5,LMP3,99,114.405,GF,
5,LMP3,100,123.516,GF,
5,LMP3,101,113.897,GF,
5,LMP3,102,114.787,GF,
5,LMP3,103,114.564,GF,
5,LMP3,104,113.476,GF,
5,LMP3,105,135.982,FCY,
5,LMP3,106,151.687,GF,
5,LMP3,107,114.166,GF,
5,LMP3,108,116.712,GF,
5,LMP3,109,113.664,GF,
5,LMP3,110,114.965,GF,
5,LMP3,111,113.958,GF,
5,LMP3,112,113.022,GF,
5,LMP3,113,113.471,GF,
5,LMP3,114,113.335,GF,
5,LMP3,115,113.619,FF,
50,LMGT3,1,133.513,GF,
50,LMGT3,2,118.663,GF,
50,LMGT3,3,117.811,GF,
50,LMGT3,4,118.703,GF,
50,LMGT3,5,118.376,GF,
50,LMGT3,6,119.286,GF,
50,LMGT3,7,120.479,GF,
50,LMGT3,8,120.408,GF,
50,LMGT3,9,120.885,GF,
50,LMGT3,10,121.231,GF,
50,LMGT3,11,121.094,GF,
50,LMGT3,12,119.441,GF,
50,LMGT3,13,118.915,GF,
50,LMGT3,14,119.985,GF,
50,LMGT3,15,119.459,GF,
50,LMGT3,16,119.694,GF,
50,LMGT3,17,120.305,GF,
50,LMGT3,18,120.753,GF,
50,LMGT3,19,120.298,GF,
50,LMGT3,20,121.46,GF,
50,LMGT3,21,120.096,GF,
50,LMGT3,22,119.25,GF,
50,LMGT3,23,120.793,GF,
50,LMGT3,24,120.905,GF,
50,LMGT3,25,126.296,GF,
50,LMGT3,26,192.355,GF,81.157
50,LMGT3,27,122.148,GF,
50,LMGT3,28,121.608,GF,
50,LMGT3,29,119.976,GF,
50,LMGT3,30,120.556,GF,
50,LMGT3,31,121.676,GF,
50,LMGT3,32,120.235,GF,
50,LMGT3,33,120.626,GF,
50,LMGT3,34,121.949,GF,
50,LMGT3,35,120.99,GF,
50,LMGT3,36,120.345,GF,
50,LMGT3,37,121.408,GF,
50,LMGT3,38,121.549,GF,
50,LMGT3,39,120.883,GF,
50,LMGT3,40,121.253,GF,
50,LMGT3,41,120.949,GF,
50,LMGT3,42,120.892,GF,
50,LMGT3,43,120.645,GF,
50,LMGT3,44,120.983,GF,
50,LMGT3,45,128.573,GF,
50,LMGT3,46,193.597,GF,81.093
50,LMGT3,47,117.39,GF,
50,LMGT3,48,117.176,GF,
50,LMGT3,49,117.181,GF,
50,LMGT3,50,118.882,GF,
50,LMGT3,51,117.57,GF,
50,LMGT3,52,117.004,GF,
50,LMGT3,53,118.345,GF,
50,LMGT3,54,120.791,GF,
50,LMGT3,55,117.83,GF,
50,LMGT3,56,118.038,GF,
50,LMGT3,57,118.263,GF,
50,LMGT3,58,117.744,GF,
50,LMGT3,59,117.614,GF,
50,LMGT3,60,117.976,GF,
50,LMGT3,61,119.189,GF,
50,LMGT3,62,117.943,GF,
50,LMGT3,63,118.17,GF,
50,LMGT3,64,118.948,GF,
50,LMGT3,65,119.263,GF,
50,LMGT3,66,118.096,GF,
50,LMGT3,67,117.881,GF,
50,LMGT3,68,117.75,GF,
50,LMGT3,69,124.038,GF,
50,LMGT3,70,311.75,GF,82.564
50,LMGT3,71,260.046,GF,
50,LMGT3,72,158.227,SF,
50,LMGT3,73,212.682,SF,
50,LMGT3,74,226.071,SF,
50,LMGT3,75,220.102,SF,
50,LMGT3,76,165.644,GF,
50,LMGT3,77,170.406,GF,56.395
50,LMGT3,78,117.164,GF,
50,LMGT3,79,116.681,GF,
50,LMGT3,80,118.632,GF,
50,LMGT3,81,117.473,GF,
50,LMGT3,82,118.187,GF,
50,LMGT3,83,117.099,GF,
50,LMGT3,84,171.396,GF,
50,LMGT3,85,117.212,GF,
50,LMGT3,86,117.125,GF,
50,LMGT3,87,117.688,GF,
50,LMGT3,88,117.975,GF,
50,LMGT3,89,118.693,GF,
50,LMGT3,90,117.685,GF,
50,LMGT3,91,117.876,GF,
50,LMGT3,92,205.352,GF,
50,LMGT3,93,117.112,GF,
50,LMGT3,94,117.655,GF,
50,LMGT3,95,120.562,GF,
50,LMGT3,96,118.073,GF,
50,LMGT3,97,118.011,GF,
50,LMGT3,98,117.167,GF,
50,LMGT3,99,116.91,GF,
50,LMGT3,100,117.799,GF,
50,LMGT3,101,123.664,GF,
50,LMGT3,102,160.629,GF,51.161
50,LMGT3,103,193.685,GF,
50,LMGT3,104,118.107,GF,
50,LMGT3,105,117.93,GF,
50,LMGT3,106,117.736,GF,
50,LMGT3,107,117.932,GF,
50,LMGT3,108,119.316,GF,
50,LMGT3,109,117.463,GF,
50,LMGT3,110,117.345,GF,
50,LMGT3,111,118.019,GF,
50,LMGT3,112,117.978,FF,
51,LMGT3,1,136.042,GF,
51,LMGT3,2,120.827,GF,
51,LMGT3,3,119.016,GF,
51,LMGT3,4,119.992,GF,
51,LMGT3,5,119.144,GF,
51,LMGT3,6,118.606,GF,
51,LMGT3,7,120.69,GF,
51,LMGT3,8,120.37,GF,
51,LMGT3,9,118.658,GF,
51,LMGT3,10,119.312,GF,
51,LMGT3,11,118.612,GF,
51,LMGT3,12,119.198,GF,
51,LMGT3,13,118.925,GF,
51,LMGT3,14,120.806,GF,
51,LMGT3,15,119.513,GF,
51,LMGT3,16,119.745,GF,
51,LMGT3,17,119.606,GF,
51,LMGT3,18,120.185,GF,
51,LMGT3,19,119.172,GF,
51,LMGT3,20,123.01,GF,
51,LMGT3,21,120.014,GF,
51,LMGT3,22,119.575,GF,
51,LMGT3,23,120.108,GF,
51,LMGT3,24,121.965,GF,
51,LMGT3,25,125.998,GF,
51,LMGT3,26,182.594,GF,71.181
51,LMGT3,27,121.101,GF,
51,LMGT3,28,120.812,GF,
51,LMGT3,29,120.911,GF,
51,LMGT3,30,120.601,GF,
51,LMGT3,31,119.964,GF,
51,LMGT3,32,121.042,GF,
51,LMGT3,33,121.561,GF,
51,LMGT3,34,120.359,GF,
51,LMGT3,35,120.845,GF,
51,LMGT3,36,122.119,GF,
51,LMGT3,37,121.059,GF,
51,LMGT3,38,120.706,GF,
51,LMGT3,39,120.764,GF,
51,LMGT3,40,120.159,GF,
51,LMGT3,41,120.57,GF,
51,LMGT3,42,120.949,GF,
51,LMGT3,43,120.844,GF,
51,LMGT3,44,121.257,GF,
51,LMGT3,45,121.403,GF,
51,LMGT3,46,121.24,GF,
51,LMGT3,47,127.2,GF,
51,LMGT3,48,195.272,GF,84.689
51,LMGT3,49,119.158,GF,
51,LMGT3,50,118.131,GF,
51,LMGT3,51,117.592,GF,
51,LMGT3,52,117.614,GF,
51,LMGT3,53,118.415,GF,
51,LMGT3,54,118.072,GF,
51,LMGT3,55,118.242,GF,
51,LMGT3,56,118.609,GF,
51,LMGT3,57,119.388,GF,
51,LMGT3,58,118.008,GF,
51,LMGT3,59,118.347,GF,
51,LMGT3,60,118.634,GF,
51,LMGT3,61,118.624,GF,
51,LMGT3,62,118.43,GF,
51,LMGT3,63,118.327,GF,
51,LMGT3,64,118.624,GF,
51,LMGT3,65,119.666,GF,
51,LMGT3,66,119.014,GF,
51,LMGT3,67,119.034,GF,
51,LMGT3,68,118.913,GF,
51,LMGT3,69,119.643,GF,
51,LMGT3,70,139.73,GF,
51,LMGT3,71,329.596,GF,87.541
51,LMGT3,72,232.309,SF,
51,LMGT3,73,234.351,SF,
51,LMGT3,74,175.176,SF,
51,LMGT3,75,123.402,SF,
51,LMGT3,76,178.024,SF,
51,LMGT3,77,155.612,GF,
51,LMGT3,78,118.127,GF,
51,LMGT3,79,119.561,GF,
51,LMGT3,80,117.917,GF,
51,LMGT3,81,118.02,GF,
51,LMGT3,82,118.061,GF,
51,LMGT3,83,119.01,GF,
51,LMGT3,84,118.768,GF,
51,LMGT3,85,137.45,FCY,
51,LMGT3,86,147.314,GF,
51,LMGT3,87,118.38,GF,
51,LMGT3,88,118.098,GF,
51,LMGT3,89,118.283,GF,
51,LMGT3,90,118.435,GF,
51,LMGT3,91,119.128,GF,
51,LMGT3,92,125.224,GF,
51,LMGT3,93,268.831,GF,95.839
51,LMGT3,94,117.387,GF,
51,LMGT3,95,116.515,GF,
51,LMGT3,96,117.329,GF,
51,LMGT3,97,116.392,GF,
51,LMGT3,98,117.214,GF,
51,LMGT3,99,117.095,GF,
51,LMGT3,100,117.738,GF,
51,LMGT3,101,117.562,GF,
51,LMGT3,102,117.818,GF,
51,LMGT3,103,117.188,GF,
51,LMGT3,104,192.446,GF,
51,LMGT3,105,117.058,GF,
51,LMGT3,106,116.783,GF,
51,LMGT3,107,117.458,GF,
51,LMGT3,108,117.304,GF,
51,LMGT3,109,117.016,GF,
51,LMGT3,110,117.41,GF,
51,LMGT3,111,117.174,GF,
51,LMGT3,112,118.367,GF,
51,LMGT3,113,116.882,FF,
55,LMGT3,1,131.963,GF,
55,LMGT3,2,118.828,GF,
55,LMGT3,3,117.961,GF,
55,LMGT3,4,118.908,GF,
55,LMGT3,5,118.074,GF,
55,LMGT3,6,117.94,GF,
55,LMGT3,7,118.711,GF,
55,LMGT3,8,118.773,GF,
55,LMGT3,9,119.344,GF,
55,LMGT3,10,118.931,GF,
55,LMGT3,11,118.331,GF,
55,LMGT3,12,118.849,GF,
55,LMGT3,13,118.207,GF,
55,LMGT3,14,117.931,GF,
55,LMGT3,15,120.648,GF,
55,LMGT3,16,119.157,GF,
55,LMGT3,17,175.344,GF,
55,LMGT3,18,119.232,GF,
55,LMGT3,19,119.686,GF,
55,LMGT3,20,119.183,GF,
55,LMGT3,21,119.451,GF,
55,LMGT3,22,119.471,GF,
55,LMGT3,23,119.833,GF,
55,LMGT3,24,119.208,GF,
55,LMGT3,25,126.745,GF,
55,LMGT3,26,201.105,GF,89.474
55,LMGT3,27,116.627,GF,
55,LMGT3,28,116.942,GF,
55,LMGT3,29,116.272,GF,
55,LMGT3,30,117.177,GF,
55,LMGT3,31,117.304,GF,
55,LMGT3,32,119.14,GF,
55,LMGT3,33,118.545,GF,
55,LMGT3,34,116.707,GF,
55,LMGT3,35,117.711,GF,
55,LMGT3,36,118.644,GF,
55,LMGT3,37,117.599,GF,
55,LMGT3,38,117.599,GF,
55,LMGT3,39,117.471,GF,
55,LMGT3,40,117.311,GF,
55,LMGT3,41,117.898,GF,
55,LMGT3,42,118.591,GF,
55,LMGT3,43,117.061,GF,
55,LMGT3,44,117.208,GF,
55,LMGT3,45,117.543,GF,
55,LMGT3,46,117.216,GF,
55,LMGT3,47,117.663,GF,
55,LMGT3,48,116.566,GF,
55,LMGT3,49,117.783,GF,
55,LMGT3,50,124.429,GF,
55,LMGT3,51,204.606,GF,91.547
55,LMGT3,52,118.922,GF,
55,LMGT3,53,118.494,GF,
55,LMGT3,54,118.472,GF,
55,LMGT3,55,119.659,GF,
55,LMGT3,56,119.814,GF,
55,LMGT3,57,119.495,GF,
55,LMGT3,58,118.855,GF,
55,LMGT3,59,119.229,GF,
55,LMGT3,60,120.269,GF,
55,LMGT3,61,120.114,GF,
55,LMGT3,62,119.179,GF,
55,LMGT3,63,119.395,GF,
55,LMGT3,64,119.148,GF,
55,LMGT3,65,120.161,GF,
55,LMGT3,66,119.01,GF,
55,LMGT3,67,119.198,GF,
55,LMGT3,68,120.076,GF,
55,LMGT3,69,119.266,GF,
55,LMGT3,70,138.65,GF,
55,LMGT3,71,322.194,GF,80.591
55,LMGT3,72,238.638,SF,
55,LMGT3,73,234.276,SF,
55,LMGT3,74,174.751,SF,
55,LMGT3,75,123.77,SF,
55,LMGT3,76,177.418,SF,
55,LMGT3,77,155.132,GF,
55,LMGT3,78,118.051,GF,
55,LMGT3,79,116.793,GF,
55,LMGT3,80,116.714,GF,
55,LMGT3,81,117.436,GF,
55,LMGT3,82,117.352,GF,
55,LMGT3,83,117.082,GF,
55,LMGT3,84,119.77,GF,
55,LMGT3,85,125.795,FCY,
55,LMGT3,86,153.513,GF,
55,LMGT3,87,116.727,GF,
55,LMGT3,88,116.884,GF,
55,LMGT3,89,117.646,GF,
55,LMGT3,90,116.964,GF,
55,LMGT3,91,117.07,GF,
55,LMGT3,92,118.161,GF,
55,LMGT3,93,142.405,FCY,
55,LMGT3,94,164.725,GF,
55,LMGT3,95,123.358,GF,
55,LMGT3,96,171.807,GF,62.999
55,LMGT3,97,117.79,GF,
55,LMGT3,98,117.11,GF,
55,LMGT3,99,117.59,GF,
55,LMGT3,100,118.42,GF,
55,LMGT3,101,117.229,GF,
55,LMGT3,102,117.955,GF,
55,LMGT3,103,117.35,GF,
55,LMGT3,104,134.285,FCY,
55,LMGT3,105,159.626,GF,
55,LMGT3,106,117.634,GF,
55,LMGT3,107,118.07,GF,
55,LMGT3,108,117.931,GF,
55,LMGT3,109,117.899,GF,
55,LMGT3,110,117.062,GF,
55,LMGT3,111,117.228,GF,
55,LMGT3,112,117.651,GF,
55,LMGT3,113,118.79,FF,
57,LMGT3,1,133.999,GF,
57,LMGT3,2,118.545,GF,
57,LMGT3,3,117.694,GF,
57,LMGT3,4,118.99,GF,
57,LMGT3,5,118.288,GF,
57,LMGT3,6,119.552,GF,
57,LMGT3,7,118.548,GF,
57,LMGT3,8,120.265,GF,
57,LMGT3,9,118.779,GF,
57,LMGT3,10,118.526,GF,
57,LMGT3,11,119.055,GF,
57,LMGT3,12,120.177,GF,
57,LMGT3,13,118.848,GF,
57,LMGT3,14,119.157,GF,
57,LMGT3,15,119.089,GF,
57,LMGT3,16,119.145,GF,
57,LMGT3,17,119.668,GF,
57,LMGT3,18,119.247,GF,
57,LMGT3,19,118.876,GF,
57,LMGT3,20,120.396,GF,
57,LMGT3,21,119.038,GF,
57,LMGT3,22,118.318,GF,
57,LMGT3,23,118.342,GF,
57,LMGT3,24,119.33,GF,
57,LMGT3,25,117.923,GF,
57,LMGT3,26,185.561,GF,
57,LMGT3,27,137.657,GF,85.292
57,LMGT3,28,119.053,GF,
57,LMGT3,29,120.065,GF,
57,LMGT3,30,119.026,GF,
57,LMGT3,31,119.121,GF,
57,LMGT3,32,119.663,GF,
57,LMGT3,33,119.582,GF,
57,LMGT3,34,119.225,GF,
57,LMGT3,35,119.824,GF,
57,LMGT3,36,119.399,GF,
57,LMGT3,37,118.945,GF,
57,LMGT3,38,120.579,GF,
57,LMGT3,39,120.236,GF,
57,LMGT3,40,120.082,GF,
57,LMGT3,41,119.516,GF,
57,LMGT3,42,118.823,GF,
57,LMGT3,43,119.456,GF,
57,LMGT3,44,120.006,GF,
57,LMGT3,45,118.932,GF,
57,LMGT3,46,119.066,GF,
57,LMGT3,47,206.881,GF,
59,LMGT3,1,134.704,GF,
59,LMGT3,2,118.532,GF,
59,LMGT3,3,118.805,GF,
59,LMGT3,4,117.872,GF,
59,LMGT3,5,118.111,GF,
59,LMGT3,6,119.56,GF,
59,LMGT3,7,119.67,GF,
59,LMGT3,8,120.255,GF,
59,LMGT3,9,119.569,GF,
59,LMGT3,10,118.068,GF,
59,LMGT3,11,117.482,GF,
59,LMGT3,12,120.324,GF,
59,LMGT3,13,119.289,GF,
59,LMGT3,14,118.504,GF,
59,LMGT3,15,119.069,GF,
59,LMGT3,16,119.331,GF,
59,LMGT3,17,120.226,GF,
59,LMGT3,18,118.783,GF,
59,LMGT3,19,118.824,GF,
59,LMGT3,20,121.003,GF,
59,LMGT3,21,118.965,GF,
59,LMGT3,22,119.371,GF,
59,LMGT3,23,120.844,GF,
59,LMGT3,24,119.417,GF,
59,LMGT3,25,118.462,GF,
59,LMGT3,26,196.636,GF,
59,LMGT3,27,141.62,GF,94.252
59,LMGT3,28,119.458,GF,
59,LMGT3,29,119.431,GF,
59,LMGT3,30,120.057,GF,
59,LMGT3,31,119.564,GF,
59,LMGT3,32,118.575,GF,
59,LMGT3,33,118.224,GF,
59,LMGT3,34,118.615,GF,
59,LMGT3,35,119.524,GF,
59,LMGT3,36,119.036,GF,
59,LMGT3,37,119.55,GF,
59,LMGT3,38,118.514,GF,
59,LMGT3,39,120.665,GF,
59,LMGT3,40,118.723,GF,
59,LMGT3,41,119.666,GF,
59,LMGT3,42,119.245,GF,
59,LMGT3,43,119.644,GF,
59,LMGT3,44,120.489,GF,
59,LMGT3,45,120.209,GF,
59,LMGT3,46,120.449,GF,
59,LMGT3,47,121.257,GF,
59,LMGT3,48,120.332,GF,
59,LMGT3,49,192.44,GF,
59,LMGT3,50,136.165,GF,90.506
59,LMGT3,51,117.271,GF,
59,LMGT3,52,117.193,GF,
59,LMGT3,53,116.732,GF,
59,LMGT3,54,116.578,GF,
59,LMGT3,55,117.525,GF,
59,LMGT3,56,117.947,GF,
59,LMGT3,57,116.938,GF,
59,LMGT3,58,117.147,GF,
59,LMGT3,59,117.299,GF,
59,LMGT3,60,117.129,GF,
59,LMGT3,61,117.272,GF,
59,LMGT3,62,117.593,GF,
59,LMGT3,63,117.29,GF,
59,LMGT3,64,117.898,GF,
59,LMGT3,65,117.131,GF,
59,LMGT3,66,117.431,GF,
59,LMGT3,67,117.398,GF,
59,LMGT3,68,117.037,GF,
59,LMGT3,69,118.377,GF,
59,LMGT3,70,118.756,GF,
59,LMGT3,71,318.236,GF,
59,LMGT3,72,253.3,SF,89.105
59,LMGT3,73,122.99,SF,
59,LMGT3,74,177.907,SF,
59,LMGT3,75,221.555,SF,
59,LMGT3,76,220.999,SF,
59,LMGT3,77,154.299,GF,
59,LMGT3,78,117.167,GF,
59,LMGT3,79,117.715,GF,
59,LMGT3,80,117.434,GF,
59,LMGT3,81,117.297,GF,
59,LMGT3,82,116.911,GF,
59,LMGT3,83,117.017,GF,
59,LMGT3,84,117.771,GF,
59,LMGT3,85,125.342,FCY,
59,LMGT3,86,157.266,GF,
59,LMGT3,87,117.776,GF,
59,LMGT3,88,117.77,GF,
59,LMGT3,89,117.316,GF,
59,LMGT3,90,118.48,GF,
59,LMGT3,91,117.937,GF,
59,LMGT3,92,117.216,GF,
59,LMGT3,93,143.041,FCY,
59,LMGT3,94,232.598,GF,
59,LMGT3,95,136.139,GF,85.647
59,LMGT3,96,118.716,GF,
59,LMGT3,97,118.085,GF,
59,LMGT3,98,116.828,GF,
59,LMGT3,99,116.722,GF,
59,LMGT3,100,117.772,GF,
59,LMGT3,101,117.821,GF,
59,LMGT3,102,117.437,GF,
59,LMGT3,103,117.573,GF,
59,LMGT3,104,155.7,FCY,
59,LMGT3,105,138.074,GF,
59,LMGT3,106,117.227,GF,
59,LMGT3,107,117.236,GF,
59,LMGT3,108,117.234,GF,
59,LMGT3,109,117.177,GF,
59,LMGT3,110,117.538,GF,
59,LMGT3,111,117.44,GF,
59,LMGT3,112,117.297,GF,
59,LMGT3,113,118.221,FF,
60,LMGT3,1,137.23,GF,
60,LMGT3,2,120.502,GF,
60,LMGT3,3,119.62,GF,
60,LMGT3,4,119.272,GF,
60,LMGT3,5,119.122,GF,
60,LMGT3,6,120.983,GF,
60,LMGT3,7,121.627,GF,
60,LMGT3,8,119.935,GF,
60,LMGT3,9,119.726,GF,
60,LMGT3,10,120.184,GF,
60,LMGT3,11,119.925,GF,
60,LMGT3,12,119.556,GF,
60,LMGT3,13,120.276,GF,
60,LMGT3,14,120.581,GF,
60,LMGT3,15,121.222,GF,
60,LMGT3,16,121.173,GF,
60,LMGT3,17,120.296,GF,
60,LMGT3,18,121.093,GF,
60,LMGT3,19,119.95,GF,
60,LMGT3,20,122.03,GF,
60,LMGT3,21,122.621,GF,
60,LMGT3,22,120.514,GF,
60,LMGT3,23,120.969,GF,
60,LMGT3,24,121.302,GF,
60,LMGT3,25,122.021,GF,
60,LMGT3,26,130.991,GF,
60,LMGT3,27,202.926,GF,88.274
60,LMGT3,28,117.604,GF,
60,LMGT3,29,116.647,GF,
60,LMGT3,30,118.463,GF,
60,LMGT3,31,116.85,GF,
60,LMGT3,32,120.203,GF,
60,LMGT3,33,117.447,GF,
60,LMGT3,34,116.745,GF,
60,LMGT3,35,117.938,GF,
60,LMGT3,36,117.242,GF,
60,LMGT3,37,117.312,GF,
60,LMGT3,38,117.475,GF,
60,LMGT3,39,118.357,GF,
60,LMGT3,40,117.283,GF,
60,LMGT3,41,117.256,GF,
60,LMGT3,42,117.778,GF,
60,LMGT3,43,117.174,GF,
60,LMGT3,44,116.94,GF,
60,LMGT3,45,150.29,GF,
60,LMGT3,46,118.072,GF,
60,LMGT3,47,118.187,GF,
60,LMGT3,48,117.695,GF,
60,LMGT3,49,117.514,GF,
60,LMGT3,50,117.557,GF,
60,LMGT3,51,123.876,GF,
60,LMGT3,52,211.564,GF,89.656
60,LMGT3,53,125.465,GF,
60,LMGT3,54,122.139,GF,
60,LMGT3,55,121.837,GF,
60,LMGT3,56,120.377,GF,
60,LMGT3,57,120.818,GF,
60,LMGT3,58,120.91,GF,
60,LMGT3,59,121.122,GF,
60,LMGT3,60,121.37,GF,
60,LMGT3,61,119.947,GF,
60,LMGT3,62,121.167,GF,
60,LMGT3,63,120.478,GF,
60,LMGT3,64,120.814,GF,
60,LMGT3,65,120.363,GF,
60,LMGT3,66,120.982,GF,
60,LMGT3,67,120.292,GF,
60,LMGT3,68,120.84,GF,
60,LMGT3,69,120.913,GF,
60,LMGT3,70,227.806,GF,
60,LMGT3,71,259.417,GF,
60,LMGT3,72,202.866,SF,77.855
60,LMGT3,73,196.533,SF,
60,LMGT3,74,221.755,SF,
60,LMGT3,75,220.038,SF,
60,LMGT3,76,158.003,GF,
60,LMGT3,77,118.589,GF,
60,LMGT3,78,118.064,GF,
60,LMGT3,79,117.424,GF,
60,LMGT3,80,116.895,GF,
60,LMGT3,81,117.609,GF,
60,LMGT3,82,116.998,GF,
60,LMGT3,83,116.999,GF,
60,LMGT3,84,118.962,FCY,
60,LMGT3,85,164.259,GF,
60,LMGT3,86,117.397,GF,
60,LMGT3,87,119.974,GF,
60,LMGT3,88,117.923,GF,
60,LMGT3,89,117.665,GF,
60,LMGT3,90,123.756,GF,
60,LMGT3,91,184.368,GF,74.011
60,LMGT3,92,207.433,GF,
60,LMGT3,93,116.437,GF,
60,LMGT3,94,117.784,GF,
60,LMGT3,95,117.731,GF,
60,LMGT3,96,117.067,GF,
60,LMGT3,97,116.861,GF,
60,LMGT3,98,116.351,GF,
60,LMGT3,99,116.306,GF,
60,LMGT3,100,117.85,GF,
60,LMGT3,101,116.387,GF,
60,LMGT3,102,116.981,GF,
60,LMGT3,103,153.581,FCY,
60,LMGT3,104,141.027,GF,
60,LMGT3,105,115.885,GF,
60,LMGT3,106,116.165,GF,
60,LMGT3,107,116.268,GF,
60,LMGT3,108,116.223,GF,
60,LMGT3,109,115.966,GF,
60,LMGT3,110,117.039,GF,
60,LMGT3,111,116.516,GF,
60,LMGT3,112,116.89,FF,
63,LMGT3,1,133.038,GF,
63,LMGT3,2,118.547,GF,
63,LMGT3,3,117.476,GF,
63,LMGT3,4,119.084,GF,
63,LMGT3,5,117.875,GF,
63,LMGT3,6,118.035,GF,
63,LMGT3,7,120.076,GF,
63,LMGT3,8,119.013,GF,
63,LMGT3,9,118.597,GF,
63,LMGT3,10,118.543,GF,
63,LMGT3,11,117.76,GF,
63,LMGT3,12,119.518,GF,
63,LMGT3,13,117.648,GF,
63,LMGT3,14,117.973,GF,
63,LMGT3,15,119.5,GF,
63,LMGT3,16,118.902,GF,
63,LMGT3,17,121.032,GF,
63,LMGT3,18,118.781,GF,
63,LMGT3,19,119.857,GF,
63,LMGT3,20,118.91,GF,
63,LMGT3,21,119.394,GF,
63,LMGT3,22,118.815,GF,
63,LMGT3,23,121.243,GF,
63,LMGT3,24,120.016,GF,
63,LMGT3,25,118.583,GF,
63,LMGT3,26,125.311,GF,
63,LMGT3,27,208.57,GF,92.955
63,LMGT3,28,119.787,GF,
63,LMGT3,29,118.077,GF,
63,LMGT3,30,118.066,GF,
63,LMGT3,31,117.768,GF,
63,LMGT3,32,118.92,GF,
63,LMGT3,33,117.893,GF,
63,LMGT3,34,118.193,GF,
63,LMGT3,35,118.184,GF,
63,LMGT3,36,120.478,GF,
63,LMGT3,37,118.217,GF,
63,LMGT3,38,119.21,GF,
63,LMGT3,39,118.236,GF,
63,LMGT3,40,121.315,GF,
63,LMGT3,41,118.787,GF,
63,LMGT3,42,118.971,GF,
63,LMGT3,43,119.928,GF,
63,LMGT3,44,119.986,GF,
63,LMGT3,45,118.909,GF,
63,LMGT3,46,119.725,GF,
63,LMGT3,47,119.071,GF,
63,LMGT3,48,120.103,GF,
63,LMGT3,49,119.941,GF,
63,LMGT3,50,120.372,GF,
63,LMGT3,51,128.404,GF,
63,LMGT3,52,198.796,GF,86.947
63,LMGT3,53,117.636,GF,
63,LMGT3,54,117.239,GF,
63,LMGT3,55,117.289,GF,
63,LMGT3,56,117.237,GF,
63,LMGT3,57,117.513,GF,
63,LMGT3,58,116.882,GF,
63,LMGT3,59,117.271,GF,
63,LMGT3,60,117.332,GF,
63,LMGT3,61,117.241,GF,
63,LMGT3,62,117.526,GF,
63,LMGT3,63,118.079,GF,
63,LMGT3,64,117.14,GF,
63,LMGT3,65,117.646,GF,
63,LMGT3,66,117.426,GF,
63,LMGT3,67,117.73,GF,
63,LMGT3,68,117.357,GF,
63,LMGT3,69,119.501,GF,
63,LMGT3,70,118.367,GF,
63,LMGT3,71,233.371,GF,
63,LMGT3,72,318.242,SF,79.98
63,LMGT3,73,138.736,SF,
63,LMGT3,74,192.591,SF,
63,LMGT3,75,221.165,SF,
63,LMGT3,76,220.905,SF,
63,LMGT3,77,156.64,GF,
63,LMGT3,78,118.634,GF,
63,LMGT3,79,117.726,GF,
63,LMGT3,80,117.211,GF,
63,LMGT3,81,117.213,GF,
63,LMGT3,82,117.174,GF,
63,LMGT3,83,117.187,GF,
63,LMGT3,84,116.989,GF,
63,LMGT3,85,122.094,FCY,
63,LMGT3,86,161.783,GF,
63,LMGT3,87,117.038,GF,
63,LMGT3,88,117.483,GF,
63,LMGT3,89,117.131,GF,
63,LMGT3,90,117.011,GF,
63,LMGT3,91,117.227,GF,
63,LMGT3,92,117.074,GF,
63,LMGT3,93,137.986,FCY,
63,LMGT3,94,179.94,GF,
63,LMGT3,95,185.49,GF,74.896
63,LMGT3,96,117.776,GF,
63,LMGT3,97,117.814,GF,
63,LMGT3,98,117.149,GF,
63,LMGT3,99,117.896,GF,
63,LMGT3,100,117.357,GF,
63,LMGT3,101,117.413,GF,
63,LMGT3,102,117.089,GF,
63,LMGT3,103,117.188,GF,
63,LMGT3,104,141.48,FCY,
63,LMGT3,105,152.008,GF,
63,LMGT3,106,117.986,GF,
63,LMGT3,107,117.253,GF,
63,LMGT3,108,116.483,GF,
63,LMGT3,109,116.828,GF,
63,LMGT3,110,116.556,GF,
63,LMGT3,111,116.713,GF,
63,LMGT3,112,117.332,GF,
63,LMGT3,113,117.58,FF,
65,LMP2,1,113.472,GF,
65,LMP2,2,107.034,GF,
65,LMP2,3,105.168,GF,
65,LMP2,4,105.496,GF,
65,LMP2,5,106.725,GF,
65,LMP2,6,104.591,GF,
65,LMP2,7,105.692,GF,
65,LMP2,8,106.59,GF,
65,LMP2,9,109.866,GF,
65,LMP2,10,106.635,GF,
65,LMP2,11,106.531,GF,
65,LMP2,12,105.288,GF,
65,LMP2,13,109.43,GF,
65,LMP2,14,106.016,GF,
65,LMP2,15,105.751,GF,
65,LMP2,16,105.561,GF,
65,LMP2,17,107.645,GF,
65,LMP2,18,108.033,GF,
65,LMP2,19,105.961,GF,
65,LMP2,20,104.797,GF,
65,LMP2,21,105.129,GF,
65,LMP2,22,159.825,GF,
65,LMP2,23,122.953,GF,72.395
65,LMP2,24,107.312,GF,
65,LMP2,25,106.523,GF,
65,LMP2,26,107.272,GF,
65,LMP2,27,105.557,GF,
65,LMP2,28,104.965,GF,
65,LMP2,29,105.278,GF,
65,LMP2,30,106.98,GF,
65,LMP2,31,105.213,GF,
65,LMP2,32,107.402,GF,
65,LMP2,33,106.318,GF,
65,LMP2,34,107.902,GF,
65,LMP2,35,106.499,GF,
65,LMP2,36,106.724,GF,
65,LMP2,37,106.145,GF,
65,LMP2,38,105.628,GF,
65,LMP2,39,105.767,GF,
65,LMP2,40,105.509,GF,
65,LMP2,41,105.063,GF,
65,LMP2,42,107.517,GF,
65,LMP2,43,107.158,GF,
65,LMP2,44,105.255,GF,
65,LMP2,45,107.696,GF,
65,LMP2,46,192.403,GF,
65,LMP2,47,127.322,GF,102.892
65,LMP2,48,106.35,GF,
65,LMP2,49,105.412,GF,
65,LMP2,50,105.226,GF,
65,LMP2,51,106.541,GF,
65,LMP2,52,105.803,GF,
65,LMP2,53,105.364,GF,
65,LMP2,54,104.343,GF,
65,LMP2,55,105.052,GF,
65,LMP2,56,105.129,GF,
65,LMP2,57,104.272,GF,
65,LMP2,58,105.015,GF,
65,LMP2,59,104.526,GF,
65,LMP2,60,105.275,GF,
65,LMP2,61,104.466,GF,
65,LMP2,62,105.691,GF,
65,LMP2,63,107.529,GF,
65,LMP2,64,105.098,GF,
65,LMP2,65,149.611,GF,
65,LMP2,66,120.678,GF,63.344
65,LMP2,67,106.361,GF,
65,LMP2,68,106.579,GF,
65,LMP2,69,105.552,GF,
65,LMP2,70,104.57,GF,
65,LMP2,71,105.068,GF,
65,LMP2,72,104.623,GF,
65,LMP2,73,104.606,GF,
65,LMP2,74,106.016,GF,
65,LMP2,75,105.093,GF,
65,LMP2,76,105.305,GF,
65,LMP2,77,104.826,GF,
65,LMP2,78,105.764,GF,
65,LMP2,79,273.631,GF,
65,LMP2,80,261.982,SF,61.703
65,LMP2,81,144.92,SF,
65,LMP2,82,196.861,SF,
65,LMP2,83,222.158,SF,
65,LMP2,84,220.386,SF,
65,LMP2,85,157.109,GF,
65,LMP2,86,106.513,GF,
65,LMP2,87,105.392,GF,
65,LMP2,88,105.086,GF,
65,LMP2,89,151.333,GF,
65,LMP2,90,125.354,GF,64.622
65,LMP2,91,107.693,GF,
65,LMP2,92,105.231,GF,
65,LMP2,93,104.234,GF,
65,LMP2,94,165.988,GF,
65,LMP2,95,103.984,GF,
65,LMP2,96,103.89,GF,
65,LMP2,97,103.551,GF,
65,LMP2,98,103.373,GF,
65,LMP2,99,104.278,GF,
65,LMP2,100,104.562,GF,
65,LMP2,101,106.234,GF,
65,LMP2,102,122.263,FCY,
65,LMP2,103,178.412,GF,
65,LMP2,104,104.037,GF,
65,LMP2,105,106.152,GF,
65,LMP2,106,105.386,GF,
65,LMP2,107,104.585,GF,
65,LMP2,108,103.84,GF,
65,LMP2,109,104.088,GF,
65,LMP2,110,104.559,GF,
65,LMP2,111,104.724,GF,
65,LMP2,112,106.16,GF,
65,LMP2,113,140.79,GF,
65,LMP2,114,120.522,GF,52.619
65,LMP2,115,184.77,GF,
65,LMP2,116,104.032,GF,
65,LMP2,117,103.98,GF,
65,LMP2,118,103.459,GF,
65,LMP2,119,104.199,GF,
65,LMP2,120,105.881,GF,
65,LMP2,121,105.31,GF,
65,LMP2,122,104.215,GF,
65,LMP2,123,105.67,GF,
65,LMP2,124,105.65,GF,
65,LMP2,125,104.069,FF,
66,LMGT3,1,138.011,GF,
66,LMGT3,2,121.293,GF,
66,LMGT3,3,122.379,GF,
66,LMGT3,4,121.654,GF,
66,LMGT3,5,121.93,GF,
66,LMGT3,6,125.737,GF,
66,LMGT3,7,124.167,GF,
66,LMGT3,8,123.446,GF,
66,LMGT3,9,123.514,GF,
66,LMGT3,10,122.674,GF,
66,LMGT3,11,123.51,GF,
66,LMGT3,12,123.808,GF,
66,LMGT3,13,125.856,GF,
66,LMGT3,14,126.442,GF,
66,LMGT3,15,123.35,GF,
66,LMGT3,16,122.646,GF,
66,LMGT3,17,124.641,GF,
66,LMGT3,18,125.493,GF,
66,LMGT3,19,122.477,GF,
66,LMGT3,20,122.237,GF,
66,LMGT3,21,124.119,GF,
66,LMGT3,22,122.887,GF,
66,LMGT3,23,123.303,GF,
66,LMGT3,24,122.45,GF,
66,LMGT3,25,132.269,GF,
66,LMGT3,26,215.468,GF,93.953
66,LMGT3,27,122.763,GF,
66,LMGT3,28,120.897,GF,
66,LMGT3,29,124.265,GF,
66,LMGT3,30,124.226,GF,
66,LMGT3,31,122.672,GF,
66,LMGT3,32,123.389,GF,
66,LMGT3,33,122.047,GF,
66,LMGT3,34,121.221,GF,
66,LMGT3,35,124.437,GF,
66,LMGT3,36,122.917,GF,
66,LMGT3,37,122.185,GF,
66,LMGT3,38,123.96,GF,
66,LMGT3,39,122.797,GF,
66,LMGT3,40,121.351,GF,
66,LMGT3,41,122.112,GF,
66,LMGT3,42,124.066,GF,
66,LMGT3,43,121.664,GF,
66,LMGT3,44,123.43,GF,
66,LMGT3,45,121.755,GF,
66,LMGT3,46,121.255,GF,
66,LMGT3,47,121.271,GF,
66,LMGT3,48,122.136,GF,
66,LMGT3,49,133.505,GF,
66,LMGT3,50,203.36,GF,91.773
66,LMGT3,51,117.388,GF,
66,LMGT3,52,117.039,GF,
66,LMGT3,53,116.994,GF,
66,LMGT3,54,116.932,GF,
66,LMGT3,55,118.103,GF,
66,LMGT3,56,118.658,GF,
66,LMGT3,57,118.243,GF,
66,LMGT3,58,117.153,GF,
66,LMGT3,59,117.54,GF,
66,LMGT3,60,117.664,GF,
66,LMGT3,61,118.407,GF,
66,LMGT3,62,117.239,GF,
66,LMGT3,63,117.836,GF,
66,LMGT3,64,118.183,GF,
66,LMGT3,65,117.812,GF,
66,LMGT3,66,117.479,GF,
66,LMGT3,67,118.849,GF,
66,LMGT3,68,117.873,GF,
66,LMGT3,69,215.694,GF,
66,LMGT3,70,326.673,GF,83.895
66,LMGT3,71,150.536,SF,
66,LMGT3,72,205.942,SF,
66,LMGT3,73,226.156,SF,
66,LMGT3,74,220.066,SF,
66,LMGT3,75,159.688,GF,
66,LMGT3,76,117.747,GF,
66,LMGT3,77,117.623,GF,
66,LMGT3,78,118.293,GF,
66,LMGT3,79,118.475,GF,
66,LMGT3,80,116.801,GF,
66,LMGT3,81,118.006,GF,
66,LMGT3,82,118.122,GF,
66,LMGT3,83,121.022,FCY,
66,LMGT3,84,162.463,GF,
66,LMGT3,85,117.075,GF,
66,LMGT3,86,120.166,GF,
66,LMGT3,87,118.129,GF,
66,LMGT3,88,118.48,GF,
66,LMGT3,89,118.167,GF,
66,LMGT3,90,119.463,GF,
66,LMGT3,91,146.905,FCY,
66,LMGT3,92,161.824,GF,
66,LMGT3,93,117.072,GF,
66,LMGT3,94,117.912,GF,
66,LMGT3,95,118.209,GF,
66,LMGT3,96,123.191,GF,
66,LMGT3,97,189.658,GF,78.938
66,LMGT3,98,116.589,GF,
66,LMGT3,99,116.185,GF,
66,LMGT3,100,116.597,GF,
66,LMGT3,101,117.144,GF,
66,LMGT3,102,146.545,FCY,
66,LMGT3,103,148.654,GF,
66,LMGT3,104,116.619,GF,
66,LMGT3,105,116.559,GF,
66,LMGT3,106,116.348,GF,
66,LMGT3,107,116.738,GF,
66,LMGT3,108,116.672,GF,
66,LMGT3,109,118.0,GF,
66,LMGT3,110,119.044,GF,
66,LMGT3,111,116.787,FF,
77,LMP2 Pro/Am,1,114.902,GF,
77,LMP2 Pro/Am,2,109.124,GF,
77,LMP2 Pro/Am,3,106.592,GF,
77,LMP2 Pro/Am,4,105.929,GF,
77,LMP2 Pro/Am,5,105.901,GF,
77,LMP2 Pro/Am,6,105.348,GF,
77,LMP2 Pro/Am,7,105.331,GF,
77,LMP2 Pro/Am,8,106.996,GF,
77,LMP2 Pro/Am,9,108.218,GF,
77,LMP2 Pro/Am,10,108.898,GF,
77,LMP2 Pro/Am,11,107.223,GF,
77,LMP2 Pro/Am,12,105.759,GF,
77,LMP2 Pro/Am,13,106.548,GF,
77,LMP2 Pro/Am,14,105.795,GF,
77,LMP2 Pro/Am,15,106.169,GF,
77,LMP2 Pro/Am,16,106.369,GF,
77,LMP2 Pro/Am,17,106.846,GF,
77,LMP2 Pro/Am,18,106.701,GF,
77,LMP2 Pro/Am,19,109.316,GF,
77,LMP2 Pro/Am,20,106.028,GF,
77,LMP2 Pro/Am,21,114.527,GF,
77,LMP2 Pro/Am,22,168.074,GF,69.357
77,LMP2 Pro/Am,23,107.771,GF,
77,LMP2 Pro/Am,24,109.533,GF,
77,LMP2 Pro/Am,25,109.786,GF,
77,LMP2 Pro/Am,26,109.206,GF,
77,LMP2 Pro/Am,27,105.862,GF,
77,LMP2 Pro/Am,28,109.294,GF,
77,LMP2 Pro/Am,29,106.011,GF,
77,LMP2 Pro/Am,30,106.397,GF,
77,LMP2 Pro/Am,31,105.958,GF,
77,LMP2 Pro/Am,32,106.596,GF,
77,LMP2 Pro/Am,33,105.631,GF,
77,LMP2 Pro/Am,34,107.776,GF,
77,LMP2 Pro/Am,35,107.051,GF,
77,LMP2 Pro/Am,36,106.975,GF,
77,LMP2 Pro/Am,37,107.497,GF,
77,LMP2 Pro/Am,38,106.78,GF,
77,LMP2 Pro/Am,39,114.018,GF,
77,LMP2 Pro/Am,40,186.038,GF,81.784
77,LMP2 Pro/Am,41,105.571,GF,
77,LMP2 Pro/Am,42,105.73,GF,
77,LMP2 Pro/Am,43,105.794,GF,
77,LMP2 Pro/Am,44,104.826,GF,
77,LMP2 Pro/Am,45,104.801,GF,
77,LMP2 Pro/Am,46,104.54,GF,
77,LMP2 Pro/Am,47,105.807,GF,
77,LMP2 Pro/Am,48,105.475,GF,
77,LMP2 Pro/Am,49,104.989,GF,
77,LMP2 Pro/Am,50,106.041,GF,
77,LMP2 Pro/Am,51,104.958,GF,
77,LMP2 Pro/Am,52,105.576,GF,
77,LMP2 Pro/Am,53,105.125,GF,
77,LMP2 Pro/Am,54,105.819,GF,
77,LMP2 Pro/Am,55,105.556,GF,
77,LMP2 Pro/Am,56,112.586,GF,
77,LMP2 Pro/Am,57,122.126,GF,24.734
77,LMP2 Pro/Am,58,104.214,GF,
77,LMP2 Pro/Am,59,104.699,GF,
77,LMP2 Pro/Am,60,105.092,GF,
77,LMP2 Pro/Am,61,106.707,GF,
77,LMP2 Pro/Am,62,104.877,GF,
77,LMP2 Pro/Am,63,111.569,GF,
77,LMP2 Pro/Am,64,168.85,GF,71.401
77,LMP2 Pro/Am,65,106.732,GF,
77,LMP2 Pro/Am,66,105.297,GF,
77,LMP2 Pro/Am,67,106.181,GF,
77,LMP2 Pro/Am,68,105.276,GF,
77,LMP2 Pro/Am,69,106.909,GF,
77,LMP2 Pro/Am,70,105.67,GF,
77,LMP2 Pro/Am,71,105.291,GF,
77,LMP2 Pro/Am,72,105.108,GF,
77,LMP2 Pro/Am,73,105.491,GF,
77,LMP2 Pro/Am,74,105.541,GF,
77,LMP2 Pro/Am,75,105.128,GF,
77,LMP2 Pro/Am,76,107.65,GF,
77,LMP2 Pro/Am,77,108.284,GF,
77,LMP2 Pro/Am,78,128.705,GF,
77,LMP2 Pro/Am,79,315.691,GF,76.82
77,LMP2 Pro/Am,80,242.094,SF,
77,LMP2 Pro/Am,81,233.943,SF,
77,LMP2 Pro/Am,82,174.863,SF,
77,LMP2 Pro/Am,83,123.351,SF,
77,LMP2 Pro/Am,84,177.349,SF,
77,LMP2 Pro/Am,85,152.256,GF,
77,LMP2 Pro/Am,86,107.773,GF,
77,LMP2 Pro/Am,87,105.15,GF,
77,LMP2 Pro/Am,88,103.804,GF,
77,LMP2 Pro/Am,89,103.727,GF,
77,LMP2 Pro/Am,90,104.165,GF,
77,LMP2 Pro/Am,91,104.269,GF,
77,LMP2 Pro/Am,92,104.172,GF,
77,LMP2 Pro/Am,93,104.367,GF,
77,LMP2 Pro/Am,94,113.252,FCY,
77,LMP2 Pro/Am,95,145.613,GF,
77,LMP2 Pro/Am,96,105.657,GF,
77,LMP2 Pro/Am,97,106.486,GF,
77,LMP2 Pro/Am,98,105.751,GF,
77,LMP2 Pro/Am,99,105.039,GF,
77,LMP2 Pro/Am,100,104.419,GF,
77,LMP2 Pro/Am,101,104.945,GF,
77,LMP2 Pro/Am,102,105.346,GF,
77,LMP2 Pro/Am,103,164.754,FCY,
77,LMP2 Pro/Am,104,133.327,GF,
77,LMP2 Pro/Am,105,113.294,GF,
77,LMP2 Pro/Am,106,178.969,GF,78.963
77,LMP2 Pro/Am,107,106.027,GF,
77,LMP2 Pro/Am,108,105.212,GF,
77,LMP2 Pro/Am,109,105.724,GF,
77,LMP2 Pro/Am,110,104.834,GF,
77,LMP2 Pro/Am,111,104.832,GF,
77,LMP2 Pro/Am,112,104.889,GF,
77,LMP2 Pro/Am,113,107.134,GF,
77,LMP2 Pro/Am,114,105.233,GF,
77,LMP2 Pro/Am,115,154.12,FCY,
77,LMP2 Pro/Am,116,125.299,GF,
77,LMP2 Pro/Am,117,106.682,GF,
77,LMP2 Pro/Am,118,107.875,GF,
77,LMP2 Pro/Am,119,105.613,GF,
77,LMP2 Pro/Am,120,106.115,GF,
77,LMP2 Pro/Am,121,105.92,GF,
77,LMP2 Pro/Am,122,105.421,GF,
77,LMP2 Pro/Am,123,105.345,GF,
77,LMP2 Pro/Am,124,104.795,GF,
77,LMP2 Pro/Am,125,105.53,FF,
8,LMP3,1,125.349,GF,
8,LMP3,2,115.745,GF,
8,LMP3,3,113.578,GF,
8,LMP3,4,114.69,GF,
8,LMP3,5,113.854,GF,
8,LMP3,6,113.368,GF,
8,LMP3,7,113.242,GF,
8,LMP3,8,112.985,GF,
8,LMP3,9,112.83,GF,
8,LMP3,10,113.459,GF,
8,LMP3,11,113.913,GF,
8,LMP3,12,115.192,GF,
8,LMP3,13,114.359,GF,
8,LMP3,14,114.927,GF,
8,LMP3,15,114.196,GF,
8,LMP3,16,113.765,GF,
8,LMP3,17,113.343,GF,
8,LMP3,18,113.796,GF,
8,LMP3,19,114.474,GF,
8,LMP3,20,113.317,GF,
8,LMP3,21,115.534,GF,
8,LMP3,22,114.389,GF,
8,LMP3,23,114.758,GF,
8,LMP3,24,115.157,GF,
8,LMP3,25,114.738,GF,
8,LMP3,26,113.663,GF,
8,LMP3,27,114.071,GF,
8,LMP3,28,113.413,GF,
8,LMP3,29,115.011,GF,
8,LMP3,30,113.643,GF,
8,LMP3,31,116.568,GF,
8,LMP3,32,203.21,GF,
8,LMP3,33,132.821,GF,107.45
8,LMP3,34,114.583,GF,
8,LMP3,35,115.113,GF,
8,LMP3,36,115.26,GF,
8,LMP3,37,113.897,GF,
8,LMP3,38,113.319,GF,
8,LMP3,39,113.158,GF,
8,LMP3,40,113.346,GF,
8,LMP3,41,113.583,GF,
8,LMP3,42,115.596,GF,
8,LMP3,43,115.166,GF,
8,LMP3,44,113.54,GF,
8,LMP3,45,115.992,GF,
8,LMP3,46,115.0,GF,
8,LMP3,47,113.953,GF,
8,LMP3,48,114.53,GF,
8,LMP3,49,125.918,GF,
8,LMP3,50,113.651,GF,
8,LMP3,51,113.743,GF,
8,LMP3,52,117.085,GF,
8,LMP3,53,114.968,GF,
8,LMP3,54,113.865,GF,
8,LMP3,55,114.205,GF,
8,LMP3,56,114.928,GF,
8,LMP3,57,169.083,GF,
8,LMP3,58,132.788,GF,73.159
8,LMP3,59,114.477,GF,
8,LMP3,60,115.08,GF,
8,LMP3,61,114.91,GF,
8,LMP3,62,114.114,GF,
8,LMP3,63,117.425,GF,
8,LMP3,64,114.105,GF,
8,LMP3,65,114.61,GF,
8,LMP3,66,113.831,GF,
8,LMP3,67,114.295,GF,
8,LMP3,68,114.308,GF,
8,LMP3,69,123.912,GF,
8,LMP3,70,115.018,GF,
8,LMP3,71,114.198,GF,
8,LMP3,72,115.319,GF,
8,LMP3,73,440.164,GF,
8,LMP3,74,243.64,SF,317.915
8,LMP3,75,234.274,SF,
8,LMP3,76,174.325,SF,
8,LMP3,77,124.227,SF,
8,LMP3,78,177.376,SF,
8,LMP3,79,154.521,GF,
8,LMP3,80,113.922,GF,
8,LMP3,81,113.779,GF,
8,LMP3,82,113.464,GF,
8,LMP3,83,113.285,GF,
8,LMP3,84,113.609,GF,
8,LMP3,85,113.374,GF,
8,LMP3,86,113.131,GF,
8,LMP3,87,113.494,GF,
8,LMP3,88,166.844,GF,
8,LMP3,89,113.865,GF,
8,LMP3,90,114.163,GF,
8,LMP3,91,114.404,GF,
8,LMP3,92,113.427,GF,
8,LMP3,93,114.124,GF,
8,LMP3,94,113.535,GF,
8,LMP3,95,113.333,GF,
8,LMP3,96,204.363,GF,
8,LMP3,97,113.222,GF,
8,LMP3,98,113.39,GF,
8,LMP3,99,116.091,GF,
8,LMP3,100,115.061,GF,
8,LMP3,101,113.293,GF,
8,LMP3,102,113.336,GF,
8,LMP3,103,113.582,GF,
8,LMP3,104,113.156,GF,
8,LMP3,105,113.16,GF,
8,LMP3,106,113.159,GF,
8,LMP3,107,113.453,FCY,
8,LMP3,108,282.827,GF,
8,LMP3,109,130.324,GF,118.056
8,LMP3,110,113.298,GF,
8,LMP3,111,112.52,GF,
8,LMP3,112,112.548,GF,
8,LMP3,113,113.052,GF,
8,LMP3,114,112.2,GF,
8,LMP3,115,112.326,GF,
8,LMP3,116,112.183,FF,
83,LMP2 Pro/Am,1,136.816,GF,
83,LMP2 Pro/Am,2,110.968,GF,
83,LMP2 Pro/Am,3,110.737,GF,
83,LMP2 Pro/Am,4,106.567,GF,
83,LMP2 Pro/Am,5,109.229,GF,
83,LMP2 Pro/Am,6,106.746,GF,
83,LMP2 Pro/Am,7,107.351,GF,
83,LMP2 Pro/Am,8,106.697,GF,
83,LMP2 Pro/Am,9,106.691,GF,
83,LMP2 Pro/Am,10,107.616,GF,
83,LMP2 Pro/Am,11,106.887,GF,
83,LMP2 Pro/Am,12,109.059,GF,
83,LMP2 Pro/Am,13,109.542,GF,
83,LMP2 Pro/Am,14,108.398,GF,
83,LMP2 Pro/Am,15,106.894,GF,
83,LMP2 Pro/Am,16,106.131,GF,
83,LMP2 Pro/Am,17,107.285,GF,
83,LMP2 Pro/Am,18,106.765,GF,
83,LMP2 Pro/Am,19,108.08,GF,
83,LMP2 Pro/Am,20,105.658,GF,
83,LMP2 Pro/Am,21,106.74,GF,
83,LMP2 Pro/Am,22,117.391,GF,
83,LMP2 Pro/Am,23,158.895,GF,59.492
83,LMP2 Pro/Am,24,107.979,GF,
83,LMP2 Pro/Am,25,107.279,GF,
83,LMP2 Pro/Am,26,107.935,GF,
83,LMP2 Pro/Am,27,107.109,GF,
83,LMP2 Pro/Am,28,108.255,GF,
83,LMP2 Pro/Am,29,106.689,GF,
83,LMP2 Pro/Am,30,111.733,GF,
83,LMP2 Pro/Am,31,110.812,GF,
83,LMP2 Pro/Am,32,108.522,GF,
83,LMP2 Pro/Am,33,109.473,GF,
83,LMP2 Pro/Am,34,108.727,GF,
83,LMP2 Pro/Am,35,108.732,GF,
83,LMP2 Pro/Am,36,106.439,GF,
83,LMP2 Pro/Am,37,106.456,GF,
83,LMP2 Pro/Am,38,107.049,GF,
83,LMP2 Pro/Am,39,107.73,GF,
83,LMP2 Pro/Am,40,113.917,GF,
83,LMP2 Pro/Am,41,186.14,GF,83.218
83,LMP2 Pro/Am,42,106.905,GF,
83,LMP2 Pro/Am,43,105.684,GF,
83,LMP2 Pro/Am,44,106.414,GF,
83,LMP2 Pro/Am,45,105.942,GF,
83,LMP2 Pro/Am,46,106.211,GF,
83,LMP2 Pro/Am,47,104.577,GF,
83,LMP2 Pro/Am,48,103.693,GF,
83,LMP2 Pro/Am,49,103.385,GF,
83,LMP2 Pro/Am,50,104.941,GF,
83,LMP2 Pro/Am,51,103.946,GF,
83,LMP2 Pro/Am,52,103.677,GF,
83,LMP2 Pro/Am,53,104.882,GF,
83,LMP2 Pro/Am,54,104.084,GF,
83,LMP2 Pro/Am,55,103.571,GF,
83,LMP2 Pro/Am,56,105.645,GF,
83,LMP2 Pro/Am,57,103.943,GF,
83,LMP2 Pro/Am,58,103.826,GF,
83,LMP2 Pro/Am,59,104.064,GF,
83,LMP2 Pro/Am,60,103.194,GF,
83,LMP2 Pro/Am,61,104.245,GF,
83,LMP2 Pro/Am,62,106.409,GF,
83,LMP2 Pro/Am,63,106.075,GF,
83,LMP2 Pro/Am,64,111.461,GF,
83,LMP2 Pro/Am,65,164.576,GF,67.896
83,LMP2 Pro/Am,66,104.508,GF,
83,LMP2 Pro/Am,67,105.069,GF,
83,LMP2 Pro/Am,68,106.694,GF,
83,LMP2 Pro/Am,69,104.664,GF,
83,LMP2 Pro/Am,70,105.552,GF,
83,LMP2 Pro/Am,71,107.441,GF,
83,LMP2 Pro/Am,72,105.363,GF,
83,LMP2 Pro/Am,73,104.815,GF,
83,LMP2 Pro/Am,74,104.98,GF,
83,LMP2 Pro/Am,75,106.196,GF,
83,LMP2 Pro/Am,76,104.967,GF,
83,LMP2 Pro/Am,77,106.62,GF,
83,LMP2 Pro/Am,78,133.22,GF,
83,LMP2 Pro/Am,79,257.799,GF,
83,LMP2 Pro/Am,80,296.485,SF,78.664
83,LMP2 Pro/Am,81,234.292,SF,
83,LMP2 Pro/Am,82,174.773,SF,
83,LMP2 Pro/Am,83,123.707,SF,
83,LMP2 Pro/Am,84,177.967,SF,
83,LMP2 Pro/Am,85,153.42,GF,
83,LMP2 Pro/Am,86,107.885,GF,
83,LMP2 Pro/Am,87,105.126,GF,
83,LMP2 Pro/Am,88,102.781,GF,
83,LMP2 Pro/Am,89,103.477,GF,
83,LMP2 Pro/Am,90,103.322,GF,
83,LMP2 Pro/Am,91,104.508,GF,
83,LMP2 Pro/Am,92,103.999,GF,
83,LMP2 Pro/Am,93,103.768,GF,
83,LMP2 Pro/Am,94,115.013,FCY,
83,LMP2 Pro/Am,95,144.253,GF,
83,LMP2 Pro/Am,96,105.614,GF,
83,LMP2 Pro/Am,97,105.071,GF,
83,LMP2 Pro/Am,98,105.198,GF,
83,LMP2 Pro/Am,99,105.403,GF,
83,LMP2 Pro/Am,100,104.559,GF,
83,LMP2 Pro/Am,101,104.414,GF,
83,LMP2 Pro/Am,102,105.325,GF,
83,LMP2 Pro/Am,103,167.791,FCY,
83,LMP2 Pro/Am,104,129.498,GF,
83,LMP2 Pro/Am,105,104.712,GF,
83,LMP2 Pro/Am,106,113.507,GF,
83,LMP2 Pro/Am,107,158.958,GF,63.022
83,LMP2 Pro/Am,108,104.564,GF,
83,LMP2 Pro/Am,109,104.499,GF,
83,LMP2 Pro/Am,110,105.499,GF,
83,LMP2 Pro/Am,111,104.901,GF,
83,LMP2 Pro/Am,112,107.873,GF,
83,LMP2 Pro/Am,113,109.388,GF,
83,LMP2 Pro/Am,114,110.682,GF,
83,LMP2 Pro/Am,115,139.111,FCY,
83,LMP2 Pro/Am,116,144.588,GF,
83,LMP2 Pro/Am,117,109.062,GF,
83,LMP2 Pro/Am,118,109.717,GF,
83,LMP2 Pro/Am,119,108.302,GF,
83,LMP2 Pro/Am,120,108.423,GF,
83,LMP2 Pro/Am,121,108.064,GF,
83,LMP2 Pro/Am,122,108.185,GF,
83,LMP2 Pro/Am,123,108.559,GF,
83,LMP2 Pro/Am,124,109.016,GF,
83,LMP2 Pro/Am,125,109.085,FF,
85,LMGT3,1,132.313,GF,
85,LMGT3,2,117.649,GF,
85,LMGT3,3,117.065,GF,
85,LMGT3,4,117.269,GF,
85,LMGT3,5,117.282,GF,
85,LMGT3,6,117.287,GF,
85,LMGT3,7,117.155,GF,
85,LMGT3,8,117.99,GF,
85,LMGT3,9,119.505,GF,
85,LMGT3,10,118.7,GF,
85,LMGT3,11,118.585,GF,
85,LMGT3,12,117.567,GF,
85,LMGT3,13,118.58,GF,
85,LMGT3,14,116.978,GF,
85,LMGT3,15,116.986,GF,
85,LMGT3,16,117.651,GF,
85,LMGT3,17,118.116,GF,
85,LMGT3,18,119.133,GF,
85,LMGT3,19,118.191,GF,
85,LMGT3,20,118.336,GF,
85,LMGT3,21,117.931,GF,
85,LMGT3,22,119.314,GF,
85,LMGT3,23,118.162,GF,
85,LMGT3,24,118.382,GF,
85,LMGT3,25,125.562,GF,
85,LMGT3,26,202.22,GF,88.433
85,LMGT3,27,118.033,GF,
85,LMGT3,28,118.033,GF,
85,LMGT3,29,117.914,GF,
85,LMGT3,30,117.427,GF,
85,LMGT3,31,117.634,GF,
85,LMGT3,32,117.648,GF,
85,LMGT3,33,117.338,GF,
85,LMGT3,34,117.446,GF,
85,LMGT3,35,118.9,GF,
85,LMGT3,36,117.44,GF,
85,LMGT3,37,117.261,GF,
85,LMGT3,38,117.898,GF,
85,LMGT3,39,119.44,GF,
85,LMGT3,40,119.316,GF,
85,LMGT3,41,117.913,GF,
85,LMGT3,42,117.84,GF,
85,LMGT3,43,118.084,GF,
85,LMGT3,44,117.969,GF,
85,LMGT3,45,118.401,GF,
85,LMGT3,46,118.781,GF,
85,LMGT3,47,118.637,GF,
85,LMGT3,48,117.966,GF,
85,LMGT3,49,117.897,GF,
85,LMGT3,50,125.062,GF,
85,LMGT3,51,202.526,GF,87.369
85,LMGT3,52,118.413,GF,
85,LMGT3,53,117.473,GF,
85,LMGT3,54,117.148,GF,
85,LMGT3,55,117.137,GF,
85,LMGT3,56,117.013,GF,
85,LMGT3,57,118.283,GF,
85,LMGT3,58,117.452,GF,
85,LMGT3,59,117.807,GF,
85,LMGT3,60,116.872,GF,
85,LMGT3,61,117.413,GF,
85,LMGT3,62,117.033,GF,
85,LMGT3,63,117.138,GF,
85,LMGT3,64,116.914,GF,
85,LMGT3,65,117.046,GF,
85,LMGT3,66,118.478,GF,
85,LMGT3,67,117.646,GF,
85,LMGT3,68,117.015,GF,
85,LMGT3,69,117.106,GF,
85,LMGT3,70,118.584,GF,
85,LMGT3,71,149.1,GF,
85,LMGT3,72,257.868,GF,
85,LMGT3,73,284.783,SF,85.33
85,LMGT3,74,230.72,SF,
85,LMGT3,75,226.22,SF,
85,LMGT3,76,219.887,SF,
85,LMGT3,77,163.861,GF,
85,LMGT3,78,117.443,GF,
85,LMGT3,79,118.055,GF,
85,LMGT3,80,117.406,GF,
85,LMGT3,81,117.221,GF,
85,LMGT3,82,117.997,GF,
85,LMGT3,83,117.793,GF,
85,LMGT3,84,116.913,GF,
85,LMGT3,85,117.549,GF,
85,LMGT3,86,167.607,GF,
85,LMGT3,87,118.232,GF,
85,LMGT3,88,117.051,GF,
85,LMGT3,89,117.206,GF,
85,LMGT3,90,117.136,GF,
85,LMGT3,91,117.75,GF,
85,LMGT3,92,123.619,GF,
85,LMGT3,93,275.703,GF,73.985
85,LMGT3,94,118.034,GF,
85,LMGT3,95,119.225,GF,
85,LMGT3,96,118.296,GF,
85,LMGT3,97,118.414,GF,
85,LMGT3,98,116.884,GF,
85,LMGT3,99,116.858,GF,
85,LMGT3,100,117.999,GF,
85,LMGT3,101,117.39,GF,
85,LMGT3,102,117.82,GF,
85,LMGT3,103,117.797,GF,
85,LMGT3,104,160.111,FCY,
85,LMGT3,105,135.393,GF,
85,LMGT3,106,116.655,GF,
85,LMGT3,107,117.152,GF,
85,LMGT3,108,117.246,GF,
85,LMGT3,109,116.926,GF,
85,LMGT3,110,116.729,GF,
85,LMGT3,111,117.705,GF,
85,LMGT3,112,116.945,GF,
85,LMGT3,113,118.316,FF,
86,LMGT3,1,135.758,GF,
86,LMGT3,2,120.361,GF,
86,LMGT3,3,119.193,GF,
86,LMGT3,4,118.581,GF,
86,LMGT3,5,118.572,GF,
86,LMGT3,6,118.433,GF,
86,LMGT3,7,120.415,GF,
86,LMGT3,8,119.71,GF,
86,LMGT3,9,119.517,GF,
86,LMGT3,10,119.079,GF,
86,LMGT3,11,120.659,GF,
86,LMGT3,12,118.772,GF,
86,LMGT3,13,118.471,GF,
86,LMGT3,14,118.806,GF,
86,LMGT3,15,119.983,GF,
86,LMGT3,16,120.11,GF,
86,LMGT3,17,119.735,GF,
86,LMGT3,18,119.399,GF,
86,LMGT3,19,119.143,GF,
86,LMGT3,20,119.0,GF,
86,LMGT3,21,118.937,GF,
86,LMGT3,22,119.295,GF,
86,LMGT3,23,119.326,GF,
86,LMGT3,24,118.851,GF,
86,LMGT3,25,119.159,GF,
86,LMGT3,26,126.359,GF,
86,LMGT3,27,214.891,GF,100.956
86,LMGT3,28,119.844,GF,
86,LMGT3,29,119.765,GF,
86,LMGT3,30,119.069,GF,
86,LMGT3,31,119.524,GF,
86,LMGT3,32,119.949,GF,
86,LMGT3,33,119.13,GF,
86,LMGT3,34,121.177,GF,
86,LMGT3,35,119.342,GF,
86,LMGT3,36,118.891,GF,
86,LMGT3,37,119.55,GF,
86,LMGT3,38,120.463,GF,
86,LMGT3,39,120.65,GF,
86,LMGT3,40,120.534,GF,
86,LMGT3,41,120.44,GF,
86,LMGT3,42,120.371,GF,
86,LMGT3,43,119.225,GF,
86,LMGT3,44,120.114,GF,
86,LMGT3,45,120.684,GF,
86,LMGT3,46,127.295,GF,
86,LMGT3,47,199.306,GF,88.602
86,LMGT3,48,117.03,GF,
86,LMGT3,49,118.287,GF,
86,LMGT3,50,116.643,GF,
86,LMGT3,51,117.122,GF,
86,LMGT3,52,116.544,GF,
86,LMGT3,53,116.893,GF,
86,LMGT3,54,116.959,GF,
86,LMGT3,55,117.123,GF,
86,LMGT3,56,117.204,GF,
86,LMGT3,57,117.474,GF,
86,LMGT3,58,116.7,GF,
86,LMGT3,59,116.888,GF,
86,LMGT3,60,117.381,GF,
86,LMGT3,61,117.676,GF,
86,LMGT3,62,117.665,GF,
86,LMGT3,63,118.578,GF,
86,LMGT3,64,118.962,GF,
86,LMGT3,65,117.625,GF,
86,LMGT3,66,117.292,GF,
86,LMGT3,67,117.466,GF,
86,LMGT3,68,117.934,GF,
86,LMGT3,69,117.886,GF,
86,LMGT3,70,125.539,GF,
86,LMGT3,71,336.271,GF,93.579
86,LMGT3,72,258.426,SF,
86,LMGT3,73,233.454,SF,
86,LMGT3,74,174.889,SF,
86,LMGT3,75,118.802,SF,
86,LMGT3,76,182.021,SF,
86,LMGT3,77,153.905,GF,
86,LMGT3,78,117.543,GF,
86,LMGT3,79,117.351,GF,
86,LMGT3,80,117.044,GF,
86,LMGT3,81,116.499,GF,
86,LMGT3,82,116.66,GF,
86,LMGT3,83,117.221,GF,
86,LMGT3,84,117.275,GF,
86,LMGT3,85,125.41,FCY,
86,LMGT3,86,156.34,GF,
86,LMGT3,87,117.638,GF,
86,LMGT3,88,117.803,GF,
86,LMGT3,89,117.613,GF,
86,LMGT3,90,118.84,GF,
86,LMGT3,91,123.647,GF,
86,LMGT3,92,168.242,GF,59.109
86,LMGT3,93,204.691,GF,
86,LMGT3,94,117.725,GF,
86,LMGT3,95,118.32,GF,
86,LMGT3,96,117.861,GF,
86,LMGT3,97,118.366,GF,
86,LMGT3,98,117.706,GF,
86,LMGT3,99,117.452,GF,
86,LMGT3,100,117.772,GF,
86,LMGT3,101,118.918,GF,
86,LMGT3,102,117.628,GF,
86,LMGT3,103,117.935,GF,
86,LMGT3,104,143.481,FCY,
86,LMGT3,105,151.363,GF,
86,LMGT3,106,117.15,GF,
86,LMGT3,107,117.236,GF,
86,LMGT3,108,117.109,GF,
86,LMGT3,109,117.108,GF,
86,LMGT3,110,116.993,GF,
86,LMGT3,111,118.067,GF,
86,LMGT3,112,124.554,GF,
86,LMGT3,113,134.261,FF,25.245
88,LMP3,1,126.341,GF,
88,LMP3,2,126.315,GF,
88,LMP3,3,123.604,GF,
88,LMP3,4,115.255,GF,
88,LMP3,5,116.968,GF,
88,LMP3,6,116.225,GF,
88,LMP3,7,115.584,GF,
88,LMP3,8,115.312,GF,
88,LMP3,9,118.104,GF,
88,LMP3,10,116.133,GF,
88,LMP3,11,115.47,GF,
88,LMP3,12,115.196,GF,
88,LMP3,13,114.653,GF,
88,LMP3,14,114.9,GF,
88,LMP3,15,115.49,GF,
88,LMP3,16,115.049,GF,
88,LMP3,17,115.244,GF,
88,LMP3,18,115.878,GF,
88,LMP3,19,115.5,GF,
88,LMP3,20,114.527,GF,
88,LMP3,21,114.611,GF,
88,LMP3,22,114.248,GF,
88,LMP3,23,114.517,GF,
88,LMP3,24,114.391,GF,
88,LMP3,25,115.463,GF,
88,LMP3,26,115.971,GF,
88,LMP3,27,114.354,GF,
88,LMP3,28,114.901,GF,
88,LMP3,29,114.952,GF,
88,LMP3,30,159.221,GF,
88,LMP3,31,132.43,GF,62.612
88,LMP3,32,115.419,GF,
88,LMP3,33,115.698,GF,
88,LMP3,34,115.744,GF,
88,LMP3,35,115.75,GF,
88,LMP3,36,115.391,GF,
88,LMP3,37,115.37,GF,
88,LMP3,38,114.779,GF,
88,LMP3,39,115.948,GF,
88,LMP3,40,115.585,GF,
88,LMP3,41,115.674,GF,
88,LMP3,42,115.134,GF,
88,LMP3,43,115.822,GF,
88,LMP3,44,115.381,GF,
88,LMP3,45,116.743,GF,
88,LMP3,46,115.634,GF,
88,LMP3,47,115.656,GF,
88,LMP3,48,115.571,GF,
88,LMP3,49,116.363,GF,
88,LMP3,50,115.85,GF,
88,LMP3,51,115.616,GF,
88,LMP3,52,115.603,GF,
88,LMP3,53,115.56,GF,
88,LMP3,54,115.183,GF,
88,LMP3,55,115.582,GF,
88,LMP3,56,117.157,GF,
88,LMP3,57,123.417,GF,
88,LMP3,58,116.646,GF,
88,LMP3,59,220.728,GF,
88,LMP3,60,131.593,GF,124.273
88,LMP3,61,114.542,GF,
88,LMP3,62,115.377,GF,
88,LMP3,63,113.47,GF,
88,LMP3,64,113.744,GF,
88,LMP3,65,113.556,GF,
88,LMP3,66,114.938,GF,
88,LMP3,67,114.702,GF,
88,LMP3,68,113.2,GF,
88,LMP3,69,114.348,GF,
9,LMP2,1,110.002,GF,
9,LMP2,2,105.656,GF,
9,LMP2,3,106.72,GF,
9,LMP2,4,105.823,GF,
9,LMP2,5,104.988,GF,
9,LMP2,6,105.514,GF,
9,LMP2,7,107.108,GF,
9,LMP2,8,106.859,GF,
9,LMP2,9,108.697,GF,
9,LMP2,10,106.496,GF,
9,LMP2,11,105.128,GF,
9,LMP2,12,105.798,GF,
9,LMP2,13,105.768,GF,
9,LMP2,14,106.046,GF,
9,LMP2,15,104.541,GF,
9,LMP2,16,105.501,GF,
9,LMP2,17,105.55,GF,
9,LMP2,18,105.378,GF,
9,LMP2,19,104.783,GF,
9,LMP2,20,104.192,GF,
9,LMP2,21,113.93,GF,
9,LMP2,22,167.548,GF,69.09
9,LMP2,23,107.271,GF,
9,LMP2,24,105.706,GF,
9,LMP2,25,107.383,GF,
9,LMP2,26,105.46,GF,
9,LMP2,27,105.445,GF,
9,LMP2,28,106.812,GF,
9,LMP2,29,105.731,GF,
9,LMP2,30,106.144,GF,
9,LMP2,31,108.939,GF,
9,LMP2,32,106.137,GF,
9,LMP2,33,106.636,GF,
9,LMP2,34,108.24,GF,
9,LMP2,35,106.664,GF,
9,LMP2,36,106.998,GF,
9,LMP2,37,114.12,GF,
9,LMP2,38,121.871,GF,24.869
9,LMP2,39,106.253,GF,
9,LMP2,40,106.714,GF,
9,LMP2,41,106.211,GF,
9,LMP2,42,112.586,GF,
9,LMP2,43,191.51,GF,89.487
9,LMP2,44,105.588,GF,
9,LMP2,45,104.288,GF,
9,LMP2,46,104.749,GF,
9,LMP2,47,104.826,GF,
9,LMP2,48,105.079,GF,
9,LMP2,49,104.758,GF,
9,LMP2,50,105.369,GF,
9,LMP2,51,105.199,GF,
9,LMP2,52,105.621,GF,
9,LMP2,53,106.433,GF,
9,LMP2,54,105.287,GF,
9,LMP2,55,104.377,GF,
9,LMP2,56,104.114,GF,
9,LMP2,57,104.665,GF,
9,LMP2,58,105.184,GF,
9,LMP2,59,106.044,GF,
9,LMP2,60,104.021,GF,
9,LMP2,61,105.705,GF,
9,LMP2,62,104.65,GF,
9,LMP2,63,103.913,GF,
9,LMP2,64,104.066,GF,
9,LMP2,65,104.788,GF,
9,LMP2,66,111.894,GF,
9,LMP2,67,166.394,GF,70.065
9,LMP2,68,105.577,GF,
9,LMP2,69,105.207,GF,
9,LMP2,70,105.013,GF,
9,LMP2,71,105.049,GF,
9,LMP2,72,104.676,GF,
9,LMP2,73,107.854,GF,
9,LMP2,74,105.358,GF,
9,LMP2,75,105.41,GF,
9,LMP2,76,105.314,GF,
9,LMP2,77,105.725,GF,
9,LMP2,78,105.355,GF,
9,LMP2,79,226.273,GF,
9,LMP2,80,315.741,SF,78.121
9,LMP2,81,145.125,SF,
9,LMP2,82,196.629,SF,
9,LMP2,83,221.932,SF,
9,LMP2,84,220.522,SF,
9,LMP2,85,157.038,GF,
9,LMP2,86,106.63,GF,
9,LMP2,87,104.509,GF,
9,LMP2,88,104.583,GF,
9,LMP2,89,104.463,GF,
9,LMP2,90,111.26,GF,
9,LMP2,91,120.353,GF,24.883
9,LMP2,92,104.905,GF,
9,LMP2,93,103.456,GF,
9,LMP2,94,125.382,FCY,
9,LMP2,95,132.24,GF,
9,LMP2,96,105.707,GF,
9,LMP2,97,104.173,GF,
9,LMP2,98,104.714,GF,
9,LMP2,99,105.289,GF,
9,LMP2,100,103.855,GF,
9,LMP2,101,104.065,GF,
9,LMP2,102,104.045,GF,
9,LMP2,103,187.26,FCY,
9,LMP2,104,120.375,GF,
9,LMP2,105,166.643,GF,69.79
9,LMP2,106,106.79,GF,
9,LMP2,107,105.095,GF,
9,LMP2,108,106.139,GF,
9,LMP2,109,112.314,GF,
9,LMP2,110,158.632,GF,57.083
9,LMP2,111,105.87,GF,
9,LMP2,112,104.864,GF,
9,LMP2,113,103.865,GF,
9,LMP2,114,103.919,GF,
9,LMP2,115,178.958,GF,
9,LMP2,116,103.895,GF,
9,LMP2,117,103.438,GF,
9,LMP2,118,104.956,GF,
9,LMP2,119,104.73,GF,
9,LMP2,120,104.856,GF,
9,LMP2,121,105.073,GF,
9,LMP2,122,103.823,GF,
9,LMP2,123,104.246,GF,
9,LMP2,124,105.032,GF,
9,LMP2,125,106.626,FF,
97,LMGT3,1,135.639,GF,
97,LMGT3,2,119.66,GF,
97,LMGT3,3,118.646,GF,
97,LMGT3,4,118.68,GF,
97,LMGT3,5,118.759,GF,
97,LMGT3,6,118.438,GF,
97,LMGT3,7,119.34,GF,
97,LMGT3,8,119.524,GF,
97,LMGT3,9,120.242,GF,
97,LMGT3,10,120.107,GF,
97,LMGT3,11,119.339,GF,
97,LMGT3,12,118.985,GF,
97,LMGT3,13,118.837,GF,
97,LMGT3,14,119.742,GF,
97,LMGT3,15,120.349,GF,
97,LMGT3,16,120.999,GF,
97,LMGT3,17,120.007,GF,
97,LMGT3,18,120.754,GF,
97,LMGT3,19,119.96,GF,
97,LMGT3,20,120.411,GF,
97,LMGT3,21,119.721,GF,
97,LMGT3,22,119.402,GF,
97,LMGT3,23,120.957,GF,
97,LMGT3,24,119.687,GF,
97,LMGT3,25,120.053,GF,
97,LMGT3,26,198.498,GF,
97,LMGT3,27,141.483,GF,94.211
97,LMGT3,28,119.79,GF,
97,LMGT3,29,119.903,GF,
97,LMGT3,30,121.1,GF,
97,LMGT3,31,119.986,GF,
97,LMGT3,32,119.474,GF,
97,LMGT3,33,119.789,GF,
97,LMGT3,34,120.431,GF,
97,LMGT3,35,120.4,GF,
97,LMGT3,36,120.28,GF,
97,LMGT3,37,121.392,GF,
97,LMGT3,38,122.218,GF,
97,LMGT3,39,119.69,GF,
97,LMGT3,40,122.066,GF,
97,LMGT3,41,121.797,GF,
97,LMGT3,42,137.994,GF,
97,LMGT3,43,122.013,GF,
97,LMGT3,44,120.32,GF,
97,LMGT3,45,184.339,GF,
97,LMGT3,46,136.58,GF,82.198
97,LMGT3,47,117.816,GF,
97,LMGT3,48,117.057,GF,
97,LMGT3,49,116.699,GF,
97,LMGT3,50,116.837,GF,
97,LMGT3,51,116.726,GF,
97,LMGT3,52,117.563,GF,
97,LMGT3,53,119.432,GF,
97,LMGT3,54,118.56,GF,
97,LMGT3,55,117.985,GF,
97,LMGT3,56,117.61,GF,
97,LMGT3,57,117.229,GF,
97,LMGT3,58,118.237,GF,
97,LMGT3,59,117.903,GF,
97,LMGT3,60,118.721,GF,
97,LMGT3,61,118.871,GF,
97,LMGT3,62,117.872,GF,
97,LMGT3,63,117.851,GF,
97,LMGT3,64,117.265,GF,
97,LMGT3,65,118.245,GF,
97,LMGT3,66,117.772,GF,
97,LMGT3,67,117.721,GF,
97,LMGT3,68,117.813,GF,
97,LMGT3,69,118.711,GF,
97,LMGT3,70,212.239,GF,
97,LMGT3,71,265.671,GF,87.206
97,LMGT3,72,214.714,SF,
97,LMGT3,73,230.679,SF,
97,LMGT3,74,226.213,SF,
97,LMGT3,75,219.894,SF,
97,LMGT3,76,163.694,GF,
97,LMGT3,77,118.001,GF,
97,LMGT3,78,117.855,GF,
97,LMGT3,79,117.471,GF,
97,LMGT3,80,117.309,GF,
97,LMGT3,81,117.71,GF,
97,LMGT3,82,118.362,GF,
97,LMGT3,83,117.808,GF,
97,LMGT3,84,117.457,FCY,
97,LMGT3,85,167.118,GF,
97,LMGT3,86,117.638,GF,
97,LMGT3,87,119.24,GF,
97,LMGT3,88,119.209,GF,
97,LMGT3,89,118.574,GF,
97,LMGT3,90,118.521,GF,
97,LMGT3,91,119.589,GF,
97,LMGT3,92,144.91,FCY,
97,LMGT3,93,162.881,GF,
97,LMGT3,94,117.361,GF,
97,LMGT3,95,118.395,GF,
97,LMGT3,96,117.655,GF,
97,LMGT3,97,117.997,GF,
97,LMGT3,98,118.238,GF,
97,LMGT3,99,157.057,GF,
97,LMGT3,100,133.693,GF,58.926
97,LMGT3,101,118.144,GF,
97,LMGT3,102,120.305,GF,
97,LMGT3,103,136.568,FCY,
97,LMGT3,104,157.647,GF,
97,LMGT3,105,119.284,GF,
97,LMGT3,106,118.827,GF,
97,LMGT3,107,117.919,GF,
97,LMGT3,108,117.816,GF,
97,LMGT3,109,118.033,GF,
97,LMGT3,110,117.76,GF,
97,LMGT3,111,120.043,GF,
97,LMGT3,112,119.206,FF,
